START EXPERIMENT 18

n	p	q	x	px	qx	true_d	true_e	prediction_count	true_pair_predicted	predicted_pairs
731	17	43	-98	3	211	14	-168	4	False	[(-8, -318, -5, -107), (-4, -746, -1, -535), (-2, 324, 1, 535), (2, -104, 5, 107)]
731	17	43	-97	2	317	15	-274	4	False	[(-5, -496, -3, -179), (-3, -854, -1, -537), (-1, 220, 1, 537), (1, -138, 3, 179)]
731	17	43	-96	5	127	12	-84	7	False	[(-16, -176, -11, -49), (-12, -204, -7, -77), (-6, -666, -1, -539), (-4, 412, 1, 539), (2, -50, 7, 77), (6, -78, 11, 49), (44, -116, 49, 11)]
731	17	43	-82	11	59	6	-16	12	False	[(-38, -80, -27, -21), (-32, -86, -21, -27), (-20, -122, -9, -63), (-18, -140, -7, -81), (-14, -248, -3, -189), (-12, -626, -1, -567), (-10, 508, 1, 567), (-8, 130, 3, 189), (-4, 22, 7, 81), (-2, 4, 9, 63), (10, -32, 21, 27), (16, -38, 27, 21)]
731	17	43	-76	5	131	12	-88	4	False	[(-8, -324, -3, -193), (-6, -710, -1, -579), (-4, 448, 1, 579), (-2, 62, 3, 193)]
731	17	43	-69	2	331	15	-288	2	False	[(-3, -924, -1, -593), (-1, 262, 1, 593)]
731	17	43	-64	23	29	-6	14	7	False	[(-32, -96, -9, -67), (-26, -230, -3, -201), (-24, -632, -1, -603), (-22, 574, 1, 603), (-20, 172, 3, 201), (-14, 38, 9, 67), (44, -20, 67, 9)]
731	17	43	-62	3	223	14	-180	2	False	[(-4, -830, -1, -607), (-2, 384, 1, 607)]
731	17	43	-60	11	61	6	-18	5	False	[(-24, -108, -13, -47), (-12, -672, -1, -611), (-10, 550, 1, 611), (2, -14, 13, 47), (36, -48, 47, 13)]
731	17	43	-57	2	337	15	-294	2	False	[(-3, -954, -1, -617), (-1, 280, 1, 617)]
731	17	43	-52	7	97	10	-54	11	False	[(-40, -116, -33, -19), (-26, -130, -19, -33), (-18, -154, -11, -57), (-10, -306, -3, -209), (-8, -724, -1, -627), (-6, 530, 1, 627), (-4, 112, 3, 209), (4, -40, 11, 57), (12, -64, 19, 33), (26, -78, 33, 19), (50, -86, 57, 11)]
731	17	43	-50	3	227	14	-184	2	False	[(-4, -858, -1, -631), (-2, 404, 1, 631)]
731	17	43	-46	5	137	12	-94	6	False	[(-14, -208, -9, -71), (-8, -350, -3, -213), (-6, -776, -1, -639), (-4, 502, 1, 639), (-2, 76, 3, 213), (4, -66, 9, 71)]
731	17	43	-44	3	229	14	-186	2	False	[(-4, -872, -1, -643), (-2, 414, 1, 643)]
731	17	43	-42	13	53	4	-10	2	False	[(-14, -700, -1, -647), (-12, 594, 1, 647)]
731	17	43	-37	2	347	15	-304	6	False	[(-11, -420, -9, -73), (-5, -566, -3, -219), (-3, -1004, -1, -657), (-1, 310, 1, 657), (1, -128, 3, 219), (7, -274, 9, 73)]
731	17	43	-36	5	139	12	-96	2	False	[(-6, -798, -1, -659), (-4, 520, 1, 659)]
731	17	43	-34	17	41	0	2	10	False	[(-34, -80, -17, -39), (-30, -92, -13, -51), (-20, -262, -3, -221), (-18, -704, -1, -663), (-16, 622, 1, 663), (-14, 180, 3, 221), (-4, 10, 13, 51), (0, -2, 17, 39), (22, -24, 39, 17), (34, -28, 51, 13)]
731	17	43	-33	2	349	15	-306	10	False	[(-37, -368, -35, -19), (-21, -384, -19, -35), (-9, -444, -7, -95), (-7, -482, -5, -133), (-3, -1014, -1, -665), (-1, 316, 1, 665), (3, -216, 5, 133), (5, -254, 7, 95), (17, -314, 19, 35), (33, -330, 35, 19)]
731	17	43	-32	3	233	14	-190	6	False	[(-32, -256, -29, -23), (-26, -262, -23, -29), (-4, -900, -1, -667), (-2, 434, 1, 667), (20, -204, 23, 29), (26, -210, 29, 23)]
731	17	43	-28	19	37	-2	6	15	False	[(-46, -62, -27, -25), (-44, -64, -25, -27), (-34, -82, -15, -45), (-28, -112, -9, -75), (-24, -172, -5, -135), (-22, -262, -3, -225), (-20, -712, -1, -675), (-18, 638, 1, 675), (-16, 188, 3, 225), (-14, 98, 5, 135), (-10, 38, 9, 75), (-4, 8, 15, 45), (6, -10, 25, 27), (8, -12, 27, 25), (26, -22, 45, 15)]
731	17	43	-25	2	353	15	-310	4	False	[(-5, -580, -3, -227), (-3, -1034, -1, -681), (-1, 328, 1, 681), (1, -126, 3, 227)]
731	17	43	-24	7	101	10	-58	2	False	[(-8, -784, -1, -683), (-6, 582, 1, 683)]
731	17	43	-18	23	31	-6	12	4	False	[(-28, -170, -5, -139), (-24, -726, -1, -695), (-22, 664, 1, 695), (-18, 108, 5, 139)]
731	17	43	-14	3	239	14	-196	6	False	[(-40, -258, -37, -19), (-22, -276, -19, -37), (-4, -942, -1, -703), (-2, 464, 1, 703), (16, -202, 19, 37), (34, -220, 37, 19)]
731	17	43	-13	2	359	15	-316	10	False	[(-49, -374, -47, -15), (-17, -406, -15, -47), (-7, -500, -5, -141), (-5, -594, -3, -235), (-3, -1064, -1, -705), (-1, 346, 1, 705), (1, -124, 3, 235), (3, -218, 5, 141), (13, -312, 15, 47), (45, -344, 47, 15)]
731	17	43	-10	7	103	10	-60	6	False	[(-16, -182, -9, -79), (-10, -340, -3, -237), (-8, -814, -1, -711), (-6, 608, 1, 711), (-4, 134, 3, 237), (2, -24, 9, 79)]
731	17	43	-8	3	241	14	-198	8	False	[(-16, -296, -13, -55), (-14, -306, -11, -65), (-8, -384, -5, -143), (-4, -956, -1, -715), (-2, 474, 1, 715), (2, -98, 5, 143), (8, -176, 11, 65), (10, -186, 13, 55)]
731	17	43	3	2	367	15	-324	4	False	[(-13, -434, -11, -67), (-3, -1104, -1, -737), (-1, 370, 1, 737), (9, -300, 11, 67)]
731	17	43	6	11	67	6	-24	2	False	[(-12, -810, -1, -743), (-10, 676, 1, 743)]
731	17	43	14	5	149	12	-106	10	False	[(-38, -172, -33, -23), (-28, -182, -23, -33), (-16, -218, -11, -69), (-8, -402, -3, -253), (-6, -908, -1, -759), (-4, 610, 1, 759), (-2, 104, 3, 253), (6, -80, 11, 69), (18, -116, 23, 33), (28, -126, 33, 23)]
731	17	43	15	2	373	15	-330	2	False	[(-3, -1134, -1, -761), (-1, 388, 1, 761)]
731	17	43	18	7	107	10	-64	4	False	[(-20, -166, -13, -59), (-8, -874, -1, -767), (-6, 660, 1, 767), (6, -48, 13, 59)]
731	17	43	22	3	251	14	-208	8	False	[(-34, -276, -31, -25), (-28, -282, -25, -31), (-8, -406, -5, -155), (-4, -1026, -1, -775), (-2, 524, 1, 775), (2, -96, 5, 155), (22, -220, 25, 31), (28, -226, 31, 25)]
731	17	43	24	5	151	12	-108	6	False	[(-46, -170, -41, -19), (-24, -192, -19, -41), (-6, -930, -1, -779), (-4, 628, 1, 779), (14, -110, 19, 41), (36, -132, 41, 19)]
731	17	43	27	2	379	15	-336	4	False	[(-7, -536, -5, -157), (-3, -1164, -1, -785), (-1, 406, 1, 785), (3, -222, 5, 157)]
731	17	43	32	7	109	10	-66	9	False	[(-22, -162, -15, -53), (-12, -268, -5, -159), (-10, -374, -3, -265), (-8, -904, -1, -795), (-6, 686, 1, 795), (-4, 156, 3, 265), (-2, 50, 5, 159), (8, -56, 15, 53), (46, -94, 53, 15)]
731	17	43	35	2	383	15	-340	6	False	[(-11, -472, -9, -89), (-5, -650, -3, -267), (-3, -1184, -1, -801), (-1, 418, 1, 801), (1, -116, 3, 267), (7, -294, 9, 89)]
731	17	43	36	13	59	4	-16	4	False	[(-24, -132, -11, -73), (-14, -862, -1, -803), (-12, 744, 1, 803), (-2, 14, 11, 73)]
731	17	43	40	3	257	14	-214	2	False	[(-4, -1068, -1, -811), (-2, 554, 1, 811)]
731	17	43	47	2	389	15	-346	14	False	[(-35, -414, -33, -25), (-27, -422, -25, -33), (-17, -444, -15, -55), (-13, -464, -11, -75), (-7, -554, -5, -165), (-5, -664, -3, -275), (-3, -1214, -1, -825), (-1, 436, 1, 825), (1, -114, 3, 275), (3, -224, 5, 165), (9, -314, 11, 75), (13, -334, 15, 55), (23, -356, 25, 33), (31, -364, 33, 25)]
731	17	43	48	19	41	-2	2	2	False	[(-20, -868, -1, -827), (-18, 786, 1, 827)]
731	17	43	50	11	71	6	-28	4	False	[(-14, -348, -3, -277), (-12, -902, -1, -831), (-10, 760, 1, 831), (-8, 206, 3, 277)]
731	17	43	54	5	157	12	-114	2	False	[(-6, -996, -1, -839), (-4, 682, 1, 839)]
731	17	43	58	3	263	14	-220	6	False	[(-14, -340, -11, -77), (-10, -384, -7, -121), (-4, -1110, -1, -847), (-2, 584, 1, 847), (4, -142, 7, 121), (8, -186, 11, 77)]
731	17	43	60	7	113	10	-70	6	False	[(-44, -136, -37, -23), (-30, -150, -23, -37), (-8, -964, -1, -851), (-6, 738, 1, 851), (16, -76, 23, 37), (30, -90, 37, 23)]
731	17	43	62	13	61	4	-18	14	False	[(-32, -106, -19, -45), (-28, -118, -15, -57), (-22, -156, -9, -95), (-18, -232, -5, -171), (-16, -346, -3, -285), (-14, -916, -1, -855), (-12, 794, 1, 855), (-10, 224, 3, 285), (-8, 110, 5, 171), (-4, 34, 9, 95), (2, -4, 15, 57), (6, -16, 19, 45), (32, -42, 45, 19), (44, -46, 57, 15)]
731	17	43	63	2	397	15	-354	2	False	[(-3, -1254, -1, -857), (-1, 460, 1, 857)]
731	17	43	68	17	47	0	-4	7	False	[(-34, -98, -17, -51), (-20, -336, -3, -289), (-18, -914, -1, -867), (-16, 820, 1, 867), (-14, 242, 3, 289), (0, 4, 17, 51), (34, -30, 51, 17)]
731	17	43	71	2	401	15	-358	6	False	[(-11, -498, -9, -97), (-5, -692, -3, -291), (-3, -1274, -1, -873), (-1, 472, 1, 873), (1, -110, 3, 291), (7, -304, 9, 97)]
731	17	43	72	11	73	6	-30	10	False	[(-46, -98, -35, -25), (-36, -108, -25, -35), (-18, -198, -7, -125), (-16, -248, -5, -175), (-12, -948, -1, -875), (-10, 802, 1, 875), (-6, 102, 5, 175), (-4, 52, 7, 125), (14, -38, 25, 35), (24, -48, 35, 25)]
731	17	43	76	3	269	14	-226	2	False	[(-4, -1152, -1, -883), (-2, 614, 1, 883)]
731	17	43	82	3	271	14	-228	4	False	[(-8, -450, -5, -179), (-4, -1166, -1, -895), (-2, 624, 1, 895), (2, -92, 5, 179)]
731	17	43	84	5	163	12	-120	6	False	[(-36, -192, -31, -29), (-34, -194, -29, -31), (-6, -1062, -1, -899), (-4, 736, 1, 899), (24, -132, 29, 31), (26, -134, 31, 29)]
731	17	43	86	19	43	-2	0	9	False	[(-40, -86, -21, -43), (-26, -172, -7, -129), (-22, -344, -3, -301), (-20, -946, -1, -903), (-18, 860, 1, 903), (-16, 258, 3, 301), (-12, 86, 7, 129), (2, 0, 21, 43), (24, -22, 43, 21)]
731	17	43	87	2	409	15	-366	4	False	[(-7, -590, -5, -181), (-3, -1314, -1, -905), (-1, 496, 1, 905), (3, -228, 5, 181)]
731	17	43	100	3	277	14	-234	7	False	[(-22, -326, -19, -49), (-10, -410, -7, -133), (-4, -1208, -1, -931), (-2, 654, 1, 931), (4, -144, 7, 133), (16, -228, 19, 49), (46, -258, 49, 19)]

SUMMARY n=731
  nearby states = 57
  states with predictions = 57
  states containing true displacement = 0
  prediction coverage = 100.0000%
  true displacement coverage = 0.0000%
893	19	47	-100	13	61	6	-14	15	False	[(-46, -82, -33, -21), (-34, -94, -21, -33), (-24, -124, -11, -63), (-22, -138, -9, -77), (-20, -160, -7, -99), (-16, -292, -3, -231), (-14, -754, -1, -693), (-12, 632, 1, 693), (-10, 170, 3, 231), (-6, 38, 7, 99), (-4, 16, 9, 77), (-2, 2, 11, 63), (8, -28, 21, 33), (20, -40, 33, 21), (50, -50, 63, 11)]
893	19	47	-99	2	397	17	-350	4	False	[(-7, -536, -5, -139), (-3, -1092, -1, -695), (-1, 298, 1, 695), (3, -258, 5, 139)]
893	19	47	-94	17	47	2	0	9	False	[(-32, -94, -15, -47), (-22, -188, -5, -141), (-20, -282, -3, -235), (-18, -752, -1, -705), (-16, 658, 1, 705), (-14, 188, 3, 235), (-12, 94, 5, 141), (-2, 0, 15, 47), (30, -32, 47, 15)]
893	19	47	-91	2	401	17	-354	6	False	[(-11, -480, -9, -79), (-5, -638, -3, -237), (-3, -1112, -1, -711), (-1, 310, 1, 711), (1, -164, 3, 237), (7, -322, 9, 79)]
893	19	47	-90	11	73	8	-26	6	False	[(-42, -96, -31, -23), (-34, -104, -23, -31), (-12, -786, -1, -713), (-10, 640, 1, 713), (12, -42, 23, 31), (20, -50, 31, 23)]
893	19	47	-86	3	269	16	-222	4	False	[(-10, -372, -7, -103), (-4, -990, -1, -721), (-2, 452, 1, 721), (4, -166, 7, 103)]
893	19	47	-80	3	271	16	-224	2	False	[(-4, -1004, -1, -733), (-2, 462, 1, 733)]
893	19	47	-78	5	163	14	-116	4	False	[(-16, -230, -11, -67), (-6, -900, -1, -737), (-4, 574, 1, 737), (6, -96, 11, 67)]
893	19	47	-76	19	43	0	4	10	False	[(-38, -82, -19, -39), (-32, -100, -13, -57), (-22, -290, -3, -247), (-20, -784, -1, -741), (-18, 698, 1, 741), (-16, 204, 3, 247), (-6, 14, 13, 57), (0, -4, 19, 39), (20, -24, 39, 19), (38, -30, 57, 13)]
893	19	47	-75	2	409	17	-362	2	False	[(-3, -1152, -1, -743), (-1, 334, 1, 743)]
893	19	47	-62	3	277	16	-230	2	False	[(-4, -1046, -1, -769), (-2, 492, 1, 769)]
893	19	47	-58	5	167	14	-120	10	False	[(-42, -188, -37, -21), (-26, -204, -21, -37), (-12, -278, -7, -111), (-8, -426, -3, -259), (-6, -944, -1, -777), (-4, 610, 1, 777), (-2, 92, 3, 259), (2, -56, 7, 111), (16, -130, 21, 37), (32, -146, 37, 21)]
893	19	47	-55	2	419	17	-372	10	False	[(-31, -446, -29, -27), (-29, -448, -27, -29), (-11, -506, -9, -87), (-5, -680, -3, -261), (-3, -1202, -1, -783), (-1, 364, 1, 783), (1, -158, 3, 261), (7, -332, 9, 87), (25, -390, 27, 29), (27, -392, 29, 27)]
893	19	47	-52	29	29	-10	18	4	False	[(-32, -292, -3, -263), (-30, -818, -1, -789), (-28, 760, 1, 789), (-26, 234, 3, 263)]
893	19	47	-51	2	421	17	-374	4	False	[(-9, -534, -7, -113), (-3, -1212, -1, -791), (-1, 370, 1, 791), (5, -308, 7, 113)]
893	19	47	-50	3	281	16	-234	4	False	[(-16, -342, -13, -61), (-4, -1074, -1, -793), (-2, 512, 1, 793), (10, -220, 13, 61)]
893	19	47	-44	3	283	16	-236	10	False	[(-38, -306, -35, -23), (-26, -318, -23, -35), (-10, -398, -7, -115), (-8, -444, -5, -161), (-4, -1088, -1, -805), (-2, 522, 1, 805), (2, -122, 5, 161), (4, -168, 7, 115), (20, -248, 23, 35), (32, -260, 35, 23)]
893	19	47	-42	23	37	-4	10	2	False	[(-24, -846, -1, -809), (-22, 772, 1, 809)]
893	19	47	-31	2	431	17	-384	4	False	[(-5, -708, -3, -277), (-3, -1262, -1, -831), (-1, 400, 1, 831), (1, -154, 3, 277)]
893	19	47	-28	5	173	14	-126	10	False	[(-36, -200, -31, -27), (-32, -204, -27, -31), (-14, -266, -9, -93), (-8, -452, -3, -279), (-6, -1010, -1, -837), (-4, 664, 1, 837), (-2, 106, 3, 279), (4, -80, 9, 93), (22, -142, 27, 31), (26, -146, 31, 27)]
893	19	47	-27	2	433	17	-386	2	False	[(-3, -1272, -1, -839), (-1, 406, 1, 839)]
893	19	47	-24	11	79	8	-32	6	False	[(-24, -144, -13, -65), (-16, -248, -5, -169), (-12, -924, -1, -845), (-10, 766, 1, 845), (-6, 90, 5, 169), (2, -14, 13, 65)]
893	19	47	-22	13	67	6	-20	4	False	[(-16, -350, -3, -283), (-14, -916, -1, -849), (-12, 782, 1, 849), (-10, 216, 3, 283)]
893	19	47	-15	2	439	17	-392	2	False	[(-3, -1302, -1, -863), (-1, 424, 1, 863)]
893	19	47	-14	3	293	16	-246	4	False	[(-8, -466, -5, -173), (-4, -1158, -1, -865), (-2, 572, 1, 865), (2, -120, 5, 173)]
893	19	47	-7	2	443	17	-396	4	False	[(-5, -736, -3, -293), (-3, -1322, -1, -879), (-1, 436, 1, 879), (1, -150, 3, 293)]
893	19	47	-4	7	127	12	-80	8	False	[(-22, -186, -15, -59), (-12, -304, -5, -177), (-10, -422, -3, -295), (-8, -1012, -1, -885), (-6, 758, 1, 885), (-4, 168, 3, 295), (-2, 50, 5, 177), (8, -68, 15, 59)]
893	19	47	2	5	179	14	-132	10	False	[(-44, -202, -39, -23), (-28, -218, -23, -39), (-18, -248, -13, -69), (-8, -478, -3, -299), (-6, -1076, -1, -897), (-4, 718, 1, 897), (-2, 120, 3, 299), (8, -110, 13, 69), (18, -140, 23, 39), (34, -156, 39, 23)]
893	19	47	5	2	449	17	-402	10	False	[(-45, -470, -43, -21), (-23, -492, -21, -43), (-9, -578, -7, -129), (-5, -750, -3, -301), (-3, -1352, -1, -903), (-1, 454, 1, 903), (1, -148, 3, 301), (5, -320, 7, 129), (19, -406, 21, 43), (41, -428, 43, 21)]
893	19	47	6	29	31	-10	16	4	False	[(-34, -212, -5, -181), (-30, -936, -1, -905), (-28, 874, 1, 905), (-24, 150, 5, 181)]
893	19	47	8	17	53	2	-6	6	False	[(-26, -154, -9, -101), (-20, -356, -3, -303), (-18, -962, -1, -909), (-16, 856, 1, 909), (-14, 250, 3, 303), (-8, 48, 9, 101)]
893	19	47	12	5	181	14	-134	4	False	[(-12, -312, -7, -131), (-6, -1098, -1, -917), (-4, 736, 1, 917), (2, -50, 7, 131)]
893	19	47	20	11	83	8	-36	4	False	[(-14, -394, -3, -311), (-12, -1016, -1, -933), (-10, 850, 1, 933), (-8, 228, 3, 311)]
893	19	47	21	2	457	17	-410	8	False	[(-19, -512, -17, -55), (-13, -542, -11, -85), (-7, -644, -5, -187), (-3, -1392, -1, -935), (-1, 478, 1, 935), (3, -270, 5, 187), (9, -372, 11, 85), (15, -402, 17, 55)]
893	19	47	24	7	131	12	-84	2	False	[(-8, -1072, -1, -941), (-6, 810, 1, 941)]
893	19	47	28	3	307	16	-260	4	False	[(-16, -380, -13, -73), (-4, -1256, -1, -949), (-2, 642, 1, 949), (10, -234, 13, 73)]
893	19	47	29	2	461	17	-414	4	False	[(-5, -778, -3, -317), (-3, -1412, -1, -951), (-1, 490, 1, 951), (1, -144, 3, 317)]
893	19	47	30	13	71	6	-24	2	False	[(-14, -1024, -1, -953), (-12, 882, 1, 953)]
893	19	47	33	2	463	17	-416	4	False	[(-9, -600, -7, -137), (-3, -1422, -1, -959), (-1, 496, 1, 959), (5, -326, 7, 137)]
893	19	47	40	3	311	16	-264	4	False	[(-10, -450, -7, -139), (-4, -1284, -1, -973), (-2, 662, 1, 973), (4, -172, 7, 139)]
893	19	47	41	2	467	17	-420	14	False	[(-41, -492, -39, -25), (-27, -506, -25, -39), (-17, -532, -15, -65), (-15, -542, -13, -75), (-7, -662, -5, -195), (-5, -792, -3, -325), (-3, -1442, -1, -975), (-1, 508, 1, 975), (1, -142, 3, 325), (3, -272, 5, 195), (11, -392, 13, 75), (13, -402, 15, 65), (23, -428, 25, 39), (37, -442, 39, 25)]
893	19	47	46	3	313	16	-266	4	False	[(-8, -510, -5, -197), (-4, -1298, -1, -985), (-2, 672, 1, 985), (2, -116, 5, 197)]
893	19	47	50	23	41	-4	6	4	False	[(-26, -372, -3, -331), (-24, -1034, -1, -993), (-22, 952, 1, 993), (-20, 290, 3, 331)]
893	19	47	56	13	73	6	-26	8	False	[(-28, -140, -15, -67), (-18, -274, -5, -201), (-16, -408, -3, -335), (-14, -1078, -1, -1005), (-12, 932, 1, 1005), (-10, 262, 3, 335), (-8, 128, 5, 201), (2, -6, 15, 67)]
893	19	47	58	3	317	16	-270	2	False	[(-4, -1326, -1, -1009), (-2, 692, 1, 1009)]
893	19	47	62	5	191	14	-144	6	False	[(-14, -304, -9, -113), (-8, -530, -3, -339), (-6, -1208, -1, -1017), (-4, 826, 1, 1017), (-2, 148, 3, 339), (4, -78, 9, 113)]
893	19	47	65	2	479	17	-432	10	False	[(-35, -510, -33, -31), (-33, -512, -31, -33), (-13, -572, -11, -93), (-5, -820, -3, -341), (-3, -1502, -1, -1023), (-1, 544, 1, 1023), (1, -138, 3, 341), (9, -386, 11, 93), (29, -446, 31, 33), (31, -448, 33, 31)]
893	19	47	66	7	137	12	-90	8	False	[(-48, -162, -41, -25), (-32, -178, -25, -41), (-12, -342, -5, -205), (-8, -1162, -1, -1025), (-6, 888, 1, 1025), (-2, 68, 5, 205), (18, -96, 25, 41), (34, -112, 41, 25)]
893	19	47	68	31	31	-12	16	8	False	[(-38, -178, -7, -147), (-34, -374, -3, -343), (-32, -1060, -1, -1029), (-30, 998, 1, 1029), (-28, 312, 3, 343), (-24, 116, 7, 147), (-10, 18, 21, 49), (18, -10, 49, 21)]
893	19	47	72	5	193	14	-146	4	False	[(-22, -254, -17, -61), (-6, -1230, -1, -1037), (-4, 844, 1, 1037), (12, -132, 17, 61)]
893	19	47	80	7	139	12	-92	12	False	[(-46, -166, -39, -27), (-34, -178, -27, -39), (-20, -220, -13, -81), (-16, -256, -9, -117), (-10, -490, -3, -351), (-8, -1192, -1, -1053), (-6, 914, 1, 1053), (-4, 212, 3, 351), (2, -22, 9, 117), (6, -58, 13, 81), (20, -100, 27, 39), (32, -112, 39, 27)]
893	19	47	81	2	487	17	-440	4	False	[(-7, -698, -5, -211), (-3, -1542, -1, -1055), (-1, 568, 1, 1055), (3, -276, 5, 211)]
893	19	47	86	11	89	8	-42	8	False	[(-26, -160, -15, -71), (-16, -302, -5, -213), (-14, -444, -3, -355), (-12, -1154, -1, -1065), (-10, 976, 1, 1065), (-8, 266, 3, 355), (-6, 124, 5, 213), (4, -18, 15, 71)]
893	19	47	89	2	491	17	-444	13	False	[(-23, -542, -21, -51), (-19, -554, -17, -63), (-11, -610, -9, -119), (-9, -644, -7, -153), (-5, -848, -3, -357), (-3, -1562, -1, -1071), (-1, 580, 1, 1071), (1, -134, 3, 357), (5, -338, 7, 153), (7, -372, 9, 119), (15, -428, 17, 63), (19, -440, 21, 51), (49, -470, 51, 21)]
893	19	47	92	5	197	14	-150	4	False	[(-8, -556, -3, -359), (-6, -1274, -1, -1077), (-4, 880, 1, 1077), (-2, 162, 3, 359)]
893	19	47	96	23	43	-4	4	8	False	[(-30, -198, -7, -155), (-28, -260, -5, -217), (-24, -1128, -1, -1085), (-22, 1042, 1, 1085), (-18, 174, 5, 217), (-16, 112, 7, 155), (8, -8, 31, 35), (12, -12, 35, 31)]
893	19	47	100	3	331	16	-284	2	False	[(-4, -1424, -1, -1093), (-2, 762, 1, 1093)]

SUMMARY n=893
  nearby states = 57
  states with predictions = 57
  states containing true displacement = 0
  prediction coverage = 100.0000%
  true displacement coverage = 0.0000%
1219	23	53	-100	3	373	20	-320	2	False	[(-4, -1392, -1, -1019), (-2, 646, 1, 1019)]
1219	23	53	-98	19	59	4	-6	9	False	[(-50, -92, -31, -33), (-30, -152, -11, -93), (-22, -400, -3, -341), (-20, -1082, -1, -1023), (-18, 964, 1, 1023), (-16, 282, 3, 341), (-8, 34, 11, 93), (12, -26, 31, 33), (14, -28, 33, 31)]
1219	23	53	-93	2	563	21	-510	2	False	[(-3, -1596, -1, -1033), (-1, 470, 1, 1033)]
1219	23	53	-86	11	103	12	-50	4	False	[(-14, -452, -3, -349), (-12, -1150, -1, -1047), (-10, 944, 1, 1047), (-8, 246, 3, 349)]
1219	23	53	-84	5	227	18	-174	2	False	[(-6, -1278, -1, -1051), (-4, 824, 1, 1051)]
1219	23	53	-82	3	379	20	-326	4	False	[(-8, -590, -5, -211), (-4, -1434, -1, -1055), (-2, 676, 1, 1055), (2, -168, 5, 211)]
1219	23	53	-81	2	569	21	-516	4	False	[(-9, -720, -7, -151), (-3, -1626, -1, -1057), (-1, 488, 1, 1057), (5, -418, 7, 151)]
1219	23	53	-80	17	67	6	-14	4	False	[(-20, -420, -3, -353), (-18, -1126, -1, -1059), (-16, 992, 1, 1059), (-14, 286, 3, 353)]
1219	23	53	-78	7	163	16	-110	2	False	[(-8, -1226, -1, -1063), (-6, 900, 1, 1063)]
1219	23	53	-77	2	571	21	-518	8	False	[(-17, -642, -15, -71), (-7, -784, -5, -213), (-5, -926, -3, -355), (-3, -1636, -1, -1065), (-1, 494, 1, 1065), (1, -216, 3, 355), (3, -358, 5, 213), (13, -500, 15, 71)]
1219	23	53	-74	5	229	18	-176	13	False	[(-26, -280, -21, -51), (-22, -292, -17, -63), (-14, -348, -9, -119), (-12, -382, -7, -153), (-8, -586, -3, -357), (-6, -1300, -1, -1071), (-4, 842, 1, 1071), (-2, 128, 3, 357), (2, -76, 7, 153), (4, -110, 9, 119), (12, -166, 17, 63), (16, -178, 21, 51), (46, -208, 51, 21)]
1219	23	53	-72	31	37	-8	16	6	False	[(-36, -252, -5, -215), (-32, -1112, -1, -1075), (-30, 1038, 1, 1075), (-26, 178, 5, 215), (-6, 6, 25, 43), (12, -12, 43, 25)]
1219	23	53	-70	3	383	20	-330	4	False	[(-16, -466, -13, -83), (-4, -1462, -1, -1079), (-2, 696, 1, 1079), (10, -300, 13, 83)]
1219	23	53	-65	2	577	21	-524	10	False	[(-35, -610, -33, -33), (-13, -676, -11, -99), (-11, -698, -9, -121), (-5, -940, -3, -363), (-3, -1666, -1, -1089), (-1, 512, 1, 1089), (1, -214, 3, 363), (7, -456, 9, 121), (9, -478, 11, 99), (31, -544, 33, 33)]
1219	23	53	-62	13	89	10	-36	8	False	[(-28, -162, -15, -73), (-18, -308, -5, -219), (-16, -454, -3, -365), (-14, -1184, -1, -1095), (-12, 1006, 1, 1095), (-10, 276, 3, 365), (-8, 130, 5, 219), (2, -16, 15, 73)]
1219	23	53	-60	19	61	4	-8	4	False	[(-26, -218, -7, -157), (-20, -1160, -1, -1099), (-18, 1038, 1, 1099), (-12, 96, 7, 157)]
1219	23	53	-54	5	233	18	-180	4	False	[(-16, -334, -11, -101), (-6, -1344, -1, -1111), (-4, 878, 1, 1111), (6, -132, 11, 101)]
1219	23	53	-52	3	389	20	-336	4	False	[(-8, -612, -5, -223), (-4, -1504, -1, -1115), (-2, 726, 1, 1115), (2, -166, 5, 223)]
1219	23	53	-50	7	167	16	-114	4	False	[(-10, -540, -3, -373), (-8, -1286, -1, -1119), (-6, 952, 1, 1119), (-4, 206, 3, 373)]
1219	23	53	-45	2	587	21	-534	2	False	[(-3, -1716, -1, -1129), (-1, 542, 1, 1129)]
1219	23	53	-42	11	107	12	-54	4	False	[(-16, -334, -5, -227), (-12, -1242, -1, -1135), (-10, 1028, 1, 1135), (-6, 120, 5, 227)]
1219	23	53	-33	2	593	21	-540	2	False	[(-3, -1746, -1, -1153), (-1, 560, 1, 1153)]
1219	23	53	-30	29	41	-6	12	5	False	[(-48, -102, -19, -61), (-30, -1200, -1, -1159), (-28, 1118, 1, 1159), (-10, 20, 19, 61), (32, -22, 61, 19)]
1219	23	53	-28	3	397	20	-344	2	False	[(-4, -1560, -1, -1163), (-2, 766, 1, 1163)]
1219	23	53	-24	5	239	18	-186	2	False	[(-6, -1410, -1, -1171), (-4, 932, 1, 1171)]
1219	23	53	-21	2	599	21	-546	4	False	[(-13, -706, -11, -107), (-3, -1776, -1, -1177), (-1, 578, 1, 1177), (9, -492, 11, 107)]
1219	23	53	-20	11	109	12	-56	6	False	[(-20, -240, -9, -131), (-14, -502, -3, -393), (-12, -1288, -1, -1179), (-10, 1070, 1, 1179), (-8, 284, 3, 393), (-2, 22, 9, 131)]
1219	23	53	-17	2	601	21	-548	8	False	[(-17, -680, -15, -79), (-7, -838, -5, -237), (-5, -996, -3, -395), (-3, -1786, -1, -1185), (-1, 584, 1, 1185), (1, -206, 3, 395), (3, -364, 5, 237), (13, -522, 15, 79)]
1219	23	53	-16	3	401	20	-348	2	False	[(-4, -1588, -1, -1187), (-2, 786, 1, 1187)]
1219	23	53	-14	5	241	18	-188	4	False	[(-8, -638, -3, -397), (-6, -1432, -1, -1191), (-4, 950, 1, 1191), (-2, 156, 3, 397)]
1219	23	53	-12	17	71	6	-18	4	False	[(-22, -310, -5, -239), (-18, -1266, -1, -1195), (-16, 1124, 1, 1195), (-12, 168, 5, 239)]
1219	23	53	-8	7	173	16	-120	4	False	[(-10, -574, -3, -401), (-8, -1376, -1, -1203), (-6, 1030, 1, 1203), (-4, 228, 3, 401)]
1219	23	53	-5	2	607	21	-554	10	False	[(-41, -638, -39, -31), (-33, -646, -31, -39), (-15, -700, -13, -93), (-5, -1010, -3, -403), (-3, -1816, -1, -1209), (-1, 602, 1, 1209), (1, -204, 3, 403), (11, -514, 13, 93), (29, -568, 31, 39), (37, -576, 39, 31)]
1219	23	53	7	2	613	21	-560	6	False	[(-11, -750, -9, -137), (-5, -1024, -3, -411), (-3, -1846, -1, -1233), (-1, 620, 1, 1233), (1, -202, 3, 411), (7, -476, 9, 137)]
1219	23	53	8	3	409	20	-356	8	False	[(-22, -474, -19, -65), (-16, -504, -13, -95), (-8, -656, -5, -247), (-4, -1644, -1, -1235), (-2, 826, 1, 1235), (2, -162, 5, 247), (10, -314, 13, 95), (16, -344, 19, 65)]
1219	23	53	15	2	617	21	-564	2	False	[(-3, -1866, -1, -1249), (-1, 632, 1, 1249)]
1219	23	53	19	2	619	21	-566	4	False	[(-5, -1038, -3, -419), (-3, -1876, -1, -1257), (-1, 638, 1, 1257), (1, -200, 3, 419)]
1219	23	53	22	17	73	6	-20	4	False	[(-20, -494, -3, -421), (-18, -1336, -1, -1263), (-16, 1190, 1, 1263), (-14, 348, 3, 421)]
1219	23	53	24	11	113	12	-60	4	False	[(-18, -294, -7, -181), (-12, -1380, -1, -1267), (-10, 1154, 1, 1267), (-4, 68, 7, 181)]
1219	23	53	28	29	43	-6	10	13	False	[(-46, -118, -17, -75), (-44, -128, -15, -85), (-34, -298, -5, -255), (-32, -468, -3, -425), (-30, -1318, -1, -1275), (-28, 1232, 1, 1275), (-26, 382, 3, 425), (-24, 212, 5, 255), (-14, 42, 15, 85), (-12, 32, 17, 75), (-4, 8, 25, 51), (22, -18, 51, 25), (46, -26, 75, 17)]
1219	23	53	34	7	179	16	-126	14	False	[(-46, -212, -39, -33), (-40, -218, -33, -39), (-20, -278, -13, -99), (-18, -296, -11, -117), (-16, -322, -9, -143), (-10, -608, -3, -429), (-8, -1466, -1, -1287), (-6, 1108, 1, 1287), (-4, 250, 3, 429), (2, -36, 9, 143), (4, -62, 11, 117), (6, -80, 13, 99), (26, -140, 33, 39), (32, -146, 39, 33)]
1219	23	53	36	5	251	18	-198	2	False	[(-6, -1542, -1, -1291), (-4, 1040, 1, 1291)]
1219	23	53	38	3	419	20	-366	10	False	[(-40, -454, -37, -35), (-38, -456, -35, -37), (-10, -604, -7, -185), (-8, -678, -5, -259), (-4, -1714, -1, -1295), (-2, 876, 1, 1295), (2, -160, 5, 259), (4, -234, 7, 185), (32, -382, 35, 37), (34, -384, 37, 35)]
1219	23	53	42	13	97	10	-44	2	False	[(-14, -1400, -1, -1303), (-12, 1206, 1, 1303)]
1219	23	53	43	2	631	21	-578	14	False	[(-47, -660, -45, -29), (-31, -676, -29, -45), (-17, -718, -15, -87), (-11, -776, -9, -145), (-7, -892, -5, -261), (-5, -1066, -3, -435), (-3, -1936, -1, -1305), (-1, 674, 1, 1305), (1, -196, 3, 435), (3, -370, 5, 261), (7, -486, 9, 145), (13, -544, 15, 87), (27, -586, 29, 45), (43, -602, 45, 29)]
1219	23	53	44	3	421	20	-368	2	False	[(-4, -1728, -1, -1307), (-2, 886, 1, 1307)]
1219	23	53	48	7	181	16	-128	4	False	[(-12, -444, -5, -263), (-8, -1496, -1, -1315), (-6, 1134, 1, 1315), (-2, 82, 5, 263)]
1219	23	53	52	31	41	-8	12	12	False	[(-40, -188, -9, -147), (-38, -230, -7, -189), (-34, -482, -3, -441), (-32, -1364, -1, -1323), (-30, 1282, 1, 1323), (-28, 400, 3, 441), (-24, 148, 7, 189), (-22, 106, 9, 147), (-10, 22, 21, 63), (-4, 8, 27, 49), (18, -14, 49, 27), (32, -20, 63, 21)]
1219	23	53	54	19	67	4	-14	2	False	[(-20, -1394, -1, -1327), (-18, 1260, 1, 1327)]
1219	23	53	63	2	641	21	-588	4	False	[(-7, -910, -5, -269), (-3, -1986, -1, -1345), (-1, 704, 1, 1345), (3, -372, 5, 269)]
1219	23	53	66	5	257	18	-204	4	False	[(-12, -450, -7, -193), (-6, -1608, -1, -1351), (-4, 1094, 1, 1351), (2, -64, 7, 193)]
1219	23	53	67	2	643	21	-590	10	False	[(-43, -676, -41, -33), (-35, -684, -33, -41), (-13, -766, -11, -123), (-5, -1094, -3, -451), (-3, -1996, -1, -1353), (-1, 710, 1, 1353), (1, -192, 3, 451), (9, -520, 11, 123), (31, -602, 33, 41), (39, -610, 41, 33)]
1219	23	53	74	3	431	20	-378	2	False	[(-4, -1798, -1, -1367), (-2, 936, 1, 1367)]
1219	23	53	75	2	647	21	-594	4	False	[(-39, -684, -37, -37), (-3, -2016, -1, -1369), (-1, 722, 1, 1369), (35, -610, 37, 37)]
1219	23	53	80	3	433	20	-380	4	False	[(-10, -630, -7, -197), (-4, -1812, -1, -1379), (-2, 946, 1, 1379), (4, -236, 7, 197)]
1219	23	53	87	2	653	21	-600	4	False	[(-9, -852, -7, -199), (-3, -2046, -1, -1393), (-1, 740, 1, 1393), (5, -454, 7, 199)]
1219	23	53	94	13	101	10	-48	8	False	[(-34, -168, -21, -67), (-20, -302, -7, -201), (-16, -570, -3, -469), (-14, -1508, -1, -1407), (-12, 1306, 1, 1407), (-10, 368, 3, 469), (-6, 100, 7, 201), (8, -34, 21, 67)]
1219	23	53	96	5	263	18	-210	4	False	[(-22, -346, -17, -83), (-6, -1674, -1, -1411), (-4, 1148, 1, 1411), (12, -180, 17, 83)]
1219	23	53	98	3	439	20	-386	4	False	[(-8, -722, -5, -283), (-4, -1854, -1, -1415), (-2, 976, 1, 1415), (2, -156, 5, 283)]
1219	23	53	99	2	659	21	-606	4	False	[(-15, -768, -13, -109), (-3, -2076, -1, -1417), (-1, 758, 1, 1417), (11, -550, 13, 109)]

SUMMARY n=1219
  nearby states = 60
  states with predictions = 60
  states containing true displacement = 0
  prediction coverage = 100.0000%
  true displacement coverage = 0.0000%
1711	29	59	-93	2	809	27	-750	6	False	[(-27, -870, -25, -61), (-7, -1114, -5, -305), (-3, -2334, -1, -1525), (-1, 716, 1, 1525), (3, -504, 5, 305), (23, -748, 25, 61)]
1711	29	59	-89	2	811	27	-752	8	False	[(-23, -884, -21, -73), (-9, -1030, -7, -219), (-5, -1322, -3, -511), (-3, -2344, -1, -1533), (-1, 722, 1, 1533), (1, -300, 3, 511), (5, -592, 7, 219), (19, -738, 21, 73)]
1711	29	59	-88	3	541	26	-482	4	False	[(-8, -848, -5, -307), (-4, -2076, -1, -1535), (-2, 994, 1, 1535), (2, -234, 5, 307)]
1711	29	59	-80	7	233	22	-174	9	False	[(-40, -280, -33, -47), (-18, -374, -11, -141), (-10, -750, -3, -517), (-8, -1784, -1, -1551), (-6, 1318, 1, 1551), (-4, 284, 3, 517), (4, -92, 11, 141), (26, -186, 33, 47), (40, -200, 47, 33)]
1711	29	59	-78	23	71	6	-12	4	False	[(-28, -382, -5, -311), (-24, -1626, -1, -1555), (-22, 1484, 1, 1555), (-18, 240, 5, 311)]
1711	29	59	-72	11	149	18	-90	2	False	[(-12, -1716, -1, -1567), (-10, 1418, 1, 1567)]
1711	29	59	-70	3	547	26	-488	2	False	[(-4, -2118, -1, -1571), (-2, 1024, 1, 1571)]
1711	29	59	-69	2	821	27	-762	6	False	[(-15, -942, -13, -121), (-13, -964, -11, -143), (-3, -2394, -1, -1573), (-1, 752, 1, 1573), (9, -678, 11, 143), (11, -700, 13, 121)]
1711	29	59	-68	31	53	-2	6	18	False	[(-46, -158, -15, -105), (-40, -228, -9, -175), (-38, -278, -7, -225), (-36, -368, -5, -315), (-34, -578, -3, -525), (-32, -1628, -1, -1575), (-30, 1522, 1, 1575), (-28, 472, 3, 525), (-26, 262, 5, 315), (-24, 172, 7, 225), (-22, 122, 9, 175), (-16, 52, 15, 105), (-10, 22, 21, 75), (-6, 10, 25, 63), (4, -8, 35, 45), (14, -18, 45, 35), (32, -28, 63, 25), (44, -32, 75, 21)]
1711	29	59	-65	2	823	27	-764	9	False	[(-33, -874, -31, -51), (-19, -916, -17, -93), (-5, -1350, -3, -527), (-3, -2404, -1, -1581), (-1, 758, 1, 1581), (1, -296, 3, 527), (15, -730, 17, 93), (29, -772, 31, 51), (49, -792, 51, 31)]
1711	29	59	-62	17	97	12	-38	6	False	[(-40, -166, -23, -69), (-20, -626, -3, -529), (-18, -1684, -1, -1587), (-16, 1490, 1, 1587), (-14, 432, 3, 529), (6, -28, 23, 69)]
1711	29	59	-60	13	127	16	-68	5	False	[(-50, -170, -37, -43), (-14, -1718, -1, -1591), (-12, 1464, 1, 1591), (24, -84, 37, 43), (30, -90, 43, 37)]
1711	29	59	-57	2	827	27	-768	2	False	[(-3, -2424, -1, -1597), (-1, 770, 1, 1597)]
1711	29	59	-56	5	331	24	-272	10	False	[(-46, -370, -41, -39), (-44, -372, -39, -41), (-18, -454, -13, -123), (-8, -864, -3, -533), (-6, -1930, -1, -1599), (-4, 1268, 1, 1599), (-2, 202, 3, 533), (8, -208, 13, 123), (34, -290, 39, 41), (36, -292, 41, 39)]
1711	29	59	-53	2	829	27	-770	8	False	[(-17, -936, -15, -107), (-7, -1150, -5, -321), (-5, -1364, -3, -535), (-3, -2434, -1, -1605), (-1, 776, 1, 1605), (1, -294, 3, 535), (3, -508, 5, 321), (13, -722, 15, 107)]
1711	29	59	-50	11	151	18	-92	6	False	[(-20, -330, -9, -179), (-14, -688, -3, -537), (-12, -1762, -1, -1611), (-10, 1460, 1, 1611), (-8, 386, 3, 537), (-2, 28, 9, 179)]
1711	29	59	-40	3	557	26	-498	4	False	[(-10, -790, -7, -233), (-4, -2188, -1, -1631), (-2, 1074, 1, 1631), (4, -324, 7, 233)]
1711	29	59	-38	7	239	22	-180	8	False	[(-22, -348, -15, -109), (-12, -566, -5, -327), (-10, -784, -3, -545), (-8, -1874, -1, -1635), (-6, 1396, 1, 1635), (-4, 306, 3, 545), (-2, 88, 5, 327), (8, -130, 15, 109)]
1711	29	59	-33	2	839	27	-780	10	False	[(-49, -874, -47, -35), (-37, -886, -35, -47), (-9, -1074, -7, -235), (-7, -1168, -5, -329), (-3, -2484, -1, -1645), (-1, 806, 1, 1645), (3, -510, 5, 329), (5, -604, 7, 235), (33, -792, 35, 47), (45, -804, 47, 35)]
1711	29	59	-32	23	73	6	-14	9	False	[(-50, -134, -27, -61), (-32, -256, -9, -183), (-26, -622, -3, -549), (-24, -1720, -1, -1647), (-22, 1574, 1, 1647), (-20, 476, 3, 549), (-14, 110, 9, 183), (4, -12, 27, 61), (38, -46, 61, 27)]
1711	29	59	-30	41	41	-12	18	3	False	[(-42, -1692, -1, -1651), (-40, 1610, 1, 1651), (-28, 86, 13, 127)]
1711	29	59	-26	5	337	24	-278	8	False	[(-26, -416, -21, -79), (-12, -574, -7, -237), (-8, -890, -3, -553), (-6, -1996, -1, -1659), (-4, 1322, 1, 1659), (-2, 216, 3, 553), (2, -100, 7, 237), (16, -258, 21, 79)]
1711	29	59	-24	7	241	22	-182	2	False	[(-8, -1904, -1, -1663), (-6, 1422, 1, 1663)]
1711	29	59	-22	3	563	26	-504	2	False	[(-4, -2230, -1, -1667), (-2, 1104, 1, 1667)]
1711	29	59	-20	19	89	10	-30	4	False	[(-22, -646, -3, -557), (-20, -1760, -1, -1671), (-18, 1582, 1, 1671), (-16, 468, 3, 557)]
1711	29	59	-8	13	131	16	-72	8	False	[(-28, -244, -15, -113), (-18, -470, -5, -339), (-16, -696, -3, -565), (-14, -1826, -1, -1695), (-12, 1564, 1, 1695), (-10, 434, 3, 565), (-8, 208, 5, 339), (2, -18, 15, 113)]
1711	29	59	-5	2	853	27	-794	12	False	[(-29, -916, -27, -63), (-23, -934, -21, -81), (-11, -1042, -9, -189), (-9, -1096, -7, -243), (-5, -1420, -3, -567), (-3, -2554, -1, -1701), (-1, 848, 1, 1701), (1, -286, 3, 567), (5, -610, 7, 243), (7, -664, 9, 189), (19, -772, 21, 81), (25, -790, 27, 63)]
1711	29	59	-4	3	569	26	-510	4	False	[(-16, -700, -13, -131), (-4, -2272, -1, -1703), (-2, 1134, 1, 1703), (10, -438, 13, 131)]
1711	29	59	2	3	571	26	-512	9	False	[(-38, -620, -35, -49), (-10, -816, -7, -245), (-8, -914, -5, -343), (-4, -2286, -1, -1715), (-2, 1144, 1, 1715), (2, -228, 5, 343), (4, -326, 7, 245), (32, -522, 35, 49), (46, -536, 49, 35)]
1711	29	59	3	2	857	27	-798	4	False	[(-19, -958, -17, -101), (-3, -2574, -1, -1717), (-1, 860, 1, 1717), (15, -756, 17, 101)]
1711	29	59	6	17	101	12	-42	2	False	[(-18, -1824, -1, -1723), (-16, 1622, 1, 1723)]
1711	29	59	7	2	859	27	-800	12	False	[(-27, -928, -25, -69), (-25, -934, -23, -75), (-17, -974, -15, -115), (-7, -1204, -5, -345), (-5, -1434, -3, -575), (-3, -2584, -1, -1725), (-1, 866, 1, 1725), (1, -284, 3, 575), (3, -514, 5, 345), (13, -744, 15, 115), (21, -784, 23, 75), (23, -790, 25, 69)]
1711	29	59	15	2	863	27	-804	2	False	[(-3, -2604, -1, -1741), (-1, 878, 1, 1741)]
1711	29	59	16	11	157	18	-98	8	False	[(-32, -240, -21, -83), (-18, -406, -7, -249), (-14, -738, -3, -581), (-12, -1900, -1, -1743), (-10, 1586, 1, 1743), (-8, 424, 3, 581), (-4, 92, 7, 249), (10, -74, 21, 83)]
1711	29	59	20	3	577	26	-518	4	False	[(-20, -680, -17, -103), (-4, -2328, -1, -1751), (-2, 1174, 1, 1751), (14, -474, 17, 103)]
1711	29	59	24	5	347	24	-288	2	False	[(-6, -2106, -1, -1759), (-4, 1412, 1, 1759)]
1711	29	59	28	37	47	-8	12	7	False	[(-40, -636, -3, -589), (-38, -1814, -1, -1767), (-36, 1720, 1, 1767), (-34, 542, 3, 589), (-18, 46, 19, 93), (-6, 10, 31, 57), (20, -16, 57, 31)]
1711	29	59	34	5	349	24	-290	4	False	[(-8, -942, -3, -593), (-6, -2128, -1, -1779), (-4, 1430, 1, 1779), (-2, 244, 3, 593)]
1711	29	59	40	17	103	12	-44	6	False	[(-26, -302, -9, -199), (-20, -700, -3, -597), (-18, -1894, -1, -1791), (-16, 1688, 1, 1791), (-14, 494, 3, 597), (-8, 96, 9, 199)]
1711	29	59	43	2	877	27	-818	4	False	[(-5, -1476, -3, -599), (-3, -2674, -1, -1797), (-1, 920, 1, 1797), (1, -278, 3, 599)]
1711	29	59	46	7	251	22	-192	4	False	[(-10, -852, -3, -601), (-8, -2054, -1, -1803), (-6, 1552, 1, 1803), (-4, 350, 3, 601)]
1711	29	59	50	3	587	26	-528	2	False	[(-4, -2398, -1, -1811), (-2, 1224, 1, 1811)]
1711	29	59	51	2	881	27	-822	7	False	[(-39, -930, -37, -49), (-9, -1140, -7, -259), (-3, -2694, -1, -1813), (-1, 932, 1, 1813), (5, -622, 7, 259), (35, -832, 37, 49), (47, -844, 49, 37)]
1711	29	59	52	41	43	-12	16	10	False	[(-46, -406, -5, -363), (-44, -648, -3, -605), (-42, -1858, -1, -1815), (-40, 1772, 1, 1815), (-38, 562, 3, 605), (-36, 320, 5, 363), (-30, 122, 11, 165), (-26, 78, 15, 121), (-8, 12, 33, 55), (14, -10, 55, 33)]
1711	29	59	54	5	353	24	-294	4	False	[(-22, -460, -17, -107), (-6, -2172, -1, -1819), (-4, 1466, 1, 1819), (12, -246, 17, 107)]
1711	29	59	55	2	883	27	-824	4	False	[(-5, -1490, -3, -607), (-3, -2704, -1, -1821), (-1, 938, 1, 1821), (1, -276, 3, 607)]
1711	29	59	58	29	61	0	-2	12	False	[(-50, -148, -21, -87), (-38, -264, -9, -203), (-36, -322, -7, -261), (-32, -670, -3, -609), (-30, -1888, -1, -1827), (-28, 1766, 1, 1827), (-26, 548, 3, 609), (-22, 200, 7, 261), (-20, 142, 9, 203), (-8, 26, 21, 87), (0, 2, 29, 63), (34, -32, 63, 29)]
1711	29	59	63	2	887	27	-828	4	False	[(-13, -1054, -11, -167), (-3, -2724, -1, -1837), (-1, 950, 1, 1837), (9, -720, 11, 167)]
1711	29	59	68	3	593	26	-534	2	False	[(-4, -2440, -1, -1847), (-2, 1254, 1, 1847)]
1711	29	59	70	13	137	16	-78	4	False	[(-16, -754, -3, -617), (-14, -1988, -1, -1851), (-12, 1714, 1, 1851), (-10, 480, 3, 617)]
1711	29	59	82	11	163	18	-104	10	False	[(-36, -238, -25, -75), (-26, -288, -15, -125), (-16, -538, -5, -375), (-14, -788, -3, -625), (-12, -2038, -1, -1875), (-10, 1712, 1, 1875), (-8, 462, 3, 625), (-6, 212, 5, 375), (4, -38, 15, 125), (14, -88, 25, 75)]
1711	29	59	84	5	359	24	-300	2	False	[(-6, -2238, -1, -1879), (-4, 1520, 1, 1879)]
1711	29	59	86	3	599	26	-540	4	False	[(-10, -868, -7, -269), (-4, -2482, -1, -1883), (-2, 1284, 1, 1883), (4, -330, 7, 269)]
1711	29	59	88	7	257	22	-198	9	False	[(-44, -308, -37, -51), (-24, -368, -17, -111), (-10, -886, -3, -629), (-8, -2144, -1, -1887), (-6, 1630, 1, 1887), (-4, 372, 3, 629), (10, -146, 17, 111), (30, -206, 37, 51), (44, -220, 51, 37)]
1711	29	59	92	3	601	26	-542	4	False	[(-8, -980, -5, -379), (-4, -2496, -1, -1895), (-2, 1294, 1, 1895), (2, -222, 5, 379)]
1711	29	59	96	13	139	16	-80	4	False	[(-24, -312, -11, -173), (-14, -2042, -1, -1903), (-12, 1764, 1, 1903), (-2, 34, 11, 173)]

SUMMARY n=1711
  nearby states = 56
  states with predictions = 56
  states containing true displacement = 0
  prediction coverage = 100.0000%
  true displacement coverage = 0.0000%
2077	31	67	-100	3	659	28	-592	2	False	[(-4, -2536, -1, -1877), (-2, 1218, 1, 1877)]
2077	31	67	-96	7	283	24	-216	8	False	[(-36, -348, -29, -65), (-20, -428, -13, -145), (-12, -660, -5, -377), (-8, -2168, -1, -1885), (-6, 1602, 1, 1885), (-2, 94, 5, 377), (6, -138, 13, 145), (22, -218, 29, 65)]
2077	31	67	-95	2	991	29	-924	9	False	[(-39, -1042, -37, -51), (-19, -1102, -17, -111), (-5, -1620, -3, -629), (-3, -2878, -1, -1887), (-1, 896, 1, 1887), (1, -362, 3, 629), (15, -880, 17, 111), (35, -940, 37, 51), (49, -954, 51, 37)]
2077	31	67	-94	3	661	28	-594	2	False	[(-4, -2550, -1, -1889), (-2, 1228, 1, 1889)]
2077	31	67	-92	5	397	26	-330	4	False	[(-8, -1028, -3, -631), (-6, -2290, -1, -1893), (-4, 1496, 1, 1893), (-2, 234, 3, 631)]
2077	31	67	-86	11	181	20	-114	8	False	[(-26, -308, -15, -127), (-16, -562, -5, -381), (-14, -816, -3, -635), (-12, -2086, -1, -1905), (-10, 1724, 1, 1905), (-8, 454, 3, 635), (-6, 200, 5, 381), (4, -54, 15, 127)]
2077	31	67	-83	2	997	29	-930	13	False	[(-41, -1046, -39, -49), (-23, -1088, -21, -91), (-15, -1144, -13, -147), (-9, -1270, -7, -273), (-5, -1634, -3, -637), (-3, -2908, -1, -1911), (-1, 914, 1, 1911), (1, -360, 3, 637), (5, -724, 7, 273), (11, -850, 13, 147), (19, -906, 21, 91), (37, -948, 39, 49), (47, -958, 49, 39)]
2077	31	67	-72	5	401	26	-334	2	False	[(-6, -2334, -1, -1933), (-4, 1532, 1, 1933)]
2077	31	67	-59	2	1009	29	-942	4	False	[(-5, -1662, -3, -653), (-3, -2968, -1, -1959), (-1, 950, 1, 1959), (1, -356, 3, 653)]
2077	31	67	-58	3	673	28	-606	5	False	[(-40, -726, -37, -53), (-4, -2634, -1, -1961), (-2, 1288, 1, 1961), (34, -620, 37, 53), (50, -636, 53, 37)]
2077	31	67	-56	43	47	-12	20	7	False	[(-48, -440, -5, -393), (-46, -702, -3, -655), (-44, -2012, -1, -1965), (-42, 1918, 1, 1965), (-40, 608, 3, 655), (-38, 346, 5, 393), (-28, 84, 15, 131)]
2077	31	67	-51	2	1013	29	-946	6	False	[(-27, -1092, -25, -79), (-7, -1408, -5, -395), (-3, -2988, -1, -1975), (-1, 962, 1, 1975), (3, -618, 5, 395), (23, -934, 25, 79)]
2077	31	67	-46	3	677	28	-610	4	False	[(-8, -1074, -5, -397), (-4, -2662, -1, -1985), (-2, 1308, 1, 1985), (2, -280, 5, 397)]
2077	31	67	-44	19	107	12	-40	12	False	[(-36, -224, -17, -117), (-32, -260, -13, -153), (-28, -328, -9, -221), (-22, -770, -3, -663), (-20, -2096, -1, -1989), (-18, 1882, 1, 1989), (-16, 556, 3, 663), (-10, 114, 9, 221), (-6, 46, 13, 153), (-2, 10, 17, 117), (20, -56, 39, 51), (32, -68, 51, 39)]
2077	31	67	-39	2	1019	29	-952	2	False	[(-3, -3018, -1, -1999), (-1, 980, 1, 1999)]
2077	31	67	-36	13	157	18	-90	4	False	[(-18, -558, -5, -401), (-14, -2162, -1, -2005), (-12, 1848, 1, 2005), (-8, 244, 5, 401)]
2077	31	67	-35	2	1021	29	-954	6	False	[(-11, -1244, -9, -223), (-5, -1690, -3, -669), (-3, -3028, -1, -2007), (-1, 986, 1, 2007), (1, -352, 3, 669), (7, -798, 9, 223)]
2077	31	67	-32	5	409	26	-342	8	False	[(-38, -470, -33, -61), (-16, -592, -11, -183), (-8, -1080, -3, -671), (-6, -2422, -1, -2013), (-4, 1604, 1, 2013), (-2, 262, 3, 671), (6, -226, 11, 183), (28, -348, 33, 61)]
2077	31	67	-30	23	89	8	-22	2	False	[(-24, -2106, -1, -2017), (-22, 1928, 1, 2017)]
2077	31	67	-28	3	683	28	-616	6	False	[(-50, -726, -47, -43), (-46, -730, -43, -47), (-4, -2704, -1, -2021), (-2, 1338, 1, 2021), (40, -636, 43, 47), (44, -640, 47, 43)]
2077	31	67	-26	7	293	24	-226	15	False	[(-34, -368, -27, -75), (-32, -374, -25, -81), (-22, -428, -15, -135), (-16, -518, -9, -225), (-12, -698, -5, -405), (-10, -968, -3, -675), (-8, -2318, -1, -2025), (-6, 1732, 1, 2025), (-4, 382, 3, 675), (-2, 112, 5, 405), (2, -68, 9, 225), (8, -158, 15, 135), (18, -212, 25, 81), (20, -218, 27, 75), (38, -248, 45, 45)]
2077	31	67	-18	29	71	2	-4	4	False	[(-42, -228, -13, -157), (-30, -2112, -1, -2041), (-28, 1970, 1, 2041), (-16, 86, 13, 157)]
2077	31	67	-15	2	1031	29	-964	4	False	[(-25, -1120, -23, -89), (-3, -3078, -1, -2047), (-1, 1016, 1, 2047), (21, -942, 23, 89)]
2077	31	67	-11	2	1033	29	-966	8	False	[(-17, -1170, -15, -137), (-7, -1444, -5, -411), (-5, -1718, -3, -685), (-3, -3088, -1, -2055), (-1, 1022, 1, 2055), (1, -348, 3, 685), (3, -622, 5, 411), (13, -896, 15, 137)]
2077	31	67	-6	19	109	12	-42	8	False	[(-26, -404, -7, -295), (-24, -522, -5, -413), (-20, -2174, -1, -2065), (-18, 1956, 1, 2065), (-14, 304, 5, 413), (-12, 186, 7, 295), (16, -50, 35, 59), (40, -74, 59, 35)]
2077	31	67	-4	3	691	28	-624	2	False	[(-4, -2760, -1, -2069), (-2, 1378, 1, 2069)]
2077	31	67	1	2	1039	29	-972	16	False	[(-35, -1102, -33, -63), (-29, -1116, -27, -77), (-23, -1138, -21, -99), (-13, -1228, -11, -189), (-11, -1270, -9, -231), (-9, -1336, -7, -297), (-5, -1732, -3, -693), (-3, -3118, -1, -2079), (-1, 1040, 1, 2079), (1, -346, 3, 693), (5, -742, 7, 297), (7, -808, 9, 231), (9, -850, 11, 189), (19, -940, 21, 99), (25, -962, 27, 77), (31, -976, 33, 63)]
2077	31	67	18	5	419	26	-352	2	False	[(-6, -2532, -1, -2113), (-4, 1694, 1, 2113)]
2077	31	67	21	2	1049	29	-982	4	False	[(-15, -1212, -13, -163), (-3, -3168, -1, -2119), (-1, 1070, 1, 2119), (11, -886, 13, 163)]
2077	31	67	24	11	191	20	-124	8	False	[(-36, -276, -25, -85), (-28, -316, -17, -125), (-16, -616, -5, -425), (-12, -2316, -1, -2125), (-10, 1934, 1, 2125), (-6, 234, 5, 425), (6, -66, 17, 125), (14, -106, 25, 85)]
2077	31	67	25	2	1051	29	-984	4	False	[(-5, -1760, -3, -709), (-3, -3178, -1, -2127), (-1, 1076, 1, 2127), (1, -342, 3, 709)]
2077	31	67	26	3	701	28	-634	2	False	[(-4, -2830, -1, -2129), (-2, 1428, 1, 2129)]
2077	31	67	28	5	421	26	-354	8	False	[(-32, -500, -27, -79), (-14, -658, -9, -237), (-8, -1132, -3, -711), (-6, -2554, -1, -2133), (-4, 1712, 1, 2133), (-2, 290, 3, 711), (4, -184, 9, 237), (22, -342, 27, 79)]
2077	31	67	40	29	73	2	-6	4	False	[(-32, -792, -3, -719), (-30, -2230, -1, -2157), (-28, 2084, 1, 2157), (-26, 646, 3, 719)]
2077	31	67	42	13	163	18	-96	2	False	[(-14, -2324, -1, -2161), (-12, 1998, 1, 2161)]
2077	31	67	45	2	1061	29	-994	4	False	[(-13, -1258, -11, -197), (-3, -3228, -1, -2167), (-1, 1106, 1, 2167), (9, -864, 11, 197)]
2077	31	67	46	11	193	20	-126	6	False	[(-20, -434, -9, -241), (-14, -916, -3, -723), (-12, -2362, -1, -2169), (-10, 1976, 1, 2169), (-8, 530, 3, 723), (-2, 48, 9, 241)]
2077	31	67	49	2	1063	29	-996	12	False	[(-31, -1138, -29, -75), (-27, -1150, -25, -87), (-17, -1208, -15, -145), (-7, -1498, -5, -435), (-5, -1788, -3, -725), (-3, -3238, -1, -2175), (-1, 1112, 1, 2175), (1, -338, 3, 725), (3, -628, 5, 435), (13, -918, 15, 145), (23, -976, 25, 87), (27, -988, 29, 75)]
2077	31	67	50	3	709	28	-642	4	False	[(-10, -1020, -7, -311), (-4, -2886, -1, -2177), (-2, 1468, 1, 2177), (4, -398, 7, 311)]
2077	31	67	61	2	1069	29	-1002	4	False	[(-5, -1802, -3, -733), (-3, -3268, -1, -2199), (-1, 1130, 1, 2199), (1, -336, 3, 733)]
2077	31	67	70	19	113	12	-46	4	False	[(-22, -852, -3, -739), (-20, -2330, -1, -2217), (-18, 2104, 1, 2217), (-16, 626, 3, 739)]
2077	31	67	72	7	307	24	-240	2	False	[(-8, -2528, -1, -2221), (-6, 1914, 1, 2221)]
2077	31	67	78	5	431	26	-364	8	False	[(-34, -508, -29, -77), (-16, -634, -11, -203), (-12, -750, -7, -319), (-6, -2664, -1, -2233), (-4, 1802, 1, 2233), (2, -112, 7, 319), (6, -228, 11, 203), (24, -354, 29, 77)]
2077	31	67	80	3	719	28	-652	2	False	[(-4, -2956, -1, -2237), (-2, 1518, 1, 2237)]
2077	31	67	82	17	127	14	-60	8	False	[(-44, -210, -27, -83), (-26, -376, -9, -249), (-20, -874, -3, -747), (-18, -2368, -1, -2241), (-16, 2114, 1, 2241), (-14, 620, 3, 747), (-8, 122, 9, 249), (10, -44, 27, 83)]
2077	31	67	88	5	433	26	-366	4	False	[(-8, -1184, -3, -751), (-6, -2686, -1, -2253), (-4, 1820, 1, 2253), (-2, 318, 3, 751)]
2077	31	67	90	11	197	20	-130	5	False	[(-48, -258, -37, -61), (-12, -2454, -1, -2257), (-10, 2060, 1, 2257), (26, -136, 37, 61), (50, -160, 61, 37)]
2077	31	67	94	13	167	18	-100	8	False	[(-28, -318, -15, -151), (-18, -620, -5, -453), (-16, -922, -3, -755), (-14, -2432, -1, -2265), (-12, 2098, 1, 2265), (-10, 588, 3, 755), (-8, 286, 5, 453), (2, -16, 15, 151)]
2077	31	67	96	41	53	-10	14	2	False	[(-42, -2322, -1, -2269), (-40, 2216, 1, 2269)]
2077	31	67	97	2	1087	29	-1020	4	False	[(-5, -1844, -3, -757), (-3, -3358, -1, -2271), (-1, 1184, 1, 2271), (1, -330, 3, 757)]
2077	31	67	100	7	311	24	-244	12	False	[(-40, -380, -33, -69), (-30, -410, -23, -99), (-18, -518, -11, -207), (-16, -564, -9, -253), (-10, -1070, -3, -759), (-8, -2588, -1, -2277), (-6, 1966, 1, 2277), (-4, 448, 3, 759), (2, -58, 9, 253), (4, -104, 11, 207), (16, -212, 23, 99), (26, -242, 33, 69)]

SUMMARY n=2077
  nearby states = 51
  states with predictions = 51
  states containing true displacement = 0
  prediction coverage = 100.0000%
  true displacement coverage = 0.0000%
2627	37	71	-94	17	149	20	-78	6	False	[(-26, -420, -9, -271), (-20, -962, -3, -813), (-18, -2588, -1, -2439), (-16, 2290, 1, 2439), (-14, 664, 3, 813), (-8, 122, 9, 271)]
2627	37	71	-90	43	59	-6	12	2	False	[(-44, -2506, -1, -2447), (-42, 2388, 1, 2447)]
2627	37	71	-82	5	509	32	-438	4	False	[(-8, -1330, -3, -821), (-6, -2972, -1, -2463), (-4, 1954, 1, 2463), (-2, 312, 3, 821)]
2627	37	71	-73	2	1277	35	-1206	4	False	[(-5, -2104, -3, -827), (-3, -3758, -1, -2481), (-1, 1204, 1, 2481), (1, -450, 3, 827)]
2627	37	71	-69	2	1279	35	-1208	4	False	[(-21, -1410, -19, -131), (-3, -3768, -1, -2489), (-1, 1210, 1, 2489), (17, -1148, 19, 131)]
2627	37	71	-68	3	853	34	-782	5	False	[(-50, -906, -47, -53), (-4, -3344, -1, -2491), (-2, 1638, 1, 2491), (44, -800, 47, 53), (50, -806, 53, 47)]
2627	37	71	-66	13	197	24	-126	4	False	[(-18, -696, -5, -499), (-14, -2692, -1, -2495), (-12, 2298, 1, 2495), (-8, 302, 5, 499)]
2627	37	71	-64	11	233	26	-162	12	False	[(-32, -352, -21, -119), (-28, -380, -17, -147), (-18, -590, -7, -357), (-14, -1066, -3, -833), (-12, -2732, -1, -2499), (-10, 2266, 1, 2499), (-8, 600, 3, 833), (-4, 124, 7, 357), (6, -86, 17, 147), (10, -114, 21, 119), (38, -182, 49, 51), (40, -184, 51, 49)]
2627	37	71	-61	2	1283	35	-1212	8	False	[(-17, -1450, -15, -167), (-7, -1784, -5, -501), (-5, -2118, -3, -835), (-3, -3788, -1, -2505), (-1, 1222, 1, 2505), (1, -448, 3, 835), (3, -782, 5, 501), (13, -1116, 15, 167)]
2627	37	71	-60	17	151	20	-80	4	False	[(-40, -260, -23, -109), (-18, -2658, -1, -2507), (-16, 2356, 1, 2507), (6, -42, 23, 109)]
2627	37	71	-58	7	367	30	-296	10	False	[(-38, -448, -31, -81), (-34, -460, -27, -93), (-16, -646, -9, -279), (-10, -1204, -3, -837), (-8, -2878, -1, -2511), (-6, 2144, 1, 2511), (-4, 470, 3, 837), (2, -88, 9, 279), (20, -274, 27, 93), (24, -286, 31, 81)]
2627	37	71	-56	3	857	34	-786	4	False	[(-8, -1360, -5, -503), (-4, -3372, -1, -2515), (-2, 1658, 1, 2515), (2, -354, 5, 503)]
2627	37	71	-54	31	83	6	-12	4	False	[(-42, -312, -11, -229), (-32, -2602, -1, -2519), (-30, 2436, 1, 2519), (-20, 146, 11, 229)]
2627	37	71	-50	3	859	34	-788	6	False	[(-22, -992, -19, -133), (-10, -1220, -7, -361), (-4, -3386, -1, -2527), (-2, 1668, 1, 2527), (4, -498, 7, 361), (16, -726, 19, 133)]
2627	37	71	-49	2	1289	35	-1218	6	False	[(-11, -1570, -9, -281), (-5, -2132, -3, -843), (-3, -3818, -1, -2529), (-1, 1240, 1, 2529), (1, -446, 3, 843), (7, -1008, 9, 281)]
2627	37	71	-46	29	89	8	-18	12	False	[(-44, -258, -15, -169), (-42, -284, -13, -195), (-34, -596, -5, -507), (-32, -934, -3, -845), (-30, -2624, -1, -2535), (-28, 2446, 1, 2535), (-26, 756, 3, 845), (-24, 418, 5, 507), (-16, 106, 13, 195), (-14, 80, 15, 169), (10, -24, 39, 65), (36, -50, 65, 39)]
2627	37	71	-45	2	1291	35	-1220	4	False	[(-45, -1350, -43, -59), (-3, -3828, -1, -2537), (-1, 1246, 1, 2537), (41, -1232, 43, 59)]
2627	37	71	-40	13	199	24	-128	6	False	[(-22, -482, -9, -283), (-16, -1048, -3, -849), (-14, -2746, -1, -2547), (-12, 2348, 1, 2547), (-10, 650, 3, 849), (-4, 84, 9, 283)]
2627	37	71	-38	3	863	34	-792	2	False	[(-4, -3414, -1, -2551), (-2, 1688, 1, 2551)]
2627	37	71	-33	2	1297	35	-1226	4	False	[(-15, -1494, -13, -197), (-3, -3858, -1, -2561), (-1, 1264, 1, 2561), (11, -1100, 13, 197)]
2627	37	71	-28	23	113	14	-42	4	False	[(-26, -970, -3, -857), (-24, -2684, -1, -2571), (-22, 2458, 1, 2571), (-20, 744, 3, 857)]
2627	37	71	-25	2	1301	35	-1230	4	False	[(-5, -2160, -3, -859), (-3, -3878, -1, -2577), (-1, 1276, 1, 2577), (1, -442, 3, 859)]
2627	37	71	-24	19	137	18	-66	2	False	[(-20, -2716, -1, -2579), (-18, 2442, 1, 2579)]
2627	37	71	-22	5	521	32	-450	12	False	[(-46, -584, -41, -63), (-26, -644, -21, -123), (-14, -808, -9, -287), (-12, -890, -7, -369), (-8, -1382, -3, -861), (-6, -3104, -1, -2583), (-4, 2062, 1, 2583), (-2, 340, 3, 861), (2, -152, 7, 369), (4, -234, 9, 287), (16, -398, 21, 123), (36, -458, 41, 63)]
2627	37	71	-21	2	1303	35	-1232	8	False	[(-49, -1358, -47, -55), (-13, -1538, -11, -235), (-7, -1820, -5, -517), (-3, -3888, -1, -2585), (-1, 1282, 1, 2585), (3, -786, 5, 517), (9, -1068, 11, 235), (45, -1248, 47, 55)]
2627	37	71	-16	7	373	30	-302	8	False	[(-22, -546, -15, -173), (-12, -892, -5, -519), (-10, -1238, -3, -865), (-8, -2968, -1, -2595), (-6, 2222, 1, 2595), (-4, 492, 3, 865), (-2, 146, 5, 519), (8, -200, 15, 173)]
2627	37	71	-13	2	1307	35	-1236	9	False	[(-19, -1460, -17, -153), (-11, -1596, -9, -289), (-5, -2174, -3, -867), (-3, -3908, -1, -2601), (-1, 1294, 1, 2601), (1, -440, 3, 867), (7, -1018, 9, 289), (15, -1154, 17, 153), (49, -1256, 51, 51)]
2627	37	71	-12	5	523	32	-452	4	False	[(-24, -660, -19, -137), (-6, -3126, -1, -2603), (-4, 2080, 1, 2603), (14, -386, 19, 137)]
2627	37	71	-4	43	61	-6	10	6	False	[(-46, -934, -3, -873), (-44, -2680, -1, -2619), (-42, 2558, 1, 2619), (-40, 812, 3, 873), (-34, 230, 9, 291), (-16, 36, 27, 97)]
2627	37	71	2	11	239	26	-168	4	False	[(-14, -1116, -3, -877), (-12, -2870, -1, -2631), (-10, 2392, 1, 2631), (-8, 638, 3, 877)]
2627	37	71	4	3	877	34	-806	8	False	[(-34, -962, -31, -85), (-20, -1032, -17, -155), (-8, -1404, -5, -527), (-4, -3512, -1, -2635), (-2, 1758, 1, 2635), (2, -350, 5, 527), (14, -722, 17, 155), (28, -792, 31, 85)]
2627	37	71	11	2	1319	35	-1248	4	False	[(-5, -2202, -3, -883), (-3, -3968, -1, -2649), (-1, 1330, 1, 2649), (1, -436, 3, 883)]
2627	37	71	14	19	139	18	-68	12	False	[(-34, -316, -15, -177), (-28, -434, -9, -295), (-24, -670, -5, -531), (-22, -1024, -3, -885), (-20, -2794, -1, -2655), (-18, 2516, 1, 2655), (-16, 746, 3, 885), (-14, 392, 5, 531), (-10, 156, 9, 295), (-4, 38, 15, 177), (26, -80, 45, 59), (40, -94, 59, 45)]
2627	37	71	15	2	1321	35	-1250	2	False	[(-3, -3978, -1, -2657), (-1, 1336, 1, 2657)]
2627	37	71	16	3	881	34	-810	2	False	[(-4, -3540, -1, -2659), (-2, 1778, 1, 2659)]
2627	37	71	22	3	883	34	-812	2	False	[(-4, -3554, -1, -2671), (-2, 1788, 1, 2671)]
2627	37	71	24	11	241	26	-170	6	False	[(-36, -348, -25, -107), (-16, -776, -5, -535), (-12, -2916, -1, -2675), (-10, 2434, 1, 2675), (-6, 294, 5, 535), (14, -134, 25, 107)]
2627	37	71	26	7	379	30	-308	8	False	[(-26, -520, -19, -141), (-10, -1272, -3, -893), (-8, -3058, -1, -2679), (-6, 2300, 1, 2679), (-4, 514, 3, 893), (12, -238, 19, 141), (40, -322, 47, 57), (50, -332, 57, 47)]
2627	37	71	27	2	1327	35	-1256	4	False	[(-9, -1710, -7, -383), (-3, -4008, -1, -2681), (-1, 1354, 1, 2681), (5, -944, 7, 383)]
2627	37	71	34	3	887	34	-816	11	False	[(-38, -964, -35, -77), (-14, -1132, -11, -245), (-10, -1272, -7, -385), (-8, -1426, -5, -539), (-4, -3582, -1, -2695), (-2, 1808, 1, 2695), (2, -348, 5, 539), (4, -502, 7, 385), (8, -642, 11, 245), (32, -810, 35, 77), (46, -832, 49, 55)]
2627	37	71	42	17	157	20	-86	2	False	[(-18, -2868, -1, -2711), (-16, 2554, 1, 2711)]
2627	37	71	54	7	383	30	-312	4	False	[(-12, -930, -5, -547), (-8, -3118, -1, -2735), (-6, 2352, 1, 2735), (-2, 164, 5, 547)]
2627	37	71	74	37	73	0	-2	10	False	[(-42, -628, -5, -555), (-40, -998, -3, -925), (-38, -2848, -1, -2775), (-36, 2702, 1, 2775), (-34, 852, 3, 925), (-32, 482, 5, 555), (-22, 112, 15, 185), (-12, 38, 25, 111), (0, 2, 37, 75), (38, -36, 75, 37)]
2627	37	71	78	5	541	32	-470	6	False	[(-28, -662, -23, -121), (-16, -794, -11, -253), (-6, -3324, -1, -2783), (-4, 2242, 1, 2783), (6, -288, 11, 253), (18, -420, 23, 121)]
2627	37	71	94	3	907	34	-836	4	False	[(-8, -1470, -5, -563), (-4, -3722, -1, -2815), (-2, 1908, 1, 2815), (2, -344, 5, 563)]
2627	37	71	95	2	1361	35	-1290	6	False	[(-11, -1674, -9, -313), (-5, -2300, -3, -939), (-3, -4178, -1, -2817), (-1, 1456, 1, 2817), (1, -422, 3, 939), (7, -1048, 9, 313)]
2627	37	71	96	7	389	30	-318	2	False	[(-8, -3208, -1, -2819), (-6, 2430, 1, 2819)]

SUMMARY n=2627
  nearby states = 47
  states with predictions = 47
  states containing true displacement = 0
  prediction coverage = 100.0000%
  true displacement coverage = 0.0000%
2993	41	73	-100	11	263	30	-190	12	False	[(-32, -396, -21, -133), (-30, -410, -19, -147), (-18, -662, -7, -399), (-14, -1194, -3, -931), (-12, -3056, -1, -2793), (-10, 2530, 1, 2793), (-8, 668, 3, 931), (-4, 136, 7, 399), (8, -116, 19, 147), (10, -130, 21, 133), (38, -206, 49, 57), (46, -214, 57, 49)]
2993	41	73	-99	2	1447	39	-1374	8	False	[(-45, -1512, -43, -65), (-15, -1662, -13, -215), (-7, -2006, -5, -559), (-3, -4242, -1, -2795), (-1, 1348, 1, 2795), (3, -888, 5, 559), (11, -1232, 13, 215), (41, -1382, 43, 65)]
2993	41	73	-94	13	223	28	-150	16	False	[(-46, -308, -33, -85), (-30, -388, -17, -165), (-28, -410, -15, -187), (-24, -478, -11, -255), (-18, -784, -5, -561), (-16, -1158, -3, -935), (-14, -3028, -1, -2805), (-12, 2582, 1, 2805), (-10, 712, 3, 935), (-8, 338, 5, 561), (-2, 32, 11, 255), (2, -36, 15, 187), (4, -58, 17, 165), (20, -138, 33, 85), (38, -168, 51, 55), (42, -172, 55, 51)]
2993	41	73	-92	3	967	38	-894	3	False	[(-4, -3776, -1, -2809), (-2, 1842, 1, 2809), (50, -914, 53, 53)]
2993	41	73	-91	2	1451	39	-1378	4	False	[(-5, -2388, -3, -937), (-3, -4262, -1, -2811), (-1, 1360, 1, 2811), (1, -514, 3, 937)]
2993	41	73	-87	2	1453	39	-1380	2	False	[(-3, -4272, -1, -2819), (-1, 1366, 1, 2819)]
2993	41	73	-82	41	71	0	2	7	False	[(-44, -1014, -3, -943), (-42, -2900, -1, -2829), (-40, 2758, 1, 2829), (-38, 872, 3, 943), (-18, 52, 23, 123), (0, -2, 41, 69), (28, -30, 69, 41)]
2993	41	73	-80	3	971	38	-898	2	False	[(-4, -3804, -1, -2833), (-2, 1862, 1, 2833)]
2993	41	73	-75	2	1459	39	-1386	2	False	[(-3, -4302, -1, -2843), (-1, 1384, 1, 2843)]
2993	41	73	-72	23	127	18	-54	7	False	[(-34, -386, -11, -259), (-30, -534, -7, -407), (-24, -2976, -1, -2849), (-22, 2722, 1, 2849), (-16, 280, 7, 407), (-12, 132, 11, 259), (14, -50, 37, 77)]
2993	41	73	-70	37	79	4	-6	6	False	[(-46, -396, -9, -317), (-40, -1030, -3, -951), (-38, -2932, -1, -2853), (-36, 2774, 1, 2853), (-34, 872, 3, 951), (-28, 238, 9, 317)]
2993	41	73	-64	29	101	12	-28	8	False	[(-44, -292, -15, -191), (-34, -674, -5, -573), (-32, -1056, -3, -955), (-30, -2966, -1, -2865), (-28, 2764, 1, 2865), (-26, 854, 3, 955), (-24, 472, 5, 573), (-14, 90, 15, 191)]
2993	41	73	-62	3	977	38	-904	4	False	[(-22, -1128, -19, -151), (-4, -3846, -1, -2869), (-2, 1892, 1, 2869), (16, -826, 19, 151)]
2993	41	73	-60	7	419	34	-346	6	False	[(-24, -588, -17, -169), (-20, -640, -13, -221), (-8, -3292, -1, -2873), (-6, 2454, 1, 2873), (6, -198, 13, 221), (10, -250, 17, 169)]
2993	41	73	-58	5	587	36	-514	8	False	[(-26, -724, -21, -137), (-12, -998, -7, -411), (-8, -1546, -3, -959), (-6, -3464, -1, -2877), (-4, 2290, 1, 2877), (-2, 372, 3, 959), (2, -176, 7, 411), (16, -450, 21, 137)]
2993	41	73	-52	17	173	24	-100	8	False	[(-44, -280, -27, -107), (-26, -494, -9, -321), (-20, -1136, -3, -963), (-18, -3062, -1, -2889), (-16, 2716, 1, 2889), (-14, 790, 3, 963), (-8, 148, 9, 321), (10, -66, 27, 107)]
2993	41	73	-51	2	1471	39	-1398	5	False	[(-9, -1884, -7, -413), (-3, -4362, -1, -2891), (-1, 1420, 1, 2891), (5, -1058, 7, 413), (47, -1412, 49, 59)]
2993	41	73	-46	7	421	34	-348	4	False	[(-10, -1388, -3, -967), (-8, -3322, -1, -2901), (-6, 2480, 1, 2901), (-4, 546, 3, 967)]
2993	41	73	-44	3	983	38	-910	8	False	[(-38, -1066, -35, -83), (-10, -1398, -7, -415), (-8, -1564, -5, -581), (-4, -3888, -1, -2905), (-2, 1922, 1, 2905), (2, -402, 5, 581), (4, -568, 7, 415), (32, -900, 35, 83)]
2993	41	73	-42	13	227	28	-154	2	False	[(-14, -3136, -1, -2909), (-12, 2682, 1, 2909)]
2993	41	73	-34	11	269	30	-196	17	False	[(-50, -344, -39, -75), (-36, -386, -25, -117), (-26, -464, -15, -195), (-24, -494, -13, -225), (-20, -594, -9, -325), (-16, -854, -5, -585), (-14, -1244, -3, -975), (-12, -3194, -1, -2925), (-10, 2656, 1, 2925), (-8, 706, 3, 975), (-6, 316, 5, 585), (-2, 56, 9, 325), (2, -44, 13, 225), (4, -74, 15, 195), (14, -152, 25, 117), (28, -194, 39, 75), (34, -204, 45, 65)]
2993	41	73	-31	2	1481	39	-1408	4	False	[(-5, -2458, -3, -977), (-3, -4412, -1, -2931), (-1, 1450, 1, 2931), (1, -504, 3, 977)]
2993	41	73	-28	5	593	36	-520	8	False	[(-38, -682, -33, -89), (-16, -860, -11, -267), (-8, -1572, -3, -979), (-6, -3530, -1, -2937), (-4, 2344, 1, 2937), (-2, 386, 3, 979), (6, -326, 11, 267), (28, -504, 33, 89)]
2993	41	73	-27	2	1483	39	-1410	2	False	[(-3, -4422, -1, -2939), (-1, 1456, 1, 2939)]
2993	41	73	-20	3	991	38	-918	2	False	[(-4, -3944, -1, -2953), (-2, 1962, 1, 2953)]
2993	41	73	-19	2	1487	39	-1414	8	False	[(-17, -1684, -15, -197), (-7, -2078, -5, -591), (-5, -2472, -3, -985), (-3, -4442, -1, -2955), (-1, 1468, 1, 2955), (1, -502, 3, 985), (3, -896, 5, 591), (13, -1290, 15, 197)]
2993	41	73	-16	13	229	28	-156	12	False	[(-34, -370, -21, -141), (-22, -558, -9, -329), (-20, -652, -7, -423), (-16, -1216, -3, -987), (-14, -3190, -1, -2961), (-12, 2732, 1, 2961), (-10, 758, 3, 987), (-6, 194, 7, 423), (-4, 100, 9, 329), (8, -88, 21, 141), (34, -166, 47, 63), (50, -182, 63, 47)]
2993	41	73	-15	2	1489	39	-1416	2	False	[(-3, -4452, -1, -2963), (-1, 1474, 1, 2963)]
2993	41	73	-12	11	271	30	-198	2	False	[(-12, -3240, -1, -2969), (-10, 2698, 1, 2969)]
2993	41	73	-10	19	157	22	-84	4	False	[(-22, -1148, -3, -991), (-20, -3130, -1, -2973), (-18, 2816, 1, 2973), (-16, 834, 3, 991)]
2993	41	73	-7	2	1493	39	-1420	6	False	[(-11, -1824, -9, -331), (-5, -2486, -3, -993), (-3, -4472, -1, -2979), (-1, 1486, 1, 2979), (1, -500, 3, 993), (7, -1162, 9, 331)]
2993	41	73	-6	29	103	12	-30	4	False	[(-40, -374, -11, -271), (-30, -3084, -1, -2981), (-28, 2878, 1, 2981), (-18, 168, 11, 271)]
2993	41	73	-2	3	997	38	-924	5	False	[(-10, -1424, -7, -427), (-4, -3986, -1, -2989), (-2, 1992, 1, 2989), (4, -570, 7, 427), (46, -936, 49, 61)]
2993	41	73	2	5	599	36	-526	10	False	[(-42, -680, -37, -81), (-32, -710, -27, -111), (-14, -932, -9, -333), (-8, -1598, -3, -999), (-6, -3596, -1, -2997), (-4, 2398, 1, 2997), (-2, 400, 3, 999), (4, -266, 9, 333), (22, -488, 27, 111), (32, -518, 37, 81)]
2993	41	73	5	2	1499	39	-1426	16	False	[(-41, -1576, -39, -77), (-35, -1590, -33, -91), (-23, -1642, -21, -143), (-15, -1730, -13, -231), (-13, -1772, -11, -273), (-9, -1928, -7, -429), (-5, -2500, -3, -1001), (-3, -4502, -1, -3003), (-1, 1504, 1, 3003), (1, -498, 3, 1001), (5, -1070, 7, 429), (9, -1226, 11, 273), (11, -1268, 13, 231), (19, -1356, 21, 143), (31, -1408, 33, 91), (37, -1422, 39, 77)]
2993	41	73	12	5	601	36	-528	4	False	[(-12, -1032, -7, -431), (-6, -3618, -1, -3017), (-4, 2416, 1, 3017), (2, -170, 7, 431)]
2993	41	73	14	31	97	10	-24	8	False	[(-50, -256, -19, -159), (-34, -1104, -3, -1007), (-32, -3118, -1, -3021), (-30, 2924, 1, 3021), (-28, 910, 3, 1007), (-12, 62, 19, 159), (22, -40, 53, 57), (26, -44, 57, 53)]
2993	41	73	20	23	131	18	-58	6	False	[(-32, -468, -9, -337), (-26, -1142, -3, -1011), (-24, -3164, -1, -3033), (-22, 2902, 1, 3033), (-20, 880, 3, 1011), (-14, 206, 9, 337)]
2993	41	73	24	7	431	34	-358	2	False	[(-8, -3472, -1, -3041), (-6, 2610, 1, 3041)]
2993	41	73	29	2	1511	39	-1438	8	False	[(-29, -1624, -27, -113), (-11, -1850, -9, -339), (-5, -2528, -3, -1017), (-3, -4562, -1, -3051), (-1, 1540, 1, 3051), (1, -494, 3, 1017), (7, -1172, 9, 339), (25, -1398, 27, 113)]
2993	41	73	34	3	1009	38	-936	2	False	[(-4, -4070, -1, -3061), (-2, 2052, 1, 3061)]
2993	41	73	36	13	233	28	-160	4	False	[(-18, -846, -5, -613), (-14, -3298, -1, -3065), (-12, 2832, 1, 3065), (-8, 380, 5, 613)]
2993	41	73	38	7	433	34	-360	12	False	[(-40, -526, -33, -93), (-38, -532, -31, -99), (-18, -712, -11, -279), (-16, -774, -9, -341), (-10, -1456, -3, -1023), (-8, -3502, -1, -3069), (-6, 2636, 1, 3069), (-4, 590, 3, 1023), (2, -92, 9, 341), (4, -154, 11, 279), (24, -334, 31, 99), (26, -340, 33, 93)]
2993	41	73	42	5	607	36	-534	4	False	[(-22, -788, -17, -181), (-6, -3684, -1, -3077), (-4, 2470, 1, 3077), (12, -426, 17, 181)]
2993	41	73	46	3	1013	38	-940	4	False	[(-8, -1630, -5, -617), (-4, -4098, -1, -3085), (-2, 2072, 1, 3085), (2, -396, 5, 617)]
2993	41	73	50	17	179	24	-106	4	False	[(-20, -1210, -3, -1031), (-18, -3272, -1, -3093), (-16, 2914, 1, 3093), (-14, 852, 3, 1031)]
2993	41	73	53	2	1523	39	-1450	4	False	[(-5, -2556, -3, -1033), (-3, -4622, -1, -3099), (-1, 1576, 1, 3099), (1, -490, 3, 1033)]
2993	41	73	54	11	277	30	-204	4	False	[(-18, -720, -7, -443), (-12, -3378, -1, -3101), (-10, 2824, 1, 3101), (-4, 166, 7, 443)]
2993	41	73	60	43	71	-2	2	3	False	[(-44, -3184, -1, -3113), (-42, 3042, 1, 3113), (-32, 212, 11, 283)]
2993	41	73	64	3	1019	38	-946	2	False	[(-4, -4140, -1, -3121), (-2, 2102, 1, 3121)]
2993	41	73	69	2	1531	39	-1458	4	False	[(-33, -1632, -31, -101), (-3, -4662, -1, -3131), (-1, 1600, 1, 3131), (29, -1430, 31, 101)]
2993	41	73	70	3	1021	38	-948	4	False	[(-16, -1262, -13, -241), (-4, -4154, -1, -3133), (-2, 2112, 1, 3133), (10, -780, 13, 241)]
2993	41	73	72	5	613	36	-540	2	False	[(-6, -3750, -1, -3137), (-4, 2524, 1, 3137)]
2993	41	73	78	37	83	4	-10	4	False	[(-38, -3232, -1, -3149), (-36, 3066, 1, 3149), (10, -16, 47, 67), (30, -36, 67, 47)]
2993	41	73	80	7	439	34	-366	4	False	[(-10, -1490, -3, -1051), (-8, -3592, -1, -3153), (-6, 2714, 1, 3153), (-4, 612, 3, 1051)]
2993	41	73	84	17	181	24	-108	4	False	[(-46, -290, -29, -109), (-18, -3342, -1, -3161), (-16, 2980, 1, 3161), (12, -72, 29, 109)]
2993	41	73	92	5	617	36	-544	6	False	[(-14, -970, -9, -353), (-8, -1676, -3, -1059), (-6, -3794, -1, -3177), (-4, 2560, 1, 3177), (-2, 442, 3, 1059), (4, -264, 9, 353)]
2993	41	73	93	2	1543	39	-1470	6	False	[(-19, -1730, -17, -187), (-13, -1832, -11, -289), (-3, -4722, -1, -3179), (-1, 1636, 1, 3179), (9, -1254, 11, 289), (15, -1356, 17, 187)]
2993	41	73	98	11	281	30	-208	4	False	[(-14, -1344, -3, -1063), (-12, -3470, -1, -3189), (-10, 2908, 1, 3189), (-8, 782, 3, 1063)]
2993	41	73	100	3	1031	38	-958	4	False	[(-34, -1134, -31, -103), (-4, -4224, -1, -3193), (-2, 2162, 1, 3193), (28, -928, 31, 103)]

SUMMARY n=2993
  nearby states = 60
  states with predictions = 60
  states containing true displacement = 0
  prediction coverage = 100.0000%
  true displacement coverage = 0.0000%
3397	43	79	-92	5	661	38	-582	15	False	[(-32, -780, -27, -119), (-26, -814, -21, -153), (-22, -850, -17, -189), (-14, -1018, -9, -357), (-12, -1120, -7, -459), (-8, -1732, -3, -1071), (-6, -3874, -1, -3213), (-4, 2552, 1, 3213), (-2, 410, 3, 1071), (2, -202, 7, 459), (4, -304, 9, 357), (12, -472, 17, 189), (16, -508, 21, 153), (22, -542, 27, 119), (46, -598, 51, 63)]
3397	43	79	-88	3	1103	40	-1024	2	False	[(-4, -4324, -1, -3221), (-2, 2118, 1, 3221)]
3397	43	79	-83	2	1657	41	-1578	6	False	[(-11, -2016, -9, -359), (-5, -2734, -3, -1077), (-3, -4888, -1, -3231), (-1, 1574, 1, 3231), (1, -580, 3, 1077), (7, -1298, 9, 359)]
3397	43	79	-80	31	107	12	-28	7	False	[(-44, -356, -13, -249), (-34, -1186, -3, -1079), (-32, -3344, -1, -3237), (-30, 3130, 1, 3237), (-28, 972, 3, 1079), (-18, 142, 13, 249), (8, -24, 39, 83)]
3397	43	79	-71	2	1663	41	-1584	16	False	[(-37, -1756, -35, -93), (-33, -1768, -31, -105), (-23, -1818, -21, -155), (-17, -1880, -15, -217), (-9, -2128, -7, -465), (-7, -2314, -5, -651), (-5, -2748, -3, -1085), (-3, -4918, -1, -3255), (-1, 1592, 1, 3255), (1, -578, 3, 1085), (3, -1012, 5, 651), (5, -1198, 7, 465), (13, -1446, 15, 217), (19, -1508, 21, 155), (29, -1558, 31, 105), (33, -1570, 35, 93)]
3397	43	79	-70	3	1109	40	-1030	2	False	[(-4, -4366, -1, -3257), (-2, 2148, 1, 3257)]
3397	43	79	-63	2	1667	41	-1588	2	False	[(-3, -4938, -1, -3271), (-1, 1604, 1, 3271)]
3397	43	79	-60	47	71	-4	8	3	False	[(-48, -3348, -1, -3277), (-46, 3206, 1, 3277), (-18, 42, 29, 113)]
3397	43	79	-59	2	1669	41	-1590	4	False	[(-5, -2762, -3, -1093), (-3, -4948, -1, -3279), (-1, 1610, 1, 3279), (1, -576, 3, 1093)]
3397	43	79	-56	13	257	30	-178	11	False	[(-28, -476, -15, -219), (-22, -622, -9, -365), (-18, -914, -5, -657), (-16, -1352, -3, -1095), (-14, -3542, -1, -3285), (-12, 3028, 1, 3285), (-10, 838, 3, 1095), (-8, 400, 5, 657), (-4, 108, 9, 365), (2, -38, 15, 219), (32, -184, 45, 73)]
3397	43	79	-48	17	197	26	-118	2	False	[(-18, -3498, -1, -3301), (-16, 3104, 1, 3301)]
3397	43	79	-46	3	1117	40	-1038	4	False	[(-8, -1778, -5, -661), (-4, -4422, -1, -3305), (-2, 2188, 1, 3305), (2, -456, 5, 661)]
3397	43	79	-44	7	479	36	-400	4	False	[(-10, -1582, -3, -1103), (-8, -3788, -1, -3309), (-6, 2830, 1, 3309), (-4, 624, 3, 1103)]
3397	43	79	-32	5	673	38	-594	8	False	[(-38, -774, -33, -101), (-16, -976, -11, -303), (-8, -1784, -3, -1111), (-6, -4006, -1, -3333), (-4, 2660, 1, 3333), (-2, 438, 3, 1111), (6, -370, 11, 303), (28, -572, 33, 101)]
3397	43	79	-28	3	1123	40	-1044	4	False	[(-16, -1380, -13, -257), (-4, -4464, -1, -3341), (-2, 2218, 1, 3341), (10, -866, 13, 257)]
3397	43	79	-20	11	307	32	-228	6	False	[(-20, -680, -9, -373), (-14, -1426, -3, -1119), (-12, -3664, -1, -3357), (-10, 3050, 1, 3357), (-8, 812, 3, 1119), (-2, 66, 9, 373)]
3397	43	79	-18	31	109	12	-30	2	False	[(-32, -3470, -1, -3361), (-30, 3252, 1, 3361)]
3397	43	79	-14	17	199	26	-120	4	False	[(-20, -1322, -3, -1123), (-18, -3568, -1, -3369), (-16, 3170, 1, 3369), (-14, 924, 3, 1123)]
3397	43	79	-12	5	677	38	-598	2	False	[(-6, -4050, -1, -3373), (-4, 2696, 1, 3373)]
3397	43	79	-11	2	1693	41	-1614	16	False	[(-47, -1768, -45, -75), (-29, -1818, -27, -125), (-27, -1828, -25, -135), (-17, -1918, -15, -225), (-11, -2068, -9, -375), (-7, -2368, -5, -675), (-5, -2818, -3, -1125), (-3, -5068, -1, -3375), (-1, 1682, 1, 3375), (1, -568, 3, 1125), (3, -1018, 5, 675), (7, -1318, 9, 375), (13, -1468, 15, 225), (23, -1558, 25, 135), (25, -1568, 27, 125), (43, -1618, 45, 75)]
3397	43	79	-10	3	1129	40	-1050	4	False	[(-14, -1436, -11, -307), (-4, -4506, -1, -3377), (-2, 2248, 1, 3377), (8, -822, 11, 307)]
3397	43	79	-3	2	1697	41	-1618	2	False	[(-3, -5088, -1, -3391), (-1, 1694, 1, 3391)]
3397	43	79	1	2	1699	41	-1620	8	False	[(-35, -1802, -33, -103), (-13, -2008, -11, -309), (-5, -2832, -3, -1133), (-3, -5098, -1, -3399), (-1, 1700, 1, 3399), (1, -566, 3, 1133), (9, -1390, 11, 309), (31, -1596, 33, 103)]
3397	43	79	4	19	179	24	-100	8	False	[(-34, -406, -15, -227), (-24, -860, -5, -681), (-22, -1314, -3, -1135), (-20, -3584, -1, -3405), (-18, 3226, 1, 3405), (-16, 956, 3, 1135), (-14, 502, 5, 681), (-4, 48, 15, 227)]
3397	43	79	6	41	83	2	-4	4	False	[(-48, -570, -7, -487), (-42, -3492, -1, -3409), (-40, 3326, 1, 3409), (-34, 404, 7, 487)]
3397	43	79	12	7	487	36	-408	4	False	[(-18, -798, -11, -311), (-8, -3908, -1, -3421), (-6, 2934, 1, 3421), (4, -176, 11, 311)]
3397	43	79	18	5	683	38	-604	2	False	[(-6, -4116, -1, -3433), (-4, 2750, 1, 3433)]
3397	43	79	21	2	1709	41	-1630	4	False	[(-21, -1890, -19, -181), (-3, -5148, -1, -3439), (-1, 1730, 1, 3439), (17, -1528, 19, 181)]
3397	43	79	22	13	263	30	-184	8	False	[(-50, -356, -37, -93), (-44, -374, -31, -111), (-16, -1410, -3, -1147), (-14, -3704, -1, -3441), (-12, 3178, 1, 3441), (-10, 884, 3, 1147), (18, -152, 31, 111), (24, -170, 37, 93)]
3397	43	79	24	11	311	32	-232	7	False	[(-24, -576, -13, -265), (-16, -1000, -5, -689), (-12, -3756, -1, -3445), (-10, 3134, 1, 3445), (-6, 378, 5, 689), (2, -46, 13, 265), (42, -246, 53, 65)]
3397	43	79	30	23	149	20	-70	2	False	[(-24, -3606, -1, -3457), (-22, 3308, 1, 3457)]
3397	43	79	34	47	73	-4	6	16	False	[(-50, -1228, -3, -1155), (-48, -3538, -1, -3465), (-46, 3392, 1, 3465), (-44, 1082, 3, 1155), (-42, 620, 5, 693), (-40, 422, 7, 495), (-38, 312, 9, 385), (-36, 242, 11, 315), (-32, 158, 15, 231), (-26, 92, 21, 165), (-14, 32, 33, 105), (-12, 26, 35, 99), (-2, 4, 45, 77), (8, -10, 55, 63), (16, -18, 63, 55), (30, -28, 77, 45)]
3397	43	79	40	7	491	36	-412	7	False	[(-26, -674, -19, -183), (-10, -1650, -3, -1159), (-8, -3968, -1, -3477), (-6, 2986, 1, 3477), (-4, 668, 3, 1159), (12, -308, 19, 183), (50, -430, 57, 61)]
3397	43	79	42	19	181	24	-102	3	False	[(-20, -3662, -1, -3481), (-18, 3300, 1, 3481), (40, -122, 59, 59)]
3397	43	79	45	2	1721	41	-1642	4	False	[(-13, -2038, -11, -317), (-3, -5208, -1, -3487), (-1, 1766, 1, 3487), (9, -1404, 11, 317)]
3397	43	79	46	11	313	32	-234	4	False	[(-14, -1476, -3, -1163), (-12, -3802, -1, -3489), (-10, 3176, 1, 3489), (-8, 850, 3, 1163)]
3397	43	79	49	2	1723	41	-1644	8	False	[(-17, -1956, -15, -233), (-7, -2422, -5, -699), (-5, -2888, -3, -1165), (-3, -5218, -1, -3495), (-1, 1772, 1, 3495), (1, -558, 3, 1165), (3, -1024, 5, 699), (13, -1490, 15, 233)]
3397	43	79	56	3	1151	40	-1072	6	False	[(-32, -1272, -29, -121), (-14, -1470, -11, -319), (-4, -4660, -1, -3509), (-2, 2358, 1, 3509), (8, -832, 11, 319), (26, -1030, 29, 121)]
3397	43	79	58	5	691	38	-612	4	False	[(-8, -1862, -3, -1171), (-6, -4204, -1, -3513), (-4, 2822, 1, 3513), (-2, 480, 3, 1171)]
3397	43	79	62	3	1153	40	-1074	4	False	[(-10, -1656, -7, -503), (-4, -4674, -1, -3521), (-2, 2368, 1, 3521), (4, -650, 7, 503)]
3397	43	79	69	2	1733	41	-1654	8	False	[(-37, -1834, -35, -101), (-9, -2238, -7, -505), (-7, -2440, -5, -707), (-3, -5268, -1, -3535), (-1, 1802, 1, 3535), (3, -1026, 5, 707), (5, -1228, 7, 505), (33, -1632, 35, 101)]
3397	43	79	76	23	151	20	-72	11	False	[(-44, -320, -21, -169), (-36, -424, -13, -273), (-30, -658, -7, -507), (-26, -1334, -3, -1183), (-24, -3700, -1, -3549), (-22, 3398, 1, 3549), (-20, 1032, 3, 1183), (-16, 356, 7, 507), (-10, 122, 13, 273), (-2, 18, 21, 169), (16, -60, 39, 91)]
3397	43	79	84	59	59	-16	20	2	False	[(-36, 96, 23, 155), (-28, 56, 31, 115)]
3397	43	79	85	2	1741	41	-1662	8	False	[(-43, -1828, -41, -87), (-31, -1864, -29, -123), (-5, -2930, -3, -1189), (-3, -5308, -1, -3567), (-1, 1826, 1, 3567), (1, -552, 3, 1189), (27, -1618, 29, 123), (39, -1654, 41, 87)]
3397	43	79	90	11	317	32	-238	5	False	[(-18, -828, -7, -511), (-12, -3894, -1, -3577), (-10, 3260, 1, 3577), (-4, 194, 7, 511), (38, -244, 49, 73)]
3397	43	79	92	3	1163	40	-1084	2	False	[(-4, -4744, -1, -3581), (-2, 2418, 1, 3581)]
3397	43	79	96	7	499	36	-420	4	False	[(-44, -596, -37, -97), (-8, -4088, -1, -3589), (-6, 3090, 1, 3589), (30, -402, 37, 97)]
3397	43	79	97	2	1747	41	-1668	14	False	[(-29, -1880, -27, -133), (-23, -1918, -21, -171), (-21, -1936, -19, -189), (-11, -2146, -9, -399), (-9, -2260, -7, -513), (-5, -2944, -3, -1197), (-3, -5338, -1, -3591), (-1, 1844, 1, 3591), (1, -550, 3, 1197), (5, -1234, 7, 513), (7, -1348, 9, 399), (17, -1558, 19, 189), (19, -1576, 21, 171), (25, -1614, 27, 133)]
3397	43	79	100	13	269	30	-190	8	False	[(-46, -378, -33, -109), (-24, -596, -11, -327), (-16, -1468, -3, -1199), (-14, -3866, -1, -3597), (-12, 3328, 1, 3597), (-10, 930, 3, 1199), (-2, 58, 11, 327), (20, -160, 33, 109)]

SUMMARY n=3397
  nearby states = 49
  states with predictions = 49
  states containing true displacement = 0
  prediction coverage = 100.0000%
  true displacement coverage = 0.0000%
3901	47	83	-99	2	1901	45	-1818	6	False	[(-25, -2062, -23, -161), (-9, -2430, -7, -529), (-3, -5604, -1, -3703), (-1, 1802, 1, 3703), (5, -1372, 7, 529), (21, -1740, 23, 161)]
3901	47	83	-96	5	761	42	-678	2	False	[(-6, -4470, -1, -3709), (-4, 2948, 1, 3709)]
3901	47	83	-92	13	293	34	-210	12	False	[(-34, -470, -21, -177), (-22, -706, -9, -413), (-20, -824, -7, -531), (-16, -1532, -3, -1239), (-14, -4010, -1, -3717), (-12, 3424, 1, 3717), (-10, 946, 3, 1239), (-6, 238, 7, 531), (-4, 120, 9, 413), (8, -116, 21, 177), (46, -230, 59, 63), (50, -234, 63, 59)]
3901	47	83	-90	37	103	10	-20	3	False	[(-38, -3824, -1, -3721), (-36, 3618, 1, 3721), (24, -42, 61, 61)]
3901	47	83	-87	2	1907	45	-1824	2	False	[(-3, -5634, -1, -3727), (-1, 1820, 1, 3727)]
3901	47	83	-84	11	347	36	-264	2	False	[(-12, -4080, -1, -3733), (-10, 3386, 1, 3733)]
3901	47	83	-75	2	1913	45	-1830	6	False	[(-33, -2034, -31, -121), (-13, -2254, -11, -341), (-3, -5664, -1, -3751), (-1, 1838, 1, 3751), (9, -1572, 11, 341), (29, -1792, 31, 121)]
3901	47	83	-74	43	89	4	-6	6	False	[(-46, -1340, -3, -1251), (-44, -3842, -1, -3753), (-42, 3664, 1, 3753), (-40, 1162, 3, 1251), (-34, 328, 9, 417), (-16, 50, 27, 139)]
3901	47	83	-72	7	547	40	-464	6	False	[(-24, -768, -17, -221), (-20, -836, -13, -289), (-8, -4304, -1, -3757), (-6, 3210, 1, 3757), (6, -258, 13, 289), (10, -326, 17, 221)]
3901	47	83	-70	3	1277	44	-1194	2	False	[(-4, -5038, -1, -3761), (-2, 2484, 1, 3761)]
3901	47	83	-64	3	1279	44	-1196	7	False	[(-14, -1622, -11, -343), (-10, -1818, -7, -539), (-4, -5052, -1, -3773), (-2, 2494, 1, 3773), (4, -740, 7, 539), (8, -936, 11, 343), (46, -1202, 49, 77)]
3901	47	83	-62	11	349	36	-266	4	False	[(-14, -1608, -3, -1259), (-12, -4126, -1, -3777), (-10, 3428, 1, 3777), (-8, 910, 3, 1259)]
3901	47	83	-60	23	167	24	-84	4	False	[(-42, -366, -19, -199), (-24, -3948, -1, -3781), (-22, 3614, 1, 3781), (-4, 32, 19, 199)]
3901	47	83	-56	5	769	42	-686	6	False	[(-14, -1190, -9, -421), (-8, -2032, -3, -1263), (-6, -4558, -1, -3789), (-4, 3020, 1, 3789), (-2, 494, 3, 1263), (4, -348, 9, 421)]
3901	47	83	-52	3	1283	44	-1200	2	False	[(-4, -5080, -1, -3797), (-2, 2514, 1, 3797)]
3901	47	83	-42	17	227	30	-144	4	False	[(-28, -574, -11, -347), (-18, -4044, -1, -3817), (-16, 3590, 1, 3817), (-6, 120, 11, 347)]
3901	47	83	-39	2	1931	45	-1848	2	False	[(-3, -5754, -1, -3823), (-1, 1892, 1, 3823)]
3901	47	83	-36	5	773	42	-690	4	False	[(-12, -1320, -7, -547), (-6, -4602, -1, -3829), (-4, 3056, 1, 3829), (2, -226, 7, 547)]
3901	47	83	-35	2	1933	45	-1850	4	False	[(-5, -3210, -3, -1277), (-3, -5764, -1, -3831), (-1, 1898, 1, 3831), (1, -656, 3, 1277)]
3901	47	83	-34	3	1289	44	-1206	2	False	[(-4, -5122, -1, -3833), (-2, 2544, 1, 3833)]
3901	47	83	-32	53	73	-6	10	1	False	[(-50, 1206, 3, 1279)]
3901	47	83	-28	3	1291	44	-1208	4	False	[(-8, -2060, -5, -769), (-4, -5136, -1, -3845), (-2, 2554, 1, 3845), (2, -522, 5, 769)]
3901	47	83	-18	11	353	36	-270	4	False	[(-16, -1126, -5, -773), (-12, -4218, -1, -3865), (-10, 3512, 1, 3865), (-6, 420, 5, 773)]
3901	47	83	-10	3	1297	44	-1214	2	False	[(-4, -5178, -1, -3881), (-2, 2584, 1, 3881)]
3901	47	83	-8	17	229	30	-146	14	False	[(-38, -414, -21, -185), (-32, -488, -15, -259), (-24, -784, -7, -555), (-22, -1006, -5, -777), (-20, -1524, -3, -1295), (-18, -4114, -1, -3885), (-16, 3656, 1, 3885), (-14, 1066, 3, 1295), (-12, 548, 5, 777), (-10, 326, 7, 555), (-2, 30, 15, 259), (4, -44, 21, 185), (18, -118, 35, 111), (20, -124, 37, 105)]
3901	47	83	-3	2	1949	45	-1866	8	False	[(-43, -2044, -41, -95), (-21, -2154, -19, -205), (-7, -2728, -5, -779), (-3, -5844, -1, -3895), (-1, 1946, 1, 3895), (3, -1170, 5, 779), (17, -1744, 19, 205), (39, -1854, 41, 95)]
3901	47	83	-2	7	557	40	-474	6	False	[(-16, -990, -9, -433), (-10, -1856, -3, -1299), (-8, -4454, -1, -3897), (-6, 3340, 1, 3897), (-4, 742, 3, 1299), (2, -124, 9, 433)]
3901	47	83	1	2	1951	45	-1868	4	False	[(-5, -3252, -3, -1301), (-3, -5854, -1, -3903), (-1, 1952, 1, 3903), (1, -650, 3, 1301)]
3901	47	83	2	3	1301	44	-1218	6	False	[(-14, -1656, -11, -355), (-8, -2082, -5, -781), (-4, -5206, -1, -3905), (-2, 2604, 1, 3905), (2, -520, 5, 781), (8, -946, 11, 355)]
3901	47	83	8	3	1303	44	-1220	2	False	[(-4, -5220, -1, -3917), (-2, 2614, 1, 3917)]
3901	47	83	20	3	1307	44	-1224	4	False	[(-10, -1870, -7, -563), (-4, -5248, -1, -3941), (-2, 2634, 1, 3941), (4, -744, 7, 563)]
3901	47	83	34	5	787	42	-704	13	False	[(-32, -934, -27, -147), (-26, -976, -21, -189), (-14, -1228, -9, -441), (-12, -1354, -7, -567), (-8, -2110, -3, -1323), (-6, -4756, -1, -3969), (-4, 3182, 1, 3969), (-2, 536, 3, 1323), (2, -220, 7, 567), (4, -346, 9, 441), (16, -598, 21, 189), (22, -640, 27, 147), (44, -706, 49, 81)]
3901	47	83	36	31	127	16	-44	3	False	[(-32, -4100, -1, -3973), (-30, 3846, 1, 3973), (-2, 10, 29, 137)]
3901	47	83	40	7	563	40	-480	4	False	[(-10, -1890, -3, -1327), (-8, -4544, -1, -3981), (-6, 3418, 1, 3981), (-4, 764, 3, 1327)]
3901	47	83	45	2	1973	45	-1890	4	False	[(-15, -2280, -13, -307), (-3, -5964, -1, -3991), (-1, 2018, 1, 3991), (11, -1666, 13, 307)]
3901	47	83	48	11	359	36	-276	4	False	[(-18, -930, -7, -571), (-12, -4356, -1, -3997), (-10, 3638, 1, 3997), (-4, 212, 7, 571)]
3901	47	83	52	59	67	-12	16	4	False	[(-50, 378, 9, 445), (-44, 200, 15, 267), (-14, 22, 45, 89), (30, -22, 89, 45)]
3901	47	83	56	3	1319	44	-1236	2	False	[(-4, -5332, -1, -4013), (-2, 2694, 1, 4013)]
3901	47	83	57	2	1979	45	-1896	6	False	[(-13, -2344, -11, -365), (-7, -2782, -5, -803), (-3, -5994, -1, -4015), (-1, 2036, 1, 4015), (3, -1176, 5, 803), (9, -1614, 11, 365)]
3901	47	83	58	37	107	10	-24	7	False	[(-50, -416, -13, -309), (-40, -1446, -3, -1339), (-38, -4124, -1, -4017), (-36, 3910, 1, 4017), (-34, 1232, 3, 1339), (-24, 202, 13, 309), (2, -4, 39, 103)]
3901	47	83	60	17	233	30	-150	2	False	[(-18, -4254, -1, -4021), (-16, 3788, 1, 4021)]
3901	47	83	62	3	1321	44	-1238	12	False	[(-38, -1436, -35, -115), (-28, -1482, -25, -161), (-26, -1496, -23, -175), (-10, -1896, -7, -575), (-8, -2126, -5, -805), (-4, -5346, -1, -4025), (-2, 2704, 1, 4025), (2, -516, 5, 805), (4, -746, 7, 575), (20, -1146, 23, 175), (22, -1160, 25, 161), (32, -1206, 35, 115)]
3901	47	83	72	29	137	18	-54	4	False	[(-34, -946, -5, -809), (-30, -4182, -1, -4045), (-28, 3908, 1, 4045), (-24, 672, 5, 809)]
3901	47	83	73	2	1987	45	-1904	6	False	[(-21, -2200, -19, -213), (-5, -3336, -3, -1349), (-3, -6034, -1, -4047), (-1, 2060, 1, 4047), (1, -638, 3, 1349), (17, -1774, 19, 213)]
3901	47	83	76	41	97	6	-14	7	False	[(-48, -676, -7, -579), (-44, -1448, -3, -1351), (-42, -4150, -1, -4053), (-40, 3956, 1, 4053), (-38, 1254, 3, 1351), (-34, 482, 7, 579), (-20, 96, 21, 193)]
3901	47	83	78	23	173	24	-90	2	False	[(-24, -4230, -1, -4057), (-22, 3884, 1, 4057)]
3901	47	83	80	3	1327	44	-1244	4	False	[(-34, -1458, -31, -131), (-4, -5388, -1, -4061), (-2, 2734, 1, 4061), (28, -1196, 31, 131)]
3901	47	83	82	7	569	40	-486	8	False	[(-22, -840, -15, -271), (-12, -1382, -5, -813), (-10, -1924, -3, -1355), (-8, -4634, -1, -4065), (-6, 3496, 1, 4065), (-4, 786, 3, 1355), (-2, 244, 5, 813), (8, -298, 15, 271)]
3901	47	83	84	5	797	42	-714	4	False	[(-18, -1110, -13, -313), (-6, -4866, -1, -4069), (-4, 3272, 1, 4069), (8, -484, 13, 313)]
3901	47	83	85	2	1993	45	-1910	6	False	[(-25, -2170, -23, -177), (-5, -3350, -3, -1357), (-3, -6064, -1, -4071), (-1, 2078, 1, 4071), (1, -636, 3, 1357), (21, -1816, 23, 177)]
3901	47	83	90	13	307	34	-224	7	False	[(-24, -678, -11, -371), (-20, -890, -7, -583), (-14, -4388, -1, -4081), (-12, 3774, 1, 4081), (-6, 276, 7, 583), (-2, 64, 11, 371), (40, -230, 53, 77)]
3901	47	83	93	2	1997	45	-1914	2	False	[(-3, -6084, -1, -4087), (-1, 2090, 1, 4087)]
3901	47	83	96	7	571	40	-488	2	False	[(-8, -4664, -1, -4093), (-6, 3522, 1, 4093)]
3901	47	83	97	2	1999	45	-1916	22	False	[(-47, -2090, -45, -91), (-41, -2104, -39, -105), (-37, -2116, -35, -117), (-23, -2194, -21, -195), (-17, -2272, -15, -273), (-15, -2314, -13, -315), (-11, -2454, -9, -455), (-9, -2584, -7, -585), (-7, -2818, -5, -819), (-5, -3364, -3, -1365), (-3, -6094, -1, -4095), (-1, 2096, 1, 4095), (1, -634, 3, 1365), (3, -1180, 5, 819), (5, -1414, 7, 585), (7, -1544, 9, 455), (11, -1684, 13, 315), (13, -1726, 15, 273), (19, -1804, 21, 195), (33, -1882, 35, 117), (37, -1894, 39, 105), (43, -1908, 45, 91)]

SUMMARY n=3901
  nearby states = 54
  states with predictions = 54
  states containing true displacement = 0
  prediction coverage = 100.0000%
  true displacement coverage = 0.0000%
4717	53	89	-99	2	2309	51	-2220	2	False	[(-3, -6828, -1, -4519), (-1, 2210, 1, 4519)]
4717	53	89	-98	31	149	22	-60	7	False	[(-42, -560, -11, -411), (-34, -1656, -3, -1507), (-32, -4670, -1, -4521), (-30, 4372, 1, 4521), (-28, 1358, 3, 1507), (-20, 262, 11, 411), (2, -12, 33, 137)]
4717	53	89	-95	2	2311	51	-2222	6	False	[(-11, -2814, -9, -503), (-5, -3820, -3, -1509), (-3, -6838, -1, -4527), (-1, 2216, 1, 4527), (1, -802, 3, 1509), (7, -1808, 9, 503)]
4717	53	89	-90	7	661	46	-572	4	False	[(-20, -1010, -13, -349), (-8, -5198, -1, -4537), (-6, 3876, 1, 4537), (6, -312, 13, 349)]
4717	53	89	-88	3	1543	50	-1454	4	False	[(-22, -1782, -19, -239), (-4, -6084, -1, -4541), (-2, 2998, 1, 4541), (16, -1304, 19, 239)]
4717	53	89	-86	11	421	42	-332	11	False	[(-26, -724, -15, -303), (-20, -926, -9, -505), (-16, -1330, -5, -909), (-14, -1936, -3, -1515), (-12, -4966, -1, -4545), (-10, 4124, 1, 4545), (-8, 1094, 3, 1515), (-6, 488, 5, 909), (-2, 84, 9, 505), (4, -118, 15, 303), (34, -320, 45, 101)]
4717	53	89	-84	41	113	12	-24	2	False	[(-42, -4662, -1, -4549), (-40, 4436, 1, 4549)]
4717	53	89	-72	5	929	48	-840	4	False	[(-22, -1198, -17, -269), (-6, -5502, -1, -4573), (-4, 3644, 1, 4573), (12, -660, 17, 269)]
4717	53	89	-70	3	1549	50	-1460	4	False	[(-26, -1748, -23, -199), (-4, -6126, -1, -4577), (-2, 3028, 1, 4577), (20, -1350, 23, 199)]
4717	53	89	-58	3	1553	50	-1464	4	False	[(-46, -1660, -43, -107), (-4, -6154, -1, -4601), (-2, 3048, 1, 4601), (40, -1446, 43, 107)]
4717	53	89	-56	59	79	-6	10	1	False	[(-44, 228, 15, 307)]
4717	53	89	-51	2	2333	51	-2244	6	False	[(-15, -2688, -13, -355), (-7, -3256, -5, -923), (-3, -6948, -1, -4615), (-1, 2282, 1, 4615), (3, -1410, 5, 923), (11, -1978, 13, 355)]
4717	53	89	-50	13	359	40	-270	11	False	[(-40, -530, -27, -171), (-32, -602, -19, -243), (-22, -872, -9, -513), (-16, -1898, -3, -1539), (-14, -4976, -1, -4617), (-12, 4258, 1, 4617), (-10, 1180, 3, 1539), (-4, 154, 9, 513), (6, -116, 19, 243), (14, -188, 27, 171), (44, -278, 57, 81)]
4717	53	89	-40	3	1559	50	-1470	2	False	[(-4, -6196, -1, -4637), (-2, 3078, 1, 4637)]
4717	53	89	-39	2	2339	51	-2250	2	False	[(-3, -6978, -1, -4639), (-1, 2300, 1, 4639)]
4717	53	89	-36	31	151	22	-62	4	False	[(-36, -1080, -5, -929), (-32, -4796, -1, -4645), (-30, 4494, 1, 4645), (-26, 778, 5, 929)]
4717	53	89	-35	2	2341	51	-2252	4	False	[(-5, -3890, -3, -1549), (-3, -6988, -1, -4647), (-1, 2306, 1, 4647), (1, -792, 3, 1549)]
4717	53	89	-32	5	937	48	-848	11	False	[(-38, -1078, -33, -141), (-16, -1360, -11, -423), (-14, -1454, -9, -517), (-8, -2488, -3, -1551), (-6, -5590, -1, -4653), (-4, 3716, 1, 4653), (-2, 614, 3, 1551), (4, -420, 9, 517), (6, -514, 11, 423), (28, -796, 33, 141), (42, -838, 47, 99)]
4717	53	89	-30	43	109	10	-20	2	False	[(-44, -4766, -1, -4657), (-42, 4548, 1, 4657)]
4717	53	89	-23	2	2347	51	-2258	8	False	[(-29, -2520, -27, -173), (-11, -2866, -9, -519), (-5, -3904, -3, -1557), (-3, -7018, -1, -4671), (-1, 2324, 1, 4671), (1, -790, 3, 1557), (7, -1828, 9, 519), (25, -2174, 27, 173)]
4717	53	89	-18	37	127	16	-38	3	False	[(-38, -4808, -1, -4681), (-36, 4554, 1, 4681), (-6, 24, 31, 151)]
4717	53	89	-16	3	1567	50	-1478	4	False	[(-8, -2504, -5, -937), (-4, -6252, -1, -4685), (-2, 3118, 1, 4685), (2, -630, 5, 937)]
4717	53	89	-15	2	2351	51	-2262	4	False	[(-45, -2460, -43, -109), (-3, -7038, -1, -4687), (-1, 2336, 1, 4687), (41, -2242, 43, 109)]
4717	53	89	-12	5	941	48	-852	6	False	[(-24, -1188, -19, -247), (-18, -1302, -13, -361), (-6, -5634, -1, -4693), (-4, 3752, 1, 4693), (8, -580, 13, 361), (14, -694, 19, 247)]
4717	53	89	-8	17	277	36	-188	4	False	[(-20, -1844, -3, -1567), (-18, -4978, -1, -4701), (-16, 4424, 1, 4701), (-14, 1290, 3, 1567)]
4717	53	89	-6	7	673	46	-584	4	False	[(-12, -1614, -5, -941), (-8, -5378, -1, -4705), (-6, 4032, 1, 4705), (-2, 268, 5, 941)]
4717	53	89	-4	3	1571	50	-1482	4	False	[(-20, -1848, -17, -277), (-4, -6280, -1, -4709), (-2, 3138, 1, 4709), (14, -1294, 17, 277)]
4717	53	89	-3	2	2357	51	-2268	4	False	[(-9, -3030, -7, -673), (-3, -7068, -1, -4711), (-1, 2354, 1, 4711), (5, -1684, 7, 673)]
4717	53	89	10	29	163	24	-74	4	False	[(-32, -1742, -3, -1579), (-30, -4900, -1, -4737), (-28, 4574, 1, 4737), (-26, 1416, 3, 1579)]
4717	53	89	18	5	947	48	-858	5	False	[(-12, -1626, -7, -679), (-6, -5700, -1, -4753), (-4, 3806, 1, 4753), (2, -268, 7, 679), (44, -850, 49, 97)]
4717	53	89	20	3	1579	50	-1490	2	False	[(-4, -6336, -1, -4757), (-2, 3178, 1, 4757)]
4717	53	89	22	7	677	46	-588	8	False	[(-30, -884, -23, -207), (-16, -1206, -9, -529), (-10, -2264, -3, -1587), (-8, -5438, -1, -4761), (-6, 4084, 1, 4761), (-4, 910, 3, 1587), (2, -148, 9, 529), (16, -470, 23, 207)]
4717	53	89	24	11	431	42	-342	4	False	[(-16, -1384, -5, -953), (-12, -5196, -1, -4765), (-10, 4334, 1, 4765), (-6, 522, 5, 953)]
4717	53	89	25	2	2371	51	-2282	8	False	[(-23, -2598, -21, -227), (-9, -3052, -7, -681), (-5, -3960, -3, -1589), (-3, -7138, -1, -4767), (-1, 2396, 1, 4767), (1, -782, 3, 1589), (5, -1690, 7, 681), (19, -2144, 21, 227)]
4717	53	89	30	47	101	6	-12	3	False	[(-48, -4878, -1, -4777), (-46, 4676, 1, 4777), (-30, 180, 17, 281)]
4717	53	89	32	3	1583	50	-1494	4	False	[(-10, -2266, -7, -683), (-4, -6364, -1, -4781), (-2, 3198, 1, 4781), (4, -900, 7, 683)]
4717	53	89	37	2	2377	51	-2288	4	False	[(-5, -3974, -3, -1597), (-3, -7168, -1, -4791), (-1, 2414, 1, 4791), (1, -780, 3, 1597)]
4717	53	89	40	67	71	-14	18	3	False	[(-28, 52, 39, 123), (-26, 46, 41, 117), (50, -30, 117, 41)]
4717	53	89	45	2	2381	51	-2292	8	False	[(-25, -2590, -23, -209), (-21, -2634, -19, -253), (-13, -2818, -11, -437), (-3, -7188, -1, -4807), (-1, 2426, 1, 4807), (9, -1944, 11, 437), (17, -2128, 19, 253), (21, -2172, 23, 209)]
4717	53	89	46	11	433	42	-344	8	False	[(-32, -662, -21, -229), (-18, -1120, -7, -687), (-14, -2036, -3, -1603), (-12, -5242, -1, -4809), (-10, 4376, 1, 4809), (-8, 1170, 3, 1603), (-4, 254, 7, 687), (10, -204, 21, 229)]
4717	53	89	48	5	953	48	-864	2	False	[(-6, -5766, -1, -4813), (-4, 3860, 1, 4813)]
4717	53	89	49	2	2383	51	-2294	12	False	[(-47, -2490, -45, -107), (-17, -2704, -15, -321), (-11, -2918, -9, -535), (-7, -3346, -5, -963), (-5, -3988, -3, -1605), (-3, -7198, -1, -4815), (-1, 2432, 1, 4815), (1, -778, 3, 1605), (3, -1420, 5, 963), (7, -1848, 9, 535), (13, -2062, 15, 321), (43, -2276, 45, 107)]
4717	53	89	52	19	251	34	-162	4	False	[(-22, -1858, -3, -1607), (-20, -5072, -1, -4821), (-18, 4570, 1, 4821), (-16, 1356, 3, 1607)]
4717	53	89	54	13	367	40	-278	6	False	[(-38, -560, -25, -193), (-18, -1332, -5, -965), (-14, -5192, -1, -4825), (-12, 4458, 1, 4825), (-8, 598, 5, 965), (12, -174, 25, 193)]
4717	53	89	60	17	281	36	-192	4	False	[(-24, -972, -7, -691), (-18, -5118, -1, -4837), (-16, 4556, 1, 4837), (-10, 410, 7, 691)]
4717	53	89	61	2	2389	51	-2300	4	False	[(-5, -4002, -3, -1613), (-3, -7228, -1, -4839), (-1, 2450, 1, 4839), (1, -776, 3, 1613)]
4717	53	89	64	7	683	46	-594	14	False	[(-26, -938, -19, -255), (-24, -968, -17, -285), (-22, -1006, -15, -323), (-12, -1652, -5, -969), (-10, -2298, -3, -1615), (-8, -5528, -1, -4845), (-6, 4162, 1, 4845), (-4, 932, 3, 1615), (-2, 286, 5, 969), (8, -360, 15, 323), (10, -398, 17, 285), (12, -428, 19, 255), (44, -588, 51, 95), (50, -598, 57, 85)]
4717	53	89	69	2	2393	51	-2304	4	False	[(-7, -3364, -5, -971), (-3, -7248, -1, -4855), (-1, 2462, 1, 4855), (3, -1422, 5, 971)]
4717	53	89	74	3	1597	50	-1508	8	False	[(-38, -1736, -35, -139), (-10, -2292, -7, -695), (-8, -2570, -5, -973), (-4, -6462, -1, -4865), (-2, 3268, 1, 4865), (2, -624, 5, 973), (4, -902, 7, 695), (32, -1458, 35, 139)]
4717	53	89	81	2	2399	51	-2310	8	False	[(-43, -2518, -41, -119), (-19, -2686, -17, -287), (-9, -3096, -7, -697), (-3, -7278, -1, -4879), (-1, 2480, 1, 4879), (5, -1702, 7, 697), (15, -2112, 17, 287), (39, -2280, 41, 119)]
4717	53	89	86	3	1601	50	-1512	2	False	[(-4, -6490, -1, -4889), (-2, 3288, 1, 4889)]
4717	53	89	94	17	283	36	-194	11	False	[(-32, -610, -15, -327), (-26, -828, -9, -545), (-22, -1264, -5, -981), (-20, -1918, -3, -1635), (-18, -5188, -1, -4905), (-16, 4622, 1, 4905), (-14, 1352, 3, 1635), (-12, 698, 5, 981), (-8, 262, 9, 545), (-2, 44, 15, 327), (28, -174, 45, 109)]

SUMMARY n=4717
  nearby states = 52
  states with predictions = 52
  states containing true displacement = 0
  prediction coverage = 100.0000%
  true displacement coverage = 0.0000%
5723	59	97	-96	17	331	42	-234	2	False	[(-18, -5862, -1, -5531), (-16, 5200, 1, 5531)]
5723	59	97	-94	13	433	46	-336	14	False	[(-40, -638, -27, -205), (-28, -802, -15, -369), (-22, -1048, -9, -615), (-18, -1540, -5, -1107), (-16, -2278, -3, -1845), (-14, -5968, -1, -5535), (-12, 5102, 1, 5535), (-10, 1412, 3, 1845), (-8, 674, 5, 1107), (-4, 182, 9, 615), (2, -64, 15, 369), (14, -228, 27, 205), (28, -298, 41, 135), (32, -310, 45, 123)]
5723	59	97	-92	3	1877	56	-1780	4	False	[(-32, -2068, -29, -191), (-4, -7416, -1, -5539), (-2, 3662, 1, 5539), (26, -1686, 29, 191)]
5723	59	97	-90	43	131	16	-34	3	False	[(-44, -5674, -1, -5543), (-42, 5412, 1, 5543), (-20, 110, 23, 241)]
5723	59	97	-86	3	1879	56	-1782	6	False	[(-16, -2306, -13, -427), (-10, -2672, -7, -793), (-4, -7430, -1, -5551), (-2, 3672, 1, 5551), (4, -1086, 7, 793), (10, -1452, 13, 427)]
5723	59	97	-85	2	2819	57	-2722	6	False	[(-11, -3436, -9, -617), (-5, -4670, -3, -1851), (-3, -8372, -1, -5553), (-1, 2734, 1, 5553), (1, -968, 3, 1851), (7, -2202, 9, 617)]
5723	59	97	-78	5	1129	54	-1032	4	False	[(-24, -1422, -19, -293), (-6, -6696, -1, -5567), (-4, 4438, 1, 5567), (14, -836, 19, 293)]
5723	59	97	-60	7	809	52	-712	4	False	[(-20, -1240, -13, -431), (-8, -6412, -1, -5603), (-6, 4794, 1, 5603), (6, -378, 13, 431)]
5723	59	97	-57	2	2833	57	-2736	2	False	[(-3, -8442, -1, -5609), (-1, 2776, 1, 5609)]
5723	59	97	-56	3	1889	56	-1792	4	False	[(-34, -2070, -31, -181), (-4, -7500, -1, -5611), (-2, 3722, 1, 5611), (28, -1708, 31, 181)]
5723	59	97	-52	53	107	6	-10	1	False	[(-50, 1766, 3, 1873)]
5723	59	97	-49	2	2837	57	-2740	14	False	[(-47, -2962, -45, -125), (-27, -3062, -25, -225), (-17, -3212, -15, -375), (-11, -3462, -9, -625), (-7, -3962, -5, -1125), (-5, -4712, -3, -1875), (-3, -8462, -1, -5625), (-1, 2788, 1, 5625), (1, -962, 3, 1875), (3, -1712, 5, 1125), (7, -2212, 9, 625), (13, -2462, 15, 375), (23, -2612, 25, 225), (43, -2712, 45, 125)]
5723	59	97	-46	7	811	52	-714	4	False	[(-10, -2688, -3, -1877), (-8, -6442, -1, -5631), (-6, 4820, 1, 5631), (-4, 1066, 3, 1877)]
5723	59	97	-37	2	2843	57	-2746	8	False	[(-23, -3112, -21, -269), (-9, -3650, -7, -807), (-5, -4726, -3, -1883), (-3, -8492, -1, -5649), (-1, 2806, 1, 5649), (1, -960, 3, 1883), (5, -2036, 7, 807), (19, -2574, 21, 269)]
5723	59	97	-24	41	139	18	-42	5	False	[(-46, -1274, -5, -1135), (-42, -5814, -1, -5675), (-40, 5536, 1, 5675), (-36, 996, 5, 1135), (-16, 88, 25, 227)]
5723	59	97	-21	2	2851	57	-2754	8	False	[(-25, -3098, -23, -247), (-21, -3150, -19, -299), (-15, -3288, -13, -437), (-3, -8532, -1, -5681), (-1, 2830, 1, 5681), (11, -2414, 13, 437), (17, -2552, 19, 299), (21, -2604, 23, 247)]
5723	59	97	-20	3	1901	56	-1804	2	False	[(-4, -7584, -1, -5683), (-2, 3782, 1, 5683)]
5723	59	97	-16	13	439	46	-342	8	False	[(-34, -710, -21, -271), (-20, -1252, -7, -813), (-16, -2336, -3, -1897), (-14, -6130, -1, -5691), (-12, 5252, 1, 5691), (-10, 1458, 3, 1897), (-6, 374, 7, 813), (8, -168, 21, 271)]
5723	59	97	-10	29	197	30	-100	4	False	[(-32, -2098, -3, -1901), (-30, -5900, -1, -5703), (-28, 5506, 1, 5703), (-26, 1704, 3, 1901)]
5723	59	97	-9	2	2857	57	-2760	8	False	[(-37, -3020, -35, -163), (-9, -3672, -7, -815), (-7, -3998, -5, -1141), (-3, -8562, -1, -5705), (-1, 2848, 1, 5705), (3, -1716, 5, 1141), (5, -2042, 7, 815), (33, -2694, 35, 163)]
5723	59	97	-2	3	1907	56	-1810	8	False	[(-46, -2040, -43, -133), (-22, -2208, -19, -301), (-10, -2724, -7, -817), (-4, -7626, -1, -5719), (-2, 3812, 1, 5719), (4, -1090, 7, 817), (16, -1606, 19, 301), (40, -1774, 43, 133)]
5723	59	97	-1	2	2861	57	-2764	4	False	[(-5, -4768, -3, -1907), (-3, -8582, -1, -5721), (-1, 2860, 1, 5721), (1, -954, 3, 1907)]
5723	59	97	6	17	337	42	-240	7	False	[(-48, -522, -31, -185), (-22, -1484, -5, -1147), (-18, -6072, -1, -5735), (-16, 5398, 1, 5735), (-12, 810, 5, 1147), (14, -152, 31, 185), (20, -182, 37, 155)]
5723	59	97	8	11	521	48	-424	4	False	[(-14, -2434, -3, -1913), (-12, -6260, -1, -5739), (-10, 5218, 1, 5739), (-8, 1392, 3, 1913)]
5723	59	97	16	3	1913	56	-1816	4	False	[(-8, -3064, -5, -1151), (-4, -7668, -1, -5755), (-2, 3842, 1, 5755), (2, -762, 5, 1151)]
5723	59	97	24	7	821	52	-724	4	False	[(-36, -1020, -29, -199), (-8, -6592, -1, -5771), (-6, 4950, 1, 5771), (22, -622, 29, 199)]
5723	59	97	30	11	523	48	-426	2	False	[(-12, -6306, -1, -5783), (-10, 5260, 1, 5783)]
5723	59	97	32	5	1151	54	-1054	6	False	[(-14, -1794, -9, -643), (-8, -3080, -3, -1929), (-6, -6938, -1, -5787), (-4, 4636, 1, 5787), (-2, 778, 3, 1929), (4, -508, 9, 643)]
5723	59	97	35	2	2879	57	-2782	4	False	[(-5, -4810, -3, -1931), (-3, -8672, -1, -5793), (-1, 2914, 1, 5793), (1, -948, 3, 1931)]
5723	59	97	36	13	443	46	-346	7	False	[(-32, -748, -19, -305), (-18, -1602, -5, -1159), (-14, -6238, -1, -5795), (-12, 5352, 1, 5795), (-8, 716, 5, 1159), (6, -138, 19, 305), (48, -348, 61, 95)]
5723	59	97	38	7	823	52	-726	4	False	[(-10, -2756, -3, -1933), (-8, -6622, -1, -5799), (-6, 4976, 1, 5799), (-4, 1110, 3, 1933)]
5723	59	97	42	5	1153	54	-1056	2	False	[(-6, -6960, -1, -5807), (-4, 4654, 1, 5807)]
5723	59	97	44	73	79	-14	18	1	False	[(-34, 70, 39, 149)]
5723	59	97	48	29	199	30	-102	5	False	[(-40, -728, -11, -529), (-30, -6018, -1, -5819), (-28, 5620, 1, 5819), (-18, 330, 11, 529), (-6, 54, 23, 253)]
5723	59	97	50	23	251	36	-154	6	False	[(-32, -898, -9, -647), (-26, -2192, -3, -1941), (-24, -6074, -1, -5823), (-22, 5572, 1, 5823), (-20, 1690, 3, 1941), (-14, 396, 9, 647)]
5723	59	97	51	2	2887	57	-2790	6	False	[(-27, -3120, -25, -233), (-7, -4052, -5, -1165), (-3, -8712, -1, -5825), (-1, 2938, 1, 5825), (3, -1722, 5, 1165), (23, -2654, 25, 233)]
5723	59	97	54	53	109	6	-12	3	False	[(-46, 724, 7, 833), (-36, 234, 17, 343), (-4, 10, 49, 119)]
5723	59	97	66	7	827	52	-730	4	False	[(-12, -1998, -5, -1171), (-8, -6682, -1, -5855), (-6, 5028, 1, 5855), (-2, 344, 5, 1171)]
5723	59	97	70	3	1931	56	-1834	8	False	[(-44, -2074, -41, -143), (-16, -2382, -13, -451), (-14, -2464, -11, -533), (-4, -7794, -1, -5863), (-2, 3932, 1, 5863), (8, -1398, 11, 533), (10, -1480, 13, 451), (38, -1788, 41, 143)]
5723	59	97	71	2	2897	57	-2800	13	False	[(-25, -3152, -23, -255), (-19, -3242, -17, -345), (-17, -3288, -15, -391), (-7, -4070, -5, -1173), (-5, -4852, -3, -1955), (-3, -8762, -1, -5865), (-1, 2968, 1, 5865), (1, -942, 3, 1955), (3, -1724, 5, 1173), (13, -2506, 15, 391), (15, -2552, 17, 345), (21, -2642, 23, 255), (49, -2782, 51, 115)]
5723	59	97	76	3	1933	56	-1836	8	False	[(-50, -2058, -47, -125), (-28, -2168, -25, -235), (-8, -3108, -5, -1175), (-4, -7808, -1, -5875), (-2, 3942, 1, 5875), (2, -758, 5, 1175), (22, -1698, 25, 235), (44, -1808, 47, 125)]
5723	59	97	80	7	829	52	-732	7	False	[(-44, -988, -37, -159), (-10, -2790, -3, -1961), (-8, -6712, -1, -5883), (-6, 5054, 1, 5883), (-4, 1132, 3, 1961), (30, -670, 37, 159), (46, -718, 53, 111)]
5723	59	97	83	2	2903	57	-2806	8	False	[(-41, -3054, -39, -151), (-15, -3356, -13, -453), (-5, -4866, -3, -1963), (-3, -8792, -1, -5889), (-1, 2986, 1, 5889), (1, -940, 3, 1963), (11, -2450, 13, 453), (37, -2752, 39, 151)]
5723	59	97	86	37	157	22	-60	10	False	[(-46, -812, -9, -655), (-42, -1336, -5, -1179), (-40, -2122, -3, -1965), (-38, -6052, -1, -5895), (-36, 5738, 1, 5895), (-34, 1808, 3, 1965), (-32, 1022, 5, 1179), (-28, 498, 9, 655), (-22, 236, 15, 393), (8, -26, 45, 131)]
5723	59	97	92	5	1163	54	-1066	8	False	[(-38, -1342, -33, -179), (-16, -1700, -11, -537), (-8, -3132, -3, -1969), (-6, -7070, -1, -5907), (-4, 4744, 1, 5907), (-2, 806, 3, 1969), (6, -626, 11, 537), (28, -984, 33, 179)]
5723	59	97	95	2	2909	57	-2812	8	False	[(-29, -3128, -27, -219), (-11, -3566, -9, -657), (-5, -4880, -3, -1971), (-3, -8822, -1, -5913), (-1, 3004, 1, 5913), (1, -938, 3, 1971), (7, -2252, 9, 657), (25, -2690, 27, 219)]

SUMMARY n=5723
  nearby states = 46
  states with predictions = 46
  states containing true displacement = 0
  prediction coverage = 100.0000%
  true displacement coverage = 0.0000%
6161	61	101	-96	5	1213	56	-1112	3	False	[(-6, -7182, -1, -5969), (-4, 4756, 1, 5969), (42, -1086, 47, 127)]
6161	61	101	-90	13	467	48	-366	2	False	[(-14, -6448, -1, -5981), (-12, 5514, 1, 5981)]
6161	61	101	-87	2	3037	59	-2936	2	False	[(-3, -9024, -1, -5987), (-1, 2950, 1, 5987)]
6161	61	101	-84	59	103	2	-2	1	False	[(-46, 358, 13, 461)]
6161	61	101	-80	3	2027	58	-1926	4	False	[(-20, -2380, -17, -353), (-4, -8028, -1, -6001), (-2, 3974, 1, 6001), (14, -1674, 17, 353)]
6161	61	101	-79	2	3041	59	-2940	10	False	[(-31, -3248, -29, -207), (-25, -3302, -23, -261), (-11, -3708, -9, -667), (-5, -5042, -3, -2001), (-3, -9044, -1, -6003), (-1, 2962, 1, 6003), (1, -1040, 3, 2001), (7, -2374, 9, 667), (21, -2780, 23, 261), (27, -2834, 29, 207)]
6161	61	101	-76	5	1217	56	-1116	4	False	[(-8, -3220, -3, -2003), (-6, -7226, -1, -6009), (-4, 4792, 1, 6009), (-2, 786, 3, 2003)]
6161	61	101	-74	3	2029	58	-1928	4	False	[(-10, -2888, -7, -859), (-4, -8042, -1, -6013), (-2, 3984, 1, 6013), (4, -1170, 7, 859)]
6161	61	101	-63	2	3049	59	-2948	6	False	[(-19, -3404, -17, -355), (-7, -4256, -5, -1207), (-3, -9084, -1, -6035), (-1, 2986, 1, 6035), (3, -1842, 5, 1207), (15, -2694, 17, 355)]
6161	61	101	-58	17	359	44	-258	14	False	[(-48, -554, -31, -195), (-32, -762, -15, -403), (-30, -824, -13, -465), (-22, -1568, -5, -1209), (-20, -2374, -3, -2015), (-18, -6404, -1, -6045), (-16, 5686, 1, 6045), (-14, 1656, 3, 2015), (-12, 850, 5, 1209), (-4, 106, 13, 465), (-2, 44, 15, 403), (14, -164, 31, 195), (22, -204, 39, 155), (48, -266, 65, 93)]
6161	61	101	-54	31	197	30	-96	2	False	[(-32, -6250, -1, -6053), (-30, 5856, 1, 6053)]
6161	61	101	-52	41	149	20	-48	6	False	[(-50, -822, -9, -673), (-44, -2168, -3, -2019), (-42, -6206, -1, -6057), (-40, 5908, 1, 6057), (-38, 1870, 3, 2019), (-32, 524, 9, 673)]
6161	61	101	-46	5	1223	56	-1122	11	False	[(-26, -1512, -21, -289), (-22, -1580, -17, -357), (-12, -2090, -7, -867), (-8, -3246, -3, -2023), (-6, -7292, -1, -6069), (-4, 4846, 1, 6069), (-2, 800, 3, 2023), (2, -356, 7, 867), (12, -866, 17, 357), (16, -934, 21, 289), (46, -1104, 51, 119)]
6161	61	101	-44	3	2039	58	-1938	2	False	[(-4, -8112, -1, -6073), (-2, 4034, 1, 6073)]
6161	61	101	-42	29	211	32	-110	3	False	[(-30, -6288, -1, -6077), (-28, 5866, 1, 6077), (30, -108, 59, 103)]
6161	61	101	-39	2	3061	59	-2960	6	False	[(-13, -3614, -11, -553), (-9, -3930, -7, -869), (-3, -9144, -1, -6083), (-1, 3022, 1, 6083), (5, -2192, 7, 869), (9, -2508, 11, 553)]
6161	61	101	-34	11	557	50	-456	6	False	[(-20, -1234, -9, -677), (-14, -2588, -3, -2031), (-12, -6650, -1, -6093), (-10, 5536, 1, 6093), (-8, 1474, 3, 2031), (-2, 120, 9, 677)]
6161	61	101	-27	2	3067	59	-2966	4	False	[(-33, -3264, -31, -197), (-3, -9174, -1, -6107), (-1, 3040, 1, 6107), (29, -2870, 31, 197)]
6161	61	101	-22	7	877	54	-776	4	False	[(-10, -2916, -3, -2039), (-8, -6994, -1, -6117), (-6, 5240, 1, 6117), (-4, 1162, 3, 2039)]
6161	61	101	-16	5	1229	56	-1128	8	False	[(-32, -1456, -27, -227), (-14, -1910, -9, -681), (-8, -3272, -3, -2043), (-6, -7358, -1, -6129), (-4, 4900, 1, 6129), (-2, 814, 3, 2043), (4, -548, 9, 681), (22, -1002, 27, 227)]
6161	61	101	-6	5	1231	56	-1130	8	False	[(-48, -1374, -43, -143), (-18, -1704, -13, -473), (-16, -1790, -11, -559), (-6, -7380, -1, -6149), (-4, 4918, 1, 6149), (6, -672, 11, 559), (8, -758, 13, 473), (38, -1088, 43, 143)]
6161	61	101	-4	47	131	14	-30	6	False	[(-50, -2182, -3, -2051), (-48, -6284, -1, -6153), (-46, 6022, 1, 6153), (-44, 1920, 3, 2051), (-40, 748, 7, 879), (-26, 162, 21, 293)]
6161	61	101	-3	2	3079	59	-2978	4	False	[(-7, -4310, -5, -1231), (-3, -9234, -1, -6155), (-1, 3076, 1, 6155), (3, -1848, 5, 1231)]
6161	61	101	-2	3	2053	58	-1952	4	False	[(-50, -2184, -47, -131), (-4, -8210, -1, -6157), (-2, 4104, 1, 6157), (44, -1922, 47, 131)]
6161	61	101	5	2	3083	59	-2982	11	False	[(-35, -3270, -33, -187), (-19, -3446, -17, -363), (-13, -3644, -11, -561), (-5, -5140, -3, -2057), (-3, -9254, -1, -6171), (-1, 3088, 1, 6171), (1, -1026, 3, 2057), (9, -2522, 11, 561), (15, -2720, 17, 363), (31, -2896, 33, 187), (49, -2962, 51, 121)]
6161	61	101	6	7	881	54	-780	2	False	[(-8, -7054, -1, -6173), (-6, 5292, 1, 6173)]
6161	61	101	8	31	199	30	-98	6	False	[(-34, -2258, -3, -2059), (-32, -6376, -1, -6177), (-30, 5978, 1, 6177), (-28, 1860, 3, 2059), (-2, 14, 29, 213), (40, -112, 71, 87)]
6161	61	101	17	2	3089	59	-2988	14	False	[(-37, -3266, -35, -177), (-23, -3384, -21, -295), (-17, -3502, -15, -413), (-9, -3974, -7, -885), (-7, -4328, -5, -1239), (-5, -5154, -3, -2065), (-3, -9284, -1, -6195), (-1, 3106, 1, 6195), (1, -1024, 3, 2065), (3, -1850, 5, 1239), (5, -2204, 7, 885), (13, -2676, 15, 413), (19, -2794, 21, 295), (33, -2912, 35, 177)]
6161	61	101	18	37	167	24	-66	2	False	[(-38, -6364, -1, -6197), (-36, 6030, 1, 6197)]
6161	61	101	20	7	883	54	-782	11	False	[(-46, -1042, -39, -159), (-20, -1360, -13, -477), (-16, -1572, -9, -689), (-10, -2950, -3, -2067), (-8, -7084, -1, -6201), (-6, 5318, 1, 6201), (-4, 1184, 3, 2067), (2, -194, 9, 689), (6, -406, 13, 477), (32, -724, 39, 159), (46, -766, 53, 117)]
6161	61	101	24	5	1237	56	-1136	4	False	[(-12, -2124, -7, -887), (-6, -7446, -1, -6209), (-4, 4972, 1, 6209), (2, -350, 7, 887)]
6161	61	101	26	23	269	38	-168	7	False	[(-42, -596, -19, -327), (-26, -2340, -3, -2071), (-24, -6482, -1, -6213), (-22, 5944, 1, 6213), (-20, 1802, 3, 2071), (-4, 58, 19, 327), (34, -160, 57, 109)]
6161	61	101	28	3	2063	58	-1962	2	False	[(-4, -8280, -1, -6217), (-2, 4154, 1, 6217)]
6161	61	101	30	41	151	20	-50	2	False	[(-42, -6372, -1, -6221), (-40, 6070, 1, 6221)]
6161	61	101	32	11	563	50	-462	10	False	[(-36, -812, -25, -249), (-26, -978, -15, -415), (-16, -1808, -5, -1245), (-14, -2638, -3, -2075), (-12, -6788, -1, -6225), (-10, 5662, 1, 6225), (-8, 1512, 3, 2075), (-6, 682, 5, 1245), (4, -148, 15, 415), (14, -314, 25, 249)]
6161	61	101	46	3	2069	58	-1968	6	False	[(-40, -2238, -37, -169), (-16, -2550, -13, -481), (-4, -8322, -1, -6253), (-2, 4184, 1, 6253), (10, -1588, 13, 481), (34, -1900, 37, 169)]
6161	61	101	48	7	887	54	-786	2	False	[(-8, -7144, -1, -6257), (-6, 5370, 1, 6257)]
6161	61	101	57	2	3109	59	-3008	6	False	[(-27, -3360, -25, -251), (-7, -4364, -5, -1255), (-3, -9384, -1, -6275), (-1, 3166, 1, 6275), (3, -1854, 5, 1255), (23, -2858, 25, 251)]
6161	61	101	66	13	479	48	-378	8	False	[(-44, -682, -31, -203), (-42, -696, -29, -217), (-20, -1378, -7, -899), (-14, -6772, -1, -6293), (-12, 5814, 1, 6293), (-6, 420, 7, 899), (16, -262, 29, 217), (18, -276, 31, 203)]
6161	61	101	72	23	271	38	-170	7	False	[(-36, -756, -13, -485), (-28, -1532, -5, -1261), (-24, -6576, -1, -6305), (-22, 6034, 1, 6305), (-18, 990, 5, 1261), (-10, 214, 13, 485), (42, -174, 65, 97)]
6161	61	101	77	2	3119	59	-3018	8	False	[(-17, -3540, -15, -421), (-7, -4382, -5, -1263), (-5, -5224, -3, -2105), (-3, -9434, -1, -6315), (-1, 3196, 1, 6315), (1, -1014, 3, 2105), (3, -1856, 5, 1263), (13, -2698, 15, 421)]
6161	61	101	78	17	367	44	-266	2	False	[(-18, -6684, -1, -6317), (-16, 5950, 1, 6317)]
6161	61	101	80	79	79	-18	22	3	False	[(-36, 68, 43, 147), (-30, 50, 49, 129), (50, -30, 129, 49)]
6161	61	101	81	2	3121	59	-3020	2	False	[(-3, -9444, -1, -6323), (-1, 3202, 1, 6323)]
6161	61	101	82	3	2081	58	-1980	10	False	[(-28, -2334, -25, -253), (-26, -2356, -23, -275), (-14, -2656, -11, -575), (-8, -3346, -5, -1265), (-4, -8406, -1, -6325), (-2, 4244, 1, 6325), (2, -816, 5, 1265), (8, -1506, 11, 575), (20, -1806, 23, 275), (22, -1828, 25, 253)]
6161	61	101	84	5	1249	56	-1148	2	False	[(-6, -7578, -1, -6329), (-4, 5080, 1, 6329)]
6161	61	101	88	3	2083	58	-1982	2	False	[(-4, -8420, -1, -6337), (-2, 4254, 1, 6337)]
6161	61	101	98	11	569	50	-468	8	False	[(-50, -732, -39, -163), (-24, -1058, -13, -489), (-14, -2688, -3, -2119), (-12, -6926, -1, -6357), (-10, 5788, 1, 6357), (-8, 1550, 3, 2119), (2, -80, 13, 489), (28, -406, 39, 163)]
6161	61	101	100	3	2087	58	-1986	2	False	[(-4, -8448, -1, -6361), (-2, 4274, 1, 6361)]

SUMMARY n=6161
  nearby states = 49
  states with predictions = 49
  states containing true displacement = 0
  prediction coverage = 100.0000%
  true displacement coverage = 0.0000%
6901	67	103	-100	3	2267	64	-2164	2	False	[(-4, -8968, -1, -6701), (-2, 4434, 1, 6701)]
6901	67	103	-96	5	1361	62	-1258	2	False	[(-6, -8070, -1, -6709), (-4, 5348, 1, 6709)]
6901	67	103	-94	3	2269	64	-2166	5	False	[(-10, -3228, -7, -959), (-4, -8982, -1, -6713), (-2, 4444, 1, 6713), (4, -1310, 7, 959), (46, -2132, 49, 137)]
6901	67	103	-92	11	619	56	-516	4	False	[(-14, -2858, -3, -2239), (-12, -7336, -1, -6717), (-10, 6098, 1, 6717), (-8, 1620, 3, 2239)]
6901	67	103	-87	2	3407	65	-3304	6	False	[(-33, -3624, -31, -217), (-9, -4368, -7, -961), (-3, -10134, -1, -6727), (-1, 3320, 1, 6727), (5, -2446, 7, 961), (29, -3190, 31, 217)]
6901	67	103	-84	17	401	50	-298	2	False	[(-18, -7134, -1, -6733), (-16, 6332, 1, 6733)]
6901	67	103	-82	3	2273	64	-2170	2	False	[(-4, -9010, -1, -6737), (-2, 4464, 1, 6737)]
6901	67	103	-80	19	359	48	-256	11	False	[(-40, -680, -21, -321), (-28, -1108, -9, -749), (-26, -1322, -7, -963), (-22, -2606, -3, -2247), (-20, -7100, -1, -6741), (-18, 6382, 1, 6741), (-16, 1888, 3, 2247), (-12, 604, 7, 963), (-10, 390, 9, 749), (2, -38, 21, 321), (44, -252, 63, 107)]
6901	67	103	-75	2	3413	65	-3310	4	False	[(-45, -3570, -43, -157), (-3, -10164, -1, -6751), (-1, 3338, 1, 6751), (41, -3256, 43, 157)]
6901	67	103	-66	5	1367	62	-1264	4	False	[(-12, -2334, -7, -967), (-6, -8136, -1, -6769), (-4, 5402, 1, 6769), (2, -400, 7, 967)]
6901	67	103	-62	7	977	60	-874	8	False	[(-34, -1228, -27, -251), (-16, -1730, -9, -753), (-10, -3236, -3, -2259), (-8, -7754, -1, -6777), (-6, 5800, 1, 6777), (-4, 1282, 3, 2259), (2, -224, 9, 753), (20, -726, 27, 251)]
6901	67	103	-58	3	2281	64	-2178	6	False	[(-26, -2576, -23, -295), (-8, -3638, -5, -1357), (-4, -9066, -1, -6785), (-2, 4504, 1, 6785), (2, -924, 5, 1357), (20, -1986, 23, 295)]
6901	67	103	-54	41	167	26	-64	2	False	[(-42, -6960, -1, -6793), (-40, 6626, 1, 6793)]
6901	67	103	-40	3	2287	64	-2184	4	False	[(-22, -2646, -19, -359), (-4, -9108, -1, -6821), (-2, 4534, 1, 6821), (16, -1928, 19, 359)]
6901	67	103	-36	5	1373	62	-1270	2	False	[(-6, -8202, -1, -6829), (-4, 5456, 1, 6829)]
6901	67	103	-35	2	3433	65	-3330	14	False	[(-35, -3640, -33, -207), (-29, -3686, -27, -253), (-25, -3730, -23, -297), (-13, -4054, -11, -621), (-11, -4192, -9, -759), (-5, -5710, -3, -2277), (-3, -10264, -1, -6831), (-1, 3398, 1, 6831), (1, -1156, 3, 2277), (7, -2674, 9, 759), (9, -2812, 11, 621), (21, -3136, 23, 297), (25, -3180, 27, 253), (31, -3226, 33, 207)]
6901	67	103	-22	3	2293	64	-2190	2	False	[(-4, -9150, -1, -6857), (-2, 4564, 1, 6857)]
6901	67	103	-20	7	983	60	-880	4	False	[(-10, -3270, -3, -2287), (-8, -7844, -1, -6861), (-6, 5878, 1, 6861), (-4, 1304, 3, 2287)]
6901	67	103	-14	71	97	-4	6	3	False	[(-42, 140, 29, 237), (8, -10, 79, 87), (16, -18, 87, 79)]
6901	67	103	-12	83	83	-16	20	0	False	[]
6901	67	103	-10	3	2297	64	-2194	4	False	[(-10, -3280, -7, -983), (-4, -9178, -1, -6881), (-2, 4584, 1, 6881), (4, -1314, 7, 983)]
6901	67	103	-8	61	113	6	-10	7	False	[(-46, 346, 15, 459), (-44, 292, 17, 405), (-34, 142, 27, 255), (-16, 40, 45, 153), (-10, 22, 51, 135), (20, -28, 81, 85), (24, -32, 85, 81)]
6901	67	103	-3	2	3449	65	-3346	8	False	[(-37, -3646, -35, -197), (-9, -4434, -7, -985), (-7, -4828, -5, -1379), (-3, -10344, -1, -6895), (-1, 3446, 1, 6895), (3, -2070, 5, 1379), (5, -2464, 7, 985), (33, -3252, 35, 197)]
6901	67	103	4	5	1381	62	-1278	10	False	[(-26, -1710, -21, -329), (-12, -2368, -7, -987), (-8, -3684, -3, -2303), (-6, -8290, -1, -6909), (-4, 5528, 1, 6909), (-2, 922, 3, 2303), (2, -394, 7, 987), (16, -1052, 21, 329), (42, -1234, 47, 147), (44, -1240, 49, 141)]
6901	67	103	12	31	223	36	-120	5	False	[(-36, -1608, -5, -1385), (-32, -7148, -1, -6925), (-30, 6702, 1, 6925), (-26, 1162, 5, 1385), (-6, 54, 25, 277)]
6901	67	103	13	2	3457	65	-3354	4	False	[(-5, -5766, -3, -2309), (-3, -10384, -1, -6927), (-1, 3470, 1, 6927), (1, -1148, 3, 2309)]
6901	67	103	21	2	3461	65	-3358	2	False	[(-3, -10404, -1, -6943), (-1, 3482, 1, 6943)]
6901	67	103	25	2	3463	65	-3360	8	False	[(-23, -3794, -21, -331), (-9, -4456, -7, -993), (-5, -5780, -3, -2317), (-3, -10414, -1, -6951), (-1, 3488, 1, 6951), (1, -1146, 3, 2317), (5, -2470, 7, 993), (19, -3132, 21, 331)]
6901	67	103	26	3	2309	64	-2206	4	False	[(-20, -2718, -17, -409), (-4, -9262, -1, -6953), (-2, 4644, 1, 6953), (14, -1900, 17, 409)]
6901	67	103	30	29	239	38	-136	2	False	[(-30, -7200, -1, -6961), (-28, 6722, 1, 6961)]
6901	67	103	32	3	2311	64	-2208	8	False	[(-38, -2510, -35, -199), (-10, -3306, -7, -995), (-8, -3704, -5, -1393), (-4, -9276, -1, -6965), (-2, 4654, 1, 6965), (2, -918, 5, 1393), (4, -1316, 7, 995), (32, -2112, 35, 199)]
6901	67	103	33	2	3467	65	-3364	2	False	[(-3, -10434, -1, -6967), (-1, 3500, 1, 6967)]
6901	67	103	36	7	991	60	-888	4	False	[(-26, -1358, -19, -367), (-8, -7964, -1, -6973), (-6, 5982, 1, 6973), (12, -624, 19, 367)]
6901	67	103	37	2	3469	65	-3366	16	False	[(-47, -3624, -45, -155), (-33, -3694, -31, -225), (-27, -3748, -25, -279), (-17, -3934, -15, -465), (-11, -4244, -9, -775), (-7, -4864, -5, -1395), (-5, -5794, -3, -2325), (-3, -10444, -1, -6975), (-1, 3506, 1, 6975), (1, -1144, 3, 2325), (3, -2074, 5, 1395), (7, -2694, 9, 775), (13, -3004, 15, 465), (23, -3190, 25, 279), (29, -3244, 31, 225), (43, -3314, 45, 155)]
6901	67	103	40	11	631	56	-528	8	False	[(-50, -810, -39, -179), (-24, -1168, -13, -537), (-14, -2958, -3, -2327), (-12, -7612, -1, -6981), (-10, 6350, 1, 6981), (-8, 1696, 3, 2327), (2, -94, 13, 537), (28, -452, 39, 179)]
6901	67	103	42	53	131	14	-28	3	False	[(-48, 1266, 5, 1397), (-42, 504, 11, 635), (2, -4, 55, 127)]
6901	67	103	52	17	409	50	-306	8	False	[(-32, -876, -15, -467), (-22, -1810, -5, -1401), (-20, -2744, -3, -2335), (-18, -7414, -1, -7005), (-16, 6596, 1, 7005), (-14, 1926, 3, 2335), (-12, 992, 5, 1401), (-2, 58, 15, 467)]
6901	67	103	72	19	367	48	-264	4	False	[(-24, -1776, -5, -1409), (-20, -7412, -1, -7045), (-18, 6678, 1, 7045), (-14, 1042, 5, 1409)]
6901	67	103	78	7	997	60	-894	2	False	[(-8, -8054, -1, -7057), (-6, 6060, 1, 7057)]
6901	67	103	81	2	3491	65	-3388	4	False	[(-9, -4500, -7, -1009), (-3, -10554, -1, -7063), (-1, 3572, 1, 7063), (5, -2482, 7, 1009)]
6901	67	103	88	29	241	38	-138	8	False	[(-50, -578, -21, -337), (-36, -1252, -7, -1011), (-32, -2600, -3, -2359), (-30, -7318, -1, -7077), (-28, 6836, 1, 7077), (-26, 2118, 3, 2359), (-22, 770, 7, 1011), (-8, 96, 21, 337)]
6901	67	103	94	5	1399	62	-1296	7	False	[(-22, -1816, -17, -417), (-8, -3762, -3, -2363), (-6, -8488, -1, -7089), (-4, 5690, 1, 7089), (-2, 964, 3, 2363), (12, -982, 17, 417), (46, -1260, 51, 139)]
6901	67	103	97	2	3499	65	-3396	14	False	[(-45, -3664, -43, -165), (-35, -3714, -33, -215), (-17, -3972, -15, -473), (-13, -4144, -11, -645), (-7, -4918, -5, -1419), (-5, -5864, -3, -2365), (-3, -10594, -1, -7095), (-1, 3596, 1, 7095), (1, -1134, 3, 2365), (3, -2080, 5, 1419), (9, -2854, 11, 645), (13, -3026, 15, 473), (31, -3284, 33, 215), (41, -3334, 43, 165)]
6901	67	103	98	3	2333	64	-2230	4	False	[(-50, -2484, -47, -151), (-4, -9430, -1, -7097), (-2, 4764, 1, 7097), (44, -2182, 47, 151)]

SUMMARY n=6901
  nearby states = 44
  states with predictions = 43
  states containing true displacement = 0
  prediction coverage = 97.7273%
  true displacement coverage = 0.0000%
7597	71	107	-96	13	577	58	-470	4	False	[(-18, -2058, -5, -1481), (-14, -7982, -1, -7405), (-12, 6828, 1, 7405), (-8, 904, 5, 1481)]
7597	71	107	-88	3	2503	68	-2396	4	False	[(-44, -2684, -41, -181), (-4, -9924, -1, -7421), (-2, 4918, 1, 7421), (38, -2322, 41, 181)]
7597	71	107	-84	11	683	60	-576	8	False	[(-34, -1006, -23, -323), (-30, -1074, -19, -391), (-28, -1120, -17, -437), (-12, -8112, -1, -7429), (-10, 6746, 1, 7429), (6, -246, 17, 437), (8, -292, 19, 391), (12, -360, 23, 323)]
7597	71	107	-78	73	103	-2	4	0	False	[]
7597	71	107	-75	2	3761	69	-3654	4	False	[(-13, -4438, -11, -677), (-3, -11208, -1, -7447), (-1, 3686, 1, 7447), (9, -3084, 11, 677)]
7597	71	107	-66	17	443	54	-336	4	False	[(-22, -1936, -5, -1493), (-18, -7908, -1, -7465), (-16, 7022, 1, 7465), (-12, 1050, 5, 1493)]
7597	71	107	-63	2	3767	69	-3660	4	False	[(-33, -4008, -31, -241), (-3, -11238, -1, -7471), (-1, 3704, 1, 7471), (29, -3526, 31, 241)]
7597	71	107	-59	2	3769	69	-3662	8	False	[(-29, -4046, -27, -277), (-11, -4600, -9, -831), (-5, -6262, -3, -2493), (-3, -11248, -1, -7479), (-1, 3710, 1, 7479), (1, -1276, 3, 2493), (7, -2938, 9, 831), (25, -3492, 27, 277)]
7597	71	107	-54	19	397	52	-290	2	False	[(-20, -7886, -1, -7489), (-18, 7092, 1, 7489)]
7597	71	107	-42	5	1511	66	-1404	4	False	[(-16, -2194, -11, -683), (-6, -9024, -1, -7513), (-4, 6002, 1, 7513), (6, -828, 11, 683)]
7597	71	107	-39	2	3779	69	-3672	2	False	[(-3, -11298, -1, -7519), (-1, 3740, 1, 7519)]
7597	71	107	-34	3	2521	68	-2414	2	False	[(-4, -10050, -1, -7529), (-2, 5008, 1, 7529)]
7597	71	107	-26	67	113	4	-6	0	False	[]
7597	71	107	-11	2	3793	69	-3686	10	False	[(-27, -4096, -25, -303), (-17, -4298, -15, -505), (-7, -5308, -5, -1515), (-5, -6318, -3, -2525), (-3, -11368, -1, -7575), (-1, 3782, 1, 7575), (1, -1268, 3, 2525), (3, -2278, 5, 1515), (13, -3288, 15, 505), (23, -3490, 25, 303)]
7597	71	107	-4	3	2531	68	-2424	2	False	[(-4, -10120, -1, -7589), (-2, 5058, 1, 7589)]
7597	71	107	-3	2	3797	69	-3690	2	False	[(-3, -11388, -1, -7591), (-1, 3794, 1, 7591)]
7597	71	107	4	11	691	60	-584	15	False	[(-50, -886, -39, -195), (-26, -1198, -15, -507), (-24, -1276, -13, -585), (-20, -1536, -9, -845), (-16, -2212, -5, -1521), (-14, -3226, -3, -2535), (-12, -8296, -1, -7605), (-10, 6914, 1, 7605), (-8, 1844, 3, 2535), (-6, 830, 5, 1521), (-2, 154, 9, 845), (2, -106, 13, 585), (4, -184, 15, 507), (28, -496, 39, 195), (34, -522, 45, 169)]
7597	71	107	9	2	3803	69	-3696	4	False	[(-7, -5326, -5, -1523), (-3, -11418, -1, -7615), (-1, 3812, 1, 7615), (3, -2280, 5, 1523)]
7597	71	107	12	7	1087	64	-980	2	False	[(-8, -8708, -1, -7621), (-6, 6534, 1, 7621)]
7597	71	107	16	23	331	48	-224	4	False	[(-26, -2874, -3, -2543), (-24, -7960, -1, -7629), (-22, 7298, 1, 7629), (-20, 2212, 3, 2543)]
7597	71	107	18	5	1523	66	-1416	4	False	[(-22, -1972, -17, -449), (-6, -9156, -1, -7633), (-4, 6110, 1, 7633), (12, -1074, 17, 449)]
7597	71	107	20	3	2539	68	-2432	4	False	[(-10, -3630, -7, -1091), (-4, -10176, -1, -7637), (-2, 5098, 1, 7637), (4, -1448, 7, 1091)]
7597	71	107	22	19	401	52	-294	8	False	[(-46, -684, -27, -283), (-28, -1250, -9, -849), (-22, -2948, -3, -2547), (-20, -8042, -1, -7641), (-18, 7240, 1, 7641), (-16, 2146, 3, 2547), (-10, 448, 9, 849), (8, -118, 27, 283)]
7597	71	107	30	29	263	42	-156	7	False	[(-48, -666, -19, -403), (-42, -852, -13, -589), (-30, -7920, -1, -7657), (-28, 7394, 1, 7657), (-16, 326, 13, 589), (-10, 140, 19, 403), (2, -16, 31, 247)]
7597	71	107	32	3	2543	68	-2436	4	False	[(-50, -2706, -47, -163), (-4, -10204, -1, -7661), (-2, 5118, 1, 7661), (44, -2380, 47, 163)]
7597	71	107	34	13	587	58	-480	14	False	[(-48, -806, -35, -219), (-34, -952, -21, -365), (-28, -1098, -15, -511), (-20, -1682, -7, -1095), (-18, -2120, -5, -1533), (-16, -3142, -3, -2555), (-14, -8252, -1, -7665), (-12, 7078, 1, 7665), (-10, 1968, 3, 2555), (-8, 946, 5, 1533), (-6, 508, 7, 1095), (2, -76, 15, 511), (8, -222, 21, 365), (22, -368, 35, 219)]
7597	71	107	36	17	449	54	-342	2	False	[(-18, -8118, -1, -7669), (-16, 7220, 1, 7669)]
7597	71	107	40	7	1091	64	-984	6	False	[(-16, -1944, -9, -853), (-10, -3650, -3, -2559), (-8, -8768, -1, -7677), (-6, 6586, 1, 7677), (-4, 1468, 3, 2559), (2, -238, 9, 853)]
7597	71	107	45	2	3821	69	-3714	2	False	[(-3, -11508, -1, -7687), (-1, 3866, 1, 7687)]
7597	71	107	49	2	3823	69	-3716	16	False	[(-47, -3994, -45, -171), (-29, -4108, -27, -285), (-21, -4228, -19, -405), (-17, -4336, -15, -513), (-11, -4678, -9, -855), (-7, -5362, -5, -1539), (-5, -6388, -3, -2565), (-3, -11518, -1, -7695), (-1, 3872, 1, 7695), (1, -1258, 3, 2565), (3, -2284, 5, 1539), (7, -2968, 9, 855), (13, -3310, 15, 513), (17, -3418, 19, 405), (25, -3538, 27, 285), (43, -3652, 45, 171)]
7597	71	107	50	3	2549	68	-2442	4	False	[(-46, -2728, -43, -179), (-4, -10246, -1, -7697), (-2, 5148, 1, 7697), (40, -2370, 43, 179)]
7597	71	107	54	7	1093	64	-986	6	False	[(-30, -1428, -23, -335), (-12, -2634, -5, -1541), (-8, -8798, -1, -7705), (-6, 6612, 1, 7705), (-2, 448, 5, 1541), (16, -758, 23, 335)]
7597	71	107	56	3	2551	68	-2444	4	False	[(-16, -3144, -13, -593), (-4, -10260, -1, -7709), (-2, 5158, 1, 7709), (10, -1958, 13, 593)]
7597	71	107	58	5	1531	66	-1424	6	False	[(-14, -2388, -9, -857), (-8, -4102, -3, -2571), (-6, -9244, -1, -7713), (-4, 6182, 1, 7713), (-2, 1040, 3, 2571), (4, -674, 9, 857)]
7597	71	107	64	47	163	24	-56	8	False	[(-50, -2738, -3, -2575), (-48, -7888, -1, -7725), (-46, 7562, 1, 7725), (-44, 2412, 3, 2575), (-42, 1382, 5, 1545), (-32, 352, 15, 515), (-22, 146, 25, 309), (28, -60, 75, 103)]
7597	71	107	66	79	97	-8	10	1	False	[(-20, 34, 59, 131)]
7597	71	107	69	2	3833	69	-3726	12	False	[(-37, -4054, -35, -221), (-19, -4288, -17, -455), (-15, -4428, -13, -595), (-9, -4938, -7, -1105), (-7, -5380, -5, -1547), (-3, -11568, -1, -7735), (-1, 3902, 1, 7735), (3, -2286, 5, 1547), (5, -2728, 7, 1105), (11, -3238, 13, 595), (15, -3378, 17, 455), (33, -3612, 35, 221)]
7597	71	107	74	3	2557	68	-2450	4	False	[(-8, -4106, -5, -1549), (-4, -10302, -1, -7745), (-2, 5188, 1, 7745), (2, -1008, 5, 1549)]
7597	71	107	82	7	1097	64	-990	8	False	[(-46, -1296, -39, -199), (-20, -1694, -13, -597), (-10, -3684, -3, -2587), (-8, -8858, -1, -7761), (-6, 6664, 1, 7761), (-4, 1490, 3, 2587), (6, -500, 13, 597), (32, -898, 39, 199)]
7597	71	107	97	2	3847	69	-3740	9	False	[(-23, -4218, -21, -371), (-9, -4960, -7, -1113), (-5, -6444, -3, -2597), (-3, -11638, -1, -7791), (-1, 3944, 1, 7791), (1, -1250, 3, 2597), (5, -2734, 7, 1113), (19, -3476, 21, 371), (47, -3688, 49, 159)]
7597	71	107	100	43	179	28	-72	6	False	[(-46, -2778, -3, -2599), (-44, -7976, -1, -7797), (-42, 7618, 1, 7797), (-40, 2420, 3, 2599), (-20, 160, 23, 339), (26, -66, 69, 113)]

SUMMARY n=7597
  nearby states = 41
  states with predictions = 39
  states containing true displacement = 0
  prediction coverage = 95.1220%
  true displacement coverage = 0.0000%

SUMMARY TABLE
----------------------------------------------------------------------------------------------------
n	neighbor_states	prediction_states	true_displacement_predicted	prediction_coverage_pct	true_coverage_pct
731	57	57	0	100.0000	0.0000
893	57	57	0	100.0000	0.0000
1219	60	60	0	100.0000	0.0000
1711	56	56	0	100.0000	0.0000
2077	51	51	0	100.0000	0.0000
2627	47	47	0	100.0000	0.0000
2993	60	60	0	100.0000	0.0000
3397	49	49	0	100.0000	0.0000
3901	54	54	0	100.0000	0.0000
4717	52	52	0	100.0000	0.0000
5723	46	46	0	100.0000	0.0000
6161	49	49	0	100.0000	0.0000
6901	44	43	0	97.7273	0.0000
7597	41	39	0	95.1220	0.0000

FINISHED EXPERIMENT 18
