p,q,n,u,A,r,F_r,K3,D_u,D_u_mod_n,A_mod_n,A_mod_n_minus_1,A_mod_n_plus_1,gcd_A_n,gcd_A_n_minus_1,gcd_A_n_plus_1,p_mod_3,q_mod_3,p_mod_7,q_mod_7,F_p_mod_7,F_q_mod_7,K3_mod_7
2,3,6,5,21,-2,7,-146,9,3,3,1,0,3,1,7,2,0,2,3,3,0,1
2,3,6,5,21,-1,3,-62,9,3,3,1,0,3,1,7,2,0,2,3,3,0,1
2,3,6,5,21,0,1,-20,9,3,3,1,0,3,1,7,2,0,2,3,3,0,1
2,3,6,5,21,1,1,-20,9,3,3,1,0,3,1,7,2,0,2,3,3,0,1
2,3,6,5,21,2,3,-62,9,3,3,1,0,3,1,7,2,0,2,3,3,0,1
2,3,6,5,21,3,7,-146,9,3,3,1,0,3,1,7,2,0,2,3,3,0,1
2,3,6,5,21,5,21,-440,9,3,3,1,0,3,1,7,2,0,2,3,3,0,1
2,3,6,5,21,7,43,-902,9,3,3,1,0,3,1,7,2,0,2,3,3,0,1
2,3,6,5,21,11,111,-2330,9,3,3,1,0,3,1,7,2,0,2,3,3,0,1
2,5,10,7,63,-2,7,-440,9,9,3,0,8,1,9,1,2,2,2,5,3,0,1
2,5,10,7,63,-1,3,-188,9,9,3,0,8,1,9,1,2,2,2,5,3,0,1
2,5,10,7,63,0,1,-62,9,9,3,0,8,1,9,1,2,2,2,5,3,0,1
2,5,10,7,63,1,1,-62,9,9,3,0,8,1,9,1,2,2,2,5,3,0,1
2,5,10,7,63,2,3,-188,9,9,3,0,8,1,9,1,2,2,2,5,3,0,1
2,5,10,7,63,3,7,-440,9,9,3,0,8,1,9,1,2,2,2,5,3,0,1
2,5,10,7,63,5,21,-1322,9,9,3,0,8,1,9,1,2,2,2,5,3,0,1
2,5,10,7,63,7,43,-2708,9,9,3,0,8,1,9,1,2,2,2,5,3,0,1
2,5,10,7,63,11,111,-6992,9,9,3,0,8,1,9,1,2,2,2,5,3,0,1
2,7,14,9,129,-2,7,-902,9,9,3,12,9,1,1,3,2,1,2,0,3,1,1
2,7,14,9,129,-1,3,-386,9,9,3,12,9,1,1,3,2,1,2,0,3,1,6
2,7,14,9,129,0,1,-128,9,9,3,12,9,1,1,3,2,1,2,0,3,1,5
2,7,14,9,129,1,1,-128,9,9,3,12,9,1,1,3,2,1,2,0,3,1,5
2,7,14,9,129,2,3,-386,9,9,3,12,9,1,1,3,2,1,2,0,3,1,6
2,7,14,9,129,3,7,-902,9,9,3,12,9,1,1,3,2,1,2,0,3,1,1
2,7,14,9,129,5,21,-2708,9,9,3,12,9,1,1,3,2,1,2,0,3,1,1
2,7,14,9,129,7,43,-5546,9,9,3,12,9,1,1,3,2,1,2,0,3,1,5
2,7,14,9,129,11,111,-14318,9,9,3,12,9,1,1,3,2,1,2,0,3,1,4
2,11,22,13,333,-2,7,-2330,9,9,3,18,11,1,3,1,2,2,2,4,3,6,1
2,11,22,13,333,-1,3,-998,9,9,3,18,11,1,3,1,2,2,2,4,3,6,3
2,11,22,13,333,0,1,-332,9,9,3,18,11,1,3,1,2,2,2,4,3,6,4
2,11,22,13,333,1,1,-332,9,9,3,18,11,1,3,1,2,2,2,4,3,6,4
2,11,22,13,333,2,3,-998,9,9,3,18,11,1,3,1,2,2,2,4,3,6,3
2,11,22,13,333,3,7,-2330,9,9,3,18,11,1,3,1,2,2,2,4,3,6,1
2,11,22,13,333,5,21,-6992,9,9,3,18,11,1,3,1,2,2,2,4,3,6,1
2,11,22,13,333,7,43,-14318,9,9,3,18,11,1,3,1,2,2,2,4,3,6,4
2,11,22,13,333,11,111,-36962,9,9,3,18,11,1,3,1,2,2,2,4,3,6,5
2,13,26,15,471,-2,7,-3296,9,9,3,21,12,1,1,3,2,1,2,6,3,3,1
2,13,26,15,471,-1,3,-1412,9,9,3,21,12,1,1,3,2,1,2,6,3,3,2
2,13,26,15,471,0,1,-470,9,9,3,21,12,1,1,3,2,1,2,6,3,3,6
2,13,26,15,471,1,1,-470,9,9,3,21,12,1,1,3,2,1,2,6,3,3,6
2,13,26,15,471,2,3,-1412,9,9,3,21,12,1,1,3,2,1,2,6,3,3,2
2,13,26,15,471,3,7,-3296,9,9,3,21,12,1,1,3,2,1,2,6,3,3,1
2,13,26,15,471,5,21,-9890,9,9,3,21,12,1,1,3,2,1,2,6,3,3,1
2,13,26,15,471,7,43,-20252,9,9,3,21,12,1,1,3,2,1,2,6,3,3,6
2,13,26,15,471,11,111,-52280,9,9,3,21,12,1,1,3,2,1,2,6,3,3,3
2,17,34,19,819,-2,7,-5732,9,9,3,27,14,1,3,7,2,2,2,3,3,0,1
2,17,34,19,819,-1,3,-2456,9,9,3,27,14,1,3,7,2,2,2,3,3,0,1
2,17,34,19,819,0,1,-818,9,9,3,27,14,1,3,7,2,2,2,3,3,0,1
2,17,34,19,819,1,1,-818,9,9,3,27,14,1,3,7,2,2,2,3,3,0,1
2,17,34,19,819,2,3,-2456,9,9,3,27,14,1,3,7,2,2,2,3,3,0,1
2,17,34,19,819,3,7,-5732,9,9,3,27,14,1,3,7,2,2,2,3,3,0,1
2,17,34,19,819,5,21,-17198,9,9,3,27,14,1,3,7,2,2,2,3,3,0,1
2,17,34,19,819,7,43,-35216,9,9,3,27,14,1,3,7,2,2,2,3,3,0,1
2,17,34,19,819,11,111,-90908,9,9,3,27,14,1,3,7,2,2,2,3,3,0,1
2,19,38,21,1029,-2,7,-7202,9,9,3,30,15,1,1,3,2,1,2,5,3,0,1
2,19,38,21,1029,-1,3,-3086,9,9,3,30,15,1,1,3,2,1,2,5,3,0,1
2,19,38,21,1029,0,1,-1028,9,9,3,30,15,1,1,3,2,1,2,5,3,0,1
2,19,38,21,1029,1,1,-1028,9,9,3,30,15,1,1,3,2,1,2,5,3,0,1
2,19,38,21,1029,2,3,-3086,9,9,3,30,15,1,1,3,2,1,2,5,3,0,1
2,19,38,21,1029,3,7,-7202,9,9,3,30,15,1,1,3,2,1,2,5,3,0,1
2,19,38,21,1029,5,21,-21608,9,9,3,30,15,1,1,3,2,1,2,5,3,0,1
2,19,38,21,1029,7,43,-44246,9,9,3,30,15,1,1,3,2,1,2,5,3,0,1
2,19,38,21,1029,11,111,-114218,9,9,3,30,15,1,1,3,2,1,2,5,3,0,1
2,23,46,25,1521,-2,7,-10646,9,9,3,36,17,1,9,1,2,2,2,2,3,3,1
2,23,46,25,1521,-1,3,-4562,9,9,3,36,17,1,9,1,2,2,2,2,3,3,2
2,23,46,25,1521,0,1,-1520,9,9,3,36,17,1,9,1,2,2,2,2,3,3,6
2,23,46,25,1521,1,1,-1520,9,9,3,36,17,1,9,1,2,2,2,2,3,3,6
2,23,46,25,1521,2,3,-4562,9,9,3,36,17,1,9,1,2,2,2,2,3,3,2
2,23,46,25,1521,3,7,-10646,9,9,3,36,17,1,9,1,2,2,2,2,3,3,1
2,23,46,25,1521,5,21,-31940,9,9,3,36,17,1,9,1,2,2,2,2,3,3,1
2,23,46,25,1521,7,43,-65402,9,9,3,36,17,1,9,1,2,2,2,2,3,3,6
2,23,46,25,1521,11,111,-168830,9,9,3,36,17,1,9,1,2,2,2,2,3,3,3
2,29,58,31,2439,-2,7,-17072,9,9,3,45,20,1,3,1,2,2,2,1,3,1,1
2,29,58,31,2439,-1,3,-7316,9,9,3,45,20,1,3,1,2,2,2,1,3,1,6
2,29,58,31,2439,0,1,-2438,9,9,3,45,20,1,3,1,2,2,2,1,3,1,5
2,29,58,31,2439,1,1,-2438,9,9,3,45,20,1,3,1,2,2,2,1,3,1,5
2,29,58,31,2439,2,3,-7316,9,9,3,45,20,1,3,1,2,2,2,1,3,1,6
2,29,58,31,2439,3,7,-17072,9,9,3,45,20,1,3,1,2,2,2,1,3,1,1
2,29,58,31,2439,5,21,-51218,9,9,3,45,20,1,3,1,2,2,2,1,3,1,1
2,29,58,31,2439,7,43,-104876,9,9,3,45,20,1,3,1,2,2,2,1,3,1,5
2,29,58,31,2439,11,111,-270728,9,9,3,45,20,1,3,1,2,2,2,1,3,1,4
2,31,62,33,2793,-2,7,-19550,9,9,3,48,21,1,1,21,2,1,2,3,3,0,1
2,31,62,33,2793,-1,3,-8378,9,9,3,48,21,1,1,21,2,1,2,3,3,0,1
2,31,62,33,2793,0,1,-2792,9,9,3,48,21,1,1,21,2,1,2,3,3,0,1
2,31,62,33,2793,1,1,-2792,9,9,3,48,21,1,1,21,2,1,2,3,3,0,1
2,31,62,33,2793,2,3,-8378,9,9,3,48,21,1,1,21,2,1,2,3,3,0,1
2,31,62,33,2793,3,7,-19550,9,9,3,48,21,1,1,21,2,1,2,3,3,0,1
2,31,62,33,2793,5,21,-58652,9,9,3,48,21,1,1,21,2,1,2,3,3,0,1
2,31,62,33,2793,7,43,-120098,9,9,3,48,21,1,1,21,2,1,2,3,3,0,1
2,31,62,33,2793,11,111,-310022,9,9,3,48,21,1,1,21,2,1,2,3,3,0,1
2,37,74,39,3999,-2,7,-27992,9,9,3,57,24,1,1,3,2,1,2,2,3,3,1
2,37,74,39,3999,-1,3,-11996,9,9,3,57,24,1,1,3,2,1,2,2,3,3,2
2,37,74,39,3999,0,1,-3998,9,9,3,57,24,1,1,3,2,1,2,2,3,3,6
2,37,74,39,3999,1,1,-3998,9,9,3,57,24,1,1,3,2,1,2,2,3,3,6
2,37,74,39,3999,2,3,-11996,9,9,3,57,24,1,1,3,2,1,2,2,3,3,2
2,37,74,39,3999,3,7,-27992,9,9,3,57,24,1,1,3,2,1,2,2,3,3,1
2,37,74,39,3999,5,21,-83978,9,9,3,57,24,1,1,3,2,1,2,2,3,3,1
2,37,74,39,3999,7,43,-171956,9,9,3,57,24,1,1,3,2,1,2,2,3,3,6
2,37,74,39,3999,11,111,-443888,9,9,3,57,24,1,1,3,2,1,2,2,3,3,3
2,41,82,43,4923,-2,7,-34460,9,9,3,63,26,1,9,1,2,2,2,6,3,3,1
2,41,82,43,4923,-1,3,-14768,9,9,3,63,26,1,9,1,2,2,2,6,3,3,2
2,41,82,43,4923,0,1,-4922,9,9,3,63,26,1,9,1,2,2,2,6,3,3,6
2,41,82,43,4923,1,1,-4922,9,9,3,63,26,1,9,1,2,2,2,6,3,3,6
2,41,82,43,4923,2,3,-14768,9,9,3,63,26,1,9,1,2,2,2,6,3,3,2
2,41,82,43,4923,3,7,-34460,9,9,3,63,26,1,9,1,2,2,2,6,3,3,1
2,41,82,43,4923,5,21,-103382,9,9,3,63,26,1,9,1,2,2,2,6,3,3,1
2,41,82,43,4923,7,43,-211688,9,9,3,63,26,1,9,1,2,2,2,6,3,3,6
2,41,82,43,4923,11,111,-546452,9,9,3,63,26,1,9,1,2,2,2,6,3,3,3
2,43,86,45,5421,-2,7,-37946,9,9,3,66,27,1,1,3,2,1,2,1,3,1,1
2,43,86,45,5421,-1,3,-16262,9,9,3,66,27,1,1,3,2,1,2,1,3,1,6
2,43,86,45,5421,0,1,-5420,9,9,3,66,27,1,1,3,2,1,2,1,3,1,5
2,43,86,45,5421,1,1,-5420,9,9,3,66,27,1,1,3,2,1,2,1,3,1,5
2,43,86,45,5421,2,3,-16262,9,9,3,66,27,1,1,3,2,1,2,1,3,1,6
2,43,86,45,5421,3,7,-37946,9,9,3,66,27,1,1,3,2,1,2,1,3,1,1
2,43,86,45,5421,5,21,-113840,9,9,3,66,27,1,1,3,2,1,2,1,3,1,1
2,43,86,45,5421,7,43,-233102,9,9,3,66,27,1,1,3,2,1,2,1,3,1,5
2,43,86,45,5421,11,111,-601730,9,9,3,66,27,1,1,3,2,1,2,1,3,1,4
2,47,94,49,6489,-2,7,-45422,9,9,3,72,29,1,3,1,2,2,2,5,3,0,1
2,47,94,49,6489,-1,3,-19466,9,9,3,72,29,1,3,1,2,2,2,5,3,0,1
2,47,94,49,6489,0,1,-6488,9,9,3,72,29,1,3,1,2,2,2,5,3,0,1
2,47,94,49,6489,1,1,-6488,9,9,3,72,29,1,3,1,2,2,2,5,3,0,1
2,47,94,49,6489,2,3,-19466,9,9,3,72,29,1,3,1,2,2,2,5,3,0,1
2,47,94,49,6489,3,7,-45422,9,9,3,72,29,1,3,1,2,2,2,5,3,0,1
2,47,94,49,6489,5,21,-136268,9,9,3,72,29,1,3,1,2,2,2,5,3,0,1
2,47,94,49,6489,7,43,-279026,9,9,3,72,29,1,3,1,2,2,2,5,3,0,1
2,47,94,49,6489,11,111,-720278,9,9,3,72,29,1,3,1,2,2,2,5,3,0,1
2,53,106,55,8271,-2,7,-57896,9,9,3,81,32,1,3,1,2,2,2,4,3,6,1
2,53,106,55,8271,-1,3,-24812,9,9,3,81,32,1,3,1,2,2,2,4,3,6,3
2,53,106,55,8271,0,1,-8270,9,9,3,81,32,1,3,1,2,2,2,4,3,6,4
2,53,106,55,8271,1,1,-8270,9,9,3,81,32,1,3,1,2,2,2,4,3,6,4
2,53,106,55,8271,2,3,-24812,9,9,3,81,32,1,3,1,2,2,2,4,3,6,3
2,53,106,55,8271,3,7,-57896,9,9,3,81,32,1,3,1,2,2,2,4,3,6,1
2,53,106,55,8271,5,21,-173690,9,9,3,81,32,1,3,1,2,2,2,4,3,6,1
2,53,106,55,8271,7,43,-355652,9,9,3,81,32,1,3,1,2,2,2,4,3,6,4
2,53,106,55,8271,11,111,-918080,9,9,3,81,32,1,3,1,2,2,2,4,3,6,5
2,59,118,61,10269,-2,7,-71882,9,9,3,90,35,1,9,7,2,2,2,3,3,0,1
2,59,118,61,10269,-1,3,-30806,9,9,3,90,35,1,9,7,2,2,2,3,3,0,1
2,59,118,61,10269,0,1,-10268,9,9,3,90,35,1,9,7,2,2,2,3,3,0,1
2,59,118,61,10269,1,1,-10268,9,9,3,90,35,1,9,7,2,2,2,3,3,0,1
2,59,118,61,10269,2,3,-30806,9,9,3,90,35,1,9,7,2,2,2,3,3,0,1
2,59,118,61,10269,3,7,-71882,9,9,3,90,35,1,9,7,2,2,2,3,3,0,1
2,59,118,61,10269,5,21,-215648,9,9,3,90,35,1,9,7,2,2,2,3,3,0,1
2,59,118,61,10269,7,43,-441566,9,9,3,90,35,1,9,7,2,2,2,3,3,0,1
2,59,118,61,10269,11,111,-1139858,9,9,3,90,35,1,9,7,2,2,2,3,3,0,1
2,61,122,63,10983,-2,7,-76880,9,9,3,93,36,1,1,3,2,1,2,5,3,0,1
2,61,122,63,10983,-1,3,-32948,9,9,3,93,36,1,1,3,2,1,2,5,3,0,1
2,61,122,63,10983,0,1,-10982,9,9,3,93,36,1,1,3,2,1,2,5,3,0,1
2,61,122,63,10983,1,1,-10982,9,9,3,93,36,1,1,3,2,1,2,5,3,0,1
2,61,122,63,10983,2,3,-32948,9,9,3,93,36,1,1,3,2,1,2,5,3,0,1
2,61,122,63,10983,3,7,-76880,9,9,3,93,36,1,1,3,2,1,2,5,3,0,1
2,61,122,63,10983,5,21,-230642,9,9,3,93,36,1,1,3,2,1,2,5,3,0,1
2,61,122,63,10983,7,43,-472268,9,9,3,93,36,1,1,3,2,1,2,5,3,0,1
2,61,122,63,10983,11,111,-1219112,9,9,3,93,36,1,1,3,2,1,2,5,3,0,1
2,67,134,69,13269,-2,7,-92882,9,9,3,102,39,1,1,3,2,1,2,4,3,6,1
2,67,134,69,13269,-1,3,-39806,9,9,3,102,39,1,1,3,2,1,2,4,3,6,3
2,67,134,69,13269,0,1,-13268,9,9,3,102,39,1,1,3,2,1,2,4,3,6,4
2,67,134,69,13269,1,1,-13268,9,9,3,102,39,1,1,3,2,1,2,4,3,6,4
2,67,134,69,13269,2,3,-39806,9,9,3,102,39,1,1,3,2,1,2,4,3,6,3
2,67,134,69,13269,3,7,-92882,9,9,3,102,39,1,1,3,2,1,2,4,3,6,1
2,67,134,69,13269,5,21,-278648,9,9,3,102,39,1,1,3,2,1,2,4,3,6,1
2,67,134,69,13269,7,43,-570566,9,9,3,102,39,1,1,3,2,1,2,4,3,6,4
2,67,134,69,13269,11,111,-1472858,9,9,3,102,39,1,1,3,2,1,2,4,3,6,5
2,71,142,73,14913,-2,7,-104390,9,9,3,108,41,1,3,1,2,2,2,1,3,1,1
2,71,142,73,14913,-1,3,-44738,9,9,3,108,41,1,3,1,2,2,2,1,3,1,6
2,71,142,73,14913,0,1,-14912,9,9,3,108,41,1,3,1,2,2,2,1,3,1,5
2,71,142,73,14913,1,1,-14912,9,9,3,108,41,1,3,1,2,2,2,1,3,1,5
2,71,142,73,14913,2,3,-44738,9,9,3,108,41,1,3,1,2,2,2,1,3,1,6
2,71,142,73,14913,3,7,-104390,9,9,3,108,41,1,3,1,2,2,2,1,3,1,1
2,71,142,73,14913,5,21,-313172,9,9,3,108,41,1,3,1,2,2,2,1,3,1,1
2,71,142,73,14913,7,43,-641258,9,9,3,108,41,1,3,1,2,2,2,1,3,1,5
2,71,142,73,14913,11,111,-1655342,9,9,3,108,41,1,3,1,2,2,2,1,3,1,4
2,73,146,75,15771,-2,7,-110396,9,9,3,111,42,1,1,21,2,1,2,3,3,0,1
2,73,146,75,15771,-1,3,-47312,9,9,3,111,42,1,1,21,2,1,2,3,3,0,1
2,73,146,75,15771,0,1,-15770,9,9,3,111,42,1,1,21,2,1,2,3,3,0,1
2,73,146,75,15771,1,1,-15770,9,9,3,111,42,1,1,21,2,1,2,3,3,0,1
2,73,146,75,15771,2,3,-47312,9,9,3,111,42,1,1,21,2,1,2,3,3,0,1
2,73,146,75,15771,3,7,-110396,9,9,3,111,42,1,1,21,2,1,2,3,3,0,1
2,73,146,75,15771,5,21,-331190,9,9,3,111,42,1,1,21,2,1,2,3,3,0,1
2,73,146,75,15771,7,43,-678152,9,9,3,111,42,1,1,21,2,1,2,3,3,0,1
2,73,146,75,15771,11,111,-1750580,9,9,3,111,42,1,1,21,2,1,2,3,3,0,1
2,79,158,81,18489,-2,7,-129422,9,9,3,120,45,1,1,3,2,1,2,2,3,3,1
2,79,158,81,18489,-1,3,-55466,9,9,3,120,45,1,1,3,2,1,2,2,3,3,2
2,79,158,81,18489,0,1,-18488,9,9,3,120,45,1,1,3,2,1,2,2,3,3,6
2,79,158,81,18489,1,1,-18488,9,9,3,120,45,1,1,3,2,1,2,2,3,3,6
2,79,158,81,18489,2,3,-55466,9,9,3,120,45,1,1,3,2,1,2,2,3,3,2
2,79,158,81,18489,3,7,-129422,9,9,3,120,45,1,1,3,2,1,2,2,3,3,1
2,79,158,81,18489,5,21,-388268,9,9,3,120,45,1,1,3,2,1,2,2,3,3,1
2,79,158,81,18489,7,43,-795026,9,9,3,120,45,1,1,3,2,1,2,2,3,3,6
2,79,158,81,18489,11,111,-2052278,9,9,3,120,45,1,1,3,2,1,2,2,3,3,3
2,83,166,85,20421,-2,7,-142946,9,9,3,126,47,1,3,1,2,2,2,6,3,3,1
2,83,166,85,20421,-1,3,-61262,9,9,3,126,47,1,3,1,2,2,2,6,3,3,2
2,83,166,85,20421,0,1,-20420,9,9,3,126,47,1,3,1,2,2,2,6,3,3,6
2,83,166,85,20421,1,1,-20420,9,9,3,126,47,1,3,1,2,2,2,6,3,3,6
2,83,166,85,20421,2,3,-61262,9,9,3,126,47,1,3,1,2,2,2,6,3,3,2
2,83,166,85,20421,3,7,-142946,9,9,3,126,47,1,3,1,2,2,2,6,3,3,1
2,83,166,85,20421,5,21,-428840,9,9,3,126,47,1,3,1,2,2,2,6,3,3,1
2,83,166,85,20421,7,43,-878102,9,9,3,126,47,1,3,1,2,2,2,6,3,3,6
2,83,166,85,20421,11,111,-2266730,9,9,3,126,47,1,3,1,2,2,2,6,3,3,3
2,89,178,91,23499,-2,7,-164492,9,9,3,135,50,1,3,1,2,2,2,5,3,0,1
2,89,178,91,23499,-1,3,-70496,9,9,3,135,50,1,3,1,2,2,2,5,3,0,1
2,89,178,91,23499,0,1,-23498,9,9,3,135,50,1,3,1,2,2,2,5,3,0,1
2,89,178,91,23499,1,1,-23498,9,9,3,135,50,1,3,1,2,2,2,5,3,0,1
2,89,178,91,23499,2,3,-70496,9,9,3,135,50,1,3,1,2,2,2,5,3,0,1
2,89,178,91,23499,3,7,-164492,9,9,3,135,50,1,3,1,2,2,2,5,3,0,1
2,89,178,91,23499,5,21,-493478,9,9,3,135,50,1,3,1,2,2,2,5,3,0,1
2,89,178,91,23499,7,43,-1010456,9,9,3,135,50,1,3,1,2,2,2,5,3,0,1
2,89,178,91,23499,11,111,-2608388,9,9,3,135,50,1,3,1,2,2,2,5,3,0,1
2,97,194,99,27939,-2,7,-195572,9,9,3,147,54,1,1,3,2,1,2,6,3,3,1
2,97,194,99,27939,-1,3,-83816,9,9,3,147,54,1,1,3,2,1,2,6,3,3,2
2,97,194,99,27939,0,1,-27938,9,9,3,147,54,1,1,3,2,1,2,6,3,3,6
2,97,194,99,27939,1,1,-27938,9,9,3,147,54,1,1,3,2,1,2,6,3,3,6
2,97,194,99,27939,2,3,-83816,9,9,3,147,54,1,1,3,2,1,2,6,3,3,2
2,97,194,99,27939,3,7,-195572,9,9,3,147,54,1,1,3,2,1,2,6,3,3,1
2,97,194,99,27939,5,21,-586718,9,9,3,147,54,1,1,3,2,1,2,6,3,3,1
2,97,194,99,27939,7,43,-1201376,9,9,3,147,54,1,1,3,2,1,2,6,3,3,6
2,97,194,99,27939,11,111,-3101228,9,9,3,147,54,1,1,3,2,1,2,6,3,3,3
2,101,202,103,30303,-2,7,-212120,9,9,3,153,56,1,3,7,2,2,2,3,3,0,1
2,101,202,103,30303,-1,3,-90908,9,9,3,153,56,1,3,7,2,2,2,3,3,0,1
2,101,202,103,30303,0,1,-30302,9,9,3,153,56,1,3,7,2,2,2,3,3,0,1
2,101,202,103,30303,1,1,-30302,9,9,3,153,56,1,3,7,2,2,2,3,3,0,1
2,101,202,103,30303,2,3,-90908,9,9,3,153,56,1,3,7,2,2,2,3,3,0,1
2,101,202,103,30303,3,7,-212120,9,9,3,153,56,1,3,7,2,2,2,3,3,0,1
2,101,202,103,30303,5,21,-636362,9,9,3,153,56,1,3,7,2,2,2,3,3,0,1
2,101,202,103,30303,7,43,-1303028,9,9,3,153,56,1,3,7,2,2,2,3,3,0,1
2,101,202,103,30303,11,111,-3363632,9,9,3,153,56,1,3,7,2,2,2,3,3,0,1
2,103,206,105,31521,-2,7,-220646,9,9,3,156,57,1,1,3,2,1,2,5,3,0,1
2,103,206,105,31521,-1,3,-94562,9,9,3,156,57,1,1,3,2,1,2,5,3,0,1
2,103,206,105,31521,0,1,-31520,9,9,3,156,57,1,1,3,2,1,2,5,3,0,1
2,103,206,105,31521,1,1,-31520,9,9,3,156,57,1,1,3,2,1,2,5,3,0,1
2,103,206,105,31521,2,3,-94562,9,9,3,156,57,1,1,3,2,1,2,5,3,0,1
2,103,206,105,31521,3,7,-220646,9,9,3,156,57,1,1,3,2,1,2,5,3,0,1
2,103,206,105,31521,5,21,-661940,9,9,3,156,57,1,1,3,2,1,2,5,3,0,1
2,103,206,105,31521,7,43,-1355402,9,9,3,156,57,1,1,3,2,1,2,5,3,0,1
2,103,206,105,31521,11,111,-3498830,9,9,3,156,57,1,1,3,2,1,2,5,3,0,1
2,107,214,109,34029,-2,7,-238202,9,9,3,162,59,1,3,1,2,2,2,2,3,3,1
2,107,214,109,34029,-1,3,-102086,9,9,3,162,59,1,3,1,2,2,2,2,3,3,2
2,107,214,109,34029,0,1,-34028,9,9,3,162,59,1,3,1,2,2,2,2,3,3,6
2,107,214,109,34029,1,1,-34028,9,9,3,162,59,1,3,1,2,2,2,2,3,3,6
2,107,214,109,34029,2,3,-102086,9,9,3,162,59,1,3,1,2,2,2,2,3,3,2
2,107,214,109,34029,3,7,-238202,9,9,3,162,59,1,3,1,2,2,2,2,3,3,1
2,107,214,109,34029,5,21,-714608,9,9,3,162,59,1,3,1,2,2,2,2,3,3,1
2,107,214,109,34029,7,43,-1463246,9,9,3,162,59,1,3,1,2,2,2,2,3,3,6
2,107,214,109,34029,11,111,-3777218,9,9,3,162,59,1,3,1,2,2,2,2,3,3,3
2,109,218,111,35319,-2,7,-247232,9,9,3,165,60,1,1,3,2,1,2,4,3,6,1
2,109,218,111,35319,-1,3,-105956,9,9,3,165,60,1,1,3,2,1,2,4,3,6,3
2,109,218,111,35319,0,1,-35318,9,9,3,165,60,1,1,3,2,1,2,4,3,6,4
2,109,218,111,35319,1,1,-35318,9,9,3,165,60,1,1,3,2,1,2,4,3,6,4
2,109,218,111,35319,2,3,-105956,9,9,3,165,60,1,1,3,2,1,2,4,3,6,3
2,109,218,111,35319,3,7,-247232,9,9,3,165,60,1,1,3,2,1,2,4,3,6,1
2,109,218,111,35319,5,21,-741698,9,9,3,165,60,1,1,3,2,1,2,4,3,6,1
2,109,218,111,35319,7,43,-1518716,9,9,3,165,60,1,1,3,2,1,2,4,3,6,4
2,109,218,111,35319,11,111,-3920408,9,9,3,165,60,1,1,3,2,1,2,4,3,6,5
2,113,226,115,37971,-2,7,-265796,9,9,3,171,62,1,9,1,2,2,2,1,3,1,1
2,113,226,115,37971,-1,3,-113912,9,9,3,171,62,1,9,1,2,2,2,1,3,1,6
2,113,226,115,37971,0,1,-37970,9,9,3,171,62,1,9,1,2,2,2,1,3,1,5
2,113,226,115,37971,1,1,-37970,9,9,3,171,62,1,9,1,2,2,2,1,3,1,5
2,113,226,115,37971,2,3,-113912,9,9,3,171,62,1,9,1,2,2,2,1,3,1,6
2,113,226,115,37971,3,7,-265796,9,9,3,171,62,1,9,1,2,2,2,1,3,1,1
2,113,226,115,37971,5,21,-797390,9,9,3,171,62,1,9,1,2,2,2,1,3,1,1
2,113,226,115,37971,7,43,-1632752,9,9,3,171,62,1,9,1,2,2,2,1,3,1,5
2,113,226,115,37971,11,111,-4214780,9,9,3,171,62,1,9,1,2,2,2,1,3,1,4
2,127,254,129,48009,-2,7,-336062,9,9,3,192,69,1,1,3,2,1,2,1,3,1,1
2,127,254,129,48009,-1,3,-144026,9,9,3,192,69,1,1,3,2,1,2,1,3,1,6
2,127,254,129,48009,0,1,-48008,9,9,3,192,69,1,1,3,2,1,2,1,3,1,5
2,127,254,129,48009,1,1,-48008,9,9,3,192,69,1,1,3,2,1,2,1,3,1,5
2,127,254,129,48009,2,3,-144026,9,9,3,192,69,1,1,3,2,1,2,1,3,1,6
2,127,254,129,48009,3,7,-336062,9,9,3,192,69,1,1,3,2,1,2,1,3,1,1
2,127,254,129,48009,5,21,-1008188,9,9,3,192,69,1,1,3,2,1,2,1,3,1,1
2,127,254,129,48009,7,43,-2064386,9,9,3,192,69,1,1,3,2,1,2,1,3,1,5
2,127,254,129,48009,11,111,-5328998,9,9,3,192,69,1,1,3,2,1,2,1,3,1,4
2,131,262,133,51093,-2,7,-357650,9,9,3,198,71,1,9,1,2,2,2,5,3,0,1
2,131,262,133,51093,-1,3,-153278,9,9,3,198,71,1,9,1,2,2,2,5,3,0,1
2,131,262,133,51093,0,1,-51092,9,9,3,198,71,1,9,1,2,2,2,5,3,0,1
2,131,262,133,51093,1,1,-51092,9,9,3,198,71,1,9,1,2,2,2,5,3,0,1
2,131,262,133,51093,2,3,-153278,9,9,3,198,71,1,9,1,2,2,2,5,3,0,1
2,131,262,133,51093,3,7,-357650,9,9,3,198,71,1,9,1,2,2,2,5,3,0,1
2,131,262,133,51093,5,21,-1072952,9,9,3,198,71,1,9,1,2,2,2,5,3,0,1
2,131,262,133,51093,7,43,-2196998,9,9,3,198,71,1,9,1,2,2,2,5,3,0,1
2,131,262,133,51093,11,111,-5671322,9,9,3,198,71,1,9,1,2,2,2,5,3,0,1
2,137,274,139,55899,-2,7,-391292,9,9,3,207,74,1,3,1,2,2,2,4,3,6,1
2,137,274,139,55899,-1,3,-167696,9,9,3,207,74,1,3,1,2,2,2,4,3,6,3
2,137,274,139,55899,0,1,-55898,9,9,3,207,74,1,3,1,2,2,2,4,3,6,4
2,137,274,139,55899,1,1,-55898,9,9,3,207,74,1,3,1,2,2,2,4,3,6,4
2,137,274,139,55899,2,3,-167696,9,9,3,207,74,1,3,1,2,2,2,4,3,6,3
2,137,274,139,55899,3,7,-391292,9,9,3,207,74,1,3,1,2,2,2,4,3,6,1
2,137,274,139,55899,5,21,-1173878,9,9,3,207,74,1,3,1,2,2,2,4,3,6,1
2,137,274,139,55899,7,43,-2403656,9,9,3,207,74,1,3,1,2,2,2,4,3,6,4
2,137,274,139,55899,11,111,-6204788,9,9,3,207,74,1,3,1,2,2,2,4,3,6,5
2,139,278,141,57549,-2,7,-402842,9,9,3,210,75,1,1,3,2,1,2,6,3,3,1
2,139,278,141,57549,-1,3,-172646,9,9,3,210,75,1,1,3,2,1,2,6,3,3,2
2,139,278,141,57549,0,1,-57548,9,9,3,210,75,1,1,3,2,1,2,6,3,3,6
2,139,278,141,57549,1,1,-57548,9,9,3,210,75,1,1,3,2,1,2,6,3,3,6
2,139,278,141,57549,2,3,-172646,9,9,3,210,75,1,1,3,2,1,2,6,3,3,2
2,139,278,141,57549,3,7,-402842,9,9,3,210,75,1,1,3,2,1,2,6,3,3,1
2,139,278,141,57549,5,21,-1208528,9,9,3,210,75,1,1,3,2,1,2,6,3,3,1
2,139,278,141,57549,7,43,-2474606,9,9,3,210,75,1,1,3,2,1,2,6,3,3,6
2,139,278,141,57549,11,111,-6387938,9,9,3,210,75,1,1,3,2,1,2,6,3,3,3
2,149,298,151,66159,-2,7,-463112,9,9,3,225,80,1,9,1,2,2,2,2,3,3,1
2,149,298,151,66159,-1,3,-198476,9,9,3,225,80,1,9,1,2,2,2,2,3,3,2
2,149,298,151,66159,0,1,-66158,9,9,3,225,80,1,9,1,2,2,2,2,3,3,6
2,149,298,151,66159,1,1,-66158,9,9,3,225,80,1,9,1,2,2,2,2,3,3,6
2,149,298,151,66159,2,3,-198476,9,9,3,225,80,1,9,1,2,2,2,2,3,3,2
2,149,298,151,66159,3,7,-463112,9,9,3,225,80,1,9,1,2,2,2,2,3,3,1
2,149,298,151,66159,5,21,-1389338,9,9,3,225,80,1,9,1,2,2,2,2,3,3,1
2,149,298,151,66159,7,43,-2844836,9,9,3,225,80,1,9,1,2,2,2,2,3,3,6
2,149,298,151,66159,11,111,-7343648,9,9,3,225,80,1,9,1,2,2,2,2,3,3,3
2,151,302,153,67953,-2,7,-475670,9,9,3,228,81,1,1,3,2,1,2,4,3,6,1
2,151,302,153,67953,-1,3,-203858,9,9,3,228,81,1,1,3,2,1,2,4,3,6,3
2,151,302,153,67953,0,1,-67952,9,9,3,228,81,1,1,3,2,1,2,4,3,6,4
2,151,302,153,67953,1,1,-67952,9,9,3,228,81,1,1,3,2,1,2,4,3,6,4
2,151,302,153,67953,2,3,-203858,9,9,3,228,81,1,1,3,2,1,2,4,3,6,3
2,151,302,153,67953,3,7,-475670,9,9,3,228,81,1,1,3,2,1,2,4,3,6,1
2,151,302,153,67953,5,21,-1427012,9,9,3,228,81,1,1,3,2,1,2,4,3,6,1
2,151,302,153,67953,7,43,-2921978,9,9,3,228,81,1,1,3,2,1,2,4,3,6,4
2,151,302,153,67953,11,111,-7542782,9,9,3,228,81,1,1,3,2,1,2,4,3,6,5
2,157,314,159,73479,-2,7,-514352,9,9,3,237,84,1,1,21,2,1,2,3,3,0,1
2,157,314,159,73479,-1,3,-220436,9,9,3,237,84,1,1,21,2,1,2,3,3,0,1
2,157,314,159,73479,0,1,-73478,9,9,3,237,84,1,1,21,2,1,2,3,3,0,1
2,157,314,159,73479,1,1,-73478,9,9,3,237,84,1,1,21,2,1,2,3,3,0,1
2,157,314,159,73479,2,3,-220436,9,9,3,237,84,1,1,21,2,1,2,3,3,0,1
2,157,314,159,73479,3,7,-514352,9,9,3,237,84,1,1,21,2,1,2,3,3,0,1
2,157,314,159,73479,5,21,-1543058,9,9,3,237,84,1,1,21,2,1,2,3,3,0,1
2,157,314,159,73479,7,43,-3159596,9,9,3,237,84,1,1,21,2,1,2,3,3,0,1
2,157,314,159,73479,11,111,-8156168,9,9,3,237,84,1,1,21,2,1,2,3,3,0,1
2,163,326,165,79221,-2,7,-554546,9,9,3,246,87,1,1,3,2,1,2,2,3,3,1
2,163,326,165,79221,-1,3,-237662,9,9,3,246,87,1,1,3,2,1,2,2,3,3,2
2,163,326,165,79221,0,1,-79220,9,9,3,246,87,1,1,3,2,1,2,2,3,3,6
2,163,326,165,79221,1,1,-79220,9,9,3,246,87,1,1,3,2,1,2,2,3,3,6
2,163,326,165,79221,2,3,-237662,9,9,3,246,87,1,1,3,2,1,2,2,3,3,2
2,163,326,165,79221,3,7,-554546,9,9,3,246,87,1,1,3,2,1,2,2,3,3,1
2,163,326,165,79221,5,21,-1663640,9,9,3,246,87,1,1,3,2,1,2,2,3,3,1
2,163,326,165,79221,7,43,-3406502,9,9,3,246,87,1,1,3,2,1,2,2,3,3,6
2,163,326,165,79221,11,111,-8793530,9,9,3,246,87,1,1,3,2,1,2,2,3,3,3
2,167,334,169,83169,-2,7,-582182,9,9,3,252,89,1,9,1,2,2,2,6,3,3,1
2,167,334,169,83169,-1,3,-249506,9,9,3,252,89,1,9,1,2,2,2,6,3,3,2
2,167,334,169,83169,0,1,-83168,9,9,3,252,89,1,9,1,2,2,2,6,3,3,6
2,167,334,169,83169,1,1,-83168,9,9,3,252,89,1,9,1,2,2,2,6,3,3,6
2,167,334,169,83169,2,3,-249506,9,9,3,252,89,1,9,1,2,2,2,6,3,3,2
2,167,334,169,83169,3,7,-582182,9,9,3,252,89,1,9,1,2,2,2,6,3,3,1
2,167,334,169,83169,5,21,-1746548,9,9,3,252,89,1,9,1,2,2,2,6,3,3,1
2,167,334,169,83169,7,43,-3576266,9,9,3,252,89,1,9,1,2,2,2,6,3,3,6
2,167,334,169,83169,11,111,-9231758,9,9,3,252,89,1,9,1,2,2,2,6,3,3,3
2,173,346,175,89271,-2,7,-624896,9,9,3,261,92,1,3,1,2,2,2,5,3,0,1
2,173,346,175,89271,-1,3,-267812,9,9,3,261,92,1,3,1,2,2,2,5,3,0,1
2,173,346,175,89271,0,1,-89270,9,9,3,261,92,1,3,1,2,2,2,5,3,0,1
2,173,346,175,89271,1,1,-89270,9,9,3,261,92,1,3,1,2,2,2,5,3,0,1
2,173,346,175,89271,2,3,-267812,9,9,3,261,92,1,3,1,2,2,2,5,3,0,1
2,173,346,175,89271,3,7,-624896,9,9,3,261,92,1,3,1,2,2,2,5,3,0,1
2,173,346,175,89271,5,21,-1874690,9,9,3,261,92,1,3,1,2,2,2,5,3,0,1
2,173,346,175,89271,7,43,-3838652,9,9,3,261,92,1,3,1,2,2,2,5,3,0,1
2,173,346,175,89271,11,111,-9909080,9,9,3,261,92,1,3,1,2,2,2,5,3,0,1
2,179,358,181,95589,-2,7,-669122,9,9,3,270,95,1,3,1,2,2,2,4,3,6,1
2,179,358,181,95589,-1,3,-286766,9,9,3,270,95,1,3,1,2,2,2,4,3,6,3
2,179,358,181,95589,0,1,-95588,9,9,3,270,95,1,3,1,2,2,2,4,3,6,4
2,179,358,181,95589,1,1,-95588,9,9,3,270,95,1,3,1,2,2,2,4,3,6,4
2,179,358,181,95589,2,3,-286766,9,9,3,270,95,1,3,1,2,2,2,4,3,6,3
2,179,358,181,95589,3,7,-669122,9,9,3,270,95,1,3,1,2,2,2,4,3,6,1
2,179,358,181,95589,5,21,-2007368,9,9,3,270,95,1,3,1,2,2,2,4,3,6,1
2,179,358,181,95589,7,43,-4110326,9,9,3,270,95,1,3,1,2,2,2,4,3,6,4
2,179,358,181,95589,11,111,-10610378,9,9,3,270,95,1,3,1,2,2,2,4,3,6,5
2,181,362,183,97743,-2,7,-684200,9,9,3,273,96,1,1,3,2,1,2,6,3,3,1
2,181,362,183,97743,-1,3,-293228,9,9,3,273,96,1,1,3,2,1,2,6,3,3,2
2,181,362,183,97743,0,1,-97742,9,9,3,273,96,1,1,3,2,1,2,6,3,3,6
2,181,362,183,97743,1,1,-97742,9,9,3,273,96,1,1,3,2,1,2,6,3,3,6
2,181,362,183,97743,2,3,-293228,9,9,3,273,96,1,1,3,2,1,2,6,3,3,2
2,181,362,183,97743,3,7,-684200,9,9,3,273,96,1,1,3,2,1,2,6,3,3,1
2,181,362,183,97743,5,21,-2052602,9,9,3,273,96,1,1,3,2,1,2,6,3,3,1
2,181,362,183,97743,7,43,-4202948,9,9,3,273,96,1,1,3,2,1,2,6,3,3,6
2,181,362,183,97743,11,111,-10849472,9,9,3,273,96,1,1,3,2,1,2,6,3,3,3
2,191,382,193,108873,-2,7,-762110,9,9,3,288,101,1,3,1,2,2,2,2,3,3,1
2,191,382,193,108873,-1,3,-326618,9,9,3,288,101,1,3,1,2,2,2,2,3,3,2
2,191,382,193,108873,0,1,-108872,9,9,3,288,101,1,3,1,2,2,2,2,3,3,6
2,191,382,193,108873,1,1,-108872,9,9,3,288,101,1,3,1,2,2,2,2,3,3,6
2,191,382,193,108873,2,3,-326618,9,9,3,288,101,1,3,1,2,2,2,2,3,3,2
2,191,382,193,108873,3,7,-762110,9,9,3,288,101,1,3,1,2,2,2,2,3,3,1
2,191,382,193,108873,5,21,-2286332,9,9,3,288,101,1,3,1,2,2,2,2,3,3,1
2,191,382,193,108873,7,43,-4681538,9,9,3,288,101,1,3,1,2,2,2,2,3,3,6
2,191,382,193,108873,11,111,-12084902,9,9,3,288,101,1,3,1,2,2,2,2,3,3,3
2,193,386,195,111171,-2,7,-778196,9,9,3,291,102,1,1,3,2,1,2,4,3,6,1
2,193,386,195,111171,-1,3,-333512,9,9,3,291,102,1,1,3,2,1,2,4,3,6,3
2,193,386,195,111171,0,1,-111170,9,9,3,291,102,1,1,3,2,1,2,4,3,6,4
2,193,386,195,111171,1,1,-111170,9,9,3,291,102,1,1,3,2,1,2,4,3,6,4
2,193,386,195,111171,2,3,-333512,9,9,3,291,102,1,1,3,2,1,2,4,3,6,3
2,193,386,195,111171,3,7,-778196,9,9,3,291,102,1,1,3,2,1,2,4,3,6,1
2,193,386,195,111171,5,21,-2334590,9,9,3,291,102,1,1,3,2,1,2,4,3,6,1
2,193,386,195,111171,7,43,-4780352,9,9,3,291,102,1,1,3,2,1,2,4,3,6,4
2,193,386,195,111171,11,111,-12339980,9,9,3,291,102,1,1,3,2,1,2,4,3,6,5
2,197,394,199,115839,-2,7,-810872,9,9,3,297,104,1,3,1,2,2,2,1,3,1,1
2,197,394,199,115839,-1,3,-347516,9,9,3,297,104,1,3,1,2,2,2,1,3,1,6
2,197,394,199,115839,0,1,-115838,9,9,3,297,104,1,3,1,2,2,2,1,3,1,5
2,197,394,199,115839,1,1,-115838,9,9,3,297,104,1,3,1,2,2,2,1,3,1,5
2,197,394,199,115839,2,3,-347516,9,9,3,297,104,1,3,1,2,2,2,1,3,1,6
2,197,394,199,115839,3,7,-810872,9,9,3,297,104,1,3,1,2,2,2,1,3,1,1
2,197,394,199,115839,5,21,-2432618,9,9,3,297,104,1,3,1,2,2,2,1,3,1,1
2,197,394,199,115839,7,43,-4981076,9,9,3,297,104,1,3,1,2,2,2,1,3,1,5
2,197,394,199,115839,11,111,-12858128,9,9,3,297,104,1,3,1,2,2,2,1,3,1,4
2,199,398,201,118209,-2,7,-827462,9,9,3,300,105,1,1,21,2,1,2,3,3,0,1
2,199,398,201,118209,-1,3,-354626,9,9,3,300,105,1,1,21,2,1,2,3,3,0,1
2,199,398,201,118209,0,1,-118208,9,9,3,300,105,1,1,21,2,1,2,3,3,0,1
2,199,398,201,118209,1,1,-118208,9,9,3,300,105,1,1,21,2,1,2,3,3,0,1
2,199,398,201,118209,2,3,-354626,9,9,3,300,105,1,1,21,2,1,2,3,3,0,1
2,199,398,201,118209,3,7,-827462,9,9,3,300,105,1,1,21,2,1,2,3,3,0,1
2,199,398,201,118209,5,21,-2482388,9,9,3,300,105,1,1,21,2,1,2,3,3,0,1
2,199,398,201,118209,7,43,-5082986,9,9,3,300,105,1,1,21,2,1,2,3,3,0,1
2,199,398,201,118209,11,111,-13121198,9,9,3,300,105,1,1,21,2,1,2,3,3,0,1
3,5,15,8,147,-2,7,-1028,0,0,12,7,3,3,7,1,0,2,3,5,0,0,1
3,5,15,8,147,-1,3,-440,0,0,12,7,3,3,7,1,0,2,3,5,0,0,1
3,5,15,8,147,0,1,-146,0,0,12,7,3,3,7,1,0,2,3,5,0,0,1
3,5,15,8,147,1,1,-146,0,0,12,7,3,3,7,1,0,2,3,5,0,0,1
3,5,15,8,147,2,3,-440,0,0,12,7,3,3,7,1,0,2,3,5,0,0,1
3,5,15,8,147,3,7,-1028,0,0,12,7,3,3,7,1,0,2,3,5,0,0,1
3,5,15,8,147,5,21,-3086,0,0,12,7,3,3,7,1,0,2,3,5,0,0,1
3,5,15,8,147,7,43,-6320,0,0,12,7,3,3,7,1,0,2,3,5,0,0,1
3,5,15,8,147,11,111,-16316,0,0,12,7,3,3,7,1,0,2,3,5,0,0,1
3,7,21,10,301,-2,7,-2106,4,4,7,1,15,7,1,1,0,1,3,0,0,1,1
3,7,21,10,301,-1,3,-902,4,4,7,1,15,7,1,1,0,1,3,0,0,1,1
3,7,21,10,301,0,1,-300,4,4,7,1,15,7,1,1,0,1,3,0,0,1,1
3,7,21,10,301,1,1,-300,4,4,7,1,15,7,1,1,0,1,3,0,0,1,1
3,7,21,10,301,2,3,-902,4,4,7,1,15,7,1,1,0,1,3,0,0,1,1
3,7,21,10,301,3,7,-2106,4,4,7,1,15,7,1,1,0,1,3,0,0,1,1
3,7,21,10,301,5,21,-6320,4,4,7,1,15,7,1,1,0,1,3,0,0,1,1
3,7,21,10,301,7,43,-12942,4,4,7,1,15,7,1,1,0,1,3,0,0,1,1
3,7,21,10,301,11,111,-33410,4,4,7,1,15,7,1,1,0,1,3,0,0,1,1
3,11,33,14,777,-2,7,-5438,36,3,18,9,29,3,1,1,0,2,3,4,0,6,1
3,11,33,14,777,-1,3,-2330,36,3,18,9,29,3,1,1,0,2,3,4,0,6,1
3,11,33,14,777,0,1,-776,36,3,18,9,29,3,1,1,0,2,3,4,0,6,1
3,11,33,14,777,1,1,-776,36,3,18,9,29,3,1,1,0,2,3,4,0,6,1
3,11,33,14,777,2,3,-2330,36,3,18,9,29,3,1,1,0,2,3,4,0,6,1
3,11,33,14,777,3,7,-5438,36,3,18,9,29,3,1,1,0,2,3,4,0,6,1
3,11,33,14,777,5,21,-16316,36,3,18,9,29,3,1,1,0,2,3,4,0,6,1
3,11,33,14,777,7,43,-33410,36,3,18,9,29,3,1,1,0,2,3,4,0,6,1
3,11,33,14,777,11,111,-86246,36,3,18,9,29,3,1,1,0,2,3,4,0,6,1
3,13,39,16,1099,-2,7,-7692,64,25,7,35,19,1,1,1,0,1,3,6,0,3,1
3,13,39,16,1099,-1,3,-3296,64,25,7,35,19,1,1,1,0,1,3,6,0,3,1
3,13,39,16,1099,0,1,-1098,64,25,7,35,19,1,1,1,0,1,3,6,0,3,1
3,13,39,16,1099,1,1,-1098,64,25,7,35,19,1,1,1,0,1,3,6,0,3,1
3,13,39,16,1099,2,3,-3296,64,25,7,35,19,1,1,1,0,1,3,6,0,3,1
3,13,39,16,1099,3,7,-7692,64,25,7,35,19,1,1,1,0,1,3,6,0,3,1
3,13,39,16,1099,5,21,-23078,64,25,7,35,19,1,1,1,0,1,3,6,0,3,1
3,13,39,16,1099,7,43,-47256,64,25,7,35,19,1,1,1,0,1,3,6,0,3,1
3,13,39,16,1099,11,111,-121988,64,25,7,35,19,1,1,1,0,1,3,6,0,3,1
3,17,51,20,1911,-2,7,-13376,144,42,24,11,39,3,1,13,0,2,3,3,0,0,1
3,17,51,20,1911,-1,3,-5732,144,42,24,11,39,3,1,13,0,2,3,3,0,0,1
3,17,51,20,1911,0,1,-1910,144,42,24,11,39,3,1,13,0,2,3,3,0,0,1
3,17,51,20,1911,1,1,-1910,144,42,24,11,39,3,1,13,0,2,3,3,0,0,1
3,17,51,20,1911,2,3,-5732,144,42,24,11,39,3,1,13,0,2,3,3,0,0,1
3,17,51,20,1911,3,7,-13376,144,42,24,11,39,3,1,13,0,2,3,3,0,0,1
3,17,51,20,1911,5,21,-40130,144,42,24,11,39,3,1,13,0,2,3,3,0,0,1
3,17,51,20,1911,7,43,-82172,144,42,24,11,39,3,1,13,0,2,3,3,0,0,1
3,17,51,20,1911,11,111,-212120,144,42,24,11,39,3,1,13,0,2,3,3,0,0,1
3,19,57,22,2401,-2,7,-16806,196,25,7,49,23,1,7,1,0,1,3,5,0,0,1
3,19,57,22,2401,-1,3,-7202,196,25,7,49,23,1,7,1,0,1,3,5,0,0,1
3,19,57,22,2401,0,1,-2400,196,25,7,49,23,1,7,1,0,1,3,5,0,0,1
3,19,57,22,2401,1,1,-2400,196,25,7,49,23,1,7,1,0,1,3,5,0,0,1
3,19,57,22,2401,2,3,-7202,196,25,7,49,23,1,7,1,0,1,3,5,0,0,1
3,19,57,22,2401,3,7,-16806,196,25,7,49,23,1,7,1,0,1,3,5,0,0,1
3,19,57,22,2401,5,21,-50420,196,25,7,49,23,1,7,1,0,1,3,5,0,0,1
3,19,57,22,2401,7,43,-103242,196,25,7,49,23,1,7,1,0,1,3,5,0,0,1
3,19,57,22,2401,11,111,-266510,196,25,7,49,23,1,7,1,0,1,3,5,0,0,1
3,23,69,26,3549,-2,7,-24842,324,48,30,13,49,3,1,7,0,2,3,2,0,3,1
3,23,69,26,3549,-1,3,-10646,324,48,30,13,49,3,1,7,0,2,3,2,0,3,1
3,23,69,26,3549,0,1,-3548,324,48,30,13,49,3,1,7,0,2,3,2,0,3,1
3,23,69,26,3549,1,1,-3548,324,48,30,13,49,3,1,7,0,2,3,2,0,3,1
3,23,69,26,3549,2,3,-10646,324,48,30,13,49,3,1,7,0,2,3,2,0,3,1
3,23,69,26,3549,3,7,-24842,324,48,30,13,49,3,1,7,0,2,3,2,0,3,1
3,23,69,26,3549,5,21,-74528,324,48,30,13,49,3,1,7,0,2,3,2,0,3,1
3,23,69,26,3549,7,43,-152606,324,48,30,13,49,3,1,7,0,2,3,2,0,3,1
3,23,69,26,3549,11,111,-393938,324,48,30,13,49,3,1,7,0,2,3,2,0,3,1
3,29,87,32,5691,-2,7,-39836,576,54,36,15,59,3,1,1,0,2,3,1,0,1,1
3,29,87,32,5691,-1,3,-17072,576,54,36,15,59,3,1,1,0,2,3,1,0,1,1
3,29,87,32,5691,0,1,-5690,576,54,36,15,59,3,1,1,0,2,3,1,0,1,1
3,29,87,32,5691,1,1,-5690,576,54,36,15,59,3,1,1,0,2,3,1,0,1,1
3,29,87,32,5691,2,3,-17072,576,54,36,15,59,3,1,1,0,2,3,1,0,1,1
3,29,87,32,5691,3,7,-39836,576,54,36,15,59,3,1,1,0,2,3,1,0,1,1
3,29,87,32,5691,5,21,-119510,576,54,36,15,59,3,1,1,0,2,3,1,0,1,1
3,29,87,32,5691,7,43,-244712,576,54,36,15,59,3,1,1,0,2,3,1,0,1,1
3,29,87,32,5691,11,111,-631700,576,54,36,15,59,3,1,1,0,2,3,1,0,1,1
3,31,93,34,6517,-2,7,-45618,676,25,7,77,31,1,1,1,0,1,3,3,0,0,1
3,31,93,34,6517,-1,3,-19550,676,25,7,77,31,1,1,1,0,1,3,3,0,0,1
3,31,93,34,6517,0,1,-6516,676,25,7,77,31,1,1,1,0,1,3,3,0,0,1
3,31,93,34,6517,1,1,-6516,676,25,7,77,31,1,1,1,0,1,3,3,0,0,1
3,31,93,34,6517,2,3,-19550,676,25,7,77,31,1,1,1,0,1,3,3,0,0,1
3,31,93,34,6517,3,7,-45618,676,25,7,77,31,1,1,1,0,1,3,3,0,0,1
3,31,93,34,6517,5,21,-136856,676,25,7,77,31,1,1,1,0,1,3,3,0,0,1
3,31,93,34,6517,7,43,-280230,676,25,7,77,31,1,1,1,0,1,3,3,0,0,1
3,31,93,34,6517,11,111,-723386,676,25,7,77,31,1,1,1,0,1,3,3,0,0,1
3,37,111,40,9331,-2,7,-65316,1024,25,7,91,35,1,1,7,0,1,3,2,0,3,1
3,37,111,40,9331,-1,3,-27992,1024,25,7,91,35,1,1,7,0,1,3,2,0,3,1
3,37,111,40,9331,0,1,-9330,1024,25,7,91,35,1,1,7,0,1,3,2,0,3,1
3,37,111,40,9331,1,1,-9330,1024,25,7,91,35,1,1,7,0,1,3,2,0,3,1
3,37,111,40,9331,2,3,-27992,1024,25,7,91,35,1,1,7,0,1,3,2,0,3,1
3,37,111,40,9331,3,7,-65316,1024,25,7,91,35,1,1,7,0,1,3,2,0,3,1
3,37,111,40,9331,5,21,-195950,1024,25,7,91,35,1,1,7,0,1,3,2,0,3,1
3,37,111,40,9331,7,43,-401232,1024,25,7,91,35,1,1,7,0,1,3,2,0,3,1
3,37,111,40,9331,11,111,-1035740,1024,25,7,91,35,1,1,7,0,1,3,2,0,3,1
3,41,123,44,11487,-2,7,-80408,1296,66,48,19,79,3,1,1,0,2,3,6,0,3,1
3,41,123,44,11487,-1,3,-34460,1296,66,48,19,79,3,1,1,0,2,3,6,0,3,1
3,41,123,44,11487,0,1,-11486,1296,66,48,19,79,3,1,1,0,2,3,6,0,3,1
3,41,123,44,11487,1,1,-11486,1296,66,48,19,79,3,1,1,0,2,3,6,0,3,1
3,41,123,44,11487,2,3,-34460,1296,66,48,19,79,3,1,1,0,2,3,6,0,3,1
3,41,123,44,11487,3,7,-80408,1296,66,48,19,79,3,1,1,0,2,3,6,0,3,1
3,41,123,44,11487,5,21,-241226,1296,66,48,19,79,3,1,1,0,2,3,6,0,3,1
3,41,123,44,11487,7,43,-493940,1296,66,48,19,79,3,1,1,0,2,3,6,0,3,1
3,41,123,44,11487,11,111,-1275056,1296,66,48,19,79,3,1,1,0,2,3,6,0,3,1
3,43,129,46,12649,-2,7,-88542,1444,25,7,105,39,1,1,13,0,1,3,1,0,1,1
3,43,129,46,12649,-1,3,-37946,1444,25,7,105,39,1,1,13,0,1,3,1,0,1,1
3,43,129,46,12649,0,1,-12648,1444,25,7,105,39,1,1,13,0,1,3,1,0,1,1
3,43,129,46,12649,1,1,-12648,1444,25,7,105,39,1,1,13,0,1,3,1,0,1,1
3,43,129,46,12649,2,3,-37946,1444,25,7,105,39,1,1,13,0,1,3,1,0,1,1
3,43,129,46,12649,3,7,-88542,1444,25,7,105,39,1,1,13,0,1,3,1,0,1,1
3,43,129,46,12649,5,21,-265628,1444,25,7,105,39,1,1,13,0,1,3,1,0,1,1
3,43,129,46,12649,7,43,-543906,1444,25,7,105,39,1,1,13,0,1,3,1,0,1,1
3,43,129,46,12649,11,111,-1404038,1444,25,7,105,39,1,1,13,0,1,3,1,0,1,1
3,47,141,50,15141,-2,7,-105986,1764,72,54,21,89,3,7,1,0,2,3,5,0,0,1
3,47,141,50,15141,-1,3,-45422,1764,72,54,21,89,3,7,1,0,2,3,5,0,0,1
3,47,141,50,15141,0,1,-15140,1764,72,54,21,89,3,7,1,0,2,3,5,0,0,1
3,47,141,50,15141,1,1,-15140,1764,72,54,21,89,3,7,1,0,2,3,5,0,0,1
3,47,141,50,15141,2,3,-45422,1764,72,54,21,89,3,7,1,0,2,3,5,0,0,1
3,47,141,50,15141,3,7,-105986,1764,72,54,21,89,3,7,1,0,2,3,5,0,0,1
3,47,141,50,15141,5,21,-317960,1764,72,54,21,89,3,7,1,0,2,3,5,0,0,1
3,47,141,50,15141,7,43,-651062,1764,72,54,21,89,3,7,1,0,2,3,5,0,0,1
3,47,141,50,15141,11,111,-1680650,1764,72,54,21,89,3,7,1,0,2,3,5,0,0,1
3,53,159,56,19299,-2,7,-135092,2304,78,60,23,99,3,1,1,0,2,3,4,0,6,1
3,53,159,56,19299,-1,3,-57896,2304,78,60,23,99,3,1,1,0,2,3,4,0,6,1
3,53,159,56,19299,0,1,-19298,2304,78,60,23,99,3,1,1,0,2,3,4,0,6,1
3,53,159,56,19299,1,1,-19298,2304,78,60,23,99,3,1,1,0,2,3,4,0,6,1
3,53,159,56,19299,2,3,-57896,2304,78,60,23,99,3,1,1,0,2,3,4,0,6,1
3,53,159,56,19299,3,7,-135092,2304,78,60,23,99,3,1,1,0,2,3,4,0,6,1
3,53,159,56,19299,5,21,-405278,2304,78,60,23,99,3,1,1,0,2,3,4,0,6,1
3,53,159,56,19299,7,43,-829856,2304,78,60,23,99,3,1,1,0,2,3,4,0,6,1
3,53,159,56,19299,11,111,-2142188,2304,78,60,23,99,3,1,1,0,2,3,4,0,6,1
3,59,177,62,23961,-2,7,-167726,2916,84,66,25,109,3,1,1,0,2,3,3,0,0,1
3,59,177,62,23961,-1,3,-71882,2916,84,66,25,109,3,1,1,0,2,3,3,0,0,1
3,59,177,62,23961,0,1,-23960,2916,84,66,25,109,3,1,1,0,2,3,3,0,0,1
3,59,177,62,23961,1,1,-23960,2916,84,66,25,109,3,1,1,0,2,3,3,0,0,1
3,59,177,62,23961,2,3,-71882,2916,84,66,25,109,3,1,1,0,2,3,3,0,0,1
3,59,177,62,23961,3,7,-167726,2916,84,66,25,109,3,1,1,0,2,3,3,0,0,1
3,59,177,62,23961,5,21,-503180,2916,84,66,25,109,3,1,1,0,2,3,3,0,0,1
3,59,177,62,23961,7,43,-1030322,2916,84,66,25,109,3,1,1,0,2,3,3,0,0,1
3,59,177,62,23961,11,111,-2659670,2916,84,66,25,109,3,1,1,0,2,3,3,0,0,1
3,61,183,64,25627,-2,7,-179388,3136,25,7,147,51,1,7,1,0,1,3,5,0,0,1
3,61,183,64,25627,-1,3,-76880,3136,25,7,147,51,1,7,1,0,1,3,5,0,0,1
3,61,183,64,25627,0,1,-25626,3136,25,7,147,51,1,7,1,0,1,3,5,0,0,1
3,61,183,64,25627,1,1,-25626,3136,25,7,147,51,1,7,1,0,1,3,5,0,0,1
3,61,183,64,25627,2,3,-76880,3136,25,7,147,51,1,7,1,0,1,3,5,0,0,1
3,61,183,64,25627,3,7,-179388,3136,25,7,147,51,1,7,1,0,1,3,5,0,0,1
3,61,183,64,25627,5,21,-538166,3136,25,7,147,51,1,7,1,0,1,3,5,0,0,1
3,61,183,64,25627,7,43,-1101960,3136,25,7,147,51,1,7,1,0,1,3,5,0,0,1
3,61,183,64,25627,11,111,-2844596,3136,25,7,147,51,1,7,1,0,1,3,5,0,0,1
3,67,201,70,30961,-2,7,-216726,3844,25,7,161,55,1,1,1,0,1,3,4,0,6,1
3,67,201,70,30961,-1,3,-92882,3844,25,7,161,55,1,1,1,0,1,3,4,0,6,1
3,67,201,70,30961,0,1,-30960,3844,25,7,161,55,1,1,1,0,1,3,4,0,6,1
3,67,201,70,30961,1,1,-30960,3844,25,7,161,55,1,1,1,0,1,3,4,0,6,1
3,67,201,70,30961,2,3,-92882,3844,25,7,161,55,1,1,1,0,1,3,4,0,6,1
3,67,201,70,30961,3,7,-216726,3844,25,7,161,55,1,1,1,0,1,3,4,0,6,1
3,67,201,70,30961,5,21,-650180,3844,25,7,161,55,1,1,1,0,1,3,4,0,6,1
3,67,201,70,30961,7,43,-1331322,3844,25,7,161,55,1,1,1,0,1,3,4,0,6,1
3,67,201,70,30961,11,111,-3436670,3844,25,7,161,55,1,1,1,0,1,3,4,0,6,1
3,71,213,74,34797,-2,7,-243578,4356,96,78,29,129,3,1,1,0,2,3,1,0,1,1
3,71,213,74,34797,-1,3,-104390,4356,96,78,29,129,3,1,1,0,2,3,1,0,1,1
3,71,213,74,34797,0,1,-34796,4356,96,78,29,129,3,1,1,0,2,3,1,0,1,1
3,71,213,74,34797,1,1,-34796,4356,96,78,29,129,3,1,1,0,2,3,1,0,1,1
3,71,213,74,34797,2,3,-104390,4356,96,78,29,129,3,1,1,0,2,3,1,0,1,1
3,71,213,74,34797,3,7,-243578,4356,96,78,29,129,3,1,1,0,2,3,1,0,1,1
3,71,213,74,34797,5,21,-730736,4356,96,78,29,129,3,1,1,0,2,3,1,0,1,1
3,71,213,74,34797,7,43,-1496270,4356,96,78,29,129,3,1,1,0,2,3,1,0,1,1
3,71,213,74,34797,11,111,-3862466,4356,96,78,29,129,3,1,1,0,2,3,1,0,1,1
3,73,219,76,36799,-2,7,-257592,4624,25,7,175,59,1,1,1,0,1,3,3,0,0,1
3,73,219,76,36799,-1,3,-110396,4624,25,7,175,59,1,1,1,0,1,3,3,0,0,1
3,73,219,76,36799,0,1,-36798,4624,25,7,175,59,1,1,1,0,1,3,3,0,0,1
3,73,219,76,36799,1,1,-36798,4624,25,7,175,59,1,1,1,0,1,3,3,0,0,1
3,73,219,76,36799,2,3,-110396,4624,25,7,175,59,1,1,1,0,1,3,3,0,0,1
3,73,219,76,36799,3,7,-257592,4624,25,7,175,59,1,1,1,0,1,3,3,0,0,1
3,73,219,76,36799,5,21,-772778,4624,25,7,175,59,1,1,1,0,1,3,3,0,0,1
3,73,219,76,36799,7,43,-1582356,4624,25,7,175,59,1,1,1,0,1,3,3,0,0,1
3,73,219,76,36799,11,111,-4084688,4624,25,7,175,59,1,1,1,0,1,3,3,0,0,1
3,79,237,82,43141,-2,7,-301986,5476,25,7,189,63,1,1,7,0,1,3,2,0,3,1
3,79,237,82,43141,-1,3,-129422,5476,25,7,189,63,1,1,7,0,1,3,2,0,3,1
3,79,237,82,43141,0,1,-43140,5476,25,7,189,63,1,1,7,0,1,3,2,0,3,1
3,79,237,82,43141,1,1,-43140,5476,25,7,189,63,1,1,7,0,1,3,2,0,3,1
3,79,237,82,43141,2,3,-129422,5476,25,7,189,63,1,1,7,0,1,3,2,0,3,1
3,79,237,82,43141,3,7,-301986,5476,25,7,189,63,1,1,7,0,1,3,2,0,3,1
3,79,237,82,43141,5,21,-905960,5476,25,7,189,63,1,1,7,0,1,3,2,0,3,1
3,79,237,82,43141,7,43,-1855062,5476,25,7,189,63,1,1,7,0,1,3,2,0,3,1
3,79,237,82,43141,11,111,-4788650,5476,25,7,189,63,1,1,7,0,1,3,2,0,3,1
3,83,249,86,47649,-2,7,-333542,6084,108,90,33,149,3,1,1,0,2,3,6,0,3,1
3,83,249,86,47649,-1,3,-142946,6084,108,90,33,149,3,1,1,0,2,3,6,0,3,1
3,83,249,86,47649,0,1,-47648,6084,108,90,33,149,3,1,1,0,2,3,6,0,3,1
3,83,249,86,47649,1,1,-47648,6084,108,90,33,149,3,1,1,0,2,3,6,0,3,1
3,83,249,86,47649,2,3,-142946,6084,108,90,33,149,3,1,1,0,2,3,6,0,3,1
3,83,249,86,47649,3,7,-333542,6084,108,90,33,149,3,1,1,0,2,3,6,0,3,1
3,83,249,86,47649,5,21,-1000628,6084,108,90,33,149,3,1,1,0,2,3,6,0,3,1
3,83,249,86,47649,7,43,-2048906,6084,108,90,33,149,3,1,1,0,2,3,6,0,3,1
3,83,249,86,47649,11,111,-5289038,6084,108,90,33,149,3,1,1,0,2,3,6,0,3,1
3,89,267,92,54831,-2,7,-383816,7056,114,96,35,159,3,7,1,0,2,3,5,0,0,1
3,89,267,92,54831,-1,3,-164492,7056,114,96,35,159,3,7,1,0,2,3,5,0,0,1
3,89,267,92,54831,0,1,-54830,7056,114,96,35,159,3,7,1,0,2,3,5,0,0,1
3,89,267,92,54831,1,1,-54830,7056,114,96,35,159,3,7,1,0,2,3,5,0,0,1
3,89,267,92,54831,2,3,-164492,7056,114,96,35,159,3,7,1,0,2,3,5,0,0,1
3,89,267,92,54831,3,7,-383816,7056,114,96,35,159,3,7,1,0,2,3,5,0,0,1
3,89,267,92,54831,5,21,-1151450,7056,114,96,35,159,3,7,1,0,2,3,5,0,0,1
3,89,267,92,54831,7,43,-2357732,7056,114,96,35,159,3,7,1,0,2,3,5,0,0,1
3,89,267,92,54831,11,111,-6086240,7056,114,96,35,159,3,7,1,0,2,3,5,0,0,1
3,97,291,100,65191,-2,7,-456336,8464,25,7,231,75,1,1,1,0,1,3,6,0,3,1
3,97,291,100,65191,-1,3,-195572,8464,25,7,231,75,1,1,1,0,1,3,6,0,3,1
3,97,291,100,65191,0,1,-65190,8464,25,7,231,75,1,1,1,0,1,3,6,0,3,1
3,97,291,100,65191,1,1,-65190,8464,25,7,231,75,1,1,1,0,1,3,6,0,3,1
3,97,291,100,65191,2,3,-195572,8464,25,7,231,75,1,1,1,0,1,3,6,0,3,1
3,97,291,100,65191,3,7,-456336,8464,25,7,231,75,1,1,1,0,1,3,6,0,3,1
3,97,291,100,65191,5,21,-1369010,8464,25,7,231,75,1,1,1,0,1,3,6,0,3,1
3,97,291,100,65191,7,43,-2803212,8464,25,7,231,75,1,1,1,0,1,3,6,0,3,1
3,97,291,100,65191,11,111,-7236200,8464,25,7,231,75,1,1,1,0,1,3,6,0,3,1
3,101,303,104,70707,-2,7,-494948,9216,126,108,39,179,3,1,1,0,2,3,3,0,0,1
3,101,303,104,70707,-1,3,-212120,9216,126,108,39,179,3,1,1,0,2,3,3,0,0,1
3,101,303,104,70707,0,1,-70706,9216,126,108,39,179,3,1,1,0,2,3,3,0,0,1
3,101,303,104,70707,1,1,-70706,9216,126,108,39,179,3,1,1,0,2,3,3,0,0,1
3,101,303,104,70707,2,3,-212120,9216,126,108,39,179,3,1,1,0,2,3,3,0,0,1
3,101,303,104,70707,3,7,-494948,9216,126,108,39,179,3,1,1,0,2,3,3,0,0,1
3,101,303,104,70707,5,21,-1484846,9216,126,108,39,179,3,1,1,0,2,3,3,0,0,1
3,101,303,104,70707,7,43,-3040400,9216,126,108,39,179,3,1,1,0,2,3,3,0,0,1
3,101,303,104,70707,11,111,-7848476,9216,126,108,39,179,3,1,1,0,2,3,3,0,0,1
3,103,309,106,73549,-2,7,-514842,9604,25,7,245,79,1,7,1,0,1,3,5,0,0,1
3,103,309,106,73549,-1,3,-220646,9604,25,7,245,79,1,7,1,0,1,3,5,0,0,1
3,103,309,106,73549,0,1,-73548,9604,25,7,245,79,1,7,1,0,1,3,5,0,0,1
3,103,309,106,73549,1,1,-73548,9604,25,7,245,79,1,7,1,0,1,3,5,0,0,1
3,103,309,106,73549,2,3,-220646,9604,25,7,245,79,1,7,1,0,1,3,5,0,0,1
3,103,309,106,73549,3,7,-514842,9604,25,7,245,79,1,7,1,0,1,3,5,0,0,1
3,103,309,106,73549,5,21,-1544528,9604,25,7,245,79,1,7,1,0,1,3,5,0,0,1
3,103,309,106,73549,7,43,-3162606,9604,25,7,245,79,1,7,1,0,1,3,5,0,0,1
3,103,309,106,73549,11,111,-8163938,9604,25,7,245,79,1,7,1,0,1,3,5,0,0,1
3,107,321,110,79401,-2,7,-555806,10404,132,114,41,189,3,1,7,0,2,3,2,0,3,1
3,107,321,110,79401,-1,3,-238202,10404,132,114,41,189,3,1,7,0,2,3,2,0,3,1
3,107,321,110,79401,0,1,-79400,10404,132,114,41,189,3,1,7,0,2,3,2,0,3,1
3,107,321,110,79401,1,1,-79400,10404,132,114,41,189,3,1,7,0,2,3,2,0,3,1
3,107,321,110,79401,2,3,-238202,10404,132,114,41,189,3,1,7,0,2,3,2,0,3,1
3,107,321,110,79401,3,7,-555806,10404,132,114,41,189,3,1,7,0,2,3,2,0,3,1
3,107,321,110,79401,5,21,-1667420,10404,132,114,41,189,3,1,7,0,2,3,2,0,3,1
3,107,321,110,79401,7,43,-3414242,10404,132,114,41,189,3,1,7,0,2,3,2,0,3,1
3,107,321,110,79401,11,111,-8813510,10404,132,114,41,189,3,1,7,0,2,3,2,0,3,1
3,109,327,112,82411,-2,7,-576876,10816,25,7,259,83,1,1,1,0,1,3,4,0,6,1
3,109,327,112,82411,-1,3,-247232,10816,25,7,259,83,1,1,1,0,1,3,4,0,6,1
3,109,327,112,82411,0,1,-82410,10816,25,7,259,83,1,1,1,0,1,3,4,0,6,1
3,109,327,112,82411,1,1,-82410,10816,25,7,259,83,1,1,1,0,1,3,4,0,6,1
3,109,327,112,82411,2,3,-247232,10816,25,7,259,83,1,1,1,0,1,3,4,0,6,1
3,109,327,112,82411,3,7,-576876,10816,25,7,259,83,1,1,1,0,1,3,4,0,6,1
3,109,327,112,82411,5,21,-1730630,10816,25,7,259,83,1,1,1,0,1,3,4,0,6,1
3,109,327,112,82411,7,43,-3543672,10816,25,7,259,83,1,1,1,0,1,3,4,0,6,1
3,109,327,112,82411,11,111,-9147620,10816,25,7,259,83,1,1,1,0,1,3,4,0,6,1
3,113,339,116,88599,-2,7,-620192,11664,138,120,43,199,3,1,1,0,2,3,1,0,1,1
3,113,339,116,88599,-1,3,-265796,11664,138,120,43,199,3,1,1,0,2,3,1,0,1,1
3,113,339,116,88599,0,1,-88598,11664,138,120,43,199,3,1,1,0,2,3,1,0,1,1
3,113,339,116,88599,1,1,-88598,11664,138,120,43,199,3,1,1,0,2,3,1,0,1,1
3,113,339,116,88599,2,3,-265796,11664,138,120,43,199,3,1,1,0,2,3,1,0,1,1
3,113,339,116,88599,3,7,-620192,11664,138,120,43,199,3,1,1,0,2,3,1,0,1,1
3,113,339,116,88599,5,21,-1860578,11664,138,120,43,199,3,1,1,0,2,3,1,0,1,1
3,113,339,116,88599,7,43,-3809756,11664,138,120,43,199,3,1,1,0,2,3,1,0,1,1
3,113,339,116,88599,11,111,-9834488,11664,138,120,43,199,3,1,1,0,2,3,1,0,1,1
3,127,381,130,112021,-2,7,-784146,14884,25,7,301,95,1,1,1,0,1,3,1,0,1,1
3,127,381,130,112021,-1,3,-336062,14884,25,7,301,95,1,1,1,0,1,3,1,0,1,1
3,127,381,130,112021,0,1,-112020,14884,25,7,301,95,1,1,1,0,1,3,1,0,1,1
3,127,381,130,112021,1,1,-112020,14884,25,7,301,95,1,1,1,0,1,3,1,0,1,1
3,127,381,130,112021,2,3,-336062,14884,25,7,301,95,1,1,1,0,1,3,1,0,1,1
3,127,381,130,112021,3,7,-784146,14884,25,7,301,95,1,1,1,0,1,3,1,0,1,1
3,127,381,130,112021,5,21,-2352440,14884,25,7,301,95,1,1,1,0,1,3,1,0,1,1
3,127,381,130,112021,7,43,-4816902,14884,25,7,301,95,1,1,1,0,1,3,1,0,1,1
3,127,381,130,112021,11,111,-12434330,14884,25,7,301,95,1,1,1,0,1,3,1,0,1,1
3,131,393,134,119217,-2,7,-834518,15876,156,138,49,229,3,49,1,0,2,3,5,0,0,1
3,131,393,134,119217,-1,3,-357650,15876,156,138,49,229,3,49,1,0,2,3,5,0,0,1
3,131,393,134,119217,0,1,-119216,15876,156,138,49,229,3,49,1,0,2,3,5,0,0,1
3,131,393,134,119217,1,1,-119216,15876,156,138,49,229,3,49,1,0,2,3,5,0,0,1
3,131,393,134,119217,2,3,-357650,15876,156,138,49,229,3,49,1,0,2,3,5,0,0,1
3,131,393,134,119217,3,7,-834518,15876,156,138,49,229,3,49,1,0,2,3,5,0,0,1
3,131,393,134,119217,5,21,-2503556,15876,156,138,49,229,3,49,1,0,2,3,5,0,0,1
3,131,393,134,119217,7,43,-5126330,15876,156,138,49,229,3,49,1,0,2,3,5,0,0,1
3,131,393,134,119217,11,111,-13233086,15876,156,138,49,229,3,49,1,0,2,3,5,0,0,1
3,137,411,140,130431,-2,7,-913016,17424,162,144,51,239,3,1,1,0,2,3,4,0,6,1
3,137,411,140,130431,-1,3,-391292,17424,162,144,51,239,3,1,1,0,2,3,4,0,6,1
3,137,411,140,130431,0,1,-130430,17424,162,144,51,239,3,1,1,0,2,3,4,0,6,1
3,137,411,140,130431,1,1,-130430,17424,162,144,51,239,3,1,1,0,2,3,4,0,6,1
3,137,411,140,130431,2,3,-391292,17424,162,144,51,239,3,1,1,0,2,3,4,0,6,1
3,137,411,140,130431,3,7,-913016,17424,162,144,51,239,3,1,1,0,2,3,4,0,6,1
3,137,411,140,130431,5,21,-2739050,17424,162,144,51,239,3,1,1,0,2,3,4,0,6,1
3,137,411,140,130431,7,43,-5608532,17424,162,144,51,239,3,1,1,0,2,3,4,0,6,1
3,137,411,140,130431,11,111,-14477840,17424,162,144,51,239,3,1,1,0,2,3,4,0,6,1
3,139,417,142,134281,-2,7,-939966,17956,25,7,329,103,1,1,1,0,1,3,6,0,3,1
3,139,417,142,134281,-1,3,-402842,17956,25,7,329,103,1,1,1,0,1,3,6,0,3,1
3,139,417,142,134281,0,1,-134280,17956,25,7,329,103,1,1,1,0,1,3,6,0,3,1
3,139,417,142,134281,1,1,-134280,17956,25,7,329,103,1,1,1,0,1,3,6,0,3,1
3,139,417,142,134281,2,3,-402842,17956,25,7,329,103,1,1,1,0,1,3,6,0,3,1
3,139,417,142,134281,3,7,-939966,17956,25,7,329,103,1,1,1,0,1,3,6,0,3,1
3,139,417,142,134281,5,21,-2819900,17956,25,7,329,103,1,1,1,0,1,3,6,0,3,1
3,139,417,142,134281,7,43,-5774082,17956,25,7,329,103,1,1,1,0,1,3,6,0,3,1
3,139,417,142,134281,11,111,-14905190,17956,25,7,329,103,1,1,1,0,1,3,6,0,3,1
3,149,447,152,154371,-2,7,-1080596,20736,174,156,55,259,3,1,7,0,2,3,2,0,3,1
3,149,447,152,154371,-1,3,-463112,20736,174,156,55,259,3,1,7,0,2,3,2,0,3,1
3,149,447,152,154371,0,1,-154370,20736,174,156,55,259,3,1,7,0,2,3,2,0,3,1
3,149,447,152,154371,1,1,-154370,20736,174,156,55,259,3,1,7,0,2,3,2,0,3,1
3,149,447,152,154371,2,3,-463112,20736,174,156,55,259,3,1,7,0,2,3,2,0,3,1
3,149,447,152,154371,3,7,-1080596,20736,174,156,55,259,3,1,7,0,2,3,2,0,3,1
3,149,447,152,154371,5,21,-3241790,20736,174,156,55,259,3,1,7,0,2,3,2,0,3,1
3,149,447,152,154371,7,43,-6637952,20736,174,156,55,259,3,1,7,0,2,3,2,0,3,1
3,149,447,152,154371,11,111,-17135180,20736,174,156,55,259,3,1,7,0,2,3,2,0,3,1
3,151,453,154,158557,-2,7,-1109898,21316,25,7,357,111,1,1,1,0,1,3,4,0,6,1
3,151,453,154,158557,-1,3,-475670,21316,25,7,357,111,1,1,1,0,1,3,4,0,6,1
3,151,453,154,158557,0,1,-158556,21316,25,7,357,111,1,1,1,0,1,3,4,0,6,1
3,151,453,154,158557,1,1,-158556,21316,25,7,357,111,1,1,1,0,1,3,4,0,6,1
3,151,453,154,158557,2,3,-475670,21316,25,7,357,111,1,1,1,0,1,3,4,0,6,1
3,151,453,154,158557,3,7,-1109898,21316,25,7,357,111,1,1,1,0,1,3,4,0,6,1
3,151,453,154,158557,5,21,-3329696,21316,25,7,357,111,1,1,1,0,1,3,4,0,6,1
3,151,453,154,158557,7,43,-6817950,21316,25,7,357,111,1,1,1,0,1,3,4,0,6,1
3,151,453,154,158557,11,111,-17599826,21316,25,7,357,111,1,1,1,0,1,3,4,0,6,1
3,157,471,160,171451,-2,7,-1200156,23104,25,7,371,115,1,1,1,0,1,3,3,0,0,1
3,157,471,160,171451,-1,3,-514352,23104,25,7,371,115,1,1,1,0,1,3,3,0,0,1
3,157,471,160,171451,0,1,-171450,23104,25,7,371,115,1,1,1,0,1,3,3,0,0,1
3,157,471,160,171451,1,1,-171450,23104,25,7,371,115,1,1,1,0,1,3,3,0,0,1
3,157,471,160,171451,2,3,-514352,23104,25,7,371,115,1,1,1,0,1,3,3,0,0,1
3,157,471,160,171451,3,7,-1200156,23104,25,7,371,115,1,1,1,0,1,3,3,0,0,1
3,157,471,160,171451,5,21,-3600470,23104,25,7,371,115,1,1,1,0,1,3,3,0,0,1
3,157,471,160,171451,7,43,-7372392,23104,25,7,371,115,1,1,1,0,1,3,3,0,0,1
3,157,471,160,171451,11,111,-19031060,23104,25,7,371,115,1,1,1,0,1,3,3,0,0,1
3,163,489,166,184849,-2,7,-1293942,24964,25,7,385,119,1,1,7,0,1,3,2,0,3,1
3,163,489,166,184849,-1,3,-554546,24964,25,7,385,119,1,1,7,0,1,3,2,0,3,1
3,163,489,166,184849,0,1,-184848,24964,25,7,385,119,1,1,7,0,1,3,2,0,3,1
3,163,489,166,184849,1,1,-184848,24964,25,7,385,119,1,1,7,0,1,3,2,0,3,1
3,163,489,166,184849,2,3,-554546,24964,25,7,385,119,1,1,7,0,1,3,2,0,3,1
3,163,489,166,184849,3,7,-1293942,24964,25,7,385,119,1,1,7,0,1,3,2,0,3,1
3,163,489,166,184849,5,21,-3881828,24964,25,7,385,119,1,1,7,0,1,3,2,0,3,1
3,163,489,166,184849,7,43,-7948506,24964,25,7,385,119,1,1,7,0,1,3,2,0,3,1
3,163,489,166,184849,11,111,-20518238,24964,25,7,385,119,1,1,7,0,1,3,2,0,3,1
3,167,501,170,194061,-2,7,-1358426,26244,192,174,61,289,3,1,1,0,2,3,6,0,3,1
3,167,501,170,194061,-1,3,-582182,26244,192,174,61,289,3,1,1,0,2,3,6,0,3,1
3,167,501,170,194061,0,1,-194060,26244,192,174,61,289,3,1,1,0,2,3,6,0,3,1
3,167,501,170,194061,1,1,-194060,26244,192,174,61,289,3,1,1,0,2,3,6,0,3,1
3,167,501,170,194061,2,3,-582182,26244,192,174,61,289,3,1,1,0,2,3,6,0,3,1
3,167,501,170,194061,3,7,-1358426,26244,192,174,61,289,3,1,1,0,2,3,6,0,3,1
3,167,501,170,194061,5,21,-4075280,26244,192,174,61,289,3,1,1,0,2,3,6,0,3,1
3,167,501,170,194061,7,43,-8344622,26244,192,174,61,289,3,1,1,0,2,3,6,0,3,1
3,167,501,170,194061,11,111,-21540770,26244,192,174,61,289,3,1,1,0,2,3,6,0,3,1
3,173,519,176,208299,-2,7,-1458092,28224,198,180,63,299,3,7,13,0,2,3,5,0,0,1
3,173,519,176,208299,-1,3,-624896,28224,198,180,63,299,3,7,13,0,2,3,5,0,0,1
3,173,519,176,208299,0,1,-208298,28224,198,180,63,299,3,7,13,0,2,3,5,0,0,1
3,173,519,176,208299,1,1,-208298,28224,198,180,63,299,3,7,13,0,2,3,5,0,0,1
3,173,519,176,208299,2,3,-624896,28224,198,180,63,299,3,7,13,0,2,3,5,0,0,1
3,173,519,176,208299,3,7,-1458092,28224,198,180,63,299,3,7,13,0,2,3,5,0,0,1
3,173,519,176,208299,5,21,-4374278,28224,198,180,63,299,3,7,13,0,2,3,5,0,0,1
3,173,519,176,208299,7,43,-8956856,28224,198,180,63,299,3,7,13,0,2,3,5,0,0,1
3,173,519,176,208299,11,111,-23121188,28224,198,180,63,299,3,7,13,0,2,3,5,0,0,1
3,179,537,182,223041,-2,7,-1561286,30276,204,186,65,309,3,1,1,0,2,3,4,0,6,1
3,179,537,182,223041,-1,3,-669122,30276,204,186,65,309,3,1,1,0,2,3,4,0,6,1
3,179,537,182,223041,0,1,-223040,30276,204,186,65,309,3,1,1,0,2,3,4,0,6,1
3,179,537,182,223041,1,1,-223040,30276,204,186,65,309,3,1,1,0,2,3,4,0,6,1
3,179,537,182,223041,2,3,-669122,30276,204,186,65,309,3,1,1,0,2,3,4,0,6,1
3,179,537,182,223041,3,7,-1561286,30276,204,186,65,309,3,1,1,0,2,3,4,0,6,1
3,179,537,182,223041,5,21,-4683860,30276,204,186,65,309,3,1,1,0,2,3,4,0,6,1
3,179,537,182,223041,7,43,-9590762,30276,204,186,65,309,3,1,1,0,2,3,4,0,6,1
3,179,537,182,223041,11,111,-24757550,30276,204,186,65,309,3,1,1,0,2,3,4,0,6,1
3,181,543,184,228067,-2,7,-1596468,30976,25,7,427,131,1,1,1,0,1,3,6,0,3,1
3,181,543,184,228067,-1,3,-684200,30976,25,7,427,131,1,1,1,0,1,3,6,0,3,1
3,181,543,184,228067,0,1,-228066,30976,25,7,427,131,1,1,1,0,1,3,6,0,3,1
3,181,543,184,228067,1,1,-228066,30976,25,7,427,131,1,1,1,0,1,3,6,0,3,1
3,181,543,184,228067,2,3,-684200,30976,25,7,427,131,1,1,1,0,1,3,6,0,3,1
3,181,543,184,228067,3,7,-1596468,30976,25,7,427,131,1,1,1,0,1,3,6,0,3,1
3,181,543,184,228067,5,21,-4789406,30976,25,7,427,131,1,1,1,0,1,3,6,0,3,1
3,181,543,184,228067,7,43,-9806880,30976,25,7,427,131,1,1,1,0,1,3,6,0,3,1
3,181,543,184,228067,11,111,-25315436,30976,25,7,427,131,1,1,1,0,1,3,6,0,3,1
3,191,573,194,254037,-2,7,-1778258,34596,216,198,69,329,3,1,7,0,2,3,2,0,3,1
3,191,573,194,254037,-1,3,-762110,34596,216,198,69,329,3,1,7,0,2,3,2,0,3,1
3,191,573,194,254037,0,1,-254036,34596,216,198,69,329,3,1,7,0,2,3,2,0,3,1
3,191,573,194,254037,1,1,-254036,34596,216,198,69,329,3,1,7,0,2,3,2,0,3,1
3,191,573,194,254037,2,3,-762110,34596,216,198,69,329,3,1,7,0,2,3,2,0,3,1
3,191,573,194,254037,3,7,-1778258,34596,216,198,69,329,3,1,7,0,2,3,2,0,3,1
3,191,573,194,254037,5,21,-5334776,34596,216,198,69,329,3,1,7,0,2,3,2,0,3,1
3,191,573,194,254037,7,43,-10923590,34596,216,198,69,329,3,1,7,0,2,3,2,0,3,1
3,191,573,194,254037,11,111,-28198106,34596,216,198,69,329,3,1,7,0,2,3,2,0,3,1
3,193,579,196,259399,-2,7,-1815792,35344,25,7,455,139,1,1,1,0,1,3,4,0,6,1
3,193,579,196,259399,-1,3,-778196,35344,25,7,455,139,1,1,1,0,1,3,4,0,6,1
3,193,579,196,259399,0,1,-259398,35344,25,7,455,139,1,1,1,0,1,3,4,0,6,1
3,193,579,196,259399,1,1,-259398,35344,25,7,455,139,1,1,1,0,1,3,4,0,6,1
3,193,579,196,259399,2,3,-778196,35344,25,7,455,139,1,1,1,0,1,3,4,0,6,1
3,193,579,196,259399,3,7,-1815792,35344,25,7,455,139,1,1,1,0,1,3,4,0,6,1
3,193,579,196,259399,5,21,-5447378,35344,25,7,455,139,1,1,1,0,1,3,4,0,6,1
3,193,579,196,259399,7,43,-11154156,35344,25,7,455,139,1,1,1,0,1,3,4,0,6,1
3,193,579,196,259399,11,111,-28793288,35344,25,7,455,139,1,1,1,0,1,3,4,0,6,1
3,197,591,200,270291,-2,7,-1892036,36864,222,204,71,339,3,1,1,0,2,3,1,0,1,1
3,197,591,200,270291,-1,3,-810872,36864,222,204,71,339,3,1,1,0,2,3,1,0,1,1
3,197,591,200,270291,0,1,-270290,36864,222,204,71,339,3,1,1,0,2,3,1,0,1,1
3,197,591,200,270291,1,1,-270290,36864,222,204,71,339,3,1,1,0,2,3,1,0,1,1
3,197,591,200,270291,2,3,-810872,36864,222,204,71,339,3,1,1,0,2,3,1,0,1,1
3,197,591,200,270291,3,7,-1892036,36864,222,204,71,339,3,1,1,0,2,3,1,0,1,1
3,197,591,200,270291,5,21,-5676110,36864,222,204,71,339,3,1,1,0,2,3,1,0,1,1
3,197,591,200,270291,7,43,-11622512,36864,222,204,71,339,3,1,1,0,2,3,1,0,1,1
3,197,591,200,270291,11,111,-30002300,36864,222,204,71,339,3,1,1,0,2,3,1,0,1,1
3,199,597,202,275821,-2,7,-1930746,37636,25,7,469,143,1,1,13,0,1,3,3,0,0,1
3,199,597,202,275821,-1,3,-827462,37636,25,7,469,143,1,1,13,0,1,3,3,0,0,1
3,199,597,202,275821,0,1,-275820,37636,25,7,469,143,1,1,13,0,1,3,3,0,0,1
3,199,597,202,275821,1,1,-275820,37636,25,7,469,143,1,1,13,0,1,3,3,0,0,1
3,199,597,202,275821,2,3,-827462,37636,25,7,469,143,1,1,13,0,1,3,3,0,0,1
3,199,597,202,275821,3,7,-1930746,37636,25,7,469,143,1,1,13,0,1,3,3,0,0,1
3,199,597,202,275821,5,21,-5792240,37636,25,7,469,143,1,1,13,0,1,3,3,0,0,1
3,199,597,202,275821,7,43,-11860302,37636,25,7,469,143,1,1,13,0,1,3,3,0,0,1
3,199,597,202,275821,11,111,-30616130,37636,25,7,469,143,1,1,13,0,1,3,3,0,0,1
5,7,35,12,903,-2,7,-6320,144,4,28,19,3,7,1,3,2,1,5,0,0,1,1
5,7,35,12,903,-1,3,-2708,144,4,28,19,3,7,1,3,2,1,5,0,0,1,1
5,7,35,12,903,0,1,-902,144,4,28,19,3,7,1,3,2,1,5,0,0,1,1
5,7,35,12,903,1,1,-902,144,4,28,19,3,7,1,3,2,1,5,0,0,1,1
5,7,35,12,903,2,3,-2708,144,4,28,19,3,7,1,3,2,1,5,0,0,1,1
5,7,35,12,903,3,7,-6320,144,4,28,19,3,7,1,3,2,1,5,0,0,1,1
5,7,35,12,903,5,21,-18962,144,4,28,19,3,7,1,3,2,1,5,0,0,1,1
5,7,35,12,903,7,43,-38828,144,4,28,19,3,7,1,3,2,1,5,0,0,1,1
5,7,35,12,903,11,111,-100232,144,4,28,19,3,7,1,3,2,1,5,0,0,1,1
5,11,55,16,2331,-2,7,-16316,576,26,21,9,35,1,9,7,2,2,5,4,0,6,1
5,11,55,16,2331,-1,3,-6992,576,26,21,9,35,1,9,7,2,2,5,4,0,6,1
5,11,55,16,2331,0,1,-2330,576,26,21,9,35,1,9,7,2,2,5,4,0,6,1
5,11,55,16,2331,1,1,-2330,576,26,21,9,35,1,9,7,2,2,5,4,0,6,1
5,11,55,16,2331,2,3,-6992,576,26,21,9,35,1,9,7,2,2,5,4,0,6,1
5,11,55,16,2331,3,7,-16316,576,26,21,9,35,1,9,7,2,2,5,4,0,6,1
5,11,55,16,2331,5,21,-48950,576,26,21,9,35,1,9,7,2,2,5,4,0,6,1
5,11,55,16,2331,7,43,-100232,576,26,21,9,35,1,9,7,2,2,5,4,0,6,1
5,11,55,16,2331,11,111,-258740,576,26,21,9,35,1,9,7,2,2,5,4,0,6,1
5,13,65,18,3297,-2,7,-23078,900,55,47,33,63,1,1,3,2,1,5,6,0,3,1
5,13,65,18,3297,-1,3,-9890,900,55,47,33,63,1,1,3,2,1,5,6,0,3,1
5,13,65,18,3297,0,1,-3296,900,55,47,33,63,1,1,3,2,1,5,6,0,3,1
5,13,65,18,3297,1,1,-3296,900,55,47,33,63,1,1,3,2,1,5,6,0,3,1
5,13,65,18,3297,2,3,-9890,900,55,47,33,63,1,1,3,2,1,5,6,0,3,1
5,13,65,18,3297,3,7,-23078,900,55,47,33,63,1,1,3,2,1,5,6,0,3,1
5,13,65,18,3297,5,21,-69236,900,55,47,33,63,1,1,3,2,1,5,6,0,3,1
5,13,65,18,3297,7,43,-141770,900,55,47,33,63,1,1,3,2,1,5,6,0,3,1
5,13,65,18,3297,11,111,-365966,900,55,47,33,63,1,1,3,2,1,5,6,0,3,1
5,17,85,22,5733,-2,7,-40130,1764,64,38,21,57,1,21,1,2,2,5,3,0,0,1
5,17,85,22,5733,-1,3,-17198,1764,64,38,21,57,1,21,1,2,2,5,3,0,0,1
5,17,85,22,5733,0,1,-5732,1764,64,38,21,57,1,21,1,2,2,5,3,0,0,1
5,17,85,22,5733,1,1,-5732,1764,64,38,21,57,1,21,1,2,2,5,3,0,0,1
5,17,85,22,5733,2,3,-17198,1764,64,38,21,57,1,21,1,2,2,5,3,0,0,1
5,17,85,22,5733,3,7,-40130,1764,64,38,21,57,1,21,1,2,2,5,3,0,0,1
5,17,85,22,5733,5,21,-120392,1764,64,38,21,57,1,21,1,2,2,5,3,0,0,1
5,17,85,22,5733,7,43,-246518,1764,64,38,21,57,1,21,1,2,2,5,3,0,0,1
5,17,85,22,5733,11,111,-636362,1764,64,38,21,57,1,21,1,2,2,5,3,0,0,1
5,19,95,24,7203,-2,7,-50420,2304,24,78,59,3,1,1,3,2,1,5,5,0,0,1
5,19,95,24,7203,-1,3,-21608,2304,24,78,59,3,1,1,3,2,1,5,5,0,0,1
5,19,95,24,7203,0,1,-7202,2304,24,78,59,3,1,1,3,2,1,5,5,0,0,1
5,19,95,24,7203,1,1,-7202,2304,24,78,59,3,1,1,3,2,1,5,5,0,0,1
5,19,95,24,7203,2,3,-21608,2304,24,78,59,3,1,1,3,2,1,5,5,0,0,1
5,19,95,24,7203,3,7,-50420,2304,24,78,59,3,1,1,3,2,1,5,5,0,0,1
5,19,95,24,7203,5,21,-151262,2304,24,78,59,3,1,1,3,2,1,5,5,0,0,1
5,19,95,24,7203,7,43,-309728,2304,24,78,59,3,1,1,3,2,1,5,5,0,0,1
5,19,95,24,7203,11,111,-799532,2304,24,78,59,3,1,1,3,2,1,5,5,0,0,1
5,23,115,28,10647,-2,7,-74528,3600,35,67,45,91,1,3,1,2,2,5,2,0,3,1
5,23,115,28,10647,-1,3,-31940,3600,35,67,45,91,1,3,1,2,2,5,2,0,3,1
5,23,115,28,10647,0,1,-10646,3600,35,67,45,91,1,3,1,2,2,5,2,0,3,1
5,23,115,28,10647,1,1,-10646,3600,35,67,45,91,1,3,1,2,2,5,2,0,3,1
5,23,115,28,10647,2,3,-31940,3600,35,67,45,91,1,3,1,2,2,5,2,0,3,1
5,23,115,28,10647,3,7,-74528,3600,35,67,45,91,1,3,1,2,2,5,2,0,3,1
5,23,115,28,10647,5,21,-223586,3600,35,67,45,91,1,3,1,2,2,5,2,0,3,1
5,23,115,28,10647,7,43,-457820,3600,35,67,45,91,1,3,1,2,2,5,2,0,3,1
5,23,115,28,10647,11,111,-1181816,3600,35,67,45,91,1,3,1,2,2,5,2,0,3,1
5,29,145,34,17073,-2,7,-119510,6084,139,108,81,137,1,9,1,2,2,5,1,0,1,1
5,29,145,34,17073,-1,3,-51218,6084,139,108,81,137,1,9,1,2,2,5,1,0,1,1
5,29,145,34,17073,0,1,-17072,6084,139,108,81,137,1,9,1,2,2,5,1,0,1,1
5,29,145,34,17073,1,1,-17072,6084,139,108,81,137,1,9,1,2,2,5,1,0,1,1
5,29,145,34,17073,2,3,-51218,6084,139,108,81,137,1,9,1,2,2,5,1,0,1,1
5,29,145,34,17073,3,7,-119510,6084,139,108,81,137,1,9,1,2,2,5,1,0,1,1
5,29,145,34,17073,5,21,-358532,6084,139,108,81,137,1,9,1,2,2,5,1,0,1,1
5,29,145,34,17073,7,43,-734138,6084,139,108,81,137,1,9,1,2,2,5,1,0,1,1
5,29,145,34,17073,11,111,-1895102,6084,139,108,81,137,1,9,1,2,2,5,1,0,1,1
5,31,155,36,19551,-2,7,-136856,7056,81,21,147,51,1,7,3,2,1,5,3,0,0,1
5,31,155,36,19551,-1,3,-58652,7056,81,21,147,51,1,7,3,2,1,5,3,0,0,1
5,31,155,36,19551,0,1,-19550,7056,81,21,147,51,1,7,3,2,1,5,3,0,0,1
5,31,155,36,19551,1,1,-19550,7056,81,21,147,51,1,7,3,2,1,5,3,0,0,1
5,31,155,36,19551,2,3,-58652,7056,81,21,147,51,1,7,3,2,1,5,3,0,0,1
5,31,155,36,19551,3,7,-136856,7056,81,21,147,51,1,7,3,2,1,5,3,0,0,1
5,31,155,36,19551,5,21,-410570,7056,81,21,147,51,1,7,3,2,1,5,3,0,0,1
5,31,155,36,19551,7,43,-840692,7056,81,21,147,51,1,7,3,2,1,5,3,0,0,1
5,31,155,36,19551,11,111,-2170160,7056,81,21,147,51,1,7,3,2,1,5,3,0,0,1
5,37,185,42,27993,-2,7,-195950,10404,44,58,25,93,1,1,93,2,1,5,2,0,3,1
5,37,185,42,27993,-1,3,-83978,10404,44,58,25,93,1,1,93,2,1,5,2,0,3,1
5,37,185,42,27993,0,1,-27992,10404,44,58,25,93,1,1,93,2,1,5,2,0,3,1
5,37,185,42,27993,1,1,-27992,10404,44,58,25,93,1,1,93,2,1,5,2,0,3,1
5,37,185,42,27993,2,3,-83978,10404,44,58,25,93,1,1,93,2,1,5,2,0,3,1
5,37,185,42,27993,3,7,-195950,10404,44,58,25,93,1,1,93,2,1,5,2,0,3,1
5,37,185,42,27993,5,21,-587852,10404,44,58,25,93,1,1,93,2,1,5,2,0,3,1
5,37,185,42,27993,7,43,-1203698,10404,44,58,25,93,1,1,93,2,1,5,2,0,3,1
5,37,185,42,27993,11,111,-3107222,10404,44,58,25,93,1,1,93,2,1,5,2,0,3,1
5,41,205,46,34461,-2,7,-241226,12996,81,21,189,59,1,3,1,2,2,5,6,0,3,1
5,41,205,46,34461,-1,3,-103382,12996,81,21,189,59,1,3,1,2,2,5,6,0,3,1
5,41,205,46,34461,0,1,-34460,12996,81,21,189,59,1,3,1,2,2,5,6,0,3,1
5,41,205,46,34461,1,1,-34460,12996,81,21,189,59,1,3,1,2,2,5,6,0,3,1
5,41,205,46,34461,2,3,-103382,12996,81,21,189,59,1,3,1,2,2,5,6,0,3,1
5,41,205,46,34461,3,7,-241226,12996,81,21,189,59,1,3,1,2,2,5,6,0,3,1
5,41,205,46,34461,5,21,-723680,12996,81,21,189,59,1,3,1,2,2,5,6,0,3,1
5,41,205,46,34461,7,43,-1481822,12996,81,21,189,59,1,3,1,2,2,5,6,0,3,1
5,41,205,46,34461,11,111,-3825170,12996,81,21,189,59,1,3,1,2,2,5,6,0,3,1
5,43,215,48,37947,-2,7,-265628,14400,210,107,69,147,1,1,3,2,1,5,1,0,1,1
5,43,215,48,37947,-1,3,-113840,14400,210,107,69,147,1,1,3,2,1,5,1,0,1,1
5,43,215,48,37947,0,1,-37946,14400,210,107,69,147,1,1,3,2,1,5,1,0,1,1
5,43,215,48,37947,1,1,-37946,14400,210,107,69,147,1,1,3,2,1,5,1,0,1,1
5,43,215,48,37947,2,3,-113840,14400,210,107,69,147,1,1,3,2,1,5,1,0,1,1
5,43,215,48,37947,3,7,-265628,14400,210,107,69,147,1,1,3,2,1,5,1,0,1,1
5,43,215,48,37947,5,21,-796886,14400,210,107,69,147,1,1,3,2,1,5,1,0,1,1
5,43,215,48,37947,7,43,-1631720,14400,210,107,69,147,1,1,3,2,1,5,1,0,1,1
5,43,215,48,37947,11,111,-4212116,14400,210,107,69,147,1,1,3,2,1,5,1,0,1,1
5,47,235,52,45423,-2,7,-317960,17424,34,68,27,111,1,9,1,2,2,5,5,0,0,1
5,47,235,52,45423,-1,3,-136268,17424,34,68,27,111,1,9,1,2,2,5,5,0,0,1
5,47,235,52,45423,0,1,-45422,17424,34,68,27,111,1,9,1,2,2,5,5,0,0,1
5,47,235,52,45423,1,1,-45422,17424,34,68,27,111,1,9,1,2,2,5,5,0,0,1
5,47,235,52,45423,2,3,-136268,17424,34,68,27,111,1,9,1,2,2,5,5,0,0,1
5,47,235,52,45423,3,7,-317960,17424,34,68,27,111,1,9,1,2,2,5,5,0,0,1
5,47,235,52,45423,5,21,-953882,17424,34,68,27,111,1,9,1,2,2,5,5,0,0,1
5,47,235,52,45423,7,43,-1953188,17424,34,68,27,111,1,9,1,2,2,5,5,0,0,1
5,47,235,52,45423,11,111,-5041952,17424,34,68,27,111,1,9,1,2,2,5,5,0,0,1
5,53,265,58,57897,-2,7,-405278,22500,240,127,81,175,1,3,7,2,2,5,4,0,6,1
5,53,265,58,57897,-1,3,-173690,22500,240,127,81,175,1,3,7,2,2,5,4,0,6,1
5,53,265,58,57897,0,1,-57896,22500,240,127,81,175,1,3,7,2,2,5,4,0,6,1
5,53,265,58,57897,1,1,-57896,22500,240,127,81,175,1,3,7,2,2,5,4,0,6,1
5,53,265,58,57897,2,3,-173690,22500,240,127,81,175,1,3,7,2,2,5,4,0,6,1
5,53,265,58,57897,3,7,-405278,22500,240,127,81,175,1,3,7,2,2,5,4,0,6,1
5,53,265,58,57897,5,21,-1215836,22500,240,127,81,175,1,3,7,2,2,5,4,0,6,1
5,53,265,58,57897,7,43,-2489570,22500,240,127,81,175,1,3,7,2,2,5,4,0,6,1
5,53,265,58,57897,11,111,-6426566,22500,240,127,81,175,1,3,7,2,2,5,4,0,6,1
5,59,295,64,71883,-2,7,-503180,28224,199,198,147,251,1,147,1,2,2,5,3,0,0,1
5,59,295,64,71883,-1,3,-215648,28224,199,198,147,251,1,147,1,2,2,5,3,0,0,1
5,59,295,64,71883,0,1,-71882,28224,199,198,147,251,1,147,1,2,2,5,3,0,0,1
5,59,295,64,71883,1,1,-71882,28224,199,198,147,251,1,147,1,2,2,5,3,0,0,1
5,59,295,64,71883,2,3,-215648,28224,199,198,147,251,1,147,1,2,2,5,3,0,0,1
5,59,295,64,71883,3,7,-503180,28224,199,198,147,251,1,147,1,2,2,5,3,0,0,1
5,59,295,64,71883,5,21,-1509542,28224,199,198,147,251,1,147,1,2,2,5,3,0,0,1
5,59,295,64,71883,7,43,-3090968,28224,199,198,147,251,1,147,1,2,2,5,3,0,0,1
5,59,295,64,71883,11,111,-7979012,28224,199,198,147,251,1,147,1,2,2,5,3,0,0,1
5,61,305,66,76881,-2,7,-538166,30276,81,21,273,75,1,1,3,2,1,5,5,0,0,1
5,61,305,66,76881,-1,3,-230642,30276,81,21,273,75,1,1,3,2,1,5,5,0,0,1
5,61,305,66,76881,0,1,-76880,30276,81,21,273,75,1,1,3,2,1,5,5,0,0,1
5,61,305,66,76881,1,1,-76880,30276,81,21,273,75,1,1,3,2,1,5,5,0,0,1
5,61,305,66,76881,2,3,-230642,30276,81,21,273,75,1,1,3,2,1,5,5,0,0,1
5,61,305,66,76881,3,7,-538166,30276,81,21,273,75,1,1,3,2,1,5,5,0,0,1
5,61,305,66,76881,5,21,-1614500,30276,81,21,273,75,1,1,3,2,1,5,5,0,0,1
5,61,305,66,76881,7,43,-3305882,30276,81,21,273,75,1,1,3,2,1,5,5,0,0,1
5,61,305,66,76881,11,111,-8533790,30276,81,21,273,75,1,1,3,2,1,5,5,0,0,1
5,67,335,72,92883,-2,7,-650180,36864,14,88,31,147,1,1,21,2,1,5,4,0,6,1
5,67,335,72,92883,-1,3,-278648,36864,14,88,31,147,1,1,21,2,1,5,4,0,6,1
5,67,335,72,92883,0,1,-92882,36864,14,88,31,147,1,1,21,2,1,5,4,0,6,1
5,67,335,72,92883,1,1,-92882,36864,14,88,31,147,1,1,21,2,1,5,4,0,6,1
5,67,335,72,92883,2,3,-278648,36864,14,88,31,147,1,1,21,2,1,5,4,0,6,1
5,67,335,72,92883,3,7,-650180,36864,14,88,31,147,1,1,21,2,1,5,4,0,6,1
5,67,335,72,92883,5,21,-1950542,36864,14,88,31,147,1,1,21,2,1,5,4,0,6,1
5,67,335,72,92883,7,43,-3993968,36864,14,88,31,147,1,1,21,2,1,5,4,0,6,1
5,67,335,72,92883,11,111,-10310012,36864,14,88,31,147,1,1,21,2,1,5,4,0,6,1
5,71,355,76,104391,-2,7,-730736,41616,81,21,315,83,1,3,1,2,2,5,1,0,1,1
5,71,355,76,104391,-1,3,-313172,41616,81,21,315,83,1,3,1,2,2,5,1,0,1,1
5,71,355,76,104391,0,1,-104390,41616,81,21,315,83,1,3,1,2,2,5,1,0,1,1
5,71,355,76,104391,1,1,-104390,41616,81,21,315,83,1,3,1,2,2,5,1,0,1,1
5,71,355,76,104391,2,3,-313172,41616,81,21,315,83,1,3,1,2,2,5,1,0,1,1
5,71,355,76,104391,3,7,-730736,41616,81,21,315,83,1,3,1,2,2,5,1,0,1,1
5,71,355,76,104391,5,21,-2192210,41616,81,21,315,83,1,3,1,2,2,5,1,0,1,1
5,71,355,76,104391,7,43,-4488812,41616,81,21,315,83,1,3,1,2,2,5,1,0,1,1
5,71,355,76,104391,11,111,-11587400,41616,81,21,315,83,1,3,1,2,2,5,1,0,1,1
5,73,365,78,110397,-2,7,-772778,44100,300,167,105,231,1,7,3,2,1,5,3,0,0,1
5,73,365,78,110397,-1,3,-331190,44100,300,167,105,231,1,7,3,2,1,5,3,0,0,1
5,73,365,78,110397,0,1,-110396,44100,300,167,105,231,1,7,3,2,1,5,3,0,0,1
5,73,365,78,110397,1,1,-110396,44100,300,167,105,231,1,7,3,2,1,5,3,0,0,1
5,73,365,78,110397,2,3,-331190,44100,300,167,105,231,1,7,3,2,1,5,3,0,0,1
5,73,365,78,110397,3,7,-772778,44100,300,167,105,231,1,7,3,2,1,5,3,0,0,1
5,73,365,78,110397,5,21,-2318336,44100,300,167,105,231,1,7,3,2,1,5,3,0,0,1
5,73,365,78,110397,7,43,-4747070,44100,300,167,105,231,1,7,3,2,1,5,3,0,0,1
5,73,365,78,110397,11,111,-12254066,44100,300,167,105,231,1,7,3,2,1,5,3,0,0,1
5,79,395,84,129423,-2,7,-905960,51984,239,258,191,327,1,1,3,2,1,5,2,0,3,1
5,79,395,84,129423,-1,3,-388268,51984,239,258,191,327,1,1,3,2,1,5,2,0,3,1
5,79,395,84,129423,0,1,-129422,51984,239,258,191,327,1,1,3,2,1,5,2,0,3,1
5,79,395,84,129423,1,1,-129422,51984,239,258,191,327,1,1,3,2,1,5,2,0,3,1
5,79,395,84,129423,2,3,-388268,51984,239,258,191,327,1,1,3,2,1,5,2,0,3,1
5,79,395,84,129423,3,7,-905960,51984,239,258,191,327,1,1,3,2,1,5,2,0,3,1
5,79,395,84,129423,5,21,-2717882,51984,239,258,191,327,1,1,3,2,1,5,2,0,3,1
5,79,395,84,129423,7,43,-5565188,51984,239,258,191,327,1,1,3,2,1,5,2,0,3,1
5,79,395,84,129423,11,111,-14365952,51984,239,258,191,327,1,1,3,2,1,5,2,0,3,1
5,83,415,88,142947,-2,7,-1000628,57600,330,187,117,259,1,9,1,2,2,5,6,0,3,1
5,83,415,88,142947,-1,3,-428840,57600,330,187,117,259,1,9,1,2,2,5,6,0,3,1
5,83,415,88,142947,0,1,-142946,57600,330,187,117,259,1,9,1,2,2,5,6,0,3,1
5,83,415,88,142947,1,1,-142946,57600,330,187,117,259,1,9,1,2,2,5,6,0,3,1
5,83,415,88,142947,2,3,-428840,57600,330,187,117,259,1,9,1,2,2,5,6,0,3,1
5,83,415,88,142947,3,7,-1000628,57600,330,187,117,259,1,9,1,2,2,5,6,0,3,1
5,83,415,88,142947,5,21,-3001886,57600,330,187,117,259,1,9,1,2,2,5,6,0,3,1
5,83,415,88,142947,7,43,-6146720,57600,330,187,117,259,1,9,1,2,2,5,6,0,3,1
5,83,415,88,142947,11,111,-15867116,57600,330,187,117,259,1,9,1,2,2,5,6,0,3,1
5,89,445,94,164493,-2,7,-1151450,66564,259,288,213,365,1,3,1,2,2,5,5,0,0,1
5,89,445,94,164493,-1,3,-493478,66564,259,288,213,365,1,3,1,2,2,5,5,0,0,1
5,89,445,94,164493,0,1,-164492,66564,259,288,213,365,1,3,1,2,2,5,5,0,0,1
5,89,445,94,164493,1,1,-164492,66564,259,288,213,365,1,3,1,2,2,5,5,0,0,1
5,89,445,94,164493,2,3,-493478,66564,259,288,213,365,1,3,1,2,2,5,5,0,0,1
5,89,445,94,164493,3,7,-1151450,66564,259,288,213,365,1,3,1,2,2,5,5,0,0,1
5,89,445,94,164493,5,21,-3454352,66564,259,288,213,365,1,3,1,2,2,5,5,0,0,1
5,89,445,94,164493,7,43,-7073198,66564,259,288,213,365,1,3,1,2,2,5,5,0,0,1
5,89,445,94,164493,11,111,-18258722,66564,259,288,213,365,1,3,1,2,2,5,5,0,0,1
5,97,485,102,195573,-2,7,-1369010,79524,469,118,37,201,1,1,3,2,1,5,6,0,3,1
5,97,485,102,195573,-1,3,-586718,79524,469,118,37,201,1,1,3,2,1,5,6,0,3,1
5,97,485,102,195573,0,1,-195572,79524,469,118,37,201,1,1,3,2,1,5,6,0,3,1
5,97,485,102,195573,1,1,-195572,79524,469,118,37,201,1,1,3,2,1,5,6,0,3,1
5,97,485,102,195573,2,3,-586718,79524,469,118,37,201,1,1,3,2,1,5,6,0,3,1
5,97,485,102,195573,3,7,-1369010,79524,469,118,37,201,1,1,3,2,1,5,6,0,3,1
5,97,485,102,195573,5,21,-4107032,79524,469,118,37,201,1,1,3,2,1,5,6,0,3,1
5,97,485,102,195573,7,43,-8409638,79524,469,118,37,201,1,1,3,2,1,5,6,0,3,1
5,97,485,102,195573,11,111,-21708602,79524,469,118,37,201,1,1,3,2,1,5,6,0,3,1
5,101,505,106,212121,-2,7,-1484846,86436,81,21,441,107,1,63,1,2,2,5,3,0,0,1
5,101,505,106,212121,-1,3,-636362,86436,81,21,441,107,1,63,1,2,2,5,3,0,0,1
5,101,505,106,212121,0,1,-212120,86436,81,21,441,107,1,63,1,2,2,5,3,0,0,1
5,101,505,106,212121,1,1,-212120,86436,81,21,441,107,1,63,1,2,2,5,3,0,0,1
5,101,505,106,212121,2,3,-636362,86436,81,21,441,107,1,63,1,2,2,5,3,0,0,1
5,101,505,106,212121,3,7,-1484846,86436,81,21,441,107,1,63,1,2,2,5,3,0,0,1
5,101,505,106,212121,5,21,-4454540,86436,81,21,441,107,1,63,1,2,2,5,3,0,0,1
5,101,505,106,212121,7,43,-9121202,86436,81,21,441,107,1,63,1,2,2,5,3,0,0,1
5,101,505,106,212121,11,111,-23545430,86436,81,21,441,107,1,63,1,2,2,5,3,0,0,1
5,103,515,108,220647,-2,7,-1544528,90000,390,227,141,315,1,1,3,2,1,5,5,0,0,1
5,103,515,108,220647,-1,3,-661940,90000,390,227,141,315,1,1,3,2,1,5,5,0,0,1
5,103,515,108,220647,0,1,-220646,90000,390,227,141,315,1,1,3,2,1,5,5,0,0,1
5,103,515,108,220647,1,1,-220646,90000,390,227,141,315,1,1,3,2,1,5,5,0,0,1
5,103,515,108,220647,2,3,-661940,90000,390,227,141,315,1,1,3,2,1,5,5,0,0,1
5,103,515,108,220647,3,7,-1544528,90000,390,227,141,315,1,1,3,2,1,5,5,0,0,1
5,103,515,108,220647,5,21,-4633586,90000,390,227,141,315,1,1,3,2,1,5,5,0,0,1
5,103,515,108,220647,7,43,-9487820,90000,390,227,141,315,1,1,3,2,1,5,5,0,0,1
5,103,515,108,220647,11,111,-24491816,90000,390,227,141,315,1,1,3,2,1,5,5,0,0,1
5,107,535,112,238203,-2,7,-1667420,97344,509,128,39,219,1,3,1,2,2,5,2,0,3,1
5,107,535,112,238203,-1,3,-714608,97344,509,128,39,219,1,3,1,2,2,5,2,0,3,1
5,107,535,112,238203,0,1,-238202,97344,509,128,39,219,1,3,1,2,2,5,2,0,3,1
5,107,535,112,238203,1,1,-238202,97344,509,128,39,219,1,3,1,2,2,5,2,0,3,1
5,107,535,112,238203,2,3,-714608,97344,509,128,39,219,1,3,1,2,2,5,2,0,3,1
5,107,535,112,238203,3,7,-1667420,97344,509,128,39,219,1,3,1,2,2,5,2,0,3,1
5,107,535,112,238203,5,21,-5002262,97344,509,128,39,219,1,3,1,2,2,5,2,0,3,1
5,107,535,112,238203,7,43,-10242728,97344,509,128,39,219,1,3,1,2,2,5,2,0,3,1
5,107,535,112,238203,11,111,-26440532,97344,509,128,39,219,1,3,1,2,2,5,2,0,3,1
5,109,545,114,247233,-2,7,-1730630,101124,299,348,257,441,1,1,21,2,1,5,4,0,6,1
5,109,545,114,247233,-1,3,-741698,101124,299,348,257,441,1,1,21,2,1,5,4,0,6,1
5,109,545,114,247233,0,1,-247232,101124,299,348,257,441,1,1,21,2,1,5,4,0,6,1
5,109,545,114,247233,1,1,-247232,101124,299,348,257,441,1,1,21,2,1,5,4,0,6,1
5,109,545,114,247233,2,3,-741698,101124,299,348,257,441,1,1,21,2,1,5,4,0,6,1
5,109,545,114,247233,3,7,-1730630,101124,299,348,257,441,1,1,21,2,1,5,4,0,6,1
5,109,545,114,247233,5,21,-5191892,101124,299,348,257,441,1,1,21,2,1,5,4,0,6,1
5,109,545,114,247233,7,43,-10631018,101124,299,348,257,441,1,1,21,2,1,5,4,0,6,1
5,109,545,114,247233,11,111,-27442862,101124,299,348,257,441,1,1,21,2,1,5,4,0,6,1
5,113,565,118,265797,-2,7,-1860578,108900,420,247,153,343,1,3,1,2,2,5,1,0,1,1
5,113,565,118,265797,-1,3,-797390,108900,420,247,153,343,1,3,1,2,2,5,1,0,1,1
5,113,565,118,265797,0,1,-265796,108900,420,247,153,343,1,3,1,2,2,5,1,0,1,1
5,113,565,118,265797,1,1,-265796,108900,420,247,153,343,1,3,1,2,2,5,1,0,1,1
5,113,565,118,265797,2,3,-797390,108900,420,247,153,343,1,3,1,2,2,5,1,0,1,1
5,113,565,118,265797,3,7,-1860578,108900,420,247,153,343,1,3,1,2,2,5,1,0,1,1
5,113,565,118,265797,5,21,-5581736,108900,420,247,153,343,1,3,1,2,2,5,1,0,1,1
5,113,565,118,265797,7,43,-11429270,108900,420,247,153,343,1,3,1,2,2,5,1,0,1,1
5,113,565,118,265797,11,111,-29503466,108900,420,247,153,343,1,3,1,2,2,5,1,0,1,1
5,127,635,132,336063,-2,7,-2352440,138384,589,148,43,255,1,1,3,2,1,5,1,0,1,1
5,127,635,132,336063,-1,3,-1008188,138384,589,148,43,255,1,1,3,2,1,5,1,0,1,1
5,127,635,132,336063,0,1,-336062,138384,589,148,43,255,1,1,3,2,1,5,1,0,1,1
5,127,635,132,336063,1,1,-336062,138384,589,148,43,255,1,1,3,2,1,5,1,0,1,1
5,127,635,132,336063,2,3,-1008188,138384,589,148,43,255,1,1,3,2,1,5,1,0,1,1
5,127,635,132,336063,3,7,-2352440,138384,589,148,43,255,1,1,3,2,1,5,1,0,1,1
5,127,635,132,336063,5,21,-7057322,138384,589,148,43,255,1,1,3,2,1,5,1,0,1,1
5,127,635,132,336063,7,43,-14450708,138384,589,148,43,255,1,1,3,2,1,5,1,0,1,1
5,127,635,132,336063,11,111,-37302992,138384,589,148,43,255,1,1,3,2,1,5,1,0,1,1
5,131,655,136,357651,-2,7,-2503556,147456,81,21,567,131,1,3,1,2,2,5,5,0,0,1
5,131,655,136,357651,-1,3,-1072952,147456,81,21,567,131,1,3,1,2,2,5,5,0,0,1
5,131,655,136,357651,0,1,-357650,147456,81,21,567,131,1,3,1,2,2,5,5,0,0,1
5,131,655,136,357651,1,1,-357650,147456,81,21,567,131,1,3,1,2,2,5,5,0,0,1
5,131,655,136,357651,2,3,-1072952,147456,81,21,567,131,1,3,1,2,2,5,5,0,0,1
5,131,655,136,357651,3,7,-2503556,147456,81,21,567,131,1,3,1,2,2,5,5,0,0,1
5,131,655,136,357651,5,21,-7510670,147456,81,21,567,131,1,3,1,2,2,5,5,0,0,1
5,131,655,136,357651,7,43,-15378992,147456,81,21,567,131,1,3,1,2,2,5,5,0,0,1
5,131,655,136,357651,11,111,-39699260,147456,81,21,567,131,1,3,1,2,2,5,5,0,0,1
5,137,685,142,391293,-2,7,-2739050,161604,629,158,45,273,1,9,7,2,2,5,4,0,6,1
5,137,685,142,391293,-1,3,-1173878,161604,629,158,45,273,1,9,7,2,2,5,4,0,6,1
5,137,685,142,391293,0,1,-391292,161604,629,158,45,273,1,9,7,2,2,5,4,0,6,1
5,137,685,142,391293,1,1,-391292,161604,629,158,45,273,1,9,7,2,2,5,4,0,6,1
5,137,685,142,391293,2,3,-1173878,161604,629,158,45,273,1,9,7,2,2,5,4,0,6,1
5,137,685,142,391293,3,7,-2739050,161604,629,158,45,273,1,9,7,2,2,5,4,0,6,1
5,137,685,142,391293,5,21,-8217152,161604,629,158,45,273,1,9,7,2,2,5,4,0,6,1
5,137,685,142,391293,7,43,-16825598,161604,629,158,45,273,1,9,7,2,2,5,4,0,6,1
5,137,685,142,391293,11,111,-43433522,161604,629,158,45,273,1,9,7,2,2,5,4,0,6,1
5,139,695,144,402843,-2,7,-2819900,166464,359,438,323,555,1,1,3,2,1,5,6,0,3,1
5,139,695,144,402843,-1,3,-1208528,166464,359,438,323,555,1,1,3,2,1,5,6,0,3,1
5,139,695,144,402843,0,1,-402842,166464,359,438,323,555,1,1,3,2,1,5,6,0,3,1
5,139,695,144,402843,1,1,-402842,166464,359,438,323,555,1,1,3,2,1,5,6,0,3,1
5,139,695,144,402843,2,3,-1208528,166464,359,438,323,555,1,1,3,2,1,5,6,0,3,1
5,139,695,144,402843,3,7,-2819900,166464,359,438,323,555,1,1,3,2,1,5,6,0,3,1
5,139,695,144,402843,5,21,-8459702,166464,359,438,323,555,1,1,3,2,1,5,6,0,3,1
5,139,695,144,402843,7,43,-17322248,166464,359,438,323,555,1,1,3,2,1,5,6,0,3,1
5,139,695,144,402843,11,111,-44715572,166464,359,438,323,555,1,1,3,2,1,5,6,0,3,1
5,149,745,154,463113,-2,7,-3241790,191844,379,468,345,593,1,3,1,2,2,5,2,0,3,1
5,149,745,154,463113,-1,3,-1389338,191844,379,468,345,593,1,3,1,2,2,5,2,0,3,1
5,149,745,154,463113,0,1,-463112,191844,379,468,345,593,1,3,1,2,2,5,2,0,3,1
5,149,745,154,463113,1,1,-463112,191844,379,468,345,593,1,3,1,2,2,5,2,0,3,1
5,149,745,154,463113,2,3,-1389338,191844,379,468,345,593,1,3,1,2,2,5,2,0,3,1
5,149,745,154,463113,3,7,-3241790,191844,379,468,345,593,1,3,1,2,2,5,2,0,3,1
5,149,745,154,463113,5,21,-9725372,191844,379,468,345,593,1,3,1,2,2,5,2,0,3,1
5,149,745,154,463113,7,43,-19913858,191844,379,468,345,593,1,3,1,2,2,5,2,0,3,1
5,149,745,154,463113,11,111,-51405542,191844,379,468,345,593,1,3,1,2,2,5,2,0,3,1
5,151,755,156,475671,-2,7,-3329696,197136,81,21,651,147,1,1,21,2,1,5,4,0,6,1
5,151,755,156,475671,-1,3,-1427012,197136,81,21,651,147,1,1,21,2,1,5,4,0,6,1
5,151,755,156,475671,0,1,-475670,197136,81,21,651,147,1,1,21,2,1,5,4,0,6,1
5,151,755,156,475671,1,1,-475670,197136,81,21,651,147,1,1,21,2,1,5,4,0,6,1
5,151,755,156,475671,2,3,-1427012,197136,81,21,651,147,1,1,21,2,1,5,4,0,6,1
5,151,755,156,475671,3,7,-3329696,197136,81,21,651,147,1,1,21,2,1,5,4,0,6,1
5,151,755,156,475671,5,21,-9989090,197136,81,21,651,147,1,1,21,2,1,5,4,0,6,1
5,151,755,156,475671,7,43,-20453852,197136,81,21,651,147,1,1,21,2,1,5,4,0,6,1
5,151,755,156,475671,11,111,-52799480,197136,81,21,651,147,1,1,21,2,1,5,4,0,6,1
5,157,785,162,514353,-2,7,-3600470,213444,709,178,49,309,1,49,3,2,1,5,3,0,0,1
5,157,785,162,514353,-1,3,-1543058,213444,709,178,49,309,1,49,3,2,1,5,3,0,0,1
5,157,785,162,514353,0,1,-514352,213444,709,178,49,309,1,49,3,2,1,5,3,0,0,1
5,157,785,162,514353,1,1,-514352,213444,709,178,49,309,1,49,3,2,1,5,3,0,0,1
5,157,785,162,514353,2,3,-1543058,213444,709,178,49,309,1,49,3,2,1,5,3,0,0,1
5,157,785,162,514353,3,7,-3600470,213444,709,178,49,309,1,49,3,2,1,5,3,0,0,1
5,157,785,162,514353,5,21,-10801412,213444,709,178,49,309,1,49,3,2,1,5,3,0,0,1
5,157,785,162,514353,7,43,-22117178,213444,709,178,49,309,1,49,3,2,1,5,3,0,0,1
5,157,785,162,514353,11,111,-57093182,213444,709,178,49,309,1,49,3,2,1,5,3,0,0,1
5,163,815,168,554547,-2,7,-3881828,230400,570,347,213,483,1,1,3,2,1,5,2,0,3,1
5,163,815,168,554547,-1,3,-1663640,230400,570,347,213,483,1,1,3,2,1,5,2,0,3,1
5,163,815,168,554547,0,1,-554546,230400,570,347,213,483,1,1,3,2,1,5,2,0,3,1
5,163,815,168,554547,1,1,-554546,230400,570,347,213,483,1,1,3,2,1,5,2,0,3,1
5,163,815,168,554547,2,3,-1663640,230400,570,347,213,483,1,1,3,2,1,5,2,0,3,1
5,163,815,168,554547,3,7,-3881828,230400,570,347,213,483,1,1,3,2,1,5,2,0,3,1
5,163,815,168,554547,5,21,-11645486,230400,570,347,213,483,1,1,3,2,1,5,2,0,3,1
5,163,815,168,554547,7,43,-23845520,230400,570,347,213,483,1,1,3,2,1,5,2,0,3,1
5,163,815,168,554547,11,111,-61554716,230400,570,347,213,483,1,1,3,2,1,5,2,0,3,1
5,167,835,172,582183,-2,7,-4075280,242064,749,188,51,327,1,3,1,2,2,5,6,0,3,1
5,167,835,172,582183,-1,3,-1746548,242064,749,188,51,327,1,3,1,2,2,5,6,0,3,1
5,167,835,172,582183,0,1,-582182,242064,749,188,51,327,1,3,1,2,2,5,6,0,3,1
5,167,835,172,582183,1,1,-582182,242064,749,188,51,327,1,3,1,2,2,5,6,0,3,1
5,167,835,172,582183,2,3,-1746548,242064,749,188,51,327,1,3,1,2,2,5,6,0,3,1
5,167,835,172,582183,3,7,-4075280,242064,749,188,51,327,1,3,1,2,2,5,6,0,3,1
5,167,835,172,582183,5,21,-12225842,242064,749,188,51,327,1,3,1,2,2,5,6,0,3,1
5,167,835,172,582183,7,43,-25033868,242064,749,188,51,327,1,3,1,2,2,5,6,0,3,1
5,167,835,172,582183,11,111,-64622312,242064,749,188,51,327,1,3,1,2,2,5,6,0,3,1
5,173,865,178,624897,-2,7,-4374278,260100,600,367,225,511,1,9,1,2,2,5,5,0,0,1
5,173,865,178,624897,-1,3,-1874690,260100,600,367,225,511,1,9,1,2,2,5,5,0,0,1
5,173,865,178,624897,0,1,-624896,260100,600,367,225,511,1,9,1,2,2,5,5,0,0,1
5,173,865,178,624897,1,1,-624896,260100,600,367,225,511,1,9,1,2,2,5,5,0,0,1
5,173,865,178,624897,2,3,-1874690,260100,600,367,225,511,1,9,1,2,2,5,5,0,0,1
5,173,865,178,624897,3,7,-4374278,260100,600,367,225,511,1,9,1,2,2,5,5,0,0,1
5,173,865,178,624897,5,21,-13122836,260100,600,367,225,511,1,9,1,2,2,5,5,0,0,1
5,173,865,178,624897,7,43,-26870570,260100,600,367,225,511,1,9,1,2,2,5,5,0,0,1
5,173,865,178,624897,11,111,-69363566,260100,600,367,225,511,1,9,1,2,2,5,5,0,0,1
5,179,895,184,669123,-2,7,-4683860,278784,439,558,411,707,1,3,7,2,2,5,4,0,6,1
5,179,895,184,669123,-1,3,-2007368,278784,439,558,411,707,1,3,7,2,2,5,4,0,6,1
5,179,895,184,669123,0,1,-669122,278784,439,558,411,707,1,3,7,2,2,5,4,0,6,1
5,179,895,184,669123,1,1,-669122,278784,439,558,411,707,1,3,7,2,2,5,4,0,6,1
5,179,895,184,669123,2,3,-2007368,278784,439,558,411,707,1,3,7,2,2,5,4,0,6,1
5,179,895,184,669123,3,7,-4683860,278784,439,558,411,707,1,3,7,2,2,5,4,0,6,1
5,179,895,184,669123,5,21,-14051582,278784,439,558,411,707,1,3,7,2,2,5,4,0,6,1
5,179,895,184,669123,7,43,-28772288,278784,439,558,411,707,1,3,7,2,2,5,4,0,6,1
5,179,895,184,669123,11,111,-74272652,278784,439,558,411,707,1,3,7,2,2,5,4,0,6,1
5,181,905,186,684201,-2,7,-4789406,285156,81,21,777,171,1,1,3,2,1,5,6,0,3,1
5,181,905,186,684201,-1,3,-2052602,285156,81,21,777,171,1,1,3,2,1,5,6,0,3,1
5,181,905,186,684201,0,1,-684200,285156,81,21,777,171,1,1,3,2,1,5,6,0,3,1
5,181,905,186,684201,1,1,-684200,285156,81,21,777,171,1,1,3,2,1,5,6,0,3,1
5,181,905,186,684201,2,3,-2052602,285156,81,21,777,171,1,1,3,2,1,5,6,0,3,1
5,181,905,186,684201,3,7,-4789406,285156,81,21,777,171,1,1,3,2,1,5,6,0,3,1
5,181,905,186,684201,5,21,-14368220,285156,81,21,777,171,1,1,3,2,1,5,6,0,3,1
5,181,905,186,684201,7,43,-29420642,285156,81,21,777,171,1,1,3,2,1,5,6,0,3,1
5,181,905,186,684201,11,111,-75946310,285156,81,21,777,171,1,1,3,2,1,5,6,0,3,1
5,191,955,196,762111,-2,7,-5334776,318096,81,21,819,179,1,9,1,2,2,5,2,0,3,1
5,191,955,196,762111,-1,3,-2286332,318096,81,21,819,179,1,9,1,2,2,5,2,0,3,1
5,191,955,196,762111,0,1,-762110,318096,81,21,819,179,1,9,1,2,2,5,2,0,3,1
5,191,955,196,762111,1,1,-762110,318096,81,21,819,179,1,9,1,2,2,5,2,0,3,1
5,191,955,196,762111,2,3,-2286332,318096,81,21,819,179,1,9,1,2,2,5,2,0,3,1
5,191,955,196,762111,3,7,-5334776,318096,81,21,819,179,1,9,1,2,2,5,2,0,3,1
5,191,955,196,762111,5,21,-16004330,318096,81,21,819,179,1,9,1,2,2,5,2,0,3,1
5,191,955,196,762111,7,43,-32770772,318096,81,21,819,179,1,9,1,2,2,5,2,0,3,1
5,191,955,196,762111,11,111,-84594320,318096,81,21,819,179,1,9,1,2,2,5,2,0,3,1
5,193,965,198,778197,-2,7,-5447378,324900,660,407,249,567,1,1,21,2,1,5,4,0,6,1
5,193,965,198,778197,-1,3,-2334590,324900,660,407,249,567,1,1,21,2,1,5,4,0,6,1
5,193,965,198,778197,0,1,-778196,324900,660,407,249,567,1,1,21,2,1,5,4,0,6,1
5,193,965,198,778197,1,1,-778196,324900,660,407,249,567,1,1,21,2,1,5,4,0,6,1
5,193,965,198,778197,2,3,-2334590,324900,660,407,249,567,1,1,21,2,1,5,4,0,6,1
5,193,965,198,778197,3,7,-5447378,324900,660,407,249,567,1,1,21,2,1,5,4,0,6,1
5,193,965,198,778197,5,21,-16342136,324900,660,407,249,567,1,1,21,2,1,5,4,0,6,1
5,193,965,198,778197,7,43,-33462470,324900,660,407,249,567,1,1,21,2,1,5,4,0,6,1
5,193,965,198,778197,11,111,-86379866,324900,660,407,249,567,1,1,21,2,1,5,4,0,6,1
5,197,985,202,810873,-2,7,-5676110,338724,869,218,57,381,1,3,1,2,2,5,1,0,1,1
5,197,985,202,810873,-1,3,-2432618,338724,869,218,57,381,1,3,1,2,2,5,1,0,1,1
5,197,985,202,810873,0,1,-810872,338724,869,218,57,381,1,3,1,2,2,5,1,0,1,1
5,197,985,202,810873,1,1,-810872,338724,869,218,57,381,1,3,1,2,2,5,1,0,1,1
5,197,985,202,810873,2,3,-2432618,338724,869,218,57,381,1,3,1,2,2,5,1,0,1,1
5,197,985,202,810873,3,7,-5676110,338724,869,218,57,381,1,3,1,2,2,5,1,0,1,1
5,197,985,202,810873,5,21,-17028332,338724,869,218,57,381,1,3,1,2,2,5,1,0,1,1
5,197,985,202,810873,7,43,-34867538,338724,869,218,57,381,1,3,1,2,2,5,1,0,1,1
5,197,985,202,810873,11,111,-90006902,338724,869,218,57,381,1,3,1,2,2,5,1,0,1,1
5,199,995,204,827463,-2,7,-5792240,345744,479,618,455,783,1,7,3,2,1,5,3,0,0,1
5,199,995,204,827463,-1,3,-2482388,345744,479,618,455,783,1,7,3,2,1,5,3,0,0,1
5,199,995,204,827463,0,1,-827462,345744,479,618,455,783,1,7,3,2,1,5,3,0,0,1
5,199,995,204,827463,1,1,-827462,345744,479,618,455,783,1,7,3,2,1,5,3,0,0,1
5,199,995,204,827463,2,3,-2482388,345744,479,618,455,783,1,7,3,2,1,5,3,0,0,1
5,199,995,204,827463,3,7,-5792240,345744,479,618,455,783,1,7,3,2,1,5,3,0,0,1
5,199,995,204,827463,5,21,-17376722,345744,479,618,455,783,1,7,3,2,1,5,3,0,0,1
5,199,995,204,827463,7,43,-35580908,345744,479,618,455,783,1,7,3,2,1,5,3,0,0,1
5,199,995,204,827463,11,111,-91848392,345744,479,618,455,783,1,7,3,2,1,5,3,0,0,1
7,11,77,18,4773,-2,7,-33410,1764,70,76,61,15,1,1,3,1,2,0,4,1,6,1
7,11,77,18,4773,-1,3,-14318,1764,70,76,61,15,1,1,3,1,2,0,4,1,6,4
7,11,77,18,4773,0,1,-4772,1764,70,76,61,15,1,1,3,1,2,0,4,1,6,2
7,11,77,18,4773,1,1,-4772,1764,70,76,61,15,1,1,3,1,2,0,4,1,6,2
7,11,77,18,4773,2,3,-14318,1764,70,76,61,15,1,1,3,1,2,0,4,1,6,4
7,11,77,18,4773,3,7,-33410,1764,70,76,61,15,1,1,3,1,2,0,4,1,6,1
7,11,77,18,4773,5,21,-100232,1764,70,76,61,15,1,1,3,1,2,0,4,1,6,1
7,11,77,18,4773,7,43,-205238,1764,70,76,61,15,1,1,3,1,2,0,4,1,6,2
7,11,77,18,4773,11,111,-529802,1764,70,76,61,15,1,1,3,1,2,0,4,1,6,0
7,13,91,20,6751,-2,7,-47256,2704,65,17,1,35,1,1,1,1,1,0,6,1,3,1
7,13,91,20,6751,-1,3,-20252,2704,65,17,1,35,1,1,1,1,1,0,6,1,3,6
7,13,91,20,6751,0,1,-6750,2704,65,17,1,35,1,1,1,1,1,0,6,1,3,5
7,13,91,20,6751,1,1,-6750,2704,65,17,1,35,1,1,1,1,1,0,6,1,3,5
7,13,91,20,6751,2,3,-20252,2704,65,17,1,35,1,1,1,1,1,0,6,1,3,6
7,13,91,20,6751,3,7,-47256,2704,65,17,1,35,1,1,1,1,1,0,6,1,3,1
7,13,91,20,6751,5,21,-141770,2704,65,17,1,35,1,1,1,1,1,0,6,1,3,1
7,13,91,20,6751,7,43,-290292,2704,65,17,1,35,1,1,1,1,1,0,6,1,3,5
7,13,91,20,6751,11,111,-749360,2704,65,17,1,35,1,1,1,1,1,0,6,1,3,4
7,17,119,24,11739,-2,7,-82172,5184,67,77,57,99,7,1,3,1,2,0,3,1,0,1
7,17,119,24,11739,-1,3,-35216,5184,67,77,57,99,7,1,3,1,2,0,3,1,0,1
7,17,119,24,11739,0,1,-11738,5184,67,77,57,99,7,1,3,1,2,0,3,1,0,1
7,17,119,24,11739,1,1,-11738,5184,67,77,57,99,7,1,3,1,2,0,3,1,0,1
7,17,119,24,11739,2,3,-35216,5184,67,77,57,99,7,1,3,1,2,0,3,1,0,1
7,17,119,24,11739,3,7,-82172,5184,67,77,57,99,7,1,3,1,2,0,3,1,0,1
7,17,119,24,11739,5,21,-246518,5184,67,77,57,99,7,1,3,1,2,0,3,1,0,1
7,17,119,24,11739,7,43,-504776,5184,67,77,57,99,7,1,3,1,2,0,3,1,0,1
7,17,119,24,11739,11,111,-1303028,5184,67,77,57,99,7,1,3,1,2,0,3,1,0,1
7,19,133,26,14749,-2,7,-103242,6724,74,119,97,9,7,1,1,1,1,0,5,1,0,1
7,19,133,26,14749,-1,3,-44246,6724,74,119,97,9,7,1,1,1,1,0,5,1,0,1
7,19,133,26,14749,0,1,-14748,6724,74,119,97,9,7,1,1,1,1,0,5,1,0,1
7,19,133,26,14749,1,1,-14748,6724,74,119,97,9,7,1,1,1,1,0,5,1,0,1
7,19,133,26,14749,2,3,-44246,6724,74,119,97,9,7,1,1,1,1,0,5,1,0,1
7,19,133,26,14749,3,7,-103242,6724,74,119,97,9,7,1,1,1,1,0,5,1,0,1
7,19,133,26,14749,5,21,-309728,6724,74,119,97,9,7,1,1,1,1,0,5,1,0,1
7,19,133,26,14749,7,43,-634206,6724,74,119,97,9,7,1,1,1,1,0,5,1,0,1
7,19,133,26,14749,11,111,-1637138,6724,74,119,97,9,7,1,1,1,1,0,5,1,0,1
7,23,161,30,21801,-2,7,-152606,10404,100,66,41,93,1,1,3,1,2,0,2,1,3,1
7,23,161,30,21801,-1,3,-65402,10404,100,66,41,93,1,1,3,1,2,0,2,1,3,6
7,23,161,30,21801,0,1,-21800,10404,100,66,41,93,1,1,3,1,2,0,2,1,3,5
7,23,161,30,21801,1,1,-21800,10404,100,66,41,93,1,1,3,1,2,0,2,1,3,5
7,23,161,30,21801,2,3,-65402,10404,100,66,41,93,1,1,3,1,2,0,2,1,3,6
7,23,161,30,21801,3,7,-152606,10404,100,66,41,93,1,1,3,1,2,0,2,1,3,1
7,23,161,30,21801,5,21,-457820,10404,100,66,41,93,1,1,3,1,2,0,2,1,3,1
7,23,161,30,21801,7,43,-937442,10404,100,66,41,93,1,1,3,1,2,0,2,1,3,5
7,23,161,30,21801,11,111,-2419910,10404,100,66,41,93,1,1,3,1,2,0,2,1,3,4
7,29,203,36,34959,-2,7,-244712,17424,169,43,13,75,1,1,3,1,2,0,1,1,1,1
7,29,203,36,34959,-1,3,-104876,17424,169,43,13,75,1,1,3,1,2,0,1,1,1,5
7,29,203,36,34959,0,1,-34958,17424,169,43,13,75,1,1,3,1,2,0,1,1,1,0
7,29,203,36,34959,1,1,-34958,17424,169,43,13,75,1,1,3,1,2,0,1,1,1,0
7,29,203,36,34959,2,3,-104876,17424,169,43,13,75,1,1,3,1,2,0,1,1,1,5
7,29,203,36,34959,3,7,-244712,17424,169,43,13,75,1,1,3,1,2,0,1,1,1,1
7,29,203,36,34959,5,21,-734138,17424,169,43,13,75,1,1,3,1,2,0,1,1,1,1
7,29,203,36,34959,7,43,-1503236,17424,169,43,13,75,1,1,3,1,2,0,1,1,1,0
7,29,203,36,34959,11,111,-3880448,17424,169,43,13,75,1,1,3,1,2,0,1,1,1,2
7,31,217,38,40033,-2,7,-280230,20164,200,105,73,139,7,1,1,1,1,0,3,1,0,1
7,31,217,38,40033,-1,3,-120098,20164,200,105,73,139,7,1,1,1,1,0,3,1,0,1
7,31,217,38,40033,0,1,-40032,20164,200,105,73,139,7,1,1,1,1,0,3,1,0,1
7,31,217,38,40033,1,1,-40032,20164,200,105,73,139,7,1,1,1,1,0,3,1,0,1
7,31,217,38,40033,2,3,-120098,20164,200,105,73,139,7,1,1,1,1,0,3,1,0,1
7,31,217,38,40033,3,7,-280230,20164,200,105,73,139,7,1,1,1,1,0,3,1,0,1
7,31,217,38,40033,5,21,-840692,20164,200,105,73,139,7,1,1,1,1,0,3,1,0,1
7,31,217,38,40033,7,43,-1721418,20164,200,105,73,139,7,1,1,1,1,0,3,1,0,1
7,31,217,38,40033,11,111,-4443662,20164,200,105,73,139,7,1,1,1,1,0,3,1,0,1
7,37,259,44,57319,-2,7,-401232,29584,58,80,43,119,1,43,1,1,1,0,2,1,3,1
7,37,259,44,57319,-1,3,-171956,29584,58,80,43,119,1,43,1,1,1,0,2,1,3,6
7,37,259,44,57319,0,1,-57318,29584,58,80,43,119,1,43,1,1,1,0,2,1,3,5
7,37,259,44,57319,1,1,-57318,29584,58,80,43,119,1,43,1,1,1,0,2,1,3,5
7,37,259,44,57319,2,3,-171956,29584,58,80,43,119,1,43,1,1,1,0,2,1,3,6
7,37,259,44,57319,3,7,-401232,29584,58,80,43,119,1,43,1,1,1,0,2,1,3,1
7,37,259,44,57319,5,21,-1203698,29584,58,80,43,119,1,43,1,1,1,0,2,1,3,1
7,37,259,44,57319,7,43,-2464716,29584,58,80,43,119,1,43,1,1,1,0,2,1,3,5
7,37,259,44,57319,11,111,-6362408,29584,58,80,43,119,1,43,1,1,1,0,2,1,3,4
7,41,287,48,70563,-2,7,-493940,36864,128,248,207,3,1,1,3,1,2,0,6,1,3,1
7,41,287,48,70563,-1,3,-211688,36864,128,248,207,3,1,1,3,1,2,0,6,1,3,6
7,41,287,48,70563,0,1,-70562,36864,128,248,207,3,1,1,3,1,2,0,6,1,3,5
7,41,287,48,70563,1,1,-70562,36864,128,248,207,3,1,1,3,1,2,0,6,1,3,5
7,41,287,48,70563,2,3,-211688,36864,128,248,207,3,1,1,3,1,2,0,6,1,3,6
7,41,287,48,70563,3,7,-493940,36864,128,248,207,3,1,1,3,1,2,0,6,1,3,1
7,41,287,48,70563,5,21,-1481822,36864,128,248,207,3,1,1,3,1,2,0,6,1,3,1
7,41,287,48,70563,7,43,-3034208,36864,128,248,207,3,1,1,3,1,2,0,6,1,3,5
7,41,287,48,70563,11,111,-7832492,36864,128,248,207,3,1,1,3,1,2,0,6,1,3,4
7,43,301,50,77701,-2,7,-543906,40804,169,43,1,87,43,1,1,1,1,0,1,1,1,1
7,43,301,50,77701,-1,3,-233102,40804,169,43,1,87,43,1,1,1,1,0,1,1,1,5
7,43,301,50,77701,0,1,-77700,40804,169,43,1,87,43,1,1,1,1,0,1,1,1,0
7,43,301,50,77701,1,1,-77700,40804,169,43,1,87,43,1,1,1,1,0,1,1,1,0
7,43,301,50,77701,2,3,-233102,40804,169,43,1,87,43,1,1,1,1,0,1,1,1,5
7,43,301,50,77701,3,7,-543906,40804,169,43,1,87,43,1,1,1,1,0,1,1,1,1
7,43,301,50,77701,5,21,-1631720,40804,169,43,1,87,43,1,1,1,1,0,1,1,1,1
7,43,301,50,77701,7,43,-3341142,40804,169,43,1,87,43,1,1,1,1,0,1,1,1,0
7,43,301,50,77701,11,111,-8624810,40804,169,43,1,87,43,1,1,1,1,0,1,1,1,2
7,47,329,54,93009,-2,7,-651062,49284,263,231,185,279,7,1,3,1,2,0,5,1,0,1
7,47,329,54,93009,-1,3,-279026,49284,263,231,185,279,7,1,3,1,2,0,5,1,0,1
7,47,329,54,93009,0,1,-93008,49284,263,231,185,279,7,1,3,1,2,0,5,1,0,1
7,47,329,54,93009,1,1,-93008,49284,263,231,185,279,7,1,3,1,2,0,5,1,0,1
7,47,329,54,93009,2,3,-279026,49284,263,231,185,279,7,1,3,1,2,0,5,1,0,1
7,47,329,54,93009,3,7,-651062,49284,263,231,185,279,7,1,3,1,2,0,5,1,0,1
7,47,329,54,93009,5,21,-1953188,49284,263,231,185,279,7,1,3,1,2,0,5,1,0,1
7,47,329,54,93009,7,43,-3999386,49284,263,231,185,279,7,1,3,1,2,0,5,1,0,1
7,47,329,54,93009,11,111,-10323998,49284,263,231,185,279,7,1,3,1,2,0,5,1,0,1
7,53,371,60,118551,-2,7,-829856,63504,63,202,151,255,1,1,3,1,2,0,4,1,6,1
7,53,371,60,118551,-1,3,-355652,63504,63,202,151,255,1,1,3,1,2,0,4,1,6,4
7,53,371,60,118551,0,1,-118550,63504,63,202,151,255,1,1,3,1,2,0,4,1,6,2
7,53,371,60,118551,1,1,-118550,63504,63,202,151,255,1,1,3,1,2,0,4,1,6,2
7,53,371,60,118551,2,3,-355652,63504,63,202,151,255,1,1,3,1,2,0,4,1,6,4
7,53,371,60,118551,3,7,-829856,63504,63,202,151,255,1,1,3,1,2,0,4,1,6,1
7,53,371,60,118551,5,21,-2489570,63504,63,202,151,255,1,1,3,1,2,0,4,1,6,1
7,53,371,60,118551,7,43,-5097692,63504,63,202,151,255,1,1,3,1,2,0,4,1,6,2
7,53,371,60,118551,11,111,-13159160,63504,63,202,151,255,1,1,3,1,2,0,4,1,6,0
7,59,413,66,147189,-2,7,-1030322,79524,228,161,105,219,7,1,3,1,2,0,3,1,0,1
7,59,413,66,147189,-1,3,-441566,79524,228,161,105,219,7,1,3,1,2,0,3,1,0,1
7,59,413,66,147189,0,1,-147188,79524,228,161,105,219,7,1,3,1,2,0,3,1,0,1
7,59,413,66,147189,1,1,-147188,79524,228,161,105,219,7,1,3,1,2,0,3,1,0,1
7,59,413,66,147189,2,3,-441566,79524,228,161,105,219,7,1,3,1,2,0,3,1,0,1
7,59,413,66,147189,3,7,-1030322,79524,228,161,105,219,7,1,3,1,2,0,3,1,0,1
7,59,413,66,147189,5,21,-3090968,79524,228,161,105,219,7,1,3,1,2,0,3,1,0,1
7,59,413,66,147189,7,43,-6329126,79524,228,161,105,219,7,1,3,1,2,0,3,1,0,1
7,59,413,66,147189,11,111,-16337978,79524,228,161,105,219,7,1,3,1,2,0,3,1,0,1
7,61,427,68,157423,-2,7,-1101960,85264,291,287,229,347,7,1,1,1,1,0,5,1,0,1
7,61,427,68,157423,-1,3,-472268,85264,291,287,229,347,7,1,1,1,1,0,5,1,0,1
7,61,427,68,157423,0,1,-157422,85264,291,287,229,347,7,1,1,1,1,0,5,1,0,1
7,61,427,68,157423,1,1,-157422,85264,291,287,229,347,7,1,1,1,1,0,5,1,0,1
7,61,427,68,157423,2,3,-472268,85264,291,287,229,347,7,1,1,1,1,0,5,1,0,1
7,61,427,68,157423,3,7,-1101960,85264,291,287,229,347,7,1,1,1,1,0,5,1,0,1
7,61,427,68,157423,5,21,-3305882,85264,291,287,229,347,7,1,1,1,1,0,5,1,0,1
7,61,427,68,157423,7,43,-6769188,85264,291,287,229,347,7,1,1,1,1,0,5,1,0,1
7,61,427,68,157423,11,111,-17473952,85264,291,287,229,347,7,1,1,1,1,0,5,1,0,1
7,67,469,74,190189,-2,7,-1331322,103684,35,244,181,309,1,1,1,1,1,0,4,1,6,1
7,67,469,74,190189,-1,3,-570566,103684,35,244,181,309,1,1,1,1,1,0,4,1,6,4
7,67,469,74,190189,0,1,-190188,103684,35,244,181,309,1,1,1,1,1,0,4,1,6,2
7,67,469,74,190189,1,1,-190188,103684,35,244,181,309,1,1,1,1,1,0,4,1,6,2
7,67,469,74,190189,2,3,-570566,103684,35,244,181,309,1,1,1,1,1,0,4,1,6,4
7,67,469,74,190189,3,7,-1331322,103684,35,244,181,309,1,1,1,1,1,0,4,1,6,1
7,67,469,74,190189,5,21,-3993968,103684,35,244,181,309,1,1,1,1,1,0,4,1,6,1
7,67,469,74,190189,7,43,-8178126,103684,35,244,181,309,1,1,1,1,1,0,4,1,6,2
7,67,469,74,190189,11,111,-21110978,103684,35,244,181,309,1,1,1,1,1,0,4,1,6,0
7,71,497,78,213753,-2,7,-1496270,116964,169,43,473,111,1,1,3,1,2,0,1,1,1,1
7,71,497,78,213753,-1,3,-641258,116964,169,43,473,111,1,1,3,1,2,0,1,1,1,5
7,71,497,78,213753,0,1,-213752,116964,169,43,473,111,1,1,3,1,2,0,1,1,1,0
7,71,497,78,213753,1,1,-213752,116964,169,43,473,111,1,1,3,1,2,0,1,1,1,0
7,71,497,78,213753,2,3,-641258,116964,169,43,473,111,1,1,3,1,2,0,1,1,1,5
7,71,497,78,213753,3,7,-1496270,116964,169,43,473,111,1,1,3,1,2,0,1,1,1,1
7,71,497,78,213753,5,21,-4488812,116964,169,43,473,111,1,1,3,1,2,0,1,1,1,1
7,71,497,78,213753,7,43,-9191378,116964,169,43,473,111,1,1,3,1,2,0,1,1,1,0
7,71,497,78,213753,11,111,-23726582,116964,169,43,473,111,1,1,3,1,2,0,1,1,1,2
7,73,511,80,226051,-2,7,-1582356,123904,242,189,121,259,7,1,1,1,1,0,3,1,0,1
7,73,511,80,226051,-1,3,-678152,123904,242,189,121,259,7,1,1,1,1,0,3,1,0,1
7,73,511,80,226051,0,1,-226050,123904,242,189,121,259,7,1,1,1,1,0,3,1,0,1
7,73,511,80,226051,1,1,-226050,123904,242,189,121,259,7,1,1,1,1,0,3,1,0,1
7,73,511,80,226051,2,3,-678152,123904,242,189,121,259,7,1,1,1,1,0,3,1,0,1
7,73,511,80,226051,3,7,-1582356,123904,242,189,121,259,7,1,1,1,1,0,3,1,0,1
7,73,511,80,226051,5,21,-4747070,123904,242,189,121,259,7,1,1,1,1,0,3,1,0,1
7,73,511,80,226051,7,43,-9720192,123904,242,189,121,259,7,1,1,1,1,0,3,1,0,1
7,73,511,80,226051,11,111,-25091660,123904,242,189,121,259,7,1,1,1,1,0,3,1,0,1
7,79,553,86,265009,-2,7,-1855062,145924,485,122,49,197,1,1,1,1,1,0,2,1,3,1
7,79,553,86,265009,-1,3,-795026,145924,485,122,49,197,1,1,1,1,1,0,2,1,3,6
7,79,553,86,265009,0,1,-265008,145924,485,122,49,197,1,1,1,1,1,0,2,1,3,5
7,79,553,86,265009,1,1,-265008,145924,485,122,49,197,1,1,1,1,1,0,2,1,3,5
7,79,553,86,265009,2,3,-795026,145924,485,122,49,197,1,1,1,1,1,0,2,1,3,6
7,79,553,86,265009,3,7,-1855062,145924,485,122,49,197,1,1,1,1,1,0,2,1,3,1
7,79,553,86,265009,5,21,-5565188,145924,485,122,49,197,1,1,1,1,1,0,2,1,3,1
7,79,553,86,265009,7,43,-11395386,145924,485,122,49,197,1,1,1,1,1,0,2,1,3,5
7,79,553,86,265009,11,111,-29415998,145924,485,122,49,197,1,1,1,1,1,0,2,1,3,4
7,83,581,90,292701,-2,7,-2048906,161604,86,458,381,537,1,1,3,1,2,0,6,1,3,1
7,83,581,90,292701,-1,3,-878102,161604,86,458,381,537,1,1,3,1,2,0,6,1,3,6
7,83,581,90,292701,0,1,-292700,161604,86,458,381,537,1,1,3,1,2,0,6,1,3,5
7,83,581,90,292701,1,1,-292700,161604,86,458,381,537,1,1,3,1,2,0,6,1,3,5
7,83,581,90,292701,2,3,-878102,161604,86,458,381,537,1,1,3,1,2,0,6,1,3,6
7,83,581,90,292701,3,7,-2048906,161604,86,458,381,537,1,1,3,1,2,0,6,1,3,1
7,83,581,90,292701,5,21,-6146720,161604,86,458,381,537,1,1,3,1,2,0,6,1,3,1
7,83,581,90,292701,7,43,-12586142,161604,86,458,381,537,1,1,3,1,2,0,6,1,3,5
7,83,581,90,292701,11,111,-32489810,161604,86,458,381,537,1,1,3,1,2,0,6,1,3,4
7,89,623,96,336819,-2,7,-2357732,186624,347,399,317,483,7,1,3,1,2,0,5,1,0,1
7,89,623,96,336819,-1,3,-1010456,186624,347,399,317,483,7,1,3,1,2,0,5,1,0,1
7,89,623,96,336819,0,1,-336818,186624,347,399,317,483,7,1,3,1,2,0,5,1,0,1
7,89,623,96,336819,1,1,-336818,186624,347,399,317,483,7,1,3,1,2,0,5,1,0,1
7,89,623,96,336819,2,3,-1010456,186624,347,399,317,483,7,1,3,1,2,0,5,1,0,1
7,89,623,96,336819,3,7,-2357732,186624,347,399,317,483,7,1,3,1,2,0,5,1,0,1
7,89,623,96,336819,5,21,-7073198,186624,347,399,317,483,7,1,3,1,2,0,5,1,0,1
7,89,623,96,336819,7,43,-14483216,186624,347,399,317,483,7,1,3,1,2,0,5,1,0,1
7,89,623,96,336819,11,111,-37386908,186624,347,399,317,483,7,1,3,1,2,0,5,1,0,1
7,97,679,104,400459,-2,7,-2803212,222784,72,528,439,619,1,1,1,1,1,0,6,1,3,1
7,97,679,104,400459,-1,3,-1201376,222784,72,528,439,619,1,1,1,1,1,0,6,1,3,6
7,97,679,104,400459,0,1,-400458,222784,72,528,439,619,1,1,1,1,1,0,6,1,3,5
7,97,679,104,400459,1,1,-400458,222784,72,528,439,619,1,1,1,1,1,0,6,1,3,5
7,97,679,104,400459,2,3,-1201376,222784,72,528,439,619,1,1,1,1,1,0,6,1,3,6
7,97,679,104,400459,3,7,-2803212,222784,72,528,439,619,1,1,1,1,1,0,6,1,3,1
7,97,679,104,400459,5,21,-8409638,222784,72,528,439,619,1,1,1,1,1,0,6,1,3,1
7,97,679,104,400459,7,43,-17219736,222784,72,528,439,619,1,1,1,1,1,0,6,1,3,5
7,97,679,104,400459,11,111,-44450948,222784,72,528,439,619,1,1,1,1,1,0,6,1,3,4
7,101,707,108,434343,-2,7,-3040400,242064,270,245,153,339,7,1,3,1,2,0,3,1,0,1
7,101,707,108,434343,-1,3,-1303028,242064,270,245,153,339,7,1,3,1,2,0,3,1,0,1
7,101,707,108,434343,0,1,-434342,242064,270,245,153,339,7,1,3,1,2,0,3,1,0,1
7,101,707,108,434343,1,1,-434342,242064,270,245,153,339,7,1,3,1,2,0,3,1,0,1
7,101,707,108,434343,2,3,-1303028,242064,270,245,153,339,7,1,3,1,2,0,3,1,0,1
7,101,707,108,434343,3,7,-3040400,242064,270,245,153,339,7,1,3,1,2,0,3,1,0,1
7,101,707,108,434343,5,21,-9121202,242064,270,245,153,339,7,1,3,1,2,0,3,1,0,1
7,101,707,108,434343,7,43,-18676748,242064,270,245,153,339,7,1,3,1,2,0,3,1,0,1
7,101,707,108,434343,11,111,-48212072,242064,270,245,153,339,7,1,3,1,2,0,3,1,0,1
7,103,721,110,451801,-2,7,-3162606,252004,375,455,361,551,7,1,19,1,1,0,5,1,0,1
7,103,721,110,451801,-1,3,-1355402,252004,375,455,361,551,7,1,19,1,1,0,5,1,0,1
7,103,721,110,451801,0,1,-451800,252004,375,455,361,551,7,1,19,1,1,0,5,1,0,1
7,103,721,110,451801,1,1,-451800,252004,375,455,361,551,7,1,19,1,1,0,5,1,0,1
7,103,721,110,451801,2,3,-1355402,252004,375,455,361,551,7,1,19,1,1,0,5,1,0,1
7,103,721,110,451801,3,7,-3162606,252004,375,455,361,551,7,1,19,1,1,0,5,1,0,1
7,103,721,110,451801,5,21,-9487820,252004,375,455,361,551,7,1,19,1,1,0,5,1,0,1
7,103,721,110,451801,7,43,-19427442,252004,375,455,361,551,7,1,19,1,1,0,5,1,0,1
7,103,721,110,451801,11,111,-50149910,252004,375,455,361,551,7,1,19,1,1,0,5,1,0,1
7,107,749,114,487749,-2,7,-3414242,272484,597,150,53,249,1,1,3,1,2,0,2,1,3,1
7,107,749,114,487749,-1,3,-1463246,272484,597,150,53,249,1,1,3,1,2,0,2,1,3,6
7,107,749,114,487749,0,1,-487748,272484,597,150,53,249,1,1,3,1,2,0,2,1,3,5
7,107,749,114,487749,1,1,-487748,272484,597,150,53,249,1,1,3,1,2,0,2,1,3,5
7,107,749,114,487749,2,3,-1463246,272484,597,150,53,249,1,1,3,1,2,0,2,1,3,6
7,107,749,114,487749,3,7,-3414242,272484,597,150,53,249,1,1,3,1,2,0,2,1,3,1
7,107,749,114,487749,5,21,-10242728,272484,597,150,53,249,1,1,3,1,2,0,2,1,3,1
7,107,749,114,487749,7,43,-20973206,272484,597,150,53,249,1,1,3,1,2,0,2,1,3,5
7,107,749,114,487749,11,111,-54140138,272484,597,150,53,249,1,1,3,1,2,0,2,1,3,4
7,109,763,116,506239,-2,7,-3543672,283024,714,370,271,471,1,1,1,1,1,0,4,1,6,1
7,109,763,116,506239,-1,3,-1518716,283024,714,370,271,471,1,1,1,1,1,0,4,1,6,4
7,109,763,116,506239,0,1,-506238,283024,714,370,271,471,1,1,1,1,1,0,4,1,6,2
7,109,763,116,506239,1,1,-506238,283024,714,370,271,471,1,1,1,1,1,0,4,1,6,2
7,109,763,116,506239,2,3,-1518716,283024,714,370,271,471,1,1,1,1,1,0,4,1,6,4
7,109,763,116,506239,3,7,-3543672,283024,714,370,271,471,1,1,1,1,1,0,4,1,6,1
7,109,763,116,506239,5,21,-10631018,283024,714,370,271,471,1,1,1,1,1,0,4,1,6,1
7,109,763,116,506239,7,43,-21768276,283024,714,370,271,471,1,1,1,1,1,0,4,1,6,2
7,109,763,116,506239,11,111,-56192528,283024,714,370,271,471,1,1,1,1,1,0,4,1,6,0
7,113,791,120,544251,-2,7,-3809756,304704,169,43,731,147,1,1,3,1,2,0,1,1,1,1
7,113,791,120,544251,-1,3,-1632752,304704,169,43,731,147,1,1,3,1,2,0,1,1,1,5
7,113,791,120,544251,0,1,-544250,304704,169,43,731,147,1,1,3,1,2,0,1,1,1,0
7,113,791,120,544251,1,1,-544250,304704,169,43,731,147,1,1,3,1,2,0,1,1,1,0
7,113,791,120,544251,2,3,-1632752,304704,169,43,731,147,1,1,3,1,2,0,1,1,1,5
7,113,791,120,544251,3,7,-3809756,304704,169,43,731,147,1,1,3,1,2,0,1,1,1,1
7,113,791,120,544251,5,21,-11429270,304704,169,43,731,147,1,1,3,1,2,0,1,1,1,1
7,113,791,120,544251,7,43,-23402792,304704,169,43,731,147,1,1,3,1,2,0,1,1,1,0
7,113,791,120,544251,11,111,-60411860,304704,169,43,731,147,1,1,3,1,2,0,1,1,1,2
7,127,889,134,688129,-2,7,-4816902,386884,169,43,817,159,1,1,1,1,1,0,1,1,1,1
7,127,889,134,688129,-1,3,-2064386,386884,169,43,817,159,1,1,1,1,1,0,1,1,1,5
7,127,889,134,688129,0,1,-688128,386884,169,43,817,159,1,1,1,1,1,0,1,1,1,0
7,127,889,134,688129,1,1,-688128,386884,169,43,817,159,1,1,1,1,1,0,1,1,1,0
7,127,889,134,688129,2,3,-2064386,386884,169,43,817,159,1,1,1,1,1,0,1,1,1,5
7,127,889,134,688129,3,7,-4816902,386884,169,43,817,159,1,1,1,1,1,0,1,1,1,1
7,127,889,134,688129,5,21,-14450708,386884,169,43,817,159,1,1,1,1,1,0,1,1,1,1
7,127,889,134,688129,7,43,-29589546,386884,169,43,817,159,1,1,1,1,1,0,1,1,1,0
7,127,889,134,688129,11,111,-76382318,386884,169,43,817,159,1,1,1,1,1,0,1,1,1,2
7,131,917,138,732333,-2,7,-5126330,412164,431,567,449,687,7,1,3,1,2,0,5,1,0,1
7,131,917,138,732333,-1,3,-2196998,412164,431,567,449,687,7,1,3,1,2,0,5,1,0,1
7,131,917,138,732333,0,1,-732332,412164,431,567,449,687,7,1,3,1,2,0,5,1,0,1
7,131,917,138,732333,1,1,-732332,412164,431,567,449,687,7,1,3,1,2,0,5,1,0,1
7,131,917,138,732333,2,3,-2196998,412164,431,567,449,687,7,1,3,1,2,0,5,1,0,1
7,131,917,138,732333,3,7,-5126330,412164,431,567,449,687,7,1,3,1,2,0,5,1,0,1
7,131,917,138,732333,5,21,-15378992,412164,431,567,449,687,7,1,3,1,2,0,5,1,0,1
7,131,917,138,732333,7,43,-31490318,412164,431,567,449,687,7,1,3,1,2,0,5,1,0,1
7,131,917,138,732333,11,111,-81288962,412164,431,567,449,687,7,1,3,1,2,0,5,1,0,1
7,137,959,144,801219,-2,7,-5608532,451584,854,454,331,579,1,1,3,1,2,0,4,1,6,1
7,137,959,144,801219,-1,3,-2403656,451584,854,454,331,579,1,1,3,1,2,0,4,1,6,4
7,137,959,144,801219,0,1,-801218,451584,854,454,331,579,1,1,3,1,2,0,4,1,6,2
7,137,959,144,801219,1,1,-801218,451584,854,454,331,579,1,1,3,1,2,0,4,1,6,2
7,137,959,144,801219,2,3,-2403656,451584,854,454,331,579,1,1,3,1,2,0,4,1,6,4
7,137,959,144,801219,3,7,-5608532,451584,854,454,331,579,1,1,3,1,2,0,4,1,6,1
7,137,959,144,801219,5,21,-16825598,451584,854,454,331,579,1,1,3,1,2,0,4,1,6,1
7,137,959,144,801219,7,43,-34452416,451584,854,454,331,579,1,1,3,1,2,0,4,1,6,2
7,137,959,144,801219,11,111,-88935308,451584,854,454,331,579,1,1,3,1,2,0,4,1,6,0
7,139,973,146,824869,-2,7,-5774082,465124,30,738,613,865,1,1,1,1,1,0,6,1,3,1
7,139,973,146,824869,-1,3,-2474606,465124,30,738,613,865,1,1,1,1,1,0,6,1,3,6
7,139,973,146,824869,0,1,-824868,465124,30,738,613,865,1,1,1,1,1,0,6,1,3,5
7,139,973,146,824869,1,1,-824868,465124,30,738,613,865,1,1,1,1,1,0,6,1,3,5
7,139,973,146,824869,2,3,-2474606,465124,30,738,613,865,1,1,1,1,1,0,6,1,3,6
7,139,973,146,824869,3,7,-5774082,465124,30,738,613,865,1,1,1,1,1,0,6,1,3,1
7,139,973,146,824869,5,21,-17322248,465124,30,738,613,865,1,1,1,1,1,0,6,1,3,1
7,139,973,146,824869,7,43,-35469366,465124,30,738,613,865,1,1,1,1,1,0,6,1,3,5
7,139,973,146,824869,11,111,-91560458,465124,30,738,613,865,1,1,1,1,1,0,6,1,3,4
7,149,1043,156,948279,-2,7,-6637952,535824,765,192,59,327,1,1,3,1,2,0,2,1,3,1
7,149,1043,156,948279,-1,3,-2844836,535824,765,192,59,327,1,1,3,1,2,0,2,1,3,6
7,149,1043,156,948279,0,1,-948278,535824,765,192,59,327,1,1,3,1,2,0,2,1,3,5
7,149,1043,156,948279,1,1,-948278,535824,765,192,59,327,1,1,3,1,2,0,2,1,3,5
7,149,1043,156,948279,2,3,-2844836,535824,765,192,59,327,1,1,3,1,2,0,2,1,3,6
7,149,1043,156,948279,3,7,-6637952,535824,765,192,59,327,1,1,3,1,2,0,2,1,3,1
7,149,1043,156,948279,5,21,-19913858,535824,765,192,59,327,1,1,3,1,2,0,2,1,3,1
7,149,1043,156,948279,7,43,-40775996,535824,765,192,59,327,1,1,3,1,2,0,2,1,3,5
7,149,1043,156,948279,11,111,-105258968,535824,765,192,59,327,1,1,3,1,2,0,2,1,3,4
7,151,1057,158,973993,-2,7,-6817950,550564,924,496,361,633,1,1,1,1,1,0,4,1,6,1
7,151,1057,158,973993,-1,3,-2921978,550564,924,496,361,633,1,1,1,1,1,0,4,1,6,4
7,151,1057,158,973993,0,1,-973992,550564,924,496,361,633,1,1,1,1,1,0,4,1,6,2
7,151,1057,158,973993,1,1,-973992,550564,924,496,361,633,1,1,1,1,1,0,4,1,6,2
7,151,1057,158,973993,2,3,-2921978,550564,924,496,361,633,1,1,1,1,1,0,4,1,6,4
7,151,1057,158,973993,3,7,-6817950,550564,924,496,361,633,1,1,1,1,1,0,4,1,6,1
7,151,1057,158,973993,5,21,-20453852,550564,924,496,361,633,1,1,1,1,1,0,4,1,6,1
7,151,1057,158,973993,7,43,-41881698,550564,924,496,361,633,1,1,1,1,1,0,4,1,6,2
7,151,1057,158,973993,11,111,-108113222,550564,924,496,361,633,1,1,1,1,1,0,4,1,6,0
7,157,1099,164,1053199,-2,7,-7372392,595984,326,357,217,499,7,1,1,1,1,0,3,1,0,1
7,157,1099,164,1053199,-1,3,-3159596,595984,326,357,217,499,7,1,1,1,1,0,3,1,0,1
7,157,1099,164,1053199,0,1,-1053198,595984,326,357,217,499,7,1,1,1,1,0,3,1,0,1
7,157,1099,164,1053199,1,1,-1053198,595984,326,357,217,499,7,1,1,1,1,0,3,1,0,1
7,157,1099,164,1053199,2,3,-3159596,595984,326,357,217,499,7,1,1,1,1,0,3,1,0,1
7,157,1099,164,1053199,3,7,-7372392,595984,326,357,217,499,7,1,1,1,1,0,3,1,0,1
7,157,1099,164,1053199,5,21,-22117178,595984,326,357,217,499,7,1,1,1,1,0,3,1,0,1
7,157,1099,164,1053199,7,43,-45287556,595984,326,357,217,499,7,1,1,1,1,0,3,1,0,1
7,157,1099,164,1053199,11,111,-116905088,595984,326,357,217,499,7,1,1,1,1,0,3,1,0,1
7,163,1141,170,1135501,-2,7,-7948506,643204,821,206,61,353,1,1,1,1,1,0,2,1,3,1
7,163,1141,170,1135501,-1,3,-3406502,643204,821,206,61,353,1,1,1,1,1,0,2,1,3,6
7,163,1141,170,1135501,0,1,-1135500,643204,821,206,61,353,1,1,1,1,1,0,2,1,3,5
7,163,1141,170,1135501,1,1,-1135500,643204,821,206,61,353,1,1,1,1,1,0,2,1,3,5
7,163,1141,170,1135501,2,3,-3406502,643204,821,206,61,353,1,1,1,1,1,0,2,1,3,6
7,163,1141,170,1135501,3,7,-7948506,643204,821,206,61,353,1,1,1,1,1,0,2,1,3,1
7,163,1141,170,1135501,5,21,-23845520,643204,821,206,61,353,1,1,1,1,1,0,2,1,3,1
7,163,1141,170,1135501,7,43,-48826542,643204,821,206,61,353,1,1,1,1,1,0,2,1,3,5
7,163,1141,170,1135501,11,111,-126040610,643204,821,206,61,353,1,1,1,1,1,0,2,1,3,4
7,167,1169,174,1192089,-2,7,-8344622,675684,2,878,729,1029,1,1,3,1,2,0,6,1,3,1
7,167,1169,174,1192089,-1,3,-3576266,675684,2,878,729,1029,1,1,3,1,2,0,6,1,3,6
7,167,1169,174,1192089,0,1,-1192088,675684,2,878,729,1029,1,1,3,1,2,0,6,1,3,5
7,167,1169,174,1192089,1,1,-1192088,675684,2,878,729,1029,1,1,3,1,2,0,6,1,3,5
7,167,1169,174,1192089,2,3,-3576266,675684,2,878,729,1029,1,1,3,1,2,0,6,1,3,6
7,167,1169,174,1192089,3,7,-8344622,675684,2,878,729,1029,1,1,3,1,2,0,6,1,3,1
7,167,1169,174,1192089,5,21,-25033868,675684,2,878,729,1029,1,1,3,1,2,0,6,1,3,1
7,167,1169,174,1192089,7,43,-51259826,675684,2,878,729,1029,1,1,3,1,2,0,6,1,3,5
7,167,1169,174,1192089,11,111,-132321878,675684,2,878,729,1029,1,1,3,1,2,0,6,1,3,4
7,173,1211,180,1279551,-2,7,-8956856,725904,515,735,581,891,7,1,3,1,2,0,5,1,0,1
7,173,1211,180,1279551,-1,3,-3838652,725904,515,735,581,891,7,1,3,1,2,0,5,1,0,1
7,173,1211,180,1279551,0,1,-1279550,725904,515,735,581,891,7,1,3,1,2,0,5,1,0,1
7,173,1211,180,1279551,1,1,-1279550,725904,515,735,581,891,7,1,3,1,2,0,5,1,0,1
7,173,1211,180,1279551,2,3,-3838652,725904,515,735,581,891,7,1,3,1,2,0,5,1,0,1
7,173,1211,180,1279551,3,7,-8956856,725904,515,735,581,891,7,1,3,1,2,0,5,1,0,1
7,173,1211,180,1279551,5,21,-26870570,725904,515,735,581,891,7,1,3,1,2,0,5,1,0,1
7,173,1211,180,1279551,7,43,-55020692,725904,515,735,581,891,7,1,3,1,2,0,5,1,0,1
7,173,1211,180,1279551,11,111,-142030160,725904,515,735,581,891,7,1,3,1,2,0,5,1,0,1
7,179,1253,186,1370109,-2,7,-9590762,777924,1064,580,421,741,1,1,57,1,2,0,4,1,6,1
7,179,1253,186,1370109,-1,3,-4110326,777924,1064,580,421,741,1,1,57,1,2,0,4,1,6,4
7,179,1253,186,1370109,0,1,-1370108,777924,1064,580,421,741,1,1,57,1,2,0,4,1,6,2
7,179,1253,186,1370109,1,1,-1370108,777924,1064,580,421,741,1,1,57,1,2,0,4,1,6,2
7,179,1253,186,1370109,2,3,-4110326,777924,1064,580,421,741,1,1,57,1,2,0,4,1,6,4
7,179,1253,186,1370109,3,7,-9590762,777924,1064,580,421,741,1,1,57,1,2,0,4,1,6,1
7,179,1253,186,1370109,5,21,-28772288,777924,1064,580,421,741,1,1,57,1,2,0,4,1,6,1
7,179,1253,186,1370109,7,43,-58914686,777924,1064,580,421,741,1,1,57,1,2,0,4,1,6,2
7,179,1253,186,1370109,11,111,-152082098,777924,1064,580,421,741,1,1,57,1,2,0,4,1,6,0
7,181,1267,188,1400983,-2,7,-9806880,795664,1255,948,787,1111,1,1,1,1,1,0,6,1,3,1
7,181,1267,188,1400983,-1,3,-4202948,795664,1255,948,787,1111,1,1,1,1,1,0,6,1,3,6
7,181,1267,188,1400983,0,1,-1400982,795664,1255,948,787,1111,1,1,1,1,1,0,6,1,3,5
7,181,1267,188,1400983,1,1,-1400982,795664,1255,948,787,1111,1,1,1,1,1,0,6,1,3,5
7,181,1267,188,1400983,2,3,-4202948,795664,1255,948,787,1111,1,1,1,1,1,0,6,1,3,6
7,181,1267,188,1400983,3,7,-9806880,795664,1255,948,787,1111,1,1,1,1,1,0,6,1,3,1
7,181,1267,188,1400983,5,21,-29420642,795664,1255,948,787,1111,1,1,1,1,1,0,6,1,3,1
7,181,1267,188,1400983,7,43,-60242268,795664,1255,948,787,1111,1,1,1,1,1,0,6,1,3,5
7,181,1267,188,1400983,11,111,-155509112,795664,1255,948,787,1111,1,1,1,1,1,0,6,1,3,4
7,191,1337,198,1560513,-2,7,-10923590,887364,933,234,65,405,1,1,3,1,2,0,2,1,3,1
7,191,1337,198,1560513,-1,3,-4681538,887364,933,234,65,405,1,1,3,1,2,0,2,1,3,6
7,191,1337,198,1560513,0,1,-1560512,887364,933,234,65,405,1,1,3,1,2,0,2,1,3,5
7,191,1337,198,1560513,1,1,-1560512,887364,933,234,65,405,1,1,3,1,2,0,2,1,3,5
7,191,1337,198,1560513,2,3,-4681538,887364,933,234,65,405,1,1,3,1,2,0,2,1,3,6
7,191,1337,198,1560513,3,7,-10923590,887364,933,234,65,405,1,1,3,1,2,0,2,1,3,1
7,191,1337,198,1560513,5,21,-32770772,887364,933,234,65,405,1,1,3,1,2,0,2,1,3,1
7,191,1337,198,1560513,7,43,-67102058,887364,933,234,65,405,1,1,3,1,2,0,2,1,3,5
7,191,1337,198,1560513,11,111,-173216942,887364,933,234,65,405,1,1,3,1,2,0,2,1,3,4
7,193,1351,200,1593451,-2,7,-11154156,906304,1134,622,451,795,1,1,1,1,1,0,4,1,6,1
7,193,1351,200,1593451,-1,3,-4780352,906304,1134,622,451,795,1,1,1,1,1,0,4,1,6,4
7,193,1351,200,1593451,0,1,-1593450,906304,1134,622,451,795,1,1,1,1,1,0,4,1,6,2
7,193,1351,200,1593451,1,1,-1593450,906304,1134,622,451,795,1,1,1,1,1,0,4,1,6,2
7,193,1351,200,1593451,2,3,-4780352,906304,1134,622,451,795,1,1,1,1,1,0,4,1,6,4
7,193,1351,200,1593451,3,7,-11154156,906304,1134,622,451,795,1,1,1,1,1,0,4,1,6,1
7,193,1351,200,1593451,5,21,-33462470,906304,1134,622,451,795,1,1,1,1,1,0,4,1,6,1
7,193,1351,200,1593451,7,43,-68518392,906304,1134,622,451,795,1,1,1,1,1,0,4,1,6,2
7,193,1351,200,1593451,11,111,-176873060,906304,1134,622,451,795,1,1,1,1,1,0,4,1,6,0
7,197,1379,204,1660359,-2,7,-11622512,944784,169,43,1247,219,1,1,3,1,2,0,1,1,1,1
7,197,1379,204,1660359,-1,3,-4981076,944784,169,43,1247,219,1,1,3,1,2,0,1,1,1,5
7,197,1379,204,1660359,0,1,-1660358,944784,169,43,1247,219,1,1,3,1,2,0,1,1,1,0
7,197,1379,204,1660359,1,1,-1660358,944784,169,43,1247,219,1,1,3,1,2,0,1,1,1,0
7,197,1379,204,1660359,2,3,-4981076,944784,169,43,1247,219,1,1,3,1,2,0,1,1,1,5
7,197,1379,204,1660359,3,7,-11622512,944784,169,43,1247,219,1,1,3,1,2,0,1,1,1,1
7,197,1379,204,1660359,5,21,-34867538,944784,169,43,1247,219,1,1,3,1,2,0,1,1,1,1
7,197,1379,204,1660359,7,43,-71395436,944784,169,43,1247,219,1,1,3,1,2,0,1,1,1,0
7,197,1379,204,1660359,11,111,-184299848,944784,169,43,1247,219,1,1,3,1,2,0,1,1,1,2
7,199,1393,206,1694329,-2,7,-11860302,964324,368,441,265,619,7,1,1,1,1,0,3,1,0,1
7,199,1393,206,1694329,-1,3,-5082986,964324,368,441,265,619,7,1,1,1,1,0,3,1,0,1
7,199,1393,206,1694329,0,1,-1694328,964324,368,441,265,619,7,1,1,1,1,0,3,1,0,1
7,199,1393,206,1694329,1,1,-1694328,964324,368,441,265,619,7,1,1,1,1,0,3,1,0,1
7,199,1393,206,1694329,2,3,-5082986,964324,368,441,265,619,7,1,1,1,1,0,3,1,0,1
7,199,1393,206,1694329,3,7,-11860302,964324,368,441,265,619,7,1,1,1,1,0,3,1,0,1
7,199,1393,206,1694329,5,21,-35580908,964324,368,441,265,619,7,1,1,1,1,0,3,1,0,1
7,199,1393,206,1694329,7,43,-72856146,964324,368,441,265,619,7,1,1,1,1,0,3,1,0,1
7,199,1393,206,1694329,11,111,-188070518,964324,368,441,265,619,7,1,1,1,1,0,3,1,0,1
11,13,143,24,17427,-2,7,-121988,9216,64,124,103,3,1,1,3,2,1,4,6,6,3,1
11,13,143,24,17427,-1,3,-52280,9216,64,124,103,3,1,1,3,2,1,4,6,6,3,3
11,13,143,24,17427,0,1,-17426,9216,64,124,103,3,1,1,3,2,1,4,6,6,3,4
11,13,143,24,17427,1,1,-17426,9216,64,124,103,3,1,1,3,2,1,4,6,6,3,4
11,13,143,24,17427,2,3,-52280,9216,64,124,103,3,1,1,3,2,1,4,6,6,3,3
11,13,143,24,17427,3,7,-121988,9216,64,124,103,3,1,1,3,2,1,4,6,6,3,1
11,13,143,24,17427,5,21,-365966,9216,64,124,103,3,1,1,3,2,1,4,6,6,3,1
11,13,143,24,17427,7,43,-749360,9216,64,124,103,3,1,1,3,2,1,4,6,6,3,4
11,13,143,24,17427,11,111,-1934396,9216,64,124,103,3,1,1,3,2,1,4,6,6,3,5
11,17,187,28,30303,-2,7,-212120,17424,33,9,171,35,1,3,1,2,2,4,3,6,0,1
11,17,187,28,30303,-1,3,-90908,17424,33,9,171,35,1,3,1,2,2,4,3,6,0,1
11,17,187,28,30303,0,1,-30302,17424,33,9,171,35,1,3,1,2,2,4,3,6,0,1
11,17,187,28,30303,1,1,-30302,17424,33,9,171,35,1,3,1,2,2,4,3,6,0,1
11,17,187,28,30303,2,3,-90908,17424,33,9,171,35,1,3,1,2,2,4,3,6,0,1
11,17,187,28,30303,3,7,-212120,17424,33,9,171,35,1,3,1,2,2,4,3,6,0,1
11,17,187,28,30303,5,21,-636362,17424,33,9,171,35,1,3,1,2,2,4,3,6,0,1
11,17,187,28,30303,7,43,-1303028,17424,33,9,171,35,1,3,1,2,2,4,3,6,0,1
11,17,187,28,30303,11,111,-3363632,17424,33,9,171,35,1,3,1,2,2,4,3,6,0,1
11,19,209,30,38073,-2,7,-266510,22500,137,35,9,63,1,1,21,2,1,4,5,6,0,1
11,19,209,30,38073,-1,3,-114218,22500,137,35,9,63,1,1,21,2,1,4,5,6,0,1
11,19,209,30,38073,0,1,-38072,22500,137,35,9,63,1,1,21,2,1,4,5,6,0,1
11,19,209,30,38073,1,1,-38072,22500,137,35,9,63,1,1,21,2,1,4,5,6,0,1
11,19,209,30,38073,2,3,-114218,22500,137,35,9,63,1,1,21,2,1,4,5,6,0,1
11,19,209,30,38073,3,7,-266510,22500,137,35,9,63,1,1,21,2,1,4,5,6,0,1
11,19,209,30,38073,5,21,-799532,22500,137,35,9,63,1,1,21,2,1,4,5,6,0,1
11,19,209,30,38073,7,43,-1637138,22500,137,35,9,63,1,1,21,2,1,4,5,6,0,1
11,19,209,30,38073,11,111,-4226102,22500,137,35,9,63,1,1,21,2,1,4,5,6,0,1
11,23,253,34,56277,-2,7,-393938,34596,188,111,81,143,1,9,1,2,2,4,2,6,3,1
11,23,253,34,56277,-1,3,-168830,34596,188,111,81,143,1,9,1,2,2,4,2,6,3,3
11,23,253,34,56277,0,1,-56276,34596,188,111,81,143,1,9,1,2,2,4,2,6,3,4
11,23,253,34,56277,1,1,-56276,34596,188,111,81,143,1,9,1,2,2,4,2,6,3,4
11,23,253,34,56277,2,3,-168830,34596,188,111,81,143,1,9,1,2,2,4,2,6,3,3
11,23,253,34,56277,3,7,-393938,34596,188,111,81,143,1,9,1,2,2,4,2,6,3,1
11,23,253,34,56277,5,21,-1181816,34596,188,111,81,143,1,9,1,2,2,4,2,6,3,1
11,23,253,34,56277,7,43,-2419910,34596,188,111,81,143,1,9,1,2,2,4,2,6,3,4
11,23,253,34,56277,11,111,-6246746,34596,188,111,81,143,1,9,1,2,2,4,2,6,3,5
11,29,319,40,90243,-2,7,-631700,57600,180,285,249,3,1,3,1,2,2,4,1,6,1,1
11,29,319,40,90243,-1,3,-270728,57600,180,285,249,3,1,3,1,2,2,4,1,6,1,4
11,29,319,40,90243,0,1,-90242,57600,180,285,249,3,1,3,1,2,2,4,1,6,1,2
11,29,319,40,90243,1,1,-90242,57600,180,285,249,3,1,3,1,2,2,4,1,6,1,2
11,29,319,40,90243,2,3,-270728,57600,180,285,249,3,1,3,1,2,2,4,1,6,1,4
11,29,319,40,90243,3,7,-631700,57600,180,285,249,3,1,3,1,2,2,4,1,6,1,1
11,29,319,40,90243,5,21,-1895102,57600,180,285,249,3,1,3,1,2,2,4,1,6,1,1
11,29,319,40,90243,7,43,-3880448,57600,180,285,249,3,1,3,1,2,2,4,1,6,1,2
11,29,319,40,90243,11,111,-10016972,57600,180,285,249,3,1,3,1,2,2,4,1,6,1,0
11,31,341,42,103341,-2,7,-723386,66564,69,18,321,57,1,1,57,2,1,4,3,6,0,1
11,31,341,42,103341,-1,3,-310022,66564,69,18,321,57,1,1,57,2,1,4,3,6,0,1
11,31,341,42,103341,0,1,-103340,66564,69,18,321,57,1,1,57,2,1,4,3,6,0,1
11,31,341,42,103341,1,1,-103340,66564,69,18,321,57,1,1,57,2,1,4,3,6,0,1
11,31,341,42,103341,2,3,-310022,66564,69,18,321,57,1,1,57,2,1,4,3,6,0,1
11,31,341,42,103341,3,7,-723386,66564,69,18,321,57,1,1,57,2,1,4,3,6,0,1
11,31,341,42,103341,5,21,-2170160,66564,69,18,321,57,1,1,57,2,1,4,3,6,0,1
11,31,341,42,103341,7,43,-4443662,66564,69,18,321,57,1,1,57,2,1,4,3,6,0,1
11,31,341,42,103341,11,111,-11470850,66564,69,18,321,57,1,1,57,2,1,4,3,6,0,1
11,37,407,48,147963,-2,7,-1035740,97344,71,222,179,267,37,1,3,2,1,4,2,6,3,1
11,37,407,48,147963,-1,3,-443888,97344,71,222,179,267,37,1,3,2,1,4,2,6,3,3
11,37,407,48,147963,0,1,-147962,97344,71,222,179,267,37,1,3,2,1,4,2,6,3,4
11,37,407,48,147963,1,1,-147962,97344,71,222,179,267,37,1,3,2,1,4,2,6,3,4
11,37,407,48,147963,2,3,-443888,97344,71,222,179,267,37,1,3,2,1,4,2,6,3,3
11,37,407,48,147963,3,7,-1035740,97344,71,222,179,267,37,1,3,2,1,4,2,6,3,1
11,37,407,48,147963,5,21,-3107222,97344,71,222,179,267,37,1,3,2,1,4,2,6,3,1
11,37,407,48,147963,7,43,-6362408,97344,71,222,179,267,37,1,3,2,1,4,2,6,3,4
11,37,407,48,147963,11,111,-16423892,97344,71,222,179,267,37,1,3,2,1,4,2,6,3,5
11,41,451,52,182151,-2,7,-1275056,121104,236,398,351,447,1,9,1,2,2,4,6,6,3,1
11,41,451,52,182151,-1,3,-546452,121104,236,398,351,447,1,9,1,2,2,4,6,6,3,3
11,41,451,52,182151,0,1,-182150,121104,236,398,351,447,1,9,1,2,2,4,6,6,3,4
11,41,451,52,182151,1,1,-182150,121104,236,398,351,447,1,9,1,2,2,4,6,6,3,4
11,41,451,52,182151,2,3,-546452,121104,236,398,351,447,1,9,1,2,2,4,6,6,3,3
11,41,451,52,182151,3,7,-1275056,121104,236,398,351,447,1,9,1,2,2,4,6,6,3,1
11,41,451,52,182151,5,21,-3825170,121104,236,398,351,447,1,9,1,2,2,4,6,6,3,1
11,41,451,52,182151,7,43,-7832492,121104,236,398,351,447,1,9,1,2,2,4,6,6,3,4
11,41,451,52,182151,11,111,-20218760,121104,236,398,351,447,1,9,1,2,2,4,6,6,3,5
11,43,473,54,200577,-2,7,-1404038,133956,97,25,449,75,1,1,3,2,1,4,1,6,1,1
11,43,473,54,200577,-1,3,-601730,133956,97,25,449,75,1,1,3,2,1,4,1,6,1,4
11,43,473,54,200577,0,1,-200576,133956,97,25,449,75,1,1,3,2,1,4,1,6,1,2
11,43,473,54,200577,1,1,-200576,133956,97,25,449,75,1,1,3,2,1,4,1,6,1,2
11,43,473,54,200577,2,3,-601730,133956,97,25,449,75,1,1,3,2,1,4,1,6,1,4
11,43,473,54,200577,3,7,-1404038,133956,97,25,449,75,1,1,3,2,1,4,1,6,1,1
11,43,473,54,200577,5,21,-4212116,133956,97,25,449,75,1,1,3,2,1,4,1,6,1,1
11,43,473,54,200577,7,43,-8624810,133956,97,25,449,75,1,1,3,2,1,4,1,6,1,2
11,43,473,54,200577,11,111,-22264046,133956,97,25,449,75,1,1,3,2,1,4,1,6,1,0
11,47,517,58,240093,-2,7,-1680650,161604,300,205,153,259,1,3,259,2,2,4,5,6,0,1
11,47,517,58,240093,-1,3,-720278,161604,300,205,153,259,1,3,259,2,2,4,5,6,0,1
11,47,517,58,240093,0,1,-240092,161604,300,205,153,259,1,3,259,2,2,4,5,6,0,1
11,47,517,58,240093,1,1,-240092,161604,300,205,153,259,1,3,259,2,2,4,5,6,0,1
11,47,517,58,240093,2,3,-720278,161604,300,205,153,259,1,3,259,2,2,4,5,6,0,1
11,47,517,58,240093,3,7,-1680650,161604,300,205,153,259,1,3,259,2,2,4,5,6,0,1
11,47,517,58,240093,5,21,-5041952,161604,300,205,153,259,1,3,259,2,2,4,5,6,0,1
11,47,517,58,240093,7,43,-10323998,161604,300,205,153,259,1,3,259,2,2,4,5,6,0,1
11,47,517,58,240093,11,111,-26650322,161604,300,205,153,259,1,3,259,2,2,4,5,6,0,1
11,53,583,64,306027,-2,7,-2142188,207936,388,535,477,11,1,3,1,2,2,4,4,6,6,1
11,53,583,64,306027,-1,3,-918080,207936,388,535,477,11,1,3,1,2,2,4,4,6,6,5
11,53,583,64,306027,0,1,-306026,207936,388,535,477,11,1,3,1,2,2,4,4,6,6,0
11,53,583,64,306027,1,1,-306026,207936,388,535,477,11,1,3,1,2,2,4,4,6,6,0
11,53,583,64,306027,2,3,-918080,207936,388,535,477,11,1,3,1,2,2,4,4,6,6,5
11,53,583,64,306027,3,7,-2142188,207936,388,535,477,11,1,3,1,2,2,4,4,6,6,1
11,53,583,64,306027,5,21,-6426566,207936,388,535,477,11,1,3,1,2,2,4,4,6,6,1
11,53,583,64,306027,7,43,-13159160,207936,388,535,477,11,1,3,1,2,2,4,4,6,6,0
11,53,583,64,306027,11,111,-33968996,207936,388,535,477,11,1,3,1,2,2,4,4,6,6,2
11,59,649,70,379953,-2,7,-2659670,260100,500,288,225,353,1,9,1,2,2,4,3,6,0,1
11,59,649,70,379953,-1,3,-1139858,260100,500,288,225,353,1,9,1,2,2,4,3,6,0,1
11,59,649,70,379953,0,1,-379952,260100,500,288,225,353,1,9,1,2,2,4,3,6,0,1
11,59,649,70,379953,1,1,-379952,260100,500,288,225,353,1,9,1,2,2,4,3,6,0,1
11,59,649,70,379953,2,3,-1139858,260100,500,288,225,353,1,9,1,2,2,4,3,6,0,1
11,59,649,70,379953,3,7,-2659670,260100,500,288,225,353,1,9,1,2,2,4,3,6,0,1
11,59,649,70,379953,5,21,-7979012,260100,500,288,225,353,1,9,1,2,2,4,3,6,0,1
11,59,649,70,379953,7,43,-16337978,260100,500,288,225,353,1,9,1,2,2,4,3,6,0,1
11,59,649,70,379953,11,111,-42174782,260100,500,288,225,353,1,9,1,2,2,4,3,6,0,1
11,61,671,72,406371,-2,7,-2844596,278784,319,416,351,483,1,1,21,2,1,4,5,6,0,1
11,61,671,72,406371,-1,3,-1219112,278784,319,416,351,483,1,1,21,2,1,4,5,6,0,1
11,61,671,72,406371,0,1,-406370,278784,319,416,351,483,1,1,21,2,1,4,5,6,0,1
11,61,671,72,406371,1,1,-406370,278784,319,416,351,483,1,1,21,2,1,4,5,6,0,1
11,61,671,72,406371,2,3,-1219112,278784,319,416,351,483,1,1,21,2,1,4,5,6,0,1
11,61,671,72,406371,3,7,-2844596,278784,319,416,351,483,1,1,21,2,1,4,5,6,0,1
11,61,671,72,406371,5,21,-8533790,278784,319,416,351,483,1,1,21,2,1,4,5,6,0,1
11,61,671,72,406371,7,43,-17473952,278784,319,416,351,483,1,1,21,2,1,4,5,6,0,1
11,61,671,72,406371,11,111,-45107180,278784,319,416,351,483,1,1,21,2,1,4,5,6,0,1
11,67,737,78,490953,-2,7,-3436670,338724,441,111,41,183,1,1,3,2,1,4,4,6,6,1
11,67,737,78,490953,-1,3,-1472858,338724,441,111,41,183,1,1,3,2,1,4,4,6,6,5
11,67,737,78,490953,0,1,-490952,338724,441,111,41,183,1,1,3,2,1,4,4,6,6,0
11,67,737,78,490953,1,1,-490952,338724,441,111,41,183,1,1,3,2,1,4,4,6,6,0
11,67,737,78,490953,2,3,-1472858,338724,441,111,41,183,1,1,3,2,1,4,4,6,6,5
11,67,737,78,490953,3,7,-3436670,338724,441,111,41,183,1,1,3,2,1,4,4,6,6,1
11,67,737,78,490953,5,21,-10310012,338724,441,111,41,183,1,1,3,2,1,4,4,6,6,1
11,67,737,78,490953,7,43,-21110978,338724,441,111,41,183,1,1,3,2,1,4,4,6,6,0
11,67,737,78,490953,11,111,-54495782,338724,441,111,41,183,1,1,3,2,1,4,4,6,6,2
11,71,781,82,551781,-2,7,-3862466,381924,15,395,321,471,1,3,1,2,2,4,1,6,1,1
11,71,781,82,551781,-1,3,-1655342,381924,15,395,321,471,1,3,1,2,2,4,1,6,1,4
11,71,781,82,551781,0,1,-551780,381924,15,395,321,471,1,3,1,2,2,4,1,6,1,2
11,71,781,82,551781,1,1,-551780,381924,15,395,321,471,1,3,1,2,2,4,1,6,1,2
11,71,781,82,551781,2,3,-1655342,381924,15,395,321,471,1,3,1,2,2,4,1,6,1,4
11,71,781,82,551781,3,7,-3862466,381924,15,395,321,471,1,3,1,2,2,4,1,6,1,1
11,71,781,82,551781,5,21,-11587400,381924,15,395,321,471,1,3,1,2,2,4,1,6,1,1
11,71,781,82,551781,7,43,-23726582,381924,15,395,321,471,1,3,1,2,2,4,1,6,1,2
11,71,781,82,551781,11,111,-61247690,381924,15,395,321,471,1,3,1,2,2,4,1,6,1,0
11,73,803,84,583527,-2,7,-4084688,404496,587,549,473,627,1,1,3,2,1,4,3,6,0,1
11,73,803,84,583527,-1,3,-1750580,404496,587,549,473,627,1,1,3,2,1,4,3,6,0,1
11,73,803,84,583527,0,1,-583526,404496,587,549,473,627,1,1,3,2,1,4,3,6,0,1
11,73,803,84,583527,1,1,-583526,404496,587,549,473,627,1,1,3,2,1,4,3,6,0,1
11,73,803,84,583527,2,3,-1750580,404496,587,549,473,627,1,1,3,2,1,4,3,6,0,1
11,73,803,84,583527,3,7,-4084688,404496,587,549,473,627,1,1,3,2,1,4,3,6,0,1
11,73,803,84,583527,5,21,-12254066,404496,587,549,473,627,1,1,3,2,1,4,3,6,0,1
11,73,803,84,583527,7,43,-25091660,404496,587,549,473,627,1,1,3,2,1,4,3,6,0,1
11,73,803,84,583527,11,111,-64771496,404496,587,549,473,627,1,1,3,2,1,4,3,6,0,1
11,79,869,90,684093,-2,7,-4788650,476100,757,190,109,273,1,1,3,2,1,4,2,6,3,1
11,79,869,90,684093,-1,3,-2052278,476100,757,190,109,273,1,1,3,2,1,4,2,6,3,3
11,79,869,90,684093,0,1,-684092,476100,757,190,109,273,1,1,3,2,1,4,2,6,3,4
11,79,869,90,684093,1,1,-684092,476100,757,190,109,273,1,1,3,2,1,4,2,6,3,4
11,79,869,90,684093,2,3,-2052278,476100,757,190,109,273,1,1,3,2,1,4,2,6,3,3
11,79,869,90,684093,3,7,-4788650,476100,757,190,109,273,1,1,3,2,1,4,2,6,3,1
11,79,869,90,684093,5,21,-14365952,476100,757,190,109,273,1,1,3,2,1,4,2,6,3,1
11,79,869,90,684093,7,43,-29415998,476100,757,190,109,273,1,1,3,2,1,4,2,6,3,4
11,79,869,90,684093,11,111,-75934322,476100,757,190,109,273,1,1,3,2,1,4,2,6,3,5
11,83,913,94,755577,-2,7,-5289038,527076,275,526,441,613,1,3,1,2,2,4,6,6,3,1
11,83,913,94,755577,-1,3,-2266730,527076,275,526,441,613,1,3,1,2,2,4,6,6,3,3
11,83,913,94,755577,0,1,-755576,527076,275,526,441,613,1,3,1,2,2,4,6,6,3,4
11,83,913,94,755577,1,1,-755576,527076,275,526,441,613,1,3,1,2,2,4,6,6,3,4
11,83,913,94,755577,2,3,-2266730,527076,275,526,441,613,1,3,1,2,2,4,6,6,3,3
11,83,913,94,755577,3,7,-5289038,527076,275,526,441,613,1,3,1,2,2,4,6,6,3,1
11,83,913,94,755577,5,21,-15867116,527076,275,526,441,613,1,3,1,2,2,4,6,6,3,1
11,83,913,94,755577,7,43,-32489810,527076,275,526,441,613,1,3,1,2,2,4,6,6,3,4
11,83,913,94,755577,11,111,-83869046,527076,275,526,441,613,1,3,1,2,2,4,6,6,3,5
11,89,979,100,869463,-2,7,-6086240,608400,441,111,21,203,1,3,7,2,2,4,5,6,0,1
11,89,979,100,869463,-1,3,-2608388,608400,441,111,21,203,1,3,7,2,2,4,5,6,0,1
11,89,979,100,869463,0,1,-869462,608400,441,111,21,203,1,3,7,2,2,4,5,6,0,1
11,89,979,100,869463,1,1,-869462,608400,441,111,21,203,1,3,7,2,2,4,5,6,0,1
11,89,979,100,869463,2,3,-2608388,608400,441,111,21,203,1,3,7,2,2,4,5,6,0,1
11,89,979,100,869463,3,7,-6086240,608400,441,111,21,203,1,3,7,2,2,4,5,6,0,1
11,89,979,100,869463,5,21,-18258722,608400,441,111,21,203,1,3,7,2,2,4,5,6,0,1
11,89,979,100,869463,7,43,-37386908,608400,441,111,21,203,1,3,7,2,2,4,5,6,0,1
11,89,979,100,869463,11,111,-96510392,608400,441,111,21,203,1,3,7,2,2,4,5,6,0,1
11,97,1067,108,1033743,-2,7,-7236200,725904,344,887,789,987,1,1,3,2,1,4,6,6,3,1
11,97,1067,108,1033743,-1,3,-3101228,725904,344,887,789,987,1,1,3,2,1,4,6,6,3,3
11,97,1067,108,1033743,0,1,-1033742,725904,344,887,789,987,1,1,3,2,1,4,6,6,3,4
11,97,1067,108,1033743,1,1,-1033742,725904,344,887,789,987,1,1,3,2,1,4,6,6,3,4
11,97,1067,108,1033743,2,3,-3101228,725904,344,887,789,987,1,1,3,2,1,4,6,6,3,3
11,97,1067,108,1033743,3,7,-7236200,725904,344,887,789,987,1,1,3,2,1,4,6,6,3,1
11,97,1067,108,1033743,5,21,-21708602,725904,344,887,789,987,1,1,3,2,1,4,6,6,3,1
11,97,1067,108,1033743,7,43,-44450948,725904,344,887,789,987,1,1,3,2,1,4,6,6,3,4
11,97,1067,108,1033743,11,111,-114745472,725904,344,887,789,987,1,1,3,2,1,4,6,6,3,5
11,101,1111,112,1121211,-2,7,-7848476,788544,845,212,111,315,1,111,1,2,2,4,3,6,0,1
11,101,1111,112,1121211,-1,3,-3363632,788544,845,212,111,315,1,111,1,2,2,4,3,6,0,1
11,101,1111,112,1121211,0,1,-1121210,788544,845,212,111,315,1,111,1,2,2,4,3,6,0,1
11,101,1111,112,1121211,1,1,-1121210,788544,845,212,111,315,1,111,1,2,2,4,3,6,0,1
11,101,1111,112,1121211,2,3,-3363632,788544,845,212,111,315,1,111,1,2,2,4,3,6,0,1
11,101,1111,112,1121211,3,7,-7848476,788544,845,212,111,315,1,111,1,2,2,4,3,6,0,1
11,101,1111,112,1121211,5,21,-23545430,788544,845,212,111,315,1,111,1,2,2,4,3,6,0,1
11,101,1111,112,1121211,7,43,-48212072,788544,845,212,111,315,1,111,1,2,2,4,3,6,0,1
11,101,1111,112,1121211,11,111,-124454420,788544,845,212,111,315,1,111,1,2,2,4,3,6,0,1
11,103,1133,114,1166277,-2,7,-8163938,820836,544,420,317,525,1,1,21,2,1,4,5,6,0,1
11,103,1133,114,1166277,-1,3,-3498830,820836,544,420,317,525,1,1,21,2,1,4,5,6,0,1
11,103,1133,114,1166277,0,1,-1166276,820836,544,420,317,525,1,1,21,2,1,4,5,6,0,1
11,103,1133,114,1166277,1,1,-1166276,820836,544,420,317,525,1,1,21,2,1,4,5,6,0,1
11,103,1133,114,1166277,2,3,-3498830,820836,544,420,317,525,1,1,21,2,1,4,5,6,0,1
11,103,1133,114,1166277,3,7,-8163938,820836,544,420,317,525,1,1,21,2,1,4,5,6,0,1
11,103,1133,114,1166277,5,21,-24491816,820836,544,420,317,525,1,1,21,2,1,4,5,6,0,1
11,103,1133,114,1166277,7,43,-50149910,820836,544,420,317,525,1,1,21,2,1,4,5,6,0,1
11,103,1133,114,1166277,11,111,-129456746,820836,544,420,317,525,1,1,21,2,1,4,5,6,0,1
11,107,1177,118,1259073,-2,7,-8813510,887364,1083,860,753,969,1,3,19,2,2,4,2,6,3,1
11,107,1177,118,1259073,-1,3,-3777218,887364,1083,860,753,969,1,3,19,2,2,4,2,6,3,3
11,107,1177,118,1259073,0,1,-1259072,887364,1083,860,753,969,1,3,19,2,2,4,2,6,3,4
11,107,1177,118,1259073,1,1,-1259072,887364,1083,860,753,969,1,3,19,2,2,4,2,6,3,4
11,107,1177,118,1259073,2,3,-3777218,887364,1083,860,753,969,1,3,19,2,2,4,2,6,3,3
11,107,1177,118,1259073,3,7,-8813510,887364,1083,860,753,969,1,3,19,2,2,4,2,6,3,1
11,107,1177,118,1259073,5,21,-26440532,887364,1083,860,753,969,1,3,19,2,2,4,2,6,3,1
11,107,1177,118,1259073,7,43,-54140138,887364,1083,860,753,969,1,3,19,2,2,4,2,6,3,4
11,107,1177,118,1259073,11,111,-139757102,887364,1083,860,753,969,1,3,19,2,2,4,2,6,3,5
11,109,1199,120,1306803,-2,7,-9147620,921600,768,1092,983,3,1,1,3,2,1,4,4,6,6,1
11,109,1199,120,1306803,-1,3,-3920408,921600,768,1092,983,3,1,1,3,2,1,4,4,6,6,5
11,109,1199,120,1306803,0,1,-1306802,921600,768,1092,983,3,1,1,3,2,1,4,4,6,6,0
11,109,1199,120,1306803,1,1,-1306802,921600,768,1092,983,3,1,1,3,2,1,4,4,6,6,0
11,109,1199,120,1306803,2,3,-3920408,921600,768,1092,983,3,1,1,3,2,1,4,4,6,6,5
11,109,1199,120,1306803,3,7,-9147620,921600,768,1092,983,3,1,1,3,2,1,4,4,6,6,1
11,109,1199,120,1306803,5,21,-27442862,921600,768,1092,983,3,1,1,3,2,1,4,4,6,6,1
11,109,1199,120,1306803,7,43,-56192528,921600,768,1092,983,3,1,1,3,2,1,4,4,6,6,0
11,109,1199,120,1306803,11,111,-145055132,921600,768,1092,983,3,1,1,3,2,1,4,4,6,6,2
11,113,1243,124,1404927,-2,7,-9834488,992016,102,337,225,451,1,9,1,2,2,4,1,6,1,1
11,113,1243,124,1404927,-1,3,-4214780,992016,102,337,225,451,1,9,1,2,2,4,1,6,1,4
11,113,1243,124,1404927,0,1,-1404926,992016,102,337,225,451,1,9,1,2,2,4,1,6,1,2
11,113,1243,124,1404927,1,1,-1404926,992016,102,337,225,451,1,9,1,2,2,4,1,6,1,2
11,113,1243,124,1404927,2,3,-4214780,992016,102,337,225,451,1,9,1,2,2,4,1,6,1,4
11,113,1243,124,1404927,3,7,-9834488,992016,102,337,225,451,1,9,1,2,2,4,1,6,1,1
11,113,1243,124,1404927,5,21,-29503466,992016,102,337,225,451,1,9,1,2,2,4,1,6,1,1
11,113,1243,124,1404927,7,43,-60411860,992016,102,337,225,451,1,9,1,2,2,4,1,6,1,2
11,113,1243,124,1404927,11,111,-155946896,992016,102,337,225,451,1,9,1,2,2,4,1,6,1,0
11,127,1397,138,1776333,-2,7,-12434330,1258884,187,746,621,873,1,1,3,2,1,4,1,6,1,1
11,127,1397,138,1776333,-1,3,-5328998,1258884,187,746,621,873,1,1,3,2,1,4,1,6,1,4
11,127,1397,138,1776333,0,1,-1776332,1258884,187,746,621,873,1,1,3,2,1,4,1,6,1,2
11,127,1397,138,1776333,1,1,-1776332,1258884,187,746,621,873,1,1,3,2,1,4,1,6,1,2
11,127,1397,138,1776333,2,3,-5328998,1258884,187,746,621,873,1,1,3,2,1,4,1,6,1,4
11,127,1397,138,1776333,3,7,-12434330,1258884,187,746,621,873,1,1,3,2,1,4,1,6,1,1
11,127,1397,138,1776333,5,21,-37302992,1258884,187,746,621,873,1,1,3,2,1,4,1,6,1,1
11,127,1397,138,1776333,7,43,-76382318,1258884,187,746,621,873,1,1,3,2,1,4,1,6,1,2
11,127,1397,138,1776333,11,111,-197172962,1258884,187,746,621,873,1,1,3,2,1,4,1,6,1,0
11,131,1441,142,1890441,-2,7,-13233086,1340964,834,1290,1161,1421,1,9,7,2,2,4,5,6,0,1
11,131,1441,142,1890441,-1,3,-5671322,1340964,834,1290,1161,1421,1,9,7,2,2,4,5,6,0,1
11,131,1441,142,1890441,0,1,-1890440,1340964,834,1290,1161,1421,1,9,7,2,2,4,5,6,0,1
11,131,1441,142,1890441,1,1,-1890440,1340964,834,1290,1161,1421,1,9,7,2,2,4,5,6,0,1
11,131,1441,142,1890441,2,3,-5671322,1340964,834,1290,1161,1421,1,9,7,2,2,4,5,6,0,1
11,131,1441,142,1890441,3,7,-13233086,1340964,834,1290,1161,1421,1,9,7,2,2,4,5,6,0,1
11,131,1441,142,1890441,5,21,-39699260,1340964,834,1290,1161,1421,1,9,7,2,2,4,5,6,0,1
11,131,1441,142,1890441,7,43,-81288962,1340964,834,1290,1161,1421,1,9,7,2,2,4,5,6,0,1
11,131,1441,142,1890441,11,111,-209838950,1340964,834,1290,1161,1421,1,9,7,2,2,4,5,6,0,1
11,137,1507,148,2068263,-2,7,-14477840,1468944,1126,659,525,795,1,3,1,2,2,4,4,6,6,1
11,137,1507,148,2068263,-1,3,-6204788,1468944,1126,659,525,795,1,3,1,2,2,4,4,6,6,5
11,137,1507,148,2068263,0,1,-2068262,1468944,1126,659,525,795,1,3,1,2,2,4,4,6,6,0
11,137,1507,148,2068263,1,1,-2068262,1468944,1126,659,525,795,1,3,1,2,2,4,4,6,6,0
11,137,1507,148,2068263,2,3,-6204788,1468944,1126,659,525,795,1,3,1,2,2,4,4,6,6,5
11,137,1507,148,2068263,3,7,-14477840,1468944,1126,659,525,795,1,3,1,2,2,4,4,6,6,1
11,137,1507,148,2068263,5,21,-43433522,1468944,1126,659,525,795,1,3,1,2,2,4,4,6,6,1
11,137,1507,148,2068263,7,43,-88935308,1468944,1126,659,525,795,1,3,1,2,2,4,4,6,6,0
11,137,1507,148,2068263,11,111,-229577192,1468944,1126,659,525,795,1,3,1,2,2,4,4,6,6,2
11,139,1529,150,2129313,-2,7,-14905190,1512900,719,945,809,1083,1,1,3,2,1,4,6,6,3,1
11,139,1529,150,2129313,-1,3,-6387938,1512900,719,945,809,1083,1,1,3,2,1,4,6,6,3,3
11,139,1529,150,2129313,0,1,-2129312,1512900,719,945,809,1083,1,1,3,2,1,4,6,6,3,4
11,139,1529,150,2129313,1,1,-2129312,1512900,719,945,809,1083,1,1,3,2,1,4,6,6,3,4
11,139,1529,150,2129313,2,3,-6387938,1512900,719,945,809,1083,1,1,3,2,1,4,6,6,3,3
11,139,1529,150,2129313,3,7,-14905190,1512900,719,945,809,1083,1,1,3,2,1,4,6,6,3,1
11,139,1529,150,2129313,5,21,-44715572,1512900,719,945,809,1083,1,1,3,2,1,4,6,6,3,1
11,139,1529,150,2129313,7,43,-91560458,1512900,719,945,809,1083,1,1,3,2,1,4,6,6,3,4
11,139,1529,150,2129313,11,111,-236353742,1512900,719,945,809,1083,1,1,3,2,1,4,6,6,3,5
11,149,1639,160,2447883,-2,7,-17135180,1742400,143,856,711,1003,1,9,1,2,2,4,2,6,3,1
11,149,1639,160,2447883,-1,3,-7343648,1742400,143,856,711,1003,1,9,1,2,2,4,2,6,3,3
11,149,1639,160,2447883,0,1,-2447882,1742400,143,856,711,1003,1,9,1,2,2,4,2,6,3,4
11,149,1639,160,2447883,1,1,-2447882,1742400,143,856,711,1003,1,9,1,2,2,4,2,6,3,4
11,149,1639,160,2447883,2,3,-7343648,1742400,143,856,711,1003,1,9,1,2,2,4,2,6,3,3
11,149,1639,160,2447883,3,7,-17135180,1742400,143,856,711,1003,1,9,1,2,2,4,2,6,3,1
11,149,1639,160,2447883,5,21,-51405542,1742400,143,856,711,1003,1,9,1,2,2,4,2,6,3,1
11,149,1639,160,2447883,7,43,-105258968,1742400,143,856,711,1003,1,9,1,2,2,4,2,6,3,4
11,149,1639,160,2447883,11,111,-271715012,1742400,143,856,711,1003,1,9,1,2,2,4,2,6,3,5
11,151,1661,162,2514261,-2,7,-17599826,1790244,1347,1168,1021,1317,1,1,3,2,1,4,4,6,6,1
11,151,1661,162,2514261,-1,3,-7542782,1790244,1347,1168,1021,1317,1,1,3,2,1,4,4,6,6,5
11,151,1661,162,2514261,0,1,-2514260,1790244,1347,1168,1021,1317,1,1,3,2,1,4,4,6,6,0
11,151,1661,162,2514261,1,1,-2514260,1790244,1347,1168,1021,1317,1,1,3,2,1,4,4,6,6,0
11,151,1661,162,2514261,2,3,-7542782,1790244,1347,1168,1021,1317,1,1,3,2,1,4,4,6,6,5
11,151,1661,162,2514261,3,7,-17599826,1790244,1347,1168,1021,1317,1,1,3,2,1,4,4,6,6,1
11,151,1661,162,2514261,5,21,-52799480,1790244,1347,1168,1021,1317,1,1,3,2,1,4,4,6,6,1
11,151,1661,162,2514261,7,43,-108113222,1790244,1347,1168,1021,1317,1,1,3,2,1,4,4,6,6,0
11,151,1661,162,2514261,11,111,-279082970,1790244,1347,1168,1021,1317,1,1,3,2,1,4,4,6,6,2
11,157,1727,168,2718723,-2,7,-19031060,1937664,1697,425,273,579,1,1,3,2,1,4,3,6,0,1
11,157,1727,168,2718723,-1,3,-8156168,1937664,1697,425,273,579,1,1,3,2,1,4,3,6,0,1
11,157,1727,168,2718723,0,1,-2718722,1937664,1697,425,273,579,1,1,3,2,1,4,3,6,0,1
11,157,1727,168,2718723,1,1,-2718722,1937664,1697,425,273,579,1,1,3,2,1,4,3,6,0,1
11,157,1727,168,2718723,2,3,-8156168,1937664,1697,425,273,579,1,1,3,2,1,4,3,6,0,1
11,157,1727,168,2718723,3,7,-19031060,1937664,1697,425,273,579,1,1,3,2,1,4,3,6,0,1
11,157,1727,168,2718723,5,21,-57093182,1937664,1697,425,273,579,1,1,3,2,1,4,3,6,0,1
11,157,1727,168,2718723,7,43,-116905088,1937664,1697,425,273,579,1,1,3,2,1,4,3,6,0,1
11,157,1727,168,2718723,11,111,-301778252,1937664,1697,425,273,579,1,1,3,2,1,4,3,6,0,1
11,163,1793,174,2931177,-2,7,-20518238,2090916,278,1415,1257,1575,1,1,3,2,1,4,2,6,3,1
11,163,1793,174,2931177,-1,3,-8793530,2090916,278,1415,1257,1575,1,1,3,2,1,4,2,6,3,3
11,163,1793,174,2931177,0,1,-2931176,2090916,278,1415,1257,1575,1,1,3,2,1,4,2,6,3,4
11,163,1793,174,2931177,1,1,-2931176,2090916,278,1415,1257,1575,1,1,3,2,1,4,2,6,3,4
11,163,1793,174,2931177,2,3,-8793530,2090916,278,1415,1257,1575,1,1,3,2,1,4,2,6,3,3
11,163,1793,174,2931177,3,7,-20518238,2090916,278,1415,1257,1575,1,1,3,2,1,4,2,6,3,1
11,163,1793,174,2931177,5,21,-61554716,2090916,278,1415,1257,1575,1,1,3,2,1,4,2,6,3,1
11,163,1793,174,2931177,7,43,-126040610,2090916,278,1415,1257,1575,1,1,3,2,1,4,2,6,3,4
11,163,1793,174,2931177,11,111,-325360646,2090916,278,1415,1257,1575,1,1,3,2,1,4,2,6,3,5
11,167,1837,178,3077253,-2,7,-21540770,2196324,1109,278,117,441,1,9,1,2,2,4,6,6,3,1
11,167,1837,178,3077253,-1,3,-9231758,2196324,1109,278,117,441,1,9,1,2,2,4,6,6,3,3
11,167,1837,178,3077253,0,1,-3077252,2196324,1109,278,117,441,1,9,1,2,2,4,6,6,3,4
11,167,1837,178,3077253,1,1,-3077252,2196324,1109,278,117,441,1,9,1,2,2,4,6,6,3,4
11,167,1837,178,3077253,2,3,-9231758,2196324,1109,278,117,441,1,9,1,2,2,4,6,6,3,3
11,167,1837,178,3077253,3,7,-21540770,2196324,1109,278,117,441,1,9,1,2,2,4,6,6,3,1
11,167,1837,178,3077253,5,21,-64622312,2196324,1109,278,117,441,1,9,1,2,2,4,6,6,3,1
11,167,1837,178,3077253,7,43,-132321878,2196324,1109,278,117,441,1,9,1,2,2,4,6,6,3,4
11,167,1837,178,3077253,11,111,-341575082,2196324,1109,278,117,441,1,9,1,2,2,4,6,6,3,5
11,173,1903,184,3303027,-2,7,-23121188,2359296,1479,1322,1155,1491,1,3,7,2,2,4,5,6,0,1
11,173,1903,184,3303027,-1,3,-9909080,2359296,1479,1322,1155,1491,1,3,7,2,2,4,5,6,0,1
11,173,1903,184,3303027,0,1,-3303026,2359296,1479,1322,1155,1491,1,3,7,2,2,4,5,6,0,1
11,173,1903,184,3303027,1,1,-3303026,2359296,1479,1322,1155,1491,1,3,7,2,2,4,5,6,0,1
11,173,1903,184,3303027,2,3,-9909080,2359296,1479,1322,1155,1491,1,3,7,2,2,4,5,6,0,1
11,173,1903,184,3303027,3,7,-23121188,2359296,1479,1322,1155,1491,1,3,7,2,2,4,5,6,0,1
11,173,1903,184,3303027,5,21,-69363566,2359296,1479,1322,1155,1491,1,3,7,2,2,4,5,6,0,1
11,173,1903,184,3303027,7,43,-142030160,2359296,1479,1322,1155,1491,1,3,7,2,2,4,5,6,0,1
11,173,1903,184,3303027,11,111,-366635996,2359296,1479,1322,1155,1491,1,3,7,2,2,4,5,6,0,1
11,179,1969,190,3536793,-2,7,-24757550,2528100,1873,469,297,643,1,3,1,2,2,4,4,6,6,1
11,179,1969,190,3536793,-1,3,-10610378,2528100,1873,469,297,643,1,3,1,2,2,4,4,6,6,5
11,179,1969,190,3536793,0,1,-3536792,2528100,1873,469,297,643,1,3,1,2,2,4,4,6,6,0
11,179,1969,190,3536793,1,1,-3536792,2528100,1873,469,297,643,1,3,1,2,2,4,4,6,6,0
11,179,1969,190,3536793,2,3,-10610378,2528100,1873,469,297,643,1,3,1,2,2,4,4,6,6,5
11,179,1969,190,3536793,3,7,-24757550,2528100,1873,469,297,643,1,3,1,2,2,4,4,6,6,1
11,179,1969,190,3536793,5,21,-74272652,2528100,1873,469,297,643,1,3,1,2,2,4,4,6,6,1
11,179,1969,190,3536793,7,43,-152082098,2528100,1873,469,297,643,1,3,1,2,2,4,4,6,6,0
11,179,1969,190,3536793,11,111,-392584022,2528100,1873,469,297,643,1,3,1,2,2,4,4,6,6,2
11,181,1991,192,3616491,-2,7,-25315436,2585664,1346,835,661,1011,1,1,3,2,1,4,6,6,3,1
11,181,1991,192,3616491,-1,3,-10849472,2585664,1346,835,661,1011,1,1,3,2,1,4,6,6,3,3
11,181,1991,192,3616491,0,1,-3616490,2585664,1346,835,661,1011,1,1,3,2,1,4,6,6,3,4
11,181,1991,192,3616491,1,1,-3616490,2585664,1346,835,661,1011,1,1,3,2,1,4,6,6,3,4
11,181,1991,192,3616491,2,3,-10849472,2585664,1346,835,661,1011,1,1,3,2,1,4,6,6,3,3
11,181,1991,192,3616491,3,7,-25315436,2585664,1346,835,661,1011,1,1,3,2,1,4,6,6,3,1
11,181,1991,192,3616491,5,21,-75946310,2585664,1346,835,661,1011,1,1,3,2,1,4,6,6,3,1
11,181,1991,192,3616491,7,43,-155509112,2585664,1346,835,661,1011,1,1,3,2,1,4,6,6,3,4
11,181,1991,192,3616491,11,111,-401430500,2585664,1346,835,661,1011,1,1,3,2,1,4,6,6,3,5
11,191,2101,202,4028301,-2,7,-28198106,2883204,632,684,501,869,1,3,1,2,2,4,2,6,3,1
11,191,2101,202,4028301,-1,3,-12084902,2883204,632,684,501,869,1,3,1,2,2,4,2,6,3,3
11,191,2101,202,4028301,0,1,-4028300,2883204,632,684,501,869,1,3,1,2,2,4,2,6,3,4
11,191,2101,202,4028301,1,1,-4028300,2883204,632,684,501,869,1,3,1,2,2,4,2,6,3,4
11,191,2101,202,4028301,2,3,-12084902,2883204,632,684,501,869,1,3,1,2,2,4,2,6,3,3
11,191,2101,202,4028301,3,7,-28198106,2883204,632,684,501,869,1,3,1,2,2,4,2,6,3,1
11,191,2101,202,4028301,5,21,-84594320,2883204,632,684,501,869,1,3,1,2,2,4,2,6,3,1
11,191,2101,202,4028301,7,43,-173216942,2883204,632,684,501,869,1,3,1,2,2,4,2,6,3,4
11,191,2101,202,4028301,11,111,-447141410,2883204,632,684,501,869,1,3,1,2,2,4,2,6,3,5
11,193,2123,204,4113327,-2,7,-28793288,2944656,55,1076,891,1263,1,1,3,2,1,4,4,6,6,1
11,193,2123,204,4113327,-1,3,-12339980,2944656,55,1076,891,1263,1,1,3,2,1,4,4,6,6,5
11,193,2123,204,4113327,0,1,-4113326,2944656,55,1076,891,1263,1,1,3,2,1,4,4,6,6,0
11,193,2123,204,4113327,1,1,-4113326,2944656,55,1076,891,1263,1,1,3,2,1,4,4,6,6,0
11,193,2123,204,4113327,2,3,-12339980,2944656,55,1076,891,1263,1,1,3,2,1,4,4,6,6,5
11,193,2123,204,4113327,3,7,-28793288,2944656,55,1076,891,1263,1,1,3,2,1,4,4,6,6,1
11,193,2123,204,4113327,5,21,-86379866,2944656,55,1076,891,1263,1,1,3,2,1,4,4,6,6,1
11,193,2123,204,4113327,7,43,-176873060,2944656,55,1076,891,1263,1,1,3,2,1,4,4,6,6,0
11,193,2123,204,4113327,11,111,-456579296,2944656,55,1076,891,1263,1,1,3,2,1,4,4,6,6,2
11,197,2167,208,4286043,-2,7,-30002300,3069504,1032,1884,1695,2075,1,3,1,2,2,4,1,6,1,1
11,197,2167,208,4286043,-1,3,-12858128,3069504,1032,1884,1695,2075,1,3,1,2,2,4,1,6,1,4
11,197,2167,208,4286043,0,1,-4286042,3069504,1032,1884,1695,2075,1,3,1,2,2,4,1,6,1,2
11,197,2167,208,4286043,1,1,-4286042,3069504,1032,1884,1695,2075,1,3,1,2,2,4,1,6,1,2
11,197,2167,208,4286043,2,3,-12858128,3069504,1032,1884,1695,2075,1,3,1,2,2,4,1,6,1,4
11,197,2167,208,4286043,3,7,-30002300,3069504,1032,1884,1695,2075,1,3,1,2,2,4,1,6,1,1
11,197,2167,208,4286043,5,21,-90006902,3069504,1032,1884,1695,2075,1,3,1,2,2,4,1,6,1,1
11,197,2167,208,4286043,7,43,-184299848,3069504,1032,1884,1695,2075,1,3,1,2,2,4,1,6,1,2
11,197,2167,208,4286043,11,111,-475750772,3069504,1032,1884,1695,2075,1,3,1,2,2,4,1,6,1,0
11,199,2189,210,4373733,-2,7,-30616130,3132900,441,111,2109,303,1,1,3,2,1,4,3,6,0,1
11,199,2189,210,4373733,-1,3,-13121198,3132900,441,111,2109,303,1,1,3,2,1,4,3,6,0,1
11,199,2189,210,4373733,0,1,-4373732,3132900,441,111,2109,303,1,1,3,2,1,4,3,6,0,1
11,199,2189,210,4373733,1,1,-4373732,3132900,441,111,2109,303,1,1,3,2,1,4,3,6,0,1
11,199,2189,210,4373733,2,3,-13121198,3132900,441,111,2109,303,1,1,3,2,1,4,3,6,0,1
11,199,2189,210,4373733,3,7,-30616130,3132900,441,111,2109,303,1,1,3,2,1,4,3,6,0,1
11,199,2189,210,4373733,5,21,-91848392,3132900,441,111,2109,303,1,1,3,2,1,4,3,6,0,1
11,199,2189,210,4373733,7,43,-188070518,3132900,441,111,2109,303,1,1,3,2,1,4,3,6,0,1
11,199,2189,210,4373733,11,111,-485484362,3132900,441,111,2109,303,1,1,3,2,1,4,3,6,0,1
13,17,221,30,42861,-2,7,-300026,26244,166,208,181,15,13,1,3,1,2,6,3,3,0,1
13,17,221,30,42861,-1,3,-128582,26244,166,208,181,15,13,1,3,1,2,6,3,3,0,1
13,17,221,30,42861,0,1,-42860,26244,166,208,181,15,13,1,3,1,2,6,3,3,0,1
13,17,221,30,42861,1,1,-42860,26244,166,208,181,15,13,1,3,1,2,6,3,3,0,1
13,17,221,30,42861,2,3,-128582,26244,166,208,181,15,13,1,3,1,2,6,3,3,0,1
13,17,221,30,42861,3,7,-300026,26244,166,208,181,15,13,1,3,1,2,6,3,3,0,1
13,17,221,30,42861,5,21,-900080,26244,166,208,181,15,13,1,3,1,2,6,3,3,0,1
13,17,221,30,42861,7,43,-1843022,26244,166,208,181,15,13,1,3,1,2,6,3,3,0,1
13,17,221,30,42861,11,111,-4757570,26244,166,208,181,15,13,1,3,1,2,6,3,3,0,1
13,19,247,32,53851,-2,7,-376956,33856,17,5,223,35,1,1,1,1,1,6,5,3,0,1
13,19,247,32,53851,-1,3,-161552,33856,17,5,223,35,1,1,1,1,1,6,5,3,0,1
13,19,247,32,53851,0,1,-53850,33856,17,5,223,35,1,1,1,1,1,6,5,3,0,1
13,19,247,32,53851,1,1,-53850,33856,17,5,223,35,1,1,1,1,1,6,5,3,0,1
13,19,247,32,53851,2,3,-161552,33856,17,5,223,35,1,1,1,1,1,6,5,3,0,1
13,19,247,32,53851,3,7,-376956,33856,17,5,223,35,1,1,1,1,1,6,5,3,0,1
13,19,247,32,53851,5,21,-1130870,33856,17,5,223,35,1,1,1,1,1,6,5,3,0,1
13,19,247,32,53851,7,43,-2315592,33856,17,5,223,35,1,1,1,1,1,6,5,3,0,1
13,19,247,32,53851,11,111,-5977460,33856,17,5,223,35,1,1,1,1,1,6,5,3,0,1
13,23,299,36,79599,-2,7,-557192,51984,257,65,33,99,13,1,3,1,2,6,2,3,3,1
13,23,299,36,79599,-1,3,-238796,51984,257,65,33,99,13,1,3,1,2,6,2,3,3,2
13,23,299,36,79599,0,1,-79598,51984,257,65,33,99,13,1,3,1,2,6,2,3,3,6
13,23,299,36,79599,1,1,-79598,51984,257,65,33,99,13,1,3,1,2,6,2,3,3,6
13,23,299,36,79599,2,3,-238796,51984,257,65,33,99,13,1,3,1,2,6,2,3,3,2
13,23,299,36,79599,3,7,-557192,51984,257,65,33,99,13,1,3,1,2,6,2,3,3,1
13,23,299,36,79599,5,21,-1671578,51984,257,65,33,99,13,1,3,1,2,6,2,3,3,1
13,23,299,36,79599,7,43,-3422756,51984,257,65,33,99,13,1,3,1,2,6,2,3,3,6
13,23,299,36,79599,11,111,-8835488,51984,257,65,33,99,13,1,3,1,2,6,2,3,3,3
13,29,377,42,127641,-2,7,-893486,86436,103,215,177,255,1,1,3,1,2,6,1,3,1,1
13,29,377,42,127641,-1,3,-382922,86436,103,215,177,255,1,1,3,1,2,6,1,3,1,6
13,29,377,42,127641,0,1,-127640,86436,103,215,177,255,1,1,3,1,2,6,1,3,1,5
13,29,377,42,127641,1,1,-127640,86436,103,215,177,255,1,1,3,1,2,6,1,3,1,5
13,29,377,42,127641,2,3,-382922,86436,103,215,177,255,1,1,3,1,2,6,1,3,1,6
13,29,377,42,127641,3,7,-893486,86436,103,215,177,255,1,1,3,1,2,6,1,3,1,1
13,29,377,42,127641,5,21,-2680460,86436,103,215,177,255,1,1,3,1,2,6,1,3,1,1
13,29,377,42,127641,7,43,-5488562,86436,103,215,177,255,1,1,3,1,2,6,1,3,1,5
13,29,377,42,127641,11,111,-14168150,86436,103,215,177,255,1,1,3,1,2,6,1,3,1,4
13,31,403,44,146167,-2,7,-1023168,99856,315,281,241,323,1,1,1,1,1,6,3,3,0,1
13,31,403,44,146167,-1,3,-438500,99856,315,281,241,323,1,1,1,1,1,6,3,3,0,1
13,31,403,44,146167,0,1,-146166,99856,315,281,241,323,1,1,1,1,1,6,3,3,0,1
13,31,403,44,146167,1,1,-146166,99856,315,281,241,323,1,1,1,1,1,6,3,3,0,1
13,31,403,44,146167,2,3,-438500,99856,315,281,241,323,1,1,1,1,1,6,3,3,0,1
13,31,403,44,146167,3,7,-1023168,99856,315,281,241,323,1,1,1,1,1,6,3,3,0,1
13,31,403,44,146167,5,21,-3069506,99856,315,281,241,323,1,1,1,1,1,6,3,3,0,1
13,31,403,44,146167,7,43,-6285180,99856,315,281,241,323,1,1,1,1,1,6,3,3,0,1
13,31,403,44,146167,11,111,-16224536,99856,315,281,241,323,1,1,1,1,1,6,3,3,0,1
13,37,481,50,209281,-2,7,-1464966,145924,181,46,1,93,1,1,1,1,1,6,2,3,3,1
13,37,481,50,209281,-1,3,-627842,145924,181,46,1,93,1,1,1,1,1,6,2,3,3,2
13,37,481,50,209281,0,1,-209280,145924,181,46,1,93,1,1,1,1,1,6,2,3,3,6
13,37,481,50,209281,1,1,-209280,145924,181,46,1,93,1,1,1,1,1,6,2,3,3,6
13,37,481,50,209281,2,3,-627842,145924,181,46,1,93,1,1,1,1,1,6,2,3,3,2
13,37,481,50,209281,3,7,-1464966,145924,181,46,1,93,1,1,1,1,1,6,2,3,3,1
13,37,481,50,209281,5,21,-4394900,145924,181,46,1,93,1,1,1,1,1,6,2,3,3,1
13,37,481,50,209281,7,43,-8999082,145924,181,46,1,93,1,1,1,1,1,6,2,3,3,6
13,37,481,50,209281,11,111,-23230190,145924,181,46,1,93,1,1,1,1,1,6,2,3,3,3
13,41,533,54,257637,-2,7,-1803458,181476,256,198,149,249,1,1,3,1,2,6,6,3,3,1
13,41,533,54,257637,-1,3,-772910,181476,256,198,149,249,1,1,3,1,2,6,6,3,3,2
13,41,533,54,257637,0,1,-257636,181476,256,198,149,249,1,1,3,1,2,6,6,3,3,6
13,41,533,54,257637,1,1,-257636,181476,256,198,149,249,1,1,3,1,2,6,6,3,3,6
13,41,533,54,257637,2,3,-772910,181476,256,198,149,249,1,1,3,1,2,6,6,3,3,2
13,41,533,54,257637,3,7,-1803458,181476,256,198,149,249,1,1,3,1,2,6,6,3,3,1
13,41,533,54,257637,5,21,-5410376,181476,256,198,149,249,1,1,3,1,2,6,6,3,3,1
13,41,533,54,257637,7,43,-11078390,181476,256,198,149,249,1,1,3,1,2,6,6,3,3,6
13,41,533,54,257637,11,111,-28597706,181476,256,198,149,249,1,1,3,1,2,6,6,3,3,3
13,43,559,56,283699,-2,7,-1985892,200704,23,286,235,339,13,1,1,1,1,6,1,3,1,1
13,43,559,56,283699,-1,3,-851096,200704,23,286,235,339,13,1,1,1,1,6,1,3,1,6
13,43,559,56,283699,0,1,-283698,200704,23,286,235,339,13,1,1,1,1,6,1,3,1,5
13,43,559,56,283699,1,1,-283698,200704,23,286,235,339,13,1,1,1,1,6,1,3,1,5
13,43,559,56,283699,2,3,-851096,200704,23,286,235,339,13,1,1,1,1,6,1,3,1,6
13,43,559,56,283699,3,7,-1985892,200704,23,286,235,339,13,1,1,1,1,6,1,3,1,1
13,43,559,56,283699,5,21,-5957678,200704,23,286,235,339,13,1,1,1,1,6,1,3,1,1
13,43,559,56,283699,7,43,-12199056,200704,23,286,235,339,13,1,1,1,1,6,1,3,1,5
13,43,559,56,283699,11,111,-31490588,200704,23,286,235,339,13,1,1,1,1,6,1,3,1,4
13,47,611,60,339591,-2,7,-2377136,242064,108,486,431,543,1,1,3,1,2,6,5,3,0,1
13,47,611,60,339591,-1,3,-1018772,242064,108,486,431,543,1,1,3,1,2,6,5,3,0,1
13,47,611,60,339591,0,1,-339590,242064,108,486,431,543,1,1,3,1,2,6,5,3,0,1
13,47,611,60,339591,1,1,-339590,242064,108,486,431,543,1,1,3,1,2,6,5,3,0,1
13,47,611,60,339591,2,3,-1018772,242064,108,486,431,543,1,1,3,1,2,6,5,3,0,1
13,47,611,60,339591,3,7,-2377136,242064,108,486,431,543,1,1,3,1,2,6,5,3,0,1
13,47,611,60,339591,5,21,-7131410,242064,108,486,431,543,1,1,3,1,2,6,5,3,0,1
13,47,611,60,339591,7,43,-14602412,242064,108,486,431,543,1,1,3,1,2,6,5,3,0,1
13,47,611,60,339591,11,111,-37694600,242064,108,486,431,543,1,1,3,1,2,6,5,3,0,1
13,53,689,66,432849,-2,7,-3029942,311364,625,157,97,219,1,1,3,1,2,6,4,3,6,1
13,53,689,66,432849,-1,3,-1298546,311364,625,157,97,219,1,1,3,1,2,6,4,3,6,3
13,53,689,66,432849,0,1,-432848,311364,625,157,97,219,1,1,3,1,2,6,4,3,6,4
13,53,689,66,432849,1,1,-432848,311364,625,157,97,219,1,1,3,1,2,6,4,3,6,4
13,53,689,66,432849,2,3,-1298546,311364,625,157,97,219,1,1,3,1,2,6,4,3,6,3
13,53,689,66,432849,3,7,-3029942,311364,625,157,97,219,1,1,3,1,2,6,4,3,6,1
13,53,689,66,432849,5,21,-9089828,311364,625,157,97,219,1,1,3,1,2,6,4,3,6,1
13,53,689,66,432849,7,43,-18612506,311364,625,157,97,219,1,1,3,1,2,6,4,3,6,4
13,53,689,66,432849,11,111,-48046238,311364,625,157,97,219,1,1,3,1,2,6,4,3,6,5
13,59,767,72,537411,-2,7,-3761876,389376,507,511,445,579,1,1,3,1,2,6,3,3,0,1
13,59,767,72,537411,-1,3,-1612232,389376,507,511,445,579,1,1,3,1,2,6,3,3,0,1
13,59,767,72,537411,0,1,-537410,389376,507,511,445,579,1,1,3,1,2,6,3,3,0,1
13,59,767,72,537411,1,1,-537410,389376,507,511,445,579,1,1,3,1,2,6,3,3,0,1
13,59,767,72,537411,2,3,-1612232,389376,507,511,445,579,1,1,3,1,2,6,3,3,0,1
13,59,767,72,537411,3,7,-3761876,389376,507,511,445,579,1,1,3,1,2,6,3,3,0,1
13,59,767,72,537411,5,21,-11285630,389376,507,511,445,579,1,1,3,1,2,6,3,3,0,1
13,59,767,72,537411,7,43,-23108672,389376,507,511,445,579,1,1,3,1,2,6,3,3,0,1
13,59,767,72,537411,11,111,-59652620,389376,507,511,445,579,1,1,3,1,2,6,3,3,0,1
13,61,793,74,574777,-2,7,-4023438,417316,198,645,577,715,1,1,1,1,1,6,5,3,0,1
13,61,793,74,574777,-1,3,-1724330,417316,198,645,577,715,1,1,1,1,1,6,5,3,0,1
13,61,793,74,574777,0,1,-574776,417316,198,645,577,715,1,1,1,1,1,6,5,3,0,1
13,61,793,74,574777,1,1,-574776,417316,198,645,577,715,1,1,1,1,1,6,5,3,0,1
13,61,793,74,574777,2,3,-1724330,417316,198,645,577,715,1,1,1,1,1,6,5,3,0,1
13,61,793,74,574777,3,7,-4023438,417316,198,645,577,715,1,1,1,1,1,6,5,3,0,1
13,61,793,74,574777,5,21,-12070316,417316,198,645,577,715,1,1,1,1,1,6,5,3,0,1
13,61,793,74,574777,7,43,-24715410,417316,198,645,577,715,1,1,1,1,1,6,5,3,0,1
13,61,793,74,574777,11,111,-63800246,417316,198,645,577,715,1,1,1,1,1,6,5,3,0,1
13,67,871,80,694411,-2,7,-4860876,506944,22,224,151,299,1,1,1,1,1,6,4,3,6,1
13,67,871,80,694411,-1,3,-2083232,506944,22,224,151,299,1,1,1,1,1,6,4,3,6,3
13,67,871,80,694411,0,1,-694410,506944,22,224,151,299,1,1,1,1,1,6,4,3,6,4
13,67,871,80,694411,1,1,-694410,506944,22,224,151,299,1,1,1,1,1,6,4,3,6,4
13,67,871,80,694411,2,3,-2083232,506944,22,224,151,299,1,1,1,1,1,6,4,3,6,3
13,67,871,80,694411,3,7,-4860876,506944,22,224,151,299,1,1,1,1,1,6,4,3,6,1
13,67,871,80,694411,5,21,-14582630,506944,22,224,151,299,1,1,1,1,1,6,4,3,6,1
13,67,871,80,694411,7,43,-29859672,506944,22,224,151,299,1,1,1,1,1,6,4,3,6,4
13,67,871,80,694411,11,111,-77079620,506944,22,224,151,299,1,1,1,1,1,6,4,3,6,5
13,71,923,84,780447,-2,7,-5463128,571536,199,512,435,591,1,1,3,1,2,6,1,3,1,1
13,71,923,84,780447,-1,3,-2341340,571536,199,512,435,591,1,1,3,1,2,6,1,3,1,6
13,71,923,84,780447,0,1,-780446,571536,199,512,435,591,1,1,3,1,2,6,1,3,1,5
13,71,923,84,780447,1,1,-780446,571536,199,512,435,591,1,1,3,1,2,6,1,3,1,5
13,71,923,84,780447,2,3,-2341340,571536,199,512,435,591,1,1,3,1,2,6,1,3,1,6
13,71,923,84,780447,3,7,-5463128,571536,199,512,435,591,1,1,3,1,2,6,1,3,1,1
13,71,923,84,780447,5,21,-16389386,571536,199,512,435,591,1,1,3,1,2,6,1,3,1,1
13,71,923,84,780447,7,43,-33559220,571536,199,512,435,591,1,1,3,1,2,6,1,3,1,5
13,71,923,84,780447,11,111,-86629616,571536,199,512,435,591,1,1,3,1,2,6,1,3,1,4
13,73,949,86,825349,-2,7,-5777442,605284,771,668,589,749,1,1,1,1,1,6,3,3,0,1
13,73,949,86,825349,-1,3,-2476046,605284,771,668,589,749,1,1,1,1,1,6,3,3,0,1
13,73,949,86,825349,0,1,-825348,605284,771,668,589,749,1,1,1,1,1,6,3,3,0,1
13,73,949,86,825349,1,1,-825348,605284,771,668,589,749,1,1,1,1,1,6,3,3,0,1
13,73,949,86,825349,2,3,-2476046,605284,771,668,589,749,1,1,1,1,1,6,3,3,0,1
13,73,949,86,825349,3,7,-5777442,605284,771,668,589,749,1,1,1,1,1,6,3,3,0,1
13,73,949,86,825349,5,21,-17332328,605284,771,668,589,749,1,1,1,1,1,6,3,3,0,1
13,73,949,86,825349,7,43,-35490006,605284,771,668,589,749,1,1,1,1,1,6,3,3,0,1
13,73,949,86,825349,11,111,-91613738,605284,771,668,589,749,1,1,1,1,1,6,3,3,0,1
13,79,1027,92,967591,-2,7,-6773136,712336,625,157,73,243,1,1,1,1,1,6,2,3,3,1
13,79,1027,92,967591,-1,3,-2902772,712336,625,157,73,243,1,1,1,1,1,6,2,3,3,2
13,79,1027,92,967591,0,1,-967590,712336,625,157,73,243,1,1,1,1,1,6,2,3,3,6
13,79,1027,92,967591,1,1,-967590,712336,625,157,73,243,1,1,1,1,1,6,2,3,3,6
13,79,1027,92,967591,2,3,-2902772,712336,625,157,73,243,1,1,1,1,1,6,2,3,3,2
13,79,1027,92,967591,3,7,-6773136,712336,625,157,73,243,1,1,1,1,1,6,2,3,3,1
13,79,1027,92,967591,5,21,-20319410,712336,625,157,73,243,1,1,1,1,1,6,2,3,3,1
13,79,1027,92,967591,7,43,-41606412,712336,625,157,73,243,1,1,1,1,1,6,2,3,3,6
13,79,1027,92,967591,11,111,-107402600,712336,625,157,73,243,1,1,1,1,1,6,2,3,3,3
13,83,1079,96,1068699,-2,7,-7480892,788544,874,489,401,579,1,1,3,1,2,6,6,3,3,1
13,83,1079,96,1068699,-1,3,-3206096,788544,874,489,401,579,1,1,3,1,2,6,6,3,3,2
13,83,1079,96,1068699,0,1,-1068698,788544,874,489,401,579,1,1,3,1,2,6,6,3,3,6
13,83,1079,96,1068699,1,1,-1068698,788544,874,489,401,579,1,1,3,1,2,6,6,3,3,6
13,83,1079,96,1068699,2,3,-3206096,788544,874,489,401,579,1,1,3,1,2,6,6,3,3,2
13,83,1079,96,1068699,3,7,-7480892,788544,874,489,401,579,1,1,3,1,2,6,6,3,3,1
13,83,1079,96,1068699,5,21,-22442678,788544,874,489,401,579,1,1,3,1,2,6,6,3,3,1
13,83,1079,96,1068699,7,43,-45954056,788544,874,489,401,579,1,1,3,1,2,6,6,3,3,6
13,83,1079,96,1068699,11,111,-118625588,788544,874,489,401,579,1,1,3,1,2,6,6,3,3,3
13,89,1157,102,1229781,-2,7,-8608466,910116,714,1047,953,1143,1,1,3,1,2,6,5,3,0,1
13,89,1157,102,1229781,-1,3,-3689342,910116,714,1047,953,1143,1,1,3,1,2,6,5,3,0,1
13,89,1157,102,1229781,0,1,-1229780,910116,714,1047,953,1143,1,1,3,1,2,6,5,3,0,1
13,89,1157,102,1229781,1,1,-1229780,910116,714,1047,953,1143,1,1,3,1,2,6,5,3,0,1
13,89,1157,102,1229781,2,3,-3689342,910116,714,1047,953,1143,1,1,3,1,2,6,5,3,0,1
13,89,1157,102,1229781,3,7,-8608466,910116,714,1047,953,1143,1,1,3,1,2,6,5,3,0,1
13,89,1157,102,1229781,5,21,-25825400,910116,714,1047,953,1143,1,1,3,1,2,6,5,3,0,1
13,89,1157,102,1229781,7,43,-52880582,910116,714,1047,953,1143,1,1,3,1,2,6,5,3,0,1
13,89,1157,102,1229781,11,111,-136505690,910116,714,1047,953,1143,1,1,3,1,2,6,5,3,0,1
13,97,1261,110,1462141,-2,7,-10234986,1085764,43,642,541,745,1,1,1,1,1,6,6,3,3,1
13,97,1261,110,1462141,-1,3,-4386422,1085764,43,642,541,745,1,1,1,1,1,6,6,3,3,2
13,97,1261,110,1462141,0,1,-1462140,1085764,43,642,541,745,1,1,1,1,1,6,6,3,3,6
13,97,1261,110,1462141,1,1,-1462140,1085764,43,642,541,745,1,1,1,1,1,6,6,3,3,6
13,97,1261,110,1462141,2,3,-4386422,1085764,43,642,541,745,1,1,1,1,1,6,6,3,3,2
13,97,1261,110,1462141,3,7,-10234986,1085764,43,642,541,745,1,1,1,1,1,6,6,3,3,1
13,97,1261,110,1462141,5,21,-30704960,1085764,43,642,541,745,1,1,1,1,1,6,6,3,3,1
13,97,1261,110,1462141,7,43,-62872062,1085764,43,642,541,745,1,1,1,1,1,6,6,3,3,6
13,97,1261,110,1462141,11,111,-162297650,1085764,43,642,541,745,1,1,1,1,1,6,6,3,3,3
13,101,1313,114,1585857,-2,7,-11100998,1179396,322,1066,961,1173,13,1,3,1,2,6,3,3,0,1
13,101,1313,114,1585857,-1,3,-4757570,1179396,322,1066,961,1173,13,1,3,1,2,6,3,3,0,1
13,101,1313,114,1585857,0,1,-1585856,1179396,322,1066,961,1173,13,1,3,1,2,6,3,3,0,1
13,101,1313,114,1585857,1,1,-1585856,1179396,322,1066,961,1173,13,1,3,1,2,6,3,3,0,1
13,101,1313,114,1585857,2,3,-4757570,1179396,322,1066,961,1173,13,1,3,1,2,6,3,3,0,1
13,101,1313,114,1585857,3,7,-11100998,1179396,322,1066,961,1173,13,1,3,1,2,6,3,3,0,1
13,101,1313,114,1585857,5,21,-33302996,1179396,322,1066,961,1173,13,1,3,1,2,6,3,3,0,1
13,101,1313,114,1585857,7,43,-68191850,1179396,322,1066,961,1173,13,1,3,1,2,6,3,3,0,1
13,101,1313,114,1585857,11,111,-176030126,1179396,322,1066,961,1173,13,1,3,1,2,6,3,3,0,1
13,103,1339,116,1649599,-2,7,-11547192,1227664,1140,1290,1183,59,1,1,1,1,1,6,5,3,0,1
13,103,1339,116,1649599,-1,3,-4948796,1227664,1140,1290,1183,59,1,1,1,1,1,6,5,3,0,1
13,103,1339,116,1649599,0,1,-1649598,1227664,1140,1290,1183,59,1,1,1,1,1,6,5,3,0,1
13,103,1339,116,1649599,1,1,-1649598,1227664,1140,1290,1183,59,1,1,1,1,1,6,5,3,0,1
13,103,1339,116,1649599,2,3,-4948796,1227664,1140,1290,1183,59,1,1,1,1,1,6,5,3,0,1
13,103,1339,116,1649599,3,7,-11547192,1227664,1140,1290,1183,59,1,1,1,1,1,6,5,3,0,1
13,103,1339,116,1649599,5,21,-34641578,1227664,1140,1290,1183,59,1,1,1,1,1,6,5,3,0,1
13,103,1339,116,1649599,7,43,-70932756,1227664,1140,1290,1183,59,1,1,1,1,1,6,5,3,0,1
13,103,1339,116,1649599,11,111,-183105488,1227664,1140,1290,1183,59,1,1,1,1,1,6,5,3,0,1
13,107,1391,120,1780851,-2,7,-12465956,1327104,90,371,261,483,1,1,3,1,2,6,2,3,3,1
13,107,1391,120,1780851,-1,3,-5342552,1327104,90,371,261,483,1,1,3,1,2,6,2,3,3,2
13,107,1391,120,1780851,0,1,-1780850,1327104,90,371,261,483,1,1,3,1,2,6,2,3,3,6
13,107,1391,120,1780851,1,1,-1780850,1327104,90,371,261,483,1,1,3,1,2,6,2,3,3,6
13,107,1391,120,1780851,2,3,-5342552,1327104,90,371,261,483,1,1,3,1,2,6,2,3,3,2
13,107,1391,120,1780851,3,7,-12465956,1327104,90,371,261,483,1,1,3,1,2,6,2,3,3,1
13,107,1391,120,1780851,5,21,-37397870,1327104,90,371,261,483,1,1,3,1,2,6,2,3,3,1
13,107,1391,120,1780851,7,43,-76576592,1327104,90,371,261,483,1,1,3,1,2,6,2,3,3,6
13,107,1391,120,1780851,11,111,-197674460,1327104,90,371,261,483,1,1,3,1,2,6,2,3,3,3
13,109,1417,122,1848361,-2,7,-12938526,1378276,952,593,481,707,1,1,1,1,1,6,4,3,6,1
13,109,1417,122,1848361,-1,3,-5545082,1378276,952,593,481,707,1,1,1,1,1,6,4,3,6,3
13,109,1417,122,1848361,0,1,-1848360,1378276,952,593,481,707,1,1,1,1,1,6,4,3,6,4
13,109,1417,122,1848361,1,1,-1848360,1378276,952,593,481,707,1,1,1,1,1,6,4,3,6,4
13,109,1417,122,1848361,2,3,-5545082,1378276,952,593,481,707,1,1,1,1,1,6,4,3,6,3
13,109,1417,122,1848361,3,7,-12938526,1378276,952,593,481,707,1,1,1,1,1,6,4,3,6,1
13,109,1417,122,1848361,5,21,-38815580,1378276,952,593,481,707,1,1,1,1,1,6,4,3,6,1
13,109,1417,122,1848361,7,43,-79479522,1378276,952,593,481,707,1,1,1,1,1,6,4,3,6,4
13,109,1417,122,1848361,11,111,-205168070,1378276,952,593,481,707,1,1,1,1,1,6,4,3,6,5
13,113,1469,126,1987149,-2,7,-13910042,1483524,1303,1061,945,1179,1,1,3,1,2,6,1,3,1,1
13,113,1469,126,1987149,-1,3,-5961446,1483524,1303,1061,945,1179,1,1,3,1,2,6,1,3,1,6
13,113,1469,126,1987149,0,1,-1987148,1483524,1303,1061,945,1179,1,1,3,1,2,6,1,3,1,5
13,113,1469,126,1987149,1,1,-1987148,1483524,1303,1061,945,1179,1,1,3,1,2,6,1,3,1,5
13,113,1469,126,1987149,2,3,-5961446,1483524,1303,1061,945,1179,1,1,3,1,2,6,1,3,1,6
13,113,1469,126,1987149,3,7,-13910042,1483524,1303,1061,945,1179,1,1,3,1,2,6,1,3,1,1
13,113,1469,126,1987149,5,21,-41730128,1483524,1303,1061,945,1179,1,1,3,1,2,6,1,3,1,1
13,113,1469,126,1987149,7,43,-85447406,1483524,1303,1061,945,1179,1,1,3,1,2,6,1,3,1,5
13,113,1469,126,1987149,11,111,-220573538,1483524,1303,1061,945,1179,1,1,3,1,2,6,1,3,1,4
13,127,1651,140,2512471,-2,7,-17587296,1882384,244,1300,1171,1431,13,1,1,1,1,6,1,3,1,1
13,127,1651,140,2512471,-1,3,-7537412,1882384,244,1300,1171,1431,13,1,1,1,1,6,1,3,1,6
13,127,1651,140,2512471,0,1,-2512470,1882384,244,1300,1171,1431,13,1,1,1,1,6,1,3,1,5
13,127,1651,140,2512471,1,1,-2512470,1882384,244,1300,1171,1431,13,1,1,1,1,6,1,3,1,5
13,127,1651,140,2512471,2,3,-7537412,1882384,244,1300,1171,1431,13,1,1,1,1,6,1,3,1,6
13,127,1651,140,2512471,3,7,-17587296,1882384,244,1300,1171,1431,13,1,1,1,1,6,1,3,1,1
13,127,1651,140,2512471,5,21,-52761890,1882384,244,1300,1171,1431,13,1,1,1,1,6,1,3,1,1
13,127,1651,140,2512471,7,43,-108036252,1882384,244,1300,1171,1431,13,1,1,1,1,6,1,3,1,5
13,127,1651,140,2512471,11,111,-278884280,1882384,244,1300,1171,1431,13,1,1,1,1,6,1,3,1,4
13,131,1703,144,2673867,-2,7,-18717068,2005056,625,157,25,291,1,1,3,1,2,6,5,3,0,1
13,131,1703,144,2673867,-1,3,-8021600,2005056,625,157,25,291,1,1,3,1,2,6,5,3,0,1
13,131,1703,144,2673867,0,1,-2673866,2005056,625,157,25,291,1,1,3,1,2,6,5,3,0,1
13,131,1703,144,2673867,1,1,-2673866,2005056,625,157,25,291,1,1,3,1,2,6,5,3,0,1
13,131,1703,144,2673867,2,3,-8021600,2005056,625,157,25,291,1,1,3,1,2,6,5,3,0,1
13,131,1703,144,2673867,3,7,-18717068,2005056,625,157,25,291,1,1,3,1,2,6,5,3,0,1
13,131,1703,144,2673867,5,21,-56151206,2005056,625,157,25,291,1,1,3,1,2,6,5,3,0,1
13,131,1703,144,2673867,7,43,-114976280,2005056,625,157,25,291,1,1,3,1,2,6,5,3,0,1
13,131,1703,144,2673867,11,111,-296799236,2005056,625,157,25,291,1,1,3,1,2,6,5,3,0,1
13,137,1781,150,2925381,-2,7,-20477666,2196324,351,979,841,1119,1,1,3,1,2,6,4,3,6,1
13,137,1781,150,2925381,-1,3,-8776142,2196324,351,979,841,1119,1,1,3,1,2,6,4,3,6,3
13,137,1781,150,2925381,0,1,-2925380,2196324,351,979,841,1119,1,1,3,1,2,6,4,3,6,4
13,137,1781,150,2925381,1,1,-2925380,2196324,351,979,841,1119,1,1,3,1,2,6,4,3,6,4
13,137,1781,150,2925381,2,3,-8776142,2196324,351,979,841,1119,1,1,3,1,2,6,4,3,6,3
13,137,1781,150,2925381,3,7,-20477666,2196324,351,979,841,1119,1,1,3,1,2,6,4,3,6,1
13,137,1781,150,2925381,5,21,-61433000,2196324,351,979,841,1119,1,1,3,1,2,6,4,3,6,1
13,137,1781,150,2925381,7,43,-125791382,2196324,351,979,841,1119,1,1,3,1,2,6,4,3,6,4
13,137,1781,150,2925381,11,111,-324717290,2196324,351,979,841,1119,1,1,3,1,2,6,4,3,6,5
13,139,1807,152,3011731,-2,7,-21082116,2262016,1459,1269,1129,1411,1,1,1,1,1,6,6,3,3,1
13,139,1807,152,3011731,-1,3,-9035192,2262016,1459,1269,1129,1411,1,1,1,1,1,6,6,3,3,2
13,139,1807,152,3011731,0,1,-3011730,2262016,1459,1269,1129,1411,1,1,1,1,1,6,6,3,3,6
13,139,1807,152,3011731,1,1,-3011730,2262016,1459,1269,1129,1411,1,1,1,1,1,6,6,3,3,6
13,139,1807,152,3011731,2,3,-9035192,2262016,1459,1269,1129,1411,1,1,1,1,1,6,6,3,3,2
13,139,1807,152,3011731,3,7,-21082116,2262016,1459,1269,1129,1411,1,1,1,1,1,6,6,3,3,1
13,139,1807,152,3011731,5,21,-63246350,2262016,1459,1269,1129,1411,1,1,1,1,1,6,6,3,3,1
13,139,1807,152,3011731,7,43,-129504432,2262016,1459,1269,1129,1411,1,1,1,1,1,6,6,3,3,6
13,139,1807,152,3011731,11,111,-334302140,2262016,1459,1269,1129,1411,1,1,1,1,1,6,6,3,3,3
13,149,1937,162,3462321,-2,7,-24236246,2604996,1668,902,753,1053,1,1,3,1,2,6,2,3,3,1
13,149,1937,162,3462321,-1,3,-10386962,2604996,1668,902,753,1053,1,1,3,1,2,6,2,3,3,2
13,149,1937,162,3462321,0,1,-3462320,2604996,1668,902,753,1053,1,1,3,1,2,6,2,3,3,6
13,149,1937,162,3462321,1,1,-3462320,2604996,1668,902,753,1053,1,1,3,1,2,6,2,3,3,6
13,149,1937,162,3462321,2,3,-10386962,2604996,1668,902,753,1053,1,1,3,1,2,6,2,3,3,2
13,149,1937,162,3462321,3,7,-24236246,2604996,1668,902,753,1053,1,1,3,1,2,6,2,3,3,1
13,149,1937,162,3462321,5,21,-72708740,2604996,1668,902,753,1053,1,1,3,1,2,6,2,3,3,1
13,149,1937,162,3462321,7,43,-148879802,2604996,1668,902,753,1053,1,1,3,1,2,6,2,3,3,6
13,149,1937,162,3462321,11,111,-384317630,2604996,1668,902,753,1053,1,1,3,1,2,6,2,3,3,3
13,151,1963,164,3556207,-2,7,-24893448,2676496,927,1214,1063,1367,1,1,1,1,1,6,4,3,6,1
13,151,1963,164,3556207,-1,3,-10668620,2676496,927,1214,1063,1367,1,1,1,1,1,6,4,3,6,3
13,151,1963,164,3556207,0,1,-3556206,2676496,927,1214,1063,1367,1,1,1,1,1,6,4,3,6,4
13,151,1963,164,3556207,1,1,-3556206,2676496,927,1214,1063,1367,1,1,1,1,1,6,4,3,6,4
13,151,1963,164,3556207,2,3,-10668620,2676496,927,1214,1063,1367,1,1,1,1,1,6,4,3,6,3
13,151,1963,164,3556207,3,7,-24893448,2676496,927,1214,1063,1367,1,1,1,1,1,6,4,3,6,1
13,151,1963,164,3556207,5,21,-74680346,2676496,927,1214,1063,1367,1,1,1,1,1,6,4,3,6,1
13,151,1963,164,3556207,7,43,-152916900,2676496,927,1214,1063,1367,1,1,1,1,1,6,4,3,6,4
13,151,1963,164,3556207,11,111,-394738976,2676496,927,1214,1063,1367,1,1,1,1,1,6,4,3,6,5
13,157,2041,170,3845401,-2,7,-26917806,2896804,625,157,1,315,157,1,1,1,1,6,3,3,0,1
13,157,2041,170,3845401,-1,3,-11536202,2896804,625,157,1,315,157,1,1,1,1,6,3,3,0,1
13,157,2041,170,3845401,0,1,-3845400,2896804,625,157,1,315,157,1,1,1,1,6,3,3,0,1
13,157,2041,170,3845401,1,1,-3845400,2896804,625,157,1,315,157,1,1,1,1,6,3,3,0,1
13,157,2041,170,3845401,2,3,-11536202,2896804,625,157,1,315,157,1,1,1,1,6,3,3,0,1
13,157,2041,170,3845401,3,7,-26917806,2896804,625,157,1,315,157,1,1,1,1,6,3,3,0,1
13,157,2041,170,3845401,5,21,-80753420,2896804,625,157,1,315,157,1,1,1,1,6,3,3,0,1
13,157,2041,170,3845401,7,43,-165352242,2896804,625,157,1,315,157,1,1,1,1,6,3,3,0,1
13,157,2041,170,3845401,11,111,-426839510,2896804,625,157,1,315,157,1,1,1,1,6,3,3,0,1
13,163,2119,176,4145899,-2,7,-29021292,3125824,299,1135,973,1299,1,1,1,1,1,6,2,3,3,1
13,163,2119,176,4145899,-1,3,-12437696,3125824,299,1135,973,1299,1,1,1,1,1,6,2,3,3,2
13,163,2119,176,4145899,0,1,-4145898,3125824,299,1135,973,1299,1,1,1,1,1,6,2,3,3,6
13,163,2119,176,4145899,1,1,-4145898,3125824,299,1135,973,1299,1,1,1,1,1,6,2,3,3,6
13,163,2119,176,4145899,2,3,-12437696,3125824,299,1135,973,1299,1,1,1,1,1,6,2,3,3,2
13,163,2119,176,4145899,3,7,-29021292,3125824,299,1135,973,1299,1,1,1,1,1,6,2,3,3,1
13,163,2119,176,4145899,5,21,-87063878,3125824,299,1135,973,1299,1,1,1,1,1,6,2,3,3,1
13,163,2119,176,4145899,7,43,-178273656,3125824,299,1135,973,1299,1,1,1,1,1,6,2,3,3,6
13,163,2119,176,4145899,11,111,-460194788,3125824,299,1135,973,1299,1,1,1,1,1,6,2,3,3,3
13,167,2171,180,4352511,-2,7,-30467576,3283344,792,1827,1661,1995,1,1,3,1,2,6,6,3,3,1
13,167,2171,180,4352511,-1,3,-13057532,3283344,792,1827,1661,1995,1,1,3,1,2,6,6,3,3,2
13,167,2171,180,4352511,0,1,-4352510,3283344,792,1827,1661,1995,1,1,3,1,2,6,6,3,3,6
13,167,2171,180,4352511,1,1,-4352510,3283344,792,1827,1661,1995,1,1,3,1,2,6,6,3,3,6
13,167,2171,180,4352511,2,3,-13057532,3283344,792,1827,1661,1995,1,1,3,1,2,6,6,3,3,2
13,167,2171,180,4352511,3,7,-30467576,3283344,792,1827,1661,1995,1,1,3,1,2,6,6,3,3,1
13,167,2171,180,4352511,5,21,-91402730,3283344,792,1827,1661,1995,1,1,3,1,2,6,6,3,3,1
13,167,2171,180,4352511,7,43,-187157972,3283344,792,1827,1661,1995,1,1,3,1,2,6,6,3,3,6
13,167,2171,180,4352511,11,111,-483128720,3283344,792,1827,1661,1995,1,1,3,1,2,6,6,3,3,3
13,173,2249,186,4671849,-2,7,-32702942,3526884,452,676,505,849,13,1,3,1,2,6,5,3,0,1
13,173,2249,186,4671849,-1,3,-14015546,3526884,452,676,505,849,13,1,3,1,2,6,5,3,0,1
13,173,2249,186,4671849,0,1,-4671848,3526884,452,676,505,849,13,1,3,1,2,6,5,3,0,1
13,173,2249,186,4671849,1,1,-4671848,3526884,452,676,505,849,13,1,3,1,2,6,5,3,0,1
13,173,2249,186,4671849,2,3,-14015546,3526884,452,676,505,849,13,1,3,1,2,6,5,3,0,1
13,173,2249,186,4671849,3,7,-32702942,3526884,452,676,505,849,13,1,3,1,2,6,5,3,0,1
13,173,2249,186,4671849,5,21,-98108828,3526884,452,676,505,849,13,1,3,1,2,6,5,3,0,1
13,173,2249,186,4671849,7,43,-200889506,3526884,452,676,505,849,13,1,3,1,2,6,5,3,0,1
13,173,2249,186,4671849,11,111,-518575238,3526884,452,676,505,849,13,1,3,1,2,6,5,3,0,1
13,179,2327,192,5002491,-2,7,-35017436,3779136,88,1768,1591,1947,13,1,3,1,2,6,4,3,6,1
13,179,2327,192,5002491,-1,3,-15007472,3779136,88,1768,1591,1947,13,1,3,1,2,6,4,3,6,3
13,179,2327,192,5002491,0,1,-5002490,3779136,88,1768,1591,1947,13,1,3,1,2,6,4,3,6,4
13,179,2327,192,5002491,1,1,-5002490,3779136,88,1768,1591,1947,13,1,3,1,2,6,4,3,6,4
13,179,2327,192,5002491,2,3,-15007472,3779136,88,1768,1591,1947,13,1,3,1,2,6,4,3,6,3
13,179,2327,192,5002491,3,7,-35017436,3779136,88,1768,1591,1947,13,1,3,1,2,6,4,3,6,1
13,179,2327,192,5002491,5,21,-105052310,3779136,88,1768,1591,1947,13,1,3,1,2,6,4,3,6,1
13,179,2327,192,5002491,7,43,-215107112,3779136,88,1768,1591,1947,13,1,3,1,2,6,4,3,6,4
13,179,2327,192,5002491,11,111,-555276500,3779136,88,1768,1591,1947,13,1,3,1,2,6,4,3,6,5
13,181,2353,194,5115217,-2,7,-35806518,3865156,1530,2148,1969,2329,1,1,1,1,1,6,6,3,3,1
13,181,2353,194,5115217,-1,3,-15345650,3865156,1530,2148,1969,2329,1,1,1,1,1,6,6,3,3,2
13,181,2353,194,5115217,0,1,-5115216,3865156,1530,2148,1969,2329,1,1,1,1,1,6,6,3,3,6
13,181,2353,194,5115217,1,1,-5115216,3865156,1530,2148,1969,2329,1,1,1,1,1,6,6,3,3,6
13,181,2353,194,5115217,2,3,-15345650,3865156,1530,2148,1969,2329,1,1,1,1,1,6,6,3,3,2
13,181,2353,194,5115217,3,7,-35806518,3865156,1530,2148,1969,2329,1,1,1,1,1,6,6,3,3,1
13,181,2353,194,5115217,5,21,-107419556,3865156,1530,2148,1969,2329,1,1,1,1,1,6,6,3,3,1
13,181,2353,194,5115217,7,43,-219954330,3865156,1530,2148,1969,2329,1,1,1,1,1,6,6,3,3,6
13,181,2353,194,5115217,11,111,-567789086,3865156,1530,2148,1969,2329,1,1,1,1,1,6,6,3,3,3
13,191,2483,204,5697687,-2,7,-39883808,4309776,1771,1685,1497,1875,1,1,3,1,2,6,2,3,3,1
13,191,2483,204,5697687,-1,3,-17093060,4309776,1771,1685,1497,1875,1,1,3,1,2,6,2,3,3,2
13,191,2483,204,5697687,0,1,-5697686,4309776,1771,1685,1497,1875,1,1,3,1,2,6,2,3,3,6
13,191,2483,204,5697687,1,1,-5697686,4309776,1771,1685,1497,1875,1,1,3,1,2,6,2,3,3,6
13,191,2483,204,5697687,2,3,-17093060,4309776,1771,1685,1497,1875,1,1,3,1,2,6,2,3,3,2
13,191,2483,204,5697687,3,7,-39883808,4309776,1771,1685,1497,1875,1,1,3,1,2,6,2,3,3,1
13,191,2483,204,5697687,5,21,-119651426,4309776,1771,1685,1497,1875,1,1,3,1,2,6,2,3,3,1
13,191,2483,204,5697687,7,43,-245000540,4309776,1771,1685,1497,1875,1,1,3,1,2,6,2,3,3,6
13,191,2483,204,5697687,11,111,-632443256,4309776,1771,1685,1497,1875,1,1,3,1,2,6,2,3,3,3
13,193,2509,206,5817949,-2,7,-40725642,4401604,818,2087,1897,2279,1,1,1,1,1,6,4,3,6,1
13,193,2509,206,5817949,-1,3,-17453846,4401604,818,2087,1897,2279,1,1,1,1,1,6,4,3,6,3
13,193,2509,206,5817949,0,1,-5817948,4401604,818,2087,1897,2279,1,1,1,1,1,6,4,3,6,4
13,193,2509,206,5817949,1,1,-5817948,4401604,818,2087,1897,2279,1,1,1,1,1,6,4,3,6,4
13,193,2509,206,5817949,2,3,-17453846,4401604,818,2087,1897,2279,1,1,1,1,1,6,4,3,6,3
13,193,2509,206,5817949,3,7,-40725642,4401604,818,2087,1897,2279,1,1,1,1,1,6,4,3,6,1
13,193,2509,206,5817949,5,21,-122176928,4401604,818,2087,1897,2279,1,1,1,1,1,6,4,3,6,1
13,193,2509,206,5817949,7,43,-250171806,4401604,818,2087,1897,2279,1,1,1,1,1,6,4,3,6,4
13,193,2509,206,5817949,11,111,-645792338,4401604,818,2087,1897,2279,1,1,1,1,1,6,4,3,6,5
13,197,2561,210,6062241,-2,7,-42435686,4588164,1413,354,161,549,1,1,183,1,2,6,1,3,1,1
13,197,2561,210,6062241,-1,3,-18186722,4588164,1413,354,161,549,1,1,183,1,2,6,1,3,1,6
13,197,2561,210,6062241,0,1,-6062240,4588164,1413,354,161,549,1,1,183,1,2,6,1,3,1,5
13,197,2561,210,6062241,1,1,-6062240,4588164,1413,354,161,549,1,1,183,1,2,6,1,3,1,5
13,197,2561,210,6062241,2,3,-18186722,4588164,1413,354,161,549,1,1,183,1,2,6,1,3,1,6
13,197,2561,210,6062241,3,7,-42435686,4588164,1413,354,161,549,1,1,183,1,2,6,1,3,1,1
13,197,2561,210,6062241,5,21,-127307060,4588164,1413,354,161,549,1,1,183,1,2,6,1,3,1,1
13,197,2561,210,6062241,7,43,-260676362,4588164,1413,354,161,549,1,1,183,1,2,6,1,3,1,5
13,197,2561,210,6062241,11,111,-672908750,4588164,1413,354,161,549,1,1,183,1,2,6,1,3,1,4
13,199,2587,212,6186271,-2,7,-43303896,4682896,426,754,559,951,13,1,1,1,1,6,3,3,0,1
13,199,2587,212,6186271,-1,3,-18558812,4682896,426,754,559,951,13,1,1,1,1,6,3,3,0,1
13,199,2587,212,6186271,0,1,-6186270,4682896,426,754,559,951,13,1,1,1,1,6,3,3,0,1
13,199,2587,212,6186271,1,1,-6186270,4682896,426,754,559,951,13,1,1,1,1,6,3,3,0,1
13,199,2587,212,6186271,2,3,-18558812,4682896,426,754,559,951,13,1,1,1,1,6,3,3,0,1
13,199,2587,212,6186271,3,7,-43303896,4682896,426,754,559,951,13,1,1,1,1,6,3,3,0,1
13,199,2587,212,6186271,5,21,-129911690,4682896,426,754,559,951,13,1,1,1,1,6,3,3,0,1
13,199,2587,212,6186271,7,43,-266009652,4682896,426,754,559,951,13,1,1,1,1,6,3,3,0,1
13,199,2587,212,6186271,11,111,-686676080,4682896,426,754,559,951,13,1,1,1,1,6,3,3,0,1
17,19,323,36,93639,-2,7,-655472,63504,196,292,259,3,1,7,3,2,1,3,5,0,0,1
17,19,323,36,93639,-1,3,-280916,63504,196,292,259,3,1,7,3,2,1,3,5,0,0,1
17,19,323,36,93639,0,1,-93638,63504,196,292,259,3,1,7,3,2,1,3,5,0,0,1
17,19,323,36,93639,1,1,-93638,63504,196,292,259,3,1,7,3,2,1,3,5,0,0,1
17,19,323,36,93639,2,3,-280916,63504,196,292,259,3,1,7,3,2,1,3,5,0,0,1
17,19,323,36,93639,3,7,-655472,63504,196,292,259,3,1,7,3,2,1,3,5,0,0,1
17,19,323,36,93639,5,21,-1966418,63504,196,292,259,3,1,7,3,2,1,3,5,0,0,1
17,19,323,36,93639,7,43,-4026476,63504,196,292,259,3,1,7,3,2,1,3,5,0,0,1
17,19,323,36,93639,11,111,-10393928,63504,196,292,259,3,1,7,3,2,1,3,5,0,0,1
17,23,391,40,138411,-2,7,-968876,97344,376,388,351,35,1,39,7,2,2,3,2,0,3,1
17,23,391,40,138411,-1,3,-415232,97344,376,388,351,35,1,39,7,2,2,3,2,0,3,1
17,23,391,40,138411,0,1,-138410,97344,376,388,351,35,1,39,7,2,2,3,2,0,3,1
17,23,391,40,138411,1,1,-138410,97344,376,388,351,35,1,39,7,2,2,3,2,0,3,1
17,23,391,40,138411,2,3,-415232,97344,376,388,351,35,1,39,7,2,2,3,2,0,3,1
17,23,391,40,138411,3,7,-968876,97344,376,388,351,35,1,39,7,2,2,3,2,0,3,1
17,23,391,40,138411,5,21,-2906630,97344,376,388,351,35,1,39,7,2,2,3,2,0,3,1
17,23,391,40,138411,7,43,-5951672,97344,376,388,351,35,1,39,7,2,2,3,2,0,3,1
17,23,391,40,138411,11,111,-15363620,97344,376,388,351,35,1,39,7,2,2,3,2,0,3,1
17,29,493,46,221949,-2,7,-1553642,161604,393,99,57,143,1,3,13,2,2,3,1,0,1,1
17,29,493,46,221949,-1,3,-665846,161604,393,99,57,143,1,3,13,2,2,3,1,0,1,1
17,29,493,46,221949,0,1,-221948,161604,393,99,57,143,1,3,13,2,2,3,1,0,1,1
17,29,493,46,221949,1,1,-221948,161604,393,99,57,143,1,3,13,2,2,3,1,0,1,1
17,29,493,46,221949,2,3,-665846,161604,393,99,57,143,1,3,13,2,2,3,1,0,1,1
17,29,493,46,221949,3,7,-1553642,161604,393,99,57,143,1,3,13,2,2,3,1,0,1,1
17,29,493,46,221949,5,21,-4660928,161604,393,99,57,143,1,3,13,2,2,3,1,0,1,1
17,29,493,46,221949,7,43,-9543806,161604,393,99,57,143,1,3,13,2,2,3,1,0,1,1
17,29,493,46,221949,11,111,-24636338,161604,393,99,57,143,1,3,13,2,2,3,1,0,1,1
17,31,527,48,254163,-2,7,-1779140,186624,66,149,105,195,1,1,3,2,1,3,3,0,0,1
17,31,527,48,254163,-1,3,-762488,186624,66,149,105,195,1,1,3,2,1,3,3,0,0,1
17,31,527,48,254163,0,1,-254162,186624,66,149,105,195,1,1,3,2,1,3,3,0,0,1
17,31,527,48,254163,1,1,-254162,186624,66,149,105,195,1,1,3,2,1,3,3,0,0,1
17,31,527,48,254163,2,3,-762488,186624,66,149,105,195,1,1,3,2,1,3,3,0,0,1
17,31,527,48,254163,3,7,-1779140,186624,66,149,105,195,1,1,3,2,1,3,3,0,0,1
17,31,527,48,254163,5,21,-5337422,186624,66,149,105,195,1,1,3,2,1,3,3,0,0,1
17,31,527,48,254163,7,43,-10929008,186624,66,149,105,195,1,1,3,2,1,3,3,0,0,1
17,31,527,48,254163,11,111,-28212092,186624,66,149,105,195,1,1,3,2,1,3,3,0,0,1
17,37,629,54,363909,-2,7,-2547362,272484,127,347,297,399,1,1,21,2,1,3,2,0,3,1
17,37,629,54,363909,-1,3,-1091726,272484,127,347,297,399,1,1,21,2,1,3,2,0,3,1
17,37,629,54,363909,0,1,-363908,272484,127,347,297,399,1,1,21,2,1,3,2,0,3,1
17,37,629,54,363909,1,1,-363908,272484,127,347,297,399,1,1,21,2,1,3,2,0,3,1
17,37,629,54,363909,2,3,-1091726,272484,127,347,297,399,1,1,21,2,1,3,2,0,3,1
17,37,629,54,363909,3,7,-2547362,272484,127,347,297,399,1,1,21,2,1,3,2,0,3,1
17,37,629,54,363909,5,21,-7642088,272484,127,347,297,399,1,1,21,2,1,3,2,0,3,1
17,37,629,54,363909,7,43,-15648086,272484,127,347,297,399,1,1,21,2,1,3,2,0,3,1
17,37,629,54,363909,11,111,-40393898,272484,127,347,297,399,1,1,21,2,1,3,2,0,3,1
17,41,697,58,447993,-2,7,-3135950,338724,679,519,465,575,1,3,1,2,2,3,6,0,3,1
17,41,697,58,447993,-1,3,-1343978,338724,679,519,465,575,1,3,1,2,2,3,6,0,3,1
17,41,697,58,447993,0,1,-447992,338724,679,519,465,575,1,3,1,2,2,3,6,0,3,1
17,41,697,58,447993,1,1,-447992,338724,679,519,465,575,1,3,1,2,2,3,6,0,3,1
17,41,697,58,447993,2,3,-1343978,338724,679,519,465,575,1,3,1,2,2,3,6,0,3,1
17,41,697,58,447993,3,7,-3135950,338724,679,519,465,575,1,3,1,2,2,3,6,0,3,1
17,41,697,58,447993,5,21,-9407852,338724,679,519,465,575,1,3,1,2,2,3,6,0,3,1
17,41,697,58,447993,7,43,-19263698,338724,679,519,465,575,1,3,1,2,2,3,6,0,3,1
17,41,697,58,447993,11,111,-49727222,338724,679,519,465,575,1,3,1,2,2,3,6,0,3,1
17,43,731,60,493311,-2,7,-3453176,374544,272,617,561,675,1,1,3,2,1,3,1,0,1,1
17,43,731,60,493311,-1,3,-1479932,374544,272,617,561,675,1,1,3,2,1,3,1,0,1,1
17,43,731,60,493311,0,1,-493310,374544,272,617,561,675,1,1,3,2,1,3,1,0,1,1
17,43,731,60,493311,1,1,-493310,374544,272,617,561,675,1,1,3,2,1,3,1,0,1,1
17,43,731,60,493311,2,3,-1479932,374544,272,617,561,675,1,1,3,2,1,3,1,0,1,1
17,43,731,60,493311,3,7,-3453176,374544,272,617,561,675,1,1,3,2,1,3,1,0,1,1
17,43,731,60,493311,5,21,-10359530,374544,272,617,561,675,1,1,3,2,1,3,1,0,1,1
17,43,731,60,493311,7,43,-21212372,374544,272,617,561,675,1,1,3,2,1,3,1,0,1,1
17,43,731,60,493311,11,111,-54757520,374544,272,617,561,675,1,1,3,2,1,3,1,0,1,1
17,47,799,64,590499,-2,7,-4133492,451584,149,38,777,99,1,21,1,2,2,3,5,0,0,1
17,47,799,64,590499,-1,3,-1771496,451584,149,38,777,99,1,21,1,2,2,3,5,0,0,1
17,47,799,64,590499,0,1,-590498,451584,149,38,777,99,1,21,1,2,2,3,5,0,0,1
17,47,799,64,590499,1,1,-590498,451584,149,38,777,99,1,21,1,2,2,3,5,0,0,1
17,47,799,64,590499,2,3,-1771496,451584,149,38,777,99,1,21,1,2,2,3,5,0,0,1
17,47,799,64,590499,3,7,-4133492,451584,149,38,777,99,1,21,1,2,2,3,5,0,0,1
17,47,799,64,590499,5,21,-12400478,451584,149,38,777,99,1,21,1,2,2,3,5,0,0,1
17,47,799,64,590499,7,43,-25391456,451584,149,38,777,99,1,21,1,2,2,3,5,0,0,1
17,47,799,64,590499,11,111,-65545388,451584,149,38,777,99,1,21,1,2,2,3,5,0,0,1
17,53,901,70,752661,-2,7,-5268626,580644,400,326,261,393,1,9,1,2,2,3,4,0,6,1
17,53,901,70,752661,-1,3,-2257982,580644,400,326,261,393,1,9,1,2,2,3,4,0,6,1
17,53,901,70,752661,0,1,-752660,580644,400,326,261,393,1,9,1,2,2,3,4,0,6,1
17,53,901,70,752661,1,1,-752660,580644,400,326,261,393,1,9,1,2,2,3,4,0,6,1
17,53,901,70,752661,2,3,-2257982,580644,400,326,261,393,1,9,1,2,2,3,4,0,6,1
17,53,901,70,752661,3,7,-5268626,580644,400,326,261,393,1,9,1,2,2,3,4,0,6,1
17,53,901,70,752661,5,21,-15805880,580644,400,326,261,393,1,9,1,2,2,3,4,0,6,1
17,53,901,70,752661,7,43,-32364422,580644,400,326,261,393,1,9,1,2,2,3,4,0,6,1
17,53,901,70,752661,11,111,-83545370,580644,400,326,261,393,1,9,1,2,2,3,4,0,6,1
17,59,1003,76,934479,-2,7,-6541352,725904,735,686,615,759,1,3,1,2,2,3,3,0,0,1
17,59,1003,76,934479,-1,3,-2803436,725904,735,686,615,759,1,3,1,2,2,3,3,0,0,1
17,59,1003,76,934479,0,1,-934478,725904,735,686,615,759,1,3,1,2,2,3,3,0,0,1
17,59,1003,76,934479,1,1,-934478,725904,735,686,615,759,1,3,1,2,2,3,3,0,0,1
17,59,1003,76,934479,2,3,-2803436,725904,735,686,615,759,1,3,1,2,2,3,3,0,0,1
17,59,1003,76,934479,3,7,-6541352,725904,735,686,615,759,1,3,1,2,2,3,3,0,0,1
17,59,1003,76,934479,5,21,-19624058,725904,735,686,615,759,1,3,1,2,2,3,3,0,0,1
17,59,1003,76,934479,7,43,-40182596,725904,735,686,615,759,1,3,1,2,2,3,3,0,0,1
17,59,1003,76,934479,11,111,-103727168,725904,735,686,615,759,1,3,1,2,2,3,3,0,0,1
17,61,1037,78,999453,-2,7,-6996170,777924,174,822,749,897,1,7,3,2,1,3,5,0,0,1
17,61,1037,78,999453,-1,3,-2998358,777924,174,822,749,897,1,7,3,2,1,3,5,0,0,1
17,61,1037,78,999453,0,1,-999452,777924,174,822,749,897,1,7,3,2,1,3,5,0,0,1
17,61,1037,78,999453,1,1,-999452,777924,174,822,749,897,1,7,3,2,1,3,5,0,0,1
17,61,1037,78,999453,2,3,-2998358,777924,174,822,749,897,1,7,3,2,1,3,5,0,0,1
17,61,1037,78,999453,3,7,-6996170,777924,174,822,749,897,1,7,3,2,1,3,5,0,0,1
17,61,1037,78,999453,5,21,-20988512,777924,174,822,749,897,1,7,3,2,1,3,5,0,0,1
17,61,1037,78,999453,7,43,-42976478,777924,174,822,749,897,1,7,3,2,1,3,5,0,0,1
17,61,1037,78,999453,11,111,-110939282,777924,174,822,749,897,1,7,3,2,1,3,5,0,0,1
17,67,1139,84,1207479,-2,7,-8452352,944784,553,139,61,219,1,1,3,2,1,3,4,0,6,1
17,67,1139,84,1207479,-1,3,-3622436,944784,553,139,61,219,1,1,3,2,1,3,4,0,6,1
17,67,1139,84,1207479,0,1,-1207478,944784,553,139,61,219,1,1,3,2,1,3,4,0,6,1
17,67,1139,84,1207479,1,1,-1207478,944784,553,139,61,219,1,1,3,2,1,3,4,0,6,1
17,67,1139,84,1207479,2,3,-3622436,944784,553,139,61,219,1,1,3,2,1,3,4,0,6,1
17,67,1139,84,1207479,3,7,-8452352,944784,553,139,61,219,1,1,3,2,1,3,4,0,6,1
17,67,1139,84,1207479,5,21,-25357058,944784,553,139,61,219,1,1,3,2,1,3,4,0,6,1
17,67,1139,84,1207479,7,43,-51921596,944784,553,139,61,219,1,1,3,2,1,3,4,0,6,1
17,67,1139,84,1207479,11,111,-134030168,944784,553,139,61,219,1,1,3,2,1,3,4,0,6,1
17,71,1207,88,1357083,-2,7,-9499580,1065024,450,415,333,499,1,9,1,2,2,3,1,0,1,1
17,71,1207,88,1357083,-1,3,-4071248,1065024,450,415,333,499,1,9,1,2,2,3,1,0,1,1
17,71,1207,88,1357083,0,1,-1357082,1065024,450,415,333,499,1,9,1,2,2,3,1,0,1,1
17,71,1207,88,1357083,1,1,-1357082,1065024,450,415,333,499,1,9,1,2,2,3,1,0,1,1
17,71,1207,88,1357083,2,3,-4071248,1065024,450,415,333,499,1,9,1,2,2,3,1,0,1,1
17,71,1207,88,1357083,3,7,-9499580,1065024,450,415,333,499,1,9,1,2,2,3,1,0,1,1
17,71,1207,88,1357083,5,21,-28498742,1065024,450,415,333,499,1,9,1,2,2,3,1,0,1,1
17,71,1207,88,1357083,7,43,-58354568,1065024,450,415,333,499,1,9,1,2,2,3,1,0,1,1
17,71,1207,88,1357083,11,111,-150636212,1065024,450,415,333,499,1,9,1,2,2,3,1,0,1,1
17,73,1241,90,1435161,-2,7,-10046126,1127844,1016,565,481,651,1,1,3,2,1,3,3,0,0,1
17,73,1241,90,1435161,-1,3,-4305482,1127844,1016,565,481,651,1,1,3,2,1,3,3,0,0,1
17,73,1241,90,1435161,0,1,-1435160,1127844,1016,565,481,651,1,1,3,2,1,3,3,0,0,1
17,73,1241,90,1435161,1,1,-1435160,1127844,1016,565,481,651,1,1,3,2,1,3,3,0,0,1
17,73,1241,90,1435161,2,3,-4305482,1127844,1016,565,481,651,1,1,3,2,1,3,3,0,0,1
17,73,1241,90,1435161,3,7,-10046126,1127844,1016,565,481,651,1,1,3,2,1,3,3,0,0,1
17,73,1241,90,1435161,5,21,-30138380,1127844,1016,565,481,651,1,1,3,2,1,3,3,0,0,1
17,73,1241,90,1435161,7,43,-61711922,1127844,1016,565,481,651,1,1,3,2,1,3,3,0,0,1
17,73,1241,90,1435161,11,111,-159302870,1127844,1016,565,481,651,1,1,3,2,1,3,3,0,0,1
17,79,1343,96,1682499,-2,7,-11777492,1327104,220,1063,973,1155,1,1,21,2,1,3,2,0,3,1
17,79,1343,96,1682499,-1,3,-5047496,1327104,220,1063,973,1155,1,1,21,2,1,3,2,0,3,1
17,79,1343,96,1682499,0,1,-1682498,1327104,220,1063,973,1155,1,1,21,2,1,3,2,0,3,1
17,79,1343,96,1682499,1,1,-1682498,1327104,220,1063,973,1155,1,1,21,2,1,3,2,0,3,1
17,79,1343,96,1682499,2,3,-5047496,1327104,220,1063,973,1155,1,1,21,2,1,3,2,0,3,1
17,79,1343,96,1682499,3,7,-11777492,1327104,220,1063,973,1155,1,1,21,2,1,3,2,0,3,1
17,79,1343,96,1682499,5,21,-35332478,1327104,220,1063,973,1155,1,1,21,2,1,3,2,0,3,1
17,79,1343,96,1682499,7,43,-72347456,1327104,220,1063,973,1155,1,1,21,2,1,3,2,0,3,1
17,79,1343,96,1682499,11,111,-186757388,1327104,220,1063,973,1155,1,1,21,2,1,3,2,0,3,1
17,83,1411,100,1858311,-2,7,-13008176,1468944,93,24,1341,119,1,3,1,2,2,3,6,0,3,1
17,83,1411,100,1858311,-1,3,-5574932,1468944,93,24,1341,119,1,3,1,2,2,3,6,0,3,1
17,83,1411,100,1858311,0,1,-1858310,1468944,93,24,1341,119,1,3,1,2,2,3,6,0,3,1
17,83,1411,100,1858311,1,1,-1858310,1468944,93,24,1341,119,1,3,1,2,2,3,6,0,3,1
17,83,1411,100,1858311,2,3,-5574932,1468944,93,24,1341,119,1,3,1,2,2,3,6,0,3,1
17,83,1411,100,1858311,3,7,-13008176,1468944,93,24,1341,119,1,3,1,2,2,3,6,0,3,1
17,83,1411,100,1858311,5,21,-39024530,1468944,93,24,1341,119,1,3,1,2,2,3,6,0,3,1
17,83,1411,100,1858311,7,43,-79907372,1468944,93,24,1341,119,1,3,1,2,2,3,6,0,3,1
17,83,1411,100,1858311,11,111,-206272520,1468944,93,24,1341,119,1,3,1,2,2,3,6,0,3,1
17,89,1513,106,2138409,-2,7,-14968862,1695204,644,540,441,641,1,63,1,2,2,3,5,0,0,1
17,89,1513,106,2138409,-1,3,-6415226,1695204,644,540,441,641,1,63,1,2,2,3,5,0,0,1
17,89,1513,106,2138409,0,1,-2138408,1695204,644,540,441,641,1,63,1,2,2,3,5,0,0,1
17,89,1513,106,2138409,1,1,-2138408,1695204,644,540,441,641,1,63,1,2,2,3,5,0,0,1
17,89,1513,106,2138409,2,3,-6415226,1695204,644,540,441,641,1,63,1,2,2,3,5,0,0,1
17,89,1513,106,2138409,3,7,-14968862,1695204,644,540,441,641,1,63,1,2,2,3,5,0,0,1
17,89,1513,106,2138409,5,21,-44906588,1695204,644,540,441,641,1,63,1,2,2,3,5,0,0,1
17,89,1513,106,2138409,7,43,-91951586,1695204,644,540,441,641,1,63,1,2,2,3,5,0,0,1
17,89,1513,106,2138409,11,111,-237363398,1695204,644,540,441,641,1,63,1,2,2,3,5,0,0,1
17,97,1649,114,2542449,-2,7,-17797142,2022084,410,1340,1233,1449,1,1,3,2,1,3,6,0,3,1
17,97,1649,114,2542449,-1,3,-7627346,2022084,410,1340,1233,1449,1,1,3,2,1,3,6,0,3,1
17,97,1649,114,2542449,0,1,-2542448,2022084,410,1340,1233,1449,1,1,3,2,1,3,6,0,3,1
17,97,1649,114,2542449,1,1,-2542448,2022084,410,1340,1233,1449,1,1,3,2,1,3,6,0,3,1
17,97,1649,114,2542449,2,3,-7627346,2022084,410,1340,1233,1449,1,1,3,2,1,3,6,0,3,1
17,97,1649,114,2542449,3,7,-17797142,2022084,410,1340,1233,1449,1,1,3,2,1,3,6,0,3,1
17,97,1649,114,2542449,5,21,-53391428,2022084,410,1340,1233,1449,1,1,3,2,1,3,6,0,3,1
17,97,1649,114,2542449,7,43,-109325306,2022084,410,1340,1233,1449,1,1,3,2,1,3,6,0,3,1
17,97,1649,114,2542449,11,111,-282211838,2022084,410,1340,1233,1449,1,1,3,2,1,3,6,0,3,1
17,101,1717,118,2757573,-2,7,-19303010,2196324,281,71,1677,183,1,39,1,2,2,3,3,0,0,1
17,101,1717,118,2757573,-1,3,-8272718,2196324,281,71,1677,183,1,39,1,2,2,3,3,0,0,1
17,101,1717,118,2757573,0,1,-2757572,2196324,281,71,1677,183,1,39,1,2,2,3,3,0,0,1
17,101,1717,118,2757573,1,1,-2757572,2196324,281,71,1677,183,1,39,1,2,2,3,3,0,0,1
17,101,1717,118,2757573,2,3,-8272718,2196324,281,71,1677,183,1,39,1,2,2,3,3,0,0,1
17,101,1717,118,2757573,3,7,-19303010,2196324,281,71,1677,183,1,39,1,2,2,3,3,0,0,1
17,101,1717,118,2757573,5,21,-57909032,2196324,281,71,1677,183,1,39,1,2,2,3,3,0,0,1
17,101,1717,118,2757573,7,43,-118575638,2196324,281,71,1677,183,1,39,1,2,2,3,3,0,0,1
17,101,1717,118,2757573,11,111,-306090602,2196324,281,71,1677,183,1,39,1,2,2,3,3,0,0,1
17,103,1751,120,2868411,-2,7,-20078876,2286144,1089,273,161,387,1,7,3,2,1,3,5,0,0,1
17,103,1751,120,2868411,-1,3,-8605232,2286144,1089,273,161,387,1,7,3,2,1,3,5,0,0,1
17,103,1751,120,2868411,0,1,-2868410,2286144,1089,273,161,387,1,7,3,2,1,3,5,0,0,1
17,103,1751,120,2868411,1,1,-2868410,2286144,1089,273,161,387,1,7,3,2,1,3,5,0,0,1
17,103,1751,120,2868411,2,3,-8605232,2286144,1089,273,161,387,1,7,3,2,1,3,5,0,0,1
17,103,1751,120,2868411,3,7,-20078876,2286144,1089,273,161,387,1,7,3,2,1,3,5,0,0,1
17,103,1751,120,2868411,5,21,-60236630,2286144,1089,273,161,387,1,7,3,2,1,3,5,0,0,1
17,103,1751,120,2868411,7,43,-123341672,2286144,1089,273,161,387,1,7,3,2,1,3,5,0,0,1
17,103,1751,120,2868411,11,111,-318393620,2286144,1089,273,161,387,1,7,3,2,1,3,5,0,0,1
17,107,1819,124,3096639,-2,7,-21676472,2471184,982,701,585,819,1,9,91,2,2,3,2,0,3,1
17,107,1819,124,3096639,-1,3,-9289916,2471184,982,701,585,819,1,9,91,2,2,3,2,0,3,1
17,107,1819,124,3096639,0,1,-3096638,2471184,982,701,585,819,1,9,91,2,2,3,2,0,3,1
17,107,1819,124,3096639,1,1,-3096638,2471184,982,701,585,819,1,9,91,2,2,3,2,0,3,1
17,107,1819,124,3096639,2,3,-9289916,2471184,982,701,585,819,1,9,91,2,2,3,2,0,3,1
17,107,1819,124,3096639,3,7,-21676472,2471184,982,701,585,819,1,9,91,2,2,3,2,0,3,1
17,107,1819,124,3096639,5,21,-65029418,2471184,982,701,585,819,1,9,91,2,2,3,2,0,3,1
17,107,1819,124,3096639,7,43,-133155476,2471184,982,701,585,819,1,9,91,2,2,3,2,0,3,1
17,107,1819,124,3096639,11,111,-343726928,2471184,982,701,585,819,1,9,91,2,2,3,2,0,3,1
17,109,1853,126,3214029,-2,7,-22498202,2566404,1852,927,809,1047,1,1,3,2,1,3,4,0,6,1
17,109,1853,126,3214029,-1,3,-9642086,2566404,1852,927,809,1047,1,1,3,2,1,3,4,0,6,1
17,109,1853,126,3214029,0,1,-3214028,2566404,1852,927,809,1047,1,1,3,2,1,3,4,0,6,1
17,109,1853,126,3214029,1,1,-3214028,2566404,1852,927,809,1047,1,1,3,2,1,3,4,0,6,1
17,109,1853,126,3214029,2,3,-9642086,2566404,1852,927,809,1047,1,1,3,2,1,3,4,0,6,1
17,109,1853,126,3214029,3,7,-22498202,2566404,1852,927,809,1047,1,1,3,2,1,3,4,0,6,1
17,109,1853,126,3214029,5,21,-67494608,2566404,1852,927,809,1047,1,1,3,2,1,3,4,0,6,1
17,109,1853,126,3214029,7,43,-138203246,2566404,1852,927,809,1047,1,1,3,2,1,3,4,0,6,1
17,109,1853,126,3214029,11,111,-356757218,2566404,1852,927,809,1047,1,1,3,2,1,3,4,0,6,1
17,113,1921,130,3455361,-2,7,-24187526,2762244,1767,1403,1281,1527,1,3,1,2,2,3,1,0,1,1
17,113,1921,130,3455361,-1,3,-10366082,2762244,1767,1403,1281,1527,1,3,1,2,2,3,1,0,1,1
17,113,1921,130,3455361,0,1,-3455360,2762244,1767,1403,1281,1527,1,3,1,2,2,3,1,0,1,1
17,113,1921,130,3455361,1,1,-3455360,2762244,1767,1403,1281,1527,1,3,1,2,2,3,1,0,1,1
17,113,1921,130,3455361,2,3,-10366082,2762244,1767,1403,1281,1527,1,3,1,2,2,3,1,0,1,1
17,113,1921,130,3455361,3,7,-24187526,2762244,1767,1403,1281,1527,1,3,1,2,2,3,1,0,1,1
17,113,1921,130,3455361,5,21,-72562580,2762244,1767,1403,1281,1527,1,3,1,2,2,3,1,0,1,1
17,113,1921,130,3455361,7,43,-148580522,2762244,1767,1403,1281,1527,1,3,1,2,2,3,1,0,1,1
17,113,1921,130,3455361,11,111,-383545070,2762244,1767,1403,1281,1527,1,3,1,2,2,3,1,0,1,1
17,127,2159,144,4368819,-2,7,-30581732,3504384,327,1162,1027,1299,1,13,3,2,1,3,1,0,1,1
17,127,2159,144,4368819,-1,3,-13106456,3504384,327,1162,1027,1299,1,13,3,2,1,3,1,0,1,1
17,127,2159,144,4368819,0,1,-4368818,3504384,327,1162,1027,1299,1,13,3,2,1,3,1,0,1,1
17,127,2159,144,4368819,1,1,-4368818,3504384,327,1162,1027,1299,1,13,3,2,1,3,1,0,1,1
17,127,2159,144,4368819,2,3,-13106456,3504384,327,1162,1027,1299,1,13,3,2,1,3,1,0,1,1
17,127,2159,144,4368819,3,7,-30581732,3504384,327,1162,1027,1299,1,13,3,2,1,3,1,0,1,1
17,127,2159,144,4368819,5,21,-91745198,3504384,327,1162,1027,1299,1,13,3,2,1,3,1,0,1,1
17,127,2159,144,4368819,7,43,-187859216,3504384,327,1162,1027,1299,1,13,3,2,1,3,1,0,1,1
17,127,2159,144,4368819,11,111,-484938908,3504384,327,1162,1027,1299,1,13,3,2,1,3,1,0,1,1
17,131,2227,148,4649463,-2,7,-32546240,3732624,172,1714,1575,1855,1,21,1,2,2,3,5,0,0,1
17,131,2227,148,4649463,-1,3,-13948388,3732624,172,1714,1575,1855,1,21,1,2,2,3,5,0,0,1
17,131,2227,148,4649463,0,1,-4649462,3732624,172,1714,1575,1855,1,21,1,2,2,3,5,0,0,1
17,131,2227,148,4649463,1,1,-4649462,3732624,172,1714,1575,1855,1,21,1,2,2,3,5,0,0,1
17,131,2227,148,4649463,2,3,-13948388,3732624,172,1714,1575,1855,1,21,1,2,2,3,5,0,0,1
17,131,2227,148,4649463,3,7,-32546240,3732624,172,1714,1575,1855,1,21,1,2,2,3,5,0,0,1
17,131,2227,148,4649463,5,21,-97638722,3732624,172,1714,1575,1855,1,21,1,2,2,3,5,0,0,1
17,131,2227,148,4649463,7,43,-199926908,3732624,172,1714,1575,1855,1,21,1,2,2,3,5,0,0,1
17,131,2227,148,4649463,11,111,-516090392,3732624,172,1714,1575,1855,1,21,1,2,2,3,5,0,0,1
17,137,2329,154,5086809,-2,7,-35607662,4088484,1089,273,129,419,1,3,1,2,2,3,4,0,6,1
17,137,2329,154,5086809,-1,3,-15260426,4088484,1089,273,129,419,1,3,1,2,2,3,4,0,6,1
17,137,2329,154,5086809,0,1,-5086808,4088484,1089,273,129,419,1,3,1,2,2,3,4,0,6,1
17,137,2329,154,5086809,1,1,-5086808,4088484,1089,273,129,419,1,3,1,2,2,3,4,0,6,1
17,137,2329,154,5086809,2,3,-15260426,4088484,1089,273,129,419,1,3,1,2,2,3,4,0,6,1
17,137,2329,154,5086809,3,7,-35607662,4088484,1089,273,129,419,1,3,1,2,2,3,4,0,6,1
17,137,2329,154,5086809,5,21,-106822988,4088484,1089,273,129,419,1,3,1,2,2,3,4,0,6,1
17,137,2329,154,5086809,7,43,-218732786,4088484,1089,273,129,419,1,3,1,2,2,3,4,0,6,1
17,137,2329,154,5086809,11,111,-564635798,4088484,1089,273,129,419,1,3,1,2,2,3,4,0,6,1
17,139,2363,156,5236959,-2,7,-36658712,4210704,2201,551,405,699,1,1,3,2,1,3,6,0,3,1
17,139,2363,156,5236959,-1,3,-15710876,4210704,2201,551,405,699,1,1,3,2,1,3,6,0,3,1
17,139,2363,156,5236959,0,1,-5236958,4210704,2201,551,405,699,1,1,3,2,1,3,6,0,3,1
17,139,2363,156,5236959,1,1,-5236958,4210704,2201,551,405,699,1,1,3,2,1,3,6,0,3,1
17,139,2363,156,5236959,2,3,-15710876,4210704,2201,551,405,699,1,1,3,2,1,3,6,0,3,1
17,139,2363,156,5236959,3,7,-36658712,4210704,2201,551,405,699,1,1,3,2,1,3,6,0,3,1
17,139,2363,156,5236959,5,21,-109976138,4210704,2201,551,405,699,1,1,3,2,1,3,6,0,3,1
17,139,2363,156,5236959,7,43,-225189236,4210704,2201,551,405,699,1,1,3,2,1,3,6,0,3,1
17,139,2363,156,5236959,11,111,-581302448,4210704,2201,551,405,699,1,1,3,2,1,3,6,0,3,1
17,149,2533,166,6020469,-2,7,-42143282,4848804,642,2061,1905,2219,1,3,7,2,2,3,2,0,3,1
17,149,2533,166,6020469,-1,3,-18061406,4848804,642,2061,1905,2219,1,3,7,2,2,3,2,0,3,1
17,149,2533,166,6020469,0,1,-6020468,4848804,642,2061,1905,2219,1,3,7,2,2,3,2,0,3,1
17,149,2533,166,6020469,1,1,-6020468,4848804,642,2061,1905,2219,1,3,7,2,2,3,2,0,3,1
17,149,2533,166,6020469,2,3,-18061406,4848804,642,2061,1905,2219,1,3,7,2,2,3,2,0,3,1
17,149,2533,166,6020469,3,7,-42143282,4848804,642,2061,1905,2219,1,3,7,2,2,3,2,0,3,1
17,149,2533,166,6020469,5,21,-126429848,4848804,642,2061,1905,2219,1,3,7,2,2,3,2,0,3,1
17,149,2533,166,6020469,7,43,-258880166,4848804,642,2061,1905,2219,1,3,7,2,2,3,2,0,3,1
17,149,2533,166,6020469,11,111,-668272058,4848804,642,2061,1905,2219,1,3,7,2,2,3,2,0,3,1
17,151,2567,168,6183723,-2,7,-43286060,4981824,1844,2387,2229,2547,1,1,3,2,1,3,4,0,6,1
17,151,2567,168,6183723,-1,3,-18551168,4981824,1844,2387,2229,2547,1,1,3,2,1,3,4,0,6,1
17,151,2567,168,6183723,0,1,-6183722,4981824,1844,2387,2229,2547,1,1,3,2,1,3,4,0,6,1
17,151,2567,168,6183723,1,1,-6183722,4981824,1844,2387,2229,2547,1,1,3,2,1,3,4,0,6,1
17,151,2567,168,6183723,2,3,-18551168,4981824,1844,2387,2229,2547,1,1,3,2,1,3,4,0,6,1
17,151,2567,168,6183723,3,7,-43286060,4981824,1844,2387,2229,2547,1,1,3,2,1,3,4,0,6,1
17,151,2567,168,6183723,5,21,-129858182,4981824,1844,2387,2229,2547,1,1,3,2,1,3,4,0,6,1
17,151,2567,168,6183723,7,43,-265900088,4981824,1844,2387,2229,2547,1,1,3,2,1,3,4,0,6,1
17,151,2567,168,6183723,11,111,-686393252,4981824,1844,2387,2229,2547,1,1,3,2,1,3,4,0,6,1
17,157,2669,174,6686589,-2,7,-46806122,5391684,304,744,581,909,1,1,3,2,1,3,3,0,0,1
17,157,2669,174,6686589,-1,3,-20059766,5391684,304,744,581,909,1,1,3,2,1,3,3,0,0,1
17,157,2669,174,6686589,0,1,-6686588,5391684,304,744,581,909,1,1,3,2,1,3,3,0,0,1
17,157,2669,174,6686589,1,1,-6686588,5391684,304,744,581,909,1,1,3,2,1,3,3,0,0,1
17,157,2669,174,6686589,2,3,-20059766,5391684,304,744,581,909,1,1,3,2,1,3,3,0,0,1
17,157,2669,174,6686589,3,7,-46806122,5391684,304,744,581,909,1,1,3,2,1,3,3,0,0,1
17,157,2669,174,6686589,5,21,-140418368,5391684,304,744,581,909,1,1,3,2,1,3,3,0,0,1
17,157,2669,174,6686589,7,43,-287523326,5391684,304,744,581,909,1,1,3,2,1,3,3,0,0,1
17,157,2669,174,6686589,11,111,-742211378,5391684,304,744,581,909,1,1,3,2,1,3,3,0,0,1
17,163,2771,180,7209111,-2,7,-50463776,5817744,1415,1740,1571,1911,1,1,21,2,1,3,2,0,3,1
17,163,2771,180,7209111,-1,3,-21627332,5817744,1415,1740,1571,1911,1,1,21,2,1,3,2,0,3,1
17,163,2771,180,7209111,0,1,-7209110,5817744,1415,1740,1571,1911,1,1,21,2,1,3,2,0,3,1
17,163,2771,180,7209111,1,1,-7209110,5817744,1415,1740,1571,1911,1,1,21,2,1,3,2,0,3,1
17,163,2771,180,7209111,2,3,-21627332,5817744,1415,1740,1571,1911,1,1,21,2,1,3,2,0,3,1
17,163,2771,180,7209111,3,7,-50463776,5817744,1415,1740,1571,1911,1,1,21,2,1,3,2,0,3,1
17,163,2771,180,7209111,5,21,-151391330,5817744,1415,1740,1571,1911,1,1,21,2,1,3,2,0,3,1
17,163,2771,180,7209111,7,43,-309991772,5817744,1415,1740,1571,1911,1,1,21,2,1,3,2,0,3,1
17,163,2771,180,7209111,11,111,-800211320,5817744,1415,1740,1571,1911,1,1,21,2,1,3,2,0,3,1
17,167,2839,184,7568379,-2,7,-52978652,6110784,1256,2444,2271,2619,1,3,1,2,2,3,6,0,3,1
17,167,2839,184,7568379,-1,3,-22705136,6110784,1256,2444,2271,2619,1,3,1,2,2,3,6,0,3,1
17,167,2839,184,7568379,0,1,-7568378,6110784,1256,2444,2271,2619,1,3,1,2,2,3,6,0,3,1
17,167,2839,184,7568379,1,1,-7568378,6110784,1256,2444,2271,2619,1,3,1,2,2,3,6,0,3,1
17,167,2839,184,7568379,2,3,-22705136,6110784,1256,2444,2271,2619,1,3,1,2,2,3,6,0,3,1
17,167,2839,184,7568379,3,7,-52978652,6110784,1256,2444,2271,2619,1,3,1,2,2,3,6,0,3,1
17,167,2839,184,7568379,5,21,-158935958,6110784,1256,2444,2271,2619,1,3,1,2,2,3,6,0,3,1
17,167,2839,184,7568379,7,43,-325440296,6110784,1256,2444,2271,2619,1,3,1,2,2,3,6,0,3,1
17,167,2839,184,7568379,11,111,-840090068,6110784,1256,2444,2271,2619,1,3,1,2,2,3,6,0,3,1
17,173,2941,190,8123661,-2,7,-56865626,6563844,2473,619,441,799,1,147,1,2,2,3,5,0,0,1
17,173,2941,190,8123661,-1,3,-24370982,6563844,2473,619,441,799,1,147,1,2,2,3,5,0,0,1
17,173,2941,190,8123661,0,1,-8123660,6563844,2473,619,441,799,1,147,1,2,2,3,5,0,0,1
17,173,2941,190,8123661,1,1,-8123660,6563844,2473,619,441,799,1,147,1,2,2,3,5,0,0,1
17,173,2941,190,8123661,2,3,-24370982,6563844,2473,619,441,799,1,147,1,2,2,3,5,0,0,1
17,173,2941,190,8123661,3,7,-56865626,6563844,2473,619,441,799,1,147,1,2,2,3,5,0,0,1
17,173,2941,190,8123661,5,21,-170596880,6563844,2473,619,441,799,1,147,1,2,2,3,5,0,0,1
17,173,2941,190,8123661,7,43,-349317422,6563844,2473,619,441,799,1,147,1,2,2,3,5,0,0,1
17,173,2941,190,8123661,11,111,-901726370,6563844,2473,619,441,799,1,147,1,2,2,3,5,0,0,1
17,179,3043,196,8698599,-2,7,-60890192,7033104,731,1705,1521,1891,1,1521,1,2,2,3,4,0,6,1
17,179,3043,196,8698599,-1,3,-26095796,7033104,731,1705,1521,1891,1,1521,1,2,2,3,4,0,6,1
17,179,3043,196,8698599,0,1,-8698598,7033104,731,1705,1521,1891,1,1521,1,2,2,3,4,0,6,1
17,179,3043,196,8698599,1,1,-8698598,7033104,731,1705,1521,1891,1,1521,1,2,2,3,4,0,6,1
17,179,3043,196,8698599,2,3,-26095796,7033104,731,1705,1521,1891,1,1521,1,2,2,3,4,0,6,1
17,179,3043,196,8698599,3,7,-60890192,7033104,731,1705,1521,1891,1,1521,1,2,2,3,4,0,6,1
17,179,3043,196,8698599,5,21,-182670578,7033104,731,1705,1521,1891,1,1521,1,2,2,3,4,0,6,1
17,179,3043,196,8698599,7,43,-374039756,7033104,731,1705,1521,1891,1,1521,1,2,2,3,4,0,6,1
17,179,3043,196,8698599,11,111,-965544488,7033104,731,1705,1521,1891,1,1521,1,2,2,3,4,0,6,1
17,181,3077,198,8894613,-2,7,-62262290,7193124,2175,2083,1897,2271,1,1,3,2,1,3,6,0,3,1
17,181,3077,198,8894613,-1,3,-26683838,7193124,2175,2083,1897,2271,1,1,3,2,1,3,6,0,3,1
17,181,3077,198,8894613,0,1,-8894612,7193124,2175,2083,1897,2271,1,1,3,2,1,3,6,0,3,1
17,181,3077,198,8894613,1,1,-8894612,7193124,2175,2083,1897,2271,1,1,3,2,1,3,6,0,3,1
17,181,3077,198,8894613,2,3,-26683838,7193124,2175,2083,1897,2271,1,1,3,2,1,3,6,0,3,1
17,181,3077,198,8894613,3,7,-62262290,7193124,2175,2083,1897,2271,1,1,3,2,1,3,6,0,3,1
17,181,3077,198,8894613,5,21,-186786872,7193124,2175,2083,1897,2271,1,1,3,2,1,3,6,0,3,1
17,181,3077,198,8894613,7,43,-382468358,7193124,2175,2083,1897,2271,1,1,3,2,1,3,6,0,3,1
17,181,3077,198,8894613,11,111,-987302042,7193124,2175,2083,1897,2271,1,1,3,2,1,3,6,0,3,1
17,191,3247,208,9907443,-2,7,-69352100,8020224,134,846,651,1043,1,3,7,2,2,3,2,0,3,1
17,191,3247,208,9907443,-1,3,-29722328,8020224,134,846,651,1043,1,3,7,2,2,3,2,0,3,1
17,191,3247,208,9907443,0,1,-9907442,8020224,134,846,651,1043,1,3,7,2,2,3,2,0,3,1
17,191,3247,208,9907443,1,1,-9907442,8020224,134,846,651,1043,1,3,7,2,2,3,2,0,3,1
17,191,3247,208,9907443,2,3,-29722328,8020224,134,846,651,1043,1,3,7,2,2,3,2,0,3,1
17,191,3247,208,9907443,3,7,-69352100,8020224,134,846,651,1043,1,3,7,2,2,3,2,0,3,1
17,191,3247,208,9907443,5,21,-208056302,8020224,134,846,651,1043,1,3,7,2,2,3,2,0,3,1
17,191,3247,208,9907443,7,43,-426020048,8020224,134,846,651,1043,1,3,7,2,2,3,2,0,3,1
17,191,3247,208,9907443,11,111,-1099726172,8020224,134,846,651,1043,1,3,7,2,2,3,2,0,3,1
17,193,3281,210,10116561,-2,7,-70815926,8191044,1668,1238,1041,1437,1,1,3,2,1,3,4,0,6,1
17,193,3281,210,10116561,-1,3,-30349682,8191044,1668,1238,1041,1437,1,1,3,2,1,3,4,0,6,1
17,193,3281,210,10116561,0,1,-10116560,8191044,1668,1238,1041,1437,1,1,3,2,1,3,4,0,6,1
17,193,3281,210,10116561,1,1,-10116560,8191044,1668,1238,1041,1437,1,1,3,2,1,3,4,0,6,1
17,193,3281,210,10116561,2,3,-30349682,8191044,1668,1238,1041,1437,1,1,3,2,1,3,4,0,6,1
17,193,3281,210,10116561,3,7,-70815926,8191044,1668,1238,1041,1437,1,1,3,2,1,3,4,0,6,1
17,193,3281,210,10116561,5,21,-212447780,8191044,1668,1238,1041,1437,1,1,3,2,1,3,4,0,6,1
17,193,3281,210,10116561,7,43,-435012122,8191044,1668,1238,1041,1437,1,1,3,2,1,3,4,0,6,1
17,193,3281,210,10116561,11,111,-1122938270,8191044,1668,1238,1041,1437,1,1,3,2,1,3,4,0,6,1
17,197,3349,214,10541349,-2,7,-73789442,8538084,1483,2046,1845,2249,1,9,1,2,2,3,1,0,1,1
17,197,3349,214,10541349,-1,3,-31624046,8538084,1483,2046,1845,2249,1,9,1,2,2,3,1,0,1,1
17,197,3349,214,10541349,0,1,-10541348,8538084,1483,2046,1845,2249,1,9,1,2,2,3,1,0,1,1
17,197,3349,214,10541349,1,1,-10541348,8538084,1483,2046,1845,2249,1,9,1,2,2,3,1,0,1,1
17,197,3349,214,10541349,2,3,-31624046,8538084,1483,2046,1845,2249,1,9,1,2,2,3,1,0,1,1
17,197,3349,214,10541349,3,7,-73789442,8538084,1483,2046,1845,2249,1,9,1,2,2,3,1,0,1,1
17,197,3349,214,10541349,5,21,-221368328,8538084,1483,2046,1845,2249,1,9,1,2,2,3,1,0,1,1
17,197,3349,214,10541349,7,43,-453278006,8538084,1483,2046,1845,2249,1,9,1,2,2,3,1,0,1,1
17,197,3349,214,10541349,11,111,-1170089738,8538084,1483,2046,1845,2249,1,9,1,2,2,3,1,0,1,1
17,199,3383,216,10757019,-2,7,-75299132,8714304,3079,2462,2259,2667,1,1,3,2,1,3,3,0,0,1
17,199,3383,216,10757019,-1,3,-32271056,8714304,3079,2462,2259,2667,1,1,3,2,1,3,3,0,0,1
17,199,3383,216,10757019,0,1,-10757018,8714304,3079,2462,2259,2667,1,1,3,2,1,3,3,0,0,1
17,199,3383,216,10757019,1,1,-10757018,8714304,3079,2462,2259,2667,1,1,3,2,1,3,3,0,0,1
17,199,3383,216,10757019,2,3,-32271056,8714304,3079,2462,2259,2667,1,1,3,2,1,3,3,0,0,1
17,199,3383,216,10757019,3,7,-75299132,8714304,3079,2462,2259,2667,1,1,3,2,1,3,3,0,0,1
17,199,3383,216,10757019,5,21,-225897398,8714304,3079,2462,2259,2667,1,1,3,2,1,3,3,0,0,1
17,199,3383,216,10757019,7,43,-462551816,8714304,3079,2462,2259,2667,1,1,3,2,1,3,3,0,0,1
17,199,3383,216,10757019,11,111,-1194029108,8714304,3079,2462,2259,2667,1,1,3,2,1,3,3,0,0,1
19,23,437,42,173901,-2,7,-1217306,125316,334,412,373,15,1,1,3,1,2,5,2,0,3,1
19,23,437,42,173901,-1,3,-521702,125316,334,412,373,15,1,1,3,1,2,5,2,0,3,1
19,23,437,42,173901,0,1,-173900,125316,334,412,373,15,1,1,3,1,2,5,2,0,3,1
19,23,437,42,173901,1,1,-173900,125316,334,412,373,15,1,1,3,1,2,5,2,0,3,1
19,23,437,42,173901,2,3,-521702,125316,334,412,373,15,1,1,3,1,2,5,2,0,3,1
19,23,437,42,173901,3,7,-1217306,125316,334,412,373,15,1,1,3,1,2,5,2,0,3,1
19,23,437,42,173901,5,21,-3651920,125316,334,412,373,15,1,1,3,1,2,5,2,0,3,1
19,23,437,42,173901,7,43,-7477742,125316,334,412,373,15,1,1,3,1,2,5,2,0,3,1
19,23,437,42,173901,11,111,-19303010,125316,334,412,373,15,1,1,3,1,2,5,2,0,3,1
19,29,551,48,278859,-2,7,-1952012,207936,209,53,9,99,1,1,3,1,2,5,1,0,1,1
19,29,551,48,278859,-1,3,-836576,207936,209,53,9,99,1,1,3,1,2,5,1,0,1,1
19,29,551,48,278859,0,1,-278858,207936,209,53,9,99,1,1,3,1,2,5,1,0,1,1
19,29,551,48,278859,1,1,-278858,207936,209,53,9,99,1,1,3,1,2,5,1,0,1,1
19,29,551,48,278859,2,3,-836576,207936,209,53,9,99,1,1,3,1,2,5,1,0,1,1
19,29,551,48,278859,3,7,-1952012,207936,209,53,9,99,1,1,3,1,2,5,1,0,1,1
19,29,551,48,278859,5,21,-5856038,207936,209,53,9,99,1,1,3,1,2,5,1,0,1,1
19,29,551,48,278859,7,43,-11990936,207936,209,53,9,99,1,1,3,1,2,5,1,0,1,1
19,29,551,48,278859,11,111,-30953348,207936,209,53,9,99,1,1,3,1,2,5,1,0,1,1
19,31,589,50,319333,-2,7,-2235330,240100,377,95,49,143,19,49,1,1,1,5,3,0,0,1
19,31,589,50,319333,-1,3,-957998,240100,377,95,49,143,19,49,1,1,1,5,3,0,0,1
19,31,589,50,319333,0,1,-319332,240100,377,95,49,143,19,49,1,1,1,5,3,0,0,1
19,31,589,50,319333,1,1,-319332,240100,377,95,49,143,19,49,1,1,1,5,3,0,0,1
19,31,589,50,319333,2,3,-957998,240100,377,95,49,143,19,49,1,1,1,5,3,0,0,1
19,31,589,50,319333,3,7,-2235330,240100,377,95,49,143,19,49,1,1,1,5,3,0,0,1
19,31,589,50,319333,5,21,-6705992,240100,377,95,49,143,19,49,1,1,1,5,3,0,0,1
19,31,589,50,319333,7,43,-13731318,240100,377,95,49,143,19,49,1,1,1,5,3,0,0,1
19,31,589,50,319333,11,111,-35445962,240100,377,95,49,143,19,49,1,1,1,5,3,0,0,1
19,37,703,56,457219,-2,7,-3200532,350464,370,269,217,323,1,1,1,1,1,5,2,0,3,1
19,37,703,56,457219,-1,3,-1371656,350464,370,269,217,323,1,1,1,1,1,5,2,0,3,1
19,37,703,56,457219,0,1,-457218,350464,370,269,217,323,1,1,1,1,1,5,2,0,3,1
19,37,703,56,457219,1,1,-457218,350464,370,269,217,323,1,1,1,1,1,5,2,0,3,1
19,37,703,56,457219,2,3,-1371656,350464,370,269,217,323,1,1,1,1,1,5,2,0,3,1
19,37,703,56,457219,3,7,-3200532,350464,370,269,217,323,1,1,1,1,1,5,2,0,3,1
19,37,703,56,457219,5,21,-9601598,350464,370,269,217,323,1,1,1,1,1,5,2,0,3,1
19,37,703,56,457219,7,43,-19660416,350464,370,269,217,323,1,1,1,1,1,5,2,0,3,1
19,37,703,56,457219,11,111,-50751308,350464,370,269,217,323,1,1,1,1,1,5,2,0,3,1
19,41,779,60,562863,-2,7,-3940040,435600,139,425,369,483,1,1,3,1,2,5,6,0,3,1
19,41,779,60,562863,-1,3,-1688588,435600,139,425,369,483,1,1,3,1,2,5,6,0,3,1
19,41,779,60,562863,0,1,-562862,435600,139,425,369,483,1,1,3,1,2,5,6,0,3,1
19,41,779,60,562863,1,1,-562862,435600,139,425,369,483,1,1,3,1,2,5,6,0,3,1
19,41,779,60,562863,2,3,-1688588,435600,139,425,369,483,1,1,3,1,2,5,6,0,3,1
19,41,779,60,562863,3,7,-3940040,435600,139,425,369,483,1,1,3,1,2,5,6,0,3,1
19,41,779,60,562863,5,21,-11820122,435600,139,425,369,483,1,1,3,1,2,5,6,0,3,1
19,41,779,60,562863,7,43,-24203108,435600,139,425,369,483,1,1,3,1,2,5,6,0,3,1
19,41,779,60,562863,11,111,-62477792,435600,139,425,369,483,1,1,3,1,2,5,6,0,3,1
19,43,817,62,619801,-2,7,-4338606,481636,423,515,457,575,1,1,1,1,1,5,1,0,1,1
19,43,817,62,619801,-1,3,-1859402,481636,423,515,457,575,1,1,1,1,1,5,1,0,1,1
19,43,817,62,619801,0,1,-619800,481636,423,515,457,575,1,1,1,1,1,5,1,0,1,1
19,43,817,62,619801,1,1,-619800,481636,423,515,457,575,1,1,1,1,1,5,1,0,1,1
19,43,817,62,619801,2,3,-1859402,481636,423,515,457,575,1,1,1,1,1,5,1,0,1,1
19,43,817,62,619801,3,7,-4338606,481636,423,515,457,575,1,1,1,1,1,5,1,0,1,1
19,43,817,62,619801,5,21,-13015820,481636,423,515,457,575,1,1,1,1,1,5,1,0,1,1
19,43,817,62,619801,7,43,-26651442,481636,423,515,457,575,1,1,1,1,1,5,1,0,1,1
19,43,817,62,619801,11,111,-68797910,481636,423,515,457,575,1,1,1,1,1,5,1,0,1,1
19,47,893,66,741909,-2,7,-5193362,580644,194,719,657,783,1,1,3,1,2,5,5,0,0,1
19,47,893,66,741909,-1,3,-2225726,580644,194,719,657,783,1,1,3,1,2,5,5,0,0,1
19,47,893,66,741909,0,1,-741908,580644,194,719,657,783,1,1,3,1,2,5,5,0,0,1
19,47,893,66,741909,1,1,-741908,580644,194,719,657,783,1,1,3,1,2,5,5,0,0,1
19,47,893,66,741909,2,3,-2225726,580644,194,719,657,783,1,1,3,1,2,5,5,0,0,1
19,47,893,66,741909,3,7,-5193362,580644,194,719,657,783,1,1,3,1,2,5,5,0,0,1
19,47,893,66,741909,5,21,-15580088,580644,194,719,657,783,1,1,3,1,2,5,5,0,0,1
19,47,893,66,741909,7,43,-31902086,580644,194,719,657,783,1,1,3,1,2,5,5,0,0,1
19,47,893,66,741909,11,111,-82351898,580644,194,719,657,783,1,1,3,1,2,5,5,0,0,1
19,53,1007,72,945651,-2,7,-6619556,746496,309,78,11,147,1,1,21,1,2,5,4,0,6,1
19,53,1007,72,945651,-1,3,-2836952,746496,309,78,11,147,1,1,21,1,2,5,4,0,6,1
19,53,1007,72,945651,0,1,-945650,746496,309,78,11,147,1,1,21,1,2,5,4,0,6,1
19,53,1007,72,945651,1,1,-945650,746496,309,78,11,147,1,1,21,1,2,5,4,0,6,1
19,53,1007,72,945651,2,3,-2836952,746496,309,78,11,147,1,1,21,1,2,5,4,0,6,1
19,53,1007,72,945651,3,7,-6619556,746496,309,78,11,147,1,1,21,1,2,5,4,0,6,1
19,53,1007,72,945651,5,21,-19858670,746496,309,78,11,147,1,1,21,1,2,5,4,0,6,1
19,53,1007,72,945651,7,43,-40662992,746496,309,78,11,147,1,1,21,1,2,5,4,0,6,1
19,53,1007,72,945651,11,111,-104967260,746496,309,78,11,147,1,1,21,1,2,5,4,0,6,1
19,59,1121,78,1174089,-2,7,-8218622,933156,484,402,329,477,1,7,3,1,2,5,3,0,0,1
19,59,1121,78,1174089,-1,3,-3522266,933156,484,402,329,477,1,7,3,1,2,5,3,0,0,1
19,59,1121,78,1174089,0,1,-1174088,933156,484,402,329,477,1,7,3,1,2,5,3,0,0,1
19,59,1121,78,1174089,1,1,-1174088,933156,484,402,329,477,1,7,3,1,2,5,3,0,0,1
19,59,1121,78,1174089,2,3,-3522266,933156,484,402,329,477,1,7,3,1,2,5,3,0,0,1
19,59,1121,78,1174089,3,7,-8218622,933156,484,402,329,477,1,7,3,1,2,5,3,0,0,1
19,59,1121,78,1174089,5,21,-24655868,933156,484,402,329,477,1,7,3,1,2,5,3,0,0,1
19,59,1121,78,1174089,7,43,-50485826,933156,484,402,329,477,1,7,3,1,2,5,3,0,0,1
19,59,1121,78,1174089,11,111,-130323878,933156,484,402,329,477,1,7,3,1,2,5,3,0,0,1
19,61,1159,80,1255723,-2,7,-8790060,1000000,942,526,451,603,1,1,1,1,1,5,5,0,0,1
19,61,1159,80,1255723,-1,3,-3767168,1000000,942,526,451,603,1,1,1,1,1,5,5,0,0,1
19,61,1159,80,1255723,0,1,-1255722,1000000,942,526,451,603,1,1,1,1,1,5,5,0,0,1
19,61,1159,80,1255723,1,1,-1255722,1000000,942,526,451,603,1,1,1,1,1,5,5,0,0,1
19,61,1159,80,1255723,2,3,-3767168,1000000,942,526,451,603,1,1,1,1,1,5,5,0,0,1
19,61,1159,80,1255723,3,7,-8790060,1000000,942,526,451,603,1,1,1,1,1,5,5,0,0,1
19,61,1159,80,1255723,5,21,-26370182,1000000,942,526,451,603,1,1,1,1,1,5,5,0,0,1
19,61,1159,80,1255723,7,43,-53996088,1000000,942,526,451,603,1,1,1,1,1,5,5,0,0,1
19,61,1159,80,1255723,11,111,-139385252,1000000,942,526,451,603,1,1,1,1,1,5,5,0,0,1
19,67,1273,86,1517089,-2,7,-10619622,1214404,1235,946,865,1029,1,1,49,1,1,5,4,0,6,1
19,67,1273,86,1517089,-1,3,-4551266,1214404,1235,946,865,1029,1,1,49,1,1,5,4,0,6,1
19,67,1273,86,1517089,0,1,-1517088,1214404,1235,946,865,1029,1,1,49,1,1,5,4,0,6,1
19,67,1273,86,1517089,1,1,-1517088,1214404,1235,946,865,1029,1,1,49,1,1,5,4,0,6,1
19,67,1273,86,1517089,2,3,-4551266,1214404,1235,946,865,1029,1,1,49,1,1,5,4,0,6,1
19,67,1273,86,1517089,3,7,-10619622,1214404,1235,946,865,1029,1,1,49,1,1,5,4,0,6,1
19,67,1273,86,1517089,5,21,-31858868,1214404,1235,946,865,1029,1,1,49,1,1,5,4,0,6,1
19,67,1273,86,1517089,7,43,-65234826,1214404,1235,946,865,1029,1,1,49,1,1,5,4,0,6,1
19,67,1273,86,1517089,11,111,-168396878,1214404,1235,946,865,1029,1,1,49,1,1,5,4,0,6,1
19,71,1349,90,1705053,-2,7,-11935370,1368900,1014,1266,1181,3,1,1,3,1,2,5,1,0,1,1
19,71,1349,90,1705053,-1,3,-5115158,1368900,1014,1266,1181,3,1,1,3,1,2,5,1,0,1,1
19,71,1349,90,1705053,0,1,-1705052,1368900,1014,1266,1181,3,1,1,3,1,2,5,1,0,1,1
19,71,1349,90,1705053,1,1,-1705052,1368900,1014,1266,1181,3,1,1,3,1,2,5,1,0,1,1
19,71,1349,90,1705053,2,3,-5115158,1368900,1014,1266,1181,3,1,1,3,1,2,5,1,0,1,1
19,71,1349,90,1705053,3,7,-11935370,1368900,1014,1266,1181,3,1,1,3,1,2,5,1,0,1,1
19,71,1349,90,1705053,5,21,-35806112,1368900,1014,1266,1181,3,1,1,3,1,2,5,1,0,1,1
19,71,1349,90,1705053,7,43,-73317278,1368900,1014,1266,1181,3,1,1,3,1,2,5,1,0,1,1
19,71,1349,90,1705053,11,111,-189260882,1368900,1014,1266,1181,3,1,1,3,1,2,5,1,0,1,1
19,73,1387,92,1803151,-2,7,-12622056,1449616,201,51,1351,139,1,7,1,1,1,5,3,0,0,1
19,73,1387,92,1803151,-1,3,-5409452,1449616,201,51,1351,139,1,7,1,1,1,5,3,0,0,1
19,73,1387,92,1803151,0,1,-1803150,1449616,201,51,1351,139,1,7,1,1,1,5,3,0,0,1
19,73,1387,92,1803151,1,1,-1803150,1449616,201,51,1351,139,1,7,1,1,1,5,3,0,0,1
19,73,1387,92,1803151,2,3,-5409452,1449616,201,51,1351,139,1,7,1,1,1,5,3,0,0,1
19,73,1387,92,1803151,3,7,-12622056,1449616,201,51,1351,139,1,7,1,1,1,5,3,0,0,1
19,73,1387,92,1803151,5,21,-37866170,1449616,201,51,1351,139,1,7,1,1,1,5,3,0,0,1
19,73,1387,92,1803151,7,43,-77535492,1449616,201,51,1351,139,1,7,1,1,1,5,3,0,0,1
19,73,1387,92,1803151,11,111,-200149760,1449616,201,51,1351,139,1,7,1,1,1,5,3,0,0,1
19,79,1501,98,2113909,-2,7,-14797362,1705636,500,501,409,595,1,1,1,1,1,5,2,0,3,1
19,79,1501,98,2113909,-1,3,-6341726,1705636,500,501,409,595,1,1,1,1,1,5,2,0,3,1
19,79,1501,98,2113909,0,1,-2113908,1705636,500,501,409,595,1,1,1,1,1,5,2,0,3,1
19,79,1501,98,2113909,1,1,-2113908,1705636,500,501,409,595,1,1,1,1,1,5,2,0,3,1
19,79,1501,98,2113909,2,3,-6341726,1705636,500,501,409,595,1,1,1,1,1,5,2,0,3,1
19,79,1501,98,2113909,3,7,-14797362,1705636,500,501,409,595,1,1,1,1,1,5,2,0,3,1
19,79,1501,98,2113909,5,21,-44392088,1705636,500,501,409,595,1,1,1,1,1,5,2,0,3,1
19,79,1501,98,2113909,7,43,-90898086,1705636,500,501,409,595,1,1,1,1,1,5,2,0,3,1
19,79,1501,98,2113909,11,111,-234643898,1705636,500,501,409,595,1,1,1,1,1,5,2,0,3,1
19,83,1577,102,2334801,-2,7,-16343606,1887876,207,841,745,939,1,1,3,1,2,5,6,0,3,1
19,83,1577,102,2334801,-1,3,-7004402,1887876,207,841,745,939,1,1,3,1,2,5,6,0,3,1
19,83,1577,102,2334801,0,1,-2334800,1887876,207,841,745,939,1,1,3,1,2,5,6,0,3,1
19,83,1577,102,2334801,1,1,-2334800,1887876,207,841,745,939,1,1,3,1,2,5,6,0,3,1
19,83,1577,102,2334801,2,3,-7004402,1887876,207,841,745,939,1,1,3,1,2,5,6,0,3,1
19,83,1577,102,2334801,3,7,-16343606,1887876,207,841,745,939,1,1,3,1,2,5,6,0,3,1
19,83,1577,102,2334801,5,21,-49030820,1887876,207,841,745,939,1,1,3,1,2,5,6,0,3,1
19,83,1577,102,2334801,7,43,-100396442,1887876,207,841,745,939,1,1,3,1,2,5,6,0,3,1
19,83,1577,102,2334801,11,111,-259162910,1887876,207,841,745,939,1,1,3,1,2,5,6,0,3,1
19,89,1691,108,2686719,-2,7,-18807032,2178576,568,1411,1309,1515,1,1,3,1,2,5,5,0,0,1
19,89,1691,108,2686719,-1,3,-8060156,2178576,568,1411,1309,1515,1,1,3,1,2,5,5,0,0,1
19,89,1691,108,2686719,0,1,-2686718,2178576,568,1411,1309,1515,1,1,3,1,2,5,5,0,0,1
19,89,1691,108,2686719,1,1,-2686718,2178576,568,1411,1309,1515,1,1,3,1,2,5,5,0,0,1
19,89,1691,108,2686719,2,3,-8060156,2178576,568,1411,1309,1515,1,1,3,1,2,5,5,0,0,1
19,89,1691,108,2686719,3,7,-18807032,2178576,568,1411,1309,1515,1,1,3,1,2,5,5,0,0,1
19,89,1691,108,2686719,5,21,-56421098,2178576,568,1411,1309,1515,1,1,3,1,2,5,5,0,0,1
19,89,1691,108,2686719,7,43,-115528916,2178576,568,1411,1309,1515,1,1,3,1,2,5,5,0,0,1
19,89,1691,108,2686719,11,111,-298225808,2178576,568,1411,1309,1515,1,1,3,1,2,5,5,0,0,1
19,97,1843,116,3194359,-2,7,-22360512,2598544,1757,440,331,551,1,1,1,1,1,5,6,0,3,1
19,97,1843,116,3194359,-1,3,-9583076,2598544,1757,440,331,551,1,1,1,1,1,5,6,0,3,1
19,97,1843,116,3194359,0,1,-3194358,2598544,1757,440,331,551,1,1,1,1,1,5,6,0,3,1
19,97,1843,116,3194359,1,1,-3194358,2598544,1757,440,331,551,1,1,1,1,1,5,6,0,3,1
19,97,1843,116,3194359,2,3,-9583076,2598544,1757,440,331,551,1,1,1,1,1,5,6,0,3,1
19,97,1843,116,3194359,3,7,-22360512,2598544,1757,440,331,551,1,1,1,1,1,5,6,0,3,1
19,97,1843,116,3194359,5,21,-67081538,2598544,1757,440,331,551,1,1,1,1,1,5,6,0,3,1
19,97,1843,116,3194359,7,43,-137357436,2598544,1757,440,331,551,1,1,1,1,1,5,6,0,3,1
19,97,1843,116,3194359,11,111,-354573848,2598544,1757,440,331,551,1,1,1,1,1,5,6,0,3,1
19,101,1919,120,3464643,-2,7,-24252500,2822400,1470,848,735,963,1,7,3,1,2,5,3,0,0,1
19,101,1919,120,3464643,-1,3,-10393928,2822400,1470,848,735,963,1,7,3,1,2,5,3,0,0,1
19,101,1919,120,3464643,0,1,-3464642,2822400,1470,848,735,963,1,7,3,1,2,5,3,0,0,1
19,101,1919,120,3464643,1,1,-3464642,2822400,1470,848,735,963,1,7,3,1,2,5,3,0,0,1
19,101,1919,120,3464643,2,3,-10393928,2822400,1470,848,735,963,1,7,3,1,2,5,3,0,0,1
19,101,1919,120,3464643,3,7,-24252500,2822400,1470,848,735,963,1,7,3,1,2,5,3,0,0,1
19,101,1919,120,3464643,5,21,-72757502,2822400,1470,848,735,963,1,7,3,1,2,5,3,0,0,1
19,101,1919,120,3464643,7,43,-148979648,2822400,1470,848,735,963,1,7,3,1,2,5,3,0,0,1
19,101,1919,120,3464643,11,111,-384575372,2822400,1470,848,735,963,1,7,3,1,2,5,3,0,0,1
19,103,1957,122,3603901,-2,7,-25227306,2937796,339,1064,949,1181,19,1,1,1,1,5,5,0,0,1
19,103,1957,122,3603901,-1,3,-10811702,2937796,339,1064,949,1181,19,1,1,1,1,5,5,0,0,1
19,103,1957,122,3603901,0,1,-3603900,2937796,339,1064,949,1181,19,1,1,1,1,5,5,0,0,1
19,103,1957,122,3603901,1,1,-3603900,2937796,339,1064,949,1181,19,1,1,1,1,5,5,0,0,1
19,103,1957,122,3603901,2,3,-10811702,2937796,339,1064,949,1181,19,1,1,1,1,5,5,0,0,1
19,103,1957,122,3603901,3,7,-25227306,2937796,339,1064,949,1181,19,1,1,1,1,5,5,0,0,1
19,103,1957,122,3603901,5,21,-75681920,2937796,339,1064,949,1181,19,1,1,1,1,5,5,0,0,1
19,103,1957,122,3603901,7,43,-154967742,2937796,339,1064,949,1181,19,1,1,1,1,5,5,0,0,1
19,103,1957,122,3603901,11,111,-400033010,2937796,339,1064,949,1181,19,1,1,1,1,5,5,0,0,1
19,107,2033,126,3890649,-2,7,-27234542,3175524,2011,1520,1401,1641,19,1,3,1,2,5,2,0,3,1
19,107,2033,126,3890649,-1,3,-11671946,3175524,2011,1520,1401,1641,19,1,3,1,2,5,2,0,3,1
19,107,2033,126,3890649,0,1,-3890648,3175524,2011,1520,1401,1641,19,1,3,1,2,5,2,0,3,1
19,107,2033,126,3890649,1,1,-3890648,3175524,2011,1520,1401,1641,19,1,3,1,2,5,2,0,3,1
19,107,2033,126,3890649,2,3,-11671946,3175524,2011,1520,1401,1641,19,1,3,1,2,5,2,0,3,1
19,107,2033,126,3890649,3,7,-27234542,3175524,2011,1520,1401,1641,19,1,3,1,2,5,2,0,3,1
19,107,2033,126,3890649,5,21,-81703628,3175524,2011,1520,1401,1641,19,1,3,1,2,5,2,0,3,1
19,107,2033,126,3890649,7,43,-167297906,3175524,2011,1520,1401,1641,19,1,3,1,2,5,2,0,3,1
19,107,2033,126,3890649,11,111,-431862038,3175524,2011,1520,1401,1641,19,1,3,1,2,5,2,0,3,1
19,109,2071,128,4038139,-2,7,-28266972,3297856,824,1760,1639,1883,1,1,7,1,1,5,4,0,6,1
19,109,2071,128,4038139,-1,3,-12114416,3297856,824,1760,1639,1883,1,1,7,1,1,5,4,0,6,1
19,109,2071,128,4038139,0,1,-4038138,3297856,824,1760,1639,1883,1,1,7,1,1,5,4,0,6,1
19,109,2071,128,4038139,1,1,-4038138,3297856,824,1760,1639,1883,1,1,7,1,1,5,4,0,6,1
19,109,2071,128,4038139,2,3,-12114416,3297856,824,1760,1639,1883,1,1,7,1,1,5,4,0,6,1
19,109,2071,128,4038139,3,7,-28266972,3297856,824,1760,1639,1883,1,1,7,1,1,5,4,0,6,1
19,109,2071,128,4038139,5,21,-84800918,3297856,824,1760,1639,1883,1,1,7,1,1,5,4,0,6,1
19,109,2071,128,4038139,7,43,-173639976,3297856,824,1760,1639,1883,1,1,7,1,1,5,4,0,6,1
19,109,2071,128,4038139,11,111,-448233428,3297856,824,1760,1639,1883,1,1,7,1,1,5,4,0,6,1
19,113,2147,132,4341351,-2,7,-30389456,3549456,465,117,2139,243,1,1,3,1,2,5,1,0,1,1
19,113,2147,132,4341351,-1,3,-13024052,3549456,465,117,2139,243,1,1,3,1,2,5,1,0,1,1
19,113,2147,132,4341351,0,1,-4341350,3549456,465,117,2139,243,1,1,3,1,2,5,1,0,1,1
19,113,2147,132,4341351,1,1,-4341350,3549456,465,117,2139,243,1,1,3,1,2,5,1,0,1,1
19,113,2147,132,4341351,2,3,-13024052,3549456,465,117,2139,243,1,1,3,1,2,5,1,0,1,1
19,113,2147,132,4341351,3,7,-30389456,3549456,465,117,2139,243,1,1,3,1,2,5,1,0,1,1
19,113,2147,132,4341351,5,21,-91168370,3549456,465,117,2139,243,1,1,3,1,2,5,1,0,1,1
19,113,2147,132,4341351,7,43,-186678092,3549456,465,117,2139,243,1,1,3,1,2,5,1,0,1,1
19,113,2147,132,4341351,11,111,-481889960,3549456,465,117,2139,243,1,1,3,1,2,5,1,0,1,1
19,127,2413,146,5489029,-2,7,-38423202,4502884,226,1867,1729,2007,1,1,1,1,1,5,1,0,1,1
19,127,2413,146,5489029,-1,3,-16467086,4502884,226,1867,1729,2007,1,1,1,1,1,5,1,0,1,1
19,127,2413,146,5489029,0,1,-5489028,4502884,226,1867,1729,2007,1,1,1,1,1,5,1,0,1,1
19,127,2413,146,5489029,1,1,-5489028,4502884,226,1867,1729,2007,1,1,1,1,1,5,1,0,1,1
19,127,2413,146,5489029,2,3,-16467086,4502884,226,1867,1729,2007,1,1,1,1,1,5,1,0,1,1
19,127,2413,146,5489029,3,7,-38423202,4502884,226,1867,1729,2007,1,1,1,1,1,5,1,0,1,1
19,127,2413,146,5489029,5,21,-115269608,4502884,226,1867,1729,2007,1,1,1,1,1,5,1,0,1,1
19,127,2413,146,5489029,7,43,-236028246,4502884,226,1867,1729,2007,1,1,1,1,1,5,1,0,1,1
19,127,2413,146,5489029,11,111,-609282218,4502884,226,1867,1729,2007,1,1,1,1,1,5,1,0,1,1
19,131,2489,150,5841633,-2,7,-40891430,4796100,2286,2439,2297,93,1,1,3,1,2,5,5,0,0,1
19,131,2489,150,5841633,-1,3,-17524898,4796100,2286,2439,2297,93,1,1,3,1,2,5,5,0,0,1
19,131,2489,150,5841633,0,1,-5841632,4796100,2286,2439,2297,93,1,1,3,1,2,5,5,0,0,1
19,131,2489,150,5841633,1,1,-5841632,4796100,2286,2439,2297,93,1,1,3,1,2,5,5,0,0,1
19,131,2489,150,5841633,2,3,-17524898,4796100,2286,2439,2297,93,1,1,3,1,2,5,5,0,0,1
19,131,2489,150,5841633,3,7,-40891430,4796100,2286,2439,2297,93,1,1,3,1,2,5,5,0,0,1
19,131,2489,150,5841633,5,21,-122674292,4796100,2286,2439,2297,93,1,1,3,1,2,5,5,0,0,1
19,131,2489,150,5841633,7,43,-251190218,4796100,2286,2439,2297,93,1,1,3,1,2,5,5,0,0,1
19,131,2489,150,5841633,11,111,-648421262,4796100,2286,2439,2297,93,1,1,3,1,2,5,5,0,0,1
19,137,2603,156,6391119,-2,7,-44737832,5253264,410,754,607,903,1,1,21,1,2,5,4,0,6,1
19,137,2603,156,6391119,-1,3,-19173356,5253264,410,754,607,903,1,1,21,1,2,5,4,0,6,1
19,137,2603,156,6391119,0,1,-6391118,5253264,410,754,607,903,1,1,21,1,2,5,4,0,6,1
19,137,2603,156,6391119,1,1,-6391118,5253264,410,754,607,903,1,1,21,1,2,5,4,0,6,1
19,137,2603,156,6391119,2,3,-19173356,5253264,410,754,607,903,1,1,21,1,2,5,4,0,6,1
19,137,2603,156,6391119,3,7,-44737832,5253264,410,754,607,903,1,1,21,1,2,5,4,0,6,1
19,137,2603,156,6391119,5,21,-134213498,5253264,410,754,607,903,1,1,21,1,2,5,4,0,6,1
19,137,2603,156,6391119,7,43,-274818116,5253264,410,754,607,903,1,1,21,1,2,5,4,0,6,1
19,137,2603,156,6391119,11,111,-709414208,5253264,410,754,607,903,1,1,21,1,2,5,4,0,6,1
19,139,2641,158,6579769,-2,7,-46058382,5410276,1508,1038,889,1189,1,1,1,1,1,5,6,0,3,1
19,139,2641,158,6579769,-1,3,-19739306,5410276,1508,1038,889,1189,1,1,1,1,1,5,6,0,3,1
19,139,2641,158,6579769,0,1,-6579768,5410276,1508,1038,889,1189,1,1,1,1,1,5,6,0,3,1
19,139,2641,158,6579769,1,1,-6579768,5410276,1508,1038,889,1189,1,1,1,1,1,5,6,0,3,1
19,139,2641,158,6579769,2,3,-19739306,5410276,1508,1038,889,1189,1,1,1,1,1,5,6,0,3,1
19,139,2641,158,6579769,3,7,-46058382,5410276,1508,1038,889,1189,1,1,1,1,1,5,6,0,3,1
19,139,2641,158,6579769,5,21,-138175148,5410276,1508,1038,889,1189,1,1,1,1,1,5,6,0,3,1
19,139,2641,158,6579769,7,43,-282930066,5410276,1508,1038,889,1189,1,1,1,1,1,5,6,0,3,1
19,139,2641,158,6579769,11,111,-730354358,5410276,1508,1038,889,1189,1,1,1,1,1,5,6,0,3,1
19,149,2831,168,7564179,-2,7,-52949252,6230016,1816,2578,2419,2739,1,1,3,1,2,5,2,0,3,1
19,149,2831,168,7564179,-1,3,-22692536,6230016,1816,2578,2419,2739,1,1,3,1,2,5,2,0,3,1
19,149,2831,168,7564179,0,1,-7564178,6230016,1816,2578,2419,2739,1,1,3,1,2,5,2,0,3,1
19,149,2831,168,7564179,1,1,-7564178,6230016,1816,2578,2419,2739,1,1,3,1,2,5,2,0,3,1
19,149,2831,168,7564179,2,3,-22692536,6230016,1816,2578,2419,2739,1,1,3,1,2,5,2,0,3,1
19,149,2831,168,7564179,3,7,-52949252,6230016,1816,2578,2419,2739,1,1,3,1,2,5,2,0,3,1
19,149,2831,168,7564179,5,21,-158847758,6230016,1816,2578,2419,2739,1,1,3,1,2,5,2,0,3,1
19,149,2831,168,7564179,7,43,-325259696,6230016,1816,2578,2419,2739,1,1,3,1,2,5,2,0,3,1
19,149,2831,168,7564179,11,111,-839623868,6230016,1816,2578,2419,2739,1,1,3,1,2,5,2,0,3,1
19,151,2869,170,7769293,-2,7,-54385050,6400900,161,41,2749,203,1,1,7,1,1,5,4,0,6,1
19,151,2869,170,7769293,-1,3,-23307878,6400900,161,41,2749,203,1,1,7,1,1,5,4,0,6,1
19,151,2869,170,7769293,0,1,-7769292,6400900,161,41,2749,203,1,1,7,1,1,5,4,0,6,1
19,151,2869,170,7769293,1,1,-7769292,6400900,161,41,2749,203,1,1,7,1,1,5,4,0,6,1
19,151,2869,170,7769293,2,3,-23307878,6400900,161,41,2749,203,1,1,7,1,1,5,4,0,6,1
19,151,2869,170,7769293,3,7,-54385050,6400900,161,41,2749,203,1,1,7,1,1,5,4,0,6,1
19,151,2869,170,7769293,5,21,-163155152,6400900,161,41,2749,203,1,1,7,1,1,5,4,0,6,1
19,151,2869,170,7769293,7,43,-334079598,6400900,161,41,2749,203,1,1,7,1,1,5,4,0,6,1
19,151,2869,170,7769293,11,111,-862391522,6400900,161,41,2749,203,1,1,7,1,1,5,4,0,6,1
19,157,2983,176,8401099,-2,7,-58807692,6927424,898,971,805,1139,1,7,1,1,1,5,3,0,0,1
19,157,2983,176,8401099,-1,3,-25203296,6927424,898,971,805,1139,1,7,1,1,1,5,3,0,0,1
19,157,2983,176,8401099,0,1,-8401098,6927424,898,971,805,1139,1,7,1,1,1,5,3,0,0,1
19,157,2983,176,8401099,1,1,-8401098,6927424,898,971,805,1139,1,7,1,1,1,5,3,0,0,1
19,157,2983,176,8401099,2,3,-25203296,6927424,898,971,805,1139,1,7,1,1,1,5,3,0,0,1
19,157,2983,176,8401099,3,7,-58807692,6927424,898,971,805,1139,1,7,1,1,1,5,3,0,0,1
19,157,2983,176,8401099,5,21,-176423078,6927424,898,971,805,1139,1,7,1,1,1,5,3,0,0,1
19,157,2983,176,8401099,7,43,-361247256,6927424,898,971,805,1139,1,7,1,1,1,5,3,0,0,1
19,157,2983,176,8401099,11,111,-932521988,6927424,898,971,805,1139,1,7,1,1,1,5,3,0,0,1
19,163,3097,182,9057601,-2,7,-63403206,7474756,1695,1973,1801,2147,1,1,1,1,1,5,2,0,3,1
19,163,3097,182,9057601,-1,3,-27172802,7474756,1695,1973,1801,2147,1,1,1,1,1,5,2,0,3,1
19,163,3097,182,9057601,0,1,-9057600,7474756,1695,1973,1801,2147,1,1,1,1,1,5,2,0,3,1
19,163,3097,182,9057601,1,1,-9057600,7474756,1695,1973,1801,2147,1,1,1,1,1,5,2,0,3,1
19,163,3097,182,9057601,2,3,-27172802,7474756,1695,1973,1801,2147,1,1,1,1,1,5,2,0,3,1
19,163,3097,182,9057601,3,7,-63403206,7474756,1695,1973,1801,2147,1,1,1,1,1,5,2,0,3,1
19,163,3097,182,9057601,5,21,-190209620,7474756,1695,1973,1801,2147,1,1,1,1,1,5,2,0,3,1
19,163,3097,182,9057601,7,43,-389476842,7474756,1695,1973,1801,2147,1,1,1,1,1,5,2,0,3,1
19,163,3097,182,9057601,11,111,-1005393710,7474756,1695,1973,1801,2147,1,1,1,1,1,5,2,0,3,1
19,167,3173,186,9508989,-2,7,-66562922,7851204,1202,2681,2505,2859,1,1,3,1,2,5,6,0,3,1
19,167,3173,186,9508989,-1,3,-28526966,7851204,1202,2681,2505,2859,1,1,3,1,2,5,6,0,3,1
19,167,3173,186,9508989,0,1,-9508988,7851204,1202,2681,2505,2859,1,1,3,1,2,5,6,0,3,1
19,167,3173,186,9508989,1,1,-9508988,7851204,1202,2681,2505,2859,1,1,3,1,2,5,6,0,3,1
19,167,3173,186,9508989,2,3,-28526966,7851204,1202,2681,2505,2859,1,1,3,1,2,5,6,0,3,1
19,167,3173,186,9508989,3,7,-66562922,7851204,1202,2681,2505,2859,1,1,3,1,2,5,6,0,3,1
19,167,3173,186,9508989,5,21,-199688768,7851204,1202,2681,2505,2859,1,1,3,1,2,5,6,0,3,1
19,167,3173,186,9508989,7,43,-408886526,7851204,1202,2681,2505,2859,1,1,3,1,2,5,6,0,3,1
19,167,3173,186,9508989,11,111,-1055497778,7851204,1202,2681,2505,2859,1,1,3,1,2,5,6,0,3,1
19,173,3287,192,10206651,-2,7,-71446556,8433216,2061,516,335,699,1,1,3,1,2,5,5,0,0,1
19,173,3287,192,10206651,-1,3,-30619952,8433216,2061,516,335,699,1,1,3,1,2,5,5,0,0,1
19,173,3287,192,10206651,0,1,-10206650,8433216,2061,516,335,699,1,1,3,1,2,5,5,0,0,1
19,173,3287,192,10206651,1,1,-10206650,8433216,2061,516,335,699,1,1,3,1,2,5,5,0,0,1
19,173,3287,192,10206651,2,3,-30619952,8433216,2061,516,335,699,1,1,3,1,2,5,5,0,0,1
19,173,3287,192,10206651,3,7,-71446556,8433216,2061,516,335,699,1,1,3,1,2,5,5,0,0,1
19,173,3287,192,10206651,5,21,-214339670,8433216,2061,516,335,699,1,1,3,1,2,5,5,0,0,1
19,173,3287,192,10206651,7,43,-438885992,8433216,2061,516,335,699,1,1,3,1,2,5,5,0,0,1
19,173,3287,192,10206651,11,111,-1132938260,8433216,2061,516,335,699,1,1,3,1,2,5,5,0,0,1
19,179,3401,198,10929009,-2,7,-76503062,9036036,2980,1596,1409,1785,19,1,21,1,2,5,4,0,6,1
19,179,3401,198,10929009,-1,3,-32787026,9036036,2980,1596,1409,1785,19,1,21,1,2,5,4,0,6,1
19,179,3401,198,10929009,0,1,-10929008,9036036,2980,1596,1409,1785,19,1,21,1,2,5,4,0,6,1
19,179,3401,198,10929009,1,1,-10929008,9036036,2980,1596,1409,1785,19,1,21,1,2,5,4,0,6,1
19,179,3401,198,10929009,2,3,-32787026,9036036,2980,1596,1409,1785,19,1,21,1,2,5,4,0,6,1
19,179,3401,198,10929009,3,7,-76503062,9036036,2980,1596,1409,1785,19,1,21,1,2,5,4,0,6,1
19,179,3401,198,10929009,5,21,-229509188,9036036,2980,1596,1409,1785,19,1,21,1,2,5,4,0,6,1
19,179,3401,198,10929009,7,43,-469947386,9036036,2980,1596,1409,1785,19,1,21,1,2,5,4,0,6,1
19,179,3401,198,10929009,11,111,-1213119998,9036036,2980,1596,1409,1785,19,1,21,1,2,5,4,0,6,1
19,181,3439,200,11175283,-2,7,-78226980,9241600,1007,1972,1783,2163,1,1,1,1,1,5,6,0,3,1
19,181,3439,200,11175283,-1,3,-33525848,9241600,1007,1972,1783,2163,1,1,1,1,1,5,6,0,3,1
19,181,3439,200,11175283,0,1,-11175282,9241600,1007,1972,1783,2163,1,1,1,1,1,5,6,0,3,1
19,181,3439,200,11175283,1,1,-11175282,9241600,1007,1972,1783,2163,1,1,1,1,1,5,6,0,3,1
19,181,3439,200,11175283,2,3,-33525848,9241600,1007,1972,1783,2163,1,1,1,1,1,5,6,0,3,1
19,181,3439,200,11175283,3,7,-78226980,9241600,1007,1972,1783,2163,1,1,1,1,1,5,6,0,3,1
19,181,3439,200,11175283,5,21,-234680942,9241600,1007,1972,1783,2163,1,1,1,1,1,5,6,0,3,1
19,181,3439,200,11175283,7,43,-480537168,9241600,1007,1972,1783,2163,1,1,1,1,1,5,6,0,3,1
19,181,3439,200,11175283,11,111,-1240456412,9241600,1007,1972,1783,2163,1,1,1,1,1,5,6,0,3,1
19,191,3629,210,12447813,-2,7,-87134690,10304100,1369,343,145,543,1,1,3,1,2,5,2,0,3,1
19,191,3629,210,12447813,-1,3,-37343438,10304100,1369,343,145,543,1,1,3,1,2,5,2,0,3,1
19,191,3629,210,12447813,0,1,-12447812,10304100,1369,343,145,543,1,1,3,1,2,5,2,0,3,1
19,191,3629,210,12447813,1,1,-12447812,10304100,1369,343,145,543,1,1,3,1,2,5,2,0,3,1
19,191,3629,210,12447813,2,3,-37343438,10304100,1369,343,145,543,1,1,3,1,2,5,2,0,3,1
19,191,3629,210,12447813,3,7,-87134690,10304100,1369,343,145,543,1,1,3,1,2,5,2,0,3,1
19,191,3629,210,12447813,5,21,-261404072,10304100,1369,343,145,543,1,1,3,1,2,5,2,0,3,1
19,191,3629,210,12447813,7,43,-535255958,10304100,1369,343,145,543,1,1,3,1,2,5,2,0,3,1
19,191,3629,210,12447813,11,111,-1381707242,10304100,1369,343,145,543,1,1,3,1,2,5,2,0,3,1
19,193,3667,212,12710551,-2,7,-88973856,10523536,2913,729,529,931,1,1,7,1,1,5,4,0,6,1
19,193,3667,212,12710551,-1,3,-38131652,10523536,2913,729,529,931,1,1,7,1,1,5,4,0,6,1
19,193,3667,212,12710551,0,1,-12710550,10523536,2913,729,529,931,1,1,7,1,1,5,4,0,6,1
19,193,3667,212,12710551,1,1,-12710550,10523536,2913,729,529,931,1,1,7,1,1,5,4,0,6,1
19,193,3667,212,12710551,2,3,-38131652,10523536,2913,729,529,931,1,1,7,1,1,5,4,0,6,1
19,193,3667,212,12710551,3,7,-88973856,10523536,2913,729,529,931,1,1,7,1,1,5,4,0,6,1
19,193,3667,212,12710551,5,21,-266921570,10523536,2913,729,529,931,1,1,7,1,1,5,4,0,6,1
19,193,3667,212,12710551,7,43,-546553692,10523536,2913,729,529,931,1,1,7,1,1,5,4,0,6,1
19,193,3667,212,12710551,11,111,-1410871160,10523536,2913,729,529,931,1,1,7,1,1,5,4,0,6,1
19,197,3743,216,13244259,-2,7,-92709812,10969344,2354,1525,1321,1731,1,1,3,1,2,5,1,0,1,1
19,197,3743,216,13244259,-1,3,-39732776,10969344,2354,1525,1321,1731,1,1,3,1,2,5,1,0,1,1
19,197,3743,216,13244259,0,1,-13244258,10969344,2354,1525,1321,1731,1,1,3,1,2,5,1,0,1,1
19,197,3743,216,13244259,1,1,-13244258,10969344,2354,1525,1321,1731,1,1,3,1,2,5,1,0,1,1
19,197,3743,216,13244259,2,3,-39732776,10969344,2354,1525,1321,1731,1,1,3,1,2,5,1,0,1,1
19,197,3743,216,13244259,3,7,-92709812,10969344,2354,1525,1321,1731,1,1,3,1,2,5,1,0,1,1
19,197,3743,216,13244259,5,21,-278129438,10969344,2354,1525,1321,1731,1,1,3,1,2,5,1,0,1,1
19,197,3743,216,13244259,7,43,-569503136,10969344,2354,1525,1321,1731,1,1,3,1,2,5,1,0,1,1
19,197,3743,216,13244259,11,111,-1470112748,10969344,2354,1525,1321,1731,1,1,3,1,2,5,1,0,1,1
19,199,3781,218,13515229,-2,7,-94606602,11195716,175,1935,1729,2143,1,7,1,1,1,5,3,0,0,1
19,199,3781,218,13515229,-1,3,-40545686,11195716,175,1935,1729,2143,1,7,1,1,1,5,3,0,0,1
19,199,3781,218,13515229,0,1,-13515228,11195716,175,1935,1729,2143,1,7,1,1,1,5,3,0,0,1
19,199,3781,218,13515229,1,1,-13515228,11195716,175,1935,1729,2143,1,7,1,1,1,5,3,0,0,1
19,199,3781,218,13515229,2,3,-40545686,11195716,175,1935,1729,2143,1,7,1,1,1,5,3,0,0,1
19,199,3781,218,13515229,3,7,-94606602,11195716,175,1935,1729,2143,1,7,1,1,1,5,3,0,0,1
19,199,3781,218,13515229,5,21,-283819808,11195716,175,1935,1729,2143,1,7,1,1,1,5,3,0,0,1
19,199,3781,218,13515229,7,43,-581154846,11195716,175,1935,1729,2143,1,7,1,1,1,5,3,0,0,1
19,199,3781,218,13515229,11,111,-1500190418,11195716,175,1935,1729,2143,1,7,1,1,1,5,3,0,0,1
23,29,667,52,412191,-2,7,-2885336,318096,604,652,603,35,1,9,1,2,2,2,1,3,1,1
23,29,667,52,412191,-1,3,-1236572,318096,604,652,603,35,1,9,1,2,2,2,1,3,1,6
23,29,667,52,412191,0,1,-412190,318096,604,652,603,35,1,9,1,2,2,2,1,3,1,5
23,29,667,52,412191,1,1,-412190,318096,604,652,603,35,1,9,1,2,2,2,1,3,1,5
23,29,667,52,412191,2,3,-1236572,318096,604,652,603,35,1,9,1,2,2,2,1,3,1,6
23,29,667,52,412191,3,7,-2885336,318096,604,652,603,35,1,9,1,2,2,2,1,3,1,1
23,29,667,52,412191,5,21,-8656010,318096,604,652,603,35,1,9,1,2,2,2,1,3,1,1
23,29,667,52,412191,7,43,-17724212,318096,604,652,603,35,1,9,1,2,2,2,1,3,1,5
23,29,667,52,412191,11,111,-45753200,318096,604,652,603,35,1,9,1,2,2,2,1,3,1,4
23,31,713,54,472017,-2,7,-3304118,367236,41,11,673,63,1,1,21,2,1,2,3,3,0,1
23,31,713,54,472017,-1,3,-1416050,367236,41,11,673,63,1,1,21,2,1,2,3,3,0,1
23,31,713,54,472017,0,1,-472016,367236,41,11,673,63,1,1,21,2,1,2,3,3,0,1
23,31,713,54,472017,1,1,-472016,367236,41,11,673,63,1,1,21,2,1,2,3,3,0,1
23,31,713,54,472017,2,3,-1416050,367236,41,11,673,63,1,1,21,2,1,2,3,3,0,1
23,31,713,54,472017,3,7,-3304118,367236,41,11,673,63,1,1,21,2,1,2,3,3,0,1
23,31,713,54,472017,5,21,-9912356,367236,41,11,673,63,1,1,21,2,1,2,3,3,0,1
23,31,713,54,472017,7,43,-20296730,367236,41,11,673,63,1,1,21,2,1,2,3,3,0,1
23,31,713,54,472017,11,111,-52393886,367236,41,11,673,63,1,1,21,2,1,2,3,3,0,1
23,37,851,60,675831,-2,7,-4730816,535824,545,137,81,195,1,1,3,2,1,2,2,3,3,1
23,37,851,60,675831,-1,3,-2027492,535824,545,137,81,195,1,1,3,2,1,2,2,3,3,2
23,37,851,60,675831,0,1,-675830,535824,545,137,81,195,1,1,3,2,1,2,2,3,3,6
23,37,851,60,675831,1,1,-675830,535824,545,137,81,195,1,1,3,2,1,2,2,3,3,6
23,37,851,60,675831,2,3,-2027492,535824,545,137,81,195,1,1,3,2,1,2,2,3,3,2
23,37,851,60,675831,3,7,-4730816,535824,545,137,81,195,1,1,3,2,1,2,2,3,3,1
23,37,851,60,675831,5,21,-14192450,535824,545,137,81,195,1,1,3,2,1,2,2,3,3,1
23,37,851,60,675831,7,43,-29060732,535824,545,137,81,195,1,1,3,2,1,2,2,3,3,6
23,37,851,60,675831,11,111,-75017240,535824,545,137,81,195,1,1,3,2,1,2,2,3,3,3
23,41,943,64,831987,-2,7,-5823908,665856,98,261,201,323,1,3,1,2,2,2,6,3,3,1
23,41,943,64,831987,-1,3,-2495960,665856,98,261,201,323,1,3,1,2,2,2,6,3,3,2
23,41,943,64,831987,0,1,-831986,665856,98,261,201,323,1,3,1,2,2,2,6,3,3,6
23,41,943,64,831987,1,1,-831986,665856,98,261,201,323,1,3,1,2,2,2,6,3,3,6
23,41,943,64,831987,2,3,-2495960,665856,98,261,201,323,1,3,1,2,2,2,6,3,3,2
23,41,943,64,831987,3,7,-5823908,665856,98,261,201,323,1,3,1,2,2,2,6,3,3,1
23,41,943,64,831987,5,21,-17471726,665856,98,261,201,323,1,3,1,2,2,2,6,3,3,1
23,41,943,64,831987,7,43,-35775440,665856,98,261,201,323,1,3,1,2,2,2,6,3,3,6
23,41,943,64,831987,11,111,-92350556,665856,98,261,201,323,1,3,1,2,2,2,6,3,3,3
23,43,989,66,916149,-2,7,-6413042,736164,348,335,273,399,1,13,3,2,1,2,1,3,1,1
23,43,989,66,916149,-1,3,-2748446,736164,348,335,273,399,1,13,3,2,1,2,1,3,1,6
23,43,989,66,916149,0,1,-916148,736164,348,335,273,399,1,13,3,2,1,2,1,3,1,5
23,43,989,66,916149,1,1,-916148,736164,348,335,273,399,1,13,3,2,1,2,1,3,1,5
23,43,989,66,916149,2,3,-2748446,736164,348,335,273,399,1,13,3,2,1,2,1,3,1,6
23,43,989,66,916149,3,7,-6413042,736164,348,335,273,399,1,13,3,2,1,2,1,3,1,1
23,43,989,66,916149,5,21,-19239128,736164,348,335,273,399,1,13,3,2,1,2,1,3,1,1
23,43,989,66,916149,7,43,-39394406,736164,348,335,273,399,1,13,3,2,1,2,1,3,1,5
23,43,989,66,916149,11,111,-101692538,736164,348,335,273,399,1,13,3,2,1,2,1,3,1,4
23,47,1081,70,1096641,-2,7,-7676486,887364,944,507,441,575,1,9,1,2,2,2,5,3,0,1
23,47,1081,70,1096641,-1,3,-3289922,887364,944,507,441,575,1,9,1,2,2,2,5,3,0,1
23,47,1081,70,1096641,0,1,-1096640,887364,944,507,441,575,1,9,1,2,2,2,5,3,0,1
23,47,1081,70,1096641,1,1,-1096640,887364,944,507,441,575,1,9,1,2,2,2,5,3,0,1
23,47,1081,70,1096641,2,3,-3289922,887364,944,507,441,575,1,9,1,2,2,2,5,3,0,1
23,47,1081,70,1096641,3,7,-7676486,887364,944,507,441,575,1,9,1,2,2,2,5,3,0,1
23,47,1081,70,1096641,5,21,-23029460,887364,944,507,441,575,1,9,1,2,2,2,5,3,0,1
23,47,1081,70,1096641,7,43,-47155562,887364,944,507,441,575,1,9,1,2,2,2,5,3,0,1
23,47,1081,70,1096641,11,111,-121727150,887364,944,507,441,575,1,9,1,2,2,2,5,3,0,1
23,53,1219,76,1397799,-2,7,-9784592,1140624,859,825,753,899,1,3,1,2,2,2,4,3,6,1
23,53,1219,76,1397799,-1,3,-4193396,1140624,859,825,753,899,1,3,1,2,2,2,4,3,6,3
23,53,1219,76,1397799,0,1,-1397798,1140624,859,825,753,899,1,3,1,2,2,2,4,3,6,4
23,53,1219,76,1397799,1,1,-1397798,1140624,859,825,753,899,1,3,1,2,2,2,4,3,6,4
23,53,1219,76,1397799,2,3,-4193396,1140624,859,825,753,899,1,3,1,2,2,2,4,3,6,3
23,53,1219,76,1397799,3,7,-9784592,1140624,859,825,753,899,1,3,1,2,2,2,4,3,6,1
23,53,1219,76,1397799,5,21,-29353778,1140624,859,825,753,899,1,3,1,2,2,2,4,3,6,1
23,53,1219,76,1397799,7,43,-60105356,1140624,859,825,753,899,1,3,1,2,2,2,4,3,6,4
23,53,1219,76,1397799,11,111,-155155688,1140624,859,825,753,899,1,3,1,2,2,2,4,3,6,5
23,59,1357,82,1735461,-2,7,-12148226,1425636,786,1215,1137,1295,1,3,7,2,2,2,3,3,0,1
23,59,1357,82,1735461,-1,3,-5206382,1425636,786,1215,1137,1295,1,3,7,2,2,2,3,3,0,1
23,59,1357,82,1735461,0,1,-1735460,1425636,786,1215,1137,1295,1,3,7,2,2,2,3,3,0,1
23,59,1357,82,1735461,1,1,-1735460,1425636,786,1215,1137,1295,1,3,7,2,2,2,3,3,0,1
23,59,1357,82,1735461,2,3,-5206382,1425636,786,1215,1137,1295,1,3,7,2,2,2,3,3,0,1
23,59,1357,82,1735461,3,7,-12148226,1425636,786,1215,1137,1295,1,3,7,2,2,2,3,3,0,1
23,59,1357,82,1735461,5,21,-36444680,1425636,786,1215,1137,1295,1,3,7,2,2,2,3,3,0,1
23,59,1357,82,1735461,7,43,-74624822,1425636,786,1215,1137,1295,1,3,7,2,2,2,3,3,0,1
23,59,1357,82,1735461,11,111,-192636170,1425636,786,1215,1137,1295,1,3,7,2,2,2,3,3,0,1
23,61,1403,84,1856127,-2,7,-12992888,1527696,1232,1361,1281,39,1,1,39,2,1,2,5,3,0,1
23,61,1403,84,1856127,-1,3,-5568380,1527696,1232,1361,1281,39,1,1,39,2,1,2,5,3,0,1
23,61,1403,84,1856127,0,1,-1856126,1527696,1232,1361,1281,39,1,1,39,2,1,2,5,3,0,1
23,61,1403,84,1856127,1,1,-1856126,1527696,1232,1361,1281,39,1,1,39,2,1,2,5,3,0,1
23,61,1403,84,1856127,2,3,-5568380,1527696,1232,1361,1281,39,1,1,39,2,1,2,5,3,0,1
23,61,1403,84,1856127,3,7,-12992888,1527696,1232,1361,1281,39,1,1,39,2,1,2,5,3,0,1
23,61,1403,84,1856127,5,21,-38978666,1527696,1232,1361,1281,39,1,1,39,2,1,2,5,3,0,1
23,61,1403,84,1856127,7,43,-79813460,1527696,1232,1361,1281,39,1,1,39,2,1,2,5,3,0,1
23,61,1403,84,1856127,11,111,-206030096,1527696,1232,1361,1281,39,1,1,39,2,1,2,5,3,0,1
23,67,1541,90,2242461,-2,7,-15697226,1855044,1221,306,221,393,1,1,3,2,1,2,4,3,6,1
23,67,1541,90,2242461,-1,3,-6727382,1855044,1221,306,221,393,1,1,3,2,1,2,4,3,6,3
23,67,1541,90,2242461,0,1,-2242460,1855044,1221,306,221,393,1,1,3,2,1,2,4,3,6,4
23,67,1541,90,2242461,1,1,-2242460,1855044,1221,306,221,393,1,1,3,2,1,2,4,3,6,4
23,67,1541,90,2242461,2,3,-6727382,1855044,1221,306,221,393,1,1,3,2,1,2,4,3,6,3
23,67,1541,90,2242461,3,7,-15697226,1855044,1221,306,221,393,1,1,3,2,1,2,4,3,6,1
23,67,1541,90,2242461,5,21,-47091680,1855044,1221,306,221,393,1,1,3,2,1,2,4,3,6,1
23,67,1541,90,2242461,7,43,-96425822,1855044,1221,306,221,393,1,1,3,2,1,2,4,3,6,4
23,67,1541,90,2242461,11,111,-248913170,1855044,1221,306,221,393,1,1,3,2,1,2,4,3,6,5
23,71,1633,94,2520297,-2,7,-17642078,2090916,676,578,489,669,1,3,1,2,2,2,1,3,1,1
23,71,1633,94,2520297,-1,3,-7560890,2090916,676,578,489,669,1,3,1,2,2,2,1,3,1,6
23,71,1633,94,2520297,0,1,-2520296,2090916,676,578,489,669,1,3,1,2,2,2,1,3,1,5
23,71,1633,94,2520297,1,1,-2520296,2090916,676,578,489,669,1,3,1,2,2,2,1,3,1,5
23,71,1633,94,2520297,2,3,-7560890,2090916,676,578,489,669,1,3,1,2,2,2,1,3,1,6
23,71,1633,94,2520297,3,7,-17642078,2090916,676,578,489,669,1,3,1,2,2,2,1,3,1,1
23,71,1633,94,2520297,5,21,-52926236,2090916,676,578,489,669,1,3,1,2,2,2,1,3,1,1
23,71,1633,94,2520297,7,43,-108372770,2090916,676,578,489,669,1,3,1,2,2,2,1,3,1,5
23,71,1633,94,2520297,11,111,-279752966,2090916,676,578,489,669,1,3,1,2,2,2,1,3,1,4
23,73,1679,96,2665299,-2,7,-18657092,2214144,1222,726,635,819,1,1,21,2,1,2,3,3,0,1
23,73,1679,96,2665299,-1,3,-7995896,2214144,1222,726,635,819,1,1,21,2,1,2,3,3,0,1
23,73,1679,96,2665299,0,1,-2665298,2214144,1222,726,635,819,1,1,21,2,1,2,3,3,0,1
23,73,1679,96,2665299,1,1,-2665298,2214144,1222,726,635,819,1,1,21,2,1,2,3,3,0,1
23,73,1679,96,2665299,2,3,-7995896,2214144,1222,726,635,819,1,1,21,2,1,2,3,3,0,1
23,73,1679,96,2665299,3,7,-18657092,2214144,1222,726,635,819,1,1,21,2,1,2,3,3,0,1
23,73,1679,96,2665299,5,21,-55971278,2214144,1222,726,635,819,1,1,21,2,1,2,3,3,0,1
23,73,1679,96,2665299,7,43,-114607856,2214144,1222,726,635,819,1,1,21,2,1,2,3,3,0,1
23,73,1679,96,2665299,11,111,-295848188,2214144,1222,726,635,819,1,1,21,2,1,2,3,3,0,1
23,79,1817,102,3124641,-2,7,-21872486,2604996,1235,1218,1121,1317,1,1,3,2,1,2,2,3,3,1
23,79,1817,102,3124641,-1,3,-9373922,2604996,1235,1218,1121,1317,1,1,3,2,1,2,2,3,3,2
23,79,1817,102,3124641,0,1,-3124640,2604996,1235,1218,1121,1317,1,1,3,2,1,2,2,3,3,6
23,79,1817,102,3124641,1,1,-3124640,2604996,1235,1218,1121,1317,1,1,3,2,1,2,2,3,3,6
23,79,1817,102,3124641,2,3,-9373922,2604996,1235,1218,1121,1317,1,1,3,2,1,2,2,3,3,2
23,79,1817,102,3124641,3,7,-21872486,2604996,1235,1218,1121,1317,1,1,3,2,1,2,2,3,3,1
23,79,1817,102,3124641,5,21,-65617460,2604996,1235,1218,1121,1317,1,1,3,2,1,2,2,3,3,1
23,79,1817,102,3124641,7,43,-134359562,2604996,1235,1218,1121,1317,1,1,3,2,1,2,2,3,3,6
23,79,1817,102,3124641,11,111,-346835150,2604996,1235,1218,1121,1317,1,1,3,2,1,2,2,3,3,3
23,83,1909,106,3451149,-2,7,-24158042,2883204,614,1586,1485,1689,1,9,1,2,2,2,6,3,3,1
23,83,1909,106,3451149,-1,3,-10353446,2883204,614,1586,1485,1689,1,9,1,2,2,2,6,3,3,2
23,83,1909,106,3451149,0,1,-3451148,2883204,614,1586,1485,1689,1,9,1,2,2,2,6,3,3,6
23,83,1909,106,3451149,1,1,-3451148,2883204,614,1586,1485,1689,1,9,1,2,2,2,6,3,3,6
23,83,1909,106,3451149,2,3,-10353446,2883204,614,1586,1485,1689,1,9,1,2,2,2,6,3,3,2
23,83,1909,106,3451149,3,7,-24158042,2883204,614,1586,1485,1689,1,9,1,2,2,2,6,3,3,1
23,83,1909,106,3451149,5,21,-72474128,2883204,614,1586,1485,1689,1,9,1,2,2,2,6,3,3,1
23,83,1909,106,3451149,7,43,-148399406,2883204,614,1586,1485,1689,1,9,1,2,2,2,6,3,3,6
23,83,1909,106,3451149,11,111,-383077538,2883204,614,1586,1485,1689,1,9,1,2,2,2,6,3,3,3
23,89,2047,112,3971331,-2,7,-27799316,3326976,601,151,45,259,1,3,1,2,2,2,5,3,0,1
23,89,2047,112,3971331,-1,3,-11913992,3326976,601,151,45,259,1,3,1,2,2,2,5,3,0,1
23,89,2047,112,3971331,0,1,-3971330,3326976,601,151,45,259,1,3,1,2,2,2,5,3,0,1
23,89,2047,112,3971331,1,1,-3971330,3326976,601,151,45,259,1,3,1,2,2,2,5,3,0,1
23,89,2047,112,3971331,2,3,-11913992,3326976,601,151,45,259,1,3,1,2,2,2,5,3,0,1
23,89,2047,112,3971331,3,7,-27799316,3326976,601,151,45,259,1,3,1,2,2,2,5,3,0,1
23,89,2047,112,3971331,5,21,-83397950,3326976,601,151,45,259,1,3,1,2,2,2,5,3,0,1
23,89,2047,112,3971331,7,43,-170767232,3326976,601,151,45,259,1,3,1,2,2,2,5,3,0,1
23,89,2047,112,3971331,11,111,-440817740,3326976,601,151,45,259,1,3,1,2,2,2,5,3,0,1
23,97,2231,120,4721691,-2,7,-33051836,3968064,1346,895,781,1011,1,1,3,2,1,2,6,3,3,1
23,97,2231,120,4721691,-1,3,-14165072,3968064,1346,895,781,1011,1,1,3,2,1,2,6,3,3,2
23,97,2231,120,4721691,0,1,-4721690,3968064,1346,895,781,1011,1,1,3,2,1,2,6,3,3,6
23,97,2231,120,4721691,1,1,-4721690,3968064,1346,895,781,1011,1,1,3,2,1,2,6,3,3,6
23,97,2231,120,4721691,2,3,-14165072,3968064,1346,895,781,1011,1,1,3,2,1,2,6,3,3,2
23,97,2231,120,4721691,3,7,-33051836,3968064,1346,895,781,1011,1,1,3,2,1,2,6,3,3,1
23,97,2231,120,4721691,5,21,-99155510,3968064,1346,895,781,1011,1,1,3,2,1,2,6,3,3,1
23,97,2231,120,4721691,7,43,-203032712,3968064,1346,895,781,1011,1,1,3,2,1,2,6,3,3,6
23,97,2231,120,4721691,11,111,-524107700,3968064,1346,895,781,1011,1,1,3,2,1,2,6,3,3,3
23,101,2323,124,5121207,-2,7,-35848448,4309776,611,1315,1197,1435,1,9,7,2,2,2,3,3,0,1
23,101,2323,124,5121207,-1,3,-15363620,4309776,611,1315,1197,1435,1,9,7,2,2,2,3,3,0,1
23,101,2323,124,5121207,0,1,-5121206,4309776,611,1315,1197,1435,1,9,7,2,2,2,3,3,0,1
23,101,2323,124,5121207,1,1,-5121206,4309776,611,1315,1197,1435,1,9,7,2,2,2,3,3,0,1
23,101,2323,124,5121207,2,3,-15363620,4309776,611,1315,1197,1435,1,9,7,2,2,2,3,3,0,1
23,101,2323,124,5121207,3,7,-35848448,4309776,611,1315,1197,1435,1,9,7,2,2,2,3,3,0,1
23,101,2323,124,5121207,5,21,-107545346,4309776,611,1315,1197,1435,1,9,7,2,2,2,3,3,0,1
23,101,2323,124,5121207,7,43,-220211900,4309776,611,1315,1197,1435,1,9,7,2,2,2,3,3,0,1
23,101,2323,124,5121207,11,111,-568453976,4309776,611,1315,1197,1435,1,9,7,2,2,2,3,3,0,1
23,103,2369,126,5327049,-2,7,-37289342,4485924,1407,1537,1417,1659,1,1,237,2,1,2,5,3,0,1
23,103,2369,126,5327049,-1,3,-15981146,4485924,1407,1537,1417,1659,1,1,237,2,1,2,5,3,0,1
23,103,2369,126,5327049,0,1,-5327048,4485924,1407,1537,1417,1659,1,1,237,2,1,2,5,3,0,1
23,103,2369,126,5327049,1,1,-5327048,4485924,1407,1537,1417,1659,1,1,237,2,1,2,5,3,0,1
23,103,2369,126,5327049,2,3,-15981146,4485924,1407,1537,1417,1659,1,1,237,2,1,2,5,3,0,1
23,103,2369,126,5327049,3,7,-37289342,4485924,1407,1537,1417,1659,1,1,237,2,1,2,5,3,0,1
23,103,2369,126,5327049,5,21,-111868028,4485924,1407,1537,1417,1659,1,1,237,2,1,2,5,3,0,1
23,103,2369,126,5327049,7,43,-229063106,4485924,1407,1537,1417,1659,1,1,237,2,1,2,5,3,0,1
23,103,2369,126,5327049,11,111,-591302438,4485924,1407,1537,1417,1659,1,1,237,2,1,2,5,3,0,1
23,107,2461,130,5750901,-2,7,-40256306,4848804,634,2005,1881,2131,1,3,1,2,2,2,2,3,3,1
23,107,2461,130,5750901,-1,3,-17252702,4848804,634,2005,1881,2131,1,3,1,2,2,2,2,3,3,2
23,107,2461,130,5750901,0,1,-5750900,4848804,634,2005,1881,2131,1,3,1,2,2,2,2,3,3,6
23,107,2461,130,5750901,1,1,-5750900,4848804,634,2005,1881,2131,1,3,1,2,2,2,2,3,3,6
23,107,2461,130,5750901,2,3,-17252702,4848804,634,2005,1881,2131,1,3,1,2,2,2,2,3,3,2
23,107,2461,130,5750901,3,7,-40256306,4848804,634,2005,1881,2131,1,3,1,2,2,2,2,3,3,1
23,107,2461,130,5750901,5,21,-120768920,4848804,634,2005,1881,2131,1,3,1,2,2,2,2,3,3,1
23,107,2461,130,5750901,7,43,-247288742,4848804,634,2005,1881,2131,1,3,1,2,2,2,2,3,3,6
23,107,2461,130,5750901,11,111,-638350010,4848804,634,2005,1881,2131,1,3,1,2,2,2,2,3,3,3
23,109,2507,132,5968911,-2,7,-41782376,5035536,1480,2251,2125,2379,1,1,3,2,1,2,4,3,6,1
23,109,2507,132,5968911,-1,3,-17906732,5035536,1480,2251,2125,2379,1,1,3,2,1,2,4,3,6,3
23,109,2507,132,5968911,0,1,-5968910,5035536,1480,2251,2125,2379,1,1,3,2,1,2,4,3,6,4
23,109,2507,132,5968911,1,1,-5968910,5035536,1480,2251,2125,2379,1,1,3,2,1,2,4,3,6,4
23,109,2507,132,5968911,2,3,-17906732,5035536,1480,2251,2125,2379,1,1,3,2,1,2,4,3,6,3
23,109,2507,132,5968911,3,7,-41782376,5035536,1480,2251,2125,2379,1,1,3,2,1,2,4,3,6,1
23,109,2507,132,5968911,5,21,-125347130,5035536,1480,2251,2125,2379,1,1,3,2,1,2,4,3,6,1
23,109,2507,132,5968911,7,43,-256663172,5035536,1480,2251,2125,2379,1,1,3,2,1,2,4,3,6,4
23,109,2507,132,5968911,11,111,-662549120,5035536,1480,2251,2125,2379,1,1,3,2,1,2,4,3,6,5
23,113,2599,136,6417099,-2,7,-44919692,5419584,669,168,39,299,1,3,13,2,2,2,1,3,1,1
23,113,2599,136,6417099,-1,3,-19251296,5419584,669,168,39,299,1,3,13,2,2,2,1,3,1,6
23,113,2599,136,6417099,0,1,-6417098,5419584,669,168,39,299,1,3,13,2,2,2,1,3,1,5
23,113,2599,136,6417099,1,1,-6417098,5419584,669,168,39,299,1,3,13,2,2,2,1,3,1,5
23,113,2599,136,6417099,2,3,-19251296,5419584,669,168,39,299,1,3,13,2,2,2,1,3,1,6
23,113,2599,136,6417099,3,7,-44919692,5419584,669,168,39,299,1,3,13,2,2,2,1,3,1,1
23,113,2599,136,6417099,5,21,-134759078,5419584,669,168,39,299,1,3,13,2,2,2,1,3,1,1
23,113,2599,136,6417099,7,43,-275935256,5419584,669,168,39,299,1,3,13,2,2,2,1,3,1,5
23,113,2599,136,6417099,11,111,-712297988,5419584,669,168,39,299,1,3,13,2,2,2,1,3,1,4
23,127,2921,150,8113521,-2,7,-56794646,6874884,1771,1904,1761,2049,1,1,3,2,1,2,1,3,1,1
23,127,2921,150,8113521,-1,3,-24340562,6874884,1771,1904,1761,2049,1,1,3,2,1,2,1,3,1,6
23,127,2921,150,8113521,0,1,-8113520,6874884,1771,1904,1761,2049,1,1,3,2,1,2,1,3,1,5
23,127,2921,150,8113521,1,1,-8113520,6874884,1771,1904,1761,2049,1,1,3,2,1,2,1,3,1,5
23,127,2921,150,8113521,2,3,-24340562,6874884,1771,1904,1761,2049,1,1,3,2,1,2,1,3,1,6
23,127,2921,150,8113521,3,7,-56794646,6874884,1771,1904,1761,2049,1,1,3,2,1,2,1,3,1,1
23,127,2921,150,8113521,5,21,-170383940,6874884,1771,1904,1761,2049,1,1,3,2,1,2,1,3,1,1
23,127,2921,150,8113521,7,43,-348881402,6874884,1771,1904,1761,2049,1,1,3,2,1,2,1,3,1,5
23,127,2921,150,8113521,11,111,-900600830,6874884,1771,1904,1761,2049,1,1,3,2,1,2,1,3,1,4
23,131,3013,154,8634717,-2,7,-60443018,7322436,846,2472,2325,2621,1,3,1,2,2,2,5,3,0,1
23,131,3013,154,8634717,-1,3,-25904150,7322436,846,2472,2325,2621,1,3,1,2,2,2,5,3,0,1
23,131,3013,154,8634717,0,1,-8634716,7322436,846,2472,2325,2621,1,3,1,2,2,2,5,3,0,1
23,131,3013,154,8634717,1,1,-8634716,7322436,846,2472,2325,2621,1,3,1,2,2,2,5,3,0,1
23,131,3013,154,8634717,2,3,-25904150,7322436,846,2472,2325,2621,1,3,1,2,2,2,5,3,0,1
23,131,3013,154,8634717,3,7,-60443018,7322436,846,2472,2325,2621,1,3,1,2,2,2,5,3,0,1
23,131,3013,154,8634717,5,21,-181329056,7322436,846,2472,2325,2621,1,3,1,2,2,2,5,3,0,1
23,131,3013,154,8634717,7,43,-371292830,7322436,846,2472,2325,2621,1,3,1,2,2,2,5,3,0,1
23,131,3013,154,8634717,11,111,-958453586,7322436,846,2472,2325,2621,1,3,1,2,2,2,5,3,0,1
23,137,3151,160,9446931,-2,7,-66128516,8020224,929,233,81,387,1,9,1,2,2,2,4,3,6,1
23,137,3151,160,9446931,-1,3,-28340792,8020224,929,233,81,387,1,9,1,2,2,2,4,3,6,3
23,137,3151,160,9446931,0,1,-9446930,8020224,929,233,81,387,1,9,1,2,2,2,4,3,6,4
23,137,3151,160,9446931,1,1,-9446930,8020224,929,233,81,387,1,9,1,2,2,2,4,3,6,4
23,137,3151,160,9446931,2,3,-28340792,8020224,929,233,81,387,1,9,1,2,2,2,4,3,6,3
23,137,3151,160,9446931,3,7,-66128516,8020224,929,233,81,387,1,9,1,2,2,2,4,3,6,1
23,137,3151,160,9446931,5,21,-198385550,8020224,929,233,81,387,1,9,1,2,2,2,4,3,6,1
23,137,3151,160,9446931,7,43,-406218032,8020224,929,233,81,387,1,9,1,2,2,2,4,3,6,4
23,137,3151,160,9446931,11,111,-1048609340,8020224,929,233,81,387,1,9,1,2,2,2,4,3,6,5
23,139,3197,162,9725781,-2,7,-68080466,8259876,2025,507,353,663,1,1,39,2,1,2,6,3,3,1
23,139,3197,162,9725781,-1,3,-29177342,8259876,2025,507,353,663,1,1,39,2,1,2,6,3,3,2
23,139,3197,162,9725781,0,1,-9725780,8259876,2025,507,353,663,1,1,39,2,1,2,6,3,3,6
23,139,3197,162,9725781,1,1,-9725780,8259876,2025,507,353,663,1,1,39,2,1,2,6,3,3,6
23,139,3197,162,9725781,2,3,-29177342,8259876,2025,507,353,663,1,1,39,2,1,2,6,3,3,2
23,139,3197,162,9725781,3,7,-68080466,8259876,2025,507,353,663,1,1,39,2,1,2,6,3,3,1
23,139,3197,162,9725781,5,21,-204241400,8259876,2025,507,353,663,1,1,39,2,1,2,6,3,3,1
23,139,3197,162,9725781,7,43,-418208582,8259876,2025,507,353,663,1,1,39,2,1,2,6,3,3,6
23,139,3197,162,9725781,11,111,-1079561690,8259876,2025,507,353,663,1,1,39,2,1,2,6,3,3,3
23,149,3427,172,11180871,-2,7,-78266096,9511056,1131,1997,1833,2163,1,3,1,2,2,2,2,3,3,1
23,149,3427,172,11180871,-1,3,-33542612,9511056,1131,1997,1833,2163,1,3,1,2,2,2,2,3,3,2
23,149,3427,172,11180871,0,1,-11180870,9511056,1131,1997,1833,2163,1,3,1,2,2,2,2,3,3,6
23,149,3427,172,11180871,1,1,-11180870,9511056,1131,1997,1833,2163,1,3,1,2,2,2,2,3,3,6
23,149,3427,172,11180871,2,3,-33542612,9511056,1131,1997,1833,2163,1,3,1,2,2,2,2,3,3,2
23,149,3427,172,11180871,3,7,-78266096,9511056,1131,1997,1833,2163,1,3,1,2,2,2,2,3,3,1
23,149,3427,172,11180871,5,21,-234798290,9511056,1131,1997,1833,2163,1,3,1,2,2,2,2,3,3,1
23,149,3427,172,11180871,7,43,-480777452,9511056,1131,1997,1833,2163,1,3,1,2,2,2,2,3,3,6
23,149,3427,172,11180871,11,111,-1241076680,9511056,1131,1997,1833,2163,1,3,1,2,2,2,2,3,3,3
23,151,3473,174,11484057,-2,7,-80388398,9771876,2327,2319,2153,2487,1,1,3,2,1,2,4,3,6,1
23,151,3473,174,11484057,-1,3,-34452170,9771876,2327,2319,2153,2487,1,1,3,2,1,2,4,3,6,3
23,151,3473,174,11484057,0,1,-11484056,9771876,2327,2319,2153,2487,1,1,3,2,1,2,4,3,6,4
23,151,3473,174,11484057,1,1,-11484056,9771876,2327,2319,2153,2487,1,1,3,2,1,2,4,3,6,4
23,151,3473,174,11484057,2,3,-34452170,9771876,2327,2319,2153,2487,1,1,3,2,1,2,4,3,6,3
23,151,3473,174,11484057,3,7,-80388398,9771876,2327,2319,2153,2487,1,1,3,2,1,2,4,3,6,1
23,151,3473,174,11484057,5,21,-241165196,9771876,2327,2319,2153,2487,1,1,3,2,1,2,4,3,6,1
23,151,3473,174,11484057,7,43,-493814450,9771876,2327,2319,2153,2487,1,1,3,2,1,2,4,3,6,4
23,151,3473,174,11484057,11,111,-1274730326,9771876,2327,2319,2153,2487,1,1,3,2,1,2,4,3,6,5
23,157,3611,180,12417951,-2,7,-86925656,10575504,2496,3333,3161,3507,1,1,21,2,1,2,3,3,0,1
23,157,3611,180,12417951,-1,3,-37253852,10575504,2496,3333,3161,3507,1,1,21,2,1,2,3,3,0,1
23,157,3611,180,12417951,0,1,-12417950,10575504,2496,3333,3161,3507,1,1,21,2,1,2,3,3,0,1
23,157,3611,180,12417951,1,1,-12417950,10575504,2496,3333,3161,3507,1,1,21,2,1,2,3,3,0,1
23,157,3611,180,12417951,2,3,-37253852,10575504,2496,3333,3161,3507,1,1,21,2,1,2,3,3,0,1
23,157,3611,180,12417951,3,7,-86925656,10575504,2496,3333,3161,3507,1,1,21,2,1,2,3,3,0,1
23,157,3611,180,12417951,5,21,-260776970,10575504,2496,3333,3161,3507,1,1,21,2,1,2,3,3,0,1
23,157,3611,180,12417951,7,43,-533971892,10575504,2496,3333,3161,3507,1,1,21,2,1,2,3,3,0,1
23,157,3611,180,12417951,11,111,-1378392560,10575504,2496,3333,3161,3507,1,1,21,2,1,2,3,3,0,1
23,163,3749,186,13388349,-2,7,-93718442,11410884,2677,670,493,849,1,1,3,2,1,2,2,3,3,1
23,163,3749,186,13388349,-1,3,-40165046,11410884,2677,670,493,849,1,1,3,2,1,2,2,3,3,2
23,163,3749,186,13388349,0,1,-13388348,11410884,2677,670,493,849,1,1,3,2,1,2,2,3,3,6
23,163,3749,186,13388349,1,1,-13388348,11410884,2677,670,493,849,1,1,3,2,1,2,2,3,3,6
23,163,3749,186,13388349,2,3,-40165046,11410884,2677,670,493,849,1,1,3,2,1,2,2,3,3,2
23,163,3749,186,13388349,3,7,-93718442,11410884,2677,670,493,849,1,1,3,2,1,2,2,3,3,1
23,163,3749,186,13388349,5,21,-281155328,11410884,2677,670,493,849,1,1,3,2,1,2,2,3,3,1
23,163,3749,186,13388349,7,43,-575699006,11410884,2677,670,493,849,1,1,3,2,1,2,2,3,3,6
23,163,3749,186,13388349,11,111,-1486106738,11410884,2677,670,493,849,1,1,3,2,1,2,2,3,3,3
23,167,3841,190,14055561,-2,7,-98388926,11985444,1524,1342,1161,1525,1,3,1,2,2,2,6,3,3,1
23,167,3841,190,14055561,-1,3,-42166682,11985444,1524,1342,1161,1525,1,3,1,2,2,2,6,3,3,2
23,167,3841,190,14055561,0,1,-14055560,11985444,1524,1342,1161,1525,1,3,1,2,2,2,6,3,3,6
23,167,3841,190,14055561,1,1,-14055560,11985444,1524,1342,1161,1525,1,3,1,2,2,2,6,3,3,6
23,167,3841,190,14055561,2,3,-42166682,11985444,1524,1342,1161,1525,1,3,1,2,2,2,6,3,3,2
23,167,3841,190,14055561,3,7,-98388926,11985444,1524,1342,1161,1525,1,3,1,2,2,2,6,3,3,1
23,167,3841,190,14055561,5,21,-295166780,11985444,1524,1342,1161,1525,1,3,1,2,2,2,6,3,3,1
23,167,3841,190,14055561,7,43,-604389122,11985444,1524,1342,1161,1525,1,3,1,2,2,2,6,3,3,6
23,167,3841,190,14055561,11,111,-1560167270,11985444,1524,1342,1161,1525,1,3,1,2,2,2,6,3,3,3
23,173,3979,196,15086799,-2,7,-105607592,12873744,1679,2410,2223,2599,1,117,1,2,2,2,5,3,0,1
23,173,3979,196,15086799,-1,3,-45260396,12873744,1679,2410,2223,2599,1,117,1,2,2,2,5,3,0,1
23,173,3979,196,15086799,0,1,-15086798,12873744,1679,2410,2223,2599,1,117,1,2,2,2,5,3,0,1
23,173,3979,196,15086799,1,1,-15086798,12873744,1679,2410,2223,2599,1,117,1,2,2,2,5,3,0,1
23,173,3979,196,15086799,2,3,-45260396,12873744,1679,2410,2223,2599,1,117,1,2,2,2,5,3,0,1
23,173,3979,196,15086799,3,7,-105607592,12873744,1679,2410,2223,2599,1,117,1,2,2,2,5,3,0,1
23,173,3979,196,15086799,5,21,-316822778,12873744,1679,2410,2223,2599,1,117,1,2,2,2,5,3,0,1
23,173,3979,196,15086799,7,43,-648732356,12873744,1679,2410,2223,2599,1,117,1,2,2,2,5,3,0,1
23,173,3979,196,15086799,11,111,-1674634688,12873744,1679,2410,2223,2599,1,117,1,2,2,2,5,3,0,1
23,179,4117,202,16154541,-2,7,-113081786,13793796,1846,3550,3357,3745,1,3,1,2,2,2,4,3,6,1
23,179,4117,202,16154541,-1,3,-48463622,13793796,1846,3550,3357,3745,1,3,1,2,2,2,4,3,6,3
23,179,4117,202,16154541,0,1,-16154540,13793796,1846,3550,3357,3745,1,3,1,2,2,2,4,3,6,4
23,179,4117,202,16154541,1,1,-16154540,13793796,1846,3550,3357,3745,1,3,1,2,2,2,4,3,6,4
23,179,4117,202,16154541,2,3,-48463622,13793796,1846,3550,3357,3745,1,3,1,2,2,2,4,3,6,3
23,179,4117,202,16154541,3,7,-113081786,13793796,1846,3550,3357,3745,1,3,1,2,2,2,4,3,6,1
23,179,4117,202,16154541,5,21,-339245360,13793796,1846,3550,3357,3745,1,3,1,2,2,2,4,3,6,1
23,179,4117,202,16154541,7,43,-694645262,13793796,1846,3550,3357,3745,1,3,1,2,2,2,4,3,6,4
23,179,4117,202,16154541,11,111,-1793154050,13793796,1846,3550,3357,3745,1,3,1,2,2,2,4,3,6,5
23,181,4163,204,16518567,-2,7,-115629968,14107536,3292,3946,3751,4143,1,1,3,2,1,2,6,3,3,1
23,181,4163,204,16518567,-1,3,-49555700,14107536,3292,3946,3751,4143,1,1,3,2,1,2,6,3,3,2
23,181,4163,204,16518567,0,1,-16518566,14107536,3292,3946,3751,4143,1,1,3,2,1,2,6,3,3,6
23,181,4163,204,16518567,1,1,-16518566,14107536,3292,3946,3751,4143,1,1,3,2,1,2,6,3,3,6
23,181,4163,204,16518567,2,3,-49555700,14107536,3292,3946,3751,4143,1,1,3,2,1,2,6,3,3,2
23,181,4163,204,16518567,3,7,-115629968,14107536,3292,3946,3751,4143,1,1,3,2,1,2,6,3,3,1
23,181,4163,204,16518567,5,21,-346889906,14107536,3292,3946,3751,4143,1,1,3,2,1,2,6,3,3,1
23,181,4163,204,16518567,7,43,-710298380,14107536,3292,3946,3751,4143,1,1,3,2,1,2,6,3,3,6
23,181,4163,204,16518567,11,111,-1833560936,14107536,3292,3946,3751,4143,1,1,3,2,1,2,6,3,3,3
23,191,4393,214,18399537,-2,7,-128796758,15729156,2216,1653,1449,1859,1,9,169,2,2,2,2,3,3,1
23,191,4393,214,18399537,-1,3,-55198610,15729156,2216,1653,1449,1859,1,9,169,2,2,2,2,3,3,2
23,191,4393,214,18399537,0,1,-18399536,15729156,2216,1653,1449,1859,1,9,169,2,2,2,2,3,3,6
23,191,4393,214,18399537,1,1,-18399536,15729156,2216,1653,1449,1859,1,9,169,2,2,2,2,3,3,6
23,191,4393,214,18399537,2,3,-55198610,15729156,2216,1653,1449,1859,1,9,169,2,2,2,2,3,3,2
23,191,4393,214,18399537,3,7,-128796758,15729156,2216,1653,1449,1859,1,9,169,2,2,2,2,3,3,1
23,191,4393,214,18399537,5,21,-386390276,15729156,2216,1653,1449,1859,1,9,169,2,2,2,2,3,3,1
23,191,4393,214,18399537,7,43,-791180090,15729156,2216,1653,1449,1859,1,9,169,2,2,2,2,3,3,6
23,191,4393,214,18399537,11,111,-2042348606,15729156,2216,1653,1449,1859,1,9,169,2,2,2,2,3,3,3
23,193,4439,216,18787899,-2,7,-131515292,16064064,3762,2051,1845,2259,1,1,3,2,1,2,4,3,6,1
23,193,4439,216,18787899,-1,3,-56363696,16064064,3762,2051,1845,2259,1,1,3,2,1,2,4,3,6,3
23,193,4439,216,18787899,0,1,-18787898,16064064,3762,2051,1845,2259,1,1,3,2,1,2,4,3,6,4
23,193,4439,216,18787899,1,1,-18787898,16064064,3762,2051,1845,2259,1,1,3,2,1,2,4,3,6,4
23,193,4439,216,18787899,2,3,-56363696,16064064,3762,2051,1845,2259,1,1,3,2,1,2,4,3,6,3
23,193,4439,216,18787899,3,7,-131515292,16064064,3762,2051,1845,2259,1,1,3,2,1,2,4,3,6,1
23,193,4439,216,18787899,5,21,-394545878,16064064,3762,2051,1845,2259,1,1,3,2,1,2,4,3,6,1
23,193,4439,216,18787899,7,43,-807879656,16064064,3762,2051,1845,2259,1,1,3,2,1,2,4,3,6,4
23,193,4439,216,18787899,11,111,-2085456788,16064064,3762,2051,1845,2259,1,1,3,2,1,2,4,3,6,5
23,197,4531,220,19576791,-2,7,-137037536,16744464,2419,2871,2661,3083,1,3,1,2,2,2,1,3,1,1
23,197,4531,220,19576791,-1,3,-58730372,16744464,2419,2871,2661,3083,1,3,1,2,2,2,1,3,1,6
23,197,4531,220,19576791,0,1,-19576790,16744464,2419,2871,2661,3083,1,3,1,2,2,2,1,3,1,5
23,197,4531,220,19576791,1,1,-19576790,16744464,2419,2871,2661,3083,1,3,1,2,2,2,1,3,1,5
23,197,4531,220,19576791,2,3,-58730372,16744464,2419,2871,2661,3083,1,3,1,2,2,2,1,3,1,6
23,197,4531,220,19576791,3,7,-137037536,16744464,2419,2871,2661,3083,1,3,1,2,2,2,1,3,1,1
23,197,4531,220,19576791,5,21,-411112610,16744464,2419,2871,2661,3083,1,3,1,2,2,2,1,3,1,1
23,197,4531,220,19576791,7,43,-841802012,16744464,2419,2871,2661,3083,1,3,1,2,2,2,1,3,1,5
23,197,4531,220,19576791,11,111,-2173023800,16744464,2419,2871,2661,3083,1,3,1,2,2,2,1,3,1,4
23,199,4577,222,19977321,-2,7,-139841246,17089956,4015,3293,3081,3507,1,13,21,2,1,2,3,3,0,1
23,199,4577,222,19977321,-1,3,-59931962,17089956,4015,3293,3081,3507,1,13,21,2,1,2,3,3,0,1
23,199,4577,222,19977321,0,1,-19977320,17089956,4015,3293,3081,3507,1,13,21,2,1,2,3,3,0,1
23,199,4577,222,19977321,1,1,-19977320,17089956,4015,3293,3081,3507,1,13,21,2,1,2,3,3,0,1
23,199,4577,222,19977321,2,3,-59931962,17089956,4015,3293,3081,3507,1,13,21,2,1,2,3,3,0,1
23,199,4577,222,19977321,3,7,-139841246,17089956,4015,3293,3081,3507,1,13,21,2,1,2,3,3,0,1
23,199,4577,222,19977321,5,21,-419523740,17089956,4015,3293,3081,3507,1,13,21,2,1,2,3,3,0,1
23,199,4577,222,19977321,7,43,-859024802,17089956,4015,3293,3081,3507,1,13,21,2,1,2,3,3,0,1
23,199,4577,222,19977321,11,111,-2217482630,17089956,4015,3293,3081,3507,1,13,21,2,1,2,3,3,0,1
29,31,899,60,756903,-2,7,-5298320,608400,676,844,787,3,1,1,3,2,1,1,3,1,0,1
29,31,899,60,756903,-1,3,-2270708,608400,676,844,787,3,1,1,3,2,1,1,3,1,0,1
29,31,899,60,756903,0,1,-756902,608400,676,844,787,3,1,1,3,2,1,1,3,1,0,1
29,31,899,60,756903,1,1,-756902,608400,676,844,787,3,1,1,3,2,1,1,3,1,0,1
29,31,899,60,756903,2,3,-2270708,608400,676,844,787,3,1,1,3,2,1,1,3,1,0,1
29,31,899,60,756903,3,7,-5298320,608400,676,844,787,3,1,1,3,2,1,1,3,1,0,1
29,31,899,60,756903,5,21,-15894962,608400,676,844,787,3,1,1,3,2,1,1,3,1,0,1
29,31,899,60,756903,7,43,-32546828,608400,676,844,787,3,1,1,3,2,1,1,3,1,0,1
29,31,899,60,756903,11,111,-84016232,608400,676,844,787,3,1,1,3,2,1,1,3,1,0,1
29,37,1073,66,1083729,-2,7,-7586102,887364,1066,1072,1009,63,1,1,3,2,1,1,2,1,3,1
29,37,1073,66,1083729,-1,3,-3251186,887364,1066,1072,1009,63,1,1,3,2,1,1,2,1,3,6
29,37,1073,66,1083729,0,1,-1083728,887364,1066,1072,1009,63,1,1,3,2,1,1,2,1,3,5
29,37,1073,66,1083729,1,1,-1083728,887364,1066,1072,1009,63,1,1,3,2,1,1,2,1,3,5
29,37,1073,66,1083729,2,3,-3251186,887364,1066,1072,1009,63,1,1,3,2,1,1,2,1,3,6
29,37,1073,66,1083729,3,7,-7586102,887364,1066,1072,1009,63,1,1,3,2,1,1,2,1,3,1
29,37,1073,66,1083729,5,21,-22758308,887364,1066,1072,1009,63,1,1,3,2,1,1,2,1,3,1
29,37,1073,66,1083729,7,43,-46600346,887364,1066,1072,1009,63,1,1,3,2,1,1,2,1,3,5
29,37,1073,66,1083729,11,111,-120293918,887364,1066,1072,1009,63,1,1,3,2,1,1,2,1,3,4
29,41,1189,70,1334133,-2,7,-9338930,1102500,297,75,9,143,1,9,1,2,2,1,6,1,3,1
29,41,1189,70,1334133,-1,3,-4002398,1102500,297,75,9,143,1,9,1,2,2,1,6,1,3,6
29,41,1189,70,1334133,0,1,-1334132,1102500,297,75,9,143,1,9,1,2,2,1,6,1,3,5
29,41,1189,70,1334133,1,1,-1334132,1102500,297,75,9,143,1,9,1,2,2,1,6,1,3,5
29,41,1189,70,1334133,2,3,-4002398,1102500,297,75,9,143,1,9,1,2,2,1,6,1,3,6
29,41,1189,70,1334133,3,7,-9338930,1102500,297,75,9,143,1,9,1,2,2,1,6,1,3,1
29,41,1189,70,1334133,5,21,-28016792,1102500,297,75,9,143,1,9,1,2,2,1,6,1,3,1
29,41,1189,70,1334133,7,43,-57367718,1102500,297,75,9,143,1,9,1,2,2,1,6,1,3,5
29,41,1189,70,1334133,11,111,-148088762,1102500,297,75,9,143,1,9,1,2,2,1,6,1,3,4
29,43,1247,72,1469091,-2,7,-10283636,1218816,497,125,57,195,1,1,39,2,1,1,1,1,1,1
29,43,1247,72,1469091,-1,3,-4407272,1218816,497,125,57,195,1,1,39,2,1,1,1,1,1,5
29,43,1247,72,1469091,0,1,-1469090,1218816,497,125,57,195,1,1,39,2,1,1,1,1,1,0
29,43,1247,72,1469091,1,1,-1469090,1218816,497,125,57,195,1,1,39,2,1,1,1,1,1,0
29,43,1247,72,1469091,2,3,-4407272,1218816,497,125,57,195,1,1,39,2,1,1,1,1,1,5
29,43,1247,72,1469091,3,7,-10283636,1218816,497,125,57,195,1,1,39,2,1,1,1,1,1,1
29,43,1247,72,1469091,5,21,-30850910,1218816,497,125,57,195,1,1,39,2,1,1,1,1,1,1
29,43,1247,72,1469091,7,43,-63170912,1218816,497,125,57,195,1,1,39,2,1,1,1,1,1,0
29,43,1247,72,1469091,11,111,-163069100,1218816,497,125,57,195,1,1,39,2,1,1,1,1,1,2
29,47,1363,76,1758519,-2,7,-12309632,1468944,993,249,177,323,1,3,1,2,2,1,5,1,0,1
29,47,1363,76,1758519,-1,3,-5275556,1468944,993,249,177,323,1,3,1,2,2,1,5,1,0,1
29,47,1363,76,1758519,0,1,-1758518,1468944,993,249,177,323,1,3,1,2,2,1,5,1,0,1
29,47,1363,76,1758519,1,1,-1758518,1468944,993,249,177,323,1,3,1,2,2,1,5,1,0,1
29,47,1363,76,1758519,2,3,-5275556,1468944,993,249,177,323,1,3,1,2,2,1,5,1,0,1
29,47,1363,76,1758519,3,7,-12309632,1468944,993,249,177,323,1,3,1,2,2,1,5,1,0,1
29,47,1363,76,1758519,5,21,-36928898,1468944,993,249,177,323,1,3,1,2,2,1,5,1,0,1
29,47,1363,76,1758519,7,43,-75616316,1468944,993,249,177,323,1,3,1,2,2,1,5,1,0,1
29,47,1363,76,1758519,11,111,-195195608,1468944,993,249,177,323,1,3,1,2,2,1,5,1,0,1
29,53,1537,82,2241441,-2,7,-15690086,1887876,440,495,417,575,1,3,1,2,2,1,4,1,6,1
29,53,1537,82,2241441,-1,3,-6724322,1887876,440,495,417,575,1,3,1,2,2,1,4,1,6,4
29,53,1537,82,2241441,0,1,-2241440,1887876,440,495,417,575,1,3,1,2,2,1,4,1,6,2
29,53,1537,82,2241441,1,1,-2241440,1887876,440,495,417,575,1,3,1,2,2,1,4,1,6,2
29,53,1537,82,2241441,2,3,-6724322,1887876,440,495,417,575,1,3,1,2,2,1,4,1,6,4
29,53,1537,82,2241441,3,7,-15690086,1887876,440,495,417,575,1,3,1,2,2,1,4,1,6,1
29,53,1537,82,2241441,5,21,-47070260,1887876,440,495,417,575,1,3,1,2,2,1,4,1,6,1
29,53,1537,82,2241441,7,43,-96381962,1887876,440,495,417,575,1,3,1,2,2,1,4,1,6,2
29,53,1537,82,2241441,11,111,-248799950,1887876,440,495,417,575,1,3,1,2,2,1,4,1,6,0
29,59,1711,88,2782899,-2,7,-19480292,2359296,1538,813,729,899,1,9,1,2,2,1,3,1,0,1
29,59,1711,88,2782899,-1,3,-8348696,2359296,1538,813,729,899,1,9,1,2,2,1,3,1,0,1
29,59,1711,88,2782899,0,1,-2782898,2359296,1538,813,729,899,1,9,1,2,2,1,3,1,0,1
29,59,1711,88,2782899,1,1,-2782898,2359296,1538,813,729,899,1,9,1,2,2,1,3,1,0,1
29,59,1711,88,2782899,2,3,-8348696,2359296,1538,813,729,899,1,9,1,2,2,1,3,1,0,1
29,59,1711,88,2782899,3,7,-19480292,2359296,1538,813,729,899,1,9,1,2,2,1,3,1,0,1
29,59,1711,88,2782899,5,21,-58440878,2359296,1538,813,729,899,1,9,1,2,2,1,3,1,0,1
29,59,1711,88,2782899,7,43,-119664656,2359296,1538,813,729,899,1,9,1,2,2,1,3,1,0,1
29,59,1711,88,2782899,11,111,-308901788,2359296,1538,813,729,899,1,9,1,2,2,1,3,1,0,1
29,61,1769,90,2976393,-2,7,-20834750,2528100,199,935,849,1023,1,1,3,2,1,1,5,1,0,1
29,61,1769,90,2976393,-1,3,-8929178,2528100,199,935,849,1023,1,1,3,2,1,1,5,1,0,1
29,61,1769,90,2976393,0,1,-2976392,2528100,199,935,849,1023,1,1,3,2,1,1,5,1,0,1
29,61,1769,90,2976393,1,1,-2976392,2528100,199,935,849,1023,1,1,3,2,1,1,5,1,0,1
29,61,1769,90,2976393,2,3,-8929178,2528100,199,935,849,1023,1,1,3,2,1,1,5,1,0,1
29,61,1769,90,2976393,3,7,-20834750,2528100,199,935,849,1023,1,1,3,2,1,1,5,1,0,1
29,61,1769,90,2976393,5,21,-62504252,2528100,199,935,849,1023,1,1,3,2,1,1,5,1,0,1
29,61,1769,90,2976393,7,43,-127984898,2528100,199,935,849,1023,1,1,3,2,1,1,5,1,0,1
29,61,1769,90,2976393,11,111,-330379622,2528100,199,935,849,1023,1,1,3,2,1,1,5,1,0,1
29,67,1943,96,3595899,-2,7,-25171292,3069504,1507,1349,1257,1443,1,1,3,2,1,1,4,1,6,1
29,67,1943,96,3595899,-1,3,-10787696,3069504,1507,1349,1257,1443,1,1,3,2,1,1,4,1,6,4
29,67,1943,96,3595899,0,1,-3595898,3069504,1507,1349,1257,1443,1,1,3,2,1,1,4,1,6,2
29,67,1943,96,3595899,1,1,-3595898,3069504,1507,1349,1257,1443,1,1,3,2,1,1,4,1,6,2
29,67,1943,96,3595899,2,3,-10787696,3069504,1507,1349,1257,1443,1,1,3,2,1,1,4,1,6,4
29,67,1943,96,3595899,3,7,-25171292,3069504,1507,1349,1257,1443,1,1,3,2,1,1,4,1,6,1
29,67,1943,96,3595899,5,21,-75513878,3069504,1507,1349,1257,1443,1,1,3,2,1,1,4,1,6,1
29,67,1943,96,3595899,7,43,-154623656,3069504,1507,1349,1257,1443,1,1,3,2,1,1,4,1,6,2
29,67,1943,96,3595899,11,111,-399144788,3069504,1507,1349,1257,1443,1,1,3,2,1,1,4,1,6,0
29,71,2059,100,4041423,-2,7,-28289960,3459600,480,1665,1569,1763,1,3,1,2,2,1,1,1,1,1
29,71,2059,100,4041423,-1,3,-12124268,3459600,480,1665,1569,1763,1,3,1,2,2,1,1,1,1,5
29,71,2059,100,4041423,0,1,-4041422,3459600,480,1665,1569,1763,1,3,1,2,2,1,1,1,1,0
29,71,2059,100,4041423,1,1,-4041422,3459600,480,1665,1569,1763,1,3,1,2,2,1,1,1,1,0
29,71,2059,100,4041423,2,3,-12124268,3459600,480,1665,1569,1763,1,3,1,2,2,1,1,1,1,5
29,71,2059,100,4041423,3,7,-28289960,3459600,480,1665,1569,1763,1,3,1,2,2,1,1,1,1,1
29,71,2059,100,4041423,5,21,-84869882,3459600,480,1665,1569,1763,1,3,1,2,2,1,1,1,1,1
29,71,2059,100,4041423,7,43,-173781188,3459600,480,1665,1569,1763,1,3,1,2,2,1,1,1,1,0
29,71,2059,100,4041423,11,111,-448597952,3459600,480,1665,1569,1763,1,3,1,2,2,1,1,1,1,2
29,73,2117,102,4273941,-2,7,-29917586,3663396,986,1835,1737,1935,1,1,3,2,1,1,3,1,0,1
29,73,2117,102,4273941,-1,3,-12821822,3663396,986,1835,1737,1935,1,1,3,2,1,1,3,1,0,1
29,73,2117,102,4273941,0,1,-4273940,3663396,986,1835,1737,1935,1,1,3,2,1,1,3,1,0,1
29,73,2117,102,4273941,1,1,-4273940,3663396,986,1835,1737,1935,1,1,3,2,1,1,3,1,0,1
29,73,2117,102,4273941,2,3,-12821822,3663396,986,1835,1737,1935,1,1,3,2,1,1,3,1,0,1
29,73,2117,102,4273941,3,7,-29917586,3663396,986,1835,1737,1935,1,1,3,2,1,1,3,1,0,1
29,73,2117,102,4273941,5,21,-89752760,3663396,986,1835,1737,1935,1,1,3,2,1,1,3,1,0,1
29,73,2117,102,4273941,7,43,-183779462,3663396,986,1835,1737,1935,1,1,3,2,1,1,3,1,0,1
29,73,2117,102,4273941,11,111,-474407450,3663396,986,1835,1737,1935,1,1,3,2,1,1,3,1,0,1
29,79,2291,108,5010519,-2,7,-35073632,4309776,405,102,2289,207,1,1,3,2,1,1,2,1,3,1
29,79,2291,108,5010519,-1,3,-15031556,4309776,405,102,2289,207,1,1,3,2,1,1,2,1,3,6
29,79,2291,108,5010519,0,1,-5010518,4309776,405,102,2289,207,1,1,3,2,1,1,2,1,3,5
29,79,2291,108,5010519,1,1,-5010518,4309776,405,102,2289,207,1,1,3,2,1,1,2,1,3,5
29,79,2291,108,5010519,2,3,-15031556,4309776,405,102,2289,207,1,1,3,2,1,1,2,1,3,6
29,79,2291,108,5010519,3,7,-35073632,4309776,405,102,2289,207,1,1,3,2,1,1,2,1,3,1
29,79,2291,108,5010519,5,21,-105220898,4309776,405,102,2289,207,1,1,3,2,1,1,2,1,3,1
29,79,2291,108,5010519,7,43,-215452316,4309776,405,102,2289,207,1,1,3,2,1,1,2,1,3,5
29,79,2291,108,5010519,11,111,-556167608,4309776,405,102,2289,207,1,1,3,2,1,1,2,1,3,4
29,83,2407,112,5534091,-2,7,-38738636,4769856,1589,398,291,507,1,3,1,2,2,1,6,1,3,1
29,83,2407,112,5534091,-1,3,-16602272,4769856,1589,398,291,507,1,3,1,2,2,1,6,1,3,6
29,83,2407,112,5534091,0,1,-5534090,4769856,1589,398,291,507,1,3,1,2,2,1,6,1,3,5
29,83,2407,112,5534091,1,1,-5534090,4769856,1589,398,291,507,1,3,1,2,2,1,6,1,3,5
29,83,2407,112,5534091,2,3,-16602272,4769856,1589,398,291,507,1,3,1,2,2,1,6,1,3,6
29,83,2407,112,5534091,3,7,-38738636,4769856,1589,398,291,507,1,3,1,2,2,1,6,1,3,1
29,83,2407,112,5534091,5,21,-116215910,4769856,1589,398,291,507,1,3,1,2,2,1,6,1,3,1
29,83,2407,112,5534091,7,43,-237965912,4769856,1589,398,291,507,1,3,1,2,2,1,6,1,3,5
29,83,2407,112,5534091,11,111,-614284100,4769856,1589,398,291,507,1,3,1,2,2,1,6,1,3,4
29,89,2581,118,6368229,-2,7,-44577602,5503716,1024,902,789,1017,1,3,1,2,2,1,5,1,0,1
29,89,2581,118,6368229,-1,3,-19104686,5503716,1024,902,789,1017,1,3,1,2,2,1,5,1,0,1
29,89,2581,118,6368229,0,1,-6368228,5503716,1024,902,789,1017,1,3,1,2,2,1,5,1,0,1
29,89,2581,118,6368229,1,1,-6368228,5503716,1024,902,789,1017,1,3,1,2,2,1,5,1,0,1
29,89,2581,118,6368229,2,3,-19104686,5503716,1024,902,789,1017,1,3,1,2,2,1,5,1,0,1
29,89,2581,118,6368229,3,7,-44577602,5503716,1024,902,789,1017,1,3,1,2,2,1,5,1,0,1
29,89,2581,118,6368229,5,21,-133732808,5503716,1024,902,789,1017,1,3,1,2,2,1,5,1,0,1
29,89,2581,118,6368229,7,43,-273833846,5503716,1024,902,789,1017,1,3,1,2,2,1,5,1,0,1
29,89,2581,118,6368229,11,111,-706873418,5503716,1024,902,789,1017,1,3,1,2,2,1,5,1,0,1
29,97,2813,126,7571469,-2,7,-53000282,6563844,1115,1686,1565,1809,1,1,201,2,1,1,6,1,3,1
29,97,2813,126,7571469,-1,3,-22714406,6563844,1115,1686,1565,1809,1,1,201,2,1,1,6,1,3,6
29,97,2813,126,7571469,0,1,-7571468,6563844,1115,1686,1565,1809,1,1,201,2,1,1,6,1,3,5
29,97,2813,126,7571469,1,1,-7571468,6563844,1115,1686,1565,1809,1,1,201,2,1,1,6,1,3,5
29,97,2813,126,7571469,2,3,-22714406,6563844,1115,1686,1565,1809,1,1,201,2,1,1,6,1,3,6
29,97,2813,126,7571469,3,7,-53000282,6563844,1115,1686,1565,1809,1,1,201,2,1,1,6,1,3,1
29,97,2813,126,7571469,5,21,-159000848,6563844,1115,1686,1565,1809,1,1,201,2,1,1,6,1,3,1
29,97,2813,126,7571469,7,43,-325573166,6563844,1115,1686,1565,1809,1,1,201,2,1,1,6,1,3,5
29,97,2813,126,7571469,11,111,-840433058,6563844,1115,1686,1565,1809,1,1,201,2,1,1,6,1,3,4
29,101,2929,130,8212113,-2,7,-57484790,7128900,2643,2126,2001,2253,1,3,1,2,2,1,3,1,0,1
29,101,2929,130,8212113,-1,3,-24636338,7128900,2643,2126,2001,2253,1,3,1,2,2,1,3,1,0,1
29,101,2929,130,8212113,0,1,-8212112,7128900,2643,2126,2001,2253,1,3,1,2,2,1,3,1,0,1
29,101,2929,130,8212113,1,1,-8212112,7128900,2643,2126,2001,2253,1,3,1,2,2,1,3,1,0,1
29,101,2929,130,8212113,2,3,-24636338,7128900,2643,2126,2001,2253,1,3,1,2,2,1,3,1,0,1
29,101,2929,130,8212113,3,7,-57484790,7128900,2643,2126,2001,2253,1,3,1,2,2,1,3,1,0,1
29,101,2929,130,8212113,5,21,-172454372,7128900,2643,2126,2001,2253,1,3,1,2,2,1,3,1,0,1
29,101,2929,130,8212113,7,43,-353120858,7128900,2643,2126,2001,2253,1,3,1,2,2,1,3,1,0,1
29,101,2929,130,8212113,11,111,-911544542,7128900,2643,2126,2001,2253,1,3,1,2,2,1,3,1,0,1
29,103,2987,132,8542191,-2,7,-59795336,7420176,468,2358,2231,2487,1,1,3,2,1,1,5,1,0,1
29,103,2987,132,8542191,-1,3,-25626572,7420176,468,2358,2231,2487,1,1,3,2,1,1,5,1,0,1
29,103,2987,132,8542191,0,1,-8542190,7420176,468,2358,2231,2487,1,1,3,2,1,1,5,1,0,1
29,103,2987,132,8542191,1,1,-8542190,7420176,468,2358,2231,2487,1,1,3,2,1,1,5,1,0,1
29,103,2987,132,8542191,2,3,-25626572,7420176,468,2358,2231,2487,1,1,3,2,1,1,5,1,0,1
29,103,2987,132,8542191,3,7,-59795336,7420176,468,2358,2231,2487,1,1,3,2,1,1,5,1,0,1
29,103,2987,132,8542191,5,21,-179386010,7420176,468,2358,2231,2487,1,1,3,2,1,1,5,1,0,1
29,103,2987,132,8542191,7,43,-367314212,7420176,468,2358,2231,2487,1,1,3,2,1,1,5,1,0,1
29,103,2987,132,8542191,11,111,-948183200,7420176,468,2358,2231,2487,1,1,3,2,1,1,5,1,0,1
29,107,3103,136,9221859,-2,7,-64553012,8020224,2072,2846,2715,2979,1,3,1,2,2,1,2,1,3,1
29,107,3103,136,9221859,-1,3,-27665576,8020224,2072,2846,2715,2979,1,3,1,2,2,1,2,1,3,6
29,107,3103,136,9221859,0,1,-9221858,8020224,2072,2846,2715,2979,1,3,1,2,2,1,2,1,3,5
29,107,3103,136,9221859,1,1,-9221858,8020224,2072,2846,2715,2979,1,3,1,2,2,1,2,1,3,5
29,107,3103,136,9221859,2,3,-27665576,8020224,2072,2846,2715,2979,1,3,1,2,2,1,2,1,3,6
29,107,3103,136,9221859,3,7,-64553012,8020224,2072,2846,2715,2979,1,3,1,2,2,1,2,1,3,1
29,107,3103,136,9221859,5,21,-193659038,8020224,2072,2846,2715,2979,1,3,1,2,2,1,2,1,3,1
29,107,3103,136,9221859,7,43,-396539936,8020224,2072,2846,2715,2979,1,3,1,2,2,1,2,1,3,5
29,107,3103,136,9221859,11,111,-1023626348,8020224,2072,2846,2715,2979,1,3,1,2,2,1,2,1,3,4
29,109,3161,138,9571449,-2,7,-67000142,8328996,2922,3102,2969,75,1,1,3,2,1,1,4,1,6,1
29,109,3161,138,9571449,-1,3,-28714346,8328996,2922,3102,2969,75,1,1,3,2,1,1,4,1,6,4
29,109,3161,138,9571449,0,1,-9571448,8328996,2922,3102,2969,75,1,1,3,2,1,1,4,1,6,2
29,109,3161,138,9571449,1,1,-9571448,8328996,2922,3102,2969,75,1,1,3,2,1,1,4,1,6,2
29,109,3161,138,9571449,2,3,-28714346,8328996,2922,3102,2969,75,1,1,3,2,1,1,4,1,6,4
29,109,3161,138,9571449,3,7,-67000142,8328996,2922,3102,2969,75,1,1,3,2,1,1,4,1,6,1
29,109,3161,138,9571449,5,21,-201000428,8328996,2922,3102,2969,75,1,1,3,2,1,1,4,1,6,1
29,109,3161,138,9571449,7,43,-411572306,8328996,2922,3102,2969,75,1,1,3,2,1,1,4,1,6,2
29,109,3161,138,9571449,11,111,-1062430838,8328996,2922,3102,2969,75,1,1,3,2,1,1,4,1,6,0
29,113,3277,142,10290141,-2,7,-72030986,8964036,1441,361,225,499,1,9,1,2,2,1,1,1,1,1
29,113,3277,142,10290141,-1,3,-30870422,8964036,1441,361,225,499,1,9,1,2,2,1,1,1,1,5
29,113,3277,142,10290141,0,1,-10290140,8964036,1441,361,225,499,1,9,1,2,2,1,1,1,1,0
29,113,3277,142,10290141,1,1,-10290140,8964036,1441,361,225,499,1,9,1,2,2,1,1,1,1,0
29,113,3277,142,10290141,2,3,-30870422,8964036,1441,361,225,499,1,9,1,2,2,1,1,1,1,5
29,113,3277,142,10290141,3,7,-72030986,8964036,1441,361,225,499,1,9,1,2,2,1,1,1,1,1
29,113,3277,142,10290141,5,21,-216092960,8964036,1441,361,225,499,1,9,1,2,2,1,1,1,1,1
29,113,3277,142,10290141,7,43,-442476062,8964036,1441,361,225,499,1,9,1,2,2,1,1,1,1,0
29,113,3277,142,10290141,11,111,-1142205650,8964036,1441,361,225,499,1,9,1,2,2,1,1,1,1,2
29,127,3683,156,13010439,-2,7,-91073072,11370384,963,2083,1933,2235,1,1,3,2,1,1,1,1,1,1
29,127,3683,156,13010439,-1,3,-39031316,11370384,963,2083,1933,2235,1,1,3,2,1,1,1,1,1,5
29,127,3683,156,13010439,0,1,-13010438,11370384,963,2083,1933,2235,1,1,3,2,1,1,1,1,1,0
29,127,3683,156,13010439,1,1,-13010438,11370384,963,2083,1933,2235,1,1,3,2,1,1,1,1,1,0
29,127,3683,156,13010439,2,3,-39031316,11370384,963,2083,1933,2235,1,1,3,2,1,1,1,1,1,5
29,127,3683,156,13010439,3,7,-91073072,11370384,963,2083,1933,2235,1,1,3,2,1,1,1,1,1,1
29,127,3683,156,13010439,5,21,-273219218,11370384,963,2083,1933,2235,1,1,3,2,1,1,1,1,1,1
29,127,3683,156,13010439,7,43,-559448876,11370384,963,2083,1933,2235,1,1,3,2,1,1,1,1,1,0
29,127,3683,156,13010439,11,111,-1444158728,11370384,963,2083,1933,2235,1,1,3,2,1,1,1,1,1,2
29,131,3799,160,13846203,-2,7,-96923420,12110400,2987,2647,2493,2803,1,9,1,2,2,1,5,1,0,1
29,131,3799,160,13846203,-1,3,-41538608,12110400,2987,2647,2493,2803,1,9,1,2,2,1,5,1,0,1
29,131,3799,160,13846203,0,1,-13846202,12110400,2987,2647,2493,2803,1,9,1,2,2,1,5,1,0,1
29,131,3799,160,13846203,1,1,-13846202,12110400,2987,2647,2493,2803,1,9,1,2,2,1,5,1,0,1
29,131,3799,160,13846203,2,3,-41538608,12110400,2987,2647,2493,2803,1,9,1,2,2,1,5,1,0,1
29,131,3799,160,13846203,3,7,-96923420,12110400,2987,2647,2493,2803,1,9,1,2,2,1,5,1,0,1
29,131,3799,160,13846203,5,21,-290770262,12110400,2987,2647,2493,2803,1,9,1,2,2,1,5,1,0,1
29,131,3799,160,13846203,7,43,-595386728,12110400,2987,2647,2493,2803,1,9,1,2,2,1,5,1,0,1
29,131,3799,160,13846203,11,111,-1536928532,12110400,2987,2647,2493,2803,1,9,1,2,2,1,5,1,0,1
29,137,3973,166,15148629,-2,7,-106040402,13264164,2290,3553,3393,3715,1,3,1,2,2,1,4,1,6,1
29,137,3973,166,15148629,-1,3,-45445886,13264164,2290,3553,3393,3715,1,3,1,2,2,1,4,1,6,4
29,137,3973,166,15148629,0,1,-15148628,13264164,2290,3553,3393,3715,1,3,1,2,2,1,4,1,6,2
29,137,3973,166,15148629,1,1,-15148628,13264164,2290,3553,3393,3715,1,3,1,2,2,1,4,1,6,2
29,137,3973,166,15148629,2,3,-45445886,13264164,2290,3553,3393,3715,1,3,1,2,2,1,4,1,6,4
29,137,3973,166,15148629,3,7,-106040402,13264164,2290,3553,3393,3715,1,3,1,2,2,1,4,1,6,1
29,137,3973,166,15148629,5,21,-318121208,13264164,2290,3553,3393,3715,1,3,1,2,2,1,4,1,6,1
29,137,3973,166,15148629,7,43,-651391046,13264164,2290,3553,3393,3715,1,3,1,2,2,1,4,1,6,2
29,137,3973,166,15148629,11,111,-1681497818,13264164,2290,3553,3393,3715,1,3,1,2,2,1,4,1,6,0
29,139,4031,168,15595779,-2,7,-109170452,13660416,3388,3871,3709,3,1,1,3,2,1,1,6,1,3,1
29,139,4031,168,15595779,-1,3,-46787336,13660416,3388,3871,3709,3,1,1,3,2,1,1,6,1,3,6
29,139,4031,168,15595779,0,1,-15595778,13660416,3388,3871,3709,3,1,1,3,2,1,1,6,1,3,5
29,139,4031,168,15595779,1,1,-15595778,13660416,3388,3871,3709,3,1,1,3,2,1,1,6,1,3,5
29,139,4031,168,15595779,2,3,-46787336,13660416,3388,3871,3709,3,1,1,3,2,1,1,6,1,3,6
29,139,4031,168,15595779,3,7,-109170452,13660416,3388,3871,3709,3,1,1,3,2,1,1,6,1,3,1
29,139,4031,168,15595779,5,21,-327511358,13660416,3388,3871,3709,3,1,1,3,2,1,1,6,1,3,1
29,139,4031,168,15595779,7,43,-670618496,13660416,3388,3871,3709,3,1,1,3,2,1,1,6,1,3,5
29,139,4031,168,15595779,11,111,-1731131468,13660416,3388,3871,3709,3,1,1,3,2,1,1,6,1,3,4
29,149,4321,178,17929089,-2,7,-125503622,15729156,716,1260,1089,1433,1,9,1,2,2,1,2,1,3,1
29,149,4321,178,17929089,-1,3,-53787266,15729156,716,1260,1089,1433,1,9,1,2,2,1,2,1,3,6
29,149,4321,178,17929089,0,1,-17929088,15729156,716,1260,1089,1433,1,9,1,2,2,1,2,1,3,5
29,149,4321,178,17929089,1,1,-17929088,15729156,716,1260,1089,1433,1,9,1,2,2,1,2,1,3,5
29,149,4321,178,17929089,2,3,-53787266,15729156,716,1260,1089,1433,1,9,1,2,2,1,2,1,3,6
29,149,4321,178,17929089,3,7,-125503622,15729156,716,1260,1089,1433,1,9,1,2,2,1,2,1,3,1
29,149,4321,178,17929089,5,21,-376510868,15729156,716,1260,1089,1433,1,9,1,2,2,1,2,1,3,1
29,149,4321,178,17929089,7,43,-770950826,15729156,716,1260,1089,1433,1,9,1,2,2,1,2,1,3,5
29,149,4321,178,17929089,11,111,-1990128878,15729156,716,1260,1089,1433,1,9,1,2,2,1,2,1,3,4
29,151,4379,180,18415263,-2,7,-128906840,16160400,1890,1568,1395,1743,1,1,3,2,1,1,4,1,6,1
29,151,4379,180,18415263,-1,3,-55245788,16160400,1890,1568,1395,1743,1,1,3,2,1,1,4,1,6,4
29,151,4379,180,18415263,0,1,-18415262,16160400,1890,1568,1395,1743,1,1,3,2,1,1,4,1,6,2
29,151,4379,180,18415263,1,1,-18415262,16160400,1890,1568,1395,1743,1,1,3,2,1,1,4,1,6,2
29,151,4379,180,18415263,2,3,-55245788,16160400,1890,1568,1395,1743,1,1,3,2,1,1,4,1,6,4
29,151,4379,180,18415263,3,7,-128906840,16160400,1890,1568,1395,1743,1,1,3,2,1,1,4,1,6,1
29,151,4379,180,18415263,5,21,-386720522,16160400,1890,1568,1395,1743,1,1,3,2,1,1,4,1,6,1
29,151,4379,180,18415263,7,43,-791856308,16160400,1890,1568,1395,1743,1,1,3,2,1,1,4,1,6,2
29,151,4379,180,18415263,11,111,-2044094192,16160400,1890,1568,1395,1743,1,1,3,2,1,1,4,1,6,0
29,157,4553,186,19912809,-2,7,-139389662,17489124,1051,2540,2361,2721,1,1,3,2,1,1,3,1,0,1
29,157,4553,186,19912809,-1,3,-59738426,17489124,1051,2540,2361,2721,1,1,3,2,1,1,3,1,0,1
29,157,4553,186,19912809,0,1,-19912808,17489124,1051,2540,2361,2721,1,1,3,2,1,1,3,1,0,1
29,157,4553,186,19912809,1,1,-19912808,17489124,1051,2540,2361,2721,1,1,3,2,1,1,3,1,0,1
29,157,4553,186,19912809,2,3,-59738426,17489124,1051,2540,2361,2721,1,1,3,2,1,1,3,1,0,1
29,157,4553,186,19912809,3,7,-139389662,17489124,1051,2540,2361,2721,1,1,3,2,1,1,3,1,0,1
29,157,4553,186,19912809,5,21,-418168988,17489124,1051,2540,2361,2721,1,1,3,2,1,1,3,1,0,1
29,157,4553,186,19912809,7,43,-856250786,17489124,1051,2540,2361,2721,1,1,3,2,1,1,3,1,0,1
29,157,4553,186,19912809,11,111,-2210321798,17489124,1051,2540,2361,2721,1,1,3,2,1,1,3,1,0,1
29,163,4727,192,21468891,-2,7,-150282236,18870336,152,3584,3399,3771,1,1,3,2,1,1,2,1,3,1
29,163,4727,192,21468891,-1,3,-64406672,18870336,152,3584,3399,3771,1,1,3,2,1,1,2,1,3,6
29,163,4727,192,21468891,0,1,-21468890,18870336,152,3584,3399,3771,1,1,3,2,1,1,2,1,3,5
29,163,4727,192,21468891,1,1,-21468890,18870336,152,3584,3399,3771,1,1,3,2,1,1,2,1,3,5
29,163,4727,192,21468891,2,3,-64406672,18870336,152,3584,3399,3771,1,1,3,2,1,1,2,1,3,6
29,163,4727,192,21468891,3,7,-150282236,18870336,152,3584,3399,3771,1,1,3,2,1,1,2,1,3,1
29,163,4727,192,21468891,5,21,-450846710,18870336,152,3584,3399,3771,1,1,3,2,1,1,2,1,3,1
29,163,4727,192,21468891,7,43,-923162312,18870336,152,3584,3399,3771,1,1,3,2,1,1,2,1,3,5
29,163,4727,192,21468891,11,111,-2383046900,18870336,152,3584,3399,3771,1,1,3,2,1,1,2,1,3,4
29,167,4843,196,22538799,-2,7,-157771592,19820304,2748,4320,4131,4511,1,9,1,2,2,1,6,1,3,1
29,167,4843,196,22538799,-1,3,-67616396,19820304,2748,4320,4131,4511,1,9,1,2,2,1,6,1,3,6
29,167,4843,196,22538799,0,1,-22538798,19820304,2748,4320,4131,4511,1,9,1,2,2,1,6,1,3,5
29,167,4843,196,22538799,1,1,-22538798,19820304,2748,4320,4131,4511,1,9,1,2,2,1,6,1,3,5
29,167,4843,196,22538799,2,3,-67616396,19820304,2748,4320,4131,4511,1,9,1,2,2,1,6,1,3,6
29,167,4843,196,22538799,3,7,-157771592,19820304,2748,4320,4131,4511,1,9,1,2,2,1,6,1,3,1
29,167,4843,196,22538799,5,21,-473314778,19820304,2748,4320,4131,4511,1,9,1,2,2,1,6,1,3,1
29,167,4843,196,22538799,7,43,-969168356,19820304,2748,4320,4131,4511,1,9,1,2,2,1,6,1,3,5
29,167,4843,196,22538799,11,111,-2501806688,19820304,2748,4320,4131,4511,1,9,1,2,2,1,6,1,3,4
29,173,5017,202,24192441,-2,7,-169347086,21288996,1865,467,273,663,1,3,13,2,2,1,5,1,0,1
29,173,5017,202,24192441,-1,3,-72577322,21288996,1865,467,273,663,1,3,13,2,2,1,5,1,0,1
29,173,5017,202,24192441,0,1,-24192440,21288996,1865,467,273,663,1,3,13,2,2,1,5,1,0,1
29,173,5017,202,24192441,1,1,-24192440,21288996,1865,467,273,663,1,3,13,2,2,1,5,1,0,1
29,173,5017,202,24192441,2,3,-72577322,21288996,1865,467,273,663,1,3,13,2,2,1,5,1,0,1
29,173,5017,202,24192441,3,7,-169347086,21288996,1865,467,273,663,1,3,13,2,2,1,5,1,0,1
29,173,5017,202,24192441,5,21,-508041260,21288996,1865,467,273,663,1,3,13,2,2,1,5,1,0,1
29,173,5017,202,24192441,7,43,-1040274962,21288996,1865,467,273,663,1,3,13,2,2,1,5,1,0,1
29,173,5017,202,24192441,11,111,-2685360950,21288996,1865,467,273,663,1,3,13,2,2,1,5,1,0,1
29,179,5191,208,25904619,-2,7,-181332332,22810176,922,1529,1329,1731,1,3,1,2,2,1,4,1,6,1
29,179,5191,208,25904619,-1,3,-77713856,22810176,922,1529,1329,1731,1,3,1,2,2,1,4,1,6,4
29,179,5191,208,25904619,0,1,-25904618,22810176,922,1529,1329,1731,1,3,1,2,2,1,4,1,6,2
29,179,5191,208,25904619,1,1,-25904618,22810176,922,1529,1329,1731,1,3,1,2,2,1,4,1,6,2
29,179,5191,208,25904619,2,3,-77713856,22810176,922,1529,1329,1731,1,3,1,2,2,1,4,1,6,4
29,179,5191,208,25904619,3,7,-181332332,22810176,922,1529,1329,1731,1,3,1,2,2,1,4,1,6,1
29,179,5191,208,25904619,5,21,-543996998,22810176,922,1529,1329,1731,1,3,1,2,2,1,4,1,6,1
29,179,5191,208,25904619,7,43,-1113898616,22810176,922,1529,1329,1731,1,3,1,2,2,1,4,1,6,2
29,179,5191,208,25904619,11,111,-2875412708,22810176,922,1529,1329,1731,1,3,1,2,2,1,4,1,6,0
29,181,5249,210,26488353,-2,7,-185418470,23328900,2344,1899,1697,2103,1,1,3,2,1,1,6,1,3,1
29,181,5249,210,26488353,-1,3,-79465058,23328900,2344,1899,1697,2103,1,1,3,2,1,1,6,1,3,6
29,181,5249,210,26488353,0,1,-26488352,23328900,2344,1899,1697,2103,1,1,3,2,1,1,6,1,3,5
29,181,5249,210,26488353,1,1,-26488352,23328900,2344,1899,1697,2103,1,1,3,2,1,1,6,1,3,5
29,181,5249,210,26488353,2,3,-79465058,23328900,2344,1899,1697,2103,1,1,3,2,1,1,6,1,3,6
29,181,5249,210,26488353,3,7,-185418470,23328900,2344,1899,1697,2103,1,1,3,2,1,1,6,1,3,1
29,181,5249,210,26488353,5,21,-556255412,23328900,2344,1899,1697,2103,1,1,3,2,1,1,6,1,3,1
29,181,5249,210,26488353,7,43,-1138999178,23328900,2344,1899,1697,2103,1,1,3,2,1,1,6,1,3,5
29,181,5249,210,26488353,11,111,-2940207182,23328900,2344,1899,1697,2103,1,1,3,2,1,1,6,1,3,4
29,191,5539,220,29504583,-2,7,-206532080,26010000,4395,3869,3657,4083,1,3,1,2,2,1,2,1,3,1
29,191,5539,220,29504583,-1,3,-88513748,26010000,4395,3869,3657,4083,1,3,1,2,2,1,2,1,3,6
29,191,5539,220,29504583,0,1,-29504582,26010000,4395,3869,3657,4083,1,3,1,2,2,1,2,1,3,5
29,191,5539,220,29504583,1,1,-29504582,26010000,4395,3869,3657,4083,1,3,1,2,2,1,2,1,3,5
29,191,5539,220,29504583,2,3,-88513748,26010000,4395,3869,3657,4083,1,3,1,2,2,1,2,1,3,6
29,191,5539,220,29504583,3,7,-206532080,26010000,4395,3869,3657,4083,1,3,1,2,2,1,2,1,3,1
29,191,5539,220,29504583,5,21,-619596242,26010000,4395,3869,3657,4083,1,3,1,2,2,1,2,1,3,1
29,191,5539,220,29504583,7,43,-1268697068,26010000,4395,3869,3657,4083,1,3,1,2,2,1,2,1,3,5
29,191,5539,220,29504583,11,111,-3275008712,26010000,4395,3869,3657,4083,1,3,1,2,2,1,2,1,3,4
29,193,5597,222,30127341,-2,7,-210891386,26563716,354,4287,4073,4503,1,1,3,2,1,1,4,1,6,1
29,193,5597,222,30127341,-1,3,-90382022,26563716,354,4287,4073,4503,1,1,3,2,1,1,4,1,6,4
29,193,5597,222,30127341,0,1,-30127340,26563716,354,4287,4073,4503,1,1,3,2,1,1,4,1,6,2
29,193,5597,222,30127341,1,1,-30127340,26563716,354,4287,4073,4503,1,1,3,2,1,1,4,1,6,2
29,193,5597,222,30127341,2,3,-90382022,26563716,354,4287,4073,4503,1,1,3,2,1,1,4,1,6,4
29,193,5597,222,30127341,3,7,-210891386,26563716,354,4287,4073,4503,1,1,3,2,1,1,4,1,6,1
29,193,5597,222,30127341,5,21,-632674160,26563716,354,4287,4073,4503,1,1,3,2,1,1,4,1,6,1
29,193,5597,222,30127341,7,43,-1295475662,26563716,354,4287,4073,4503,1,1,3,2,1,1,4,1,6,2
29,193,5597,222,30127341,11,111,-3344134850,26563716,354,4287,4073,4503,1,1,3,2,1,1,4,1,6,0
29,197,5713,226,31392369,-2,7,-219746582,27688644,3446,5147,4929,5367,1,3,1,2,2,1,1,1,1,1
29,197,5713,226,31392369,-1,3,-94177106,27688644,3446,5147,4929,5367,1,3,1,2,2,1,1,1,1,5
29,197,5713,226,31392369,0,1,-31392368,27688644,3446,5147,4929,5367,1,3,1,2,2,1,1,1,1,0
29,197,5713,226,31392369,1,1,-31392368,27688644,3446,5147,4929,5367,1,3,1,2,2,1,1,1,1,0
29,197,5713,226,31392369,2,3,-94177106,27688644,3446,5147,4929,5367,1,3,1,2,2,1,1,1,1,5
29,197,5713,226,31392369,3,7,-219746582,27688644,3446,5147,4929,5367,1,3,1,2,2,1,1,1,1,1
29,197,5713,226,31392369,5,21,-659239748,27688644,3446,5147,4929,5367,1,3,1,2,2,1,1,1,1,1
29,197,5713,226,31392369,7,43,-1349871866,27688644,3446,5147,4929,5367,1,3,1,2,2,1,1,1,1,0
29,197,5713,226,31392369,11,111,-3484552958,27688644,3446,5147,4929,5367,1,3,1,2,2,1,1,1,1,2
29,199,5771,228,32034639,-2,7,-224242472,28259856,5040,5589,5369,39,1,1,39,2,1,1,3,1,0,1
29,199,5771,228,32034639,-1,3,-96103916,28259856,5040,5589,5369,39,1,1,39,2,1,1,3,1,0,1
29,199,5771,228,32034639,0,1,-32034638,28259856,5040,5589,5369,39,1,1,39,2,1,1,3,1,0,1
29,199,5771,228,32034639,1,1,-32034638,28259856,5040,5589,5369,39,1,1,39,2,1,1,3,1,0,1
29,199,5771,228,32034639,2,3,-96103916,28259856,5040,5589,5369,39,1,1,39,2,1,1,3,1,0,1
29,199,5771,228,32034639,3,7,-224242472,28259856,5040,5589,5369,39,1,1,39,2,1,1,3,1,0,1
29,199,5771,228,32034639,5,21,-672727418,28259856,5040,5589,5369,39,1,1,39,2,1,1,3,1,0,1
29,199,5771,228,32034639,7,43,-1377489476,28259856,5040,5589,5369,39,1,1,39,2,1,1,3,1,0,1
29,199,5771,228,32034639,11,111,-3555844928,28259856,5040,5589,5369,39,1,1,39,2,1,1,3,1,0,1
31,37,1147,68,1241023,-2,7,-8687160,1024144,1020,1116,1051,35,31,1,7,1,1,3,2,0,3,1
31,37,1147,68,1241023,-1,3,-3723068,1024144,1020,1116,1051,35,31,1,7,1,1,3,2,0,3,1
31,37,1147,68,1241023,0,1,-1241022,1024144,1020,1116,1051,35,31,1,7,1,1,3,2,0,3,1
31,37,1147,68,1241023,1,1,-1241022,1024144,1020,1116,1051,35,31,1,7,1,1,3,2,0,3,1
31,37,1147,68,1241023,2,3,-3723068,1024144,1020,1116,1051,35,31,1,7,1,1,3,2,0,3,1
31,37,1147,68,1241023,3,7,-8687160,1024144,1020,1116,1051,35,31,1,7,1,1,3,2,0,3,1
31,37,1147,68,1241023,5,21,-26061482,1024144,1020,1116,1051,35,31,1,7,1,1,3,2,0,3,1
31,37,1147,68,1241023,7,43,-53363988,1024144,1020,1116,1051,35,31,1,7,1,1,3,2,0,3,1
31,37,1147,68,1241023,11,111,-137753552,1024144,1020,1116,1051,35,31,1,7,1,1,3,2,0,3,1
31,41,1271,72,1527771,-2,7,-10694396,1272384,113,29,1231,99,1,1,3,1,2,3,6,0,3,1
31,41,1271,72,1527771,-1,3,-4583312,1272384,113,29,1231,99,1,1,3,1,2,3,6,0,3,1
31,41,1271,72,1527771,0,1,-1527770,1272384,113,29,1231,99,1,1,3,1,2,3,6,0,3,1
31,41,1271,72,1527771,1,1,-1527770,1272384,113,29,1231,99,1,1,3,1,2,3,6,0,3,1
31,41,1271,72,1527771,2,3,-4583312,1272384,113,29,1231,99,1,1,3,1,2,3,6,0,3,1
31,41,1271,72,1527771,3,7,-10694396,1272384,113,29,1231,99,1,1,3,1,2,3,6,0,3,1
31,41,1271,72,1527771,5,21,-32083190,1272384,113,29,1231,99,1,1,3,1,2,3,6,0,3,1
31,41,1271,72,1527771,7,43,-65694152,1272384,113,29,1231,99,1,1,3,1,2,3,6,0,3,1
31,41,1271,72,1527771,11,111,-169582580,1272384,113,29,1231,99,1,1,3,1,2,3,6,0,3,1
31,43,1333,74,1682317,-2,7,-11776218,1406596,281,71,1,143,1,1,1,1,1,3,1,0,1,1
31,43,1333,74,1682317,-1,3,-5046950,1406596,281,71,1,143,1,1,1,1,1,3,1,0,1,1
31,43,1333,74,1682317,0,1,-1682316,1406596,281,71,1,143,1,1,1,1,1,3,1,0,1,1
31,43,1333,74,1682317,1,1,-1682316,1406596,281,71,1,143,1,1,1,1,1,3,1,0,1,1
31,43,1333,74,1682317,2,3,-5046950,1406596,281,71,1,143,1,1,1,1,1,3,1,0,1,1
31,43,1333,74,1682317,3,7,-11776218,1406596,281,71,1,143,1,1,1,1,1,3,1,0,1,1
31,43,1333,74,1682317,5,21,-35328656,1406596,281,71,1,143,1,1,1,1,1,3,1,0,1,1
31,43,1333,74,1682317,7,43,-72339630,1406596,281,71,1,143,1,1,1,1,1,3,1,0,1,1
31,43,1333,74,1682317,11,111,-186737186,1406596,281,71,1,143,1,1,1,1,1,3,1,0,1,1
31,47,1457,78,2013753,-2,7,-14096270,1695204,713,179,105,255,1,7,3,1,2,3,5,0,0,1
31,47,1457,78,2013753,-1,3,-6041258,1695204,713,179,105,255,1,7,3,1,2,3,5,0,0,1
31,47,1457,78,2013753,0,1,-2013752,1695204,713,179,105,255,1,7,3,1,2,3,5,0,0,1
31,47,1457,78,2013753,1,1,-2013752,1695204,713,179,105,255,1,7,3,1,2,3,5,0,0,1
31,47,1457,78,2013753,2,3,-6041258,1695204,713,179,105,255,1,7,3,1,2,3,5,0,0,1
31,47,1457,78,2013753,3,7,-14096270,1695204,713,179,105,255,1,7,3,1,2,3,5,0,0,1
31,47,1457,78,2013753,5,21,-42288812,1695204,713,179,105,255,1,7,3,1,2,3,5,0,0,1
31,47,1457,78,2013753,7,43,-86591378,1695204,713,179,105,255,1,7,3,1,2,3,5,0,0,1
31,47,1457,78,2013753,11,111,-223526582,1695204,713,179,105,255,1,7,3,1,2,3,5,0,0,1
31,53,1643,84,2566767,-2,7,-17967368,2178576,1601,401,321,483,1,1,3,1,2,3,4,0,6,1
31,53,1643,84,2566767,-1,3,-7700300,2178576,1601,401,321,483,1,1,3,1,2,3,4,0,6,1
31,53,1643,84,2566767,0,1,-2566766,2178576,1601,401,321,483,1,1,3,1,2,3,4,0,6,1
31,53,1643,84,2566767,1,1,-2566766,2178576,1601,401,321,483,1,1,3,1,2,3,4,0,6,1
31,53,1643,84,2566767,2,3,-7700300,2178576,1601,401,321,483,1,1,3,1,2,3,4,0,6,1
31,53,1643,84,2566767,3,7,-17967368,2178576,1601,401,321,483,1,1,3,1,2,3,4,0,6,1
31,53,1643,84,2566767,5,21,-53902106,2178576,1601,401,321,483,1,1,3,1,2,3,4,0,6,1
31,53,1643,84,2566767,7,43,-110370980,2178576,1601,401,321,483,1,1,3,1,2,3,4,0,6,1
31,53,1643,84,2566767,11,111,-284911136,2178576,1601,401,321,483,1,1,3,1,2,3,4,0,6,1
31,59,1829,90,3186813,-2,7,-22307690,2722500,948,695,609,783,1,1,3,1,2,3,3,0,0,1
31,59,1829,90,3186813,-1,3,-9560438,2722500,948,695,609,783,1,1,3,1,2,3,3,0,0,1
31,59,1829,90,3186813,0,1,-3186812,2722500,948,695,609,783,1,1,3,1,2,3,3,0,0,1
31,59,1829,90,3186813,1,1,-3186812,2722500,948,695,609,783,1,1,3,1,2,3,3,0,0,1
31,59,1829,90,3186813,2,3,-9560438,2722500,948,695,609,783,1,1,3,1,2,3,3,0,0,1
31,59,1829,90,3186813,3,7,-22307690,2722500,948,695,609,783,1,1,3,1,2,3,3,0,0,1
31,59,1829,90,3186813,5,21,-66923072,2722500,948,695,609,783,1,1,3,1,2,3,3,0,0,1
31,59,1829,90,3186813,7,43,-137032958,2722500,948,695,609,783,1,1,3,1,2,3,3,0,0,1
31,59,1829,90,3186813,11,111,-353736242,2722500,948,695,609,783,1,1,3,1,2,3,3,0,0,1
31,61,1891,92,3408391,-2,7,-23858736,2917264,1342,809,721,899,1,7,1,1,1,3,5,0,0,1
31,61,1891,92,3408391,-1,3,-10225172,2917264,1342,809,721,899,1,7,1,1,1,3,5,0,0,1
31,61,1891,92,3408391,0,1,-3408390,2917264,1342,809,721,899,1,7,1,1,1,3,5,0,0,1
31,61,1891,92,3408391,1,1,-3408390,2917264,1342,809,721,899,1,7,1,1,1,3,5,0,0,1
31,61,1891,92,3408391,2,3,-10225172,2917264,1342,809,721,899,1,7,1,1,1,3,5,0,0,1
31,61,1891,92,3408391,3,7,-23858736,2917264,1342,809,721,899,1,7,1,1,1,3,5,0,0,1
31,61,1891,92,3408391,5,21,-71576210,2917264,1342,809,721,899,1,7,1,1,1,3,5,0,0,1
31,61,1891,92,3408391,7,43,-146560812,2917264,1342,809,721,899,1,7,1,1,1,3,5,0,0,1
31,61,1891,92,3408391,11,111,-378331400,2917264,1342,809,721,899,1,7,1,1,1,3,5,0,0,1
31,67,2077,98,4117813,-2,7,-28824690,3541924,639,1199,1105,1295,1,1,1,1,1,3,4,0,6,1
31,67,2077,98,4117813,-1,3,-12353438,3541924,639,1199,1105,1295,1,1,1,1,1,3,4,0,6,1
31,67,2077,98,4117813,0,1,-4117812,3541924,639,1199,1105,1295,1,1,1,1,1,3,4,0,6,1
31,67,2077,98,4117813,1,1,-4117812,3541924,639,1199,1105,1295,1,1,1,1,1,3,4,0,6,1
31,67,2077,98,4117813,2,3,-12353438,3541924,639,1199,1105,1295,1,1,1,1,1,3,4,0,6,1
31,67,2077,98,4117813,3,7,-28824690,3541924,639,1199,1105,1295,1,1,1,1,1,3,4,0,6,1
31,67,2077,98,4117813,5,21,-86474072,3541924,639,1199,1105,1295,1,1,1,1,1,3,4,0,6,1
31,67,2077,98,4117813,7,43,-177065958,3541924,639,1199,1105,1295,1,1,1,1,1,3,4,0,6,1
31,67,2077,98,4117813,11,111,-457077242,3541924,639,1199,1105,1295,1,1,1,1,1,3,4,0,6,1
31,71,2201,102,4628001,-2,7,-32396006,3992004,1591,1499,1401,1599,1,1,3,1,2,3,1,0,1,1
31,71,2201,102,4628001,-1,3,-13884002,3992004,1591,1499,1401,1599,1,1,3,1,2,3,1,0,1,1
31,71,2201,102,4628001,0,1,-4628000,3992004,1591,1499,1401,1599,1,1,3,1,2,3,1,0,1,1
31,71,2201,102,4628001,1,1,-4628000,3992004,1591,1499,1401,1599,1,1,3,1,2,3,1,0,1,1
31,71,2201,102,4628001,2,3,-13884002,3992004,1591,1499,1401,1599,1,1,3,1,2,3,1,0,1,1
31,71,2201,102,4628001,3,7,-32396006,3992004,1591,1499,1401,1599,1,1,3,1,2,3,1,0,1,1
31,71,2201,102,4628001,5,21,-97188020,3992004,1591,1499,1401,1599,1,1,3,1,2,3,1,0,1,1
31,71,2201,102,4628001,7,43,-199004042,3992004,1591,1499,1401,1599,1,1,3,1,2,3,1,0,1,1
31,71,2201,102,4628001,11,111,-513708110,3992004,1591,1499,1401,1599,1,1,3,1,2,3,1,0,1,1
31,73,2263,104,4894267,-2,7,-34259868,4227136,2115,1661,1561,1763,1,1,1,1,1,3,3,0,0,1
31,73,2263,104,4894267,-1,3,-14682800,4227136,2115,1661,1561,1763,1,1,1,1,1,3,3,0,0,1
31,73,2263,104,4894267,0,1,-4894266,4227136,2115,1661,1561,1763,1,1,1,1,1,3,3,0,0,1
31,73,2263,104,4894267,1,1,-4894266,4227136,2115,1661,1561,1763,1,1,1,1,1,3,3,0,0,1
31,73,2263,104,4894267,2,3,-14682800,4227136,2115,1661,1561,1763,1,1,1,1,1,3,3,0,0,1
31,73,2263,104,4894267,3,7,-34259868,4227136,2115,1661,1561,1763,1,1,1,1,1,3,3,0,0,1
31,73,2263,104,4894267,5,21,-102779606,4227136,2115,1661,1561,1763,1,1,1,1,1,3,3,0,0,1
31,73,2263,104,4894267,7,43,-210453480,4227136,2115,1661,1561,1763,1,1,1,1,1,3,3,0,0,1
31,73,2263,104,4894267,11,111,-543263636,4227136,2115,1661,1561,1763,1,1,1,1,1,3,3,0,0,1
31,79,2449,110,5737753,-2,7,-40164270,4972900,1430,2195,2089,2303,1,1,49,1,1,3,2,0,3,1
31,79,2449,110,5737753,-1,3,-17213258,4972900,1430,2195,2089,2303,1,1,49,1,1,3,2,0,3,1
31,79,2449,110,5737753,0,1,-5737752,4972900,1430,2195,2089,2303,1,1,49,1,1,3,2,0,3,1
31,79,2449,110,5737753,1,1,-5737752,4972900,1430,2195,2089,2303,1,1,49,1,1,3,2,0,3,1
31,79,2449,110,5737753,2,3,-17213258,4972900,1430,2195,2089,2303,1,1,49,1,1,3,2,0,3,1
31,79,2449,110,5737753,3,7,-40164270,4972900,1430,2195,2089,2303,1,1,49,1,1,3,2,0,3,1
31,79,2449,110,5737753,5,21,-120492812,4972900,1430,2195,2089,2303,1,1,49,1,1,3,2,0,3,1
31,79,2449,110,5737753,7,43,-246723378,4972900,1430,2195,2089,2303,1,1,49,1,1,3,2,0,3,1
31,79,2449,110,5737753,11,111,-636890582,4972900,1430,2195,2089,2303,1,1,49,1,1,3,2,0,3,1
31,83,2573,114,6337317,-2,7,-44361218,5503716,69,18,2481,129,1,1,3,1,2,3,6,0,3,1
31,83,2573,114,6337317,-1,3,-19011950,5503716,69,18,2481,129,1,1,3,1,2,3,6,0,3,1
31,83,2573,114,6337317,0,1,-6337316,5503716,69,18,2481,129,1,1,3,1,2,3,6,0,3,1
31,83,2573,114,6337317,1,1,-6337316,5503716,69,18,2481,129,1,1,3,1,2,3,6,0,3,1
31,83,2573,114,6337317,2,3,-19011950,5503716,69,18,2481,129,1,1,3,1,2,3,6,0,3,1
31,83,2573,114,6337317,3,7,-44361218,5503716,69,18,2481,129,1,1,3,1,2,3,6,0,3,1
31,83,2573,114,6337317,5,21,-133083656,5503716,69,18,2481,129,1,1,3,1,2,3,6,0,3,1
31,83,2573,114,6337317,7,43,-272504630,5503716,69,18,2481,129,1,1,3,1,2,3,6,0,3,1
31,83,2573,114,6337317,11,111,-703442186,5503716,69,18,2481,129,1,1,3,1,2,3,6,0,3,1
31,89,2759,120,7292523,-2,7,-51047660,6350400,1941,486,371,603,1,7,3,1,2,3,5,0,0,1
31,89,2759,120,7292523,-1,3,-21877568,6350400,1941,486,371,603,1,7,3,1,2,3,5,0,0,1
31,89,2759,120,7292523,0,1,-7292522,6350400,1941,486,371,603,1,7,3,1,2,3,5,0,0,1
31,89,2759,120,7292523,1,1,-7292522,6350400,1941,486,371,603,1,7,3,1,2,3,5,0,0,1
31,89,2759,120,7292523,2,3,-21877568,6350400,1941,486,371,603,1,7,3,1,2,3,5,0,0,1
31,89,2759,120,7292523,3,7,-51047660,6350400,1941,486,371,603,1,7,3,1,2,3,5,0,0,1
31,89,2759,120,7292523,5,21,-153142982,6350400,1941,486,371,603,1,7,3,1,2,3,5,0,0,1
31,89,2759,120,7292523,7,43,-313578488,6350400,1941,486,371,603,1,7,3,1,2,3,5,0,0,1
31,89,2759,120,7292523,11,111,-809470052,6350400,1941,486,371,603,1,7,3,1,2,3,5,0,0,1
31,97,3007,128,8670403,-2,7,-60692820,7573504,1878,1222,1099,1347,1,1,1,1,1,3,6,0,3,1
31,97,3007,128,8670403,-1,3,-26011208,7573504,1878,1222,1099,1347,1,1,1,1,1,3,6,0,3,1
31,97,3007,128,8670403,0,1,-8670402,7573504,1878,1222,1099,1347,1,1,1,1,1,3,6,0,3,1
31,97,3007,128,8670403,1,1,-8670402,7573504,1878,1222,1099,1347,1,1,1,1,1,3,6,0,3,1
31,97,3007,128,8670403,2,3,-26011208,7573504,1878,1222,1099,1347,1,1,1,1,1,3,6,0,3,1
31,97,3007,128,8670403,3,7,-60692820,7573504,1878,1222,1099,1347,1,1,1,1,1,3,6,0,3,1
31,97,3007,128,8670403,5,21,-182078462,7573504,1878,1222,1099,1347,1,1,1,1,1,3,6,0,3,1
31,97,3007,128,8670403,7,43,-372827328,7573504,1878,1222,1099,1347,1,1,1,1,1,3,6,0,3,1
31,97,3007,128,8670403,11,111,-962414732,7573504,1878,1222,1099,1347,1,1,1,1,1,3,6,0,3,1
31,101,3131,132,9404031,-2,7,-65828216,8225424,287,1638,1511,1767,1,1,3,1,2,3,3,0,0,1
31,101,3131,132,9404031,-1,3,-28212092,8225424,287,1638,1511,1767,1,1,3,1,2,3,3,0,0,1
31,101,3131,132,9404031,0,1,-9404030,8225424,287,1638,1511,1767,1,1,3,1,2,3,3,0,0,1
31,101,3131,132,9404031,1,1,-9404030,8225424,287,1638,1511,1767,1,1,3,1,2,3,3,0,0,1
31,101,3131,132,9404031,2,3,-28212092,8225424,287,1638,1511,1767,1,1,3,1,2,3,3,0,0,1
31,101,3131,132,9404031,3,7,-65828216,8225424,287,1638,1511,1767,1,1,3,1,2,3,3,0,0,1
31,101,3131,132,9404031,5,21,-197484650,8225424,287,1638,1511,1767,1,1,3,1,2,3,3,0,0,1
31,101,3131,132,9404031,7,43,-404373332,8225424,287,1638,1511,1767,1,1,3,1,2,3,3,0,0,1
31,101,3131,132,9404031,11,111,-1043847440,8225424,287,1638,1511,1767,1,1,3,1,2,3,3,0,0,1
31,103,3193,134,9782017,-2,7,-68474118,8561476,1043,1858,1729,1989,1,133,1,1,1,3,5,0,0,1
31,103,3193,134,9782017,-1,3,-29346050,8561476,1043,1858,1729,1989,1,133,1,1,1,3,5,0,0,1
31,103,3193,134,9782017,0,1,-9782016,8561476,1043,1858,1729,1989,1,133,1,1,1,3,5,0,0,1
31,103,3193,134,9782017,1,1,-9782016,8561476,1043,1858,1729,1989,1,133,1,1,1,3,5,0,0,1
31,103,3193,134,9782017,2,3,-29346050,8561476,1043,1858,1729,1989,1,133,1,1,1,3,5,0,0,1
31,103,3193,134,9782017,3,7,-68474118,8561476,1043,1858,1729,1989,1,133,1,1,1,3,5,0,0,1
31,103,3193,134,9782017,5,21,-205422356,8561476,1043,1858,1729,1989,1,133,1,1,1,3,5,0,0,1
31,103,3193,134,9782017,7,43,-420626730,8561476,1043,1858,1729,1989,1,133,1,1,1,3,5,0,0,1
31,103,3193,134,9782017,11,111,-1085803886,8561476,1043,1858,1729,1989,1,133,1,1,1,3,5,0,0,1
31,107,3317,138,10560333,-2,7,-73922330,9253764,2651,2322,2189,2457,1,1,21,1,2,3,2,0,3,1
31,107,3317,138,10560333,-1,3,-31680998,9253764,2651,2322,2189,2457,1,1,21,1,2,3,2,0,3,1
31,107,3317,138,10560333,0,1,-10560332,9253764,2651,2322,2189,2457,1,1,21,1,2,3,2,0,3,1
31,107,3317,138,10560333,1,1,-10560332,9253764,2651,2322,2189,2457,1,1,21,1,2,3,2,0,3,1
31,107,3317,138,10560333,2,3,-31680998,9253764,2651,2322,2189,2457,1,1,21,1,2,3,2,0,3,1
31,107,3317,138,10560333,3,7,-73922330,9253764,2651,2322,2189,2457,1,1,21,1,2,3,2,0,3,1
31,107,3317,138,10560333,5,21,-221766992,9253764,2651,2322,2189,2457,1,1,21,1,2,3,2,0,3,1
31,107,3317,138,10560333,7,43,-454094318,9253764,2651,2322,2189,2457,1,1,21,1,2,3,2,0,3,1
31,107,3317,138,10560333,11,111,-1172196962,9253764,2651,2322,2189,2457,1,1,21,1,2,3,2,0,3,1
31,109,3379,140,10960663,-2,7,-76724640,9610000,124,2566,2431,2703,1,1,1,1,1,3,4,0,6,1
31,109,3379,140,10960663,-1,3,-32881988,9610000,124,2566,2431,2703,1,1,1,1,1,3,4,0,6,1
31,109,3379,140,10960663,0,1,-10960662,9610000,124,2566,2431,2703,1,1,1,1,1,3,4,0,6,1
31,109,3379,140,10960663,1,1,-10960662,9610000,124,2566,2431,2703,1,1,1,1,1,3,4,0,6,1
31,109,3379,140,10960663,2,3,-32881988,9610000,124,2566,2431,2703,1,1,1,1,1,3,4,0,6,1
31,109,3379,140,10960663,3,7,-76724640,9610000,124,2566,2431,2703,1,1,1,1,1,3,4,0,6,1
31,109,3379,140,10960663,5,21,-230173922,9610000,124,2566,2431,2703,1,1,1,1,1,3,4,0,6,1
31,109,3379,140,10960663,7,43,-471308508,9610000,124,2566,2431,2703,1,1,1,1,1,3,4,0,6,1
31,109,3379,140,10960663,11,111,-1216633592,9610000,124,2566,2431,2703,1,1,1,1,1,3,4,0,6,1
31,113,3503,144,11783667,-2,7,-82485668,10342656,1800,3078,2939,3219,1,1,3,1,2,3,1,0,1,1
31,113,3503,144,11783667,-1,3,-35351000,10342656,1800,3078,2939,3219,1,1,3,1,2,3,1,0,1,1
31,113,3503,144,11783667,0,1,-11783666,10342656,1800,3078,2939,3219,1,1,3,1,2,3,1,0,1,1
31,113,3503,144,11783667,1,1,-11783666,10342656,1800,3078,2939,3219,1,1,3,1,2,3,1,0,1,1
31,113,3503,144,11783667,2,3,-35351000,10342656,1800,3078,2939,3219,1,1,3,1,2,3,1,0,1,1
31,113,3503,144,11783667,3,7,-82485668,10342656,1800,3078,2939,3219,1,1,3,1,2,3,1,0,1,1
31,113,3503,144,11783667,5,21,-247457006,10342656,1800,3078,2939,3219,1,1,3,1,2,3,1,0,1,1
31,113,3503,144,11783667,7,43,-506697680,10342656,1800,3078,2939,3219,1,1,3,1,2,3,1,0,1,1
31,113,3503,144,11783667,11,111,-1307987036,10342656,1800,3078,2939,3219,1,1,3,1,2,3,1,0,1,1
31,127,3937,158,14898793,-2,7,-104291550,13118884,800,1185,1033,1339,1,1,1,1,1,3,1,0,1,1
31,127,3937,158,14898793,-1,3,-44696378,13118884,800,1185,1033,1339,1,1,1,1,1,3,1,0,1,1
31,127,3937,158,14898793,0,1,-14898792,13118884,800,1185,1033,1339,1,1,1,1,1,3,1,0,1,1
31,127,3937,158,14898793,1,1,-14898792,13118884,800,1185,1033,1339,1,1,1,1,1,3,1,0,1,1
31,127,3937,158,14898793,2,3,-44696378,13118884,800,1185,1033,1339,1,1,1,1,1,3,1,0,1,1
31,127,3937,158,14898793,3,7,-104291550,13118884,800,1185,1033,1339,1,1,1,1,1,3,1,0,1,1
31,127,3937,158,14898793,5,21,-312874652,13118884,800,1185,1033,1339,1,1,1,1,1,3,1,0,1,1
31,127,3937,158,14898793,7,43,-640648098,13118884,800,1185,1033,1339,1,1,1,1,1,3,1,0,1,1
31,127,3937,158,14898793,11,111,-1653766022,13118884,800,1185,1033,1339,1,1,1,1,1,3,1,0,1,1
31,131,4061,162,15855861,-2,7,-110991026,13972644,2804,1717,1561,1875,1,7,3,1,2,3,5,0,0,1
31,131,4061,162,15855861,-1,3,-47567582,13972644,2804,1717,1561,1875,1,7,3,1,2,3,5,0,0,1
31,131,4061,162,15855861,0,1,-15855860,13972644,2804,1717,1561,1875,1,7,3,1,2,3,5,0,0,1
31,131,4061,162,15855861,1,1,-15855860,13972644,2804,1717,1561,1875,1,7,3,1,2,3,5,0,0,1
31,131,4061,162,15855861,2,3,-47567582,13972644,2804,1717,1561,1875,1,7,3,1,2,3,5,0,0,1
31,131,4061,162,15855861,3,7,-110991026,13972644,2804,1717,1561,1875,1,7,3,1,2,3,5,0,0,1
31,131,4061,162,15855861,5,21,-332973080,13972644,2804,1717,1561,1875,1,7,3,1,2,3,5,0,0,1
31,131,4061,162,15855861,7,43,-681802022,13972644,2804,1717,1561,1875,1,7,3,1,2,3,5,0,0,1
31,131,4061,162,15855861,11,111,-1760000570,13972644,2804,1717,1561,1875,1,7,3,1,2,3,5,0,0,1
31,137,4247,168,17347323,-2,7,-121431260,15303744,1803,2575,2413,2739,1,1,3,1,2,3,4,0,6,1
31,137,4247,168,17347323,-1,3,-52041968,15303744,1803,2575,2413,2739,1,1,3,1,2,3,4,0,6,1
31,137,4247,168,17347323,0,1,-17347322,15303744,1803,2575,2413,2739,1,1,3,1,2,3,4,0,6,1
31,137,4247,168,17347323,1,1,-17347322,15303744,1803,2575,2413,2739,1,1,3,1,2,3,4,0,6,1
31,137,4247,168,17347323,2,3,-52041968,15303744,1803,2575,2413,2739,1,1,3,1,2,3,4,0,6,1
31,137,4247,168,17347323,3,7,-121431260,15303744,1803,2575,2413,2739,1,1,3,1,2,3,4,0,6,1
31,137,4247,168,17347323,5,21,-364293782,15303744,1803,2575,2413,2739,1,1,3,1,2,3,4,0,6,1
31,137,4247,168,17347323,7,43,-745934888,15303744,1803,2575,2413,2739,1,1,3,1,2,3,4,0,6,1
31,137,4247,168,17347323,11,111,-1925552852,15303744,1803,2575,2413,2739,1,1,3,1,2,3,4,0,6,1
31,139,4309,170,17859373,-2,7,-125015610,15760900,2887,2877,2713,3043,1,1,1,1,1,3,6,0,3,1
31,139,4309,170,17859373,-1,3,-53578118,15760900,2887,2877,2713,3043,1,1,1,1,1,3,6,0,3,1
31,139,4309,170,17859373,0,1,-17859372,15760900,2887,2877,2713,3043,1,1,1,1,1,3,6,0,3,1
31,139,4309,170,17859373,1,1,-17859372,15760900,2887,2877,2713,3043,1,1,1,1,1,3,6,0,3,1
31,139,4309,170,17859373,2,3,-53578118,15760900,2887,2877,2713,3043,1,1,1,1,1,3,6,0,3,1
31,139,4309,170,17859373,3,7,-125015610,15760900,2887,2877,2713,3043,1,1,1,1,1,3,6,0,3,1
31,139,4309,170,17859373,5,21,-375046832,15760900,2887,2877,2713,3043,1,1,1,1,1,3,6,0,3,1
31,139,4309,170,17859373,7,43,-767953038,15760900,2887,2877,2713,3043,1,1,1,1,1,3,6,0,3,1
31,139,4309,170,17859373,11,111,-1982390402,15760900,2887,2877,2713,3043,1,1,1,1,1,3,6,0,3,1
31,149,4619,180,20531343,-2,7,-143719400,18147600,4168,4507,4333,63,1,1,21,1,2,3,2,0,3,1
31,149,4619,180,20531343,-1,3,-61594028,18147600,4168,4507,4333,63,1,1,21,1,2,3,2,0,3,1
31,149,4619,180,20531343,0,1,-20531342,18147600,4168,4507,4333,63,1,1,21,1,2,3,2,0,3,1
31,149,4619,180,20531343,1,1,-20531342,18147600,4168,4507,4333,63,1,1,21,1,2,3,2,0,3,1
31,149,4619,180,20531343,2,3,-61594028,18147600,4168,4507,4333,63,1,1,21,1,2,3,2,0,3,1
31,149,4619,180,20531343,3,7,-143719400,18147600,4168,4507,4333,63,1,1,21,1,2,3,2,0,3,1
31,149,4619,180,20531343,5,21,-431158202,18147600,4168,4507,4333,63,1,1,21,1,2,3,2,0,3,1
31,149,4619,180,20531343,7,43,-882847748,18147600,4168,4507,4333,63,1,1,21,1,2,3,2,0,3,1
31,149,4619,180,20531343,11,111,-2278979072,18147600,4168,4507,4333,63,1,1,21,1,2,3,2,0,3,1
31,151,4681,182,21088081,-2,7,-147616566,18645124,701,176,1,353,1,1,1,1,1,3,4,0,6,1
31,151,4681,182,21088081,-1,3,-63264242,18645124,701,176,1,353,1,1,1,1,1,3,4,0,6,1
31,151,4681,182,21088081,0,1,-21088080,18645124,701,176,1,353,1,1,1,1,1,3,4,0,6,1
31,151,4681,182,21088081,1,1,-21088080,18645124,701,176,1,353,1,1,1,1,1,3,4,0,6,1
31,151,4681,182,21088081,2,3,-63264242,18645124,701,176,1,353,1,1,1,1,1,3,4,0,6,1
31,151,4681,182,21088081,3,7,-147616566,18645124,701,176,1,353,1,1,1,1,1,3,4,0,6,1
31,151,4681,182,21088081,5,21,-442849700,18645124,701,176,1,353,1,1,1,1,1,3,4,0,6,1
31,151,4681,182,21088081,7,43,-906787482,18645124,701,176,1,353,1,1,1,1,1,3,4,0,6,1
31,151,4681,182,21088081,11,111,-2340776990,18645124,701,176,1,353,1,1,1,1,1,3,4,0,6,1
31,157,4867,188,22802983,-2,7,-159620880,20178064,4349,1088,907,1271,1,1,1,1,1,3,3,0,0,1
31,157,4867,188,22802983,-1,3,-68408948,20178064,4349,1088,907,1271,1,1,1,1,1,3,3,0,0,1
31,157,4867,188,22802983,0,1,-22802982,20178064,4349,1088,907,1271,1,1,1,1,1,3,3,0,0,1
31,157,4867,188,22802983,1,1,-22802982,20178064,4349,1088,907,1271,1,1,1,1,1,3,3,0,0,1
31,157,4867,188,22802983,2,3,-68408948,20178064,4349,1088,907,1271,1,1,1,1,1,3,3,0,0,1
31,157,4867,188,22802983,3,7,-159620880,20178064,4349,1088,907,1271,1,1,1,1,1,3,3,0,0,1
31,157,4867,188,22802983,5,21,-478862642,20178064,4349,1088,907,1271,1,1,1,1,1,3,3,0,0,1
31,157,4867,188,22802983,7,43,-980528268,20178064,4349,1088,907,1271,1,1,1,1,1,3,3,0,0,1
31,157,4867,188,22802983,11,111,-2531131112,20178064,4349,1088,907,1271,1,1,1,1,1,3,3,0,0,1
31,163,5053,194,24584917,-2,7,-172094418,21771556,3232,2072,1885,2261,1,1,133,1,1,3,2,0,3,1
31,163,5053,194,24584917,-1,3,-73754750,21771556,3232,2072,1885,2261,1,1,133,1,1,3,2,0,3,1
31,163,5053,194,24584917,0,1,-24584916,21771556,3232,2072,1885,2261,1,1,133,1,1,3,2,0,3,1
31,163,5053,194,24584917,1,1,-24584916,21771556,3232,2072,1885,2261,1,1,133,1,1,3,2,0,3,1
31,163,5053,194,24584917,2,3,-73754750,21771556,3232,2072,1885,2261,1,1,133,1,1,3,2,0,3,1
31,163,5053,194,24584917,3,7,-172094418,21771556,3232,2072,1885,2261,1,1,133,1,1,3,2,0,3,1
31,163,5053,194,24584917,5,21,-516283256,21771556,3232,2072,1885,2261,1,1,133,1,1,3,2,0,3,1
31,163,5053,194,24584917,7,43,-1057151430,21771556,3232,2072,1885,2261,1,1,133,1,1,3,2,0,3,1
31,163,5053,194,24584917,11,111,-2728925786,21771556,3232,2072,1885,2261,1,1,133,1,1,3,2,0,3,1
31,167,5177,198,25810113,-2,7,-180670790,22867524,715,2768,2577,2961,1,1,3,1,2,3,6,0,3,1
31,167,5177,198,25810113,-1,3,-77430338,22867524,715,2768,2577,2961,1,1,3,1,2,3,6,0,3,1
31,167,5177,198,25810113,0,1,-25810112,22867524,715,2768,2577,2961,1,1,3,1,2,3,6,0,3,1
31,167,5177,198,25810113,1,1,-25810112,22867524,715,2768,2577,2961,1,1,3,1,2,3,6,0,3,1
31,167,5177,198,25810113,2,3,-77430338,22867524,715,2768,2577,2961,1,1,3,1,2,3,6,0,3,1
31,167,5177,198,25810113,3,7,-180670790,22867524,715,2768,2577,2961,1,1,3,1,2,3,6,0,3,1
31,167,5177,198,25810113,5,21,-542012372,22867524,715,2768,2577,2961,1,1,3,1,2,3,6,0,3,1
31,167,5177,198,25810113,7,43,-1109834858,22867524,715,2768,2577,2961,1,1,3,1,2,3,6,0,3,1
31,167,5177,198,25810113,11,111,-2864922542,22867524,715,2768,2577,2961,1,1,3,1,2,3,6,0,3,1
31,173,5363,204,27703767,-2,7,-193926368,24561936,4759,3872,3675,4071,1,7,3,1,2,3,5,0,0,1
31,173,5363,204,27703767,-1,3,-83111300,24561936,4759,3872,3675,4071,1,7,3,1,2,3,5,0,0,1
31,173,5363,204,27703767,0,1,-27703766,24561936,4759,3872,3675,4071,1,7,3,1,2,3,5,0,0,1
31,173,5363,204,27703767,1,1,-27703766,24561936,4759,3872,3675,4071,1,7,3,1,2,3,5,0,0,1
31,173,5363,204,27703767,2,3,-83111300,24561936,4759,3872,3675,4071,1,7,3,1,2,3,5,0,0,1
31,173,5363,204,27703767,3,7,-193926368,24561936,4759,3872,3675,4071,1,7,3,1,2,3,5,0,0,1
31,173,5363,204,27703767,5,21,-581779106,24561936,4759,3872,3675,4071,1,7,3,1,2,3,5,0,0,1
31,173,5363,204,27703767,7,43,-1191261980,24561936,4759,3872,3675,4071,1,7,3,1,2,3,5,0,0,1
31,173,5363,204,27703767,11,111,-3075118136,24561936,4759,3872,3675,4071,1,7,3,1,2,3,5,0,0,1
31,179,5549,210,29664453,-2,7,-207651170,26316900,3542,5048,4845,5253,1,19,3,1,2,3,4,0,6,1
31,179,5549,210,29664453,-1,3,-88993358,26316900,3542,5048,4845,5253,1,19,3,1,2,3,4,0,6,1
31,179,5549,210,29664453,0,1,-29664452,26316900,3542,5048,4845,5253,1,19,3,1,2,3,4,0,6,1
31,179,5549,210,29664453,1,1,-29664452,26316900,3542,5048,4845,5253,1,19,3,1,2,3,4,0,6,1
31,179,5549,210,29664453,2,3,-88993358,26316900,3542,5048,4845,5253,1,19,3,1,2,3,4,0,6,1
31,179,5549,210,29664453,3,7,-207651170,26316900,3542,5048,4845,5253,1,19,3,1,2,3,4,0,6,1
31,179,5549,210,29664453,5,21,-622953512,26316900,3542,5048,4845,5253,1,19,3,1,2,3,4,0,6,1
31,179,5549,210,29664453,7,43,-1275571478,26316900,3542,5048,4845,5253,1,19,3,1,2,3,4,0,6,1
31,179,5549,210,29664453,11,111,-3292754282,26316900,3542,5048,4845,5253,1,19,3,1,2,3,4,0,6,1
31,181,5611,212,30332911,-2,7,-212330376,26915344,4988,5456,5251,51,31,1,1,1,1,3,6,0,3,1
31,181,5611,212,30332911,-1,3,-90998732,26915344,4988,5456,5251,51,31,1,1,1,1,3,6,0,3,1
31,181,5611,212,30332911,0,1,-30332910,26915344,4988,5456,5251,51,31,1,1,1,1,3,6,0,3,1
31,181,5611,212,30332911,1,1,-30332910,26915344,4988,5456,5251,51,31,1,1,1,1,3,6,0,3,1
31,181,5611,212,30332911,2,3,-90998732,26915344,4988,5456,5251,51,31,1,1,1,1,3,6,0,3,1
31,181,5611,212,30332911,3,7,-212330376,26915344,4988,5456,5251,51,31,1,1,1,1,3,6,0,3,1
31,181,5611,212,30332911,5,21,-636991130,26915344,4988,5456,5251,51,31,1,1,1,1,3,6,0,3,1
31,181,5611,212,30332911,7,43,-1304315172,26915344,4988,5456,5251,51,31,1,1,1,1,3,6,0,3,1
31,181,5611,212,30332911,11,111,-3366953120,26915344,4988,5456,5251,51,31,1,1,1,1,3,6,0,3,1
31,191,5921,222,33786921,-2,7,-236508446,30008484,856,1695,1481,1911,1,1,21,1,2,3,2,0,3,1
31,191,5921,222,33786921,-1,3,-101360762,30008484,856,1695,1481,1911,1,1,21,1,2,3,2,0,3,1
31,191,5921,222,33786921,0,1,-33786920,30008484,856,1695,1481,1911,1,1,21,1,2,3,2,0,3,1
31,191,5921,222,33786921,1,1,-33786920,30008484,856,1695,1481,1911,1,1,21,1,2,3,2,0,3,1
31,191,5921,222,33786921,2,3,-101360762,30008484,856,1695,1481,1911,1,1,21,1,2,3,2,0,3,1
31,191,5921,222,33786921,3,7,-236508446,30008484,856,1695,1481,1911,1,1,21,1,2,3,2,0,3,1
31,191,5921,222,33786921,5,21,-709525340,30008484,856,1695,1481,1911,1,1,21,1,2,3,2,0,3,1
31,191,5921,222,33786921,7,43,-1452837602,30008484,856,1695,1481,1911,1,1,21,1,2,3,2,0,3,1
31,191,5921,222,33786921,11,111,-3750348230,30008484,856,1695,1481,1911,1,1,21,1,2,3,2,0,3,1
31,193,5983,224,34500067,-2,7,-241500468,30647296,2370,2089,1873,2307,1,1,1,1,1,3,4,0,6,1
31,193,5983,224,34500067,-1,3,-103500200,30647296,2370,2089,1873,2307,1,1,1,1,1,3,4,0,6,1
31,193,5983,224,34500067,0,1,-34500066,30647296,2370,2089,1873,2307,1,1,1,1,1,3,4,0,6,1
31,193,5983,224,34500067,1,1,-34500066,30647296,2370,2089,1873,2307,1,1,1,1,1,3,4,0,6,1
31,193,5983,224,34500067,2,3,-103500200,30647296,2370,2089,1873,2307,1,1,1,1,1,3,4,0,6,1
31,193,5983,224,34500067,3,7,-241500468,30647296,2370,2089,1873,2307,1,1,1,1,1,3,4,0,6,1
31,193,5983,224,34500067,5,21,-724501406,30647296,2370,2089,1873,2307,1,1,1,1,1,3,4,0,6,1
31,193,5983,224,34500067,7,43,-1483502880,30647296,2370,2089,1873,2307,1,1,1,1,1,3,4,0,6,1
31,193,5983,224,34500067,11,111,-3829507436,30647296,2370,2089,1873,2307,1,1,1,1,1,3,4,0,6,1
31,197,6107,228,35948703,-2,7,-251640920,31945104,5494,2901,2681,3123,1,1,3,1,2,3,1,0,1,1
31,197,6107,228,35948703,-1,3,-107846108,31945104,5494,2901,2681,3123,1,1,3,1,2,3,1,0,1,1
31,197,6107,228,35948703,0,1,-35948702,31945104,5494,2901,2681,3123,1,1,3,1,2,3,1,0,1,1
31,197,6107,228,35948703,1,1,-35948702,31945104,5494,2901,2681,3123,1,1,3,1,2,3,1,0,1,1
31,197,6107,228,35948703,2,3,-107846108,31945104,5494,2901,2681,3123,1,1,3,1,2,3,1,0,1,1
31,197,6107,228,35948703,3,7,-251640920,31945104,5494,2901,2681,3123,1,1,3,1,2,3,1,0,1,1
31,197,6107,228,35948703,5,21,-754922762,31945104,5494,2901,2681,3123,1,1,3,1,2,3,1,0,1,1
31,197,6107,228,35948703,7,43,-1545794228,31945104,5494,2901,2681,3123,1,1,3,1,2,3,1,0,1,1
31,197,6107,228,35948703,11,111,-3990306032,31945104,5494,2901,2681,3123,1,1,3,1,2,3,1,0,1,1
31,199,6169,230,36684193,-2,7,-256789350,32604100,935,3319,3097,3543,1,1,1,1,1,3,3,0,0,1
31,199,6169,230,36684193,-1,3,-110052578,32604100,935,3319,3097,3543,1,1,1,1,1,3,3,0,0,1
31,199,6169,230,36684193,0,1,-36684192,32604100,935,3319,3097,3543,1,1,1,1,1,3,3,0,0,1
31,199,6169,230,36684193,1,1,-36684192,32604100,935,3319,3097,3543,1,1,1,1,1,3,3,0,0,1
31,199,6169,230,36684193,2,3,-110052578,32604100,935,3319,3097,3543,1,1,1,1,1,3,3,0,0,1
31,199,6169,230,36684193,3,7,-256789350,32604100,935,3319,3097,3543,1,1,1,1,1,3,3,0,0,1
31,199,6169,230,36684193,5,21,-770368052,32604100,935,3319,3097,3543,1,1,1,1,1,3,3,0,0,1
31,199,6169,230,36684193,7,43,-1577420298,32604100,935,3319,3097,3543,1,1,1,1,1,3,3,0,0,1
31,199,6169,230,36684193,11,111,-4071945422,32604100,935,3319,3097,3543,1,1,1,1,1,3,3,0,0,1
37,41,1517,78,2187453,-2,7,-15312170,1855044,1270,1456,1381,15,1,1,3,1,2,2,6,3,3,1
37,41,1517,78,2187453,-1,3,-6562358,1855044,1270,1456,1381,15,1,1,3,1,2,2,6,3,3,2
37,41,1517,78,2187453,0,1,-2187452,1855044,1270,1456,1381,15,1,1,3,1,2,2,6,3,3,6
37,41,1517,78,2187453,1,1,-2187452,1855044,1270,1456,1381,15,1,1,3,1,2,2,6,3,3,6
37,41,1517,78,2187453,2,3,-6562358,1855044,1270,1456,1381,15,1,1,3,1,2,2,6,3,3,2
37,41,1517,78,2187453,3,7,-15312170,1855044,1270,1456,1381,15,1,1,3,1,2,2,6,3,3,1
37,41,1517,78,2187453,5,21,-45936512,1855044,1270,1456,1381,15,1,1,3,1,2,2,6,3,3,1
37,41,1517,78,2187453,7,43,-94060478,1855044,1270,1456,1381,15,1,1,3,1,2,2,6,3,3,6
37,41,1517,78,2187453,11,111,-242807282,1855044,1270,1456,1381,15,1,1,3,1,2,2,6,3,3,3
37,43,1591,80,2408731,-2,7,-16861116,2050624,1416,1548,1471,35,43,1,1,1,1,2,1,3,1,1
37,43,1591,80,2408731,-1,3,-7226192,2050624,1416,1548,1471,35,43,1,1,1,1,2,1,3,1,6
37,43,1591,80,2408731,0,1,-2408730,2050624,1416,1548,1471,35,43,1,1,1,1,2,1,3,1,5
37,43,1591,80,2408731,1,1,-2408730,2050624,1416,1548,1471,35,43,1,1,1,1,2,1,3,1,5
37,43,1591,80,2408731,2,3,-7226192,2050624,1416,1548,1471,35,43,1,1,1,1,2,1,3,1,6
37,43,1591,80,2408731,3,7,-16861116,2050624,1416,1548,1471,35,43,1,1,1,1,2,1,3,1,1
37,43,1591,80,2408731,5,21,-50583350,2050624,1416,1548,1471,35,43,1,1,1,1,2,1,3,1,1
37,43,1591,80,2408731,7,43,-103575432,2050624,1416,1548,1471,35,43,1,1,1,1,2,1,3,1,5
37,43,1591,80,2408731,11,111,-267369140,2050624,1416,1548,1471,35,43,1,1,1,1,2,1,3,1,4
37,47,1739,84,2883279,-2,7,-20182952,2471184,65,17,1675,99,1,1,3,1,2,2,5,3,0,1
37,47,1739,84,2883279,-1,3,-8649836,2471184,65,17,1675,99,1,1,3,1,2,2,5,3,0,1
37,47,1739,84,2883279,0,1,-2883278,2471184,65,17,1675,99,1,1,3,1,2,2,5,3,0,1
37,47,1739,84,2883279,1,1,-2883278,2471184,65,17,1675,99,1,1,3,1,2,2,5,3,0,1
37,47,1739,84,2883279,2,3,-8649836,2471184,65,17,1675,99,1,1,3,1,2,2,5,3,0,1
37,47,1739,84,2883279,3,7,-20182952,2471184,65,17,1675,99,1,1,3,1,2,2,5,3,0,1
37,47,1739,84,2883279,5,21,-60548858,2471184,65,17,1675,99,1,1,3,1,2,2,5,3,0,1
37,47,1739,84,2883279,7,43,-123980996,2471184,65,17,1675,99,1,1,3,1,2,2,5,3,0,1
37,47,1739,84,2883279,11,111,-320043968,2471184,65,17,1675,99,1,1,3,1,2,2,5,3,0,1
37,53,1961,90,3675081,-2,7,-25725566,3175524,665,167,81,255,1,1,3,1,2,2,4,3,6,1
37,53,1961,90,3675081,-1,3,-11025242,3175524,665,167,81,255,1,1,3,1,2,2,4,3,6,3
37,53,1961,90,3675081,0,1,-3675080,3175524,665,167,81,255,1,1,3,1,2,2,4,3,6,4
37,53,1961,90,3675081,1,1,-3675080,3175524,665,167,81,255,1,1,3,1,2,2,4,3,6,4
37,53,1961,90,3675081,2,3,-11025242,3175524,665,167,81,255,1,1,3,1,2,2,4,3,6,3
37,53,1961,90,3675081,3,7,-25725566,3175524,665,167,81,255,1,1,3,1,2,2,4,3,6,1
37,53,1961,90,3675081,5,21,-77176700,3175524,665,167,81,255,1,1,3,1,2,2,4,3,6,1
37,53,1961,90,3675081,7,43,-158028482,3175524,665,167,81,255,1,1,3,1,2,2,4,3,6,4
37,53,1961,90,3675081,11,111,-407933990,3175524,665,167,81,255,1,1,3,1,2,2,4,3,6,5
37,59,2183,96,4562859,-2,7,-31940012,3968064,1553,389,297,483,1,1,21,1,2,2,3,3,0,1
37,59,2183,96,4562859,-1,3,-13688576,3968064,1553,389,297,483,1,1,21,1,2,2,3,3,0,1
37,59,2183,96,4562859,0,1,-4562858,3968064,1553,389,297,483,1,1,21,1,2,2,3,3,0,1
37,59,2183,96,4562859,1,1,-4562858,3968064,1553,389,297,483,1,1,21,1,2,2,3,3,0,1
37,59,2183,96,4562859,2,3,-13688576,3968064,1553,389,297,483,1,1,21,1,2,2,3,3,0,1
37,59,2183,96,4562859,3,7,-31940012,3968064,1553,389,297,483,1,1,21,1,2,2,3,3,0,1
37,59,2183,96,4562859,5,21,-95820038,3968064,1553,389,297,483,1,1,21,1,2,2,3,3,0,1
37,59,2183,96,4562859,7,43,-196202936,3968064,1553,389,297,483,1,1,21,1,2,2,3,3,0,1
37,59,2183,96,4562859,11,111,-506477348,3968064,1553,389,297,483,1,1,21,1,2,2,3,3,0,1
37,61,2257,98,4880113,-2,7,-34160790,4251844,1913,479,385,575,1,1,1,1,1,2,5,3,0,1
37,61,2257,98,4880113,-1,3,-14640338,4251844,1913,479,385,575,1,1,1,1,1,2,5,3,0,1
37,61,2257,98,4880113,0,1,-4880112,4251844,1913,479,385,575,1,1,1,1,1,2,5,3,0,1
37,61,2257,98,4880113,1,1,-4880112,4251844,1913,479,385,575,1,1,1,1,1,2,5,3,0,1
37,61,2257,98,4880113,2,3,-14640338,4251844,1913,479,385,575,1,1,1,1,1,2,5,3,0,1
37,61,2257,98,4880113,3,7,-34160790,4251844,1913,479,385,575,1,1,1,1,1,2,5,3,0,1
37,61,2257,98,4880113,5,21,-102482372,4251844,1913,479,385,575,1,1,1,1,1,2,5,3,0,1
37,61,2257,98,4880113,7,43,-209844858,4251844,1913,479,385,575,1,1,1,1,1,2,5,3,0,1
37,61,2257,98,4880113,11,111,-541692542,4251844,1913,479,385,575,1,1,1,1,1,2,5,3,0,1
37,67,2479,104,5895859,-2,7,-41271012,5161984,706,797,697,899,1,1,31,1,1,2,4,3,6,1
37,67,2479,104,5895859,-1,3,-17687576,5161984,706,797,697,899,1,1,31,1,1,2,4,3,6,3
37,67,2479,104,5895859,0,1,-5895858,5161984,706,797,697,899,1,1,31,1,1,2,4,3,6,4
37,67,2479,104,5895859,1,1,-5895858,5161984,706,797,697,899,1,1,31,1,1,2,4,3,6,4
37,67,2479,104,5895859,2,3,-17687576,5161984,706,797,697,899,1,1,31,1,1,2,4,3,6,3
37,67,2479,104,5895859,3,7,-41271012,5161984,706,797,697,899,1,1,31,1,1,2,4,3,6,1
37,67,2479,104,5895859,5,21,-123813038,5161984,706,797,697,899,1,1,31,1,1,2,4,3,6,1
37,67,2479,104,5895859,7,43,-253521936,5161984,706,797,697,899,1,1,31,1,1,2,4,3,6,4
37,67,2479,104,5895859,11,111,-654440348,5161984,706,797,697,899,1,1,31,1,1,2,4,3,6,5
37,71,2627,108,6626343,-2,7,-46384400,5817744,1566,1049,945,1155,1,1,3,1,2,2,1,3,1,1
37,71,2627,108,6626343,-1,3,-19879028,5817744,1566,1049,945,1155,1,1,3,1,2,2,1,3,1,6
37,71,2627,108,6626343,0,1,-6626342,5817744,1566,1049,945,1155,1,1,3,1,2,2,1,3,1,5
37,71,2627,108,6626343,1,1,-6626342,5817744,1566,1049,945,1155,1,1,3,1,2,2,1,3,1,5
37,71,2627,108,6626343,2,3,-19879028,5817744,1566,1049,945,1155,1,1,3,1,2,2,1,3,1,6
37,71,2627,108,6626343,3,7,-46384400,5817744,1566,1049,945,1155,1,1,3,1,2,2,1,3,1,1
37,71,2627,108,6626343,5,21,-139153202,5817744,1566,1049,945,1155,1,1,3,1,2,2,1,3,1,1
37,71,2627,108,6626343,7,43,-284932748,5817744,1566,1049,945,1155,1,1,3,1,2,2,1,3,1,5
37,71,2627,108,6626343,11,111,-735524072,5817744,1566,1049,945,1155,1,1,3,1,2,2,1,3,1,4
37,73,2701,110,7007581,-2,7,-49053066,6160324,2044,1187,1081,1295,1,1,7,1,1,2,3,3,0,1
37,73,2701,110,7007581,-1,3,-21022742,6160324,2044,1187,1081,1295,1,1,7,1,1,2,3,3,0,1
37,73,2701,110,7007581,0,1,-7007580,6160324,2044,1187,1081,1295,1,1,7,1,1,2,3,3,0,1
37,73,2701,110,7007581,1,1,-7007580,6160324,2044,1187,1081,1295,1,1,7,1,1,2,3,3,0,1
37,73,2701,110,7007581,2,3,-21022742,6160324,2044,1187,1081,1295,1,1,7,1,1,2,3,3,0,1
37,73,2701,110,7007581,3,7,-49053066,6160324,2044,1187,1081,1295,1,1,7,1,1,2,3,3,0,1
37,73,2701,110,7007581,5,21,-147159200,6160324,2044,1187,1081,1295,1,1,7,1,1,2,3,3,0,1
37,73,2701,110,7007581,7,43,-301325982,6160324,2044,1187,1081,1295,1,1,7,1,1,2,3,3,0,1
37,73,2701,110,7007581,11,111,-777841490,6160324,2044,1187,1081,1295,1,1,7,1,1,2,3,3,0,1
37,79,2923,116,8215279,-2,7,-57506952,7246864,747,1649,1537,1763,1,1,43,1,1,2,2,3,3,1
37,79,2923,116,8215279,-1,3,-24645836,7246864,747,1649,1537,1763,1,1,43,1,1,2,2,3,3,2
37,79,2923,116,8215279,0,1,-8215278,7246864,747,1649,1537,1763,1,1,43,1,1,2,2,3,3,6
37,79,2923,116,8215279,1,1,-8215278,7246864,747,1649,1537,1763,1,1,43,1,1,2,2,3,3,6
37,79,2923,116,8215279,2,3,-24645836,7246864,747,1649,1537,1763,1,1,43,1,1,2,2,3,3,2
37,79,2923,116,8215279,3,7,-57506952,7246864,747,1649,1537,1763,1,1,43,1,1,2,2,3,3,1
37,79,2923,116,8215279,5,21,-172520858,7246864,747,1649,1537,1763,1,1,43,1,1,2,2,3,3,1
37,79,2923,116,8215279,7,43,-353256996,7246864,747,1649,1537,1763,1,1,43,1,1,2,2,3,3,6
37,79,2923,116,8215279,11,111,-911895968,7246864,747,1649,1537,1763,1,1,43,1,1,2,2,3,3,3
37,83,3071,120,9073731,-2,7,-63516116,8020224,1843,1997,1881,2115,1,1,3,1,2,2,6,3,3,1
37,83,3071,120,9073731,-1,3,-27221192,8020224,1843,1997,1881,2115,1,1,3,1,2,2,6,3,3,2
37,83,3071,120,9073731,0,1,-9073730,8020224,1843,1997,1881,2115,1,1,3,1,2,2,6,3,3,6
37,83,3071,120,9073731,1,1,-9073730,8020224,1843,1997,1881,2115,1,1,3,1,2,2,6,3,3,6
37,83,3071,120,9073731,2,3,-27221192,8020224,1843,1997,1881,2115,1,1,3,1,2,2,6,3,3,2
37,83,3071,120,9073731,3,7,-63516116,8020224,1843,1997,1881,2115,1,1,3,1,2,2,6,3,3,1
37,83,3071,120,9073731,5,21,-190548350,8020224,1843,1997,1881,2115,1,1,3,1,2,2,6,3,3,1
37,83,3071,120,9073731,7,43,-390170432,8020224,1843,1997,1881,2115,1,1,3,1,2,2,6,3,3,6
37,83,3071,120,9073731,11,111,-1007184140,8020224,1843,1997,1881,2115,1,1,3,1,2,2,6,3,3,3
37,89,3293,126,10441389,-2,7,-73089722,9253764,434,2579,2457,2703,1,1,3,1,2,2,5,3,0,1
37,89,3293,126,10441389,-1,3,-31324166,9253764,434,2579,2457,2703,1,1,3,1,2,2,5,3,0,1
37,89,3293,126,10441389,0,1,-10441388,9253764,434,2579,2457,2703,1,1,3,1,2,2,5,3,0,1
37,89,3293,126,10441389,1,1,-10441388,9253764,434,2579,2457,2703,1,1,3,1,2,2,5,3,0,1
37,89,3293,126,10441389,2,3,-31324166,9253764,434,2579,2457,2703,1,1,3,1,2,2,5,3,0,1
37,89,3293,126,10441389,3,7,-73089722,9253764,434,2579,2457,2703,1,1,3,1,2,2,5,3,0,1
37,89,3293,126,10441389,5,21,-219269168,9253764,434,2579,2457,2703,1,1,3,1,2,2,5,3,0,1
37,89,3293,126,10441389,7,43,-448979726,9253764,434,2579,2457,2703,1,1,3,1,2,2,5,3,0,1
37,89,3293,126,10441389,11,111,-1158994178,9253764,434,2579,2457,2703,1,1,3,1,2,2,5,3,0,1
37,97,3589,134,12414229,-2,7,-86899602,11035684,3098,3467,3337,9,1,1,1,1,1,2,6,3,3,1
37,97,3589,134,12414229,-1,3,-37242686,11035684,3098,3467,3337,9,1,1,1,1,1,2,6,3,3,2
37,97,3589,134,12414229,0,1,-12414228,11035684,3098,3467,3337,9,1,1,1,1,1,2,6,3,3,6
37,97,3589,134,12414229,1,1,-12414228,11035684,3098,3467,3337,9,1,1,1,1,1,2,6,3,3,6
37,97,3589,134,12414229,2,3,-37242686,11035684,3098,3467,3337,9,1,1,1,1,1,2,6,3,3,2
37,97,3589,134,12414229,3,7,-86899602,11035684,3098,3467,3337,9,1,1,1,1,1,2,6,3,3,1
37,97,3589,134,12414229,5,21,-260698808,11035684,3098,3467,3337,9,1,1,1,1,1,2,6,3,3,1
37,97,3589,134,12414229,7,43,-533811846,11035684,3098,3467,3337,9,1,1,1,1,1,2,6,3,3,6
37,97,3589,134,12414229,11,111,-1377979418,11035684,3098,3467,3337,9,1,1,1,1,1,2,6,3,3,3
37,101,3737,138,13464633,-2,7,-94252430,11985444,885,222,89,357,37,1,21,1,2,2,3,3,0,1
37,101,3737,138,13464633,-1,3,-40393898,11985444,885,222,89,357,37,1,21,1,2,2,3,3,0,1
37,101,3737,138,13464633,0,1,-13464632,11985444,885,222,89,357,37,1,21,1,2,2,3,3,0,1
37,101,3737,138,13464633,1,1,-13464632,11985444,885,222,89,357,37,1,21,1,2,2,3,3,0,1
37,101,3737,138,13464633,2,3,-40393898,11985444,885,222,89,357,37,1,21,1,2,2,3,3,0,1
37,101,3737,138,13464633,3,7,-94252430,11985444,885,222,89,357,37,1,21,1,2,2,3,3,0,1
37,101,3737,138,13464633,5,21,-282757292,11985444,885,222,89,357,37,1,21,1,2,2,3,3,0,1
37,101,3737,138,13464633,7,43,-578979218,11985444,885,222,89,357,37,1,21,1,2,2,3,3,0,1
37,101,3737,138,13464633,11,111,-1494574262,11985444,885,222,89,357,37,1,21,1,2,2,3,3,0,1
37,103,3811,140,14005831,-2,7,-98040816,12475024,1621,406,271,543,1,1,1,1,1,2,5,3,0,1
37,103,3811,140,14005831,-1,3,-42017492,12475024,1621,406,271,543,1,1,1,1,1,2,5,3,0,1
37,103,3811,140,14005831,0,1,-14005830,12475024,1621,406,271,543,1,1,1,1,1,2,5,3,0,1
37,103,3811,140,14005831,1,1,-14005830,12475024,1621,406,271,543,1,1,1,1,1,2,5,3,0,1
37,103,3811,140,14005831,2,3,-42017492,12475024,1621,406,271,543,1,1,1,1,1,2,5,3,0,1
37,103,3811,140,14005831,3,7,-98040816,12475024,1621,406,271,543,1,1,1,1,1,2,5,3,0,1
37,103,3811,140,14005831,5,21,-294122450,12475024,1621,406,271,543,1,1,1,1,1,2,5,3,0,1
37,103,3811,140,14005831,7,43,-602250732,12475024,1621,406,271,543,1,1,1,1,1,2,5,3,0,1
37,103,3811,140,14005831,11,111,-1554647240,12475024,1621,406,271,543,1,1,1,1,1,2,5,3,0,1
37,107,3959,144,15120219,-2,7,-105841532,13483584,3189,798,659,939,1,1,3,1,2,2,2,3,3,1
37,107,3959,144,15120219,-1,3,-45360656,13483584,3189,798,659,939,1,1,3,1,2,2,2,3,3,2
37,107,3959,144,15120219,0,1,-15120218,13483584,3189,798,659,939,1,1,3,1,2,2,2,3,3,6
37,107,3959,144,15120219,1,1,-15120218,13483584,3189,798,659,939,1,1,3,1,2,2,2,3,3,6
37,107,3959,144,15120219,2,3,-45360656,13483584,3189,798,659,939,1,1,3,1,2,2,2,3,3,2
37,107,3959,144,15120219,3,7,-105841532,13483584,3189,798,659,939,1,1,3,1,2,2,2,3,3,1
37,107,3959,144,15120219,5,21,-317524598,13483584,3189,798,659,939,1,1,3,1,2,2,2,3,3,1
37,107,3959,144,15120219,7,43,-650169416,13483584,3189,798,659,939,1,1,3,1,2,2,2,3,3,6
37,107,3959,144,15120219,11,111,-1678344308,13483584,3189,798,659,939,1,1,3,1,2,2,2,3,3,3
37,109,4033,146,15693409,-2,7,-109853862,14002564,4021,1006,865,1149,1,1,1,1,1,2,4,3,6,1
37,109,4033,146,15693409,-1,3,-47080226,14002564,4021,1006,865,1149,1,1,1,1,1,2,4,3,6,3
37,109,4033,146,15693409,0,1,-15693408,14002564,4021,1006,865,1149,1,1,1,1,1,2,4,3,6,4
37,109,4033,146,15693409,1,1,-15693408,14002564,4021,1006,865,1149,1,1,1,1,1,2,4,3,6,4
37,109,4033,146,15693409,2,3,-47080226,14002564,4021,1006,865,1149,1,1,1,1,1,2,4,3,6,3
37,109,4033,146,15693409,3,7,-109853862,14002564,4021,1006,865,1149,1,1,1,1,1,2,4,3,6,1
37,109,4033,146,15693409,5,21,-329561588,14002564,4021,1006,865,1149,1,1,1,1,1,2,4,3,6,1
37,109,4033,146,15693409,7,43,-674816586,14002564,4021,1006,865,1149,1,1,1,1,1,2,4,3,6,4
37,109,4033,146,15693409,11,111,-1741968398,14002564,4021,1006,865,1149,1,1,1,1,1,2,4,3,6,5
37,113,4181,150,16871781,-2,7,-118102466,15069924,1600,1446,1301,1593,1,1,3,1,2,2,1,3,1,1
37,113,4181,150,16871781,-1,3,-50615342,15069924,1600,1446,1301,1593,1,1,3,1,2,2,1,3,1,6
37,113,4181,150,16871781,0,1,-16871780,15069924,1600,1446,1301,1593,1,1,3,1,2,2,1,3,1,5
37,113,4181,150,16871781,1,1,-16871780,15069924,1600,1446,1301,1593,1,1,3,1,2,2,1,3,1,5
37,113,4181,150,16871781,2,3,-50615342,15069924,1600,1446,1301,1593,1,1,3,1,2,2,1,3,1,6
37,113,4181,150,16871781,3,7,-118102466,15069924,1600,1446,1301,1593,1,1,3,1,2,2,1,3,1,1
37,113,4181,150,16871781,5,21,-354307400,15069924,1600,1446,1301,1593,1,1,3,1,2,2,1,3,1,1
37,113,4181,150,16871781,7,43,-725486582,15069924,1600,1446,1301,1593,1,1,3,1,2,2,1,3,1,5
37,113,4181,150,16871781,11,111,-1872767690,15069924,1600,1446,1301,1593,1,1,3,1,2,2,1,3,1,4
37,127,4699,164,21331999,-2,7,-149323992,19114384,3551,3238,3079,3399,1,1,1,1,1,2,1,3,1,1
37,127,4699,164,21331999,-1,3,-63995996,19114384,3551,3238,3079,3399,1,1,1,1,1,2,1,3,1,6
37,127,4699,164,21331999,0,1,-21331998,19114384,3551,3238,3079,3399,1,1,1,1,1,2,1,3,1,5
37,127,4699,164,21331999,1,1,-21331998,19114384,3551,3238,3079,3399,1,1,1,1,1,2,1,3,1,5
37,127,4699,164,21331999,2,3,-63995996,19114384,3551,3238,3079,3399,1,1,1,1,1,2,1,3,1,6
37,127,4699,164,21331999,3,7,-149323992,19114384,3551,3238,3079,3399,1,1,1,1,1,2,1,3,1,1
37,127,4699,164,21331999,5,21,-447971978,19114384,3551,3238,3079,3399,1,1,1,1,1,2,1,3,1,1
37,127,4699,164,21331999,7,43,-917275956,19114384,3551,3238,3079,3399,1,1,1,1,1,2,1,3,1,5
37,127,4699,164,21331999,11,111,-2367851888,19114384,3551,3238,3079,3399,1,1,1,1,1,2,1,3,1,4
37,131,4847,168,22702323,-2,7,-158916260,20358144,744,3822,3659,3987,1,1,3,1,2,2,5,3,0,1
37,131,4847,168,22702323,-1,3,-68106968,20358144,744,3822,3659,3987,1,1,3,1,2,2,5,3,0,1
37,131,4847,168,22702323,0,1,-22702322,20358144,744,3822,3659,3987,1,1,3,1,2,2,5,3,0,1
37,131,4847,168,22702323,1,1,-22702322,20358144,744,3822,3659,3987,1,1,3,1,2,2,5,3,0,1
37,131,4847,168,22702323,2,3,-68106968,20358144,744,3822,3659,3987,1,1,3,1,2,2,5,3,0,1
37,131,4847,168,22702323,3,7,-158916260,20358144,744,3822,3659,3987,1,1,3,1,2,2,5,3,0,1
37,131,4847,168,22702323,5,21,-476748782,20358144,744,3822,3659,3987,1,1,3,1,2,2,5,3,0,1
37,131,4847,168,22702323,7,43,-976199888,20358144,744,3822,3659,3987,1,1,3,1,2,2,5,3,0,1
37,131,4847,168,22702323,11,111,-2519957852,20358144,744,3822,3659,3987,1,1,3,1,2,2,5,3,0,1
37,137,5069,174,24837789,-2,7,-173864522,22297284,3822,4758,4589,4929,1,1,3,1,2,2,4,3,6,1
37,137,5069,174,24837789,-1,3,-74513366,22297284,3822,4758,4589,4929,1,1,3,1,2,2,4,3,6,3
37,137,5069,174,24837789,0,1,-24837788,22297284,3822,4758,4589,4929,1,1,3,1,2,2,4,3,6,4
37,137,5069,174,24837789,1,1,-24837788,22297284,3822,4758,4589,4929,1,1,3,1,2,2,4,3,6,4
37,137,5069,174,24837789,2,3,-74513366,22297284,3822,4758,4589,4929,1,1,3,1,2,2,4,3,6,3
37,137,5069,174,24837789,3,7,-173864522,22297284,3822,4758,4589,4929,1,1,3,1,2,2,4,3,6,1
37,137,5069,174,24837789,5,21,-521593568,22297284,3822,4758,4589,4929,1,1,3,1,2,2,4,3,6,1
37,137,5069,174,24837789,7,43,-1068024926,22297284,3822,4758,4589,4929,1,1,3,1,2,2,4,3,6,4
37,137,5069,174,24837789,11,111,-2756994578,22297284,3822,4758,4589,4929,1,1,3,1,2,2,4,3,6,5
37,139,5143,176,25570939,-2,7,-178996572,22963264,4912,5086,4915,115,1,1,1,1,1,2,6,3,3,1
37,139,5143,176,25570939,-1,3,-76712816,22963264,4912,5086,4915,115,1,1,1,1,1,2,6,3,3,2
37,139,5143,176,25570939,0,1,-25570938,22963264,4912,5086,4915,115,1,1,1,1,1,2,6,3,3,6
37,139,5143,176,25570939,1,1,-25570938,22963264,4912,5086,4915,115,1,1,1,1,1,2,6,3,3,6
37,139,5143,176,25570939,2,3,-76712816,22963264,4912,5086,4915,115,1,1,1,1,1,2,6,3,3,2
37,139,5143,176,25570939,3,7,-178996572,22963264,4912,5086,4915,115,1,1,1,1,1,2,6,3,3,1
37,139,5143,176,25570939,5,21,-536989718,22963264,4912,5086,4915,115,1,1,1,1,1,2,6,3,3,1
37,139,5143,176,25570939,7,43,-1099550376,22963264,4912,5086,4915,115,1,1,1,1,1,2,6,3,3,6
37,139,5143,176,25570939,11,111,-2838374228,22963264,4912,5086,4915,115,1,1,1,1,1,2,6,3,3,3
37,149,5513,186,29396649,-2,7,-205776542,26440164,5329,1333,1153,1515,1,1,3,1,2,2,2,3,3,1
37,149,5513,186,29396649,-1,3,-88189946,26440164,5329,1333,1153,1515,1,1,3,1,2,2,2,3,3,2
37,149,5513,186,29396649,0,1,-29396648,26440164,5329,1333,1153,1515,1,1,3,1,2,2,2,3,3,6
37,149,5513,186,29396649,1,1,-29396648,26440164,5329,1333,1153,1515,1,1,3,1,2,2,2,3,3,6
37,149,5513,186,29396649,2,3,-88189946,26440164,5329,1333,1153,1515,1,1,3,1,2,2,2,3,3,2
37,149,5513,186,29396649,3,7,-205776542,26440164,5329,1333,1153,1515,1,1,3,1,2,2,2,3,3,1
37,149,5513,186,29396649,5,21,-617329628,26440164,5329,1333,1153,1515,1,1,3,1,2,2,2,3,3,1
37,149,5513,186,29396649,7,43,-1264055906,26440164,5329,1333,1153,1515,1,1,3,1,2,2,2,3,3,6
37,149,5513,186,29396649,11,111,-3263028038,26440164,5329,1333,1153,1515,1,1,3,1,2,2,2,3,3,3
37,151,5587,188,30193783,-2,7,-211356480,27164944,950,1635,1453,1819,1,1,1,1,1,2,4,3,6,1
37,151,5587,188,30193783,-1,3,-90581348,27164944,950,1635,1453,1819,1,1,1,1,1,2,4,3,6,3
37,151,5587,188,30193783,0,1,-30193782,27164944,950,1635,1453,1819,1,1,1,1,1,2,4,3,6,4
37,151,5587,188,30193783,1,1,-30193782,27164944,950,1635,1453,1819,1,1,1,1,1,2,4,3,6,4
37,151,5587,188,30193783,2,3,-90581348,27164944,950,1635,1453,1819,1,1,1,1,1,2,4,3,6,3
37,151,5587,188,30193783,3,7,-211356480,27164944,950,1635,1453,1819,1,1,1,1,1,2,4,3,6,1
37,151,5587,188,30193783,5,21,-634069442,27164944,950,1635,1453,1819,1,1,1,1,1,2,4,3,6,1
37,151,5587,188,30193783,7,43,-1298332668,27164944,950,1635,1453,1819,1,1,1,1,1,2,4,3,6,4
37,151,5587,188,30193783,11,111,-3351509912,27164944,950,1635,1453,1819,1,1,1,1,1,2,4,3,6,5
37,157,5809,194,32649169,-2,7,-228544182,29398084,4544,2589,2401,2779,1,1,7,1,1,2,3,3,0,1
37,157,5809,194,32649169,-1,3,-97947506,29398084,4544,2589,2401,2779,1,1,7,1,1,2,3,3,0,1
37,157,5809,194,32649169,0,1,-32649168,29398084,4544,2589,2401,2779,1,1,7,1,1,2,3,3,0,1
37,157,5809,194,32649169,1,1,-32649168,29398084,4544,2589,2401,2779,1,1,7,1,1,2,3,3,0,1
37,157,5809,194,32649169,2,3,-97947506,29398084,4544,2589,2401,2779,1,1,7,1,1,2,3,3,0,1
37,157,5809,194,32649169,3,7,-228544182,29398084,4544,2589,2401,2779,1,1,7,1,1,2,3,3,0,1
37,157,5809,194,32649169,5,21,-685632548,29398084,4544,2589,2401,2779,1,1,7,1,1,2,3,3,0,1
37,157,5809,194,32649169,7,43,-1403914266,29398084,4544,2589,2401,2779,1,1,7,1,1,2,3,3,0,1
37,157,5809,194,32649169,11,111,-3624057758,29398084,4544,2589,2401,2779,1,1,7,1,1,2,3,3,0,1
37,163,6031,200,35200531,-2,7,-246403716,31719424,2395,3615,3421,3811,1,1,1,1,1,2,2,3,3,1
37,163,6031,200,35200531,-1,3,-105601592,31719424,2395,3615,3421,3811,1,1,1,1,1,2,2,3,3,2
37,163,6031,200,35200531,0,1,-35200530,31719424,2395,3615,3421,3811,1,1,1,1,1,2,2,3,3,6
37,163,6031,200,35200531,1,1,-35200530,31719424,2395,3615,3421,3811,1,1,1,1,1,2,2,3,3,6
37,163,6031,200,35200531,2,3,-105601592,31719424,2395,3615,3421,3811,1,1,1,1,1,2,2,3,3,2
37,163,6031,200,35200531,3,7,-246403716,31719424,2395,3615,3421,3811,1,1,1,1,1,2,2,3,3,1
37,163,6031,200,35200531,5,21,-739211150,31719424,2395,3615,3421,3811,1,1,1,1,1,2,2,3,3,1
37,163,6031,200,35200531,7,43,-1513622832,31719424,2395,3615,3421,3811,1,1,1,1,1,2,2,3,3,6
37,163,6031,200,35200531,11,111,-3907258940,31719424,2395,3615,3421,3811,1,1,1,1,1,2,2,3,3,3
37,167,6179,204,36954759,-2,7,-258683312,33315984,4995,4339,4141,4539,1,1,3,1,2,2,6,3,3,1
37,167,6179,204,36954759,-1,3,-110864276,33315984,4995,4339,4141,4539,1,1,3,1,2,2,6,3,3,2
37,167,6179,204,36954759,0,1,-36954758,33315984,4995,4339,4141,4539,1,1,3,1,2,2,6,3,3,6
37,167,6179,204,36954759,1,1,-36954758,33315984,4995,4339,4141,4539,1,1,3,1,2,2,6,3,3,6
37,167,6179,204,36954759,2,3,-110864276,33315984,4995,4339,4141,4539,1,1,3,1,2,2,6,3,3,2
37,167,6179,204,36954759,3,7,-258683312,33315984,4995,4339,4141,4539,1,1,3,1,2,2,6,3,3,1
37,167,6179,204,36954759,5,21,-776049938,33315984,4995,4339,4141,4539,1,1,3,1,2,2,6,3,3,1
37,167,6179,204,36954759,7,43,-1589054636,33315984,4995,4339,4141,4539,1,1,3,1,2,2,6,3,3,6
37,167,6179,204,36954759,11,111,-4101978248,33315984,4995,4339,4141,4539,1,1,3,1,2,2,6,3,3,3
37,173,6401,210,39666081,-2,7,-277662566,35784324,2734,5485,5281,5691,1,1,3,1,2,2,5,3,0,1
37,173,6401,210,39666081,-1,3,-118998242,35784324,2734,5485,5281,5691,1,1,3,1,2,2,5,3,0,1
37,173,6401,210,39666081,0,1,-39666080,35784324,2734,5485,5281,5691,1,1,3,1,2,2,5,3,0,1
37,173,6401,210,39666081,1,1,-39666080,35784324,2734,5485,5281,5691,1,1,3,1,2,2,5,3,0,1
37,173,6401,210,39666081,2,3,-118998242,35784324,2734,5485,5281,5691,1,1,3,1,2,2,5,3,0,1
37,173,6401,210,39666081,3,7,-277662566,35784324,2734,5485,5281,5691,1,1,3,1,2,2,5,3,0,1
37,173,6401,210,39666081,5,21,-832987700,35784324,2734,5485,5281,5691,1,1,3,1,2,2,5,3,0,1
37,173,6401,210,39666081,7,43,-1705641482,35784324,2734,5485,5281,5691,1,1,3,1,2,2,5,3,0,1
37,173,6401,210,39666081,11,111,-4402934990,35784324,2734,5485,5281,5691,1,1,3,1,2,2,5,3,0,1
37,179,6623,216,42473379,-2,7,-297313652,38340864,317,80,6493,291,1,43,3,1,2,2,4,3,6,1
37,179,6623,216,42473379,-1,3,-127420136,38340864,317,80,6493,291,1,43,3,1,2,2,4,3,6,3
37,179,6623,216,42473379,0,1,-42473378,38340864,317,80,6493,291,1,43,3,1,2,2,4,3,6,4
37,179,6623,216,42473379,1,1,-42473378,38340864,317,80,6493,291,1,43,3,1,2,2,4,3,6,4
37,179,6623,216,42473379,2,3,-127420136,38340864,317,80,6493,291,1,43,3,1,2,2,4,3,6,3
37,179,6623,216,42473379,3,7,-297313652,38340864,317,80,6493,291,1,43,3,1,2,2,4,3,6,1
37,179,6623,216,42473379,5,21,-891940958,38340864,317,80,6493,291,1,43,3,1,2,2,4,3,6,1
37,179,6623,216,42473379,7,43,-1826355296,38340864,317,80,6493,291,1,43,3,1,2,2,4,3,6,4
37,179,6623,216,42473379,11,111,-4714545068,38340864,317,80,6493,291,1,43,3,1,2,2,4,3,6,5
37,181,6697,218,43430473,-2,7,-304013310,39212644,1709,428,217,641,1,31,1,1,1,2,6,3,3,1
37,181,6697,218,43430473,-1,3,-130291418,39212644,1709,428,217,641,1,31,1,1,1,2,6,3,3,2
37,181,6697,218,43430473,0,1,-43430472,39212644,1709,428,217,641,1,31,1,1,1,2,6,3,3,6
37,181,6697,218,43430473,1,1,-43430472,39212644,1709,428,217,641,1,31,1,1,1,2,6,3,3,6
37,181,6697,218,43430473,2,3,-130291418,39212644,1709,428,217,641,1,31,1,1,1,2,6,3,3,2
37,181,6697,218,43430473,3,7,-304013310,39212644,1709,428,217,641,1,31,1,1,1,2,6,3,3,1
37,181,6697,218,43430473,5,21,-912039932,39212644,1709,428,217,641,1,31,1,1,1,2,6,3,3,1
37,181,6697,218,43430473,7,43,-1867510338,39212644,1709,428,217,641,1,31,1,1,1,2,6,3,3,6
37,181,6697,218,43430473,11,111,-4820782502,39212644,1709,428,217,641,1,31,1,1,1,2,6,3,3,3
37,191,7067,228,48375903,-2,7,-338631320,43718544,2082,2288,2067,2511,1,1,93,1,2,2,2,3,3,1
37,191,7067,228,48375903,-1,3,-145127708,43718544,2082,2288,2067,2511,1,1,93,1,2,2,2,3,3,2
37,191,7067,228,48375903,0,1,-48375902,43718544,2082,2288,2067,2511,1,1,93,1,2,2,2,3,3,6
37,191,7067,228,48375903,1,1,-48375902,43718544,2082,2288,2067,2511,1,1,93,1,2,2,2,3,3,6
37,191,7067,228,48375903,2,3,-145127708,43718544,2082,2288,2067,2511,1,1,93,1,2,2,2,3,3,2
37,191,7067,228,48375903,3,7,-338631320,43718544,2082,2288,2067,2511,1,1,93,1,2,2,2,3,3,1
37,191,7067,228,48375903,5,21,-1015893962,43718544,2082,2288,2067,2511,1,1,93,1,2,2,2,3,3,1
37,191,7067,228,48375903,7,43,-2080163828,43718544,2082,2288,2067,2511,1,1,93,1,2,2,2,3,3,6
37,191,7067,228,48375903,11,111,-5369725232,43718544,2082,2288,2067,2511,1,1,93,1,2,2,2,3,3,3
37,193,7141,230,49396981,-2,7,-345778866,44649124,3592,2684,2461,2909,1,1,1,1,1,2,4,3,6,1
37,193,7141,230,49396981,-1,3,-148190942,44649124,3592,2684,2461,2909,1,1,1,1,1,2,4,3,6,3
37,193,7141,230,49396981,0,1,-49396980,44649124,3592,2684,2461,2909,1,1,1,1,1,2,4,3,6,4
37,193,7141,230,49396981,1,1,-49396980,44649124,3592,2684,2461,2909,1,1,1,1,1,2,4,3,6,4
37,193,7141,230,49396981,2,3,-148190942,44649124,3592,2684,2461,2909,1,1,1,1,1,2,4,3,6,3
37,193,7141,230,49396981,3,7,-345778866,44649124,3592,2684,2461,2909,1,1,1,1,1,2,4,3,6,1
37,193,7141,230,49396981,5,21,-1037336600,44649124,3592,2684,2461,2909,1,1,1,1,1,2,4,3,6,1
37,193,7141,230,49396981,7,43,-2124070182,44649124,3592,2684,2461,2909,1,1,1,1,1,2,4,3,6,4
37,193,7141,230,49396981,11,111,-5483064890,44649124,3592,2684,2461,2909,1,1,1,1,1,2,4,3,6,5
37,197,7289,234,51471129,-2,7,-360297902,46539684,6708,3500,3273,3729,1,1,3,1,2,2,1,3,1,1
37,197,7289,234,51471129,-1,3,-154413386,46539684,6708,3500,3273,3729,1,1,3,1,2,2,1,3,1,6
37,197,7289,234,51471129,0,1,-51471128,46539684,6708,3500,3273,3729,1,1,3,1,2,2,1,3,1,5
37,197,7289,234,51471129,1,1,-51471128,46539684,6708,3500,3273,3729,1,1,3,1,2,2,1,3,1,5
37,197,7289,234,51471129,2,3,-154413386,46539684,6708,3500,3273,3729,1,1,3,1,2,2,1,3,1,6
37,197,7289,234,51471129,3,7,-360297902,46539684,6708,3500,3273,3729,1,1,3,1,2,2,1,3,1,1
37,197,7289,234,51471129,5,21,-1080893708,46539684,6708,3500,3273,3729,1,1,3,1,2,2,1,3,1,1
37,197,7289,234,51471129,7,43,-2213258546,46539684,6708,3500,3273,3729,1,1,3,1,2,2,1,3,1,5
37,197,7289,234,51471129,11,111,-5713295318,46539684,6708,3500,3273,3729,1,1,3,1,2,2,1,3,1,4
37,199,7363,236,52524199,-2,7,-367669392,47499664,951,3920,3691,4151,1,1,7,1,1,2,3,3,0,1
37,199,7363,236,52524199,-1,3,-157572596,47499664,951,3920,3691,4151,1,1,7,1,1,2,3,3,0,1
37,199,7363,236,52524199,0,1,-52524198,47499664,951,3920,3691,4151,1,1,7,1,1,2,3,3,0,1
37,199,7363,236,52524199,1,1,-52524198,47499664,951,3920,3691,4151,1,1,7,1,1,2,3,3,0,1
37,199,7363,236,52524199,2,3,-157572596,47499664,951,3920,3691,4151,1,1,7,1,1,2,3,3,0,1
37,199,7363,236,52524199,3,7,-367669392,47499664,951,3920,3691,4151,1,1,7,1,1,2,3,3,0,1
37,199,7363,236,52524199,5,21,-1103008178,47499664,951,3920,3691,4151,1,1,7,1,1,2,3,3,0,1
37,199,7363,236,52524199,7,43,-2258540556,47499664,951,3920,3691,4151,1,1,7,1,1,2,3,3,0,1
37,199,7363,236,52524199,11,111,-5830186088,47499664,951,3920,3691,4151,1,1,7,1,1,2,3,3,0,1
41,43,1763,84,2965287,-2,7,-20757008,2547216,1444,1684,1603,3,1,1,3,2,1,6,1,3,1,1
41,43,1763,84,2965287,-1,3,-8895860,2547216,1444,1684,1603,3,1,1,3,2,1,6,1,3,1,6
41,43,1763,84,2965287,0,1,-2965286,2547216,1444,1684,1603,3,1,1,3,2,1,6,1,3,1,5
41,43,1763,84,2965287,1,1,-2965286,2547216,1444,1684,1603,3,1,1,3,2,1,6,1,3,1,5
41,43,1763,84,2965287,2,3,-8895860,2547216,1444,1684,1603,3,1,1,3,2,1,6,1,3,1,6
41,43,1763,84,2965287,3,7,-20757008,2547216,1444,1684,1603,3,1,1,3,2,1,6,1,3,1,1
41,43,1763,84,2965287,5,21,-62271026,2547216,1444,1684,1603,3,1,1,3,2,1,6,1,3,1,1
41,43,1763,84,2965287,7,43,-127507340,2547216,1444,1684,1603,3,1,1,3,2,1,6,1,3,1,5
41,43,1763,84,2965287,11,111,-329146856,2547216,1444,1684,1603,3,1,1,3,2,1,6,1,3,1,4
41,47,1927,88,3549483,-2,7,-24846380,3069504,1720,1876,1791,35,1,9,1,2,2,6,5,3,0,1
41,47,1927,88,3549483,-1,3,-10648448,3069504,1720,1876,1791,35,1,9,1,2,2,6,5,3,0,1
41,47,1927,88,3549483,0,1,-3549482,3069504,1720,1876,1791,35,1,9,1,2,2,6,5,3,0,1
41,47,1927,88,3549483,1,1,-3549482,3069504,1720,1876,1791,35,1,9,1,2,2,6,5,3,0,1
41,47,1927,88,3549483,2,3,-10648448,3069504,1720,1876,1791,35,1,9,1,2,2,6,5,3,0,1
41,47,1927,88,3549483,3,7,-24846380,3069504,1720,1876,1791,35,1,9,1,2,2,6,5,3,0,1
41,47,1927,88,3549483,5,21,-74539142,3069504,1720,1876,1791,35,1,9,1,2,2,6,5,3,0,1
41,47,1927,88,3549483,7,43,-152627768,3069504,1720,1876,1791,35,1,9,1,2,2,6,5,3,0,1
41,47,1927,88,3549483,11,111,-393992612,3069504,1720,1876,1791,35,1,9,1,2,2,6,5,3,0,1
41,53,2173,94,4524237,-2,7,-31669658,3944196,201,51,2133,143,1,3,1,2,2,6,4,3,6,1
41,53,2173,94,4524237,-1,3,-13572710,3944196,201,51,2133,143,1,3,1,2,2,6,4,3,6,3
41,53,2173,94,4524237,0,1,-4524236,3944196,201,51,2133,143,1,3,1,2,2,6,4,3,6,4
41,53,2173,94,4524237,1,1,-4524236,3944196,201,51,2133,143,1,3,1,2,2,6,4,3,6,4
41,53,2173,94,4524237,2,3,-13572710,3944196,201,51,2133,143,1,3,1,2,2,6,4,3,6,3
41,53,2173,94,4524237,3,7,-31669658,3944196,201,51,2133,143,1,3,1,2,2,6,4,3,6,1
41,53,2173,94,4524237,5,21,-95008976,3944196,201,51,2133,143,1,3,1,2,2,6,4,3,6,1
41,53,2173,94,4524237,7,43,-194542190,3944196,201,51,2133,143,1,3,1,2,2,6,4,3,6,4
41,53,2173,94,4524237,11,111,-502190306,3944196,201,51,2133,143,1,3,1,2,2,6,4,3,6,5
41,59,2419,100,5617143,-2,7,-39320000,4928400,897,225,129,323,1,3,1,2,2,6,3,3,0,1
41,59,2419,100,5617143,-1,3,-16851428,4928400,897,225,129,323,1,3,1,2,2,6,3,3,0,1
41,59,2419,100,5617143,0,1,-5617142,4928400,897,225,129,323,1,3,1,2,2,6,3,3,0,1
41,59,2419,100,5617143,1,1,-5617142,4928400,897,225,129,323,1,3,1,2,2,6,3,3,0,1
41,59,2419,100,5617143,2,3,-16851428,4928400,897,225,129,323,1,3,1,2,2,6,3,3,0,1
41,59,2419,100,5617143,3,7,-39320000,4928400,897,225,129,323,1,3,1,2,2,6,3,3,0,1
41,59,2419,100,5617143,5,21,-117960002,4928400,897,225,129,323,1,3,1,2,2,6,3,3,0,1
41,59,2419,100,5617143,7,43,-241537148,4928400,897,225,129,323,1,3,1,2,2,6,3,3,0,1
41,59,2419,100,5617143,11,111,-623502872,4928400,897,225,129,323,1,3,1,2,2,6,3,3,0,1
41,61,2501,102,6007701,-2,7,-42053906,5280804,1193,299,201,399,1,1,3,2,1,6,5,3,0,1
41,61,2501,102,6007701,-1,3,-18023102,5280804,1193,299,201,399,1,1,3,2,1,6,5,3,0,1
41,61,2501,102,6007701,0,1,-6007700,5280804,1193,299,201,399,1,1,3,2,1,6,5,3,0,1
41,61,2501,102,6007701,1,1,-6007700,5280804,1193,299,201,399,1,1,3,2,1,6,5,3,0,1
41,61,2501,102,6007701,2,3,-18023102,5280804,1193,299,201,399,1,1,3,2,1,6,5,3,0,1
41,61,2501,102,6007701,3,7,-42053906,5280804,1193,299,201,399,1,1,3,2,1,6,5,3,0,1
41,61,2501,102,6007701,5,21,-126161720,5280804,1193,299,201,399,1,1,3,2,1,6,5,3,0,1
41,61,2501,102,6007701,7,43,-258331142,5280804,1193,299,201,399,1,1,3,2,1,6,5,3,0,1
41,61,2501,102,6007701,11,111,-666854810,5280804,1193,299,201,399,1,1,3,2,1,6,5,3,0,1
41,67,2747,108,7258143,-2,7,-50807000,6411024,2273,569,465,675,1,1,3,2,1,6,4,3,6,1
41,67,2747,108,7258143,-1,3,-21774428,6411024,2273,569,465,675,1,1,3,2,1,6,4,3,6,3
41,67,2747,108,7258143,0,1,-7258142,6411024,2273,569,465,675,1,1,3,2,1,6,4,3,6,4
41,67,2747,108,7258143,1,1,-7258142,6411024,2273,569,465,675,1,1,3,2,1,6,4,3,6,4
41,67,2747,108,7258143,2,3,-21774428,6411024,2273,569,465,675,1,1,3,2,1,6,4,3,6,3
41,67,2747,108,7258143,3,7,-50807000,6411024,2273,569,465,675,1,1,3,2,1,6,4,3,6,1
41,67,2747,108,7258143,5,21,-152421002,6411024,2273,569,465,675,1,1,3,2,1,6,4,3,6,1
41,67,2747,108,7258143,7,43,-312100148,6411024,2273,569,465,675,1,1,3,2,1,6,4,3,6,4
41,67,2747,108,7258143,11,111,-805653872,6411024,2273,569,465,675,1,1,3,2,1,6,4,3,6,5
41,71,2911,112,8157411,-2,7,-57101876,7225344,242,789,681,899,1,3,1,2,2,6,1,3,1,1
41,71,2911,112,8157411,-1,3,-24472232,7225344,242,789,681,899,1,3,1,2,2,6,1,3,1,6
41,71,2911,112,8157411,0,1,-8157410,7225344,242,789,681,899,1,3,1,2,2,6,1,3,1,5
41,71,2911,112,8157411,1,1,-8157410,7225344,242,789,681,899,1,3,1,2,2,6,1,3,1,5
41,71,2911,112,8157411,2,3,-24472232,7225344,242,789,681,899,1,3,1,2,2,6,1,3,1,6
41,71,2911,112,8157411,3,7,-57101876,7225344,242,789,681,899,1,3,1,2,2,6,1,3,1,1
41,71,2911,112,8157411,5,21,-171305630,7225344,242,789,681,899,1,3,1,2,2,6,1,3,1,1
41,71,2911,112,8157411,7,43,-350768672,7225344,242,789,681,899,1,3,1,2,2,6,1,3,1,5
41,71,2911,112,8157411,11,111,-905472620,7225344,242,789,681,899,1,3,1,2,2,6,1,3,1,4
41,73,2993,114,8626737,-2,7,-60387158,7650756,648,911,801,1023,1,1,3,2,1,6,3,3,0,1
41,73,2993,114,8626737,-1,3,-25880210,7650756,648,911,801,1023,1,1,3,2,1,6,3,3,0,1
41,73,2993,114,8626737,0,1,-8626736,7650756,648,911,801,1023,1,1,3,2,1,6,3,3,0,1
41,73,2993,114,8626737,1,1,-8626736,7650756,648,911,801,1023,1,1,3,2,1,6,3,3,0,1
41,73,2993,114,8626737,2,3,-25880210,7650756,648,911,801,1023,1,1,3,2,1,6,3,3,0,1
41,73,2993,114,8626737,3,7,-60387158,7650756,648,911,801,1023,1,1,3,2,1,6,3,3,0,1
41,73,2993,114,8626737,5,21,-181161476,7650756,648,911,801,1023,1,1,3,2,1,6,3,3,0,1
41,73,2993,114,8626737,7,43,-370949690,7650756,648,911,801,1023,1,1,3,2,1,6,3,3,0,1
41,73,2993,114,8626737,11,111,-957567806,7650756,648,911,801,1023,1,1,3,2,1,6,3,3,0,1
41,79,3239,120,10113483,-2,7,-70794380,9000000,2058,1325,1209,1443,1,1,3,2,1,6,2,3,3,1
41,79,3239,120,10113483,-1,3,-30340448,9000000,2058,1325,1209,1443,1,1,3,2,1,6,2,3,3,2
41,79,3239,120,10113483,0,1,-10113482,9000000,2058,1325,1209,1443,1,1,3,2,1,6,2,3,3,6
41,79,3239,120,10113483,1,1,-10113482,9000000,2058,1325,1209,1443,1,1,3,2,1,6,2,3,3,6
41,79,3239,120,10113483,2,3,-30340448,9000000,2058,1325,1209,1443,1,1,3,2,1,6,2,3,3,2
41,79,3239,120,10113483,3,7,-70794380,9000000,2058,1325,1209,1443,1,1,3,2,1,6,2,3,3,1
41,79,3239,120,10113483,5,21,-212383142,9000000,2058,1325,1209,1443,1,1,3,2,1,6,2,3,3,1
41,79,3239,120,10113483,7,43,-434879768,9000000,2058,1325,1209,1443,1,1,3,2,1,6,2,3,3,6
41,79,3239,120,10113483,11,111,-1122596612,9000000,2058,1325,1209,1443,1,1,3,2,1,6,2,3,3,3
41,83,3403,124,11170287,-2,7,-78192008,9960336,3158,1641,1521,1763,1,9,1,2,2,6,6,3,3,1
41,83,3403,124,11170287,-1,3,-33510860,9960336,3158,1641,1521,1763,1,9,1,2,2,6,6,3,3,2
41,83,3403,124,11170287,0,1,-11170286,9960336,3158,1641,1521,1763,1,9,1,2,2,6,6,3,3,6
41,83,3403,124,11170287,1,1,-11170286,9960336,3158,1641,1521,1763,1,9,1,2,2,6,6,3,3,6
41,83,3403,124,11170287,2,3,-33510860,9960336,3158,1641,1521,1763,1,9,1,2,2,6,6,3,3,2
41,83,3403,124,11170287,3,7,-78192008,9960336,3158,1641,1521,1763,1,9,1,2,2,6,6,3,3,1
41,83,3403,124,11170287,5,21,-234576026,9960336,3158,1641,1521,1763,1,9,1,2,2,6,6,3,3,1
41,83,3403,124,11170287,7,43,-480322340,9960336,3158,1641,1521,1763,1,9,1,2,2,6,6,3,3,6
41,83,3403,124,11170287,11,111,-1239901856,9960336,3158,1641,1521,1763,1,9,1,2,2,6,6,3,3,3
41,89,3649,130,12853953,-2,7,-89977670,11492100,1399,2175,2049,2303,1,3,1,2,2,6,5,3,0,1
41,89,3649,130,12853953,-1,3,-38561858,11492100,1399,2175,2049,2303,1,3,1,2,2,6,5,3,0,1
41,89,3649,130,12853953,0,1,-12853952,11492100,1399,2175,2049,2303,1,3,1,2,2,6,5,3,0,1
41,89,3649,130,12853953,1,1,-12853952,11492100,1399,2175,2049,2303,1,3,1,2,2,6,5,3,0,1
41,89,3649,130,12853953,2,3,-38561858,11492100,1399,2175,2049,2303,1,3,1,2,2,6,5,3,0,1
41,89,3649,130,12853953,3,7,-89977670,11492100,1399,2175,2049,2303,1,3,1,2,2,6,5,3,0,1
41,89,3649,130,12853953,5,21,-269933012,11492100,1399,2175,2049,2303,1,3,1,2,2,6,5,3,0,1
41,89,3649,130,12853953,7,43,-552719978,11492100,1399,2175,2049,2303,1,3,1,2,2,6,5,3,0,1
41,89,3649,130,12853953,11,111,-1426788782,11492100,1399,2175,2049,2303,1,3,1,2,2,6,5,3,0,1
41,97,3977,138,15282633,-2,7,-106978430,13704804,62,2999,2865,3135,1,1,3,2,1,6,6,3,3,1
41,97,3977,138,15282633,-1,3,-45847898,13704804,62,2999,2865,3135,1,1,3,2,1,6,6,3,3,2
41,97,3977,138,15282633,0,1,-15282632,13704804,62,2999,2865,3135,1,1,3,2,1,6,6,3,3,6
41,97,3977,138,15282633,1,1,-15282632,13704804,62,2999,2865,3135,1,1,3,2,1,6,6,3,3,6
41,97,3977,138,15282633,2,3,-45847898,13704804,62,2999,2865,3135,1,1,3,2,1,6,6,3,3,2
41,97,3977,138,15282633,3,7,-106978430,13704804,62,2999,2865,3135,1,1,3,2,1,6,6,3,3,1
41,97,3977,138,15282633,5,21,-320935292,13704804,62,2999,2865,3135,1,1,3,2,1,6,6,3,3,1
41,97,3977,138,15282633,7,43,-657153218,13704804,62,2999,2865,3135,1,1,3,2,1,6,6,3,3,6
41,97,3977,138,15282633,11,111,-1696372262,13704804,62,2999,2865,3135,1,1,3,2,1,6,6,3,3,3
41,101,4141,142,16575741,-2,7,-116030186,14884164,1410,3459,3321,3599,1,9,1,2,2,6,3,3,0,1
41,101,4141,142,16575741,-1,3,-49727222,14884164,1410,3459,3321,3599,1,9,1,2,2,6,3,3,0,1
41,101,4141,142,16575741,0,1,-16575740,14884164,1410,3459,3321,3599,1,9,1,2,2,6,3,3,0,1
41,101,4141,142,16575741,1,1,-16575740,14884164,1410,3459,3321,3599,1,9,1,2,2,6,3,3,0,1
41,101,4141,142,16575741,2,3,-49727222,14884164,1410,3459,3321,3599,1,9,1,2,2,6,3,3,0,1
41,101,4141,142,16575741,3,7,-116030186,14884164,1410,3459,3321,3599,1,9,1,2,2,6,3,3,0,1
41,101,4141,142,16575741,5,21,-348090560,14884164,1410,3459,3321,3599,1,9,1,2,2,6,3,3,0,1
41,101,4141,142,16575741,7,43,-712756862,14884164,1410,3459,3321,3599,1,9,1,2,2,6,3,3,0,1
41,101,4141,142,16575741,11,111,-1839907250,14884164,1410,3459,3321,3599,1,9,1,2,2,6,3,3,0,1
41,103,4223,144,17241987,-2,7,-120693908,15492096,2132,3701,3561,3843,1,1,3,2,1,6,5,3,0,1
41,103,4223,144,17241987,-1,3,-51725960,15492096,2132,3701,3561,3843,1,1,3,2,1,6,5,3,0,1
41,103,4223,144,17241987,0,1,-17241986,15492096,2132,3701,3561,3843,1,1,3,2,1,6,5,3,0,1
41,103,4223,144,17241987,1,1,-17241986,15492096,2132,3701,3561,3843,1,1,3,2,1,6,5,3,0,1
41,103,4223,144,17241987,2,3,-51725960,15492096,2132,3701,3561,3843,1,1,3,2,1,6,5,3,0,1
41,103,4223,144,17241987,3,7,-120693908,15492096,2132,3701,3561,3843,1,1,3,2,1,6,5,3,0,1
41,103,4223,144,17241987,5,21,-362081726,15492096,2132,3701,3561,3843,1,1,3,2,1,6,5,3,0,1
41,103,4223,144,17241987,7,43,-741405440,15492096,2132,3701,3561,3843,1,1,3,2,1,6,5,3,0,1
41,103,4223,144,17241987,11,111,-1913860556,15492096,2132,3701,3561,3843,1,1,3,2,1,6,5,3,0,1
41,107,4387,148,18613863,-2,7,-130297040,16744464,3672,4209,4065,4355,1,3,1,2,2,6,2,3,3,1
41,107,4387,148,18613863,-1,3,-55841588,16744464,3672,4209,4065,4355,1,3,1,2,2,6,2,3,3,2
41,107,4387,148,18613863,0,1,-18613862,16744464,3672,4209,4065,4355,1,3,1,2,2,6,2,3,3,6
41,107,4387,148,18613863,1,1,-18613862,16744464,3672,4209,4065,4355,1,3,1,2,2,6,2,3,3,6
41,107,4387,148,18613863,2,3,-55841588,16744464,3672,4209,4065,4355,1,3,1,2,2,6,2,3,3,2
41,107,4387,148,18613863,3,7,-130297040,16744464,3672,4209,4065,4355,1,3,1,2,2,6,2,3,3,1
41,107,4387,148,18613863,5,21,-390891122,16744464,3672,4209,4065,4355,1,3,1,2,2,6,2,3,3,1
41,107,4387,148,18613863,7,43,-800396108,16744464,3672,4209,4065,4355,1,3,1,2,2,6,2,3,3,6
41,107,4387,148,18613863,11,111,-2066138792,16744464,3672,4209,4065,4355,1,3,1,2,2,6,2,3,3,3
41,109,4469,150,19319493,-2,7,-135236450,17388900,21,6,4329,153,1,1,3,2,1,6,4,3,6,1
41,109,4469,150,19319493,-1,3,-57958478,17388900,21,6,4329,153,1,1,3,2,1,6,4,3,6,3
41,109,4469,150,19319493,0,1,-19319492,17388900,21,6,4329,153,1,1,3,2,1,6,4,3,6,4
41,109,4469,150,19319493,1,1,-19319492,17388900,21,6,4329,153,1,1,3,2,1,6,4,3,6,4
41,109,4469,150,19319493,2,3,-57958478,17388900,21,6,4329,153,1,1,3,2,1,6,4,3,6,3
41,109,4469,150,19319493,3,7,-135236450,17388900,21,6,4329,153,1,1,3,2,1,6,4,3,6,1
41,109,4469,150,19319493,5,21,-405709352,17388900,21,6,4329,153,1,1,3,2,1,6,4,3,6,1
41,109,4469,150,19319493,7,43,-830738198,17388900,21,6,4329,153,1,1,3,2,1,6,4,3,6,4
41,109,4469,150,19319493,11,111,-2144463722,17388900,21,6,4329,153,1,1,3,2,1,6,4,3,6,5
41,113,4633,154,20770137,-2,7,-145390958,18714276,1589,398,249,549,1,3,1,2,2,6,1,3,1,1
41,113,4633,154,20770137,-1,3,-62310410,18714276,1589,398,249,549,1,3,1,2,2,6,1,3,1,6
41,113,4633,154,20770137,0,1,-20770136,18714276,1589,398,249,549,1,3,1,2,2,6,1,3,1,5
41,113,4633,154,20770137,1,1,-20770136,18714276,1589,398,249,549,1,3,1,2,2,6,1,3,1,5
41,113,4633,154,20770137,2,3,-62310410,18714276,1589,398,249,549,1,3,1,2,2,6,1,3,1,6
41,113,4633,154,20770137,3,7,-145390958,18714276,1589,398,249,549,1,3,1,2,2,6,1,3,1,1
41,113,4633,154,20770137,5,21,-436172876,18714276,1589,398,249,549,1,3,1,2,2,6,1,3,1,1
41,113,4633,154,20770137,7,43,-893115890,18714276,1589,398,249,549,1,3,1,2,2,6,1,3,1,5
41,113,4633,154,20770137,11,111,-2305485206,18714276,1589,398,249,549,1,3,1,2,2,6,1,3,1,4
41,127,5207,168,26260923,-2,7,-183826460,23736384,2878,2022,1859,2187,1,1,3,2,1,6,1,3,1,1
41,127,5207,168,26260923,-1,3,-78782768,23736384,2878,2022,1859,2187,1,1,3,2,1,6,1,3,1,6
41,127,5207,168,26260923,0,1,-26260922,23736384,2878,2022,1859,2187,1,1,3,2,1,6,1,3,1,5
41,127,5207,168,26260923,1,1,-26260922,23736384,2878,2022,1859,2187,1,1,3,2,1,6,1,3,1,5
41,127,5207,168,26260923,2,3,-78782768,23736384,2878,2022,1859,2187,1,1,3,2,1,6,1,3,1,6
41,127,5207,168,26260923,3,7,-183826460,23736384,2878,2022,1859,2187,1,1,3,2,1,6,1,3,1,1
41,127,5207,168,26260923,5,21,-551479382,23736384,2878,2022,1859,2187,1,1,3,2,1,6,1,3,1,1
41,127,5207,168,26260923,7,43,-1129219688,23736384,2878,2022,1859,2187,1,1,3,2,1,6,1,3,1,5
41,127,5207,168,26260923,11,111,-2914962452,23736384,2878,2022,1859,2187,1,1,3,2,1,6,1,3,1,4
41,131,5371,172,27947871,-2,7,-195635096,25280784,4858,2558,2391,2727,1,3,1,2,2,6,5,3,0,1
41,131,5371,172,27947871,-1,3,-83843612,25280784,4858,2558,2391,2727,1,3,1,2,2,6,5,3,0,1
41,131,5371,172,27947871,0,1,-27947870,25280784,4858,2558,2391,2727,1,3,1,2,2,6,5,3,0,1
41,131,5371,172,27947871,1,1,-27947870,25280784,4858,2558,2391,2727,1,3,1,2,2,6,5,3,0,1
41,131,5371,172,27947871,2,3,-83843612,25280784,4858,2558,2391,2727,1,3,1,2,2,6,5,3,0,1
41,131,5371,172,27947871,3,7,-195635096,25280784,4858,2558,2391,2727,1,3,1,2,2,6,5,3,0,1
41,131,5371,172,27947871,5,21,-586905290,25280784,4858,2558,2391,2727,1,3,1,2,2,6,5,3,0,1
41,131,5371,172,27947871,7,43,-1201758452,25280784,4858,2558,2391,2727,1,3,1,2,2,6,5,3,0,1
41,131,5371,172,27947871,11,111,-3102213680,25280784,4858,2558,2391,2727,1,3,1,2,2,6,5,3,0,1
41,137,5617,178,30576753,-2,7,-214037270,27688644,2451,3422,3249,3597,1,9,1,2,2,6,4,3,6,1
41,137,5617,178,30576753,-1,3,-91730258,27688644,2451,3422,3249,3597,1,9,1,2,2,6,4,3,6,3
41,137,5617,178,30576753,0,1,-30576752,27688644,2451,3422,3249,3597,1,9,1,2,2,6,4,3,6,4
41,137,5617,178,30576753,1,1,-30576752,27688644,2451,3422,3249,3597,1,9,1,2,2,6,4,3,6,4
41,137,5617,178,30576753,2,3,-91730258,27688644,2451,3422,3249,3597,1,9,1,2,2,6,4,3,6,3
41,137,5617,178,30576753,3,7,-214037270,27688644,2451,3422,3249,3597,1,9,1,2,2,6,4,3,6,1
41,137,5617,178,30576753,5,21,-642111812,27688644,2451,3422,3249,3597,1,9,1,2,2,6,4,3,6,1
41,137,5617,178,30576753,7,43,-1314800378,27688644,2451,3422,3249,3597,1,9,1,2,2,6,4,3,6,4
41,137,5617,178,30576753,11,111,-3394019582,27688644,2451,3422,3249,3597,1,9,1,2,2,6,4,3,6,5
41,139,5699,180,31479303,-2,7,-220355120,28515600,3503,3726,3551,3903,1,1,3,2,1,6,6,3,3,1
41,139,5699,180,31479303,-1,3,-94437908,28515600,3503,3726,3551,3903,1,1,3,2,1,6,6,3,3,2
41,139,5699,180,31479303,0,1,-31479302,28515600,3503,3726,3551,3903,1,1,3,2,1,6,6,3,3,6
41,139,5699,180,31479303,1,1,-31479302,28515600,3503,3726,3551,3903,1,1,3,2,1,6,6,3,3,6
41,139,5699,180,31479303,2,3,-94437908,28515600,3503,3726,3551,3903,1,1,3,2,1,6,6,3,3,2
41,139,5699,180,31479303,3,7,-220355120,28515600,3503,3726,3551,3903,1,1,3,2,1,6,6,3,3,1
41,139,5699,180,31479303,5,21,-661065362,28515600,3503,3726,3551,3903,1,1,3,2,1,6,6,3,3,1
41,139,5699,180,31479303,7,43,-1353610028,28515600,3503,3726,3551,3903,1,1,3,2,1,6,6,3,3,6
41,139,5699,180,31479303,11,111,-3494202632,28515600,3503,3726,3551,3903,1,1,3,2,1,6,6,3,3,3
41,149,6109,190,36188973,-2,7,-253322810,32832900,3134,5366,5181,5553,1,3,1,2,2,6,2,3,3,1
41,149,6109,190,36188973,-1,3,-108566918,32832900,3134,5366,5181,5553,1,3,1,2,2,6,2,3,3,2
41,149,6109,190,36188973,0,1,-36188972,32832900,3134,5366,5181,5553,1,3,1,2,2,6,2,3,3,6
41,149,6109,190,36188973,1,1,-36188972,32832900,3134,5366,5181,5553,1,3,1,2,2,6,2,3,3,6
41,149,6109,190,36188973,2,3,-108566918,32832900,3134,5366,5181,5553,1,3,1,2,2,6,2,3,3,2
41,149,6109,190,36188973,3,7,-253322810,32832900,3134,5366,5181,5553,1,3,1,2,2,6,2,3,3,1
41,149,6109,190,36188973,5,21,-759968432,32832900,3134,5366,5181,5553,1,3,1,2,2,6,2,3,3,1
41,149,6109,190,36188973,7,43,-1556125838,32832900,3134,5366,5181,5553,1,3,1,2,2,6,2,3,3,6
41,149,6109,190,36188973,11,111,-4016976002,32832900,3134,5366,5181,5553,1,3,1,2,2,6,2,3,3,3
41,151,6191,192,37170291,-2,7,-260192036,33732864,4296,5718,5531,5907,1,1,3,2,1,6,4,3,6,1
41,151,6191,192,37170291,-1,3,-111510872,33732864,4296,5718,5531,5907,1,1,3,2,1,6,4,3,6,3
41,151,6191,192,37170291,0,1,-37170290,33732864,4296,5718,5531,5907,1,1,3,2,1,6,4,3,6,4
41,151,6191,192,37170291,1,1,-37170290,33732864,4296,5718,5531,5907,1,1,3,2,1,6,4,3,6,4
41,151,6191,192,37170291,2,3,-111510872,33732864,4296,5718,5531,5907,1,1,3,2,1,6,4,3,6,3
41,151,6191,192,37170291,3,7,-260192036,33732864,4296,5718,5531,5907,1,1,3,2,1,6,4,3,6,1
41,151,6191,192,37170291,5,21,-780576110,33732864,4296,5718,5531,5907,1,1,3,2,1,6,4,3,6,1
41,151,6191,192,37170291,7,43,-1598322512,33732864,4296,5718,5531,5907,1,1,3,2,1,6,4,3,6,4
41,151,6191,192,37170291,11,111,-4125902300,33732864,4296,5718,5531,5907,1,1,3,2,1,6,4,3,6,5
41,157,6437,198,40193013,-2,7,-281351090,36505764,1537,385,193,579,1,1,3,2,1,6,3,3,0,1
41,157,6437,198,40193013,-1,3,-120579038,36505764,1537,385,193,579,1,1,3,2,1,6,3,3,0,1
41,157,6437,198,40193013,0,1,-40193012,36505764,1537,385,193,579,1,1,3,2,1,6,3,3,0,1
41,157,6437,198,40193013,1,1,-40193012,36505764,1537,385,193,579,1,1,3,2,1,6,3,3,0,1
41,157,6437,198,40193013,2,3,-120579038,36505764,1537,385,193,579,1,1,3,2,1,6,3,3,0,1
41,157,6437,198,40193013,3,7,-281351090,36505764,1537,385,193,579,1,1,3,2,1,6,3,3,0,1
41,157,6437,198,40193013,5,21,-844053272,36505764,1537,385,193,579,1,1,3,2,1,6,3,3,0,1
41,157,6437,198,40193013,7,43,-1728299558,36505764,1537,385,193,579,1,1,3,2,1,6,3,3,0,1
41,157,6437,198,40193013,11,111,-4461424442,36505764,1537,385,193,579,1,1,3,2,1,6,3,3,0,1
41,163,6683,204,43333887,-2,7,-303337208,39388176,5257,1315,1117,1515,1,1,3,2,1,6,2,3,3,1
41,163,6683,204,43333887,-1,3,-130001660,39388176,5257,1315,1117,1515,1,1,3,2,1,6,2,3,3,2
41,163,6683,204,43333887,0,1,-43333886,39388176,5257,1315,1117,1515,1,1,3,2,1,6,2,3,3,6
41,163,6683,204,43333887,1,1,-43333886,39388176,5257,1315,1117,1515,1,1,3,2,1,6,2,3,3,6
41,163,6683,204,43333887,2,3,-130001660,39388176,5257,1315,1117,1515,1,1,3,2,1,6,2,3,3,2
41,163,6683,204,43333887,3,7,-303337208,39388176,5257,1315,1117,1515,1,1,3,2,1,6,2,3,3,1
41,163,6683,204,43333887,5,21,-910011626,39388176,5257,1315,1117,1515,1,1,3,2,1,6,2,3,3,1
41,163,6683,204,43333887,7,43,-1863357140,39388176,5257,1315,1117,1515,1,1,3,2,1,6,2,3,3,6
41,163,6683,204,43333887,11,111,-4810061456,39388176,5257,1315,1117,1515,1,1,3,2,1,6,2,3,3,3
41,167,6847,208,45493443,-2,7,-318454100,41370624,1050,1975,1773,2179,1,3,1,2,2,6,6,3,3,1
41,167,6847,208,45493443,-1,3,-136480328,41370624,1050,1975,1773,2179,1,3,1,2,2,6,6,3,3,2
41,167,6847,208,45493443,0,1,-45493442,41370624,1050,1975,1773,2179,1,3,1,2,2,6,6,3,3,6
41,167,6847,208,45493443,1,1,-45493442,41370624,1050,1975,1773,2179,1,3,1,2,2,6,6,3,3,6
41,167,6847,208,45493443,2,3,-136480328,41370624,1050,1975,1773,2179,1,3,1,2,2,6,6,3,3,2
41,167,6847,208,45493443,3,7,-318454100,41370624,1050,1975,1773,2179,1,3,1,2,2,6,6,3,3,1
41,167,6847,208,45493443,5,21,-955362302,41370624,1050,1975,1773,2179,1,3,1,2,2,6,6,3,3,1
41,167,6847,208,45493443,7,43,-1956218048,41370624,1050,1975,1773,2179,1,3,1,2,2,6,6,3,3,6
41,167,6847,208,45493443,11,111,-5049772172,41370624,1050,1975,1773,2179,1,3,1,2,2,6,6,3,3,3
41,173,7093,214,48831237,-2,7,-341818658,44435556,5004,3025,2817,3235,1,9,1,2,2,6,5,3,0,1
41,173,7093,214,48831237,-1,3,-146493710,44435556,5004,3025,2817,3235,1,9,1,2,2,6,5,3,0,1
41,173,7093,214,48831237,0,1,-48831236,44435556,5004,3025,2817,3235,1,9,1,2,2,6,5,3,0,1
41,173,7093,214,48831237,1,1,-48831236,44435556,5004,3025,2817,3235,1,9,1,2,2,6,5,3,0,1
41,173,7093,214,48831237,2,3,-146493710,44435556,5004,3025,2817,3235,1,9,1,2,2,6,5,3,0,1
41,173,7093,214,48831237,3,7,-341818658,44435556,5004,3025,2817,3235,1,9,1,2,2,6,5,3,0,1
41,173,7093,214,48831237,5,21,-1025455976,44435556,5004,3025,2817,3235,1,9,1,2,2,6,5,3,0,1
41,173,7093,214,48831237,7,43,-2099743190,44435556,5004,3025,2817,3235,1,9,1,2,2,6,5,3,0,1
41,173,7093,214,48831237,11,111,-5420267306,44435556,5004,3025,2817,3235,1,9,1,2,2,6,5,3,0,1
41,179,7339,220,52287183,-2,7,-366010280,47610000,1907,4147,3933,4363,1,3,1,2,2,6,4,3,6,1
41,179,7339,220,52287183,-1,3,-156861548,47610000,1907,4147,3933,4363,1,3,1,2,2,6,4,3,6,3
41,179,7339,220,52287183,0,1,-52287182,47610000,1907,4147,3933,4363,1,3,1,2,2,6,4,3,6,4
41,179,7339,220,52287183,1,1,-52287182,47610000,1907,4147,3933,4363,1,3,1,2,2,6,4,3,6,4
41,179,7339,220,52287183,2,3,-156861548,47610000,1907,4147,3933,4363,1,3,1,2,2,6,4,3,6,3
41,179,7339,220,52287183,3,7,-366010280,47610000,1907,4147,3933,4363,1,3,1,2,2,6,4,3,6,1
41,179,7339,220,52287183,5,21,-1098030842,47610000,1907,4147,3933,4363,1,3,1,2,2,6,4,3,6,1
41,179,7339,220,52287183,7,43,-2248348868,47610000,1907,4147,3933,4363,1,3,1,2,2,6,4,3,6,4
41,179,7339,220,52287183,11,111,-5803877312,47610000,1907,4147,3933,4363,1,3,1,2,2,6,4,3,6,5
41,181,7421,222,53465421,-2,7,-374257946,48692484,3303,4537,4321,4755,1,1,3,2,1,6,6,3,3,1
41,181,7421,222,53465421,-1,3,-160396262,48692484,3303,4537,4321,4755,1,1,3,2,1,6,6,3,3,2
41,181,7421,222,53465421,0,1,-53465420,48692484,3303,4537,4321,4755,1,1,3,2,1,6,6,3,3,6
41,181,7421,222,53465421,1,1,-53465420,48692484,3303,4537,4321,4755,1,1,3,2,1,6,6,3,3,6
41,181,7421,222,53465421,2,3,-160396262,48692484,3303,4537,4321,4755,1,1,3,2,1,6,6,3,3,2
41,181,7421,222,53465421,3,7,-374257946,48692484,3303,4537,4321,4755,1,1,3,2,1,6,6,3,3,1
41,181,7421,222,53465421,5,21,-1122773840,48692484,3303,4537,4321,4755,1,1,3,2,1,6,6,3,3,1
41,181,7421,222,53465421,7,43,-2299013102,48692484,3303,4537,4321,4755,1,1,3,2,1,6,6,3,3,6
41,181,7421,222,53465421,11,111,-5934661730,48692484,3303,4537,4321,4755,1,1,3,2,1,6,6,3,3,3
41,191,7831,232,59553531,-2,7,-416874716,54287424,2932,6607,6381,6835,1,9,1,2,2,6,2,3,3,1
41,191,7831,232,59553531,-1,3,-178660592,54287424,2932,6607,6381,6835,1,9,1,2,2,6,2,3,3,2
41,191,7831,232,59553531,0,1,-59553530,54287424,2932,6607,6381,6835,1,9,1,2,2,6,2,3,3,6
41,191,7831,232,59553531,1,1,-59553530,54287424,2932,6607,6381,6835,1,9,1,2,2,6,2,3,3,6
41,191,7831,232,59553531,2,3,-178660592,54287424,2932,6607,6381,6835,1,9,1,2,2,6,2,3,3,2
41,191,7831,232,59553531,3,7,-416874716,54287424,2932,6607,6381,6835,1,9,1,2,2,6,2,3,3,1
41,191,7831,232,59553531,5,21,-1250624150,54287424,2932,6607,6381,6835,1,9,1,2,2,6,2,3,3,1
41,191,7831,232,59553531,7,43,-2560801832,54287424,2932,6607,6381,6835,1,9,1,2,2,6,2,3,3,6
41,191,7831,232,59553531,11,111,-6610441940,54287424,2932,6607,6381,6835,1,9,1,2,2,6,2,3,3,3
41,193,7913,234,60810537,-2,7,-425673758,55442916,4438,7045,6817,7275,1,1,3,2,1,6,4,3,6,1
41,193,7913,234,60810537,-1,3,-182431610,55442916,4438,7045,6817,7275,1,1,3,2,1,6,4,3,6,3
41,193,7913,234,60810537,0,1,-60810536,55442916,4438,7045,6817,7275,1,1,3,2,1,6,4,3,6,4
41,193,7913,234,60810537,1,1,-60810536,55442916,4438,7045,6817,7275,1,1,3,2,1,6,4,3,6,4
41,193,7913,234,60810537,2,3,-182431610,55442916,4438,7045,6817,7275,1,1,3,2,1,6,4,3,6,3
41,193,7913,234,60810537,3,7,-425673758,55442916,4438,7045,6817,7275,1,1,3,2,1,6,4,3,6,1
41,193,7913,234,60810537,5,21,-1277021276,55442916,4438,7045,6817,7275,1,1,3,2,1,6,4,3,6,1
41,193,7913,234,60810537,7,43,-2614853090,55442916,4438,7045,6817,7275,1,1,3,2,1,6,4,3,6,4
41,193,7913,234,60810537,11,111,-6749969606,55442916,4438,7045,6817,7275,1,1,3,2,1,6,4,3,6,5
41,197,8077,238,63363933,-2,7,-443547530,57790404,7546,7945,7713,101,1,3,1,2,2,6,1,3,1,1
41,197,8077,238,63363933,-1,3,-190091798,57790404,7546,7945,7713,101,1,3,1,2,2,6,1,3,1,6
41,197,8077,238,63363933,0,1,-63363932,57790404,7546,7945,7713,101,1,3,1,2,2,6,1,3,1,5
41,197,8077,238,63363933,1,1,-63363932,57790404,7546,7945,7713,101,1,3,1,2,2,6,1,3,1,5
41,197,8077,238,63363933,2,3,-190091798,57790404,7546,7945,7713,101,1,3,1,2,2,6,1,3,1,6
41,197,8077,238,63363933,3,7,-443547530,57790404,7546,7945,7713,101,1,3,1,2,2,6,1,3,1,1
41,197,8077,238,63363933,5,21,-1330642592,57790404,7546,7945,7713,101,1,3,1,2,2,6,1,3,1,1
41,197,8077,238,63363933,7,43,-2724649118,57790404,7546,7945,7713,101,1,3,1,2,2,6,1,3,1,5
41,197,8077,238,63363933,11,111,-7033396562,57790404,7546,7945,7713,101,1,3,1,2,2,6,1,3,1,4
41,199,8159,240,64660323,-2,7,-452622260,58982400,989,248,15,483,1,1,3,2,1,6,3,3,0,1
41,199,8159,240,64660323,-1,3,-193980968,58982400,989,248,15,483,1,1,3,2,1,6,3,3,0,1
41,199,8159,240,64660323,0,1,-64660322,58982400,989,248,15,483,1,1,3,2,1,6,3,3,0,1
41,199,8159,240,64660323,1,1,-64660322,58982400,989,248,15,483,1,1,3,2,1,6,3,3,0,1
41,199,8159,240,64660323,2,3,-193980968,58982400,989,248,15,483,1,1,3,2,1,6,3,3,0,1
41,199,8159,240,64660323,3,7,-452622260,58982400,989,248,15,483,1,1,3,2,1,6,3,3,0,1
41,199,8159,240,64660323,5,21,-1357866782,58982400,989,248,15,483,1,1,3,2,1,6,3,3,0,1
41,199,8159,240,64660323,7,43,-2780393888,58982400,989,248,15,483,1,1,3,2,1,6,3,3,0,1
41,199,8159,240,64660323,11,111,-7177295852,58982400,989,248,15,483,1,1,3,2,1,6,3,3,0,1
43,47,2021,90,3908541,-2,7,-27359786,3392964,1726,1948,1861,15,1,1,3,1,2,1,5,1,0,1
43,47,2021,90,3908541,-1,3,-11725622,3392964,1726,1948,1861,15,1,1,3,1,2,1,5,1,0,1
43,47,2021,90,3908541,0,1,-3908540,3392964,1726,1948,1861,15,1,1,3,1,2,1,5,1,0,1
43,47,2021,90,3908541,1,1,-3908540,3392964,1726,1948,1861,15,1,1,3,1,2,1,5,1,0,1
43,47,2021,90,3908541,2,3,-11725622,3392964,1726,1948,1861,15,1,1,3,1,2,1,5,1,0,1
43,47,2021,90,3908541,3,7,-27359786,3392964,1726,1948,1861,15,1,1,3,1,2,1,5,1,0,1
43,47,2021,90,3908541,5,21,-82079360,3392964,1726,1948,1861,15,1,1,3,1,2,1,5,1,0,1
43,47,2021,90,3908541,7,43,-168067262,3392964,1726,1948,1861,15,1,1,3,1,2,1,5,1,0,1
43,47,2021,90,3908541,11,111,-433848050,3392964,1726,1948,1861,15,1,1,3,1,2,1,5,1,0,1
43,53,2279,96,4981899,-2,7,-34873292,4359744,17,5,2191,99,1,1,3,1,2,1,4,1,6,1
43,53,2279,96,4981899,-1,3,-14945696,4359744,17,5,2191,99,1,1,3,1,2,1,4,1,6,4
43,53,2279,96,4981899,0,1,-4981898,4359744,17,5,2191,99,1,1,3,1,2,1,4,1,6,2
43,53,2279,96,4981899,1,1,-4981898,4359744,17,5,2191,99,1,1,3,1,2,1,4,1,6,2
43,53,2279,96,4981899,2,3,-14945696,4359744,17,5,2191,99,1,1,3,1,2,1,4,1,6,4
43,53,2279,96,4981899,3,7,-34873292,4359744,17,5,2191,99,1,1,3,1,2,1,4,1,6,1
43,53,2279,96,4981899,5,21,-104619878,4359744,17,5,2191,99,1,1,3,1,2,1,4,1,6,1
43,53,2279,96,4981899,7,43,-214221656,4359744,17,5,2191,99,1,1,3,1,2,1,4,1,6,2
43,53,2279,96,4981899,11,111,-552990788,4359744,17,5,2191,99,1,1,3,1,2,1,4,1,6,0
43,59,2537,102,6185361,-2,7,-43297526,5447556,617,155,57,255,1,1,3,1,2,1,3,1,0,1
43,59,2537,102,6185361,-1,3,-18556082,5447556,617,155,57,255,1,1,3,1,2,1,3,1,0,1
43,59,2537,102,6185361,0,1,-6185360,5447556,617,155,57,255,1,1,3,1,2,1,3,1,0,1
43,59,2537,102,6185361,1,1,-6185360,5447556,617,155,57,255,1,1,3,1,2,1,3,1,0,1
43,59,2537,102,6185361,2,3,-18556082,5447556,617,155,57,255,1,1,3,1,2,1,3,1,0,1
43,59,2537,102,6185361,3,7,-43297526,5447556,617,155,57,255,1,1,3,1,2,1,3,1,0,1
43,59,2537,102,6185361,5,21,-129892580,5447556,617,155,57,255,1,1,3,1,2,1,3,1,0,1
43,59,2537,102,6185361,7,43,-265970522,5447556,617,155,57,255,1,1,3,1,2,1,3,1,0,1
43,59,2537,102,6185361,11,111,-686575070,5447556,617,155,57,255,1,1,3,1,2,1,3,1,0,1
43,61,2623,104,6615427,-2,7,-46307988,5837056,881,221,121,323,1,1,1,1,1,1,5,1,0,1
43,61,2623,104,6615427,-1,3,-19846280,5837056,881,221,121,323,1,1,1,1,1,1,5,1,0,1
43,61,2623,104,6615427,0,1,-6615426,5837056,881,221,121,323,1,1,1,1,1,1,5,1,0,1
43,61,2623,104,6615427,1,1,-6615426,5837056,881,221,121,323,1,1,1,1,1,1,5,1,0,1
43,61,2623,104,6615427,2,3,-19846280,5837056,881,221,121,323,1,1,1,1,1,1,5,1,0,1
43,61,2623,104,6615427,3,7,-46307988,5837056,881,221,121,323,1,1,1,1,1,1,5,1,0,1
43,61,2623,104,6615427,5,21,-138923966,5837056,881,221,121,323,1,1,1,1,1,1,5,1,0,1
43,61,2623,104,6615427,7,43,-284463360,5837056,881,221,121,323,1,1,1,1,1,1,5,1,0,1
43,61,2623,104,6615427,11,111,-734312396,5837056,881,221,121,323,1,1,1,1,1,1,5,1,0,1
43,67,2881,110,7992361,-2,7,-55946526,7086244,1865,467,361,575,1,1,1,1,1,1,4,1,6,1
43,67,2881,110,7992361,-1,3,-23977082,7086244,1865,467,361,575,1,1,1,1,1,1,4,1,6,4
43,67,2881,110,7992361,0,1,-7992360,7086244,1865,467,361,575,1,1,1,1,1,1,4,1,6,2
43,67,2881,110,7992361,1,1,-7992360,7086244,1865,467,361,575,1,1,1,1,1,1,4,1,6,2
43,67,2881,110,7992361,2,3,-23977082,7086244,1865,467,361,575,1,1,1,1,1,1,4,1,6,4
43,67,2881,110,7992361,3,7,-55946526,7086244,1865,467,361,575,1,1,1,1,1,1,4,1,6,1
43,67,2881,110,7992361,5,21,-167839580,7086244,1865,467,361,575,1,1,1,1,1,1,4,1,6,1
43,67,2881,110,7992361,7,43,-343671522,7086244,1865,467,361,575,1,1,1,1,1,1,4,1,6,2
43,67,2881,110,7992361,11,111,-887152070,7086244,1865,467,361,575,1,1,1,1,1,1,4,1,6,0
43,71,3053,114,8982597,-2,7,-62878178,7986276,2681,671,561,783,1,1,3,1,2,1,1,1,1,1
43,71,3053,114,8982597,-1,3,-26947790,7986276,2681,671,561,783,1,1,3,1,2,1,1,1,1,5
43,71,3053,114,8982597,0,1,-8982596,7986276,2681,671,561,783,1,1,3,1,2,1,1,1,1,0
43,71,3053,114,8982597,1,1,-8982596,7986276,2681,671,561,783,1,1,3,1,2,1,1,1,1,0
43,71,3053,114,8982597,2,3,-26947790,7986276,2681,671,561,783,1,1,3,1,2,1,1,1,1,5
43,71,3053,114,8982597,3,7,-62878178,7986276,2681,671,561,783,1,1,3,1,2,1,1,1,1,1
43,71,3053,114,8982597,5,21,-188634536,7986276,2681,671,561,783,1,1,3,1,2,1,1,1,1,1
43,71,3053,114,8982597,7,43,-386251670,7986276,2681,671,561,783,1,1,3,1,2,1,1,1,1,0
43,71,3053,114,8982597,11,111,-997068266,7986276,2681,671,561,783,1,1,3,1,2,1,1,1,1,2
43,73,3139,116,9499399,-2,7,-66495792,8456464,3137,785,673,899,1,1,1,1,1,1,3,1,0,1
43,73,3139,116,9499399,-1,3,-28498196,8456464,3137,785,673,899,1,1,1,1,1,1,3,1,0,1
43,73,3139,116,9499399,0,1,-9499398,8456464,3137,785,673,899,1,1,1,1,1,1,3,1,0,1
43,73,3139,116,9499399,1,1,-9499398,8456464,3137,785,673,899,1,1,1,1,1,1,3,1,0,1
43,73,3139,116,9499399,2,3,-28498196,8456464,3137,785,673,899,1,1,1,1,1,1,3,1,0,1
43,73,3139,116,9499399,3,7,-66495792,8456464,3137,785,673,899,1,1,1,1,1,1,3,1,0,1
43,73,3139,116,9499399,5,21,-199487378,8456464,3137,785,673,899,1,1,1,1,1,1,3,1,0,1
43,73,3139,116,9499399,7,43,-408474156,8456464,3137,785,673,899,1,1,1,1,1,1,3,1,0,1
43,73,3139,116,9499399,11,111,-1054433288,8456464,3137,785,673,899,1,1,1,1,1,1,3,1,0,1
43,79,3397,122,11136541,-2,7,-77955786,9947716,1300,1175,1057,1295,1,1,1,1,1,1,2,1,3,1
43,79,3397,122,11136541,-1,3,-33409622,9947716,1300,1175,1057,1295,1,1,1,1,1,1,2,1,3,6
43,79,3397,122,11136541,0,1,-11136540,9947716,1300,1175,1057,1295,1,1,1,1,1,1,2,1,3,5
43,79,3397,122,11136541,1,1,-11136540,9947716,1300,1175,1057,1295,1,1,1,1,1,1,2,1,3,5
43,79,3397,122,11136541,2,3,-33409622,9947716,1300,1175,1057,1295,1,1,1,1,1,1,2,1,3,6
43,79,3397,122,11136541,3,7,-77955786,9947716,1300,1175,1057,1295,1,1,1,1,1,1,2,1,3,1
43,79,3397,122,11136541,5,21,-233867360,9947716,1300,1175,1057,1295,1,1,1,1,1,1,2,1,3,1
43,79,3397,122,11136541,7,43,-478871262,9947716,1300,1175,1057,1295,1,1,1,1,1,1,2,1,3,5
43,79,3397,122,11136541,11,111,-1236156050,9947716,1300,1175,1057,1295,1,1,1,1,1,1,2,1,3,4
43,83,3569,126,12300249,-2,7,-86101742,11009124,2328,1475,1353,1599,1,1,3,1,2,1,6,1,3,1
43,83,3569,126,12300249,-1,3,-36900746,11009124,2328,1475,1353,1599,1,1,3,1,2,1,6,1,3,6
43,83,3569,126,12300249,0,1,-12300248,11009124,2328,1475,1353,1599,1,1,3,1,2,1,6,1,3,5
43,83,3569,126,12300249,1,1,-12300248,11009124,2328,1475,1353,1599,1,1,3,1,2,1,6,1,3,5
43,83,3569,126,12300249,2,3,-36900746,11009124,2328,1475,1353,1599,1,1,3,1,2,1,6,1,3,6
43,83,3569,126,12300249,3,7,-86101742,11009124,2328,1475,1353,1599,1,1,3,1,2,1,6,1,3,1
43,83,3569,126,12300249,5,21,-258305228,11009124,2328,1475,1353,1599,1,1,3,1,2,1,6,1,3,1
43,83,3569,126,12300249,7,43,-528910706,11009124,2328,1475,1353,1599,1,1,3,1,2,1,6,1,3,5
43,83,3569,126,12300249,11,111,-1365327638,11009124,2328,1475,1353,1599,1,1,3,1,2,1,6,1,3,4
43,89,3827,132,14154231,-2,7,-99079616,12702096,283,1985,1857,2115,1,1,3,1,2,1,5,1,0,1
43,89,3827,132,14154231,-1,3,-42462692,12702096,283,1985,1857,2115,1,1,3,1,2,1,5,1,0,1
43,89,3827,132,14154231,0,1,-14154230,12702096,283,1985,1857,2115,1,1,3,1,2,1,5,1,0,1
43,89,3827,132,14154231,1,1,-14154230,12702096,283,1985,1857,2115,1,1,3,1,2,1,5,1,0,1
43,89,3827,132,14154231,2,3,-42462692,12702096,283,1985,1857,2115,1,1,3,1,2,1,5,1,0,1
43,89,3827,132,14154231,3,7,-99079616,12702096,283,1985,1857,2115,1,1,3,1,2,1,5,1,0,1
43,89,3827,132,14154231,5,21,-297238850,12702096,283,1985,1857,2115,1,1,3,1,2,1,5,1,0,1
43,89,3827,132,14154231,7,43,-608631932,12702096,283,1985,1857,2115,1,1,3,1,2,1,5,1,0,1
43,89,3827,132,14154231,11,111,-1571119640,12702096,283,1985,1857,2115,1,1,3,1,2,1,5,1,0,1
43,97,4171,140,16828591,-2,7,-117800136,15147664,2763,2777,2641,2915,1,139,1,1,1,1,6,1,3,1
43,97,4171,140,16828591,-1,3,-50485772,15147664,2763,2777,2641,2915,1,139,1,1,1,1,6,1,3,6
43,97,4171,140,16828591,0,1,-16828590,15147664,2763,2777,2641,2915,1,139,1,1,1,1,6,1,3,5
43,97,4171,140,16828591,1,1,-16828590,15147664,2763,2777,2641,2915,1,139,1,1,1,1,6,1,3,5
43,97,4171,140,16828591,2,3,-50485772,15147664,2763,2777,2641,2915,1,139,1,1,1,1,6,1,3,6
43,97,4171,140,16828591,3,7,-117800136,15147664,2763,2777,2641,2915,1,139,1,1,1,1,6,1,3,1
43,97,4171,140,16828591,5,21,-353400410,15147664,2763,2777,2641,2915,1,139,1,1,1,1,6,1,3,1
43,97,4171,140,16828591,7,43,-723629412,15147664,2763,2777,2641,2915,1,139,1,1,1,1,6,1,3,5
43,97,4171,140,16828591,11,111,-1867973600,15147664,2763,2777,2641,2915,1,139,1,1,1,1,6,1,3,4
43,101,4343,144,18252507,-2,7,-127767548,16451136,4195,3221,3081,3363,1,13,3,1,2,1,3,1,0,1
43,101,4343,144,18252507,-1,3,-54757520,16451136,4195,3221,3081,3363,1,13,3,1,2,1,3,1,0,1
43,101,4343,144,18252507,0,1,-18252506,16451136,4195,3221,3081,3363,1,13,3,1,2,1,3,1,0,1
43,101,4343,144,18252507,1,1,-18252506,16451136,4195,3221,3081,3363,1,13,3,1,2,1,3,1,0,1
43,101,4343,144,18252507,2,3,-54757520,16451136,4195,3221,3081,3363,1,13,3,1,2,1,3,1,0,1
43,101,4343,144,18252507,3,7,-127767548,16451136,4195,3221,3081,3363,1,13,3,1,2,1,3,1,0,1
43,101,4343,144,18252507,5,21,-383302646,16451136,4195,3221,3081,3363,1,13,3,1,2,1,3,1,0,1
43,101,4343,144,18252507,7,43,-784857800,16451136,4195,3221,3081,3363,1,13,3,1,2,1,3,1,0,1
43,101,4343,144,18252507,11,111,-2026028276,16451136,4195,3221,3081,3363,1,13,3,1,2,1,3,1,0,1
43,103,4429,146,18986149,-2,7,-132903042,17123044,530,3455,3313,3599,1,1,1,1,1,1,5,1,0,1
43,103,4429,146,18986149,-1,3,-56958446,17123044,530,3455,3313,3599,1,1,1,1,1,1,5,1,0,1
43,103,4429,146,18986149,0,1,-18986148,17123044,530,3455,3313,3599,1,1,1,1,1,1,5,1,0,1
43,103,4429,146,18986149,1,1,-18986148,17123044,530,3455,3313,3599,1,1,1,1,1,1,5,1,0,1
43,103,4429,146,18986149,2,3,-56958446,17123044,530,3455,3313,3599,1,1,1,1,1,1,5,1,0,1
43,103,4429,146,18986149,3,7,-132903042,17123044,530,3455,3313,3599,1,1,1,1,1,1,5,1,0,1
43,103,4429,146,18986149,5,21,-398709128,17123044,530,3455,3313,3599,1,1,1,1,1,1,5,1,0,1
43,103,4429,146,18986149,7,43,-816404406,17123044,530,3455,3313,3599,1,1,1,1,1,1,5,1,0,1
43,103,4429,146,18986149,11,111,-2107462538,17123044,530,3455,3313,3599,1,1,1,1,1,1,5,1,0,1
43,107,4601,150,20496801,-2,7,-143477606,18507204,1982,3947,3801,4095,1,1,39,1,2,1,2,1,3,1
43,107,4601,150,20496801,-1,3,-61490402,18507204,1982,3947,3801,4095,1,1,39,1,2,1,2,1,3,6
43,107,4601,150,20496801,0,1,-20496800,18507204,1982,3947,3801,4095,1,1,39,1,2,1,2,1,3,5
43,107,4601,150,20496801,1,1,-20496800,18507204,1982,3947,3801,4095,1,1,39,1,2,1,2,1,3,5
43,107,4601,150,20496801,2,3,-61490402,18507204,1982,3947,3801,4095,1,1,39,1,2,1,2,1,3,6
43,107,4601,150,20496801,3,7,-143477606,18507204,1982,3947,3801,4095,1,1,39,1,2,1,2,1,3,1
43,107,4601,150,20496801,5,21,-430432820,18507204,1982,3947,3801,4095,1,1,39,1,2,1,2,1,3,1
43,107,4601,150,20496801,7,43,-881362442,18507204,1982,3947,3801,4095,1,1,39,1,2,1,2,1,3,5
43,107,4601,150,20496801,11,111,-2275144910,18507204,1982,3947,3801,4095,1,1,39,1,2,1,2,1,3,4
43,109,4687,152,21273811,-2,7,-148916676,19219456,2756,4205,4057,4355,1,1,1,1,1,1,4,1,6,1
43,109,4687,152,21273811,-1,3,-63821432,19219456,2756,4205,4057,4355,1,1,1,1,1,1,4,1,6,4
43,109,4687,152,21273811,0,1,-21273810,19219456,2756,4205,4057,4355,1,1,1,1,1,1,4,1,6,2
43,109,4687,152,21273811,1,1,-21273810,19219456,2756,4205,4057,4355,1,1,1,1,1,1,4,1,6,2
43,109,4687,152,21273811,2,3,-63821432,19219456,2756,4205,4057,4355,1,1,1,1,1,1,4,1,6,4
43,109,4687,152,21273811,3,7,-148916676,19219456,2756,4205,4057,4355,1,1,1,1,1,1,4,1,6,1
43,109,4687,152,21273811,5,21,-446750030,19219456,2756,4205,4057,4355,1,1,1,1,1,1,4,1,6,1
43,109,4687,152,21273811,7,43,-914773872,19219456,2756,4205,4057,4355,1,1,1,1,1,1,4,1,6,2
43,109,4687,152,21273811,11,111,-2361393020,19219456,2756,4205,4057,4355,1,1,1,1,1,1,4,1,6,0
43,113,4859,156,22871199,-2,7,-160098392,20684304,4400,4745,4593,39,1,1,3,1,2,1,1,1,1,1
43,113,4859,156,22871199,-1,3,-68613596,20684304,4400,4745,4593,39,1,1,3,1,2,1,1,1,1,5
43,113,4859,156,22871199,0,1,-22871198,20684304,4400,4745,4593,39,1,1,3,1,2,1,1,1,1,0
43,113,4859,156,22871199,1,1,-22871198,20684304,4400,4745,4593,39,1,1,3,1,2,1,1,1,1,0
43,113,4859,156,22871199,2,3,-68613596,20684304,4400,4745,4593,39,1,1,3,1,2,1,1,1,1,5
43,113,4859,156,22871199,3,7,-160098392,20684304,4400,4745,4593,39,1,1,3,1,2,1,1,1,1,1
43,113,4859,156,22871199,5,21,-480295178,20684304,4400,4745,4593,39,1,1,3,1,2,1,1,1,1,1
43,113,4859,156,22871199,7,43,-983461556,20684304,4400,4745,4593,39,1,1,3,1,2,1,1,1,1,0
43,113,4859,156,22871199,11,111,-2538703088,20684304,4400,4745,4593,39,1,1,3,1,2,1,1,1,1,2
43,127,5461,170,28917421,-2,7,-202421946,26234884,240,1426,1261,1593,1,13,1,1,1,1,1,1,1,1
43,127,5461,170,28917421,-1,3,-86752262,26234884,240,1426,1261,1593,1,13,1,1,1,1,1,1,1,5
43,127,5461,170,28917421,0,1,-28917420,26234884,240,1426,1261,1593,1,13,1,1,1,1,1,1,1,0
43,127,5461,170,28917421,1,1,-28917420,26234884,240,1426,1261,1593,1,13,1,1,1,1,1,1,1,0
43,127,5461,170,28917421,2,3,-86752262,26234884,240,1426,1261,1593,1,13,1,1,1,1,1,1,1,5
43,127,5461,170,28917421,3,7,-202421946,26234884,240,1426,1261,1593,1,13,1,1,1,1,1,1,1,1
43,127,5461,170,28917421,5,21,-607265840,26234884,240,1426,1261,1593,1,13,1,1,1,1,1,1,1,1
43,127,5461,170,28917421,7,43,-1243449102,26234884,240,1426,1261,1593,1,13,1,1,1,1,1,1,1,0
43,127,5461,170,28917421,11,111,-3209833730,26234884,240,1426,1261,1593,1,13,1,1,1,1,1,1,1,2
43,131,5633,174,30775017,-2,7,-215425118,27941796,2116,1938,1769,2109,1,1,3,1,2,1,5,1,0,1
43,131,5633,174,30775017,-1,3,-92325050,27941796,2116,1938,1769,2109,1,1,3,1,2,1,5,1,0,1
43,131,5633,174,30775017,0,1,-30775016,27941796,2116,1938,1769,2109,1,1,3,1,2,1,5,1,0,1
43,131,5633,174,30775017,1,1,-30775016,27941796,2116,1938,1769,2109,1,1,3,1,2,1,5,1,0,1
43,131,5633,174,30775017,2,3,-92325050,27941796,2116,1938,1769,2109,1,1,3,1,2,1,5,1,0,1
43,131,5633,174,30775017,3,7,-215425118,27941796,2116,1938,1769,2109,1,1,3,1,2,1,5,1,0,1
43,131,5633,174,30775017,5,21,-646275356,27941796,2116,1938,1769,2109,1,1,3,1,2,1,5,1,0,1
43,131,5633,174,30775017,7,43,-1323325730,27941796,2116,1938,1769,2109,1,1,3,1,2,1,5,1,0,1
43,131,5633,174,30775017,11,111,-3416026886,27941796,2116,1938,1769,2109,1,1,3,1,2,1,5,1,0,1
43,137,5891,180,33669831,-2,7,-235688816,30603024,5170,2766,2591,2943,1,1,3,1,2,1,4,1,6,1
43,137,5891,180,33669831,-1,3,-101009492,30603024,5170,2766,2591,2943,1,1,3,1,2,1,4,1,6,4
43,137,5891,180,33669831,0,1,-33669830,30603024,5170,2766,2591,2943,1,1,3,1,2,1,4,1,6,2
43,137,5891,180,33669831,1,1,-33669830,30603024,5170,2766,2591,2943,1,1,3,1,2,1,4,1,6,2
43,137,5891,180,33669831,2,3,-101009492,30603024,5170,2766,2591,2943,1,1,3,1,2,1,4,1,6,4
43,137,5891,180,33669831,3,7,-235688816,30603024,5170,2766,2591,2943,1,1,3,1,2,1,4,1,6,1
43,137,5891,180,33669831,5,21,-707066450,30603024,5170,2766,2591,2943,1,1,3,1,2,1,4,1,6,1
43,137,5891,180,33669831,7,43,-1447802732,30603024,5170,2766,2591,2943,1,1,3,1,2,1,4,1,6,2
43,137,5891,180,33669831,11,111,-3737351240,30603024,5170,2766,2591,2943,1,1,3,1,2,1,4,1,6,0
43,139,5977,182,34663681,-2,7,-242645766,31516996,275,3058,2881,3237,139,1,1,1,1,1,6,1,3,1
43,139,5977,182,34663681,-1,3,-103991042,31516996,275,3058,2881,3237,139,1,1,1,1,1,6,1,3,6
43,139,5977,182,34663681,0,1,-34663680,31516996,275,3058,2881,3237,139,1,1,1,1,1,6,1,3,5
43,139,5977,182,34663681,1,1,-34663680,31516996,275,3058,2881,3237,139,1,1,1,1,1,6,1,3,5
43,139,5977,182,34663681,2,3,-103991042,31516996,275,3058,2881,3237,139,1,1,1,1,1,6,1,3,6
43,139,5977,182,34663681,3,7,-242645766,31516996,275,3058,2881,3237,139,1,1,1,1,1,6,1,3,1
43,139,5977,182,34663681,5,21,-727937300,31516996,275,3058,2881,3237,139,1,1,1,1,1,6,1,3,1
43,139,5977,182,34663681,7,43,-1490538282,31516996,275,3058,2881,3237,139,1,1,1,1,1,6,1,3,5
43,139,5977,182,34663681,11,111,-3847668590,31516996,275,3058,2881,3237,139,1,1,1,1,1,6,1,3,4
43,149,6407,192,39849771,-2,7,-278948396,36288576,5735,4638,4451,4827,1,1,3,1,2,1,2,1,3,1
43,149,6407,192,39849771,-1,3,-119549312,36288576,5735,4638,4451,4827,1,1,3,1,2,1,2,1,3,6
43,149,6407,192,39849771,0,1,-39849770,36288576,5735,4638,4451,4827,1,1,3,1,2,1,2,1,3,5
43,149,6407,192,39849771,1,1,-39849770,36288576,5735,4638,4451,4827,1,1,3,1,2,1,2,1,3,5
43,149,6407,192,39849771,2,3,-119549312,36288576,5735,4638,4451,4827,1,1,3,1,2,1,2,1,3,6
43,149,6407,192,39849771,3,7,-278948396,36288576,5735,4638,4451,4827,1,1,3,1,2,1,2,1,3,1
43,149,6407,192,39849771,5,21,-836845190,36288576,5735,4638,4451,4827,1,1,3,1,2,1,2,1,3,1
43,149,6407,192,39849771,7,43,-1713540152,36288576,5735,4638,4451,4827,1,1,3,1,2,1,2,1,3,5
43,149,6407,192,39849771,11,111,-4423324580,36288576,5735,4638,4451,4827,1,1,3,1,2,1,2,1,3,4
43,151,6493,194,40930357,-2,7,-286512498,37283236,430,4978,4789,5169,1,1,1,1,1,1,4,1,6,1
43,151,6493,194,40930357,-1,3,-122791070,37283236,430,4978,4789,5169,1,1,1,1,1,1,4,1,6,4
43,151,6493,194,40930357,0,1,-40930356,37283236,430,4978,4789,5169,1,1,1,1,1,1,4,1,6,2
43,151,6493,194,40930357,1,1,-40930356,37283236,430,4978,4789,5169,1,1,1,1,1,1,4,1,6,2
43,151,6493,194,40930357,2,3,-122791070,37283236,430,4978,4789,5169,1,1,1,1,1,1,4,1,6,4
43,151,6493,194,40930357,3,7,-286512498,37283236,430,4978,4789,5169,1,1,1,1,1,1,4,1,6,1
43,151,6493,194,40930357,5,21,-859537496,37283236,430,4978,4789,5169,1,1,1,1,1,1,4,1,6,1
43,151,6493,194,40930357,7,43,-1760005350,37283236,430,4978,4789,5169,1,1,1,1,1,1,4,1,6,2
43,151,6493,194,40930357,11,111,-4543269626,37283236,430,4978,4789,5169,1,1,1,1,1,1,4,1,6,0
43,157,6751,200,44258851,-2,7,-309811956,40347904,3928,6046,5851,6243,1,1,1,1,1,1,3,1,0,1
43,157,6751,200,44258851,-1,3,-132776552,40347904,3928,6046,5851,6243,1,1,1,1,1,1,3,1,0,1
43,157,6751,200,44258851,0,1,-44258850,40347904,3928,6046,5851,6243,1,1,1,1,1,1,3,1,0,1
43,157,6751,200,44258851,1,1,-44258850,40347904,3928,6046,5851,6243,1,1,1,1,1,1,3,1,0,1
43,157,6751,200,44258851,2,3,-132776552,40347904,3928,6046,5851,6243,1,1,1,1,1,1,3,1,0,1
43,157,6751,200,44258851,3,7,-309811956,40347904,3928,6046,5851,6243,1,1,1,1,1,1,3,1,0,1
43,157,6751,200,44258851,5,21,-929435870,40347904,3928,6046,5851,6243,1,1,1,1,1,1,3,1,0,1
43,157,6751,200,44258851,7,43,-1903130592,40347904,3928,6046,5851,6243,1,1,1,1,1,1,3,1,0,1
43,157,6751,200,44258851,11,111,-4912732460,40347904,3928,6046,5851,6243,1,1,1,1,1,1,3,1,0,1
43,163,7009,206,47717449,-2,7,-334022142,43533604,705,177,6985,379,1,1,1,1,1,1,2,1,3,1
43,163,7009,206,47717449,-1,3,-143152346,43533604,705,177,6985,379,1,1,1,1,1,1,2,1,3,6
43,163,7009,206,47717449,0,1,-47717448,43533604,705,177,6985,379,1,1,1,1,1,1,2,1,3,5
43,163,7009,206,47717449,1,1,-47717448,43533604,705,177,6985,379,1,1,1,1,1,1,2,1,3,5
43,163,7009,206,47717449,2,3,-143152346,43533604,705,177,6985,379,1,1,1,1,1,1,2,1,3,6
43,163,7009,206,47717449,3,7,-334022142,43533604,705,177,6985,379,1,1,1,1,1,1,2,1,3,1
43,163,7009,206,47717449,5,21,-1002066428,43533604,705,177,6985,379,1,1,1,1,1,1,2,1,3,1
43,163,7009,206,47717449,7,43,-2051850306,43533604,705,177,6985,379,1,1,1,1,1,1,2,1,3,5
43,163,7009,206,47717449,11,111,-5296636838,43533604,705,177,6985,379,1,1,1,1,1,1,2,1,3,4
43,167,7181,210,50095461,-2,7,-350668226,45724644,3217,805,601,1011,1,1,3,1,2,1,6,1,3,1
43,167,7181,210,50095461,-1,3,-150286382,45724644,3217,805,601,1011,1,1,3,1,2,1,6,1,3,6
43,167,7181,210,50095461,0,1,-50095460,45724644,3217,805,601,1011,1,1,3,1,2,1,6,1,3,5
43,167,7181,210,50095461,1,1,-50095460,45724644,3217,805,601,1011,1,1,3,1,2,1,6,1,3,5
43,167,7181,210,50095461,2,3,-150286382,45724644,3217,805,601,1011,1,1,3,1,2,1,6,1,3,6
43,167,7181,210,50095461,3,7,-350668226,45724644,3217,805,601,1011,1,1,3,1,2,1,6,1,3,1
43,167,7181,210,50095461,5,21,-1052004680,45724644,3217,805,601,1011,1,1,3,1,2,1,6,1,3,1
43,167,7181,210,50095461,7,43,-2154104822,45724644,3217,805,601,1011,1,1,3,1,2,1,6,1,3,5
43,167,7181,210,50095461,11,111,-5560596170,45724644,3217,805,601,1011,1,1,3,1,2,1,6,1,3,4
43,173,7439,216,53770899,-2,7,-376396292,49112064,7225,1807,1597,2019,1,1,3,1,2,1,5,1,0,1
43,173,7439,216,53770899,-1,3,-161312696,49112064,7225,1807,1597,2019,1,1,3,1,2,1,5,1,0,1
43,173,7439,216,53770899,0,1,-53770898,49112064,7225,1807,1597,2019,1,1,3,1,2,1,5,1,0,1
43,173,7439,216,53770899,1,1,-53770898,49112064,7225,1807,1597,2019,1,1,3,1,2,1,5,1,0,1
43,173,7439,216,53770899,2,3,-161312696,49112064,7225,1807,1597,2019,1,1,3,1,2,1,5,1,0,1
43,173,7439,216,53770899,3,7,-376396292,49112064,7225,1807,1597,2019,1,1,3,1,2,1,5,1,0,1
43,173,7439,216,53770899,5,21,-1129188878,49112064,7225,1807,1597,2019,1,1,3,1,2,1,5,1,0,1
43,173,7439,216,53770899,7,43,-2312148656,49112064,7225,1807,1597,2019,1,1,3,1,2,1,5,1,0,1
43,173,7439,216,53770899,11,111,-5968569788,49112064,7225,1807,1597,2019,1,1,3,1,2,1,5,1,0,1
43,179,7697,222,57576441,-2,7,-403035086,52620516,3824,2881,2665,3099,43,13,3,1,2,1,4,1,6,1
43,179,7697,222,57576441,-1,3,-172729322,52620516,3824,2881,2665,3099,43,13,3,1,2,1,4,1,6,4
43,179,7697,222,57576441,0,1,-57576440,52620516,3824,2881,2665,3099,43,13,3,1,2,1,4,1,6,2
43,179,7697,222,57576441,1,1,-57576440,52620516,3824,2881,2665,3099,43,13,3,1,2,1,4,1,6,2
43,179,7697,222,57576441,2,3,-172729322,52620516,3824,2881,2665,3099,43,13,3,1,2,1,4,1,6,4
43,179,7697,222,57576441,3,7,-403035086,52620516,3824,2881,2665,3099,43,13,3,1,2,1,4,1,6,1
43,179,7697,222,57576441,5,21,-1209105260,52620516,3824,2881,2665,3099,43,13,3,1,2,1,4,1,6,1
43,179,7697,222,57576441,7,43,-2475786962,52620516,3824,2881,2665,3099,43,13,3,1,2,1,4,1,6,2
43,179,7697,222,57576441,11,111,-6390984950,52620516,3824,2881,2665,3099,43,13,3,1,2,1,4,1,6,0
43,181,7783,224,58873867,-2,7,-412117068,53816896,5234,3255,3037,3475,1,1,139,1,1,1,6,1,3,1
43,181,7783,224,58873867,-1,3,-176621600,53816896,5234,3255,3037,3475,1,1,139,1,1,1,6,1,3,6
43,181,7783,224,58873867,0,1,-58873866,53816896,5234,3255,3037,3475,1,1,139,1,1,1,6,1,3,5
43,181,7783,224,58873867,1,1,-58873866,53816896,5234,3255,3037,3475,1,1,139,1,1,1,6,1,3,5
43,181,7783,224,58873867,2,3,-176621600,53816896,5234,3255,3037,3475,1,1,139,1,1,1,6,1,3,6
43,181,7783,224,58873867,3,7,-412117068,53816896,5234,3255,3037,3475,1,1,139,1,1,1,6,1,3,1
43,181,7783,224,58873867,5,21,-1236351206,53816896,5234,3255,3037,3475,1,1,139,1,1,1,6,1,3,1
43,181,7783,224,58873867,7,43,-2531576280,53816896,5234,3255,3037,3475,1,1,139,1,1,1,6,1,3,5
43,181,7783,224,58873867,11,111,-6534999236,53816896,5234,3255,3037,3475,1,1,139,1,1,1,6,1,3,4
43,191,8213,234,65577837,-2,7,-459044858,60000516,4551,5245,5017,5475,1,1,3,1,2,1,2,1,3,1
43,191,8213,234,65577837,-1,3,-196733510,60000516,4551,5245,5017,5475,1,1,3,1,2,1,2,1,3,6
43,191,8213,234,65577837,0,1,-65577836,60000516,4551,5245,5017,5475,1,1,3,1,2,1,2,1,3,5
43,191,8213,234,65577837,1,1,-65577836,60000516,4551,5245,5017,5475,1,1,3,1,2,1,2,1,3,5
43,191,8213,234,65577837,2,3,-196733510,60000516,4551,5245,5017,5475,1,1,3,1,2,1,2,1,3,6
43,191,8213,234,65577837,3,7,-459044858,60000516,4551,5245,5017,5475,1,1,3,1,2,1,2,1,3,1
43,191,8213,234,65577837,5,21,-1377134576,60000516,4551,5245,5017,5475,1,1,3,1,2,1,2,1,3,1
43,191,8213,234,65577837,7,43,-2819846990,60000516,4551,5245,5017,5475,1,1,3,1,2,1,2,1,3,5
43,191,8213,234,65577837,11,111,-7279139906,60000516,4551,5245,5017,5475,1,1,3,1,2,1,2,1,3,4
43,193,8299,236,66961999,-2,7,-468733992,61277584,6067,5667,5437,5899,1,1,1,1,1,1,4,1,6,1
43,193,8299,236,66961999,-1,3,-200885996,61277584,6067,5667,5437,5899,1,1,1,1,1,1,4,1,6,4
43,193,8299,236,66961999,0,1,-66961998,61277584,6067,5667,5437,5899,1,1,1,1,1,1,4,1,6,2
43,193,8299,236,66961999,1,1,-66961998,61277584,6067,5667,5437,5899,1,1,1,1,1,1,4,1,6,2
43,193,8299,236,66961999,2,3,-200885996,61277584,6067,5667,5437,5899,1,1,1,1,1,1,4,1,6,4
43,193,8299,236,66961999,3,7,-468733992,61277584,6067,5667,5437,5899,1,1,1,1,1,1,4,1,6,1
43,193,8299,236,66961999,5,21,-1406201978,61277584,6067,5667,5437,5899,1,1,1,1,1,1,4,1,6,1
43,193,8299,236,66961999,7,43,-2879365956,61277584,6067,5667,5437,5899,1,1,1,1,1,1,4,1,6,2
43,193,8299,236,66961999,11,111,-7432781888,61277584,6067,5667,5437,5899,1,1,1,1,1,1,4,1,6,0
43,197,8471,240,69773691,-2,7,-488415836,63872064,724,6535,6301,6771,1,1,3,1,2,1,1,1,1,1
43,197,8471,240,69773691,-1,3,-209321072,63872064,724,6535,6301,6771,1,1,3,1,2,1,1,1,1,5
43,197,8471,240,69773691,0,1,-69773690,63872064,724,6535,6301,6771,1,1,3,1,2,1,1,1,1,0
43,197,8471,240,69773691,1,1,-69773690,63872064,724,6535,6301,6771,1,1,3,1,2,1,1,1,1,0
43,197,8471,240,69773691,2,3,-209321072,63872064,724,6535,6301,6771,1,1,3,1,2,1,1,1,1,5
43,197,8471,240,69773691,3,7,-488415836,63872064,724,6535,6301,6771,1,1,3,1,2,1,1,1,1,1
43,197,8471,240,69773691,5,21,-1465247510,63872064,724,6535,6301,6771,1,1,3,1,2,1,1,1,1,1
43,197,8471,240,69773691,7,43,-3000268712,63872064,724,6535,6301,6771,1,1,3,1,2,1,1,1,1,0
43,197,8471,240,69773691,11,111,-7744879700,63872064,724,6535,6301,6771,1,1,3,1,2,1,1,1,1,2
43,199,8557,242,71201221,-2,7,-498408546,65189476,2250,6981,6745,7219,1,1,1,1,1,1,3,1,0,1
43,199,8557,242,71201221,-1,3,-213603662,65189476,2250,6981,6745,7219,1,1,1,1,1,1,3,1,0,1
43,199,8557,242,71201221,0,1,-71201220,65189476,2250,6981,6745,7219,1,1,1,1,1,1,3,1,0,1
43,199,8557,242,71201221,1,1,-71201220,65189476,2250,6981,6745,7219,1,1,1,1,1,1,3,1,0,1
43,199,8557,242,71201221,2,3,-213603662,65189476,2250,6981,6745,7219,1,1,1,1,1,1,3,1,0,1
43,199,8557,242,71201221,3,7,-498408546,65189476,2250,6981,6745,7219,1,1,1,1,1,1,3,1,0,1
43,199,8557,242,71201221,5,21,-1495225640,65189476,2250,6981,6745,7219,1,1,1,1,1,1,3,1,0,1
43,199,8557,242,71201221,7,43,-3061652502,65189476,2250,6981,6745,7219,1,1,1,1,1,1,3,1,0,1
43,199,8557,242,71201221,11,111,-7903335530,65189476,2250,6981,6745,7219,1,1,1,1,1,1,3,1,0,1
47,53,2491,100,5963391,-2,7,-41743736,5253264,2236,2428,2331,35,1,3,7,2,2,5,4,0,6,1
47,53,2491,100,5963391,-1,3,-17890172,5253264,2236,2428,2331,35,1,3,7,2,2,5,4,0,6,1
47,53,2491,100,5963391,0,1,-5963390,5253264,2236,2428,2331,35,1,3,7,2,2,5,4,0,6,1
47,53,2491,100,5963391,1,1,-5963390,5253264,2236,2428,2331,35,1,3,7,2,2,5,4,0,6,1
47,53,2491,100,5963391,2,3,-17890172,5253264,2236,2428,2331,35,1,3,7,2,2,5,4,0,6,1
47,53,2491,100,5963391,3,7,-41743736,5253264,2236,2428,2331,35,1,3,7,2,2,5,4,0,6,1
47,53,2491,100,5963391,5,21,-125231210,5253264,2236,2428,2331,35,1,3,7,2,2,5,4,0,6,1
47,53,2491,100,5963391,7,43,-256425812,5253264,2236,2428,2331,35,1,3,7,2,2,5,4,0,6,1
47,53,2491,100,5963391,11,111,-661936400,5253264,2236,2428,2331,35,1,3,7,2,2,5,4,0,6,1
47,59,2773,106,7403949,-2,7,-51827642,6563844,153,39,2709,143,1,63,1,2,2,5,3,0,0,1
47,59,2773,106,7403949,-1,3,-22211846,6563844,153,39,2709,143,1,63,1,2,2,5,3,0,0,1
47,59,2773,106,7403949,0,1,-7403948,6563844,153,39,2709,143,1,63,1,2,2,5,3,0,0,1
47,59,2773,106,7403949,1,1,-7403948,6563844,153,39,2709,143,1,63,1,2,2,5,3,0,0,1
47,59,2773,106,7403949,2,3,-22211846,6563844,153,39,2709,143,1,63,1,2,2,5,3,0,0,1
47,59,2773,106,7403949,3,7,-51827642,6563844,153,39,2709,143,1,63,1,2,2,5,3,0,0,1
47,59,2773,106,7403949,5,21,-155482928,6563844,153,39,2709,143,1,63,1,2,2,5,3,0,0,1
47,59,2773,106,7403949,7,43,-318369806,6563844,153,39,2709,143,1,63,1,2,2,5,3,0,0,1
47,59,2773,106,7403949,11,111,-821838338,6563844,153,39,2709,143,1,63,1,2,2,5,3,0,0,1
47,61,2867,108,7918743,-2,7,-55431200,7033104,353,89,2851,195,1,1,3,2,1,5,5,0,0,1
47,61,2867,108,7918743,-1,3,-23756228,7033104,353,89,2851,195,1,1,3,2,1,5,5,0,0,1
47,61,2867,108,7918743,0,1,-7918742,7033104,353,89,2851,195,1,1,3,2,1,5,5,0,0,1
47,61,2867,108,7918743,1,1,-7918742,7033104,353,89,2851,195,1,1,3,2,1,5,5,0,0,1
47,61,2867,108,7918743,2,3,-23756228,7033104,353,89,2851,195,1,1,3,2,1,5,5,0,0,1
47,61,2867,108,7918743,3,7,-55431200,7033104,353,89,2851,195,1,1,3,2,1,5,5,0,0,1
47,61,2867,108,7918743,5,21,-166293602,7033104,353,89,2851,195,1,1,3,2,1,5,5,0,0,1
47,61,2867,108,7918743,7,43,-340505948,7033104,353,89,2851,195,1,1,3,2,1,5,5,0,0,1
47,61,2867,108,7918743,11,111,-878980472,7033104,353,89,2851,195,1,1,3,2,1,5,5,0,0,1
47,67,3149,114,9566949,-2,7,-66968642,8538084,1145,287,177,399,1,1,21,2,1,5,4,0,6,1
47,67,3149,114,9566949,-1,3,-28700846,8538084,1145,287,177,399,1,1,21,2,1,5,4,0,6,1
47,67,3149,114,9566949,0,1,-9566948,8538084,1145,287,177,399,1,1,21,2,1,5,4,0,6,1
47,67,3149,114,9566949,1,1,-9566948,8538084,1145,287,177,399,1,1,21,2,1,5,4,0,6,1
47,67,3149,114,9566949,2,3,-28700846,8538084,1145,287,177,399,1,1,21,2,1,5,4,0,6,1
47,67,3149,114,9566949,3,7,-66968642,8538084,1145,287,177,399,1,1,21,2,1,5,4,0,6,1
47,67,3149,114,9566949,5,21,-200905928,8538084,1145,287,177,399,1,1,21,2,1,5,4,0,6,1
47,67,3149,114,9566949,7,43,-411378806,8538084,1145,287,177,399,1,1,21,2,1,5,4,0,6,1
47,67,3149,114,9566949,11,111,-1061931338,8538084,1145,287,177,399,1,1,21,2,1,5,4,0,6,1
47,71,3337,118,10752273,-2,7,-75265910,9622404,1833,459,345,575,1,3,1,2,2,5,1,0,1,1
47,71,3337,118,10752273,-1,3,-32256818,9622404,1833,459,345,575,1,3,1,2,2,5,1,0,1,1
47,71,3337,118,10752273,0,1,-10752272,9622404,1833,459,345,575,1,3,1,2,2,5,1,0,1,1
47,71,3337,118,10752273,1,1,-10752272,9622404,1833,459,345,575,1,3,1,2,2,5,1,0,1,1
47,71,3337,118,10752273,2,3,-32256818,9622404,1833,459,345,575,1,3,1,2,2,5,1,0,1,1
47,71,3337,118,10752273,3,7,-75265910,9622404,1833,459,345,575,1,3,1,2,2,5,1,0,1,1
47,71,3337,118,10752273,5,21,-225797732,9622404,1833,459,345,575,1,3,1,2,2,5,1,0,1,1
47,71,3337,118,10752273,7,43,-462347738,9622404,1833,459,345,575,1,3,1,2,2,5,1,0,1,1
47,71,3337,118,10752273,11,111,-1193502302,9622404,1833,459,345,575,1,3,1,2,2,5,1,0,1,1
47,73,3431,120,11370891,-2,7,-79596236,10188864,2225,557,441,675,1,49,3,2,1,5,3,0,0,1
47,73,3431,120,11370891,-1,3,-34112672,10188864,2225,557,441,675,1,49,3,2,1,5,3,0,0,1
47,73,3431,120,11370891,0,1,-11370890,10188864,2225,557,441,675,1,49,3,2,1,5,3,0,0,1
47,73,3431,120,11370891,1,1,-11370890,10188864,2225,557,441,675,1,49,3,2,1,5,3,0,0,1
47,73,3431,120,11370891,2,3,-34112672,10188864,2225,557,441,675,1,49,3,2,1,5,3,0,0,1
47,73,3431,120,11370891,3,7,-79596236,10188864,2225,557,441,675,1,49,3,2,1,5,3,0,0,1
47,73,3431,120,11370891,5,21,-238788710,10188864,2225,557,441,675,1,49,3,2,1,5,3,0,0,1
47,73,3431,120,11370891,7,43,-488948312,10188864,2225,557,441,675,1,49,3,2,1,5,3,0,0,1
47,73,3431,120,11370891,11,111,-1262168900,10188864,2225,557,441,675,1,49,3,2,1,5,3,0,0,1
47,79,3713,126,13330569,-2,7,-93313982,11985444,3593,899,777,1023,1,1,3,2,1,5,2,0,3,1
47,79,3713,126,13330569,-1,3,-39991706,11985444,3593,899,777,1023,1,1,3,2,1,5,2,0,3,1
47,79,3713,126,13330569,0,1,-13330568,11985444,3593,899,777,1023,1,1,3,2,1,5,2,0,3,1
47,79,3713,126,13330569,1,1,-13330568,11985444,3593,899,777,1023,1,1,3,2,1,5,2,0,3,1
47,79,3713,126,13330569,2,3,-39991706,11985444,3593,899,777,1023,1,1,3,2,1,5,2,0,3,1
47,79,3713,126,13330569,3,7,-93313982,11985444,3593,899,777,1023,1,1,3,2,1,5,2,0,3,1
47,79,3713,126,13330569,5,21,-279941948,11985444,3593,899,777,1023,1,1,3,2,1,5,2,0,3,1
47,79,3713,126,13330569,7,43,-573214466,11985444,3593,899,777,1023,1,1,3,2,1,5,2,0,3,1
47,79,3713,126,13330569,11,111,-1479693158,11985444,3593,899,777,1023,1,1,3,2,1,5,2,0,3,1
47,83,3901,130,14723541,-2,7,-103064786,13264164,764,1167,1041,1295,1,3,1,2,2,5,6,0,3,1
47,83,3901,130,14723541,-1,3,-44170622,13264164,764,1167,1041,1295,1,3,1,2,2,5,6,0,3,1
47,83,3901,130,14723541,0,1,-14723540,13264164,764,1167,1041,1295,1,3,1,2,2,5,6,0,3,1
47,83,3901,130,14723541,1,1,-14723540,13264164,764,1167,1041,1295,1,3,1,2,2,5,6,0,3,1
47,83,3901,130,14723541,2,3,-44170622,13264164,764,1167,1041,1295,1,3,1,2,2,5,6,0,3,1
47,83,3901,130,14723541,3,7,-103064786,13264164,764,1167,1041,1295,1,3,1,2,2,5,6,0,3,1
47,83,3901,130,14723541,5,21,-309194360,13264164,764,1167,1041,1295,1,3,1,2,2,5,6,0,3,1
47,83,3901,130,14723541,7,43,-633112262,13264164,764,1167,1041,1295,1,3,1,2,2,5,6,0,3,1
47,83,3901,130,14723541,11,111,-1634313050,13264164,764,1167,1041,1295,1,3,1,2,2,5,6,0,3,1
47,89,4183,136,16942779,-2,7,-118599452,15303744,2330,1629,1497,1763,1,3,1,2,2,5,5,0,0,1
47,89,4183,136,16942779,-1,3,-50828336,15303744,2330,1629,1497,1763,1,3,1,2,2,5,5,0,0,1
47,89,4183,136,16942779,0,1,-16942778,15303744,2330,1629,1497,1763,1,3,1,2,2,5,5,0,0,1
47,89,4183,136,16942779,1,1,-16942778,15303744,2330,1629,1497,1763,1,3,1,2,2,5,5,0,0,1
47,89,4183,136,16942779,2,3,-50828336,15303744,2330,1629,1497,1763,1,3,1,2,2,5,5,0,0,1
47,89,4183,136,16942779,3,7,-118599452,15303744,2330,1629,1497,1763,1,3,1,2,2,5,5,0,0,1
47,89,4183,136,16942779,5,21,-355798358,15303744,2330,1629,1497,1763,1,3,1,2,2,5,5,0,0,1
47,89,4183,136,16942779,7,43,-728539496,15303744,2330,1629,1497,1763,1,3,1,2,2,5,5,0,0,1
47,89,4183,136,16942779,11,111,-1880648468,15303744,2330,1629,1497,1763,1,3,1,2,2,5,5,0,0,1
47,97,4559,144,20144019,-2,7,-141008132,18249984,307,2357,2217,2499,1,1,3,2,1,5,6,0,3,1
47,97,4559,144,20144019,-1,3,-60432056,18249984,307,2357,2217,2499,1,1,3,2,1,5,6,0,3,1
47,97,4559,144,20144019,0,1,-20144018,18249984,307,2357,2217,2499,1,1,3,2,1,5,6,0,3,1
47,97,4559,144,20144019,1,1,-20144018,18249984,307,2357,2217,2499,1,1,3,2,1,5,6,0,3,1
47,97,4559,144,20144019,2,3,-60432056,18249984,307,2357,2217,2499,1,1,3,2,1,5,6,0,3,1
47,97,4559,144,20144019,3,7,-141008132,18249984,307,2357,2217,2499,1,1,3,2,1,5,6,0,3,1
47,97,4559,144,20144019,5,21,-423024398,18249984,307,2357,2217,2499,1,1,3,2,1,5,6,0,3,1
47,97,4559,144,20144019,7,43,-866192816,18249984,307,2357,2217,2499,1,1,3,2,1,5,6,0,3,1
47,97,4559,144,20144019,11,111,-2235986108,18249984,307,2357,2217,2499,1,1,3,2,1,5,6,0,3,1
47,101,4747,148,21848463,-2,7,-152939240,19820304,1579,2769,2625,2915,1,21,1,2,2,5,3,0,0,1
47,101,4747,148,21848463,-1,3,-65545388,19820304,1579,2769,2625,2915,1,21,1,2,2,5,3,0,0,1
47,101,4747,148,21848463,0,1,-21848462,19820304,1579,2769,2625,2915,1,21,1,2,2,5,3,0,0,1
47,101,4747,148,21848463,1,1,-21848462,19820304,1579,2769,2625,2915,1,21,1,2,2,5,3,0,0,1
47,101,4747,148,21848463,2,3,-65545388,19820304,1579,2769,2625,2915,1,21,1,2,2,5,3,0,0,1
47,101,4747,148,21848463,3,7,-152939240,19820304,1579,2769,2625,2915,1,21,1,2,2,5,3,0,0,1
47,101,4747,148,21848463,5,21,-458817722,19820304,1579,2769,2625,2915,1,21,1,2,2,5,3,0,0,1
47,101,4747,148,21848463,7,43,-939483908,19820304,1579,2769,2625,2915,1,21,1,2,2,5,3,0,0,1
47,101,4747,148,21848463,11,111,-2425179392,19820304,1579,2769,2625,2915,1,21,1,2,2,5,3,0,0,1
47,103,4841,150,22726641,-2,7,-159086486,20629764,2263,2987,2841,3135,103,1,3,2,1,5,5,0,0,1
47,103,4841,150,22726641,-1,3,-68179922,20629764,2263,2987,2841,3135,103,1,3,2,1,5,5,0,0,1
47,103,4841,150,22726641,0,1,-22726640,20629764,2263,2987,2841,3135,103,1,3,2,1,5,5,0,0,1
47,103,4841,150,22726641,1,1,-22726640,20629764,2263,2987,2841,3135,103,1,3,2,1,5,5,0,0,1
47,103,4841,150,22726641,2,3,-68179922,20629764,2263,2987,2841,3135,103,1,3,2,1,5,5,0,0,1
47,103,4841,150,22726641,3,7,-159086486,20629764,2263,2987,2841,3135,103,1,3,2,1,5,5,0,0,1
47,103,4841,150,22726641,5,21,-477259460,20629764,2263,2987,2841,3135,103,1,3,2,1,5,5,0,0,1
47,103,4841,150,22726641,7,43,-977245562,20629764,2263,2987,2841,3135,103,1,3,2,1,5,5,0,0,1
47,103,4841,150,22726641,11,111,-2522657150,20629764,2263,2987,2841,3135,103,1,3,2,1,5,5,0,0,1
47,107,5029,154,24534909,-2,7,-171744362,22297284,3727,3447,3297,3599,1,3,1,2,2,5,2,0,3,1
47,107,5029,154,24534909,-1,3,-73604726,22297284,3727,3447,3297,3599,1,3,1,2,2,5,2,0,3,1
47,107,5029,154,24534909,0,1,-24534908,22297284,3727,3447,3297,3599,1,3,1,2,2,5,2,0,3,1
47,107,5029,154,24534909,1,1,-24534908,22297284,3727,3447,3297,3599,1,3,1,2,2,5,2,0,3,1
47,107,5029,154,24534909,2,3,-73604726,22297284,3727,3447,3297,3599,1,3,1,2,2,5,2,0,3,1
47,107,5029,154,24534909,3,7,-171744362,22297284,3727,3447,3297,3599,1,3,1,2,2,5,2,0,3,1
47,107,5029,154,24534909,5,21,-515233088,22297284,3727,3447,3297,3599,1,3,1,2,2,5,2,0,3,1
47,107,5029,154,24534909,7,43,-1055001086,22297284,3727,3447,3297,3599,1,3,1,2,2,5,2,0,3,1
47,107,5029,154,24534909,11,111,-2723374898,22297284,3727,3447,3297,3599,1,3,1,2,2,5,2,0,3,1
47,109,5123,156,25464999,-2,7,-178254992,23155344,4507,3689,3537,3843,1,1,1281,2,1,5,4,0,6,1
47,109,5123,156,25464999,-1,3,-76394996,23155344,4507,3689,3537,3843,1,1,1281,2,1,5,4,0,6,1
47,109,5123,156,25464999,0,1,-25464998,23155344,4507,3689,3537,3843,1,1,1281,2,1,5,4,0,6,1
47,109,5123,156,25464999,1,1,-25464998,23155344,4507,3689,3537,3843,1,1,1281,2,1,5,4,0,6,1
47,109,5123,156,25464999,2,3,-76394996,23155344,4507,3689,3537,3843,1,1,1281,2,1,5,4,0,6,1
47,109,5123,156,25464999,3,7,-178254992,23155344,4507,3689,3537,3843,1,1,1281,2,1,5,4,0,6,1
47,109,5123,156,25464999,5,21,-534764978,23155344,4507,3689,3537,3843,1,1,1281,2,1,5,4,0,6,1
47,109,5123,156,25464999,7,43,-1094994956,23155344,4507,3689,3537,3843,1,1,1281,2,1,5,4,0,6,1
47,109,5123,156,25464999,11,111,-2826614888,23155344,4507,3689,3537,3843,1,1,1281,2,1,5,4,0,6,1
47,113,5311,160,27377091,-2,7,-191639636,24920064,852,4197,4041,4355,1,9,1,2,2,5,1,0,1,1
47,113,5311,160,27377091,-1,3,-82131272,24920064,852,4197,4041,4355,1,9,1,2,2,5,1,0,1,1
47,113,5311,160,27377091,0,1,-27377090,24920064,852,4197,4041,4355,1,9,1,2,2,5,1,0,1,1
47,113,5311,160,27377091,1,1,-27377090,24920064,852,4197,4041,4355,1,9,1,2,2,5,1,0,1,1
47,113,5311,160,27377091,2,3,-82131272,24920064,852,4197,4041,4355,1,9,1,2,2,5,1,0,1,1
47,113,5311,160,27377091,3,7,-191639636,24920064,852,4197,4041,4355,1,9,1,2,2,5,1,0,1,1
47,113,5311,160,27377091,5,21,-574918910,24920064,852,4197,4041,4355,1,9,1,2,2,5,1,0,1,1
47,113,5311,160,27377091,7,43,-1177214912,24920064,852,4197,4041,4355,1,9,1,2,2,5,1,0,1,1
47,113,5311,160,27377091,11,111,-3038857100,24920064,852,4197,4041,4355,1,9,1,2,2,5,1,0,1,1
47,127,5969,174,34614489,-2,7,-242301422,31606884,1029,258,89,429,1,1,3,2,1,5,1,0,1,1
47,127,5969,174,34614489,-1,3,-103843466,31606884,1029,258,89,429,1,1,3,2,1,5,1,0,1,1
47,127,5969,174,34614489,0,1,-34614488,31606884,1029,258,89,429,1,1,3,2,1,5,1,0,1,1
47,127,5969,174,34614489,1,1,-34614488,31606884,1029,258,89,429,1,1,3,2,1,5,1,0,1,1
47,127,5969,174,34614489,2,3,-103843466,31606884,1029,258,89,429,1,1,3,2,1,5,1,0,1,1
47,127,5969,174,34614489,3,7,-242301422,31606884,1029,258,89,429,1,1,3,2,1,5,1,0,1,1
47,127,5969,174,34614489,5,21,-726904268,31606884,1029,258,89,429,1,1,3,2,1,5,1,0,1,1
47,127,5969,174,34614489,7,43,-1488423026,31606884,1029,258,89,429,1,1,3,2,1,5,1,0,1,1
47,127,5969,174,34614489,11,111,-3842208278,31606884,1029,258,89,429,1,1,3,2,1,5,1,0,1,1
47,131,6157,178,36838053,-2,7,-257866370,33663204,2885,722,549,897,1,9,1,2,2,5,5,0,0,1
47,131,6157,178,36838053,-1,3,-110514158,33663204,2885,722,549,897,1,9,1,2,2,5,5,0,0,1
47,131,6157,178,36838053,0,1,-36838052,33663204,2885,722,549,897,1,9,1,2,2,5,5,0,0,1
47,131,6157,178,36838053,1,1,-36838052,33663204,2885,722,549,897,1,9,1,2,2,5,5,0,0,1
47,131,6157,178,36838053,2,3,-110514158,33663204,2885,722,549,897,1,9,1,2,2,5,5,0,0,1
47,131,6157,178,36838053,3,7,-257866370,33663204,2885,722,549,897,1,9,1,2,2,5,5,0,0,1
47,131,6157,178,36838053,5,21,-773599112,33663204,2885,722,549,897,1,9,1,2,2,5,5,0,0,1
47,131,6157,178,36838053,7,43,-1584036278,33663204,2885,722,549,897,1,9,1,2,2,5,5,0,0,1
47,131,6157,178,36838053,11,111,-4089023882,33663204,2885,722,549,897,1,9,1,2,2,5,5,0,0,1
47,137,6439,184,40303179,-2,7,-282122252,36869184,5909,1478,1299,1659,1,3,7,2,2,5,4,0,6,1
47,137,6439,184,40303179,-1,3,-120909536,36869184,5909,1478,1299,1659,1,3,7,2,2,5,4,0,6,1
47,137,6439,184,40303179,0,1,-40303178,36869184,5909,1478,1299,1659,1,3,7,2,2,5,4,0,6,1
47,137,6439,184,40303179,1,1,-40303178,36869184,5909,1478,1299,1659,1,3,7,2,2,5,4,0,6,1
47,137,6439,184,40303179,2,3,-120909536,36869184,5909,1478,1299,1659,1,3,7,2,2,5,4,0,6,1
47,137,6439,184,40303179,3,7,-282122252,36869184,5909,1478,1299,1659,1,3,7,2,2,5,4,0,6,1
47,137,6439,184,40303179,5,21,-846366758,36869184,5909,1478,1299,1659,1,3,7,2,2,5,4,0,6,1
47,137,6439,184,40303179,7,43,-1733036696,36869184,5909,1478,1299,1659,1,3,7,2,2,5,4,0,6,1
47,137,6439,184,40303179,11,111,-4473652868,36869184,5909,1478,1299,1659,1,3,7,2,2,5,4,0,6,1
47,139,6533,186,41492829,-2,7,-290449802,37970244,448,1746,1565,1929,1,1,3,2,1,5,6,0,3,1
47,139,6533,186,41492829,-1,3,-124478486,37970244,448,1746,1565,1929,1,1,3,2,1,5,6,0,3,1
47,139,6533,186,41492829,0,1,-41492828,37970244,448,1746,1565,1929,1,1,3,2,1,5,6,0,3,1
47,139,6533,186,41492829,1,1,-41492828,37970244,448,1746,1565,1929,1,1,3,2,1,5,6,0,3,1
47,139,6533,186,41492829,2,3,-124478486,37970244,448,1746,1565,1929,1,1,3,2,1,5,6,0,3,1
47,139,6533,186,41492829,3,7,-290449802,37970244,448,1746,1565,1929,1,1,3,2,1,5,6,0,3,1
47,139,6533,186,41492829,5,21,-871349408,37970244,448,1746,1565,1929,1,1,3,2,1,5,6,0,3,1
47,139,6533,186,41492829,7,43,-1784191646,37970244,448,1746,1565,1929,1,1,3,2,1,5,6,0,3,1
47,139,6533,186,41492829,11,111,-4605704018,37970244,448,1746,1565,1929,1,1,3,2,1,5,6,0,3,1
47,149,7003,196,47700639,-2,7,-333904472,43718544,5818,3206,3015,3399,1,9,103,2,2,5,2,0,3,1
47,149,7003,196,47700639,-1,3,-143101916,43718544,5818,3206,3015,3399,1,9,103,2,2,5,2,0,3,1
47,149,7003,196,47700639,0,1,-47700638,43718544,5818,3206,3015,3399,1,9,103,2,2,5,2,0,3,1
47,149,7003,196,47700639,1,1,-47700638,43718544,5818,3206,3015,3399,1,9,103,2,2,5,2,0,3,1
47,149,7003,196,47700639,2,3,-143101916,43718544,5818,3206,3015,3399,1,9,103,2,2,5,2,0,3,1
47,149,7003,196,47700639,3,7,-333904472,43718544,5818,3206,3015,3399,1,9,103,2,2,5,2,0,3,1
47,149,7003,196,47700639,5,21,-1001713418,43718544,5818,3206,3015,3399,1,9,103,2,2,5,2,0,3,1
47,149,7003,196,47700639,7,43,-2051127476,43718544,5818,3206,3015,3399,1,9,103,2,2,5,2,0,3,1
47,149,7003,196,47700639,11,111,-5294770928,43718544,5818,3206,3015,3399,1,9,103,2,2,5,2,0,3,1
47,151,7097,198,48994113,-2,7,-342958790,44916804,6988,3522,3329,3717,1,1,21,2,1,5,4,0,6,1
47,151,7097,198,48994113,-1,3,-146982338,44916804,6988,3522,3329,3717,1,1,21,2,1,5,4,0,6,1
47,151,7097,198,48994113,0,1,-48994112,44916804,6988,3522,3329,3717,1,1,21,2,1,5,4,0,6,1
47,151,7097,198,48994113,1,1,-48994112,44916804,6988,3522,3329,3717,1,1,21,2,1,5,4,0,6,1
47,151,7097,198,48994113,2,3,-146982338,44916804,6988,3522,3329,3717,1,1,21,2,1,5,4,0,6,1
47,151,7097,198,48994113,3,7,-342958790,44916804,6988,3522,3329,3717,1,1,21,2,1,5,4,0,6,1
47,151,7097,198,48994113,5,21,-1028876372,44916804,6988,3522,3329,3717,1,1,21,2,1,5,4,0,6,1
47,151,7097,198,48994113,7,43,-2106746858,44916804,6988,3522,3329,3717,1,1,21,2,1,5,4,0,6,1
47,151,7097,198,48994113,11,111,-5438346542,44916804,6988,3522,3329,3717,1,1,21,2,1,5,4,0,6,1
47,157,7379,204,52978359,-2,7,-370848512,48608784,3311,4518,4319,4719,1,7,3,2,1,5,3,0,0,1
47,157,7379,204,52978359,-1,3,-158935076,48608784,3311,4518,4319,4719,1,7,3,2,1,5,3,0,0,1
47,157,7379,204,52978359,0,1,-52978358,48608784,3311,4518,4319,4719,1,7,3,2,1,5,3,0,0,1
47,157,7379,204,52978359,1,1,-52978358,48608784,3311,4518,4319,4719,1,7,3,2,1,5,3,0,0,1
47,157,7379,204,52978359,2,3,-158935076,48608784,3311,4518,4319,4719,1,7,3,2,1,5,3,0,0,1
47,157,7379,204,52978359,3,7,-370848512,48608784,3311,4518,4319,4719,1,7,3,2,1,5,3,0,0,1
47,157,7379,204,52978359,5,21,-1112545538,48608784,3311,4518,4319,4719,1,7,3,2,1,5,3,0,0,1
47,157,7379,204,52978359,7,43,-2278069436,48608784,3311,4518,4319,4719,1,7,3,2,1,5,3,0,0,1
47,157,7379,204,52978359,11,111,-5880597848,48608784,3311,4518,4319,4719,1,7,3,2,1,5,3,0,0,1
47,163,7661,210,57118341,-2,7,-399828386,52446564,7019,5586,5381,5793,1,1,3,2,1,5,2,0,3,1
47,163,7661,210,57118341,-1,3,-171355022,52446564,7019,5586,5381,5793,1,1,3,2,1,5,2,0,3,1
47,163,7661,210,57118341,0,1,-57118340,52446564,7019,5586,5381,5793,1,1,3,2,1,5,2,0,3,1
47,163,7661,210,57118341,1,1,-57118340,52446564,7019,5586,5381,5793,1,1,3,2,1,5,2,0,3,1
47,163,7661,210,57118341,2,3,-171355022,52446564,7019,5586,5381,5793,1,1,3,2,1,5,2,0,3,1
47,163,7661,210,57118341,3,7,-399828386,52446564,7019,5586,5381,5793,1,1,3,2,1,5,2,0,3,1
47,163,7661,210,57118341,5,21,-1199485160,52446564,7019,5586,5381,5793,1,1,3,2,1,5,2,0,3,1
47,163,7661,210,57118341,7,43,-2456088662,52446564,7019,5586,5381,5793,1,1,3,2,1,5,2,0,3,1
47,163,7661,210,57118341,11,111,-6340135850,52446564,7019,5586,5381,5793,1,1,3,2,1,5,2,0,3,1
47,167,7849,214,59964849,-2,7,-419753942,55086084,1802,6338,6129,6549,1,9,1,2,2,5,6,0,3,1
47,167,7849,214,59964849,-1,3,-179894546,55086084,1802,6338,6129,6549,1,9,1,2,2,5,6,0,3,1
47,167,7849,214,59964849,0,1,-59964848,55086084,1802,6338,6129,6549,1,9,1,2,2,5,6,0,3,1
47,167,7849,214,59964849,1,1,-59964848,55086084,1802,6338,6129,6549,1,9,1,2,2,5,6,0,3,1
47,167,7849,214,59964849,2,3,-179894546,55086084,1802,6338,6129,6549,1,9,1,2,2,5,6,0,3,1
47,167,7849,214,59964849,3,7,-419753942,55086084,1802,6338,6129,6549,1,9,1,2,2,5,6,0,3,1
47,167,7849,214,59964849,5,21,-1259261828,55086084,1802,6338,6129,6549,1,9,1,2,2,5,6,0,3,1
47,167,7849,214,59964849,7,43,-2578488506,55086084,1802,6338,6129,6549,1,9,1,2,2,5,6,0,3,1
47,167,7849,214,59964849,11,111,-6656098238,55086084,1802,6338,6129,6549,1,9,1,2,2,5,6,0,3,1
47,173,8131,220,64364391,-2,7,-450550736,59166864,5708,7526,7311,7743,1,3,1,2,2,5,5,0,0,1
47,173,8131,220,64364391,-1,3,-193093172,59166864,5708,7526,7311,7743,1,3,1,2,2,5,5,0,0,1
47,173,8131,220,64364391,0,1,-64364390,59166864,5708,7526,7311,7743,1,3,1,2,2,5,5,0,0,1
47,173,8131,220,64364391,1,1,-64364390,59166864,5708,7526,7311,7743,1,3,1,2,2,5,5,0,0,1
47,173,8131,220,64364391,2,3,-193093172,59166864,5708,7526,7311,7743,1,3,1,2,2,5,5,0,0,1
47,173,8131,220,64364391,3,7,-450550736,59166864,5708,7526,7311,7743,1,3,1,2,2,5,5,0,0,1
47,173,8131,220,64364391,5,21,-1351652210,59166864,5708,7526,7311,7743,1,3,1,2,2,5,5,0,0,1
47,173,8131,220,64364391,7,43,-2767668812,59166864,5708,7526,7311,7743,1,3,1,2,2,5,5,0,0,1
47,173,8131,220,64364391,11,111,-7144447400,59166864,5708,7526,7311,7743,1,3,1,2,2,5,5,0,0,1
47,179,8413,226,68919669,-2,7,-482437682,63393444,1489,373,153,595,1,3,7,2,2,5,4,0,6,1
47,179,8413,226,68919669,-1,3,-206759006,63393444,1489,373,153,595,1,3,7,2,2,5,4,0,6,1
47,179,8413,226,68919669,0,1,-68919668,63393444,1489,373,153,595,1,3,7,2,2,5,4,0,6,1
47,179,8413,226,68919669,1,1,-68919668,63393444,1489,373,153,595,1,3,7,2,2,5,4,0,6,1
47,179,8413,226,68919669,2,3,-206759006,63393444,1489,373,153,595,1,3,7,2,2,5,4,0,6,1
47,179,8413,226,68919669,3,7,-482437682,63393444,1489,373,153,595,1,3,7,2,2,5,4,0,6,1
47,179,8413,226,68919669,5,21,-1447313048,63393444,1489,373,153,595,1,3,7,2,2,5,4,0,6,1
47,179,8413,226,68919669,7,43,-2963545766,63393444,1489,373,153,595,1,3,7,2,2,5,4,0,6,1
47,179,8413,226,68919669,11,111,-7650083258,63393444,1489,373,153,595,1,3,7,2,2,5,4,0,6,1
47,181,8507,228,70472703,-2,7,-493308920,64834704,2857,715,493,939,1,1,3,2,1,5,6,0,3,1
47,181,8507,228,70472703,-1,3,-211418108,64834704,2857,715,493,939,1,1,3,2,1,5,6,0,3,1
47,181,8507,228,70472703,0,1,-70472702,64834704,2857,715,493,939,1,1,3,2,1,5,6,0,3,1
47,181,8507,228,70472703,1,1,-70472702,64834704,2857,715,493,939,1,1,3,2,1,5,6,0,3,1
47,181,8507,228,70472703,2,3,-211418108,64834704,2857,715,493,939,1,1,3,2,1,5,6,0,3,1
47,181,8507,228,70472703,3,7,-493308920,64834704,2857,715,493,939,1,1,3,2,1,5,6,0,3,1
47,181,8507,228,70472703,5,21,-1479926762,64834704,2857,715,493,939,1,1,3,2,1,5,6,0,3,1
47,181,8507,228,70472703,7,43,-3030326228,64834704,2857,715,493,939,1,1,3,2,1,5,6,0,3,1
47,181,8507,228,70472703,11,111,-7822470032,64834704,2857,715,493,939,1,1,3,2,1,5,6,0,3,1
47,191,8977,238,78497433,-2,7,-549482030,72284004,1200,2545,2313,2779,1,3,1,2,2,5,2,0,3,1
47,191,8977,238,78497433,-1,3,-235492298,72284004,1200,2545,2313,2779,1,3,1,2,2,5,2,0,3,1
47,191,8977,238,78497433,0,1,-78497432,72284004,1200,2545,2313,2779,1,3,1,2,2,5,2,0,3,1
47,191,8977,238,78497433,1,1,-78497432,72284004,1200,2545,2313,2779,1,3,1,2,2,5,2,0,3,1
47,191,8977,238,78497433,2,3,-235492298,72284004,1200,2545,2313,2779,1,3,1,2,2,5,2,0,3,1
47,191,8977,238,78497433,3,7,-549482030,72284004,1200,2545,2313,2779,1,3,1,2,2,5,2,0,3,1
47,191,8977,238,78497433,5,21,-1648446092,72284004,1200,2545,2313,2779,1,3,1,2,2,5,2,0,3,1
47,191,8977,238,78497433,7,43,-3375389618,72284004,1200,2545,2313,2779,1,3,1,2,2,5,2,0,3,1
47,191,8977,238,78497433,11,111,-8713215062,72284004,1200,2545,2313,2779,1,3,1,2,2,5,2,0,3,1
47,193,9071,240,80154291,-2,7,-561080036,73822464,2666,2935,2701,3171,1,1,21,2,1,5,4,0,6,1
47,193,9071,240,80154291,-1,3,-240462872,73822464,2666,2935,2701,3171,1,1,21,2,1,5,4,0,6,1
47,193,9071,240,80154291,0,1,-80154290,73822464,2666,2935,2701,3171,1,1,21,2,1,5,4,0,6,1
47,193,9071,240,80154291,1,1,-80154290,73822464,2666,2935,2701,3171,1,1,21,2,1,5,4,0,6,1
47,193,9071,240,80154291,2,3,-240462872,73822464,2666,2935,2701,3171,1,1,21,2,1,5,4,0,6,1
47,193,9071,240,80154291,3,7,-561080036,73822464,2666,2935,2701,3171,1,1,21,2,1,5,4,0,6,1
47,193,9071,240,80154291,5,21,-1683240110,73822464,2666,2935,2701,3171,1,1,21,2,1,5,4,0,6,1
47,193,9071,240,80154291,7,43,-3446634512,73822464,2666,2935,2701,3171,1,1,21,2,1,5,4,0,6,1
47,193,9071,240,80154291,11,111,-8897126300,73822464,2666,2935,2701,3171,1,1,21,2,1,5,4,0,6,1
47,197,9259,244,83519919,-2,7,-584639432,76947984,5694,3739,3501,3979,1,3,1,2,2,5,1,0,1,1
47,197,9259,244,83519919,-1,3,-250559756,76947984,5694,3739,3501,3979,1,3,1,2,2,5,1,0,1,1
47,197,9259,244,83519919,0,1,-83519918,76947984,5694,3739,3501,3979,1,3,1,2,2,5,1,0,1,1
47,197,9259,244,83519919,1,1,-83519918,76947984,5694,3739,3501,3979,1,3,1,2,2,5,1,0,1,1
47,197,9259,244,83519919,2,3,-250559756,76947984,5694,3739,3501,3979,1,3,1,2,2,5,1,0,1,1
47,197,9259,244,83519919,3,7,-584639432,76947984,5694,3739,3501,3979,1,3,1,2,2,5,1,0,1,1
47,197,9259,244,83519919,5,21,-1753918298,76947984,5694,3739,3501,3979,1,3,1,2,2,5,1,0,1,1
47,197,9259,244,83519919,7,43,-3591356516,76947984,5694,3739,3501,3979,1,3,1,2,2,5,1,0,1,1
47,197,9259,244,83519919,11,111,-9270711008,76947984,5694,3739,3501,3979,1,3,1,2,2,5,1,0,1,1
47,199,9353,246,85228689,-2,7,-596600822,78535044,7256,4153,3913,4395,1,7,3,2,1,5,3,0,0,1
47,199,9353,246,85228689,-1,3,-255686066,78535044,7256,4153,3913,4395,1,7,3,2,1,5,3,0,0,1
47,199,9353,246,85228689,0,1,-85228688,78535044,7256,4153,3913,4395,1,7,3,2,1,5,3,0,0,1
47,199,9353,246,85228689,1,1,-85228688,78535044,7256,4153,3913,4395,1,7,3,2,1,5,3,0,0,1
47,199,9353,246,85228689,2,3,-255686066,78535044,7256,4153,3913,4395,1,7,3,2,1,5,3,0,0,1
47,199,9353,246,85228689,3,7,-596600822,78535044,7256,4153,3913,4395,1,7,3,2,1,5,3,0,0,1
47,199,9353,246,85228689,5,21,-1789802468,78535044,7256,4153,3913,4395,1,7,3,2,1,5,3,0,0,1
47,199,9353,246,85228689,7,43,-3664833626,78535044,7256,4153,3913,4395,1,7,3,2,1,5,3,0,0,1
47,199,9353,246,85228689,11,111,-9460384478,78535044,7256,4153,3913,4395,1,7,3,2,1,5,3,0,0,1
53,59,3127,112,9437211,-2,7,-66060476,8433216,2824,3052,2943,35,1,3,1,2,2,4,3,6,0,1
53,59,3127,112,9437211,-1,3,-28311632,8433216,2824,3052,2943,35,1,3,1,2,2,4,3,6,0,1
53,59,3127,112,9437211,0,1,-9437210,8433216,2824,3052,2943,35,1,3,1,2,2,4,3,6,0,1
53,59,3127,112,9437211,1,1,-9437210,8433216,2824,3052,2943,35,1,3,1,2,2,4,3,6,0,1
53,59,3127,112,9437211,2,3,-28311632,8433216,2824,3052,2943,35,1,3,1,2,2,4,3,6,0,1
53,59,3127,112,9437211,3,7,-66060476,8433216,2824,3052,2943,35,1,3,1,2,2,4,3,6,0,1
53,59,3127,112,9437211,5,21,-198181430,8433216,2824,3052,2943,35,1,3,1,2,2,4,3,6,0,1
53,59,3127,112,9437211,7,43,-405800072,8433216,2824,3052,2943,35,1,3,1,2,2,4,3,6,0,1
53,59,3127,112,9437211,11,111,-1047530420,8433216,2824,3052,2943,35,1,3,1,2,2,4,3,6,0,1
53,61,3233,114,10093377,-2,7,-70653638,9036036,3034,3184,3073,63,1,1,21,2,1,4,5,6,0,1
53,61,3233,114,10093377,-1,3,-30280130,9036036,3034,3184,3073,63,1,1,21,2,1,4,5,6,0,1
53,61,3233,114,10093377,0,1,-10093376,9036036,3034,3184,3073,63,1,1,21,2,1,4,5,6,0,1
53,61,3233,114,10093377,1,1,-10093376,9036036,3034,3184,3073,63,1,1,21,2,1,4,5,6,0,1
53,61,3233,114,10093377,2,3,-30280130,9036036,3034,3184,3073,63,1,1,21,2,1,4,5,6,0,1
53,61,3233,114,10093377,3,7,-70653638,9036036,3034,3184,3073,63,1,1,21,2,1,4,5,6,0,1
53,61,3233,114,10093377,5,21,-211960916,9036036,3034,3184,3073,63,1,1,21,2,1,4,5,6,0,1
53,61,3233,114,10093377,7,43,-434015210,9036036,3034,3184,3073,63,1,1,21,2,1,4,5,6,0,1
53,61,3233,114,10093377,11,111,-1120364846,9036036,3034,3184,3073,63,1,1,21,2,1,4,5,6,0,1
53,67,3551,120,12194211,-2,7,-85359476,10969344,305,77,3511,195,1,1,3,2,1,4,4,6,6,1
53,67,3551,120,12194211,-1,3,-36582632,10969344,305,77,3511,195,1,1,3,2,1,4,4,6,6,5
53,67,3551,120,12194211,0,1,-12194210,10969344,305,77,3511,195,1,1,3,2,1,4,4,6,6,0
53,67,3551,120,12194211,1,1,-12194210,10969344,305,77,3511,195,1,1,3,2,1,4,4,6,6,0
53,67,3551,120,12194211,2,3,-36582632,10969344,305,77,3511,195,1,1,3,2,1,4,4,6,6,5
53,67,3551,120,12194211,3,7,-85359476,10969344,305,77,3511,195,1,1,3,2,1,4,4,6,6,1
53,67,3551,120,12194211,5,21,-256078430,10969344,305,77,3511,195,1,1,3,2,1,4,4,6,6,1
53,67,3551,120,12194211,7,43,-524351072,10969344,305,77,3511,195,1,1,3,2,1,4,4,6,6,0
53,67,3551,120,12194211,11,111,-1353557420,10969344,305,77,3511,195,1,1,3,2,1,4,4,6,6,2
53,71,3763,124,13705047,-2,7,-95935328,12362256,801,201,81,323,1,9,1,2,2,4,1,6,1,1
53,71,3763,124,13705047,-1,3,-41115140,12362256,801,201,81,323,1,9,1,2,2,4,1,6,1,4
53,71,3763,124,13705047,0,1,-13705046,12362256,801,201,81,323,1,9,1,2,2,4,1,6,1,2
53,71,3763,124,13705047,1,1,-13705046,12362256,801,201,81,323,1,9,1,2,2,4,1,6,1,2
53,71,3763,124,13705047,2,3,-41115140,12362256,801,201,81,323,1,9,1,2,2,4,1,6,1,4
53,71,3763,124,13705047,3,7,-95935328,12362256,801,201,81,323,1,9,1,2,2,4,1,6,1,1
53,71,3763,124,13705047,5,21,-287805986,12362256,801,201,81,323,1,9,1,2,2,4,1,6,1,1
53,71,3763,124,13705047,7,43,-589317020,12362256,801,201,81,323,1,9,1,2,2,4,1,6,1,2
53,71,3763,124,13705047,11,111,-1521260216,12362256,801,201,81,323,1,9,1,2,2,4,1,6,1,0
53,73,3869,126,14493549,-2,7,-101454842,13089924,1097,275,153,399,1,1,3,2,1,4,3,6,0,1
53,73,3869,126,14493549,-1,3,-43480646,13089924,1097,275,153,399,1,1,3,2,1,4,3,6,0,1
53,73,3869,126,14493549,0,1,-14493548,13089924,1097,275,153,399,1,1,3,2,1,4,3,6,0,1
53,73,3869,126,14493549,1,1,-14493548,13089924,1097,275,153,399,1,1,3,2,1,4,3,6,0,1
53,73,3869,126,14493549,2,3,-43480646,13089924,1097,275,153,399,1,1,3,2,1,4,3,6,0,1
53,73,3869,126,14493549,3,7,-101454842,13089924,1097,275,153,399,1,1,3,2,1,4,3,6,0,1
53,73,3869,126,14493549,5,21,-304364528,13089924,1097,275,153,399,1,1,3,2,1,4,3,6,0,1
53,73,3869,126,14493549,7,43,-623222606,13089924,1097,275,153,399,1,1,3,2,1,4,3,6,0,1
53,73,3869,126,14493549,11,111,-1608783938,13089924,1097,275,153,399,1,1,3,2,1,4,3,6,0,1
53,79,4187,132,16991391,-2,7,-118939736,15397776,2177,545,417,675,1,1,3,2,1,4,2,6,3,1
53,79,4187,132,16991391,-1,3,-50974172,15397776,2177,545,417,675,1,1,3,2,1,4,2,6,3,3
53,79,4187,132,16991391,0,1,-16991390,15397776,2177,545,417,675,1,1,3,2,1,4,2,6,3,4
53,79,4187,132,16991391,1,1,-16991390,15397776,2177,545,417,675,1,1,3,2,1,4,2,6,3,4
53,79,4187,132,16991391,2,3,-50974172,15397776,2177,545,417,675,1,1,3,2,1,4,2,6,3,3
53,79,4187,132,16991391,3,7,-118939736,15397776,2177,545,417,675,1,1,3,2,1,4,2,6,3,1
53,79,4187,132,16991391,5,21,-356819210,15397776,2177,545,417,675,1,1,3,2,1,4,2,6,3,1
53,79,4187,132,16991391,7,43,-730629812,15397776,2177,545,417,675,1,1,3,2,1,4,2,6,3,4
53,79,4187,132,16991391,11,111,-1886044400,15397776,2177,545,417,675,1,1,3,2,1,4,2,6,3,5
53,83,4399,136,18766899,-2,7,-131368292,17040384,3057,765,633,899,1,3,1,2,2,4,6,6,3,1
53,83,4399,136,18766899,-1,3,-56300696,17040384,3057,765,633,899,1,3,1,2,2,4,6,6,3,3
53,83,4399,136,18766899,0,1,-18766898,17040384,3057,765,633,899,1,3,1,2,2,4,6,6,3,4
53,83,4399,136,18766899,1,1,-18766898,17040384,3057,765,633,899,1,3,1,2,2,4,6,6,3,4
53,83,4399,136,18766899,2,3,-56300696,17040384,3057,765,633,899,1,3,1,2,2,4,6,6,3,3
53,83,4399,136,18766899,3,7,-131368292,17040384,3057,765,633,899,1,3,1,2,2,4,6,6,3,1
53,83,4399,136,18766899,5,21,-394104878,17040384,3057,765,633,899,1,3,1,2,2,4,6,6,3,1
53,83,4399,136,18766899,7,43,-806976656,17040384,3057,765,633,899,1,3,1,2,2,4,6,6,3,4
53,83,4399,136,18766899,11,111,-2083125788,17040384,3057,765,633,899,1,3,1,2,2,4,6,6,3,5
53,89,4717,142,21595581,-2,7,-151169066,19660356,4617,1155,1017,1295,1,9,7,2,2,4,5,6,0,1
53,89,4717,142,21595581,-1,3,-64786742,19660356,4617,1155,1017,1295,1,9,7,2,2,4,5,6,0,1
53,89,4717,142,21595581,0,1,-21595580,19660356,4617,1155,1017,1295,1,9,7,2,2,4,5,6,0,1
53,89,4717,142,21595581,1,1,-21595580,19660356,4617,1155,1017,1295,1,9,7,2,2,4,5,6,0,1
53,89,4717,142,21595581,2,3,-64786742,19660356,4617,1155,1017,1295,1,9,7,2,2,4,5,6,0,1
53,89,4717,142,21595581,3,7,-151169066,19660356,4617,1155,1017,1295,1,9,7,2,2,4,5,6,0,1
53,89,4717,142,21595581,5,21,-453507200,19660356,4617,1155,1017,1295,1,9,7,2,2,4,5,6,0,1
53,89,4717,142,21595581,7,43,-928609982,19660356,4617,1155,1017,1295,1,9,7,2,2,4,5,6,0,1
53,89,4717,142,21595581,11,111,-2397109490,19660356,4617,1155,1017,1295,1,9,7,2,2,4,5,6,0,1
53,97,5141,150,25675941,-2,7,-179731586,23444964,2004,1787,1641,1935,1,1,3,2,1,4,6,6,3,1
53,97,5141,150,25675941,-1,3,-77027822,23444964,2004,1787,1641,1935,1,1,3,2,1,4,6,6,3,3
53,97,5141,150,25675941,0,1,-25675940,23444964,2004,1787,1641,1935,1,1,3,2,1,4,6,6,3,4
53,97,5141,150,25675941,1,1,-25675940,23444964,2004,1787,1641,1935,1,1,3,2,1,4,6,6,3,4
53,97,5141,150,25675941,2,3,-77027822,23444964,2004,1787,1641,1935,1,1,3,2,1,4,6,6,3,3
53,97,5141,150,25675941,3,7,-179731586,23444964,2004,1787,1641,1935,1,1,3,2,1,4,6,6,3,1
53,97,5141,150,25675941,5,21,-539194760,23444964,2004,1787,1641,1935,1,1,3,2,1,4,6,6,3,1
53,97,5141,150,25675941,7,43,-1104065462,23444964,2004,1787,1641,1935,1,1,3,2,1,4,6,6,3,4
53,97,5141,150,25675941,11,111,-2850029450,23444964,2004,1787,1641,1935,1,1,3,2,1,4,6,6,3,5
53,101,5353,154,27848457,-2,7,-194939198,25462116,3248,2151,2001,2303,1,3,1,2,2,4,3,6,0,1
53,101,5353,154,27848457,-1,3,-83545370,25462116,3248,2151,2001,2303,1,3,1,2,2,4,3,6,0,1
53,101,5353,154,27848457,0,1,-27848456,25462116,3248,2151,2001,2303,1,3,1,2,2,4,3,6,0,1
53,101,5353,154,27848457,1,1,-27848456,25462116,3248,2151,2001,2303,1,3,1,2,2,4,3,6,0,1
53,101,5353,154,27848457,2,3,-83545370,25462116,3248,2151,2001,2303,1,3,1,2,2,4,3,6,0,1
53,101,5353,154,27848457,3,7,-194939198,25462116,3248,2151,2001,2303,1,3,1,2,2,4,3,6,0,1
53,101,5353,154,27848457,5,21,-584817596,25462116,3248,2151,2001,2303,1,3,1,2,2,4,3,6,0,1
53,101,5353,154,27848457,7,43,-1197483650,25462116,3248,2151,2001,2303,1,3,1,2,2,4,3,6,0,1
53,101,5353,154,27848457,11,111,-3091178726,25462116,3248,2151,2001,2303,1,3,1,2,2,4,3,6,0,1
53,103,5459,156,28967799,-2,7,-202774592,26501904,3918,2345,2193,2499,1,1,21,2,1,4,5,6,0,1
53,103,5459,156,28967799,-1,3,-86903396,26501904,3918,2345,2193,2499,1,1,21,2,1,4,5,6,0,1
53,103,5459,156,28967799,0,1,-28967798,26501904,3918,2345,2193,2499,1,1,21,2,1,4,5,6,0,1
53,103,5459,156,28967799,1,1,-28967798,26501904,3918,2345,2193,2499,1,1,21,2,1,4,5,6,0,1
53,103,5459,156,28967799,2,3,-86903396,26501904,3918,2345,2193,2499,1,1,21,2,1,4,5,6,0,1
53,103,5459,156,28967799,3,7,-202774592,26501904,3918,2345,2193,2499,1,1,21,2,1,4,5,6,0,1
53,103,5459,156,28967799,5,21,-608323778,26501904,3918,2345,2193,2499,1,1,21,2,1,4,5,6,0,1
53,103,5459,156,28967799,7,43,-1245615356,26501904,3918,2345,2193,2499,1,1,21,2,1,4,5,6,0,1
53,103,5459,156,28967799,11,111,-3215425688,26501904,3918,2345,2193,2499,1,1,21,2,1,4,5,6,0,1
53,107,5671,160,31272651,-2,7,-218908556,28643904,5354,2757,2601,2915,1,9,1,2,2,4,2,6,3,1
53,107,5671,160,31272651,-1,3,-93817952,28643904,5354,2757,2601,2915,1,9,1,2,2,4,2,6,3,3
53,107,5671,160,31272651,0,1,-31272650,28643904,5354,2757,2601,2915,1,9,1,2,2,4,2,6,3,4
53,107,5671,160,31272651,1,1,-31272650,28643904,5354,2757,2601,2915,1,9,1,2,2,4,2,6,3,4
53,107,5671,160,31272651,2,3,-93817952,28643904,5354,2757,2601,2915,1,9,1,2,2,4,2,6,3,3
53,107,5671,160,31272651,3,7,-218908556,28643904,5354,2757,2601,2915,1,9,1,2,2,4,2,6,3,1
53,107,5671,160,31272651,5,21,-656725670,28643904,5354,2757,2601,2915,1,9,1,2,2,4,2,6,3,1
53,107,5671,160,31272651,7,43,-1344723992,28643904,5354,2757,2601,2915,1,9,1,2,2,4,2,6,3,4
53,107,5671,160,31272651,11,111,-3471264260,28643904,5354,2757,2601,2915,1,9,1,2,2,4,2,6,3,5
53,109,5777,162,32458161,-2,7,-227207126,29746116,343,2975,2817,3135,1,1,3,2,1,4,4,6,6,1
53,109,5777,162,32458161,-1,3,-97374482,29746116,343,2975,2817,3135,1,1,3,2,1,4,4,6,6,5
53,109,5777,162,32458161,0,1,-32458160,29746116,343,2975,2817,3135,1,1,3,2,1,4,4,6,6,0
53,109,5777,162,32458161,1,1,-32458160,29746116,343,2975,2817,3135,1,1,3,2,1,4,4,6,6,0
53,109,5777,162,32458161,2,3,-97374482,29746116,343,2975,2817,3135,1,1,3,2,1,4,4,6,6,5
53,109,5777,162,32458161,3,7,-227207126,29746116,343,2975,2817,3135,1,1,3,2,1,4,4,6,6,1
53,109,5777,162,32458161,5,21,-681621380,29746116,343,2975,2817,3135,1,1,3,2,1,4,4,6,6,1
53,109,5777,162,32458161,7,43,-1395700922,29746116,343,2975,2817,3135,1,1,3,2,1,4,4,6,6,0
53,109,5777,162,32458161,11,111,-3602855870,29746116,343,2975,2817,3135,1,1,3,2,1,4,4,6,6,2
53,113,5989,166,34895349,-2,7,-244267442,32012964,1759,3435,3273,3599,1,3,1,2,2,4,1,6,1,1
53,113,5989,166,34895349,-1,3,-104686046,32012964,1759,3435,3273,3599,1,3,1,2,2,4,1,6,1,4
53,113,5989,166,34895349,0,1,-34895348,32012964,1759,3435,3273,3599,1,3,1,2,2,4,1,6,1,2
53,113,5989,166,34895349,1,1,-34895348,32012964,1759,3435,3273,3599,1,3,1,2,2,4,1,6,1,2
53,113,5989,166,34895349,2,3,-104686046,32012964,1759,3435,3273,3599,1,3,1,2,2,4,1,6,1,4
53,113,5989,166,34895349,3,7,-244267442,32012964,1759,3435,3273,3599,1,3,1,2,2,4,1,6,1,1
53,113,5989,166,34895349,5,21,-732802328,32012964,1759,3435,3273,3599,1,3,1,2,2,4,1,6,1,1
53,113,5989,166,34895349,7,43,-1500500006,32012964,1759,3435,3273,3599,1,3,1,2,2,4,1,6,1,2
53,113,5989,166,34895349,11,111,-3873383738,32012964,1759,3435,3273,3599,1,3,1,2,2,4,1,6,1,0
53,127,6731,180,44120271,-2,7,-308841896,40602384,992,5297,5121,5475,1,1,3,2,1,4,1,6,1,1
53,127,6731,180,44120271,-1,3,-132360812,40602384,992,5297,5121,5475,1,1,3,2,1,4,1,6,1,4
53,127,6731,180,44120271,0,1,-44120270,40602384,992,5297,5121,5475,1,1,3,2,1,4,1,6,1,2
53,127,6731,180,44120271,1,1,-44120270,40602384,992,5297,5121,5475,1,1,3,2,1,4,1,6,1,2
53,127,6731,180,44120271,2,3,-132360812,40602384,992,5297,5121,5475,1,1,3,2,1,4,1,6,1,4
53,127,6731,180,44120271,3,7,-308841896,40602384,992,5297,5121,5475,1,1,3,2,1,4,1,6,1,1
53,127,6731,180,44120271,5,21,-926525690,40602384,992,5297,5121,5475,1,1,3,2,1,4,1,6,1,1
53,127,6731,180,44120271,7,43,-1897171652,40602384,992,5297,5121,5475,1,1,3,2,1,4,1,6,1,2
53,127,6731,180,44120271,11,111,-4897350080,40602384,992,5297,5121,5475,1,1,3,2,1,4,1,6,1,0
53,131,6943,184,46954467,-2,7,-328681268,43243776,2772,5901,5721,6083,1,3,7,2,2,4,5,6,0,1
53,131,6943,184,46954467,-1,3,-140863400,43243776,2772,5901,5721,6083,1,3,7,2,2,4,5,6,0,1
53,131,6943,184,46954467,0,1,-46954466,43243776,2772,5901,5721,6083,1,3,7,2,2,4,5,6,0,1
53,131,6943,184,46954467,1,1,-46954466,43243776,2772,5901,5721,6083,1,3,7,2,2,4,5,6,0,1
53,131,6943,184,46954467,2,3,-140863400,43243776,2772,5901,5721,6083,1,3,7,2,2,4,5,6,0,1
53,131,6943,184,46954467,3,7,-328681268,43243776,2772,5901,5721,6083,1,3,7,2,2,4,5,6,0,1
53,131,6943,184,46954467,5,21,-986043806,43243776,2772,5901,5721,6083,1,3,7,2,2,4,5,6,0,1
53,131,6943,184,46954467,7,43,-2019042080,43243776,2772,5901,5721,6083,1,3,7,2,2,4,5,6,0,1
53,131,6943,184,46954467,11,111,-5211945836,43243776,2772,5901,5721,6083,1,3,7,2,2,4,5,6,0,1
53,137,7261,190,51371181,-2,7,-359598266,47361924,5682,6867,6681,7055,1,3,1,2,2,4,4,6,6,1
53,137,7261,190,51371181,-1,3,-154113542,47361924,5682,6867,6681,7055,1,3,1,2,2,4,4,6,6,5
53,137,7261,190,51371181,0,1,-51371180,47361924,5682,6867,6681,7055,1,3,1,2,2,4,4,6,6,0
53,137,7261,190,51371181,1,1,-51371180,47361924,5682,6867,6681,7055,1,3,1,2,2,4,4,6,6,0
53,137,7261,190,51371181,2,3,-154113542,47361924,5682,6867,6681,7055,1,3,1,2,2,4,4,6,6,5
53,137,7261,190,51371181,3,7,-359598266,47361924,5682,6867,6681,7055,1,3,1,2,2,4,4,6,6,1
53,137,7261,190,51371181,5,21,-1078794800,47361924,5682,6867,6681,7055,1,3,1,2,2,4,4,6,6,1
53,137,7261,190,51371181,7,43,-2208960782,47361924,5682,6867,6681,7055,1,3,1,2,2,4,4,6,6,0
53,137,7261,190,51371181,11,111,-5702201090,47361924,5682,6867,6681,7055,1,3,1,2,2,4,4,6,6,2
53,139,7367,192,52887531,-2,7,-370212716,48776256,6716,7205,7017,27,1,1,3,2,1,4,6,6,3,1
53,139,7367,192,52887531,-1,3,-158662592,48776256,6716,7205,7017,27,1,1,3,2,1,4,6,6,3,3
53,139,7367,192,52887531,0,1,-52887530,48776256,6716,7205,7017,27,1,1,3,2,1,4,6,6,3,4
53,139,7367,192,52887531,1,1,-52887530,48776256,6716,7205,7017,27,1,1,3,2,1,4,6,6,3,4
53,139,7367,192,52887531,2,3,-158662592,48776256,6716,7205,7017,27,1,1,3,2,1,4,6,6,3,3
53,139,7367,192,52887531,3,7,-370212716,48776256,6716,7205,7017,27,1,1,3,2,1,4,6,6,3,1
53,139,7367,192,52887531,5,21,-1110638150,48776256,6716,7205,7017,27,1,1,3,2,1,4,6,6,3,1
53,139,7367,192,52887531,7,43,-2274163832,48776256,6716,7205,7017,27,1,1,3,2,1,4,6,6,3,4
53,139,7367,192,52887531,11,111,-5870515940,48776256,6716,7205,7017,27,1,1,3,2,1,4,6,6,3,5
53,149,7897,202,60800121,-2,7,-425600846,56160036,4469,1118,921,1317,1,3,1,2,2,4,2,6,3,1
53,149,7897,202,60800121,-1,3,-182400362,56160036,4469,1118,921,1317,1,3,1,2,2,4,2,6,3,3
53,149,7897,202,60800121,0,1,-60800120,56160036,4469,1118,921,1317,1,3,1,2,2,4,2,6,3,4
53,149,7897,202,60800121,1,1,-60800120,56160036,4469,1118,921,1317,1,3,1,2,2,4,2,6,3,4
53,149,7897,202,60800121,2,3,-182400362,56160036,4469,1118,921,1317,1,3,1,2,2,4,2,6,3,3
53,149,7897,202,60800121,3,7,-425600846,56160036,4469,1118,921,1317,1,3,1,2,2,4,2,6,3,1
53,149,7897,202,60800121,5,21,-1276802540,56160036,4469,1118,921,1317,1,3,1,2,2,4,2,6,3,1
53,149,7897,202,60800121,7,43,-2614405202,56160036,4469,1118,921,1317,1,3,1,2,2,4,2,6,3,4
53,149,7897,202,60800121,11,111,-6748813430,56160036,4469,1118,921,1317,1,3,1,2,2,4,2,6,3,5
53,151,8003,204,62448807,-2,7,-437141648,57699216,5589,1398,1199,1599,1,1,3,2,1,4,4,6,6,1
53,151,8003,204,62448807,-1,3,-187346420,57699216,5589,1398,1199,1599,1,1,3,2,1,4,4,6,6,5
53,151,8003,204,62448807,0,1,-62448806,57699216,5589,1398,1199,1599,1,1,3,2,1,4,4,6,6,0
53,151,8003,204,62448807,1,1,-62448806,57699216,5589,1398,1199,1599,1,1,3,2,1,4,4,6,6,0
53,151,8003,204,62448807,2,3,-187346420,57699216,5589,1398,1199,1599,1,1,3,2,1,4,4,6,6,5
53,151,8003,204,62448807,3,7,-437141648,57699216,5589,1398,1199,1599,1,1,3,2,1,4,4,6,6,1
53,151,8003,204,62448807,5,21,-1311424946,57699216,5589,1398,1199,1599,1,1,3,2,1,4,4,6,6,1
53,151,8003,204,62448807,7,43,-2685298700,57699216,5589,1398,1199,1599,1,1,3,2,1,4,4,6,6,0
53,151,8003,204,62448807,11,111,-6931817576,57699216,5589,1398,1199,1599,1,1,3,2,1,4,4,6,6,2
53,157,8321,210,67527201,-2,7,-472690406,62441604,820,2286,2081,2493,1,1,3,2,1,4,3,6,0,1
53,157,8321,210,67527201,-1,3,-202581602,62441604,820,2286,2081,2493,1,1,3,2,1,4,3,6,0,1
53,157,8321,210,67527201,0,1,-67527200,62441604,820,2286,2081,2493,1,1,3,2,1,4,3,6,0,1
53,157,8321,210,67527201,1,1,-67527200,62441604,820,2286,2081,2493,1,1,3,2,1,4,3,6,0,1
53,157,8321,210,67527201,2,3,-202581602,62441604,820,2286,2081,2493,1,1,3,2,1,4,3,6,0,1
53,157,8321,210,67527201,3,7,-472690406,62441604,820,2286,2081,2493,1,1,3,2,1,4,3,6,0,1
53,157,8321,210,67527201,5,21,-1418071220,62441604,820,2286,2081,2493,1,1,3,2,1,4,3,6,0,1
53,157,8321,210,67527201,7,43,-2903669642,62441604,820,2286,2081,2493,1,1,3,2,1,4,3,6,0,1
53,157,8321,210,67527201,11,111,-7495519310,62441604,820,2286,2081,2493,1,1,3,2,1,4,3,6,0,1
53,163,8639,216,72804099,-2,7,-509628692,67371264,4342,3246,3035,3459,1,1,3,2,1,4,2,6,3,1
53,163,8639,216,72804099,-1,3,-218412296,67371264,4342,3246,3035,3459,1,1,3,2,1,4,2,6,3,3
53,163,8639,216,72804099,0,1,-72804098,67371264,4342,3246,3035,3459,1,1,3,2,1,4,2,6,3,4
53,163,8639,216,72804099,1,1,-72804098,67371264,4342,3246,3035,3459,1,1,3,2,1,4,2,6,3,4
53,163,8639,216,72804099,2,3,-218412296,67371264,4342,3246,3035,3459,1,1,3,2,1,4,2,6,3,3
53,163,8639,216,72804099,3,7,-509628692,67371264,4342,3246,3035,3459,1,1,3,2,1,4,2,6,3,1
53,163,8639,216,72804099,5,21,-1528886078,67371264,4342,3246,3035,3459,1,1,3,2,1,4,2,6,3,1
53,163,8639,216,72804099,7,43,-3130576256,67371264,4342,3246,3035,3459,1,1,3,2,1,4,2,6,3,4
53,163,8639,216,72804099,11,111,-8081254988,67371264,4342,3246,3035,3459,1,1,3,2,1,4,2,6,3,5
53,167,8851,220,76432311,-2,7,-535026176,70761744,6850,3926,3711,4143,1,3,1,2,2,4,6,6,3,1
53,167,8851,220,76432311,-1,3,-229296932,70761744,6850,3926,3711,4143,1,3,1,2,2,4,6,6,3,3
53,167,8851,220,76432311,0,1,-76432310,70761744,6850,3926,3711,4143,1,3,1,2,2,4,6,6,3,4
53,167,8851,220,76432311,1,1,-76432310,70761744,6850,3926,3711,4143,1,3,1,2,2,4,6,6,3,4
53,167,8851,220,76432311,2,3,-229296932,70761744,6850,3926,3711,4143,1,3,1,2,2,4,6,6,3,3
53,167,8851,220,76432311,3,7,-535026176,70761744,6850,3926,3711,4143,1,3,1,2,2,4,6,6,3,1
53,167,8851,220,76432311,5,21,-1605078530,70761744,6850,3926,3711,4143,1,3,1,2,2,4,6,6,3,1
53,167,8851,220,76432311,7,43,-3286589372,70761744,6850,3926,3711,4143,1,3,1,2,2,4,6,6,3,4
53,167,8851,220,76432311,11,111,-8483986520,70761744,6850,3926,3711,4143,1,3,1,2,2,4,6,6,3,5
53,173,9169,226,82040049,-2,7,-574280342,76003524,1683,5006,4785,5229,1,3,7,2,2,4,5,6,0,1
53,173,9169,226,82040049,-1,3,-246120146,76003524,1683,5006,4785,5229,1,3,7,2,2,4,5,6,0,1
53,173,9169,226,82040049,0,1,-82040048,76003524,1683,5006,4785,5229,1,3,7,2,2,4,5,6,0,1
53,173,9169,226,82040049,1,1,-82040048,76003524,1683,5006,4785,5229,1,3,7,2,2,4,5,6,0,1
53,173,9169,226,82040049,2,3,-246120146,76003524,1683,5006,4785,5229,1,3,7,2,2,4,5,6,0,1
53,173,9169,226,82040049,3,7,-574280342,76003524,1683,5006,4785,5229,1,3,7,2,2,4,5,6,0,1
53,173,9169,226,82040049,5,21,-1722841028,76003524,1683,5006,4785,5229,1,3,7,2,2,4,5,6,0,1
53,173,9169,226,82040049,7,43,-3527722106,76003524,1683,5006,4785,5229,1,3,7,2,2,4,5,6,0,1
53,173,9169,226,82040049,11,111,-9106445438,76003524,1683,5006,4785,5229,1,3,7,2,2,4,5,6,0,1
53,179,9487,232,87846291,-2,7,-614924036,81432576,5655,6158,5931,6387,1,9,1,2,2,4,4,6,6,1
53,179,9487,232,87846291,-1,3,-263538872,81432576,5655,6158,5931,6387,1,9,1,2,2,4,4,6,6,5
53,179,9487,232,87846291,0,1,-87846290,81432576,5655,6158,5931,6387,1,9,1,2,2,4,4,6,6,0
53,179,9487,232,87846291,1,1,-87846290,81432576,5655,6158,5931,6387,1,9,1,2,2,4,4,6,6,0
53,179,9487,232,87846291,2,3,-263538872,81432576,5655,6158,5931,6387,1,9,1,2,2,4,4,6,6,5
53,179,9487,232,87846291,3,7,-614924036,81432576,5655,6158,5931,6387,1,9,1,2,2,4,4,6,6,1
53,179,9487,232,87846291,5,21,-1844772110,81432576,5655,6158,5931,6387,1,9,1,2,2,4,4,6,6,1
53,179,9487,232,87846291,7,43,-3777390512,81432576,5655,6158,5931,6387,1,9,1,2,2,4,4,6,6,0
53,179,9487,232,87846291,11,111,-9750938300,81432576,5655,6158,5931,6387,1,9,1,2,2,4,4,6,6,2
53,181,9593,234,89825817,-2,7,-628780718,83283876,7043,6558,6329,6789,1,1,3,2,1,4,6,6,3,1
53,181,9593,234,89825817,-1,3,-269477450,83283876,7043,6558,6329,6789,1,1,3,2,1,4,6,6,3,3
53,181,9593,234,89825817,0,1,-89825816,83283876,7043,6558,6329,6789,1,1,3,2,1,4,6,6,3,4
53,181,9593,234,89825817,1,1,-89825816,83283876,7043,6558,6329,6789,1,1,3,2,1,4,6,6,3,4
53,181,9593,234,89825817,2,3,-269477450,83283876,7043,6558,6329,6789,1,1,3,2,1,4,6,6,3,3
53,181,9593,234,89825817,3,7,-628780718,83283876,7043,6558,6329,6789,1,1,3,2,1,4,6,6,3,1
53,181,9593,234,89825817,5,21,-1886342156,83283876,7043,6558,6329,6789,1,1,3,2,1,4,6,6,3,1
53,181,9593,234,89825817,7,43,-3862510130,83283876,7043,6558,6329,6789,1,1,3,2,1,4,6,6,3,4
53,181,9593,234,89825817,11,111,-9970665686,83283876,7043,6558,6329,6789,1,1,3,2,1,4,6,6,3,5
53,191,10123,244,100054287,-2,7,-700380008,92852496,4340,8678,8439,8919,1,3,1,2,2,4,2,6,3,1
53,191,10123,244,100054287,-1,3,-300162860,92852496,4340,8678,8439,8919,1,3,1,2,2,4,2,6,3,3
53,191,10123,244,100054287,0,1,-100054286,92852496,4340,8678,8439,8919,1,3,1,2,2,4,2,6,3,4
53,191,10123,244,100054287,1,1,-100054286,92852496,4340,8678,8439,8919,1,3,1,2,2,4,2,6,3,4
53,191,10123,244,100054287,2,3,-300162860,92852496,4340,8678,8439,8919,1,3,1,2,2,4,2,6,3,3
53,191,10123,244,100054287,3,7,-700380008,92852496,4340,8678,8439,8919,1,3,1,2,2,4,2,6,3,1
53,191,10123,244,100054287,5,21,-2101140026,92852496,4340,8678,8439,8919,1,3,1,2,2,4,2,6,3,1
53,191,10123,244,100054287,7,43,-4302334340,92852496,4340,8678,8439,8919,1,3,1,2,2,4,2,6,3,4
53,191,10123,244,100054287,11,111,-11106025856,92852496,4340,8678,8439,8919,1,3,1,2,2,4,2,6,3,5
53,193,10229,246,102166149,-2,7,-715163042,94828644,5814,9126,8885,9369,1,1,3,2,1,4,4,6,6,1
53,193,10229,246,102166149,-1,3,-306498446,94828644,5814,9126,8885,9369,1,1,3,2,1,4,4,6,6,5
53,193,10229,246,102166149,0,1,-102166148,94828644,5814,9126,8885,9369,1,1,3,2,1,4,4,6,6,0
53,193,10229,246,102166149,1,1,-102166148,94828644,5814,9126,8885,9369,1,1,3,2,1,4,4,6,6,0
53,193,10229,246,102166149,2,3,-306498446,94828644,5814,9126,8885,9369,1,1,3,2,1,4,4,6,6,5
53,193,10229,246,102166149,3,7,-715163042,94828644,5814,9126,8885,9369,1,1,3,2,1,4,4,6,6,1
53,193,10229,246,102166149,5,21,-2145489128,94828644,5814,9126,8885,9369,1,1,3,2,1,4,4,6,6,1
53,193,10229,246,102166149,7,43,-4393144406,94828644,5814,9126,8885,9369,1,1,3,2,1,4,4,6,6,0
53,193,10229,246,102166149,11,111,-11340442538,94828644,5814,9126,8885,9369,1,1,3,2,1,4,4,6,6,2
53,197,10441,250,106456041,-2,7,-745192286,98843364,8858,10046,9801,10293,1,9,1,2,2,4,1,6,1,1
53,197,10441,250,106456041,-1,3,-319368122,98843364,8858,10046,9801,10293,1,9,1,2,2,4,1,6,1,4
53,197,10441,250,106456041,0,1,-106456040,98843364,8858,10046,9801,10293,1,9,1,2,2,4,1,6,1,2
53,197,10441,250,106456041,1,1,-106456040,98843364,8858,10046,9801,10293,1,9,1,2,2,4,1,6,1,2
53,197,10441,250,106456041,2,3,-319368122,98843364,8858,10046,9801,10293,1,9,1,2,2,4,1,6,1,4
53,197,10441,250,106456041,3,7,-745192286,98843364,8858,10046,9801,10293,1,9,1,2,2,4,1,6,1,1
53,197,10441,250,106456041,5,21,-2235576860,98843364,8858,10046,9801,10293,1,9,1,2,2,4,1,6,1,1
53,197,10441,250,106456041,7,43,-4577609762,98843364,8858,10046,9801,10293,1,9,1,2,2,4,1,6,1,2
53,197,10441,250,106456041,11,111,-11816620550,98843364,8858,10046,9801,10293,1,9,1,2,2,4,1,6,1,0
53,199,10547,252,108634071,-2,7,-760438496,100881936,10428,10518,10271,219,1,1,3,2,1,4,3,6,0,1
53,199,10547,252,108634071,-1,3,-325902212,100881936,10428,10518,10271,219,1,1,3,2,1,4,3,6,0,1
53,199,10547,252,108634071,0,1,-108634070,100881936,10428,10518,10271,219,1,1,3,2,1,4,3,6,0,1
53,199,10547,252,108634071,1,1,-108634070,100881936,10428,10518,10271,219,1,1,3,2,1,4,3,6,0,1
53,199,10547,252,108634071,2,3,-325902212,100881936,10428,10518,10271,219,1,1,3,2,1,4,3,6,0,1
53,199,10547,252,108634071,3,7,-760438496,100881936,10428,10518,10271,219,1,1,3,2,1,4,3,6,0,1
53,199,10547,252,108634071,5,21,-2281315490,100881936,10428,10518,10271,219,1,1,3,2,1,4,3,6,0,1
53,199,10547,252,108634071,7,43,-4671265052,100881936,10428,10518,10271,219,1,1,3,2,1,4,3,6,0,1
53,199,10547,252,108634071,11,111,-12058381880,100881936,10428,10518,10271,219,1,1,3,2,1,4,3,6,0,1
59,61,3599,120,12531603,-2,7,-87721220,11289600,3136,3484,3367,3,1,7,3,2,1,3,5,0,0,1
59,61,3599,120,12531603,-1,3,-37594808,11289600,3136,3484,3367,3,1,7,3,2,1,3,5,0,0,1
59,61,3599,120,12531603,0,1,-12531602,11289600,3136,3484,3367,3,1,7,3,2,1,3,5,0,0,1
59,61,3599,120,12531603,1,1,-12531602,11289600,3136,3484,3367,3,1,7,3,2,1,3,5,0,0,1
59,61,3599,120,12531603,2,3,-37594808,11289600,3136,3484,3367,3,1,7,3,2,1,3,5,0,0,1
59,61,3599,120,12531603,3,7,-87721220,11289600,3136,3484,3367,3,1,7,3,2,1,3,5,0,0,1
59,61,3599,120,12531603,5,21,-263163662,11289600,3136,3484,3367,3,1,7,3,2,1,3,5,0,0,1
59,61,3599,120,12531603,7,43,-538858928,11289600,3136,3484,3367,3,1,7,3,2,1,3,5,0,0,1
59,61,3599,120,12531603,11,111,-1391007932,11289600,3136,3484,3367,3,1,7,3,2,1,3,5,0,0,1
59,67,3953,126,15139929,-2,7,-105979502,13704804,3706,3892,3769,63,1,1,3,2,1,3,4,0,6,1
59,67,3953,126,15139929,-1,3,-45419786,13704804,3706,3892,3769,63,1,1,3,2,1,3,4,0,6,1
59,67,3953,126,15139929,0,1,-15139928,13704804,3706,3892,3769,63,1,1,3,2,1,3,4,0,6,1
59,67,3953,126,15139929,1,1,-15139928,13704804,3706,3892,3769,63,1,1,3,2,1,3,4,0,6,1
59,67,3953,126,15139929,2,3,-45419786,13704804,3706,3892,3769,63,1,1,3,2,1,3,4,0,6,1
59,67,3953,126,15139929,3,7,-105979502,13704804,3706,3892,3769,63,1,1,3,2,1,3,4,0,6,1
59,67,3953,126,15139929,5,21,-317938508,13704804,3706,3892,3769,63,1,1,3,2,1,3,4,0,6,1
59,67,3953,126,15139929,7,43,-651016946,13704804,3706,3892,3769,63,1,1,3,2,1,3,4,0,6,1
59,67,3953,126,15139929,11,111,-1680532118,13704804,3706,3892,3769,63,1,1,3,2,1,3,4,0,6,1
59,71,4189,130,17015733,-2,7,-119110130,15444900,57,15,4077,143,1,3,1,2,2,3,1,0,1,1
59,71,4189,130,17015733,-1,3,-51047198,15444900,57,15,4077,143,1,3,1,2,2,3,1,0,1,1
59,71,4189,130,17015733,0,1,-17015732,15444900,57,15,4077,143,1,3,1,2,2,3,1,0,1,1
59,71,4189,130,17015733,1,1,-17015732,15444900,57,15,4077,143,1,3,1,2,2,3,1,0,1,1
59,71,4189,130,17015733,2,3,-51047198,15444900,57,15,4077,143,1,3,1,2,2,3,1,0,1,1
59,71,4189,130,17015733,3,7,-119110130,15444900,57,15,4077,143,1,3,1,2,2,3,1,0,1,1
59,71,4189,130,17015733,5,21,-357330392,15444900,57,15,4077,143,1,3,1,2,2,3,1,0,1,1
59,71,4189,130,17015733,7,43,-731676518,15444900,57,15,4077,143,1,3,1,2,2,3,1,0,1,1
59,71,4189,130,17015733,11,111,-1888746362,15444900,57,15,4077,143,1,3,1,2,2,3,1,0,1,1
59,73,4307,132,17994711,-2,7,-125962976,16353936,257,65,4243,195,1,1,3,2,1,3,3,0,0,1
59,73,4307,132,17994711,-1,3,-53984132,16353936,257,65,4243,195,1,1,3,2,1,3,3,0,0,1
59,73,4307,132,17994711,0,1,-17994710,16353936,257,65,4243,195,1,1,3,2,1,3,3,0,0,1
59,73,4307,132,17994711,1,1,-17994710,16353936,257,65,4243,195,1,1,3,2,1,3,3,0,0,1
59,73,4307,132,17994711,2,3,-53984132,16353936,257,65,4243,195,1,1,3,2,1,3,3,0,0,1
59,73,4307,132,17994711,3,7,-125962976,16353936,257,65,4243,195,1,1,3,2,1,3,3,0,0,1
59,73,4307,132,17994711,5,21,-377888930,16353936,257,65,4243,195,1,1,3,2,1,3,3,0,0,1
59,73,4307,132,17994711,7,43,-773772572,16353936,257,65,4243,195,1,1,3,2,1,3,3,0,0,1
59,73,4307,132,17994711,11,111,-1997412920,16353936,257,65,4243,195,1,1,3,2,1,3,3,0,0,1
59,79,4661,138,21095949,-2,7,-147671642,19236996,1049,263,129,399,1,1,21,2,1,3,2,0,3,1
59,79,4661,138,21095949,-1,3,-63287846,19236996,1049,263,129,399,1,1,21,2,1,3,2,0,3,1
59,79,4661,138,21095949,0,1,-21095948,19236996,1049,263,129,399,1,1,21,2,1,3,2,0,3,1
59,79,4661,138,21095949,1,1,-21095948,19236996,1049,263,129,399,1,1,21,2,1,3,2,0,3,1
59,79,4661,138,21095949,2,3,-63287846,19236996,1049,263,129,399,1,1,21,2,1,3,2,0,3,1
59,79,4661,138,21095949,3,7,-147671642,19236996,1049,263,129,399,1,1,21,2,1,3,2,0,3,1
59,79,4661,138,21095949,5,21,-443014928,19236996,1049,263,129,399,1,1,21,2,1,3,2,0,3,1
59,79,4661,138,21095949,7,43,-907125806,19236996,1049,263,129,399,1,1,21,2,1,3,2,0,3,1
59,79,4661,138,21095949,11,111,-2341650338,19236996,1049,263,129,399,1,1,21,2,1,3,2,0,3,1
59,83,4897,142,23300361,-2,7,-163102526,21288996,1737,435,297,575,1,9,1,2,2,3,6,0,3,1
59,83,4897,142,23300361,-1,3,-69901082,21288996,1737,435,297,575,1,9,1,2,2,3,6,0,3,1
59,83,4897,142,23300361,0,1,-23300360,21288996,1737,435,297,575,1,9,1,2,2,3,6,0,3,1
59,83,4897,142,23300361,1,1,-23300360,21288996,1737,435,297,575,1,9,1,2,2,3,6,0,3,1
59,83,4897,142,23300361,2,3,-69901082,21288996,1737,435,297,575,1,9,1,2,2,3,6,0,3,1
59,83,4897,142,23300361,3,7,-163102526,21288996,1737,435,297,575,1,9,1,2,2,3,6,0,3,1
59,83,4897,142,23300361,5,21,-489307580,21288996,1737,435,297,575,1,9,1,2,2,3,6,0,3,1
59,83,4897,142,23300361,7,43,-1001915522,21288996,1737,435,297,575,1,9,1,2,2,3,6,0,3,1
59,83,4897,142,23300361,11,111,-2586340070,21288996,1737,435,297,575,1,9,1,2,2,3,6,0,3,1
59,89,5251,148,26812359,-2,7,-187686512,24561936,3009,753,609,899,1,21,1,2,2,3,5,0,0,1
59,89,5251,148,26812359,-1,3,-80437076,24561936,3009,753,609,899,1,21,1,2,2,3,5,0,0,1
59,89,5251,148,26812359,0,1,-26812358,24561936,3009,753,609,899,1,21,1,2,2,3,5,0,0,1
59,89,5251,148,26812359,1,1,-26812358,24561936,3009,753,609,899,1,21,1,2,2,3,5,0,0,1
59,89,5251,148,26812359,2,3,-80437076,24561936,3009,753,609,899,1,21,1,2,2,3,5,0,0,1
59,89,5251,148,26812359,3,7,-187686512,24561936,3009,753,609,899,1,21,1,2,2,3,5,0,0,1
59,89,5251,148,26812359,5,21,-563059538,24561936,3009,753,609,899,1,21,1,2,2,3,5,0,0,1
59,89,5251,148,26812359,7,43,-1152931436,24561936,3009,753,609,899,1,21,1,2,2,3,5,0,0,1
59,89,5251,148,26812359,11,111,-2976171848,24561936,3009,753,609,899,1,21,1,2,2,3,5,0,0,1
59,97,5723,156,31878399,-2,7,-223148792,29289744,5153,1289,1137,1443,1,1,3,2,1,3,6,0,3,1
59,97,5723,156,31878399,-1,3,-95635196,29289744,5153,1289,1137,1443,1,1,3,2,1,3,6,0,3,1
59,97,5723,156,31878399,0,1,-31878398,29289744,5153,1289,1137,1443,1,1,3,2,1,3,6,0,3,1
59,97,5723,156,31878399,1,1,-31878398,29289744,5153,1289,1137,1443,1,1,3,2,1,3,6,0,3,1
59,97,5723,156,31878399,2,3,-95635196,29289744,5153,1289,1137,1443,1,1,3,2,1,3,6,0,3,1
59,97,5723,156,31878399,3,7,-223148792,29289744,5153,1289,1137,1443,1,1,3,2,1,3,6,0,3,1
59,97,5723,156,31878399,5,21,-669446378,29289744,5153,1289,1137,1443,1,1,3,2,1,3,6,0,3,1
59,97,5723,156,31878399,7,43,-1370771156,29289744,5153,1289,1137,1443,1,1,3,2,1,3,6,0,3,1
59,97,5723,156,31878399,11,111,-3538502288,29289744,5153,1289,1137,1443,1,1,3,2,1,3,6,0,3,1
59,101,5959,160,34575723,-2,7,-242030060,31809600,458,1605,1449,1763,1,9,1,2,2,3,3,0,0,1
59,101,5959,160,34575723,-1,3,-103727168,31809600,458,1605,1449,1763,1,9,1,2,2,3,3,0,0,1
59,101,5959,160,34575723,0,1,-34575722,31809600,458,1605,1449,1763,1,9,1,2,2,3,3,0,0,1
59,101,5959,160,34575723,1,1,-34575722,31809600,458,1605,1449,1763,1,9,1,2,2,3,3,0,0,1
59,101,5959,160,34575723,2,3,-103727168,31809600,458,1605,1449,1763,1,9,1,2,2,3,3,0,0,1
59,101,5959,160,34575723,3,7,-242030060,31809600,458,1605,1449,1763,1,9,1,2,2,3,3,0,0,1
59,101,5959,160,34575723,5,21,-726090182,31809600,458,1605,1449,1763,1,9,1,2,2,3,3,0,0,1
59,101,5959,160,34575723,7,43,-1486756088,31809600,458,1605,1449,1763,1,9,1,2,2,3,3,0,0,1
59,101,5959,160,34575723,11,111,-3837905252,31809600,458,1605,1449,1763,1,9,1,2,2,3,3,0,0,1
59,103,6077,162,35965461,-2,7,-251758226,33108516,1020,1775,1617,1935,1,49,3,2,1,3,5,0,0,1
59,103,6077,162,35965461,-1,3,-107896382,33108516,1020,1775,1617,1935,1,49,3,2,1,3,5,0,0,1
59,103,6077,162,35965461,0,1,-35965460,33108516,1020,1775,1617,1935,1,49,3,2,1,3,5,0,0,1
59,103,6077,162,35965461,1,1,-35965460,33108516,1020,1775,1617,1935,1,49,3,2,1,3,5,0,0,1
59,103,6077,162,35965461,2,3,-107896382,33108516,1020,1775,1617,1935,1,49,3,2,1,3,5,0,0,1
59,103,6077,162,35965461,3,7,-251758226,33108516,1020,1775,1617,1935,1,49,3,2,1,3,5,0,0,1
59,103,6077,162,35965461,5,21,-755274680,33108516,1020,1775,1617,1935,1,49,3,2,1,3,5,0,0,1
59,103,6077,162,35965461,7,43,-1546514822,33108516,1020,1775,1617,1935,1,49,3,2,1,3,5,0,0,1
59,103,6077,162,35965461,11,111,-3992166170,33108516,1020,1775,1617,1935,1,49,3,2,1,3,5,0,0,1
59,107,6313,166,38827089,-2,7,-271789622,35784324,2240,2139,1977,2303,1,3,7,2,2,3,2,0,3,1
59,107,6313,166,38827089,-1,3,-116481266,35784324,2240,2139,1977,2303,1,3,7,2,2,3,2,0,3,1
59,107,6313,166,38827089,0,1,-38827088,35784324,2240,2139,1977,2303,1,3,7,2,2,3,2,0,3,1
59,107,6313,166,38827089,1,1,-38827088,35784324,2240,2139,1977,2303,1,3,7,2,2,3,2,0,3,1
59,107,6313,166,38827089,2,3,-116481266,35784324,2240,2139,1977,2303,1,3,7,2,2,3,2,0,3,1
59,107,6313,166,38827089,3,7,-271789622,35784324,2240,2139,1977,2303,1,3,7,2,2,3,2,0,3,1
59,107,6313,166,38827089,5,21,-815368868,35784324,2240,2139,1977,2303,1,3,7,2,2,3,2,0,3,1
59,107,6313,166,38827089,7,43,-1669564826,35784324,2240,2139,1977,2303,1,3,7,2,2,3,2,0,3,1
59,107,6313,166,38827089,11,111,-4309806878,35784324,2240,2139,1977,2303,1,3,7,2,2,3,2,0,3,1
59,109,6431,168,40298979,-2,7,-282092852,37161216,2898,2333,2169,2499,1,1,3,2,1,3,4,0,6,1
59,109,6431,168,40298979,-1,3,-120896936,37161216,2898,2333,2169,2499,1,1,3,2,1,3,4,0,6,1
59,109,6431,168,40298979,0,1,-40298978,37161216,2898,2333,2169,2499,1,1,3,2,1,3,4,0,6,1
59,109,6431,168,40298979,1,1,-40298978,37161216,2898,2333,2169,2499,1,1,3,2,1,3,4,0,6,1
59,109,6431,168,40298979,2,3,-120896936,37161216,2898,2333,2169,2499,1,1,3,2,1,3,4,0,6,1
59,109,6431,168,40298979,3,7,-282092852,37161216,2898,2333,2169,2499,1,1,3,2,1,3,4,0,6,1
59,109,6431,168,40298979,5,21,-846278558,37161216,2898,2333,2169,2499,1,1,3,2,1,3,4,0,6,1
59,109,6431,168,40298979,7,43,-1732856096,37161216,2898,2333,2169,2499,1,1,3,2,1,3,4,0,6,1
59,109,6431,168,40298979,11,111,-4473186668,37161216,2898,2333,2169,2499,1,1,3,2,1,3,4,0,6,1
59,113,6667,172,43324911,-2,7,-303274376,39992976,4310,2745,2577,2915,1,3,1,2,2,3,1,0,1,1
59,113,6667,172,43324911,-1,3,-129974732,39992976,4310,2745,2577,2915,1,3,1,2,2,3,1,0,1,1
59,113,6667,172,43324911,0,1,-43324910,39992976,4310,2745,2577,2915,1,3,1,2,2,3,1,0,1,1
59,113,6667,172,43324911,1,1,-43324910,39992976,4310,2745,2577,2915,1,3,1,2,2,3,1,0,1,1
59,113,6667,172,43324911,2,3,-129974732,39992976,4310,2745,2577,2915,1,3,1,2,2,3,1,0,1,1
59,113,6667,172,43324911,3,7,-303274376,39992976,4310,2745,2577,2915,1,3,1,2,2,3,1,0,1,1
59,113,6667,172,43324911,5,21,-909823130,39992976,4310,2745,2577,2915,1,3,1,2,2,3,1,0,1,1
59,113,6667,172,43324911,7,43,-1862971172,39992976,4310,2745,2577,2915,1,3,1,2,2,3,1,0,1,1
59,113,6667,172,43324911,11,111,-4809065120,39992976,4310,2745,2577,2915,1,3,1,2,2,3,1,0,1,1
59,127,7493,186,54778269,-2,7,-383447882,50722884,2767,4439,4257,4623,1,1,3,2,1,3,1,0,1,1
59,127,7493,186,54778269,-1,3,-164334806,50722884,2767,4439,4257,4623,1,1,3,2,1,3,1,0,1,1
59,127,7493,186,54778269,0,1,-54778268,50722884,2767,4439,4257,4623,1,1,3,2,1,3,1,0,1,1
59,127,7493,186,54778269,1,1,-54778268,50722884,2767,4439,4257,4623,1,1,3,2,1,3,1,0,1,1
59,127,7493,186,54778269,2,3,-164334806,50722884,2767,4439,4257,4623,1,1,3,2,1,3,1,0,1,1
59,127,7493,186,54778269,3,7,-383447882,50722884,2767,4439,4257,4623,1,1,3,2,1,3,1,0,1,1
59,127,7493,186,54778269,5,21,-1150343648,50722884,2767,4439,4257,4623,1,1,3,2,1,3,1,0,1,1
59,127,7493,186,54778269,7,43,-2355465566,50722884,2767,4439,4257,4623,1,1,3,2,1,3,1,0,1,1
59,127,7493,186,54778269,11,111,-6080387858,50722884,2767,4439,4257,4623,1,1,3,2,1,3,1,0,1,1
59,131,7729,190,58297113,-2,7,-408079790,54022500,4519,4995,4809,5183,1,21,1,2,2,3,5,0,0,1
59,131,7729,190,58297113,-1,3,-174891338,54022500,4519,4995,4809,5183,1,21,1,2,2,3,5,0,0,1
59,131,7729,190,58297113,0,1,-58297112,54022500,4519,4995,4809,5183,1,21,1,2,2,3,5,0,0,1
59,131,7729,190,58297113,1,1,-58297112,54022500,4519,4995,4809,5183,1,21,1,2,2,3,5,0,0,1
59,131,7729,190,58297113,2,3,-174891338,54022500,4519,4995,4809,5183,1,21,1,2,2,3,5,0,0,1
59,131,7729,190,58297113,3,7,-408079790,54022500,4519,4995,4809,5183,1,21,1,2,2,3,5,0,0,1
59,131,7729,190,58297113,5,21,-1224239372,54022500,4519,4995,4809,5183,1,21,1,2,2,3,5,0,0,1
59,131,7729,190,58297113,7,43,-2506775858,54022500,4519,4995,4809,5183,1,21,1,2,2,3,5,0,0,1
59,131,7729,190,58297113,11,111,-6470979542,54022500,4519,4995,4809,5183,1,21,1,2,2,3,5,0,0,1
59,137,8083,196,63780759,-2,7,-446465312,59166864,7387,5889,5697,6083,1,9,1,2,2,3,4,0,6,1
59,137,8083,196,63780759,-1,3,-191342276,59166864,7387,5889,5697,6083,1,9,1,2,2,3,4,0,6,1
59,137,8083,196,63780759,0,1,-63780758,59166864,7387,5889,5697,6083,1,9,1,2,2,3,4,0,6,1
59,137,8083,196,63780759,1,1,-63780758,59166864,7387,5889,5697,6083,1,9,1,2,2,3,4,0,6,1
59,137,8083,196,63780759,2,3,-191342276,59166864,7387,5889,5697,6083,1,9,1,2,2,3,4,0,6,1
59,137,8083,196,63780759,3,7,-446465312,59166864,7387,5889,5697,6083,1,9,1,2,2,3,4,0,6,1
59,137,8083,196,63780759,5,21,-1339395938,59166864,7387,5889,5697,6083,1,9,1,2,2,3,4,0,6,1
59,137,8083,196,63780759,7,43,-2742572636,59166864,7387,5889,5697,6083,1,9,1,2,2,3,4,0,6,1
59,137,8083,196,63780759,11,111,-7079664248,59166864,7387,5889,5697,6083,1,9,1,2,2,3,4,0,6,1
59,139,8201,198,65663409,-2,7,-459643862,60933636,206,6203,6009,6399,1,1,3,2,1,3,6,0,3,1
59,139,8201,198,65663409,-1,3,-196990226,60933636,206,6203,6009,6399,1,1,3,2,1,3,6,0,3,1
59,139,8201,198,65663409,0,1,-65663408,60933636,206,6203,6009,6399,1,1,3,2,1,3,6,0,3,1
59,139,8201,198,65663409,1,1,-65663408,60933636,206,6203,6009,6399,1,1,3,2,1,3,6,0,3,1
59,139,8201,198,65663409,2,3,-196990226,60933636,206,6203,6009,6399,1,1,3,2,1,3,6,0,3,1
59,139,8201,198,65663409,3,7,-459643862,60933636,206,6203,6009,6399,1,1,3,2,1,3,6,0,3,1
59,139,8201,198,65663409,5,21,-1378931588,60933636,206,6203,6009,6399,1,1,3,2,1,3,6,0,3,1
59,139,8201,198,65663409,7,43,-2823526586,60933636,206,6203,6009,6399,1,1,3,2,1,3,6,0,3,1
59,139,8201,198,65663409,11,111,-7288638398,60933636,206,6203,6009,6399,1,1,3,2,1,3,6,0,3,1
59,149,8791,208,75487419,-2,7,-528411932,70157376,5196,7893,7689,8099,1,3,7,2,2,3,2,0,3,1
59,149,8791,208,75487419,-1,3,-226462256,70157376,5196,7893,7689,8099,1,3,7,2,2,3,2,0,3,1
59,149,8791,208,75487419,0,1,-75487418,70157376,5196,7893,7689,8099,1,3,7,2,2,3,2,0,3,1
59,149,8791,208,75487419,1,1,-75487418,70157376,5196,7893,7689,8099,1,3,7,2,2,3,2,0,3,1
59,149,8791,208,75487419,2,3,-226462256,70157376,5196,7893,7689,8099,1,3,7,2,2,3,2,0,3,1
59,149,8791,208,75487419,3,7,-528411932,70157376,5196,7893,7689,8099,1,3,7,2,2,3,2,0,3,1
59,149,8791,208,75487419,5,21,-1585235798,70157376,5196,7893,7689,8099,1,3,7,2,2,3,2,0,3,1
59,149,8791,208,75487419,7,43,-3245959016,70157376,5196,7893,7689,8099,1,3,7,2,2,3,2,0,3,1
59,149,8791,208,75487419,11,111,-8379103508,70157376,5196,7893,7689,8099,1,3,7,2,2,3,2,0,3,1
59,151,8909,210,77534373,-2,7,-542740610,72080100,6290,8255,8049,8463,1,1,3,2,1,3,4,0,6,1
59,151,8909,210,77534373,-1,3,-232603118,72080100,6290,8255,8049,8463,1,1,3,2,1,3,4,0,6,1
59,151,8909,210,77534373,0,1,-77534372,72080100,6290,8255,8049,8463,1,1,3,2,1,3,4,0,6,1
59,151,8909,210,77534373,1,1,-77534372,72080100,6290,8255,8049,8463,1,1,3,2,1,3,4,0,6,1
59,151,8909,210,77534373,2,3,-232603118,72080100,6290,8255,8049,8463,1,1,3,2,1,3,4,0,6,1
59,151,8909,210,77534373,3,7,-542740610,72080100,6290,8255,8049,8463,1,1,3,2,1,3,4,0,6,1
59,151,8909,210,77534373,5,21,-1628221832,72080100,6290,8255,8049,8463,1,1,3,2,1,3,4,0,6,1
59,151,8909,210,77534373,7,43,-3333978038,72080100,6290,8255,8049,8463,1,1,3,2,1,3,4,0,6,1
59,151,8909,210,77534373,11,111,-8606315402,72080100,6290,8255,8049,8463,1,1,3,2,1,3,4,0,6,1
59,157,9263,216,83839539,-2,7,-586876772,78004224,501,126,9177,339,1,1,3,2,1,3,3,0,0,1
59,157,9263,216,83839539,-1,3,-251518616,78004224,501,126,9177,339,1,1,3,2,1,3,3,0,0,1
59,157,9263,216,83839539,0,1,-83839538,78004224,501,126,9177,339,1,1,3,2,1,3,3,0,0,1
59,157,9263,216,83839539,1,1,-83839538,78004224,501,126,9177,339,1,1,3,2,1,3,3,0,0,1
59,157,9263,216,83839539,2,3,-251518616,78004224,501,126,9177,339,1,1,3,2,1,3,3,0,0,1
59,157,9263,216,83839539,3,7,-586876772,78004224,501,126,9177,339,1,1,3,2,1,3,3,0,0,1
59,157,9263,216,83839539,5,21,-1760630318,78004224,501,126,9177,339,1,1,3,2,1,3,3,0,0,1
59,157,9263,216,83839539,7,43,-3605100176,78004224,501,126,9177,339,1,1,3,2,1,3,3,0,0,1
59,157,9263,216,83839539,11,111,-9306188828,78004224,501,126,9177,339,1,1,3,2,1,3,3,0,0,1
59,163,9617,222,90391161,-2,7,-632738126,84162276,3909,978,761,1197,163,1,21,2,1,3,2,0,3,1
59,163,9617,222,90391161,-1,3,-271173482,84162276,3909,978,761,1197,163,1,21,2,1,3,2,0,3,1
59,163,9617,222,90391161,0,1,-90391160,84162276,3909,978,761,1197,163,1,21,2,1,3,2,0,3,1
59,163,9617,222,90391161,1,1,-90391160,84162276,3909,978,761,1197,163,1,21,2,1,3,2,0,3,1
59,163,9617,222,90391161,2,3,-271173482,84162276,3909,978,761,1197,163,1,21,2,1,3,2,0,3,1
59,163,9617,222,90391161,3,7,-632738126,84162276,3909,978,761,1197,163,1,21,2,1,3,2,0,3,1
59,163,9617,222,90391161,5,21,-1898214380,84162276,3909,978,761,1197,163,1,21,2,1,3,2,0,3,1
59,163,9617,222,90391161,7,43,-3886819922,84162276,3909,978,761,1197,163,1,21,2,1,3,2,0,3,1
59,163,9617,222,90391161,11,111,-10033418870,84162276,3909,978,761,1197,163,1,21,2,1,3,2,0,3,1
59,167,9853,226,94895829,-2,7,-664270802,88397604,6341,1586,1365,1809,1,3,1,2,2,3,6,0,3,1
59,167,9853,226,94895829,-1,3,-284687486,88397604,6341,1586,1365,1809,1,3,1,2,2,3,6,0,3,1
59,167,9853,226,94895829,0,1,-94895828,88397604,6341,1586,1365,1809,1,3,1,2,2,3,6,0,3,1
59,167,9853,226,94895829,1,1,-94895828,88397604,6341,1586,1365,1809,1,3,1,2,2,3,6,0,3,1
59,167,9853,226,94895829,2,3,-284687486,88397604,6341,1586,1365,1809,1,3,1,2,2,3,6,0,3,1
59,167,9853,226,94895829,3,7,-664270802,88397604,6341,1586,1365,1809,1,3,1,2,2,3,6,0,3,1
59,167,9853,226,94895829,5,21,-1992812408,88397604,6341,1586,1365,1809,1,3,1,2,2,3,6,0,3,1
59,167,9853,226,94895829,7,43,-4080520646,88397604,6341,1586,1365,1809,1,3,1,2,2,3,6,0,3,1
59,167,9853,226,94895829,11,111,-10533437018,88397604,6341,1586,1365,1809,1,3,1,2,2,3,6,0,3,1
59,173,10207,232,101858211,-2,7,-713007476,94945536,22,2558,2331,2787,1,63,1,2,2,3,5,0,0,1
59,173,10207,232,101858211,-1,3,-305574632,94945536,22,2558,2331,2787,1,63,1,2,2,3,5,0,0,1
59,173,10207,232,101858211,0,1,-101858210,94945536,22,2558,2331,2787,1,63,1,2,2,3,5,0,0,1
59,173,10207,232,101858211,1,1,-101858210,94945536,22,2558,2331,2787,1,63,1,2,2,3,5,0,0,1
59,173,10207,232,101858211,2,3,-305574632,94945536,22,2558,2331,2787,1,63,1,2,2,3,5,0,0,1
59,173,10207,232,101858211,3,7,-713007476,94945536,22,2558,2331,2787,1,63,1,2,2,3,5,0,0,1
59,173,10207,232,101858211,5,21,-2139022430,94945536,22,2558,2331,2787,1,63,1,2,2,3,5,0,0,1
59,173,10207,232,101858211,7,43,-4379903072,94945536,22,2558,2331,2787,1,63,1,2,2,3,5,0,0,1
59,173,10207,232,101858211,11,111,-11306261420,94945536,22,2558,2331,2787,1,63,1,2,2,3,5,0,0,1
59,179,10561,238,109067049,-2,7,-763469342,101727396,3844,3602,3369,3837,1,3,1,2,2,3,4,0,6,1
59,179,10561,238,109067049,-1,3,-327201146,101727396,3844,3602,3369,3837,1,3,1,2,2,3,4,0,6,1
59,179,10561,238,109067049,0,1,-109067048,101727396,3844,3602,3369,3837,1,3,1,2,2,3,4,0,6,1
59,179,10561,238,109067049,1,1,-109067048,101727396,3844,3602,3369,3837,1,3,1,2,2,3,4,0,6,1
59,179,10561,238,109067049,2,3,-327201146,101727396,3844,3602,3369,3837,1,3,1,2,2,3,4,0,6,1
59,179,10561,238,109067049,3,7,-763469342,101727396,3844,3602,3369,3837,1,3,1,2,2,3,4,0,6,1
59,179,10561,238,109067049,5,21,-2290408028,101727396,3844,3602,3369,3837,1,3,1,2,2,3,4,0,6,1
59,179,10561,238,109067049,7,43,-4689883106,101727396,3844,3602,3369,3837,1,3,1,2,2,3,4,0,6,1
59,179,10561,238,109067049,11,111,-12106442438,101727396,3844,3602,3369,3837,1,3,1,2,2,3,4,0,6,1
59,181,10679,240,111524763,-2,7,-780673340,104040000,5182,3966,3731,4203,1,1,3,2,1,3,6,0,3,1
59,181,10679,240,111524763,-1,3,-334574288,104040000,5182,3966,3731,4203,1,1,3,2,1,3,6,0,3,1
59,181,10679,240,111524763,0,1,-111524762,104040000,5182,3966,3731,4203,1,1,3,2,1,3,6,0,3,1
59,181,10679,240,111524763,1,1,-111524762,104040000,5182,3966,3731,4203,1,1,3,2,1,3,6,0,3,1
59,181,10679,240,111524763,2,3,-334574288,104040000,5182,3966,3731,4203,1,1,3,2,1,3,6,0,3,1
59,181,10679,240,111524763,3,7,-780673340,104040000,5182,3966,3731,4203,1,1,3,2,1,3,6,0,3,1
59,181,10679,240,111524763,5,21,-2342020022,104040000,5182,3966,3731,4203,1,1,3,2,1,3,6,0,3,1
59,181,10679,240,111524763,7,43,-4795564808,104040000,5182,3966,3731,4203,1,1,3,2,1,3,6,0,3,1
59,181,10679,240,111524763,11,111,-12379248692,104040000,5182,3966,3731,4203,1,1,3,2,1,3,6,0,3,1
59,191,11269,250,124224093,-2,7,-869568650,115992900,1083,5906,5661,6153,1,9,7,2,2,3,2,0,3,1
59,191,11269,250,124224093,-1,3,-372672278,115992900,1083,5906,5661,6153,1,9,7,2,2,3,2,0,3,1
59,191,11269,250,124224093,0,1,-124224092,115992900,1083,5906,5661,6153,1,9,7,2,2,3,2,0,3,1
59,191,11269,250,124224093,1,1,-124224092,115992900,1083,5906,5661,6153,1,9,7,2,2,3,2,0,3,1
59,191,11269,250,124224093,2,3,-372672278,115992900,1083,5906,5661,6153,1,9,7,2,2,3,2,0,3,1
59,191,11269,250,124224093,3,7,-869568650,115992900,1083,5906,5661,6153,1,9,7,2,2,3,2,0,3,1
59,191,11269,250,124224093,5,21,-2608705952,115992900,1083,5906,5661,6153,1,9,7,2,2,3,2,0,3,1
59,191,11269,250,124224093,7,43,-5341635998,115992900,1083,5906,5661,6153,1,9,7,2,2,3,2,0,3,1
59,191,11269,250,124224093,11,111,-13788874322,115992900,1083,5906,5661,6153,1,9,7,2,2,3,2,0,3,1
59,193,11387,252,126846111,-2,7,-887922776,118461456,2495,6318,6071,6567,1,1,3,2,1,3,4,0,6,1
59,193,11387,252,126846111,-1,3,-380538332,118461456,2495,6318,6071,6567,1,1,3,2,1,3,4,0,6,1
59,193,11387,252,126846111,0,1,-126846110,118461456,2495,6318,6071,6567,1,1,3,2,1,3,4,0,6,1
59,193,11387,252,126846111,1,1,-126846110,118461456,2495,6318,6071,6567,1,1,3,2,1,3,4,0,6,1
59,193,11387,252,126846111,2,3,-380538332,118461456,2495,6318,6071,6567,1,1,3,2,1,3,4,0,6,1
59,193,11387,252,126846111,3,7,-887922776,118461456,2495,6318,6071,6567,1,1,3,2,1,3,4,0,6,1
59,193,11387,252,126846111,5,21,-2663768330,118461456,2495,6318,6071,6567,1,1,3,2,1,3,4,0,6,1
59,193,11387,252,126846111,7,43,-5454382772,118461456,2495,6318,6071,6567,1,1,3,2,1,3,4,0,6,1
59,193,11387,252,126846111,11,111,-14079918320,118461456,2495,6318,6071,6567,1,1,3,2,1,3,4,0,6,1
59,197,11623,256,132172299,-2,7,-925206092,123476544,5415,7166,6915,7419,1,3,1,2,2,3,1,0,1,1
59,197,11623,256,132172299,-1,3,-396516896,123476544,5415,7166,6915,7419,1,3,1,2,2,3,1,0,1,1
59,197,11623,256,132172299,0,1,-132172298,123476544,5415,7166,6915,7419,1,3,1,2,2,3,1,0,1,1
59,197,11623,256,132172299,1,1,-132172298,123476544,5415,7166,6915,7419,1,3,1,2,2,3,1,0,1,1
59,197,11623,256,132172299,2,3,-396516896,123476544,5415,7166,6915,7419,1,3,1,2,2,3,1,0,1,1
59,197,11623,256,132172299,3,7,-925206092,123476544,5415,7166,6915,7419,1,3,1,2,2,3,1,0,1,1
59,197,11623,256,132172299,5,21,-2775618278,123476544,5415,7166,6915,7419,1,3,1,2,2,3,1,0,1,1
59,197,11623,256,132172299,7,43,-5683408856,123476544,5415,7166,6915,7419,1,3,1,2,2,3,1,0,1,1
59,197,11623,256,132172299,11,111,-14671125188,123476544,5415,7166,6915,7419,1,3,1,2,2,3,1,0,1,1
59,199,11741,258,134876469,-2,7,-944135282,126023076,6923,7602,7349,7857,1,1,3,2,1,3,3,0,0,1
59,199,11741,258,134876469,-1,3,-404629406,126023076,6923,7602,7349,7857,1,1,3,2,1,3,3,0,0,1
59,199,11741,258,134876469,0,1,-134876468,126023076,6923,7602,7349,7857,1,1,3,2,1,3,3,0,0,1
59,199,11741,258,134876469,1,1,-134876468,126023076,6923,7602,7349,7857,1,1,3,2,1,3,3,0,0,1
59,199,11741,258,134876469,2,3,-404629406,126023076,6923,7602,7349,7857,1,1,3,2,1,3,3,0,0,1
59,199,11741,258,134876469,3,7,-944135282,126023076,6923,7602,7349,7857,1,1,3,2,1,3,3,0,0,1
59,199,11741,258,134876469,5,21,-2832405848,126023076,6923,7602,7349,7857,1,1,3,2,1,3,3,0,0,1
59,199,11741,258,134876469,7,43,-5799688166,126023076,6923,7602,7349,7857,1,1,3,2,1,3,3,0,0,1
59,199,11741,258,134876469,11,111,-14971288058,126023076,6923,7602,7349,7857,1,1,3,2,1,3,3,0,0,1
61,67,4087,128,16192603,-2,7,-113348220,14684224,3720,3996,3871,35,1,1,7,1,1,5,4,0,6,1
61,67,4087,128,16192603,-1,3,-48577808,14684224,3720,3996,3871,35,1,1,7,1,1,5,4,0,6,1
61,67,4087,128,16192603,0,1,-16192602,14684224,3720,3996,3871,35,1,1,7,1,1,5,4,0,6,1
61,67,4087,128,16192603,1,1,-16192602,14684224,3720,3996,3871,35,1,1,7,1,1,5,4,0,6,1
61,67,4087,128,16192603,2,3,-48577808,14684224,3720,3996,3871,35,1,1,7,1,1,5,4,0,6,1
61,67,4087,128,16192603,3,7,-113348220,14684224,3720,3996,3871,35,1,1,7,1,1,5,4,0,6,1
61,67,4087,128,16192603,5,21,-340044662,14684224,3720,3996,3871,35,1,1,7,1,1,5,4,0,6,1
61,67,4087,128,16192603,7,43,-696281928,14684224,3720,3996,3871,35,1,1,7,1,1,5,4,0,6,1
61,67,4087,128,16192603,11,111,-1797378932,14684224,3720,3996,3871,35,1,1,7,1,1,5,4,0,6,1
61,71,4331,132,18198831,-2,7,-127391816,16548624,4204,4300,4171,99,1,1,3,1,2,5,1,0,1,1
61,71,4331,132,18198831,-1,3,-54596492,16548624,4204,4300,4171,99,1,1,3,1,2,5,1,0,1,1
61,71,4331,132,18198831,0,1,-18198830,16548624,4204,4300,4171,99,1,1,3,1,2,5,1,0,1,1
61,71,4331,132,18198831,1,1,-18198830,16548624,4204,4300,4171,99,1,1,3,1,2,5,1,0,1,1
61,71,4331,132,18198831,2,3,-54596492,16548624,4204,4300,4171,99,1,1,3,1,2,5,1,0,1,1
61,71,4331,132,18198831,3,7,-127391816,16548624,4204,4300,4171,99,1,1,3,1,2,5,1,0,1,1
61,71,4331,132,18198831,5,21,-382175450,16548624,4204,4300,4171,99,1,1,3,1,2,5,1,0,1,1
61,71,4331,132,18198831,7,43,-782549732,16548624,4204,4300,4171,99,1,1,3,1,2,5,1,0,1,1
61,71,4331,132,18198831,11,111,-2020070240,16548624,4204,4300,4171,99,1,1,3,1,2,5,1,0,1,1
61,73,4453,134,19245877,-2,7,-134721138,17522596,41,11,4333,143,1,7,1,1,1,5,3,0,0,1
61,73,4453,134,19245877,-1,3,-57737630,17522596,41,11,4333,143,1,7,1,1,1,5,3,0,0,1
61,73,4453,134,19245877,0,1,-19245876,17522596,41,11,4333,143,1,7,1,1,1,5,3,0,0,1
61,73,4453,134,19245877,1,1,-19245876,17522596,41,11,4333,143,1,7,1,1,1,5,3,0,0,1
61,73,4453,134,19245877,2,3,-57737630,17522596,41,11,4333,143,1,7,1,1,1,5,3,0,0,1
61,73,4453,134,19245877,3,7,-134721138,17522596,41,11,4333,143,1,7,1,1,1,5,3,0,0,1
61,73,4453,134,19245877,5,21,-404163416,17522596,41,11,4333,143,1,7,1,1,1,5,3,0,0,1
61,73,4453,134,19245877,7,43,-827572710,17522596,41,11,4333,143,1,7,1,1,1,5,3,0,0,1
61,73,4453,134,19245877,11,111,-2136292346,17522596,41,11,4333,143,1,7,1,1,1,5,3,0,0,1
61,79,4819,140,22562743,-2,7,-157939200,20611600,737,185,49,323,1,1,1,1,1,5,2,0,3,1
61,79,4819,140,22562743,-1,3,-67688228,20611600,737,185,49,323,1,1,1,1,1,5,2,0,3,1
61,79,4819,140,22562743,0,1,-22562742,20611600,737,185,49,323,1,1,1,1,1,5,2,0,3,1
61,79,4819,140,22562743,1,1,-22562742,20611600,737,185,49,323,1,1,1,1,1,5,2,0,3,1
61,79,4819,140,22562743,2,3,-67688228,20611600,737,185,49,323,1,1,1,1,1,5,2,0,3,1
61,79,4819,140,22562743,3,7,-157939200,20611600,737,185,49,323,1,1,1,1,1,5,2,0,3,1
61,79,4819,140,22562743,5,21,-473817602,20611600,737,185,49,323,1,1,1,1,1,5,2,0,3,1
61,79,4819,140,22562743,7,43,-970197948,20611600,737,185,49,323,1,1,1,1,1,5,2,0,3,1
61,79,4819,140,22562743,11,111,-2504464472,20611600,737,185,49,323,1,1,1,1,1,5,2,0,3,1
61,83,5063,144,24920427,-2,7,-174442988,22810176,1361,341,201,483,1,1,3,1,2,5,6,0,3,1
61,83,5063,144,24920427,-1,3,-74761280,22810176,1361,341,201,483,1,1,3,1,2,5,6,0,3,1
61,83,5063,144,24920427,0,1,-24920426,22810176,1361,341,201,483,1,1,3,1,2,5,6,0,3,1
61,83,5063,144,24920427,1,1,-24920426,22810176,1361,341,201,483,1,1,3,1,2,5,6,0,3,1
61,83,5063,144,24920427,2,3,-74761280,22810176,1361,341,201,483,1,1,3,1,2,5,6,0,3,1
61,83,5063,144,24920427,3,7,-174442988,22810176,1361,341,201,483,1,1,3,1,2,5,6,0,3,1
61,83,5063,144,24920427,5,21,-523328966,22810176,1361,341,201,483,1,1,3,1,2,5,6,0,3,1
61,83,5063,144,24920427,7,43,-1071578360,22810176,1361,341,201,483,1,1,3,1,2,5,6,0,3,1
61,83,5063,144,24920427,11,111,-2766167396,22810176,1361,341,201,483,1,1,3,1,2,5,6,0,3,1
61,89,5429,150,28676613,-2,7,-200736290,26316900,2537,635,489,783,1,1,3,1,2,5,5,0,0,1
61,89,5429,150,28676613,-1,3,-86029838,26316900,2537,635,489,783,1,1,3,1,2,5,5,0,0,1
61,89,5429,150,28676613,0,1,-28676612,26316900,2537,635,489,783,1,1,3,1,2,5,5,0,0,1
61,89,5429,150,28676613,1,1,-28676612,26316900,2537,635,489,783,1,1,3,1,2,5,5,0,0,1
61,89,5429,150,28676613,2,3,-86029838,26316900,2537,635,489,783,1,1,3,1,2,5,5,0,0,1
61,89,5429,150,28676613,3,7,-200736290,26316900,2537,635,489,783,1,1,3,1,2,5,5,0,0,1
61,89,5429,150,28676613,5,21,-602208872,26316900,2537,635,489,783,1,1,3,1,2,5,5,0,0,1
61,89,5429,150,28676613,7,43,-1233094358,26316900,2537,635,489,783,1,1,3,1,2,5,5,0,0,1
61,89,5429,150,28676613,11,111,-3183104042,26316900,2537,635,489,783,1,1,3,1,2,5,5,0,0,1
61,97,5917,158,34094893,-2,7,-238664250,31382404,4553,1139,985,1295,1,1,1,1,1,5,6,0,3,1
61,97,5917,158,34094893,-1,3,-102284678,31382404,4553,1139,985,1295,1,1,1,1,1,5,6,0,3,1
61,97,5917,158,34094893,0,1,-34094892,31382404,4553,1139,985,1295,1,1,1,1,1,5,6,0,3,1
61,97,5917,158,34094893,1,1,-34094892,31382404,4553,1139,985,1295,1,1,1,1,1,5,6,0,3,1
61,97,5917,158,34094893,2,3,-102284678,31382404,4553,1139,985,1295,1,1,1,1,1,5,6,0,3,1
61,97,5917,158,34094893,3,7,-238664250,31382404,4553,1139,985,1295,1,1,1,1,1,5,6,0,3,1
61,97,5917,158,34094893,5,21,-715992752,31382404,4553,1139,985,1295,1,1,1,1,1,5,6,0,3,1
61,97,5917,158,34094893,7,43,-1466080398,31382404,4553,1139,985,1295,1,1,1,1,1,5,6,0,3,1
61,97,5917,158,34094893,11,111,-3784533122,31382404,4553,1139,985,1295,1,1,1,1,1,5,6,0,3,1
61,101,6161,162,36979761,-2,7,-258858326,34082244,5753,1439,1281,1599,1,7,39,1,2,5,3,0,0,1
61,101,6161,162,36979761,-1,3,-110939282,34082244,5753,1439,1281,1599,1,7,39,1,2,5,3,0,0,1
61,101,6161,162,36979761,0,1,-36979760,34082244,5753,1439,1281,1599,1,7,39,1,2,5,3,0,0,1
61,101,6161,162,36979761,1,1,-36979760,34082244,5753,1439,1281,1599,1,7,39,1,2,5,3,0,0,1
61,101,6161,162,36979761,2,3,-110939282,34082244,5753,1439,1281,1599,1,7,39,1,2,5,3,0,0,1
61,101,6161,162,36979761,3,7,-258858326,34082244,5753,1439,1281,1599,1,7,39,1,2,5,3,0,0,1
61,101,6161,162,36979761,5,21,-776574980,34082244,5753,1439,1281,1599,1,7,39,1,2,5,3,0,0,1
61,101,6161,162,36979761,7,43,-1590129722,34082244,5753,1439,1281,1599,1,7,39,1,2,5,3,0,0,1
61,101,6161,162,36979761,11,111,-4104753470,34082244,5753,1439,1281,1599,1,7,39,1,2,5,3,0,0,1
61,103,6283,164,38466127,-2,7,-269262888,35473936,118,1601,1441,1763,1,1,1,1,1,5,5,0,0,1
61,103,6283,164,38466127,-1,3,-115398380,35473936,118,1601,1441,1763,1,1,1,1,1,5,5,0,0,1
61,103,6283,164,38466127,0,1,-38466126,35473936,118,1601,1441,1763,1,1,1,1,1,5,5,0,0,1
61,103,6283,164,38466127,1,1,-38466126,35473936,118,1601,1441,1763,1,1,1,1,1,5,5,0,0,1
61,103,6283,164,38466127,2,3,-115398380,35473936,118,1601,1441,1763,1,1,1,1,1,5,5,0,0,1
61,103,6283,164,38466127,3,7,-269262888,35473936,118,1601,1441,1763,1,1,1,1,1,5,5,0,0,1
61,103,6283,164,38466127,5,21,-807788666,35473936,118,1601,1441,1763,1,1,1,1,1,5,5,0,0,1
61,103,6283,164,38466127,7,43,-1654043460,35473936,118,1601,1441,1763,1,1,1,1,1,5,5,0,0,1
61,103,6283,164,38466127,11,111,-4269740096,35473936,118,1601,1441,1763,1,1,1,1,1,5,5,0,0,1
61,107,6527,168,41526723,-2,7,-290687060,38340864,1266,1949,1785,2115,1,1,3,1,2,5,2,0,3,1
61,107,6527,168,41526723,-1,3,-124580168,38340864,1266,1949,1785,2115,1,1,3,1,2,5,2,0,3,1
61,107,6527,168,41526723,0,1,-41526722,38340864,1266,1949,1785,2115,1,1,3,1,2,5,2,0,3,1
61,107,6527,168,41526723,1,1,-41526722,38340864,1266,1949,1785,2115,1,1,3,1,2,5,2,0,3,1
61,107,6527,168,41526723,2,3,-124580168,38340864,1266,1949,1785,2115,1,1,3,1,2,5,2,0,3,1
61,107,6527,168,41526723,3,7,-290687060,38340864,1266,1949,1785,2115,1,1,3,1,2,5,2,0,3,1
61,107,6527,168,41526723,5,21,-872061182,38340864,1266,1949,1785,2115,1,1,3,1,2,5,2,0,3,1
61,107,6527,168,41526723,7,43,-1785649088,38340864,1266,1949,1785,2115,1,1,3,1,2,5,2,0,3,1
61,107,6527,168,41526723,11,111,-4609466252,38340864,1266,1949,1785,2115,1,1,3,1,2,5,2,0,3,1
61,109,6649,170,43100953,-2,7,-301706670,39816100,1888,2135,1969,2303,61,1,7,1,1,5,4,0,6,1
61,109,6649,170,43100953,-1,3,-129302858,39816100,1888,2135,1969,2303,61,1,7,1,1,5,4,0,6,1
61,109,6649,170,43100953,0,1,-43100952,39816100,1888,2135,1969,2303,61,1,7,1,1,5,4,0,6,1
61,109,6649,170,43100953,1,1,-43100952,39816100,1888,2135,1969,2303,61,1,7,1,1,5,4,0,6,1
61,109,6649,170,43100953,2,3,-129302858,39816100,1888,2135,1969,2303,61,1,7,1,1,5,4,0,6,1
61,109,6649,170,43100953,3,7,-301706670,39816100,1888,2135,1969,2303,61,1,7,1,1,5,4,0,6,1
61,109,6649,170,43100953,5,21,-905120012,39816100,1888,2135,1969,2303,61,1,7,1,1,5,4,0,6,1
61,109,6649,170,43100953,7,43,-1853340978,39816100,1888,2135,1969,2303,61,1,7,1,1,5,4,0,6,1
61,109,6649,170,43100953,11,111,-4784205782,39816100,1888,2135,1969,2303,61,1,7,1,1,5,4,0,6,1
61,113,6893,174,46337277,-2,7,-324360938,42850116,3228,2531,2361,2703,1,1,3,1,2,5,1,0,1,1
61,113,6893,174,46337277,-1,3,-139011830,42850116,3228,2531,2361,2703,1,1,3,1,2,5,1,0,1,1
61,113,6893,174,46337277,0,1,-46337276,42850116,3228,2531,2361,2703,1,1,3,1,2,5,1,0,1,1
61,113,6893,174,46337277,1,1,-46337276,42850116,3228,2531,2361,2703,1,1,3,1,2,5,1,0,1,1
61,113,6893,174,46337277,2,3,-139011830,42850116,3228,2531,2361,2703,1,1,3,1,2,5,1,0,1,1
61,113,6893,174,46337277,3,7,-324360938,42850116,3228,2531,2361,2703,1,1,3,1,2,5,1,0,1,1
61,113,6893,174,46337277,5,21,-973082816,42850116,3228,2531,2361,2703,1,1,3,1,2,5,1,0,1,1
61,113,6893,174,46337277,7,43,-1992502910,42850116,3228,2531,2361,2703,1,1,3,1,2,5,1,0,1,1
61,113,6893,174,46337277,11,111,-5143437746,42850116,3228,2531,2361,2703,1,1,3,1,2,5,1,0,1,1
61,127,7747,188,58586983,-2,7,-410108880,54346384,1179,4169,3985,4355,1,1,13,1,1,5,1,0,1,1
61,127,7747,188,58586983,-1,3,-175760948,54346384,1179,4169,3985,4355,1,1,13,1,1,5,1,0,1,1
61,127,7747,188,58586983,0,1,-58586982,54346384,1179,4169,3985,4355,1,1,13,1,1,5,1,0,1,1
61,127,7747,188,58586983,1,1,-58586982,54346384,1179,4169,3985,4355,1,1,13,1,1,5,1,0,1,1
61,127,7747,188,58586983,2,3,-175760948,54346384,1179,4169,3985,4355,1,1,13,1,1,5,1,0,1,1
61,127,7747,188,58586983,3,7,-410108880,54346384,1179,4169,3985,4355,1,1,13,1,1,5,1,0,1,1
61,127,7747,188,58586983,5,21,-1230326642,54346384,1179,4169,3985,4355,1,1,13,1,1,5,1,0,1,1
61,127,7747,188,58586983,7,43,-2519240268,54346384,1179,4169,3985,4355,1,1,13,1,1,5,1,0,1,1
61,127,7747,188,58586983,11,111,-6503155112,54346384,1179,4169,3985,4355,1,1,13,1,1,5,1,0,1,1
61,131,7991,192,62350491,-2,7,-436453436,57881664,2851,4709,4521,4899,1,1,3,1,2,5,5,0,0,1
61,131,7991,192,62350491,-1,3,-187051472,57881664,2851,4709,4521,4899,1,1,3,1,2,5,5,0,0,1
61,131,7991,192,62350491,0,1,-62350490,57881664,2851,4709,4521,4899,1,1,3,1,2,5,5,0,0,1
61,131,7991,192,62350491,1,1,-62350490,57881664,2851,4709,4521,4899,1,1,3,1,2,5,5,0,0,1
61,131,7991,192,62350491,2,3,-187051472,57881664,2851,4709,4521,4899,1,1,3,1,2,5,5,0,0,1
61,131,7991,192,62350491,3,7,-436453436,57881664,2851,4709,4521,4899,1,1,3,1,2,5,5,0,0,1
61,131,7991,192,62350491,5,21,-1309360310,57881664,2851,4709,4521,4899,1,1,3,1,2,5,5,0,0,1
61,131,7991,192,62350491,7,43,-2681071112,57881664,2851,4709,4521,4899,1,1,3,1,2,5,5,0,0,1
61,131,7991,192,62350491,11,111,-6920904500,57881664,2851,4709,4521,4899,1,1,3,1,2,5,5,0,0,1
61,137,8357,198,68215413,-2,7,-477507890,63393444,5599,5579,5385,5775,1,1,21,1,2,5,4,0,6,1
61,137,8357,198,68215413,-1,3,-204646238,63393444,5599,5579,5385,5775,1,1,21,1,2,5,4,0,6,1
61,137,8357,198,68215413,0,1,-68215412,63393444,5599,5579,5385,5775,1,1,21,1,2,5,4,0,6,1
61,137,8357,198,68215413,1,1,-68215412,63393444,5599,5579,5385,5775,1,1,21,1,2,5,4,0,6,1
61,137,8357,198,68215413,2,3,-204646238,63393444,5599,5579,5385,5775,1,1,21,1,2,5,4,0,6,1
61,137,8357,198,68215413,3,7,-477507890,63393444,5599,5579,5385,5775,1,1,21,1,2,5,4,0,6,1
61,137,8357,198,68215413,5,21,-1432523672,63393444,5599,5579,5385,5775,1,1,21,1,2,5,4,0,6,1
61,137,8357,198,68215413,7,43,-2933262758,63393444,5599,5579,5385,5775,1,1,21,1,2,5,4,0,6,1
61,137,8357,198,68215413,11,111,-7571910842,63393444,5599,5579,5385,5775,1,1,21,1,2,5,4,0,6,1
61,139,8479,200,70228963,-2,7,-491602740,65286400,6579,5885,5689,6083,1,1,1,1,1,5,6,0,3,1
61,139,8479,200,70228963,-1,3,-210686888,65286400,6579,5885,5689,6083,1,1,1,1,1,5,6,0,3,1
61,139,8479,200,70228963,0,1,-70228962,65286400,6579,5885,5689,6083,1,1,1,1,1,5,6,0,3,1
61,139,8479,200,70228963,1,1,-70228962,65286400,6579,5885,5689,6083,1,1,1,1,1,5,6,0,3,1
61,139,8479,200,70228963,2,3,-210686888,65286400,6579,5885,5689,6083,1,1,1,1,1,5,6,0,3,1
61,139,8479,200,70228963,3,7,-491602740,65286400,6579,5885,5689,6083,1,1,1,1,1,5,6,0,3,1
61,139,8479,200,70228963,5,21,-1474808222,65286400,6579,5885,5689,6083,1,1,1,1,1,5,6,0,3,1
61,139,8479,200,70228963,7,43,-3019845408,65286400,6579,5885,5689,6083,1,1,1,1,1,5,6,0,3,1
61,139,8479,200,70228963,11,111,-7795414892,65286400,6579,5885,5689,6083,1,1,1,1,1,5,6,0,3,1
61,149,9089,210,80736033,-2,7,-565152230,75168900,2870,7535,7329,7743,1,1,3,1,2,5,2,0,3,1
61,149,9089,210,80736033,-1,3,-242208098,75168900,2870,7535,7329,7743,1,1,3,1,2,5,2,0,3,1
61,149,9089,210,80736033,0,1,-80736032,75168900,2870,7535,7329,7743,1,1,3,1,2,5,2,0,3,1
61,149,9089,210,80736033,1,1,-80736032,75168900,2870,7535,7329,7743,1,1,3,1,2,5,2,0,3,1
61,149,9089,210,80736033,2,3,-242208098,75168900,2870,7535,7329,7743,1,1,3,1,2,5,2,0,3,1
61,149,9089,210,80736033,3,7,-565152230,75168900,2870,7535,7329,7743,1,1,3,1,2,5,2,0,3,1
61,149,9089,210,80736033,5,21,-1695456692,75168900,2870,7535,7329,7743,1,1,3,1,2,5,2,0,3,1
61,149,9089,210,80736033,7,43,-3471649418,75168900,2870,7535,7329,7743,1,1,3,1,2,5,2,0,3,1
61,149,9089,210,80736033,11,111,-8961699662,75168900,2870,7535,7329,7743,1,1,3,1,2,5,2,0,3,1
61,151,9211,212,82925311,-2,7,-580477176,77228944,3920,7889,7681,8099,1,1,7,1,1,5,4,0,6,1
61,151,9211,212,82925311,-1,3,-248775932,77228944,3920,7889,7681,8099,1,1,7,1,1,5,4,0,6,1
61,151,9211,212,82925311,0,1,-82925310,77228944,3920,7889,7681,8099,1,1,7,1,1,5,4,0,6,1
61,151,9211,212,82925311,1,1,-82925310,77228944,3920,7889,7681,8099,1,1,7,1,1,5,4,0,6,1
61,151,9211,212,82925311,2,3,-248775932,77228944,3920,7889,7681,8099,1,1,7,1,1,5,4,0,6,1
61,151,9211,212,82925311,3,7,-580477176,77228944,3920,7889,7681,8099,1,1,7,1,1,5,4,0,6,1
61,151,9211,212,82925311,5,21,-1741431530,77228944,3920,7889,7681,8099,1,1,7,1,1,5,4,0,6,1
61,151,9211,212,82925311,7,43,-3565788372,77228944,3920,7889,7681,8099,1,1,7,1,1,5,4,0,6,1
61,151,9211,212,82925311,11,111,-9204709520,77228944,3920,7889,7681,8099,1,1,7,1,1,5,4,0,6,1
61,157,9577,218,89668873,-2,7,-627682110,83576164,7262,8999,8785,9215,1,7,1,1,1,5,3,0,0,1
61,157,9577,218,89668873,-1,3,-269006618,83576164,7262,8999,8785,9215,1,7,1,1,1,5,3,0,0,1
61,157,9577,218,89668873,0,1,-89668872,83576164,7262,8999,8785,9215,1,7,1,1,1,5,3,0,0,1
61,157,9577,218,89668873,1,1,-89668872,83576164,7262,8999,8785,9215,1,7,1,1,1,5,3,0,0,1
61,157,9577,218,89668873,2,3,-269006618,83576164,7262,8999,8785,9215,1,7,1,1,1,5,3,0,0,1
61,157,9577,218,89668873,3,7,-627682110,83576164,7262,8999,8785,9215,1,7,1,1,1,5,3,0,0,1
61,157,9577,218,89668873,5,21,-1883046332,83576164,7262,8999,8785,9215,1,7,1,1,1,5,3,0,0,1
61,157,9577,218,89668873,7,43,-3855761538,83576164,7262,8999,8785,9215,1,7,1,1,1,5,3,0,0,1
61,157,9577,218,89668873,11,111,-9953244902,83576164,7262,8999,8785,9215,1,7,1,1,1,5,3,0,0,1
61,163,9943,224,96676027,-2,7,-676732188,90174016,949,238,19,459,1,1,1,1,1,5,2,0,3,1
61,163,9943,224,96676027,-1,3,-290028080,90174016,949,238,19,459,1,1,1,1,1,5,2,0,3,1
61,163,9943,224,96676027,0,1,-96676026,90174016,949,238,19,459,1,1,1,1,1,5,2,0,3,1
61,163,9943,224,96676027,1,1,-96676026,90174016,949,238,19,459,1,1,1,1,1,5,2,0,3,1
61,163,9943,224,96676027,2,3,-290028080,90174016,949,238,19,459,1,1,1,1,1,5,2,0,3,1
61,163,9943,224,96676027,3,7,-676732188,90174016,949,238,19,459,1,1,1,1,1,5,2,0,3,1
61,163,9943,224,96676027,5,21,-2030196566,90174016,949,238,19,459,1,1,1,1,1,5,2,0,3,1
61,163,9943,224,96676027,7,43,-4157069160,90174016,949,238,19,459,1,1,1,1,1,5,2,0,3,1
61,163,9943,224,96676027,11,111,-10731038996,90174016,949,238,19,459,1,1,1,1,1,5,2,0,3,1
61,167,10187,228,101493903,-2,7,-710457320,94711824,3285,822,599,1047,1,1,3,1,2,5,6,0,3,1
61,167,10187,228,101493903,-1,3,-304481708,94711824,3285,822,599,1047,1,1,3,1,2,5,6,0,3,1
61,167,10187,228,101493903,0,1,-101493902,94711824,3285,822,599,1047,1,1,3,1,2,5,6,0,3,1
61,167,10187,228,101493903,1,1,-101493902,94711824,3285,822,599,1047,1,1,3,1,2,5,6,0,3,1
61,167,10187,228,101493903,2,3,-304481708,94711824,3285,822,599,1047,1,1,3,1,2,5,6,0,3,1
61,167,10187,228,101493903,3,7,-710457320,94711824,3285,822,599,1047,1,1,3,1,2,5,6,0,3,1
61,167,10187,228,101493903,5,21,-2131371962,94711824,3285,822,599,1047,1,1,3,1,2,5,6,0,3,1
61,167,10187,228,101493903,7,43,-4364237828,94711824,3285,822,599,1047,1,1,3,1,2,5,6,0,3,1
61,167,10187,228,101493903,11,111,-11265823232,94711824,3285,822,599,1047,1,1,3,1,2,5,6,0,3,1
61,173,10553,234,108940377,-2,7,-762582638,101727396,7029,1758,1529,1989,1,1,3,1,2,5,5,0,0,1
61,173,10553,234,108940377,-1,3,-326821130,101727396,7029,1758,1529,1989,1,1,3,1,2,5,5,0,0,1
61,173,10553,234,108940377,0,1,-108940376,101727396,7029,1758,1529,1989,1,1,3,1,2,5,5,0,0,1
61,173,10553,234,108940377,1,1,-108940376,101727396,7029,1758,1529,1989,1,1,3,1,2,5,5,0,0,1
61,173,10553,234,108940377,2,3,-326821130,101727396,7029,1758,1529,1989,1,1,3,1,2,5,5,0,0,1
61,173,10553,234,108940377,3,7,-762582638,101727396,7029,1758,1529,1989,1,1,3,1,2,5,5,0,0,1
61,173,10553,234,108940377,5,21,-2287747916,101727396,7029,1758,1529,1989,1,1,3,1,2,5,5,0,0,1
61,173,10553,234,108940377,7,43,-4684436210,101727396,7029,1758,1529,1989,1,1,3,1,2,5,5,0,0,1
61,173,10553,234,108940377,11,111,-12092381846,101727396,7029,1758,1529,1989,1,1,3,1,2,5,5,0,0,1
61,179,10919,240,116650443,-2,7,-816553100,108993600,142,2766,2531,3003,1,1,273,1,2,5,4,0,6,1
61,179,10919,240,116650443,-1,3,-349951328,108993600,142,2766,2531,3003,1,1,273,1,2,5,4,0,6,1
61,179,10919,240,116650443,0,1,-116650442,108993600,142,2766,2531,3003,1,1,273,1,2,5,4,0,6,1
61,179,10919,240,116650443,1,1,-116650442,108993600,142,2766,2531,3003,1,1,273,1,2,5,4,0,6,1
61,179,10919,240,116650443,2,3,-349951328,108993600,142,2766,2531,3003,1,1,273,1,2,5,4,0,6,1
61,179,10919,240,116650443,3,7,-816553100,108993600,142,2766,2531,3003,1,1,273,1,2,5,4,0,6,1
61,179,10919,240,116650443,5,21,-2449659302,108993600,142,2766,2531,3003,1,1,273,1,2,5,4,0,6,1
61,179,10919,240,116650443,7,43,-5015969048,108993600,142,2766,2531,3003,1,1,273,1,2,5,4,0,6,1
61,179,10919,240,116650443,11,111,-12948199172,108993600,142,2766,2531,3003,1,1,273,1,2,5,4,0,6,1
61,181,11041,242,119279041,-2,7,-834953286,111471364,1428,3118,2881,3357,1,1,1,1,1,5,6,0,3,1
61,181,11041,242,119279041,-1,3,-357837122,111471364,1428,3118,2881,3357,1,1,1,1,1,5,6,0,3,1
61,181,11041,242,119279041,0,1,-119279040,111471364,1428,3118,2881,3357,1,1,1,1,1,5,6,0,3,1
61,181,11041,242,119279041,1,1,-119279040,111471364,1428,3118,2881,3357,1,1,1,1,1,5,6,0,3,1
61,181,11041,242,119279041,2,3,-357837122,111471364,1428,3118,2881,3357,1,1,1,1,1,5,6,0,3,1
61,181,11041,242,119279041,3,7,-834953286,111471364,1428,3118,2881,3357,1,1,1,1,1,5,6,0,3,1
61,181,11041,242,119279041,5,21,-2504859860,111471364,1428,3118,2881,3357,1,1,1,1,1,5,6,0,3,1
61,181,11041,242,119279041,7,43,-5128998762,111471364,1428,3118,2881,3357,1,1,1,1,1,5,6,0,3,1
61,181,11041,242,119279041,11,111,-13239973550,111471364,1428,3118,2881,3357,1,1,1,1,1,5,6,0,3,1
61,191,11651,252,132861351,-2,7,-930029456,124277904,8338,4998,4751,5247,1,1,3,1,2,5,2,0,3,1
61,191,11651,252,132861351,-1,3,-398584052,124277904,8338,4998,4751,5247,1,1,3,1,2,5,2,0,3,1
61,191,11651,252,132861351,0,1,-132861350,124277904,8338,4998,4751,5247,1,1,3,1,2,5,2,0,3,1
61,191,11651,252,132861351,1,1,-132861350,124277904,8338,4998,4751,5247,1,1,3,1,2,5,2,0,3,1
61,191,11651,252,132861351,2,3,-398584052,124277904,8338,4998,4751,5247,1,1,3,1,2,5,2,0,3,1
61,191,11651,252,132861351,3,7,-930029456,124277904,8338,4998,4751,5247,1,1,3,1,2,5,2,0,3,1
61,191,11651,252,132861351,5,21,-2790088370,124277904,8338,4998,4751,5247,1,1,3,1,2,5,2,0,3,1
61,191,11651,252,132861351,7,43,-5713038092,124277904,8338,4998,4751,5247,1,1,3,1,2,5,2,0,3,1
61,191,11651,252,132861351,11,111,-14747609960,124277904,8338,4998,4751,5247,1,1,3,1,2,5,2,0,3,1
61,193,11773,254,135665677,-2,7,-949659738,126922756,9816,5398,5149,5649,1,1,7,1,1,5,4,0,6,1
61,193,11773,254,135665677,-1,3,-406997030,126922756,9816,5398,5149,5649,1,1,7,1,1,5,4,0,6,1
61,193,11773,254,135665677,0,1,-135665676,126922756,9816,5398,5149,5649,1,1,7,1,1,5,4,0,6,1
61,193,11773,254,135665677,1,1,-135665676,126922756,9816,5398,5149,5649,1,1,7,1,1,5,4,0,6,1
61,193,11773,254,135665677,2,3,-406997030,126922756,9816,5398,5149,5649,1,1,7,1,1,5,4,0,6,1
61,193,11773,254,135665677,3,7,-949659738,126922756,9816,5398,5149,5649,1,1,7,1,1,5,4,0,6,1
61,193,11773,254,135665677,5,21,-2848979216,126922756,9816,5398,5149,5649,1,1,7,1,1,5,4,0,6,1
61,193,11773,254,135665677,7,43,-5833624110,126922756,9816,5398,5149,5649,1,1,7,1,1,5,4,0,6,1
61,193,11773,254,135665677,11,111,-15058890146,126922756,9816,5398,5149,5649,1,1,7,1,1,5,4,0,6,1
61,197,12017,258,141362193,-2,7,-989535350,132296004,851,6222,5969,6477,61,1,3,1,2,5,1,0,1,1
61,197,12017,258,141362193,-1,3,-424086578,132296004,851,6222,5969,6477,61,1,3,1,2,5,1,0,1,1
61,197,12017,258,141362193,0,1,-141362192,132296004,851,6222,5969,6477,61,1,3,1,2,5,1,0,1,1
61,197,12017,258,141362193,1,1,-141362192,132296004,851,6222,5969,6477,61,1,3,1,2,5,1,0,1,1
61,197,12017,258,141362193,2,3,-424086578,132296004,851,6222,5969,6477,61,1,3,1,2,5,1,0,1,1
61,197,12017,258,141362193,3,7,-989535350,132296004,851,6222,5969,6477,61,1,3,1,2,5,1,0,1,1
61,197,12017,258,141362193,5,21,-2968606052,132296004,851,6222,5969,6477,61,1,3,1,2,5,1,0,1,1
61,197,12017,258,141362193,7,43,-6078574298,132296004,851,6222,5969,6477,61,1,3,1,2,5,1,0,1,1
61,197,12017,258,141362193,11,111,-15691203422,132296004,851,6222,5969,6477,61,1,3,1,2,5,1,0,1,1
61,199,12139,260,144254383,-2,7,-1009780680,135024400,2303,6646,6391,6903,1,7,1,1,1,5,3,0,0,1
61,199,12139,260,144254383,-1,3,-432763148,135024400,2303,6646,6391,6903,1,7,1,1,1,5,3,0,0,1
61,199,12139,260,144254383,0,1,-144254382,135024400,2303,6646,6391,6903,1,7,1,1,1,5,3,0,0,1
61,199,12139,260,144254383,1,1,-144254382,135024400,2303,6646,6391,6903,1,7,1,1,1,5,3,0,0,1
61,199,12139,260,144254383,2,3,-432763148,135024400,2303,6646,6391,6903,1,7,1,1,1,5,3,0,0,1
61,199,12139,260,144254383,3,7,-1009780680,135024400,2303,6646,6391,6903,1,7,1,1,1,5,3,0,0,1
61,199,12139,260,144254383,5,21,-3029342042,135024400,2303,6646,6391,6903,1,7,1,1,1,5,3,0,0,1
61,199,12139,260,144254383,7,43,-6202938468,135024400,2303,6646,6391,6903,1,7,1,1,1,5,3,0,0,1
61,199,12139,260,144254383,11,111,-16012236512,135024400,2303,6646,6391,6903,1,7,1,1,1,5,3,0,0,1
67,71,4757,138,21986733,-2,7,-153907130,20088324,4270,4636,4501,15,1,1,3,1,2,4,1,6,1,1
67,71,4757,138,21986733,-1,3,-65960198,20088324,4270,4636,4501,15,1,1,3,1,2,4,1,6,1,4
67,71,4757,138,21986733,0,1,-21986732,20088324,4270,4636,4501,15,1,1,3,1,2,4,1,6,1,2
67,71,4757,138,21986733,1,1,-21986732,20088324,4270,4636,4501,15,1,1,3,1,2,4,1,6,1,2
67,71,4757,138,21986733,2,3,-65960198,20088324,4270,4636,4501,15,1,1,3,1,2,4,1,6,1,4
67,71,4757,138,21986733,3,7,-153907130,20088324,4270,4636,4501,15,1,1,3,1,2,4,1,6,1,1
67,71,4757,138,21986733,5,21,-461721392,20088324,4270,4636,4501,15,1,1,3,1,2,4,1,6,1,1
67,71,4757,138,21986733,7,43,-945429518,20088324,4270,4636,4501,15,1,1,3,1,2,4,1,6,1,2
67,71,4757,138,21986733,11,111,-2440527362,20088324,4270,4636,4501,15,1,1,3,1,2,4,1,6,1,0
67,73,4891,140,23251711,-2,7,-162761976,21270544,4476,4788,4651,35,1,1,1,1,1,4,3,6,0,1
67,73,4891,140,23251711,-1,3,-69755132,21270544,4476,4788,4651,35,1,1,1,1,1,4,3,6,0,1
67,73,4891,140,23251711,0,1,-23251710,21270544,4476,4788,4651,35,1,1,1,1,1,4,3,6,0,1
67,73,4891,140,23251711,1,1,-23251710,21270544,4476,4788,4651,35,1,1,1,1,1,4,3,6,0,1
67,73,4891,140,23251711,2,3,-69755132,21270544,4476,4788,4651,35,1,1,1,1,1,4,3,6,0,1
67,73,4891,140,23251711,3,7,-162761976,21270544,4476,4788,4651,35,1,1,1,1,1,4,3,6,0,1
67,73,4891,140,23251711,5,21,-488285930,21270544,4476,4788,4651,35,1,1,1,1,1,4,3,6,0,1
67,73,4891,140,23251711,7,43,-999823572,21270544,4476,4788,4651,35,1,1,1,1,1,4,3,6,0,1
67,73,4891,140,23251711,11,111,-2580939920,21270544,4476,4788,4651,35,1,1,1,1,1,4,3,6,0,1
67,79,5293,146,27258949,-2,7,-190812642,25020004,5286,5292,5149,143,1,1,1,1,1,4,2,6,3,1
67,79,5293,146,27258949,-1,3,-81776846,25020004,5286,5292,5149,143,1,1,1,1,1,4,2,6,3,3
67,79,5293,146,27258949,0,1,-27258948,25020004,5286,5292,5149,143,1,1,1,1,1,4,2,6,3,4
67,79,5293,146,27258949,1,1,-27258948,25020004,5286,5292,5149,143,1,1,1,1,1,4,2,6,3,4
67,79,5293,146,27258949,2,3,-81776846,25020004,5286,5292,5149,143,1,1,1,1,1,4,2,6,3,3
67,79,5293,146,27258949,3,7,-190812642,25020004,5286,5292,5149,143,1,1,1,1,1,4,2,6,3,1
67,79,5293,146,27258949,5,21,-572437928,25020004,5286,5292,5149,143,1,1,1,1,1,4,2,6,3,1
67,79,5293,146,27258949,7,43,-1172134806,25020004,5286,5292,5149,143,1,1,1,1,1,4,2,6,3,4
67,79,5293,146,27258949,11,111,-3025743338,25020004,5286,5292,5149,143,1,1,1,1,1,4,2,6,3,5
67,83,5561,150,30107361,-2,7,-210751526,27688644,425,107,5521,255,1,1,3,1,2,4,6,6,3,1
67,83,5561,150,30107361,-1,3,-90322082,27688644,425,107,5521,255,1,1,3,1,2,4,6,6,3,3
67,83,5561,150,30107361,0,1,-30107360,27688644,425,107,5521,255,1,1,3,1,2,4,6,6,3,4
67,83,5561,150,30107361,1,1,-30107360,27688644,425,107,5521,255,1,1,3,1,2,4,6,6,3,4
67,83,5561,150,30107361,2,3,-90322082,27688644,425,107,5521,255,1,1,3,1,2,4,6,6,3,3
67,83,5561,150,30107361,3,7,-210751526,27688644,425,107,5521,255,1,1,3,1,2,4,6,6,3,1
67,83,5561,150,30107361,5,21,-632254580,27688644,425,107,5521,255,1,1,3,1,2,4,6,6,3,1
67,83,5561,150,30107361,7,43,-1294616522,27688644,425,107,5521,255,1,1,3,1,2,4,6,6,3,4
67,83,5561,150,30107361,11,111,-3341917070,27688644,425,107,5521,255,1,1,3,1,2,4,6,6,3,5
67,89,5963,156,34645359,-2,7,-242517512,31945104,1313,329,177,483,1,1,21,1,2,4,5,6,0,1
67,89,5963,156,34645359,-1,3,-103936076,31945104,1313,329,177,483,1,1,21,1,2,4,5,6,0,1
67,89,5963,156,34645359,0,1,-34645358,31945104,1313,329,177,483,1,1,21,1,2,4,5,6,0,1
67,89,5963,156,34645359,1,1,-34645358,31945104,1313,329,177,483,1,1,21,1,2,4,5,6,0,1
67,89,5963,156,34645359,2,3,-103936076,31945104,1313,329,177,483,1,1,21,1,2,4,5,6,0,1
67,89,5963,156,34645359,3,7,-242517512,31945104,1313,329,177,483,1,1,21,1,2,4,5,6,0,1
67,89,5963,156,34645359,5,21,-727552538,31945104,1313,329,177,483,1,1,21,1,2,4,5,6,0,1
67,89,5963,156,34645359,7,43,-1489750436,31945104,1313,329,177,483,1,1,21,1,2,4,5,6,0,1
67,89,5963,156,34645359,11,111,-3845634848,31945104,1313,329,177,483,1,1,21,1,2,4,5,6,0,1
67,97,6499,164,41191399,-2,7,-288339792,38093584,2945,737,577,899,67,1,1,1,1,4,6,6,3,1
67,97,6499,164,41191399,-1,3,-123574196,38093584,2945,737,577,899,67,1,1,1,1,4,6,6,3,3
67,97,6499,164,41191399,0,1,-41191398,38093584,2945,737,577,899,67,1,1,1,1,4,6,6,3,4
67,97,6499,164,41191399,1,1,-41191398,38093584,2945,737,577,899,67,1,1,1,1,4,6,6,3,4
67,97,6499,164,41191399,2,3,-123574196,38093584,2945,737,577,899,67,1,1,1,1,4,6,6,3,3
67,97,6499,164,41191399,3,7,-288339792,38093584,2945,737,577,899,67,1,1,1,1,4,6,6,3,1
67,97,6499,164,41191399,5,21,-865019378,38093584,2945,737,577,899,67,1,1,1,1,4,6,6,3,1
67,97,6499,164,41191399,7,43,-1771230156,38093584,2945,737,577,899,67,1,1,1,1,4,6,6,3,4
67,97,6499,164,41191399,11,111,-4572245288,38093584,2945,737,577,899,67,1,1,1,1,4,6,6,3,5
67,101,6767,168,44676723,-2,7,-312737060,41370624,3953,989,825,1155,1,1,3,1,2,4,3,6,0,1
67,101,6767,168,44676723,-1,3,-134030168,41370624,3953,989,825,1155,1,1,3,1,2,4,3,6,0,1
67,101,6767,168,44676723,0,1,-44676722,41370624,3953,989,825,1155,1,1,3,1,2,4,3,6,0,1
67,101,6767,168,44676723,1,1,-44676722,41370624,3953,989,825,1155,1,1,3,1,2,4,3,6,0,1
67,101,6767,168,44676723,2,3,-134030168,41370624,3953,989,825,1155,1,1,3,1,2,4,3,6,0,1
67,101,6767,168,44676723,3,7,-312737060,41370624,3953,989,825,1155,1,1,3,1,2,4,3,6,0,1
67,101,6767,168,44676723,5,21,-938211182,41370624,3953,989,825,1155,1,1,3,1,2,4,3,6,0,1
67,101,6767,168,44676723,7,43,-1921099088,41370624,3953,989,825,1155,1,1,3,1,2,4,3,6,0,1
67,101,6767,168,44676723,11,111,-4959116252,41370624,3953,989,825,1155,1,1,3,1,2,4,3,6,0,1
67,103,6901,170,46472461,-2,7,-325307226,43059844,4505,1127,961,1295,1,1,7,1,1,4,5,6,0,1
67,103,6901,170,46472461,-1,3,-139417382,43059844,4505,1127,961,1295,1,1,7,1,1,4,5,6,0,1
67,103,6901,170,46472461,0,1,-46472460,43059844,4505,1127,961,1295,1,1,7,1,1,4,5,6,0,1
67,103,6901,170,46472461,1,1,-46472460,43059844,4505,1127,961,1295,1,1,7,1,1,4,5,6,0,1
67,103,6901,170,46472461,2,3,-139417382,43059844,4505,1127,961,1295,1,1,7,1,1,4,5,6,0,1
67,103,6901,170,46472461,3,7,-325307226,43059844,4505,1127,961,1295,1,1,7,1,1,4,5,6,0,1
67,103,6901,170,46472461,5,21,-975921680,43059844,4505,1127,961,1295,1,1,7,1,1,4,5,6,0,1
67,103,6901,170,46472461,7,43,-1998315822,43059844,4505,1127,961,1295,1,1,7,1,1,4,5,6,0,1
67,103,6901,170,46472461,11,111,-5158443170,43059844,4505,1127,961,1295,1,1,7,1,1,4,5,6,0,1
67,107,7169,174,50170089,-2,7,-351190622,46539684,5705,1427,1257,1599,1,1,3,1,2,4,2,6,3,1
67,107,7169,174,50170089,-1,3,-150510266,46539684,5705,1427,1257,1599,1,1,3,1,2,4,2,6,3,3
67,107,7169,174,50170089,0,1,-50170088,46539684,5705,1427,1257,1599,1,1,3,1,2,4,2,6,3,4
67,107,7169,174,50170089,1,1,-50170088,46539684,5705,1427,1257,1599,1,1,3,1,2,4,2,6,3,4
67,107,7169,174,50170089,2,3,-150510266,46539684,5705,1427,1257,1599,1,1,3,1,2,4,2,6,3,3
67,107,7169,174,50170089,3,7,-351190622,46539684,5705,1427,1257,1599,1,1,3,1,2,4,2,6,3,1
67,107,7169,174,50170089,5,21,-1053571868,46539684,5705,1427,1257,1599,1,1,3,1,2,4,2,6,3,1
67,107,7169,174,50170089,7,43,-2157313826,46539684,5705,1427,1257,1599,1,1,3,1,2,4,2,6,3,4
67,107,7169,174,50170089,11,111,-5568879878,46539684,5705,1427,1257,1599,1,1,3,1,2,4,2,6,3,5
67,109,7303,176,52071979,-2,7,-364503852,48330304,6353,1589,1417,1763,1,1,1,1,1,4,4,6,6,1
67,109,7303,176,52071979,-1,3,-156215936,48330304,6353,1589,1417,1763,1,1,1,1,1,4,4,6,6,5
67,109,7303,176,52071979,0,1,-52071978,48330304,6353,1589,1417,1763,1,1,1,1,1,4,4,6,6,0
67,109,7303,176,52071979,1,1,-52071978,48330304,6353,1589,1417,1763,1,1,1,1,1,4,4,6,6,0
67,109,7303,176,52071979,2,3,-156215936,48330304,6353,1589,1417,1763,1,1,1,1,1,4,4,6,6,5
67,109,7303,176,52071979,3,7,-364503852,48330304,6353,1589,1417,1763,1,1,1,1,1,4,4,6,6,1
67,109,7303,176,52071979,5,21,-1093511558,48330304,6353,1589,1417,1763,1,1,1,1,1,4,4,6,6,1
67,109,7303,176,52071979,7,43,-2239095096,48330304,6353,1589,1417,1763,1,1,1,1,1,4,4,6,6,0
67,109,7303,176,52071979,11,111,-5779989668,48330304,6353,1589,1417,1763,1,1,1,1,1,4,4,6,6,2
67,113,7571,180,55981911,-2,7,-391873376,52012944,174,1937,1761,2115,1,1,3,1,2,4,1,6,1,1
67,113,7571,180,55981911,-1,3,-167945732,52012944,174,1937,1761,2115,1,1,3,1,2,4,1,6,1,4
67,113,7571,180,55981911,0,1,-55981910,52012944,174,1937,1761,2115,1,1,3,1,2,4,1,6,1,2
67,113,7571,180,55981911,1,1,-55981910,52012944,174,1937,1761,2115,1,1,3,1,2,4,1,6,1,2
67,113,7571,180,55981911,2,3,-167945732,52012944,174,1937,1761,2115,1,1,3,1,2,4,1,6,1,4
67,113,7571,180,55981911,3,7,-391873376,52012944,174,1937,1761,2115,1,1,3,1,2,4,1,6,1,1
67,113,7571,180,55981911,5,21,-1175620130,52012944,174,1937,1761,2115,1,1,3,1,2,4,1,6,1,1
67,113,7571,180,55981911,7,43,-2407222172,52012944,174,1937,1761,2115,1,1,3,1,2,4,1,6,1,2
67,113,7571,180,55981911,11,111,-6213992120,52012944,174,1937,1761,2115,1,1,3,1,2,4,1,6,1,0
67,127,8509,194,70781269,-2,7,-495468882,65966884,5116,3407,3217,3599,1,1,1,1,1,4,1,6,1,1
67,127,8509,194,70781269,-1,3,-212343806,65966884,5116,3407,3217,3599,1,1,1,1,1,4,1,6,1,4
67,127,8509,194,70781269,0,1,-70781268,65966884,5116,3407,3217,3599,1,1,1,1,1,4,1,6,1,2
67,127,8509,194,70781269,1,1,-70781268,65966884,5116,3407,3217,3599,1,1,1,1,1,4,1,6,1,2
67,127,8509,194,70781269,2,3,-212343806,65966884,5116,3407,3217,3599,1,1,1,1,1,4,1,6,1,4
67,127,8509,194,70781269,3,7,-495468882,65966884,5116,3407,3217,3599,1,1,1,1,1,4,1,6,1,1
67,127,8509,194,70781269,5,21,-1486406648,65966884,5116,3407,3217,3599,1,1,1,1,1,4,1,6,1,1
67,127,8509,194,70781269,7,43,-3043594566,65966884,5116,3407,3217,3599,1,1,1,1,1,4,1,6,1,2
67,127,8509,194,70781269,11,111,-7856720858,65966884,5116,3407,3217,3599,1,1,1,1,1,4,1,6,1,0
67,131,8777,198,75328113,-2,7,-527296790,70257924,6816,3899,3705,4095,1,1,21,1,2,4,5,6,0,1
67,131,8777,198,75328113,-1,3,-225984338,70257924,6816,3899,3705,4095,1,1,21,1,2,4,5,6,0,1
67,131,8777,198,75328113,0,1,-75328112,70257924,6816,3899,3705,4095,1,1,21,1,2,4,5,6,0,1
67,131,8777,198,75328113,1,1,-75328112,70257924,6816,3899,3705,4095,1,1,21,1,2,4,5,6,0,1
67,131,8777,198,75328113,2,3,-225984338,70257924,6816,3899,3705,4095,1,1,21,1,2,4,5,6,0,1
67,131,8777,198,75328113,3,7,-527296790,70257924,6816,3899,3705,4095,1,1,21,1,2,4,5,6,0,1
67,131,8777,198,75328113,5,21,-1581890372,70257924,6816,3899,3705,4095,1,1,21,1,2,4,5,6,0,1
67,131,8777,198,75328113,7,43,-3239108858,70257924,6816,3899,3705,4095,1,1,21,1,2,4,5,6,0,1
67,131,8777,198,75328113,11,111,-8361420542,70257924,6816,3899,3705,4095,1,1,21,1,2,4,5,6,0,1
67,137,9179,204,82413759,-2,7,-576896312,76947984,427,4697,4497,4899,1,1,3,1,2,4,4,6,6,1
67,137,9179,204,82413759,-1,3,-247241276,76947984,427,4697,4497,4899,1,1,3,1,2,4,4,6,6,5
67,137,9179,204,82413759,0,1,-82413758,76947984,427,4697,4497,4899,1,1,3,1,2,4,4,6,6,0
67,137,9179,204,82413759,1,1,-82413758,76947984,427,4697,4497,4899,1,1,3,1,2,4,4,6,6,0
67,137,9179,204,82413759,2,3,-247241276,76947984,427,4697,4497,4899,1,1,3,1,2,4,4,6,6,5
67,137,9179,204,82413759,3,7,-576896312,76947984,427,4697,4497,4899,1,1,3,1,2,4,4,6,6,1
67,137,9179,204,82413759,5,21,-1730688938,76947984,427,4697,4497,4899,1,1,3,1,2,4,4,6,6,1
67,137,9179,204,82413759,7,43,-3543791636,76947984,427,4697,4497,4899,1,1,3,1,2,4,4,6,6,0
67,137,9179,204,82413759,11,111,-9147927248,76947984,427,4697,4497,4899,1,1,3,1,2,4,4,6,6,2
67,139,9313,206,84846409,-2,7,-593924862,79245604,1287,4979,4777,5183,1,1,1,1,1,4,6,6,3,1
67,139,9313,206,84846409,-1,3,-254539226,79245604,1287,4979,4777,5183,1,1,1,1,1,4,6,6,3,3
67,139,9313,206,84846409,0,1,-84846408,79245604,1287,4979,4777,5183,1,1,1,1,1,4,6,6,3,4
67,139,9313,206,84846409,1,1,-84846408,79245604,1287,4979,4777,5183,1,1,1,1,1,4,6,6,3,4
67,139,9313,206,84846409,2,3,-254539226,79245604,1287,4979,4777,5183,1,1,1,1,1,4,6,6,3,3
67,139,9313,206,84846409,3,7,-593924862,79245604,1287,4979,4777,5183,1,1,1,1,1,4,6,6,3,1
67,139,9313,206,84846409,5,21,-1781774588,79245604,1287,4979,4777,5183,1,1,1,1,1,4,6,6,3,1
67,139,9313,206,84846409,7,43,-3648395586,79245604,1287,4979,4777,5183,1,1,1,1,1,4,6,6,3,4
67,139,9313,206,84846409,11,111,-9417951398,79245604,1287,4979,4777,5183,1,1,1,1,1,4,6,6,3,5
67,149,9983,216,97540419,-2,7,-682782932,91240704,6067,6509,6297,6723,1,1,3,1,2,4,2,6,3,1
67,149,9983,216,97540419,-1,3,-292621256,91240704,6067,6509,6297,6723,1,1,3,1,2,4,2,6,3,3
67,149,9983,216,97540419,0,1,-97540418,91240704,6067,6509,6297,6723,1,1,3,1,2,4,2,6,3,4
67,149,9983,216,97540419,1,1,-97540418,91240704,6067,6509,6297,6723,1,1,3,1,2,4,2,6,3,4
67,149,9983,216,97540419,2,3,-292621256,91240704,6067,6509,6297,6723,1,1,3,1,2,4,2,6,3,3
67,149,9983,216,97540419,3,7,-682782932,91240704,6067,6509,6297,6723,1,1,3,1,2,4,2,6,3,1
67,149,9983,216,97540419,5,21,-2048348798,91240704,6067,6509,6297,6723,1,1,3,1,2,4,2,6,3,1
67,149,9983,216,97540419,7,43,-4194238016,91240704,6067,6509,6297,6723,1,1,3,1,2,4,2,6,3,4
67,149,9983,216,97540419,11,111,-10826986508,91240704,6067,6509,6297,6723,1,1,3,1,2,4,2,6,3,5
67,151,10117,218,100185373,-2,7,-701297610,93741124,7119,6839,6625,7055,1,1,1,1,1,4,4,6,6,1
67,151,10117,218,100185373,-1,3,-300556118,93741124,7119,6839,6625,7055,1,1,1,1,1,4,4,6,6,5
67,151,10117,218,100185373,0,1,-100185372,93741124,7119,6839,6625,7055,1,1,1,1,1,4,4,6,6,0
67,151,10117,218,100185373,1,1,-100185372,93741124,7119,6839,6625,7055,1,1,1,1,1,4,4,6,6,0
67,151,10117,218,100185373,2,3,-300556118,93741124,7119,6839,6625,7055,1,1,1,1,1,4,4,6,6,5
67,151,10117,218,100185373,3,7,-701297610,93741124,7119,6839,6625,7055,1,1,1,1,1,4,4,6,6,1
67,151,10117,218,100185373,5,21,-2103892832,93741124,7119,6839,6625,7055,1,1,1,1,1,4,4,6,6,1
67,151,10117,218,100185373,7,43,-4307971038,93741124,7119,6839,6625,7055,1,1,1,1,1,4,4,6,6,0
67,151,10117,218,100185373,11,111,-11120576402,93741124,7119,6839,6625,7055,1,1,1,1,1,4,4,6,6,2
67,157,10519,224,108332539,-2,7,-758327772,101445184,10467,7877,7657,8099,1,1,1,1,1,4,3,6,0,1
67,157,10519,224,108332539,-1,3,-324997616,101445184,10467,7877,7657,8099,1,1,1,1,1,4,3,6,0,1
67,157,10519,224,108332539,0,1,-108332538,101445184,10467,7877,7657,8099,1,1,1,1,1,4,3,6,0,1
67,157,10519,224,108332539,1,1,-108332538,101445184,10467,7877,7657,8099,1,1,1,1,1,4,3,6,0,1
67,157,10519,224,108332539,2,3,-324997616,101445184,10467,7877,7657,8099,1,1,1,1,1,4,3,6,0,1
67,157,10519,224,108332539,3,7,-758327772,101445184,10467,7877,7657,8099,1,1,1,1,1,4,3,6,0,1
67,157,10519,224,108332539,5,21,-2274983318,101445184,10467,7877,7657,8099,1,1,1,1,1,4,3,6,0,1
67,157,10519,224,108332539,7,43,-4658299176,101445184,10467,7877,7657,8099,1,1,1,1,1,4,3,6,0,1
67,157,10519,224,108332539,11,111,-12024911828,101445184,10467,7877,7657,8099,1,1,1,1,1,4,3,6,0,1
67,163,10921,230,116798161,-2,7,-817587126,109453444,3182,8987,8761,9215,1,1,1,1,1,4,2,6,3,1
67,163,10921,230,116798161,-1,3,-350394482,109453444,3182,8987,8761,9215,1,1,1,1,1,4,2,6,3,3
67,163,10921,230,116798161,0,1,-116798160,109453444,3182,8987,8761,9215,1,1,1,1,1,4,2,6,3,4
67,163,10921,230,116798161,1,1,-116798160,109453444,3182,8987,8761,9215,1,1,1,1,1,4,2,6,3,4
67,163,10921,230,116798161,2,3,-350394482,109453444,3182,8987,8761,9215,1,1,1,1,1,4,2,6,3,3
67,163,10921,230,116798161,3,7,-817587126,109453444,3182,8987,8761,9215,1,1,1,1,1,4,2,6,3,1
67,163,10921,230,116798161,5,21,-2452761380,109453444,3182,8987,8761,9215,1,1,1,1,1,4,2,6,3,1
67,163,10921,230,116798161,7,43,-5022320922,109453444,3182,8987,8761,9215,1,1,1,1,1,4,2,6,3,4
67,163,10921,230,116798161,11,111,-12964595870,109453444,3182,8987,8761,9215,1,1,1,1,1,4,2,6,3,5
67,167,11189,234,122618829,-2,7,-858331802,114961284,5498,9767,9537,9999,1,1,3,1,2,4,6,6,3,1
67,167,11189,234,122618829,-1,3,-367856486,114961284,5498,9767,9537,9999,1,1,3,1,2,4,6,6,3,3
67,167,11189,234,122618829,0,1,-122618828,114961284,5498,9767,9537,9999,1,1,3,1,2,4,6,6,3,4
67,167,11189,234,122618829,1,1,-122618828,114961284,5498,9767,9537,9999,1,1,3,1,2,4,6,6,3,4
67,167,11189,234,122618829,2,3,-367856486,114961284,5498,9767,9537,9999,1,1,3,1,2,4,6,6,3,3
67,167,11189,234,122618829,3,7,-858331802,114961284,5498,9767,9537,9999,1,1,3,1,2,4,6,6,3,1
67,167,11189,234,122618829,5,21,-2574995408,114961284,5498,9767,9537,9999,1,1,3,1,2,4,6,6,3,1
67,167,11189,234,122618829,7,43,-5272609646,114961284,5498,9767,9537,9999,1,1,3,1,2,4,6,6,3,4
67,167,11189,234,122618829,11,111,-13610690018,114961284,5498,9767,9537,9999,1,1,3,1,2,4,6,6,3,5
67,173,11591,240,131615211,-2,7,-921306476,123476544,9212,10997,10761,11235,1,1,21,1,2,4,5,6,0,1
67,173,11591,240,131615211,-1,3,-394845632,123476544,9212,10997,10761,11235,1,1,21,1,2,4,5,6,0,1
67,173,11591,240,131615211,0,1,-131615210,123476544,9212,10997,10761,11235,1,1,21,1,2,4,5,6,0,1
67,173,11591,240,131615211,1,1,-131615210,123476544,9212,10997,10761,11235,1,1,21,1,2,4,5,6,0,1
67,173,11591,240,131615211,2,3,-394845632,123476544,9212,10997,10761,11235,1,1,21,1,2,4,5,6,0,1
67,173,11591,240,131615211,3,7,-921306476,123476544,9212,10997,10761,11235,1,1,21,1,2,4,5,6,0,1
67,173,11591,240,131615211,5,21,-2763919430,123476544,9212,10997,10761,11235,1,1,21,1,2,4,5,6,0,1
67,173,11591,240,131615211,7,43,-5659454072,123476544,9212,10997,10761,11235,1,1,21,1,2,4,5,6,0,1
67,173,11591,240,131615211,11,111,-14609288420,123476544,9212,10997,10761,11235,1,1,21,1,2,4,5,6,0,1
67,179,11993,246,140930049,-2,7,-986510342,132296004,1221,306,65,549,1,1,3,1,2,4,4,6,6,1
67,179,11993,246,140930049,-1,3,-422790146,132296004,1221,306,65,549,1,1,3,1,2,4,4,6,6,5
67,179,11993,246,140930049,0,1,-140930048,132296004,1221,306,65,549,1,1,3,1,2,4,4,6,6,0
67,179,11993,246,140930049,1,1,-140930048,132296004,1221,306,65,549,1,1,3,1,2,4,4,6,6,0
67,179,11993,246,140930049,2,3,-422790146,132296004,1221,306,65,549,1,1,3,1,2,4,4,6,6,5
67,179,11993,246,140930049,3,7,-986510342,132296004,1221,306,65,549,1,1,3,1,2,4,4,6,6,1
67,179,11993,246,140930049,5,21,-2959531028,132296004,1221,306,65,549,1,1,3,1,2,4,4,6,6,1
67,179,11993,246,140930049,7,43,-6059992106,132296004,1221,306,65,549,1,1,3,1,2,4,4,6,6,0
67,179,11993,246,140930049,11,111,-15643235438,132296004,1221,306,65,549,1,1,3,1,2,4,4,6,6,2
67,181,12127,248,144105763,-2,7,-1008740340,135303424,2485,622,379,867,1,1,1,1,1,4,6,6,3,1
67,181,12127,248,144105763,-1,3,-432317288,135303424,2485,622,379,867,1,1,1,1,1,4,6,6,3,3
67,181,12127,248,144105763,0,1,-144105762,135303424,2485,622,379,867,1,1,1,1,1,4,6,6,3,4
67,181,12127,248,144105763,1,1,-144105762,135303424,2485,622,379,867,1,1,1,1,1,4,6,6,3,4
67,181,12127,248,144105763,2,3,-432317288,135303424,2485,622,379,867,1,1,1,1,1,4,6,6,3,3
67,181,12127,248,144105763,3,7,-1008740340,135303424,2485,622,379,867,1,1,1,1,1,4,6,6,3,1
67,181,12127,248,144105763,5,21,-3026221022,135303424,2485,622,379,867,1,1,1,1,1,4,6,6,3,1
67,181,12127,248,144105763,7,43,-6196547808,135303424,2485,622,379,867,1,1,1,1,1,4,6,6,3,4
67,181,12127,248,144105763,11,111,-15995739692,135303424,2485,622,379,867,1,1,1,1,1,4,6,6,3,5
67,191,12797,258,160515093,-2,7,-1123605650,150847524,9285,2322,2069,2577,1,1,3,1,2,4,2,6,3,1
67,191,12797,258,160515093,-1,3,-481545278,150847524,9285,2322,2069,2577,1,1,3,1,2,4,2,6,3,3
67,191,12797,258,160515093,0,1,-160515092,150847524,9285,2322,2069,2577,1,1,3,1,2,4,2,6,3,4
67,191,12797,258,160515093,1,1,-160515092,150847524,9285,2322,2069,2577,1,1,3,1,2,4,2,6,3,4
67,191,12797,258,160515093,2,3,-481545278,150847524,9285,2322,2069,2577,1,1,3,1,2,4,2,6,3,3
67,191,12797,258,160515093,3,7,-1123605650,150847524,9285,2322,2069,2577,1,1,3,1,2,4,2,6,3,1
67,191,12797,258,160515093,5,21,-3370816952,150847524,9285,2322,2069,2577,1,1,3,1,2,4,2,6,3,1
67,191,12797,258,160515093,7,43,-6902148998,150847524,9285,2322,2069,2577,1,1,3,1,2,4,2,6,3,4
67,191,12797,258,160515093,11,111,-17817175322,150847524,9285,2322,2069,2577,1,1,3,1,2,4,2,6,3,5
67,193,12931,260,163903111,-2,7,-1147321776,154057744,10741,2686,2431,2943,1,1,1,1,1,4,4,6,6,1
67,193,12931,260,163903111,-1,3,-491709332,154057744,10741,2686,2431,2943,1,1,1,1,1,4,4,6,6,5
67,193,12931,260,163903111,0,1,-163903110,154057744,10741,2686,2431,2943,1,1,1,1,1,4,4,6,6,0
67,193,12931,260,163903111,1,1,-163903110,154057744,10741,2686,2431,2943,1,1,1,1,1,4,4,6,6,0
67,193,12931,260,163903111,2,3,-491709332,154057744,10741,2686,2431,2943,1,1,1,1,1,4,4,6,6,5
67,193,12931,260,163903111,3,7,-1147321776,154057744,10741,2686,2431,2943,1,1,1,1,1,4,4,6,6,1
67,193,12931,260,163903111,5,21,-3441965330,154057744,10741,2686,2431,2943,1,1,1,1,1,4,4,6,6,1
67,193,12931,260,163903111,7,43,-7047833772,154057744,10741,2686,2431,2943,1,1,1,1,1,4,4,6,6,0
67,193,12931,260,163903111,11,111,-18193245320,154057744,10741,2686,2431,2943,1,1,1,1,1,4,4,6,6,2
67,197,13199,264,170785299,-2,7,-1195497092,160579584,550,3438,3179,3699,1,1,3,1,2,4,1,6,1,1
67,197,13199,264,170785299,-1,3,-512355896,160579584,550,3438,3179,3699,1,1,3,1,2,4,1,6,1,4
67,197,13199,264,170785299,0,1,-170785298,160579584,550,3438,3179,3699,1,1,3,1,2,4,1,6,1,2
67,197,13199,264,170785299,1,1,-170785298,160579584,550,3438,3179,3699,1,1,3,1,2,4,1,6,1,2
67,197,13199,264,170785299,2,3,-512355896,160579584,550,3438,3179,3699,1,1,3,1,2,4,1,6,1,4
67,197,13199,264,170785299,3,7,-1195497092,160579584,550,3438,3179,3699,1,1,3,1,2,4,1,6,1,1
67,197,13199,264,170785299,5,21,-3586491278,160579584,550,3438,3179,3699,1,1,3,1,2,4,1,6,1,1
67,197,13199,264,170785299,7,43,-7343767856,160579584,550,3438,3179,3699,1,1,3,1,2,4,1,6,1,2
67,197,13199,264,170785299,11,111,-18957168188,160579584,550,3438,3179,3699,1,1,3,1,2,4,1,6,1,0
67,199,13333,266,174279469,-2,7,-1219956282,163891204,1968,3826,3565,4089,1,1,1,1,1,4,3,6,0,1
67,199,13333,266,174279469,-1,3,-522838406,163891204,1968,3826,3565,4089,1,1,1,1,1,4,3,6,0,1
67,199,13333,266,174279469,0,1,-174279468,163891204,1968,3826,3565,4089,1,1,1,1,1,4,3,6,0,1
67,199,13333,266,174279469,1,1,-174279468,163891204,1968,3826,3565,4089,1,1,1,1,1,4,3,6,0,1
67,199,13333,266,174279469,2,3,-522838406,163891204,1968,3826,3565,4089,1,1,1,1,1,4,3,6,0,1
67,199,13333,266,174279469,3,7,-1219956282,163891204,1968,3826,3565,4089,1,1,1,1,1,4,3,6,0,1
67,199,13333,266,174279469,5,21,-3659868848,163891204,1968,3826,3565,4089,1,1,1,1,1,4,3,6,0,1
67,199,13333,266,174279469,7,43,-7494017166,163891204,1968,3826,3565,4089,1,1,1,1,1,4,3,6,0,1
67,199,13333,266,174279469,11,111,-19345021058,163891204,1968,3826,3565,4089,1,1,1,1,1,4,3,6,0,1
71,73,5183,144,26132547,-2,7,-182927828,23970816,4624,5044,4903,3,1,1,3,2,1,1,3,1,0,1
71,73,5183,144,26132547,-1,3,-78397640,23970816,4624,5044,4903,3,1,1,3,2,1,1,3,1,0,1
71,73,5183,144,26132547,0,1,-26132546,23970816,4624,5044,4903,3,1,1,3,2,1,1,3,1,0,1
71,73,5183,144,26132547,1,1,-26132546,23970816,4624,5044,4903,3,1,1,3,2,1,1,3,1,0,1
71,73,5183,144,26132547,2,3,-78397640,23970816,4624,5044,4903,3,1,1,3,2,1,1,3,1,0,1
71,73,5183,144,26132547,3,7,-182927828,23970816,4624,5044,4903,3,1,1,3,2,1,1,3,1,0,1
71,73,5183,144,26132547,5,21,-548783486,23970816,4624,5044,4903,3,1,1,3,2,1,1,3,1,0,1
71,73,5183,144,26132547,7,43,-1123699520,23970816,4624,5044,4903,3,1,1,3,2,1,1,3,1,0,1
71,73,5183,144,26132547,11,111,-2900712716,23970816,4624,5044,4903,3,1,1,3,2,1,1,3,1,0,1
71,79,5609,150,30636273,-2,7,-214453910,28196100,5266,5524,5377,63,1,1,3,2,1,1,2,1,3,1
71,79,5609,150,30636273,-1,3,-91908818,28196100,5266,5524,5377,63,1,1,3,2,1,1,2,1,3,6
71,79,5609,150,30636273,0,1,-30636272,28196100,5266,5524,5377,63,1,1,3,2,1,1,2,1,3,5
71,79,5609,150,30636273,1,1,-30636272,28196100,5266,5524,5377,63,1,1,3,2,1,1,2,1,3,5
71,79,5609,150,30636273,2,3,-91908818,28196100,5266,5524,5377,63,1,1,3,2,1,1,2,1,3,6
71,79,5609,150,30636273,3,7,-214453910,28196100,5266,5524,5377,63,1,1,3,2,1,1,2,1,3,1
71,79,5609,150,30636273,5,21,-643361732,28196100,5266,5524,5377,63,1,1,3,2,1,1,2,1,3,1
71,79,5609,150,30636273,7,43,-1317359738,28196100,5266,5524,5377,63,1,1,3,2,1,1,2,1,3,5
71,79,5609,150,30636273,11,111,-3400626302,28196100,5266,5524,5377,63,1,1,3,2,1,1,2,1,3,4
71,83,5893,154,33837597,-2,7,-236863178,31203396,5854,5884,5733,143,1,3,1,2,2,1,6,1,3,1
71,83,5893,154,33837597,-1,3,-101512790,31203396,5854,5884,5733,143,1,3,1,2,2,1,6,1,3,6
71,83,5893,154,33837597,0,1,-33837596,31203396,5854,5884,5733,143,1,3,1,2,2,1,6,1,3,5
71,83,5893,154,33837597,1,1,-33837596,31203396,5854,5884,5733,143,1,3,1,2,2,1,6,1,3,5
71,83,5893,154,33837597,2,3,-101512790,31203396,5854,5884,5733,143,1,3,1,2,2,1,6,1,3,6
71,83,5893,154,33837597,3,7,-236863178,31203396,5854,5884,5733,143,1,3,1,2,2,1,6,1,3,1
71,83,5893,154,33837597,5,21,-710589536,31203396,5854,5884,5733,143,1,3,1,2,2,1,6,1,3,1
71,83,5893,154,33837597,7,43,-1455016670,31203396,5854,5884,5733,143,1,3,1,2,2,1,6,1,3,5
71,83,5893,154,33837597,11,111,-3755973266,31203396,5854,5884,5733,143,1,3,1,2,2,1,6,1,3,4
71,89,6319,160,38937843,-2,7,-272564900,36000000,657,165,9,323,1,9,1,2,2,1,5,1,0,1
71,89,6319,160,38937843,-1,3,-116813528,36000000,657,165,9,323,1,9,1,2,2,1,5,1,0,1
71,89,6319,160,38937843,0,1,-38937842,36000000,657,165,9,323,1,9,1,2,2,1,5,1,0,1
71,89,6319,160,38937843,1,1,-38937842,36000000,657,165,9,323,1,9,1,2,2,1,5,1,0,1
71,89,6319,160,38937843,2,3,-116813528,36000000,657,165,9,323,1,9,1,2,2,1,5,1,0,1
71,89,6319,160,38937843,3,7,-272564900,36000000,657,165,9,323,1,9,1,2,2,1,5,1,0,1
71,89,6319,160,38937843,5,21,-817694702,36000000,657,165,9,323,1,9,1,2,2,1,5,1,0,1
71,89,6319,160,38937843,7,43,-1674327248,36000000,657,165,9,323,1,9,1,2,2,1,5,1,0,1
71,89,6319,160,38937843,11,111,-4322100572,36000000,657,165,9,323,1,9,1,2,2,1,5,1,0,1
71,97,6887,168,46294923,-2,7,-324064460,42928704,2033,509,345,675,1,1,3,2,1,1,6,1,3,1
71,97,6887,168,46294923,-1,3,-138884768,42928704,2033,509,345,675,1,1,3,2,1,1,6,1,3,6
71,97,6887,168,46294923,0,1,-46294922,42928704,2033,509,345,675,1,1,3,2,1,1,6,1,3,5
71,97,6887,168,46294923,1,1,-46294922,42928704,2033,509,345,675,1,1,3,2,1,1,6,1,3,5
71,97,6887,168,46294923,2,3,-138884768,42928704,2033,509,345,675,1,1,3,2,1,1,6,1,3,6
71,97,6887,168,46294923,3,7,-324064460,42928704,2033,509,345,675,1,1,3,2,1,1,6,1,3,1
71,97,6887,168,46294923,5,21,-972193382,42928704,2033,509,345,675,1,1,3,2,1,1,6,1,3,1
71,97,6887,168,46294923,7,43,-1990681688,42928704,2033,509,345,675,1,1,3,2,1,1,6,1,3,5
71,97,6887,168,46294923,11,111,-5138736452,42928704,2033,509,345,675,1,1,3,2,1,1,6,1,3,4
71,101,7171,172,50212071,-2,7,-351484496,46621584,2913,729,561,899,1,3,1,2,2,1,3,1,0,1
71,101,7171,172,50212071,-1,3,-150636212,46621584,2913,729,561,899,1,3,1,2,2,1,3,1,0,1
71,101,7171,172,50212071,0,1,-50212070,46621584,2913,729,561,899,1,3,1,2,2,1,3,1,0,1
71,101,7171,172,50212071,1,1,-50212070,46621584,2913,729,561,899,1,3,1,2,2,1,3,1,0,1
71,101,7171,172,50212071,2,3,-150636212,46621584,2913,729,561,899,1,3,1,2,2,1,3,1,0,1
71,101,7171,172,50212071,3,7,-351484496,46621584,2913,729,561,899,1,3,1,2,2,1,3,1,0,1
71,101,7171,172,50212071,5,21,-1054453490,46621584,2913,729,561,899,1,3,1,2,2,1,3,1,0,1
71,101,7171,172,50212071,7,43,-2159119052,46621584,2913,729,561,899,1,3,1,2,2,1,3,1,0,1
71,101,7171,172,50212071,11,111,-5573539880,46621584,2913,729,561,899,1,3,1,2,2,1,3,1,0,1
71,103,7313,174,52230297,-2,7,-365612078,48525156,3401,851,681,1023,1,1,3,2,1,1,5,1,0,1
71,103,7313,174,52230297,-1,3,-156690890,48525156,3401,851,681,1023,1,1,3,2,1,1,5,1,0,1
71,103,7313,174,52230297,0,1,-52230296,48525156,3401,851,681,1023,1,1,3,2,1,1,5,1,0,1
71,103,7313,174,52230297,1,1,-52230296,48525156,3401,851,681,1023,1,1,3,2,1,1,5,1,0,1
71,103,7313,174,52230297,2,3,-156690890,48525156,3401,851,681,1023,1,1,3,2,1,1,5,1,0,1
71,103,7313,174,52230297,3,7,-365612078,48525156,3401,851,681,1023,1,1,3,2,1,1,5,1,0,1
71,103,7313,174,52230297,5,21,-1096836236,48525156,3401,851,681,1023,1,1,3,2,1,1,5,1,0,1
71,103,7313,174,52230297,7,43,-2245902770,48525156,3401,851,681,1023,1,1,3,2,1,1,5,1,0,1
71,103,7313,174,52230297,11,111,-5797562966,48525156,3401,851,681,1023,1,1,3,2,1,1,5,1,0,1
71,107,7597,178,56386053,-2,7,-394702370,52446564,4473,1119,945,1295,1,9,1,2,2,1,2,1,3,1
71,107,7597,178,56386053,-1,3,-169158158,52446564,4473,1119,945,1295,1,9,1,2,2,1,2,1,3,6
71,107,7597,178,56386053,0,1,-56386052,52446564,4473,1119,945,1295,1,9,1,2,2,1,2,1,3,5
71,107,7597,178,56386053,1,1,-56386052,52446564,4473,1119,945,1295,1,9,1,2,2,1,2,1,3,5
71,107,7597,178,56386053,2,3,-169158158,52446564,4473,1119,945,1295,1,9,1,2,2,1,2,1,3,6
71,107,7597,178,56386053,3,7,-394702370,52446564,4473,1119,945,1295,1,9,1,2,2,1,2,1,3,1
71,107,7597,178,56386053,5,21,-1184107112,52446564,4473,1119,945,1295,1,9,1,2,2,1,2,1,3,1
71,107,7597,178,56386053,7,43,-2424600278,52446564,4473,1119,945,1295,1,9,1,2,2,1,2,1,3,5
71,107,7597,178,56386053,11,111,-6258851882,52446564,4473,1119,945,1295,1,9,1,2,2,1,2,1,3,4
71,109,7739,180,58523583,-2,7,-409665080,54464400,5057,1265,1089,1443,1,1,3,2,1,1,4,1,6,1
71,109,7739,180,58523583,-1,3,-175570748,54464400,5057,1265,1089,1443,1,1,3,2,1,1,4,1,6,4
71,109,7739,180,58523583,0,1,-58523582,54464400,5057,1265,1089,1443,1,1,3,2,1,1,4,1,6,2
71,109,7739,180,58523583,1,1,-58523582,54464400,5057,1265,1089,1443,1,1,3,2,1,1,4,1,6,2
71,109,7739,180,58523583,2,3,-175570748,54464400,5057,1265,1089,1443,1,1,3,2,1,1,4,1,6,4
71,109,7739,180,58523583,3,7,-409665080,54464400,5057,1265,1089,1443,1,1,3,2,1,1,4,1,6,1
71,109,7739,180,58523583,5,21,-1228995242,54464400,5057,1265,1089,1443,1,1,3,2,1,1,4,1,6,1
71,109,7739,180,58523583,7,43,-2516514068,54464400,5057,1265,1089,1443,1,1,3,2,1,1,4,1,6,2
71,109,7739,180,58523583,11,111,-6496117712,54464400,5057,1265,1089,1443,1,1,3,2,1,1,4,1,6,0
71,113,8023,184,62917947,-2,7,-440425628,58614336,6321,1581,1401,1763,1,3,1,2,2,1,1,1,1,1
71,113,8023,184,62917947,-1,3,-188753840,58614336,6321,1581,1401,1763,1,3,1,2,2,1,1,1,1,5
71,113,8023,184,62917947,0,1,-62917946,58614336,6321,1581,1401,1763,1,3,1,2,2,1,1,1,1,0
71,113,8023,184,62917947,1,1,-62917946,58614336,6321,1581,1401,1763,1,3,1,2,2,1,1,1,1,0
71,113,8023,184,62917947,2,3,-188753840,58614336,6321,1581,1401,1763,1,3,1,2,2,1,1,1,1,5
71,113,8023,184,62917947,3,7,-440425628,58614336,6321,1581,1401,1763,1,3,1,2,2,1,1,1,1,1
71,113,8023,184,62917947,5,21,-1321276886,58614336,6321,1581,1401,1763,1,3,1,2,2,1,1,1,1,1
71,113,8023,184,62917947,7,43,-2705471720,58614336,6321,1581,1401,1763,1,3,1,2,2,1,1,1,1,0
71,113,8023,184,62917947,11,111,-6983892116,58614336,6321,1581,1401,1763,1,3,1,2,2,1,1,1,1,2
71,127,9017,198,79550913,-2,7,-556856390,74338884,2736,2939,2745,3135,1,1,3,2,1,1,1,1,1,1
71,127,9017,198,79550913,-1,3,-238652738,74338884,2736,2939,2745,3135,1,1,3,2,1,1,1,1,1,5
71,127,9017,198,79550913,0,1,-79550912,74338884,2736,2939,2745,3135,1,1,3,2,1,1,1,1,1,0
71,127,9017,198,79550913,1,1,-79550912,74338884,2736,2939,2745,3135,1,1,3,2,1,1,1,1,1,0
71,127,9017,198,79550913,2,3,-238652738,74338884,2736,2939,2745,3135,1,1,3,2,1,1,1,1,1,5
71,127,9017,198,79550913,3,7,-556856390,74338884,2736,2939,2745,3135,1,1,3,2,1,1,1,1,1,1
71,127,9017,198,79550913,5,21,-1670569172,74338884,2736,2939,2745,3135,1,1,3,2,1,1,1,1,1,1
71,127,9017,198,79550913,7,43,-3420689258,74338884,2736,2939,2745,3135,1,1,3,2,1,1,1,1,1,0
71,127,9017,198,79550913,11,111,-8830151342,74338884,2736,2939,2745,3135,1,1,3,2,1,1,1,1,1,2
71,131,9301,202,84661101,-2,7,-592627706,79174404,4292,3399,3201,3599,1,3,1,2,2,1,5,1,0,1
71,131,9301,202,84661101,-1,3,-253983302,79174404,4292,3399,3201,3599,1,3,1,2,2,1,5,1,0,1
71,131,9301,202,84661101,0,1,-84661100,79174404,4292,3399,3201,3599,1,3,1,2,2,1,5,1,0,1
71,131,9301,202,84661101,1,1,-84661100,79174404,4292,3399,3201,3599,1,3,1,2,2,1,5,1,0,1
71,131,9301,202,84661101,2,3,-253983302,79174404,4292,3399,3201,3599,1,3,1,2,2,1,5,1,0,1
71,131,9301,202,84661101,3,7,-592627706,79174404,4292,3399,3201,3599,1,3,1,2,2,1,5,1,0,1
71,131,9301,202,84661101,5,21,-1777883120,79174404,4292,3399,3201,3599,1,3,1,2,2,1,5,1,0,1
71,131,9301,202,84661101,7,43,-3640427342,79174404,4292,3399,3201,3599,1,3,1,2,2,1,5,1,0,1
71,131,9301,202,84661101,11,111,-9397382210,79174404,4292,3399,3201,3599,1,3,1,2,2,1,5,1,0,1
71,137,9727,208,92624643,-2,7,-648372500,86713344,6866,4149,3945,4355,1,3,1,2,2,1,4,1,6,1
71,137,9727,208,92624643,-1,3,-277873928,86713344,6866,4149,3945,4355,1,3,1,2,2,1,4,1,6,4
71,137,9727,208,92624643,0,1,-92624642,86713344,6866,4149,3945,4355,1,3,1,2,2,1,4,1,6,2
71,137,9727,208,92624643,1,1,-92624642,86713344,6866,4149,3945,4355,1,3,1,2,2,1,4,1,6,2
71,137,9727,208,92624643,2,3,-277873928,86713344,6866,4149,3945,4355,1,3,1,2,2,1,4,1,6,4
71,137,9727,208,92624643,3,7,-648372500,86713344,6866,4149,3945,4355,1,3,1,2,2,1,4,1,6,1
71,137,9727,208,92624643,5,21,-1945117502,86713344,6866,4149,3945,4355,1,3,1,2,2,1,4,1,6,1
71,137,9727,208,92624643,7,43,-3982859648,86713344,6866,4149,3945,4355,1,3,1,2,2,1,4,1,6,2
71,137,9727,208,92624643,11,111,-10281335372,86713344,6866,4149,3945,4355,1,3,1,2,2,1,4,1,6,0
71,139,9869,210,95358693,-2,7,-667510850,89302500,7788,4415,4209,4623,1,1,3,2,1,1,6,1,3,1
71,139,9869,210,95358693,-1,3,-286076078,89302500,7788,4415,4209,4623,1,1,3,2,1,1,6,1,3,6
71,139,9869,210,95358693,0,1,-95358692,89302500,7788,4415,4209,4623,1,1,3,2,1,1,6,1,3,5
71,139,9869,210,95358693,1,1,-95358692,89302500,7788,4415,4209,4623,1,1,3,2,1,1,6,1,3,5
71,139,9869,210,95358693,2,3,-286076078,89302500,7788,4415,4209,4623,1,1,3,2,1,1,6,1,3,6
71,139,9869,210,95358693,3,7,-667510850,89302500,7788,4415,4209,4623,1,1,3,2,1,1,6,1,3,1
71,139,9869,210,95358693,5,21,-2002532552,89302500,7788,4415,4209,4623,1,1,3,2,1,1,6,1,3,1
71,139,9869,210,95358693,7,43,-4100423798,89302500,7788,4415,4209,4623,1,1,3,2,1,1,6,1,3,5
71,139,9869,210,95358693,11,111,-10584814922,89302500,7788,4415,4209,4623,1,1,3,2,1,1,6,1,3,4
71,149,10579,220,109625463,-2,7,-767378240,102819600,2299,5865,5649,6083,1,3,1,2,2,1,2,1,3,1
71,149,10579,220,109625463,-1,3,-328876388,102819600,2299,5865,5649,6083,1,3,1,2,2,1,2,1,3,6
71,149,10579,220,109625463,0,1,-109625462,102819600,2299,5865,5649,6083,1,3,1,2,2,1,2,1,3,5
71,149,10579,220,109625463,1,1,-109625462,102819600,2299,5865,5649,6083,1,3,1,2,2,1,2,1,3,5
71,149,10579,220,109625463,2,3,-328876388,102819600,2299,5865,5649,6083,1,3,1,2,2,1,2,1,3,6
71,149,10579,220,109625463,3,7,-767378240,102819600,2299,5865,5649,6083,1,3,1,2,2,1,2,1,3,1
71,149,10579,220,109625463,5,21,-2302134722,102819600,2299,5865,5649,6083,1,3,1,2,2,1,2,1,3,1
71,149,10579,220,109625463,7,43,-4713894908,102819600,2299,5865,5649,6083,1,3,1,2,2,1,2,1,3,5
71,149,10579,220,109625463,11,111,-12168426392,102819600,2299,5865,5649,6083,1,3,1,2,2,1,2,1,3,4
71,151,10721,222,112598121,-2,7,-788186846,105637284,3271,6179,5961,6399,1,1,3,2,1,1,4,1,6,1
71,151,10721,222,112598121,-1,3,-337794362,105637284,3271,6179,5961,6399,1,1,3,2,1,1,4,1,6,4
71,151,10721,222,112598121,0,1,-112598120,105637284,3271,6179,5961,6399,1,1,3,2,1,1,4,1,6,2
71,151,10721,222,112598121,1,1,-112598120,105637284,3271,6179,5961,6399,1,1,3,2,1,1,4,1,6,2
71,151,10721,222,112598121,2,3,-337794362,105637284,3271,6179,5961,6399,1,1,3,2,1,1,4,1,6,4
71,151,10721,222,112598121,3,7,-788186846,105637284,3271,6179,5961,6399,1,1,3,2,1,1,4,1,6,1
71,151,10721,222,112598121,5,21,-2364560540,105637284,3271,6179,5961,6399,1,1,3,2,1,1,4,1,6,1
71,151,10721,222,112598121,7,43,-4841719202,105637284,3271,6179,5961,6399,1,1,3,2,1,1,4,1,6,2
71,151,10721,222,112598121,11,111,-12498391430,105637284,3271,6179,5961,6399,1,1,3,2,1,1,4,1,6,0
71,157,11147,228,121754703,-2,7,-852282920,114318864,6379,7169,6945,7395,1,1,3,2,1,1,3,1,0,1
71,157,11147,228,121754703,-1,3,-365264108,114318864,6379,7169,6945,7395,1,1,3,2,1,1,3,1,0,1
71,157,11147,228,121754703,0,1,-121754702,114318864,6379,7169,6945,7395,1,1,3,2,1,1,3,1,0,1
71,157,11147,228,121754703,1,1,-121754702,114318864,6379,7169,6945,7395,1,1,3,2,1,1,3,1,0,1
71,157,11147,228,121754703,2,3,-365264108,114318864,6379,7169,6945,7395,1,1,3,2,1,1,3,1,0,1
71,157,11147,228,121754703,3,7,-852282920,114318864,6379,7169,6945,7395,1,1,3,2,1,1,3,1,0,1
71,157,11147,228,121754703,5,21,-2556848762,114318864,6379,7169,6945,7395,1,1,3,2,1,1,3,1,0,1
71,157,11147,228,121754703,7,43,-5235452228,114318864,6379,7169,6945,7395,1,1,3,2,1,1,3,1,0,1
71,157,11147,228,121754703,11,111,-13514772032,114318864,6379,7169,6945,7395,1,1,3,2,1,1,3,1,0,1
71,163,11573,234,131269197,-2,7,-918884378,123343236,9775,8231,8001,8463,1,1,3,2,1,1,2,1,3,1
71,163,11573,234,131269197,-1,3,-393807590,123343236,9775,8231,8001,8463,1,1,3,2,1,1,2,1,3,6
71,163,11573,234,131269197,0,1,-131269196,123343236,9775,8231,8001,8463,1,1,3,2,1,1,2,1,3,5
71,163,11573,234,131269197,1,1,-131269196,123343236,9775,8231,8001,8463,1,1,3,2,1,1,2,1,3,5
71,163,11573,234,131269197,2,3,-393807590,123343236,9775,8231,8001,8463,1,1,3,2,1,1,2,1,3,6
71,163,11573,234,131269197,3,7,-918884378,123343236,9775,8231,8001,8463,1,1,3,2,1,1,2,1,3,1
71,163,11573,234,131269197,5,21,-2756653136,123343236,9775,8231,8001,8463,1,1,3,2,1,1,2,1,3,1
71,163,11573,234,131269197,7,43,-5644575470,123343236,9775,8231,8001,8463,1,1,3,2,1,1,2,1,3,5
71,163,11573,234,131269197,11,111,-14570880866,123343236,9775,8231,8001,8463,1,1,3,2,1,1,2,1,3,4
71,167,11857,238,137811033,-2,7,-964677230,129549924,342,8979,8745,9215,1,3,1,2,2,1,6,1,3,1
71,167,11857,238,137811033,-1,3,-413433098,129549924,342,8979,8745,9215,1,3,1,2,2,1,6,1,3,6
71,167,11857,238,137811033,0,1,-137811032,129549924,342,8979,8745,9215,1,3,1,2,2,1,6,1,3,5
71,167,11857,238,137811033,1,1,-137811032,129549924,342,8979,8745,9215,1,3,1,2,2,1,6,1,3,5
71,167,11857,238,137811033,2,3,-413433098,129549924,342,8979,8745,9215,1,3,1,2,2,1,6,1,3,6
71,167,11857,238,137811033,3,7,-964677230,129549924,342,8979,8745,9215,1,3,1,2,2,1,6,1,3,1
71,167,11857,238,137811033,5,21,-2894031692,129549924,342,8979,8745,9215,1,3,1,2,2,1,6,1,3,1
71,167,11857,238,137811033,7,43,-5925874418,129549924,342,8979,8745,9215,1,3,1,2,2,1,6,1,3,5
71,167,11857,238,137811033,11,111,-15297024662,129549924,342,8979,8745,9215,1,3,1,2,2,1,6,1,3,4
71,173,12283,244,147922047,-2,7,-1035454328,139145616,3792,10161,9921,10403,1,3,1,2,2,1,5,1,0,1
71,173,12283,244,147922047,-1,3,-443766140,139145616,3792,10161,9921,10403,1,3,1,2,2,1,5,1,0,1
71,173,12283,244,147922047,0,1,-147922046,139145616,3792,10161,9921,10403,1,3,1,2,2,1,5,1,0,1
71,173,12283,244,147922047,1,1,-147922046,139145616,3792,10161,9921,10403,1,3,1,2,2,1,5,1,0,1
71,173,12283,244,147922047,2,3,-443766140,139145616,3792,10161,9921,10403,1,3,1,2,2,1,5,1,0,1
71,173,12283,244,147922047,3,7,-1035454328,139145616,3792,10161,9921,10403,1,3,1,2,2,1,5,1,0,1
71,173,12283,244,147922047,5,21,-3106362986,139145616,3792,10161,9921,10403,1,3,1,2,2,1,5,1,0,1
71,173,12283,244,147922047,7,43,-6360648020,139145616,3792,10161,9921,10403,1,3,1,2,2,1,5,1,0,1
71,173,12283,244,147922047,11,111,-16419347216,139145616,3792,10161,9921,10403,1,3,1,2,2,1,5,1,0,1
71,179,12709,250,158390973,-2,7,-1108736810,149084100,7530,11415,11169,11663,1,9,1,2,2,1,4,1,6,1
71,179,12709,250,158390973,-1,3,-475172918,149084100,7530,11415,11169,11663,1,9,1,2,2,1,4,1,6,4
71,179,12709,250,158390973,0,1,-158390972,149084100,7530,11415,11169,11663,1,9,1,2,2,1,4,1,6,2
71,179,12709,250,158390973,1,1,-158390972,149084100,7530,11415,11169,11663,1,9,1,2,2,1,4,1,6,2
71,179,12709,250,158390973,2,3,-475172918,149084100,7530,11415,11169,11663,1,9,1,2,2,1,4,1,6,4
71,179,12709,250,158390973,3,7,-1108736810,149084100,7530,11415,11169,11663,1,9,1,2,2,1,4,1,6,1
71,179,12709,250,158390973,5,21,-3326210432,149084100,7530,11415,11169,11663,1,9,1,2,2,1,4,1,6,1
71,179,12709,250,158390973,7,43,-6810811838,149084100,7530,11415,11169,11663,1,9,1,2,2,1,4,1,6,2
71,179,12709,250,158390973,11,111,-17581398002,149084100,7530,11415,11169,11663,1,9,1,2,2,1,4,1,6,0
71,181,12851,252,161960151,-2,7,-1133721056,152473104,8840,11849,11601,12099,1,1,3,2,1,1,6,1,3,1
71,181,12851,252,161960151,-1,3,-485880452,152473104,8840,11849,11601,12099,1,1,3,2,1,1,6,1,3,6
71,181,12851,252,161960151,0,1,-161960150,152473104,8840,11849,11601,12099,1,1,3,2,1,1,6,1,3,5
71,181,12851,252,161960151,1,1,-161960150,152473104,8840,11849,11601,12099,1,1,3,2,1,1,6,1,3,5
71,181,12851,252,161960151,2,3,-485880452,152473104,8840,11849,11601,12099,1,1,3,2,1,1,6,1,3,6
71,181,12851,252,161960151,3,7,-1133721056,152473104,8840,11849,11601,12099,1,1,3,2,1,1,6,1,3,1
71,181,12851,252,161960151,5,21,-3401163170,152473104,8840,11849,11601,12099,1,1,3,2,1,1,6,1,3,1
71,181,12851,252,161960151,7,43,-6964286492,152473104,8840,11849,11601,12099,1,1,3,2,1,1,6,1,3,5
71,181,12851,252,161960151,11,111,-17977576760,152473104,8840,11849,11601,12099,1,1,3,2,1,1,6,1,3,4
71,191,13561,262,180402561,-2,7,-1262817926,169989444,2309,578,321,837,1,3,1,2,2,1,2,1,3,1
71,191,13561,262,180402561,-1,3,-541207682,169989444,2309,578,321,837,1,3,1,2,2,1,2,1,3,6
71,191,13561,262,180402561,0,1,-180402560,169989444,2309,578,321,837,1,3,1,2,2,1,2,1,3,5
71,191,13561,262,180402561,1,1,-180402560,169989444,2309,578,321,837,1,3,1,2,2,1,2,1,3,5
71,191,13561,262,180402561,2,3,-541207682,169989444,2309,578,321,837,1,3,1,2,2,1,2,1,3,6
71,191,13561,262,180402561,3,7,-1262817926,169989444,2309,578,321,837,1,3,1,2,2,1,2,1,3,1
71,191,13561,262,180402561,5,21,-3788453780,169989444,2309,578,321,837,1,3,1,2,2,1,2,1,3,1
71,191,13561,262,180402561,7,43,-7757310122,169989444,2309,578,321,837,1,3,1,2,2,1,2,1,3,5
71,191,13561,262,180402561,11,111,-20024684270,169989444,2309,578,321,837,1,3,1,2,2,1,2,1,3,4
71,193,13703,264,184210347,-2,7,-1289472428,173606976,3669,918,659,1179,1,1,3,2,1,1,4,1,6,1
71,193,13703,264,184210347,-1,3,-552631040,173606976,3669,918,659,1179,1,1,3,2,1,1,4,1,6,4
71,193,13703,264,184210347,0,1,-184210346,173606976,3669,918,659,1179,1,1,3,2,1,1,4,1,6,2
71,193,13703,264,184210347,1,1,-184210346,173606976,3669,918,659,1179,1,1,3,2,1,1,4,1,6,2
71,193,13703,264,184210347,2,3,-552631040,173606976,3669,918,659,1179,1,1,3,2,1,1,4,1,6,4
71,193,13703,264,184210347,3,7,-1289472428,173606976,3669,918,659,1179,1,1,3,2,1,1,4,1,6,1
71,193,13703,264,184210347,5,21,-3868417286,173606976,3669,918,659,1179,1,1,3,2,1,1,4,1,6,1
71,193,13703,264,184210347,7,43,-7921044920,173606976,3669,918,659,1179,1,1,3,2,1,1,4,1,6,2
71,193,13703,264,184210347,11,111,-20447348516,173606976,3669,918,659,1179,1,1,3,2,1,1,4,1,6,0
71,197,13987,268,191945223,-2,7,-1343616560,180956304,6485,1622,1359,1887,1,9,1,2,2,1,1,1,1,1
71,197,13987,268,191945223,-1,3,-575835668,180956304,6485,1622,1359,1887,1,9,1,2,2,1,1,1,1,5
71,197,13987,268,191945223,0,1,-191945222,180956304,6485,1622,1359,1887,1,9,1,2,2,1,1,1,1,0
71,197,13987,268,191945223,1,1,-191945222,180956304,6485,1622,1359,1887,1,9,1,2,2,1,1,1,1,0
71,197,13987,268,191945223,2,3,-575835668,180956304,6485,1622,1359,1887,1,9,1,2,2,1,1,1,1,5
71,197,13987,268,191945223,3,7,-1343616560,180956304,6485,1622,1359,1887,1,9,1,2,2,1,1,1,1,1
71,197,13987,268,191945223,5,21,-4030849682,180956304,6485,1622,1359,1887,1,9,1,2,2,1,1,1,1,1
71,197,13987,268,191945223,7,43,-8253644588,180956304,6485,1622,1359,1887,1,9,1,2,2,1,1,1,1,0
71,197,13987,268,191945223,11,111,-21305919752,180956304,6485,1622,1359,1887,1,9,1,2,2,1,1,1,1,2
71,199,14129,270,195872313,-2,7,-1371106190,184688100,7941,1986,1721,2253,1,1,3,2,1,1,3,1,0,1
71,199,14129,270,195872313,-1,3,-587616938,184688100,7941,1986,1721,2253,1,1,3,2,1,1,3,1,0,1
71,199,14129,270,195872313,0,1,-195872312,184688100,7941,1986,1721,2253,1,1,3,2,1,1,3,1,0,1
71,199,14129,270,195872313,1,1,-195872312,184688100,7941,1986,1721,2253,1,1,3,2,1,1,3,1,0,1
71,199,14129,270,195872313,2,3,-587616938,184688100,7941,1986,1721,2253,1,1,3,2,1,1,3,1,0,1
71,199,14129,270,195872313,3,7,-1371106190,184688100,7941,1986,1721,2253,1,1,3,2,1,1,3,1,0,1
71,199,14129,270,195872313,5,21,-4113318572,184688100,7941,1986,1721,2253,1,1,3,2,1,1,3,1,0,1
71,199,14129,270,195872313,7,43,-8422509458,184688100,7941,1986,1721,2253,1,1,3,2,1,1,3,1,0,1
71,199,14129,270,195872313,11,111,-21741826742,184688100,7941,1986,1721,2253,1,1,3,2,1,1,3,1,0,1
73,79,5767,152,32398891,-2,7,-226792236,29855296,5304,5652,5503,35,1,1,7,1,1,3,2,0,3,1
73,79,5767,152,32398891,-1,3,-97196672,29855296,5304,5652,5503,35,1,1,7,1,1,3,2,0,3,1
73,79,5767,152,32398891,0,1,-32398890,29855296,5304,5652,5503,35,1,1,7,1,1,3,2,0,3,1
73,79,5767,152,32398891,1,1,-32398890,29855296,5304,5652,5503,35,1,1,7,1,1,3,2,0,3,1
73,79,5767,152,32398891,2,3,-97196672,29855296,5304,5652,5503,35,1,1,7,1,1,3,2,0,3,1
73,79,5767,152,32398891,3,7,-226792236,29855296,5304,5652,5503,35,1,1,7,1,1,3,2,0,3,1
73,79,5767,152,32398891,5,21,-680376710,29855296,5304,5652,5503,35,1,1,7,1,1,3,2,0,3,1
73,79,5767,152,32398891,7,43,-1393152312,29855296,5304,5652,5503,35,1,1,7,1,1,3,2,0,3,1
73,79,5767,152,32398891,11,111,-3596276900,29855296,5304,5652,5503,35,1,1,7,1,1,3,2,0,3,1
73,83,6059,156,35784399,-2,7,-250490792,33039504,5836,6004,5851,99,1,1,3,1,2,3,6,0,3,1
73,83,6059,156,35784399,-1,3,-107353196,33039504,5836,6004,5851,99,1,1,3,1,2,3,6,0,3,1
73,83,6059,156,35784399,0,1,-35784398,33039504,5836,6004,5851,99,1,1,3,1,2,3,6,0,3,1
73,83,6059,156,35784399,1,1,-35784398,33039504,5836,6004,5851,99,1,1,3,1,2,3,6,0,3,1
73,83,6059,156,35784399,2,3,-107353196,33039504,5836,6004,5851,99,1,1,3,1,2,3,6,0,3,1
73,83,6059,156,35784399,3,7,-250490792,33039504,5836,6004,5851,99,1,1,3,1,2,3,6,0,3,1
73,83,6059,156,35784399,5,21,-751472378,33039504,5836,6004,5851,99,1,1,3,1,2,3,6,0,3,1
73,83,6059,156,35784399,7,43,-1538729156,33039504,5836,6004,5851,99,1,1,3,1,2,3,6,0,3,1
73,83,6059,156,35784399,11,111,-3972068288,33039504,5836,6004,5851,99,1,1,3,1,2,3,6,0,3,1
73,89,6497,162,41178081,-2,7,-288246566,38118276,377,95,6433,255,1,7,3,1,2,3,5,0,0,1
73,89,6497,162,41178081,-1,3,-123534242,38118276,377,95,6433,255,1,7,3,1,2,3,5,0,0,1
73,89,6497,162,41178081,0,1,-41178080,38118276,377,95,6433,255,1,7,3,1,2,3,5,0,0,1
73,89,6497,162,41178081,1,1,-41178080,38118276,377,95,6433,255,1,7,3,1,2,3,5,0,0,1
73,89,6497,162,41178081,2,3,-123534242,38118276,377,95,6433,255,1,7,3,1,2,3,5,0,0,1
73,89,6497,162,41178081,3,7,-288246566,38118276,377,95,6433,255,1,7,3,1,2,3,5,0,0,1
73,89,6497,162,41178081,5,21,-864739700,38118276,377,95,6433,255,1,7,3,1,2,3,5,0,0,1
73,89,6497,162,41178081,7,43,-1770657482,38118276,377,95,6433,255,1,7,3,1,2,3,5,0,0,1
73,89,6497,162,41178081,11,111,-4570766990,38118276,377,95,6433,255,1,7,3,1,2,3,5,0,0,1
73,97,7081,170,48958441,-2,7,-342709086,45454564,1625,407,241,575,1,1,1,1,1,3,6,0,3,1
73,97,7081,170,48958441,-1,3,-146875322,45454564,1625,407,241,575,1,1,1,1,1,3,6,0,3,1
73,97,7081,170,48958441,0,1,-48958440,45454564,1625,407,241,575,1,1,1,1,1,3,6,0,3,1
73,97,7081,170,48958441,1,1,-48958440,45454564,1625,407,241,575,1,1,1,1,1,3,6,0,3,1
73,97,7081,170,48958441,2,3,-146875322,45454564,1625,407,241,575,1,1,1,1,1,3,6,0,3,1
73,97,7081,170,48958441,3,7,-342709086,45454564,1625,407,241,575,1,1,1,1,1,3,6,0,3,1
73,97,7081,170,48958441,5,21,-1028127260,45454564,1625,407,241,575,1,1,1,1,1,3,6,0,3,1
73,97,7081,170,48958441,7,43,-2105212962,45454564,1625,407,241,575,1,1,1,1,1,3,6,0,3,1
73,97,7081,170,48958441,11,111,-5434386950,45454564,1625,407,241,575,1,1,1,1,1,3,6,0,3,1
73,101,7373,174,53100957,-2,7,-371706698,49364676,2441,611,441,783,1,1,3,1,2,3,3,0,0,1
73,101,7373,174,53100957,-1,3,-159302870,49364676,2441,611,441,783,1,1,3,1,2,3,3,0,0,1
73,101,7373,174,53100957,0,1,-53100956,49364676,2441,611,441,783,1,1,3,1,2,3,3,0,0,1
73,101,7373,174,53100957,1,1,-53100956,49364676,2441,611,441,783,1,1,3,1,2,3,3,0,0,1
73,101,7373,174,53100957,2,3,-159302870,49364676,2441,611,441,783,1,1,3,1,2,3,3,0,0,1
73,101,7373,174,53100957,3,7,-371706698,49364676,2441,611,441,783,1,1,3,1,2,3,3,0,0,1
73,101,7373,174,53100957,5,21,-1115120096,49364676,2441,611,441,783,1,1,3,1,2,3,3,0,0,1
73,101,7373,174,53100957,7,43,-2283341150,49364676,2441,611,441,783,1,1,3,1,2,3,3,0,0,1
73,101,7373,174,53100957,11,111,-5894206226,49364676,2441,611,441,783,1,1,3,1,2,3,3,0,0,1
73,103,7519,176,55235299,-2,7,-386647092,51380224,2897,725,553,899,1,7,1,1,1,3,5,0,0,1
73,103,7519,176,55235299,-1,3,-165705896,51380224,2897,725,553,899,1,7,1,1,1,3,5,0,0,1
73,103,7519,176,55235299,0,1,-55235298,51380224,2897,725,553,899,1,7,1,1,1,3,5,0,0,1
73,103,7519,176,55235299,1,1,-55235298,51380224,2897,725,553,899,1,7,1,1,1,3,5,0,0,1
73,103,7519,176,55235299,2,3,-165705896,51380224,2897,725,553,899,1,7,1,1,1,3,5,0,0,1
73,103,7519,176,55235299,3,7,-386647092,51380224,2897,725,553,899,1,7,1,1,1,3,5,0,0,1
73,103,7519,176,55235299,5,21,-1159941278,51380224,2897,725,553,899,1,7,1,1,1,3,5,0,0,1
73,103,7519,176,55235299,7,43,-2375117856,51380224,2897,725,553,899,1,7,1,1,1,3,5,0,0,1
73,103,7519,176,55235299,11,111,-6131118188,51380224,2897,725,553,899,1,7,1,1,1,3,5,0,0,1
73,107,7811,180,59630151,-2,7,-417411056,55532304,3905,977,801,1155,1,1,21,1,2,3,2,0,3,1
73,107,7811,180,59630151,-1,3,-178890452,55532304,3905,977,801,1155,1,1,21,1,2,3,2,0,3,1
73,107,7811,180,59630151,0,1,-59630150,55532304,3905,977,801,1155,1,1,21,1,2,3,2,0,3,1
73,107,7811,180,59630151,1,1,-59630150,55532304,3905,977,801,1155,1,1,21,1,2,3,2,0,3,1
73,107,7811,180,59630151,2,3,-178890452,55532304,3905,977,801,1155,1,1,21,1,2,3,2,0,3,1
73,107,7811,180,59630151,3,7,-417411056,55532304,3905,977,801,1155,1,1,21,1,2,3,2,0,3,1
73,107,7811,180,59630151,5,21,-1252233170,55532304,3905,977,801,1155,1,1,21,1,2,3,2,0,3,1
73,107,7811,180,59630151,7,43,-2564096492,55532304,3905,977,801,1155,1,1,21,1,2,3,2,0,3,1
73,107,7811,180,59630151,11,111,-6618946760,55532304,3905,977,801,1155,1,1,21,1,2,3,2,0,3,1
73,109,7957,182,61890661,-2,7,-433234626,57668836,4457,1115,937,1295,1,1,1,1,1,3,4,0,6,1
73,109,7957,182,61890661,-1,3,-185671982,57668836,4457,1115,937,1295,1,1,1,1,1,3,4,0,6,1
73,109,7957,182,61890661,0,1,-61890660,57668836,4457,1115,937,1295,1,1,1,1,1,3,4,0,6,1
73,109,7957,182,61890661,1,1,-61890660,57668836,4457,1115,937,1295,1,1,1,1,1,3,4,0,6,1
73,109,7957,182,61890661,2,3,-185671982,57668836,4457,1115,937,1295,1,1,1,1,1,3,4,0,6,1
73,109,7957,182,61890661,3,7,-433234626,57668836,4457,1115,937,1295,1,1,1,1,1,3,4,0,6,1
73,109,7957,182,61890661,5,21,-1299703880,57668836,4457,1115,937,1295,1,1,1,1,1,3,4,0,6,1
73,109,7957,182,61890661,7,43,-2661298422,57668836,4457,1115,937,1295,1,1,1,1,1,3,4,0,6,1
73,109,7957,182,61890661,11,111,-6869863370,57668836,4457,1115,937,1295,1,1,1,1,1,3,4,0,6,1
73,113,8249,186,66537849,-2,7,-465764942,62062884,5657,1415,1233,1599,1,1,3,1,2,3,1,0,1,1
73,113,8249,186,66537849,-1,3,-199613546,62062884,5657,1415,1233,1599,1,1,3,1,2,3,1,0,1,1
73,113,8249,186,66537849,0,1,-66537848,62062884,5657,1415,1233,1599,1,1,3,1,2,3,1,0,1,1
73,113,8249,186,66537849,1,1,-66537848,62062884,5657,1415,1233,1599,1,1,3,1,2,3,1,0,1,1
73,113,8249,186,66537849,2,3,-199613546,62062884,5657,1415,1233,1599,1,1,3,1,2,3,1,0,1,1
73,113,8249,186,66537849,3,7,-465764942,62062884,5657,1415,1233,1599,1,1,3,1,2,3,1,0,1,1
73,113,8249,186,66537849,5,21,-1397294828,62062884,5657,1415,1233,1599,1,1,3,1,2,3,1,0,1,1
73,113,8249,186,66537849,7,43,-2861127506,62062884,5657,1415,1233,1599,1,1,3,1,2,3,1,0,1,1
73,113,8249,186,66537849,11,111,-7385701238,62062884,5657,1415,1233,1599,1,1,3,1,2,3,1,0,1,1
73,127,9271,200,84127771,-2,7,-588894396,78712384,1594,2717,2521,2915,1,1,1,1,1,3,1,0,1,1
73,127,9271,200,84127771,-1,3,-252383312,78712384,1594,2717,2521,2915,1,1,1,1,1,3,1,0,1,1
73,127,9271,200,84127771,0,1,-84127770,78712384,1594,2717,2521,2915,1,1,1,1,1,3,1,0,1,1
73,127,9271,200,84127771,1,1,-84127770,78712384,1594,2717,2521,2915,1,1,1,1,1,3,1,0,1,1
73,127,9271,200,84127771,2,3,-252383312,78712384,1594,2717,2521,2915,1,1,1,1,1,3,1,0,1,1
73,127,9271,200,84127771,3,7,-588894396,78712384,1594,2717,2521,2915,1,1,1,1,1,3,1,0,1,1
73,127,9271,200,84127771,5,21,-1766683190,78712384,1594,2717,2521,2915,1,1,1,1,1,3,1,0,1,1
73,127,9271,200,84127771,7,43,-3617494152,78712384,1594,2717,2521,2915,1,1,1,1,1,3,1,0,1,1
73,127,9271,200,84127771,11,111,-9338182580,78712384,1594,2717,2521,2915,1,1,1,1,1,3,1,0,1,1
73,131,9563,204,89531967,-2,7,-626723768,83832336,3078,3161,2961,3363,1,7,3,1,2,3,5,0,0,1
73,131,9563,204,89531967,-1,3,-268595900,83832336,3078,3161,2961,3363,1,7,3,1,2,3,5,0,0,1
73,131,9563,204,89531967,0,1,-89531966,83832336,3078,3161,2961,3363,1,7,3,1,2,3,5,0,0,1
73,131,9563,204,89531967,1,1,-89531966,83832336,3078,3161,2961,3363,1,7,3,1,2,3,5,0,0,1
73,131,9563,204,89531967,2,3,-268595900,83832336,3078,3161,2961,3363,1,7,3,1,2,3,5,0,0,1
73,131,9563,204,89531967,3,7,-626723768,83832336,3078,3161,2961,3363,1,7,3,1,2,3,5,0,0,1
73,131,9563,204,89531967,5,21,-1880171306,83832336,3078,3161,2961,3363,1,7,3,1,2,3,5,0,0,1
73,131,9563,204,89531967,7,43,-3849874580,83832336,3078,3161,2961,3363,1,7,3,1,2,3,5,0,0,1
73,131,9563,204,89531967,11,111,-9938048336,83832336,3078,3161,2961,3363,1,7,3,1,2,3,5,0,0,1
73,137,10001,210,97953681,-2,7,-685675766,91814724,5544,3887,3681,4095,1,1,3,1,2,3,4,0,6,1
73,137,10001,210,97953681,-1,3,-293861042,91814724,5544,3887,3681,4095,1,1,3,1,2,3,4,0,6,1
73,137,10001,210,97953681,0,1,-97953680,91814724,5544,3887,3681,4095,1,1,3,1,2,3,4,0,6,1
73,137,10001,210,97953681,1,1,-97953680,91814724,5544,3887,3681,4095,1,1,3,1,2,3,4,0,6,1
73,137,10001,210,97953681,2,3,-293861042,91814724,5544,3887,3681,4095,1,1,3,1,2,3,4,0,6,1
73,137,10001,210,97953681,3,7,-685675766,91814724,5544,3887,3681,4095,1,1,3,1,2,3,4,0,6,1
73,137,10001,210,97953681,5,21,-2057027300,91814724,5544,3887,3681,4095,1,1,3,1,2,3,4,0,6,1
73,137,10001,210,97953681,7,43,-4212008282,91814724,5544,3887,3681,4095,1,1,3,1,2,3,4,0,6,1
73,137,10001,210,97953681,11,111,-10872858590,91814724,5544,3887,3681,4095,1,1,3,1,2,3,4,0,6,1
73,139,10147,212,100845031,-2,7,-705915216,94556176,6430,4145,3937,4355,1,1,1,1,1,3,6,0,3,1
73,139,10147,212,100845031,-1,3,-302535092,94556176,6430,4145,3937,4355,1,1,1,1,1,3,6,0,3,1
73,139,10147,212,100845031,0,1,-100845030,94556176,6430,4145,3937,4355,1,1,1,1,1,3,6,0,3,1
73,139,10147,212,100845031,1,1,-100845030,94556176,6430,4145,3937,4355,1,1,1,1,1,3,6,0,3,1
73,139,10147,212,100845031,2,3,-302535092,94556176,6430,4145,3937,4355,1,1,1,1,1,3,6,0,3,1
73,139,10147,212,100845031,3,7,-705915216,94556176,6430,4145,3937,4355,1,1,1,1,1,3,6,0,3,1
73,139,10147,212,100845031,5,21,-2117745650,94556176,6430,4145,3937,4355,1,1,1,1,1,3,6,0,3,1
73,139,10147,212,100845031,7,43,-4336336332,94556176,6430,4145,3937,4355,1,1,1,1,1,3,6,0,3,1
73,139,10147,212,100845031,11,111,-11193798440,94556176,6430,4145,3937,4355,1,1,1,1,1,3,6,0,3,1
73,149,10877,222,115932621,-2,7,-811528346,108868356,463,5555,5337,5775,1,1,21,1,2,3,2,0,3,1
73,149,10877,222,115932621,-1,3,-347797862,108868356,463,5555,5337,5775,1,1,21,1,2,3,2,0,3,1
73,149,10877,222,115932621,0,1,-115932620,108868356,463,5555,5337,5775,1,1,21,1,2,3,2,0,3,1
73,149,10877,222,115932621,1,1,-115932620,108868356,463,5555,5337,5775,1,1,21,1,2,3,2,0,3,1
73,149,10877,222,115932621,2,3,-347797862,108868356,463,5555,5337,5775,1,1,21,1,2,3,2,0,3,1
73,149,10877,222,115932621,3,7,-811528346,108868356,463,5555,5337,5775,1,1,21,1,2,3,2,0,3,1
73,149,10877,222,115932621,5,21,-2434585040,108868356,463,5555,5337,5775,1,1,21,1,2,3,2,0,3,1
73,149,10877,222,115932621,7,43,-4985102702,108868356,463,5555,5337,5775,1,1,21,1,2,3,2,0,3,1
73,149,10877,222,115932621,11,111,-12868520930,108868356,463,5555,5337,5775,1,1,21,1,2,3,2,0,3,1
73,151,11023,224,119076307,-2,7,-833534148,111851776,1395,5861,5641,6083,1,1,1,1,1,3,4,0,6,1
73,151,11023,224,119076307,-1,3,-357228920,111851776,1395,5861,5641,6083,1,1,1,1,1,3,4,0,6,1
73,151,11023,224,119076307,0,1,-119076306,111851776,1395,5861,5641,6083,1,1,1,1,1,3,4,0,6,1
73,151,11023,224,119076307,1,1,-119076306,111851776,1395,5861,5641,6083,1,1,1,1,1,3,4,0,6,1
73,151,11023,224,119076307,2,3,-357228920,111851776,1395,5861,5641,6083,1,1,1,1,1,3,4,0,6,1
73,151,11023,224,119076307,3,7,-833534148,111851776,1395,5861,5641,6083,1,1,1,1,1,3,4,0,6,1
73,151,11023,224,119076307,5,21,-2500602446,111851776,1395,5861,5641,6083,1,1,1,1,1,3,4,0,6,1
73,151,11023,224,119076307,7,43,-5120281200,111851776,1395,5861,5641,6083,1,1,1,1,1,3,4,0,6,1
73,151,11023,224,119076307,11,111,-13217470076,111851776,1395,5861,5641,6083,1,1,1,1,1,3,4,0,6,1
73,157,11461,230,128759701,-2,7,-901317906,121044004,4383,6827,6601,7055,1,1,1,1,1,3,3,0,0,1
73,157,11461,230,128759701,-1,3,-386279102,121044004,4383,6827,6601,7055,1,1,1,1,1,3,3,0,0,1
73,157,11461,230,128759701,0,1,-128759700,121044004,4383,6827,6601,7055,1,1,1,1,1,3,3,0,0,1
73,157,11461,230,128759701,1,1,-128759700,121044004,4383,6827,6601,7055,1,1,1,1,1,3,3,0,0,1
73,157,11461,230,128759701,2,3,-386279102,121044004,4383,6827,6601,7055,1,1,1,1,1,3,3,0,0,1
73,157,11461,230,128759701,3,7,-901317906,121044004,4383,6827,6601,7055,1,1,1,1,1,3,3,0,0,1
73,157,11461,230,128759701,5,21,-2703953720,121044004,4383,6827,6601,7055,1,1,1,1,1,3,3,0,0,1
73,157,11461,230,128759701,7,43,-5536667142,121044004,4383,6827,6601,7055,1,1,1,1,1,3,3,0,0,1
73,157,11461,230,128759701,11,111,-14292326810,121044004,4383,6827,6601,7055,1,1,1,1,1,3,3,0,0,1
73,163,11899,236,138821599,-2,7,-971751192,130599184,7659,7865,7633,8099,1,1,7,1,1,3,2,0,3,1
73,163,11899,236,138821599,-1,3,-416464796,130599184,7659,7865,7633,8099,1,1,7,1,1,3,2,0,3,1
73,163,11899,236,138821599,0,1,-138821598,130599184,7659,7865,7633,8099,1,1,7,1,1,3,2,0,3,1
73,163,11899,236,138821599,1,1,-138821598,130599184,7659,7865,7633,8099,1,1,7,1,1,3,2,0,3,1
73,163,11899,236,138821599,2,3,-416464796,130599184,7659,7865,7633,8099,1,1,7,1,1,3,2,0,3,1
73,163,11899,236,138821599,3,7,-971751192,130599184,7659,7865,7633,8099,1,1,7,1,1,3,2,0,3,1
73,163,11899,236,138821599,5,21,-2915253578,130599184,7659,7865,7633,8099,1,1,7,1,1,3,2,0,3,1
73,163,11899,236,138821599,7,43,-5969328756,130599184,7659,7865,7633,8099,1,1,7,1,1,3,2,0,3,1
73,163,11899,236,138821599,11,111,-15409197488,130599184,7659,7865,7633,8099,1,1,7,1,1,3,2,0,3,1
73,167,12191,240,145739811,-2,7,-1020178676,137170944,10003,8597,8361,8835,1,1,3,1,2,3,6,0,3,1
73,167,12191,240,145739811,-1,3,-437219432,137170944,10003,8597,8361,8835,1,1,3,1,2,3,6,0,3,1
73,167,12191,240,145739811,0,1,-145739810,137170944,10003,8597,8361,8835,1,1,3,1,2,3,6,0,3,1
73,167,12191,240,145739811,1,1,-145739810,137170944,10003,8597,8361,8835,1,1,3,1,2,3,6,0,3,1
73,167,12191,240,145739811,2,3,-437219432,137170944,10003,8597,8361,8835,1,1,3,1,2,3,6,0,3,1
73,167,12191,240,145739811,3,7,-1020178676,137170944,10003,8597,8361,8835,1,1,3,1,2,3,6,0,3,1
73,167,12191,240,145739811,5,21,-3060536030,137170944,10003,8597,8361,8835,1,1,3,1,2,3,6,0,3,1
73,167,12191,240,145739811,7,43,-6266811872,137170944,10003,8597,8361,8835,1,1,3,1,2,3,6,0,3,1
73,167,12191,240,145739811,11,111,-16177119020,137170944,10003,8597,8361,8835,1,1,3,1,2,3,6,0,3,1
73,173,12629,246,156432549,-2,7,-1095027842,147331044,1130,9755,9513,9999,1,7,3,1,2,3,5,0,0,1
73,173,12629,246,156432549,-1,3,-469297646,147331044,1130,9755,9513,9999,1,7,3,1,2,3,5,0,0,1
73,173,12629,246,156432549,0,1,-156432548,147331044,1130,9755,9513,9999,1,7,3,1,2,3,5,0,0,1
73,173,12629,246,156432549,1,1,-156432548,147331044,1130,9755,9513,9999,1,7,3,1,2,3,5,0,0,1
73,173,12629,246,156432549,2,3,-469297646,147331044,1130,9755,9513,9999,1,7,3,1,2,3,5,0,0,1
73,173,12629,246,156432549,3,7,-1095027842,147331044,1130,9755,9513,9999,1,7,3,1,2,3,5,0,0,1
73,173,12629,246,156432549,5,21,-3285083528,147331044,1130,9755,9513,9999,1,7,3,1,2,3,5,0,0,1
73,173,12629,246,156432549,7,43,-6726599606,147331044,1130,9755,9513,9999,1,7,3,1,2,3,5,0,0,1
73,173,12629,246,156432549,11,111,-17364012938,147331044,1130,9755,9513,9999,1,7,3,1,2,3,5,0,0,1
73,179,13067,252,167503791,-2,7,-1172526536,157854096,4736,10985,10737,11235,1,1,3,1,2,3,4,0,6,1
73,179,13067,252,167503791,-1,3,-502511372,157854096,4736,10985,10737,11235,1,1,3,1,2,3,4,0,6,1
73,179,13067,252,167503791,0,1,-167503790,157854096,4736,10985,10737,11235,1,1,3,1,2,3,4,0,6,1
73,179,13067,252,167503791,1,1,-167503790,157854096,4736,10985,10737,11235,1,1,3,1,2,3,4,0,6,1
73,179,13067,252,167503791,2,3,-502511372,157854096,4736,10985,10737,11235,1,1,3,1,2,3,4,0,6,1
73,179,13067,252,167503791,3,7,-1172526536,157854096,4736,10985,10737,11235,1,1,3,1,2,3,4,0,6,1
73,179,13067,252,167503791,5,21,-3517579610,157854096,4736,10985,10737,11235,1,1,3,1,2,3,4,0,6,1
73,179,13067,252,167503791,7,43,-7202663012,157854096,4736,10985,10737,11235,1,1,3,1,2,3,4,0,6,1
73,179,13067,252,167503791,11,111,-18592920800,157854096,4736,10985,10737,11235,1,1,3,1,2,3,4,0,6,1
73,181,13213,254,171278317,-2,7,-1198948218,161442436,6002,11411,11161,11663,1,1,1,1,1,3,6,0,3,1
73,181,13213,254,171278317,-1,3,-513834950,161442436,6002,11411,11161,11663,1,1,1,1,1,3,6,0,3,1
73,181,13213,254,171278317,0,1,-171278316,161442436,6002,11411,11161,11663,1,1,1,1,1,3,6,0,3,1
73,181,13213,254,171278317,1,1,-171278316,161442436,6002,11411,11161,11663,1,1,1,1,1,3,6,0,3,1
73,181,13213,254,171278317,2,3,-513834950,161442436,6002,11411,11161,11663,1,1,1,1,1,3,6,0,3,1
73,181,13213,254,171278317,3,7,-1198948218,161442436,6002,11411,11161,11663,1,1,1,1,1,3,6,0,3,1
73,181,13213,254,171278317,5,21,-3596844656,161442436,6002,11411,11161,11663,1,1,1,1,1,3,6,0,3,1
73,181,13213,254,171278317,7,43,-7364967630,161442436,6002,11411,11161,11663,1,1,1,1,1,3,6,0,3,1
73,181,13213,254,171278317,11,111,-19011893186,161442436,6002,11411,11161,11663,1,1,1,1,1,3,6,0,3,1
73,191,13943,264,190781787,-2,7,-1335472508,179989056,12812,13661,13401,13923,1,1,21,1,2,3,2,0,3,1
73,191,13943,264,190781787,-1,3,-572345360,179989056,12812,13661,13401,13923,1,1,21,1,2,3,2,0,3,1
73,191,13943,264,190781787,0,1,-190781786,179989056,12812,13661,13401,13923,1,1,21,1,2,3,2,0,3,1
73,191,13943,264,190781787,1,1,-190781786,179989056,12812,13661,13401,13923,1,1,21,1,2,3,2,0,3,1
73,191,13943,264,190781787,2,3,-572345360,179989056,12812,13661,13401,13923,1,1,21,1,2,3,2,0,3,1
73,191,13943,264,190781787,3,7,-1335472508,179989056,12812,13661,13401,13923,1,1,21,1,2,3,2,0,3,1
73,191,13943,264,190781787,5,21,-4006417526,179989056,12812,13661,13401,13923,1,1,21,1,2,3,2,0,3,1
73,191,13943,264,190781787,7,43,-8203616840,179989056,12812,13661,13401,13923,1,1,21,1,2,3,2,0,3,1
73,191,13943,264,190781787,11,111,-21176778356,179989056,12812,13661,13401,13923,1,1,21,1,2,3,2,0,3,1
73,193,14089,266,194808649,-2,7,-1363660542,183819364,181,46,13873,309,1,1,1,1,1,3,4,0,6,1
73,193,14089,266,194808649,-1,3,-584425946,183819364,181,46,13873,309,1,1,1,1,1,3,4,0,6,1
73,193,14089,266,194808649,0,1,-194808648,183819364,181,46,13873,309,1,1,1,1,1,3,4,0,6,1
73,193,14089,266,194808649,1,1,-194808648,183819364,181,46,13873,309,1,1,1,1,1,3,4,0,6,1
73,193,14089,266,194808649,2,3,-584425946,183819364,181,46,13873,309,1,1,1,1,1,3,4,0,6,1
73,193,14089,266,194808649,3,7,-1363660542,183819364,181,46,13873,309,1,1,1,1,1,3,4,0,6,1
73,193,14089,266,194808649,5,21,-4090981628,183819364,181,46,13873,309,1,1,1,1,1,3,4,0,6,1
73,193,14089,266,194808649,7,43,-8376771906,183819364,181,46,13873,309,1,1,1,1,1,3,4,0,6,1
73,193,14089,266,194808649,11,111,-21623760038,183819364,181,46,13873,309,1,1,1,1,1,3,4,0,6,1
73,197,14381,270,202988541,-2,7,-1420919786,191600964,2901,726,461,993,1,1,3,1,2,3,1,0,1,1
73,197,14381,270,202988541,-1,3,-608965622,191600964,2901,726,461,993,1,1,3,1,2,3,1,0,1,1
73,197,14381,270,202988541,0,1,-202988540,191600964,2901,726,461,993,1,1,3,1,2,3,1,0,1,1
73,197,14381,270,202988541,1,1,-202988540,191600964,2901,726,461,993,1,1,3,1,2,3,1,0,1,1
73,197,14381,270,202988541,2,3,-608965622,191600964,2901,726,461,993,1,1,3,1,2,3,1,0,1,1
73,197,14381,270,202988541,3,7,-1420919786,191600964,2901,726,461,993,1,1,3,1,2,3,1,0,1,1
73,197,14381,270,202988541,5,21,-4262759360,191600964,2901,726,461,993,1,1,3,1,2,3,1,0,1,1
73,197,14381,270,202988541,7,43,-8728507262,191600964,2901,726,461,993,1,1,3,1,2,3,1,0,1,1
73,197,14381,270,202988541,11,111,-22531728050,191600964,2901,726,461,993,1,1,3,1,2,3,1,0,1,1
73,199,14527,272,207141571,-2,7,-1449990996,195552256,4309,1078,811,1347,1,1,1,1,1,3,3,0,0,1
73,199,14527,272,207141571,-1,3,-621424712,195552256,4309,1078,811,1347,1,1,1,1,1,3,3,0,0,1
73,199,14527,272,207141571,0,1,-207141570,195552256,4309,1078,811,1347,1,1,1,1,1,3,3,0,0,1
73,199,14527,272,207141571,1,1,-207141570,195552256,4309,1078,811,1347,1,1,1,1,1,3,3,0,0,1
73,199,14527,272,207141571,2,3,-621424712,195552256,4309,1078,811,1347,1,1,1,1,1,3,3,0,0,1
73,199,14527,272,207141571,3,7,-1449990996,195552256,4309,1078,811,1347,1,1,1,1,1,3,3,0,0,1
73,199,14527,272,207141571,5,21,-4349972990,195552256,4309,1078,811,1347,1,1,1,1,1,3,3,0,0,1
73,199,14527,272,207141571,7,43,-8907087552,195552256,4309,1078,811,1347,1,1,1,1,1,3,3,0,0,1
73,199,14527,272,207141571,11,111,-22992714380,195552256,4309,1078,811,1347,1,1,1,1,1,3,3,0,0,1
79,83,6557,162,41951541,-2,7,-293660786,38862756,5974,6412,6253,15,1,1,3,1,2,2,6,3,3,1
79,83,6557,162,41951541,-1,3,-125854622,38862756,5974,6412,6253,15,1,1,3,1,2,2,6,3,3,2
79,83,6557,162,41951541,0,1,-41951540,38862756,5974,6412,6253,15,1,1,3,1,2,2,6,3,3,6
79,83,6557,162,41951541,1,1,-41951540,38862756,5974,6412,6253,15,1,1,3,1,2,2,6,3,3,6
79,83,6557,162,41951541,2,3,-125854622,38862756,5974,6412,6253,15,1,1,3,1,2,2,6,3,3,2
79,83,6557,162,41951541,3,7,-293660786,38862756,5974,6412,6253,15,1,1,3,1,2,2,6,3,3,1
79,83,6557,162,41951541,5,21,-880982360,38862756,5974,6412,6253,15,1,1,3,1,2,2,6,3,3,1
79,83,6557,162,41951541,7,43,-1803916262,38862756,5974,6412,6253,15,1,1,3,1,2,2,6,3,3,6
79,83,6557,162,41951541,11,111,-4656621050,38862756,5974,6412,6253,15,1,1,3,1,2,2,6,3,3,3
79,89,7031,168,48274779,-2,7,-337923452,44836416,6760,6964,6799,99,1,1,3,1,2,2,5,3,0,1
79,89,7031,168,48274779,-1,3,-144824336,44836416,6760,6964,6799,99,1,1,3,1,2,2,5,3,0,1
79,89,7031,168,48274779,0,1,-48274778,44836416,6760,6964,6799,99,1,1,3,1,2,2,5,3,0,1
79,89,7031,168,48274779,1,1,-48274778,44836416,6760,6964,6799,99,1,1,3,1,2,2,5,3,0,1
79,89,7031,168,48274779,2,3,-144824336,44836416,6760,6964,6799,99,1,1,3,1,2,2,5,3,0,1
79,89,7031,168,48274779,3,7,-337923452,44836416,6760,6964,6799,99,1,1,3,1,2,2,5,3,0,1
79,89,7031,168,48274779,5,21,-1013770358,44836416,6760,6964,6799,99,1,1,3,1,2,2,5,3,0,1
79,89,7031,168,48274779,7,43,-2075815496,44836416,6760,6964,6799,99,1,1,3,1,2,2,5,3,0,1
79,89,7031,168,48274779,11,111,-5358500468,44836416,6760,6964,6799,99,1,1,3,1,2,2,5,3,0,1
79,97,7663,176,57396019,-2,7,-401772132,53465344,593,149,7639,323,1,1,1,1,1,2,6,3,3,1
79,97,7663,176,57396019,-1,3,-172188056,53465344,593,149,7639,323,1,1,1,1,1,2,6,3,3,2
79,97,7663,176,57396019,0,1,-57396018,53465344,593,149,7639,323,1,1,1,1,1,2,6,3,3,6
79,97,7663,176,57396019,1,1,-57396018,53465344,593,149,7639,323,1,1,1,1,1,2,6,3,3,6
79,97,7663,176,57396019,2,3,-172188056,53465344,593,149,7639,323,1,1,1,1,1,2,6,3,3,2
79,97,7663,176,57396019,3,7,-401772132,53465344,593,149,7639,323,1,1,1,1,1,2,6,3,3,1
79,97,7663,176,57396019,5,21,-1205316398,53465344,593,149,7639,323,1,1,1,1,1,2,6,3,3,1
79,97,7663,176,57396019,7,43,-2468028816,53465344,593,149,7639,323,1,1,1,1,1,2,6,3,3,6
79,97,7663,176,57396019,11,111,-6370958108,53465344,593,149,7639,323,1,1,1,1,1,2,6,3,3,3
79,101,7979,180,62252463,-2,7,-435767240,58064400,1217,305,129,483,1,1,21,1,2,2,3,3,0,1
79,101,7979,180,62252463,-1,3,-186757388,58064400,1217,305,129,483,1,1,21,1,2,2,3,3,0,1
79,101,7979,180,62252463,0,1,-62252462,58064400,1217,305,129,483,1,1,21,1,2,2,3,3,0,1
79,101,7979,180,62252463,1,1,-62252462,58064400,1217,305,129,483,1,1,21,1,2,2,3,3,0,1
79,101,7979,180,62252463,2,3,-186757388,58064400,1217,305,129,483,1,1,21,1,2,2,3,3,0,1
79,101,7979,180,62252463,3,7,-435767240,58064400,1217,305,129,483,1,1,21,1,2,2,3,3,0,1
79,101,7979,180,62252463,5,21,-1307301722,58064400,1217,305,129,483,1,1,21,1,2,2,3,3,0,1
79,101,7979,180,62252463,7,43,-2676855908,58064400,1217,305,129,483,1,1,21,1,2,2,3,3,0,1
79,101,7979,180,62252463,11,111,-6910023392,58064400,1217,305,129,483,1,1,21,1,2,2,3,3,0,1
79,103,8137,182,64754641,-2,7,-453282486,60435076,1577,395,217,575,79,1,1,1,1,2,5,3,0,1
79,103,8137,182,64754641,-1,3,-194263922,60435076,1577,395,217,575,79,1,1,1,1,2,5,3,0,1
79,103,8137,182,64754641,0,1,-64754640,60435076,1577,395,217,575,79,1,1,1,1,2,5,3,0,1
79,103,8137,182,64754641,1,1,-64754640,60435076,1577,395,217,575,79,1,1,1,1,2,5,3,0,1
79,103,8137,182,64754641,2,3,-194263922,60435076,1577,395,217,575,79,1,1,1,1,2,5,3,0,1
79,103,8137,182,64754641,3,7,-453282486,60435076,1577,395,217,575,79,1,1,1,1,2,5,3,0,1
79,103,8137,182,64754641,5,21,-1359847460,60435076,1577,395,217,575,79,1,1,1,1,2,5,3,0,1
79,103,8137,182,64754641,7,43,-2784449562,60435076,1577,395,217,575,79,1,1,1,1,2,5,3,0,1
79,103,8137,182,64754641,11,111,-7187765150,60435076,1577,395,217,575,79,1,1,1,1,2,5,3,0,1
79,107,8453,186,69906909,-2,7,-489348362,65318724,2393,599,417,783,1,1,3,1,2,2,2,3,3,1
79,107,8453,186,69906909,-1,3,-209720726,65318724,2393,599,417,783,1,1,3,1,2,2,2,3,3,2
79,107,8453,186,69906909,0,1,-69906908,65318724,2393,599,417,783,1,1,3,1,2,2,2,3,3,6
79,107,8453,186,69906909,1,1,-69906908,65318724,2393,599,417,783,1,1,3,1,2,2,2,3,3,6
79,107,8453,186,69906909,2,3,-209720726,65318724,2393,599,417,783,1,1,3,1,2,2,2,3,3,2
79,107,8453,186,69906909,3,7,-489348362,65318724,2393,599,417,783,1,1,3,1,2,2,2,3,3,1
79,107,8453,186,69906909,5,21,-1468045088,65318724,2393,599,417,783,1,1,3,1,2,2,2,3,3,1
79,107,8453,186,69906909,7,43,-3005997086,65318724,2393,599,417,783,1,1,3,1,2,2,2,3,3,6
79,107,8453,186,69906909,11,111,-7759666898,65318724,2393,599,417,783,1,1,3,1,2,2,2,3,3,3
79,109,8611,188,72556999,-2,7,-507898992,67831696,2849,713,529,899,1,1,1,1,1,2,4,3,6,1
79,109,8611,188,72556999,-1,3,-217670996,67831696,2849,713,529,899,1,1,1,1,1,2,4,3,6,3
79,109,8611,188,72556999,0,1,-72556998,67831696,2849,713,529,899,1,1,1,1,1,2,4,3,6,4
79,109,8611,188,72556999,1,1,-72556998,67831696,2849,713,529,899,1,1,1,1,1,2,4,3,6,4
79,109,8611,188,72556999,2,3,-217670996,67831696,2849,713,529,899,1,1,1,1,1,2,4,3,6,3
79,109,8611,188,72556999,3,7,-507898992,67831696,2849,713,529,899,1,1,1,1,1,2,4,3,6,1
79,109,8611,188,72556999,5,21,-1523696978,67831696,2849,713,529,899,1,1,1,1,1,2,4,3,6,1
79,109,8611,188,72556999,7,43,-3119950956,67831696,2849,713,529,899,1,1,1,1,1,2,4,3,6,4
79,109,8611,188,72556999,11,111,-8053826888,67831696,2849,713,529,899,1,1,1,1,1,2,4,3,6,5
79,113,8927,192,78005091,-2,7,-546035636,72999936,3857,965,777,1155,1,1,3,1,2,2,1,3,1,1
79,113,8927,192,78005091,-1,3,-234015272,72999936,3857,965,777,1155,1,1,3,1,2,2,1,3,1,6
79,113,8927,192,78005091,0,1,-78005090,72999936,3857,965,777,1155,1,1,3,1,2,2,1,3,1,5
79,113,8927,192,78005091,1,1,-78005090,72999936,3857,965,777,1155,1,1,3,1,2,2,1,3,1,5
79,113,8927,192,78005091,2,3,-234015272,72999936,3857,965,777,1155,1,1,3,1,2,2,1,3,1,6
79,113,8927,192,78005091,3,7,-546035636,72999936,3857,965,777,1155,1,1,3,1,2,2,1,3,1,1
79,113,8927,192,78005091,5,21,-1638106910,72999936,3857,965,777,1155,1,1,3,1,2,2,1,3,1,1
79,113,8927,192,78005091,7,43,-3354218912,72999936,3857,965,777,1155,1,1,3,1,2,2,1,3,1,5
79,113,8927,192,78005091,11,111,-8658565100,72999936,3857,965,777,1155,1,1,3,1,2,2,1,3,1,4
79,127,10033,206,98626489,-2,7,-690385422,92582884,8393,2099,1897,2303,1,1,1,1,1,2,1,3,1,1
79,127,10033,206,98626489,-1,3,-295879466,92582884,8393,2099,1897,2303,1,1,1,1,1,2,1,3,1,6
79,127,10033,206,98626489,0,1,-98626488,92582884,8393,2099,1897,2303,1,1,1,1,1,2,1,3,1,5
79,127,10033,206,98626489,1,1,-98626488,92582884,8393,2099,1897,2303,1,1,1,1,1,2,1,3,1,5
79,127,10033,206,98626489,2,3,-295879466,92582884,8393,2099,1897,2303,1,1,1,1,1,2,1,3,1,6
79,127,10033,206,98626489,3,7,-690385422,92582884,8393,2099,1897,2303,1,1,1,1,1,2,1,3,1,1
79,127,10033,206,98626489,5,21,-2071156268,92582884,8393,2099,1897,2303,1,1,1,1,1,2,1,3,1,1
79,127,10033,206,98626489,7,43,-4240939026,92582884,8393,2099,1897,2303,1,1,1,1,1,2,1,3,1,5
79,127,10033,206,98626489,11,111,-10947540278,92582884,8393,2099,1897,2303,1,1,1,1,1,2,1,3,1,4
79,131,10349,210,104962053,-2,7,-734734370,98604900,9977,2495,2289,2703,1,1,3,1,2,2,5,3,0,1
79,131,10349,210,104962053,-1,3,-314886158,98604900,9977,2495,2289,2703,1,1,3,1,2,2,5,3,0,1
79,131,10349,210,104962053,0,1,-104962052,98604900,9977,2495,2289,2703,1,1,3,1,2,2,5,3,0,1
79,131,10349,210,104962053,1,1,-104962052,98604900,9977,2495,2289,2703,1,1,3,1,2,2,5,3,0,1
79,131,10349,210,104962053,2,3,-314886158,98604900,9977,2495,2289,2703,1,1,3,1,2,2,5,3,0,1
79,131,10349,210,104962053,3,7,-734734370,98604900,9977,2495,2289,2703,1,1,3,1,2,2,5,3,0,1
79,131,10349,210,104962053,5,21,-2204203112,98604900,9977,2495,2289,2703,1,1,3,1,2,2,5,3,0,1
79,131,10349,210,104962053,7,43,-4513368278,98604900,9977,2495,2289,2703,1,1,3,1,2,2,5,3,0,1
79,131,10349,210,104962053,11,111,-11650787882,98604900,9977,2495,2289,2703,1,1,3,1,2,2,5,3,0,1
79,137,10823,216,114835179,-2,7,-803846252,107993664,1770,3149,2937,3363,1,1,3,1,2,2,4,3,6,1
79,137,10823,216,114835179,-1,3,-344505536,107993664,1770,3149,2937,3363,1,1,3,1,2,2,4,3,6,3
79,137,10823,216,114835179,0,1,-114835178,107993664,1770,3149,2937,3363,1,1,3,1,2,2,4,3,6,4
79,137,10823,216,114835179,1,1,-114835178,107993664,1770,3149,2937,3363,1,1,3,1,2,2,4,3,6,4
79,137,10823,216,114835179,2,3,-344505536,107993664,1770,3149,2937,3363,1,1,3,1,2,2,4,3,6,3
79,137,10823,216,114835179,3,7,-803846252,107993664,1770,3149,2937,3363,1,1,3,1,2,2,4,3,6,1
79,137,10823,216,114835179,5,21,-2411538758,107993664,1770,3149,2937,3363,1,1,3,1,2,2,4,3,6,1
79,137,10823,216,114835179,7,43,-4937912696,107993664,1770,3149,2937,3363,1,1,3,1,2,2,4,3,6,4
79,137,10823,216,114835179,11,111,-12746704868,107993664,1770,3149,2937,3363,1,1,3,1,2,2,4,3,6,5
79,139,10981,218,118224829,-2,7,-827573802,111218116,2548,3383,3169,3599,1,1,1,1,1,2,6,3,3,1
79,139,10981,218,118224829,-1,3,-354674486,111218116,2548,3383,3169,3599,1,1,1,1,1,2,6,3,3,2
79,139,10981,218,118224829,0,1,-118224828,111218116,2548,3383,3169,3599,1,1,1,1,1,2,6,3,3,6
79,139,10981,218,118224829,1,1,-118224828,111218116,2548,3383,3169,3599,1,1,1,1,1,2,6,3,3,6
79,139,10981,218,118224829,2,3,-354674486,111218116,2548,3383,3169,3599,1,1,1,1,1,2,6,3,3,2
79,139,10981,218,118224829,3,7,-827573802,111218116,2548,3383,3169,3599,1,1,1,1,1,2,6,3,3,1
79,139,10981,218,118224829,5,21,-2482721408,111218116,2548,3383,3169,3599,1,1,1,1,1,2,6,3,3,1
79,139,10981,218,118224829,7,43,-5083667646,111218116,2548,3383,3169,3599,1,1,1,1,1,2,6,3,3,6
79,139,10981,218,118224829,11,111,-13122956018,111218116,2548,3383,3169,3599,1,1,1,1,1,2,6,3,3,3
79,149,11771,228,135912639,-2,7,-951388472,128051856,6918,4673,4449,4899,1,1,3,1,2,2,2,3,3,1
79,149,11771,228,135912639,-1,3,-407737916,128051856,6918,4673,4449,4899,1,1,3,1,2,2,2,3,3,2
79,149,11771,228,135912639,0,1,-135912638,128051856,6918,4673,4449,4899,1,1,3,1,2,2,2,3,3,6
79,149,11771,228,135912639,1,1,-135912638,128051856,6918,4673,4449,4899,1,1,3,1,2,2,2,3,3,6
79,149,11771,228,135912639,2,3,-407737916,128051856,6918,4673,4449,4899,1,1,3,1,2,2,2,3,3,2
79,149,11771,228,135912639,3,7,-951388472,128051856,6918,4673,4449,4899,1,1,3,1,2,2,2,3,3,1
79,149,11771,228,135912639,5,21,-2854165418,128051856,6918,4673,4449,4899,1,1,3,1,2,2,2,3,3,1
79,149,11771,228,135912639,7,43,-5844243476,128051856,6918,4673,4449,4899,1,1,3,1,2,2,2,3,3,6
79,149,11771,228,135912639,11,111,-15086302928,128051856,6918,4673,4449,4899,1,1,3,1,2,2,2,3,3,3
79,151,11929,230,139598113,-2,7,-977186790,131560900,7888,4955,4729,5183,1,1,1,1,1,2,4,3,6,1
79,151,11929,230,139598113,-1,3,-418794338,131560900,7888,4955,4729,5183,1,1,1,1,1,2,4,3,6,3
79,151,11929,230,139598113,0,1,-139598112,131560900,7888,4955,4729,5183,1,1,1,1,1,2,4,3,6,4
79,151,11929,230,139598113,1,1,-139598112,131560900,7888,4955,4729,5183,1,1,1,1,1,2,4,3,6,4
79,151,11929,230,139598113,2,3,-418794338,131560900,7888,4955,4729,5183,1,1,1,1,1,2,4,3,6,3
79,151,11929,230,139598113,3,7,-977186790,131560900,7888,4955,4729,5183,1,1,1,1,1,2,4,3,6,1
79,151,11929,230,139598113,5,21,-2931560372,131560900,7888,4955,4729,5183,1,1,1,1,1,2,4,3,6,1
79,151,11929,230,139598113,7,43,-6002718858,131560900,7888,4955,4729,5183,1,1,1,1,1,2,4,3,6,4
79,151,11929,230,139598113,11,111,-15495390542,131560900,7888,4955,4729,5183,1,1,1,1,1,2,4,3,6,5
79,157,12403,236,150950359,-2,7,-1056652512,142372624,10990,5849,5617,6083,1,1,7,1,1,2,3,3,0,1
79,157,12403,236,150950359,-1,3,-452851076,142372624,10990,5849,5617,6083,1,1,7,1,1,2,3,3,0,1
79,157,12403,236,150950359,0,1,-150950358,142372624,10990,5849,5617,6083,1,1,7,1,1,2,3,3,0,1
79,157,12403,236,150950359,1,1,-150950358,142372624,10990,5849,5617,6083,1,1,7,1,1,2,3,3,0,1
79,157,12403,236,150950359,2,3,-452851076,142372624,10990,5849,5617,6083,1,1,7,1,1,2,3,3,0,1
79,157,12403,236,150950359,3,7,-1056652512,142372624,10990,5849,5617,6083,1,1,7,1,1,2,3,3,0,1
79,157,12403,236,150950359,5,21,-3169957538,142372624,10990,5849,5617,6083,1,1,7,1,1,2,3,3,0,1
79,157,12403,236,150950359,7,43,-6490865436,142372624,10990,5849,5617,6083,1,1,7,1,1,2,3,3,0,1
79,157,12403,236,150950359,11,111,-16755489848,142372624,10990,5849,5617,6083,1,1,7,1,1,2,3,3,0,1
79,163,12877,242,162746341,-2,7,-1139224386,153611236,1503,6815,6577,7055,1,1,1,1,1,2,2,3,3,1
79,163,12877,242,162746341,-1,3,-488239022,153611236,1503,6815,6577,7055,1,1,1,1,1,2,2,3,3,2
79,163,12877,242,162746341,0,1,-162746340,153611236,1503,6815,6577,7055,1,1,1,1,1,2,2,3,3,6
79,163,12877,242,162746341,1,1,-162746340,153611236,1503,6815,6577,7055,1,1,1,1,1,2,2,3,3,6
79,163,12877,242,162746341,2,3,-488239022,153611236,1503,6815,6577,7055,1,1,1,1,1,2,2,3,3,2
79,163,12877,242,162746341,3,7,-1139224386,153611236,1503,6815,6577,7055,1,1,1,1,1,2,2,3,3,1
79,163,12877,242,162746341,5,21,-3417673160,153611236,1503,6815,6577,7055,1,1,1,1,1,2,2,3,3,1
79,163,12877,242,162746341,7,43,-6998092662,153611236,1503,6815,6577,7055,1,1,1,1,1,2,2,3,3,6
79,163,12877,242,162746341,11,111,-18064843850,153611236,1503,6815,6577,7055,1,1,1,1,1,2,2,3,3,3
79,167,13193,246,170856849,-2,7,-1195997942,161340804,3607,7499,7257,7743,1,1,3,1,2,2,6,3,3,1
79,167,13193,246,170856849,-1,3,-512570546,161340804,3607,7499,7257,7743,1,1,3,1,2,2,6,3,3,2
79,167,13193,246,170856849,0,1,-170856848,161340804,3607,7499,7257,7743,1,1,3,1,2,2,6,3,3,6
79,167,13193,246,170856849,1,1,-170856848,161340804,3607,7499,7257,7743,1,1,3,1,2,2,6,3,3,6
79,167,13193,246,170856849,2,3,-512570546,161340804,3607,7499,7257,7743,1,1,3,1,2,2,6,3,3,2
79,167,13193,246,170856849,3,7,-1195997942,161340804,3607,7499,7257,7743,1,1,3,1,2,2,6,3,3,1
79,167,13193,246,170856849,5,21,-3587993828,161340804,3607,7499,7257,7743,1,1,3,1,2,2,6,3,3,1
79,167,13193,246,170856849,7,43,-7346844506,161340804,3607,7499,7257,7743,1,1,3,1,2,2,6,3,3,6
79,167,13193,246,170856849,11,111,-18965110238,161340804,3607,7499,7257,7743,1,1,3,1,2,2,6,3,3,3
79,173,13667,252,183392391,-2,7,-1283746736,173290896,7003,8585,8337,8835,1,1,3,1,2,2,5,3,0,1
79,173,13667,252,183392391,-1,3,-550177172,173290896,7003,8585,8337,8835,1,1,3,1,2,2,5,3,0,1
79,173,13667,252,183392391,0,1,-183392390,173290896,7003,8585,8337,8835,1,1,3,1,2,2,5,3,0,1
79,173,13667,252,183392391,1,1,-183392390,173290896,7003,8585,8337,8835,1,1,3,1,2,2,5,3,0,1
79,173,13667,252,183392391,2,3,-550177172,173290896,7003,8585,8337,8835,1,1,3,1,2,2,5,3,0,1
79,173,13667,252,183392391,3,7,-1283746736,173290896,7003,8585,8337,8835,1,1,3,1,2,2,5,3,0,1
79,173,13667,252,183392391,5,21,-3851240210,173290896,7003,8585,8337,8835,1,1,3,1,2,2,5,3,0,1
79,173,13667,252,183392391,7,43,-7885872812,173290896,7003,8585,8337,8835,1,1,3,1,2,2,5,3,0,1
79,173,13667,252,183392391,11,111,-20356555400,173290896,7003,8585,8337,8835,1,1,3,1,2,2,5,3,0,1
79,179,14141,258,196371669,-2,7,-1374601682,185667876,10687,9743,9489,9999,1,1,3,1,2,2,4,3,6,1
79,179,14141,258,196371669,-1,3,-589115006,185667876,10687,9743,9489,9999,1,1,3,1,2,2,4,3,6,3
79,179,14141,258,196371669,0,1,-196371668,185667876,10687,9743,9489,9999,1,1,3,1,2,2,4,3,6,4
79,179,14141,258,196371669,1,1,-196371668,185667876,10687,9743,9489,9999,1,1,3,1,2,2,4,3,6,4
79,179,14141,258,196371669,2,3,-589115006,185667876,10687,9743,9489,9999,1,1,3,1,2,2,4,3,6,3
79,179,14141,258,196371669,3,7,-1374601682,185667876,10687,9743,9489,9999,1,1,3,1,2,2,4,3,6,1
79,179,14141,258,196371669,5,21,-4123805048,185667876,10687,9743,9489,9999,1,1,3,1,2,2,4,3,6,1
79,179,14141,258,196371669,7,43,-8443981766,185667876,10687,9743,9489,9999,1,1,3,1,2,2,4,3,6,4
79,179,14141,258,196371669,11,111,-21797255258,185667876,10687,9743,9489,9999,1,1,3,1,2,2,4,3,6,5
79,181,14299,260,200796703,-2,7,-1405576920,189888400,11979,10145,9889,10403,1,1,1,1,1,2,6,3,3,1
79,181,14299,260,200796703,-1,3,-602390108,189888400,11979,10145,9889,10403,1,1,1,1,1,2,6,3,3,2
79,181,14299,260,200796703,0,1,-200796702,189888400,11979,10145,9889,10403,1,1,1,1,1,2,6,3,3,6
79,181,14299,260,200796703,1,1,-200796702,189888400,11979,10145,9889,10403,1,1,1,1,1,2,6,3,3,6
79,181,14299,260,200796703,2,3,-602390108,189888400,11979,10145,9889,10403,1,1,1,1,1,2,6,3,3,2
79,181,14299,260,200796703,3,7,-1405576920,189888400,11979,10145,9889,10403,1,1,1,1,1,2,6,3,3,1
79,181,14299,260,200796703,5,21,-4216730762,189888400,11979,10145,9889,10403,1,1,1,1,1,2,6,3,3,1
79,181,14299,260,200796703,7,43,-8634258228,189888400,11979,10145,9889,10403,1,1,1,1,1,2,6,3,3,6
79,181,14299,260,200796703,11,111,-22288434032,189888400,11979,10145,9889,10403,1,1,1,1,1,2,6,3,3,3
79,191,15089,270,223661433,-2,7,-1565630030,211702500,3830,12275,12009,12543,1,1,3,1,2,2,2,3,3,1
79,191,15089,270,223661433,-1,3,-670984298,211702500,3830,12275,12009,12543,1,1,3,1,2,2,2,3,3,2
79,191,15089,270,223661433,0,1,-223661432,211702500,3830,12275,12009,12543,1,1,3,1,2,2,2,3,3,6
79,191,15089,270,223661433,1,1,-223661432,211702500,3830,12275,12009,12543,1,1,3,1,2,2,2,3,3,6
79,191,15089,270,223661433,2,3,-670984298,211702500,3830,12275,12009,12543,1,1,3,1,2,2,2,3,3,2
79,191,15089,270,223661433,3,7,-1565630030,211702500,3830,12275,12009,12543,1,1,3,1,2,2,2,3,3,1
79,191,15089,270,223661433,5,21,-4696890092,211702500,3830,12275,12009,12543,1,1,3,1,2,2,2,3,3,1
79,191,15089,270,223661433,7,43,-9617441618,211702500,3830,12275,12009,12543,1,1,3,1,2,2,2,3,3,6
79,191,15089,270,223661433,11,111,-24826419062,211702500,3830,12275,12009,12543,1,1,3,1,2,2,2,3,3,3
79,193,15247,272,228382291,-2,7,-1598676036,216207616,5156,12725,12457,12995,1,1,1,1,1,2,4,3,6,1
79,193,15247,272,228382291,-1,3,-685146872,216207616,5156,12725,12457,12995,1,1,1,1,1,2,4,3,6,3
79,193,15247,272,228382291,0,1,-228382290,216207616,5156,12725,12457,12995,1,1,1,1,1,2,4,3,6,4
79,193,15247,272,228382291,1,1,-228382290,216207616,5156,12725,12457,12995,1,1,1,1,1,2,4,3,6,4
79,193,15247,272,228382291,2,3,-685146872,216207616,5156,12725,12457,12995,1,1,1,1,1,2,4,3,6,3
79,193,15247,272,228382291,3,7,-1598676036,216207616,5156,12725,12457,12995,1,1,1,1,1,2,4,3,6,1
79,193,15247,272,228382291,5,21,-4796028110,216207616,5156,12725,12457,12995,1,1,1,1,1,2,4,3,6,1
79,193,15247,272,228382291,7,43,-9820438512,216207616,5156,12725,12457,12995,1,1,1,1,1,2,4,3,6,4
79,193,15247,272,228382291,11,111,-25350434300,216207616,5156,12725,12457,12995,1,1,1,1,1,2,4,3,6,5
79,197,15563,276,237971919,-2,7,-1665803432,225360144,7904,13649,13377,13923,1,1,3,1,2,2,1,3,1,1
79,197,15563,276,237971919,-1,3,-713915756,225360144,7904,13649,13377,13923,1,1,3,1,2,2,1,3,1,6
79,197,15563,276,237971919,0,1,-237971918,225360144,7904,13649,13377,13923,1,1,3,1,2,2,1,3,1,5
79,197,15563,276,237971919,1,1,-237971918,225360144,7904,13649,13377,13923,1,1,3,1,2,2,1,3,1,5
79,197,15563,276,237971919,2,3,-713915756,225360144,7904,13649,13377,13923,1,1,3,1,2,2,1,3,1,6
79,197,15563,276,237971919,3,7,-1665803432,225360144,7904,13649,13377,13923,1,1,3,1,2,2,1,3,1,1
79,197,15563,276,237971919,5,21,-4997410298,225360144,7904,13649,13377,13923,1,1,3,1,2,2,1,3,1,1
79,197,15563,276,237971919,7,43,-10232792516,225360144,7904,13649,13377,13923,1,1,3,1,2,2,1,3,1,5
79,197,15563,276,237971919,11,111,-26414883008,225360144,7904,13649,13377,13923,1,1,3,1,2,2,1,3,1,4
79,199,15721,278,242840689,-2,7,-1699884822,230007556,9326,14123,13849,14399,1,1,7,1,1,2,3,3,0,1
79,199,15721,278,242840689,-1,3,-728522066,230007556,9326,14123,13849,14399,1,1,7,1,1,2,3,3,0,1
79,199,15721,278,242840689,0,1,-242840688,230007556,9326,14123,13849,14399,1,1,7,1,1,2,3,3,0,1
79,199,15721,278,242840689,1,1,-242840688,230007556,9326,14123,13849,14399,1,1,7,1,1,2,3,3,0,1
79,199,15721,278,242840689,2,3,-728522066,230007556,9326,14123,13849,14399,1,1,7,1,1,2,3,3,0,1
79,199,15721,278,242840689,3,7,-1699884822,230007556,9326,14123,13849,14399,1,1,7,1,1,2,3,3,0,1
79,199,15721,278,242840689,5,21,-5099654468,230007556,9326,14123,13849,14399,1,1,7,1,1,2,3,3,0,1
79,199,15721,278,242840689,7,43,-10442149626,230007556,9326,14123,13849,14399,1,1,7,1,1,2,3,3,0,1
79,199,15721,278,242840689,11,111,-26955316478,230007556,9326,14123,13849,14399,1,1,7,1,1,2,3,3,0,1
83,89,7387,172,53319231,-2,7,-373234616,49617936,6844,7252,7083,35,1,3,1,2,2,6,5,3,0,1
83,89,7387,172,53319231,-1,3,-159957692,49617936,6844,7252,7083,35,1,3,1,2,2,6,5,3,0,1
83,89,7387,172,53319231,0,1,-53319230,49617936,6844,7252,7083,35,1,3,1,2,2,6,5,3,0,1
83,89,7387,172,53319231,1,1,-53319230,49617936,6844,7252,7083,35,1,3,1,2,2,6,5,3,0,1
83,89,7387,172,53319231,2,3,-159957692,49617936,6844,7252,7083,35,1,3,1,2,2,6,5,3,0,1
83,89,7387,172,53319231,3,7,-373234616,49617936,6844,7252,7083,35,1,3,1,2,2,6,5,3,0,1
83,89,7387,172,53319231,5,21,-1119703850,49617936,6844,7252,7083,35,1,3,1,2,2,6,5,3,0,1
83,89,7387,172,53319231,7,43,-2292726932,49617936,6844,7252,7083,35,1,3,1,2,2,6,5,3,0,1
83,89,7387,172,53319231,11,111,-5918434640,49617936,6844,7252,7083,35,1,3,1,2,2,6,5,3,0,1
83,97,8051,180,63393591,-2,7,-443755136,59166864,65,17,7891,195,1,1,3,2,1,6,6,3,3,1
83,97,8051,180,63393591,-1,3,-190180772,59166864,65,17,7891,195,1,1,3,2,1,6,6,3,3,2
83,97,8051,180,63393591,0,1,-63393590,59166864,65,17,7891,195,1,1,3,2,1,6,6,3,3,6
83,97,8051,180,63393591,1,1,-63393590,59166864,65,17,7891,195,1,1,3,2,1,6,6,3,3,6
83,97,8051,180,63393591,2,3,-190180772,59166864,65,17,7891,195,1,1,3,2,1,6,6,3,3,2
83,97,8051,180,63393591,3,7,-443755136,59166864,65,17,7891,195,1,1,3,2,1,6,6,3,3,1
83,97,8051,180,63393591,5,21,-1331265410,59166864,65,17,7891,195,1,1,3,2,1,6,6,3,3,1
83,97,8051,180,63393591,7,43,-2725924412,59166864,65,17,7891,195,1,1,3,2,1,6,6,3,3,6
83,97,8051,180,63393591,11,111,-7036688600,59166864,65,17,7891,195,1,1,3,2,1,6,6,3,3,3
83,101,8383,184,68757507,-2,7,-481302548,64256256,561,141,8343,323,1,3,1,2,2,6,3,3,0,1
83,101,8383,184,68757507,-1,3,-206272520,64256256,561,141,8343,323,1,3,1,2,2,6,3,3,0,1
83,101,8383,184,68757507,0,1,-68757506,64256256,561,141,8343,323,1,3,1,2,2,6,3,3,0,1
83,101,8383,184,68757507,1,1,-68757506,64256256,561,141,8343,323,1,3,1,2,2,6,3,3,0,1
83,101,8383,184,68757507,2,3,-206272520,64256256,561,141,8343,323,1,3,1,2,2,6,3,3,0,1
83,101,8383,184,68757507,3,7,-481302548,64256256,561,141,8343,323,1,3,1,2,2,6,3,3,0,1
83,101,8383,184,68757507,5,21,-1443907646,64256256,561,141,8343,323,1,3,1,2,2,6,3,3,0,1
83,101,8383,184,68757507,7,43,-2956572800,64256256,561,141,8343,323,1,3,1,2,2,6,3,3,0,1
83,101,8383,184,68757507,11,111,-7632083276,64256256,561,141,8343,323,1,3,1,2,2,6,3,3,0,1
83,103,8549,186,71521149,-2,7,-500648042,66879684,857,215,33,399,1,1,57,2,1,6,5,3,0,1
83,103,8549,186,71521149,-1,3,-214563446,66879684,857,215,33,399,1,1,57,2,1,6,5,3,0,1
83,103,8549,186,71521149,0,1,-71521148,66879684,857,215,33,399,1,1,57,2,1,6,5,3,0,1
83,103,8549,186,71521149,1,1,-71521148,66879684,857,215,33,399,1,1,57,2,1,6,5,3,0,1
83,103,8549,186,71521149,2,3,-214563446,66879684,857,215,33,399,1,1,57,2,1,6,5,3,0,1
83,103,8549,186,71521149,3,7,-500648042,66879684,857,215,33,399,1,1,57,2,1,6,5,3,0,1
83,103,8549,186,71521149,5,21,-1501944128,66879684,857,215,33,399,1,1,57,2,1,6,5,3,0,1
83,103,8549,186,71521149,7,43,-3075409406,66879684,857,215,33,399,1,1,57,2,1,6,5,3,0,1
83,103,8549,186,71521149,11,111,-7938847538,66879684,857,215,33,399,1,1,57,2,1,6,5,3,0,1
83,107,8881,190,77211801,-2,7,-540482606,72284004,1545,387,201,575,1,3,1,2,2,6,2,3,3,1
83,107,8881,190,77211801,-1,3,-231635402,72284004,1545,387,201,575,1,3,1,2,2,6,2,3,3,2
83,107,8881,190,77211801,0,1,-77211800,72284004,1545,387,201,575,1,3,1,2,2,6,2,3,3,6
83,107,8881,190,77211801,1,1,-77211800,72284004,1545,387,201,575,1,3,1,2,2,6,2,3,3,6
83,107,8881,190,77211801,2,3,-231635402,72284004,1545,387,201,575,1,3,1,2,2,6,2,3,3,2
83,107,8881,190,77211801,3,7,-540482606,72284004,1545,387,201,575,1,3,1,2,2,6,2,3,3,1
83,107,8881,190,77211801,5,21,-1621447820,72284004,1545,387,201,575,1,3,1,2,2,6,2,3,3,1
83,107,8881,190,77211801,7,43,-3320107442,72284004,1545,387,201,575,1,3,1,2,2,6,2,3,3,6
83,107,8881,190,77211801,11,111,-8570509910,72284004,1545,387,201,575,1,3,1,2,2,6,2,3,3,3
83,109,9047,192,80138811,-2,7,-560971676,75064896,1937,485,297,675,1,1,3,2,1,6,4,3,6,1
83,109,9047,192,80138811,-1,3,-240416432,75064896,1937,485,297,675,1,1,3,2,1,6,4,3,6,3
83,109,9047,192,80138811,0,1,-80138810,75064896,1937,485,297,675,1,1,3,2,1,6,4,3,6,4
83,109,9047,192,80138811,1,1,-80138810,75064896,1937,485,297,675,1,1,3,2,1,6,4,3,6,4
83,109,9047,192,80138811,2,3,-240416432,75064896,1937,485,297,675,1,1,3,2,1,6,4,3,6,3
83,109,9047,192,80138811,3,7,-560971676,75064896,1937,485,297,675,1,1,3,2,1,6,4,3,6,1
83,109,9047,192,80138811,5,21,-1682915030,75064896,1937,485,297,675,1,1,3,2,1,6,4,3,6,1
83,109,9047,192,80138811,7,43,-3445968872,75064896,1937,485,297,675,1,1,3,2,1,6,4,3,6,4
83,109,9047,192,80138811,11,111,-8895408020,75064896,1937,485,297,675,1,1,3,2,1,6,4,3,6,5
83,113,9379,196,86156199,-2,7,-603093392,80784144,2817,705,513,899,1,9,1,2,2,6,1,3,1,1
83,113,9379,196,86156199,-1,3,-258468596,80784144,2817,705,513,899,1,9,1,2,2,6,1,3,1,6
83,113,9379,196,86156199,0,1,-86156198,80784144,2817,705,513,899,1,9,1,2,2,6,1,3,1,5
83,113,9379,196,86156199,1,1,-86156198,80784144,2817,705,513,899,1,9,1,2,2,6,1,3,1,5
83,113,9379,196,86156199,2,3,-258468596,80784144,2817,705,513,899,1,9,1,2,2,6,1,3,1,6
83,113,9379,196,86156199,3,7,-603093392,80784144,2817,705,513,899,1,9,1,2,2,6,1,3,1,1
83,113,9379,196,86156199,5,21,-1809280178,80784144,2817,705,513,899,1,9,1,2,2,6,1,3,1,1
83,113,9379,196,86156199,7,43,-3704716556,80784144,2817,705,513,899,1,9,1,2,2,6,1,3,1,5
83,113,9379,196,86156199,11,111,-9563338088,80784144,2817,705,513,899,1,9,1,2,2,6,1,3,1,4
83,127,10541,210,108932421,-2,7,-762526946,102454884,6905,1727,1521,1935,1,1,3,2,1,6,1,3,1,1
83,127,10541,210,108932421,-1,3,-326797262,102454884,6905,1727,1521,1935,1,1,3,2,1,6,1,3,1,6
83,127,10541,210,108932421,0,1,-108932420,102454884,6905,1727,1521,1935,1,1,3,2,1,6,1,3,1,5
83,127,10541,210,108932421,1,1,-108932420,102454884,6905,1727,1521,1935,1,1,3,2,1,6,1,3,1,5
83,127,10541,210,108932421,2,3,-326797262,102454884,6905,1727,1521,1935,1,1,3,2,1,6,1,3,1,6
83,127,10541,210,108932421,3,7,-762526946,102454884,6905,1727,1521,1935,1,1,3,2,1,6,1,3,1,1
83,127,10541,210,108932421,5,21,-2287580840,102454884,6905,1727,1521,1935,1,1,3,2,1,6,1,3,1,1
83,127,10541,210,108932421,7,43,-4684094102,102454884,6905,1727,1521,1935,1,1,3,2,1,6,1,3,1,5
83,127,10541,210,108932421,11,111,-12091498730,102454884,6905,1727,1521,1935,1,1,3,2,1,6,1,3,1,4
83,131,10873,214,115930017,-2,7,-811510118,109118916,8361,2091,1881,2303,1,9,1,2,2,6,5,3,0,1
83,131,10873,214,115930017,-1,3,-347790050,109118916,8361,2091,1881,2303,1,9,1,2,2,6,5,3,0,1
83,131,10873,214,115930017,0,1,-115930016,109118916,8361,2091,1881,2303,1,9,1,2,2,6,5,3,0,1
83,131,10873,214,115930017,1,1,-115930016,109118916,8361,2091,1881,2303,1,9,1,2,2,6,5,3,0,1
83,131,10873,214,115930017,2,3,-347790050,109118916,8361,2091,1881,2303,1,9,1,2,2,6,5,3,0,1
83,131,10873,214,115930017,3,7,-811510118,109118916,8361,2091,1881,2303,1,9,1,2,2,6,5,3,0,1
83,131,10873,214,115930017,5,21,-2434530356,109118916,8361,2091,1881,2303,1,9,1,2,2,6,5,3,0,1
83,131,10873,214,115930017,7,43,-4984990730,109118916,8361,2091,1881,2303,1,9,1,2,2,6,5,3,0,1
83,131,10873,214,115930017,11,111,-12868231886,109118916,8361,2091,1881,2303,1,9,1,2,2,6,5,3,0,1
83,137,11371,220,126834831,-2,7,-887843816,119508624,10785,2697,2481,2915,1,3,1,2,2,6,4,3,6,1
83,137,11371,220,126834831,-1,3,-380504492,119508624,10785,2697,2481,2915,1,3,1,2,2,6,4,3,6,3
83,137,11371,220,126834831,0,1,-126834830,119508624,10785,2697,2481,2915,1,3,1,2,2,6,4,3,6,4
83,137,11371,220,126834831,1,1,-126834830,119508624,10785,2697,2481,2915,1,3,1,2,2,6,4,3,6,4
83,137,11371,220,126834831,2,3,-380504492,119508624,10785,2697,2481,2915,1,3,1,2,2,6,4,3,6,3
83,137,11371,220,126834831,3,7,-887843816,119508624,10785,2697,2481,2915,1,3,1,2,2,6,4,3,6,1
83,137,11371,220,126834831,5,21,-2663531450,119508624,10785,2697,2481,2915,1,3,1,2,2,6,4,3,6,1
83,137,11371,220,126834831,7,43,-5453897732,119508624,10785,2697,2481,2915,1,3,1,2,2,6,4,3,6,4
83,137,11371,220,126834831,11,111,-14078666240,119508624,10785,2697,2481,2915,1,3,1,2,2,6,4,3,6,5
83,139,11537,222,130578681,-2,7,-914050766,123076836,120,2915,2697,3135,1,1,3,2,1,6,6,3,3,1
83,139,11537,222,130578681,-1,3,-391736042,123076836,120,2915,2697,3135,1,1,3,2,1,6,6,3,3,2
83,139,11537,222,130578681,0,1,-130578680,123076836,120,2915,2697,3135,1,1,3,2,1,6,6,3,3,6
83,139,11537,222,130578681,1,1,-130578680,123076836,120,2915,2697,3135,1,1,3,2,1,6,6,3,3,6
83,139,11537,222,130578681,2,3,-391736042,123076836,120,2915,2697,3135,1,1,3,2,1,6,6,3,3,2
83,139,11537,222,130578681,3,7,-914050766,123076836,120,2915,2697,3135,1,1,3,2,1,6,6,3,3,1
83,139,11537,222,130578681,5,21,-2742152300,123076836,120,2915,2697,3135,1,1,3,2,1,6,6,3,3,1
83,139,11537,222,130578681,7,43,-5614883282,123076836,120,2915,2697,3135,1,1,3,2,1,6,6,3,3,6
83,139,11537,222,130578681,11,111,-14494233590,123076836,120,2915,2697,3135,1,1,3,2,1,6,6,3,3,3
83,149,12367,232,150114771,-2,7,-1050803396,141705216,4130,4125,3897,4355,1,9,1,2,2,6,2,3,3,1
83,149,12367,232,150114771,-1,3,-450344312,141705216,4130,4125,3897,4355,1,9,1,2,2,6,2,3,3,2
83,149,12367,232,150114771,0,1,-150114770,141705216,4130,4125,3897,4355,1,9,1,2,2,6,2,3,3,6
83,149,12367,232,150114771,1,1,-150114770,141705216,4130,4125,3897,4355,1,9,1,2,2,6,2,3,3,6
83,149,12367,232,150114771,2,3,-450344312,141705216,4130,4125,3897,4355,1,9,1,2,2,6,2,3,3,2
83,149,12367,232,150114771,3,7,-1050803396,141705216,4130,4125,3897,4355,1,9,1,2,2,6,2,3,3,1
83,149,12367,232,150114771,5,21,-3152410190,141705216,4130,4125,3897,4355,1,9,1,2,2,6,2,3,3,1
83,149,12367,232,150114771,7,43,-6454935152,141705216,4130,4125,3897,4355,1,9,1,2,2,6,2,3,3,6
83,149,12367,232,150114771,11,111,-16662739580,141705216,4130,4125,3897,4355,1,9,1,2,2,6,2,3,3,3
83,151,12533,234,154185357,-2,7,-1079297498,145588356,5028,4391,4161,4623,1,1,3,2,1,6,4,3,6,1
83,151,12533,234,154185357,-1,3,-462556070,145588356,5028,4391,4161,4623,1,1,3,2,1,6,4,3,6,3
83,151,12533,234,154185357,0,1,-154185356,145588356,5028,4391,4161,4623,1,1,3,2,1,6,4,3,6,4
83,151,12533,234,154185357,1,1,-154185356,145588356,5028,4391,4161,4623,1,1,3,2,1,6,4,3,6,4
83,151,12533,234,154185357,2,3,-462556070,145588356,5028,4391,4161,4623,1,1,3,2,1,6,4,3,6,3
83,151,12533,234,154185357,3,7,-1079297498,145588356,5028,4391,4161,4623,1,1,3,2,1,6,4,3,6,1
83,151,12533,234,154185357,5,21,-3237892496,145588356,5028,4391,4161,4623,1,1,3,2,1,6,4,3,6,1
83,151,12533,234,154185357,7,43,-6629970350,145588356,5028,4391,4161,4623,1,1,3,2,1,6,4,3,6,4
83,151,12533,234,154185357,11,111,-17114574626,145588356,5028,4391,4161,4623,1,1,3,2,1,6,4,3,6,5
83,157,13031,240,166723851,-2,7,-1167066956,157552704,7914,5237,5001,5475,1,1,3,2,1,6,3,3,0,1
83,157,13031,240,166723851,-1,3,-500171552,157552704,7914,5237,5001,5475,1,1,3,2,1,6,3,3,0,1
83,157,13031,240,166723851,0,1,-166723850,157552704,7914,5237,5001,5475,1,1,3,2,1,6,3,3,0,1
83,157,13031,240,166723851,1,1,-166723850,157552704,7914,5237,5001,5475,1,1,3,2,1,6,3,3,0,1
83,157,13031,240,166723851,2,3,-500171552,157552704,7914,5237,5001,5475,1,1,3,2,1,6,3,3,0,1
83,157,13031,240,166723851,3,7,-1167066956,157552704,7914,5237,5001,5475,1,1,3,2,1,6,3,3,0,1
83,157,13031,240,166723851,5,21,-3501200870,157552704,7914,5237,5001,5475,1,1,3,2,1,6,3,3,0,1
83,157,13031,240,166723851,7,43,-7169125592,157552704,7914,5237,5001,5475,1,1,3,2,1,6,3,3,0,1
83,157,13031,240,166723851,11,111,-18506347460,157552704,7914,5237,5001,5475,1,1,3,2,1,6,3,3,0,1
83,163,13529,246,179752449,-2,7,-1258267142,169989444,11088,6155,5913,6399,1,1,3,2,1,6,2,3,3,1
83,163,13529,246,179752449,-1,3,-539257346,169989444,11088,6155,5913,6399,1,1,3,2,1,6,2,3,3,2
83,163,13529,246,179752449,0,1,-179752448,169989444,11088,6155,5913,6399,1,1,3,2,1,6,2,3,3,6
83,163,13529,246,179752449,1,1,-179752448,169989444,11088,6155,5913,6399,1,1,3,2,1,6,2,3,3,6
83,163,13529,246,179752449,2,3,-539257346,169989444,11088,6155,5913,6399,1,1,3,2,1,6,2,3,3,2
83,163,13529,246,179752449,3,7,-1258267142,169989444,11088,6155,5913,6399,1,1,3,2,1,6,2,3,3,1
83,163,13529,246,179752449,5,21,-3774801428,169989444,11088,6155,5913,6399,1,1,3,2,1,6,2,3,3,1
83,163,13529,246,179752449,7,43,-7729355306,169989444,11088,6155,5913,6399,1,1,3,2,1,6,2,3,3,6
83,163,13529,246,179752449,11,111,-19952521838,169989444,11088,6155,5913,6399,1,1,3,2,1,6,2,3,3,3
83,167,13861,250,188710461,-2,7,-1320973226,178543044,13364,6807,6561,7055,1,9,1,2,2,6,6,3,3,1
83,167,13861,250,188710461,-1,3,-566131382,178543044,13364,6807,6561,7055,1,9,1,2,2,6,6,3,3,2
83,167,13861,250,188710461,0,1,-188710460,178543044,13364,6807,6561,7055,1,9,1,2,2,6,6,3,3,6
83,167,13861,250,188710461,1,1,-188710460,178543044,13364,6807,6561,7055,1,9,1,2,2,6,6,3,3,6
83,167,13861,250,188710461,2,3,-566131382,178543044,13364,6807,6561,7055,1,9,1,2,2,6,6,3,3,2
83,167,13861,250,188710461,3,7,-1320973226,178543044,13364,6807,6561,7055,1,9,1,2,2,6,6,3,3,1
83,167,13861,250,188710461,5,21,-3962919680,178543044,13364,6807,6561,7055,1,9,1,2,2,6,6,3,3,1
83,167,13861,250,188710461,7,43,-8114549822,178543044,13364,6807,6561,7055,1,9,1,2,2,6,6,3,3,6
83,167,13861,250,188710461,11,111,-20946861170,178543044,13364,6807,6561,7055,1,9,1,2,2,6,6,3,3,3
83,173,14359,256,202555899,-2,7,-1417891292,191767104,2659,7845,7593,8099,1,3,1,2,2,6,5,3,0,1
83,173,14359,256,202555899,-1,3,-607667696,191767104,2659,7845,7593,8099,1,3,1,2,2,6,5,3,0,1
83,173,14359,256,202555899,0,1,-202555898,191767104,2659,7845,7593,8099,1,3,1,2,2,6,5,3,0,1
83,173,14359,256,202555899,1,1,-202555898,191767104,2659,7845,7593,8099,1,3,1,2,2,6,5,3,0,1
83,173,14359,256,202555899,2,3,-607667696,191767104,2659,7845,7593,8099,1,3,1,2,2,6,5,3,0,1
83,173,14359,256,202555899,3,7,-1417891292,191767104,2659,7845,7593,8099,1,3,1,2,2,6,5,3,0,1
83,173,14359,256,202555899,5,21,-4253673878,191767104,2659,7845,7593,8099,1,3,1,2,2,6,5,3,0,1
83,173,14359,256,202555899,7,43,-8709903656,191767104,2659,7845,7593,8099,1,3,1,2,2,6,5,3,0,1
83,173,14359,256,202555899,11,111,-22483704788,191767104,2659,7845,7593,8099,1,3,1,2,2,6,5,3,0,1
83,179,14857,262,216891441,-2,7,-1518240086,205463556,6103,8955,8697,9215,1,3,19,2,2,6,4,3,6,1
83,179,14857,262,216891441,-1,3,-650674322,205463556,6103,8955,8697,9215,1,3,19,2,2,6,4,3,6,3
83,179,14857,262,216891441,0,1,-216891440,205463556,6103,8955,8697,9215,1,3,19,2,2,6,4,3,6,4
83,179,14857,262,216891441,1,1,-216891440,205463556,6103,8955,8697,9215,1,3,19,2,2,6,4,3,6,4
83,179,14857,262,216891441,2,3,-650674322,205463556,6103,8955,8697,9215,1,3,19,2,2,6,4,3,6,3
83,179,14857,262,216891441,3,7,-1518240086,205463556,6103,8955,8697,9215,1,3,19,2,2,6,4,3,6,1
83,179,14857,262,216891441,5,21,-4554720260,205463556,6103,8955,8697,9215,1,3,19,2,2,6,4,3,6,1
83,179,14857,262,216891441,7,43,-9326331962,205463556,6103,8955,8697,9215,1,3,19,2,2,6,4,3,6,4
83,179,14857,262,216891441,11,111,-24074949950,205463556,6103,8955,8697,9215,1,3,19,2,2,6,4,3,6,5
83,181,15023,264,221778867,-2,7,-1552452068,210134016,7315,9341,9081,9603,1,1,3,2,1,6,6,3,3,1
83,181,15023,264,221778867,-1,3,-665336600,210134016,7315,9341,9081,9603,1,1,3,2,1,6,6,3,3,2
83,181,15023,264,221778867,0,1,-221778866,210134016,7315,9341,9081,9603,1,1,3,2,1,6,6,3,3,6
83,181,15023,264,221778867,1,1,-221778866,210134016,7315,9341,9081,9603,1,1,3,2,1,6,6,3,3,6
83,181,15023,264,221778867,2,3,-665336600,210134016,7315,9341,9081,9603,1,1,3,2,1,6,6,3,3,2
83,181,15023,264,221778867,3,7,-1552452068,210134016,7315,9341,9081,9603,1,1,3,2,1,6,6,3,3,1
83,181,15023,264,221778867,5,21,-4657356206,210134016,7315,9341,9081,9603,1,1,3,2,1,6,6,3,3,1
83,181,15023,264,221778867,7,43,-9536491280,210134016,7315,9341,9081,9603,1,1,3,2,1,6,6,3,3,6
83,181,15023,264,221778867,11,111,-24617454236,210134016,7315,9341,9081,9603,1,1,3,2,1,6,6,3,3,3
83,191,15853,274,247032837,-2,7,-1729229858,234273636,13855,11391,11121,11663,1,3,1,2,2,6,2,3,3,1
83,191,15853,274,247032837,-1,3,-741098510,234273636,13855,11391,11121,11663,1,3,1,2,2,6,2,3,3,2
83,191,15853,274,247032837,0,1,-247032836,234273636,13855,11391,11121,11663,1,3,1,2,2,6,2,3,3,6
83,191,15853,274,247032837,1,1,-247032836,234273636,13855,11391,11121,11663,1,3,1,2,2,6,2,3,3,6
83,191,15853,274,247032837,2,3,-741098510,234273636,13855,11391,11121,11663,1,3,1,2,2,6,2,3,3,2
83,191,15853,274,247032837,3,7,-1729229858,234273636,13855,11391,11121,11663,1,3,1,2,2,6,2,3,3,1
83,191,15853,274,247032837,5,21,-5187689576,234273636,13855,11391,11121,11663,1,3,1,2,2,6,2,3,3,1
83,191,15853,274,247032837,7,43,-10622411990,234273636,13855,11391,11121,11663,1,3,1,2,2,6,2,3,3,6
83,191,15853,274,247032837,11,111,-27420644906,234273636,13855,11391,11121,11663,1,3,1,2,2,6,2,3,3,3
83,193,16019,276,252246999,-2,7,-1765728992,239259024,15259,11825,11553,12099,1,1,3,2,1,6,4,3,6,1
83,193,16019,276,252246999,-1,3,-756740996,239259024,15259,11825,11553,12099,1,1,3,2,1,6,4,3,6,3
83,193,16019,276,252246999,0,1,-252246998,239259024,15259,11825,11553,12099,1,1,3,2,1,6,4,3,6,4
83,193,16019,276,252246999,1,1,-252246998,239259024,15259,11825,11553,12099,1,1,3,2,1,6,4,3,6,4
83,193,16019,276,252246999,2,3,-756740996,239259024,15259,11825,11553,12099,1,1,3,2,1,6,4,3,6,3
83,193,16019,276,252246999,3,7,-1765728992,239259024,15259,11825,11553,12099,1,1,3,2,1,6,4,3,6,1
83,193,16019,276,252246999,5,21,-5297186978,239259024,15259,11825,11553,12099,1,1,3,2,1,6,4,3,6,1
83,193,16019,276,252246999,7,43,-10846620956,239259024,15259,11825,11553,12099,1,1,3,2,1,6,4,3,6,4
83,193,16019,276,252246999,11,111,-27999416888,239259024,15259,11825,11553,12099,1,1,3,2,1,6,4,3,6,5
83,197,16351,280,262838691,-2,7,-1839870836,249387264,1812,12717,12441,12995,1,3,1,2,2,6,1,3,1,1
83,197,16351,280,262838691,-1,3,-788516072,249387264,1812,12717,12441,12995,1,3,1,2,2,6,1,3,1,6
83,197,16351,280,262838691,0,1,-262838690,249387264,1812,12717,12441,12995,1,3,1,2,2,6,1,3,1,5
83,197,16351,280,262838691,1,1,-262838690,249387264,1812,12717,12441,12995,1,3,1,2,2,6,1,3,1,5
83,197,16351,280,262838691,2,3,-788516072,249387264,1812,12717,12441,12995,1,3,1,2,2,6,1,3,1,6
83,197,16351,280,262838691,3,7,-1839870836,249387264,1812,12717,12441,12995,1,3,1,2,2,6,1,3,1,1
83,197,16351,280,262838691,5,21,-5519612510,249387264,1812,12717,12441,12995,1,3,1,2,2,6,1,3,1,1
83,197,16351,280,262838691,7,43,-11302063712,249387264,1812,12717,12441,12995,1,3,1,2,2,6,1,3,1,5
83,197,16351,280,262838691,11,111,-29175094700,249387264,1812,12717,12441,12995,1,3,1,2,2,6,1,3,1,4
83,199,16517,282,268216221,-2,7,-1877513546,254530116,3146,13175,12897,13455,1,1,3,2,1,6,3,3,0,1
83,199,16517,282,268216221,-1,3,-804648662,254530116,3146,13175,12897,13455,1,1,3,2,1,6,3,3,0,1
83,199,16517,282,268216221,0,1,-268216220,254530116,3146,13175,12897,13455,1,1,3,2,1,6,3,3,0,1
83,199,16517,282,268216221,1,1,-268216220,254530116,3146,13175,12897,13455,1,1,3,2,1,6,3,3,0,1
83,199,16517,282,268216221,2,3,-804648662,254530116,3146,13175,12897,13455,1,1,3,2,1,6,3,3,0,1
83,199,16517,282,268216221,3,7,-1877513546,254530116,3146,13175,12897,13455,1,1,3,2,1,6,3,3,0,1
83,199,16517,282,268216221,5,21,-5632540640,254530116,3146,13175,12897,13455,1,1,3,2,1,6,3,3,0,1
83,199,16517,282,268216221,7,43,-11533297502,254530116,3146,13175,12897,13455,1,1,3,2,1,6,3,3,0,1
83,199,16517,282,268216221,11,111,-29772000530,254530116,3146,13175,12897,13455,1,1,3,2,1,6,3,3,0,1
89,97,8633,186,72948729,-2,7,-510641102,68260644,8146,8512,8329,63,1,1,3,2,1,5,6,0,3,1
89,97,8633,186,72948729,-1,3,-218846186,68260644,8146,8512,8329,63,1,1,3,2,1,5,6,0,3,1
89,97,8633,186,72948729,0,1,-72948728,68260644,8146,8512,8329,63,1,1,3,2,1,5,6,0,3,1
89,97,8633,186,72948729,1,1,-72948728,68260644,8146,8512,8329,63,1,1,3,2,1,5,6,0,3,1
89,97,8633,186,72948729,2,3,-218846186,68260644,8146,8512,8329,63,1,1,3,2,1,5,6,0,3,1
89,97,8633,186,72948729,3,7,-510641102,68260644,8146,8512,8329,63,1,1,3,2,1,5,6,0,3,1
89,97,8633,186,72948729,5,21,-1531923308,68260644,8146,8512,8329,63,1,1,3,2,1,5,6,0,3,1
89,97,8633,186,72948729,7,43,-3136795346,68260644,8146,8512,8329,63,1,1,3,2,1,5,6,0,3,1
89,97,8633,186,72948729,11,111,-8097308918,68260644,8146,8512,8329,63,1,1,3,2,1,5,6,0,3,1
89,101,8989,190,79121133,-2,7,-553847930,74132100,8806,8944,8757,143,1,21,1,2,2,5,3,0,0,1
89,101,8989,190,79121133,-1,3,-237363398,74132100,8806,8944,8757,143,1,21,1,2,2,5,3,0,0,1
89,101,8989,190,79121133,0,1,-79121132,74132100,8806,8944,8757,143,1,21,1,2,2,5,3,0,0,1
89,101,8989,190,79121133,1,1,-79121132,74132100,8806,8944,8757,143,1,21,1,2,2,5,3,0,0,1
89,101,8989,190,79121133,2,3,-237363398,74132100,8806,8944,8757,143,1,21,1,2,2,5,3,0,0,1
89,101,8989,190,79121133,3,7,-553847930,74132100,8806,8944,8757,143,1,21,1,2,2,5,3,0,0,1
89,101,8989,190,79121133,5,21,-1661543792,74132100,8806,8944,8757,143,1,21,1,2,2,5,3,0,0,1
89,101,8989,190,79121133,7,43,-3402208718,74132100,8806,8944,8757,143,1,21,1,2,2,5,3,0,0,1
89,101,8989,190,79121133,11,111,-8782445762,74132100,8806,8944,8757,143,1,21,1,2,2,5,3,0,0,1
89,103,9167,192,82301331,-2,7,-576109316,77158656,17,5,8983,195,1,1,3,2,1,5,5,0,0,1
89,103,9167,192,82301331,-1,3,-246903992,77158656,17,5,8983,195,1,1,3,2,1,5,5,0,0,1
89,103,9167,192,82301331,0,1,-82301330,77158656,17,5,8983,195,1,1,3,2,1,5,5,0,0,1
89,103,9167,192,82301331,1,1,-82301330,77158656,17,5,8983,195,1,1,3,2,1,5,5,0,0,1
89,103,9167,192,82301331,2,3,-246903992,77158656,17,5,8983,195,1,1,3,2,1,5,5,0,0,1
89,103,9167,192,82301331,3,7,-576109316,77158656,17,5,8983,195,1,1,3,2,1,5,5,0,0,1
89,103,9167,192,82301331,5,21,-1728327950,77158656,17,5,8983,195,1,1,3,2,1,5,5,0,0,1
89,103,9167,192,82301331,7,43,-3538957232,77158656,17,5,8983,195,1,1,3,2,1,5,5,0,0,1
89,103,9167,192,82301331,11,111,-9135447740,77158656,17,5,8983,195,1,1,3,2,1,5,5,0,0,1
89,107,9523,196,88849719,-2,7,-621948032,83393424,513,129,9459,323,1,9,1,2,2,5,2,0,3,1
89,107,9523,196,88849719,-1,3,-266549156,83393424,513,129,9459,323,1,9,1,2,2,5,2,0,3,1
89,107,9523,196,88849719,0,1,-88849718,83393424,513,129,9459,323,1,9,1,2,2,5,2,0,3,1
89,107,9523,196,88849719,1,1,-88849718,83393424,513,129,9459,323,1,9,1,2,2,5,2,0,3,1
89,107,9523,196,88849719,2,3,-266549156,83393424,513,129,9459,323,1,9,1,2,2,5,2,0,3,1
89,107,9523,196,88849719,3,7,-621948032,83393424,513,129,9459,323,1,9,1,2,2,5,2,0,3,1
89,107,9523,196,88849719,5,21,-1865844098,83393424,513,129,9459,323,1,9,1,2,2,5,2,0,3,1
89,107,9523,196,88849719,7,43,-3820537916,83393424,513,129,9459,323,1,9,1,2,2,5,2,0,3,1
89,107,9523,196,88849719,11,111,-9862318808,83393424,513,129,9459,323,1,9,1,2,2,5,2,0,3,1
89,109,9701,198,92217909,-2,7,-645525362,86601636,809,203,9,399,1,1,21,2,1,5,4,0,6,1
89,109,9701,198,92217909,-1,3,-276653726,86601636,809,203,9,399,1,1,21,2,1,5,4,0,6,1
89,109,9701,198,92217909,0,1,-92217908,86601636,809,203,9,399,1,1,21,2,1,5,4,0,6,1
89,109,9701,198,92217909,1,1,-92217908,86601636,809,203,9,399,1,1,21,2,1,5,4,0,6,1
89,109,9701,198,92217909,2,3,-276653726,86601636,809,203,9,399,1,1,21,2,1,5,4,0,6,1
89,109,9701,198,92217909,3,7,-645525362,86601636,809,203,9,399,1,1,21,2,1,5,4,0,6,1
89,109,9701,198,92217909,5,21,-1936576088,86601636,809,203,9,399,1,1,21,2,1,5,4,0,6,1
89,109,9701,198,92217909,7,43,-3965370086,86601636,809,203,9,399,1,1,21,2,1,5,4,0,6,1
89,109,9701,198,92217909,11,111,-10236187898,86601636,809,203,9,399,1,1,21,2,1,5,4,0,6,1
89,113,10057,202,99142281,-2,7,-693995966,93199716,1497,375,177,575,1,3,1,2,2,5,1,0,1,1
89,113,10057,202,99142281,-1,3,-297426842,93199716,1497,375,177,575,1,3,1,2,2,5,1,0,1,1
89,113,10057,202,99142281,0,1,-99142280,93199716,1497,375,177,575,1,3,1,2,2,5,1,0,1,1
89,113,10057,202,99142281,1,1,-99142280,93199716,1497,375,177,575,1,3,1,2,2,5,1,0,1,1
89,113,10057,202,99142281,2,3,-297426842,93199716,1497,375,177,575,1,3,1,2,2,5,1,0,1,1
89,113,10057,202,99142281,3,7,-693995966,93199716,1497,375,177,575,1,3,1,2,2,5,1,0,1,1
89,113,10057,202,99142281,5,21,-2081987900,93199716,1497,375,177,575,1,3,1,2,2,5,1,0,1,1
89,113,10057,202,99142281,7,43,-4263118082,93199716,1497,375,177,575,1,3,1,2,2,5,1,0,1,1
89,113,10057,202,99142281,11,111,-11004793190,93199716,1497,375,177,575,1,3,1,2,2,5,1,0,1,1
89,127,11303,216,125351499,-2,7,-877460492,118200384,4913,1229,1017,1443,1,1,3,2,1,5,1,0,1,1
89,127,11303,216,125351499,-1,3,-376054496,118200384,4913,1229,1017,1443,1,1,3,2,1,5,1,0,1,1
89,127,11303,216,125351499,0,1,-125351498,118200384,4913,1229,1017,1443,1,1,3,2,1,5,1,0,1,1
89,127,11303,216,125351499,1,1,-125351498,118200384,4913,1229,1017,1443,1,1,3,2,1,5,1,0,1,1
89,127,11303,216,125351499,2,3,-376054496,118200384,4913,1229,1017,1443,1,1,3,2,1,5,1,0,1,1
89,127,11303,216,125351499,3,7,-877460492,118200384,4913,1229,1017,1443,1,1,3,2,1,5,1,0,1,1
89,127,11303,216,125351499,5,21,-2632381478,118200384,4913,1229,1017,1443,1,1,3,2,1,5,1,0,1,1
89,127,11303,216,125351499,7,43,-5390114456,118200384,4913,1229,1017,1443,1,1,3,2,1,5,1,0,1,1
89,127,11303,216,125351499,11,111,-13914016388,118200384,4913,1229,1017,1443,1,1,3,2,1,5,1,0,1,1
89,131,11659,220,133403823,-2,7,-933826760,125888400,6177,1545,1329,1763,1,3,1,2,2,5,5,0,0,1
89,131,11659,220,133403823,-1,3,-400211468,125888400,6177,1545,1329,1763,1,3,1,2,2,5,5,0,0,1
89,131,11659,220,133403823,0,1,-133403822,125888400,6177,1545,1329,1763,1,3,1,2,2,5,5,0,0,1
89,131,11659,220,133403823,1,1,-133403822,125888400,6177,1545,1329,1763,1,3,1,2,2,5,5,0,0,1
89,131,11659,220,133403823,2,3,-400211468,125888400,6177,1545,1329,1763,1,3,1,2,2,5,5,0,0,1
89,131,11659,220,133403823,3,7,-933826760,125888400,6177,1545,1329,1763,1,3,1,2,2,5,5,0,0,1
89,131,11659,220,133403823,5,21,-2801480282,125888400,6177,1545,1329,1763,1,3,1,2,2,5,5,0,0,1
89,131,11659,220,133403823,7,43,-5736364388,125888400,6177,1545,1329,1763,1,3,1,2,2,5,5,0,0,1
89,131,11659,220,133403823,11,111,-14807824352,125888400,6177,1545,1329,1763,1,3,1,2,2,5,5,0,0,1
89,137,12193,226,145952289,-2,7,-1021666022,137874564,8313,2079,1857,2303,1,3,7,2,2,5,4,0,6,1
89,137,12193,226,145952289,-1,3,-437856866,137874564,8313,2079,1857,2303,1,3,7,2,2,5,4,0,6,1
89,137,12193,226,145952289,0,1,-145952288,137874564,8313,2079,1857,2303,1,3,7,2,2,5,4,0,6,1
89,137,12193,226,145952289,1,1,-145952288,137874564,8313,2079,1857,2303,1,3,7,2,2,5,4,0,6,1
89,137,12193,226,145952289,2,3,-437856866,137874564,8313,2079,1857,2303,1,3,7,2,2,5,4,0,6,1
89,137,12193,226,145952289,3,7,-1021666022,137874564,8313,2079,1857,2303,1,3,7,2,2,5,4,0,6,1
89,137,12193,226,145952289,5,21,-3064998068,137874564,8313,2079,1857,2303,1,3,7,2,2,5,4,0,6,1
89,137,12193,226,145952289,7,43,-6275948426,137874564,8313,2079,1857,2303,1,3,7,2,2,5,4,0,6,1
89,137,12193,226,145952289,11,111,-16200704078,137874564,8313,2079,1857,2303,1,3,7,2,2,5,4,0,6,1
89,139,12371,228,150260439,-2,7,-1051823072,141991056,9089,2273,2049,2499,1,1,3,2,1,5,6,0,3,1
89,139,12371,228,150260439,-1,3,-450781316,141991056,9089,2273,2049,2499,1,1,3,2,1,5,6,0,3,1
89,139,12371,228,150260439,0,1,-150260438,141991056,9089,2273,2049,2499,1,1,3,2,1,5,6,0,3,1
89,139,12371,228,150260439,1,1,-150260438,141991056,9089,2273,2049,2499,1,1,3,2,1,5,6,0,3,1
89,139,12371,228,150260439,2,3,-450781316,141991056,9089,2273,2049,2499,1,1,3,2,1,5,6,0,3,1
89,139,12371,228,150260439,3,7,-1051823072,141991056,9089,2273,2049,2499,1,1,3,2,1,5,6,0,3,1
89,139,12371,228,150260439,5,21,-3155469218,141991056,9089,2273,2049,2499,1,1,3,2,1,5,6,0,3,1
89,139,12371,228,150260439,7,43,-6461198876,141991056,9089,2273,2049,2499,1,1,3,2,1,5,6,0,3,1
89,139,12371,228,150260439,11,111,-16678908728,141991056,9089,2273,2049,2499,1,1,3,2,1,5,6,0,3,1
89,149,13261,238,172741149,-2,7,-1209188042,163481796,188,3363,3129,3599,1,3,1,2,2,5,2,0,3,1
89,149,13261,238,172741149,-1,3,-518223446,163481796,188,3363,3129,3599,1,3,1,2,2,5,2,0,3,1
89,149,13261,238,172741149,0,1,-172741148,163481796,188,3363,3129,3599,1,3,1,2,2,5,2,0,3,1
89,149,13261,238,172741149,1,1,-172741148,163481796,188,3363,3129,3599,1,3,1,2,2,5,2,0,3,1
89,149,13261,238,172741149,2,3,-518223446,163481796,188,3363,3129,3599,1,3,1,2,2,5,2,0,3,1
89,149,13261,238,172741149,3,7,-1209188042,163481796,188,3363,3129,3599,1,3,1,2,2,5,2,0,3,1
89,149,13261,238,172741149,5,21,-3627564128,163481796,188,3363,3129,3599,1,3,1,2,2,5,2,0,3,1
89,149,13261,238,172741149,7,43,-7427869406,163481796,188,3363,3129,3599,1,3,1,2,2,5,2,0,3,1
89,149,13261,238,172741149,11,111,-19174267538,163481796,188,3363,3129,3599,1,3,1,2,2,5,2,0,3,1
89,151,13439,240,177425283,-2,7,-1241976980,167961600,978,3605,3369,3843,1,1,21,2,1,5,4,0,6,1
89,151,13439,240,177425283,-1,3,-532275848,167961600,978,3605,3369,3843,1,1,21,2,1,5,4,0,6,1
89,151,13439,240,177425283,0,1,-177425282,167961600,978,3605,3369,3843,1,1,21,2,1,5,4,0,6,1
89,151,13439,240,177425283,1,1,-177425282,167961600,978,3605,3369,3843,1,1,21,2,1,5,4,0,6,1
89,151,13439,240,177425283,2,3,-532275848,167961600,978,3605,3369,3843,1,1,21,2,1,5,4,0,6,1
89,151,13439,240,177425283,3,7,-1241976980,167961600,978,3605,3369,3843,1,1,21,2,1,5,4,0,6,1
89,151,13439,240,177425283,5,21,-3725930942,167961600,978,3605,3369,3843,1,1,21,2,1,5,4,0,6,1
89,151,13439,240,177425283,7,43,-7629287168,167961600,978,3605,3369,3843,1,1,21,2,1,5,4,0,6,1
89,151,13439,240,177425283,11,111,-19694206412,167961600,978,3605,3369,3843,1,1,21,2,1,5,4,0,6,1
89,157,13973,246,191853669,-2,7,-1342975682,181764324,3540,4379,4137,4623,1,7,3,2,1,5,3,0,0,1
89,157,13973,246,191853669,-1,3,-575561006,181764324,3540,4379,4137,4623,1,7,3,2,1,5,3,0,0,1
89,157,13973,246,191853669,0,1,-191853668,181764324,3540,4379,4137,4623,1,7,3,2,1,5,3,0,0,1
89,157,13973,246,191853669,1,1,-191853668,181764324,3540,4379,4137,4623,1,7,3,2,1,5,3,0,0,1
89,157,13973,246,191853669,2,3,-575561006,181764324,3540,4379,4137,4623,1,7,3,2,1,5,3,0,0,1
89,157,13973,246,191853669,3,7,-1342975682,181764324,3540,4379,4137,4623,1,7,3,2,1,5,3,0,0,1
89,157,13973,246,191853669,5,21,-4028927048,181764324,3540,4379,4137,4623,1,7,3,2,1,5,3,0,0,1
89,157,13973,246,191853669,7,43,-8249707766,181764324,3540,4379,4137,4623,1,7,3,2,1,5,3,0,0,1
89,157,13973,246,191853669,11,111,-21295757258,181764324,3540,4379,4137,4623,1,7,3,2,1,5,3,0,0,1
89,163,14507,252,206846031,-2,7,-1447922216,196112016,6390,5225,4977,5475,1,1,3,2,1,5,2,0,3,1
89,163,14507,252,206846031,-1,3,-620538092,196112016,6390,5225,4977,5475,1,1,3,2,1,5,2,0,3,1
89,163,14507,252,206846031,0,1,-206846030,196112016,6390,5225,4977,5475,1,1,3,2,1,5,2,0,3,1
89,163,14507,252,206846031,1,1,-206846030,196112016,6390,5225,4977,5475,1,1,3,2,1,5,2,0,3,1
89,163,14507,252,206846031,2,3,-620538092,196112016,6390,5225,4977,5475,1,1,3,2,1,5,2,0,3,1
89,163,14507,252,206846031,3,7,-1447922216,196112016,6390,5225,4977,5475,1,1,3,2,1,5,2,0,3,1
89,163,14507,252,206846031,5,21,-4343766650,196112016,6390,5225,4977,5475,1,1,3,2,1,5,2,0,3,1
89,163,14507,252,206846031,7,43,-8894379332,196112016,6390,5225,4977,5475,1,1,3,2,1,5,2,0,3,1
89,163,14507,252,206846031,11,111,-22959909440,196112016,6390,5225,4977,5475,1,1,3,2,1,5,2,0,3,1
89,167,14863,256,217154259,-2,7,-1520079812,205979904,8450,5829,5577,6083,1,3,1,2,2,5,6,0,3,1
89,167,14863,256,217154259,-1,3,-651462776,205979904,8450,5829,5577,6083,1,3,1,2,2,5,6,0,3,1
89,167,14863,256,217154259,0,1,-217154258,205979904,8450,5829,5577,6083,1,3,1,2,2,5,6,0,3,1
89,167,14863,256,217154259,1,1,-217154258,205979904,8450,5829,5577,6083,1,3,1,2,2,5,6,0,3,1
89,167,14863,256,217154259,2,3,-651462776,205979904,8450,5829,5577,6083,1,3,1,2,2,5,6,0,3,1
89,167,14863,256,217154259,3,7,-1520079812,205979904,8450,5829,5577,6083,1,3,1,2,2,5,6,0,3,1
89,167,14863,256,217154259,5,21,-4560239438,205979904,8450,5829,5577,6083,1,3,1,2,2,5,6,0,3,1
89,167,14863,256,217154259,7,43,-9337633136,205979904,8450,5829,5577,6083,1,3,1,2,2,5,6,0,3,1
89,167,14863,256,217154259,11,111,-24104122748,205979904,8450,5829,5577,6083,1,3,1,2,2,5,6,0,3,1
89,173,15397,262,233086581,-2,7,-1631606066,221235876,11780,6795,6537,7055,1,3,1,2,2,5,5,0,0,1
89,173,15397,262,233086581,-1,3,-699259742,221235876,11780,6795,6537,7055,1,3,1,2,2,5,5,0,0,1
89,173,15397,262,233086581,0,1,-233086580,221235876,11780,6795,6537,7055,1,3,1,2,2,5,5,0,0,1
89,173,15397,262,233086581,1,1,-233086580,221235876,11780,6795,6537,7055,1,3,1,2,2,5,5,0,0,1
89,173,15397,262,233086581,2,3,-699259742,221235876,11780,6795,6537,7055,1,3,1,2,2,5,5,0,0,1
89,173,15397,262,233086581,3,7,-1631606066,221235876,11780,6795,6537,7055,1,3,1,2,2,5,5,0,0,1
89,173,15397,262,233086581,5,21,-4894818200,221235876,11780,6795,6537,7055,1,3,1,2,2,5,5,0,0,1
89,173,15397,262,233086581,7,43,-10022722982,221235876,11780,6795,6537,7055,1,3,1,2,2,5,5,0,0,1
89,173,15397,262,233086581,11,111,-25872610490,221235876,11780,6795,6537,7055,1,3,1,2,2,5,5,0,0,1
89,179,15931,268,249582879,-2,7,-1747080152,237036816,15398,7833,7569,8099,1,9,7,2,2,5,4,0,6,1
89,179,15931,268,249582879,-1,3,-748748636,237036816,15398,7833,7569,8099,1,9,7,2,2,5,4,0,6,1
89,179,15931,268,249582879,0,1,-249582878,237036816,15398,7833,7569,8099,1,9,7,2,2,5,4,0,6,1
89,179,15931,268,249582879,1,1,-249582878,237036816,15398,7833,7569,8099,1,9,7,2,2,5,4,0,6,1
89,179,15931,268,249582879,2,3,-748748636,237036816,15398,7833,7569,8099,1,9,7,2,2,5,4,0,6,1
89,179,15931,268,249582879,3,7,-1747080152,237036816,15398,7833,7569,8099,1,9,7,2,2,5,4,0,6,1
89,179,15931,268,249582879,5,21,-5241240458,237036816,15398,7833,7569,8099,1,9,7,2,2,5,4,0,6,1
89,179,15931,268,249582879,7,43,-10732063796,237036816,15398,7833,7569,8099,1,9,7,2,2,5,4,0,6,1
89,179,15931,268,249582879,11,111,-27703699568,237036816,15398,7833,7569,8099,1,9,7,2,2,5,4,0,6,1
89,181,16109,270,255206973,-2,7,-1786448810,242424900,559,8195,7929,8463,1,1,3,2,1,5,6,0,3,1
89,181,16109,270,255206973,-1,3,-765620918,242424900,559,8195,7929,8463,1,1,3,2,1,5,6,0,3,1
89,181,16109,270,255206973,0,1,-255206972,242424900,559,8195,7929,8463,1,1,3,2,1,5,6,0,3,1
89,181,16109,270,255206973,1,1,-255206972,242424900,559,8195,7929,8463,1,1,3,2,1,5,6,0,3,1
89,181,16109,270,255206973,2,3,-765620918,242424900,559,8195,7929,8463,1,1,3,2,1,5,6,0,3,1
89,181,16109,270,255206973,3,7,-1786448810,242424900,559,8195,7929,8463,1,1,3,2,1,5,6,0,3,1
89,181,16109,270,255206973,5,21,-5359346432,242424900,559,8195,7929,8463,1,1,3,2,1,5,6,0,3,1
89,181,16109,270,255206973,7,43,-10973899838,242424900,559,8195,7929,8463,1,1,3,2,1,5,6,0,3,1
89,181,16109,270,255206973,11,111,-28327974002,242424900,559,8195,7929,8463,1,1,3,2,1,5,6,0,3,1
89,191,16999,280,284267403,-2,7,-1989871820,270273600,6499,10125,9849,10403,1,3,1,2,2,5,2,0,3,1
89,191,16999,280,284267403,-1,3,-852802208,270273600,6499,10125,9849,10403,1,3,1,2,2,5,2,0,3,1
89,191,16999,280,284267403,0,1,-284267402,270273600,6499,10125,9849,10403,1,3,1,2,2,5,2,0,3,1
89,191,16999,280,284267403,1,1,-284267402,270273600,6499,10125,9849,10403,1,3,1,2,2,5,2,0,3,1
89,191,16999,280,284267403,2,3,-852802208,270273600,6499,10125,9849,10403,1,3,1,2,2,5,2,0,3,1
89,191,16999,280,284267403,3,7,-1989871820,270273600,6499,10125,9849,10403,1,3,1,2,2,5,2,0,3,1
89,191,16999,280,284267403,5,21,-5969615462,270273600,6499,10125,9849,10403,1,3,1,2,2,5,2,0,3,1
89,191,16999,280,284267403,7,43,-12223498328,270273600,6499,10125,9849,10403,1,3,1,2,2,5,2,0,3,1
89,191,16999,280,284267403,11,111,-31553681732,270273600,6499,10125,9849,10403,1,3,1,2,2,5,2,0,3,1
89,193,17177,282,290267481,-2,7,-2031872366,276024996,7783,10535,10257,10815,1,1,21,2,1,5,4,0,6,1
89,193,17177,282,290267481,-1,3,-870802442,276024996,7783,10535,10257,10815,1,1,21,2,1,5,4,0,6,1
89,193,17177,282,290267481,0,1,-290267480,276024996,7783,10535,10257,10815,1,1,21,2,1,5,4,0,6,1
89,193,17177,282,290267481,1,1,-290267480,276024996,7783,10535,10257,10815,1,1,21,2,1,5,4,0,6,1
89,193,17177,282,290267481,2,3,-870802442,276024996,7783,10535,10257,10815,1,1,21,2,1,5,4,0,6,1
89,193,17177,282,290267481,3,7,-2031872366,276024996,7783,10535,10257,10815,1,1,21,2,1,5,4,0,6,1
89,193,17177,282,290267481,5,21,-6095617100,276024996,7783,10535,10257,10815,1,1,21,2,1,5,4,0,6,1
89,193,17177,282,290267481,7,43,-12481501682,276024996,7783,10535,10257,10815,1,1,21,2,1,5,4,0,6,1
89,193,17177,282,290267481,11,111,-32219690390,276024996,7783,10535,10257,10815,1,1,21,2,1,5,4,0,6,1
89,197,17533,286,302455629,-2,7,-2117189402,287709444,10447,11379,11097,11663,1,9,1,2,2,5,1,0,1,1
89,197,17533,286,302455629,-1,3,-907366886,287709444,10447,11379,11097,11663,1,9,1,2,2,5,1,0,1,1
89,197,17533,286,302455629,0,1,-302455628,287709444,10447,11379,11097,11663,1,9,1,2,2,5,1,0,1,1
89,197,17533,286,302455629,1,1,-302455628,287709444,10447,11379,11097,11663,1,9,1,2,2,5,1,0,1,1
89,197,17533,286,302455629,2,3,-907366886,287709444,10447,11379,11097,11663,1,9,1,2,2,5,1,0,1,1
89,197,17533,286,302455629,3,7,-2117189402,287709444,10447,11379,11097,11663,1,9,1,2,2,5,1,0,1,1
89,197,17533,286,302455629,5,21,-6351568208,287709444,10447,11379,11097,11663,1,9,1,2,2,5,1,0,1,1
89,197,17533,286,302455629,7,43,-13005592046,287709444,10447,11379,11097,11663,1,9,1,2,2,5,1,0,1,1
89,197,17533,286,302455629,11,111,-33572574818,287709444,10447,11379,11097,11663,1,9,1,2,2,5,1,0,1,1
89,199,17711,288,308643699,-2,7,-2160505892,293642496,11827,11813,11529,12099,1,7,3,2,1,5,3,0,0,1
89,199,17711,288,308643699,-1,3,-925931096,293642496,11827,11813,11529,12099,1,7,3,2,1,5,3,0,0,1
89,199,17711,288,308643699,0,1,-308643698,293642496,11827,11813,11529,12099,1,7,3,2,1,5,3,0,0,1
89,199,17711,288,308643699,1,1,-308643698,293642496,11827,11813,11529,12099,1,7,3,2,1,5,3,0,0,1
89,199,17711,288,308643699,2,3,-925931096,293642496,11827,11813,11529,12099,1,7,3,2,1,5,3,0,0,1
89,199,17711,288,308643699,3,7,-2160505892,293642496,11827,11813,11529,12099,1,7,3,2,1,5,3,0,0,1
89,199,17711,288,308643699,5,21,-6481517678,293642496,11827,11813,11529,12099,1,7,3,2,1,5,3,0,0,1
89,199,17711,288,308643699,7,43,-13271679056,293642496,11827,11813,11529,12099,1,7,3,2,1,5,3,0,0,1
89,199,17711,288,308643699,11,111,-34259450588,293642496,11827,11813,11529,12099,1,7,3,2,1,5,3,0,0,1
97,101,9797,198,94070613,-2,7,-658494290,88397604,9070,9616,9421,15,1,1,3,1,2,6,3,3,0,1
97,101,9797,198,94070613,-1,3,-282211838,88397604,9070,9616,9421,15,1,1,3,1,2,6,3,3,0,1
97,101,9797,198,94070613,0,1,-94070612,88397604,9070,9616,9421,15,1,1,3,1,2,6,3,3,0,1
97,101,9797,198,94070613,1,1,-94070612,88397604,9070,9616,9421,15,1,1,3,1,2,6,3,3,0,1
97,101,9797,198,94070613,2,3,-282211838,88397604,9070,9616,9421,15,1,1,3,1,2,6,3,3,0,1
97,101,9797,198,94070613,3,7,-658494290,88397604,9070,9616,9421,15,1,1,3,1,2,6,3,3,0,1
97,101,9797,198,94070613,5,21,-1975482872,88397604,9070,9616,9421,15,1,1,3,1,2,6,3,3,0,1
97,101,9797,198,94070613,7,43,-4045036358,88397604,9070,9616,9421,15,1,1,3,1,2,6,3,3,0,1
97,101,9797,198,94070613,11,111,-10441838042,88397604,9070,9616,9421,15,1,1,3,1,2,6,3,3,0,1
97,103,9991,200,97851691,-2,7,-684961836,92006464,9336,9828,9631,35,1,1,1,1,1,6,5,3,0,1
97,103,9991,200,97851691,-1,3,-293555072,92006464,9336,9828,9631,35,1,1,1,1,1,6,5,3,0,1
97,103,9991,200,97851691,0,1,-97851690,92006464,9336,9828,9631,35,1,1,1,1,1,6,5,3,0,1
97,103,9991,200,97851691,1,1,-97851690,92006464,9336,9828,9631,35,1,1,1,1,1,6,5,3,0,1
97,103,9991,200,97851691,2,3,-293555072,92006464,9336,9828,9631,35,1,1,1,1,1,6,5,3,0,1
97,103,9991,200,97851691,3,7,-684961836,92006464,9336,9828,9631,35,1,1,1,1,1,6,5,3,0,1
97,103,9991,200,97851691,5,21,-2054885510,92006464,9336,9828,9631,35,1,1,1,1,1,6,5,3,0,1
97,103,9991,200,97851691,7,43,-4207622712,92006464,9336,9828,9631,35,1,1,1,1,1,6,5,3,0,1
97,103,9991,200,97851691,11,111,-10861537700,92006464,9336,9828,9631,35,1,1,1,1,1,6,5,3,0,1
97,107,10379,204,105637359,-2,7,-739461512,99440784,9964,10276,10075,99,1,1,3,1,2,6,2,3,3,1
97,107,10379,204,105637359,-1,3,-316912076,99440784,9964,10276,10075,99,1,1,3,1,2,6,2,3,3,2
97,107,10379,204,105637359,0,1,-105637358,99440784,9964,10276,10075,99,1,1,3,1,2,6,2,3,3,6
97,107,10379,204,105637359,1,1,-105637358,99440784,9964,10276,10075,99,1,1,3,1,2,6,2,3,3,6
97,107,10379,204,105637359,2,3,-316912076,99440784,9964,10276,10075,99,1,1,3,1,2,6,2,3,3,2
97,107,10379,204,105637359,3,7,-739461512,99440784,9964,10276,10075,99,1,1,3,1,2,6,2,3,3,1
97,107,10379,204,105637359,5,21,-2218384538,99440784,9964,10276,10075,99,1,1,3,1,2,6,2,3,3,1
97,107,10379,204,105637359,7,43,-4542406436,99440784,9964,10276,10075,99,1,1,3,1,2,6,2,3,3,6
97,107,10379,204,105637359,11,111,-11725746848,99440784,9964,10276,10075,99,1,1,3,1,2,6,2,3,3,3
97,109,10573,206,109641949,-2,7,-767493642,103266244,10326,10512,10309,143,1,1,1,1,1,6,4,3,6,1
97,109,10573,206,109641949,-1,3,-328925846,103266244,10326,10512,10309,143,1,1,1,1,1,6,4,3,6,3
97,109,10573,206,109641949,0,1,-109641948,103266244,10326,10512,10309,143,1,1,1,1,1,6,4,3,6,4
97,109,10573,206,109641949,1,1,-109641948,103266244,10326,10512,10309,143,1,1,1,1,1,6,4,3,6,4
97,109,10573,206,109641949,2,3,-328925846,103266244,10326,10512,10309,143,1,1,1,1,1,6,4,3,6,3
97,109,10573,206,109641949,3,7,-767493642,103266244,10326,10512,10309,143,1,1,1,1,1,6,4,3,6,1
97,109,10573,206,109641949,5,21,-2302480928,103266244,10326,10512,10309,143,1,1,1,1,1,6,4,3,6,1
97,109,10573,206,109641949,7,43,-4714603806,103266244,10326,10512,10309,143,1,1,1,1,1,6,4,3,6,4
97,109,10573,206,109641949,11,111,-12170256338,103266244,10326,10512,10309,143,1,1,1,1,1,6,4,3,6,5
97,113,10961,210,117874641,-2,7,-825122486,111133764,185,47,10801,255,1,1,3,1,2,6,1,3,1,1
97,113,10961,210,117874641,-1,3,-353623922,111133764,185,47,10801,255,1,1,3,1,2,6,1,3,1,6
97,113,10961,210,117874641,0,1,-117874640,111133764,185,47,10801,255,1,1,3,1,2,6,1,3,1,5
97,113,10961,210,117874641,1,1,-117874640,111133764,185,47,10801,255,1,1,3,1,2,6,1,3,1,5
97,113,10961,210,117874641,2,3,-353623922,111133764,185,47,10801,255,1,1,3,1,2,6,1,3,1,6
97,113,10961,210,117874641,3,7,-825122486,111133764,185,47,10801,255,1,1,3,1,2,6,1,3,1,1
97,113,10961,210,117874641,5,21,-2475367460,111133764,185,47,10801,255,1,1,3,1,2,6,1,3,1,1
97,113,10961,210,117874641,7,43,-5068609562,111133764,185,47,10801,255,1,1,3,1,2,6,1,3,1,5
97,113,10961,210,117874641,11,111,-13084085150,111133764,185,47,10801,255,1,1,3,1,2,6,1,3,1,4
97,127,12319,224,149035939,-2,7,-1043251572,140944384,2705,677,457,899,1,1,1,1,1,6,1,3,1,1
97,127,12319,224,149035939,-1,3,-447107816,140944384,2705,677,457,899,1,1,1,1,1,6,1,3,1,6
97,127,12319,224,149035939,0,1,-149035938,140944384,2705,677,457,899,1,1,1,1,1,6,1,3,1,5
97,127,12319,224,149035939,1,1,-149035938,140944384,2705,677,457,899,1,1,1,1,1,6,1,3,1,5
97,127,12319,224,149035939,2,3,-447107816,140944384,2705,677,457,899,1,1,1,1,1,6,1,3,1,6
97,127,12319,224,149035939,3,7,-1043251572,140944384,2705,677,457,899,1,1,1,1,1,6,1,3,1,1
97,127,12319,224,149035939,5,21,-3129754718,140944384,2705,677,457,899,1,1,1,1,1,6,1,3,1,1
97,127,12319,224,149035939,7,43,-6408545376,140944384,2705,677,457,899,1,1,1,1,1,6,1,3,1,5
97,127,12319,224,149035939,11,111,-16542989228,140944384,2705,677,457,899,1,1,1,1,1,6,1,3,1,4
97,131,12707,228,158609703,-2,7,-1110267920,150111504,3713,929,705,1155,1,1,3,1,2,6,5,3,0,1
97,131,12707,228,158609703,-1,3,-475829108,150111504,3713,929,705,1155,1,1,3,1,2,6,5,3,0,1
97,131,12707,228,158609703,0,1,-158609702,150111504,3713,929,705,1155,1,1,3,1,2,6,5,3,0,1
97,131,12707,228,158609703,1,1,-158609702,150111504,3713,929,705,1155,1,1,3,1,2,6,5,3,0,1
97,131,12707,228,158609703,2,3,-475829108,150111504,3713,929,705,1155,1,1,3,1,2,6,5,3,0,1
97,131,12707,228,158609703,3,7,-1110267920,150111504,3713,929,705,1155,1,1,3,1,2,6,5,3,0,1
97,131,12707,228,158609703,5,21,-3330803762,150111504,3713,929,705,1155,1,1,3,1,2,6,5,3,0,1
97,131,12707,228,158609703,7,43,-6820217228,150111504,3713,929,705,1155,1,1,3,1,2,6,5,3,0,1
97,131,12707,228,158609703,11,111,-17605677032,150111504,3713,929,705,1155,1,1,3,1,2,6,5,3,0,1
97,137,13289,234,173529129,-2,7,-1214703902,164403684,5465,1367,1137,1599,1,1,3,1,2,6,4,3,6,1
97,137,13289,234,173529129,-1,3,-520587386,164403684,5465,1367,1137,1599,1,1,3,1,2,6,4,3,6,3
97,137,13289,234,173529129,0,1,-173529128,164403684,5465,1367,1137,1599,1,1,3,1,2,6,4,3,6,4
97,137,13289,234,173529129,1,1,-173529128,164403684,5465,1367,1137,1599,1,1,3,1,2,6,4,3,6,4
97,137,13289,234,173529129,2,3,-520587386,164403684,5465,1367,1137,1599,1,1,3,1,2,6,4,3,6,3
97,137,13289,234,173529129,3,7,-1214703902,164403684,5465,1367,1137,1599,1,1,3,1,2,6,4,3,6,1
97,137,13289,234,173529129,5,21,-3644111708,164403684,5465,1367,1137,1599,1,1,3,1,2,6,4,3,6,1
97,137,13289,234,173529129,7,43,-7461752546,164403684,5465,1367,1137,1599,1,1,3,1,2,6,4,3,6,4
97,137,13289,234,173529129,11,111,-19261733318,164403684,5465,1367,1137,1599,1,1,3,1,2,6,4,3,6,5
97,139,13483,236,178651279,-2,7,-1250558952,169312144,6113,1529,1297,1763,139,1,1,1,1,6,6,3,3,1
97,139,13483,236,178651279,-1,3,-535953836,169312144,6113,1529,1297,1763,139,1,1,1,1,6,6,3,3,2
97,139,13483,236,178651279,0,1,-178651278,169312144,6113,1529,1297,1763,139,1,1,1,1,6,6,3,3,6
97,139,13483,236,178651279,1,1,-178651278,169312144,6113,1529,1297,1763,139,1,1,1,1,6,6,3,3,6
97,139,13483,236,178651279,2,3,-535953836,169312144,6113,1529,1297,1763,139,1,1,1,1,6,6,3,3,2
97,139,13483,236,178651279,3,7,-1250558952,169312144,6113,1529,1297,1763,139,1,1,1,1,6,6,3,3,1
97,139,13483,236,178651279,5,21,-3751676858,169312144,6113,1529,1297,1763,139,1,1,1,1,6,6,3,3,1
97,139,13483,236,178651279,7,43,-7682004996,169312144,6113,1529,1297,1763,139,1,1,1,1,6,6,3,3,6
97,139,13483,236,178651279,11,111,-19830291968,169312144,6113,1529,1297,1763,139,1,1,1,1,6,6,3,3,3
97,149,14453,246,205379589,-2,7,-1437657122,194937444,9833,2459,2217,2703,1,1,3,1,2,6,2,3,3,1
97,149,14453,246,205379589,-1,3,-616138766,194937444,9833,2459,2217,2703,1,1,3,1,2,6,2,3,3,2
97,149,14453,246,205379589,0,1,-205379588,194937444,9833,2459,2217,2703,1,1,3,1,2,6,2,3,3,6
97,149,14453,246,205379589,1,1,-205379588,194937444,9833,2459,2217,2703,1,1,3,1,2,6,2,3,3,6
97,149,14453,246,205379589,2,3,-616138766,194937444,9833,2459,2217,2703,1,1,3,1,2,6,2,3,3,2
97,149,14453,246,205379589,3,7,-1437657122,194937444,9833,2459,2217,2703,1,1,3,1,2,6,2,3,3,1
97,149,14453,246,205379589,5,21,-4312971368,194937444,9833,2459,2217,2703,1,1,3,1,2,6,2,3,3,1
97,149,14453,246,205379589,7,43,-8831322326,194937444,9833,2459,2217,2703,1,1,3,1,2,6,2,3,3,6
97,149,14453,246,205379589,11,111,-22797134378,194937444,9833,2459,2217,2703,1,1,3,1,2,6,2,3,3,3
97,151,14647,248,210948763,-2,7,-1476641340,200279104,10673,2669,2425,2915,1,1,1,1,1,6,4,3,6,1
97,151,14647,248,210948763,-1,3,-632846288,200279104,10673,2669,2425,2915,1,1,1,1,1,6,4,3,6,3
97,151,14647,248,210948763,0,1,-210948762,200279104,10673,2669,2425,2915,1,1,1,1,1,6,4,3,6,4
97,151,14647,248,210948763,1,1,-210948762,200279104,10673,2669,2425,2915,1,1,1,1,1,6,4,3,6,4
97,151,14647,248,210948763,2,3,-632846288,200279104,10673,2669,2425,2915,1,1,1,1,1,6,4,3,6,3
97,151,14647,248,210948763,3,7,-1476641340,200279104,10673,2669,2425,2915,1,1,1,1,1,6,4,3,6,1
97,151,14647,248,210948763,5,21,-4429924022,200279104,10673,2669,2425,2915,1,1,1,1,1,6,4,3,6,1
97,151,14647,248,210948763,7,43,-9070796808,200279104,10673,2669,2425,2915,1,1,1,1,1,6,4,3,6,4
97,151,14647,248,210948763,11,111,-23415312692,200279104,10673,2669,2425,2915,1,1,1,1,1,6,4,3,6,5
97,157,15229,254,228103309,-2,7,-1596723162,216737284,13385,3347,3097,3599,1,1,1,1,1,6,3,3,0,1
97,157,15229,254,228103309,-1,3,-684309926,216737284,13385,3347,3097,3599,1,1,1,1,1,6,3,3,0,1
97,157,15229,254,228103309,0,1,-228103308,216737284,13385,3347,3097,3599,1,1,1,1,1,6,3,3,0,1
97,157,15229,254,228103309,1,1,-228103308,216737284,13385,3347,3097,3599,1,1,1,1,1,6,3,3,0,1
97,157,15229,254,228103309,2,3,-684309926,216737284,13385,3347,3097,3599,1,1,1,1,1,6,3,3,0,1
97,157,15229,254,228103309,3,7,-1596723162,216737284,13385,3347,3097,3599,1,1,1,1,1,6,3,3,0,1
97,157,15229,254,228103309,5,21,-4790169488,216737284,13385,3347,3097,3599,1,1,1,1,1,6,3,3,0,1
97,157,15229,254,228103309,7,43,-9808442286,216737284,13385,3347,3097,3599,1,1,1,1,1,6,3,3,0,1
97,157,15229,254,228103309,11,111,-25319467298,216737284,13385,3347,3097,3599,1,1,1,1,1,6,3,3,0,1
97,163,15811,260,245928391,-2,7,-1721498736,233845264,574,4097,3841,4355,1,1,67,1,1,6,2,3,3,1
97,163,15811,260,245928391,-1,3,-737785172,233845264,574,4097,3841,4355,1,1,67,1,1,6,2,3,3,2
97,163,15811,260,245928391,0,1,-245928390,233845264,574,4097,3841,4355,1,1,67,1,1,6,2,3,3,6
97,163,15811,260,245928391,1,1,-245928390,233845264,574,4097,3841,4355,1,1,67,1,1,6,2,3,3,6
97,163,15811,260,245928391,2,3,-737785172,233845264,574,4097,3841,4355,1,1,67,1,1,6,2,3,3,2
97,163,15811,260,245928391,3,7,-1721498736,233845264,574,4097,3841,4355,1,1,67,1,1,6,2,3,3,1
97,163,15811,260,245928391,5,21,-5164496210,233845264,574,4097,3841,4355,1,1,67,1,1,6,2,3,3,1
97,163,15811,260,245928391,7,43,-10574920812,233845264,574,4097,3841,4355,1,1,67,1,1,6,2,3,3,6
97,163,15811,260,245928391,11,111,-27298051400,233845264,574,4097,3841,4355,1,1,67,1,1,6,2,3,3,3
97,167,16199,264,258184299,-2,7,-1807290092,245611584,2346,4637,4377,4899,1,1,3,1,2,6,6,3,3,1
97,167,16199,264,258184299,-1,3,-774552896,245611584,2346,4637,4377,4899,1,1,3,1,2,6,6,3,3,2
97,167,16199,264,258184299,0,1,-258184298,245611584,2346,4637,4377,4899,1,1,3,1,2,6,6,3,3,6
97,167,16199,264,258184299,1,1,-258184298,245611584,2346,4637,4377,4899,1,1,3,1,2,6,6,3,3,6
97,167,16199,264,258184299,2,3,-774552896,245611584,2346,4637,4377,4899,1,1,3,1,2,6,6,3,3,2
97,167,16199,264,258184299,3,7,-1807290092,245611584,2346,4637,4377,4899,1,1,3,1,2,6,6,3,3,1
97,167,16199,264,258184299,5,21,-5421870278,245611584,2346,4637,4377,4899,1,1,3,1,2,6,6,3,3,1
97,167,16199,264,258184299,7,43,-11101924856,245611584,2346,4637,4377,4899,1,1,3,1,2,6,6,3,3,6
97,167,16199,264,258184299,11,111,-28658457188,245611584,2346,4637,4377,4899,1,1,3,1,2,6,6,3,3,3
97,173,16781,270,277126941,-2,7,-1939888586,263802564,5244,5507,5241,5775,1,1,3,1,2,6,5,3,0,1
97,173,16781,270,277126941,-1,3,-831380822,263802564,5244,5507,5241,5775,1,1,3,1,2,6,5,3,0,1
97,173,16781,270,277126941,0,1,-277126940,263802564,5244,5507,5241,5775,1,1,3,1,2,6,5,3,0,1
97,173,16781,270,277126941,1,1,-277126940,263802564,5244,5507,5241,5775,1,1,3,1,2,6,5,3,0,1
97,173,16781,270,277126941,2,3,-831380822,263802564,5244,5507,5241,5775,1,1,3,1,2,6,5,3,0,1
97,173,16781,270,277126941,3,7,-1939888586,263802564,5244,5507,5241,5775,1,1,3,1,2,6,5,3,0,1
97,173,16781,270,277126941,5,21,-5819665760,263802564,5244,5507,5241,5775,1,1,3,1,2,6,5,3,0,1
97,173,16781,270,277126941,7,43,-11916458462,263802564,5244,5507,5241,5775,1,1,3,1,2,6,5,3,0,1
97,173,16781,270,277126941,11,111,-30761090450,263802564,5244,5507,5241,5775,1,1,3,1,2,6,5,3,0,1
97,179,17363,276,296740119,-2,7,-2077180832,282643344,8430,6449,6177,6723,1,1,3,1,2,6,4,3,6,1
97,179,17363,276,296740119,-1,3,-890220356,282643344,8430,6449,6177,6723,1,1,3,1,2,6,4,3,6,3
97,179,17363,276,296740119,0,1,-296740118,282643344,8430,6449,6177,6723,1,1,3,1,2,6,4,3,6,4
97,179,17363,276,296740119,1,1,-296740118,282643344,8430,6449,6177,6723,1,1,3,1,2,6,4,3,6,4
97,179,17363,276,296740119,2,3,-890220356,282643344,8430,6449,6177,6723,1,1,3,1,2,6,4,3,6,3
97,179,17363,276,296740119,3,7,-2077180832,282643344,8430,6449,6177,6723,1,1,3,1,2,6,4,3,6,1
97,179,17363,276,296740119,5,21,-6231542498,282643344,8430,6449,6177,6723,1,1,3,1,2,6,4,3,6,1
97,179,17363,276,296740119,7,43,-12759825116,282643344,8430,6449,6177,6723,1,1,3,1,2,6,4,3,6,4
97,179,17363,276,296740119,11,111,-32938153208,282643344,8430,6449,6177,6723,1,1,3,1,2,6,4,3,6,5
97,181,17557,278,303426853,-2,7,-2123987970,289068004,9556,6779,6505,7055,1,1,1,1,1,6,6,3,3,1
97,181,17557,278,303426853,-1,3,-910280558,289068004,9556,6779,6505,7055,1,1,1,1,1,6,6,3,3,2
97,181,17557,278,303426853,0,1,-303426852,289068004,9556,6779,6505,7055,1,1,1,1,1,6,6,3,3,6
97,181,17557,278,303426853,1,1,-303426852,289068004,9556,6779,6505,7055,1,1,1,1,1,6,6,3,3,6
97,181,17557,278,303426853,2,3,-910280558,289068004,9556,6779,6505,7055,1,1,1,1,1,6,6,3,3,2
97,181,17557,278,303426853,3,7,-2123987970,289068004,9556,6779,6505,7055,1,1,1,1,1,6,6,3,3,1
97,181,17557,278,303426853,5,21,-6371963912,289068004,9556,6779,6505,7055,1,1,1,1,1,6,6,3,3,1
97,181,17557,278,303426853,7,43,-13047354678,289068004,9556,6779,6505,7055,1,1,1,1,1,6,6,3,3,6
97,181,17557,278,303426853,11,111,-33680380682,289068004,9556,6779,6505,7055,1,1,1,1,1,6,6,3,3,3
97,191,18527,288,337978083,-2,7,-2365846580,322274304,15666,8549,8265,8835,1,1,3,1,2,6,2,3,3,1
97,191,18527,288,337978083,-1,3,-1013934248,322274304,15666,8549,8265,8835,1,1,3,1,2,6,2,3,3,2
97,191,18527,288,337978083,0,1,-337978082,322274304,15666,8549,8265,8835,1,1,3,1,2,6,2,3,3,6
97,191,18527,288,337978083,1,1,-337978082,322274304,15666,8549,8265,8835,1,1,3,1,2,6,2,3,3,6
97,191,18527,288,337978083,2,3,-1013934248,322274304,15666,8549,8265,8835,1,1,3,1,2,6,2,3,3,2
97,191,18527,288,337978083,3,7,-2365846580,322274304,15666,8549,8265,8835,1,1,3,1,2,6,2,3,3,1
97,191,18527,288,337978083,5,21,-7097539742,322274304,15666,8549,8265,8835,1,1,3,1,2,6,2,3,3,1
97,191,18527,288,337978083,7,43,-14533057568,322274304,15666,8549,8265,8835,1,1,3,1,2,6,2,3,3,6
97,191,18527,288,337978083,11,111,-37515567212,322274304,15666,8549,8265,8835,1,1,3,1,2,6,2,3,3,3
97,193,18721,290,345111841,-2,7,-2415782886,329132164,16984,8927,8641,9215,1,1,1,1,1,6,4,3,6,1
97,193,18721,290,345111841,-1,3,-1035335522,329132164,16984,8927,8641,9215,1,1,1,1,1,6,4,3,6,3
97,193,18721,290,345111841,0,1,-345111840,329132164,16984,8927,8641,9215,1,1,1,1,1,6,4,3,6,4
97,193,18721,290,345111841,1,1,-345111840,329132164,16984,8927,8641,9215,1,1,1,1,1,6,4,3,6,4
97,193,18721,290,345111841,2,3,-1035335522,329132164,16984,8927,8641,9215,1,1,1,1,1,6,4,3,6,3
97,193,18721,290,345111841,3,7,-2415782886,329132164,16984,8927,8641,9215,1,1,1,1,1,6,4,3,6,1
97,193,18721,290,345111841,5,21,-7247348660,329132164,16984,8927,8641,9215,1,1,1,1,1,6,4,3,6,1
97,193,18721,290,345111841,7,43,-14839809162,329132164,16984,8927,8641,9215,1,1,1,1,1,6,4,3,6,4
97,193,18721,290,345111841,11,111,-38307414350,329132164,16984,8927,8641,9215,1,1,1,1,1,6,4,3,6,5
97,197,19109,294,359602869,-2,7,-2517220082,343064484,607,9707,9417,9999,1,1,3,1,2,6,1,3,1,1
97,197,19109,294,359602869,-1,3,-1078808606,343064484,607,9707,9417,9999,1,1,3,1,2,6,1,3,1,6
97,197,19109,294,359602869,0,1,-359602868,343064484,607,9707,9417,9999,1,1,3,1,2,6,1,3,1,5
97,197,19109,294,359602869,1,1,-359602868,343064484,607,9707,9417,9999,1,1,3,1,2,6,1,3,1,5
97,197,19109,294,359602869,2,3,-1078808606,343064484,607,9707,9417,9999,1,1,3,1,2,6,1,3,1,6
97,197,19109,294,359602869,3,7,-2517220082,343064484,607,9707,9417,9999,1,1,3,1,2,6,1,3,1,1
97,197,19109,294,359602869,5,21,-7551660248,343064484,607,9707,9417,9999,1,1,3,1,2,6,1,3,1,1
97,197,19109,294,359602869,7,43,-15462923366,343064484,607,9707,9417,9999,1,1,3,1,2,6,1,3,1,5
97,197,19109,294,359602869,11,111,-39915918458,343064484,607,9707,9417,9999,1,1,3,1,2,6,1,3,1,4
97,199,19303,296,366960139,-2,7,-2568720972,350138944,1827,10109,9817,10403,1,1,1,1,1,6,3,3,0,1
97,199,19303,296,366960139,-1,3,-1100880416,350138944,1827,10109,9817,10403,1,1,1,1,1,6,3,3,0,1
97,199,19303,296,366960139,0,1,-366960138,350138944,1827,10109,9817,10403,1,1,1,1,1,6,3,3,0,1
97,199,19303,296,366960139,1,1,-366960138,350138944,1827,10109,9817,10403,1,1,1,1,1,6,3,3,0,1
97,199,19303,296,366960139,2,3,-1100880416,350138944,1827,10109,9817,10403,1,1,1,1,1,6,3,3,0,1
97,199,19303,296,366960139,3,7,-2568720972,350138944,1827,10109,9817,10403,1,1,1,1,1,6,3,3,0,1
97,199,19303,296,366960139,5,21,-7706162918,350138944,1827,10109,9817,10403,1,1,1,1,1,6,3,3,0,1
97,199,19303,296,366960139,7,43,-15779285976,350138944,1827,10109,9817,10403,1,1,1,1,1,6,3,3,0,1
97,199,19303,296,366960139,11,111,-40732575428,350138944,1827,10109,9817,10403,1,1,1,1,1,6,3,3,0,1
101,103,10403,204,106131207,-2,7,-742918448,99920016,9604,10204,10003,3,1,7,3,2,1,3,5,0,0,1
101,103,10403,204,106131207,-1,3,-318393620,99920016,9604,10204,10003,3,1,7,3,2,1,3,5,0,0,1
101,103,10403,204,106131207,0,1,-106131206,99920016,9604,10204,10003,3,1,7,3,2,1,3,5,0,0,1
101,103,10403,204,106131207,1,1,-106131206,99920016,9604,10204,10003,3,1,7,3,2,1,3,5,0,0,1
101,103,10403,204,106131207,2,3,-318393620,99920016,9604,10204,10003,3,1,7,3,2,1,3,5,0,0,1
101,103,10403,204,106131207,3,7,-742918448,99920016,9604,10204,10003,3,1,7,3,2,1,3,5,0,0,1
101,103,10403,204,106131207,5,21,-2228755346,99920016,9604,10204,10003,3,1,7,3,2,1,3,5,0,0,1
101,103,10403,204,106131207,7,43,-4563641900,99920016,9604,10204,10003,3,1,7,3,2,1,3,5,0,0,1
101,103,10403,204,106131207,11,111,-11780563976,99920016,9604,10204,10003,3,1,7,3,2,1,3,5,0,0,1
101,107,10807,208,114575643,-2,7,-802029500,107993664,10120,10636,10431,35,1,3,7,2,2,3,2,0,3,1
101,107,10807,208,114575643,-1,3,-343726928,107993664,10120,10636,10431,35,1,3,7,2,2,3,2,0,3,1
101,107,10807,208,114575643,0,1,-114575642,107993664,10120,10636,10431,35,1,3,7,2,2,3,2,0,3,1
101,107,10807,208,114575643,1,1,-114575642,107993664,10120,10636,10431,35,1,3,7,2,2,3,2,0,3,1
101,107,10807,208,114575643,2,3,-343726928,107993664,10120,10636,10431,35,1,3,7,2,2,3,2,0,3,1
101,107,10807,208,114575643,3,7,-802029500,107993664,10120,10636,10431,35,1,3,7,2,2,3,2,0,3,1
101,107,10807,208,114575643,5,21,-2406088502,107993664,10120,10636,10431,35,1,3,7,2,2,3,2,0,3,1
101,107,10807,208,114575643,7,43,-4926752648,107993664,10120,10636,10431,35,1,3,7,2,2,3,2,0,3,1
101,107,10807,208,114575643,11,111,-12717896372,107993664,10120,10636,10431,35,1,3,7,2,2,3,2,0,3,1
101,109,11009,210,118919073,-2,7,-832433510,112148100,10426,10864,10657,63,1,1,3,2,1,3,4,0,6,1
101,109,11009,210,118919073,-1,3,-356757218,112148100,10426,10864,10657,63,1,1,3,2,1,3,4,0,6,1
101,109,11009,210,118919073,0,1,-118919072,112148100,10426,10864,10657,63,1,1,3,2,1,3,4,0,6,1
101,109,11009,210,118919073,1,1,-118919072,112148100,10426,10864,10657,63,1,1,3,2,1,3,4,0,6,1
101,109,11009,210,118919073,2,3,-356757218,112148100,10426,10864,10657,63,1,1,3,2,1,3,4,0,6,1
101,109,11009,210,118919073,3,7,-832433510,112148100,10426,10864,10657,63,1,1,3,2,1,3,4,0,6,1
101,109,11009,210,118919073,5,21,-2497300532,112148100,10426,10864,10657,63,1,1,3,2,1,3,4,0,6,1
101,109,11009,210,118919073,7,43,-5113520138,112148100,10426,10864,10657,63,1,1,3,2,1,3,4,0,6,1
101,109,11009,210,118919073,11,111,-13200017102,112148100,10426,10864,10657,63,1,1,3,2,1,3,4,0,6,1
101,113,11413,214,127848357,-2,7,-894938498,120692196,11134,11344,11133,143,1,9,13,2,2,3,1,0,1,1
101,113,11413,214,127848357,-1,3,-383545070,120692196,11134,11344,11133,143,1,9,13,2,2,3,1,0,1,1
101,113,11413,214,127848357,0,1,-127848356,120692196,11134,11344,11133,143,1,9,13,2,2,3,1,0,1,1
101,113,11413,214,127848357,1,1,-127848356,120692196,11134,11344,11133,143,1,9,13,2,2,3,1,0,1,1
101,113,11413,214,127848357,2,3,-383545070,120692196,11134,11344,11133,143,1,9,13,2,2,3,1,0,1,1
101,113,11413,214,127848357,3,7,-894938498,120692196,11134,11344,11133,143,1,9,13,2,2,3,1,0,1,1
101,113,11413,214,127848357,5,21,-2684815496,120692196,11134,11344,11133,143,1,9,13,2,2,3,1,0,1,1
101,113,11413,214,127848357,7,43,-5497479350,120692196,11134,11344,11133,143,1,9,13,2,2,3,1,0,1,1
101,113,11413,214,127848357,11,111,-14191167626,120692196,11134,11344,11133,143,1,9,13,2,2,3,1,0,1,1
101,127,12827,228,161646303,-2,7,-1131524120,153066384,1793,449,225,675,1,1,3,2,1,3,1,0,1,1
101,127,12827,228,161646303,-1,3,-484938908,153066384,1793,449,225,675,1,1,3,2,1,3,1,0,1,1
101,127,12827,228,161646303,0,1,-161646302,153066384,1793,449,225,675,1,1,3,2,1,3,1,0,1,1
101,127,12827,228,161646303,1,1,-161646302,153066384,1793,449,225,675,1,1,3,2,1,3,1,0,1,1
101,127,12827,228,161646303,2,3,-484938908,153066384,1793,449,225,675,1,1,3,2,1,3,1,0,1,1
101,127,12827,228,161646303,3,7,-1131524120,153066384,1793,449,225,675,1,1,3,2,1,3,1,0,1,1
101,127,12827,228,161646303,5,21,-3394572362,153066384,1793,449,225,675,1,1,3,2,1,3,1,0,1,1
101,127,12827,228,161646303,7,43,-6950791028,153066384,1793,449,225,675,1,1,3,2,1,3,1,0,1,1
101,127,12827,228,161646303,11,111,-17942739632,153066384,1793,449,225,675,1,1,3,2,1,3,1,0,1,1
101,131,13231,232,172030131,-2,7,-1204210916,163021824,2673,669,441,899,1,441,1,2,2,3,5,0,0,1
101,131,13231,232,172030131,-1,3,-516090392,163021824,2673,669,441,899,1,441,1,2,2,3,5,0,0,1
101,131,13231,232,172030131,0,1,-172030130,163021824,2673,669,441,899,1,441,1,2,2,3,5,0,0,1
101,131,13231,232,172030131,1,1,-172030130,163021824,2673,669,441,899,1,441,1,2,2,3,5,0,0,1
101,131,13231,232,172030131,2,3,-516090392,163021824,2673,669,441,899,1,441,1,2,2,3,5,0,0,1
101,131,13231,232,172030131,3,7,-1204210916,163021824,2673,669,441,899,1,441,1,2,2,3,5,0,0,1
101,131,13231,232,172030131,5,21,-3612632750,163021824,2673,669,441,899,1,441,1,2,2,3,5,0,0,1
101,131,13231,232,172030131,7,43,-7397295632,163021824,2673,669,441,899,1,441,1,2,2,3,5,0,0,1
101,131,13231,232,172030131,11,111,-19095344540,163021824,2673,669,441,899,1,441,1,2,2,3,5,0,0,1
101,137,13837,238,188211933,-2,7,-1317483530,178543044,4233,1059,825,1295,1,3,37,2,2,3,4,0,6,1
101,137,13837,238,188211933,-1,3,-564635798,178543044,4233,1059,825,1295,1,3,37,2,2,3,4,0,6,1
101,137,13837,238,188211933,0,1,-188211932,178543044,4233,1059,825,1295,1,3,37,2,2,3,4,0,6,1
101,137,13837,238,188211933,1,1,-188211932,178543044,4233,1059,825,1295,1,3,37,2,2,3,4,0,6,1
101,137,13837,238,188211933,2,3,-564635798,178543044,4233,1059,825,1295,1,3,37,2,2,3,4,0,6,1
101,137,13837,238,188211933,3,7,-1317483530,178543044,4233,1059,825,1295,1,3,37,2,2,3,4,0,6,1
101,137,13837,238,188211933,5,21,-3952450592,178543044,4233,1059,825,1295,1,3,37,2,2,3,4,0,6,1
101,137,13837,238,188211933,7,43,-8093113118,178543044,4233,1059,825,1295,1,3,37,2,2,3,4,0,6,1
101,137,13837,238,188211933,11,111,-20891524562,178543044,4233,1059,825,1295,1,3,37,2,2,3,4,0,6,1
101,139,14039,240,193767483,-2,7,-1356372380,183873600,4817,1205,969,1443,1,1,39,2,1,3,6,0,3,1
101,139,14039,240,193767483,-1,3,-581302448,183873600,4817,1205,969,1443,1,1,39,2,1,3,6,0,3,1
101,139,14039,240,193767483,0,1,-193767482,183873600,4817,1205,969,1443,1,1,39,2,1,3,6,0,3,1
101,139,14039,240,193767483,1,1,-193767482,183873600,4817,1205,969,1443,1,1,39,2,1,3,6,0,3,1
101,139,14039,240,193767483,2,3,-581302448,183873600,4817,1205,969,1443,1,1,39,2,1,3,6,0,3,1
101,139,14039,240,193767483,3,7,-1356372380,183873600,4817,1205,969,1443,1,1,39,2,1,3,6,0,3,1
101,139,14039,240,193767483,5,21,-4069117142,183873600,4817,1205,969,1443,1,1,39,2,1,3,6,0,3,1
101,139,14039,240,193767483,7,43,-8332001768,183873600,4817,1205,969,1443,1,1,39,2,1,3,6,0,3,1
101,139,14039,240,193767483,11,111,-21508190612,183873600,4817,1205,969,1443,1,1,39,2,1,3,6,0,3,1
101,149,15049,250,222757353,-2,7,-1559301470,211702500,8217,2055,1809,2303,1,9,7,2,2,3,2,0,3,1
101,149,15049,250,222757353,-1,3,-668272058,211702500,8217,2055,1809,2303,1,9,7,2,2,3,2,0,3,1
101,149,15049,250,222757353,0,1,-222757352,211702500,8217,2055,1809,2303,1,9,7,2,2,3,2,0,3,1
101,149,15049,250,222757353,1,1,-222757352,211702500,8217,2055,1809,2303,1,9,7,2,2,3,2,0,3,1
101,149,15049,250,222757353,2,3,-668272058,211702500,8217,2055,1809,2303,1,9,7,2,2,3,2,0,3,1
101,149,15049,250,222757353,3,7,-1559301470,211702500,8217,2055,1809,2303,1,9,7,2,2,3,2,0,3,1
101,149,15049,250,222757353,5,21,-4677904412,211702500,8217,2055,1809,2303,1,9,7,2,2,3,2,0,3,1
101,149,15049,250,222757353,7,43,-9578566178,211702500,8217,2055,1809,2303,1,9,7,2,2,3,2,0,3,1
101,149,15049,250,222757353,11,111,-24726066182,211702500,8217,2055,1809,2303,1,9,7,2,2,3,2,0,3,1
101,151,15251,252,228797751,-2,7,-1601584256,217503504,8993,2249,2001,2499,1,1,3,2,1,3,4,0,6,1
101,151,15251,252,228797751,-1,3,-686393252,217503504,8993,2249,2001,2499,1,1,3,2,1,3,4,0,6,1
101,151,15251,252,228797751,0,1,-228797750,217503504,8993,2249,2001,2499,1,1,3,2,1,3,4,0,6,1
101,151,15251,252,228797751,1,1,-228797750,217503504,8993,2249,2001,2499,1,1,3,2,1,3,4,0,6,1
101,151,15251,252,228797751,2,3,-686393252,217503504,8993,2249,2001,2499,1,1,3,2,1,3,4,0,6,1
101,151,15251,252,228797751,3,7,-1601584256,217503504,8993,2249,2001,2499,1,1,3,2,1,3,4,0,6,1
101,151,15251,252,228797751,5,21,-4804752770,217503504,8993,2249,2001,2499,1,1,3,2,1,3,4,0,6,1
101,151,15251,252,228797751,7,43,-9838303292,217503504,8993,2249,2001,2499,1,1,3,2,1,3,4,0,6,1
101,151,15251,252,228797751,11,111,-25396550360,217503504,8993,2249,2001,2499,1,1,3,2,1,3,4,0,6,1
101,157,15857,258,247403793,-2,7,-1731826550,235376964,11513,2879,2625,3135,1,1,3,2,1,3,3,0,0,1
101,157,15857,258,247403793,-1,3,-742211378,235376964,11513,2879,2625,3135,1,1,3,2,1,3,3,0,0,1
101,157,15857,258,247403793,0,1,-247403792,235376964,11513,2879,2625,3135,1,1,3,2,1,3,3,0,0,1
101,157,15857,258,247403793,1,1,-247403792,235376964,11513,2879,2625,3135,1,1,3,2,1,3,3,0,0,1
101,157,15857,258,247403793,2,3,-742211378,235376964,11513,2879,2625,3135,1,1,3,2,1,3,3,0,0,1
101,157,15857,258,247403793,3,7,-1731826550,235376964,11513,2879,2625,3135,1,1,3,2,1,3,3,0,0,1
101,157,15857,258,247403793,5,21,-5195479652,235376964,11513,2879,2625,3135,1,1,3,2,1,3,3,0,0,1
101,157,15857,258,247403793,7,43,-10638363098,235376964,11513,2879,2625,3135,1,1,3,2,1,3,3,0,0,1
101,157,15857,258,247403793,11,111,-27461821022,235376964,11513,2879,2625,3135,1,1,3,2,1,3,3,0,0,1
101,163,16463,264,266737107,-2,7,-1867159748,253956096,14321,3581,3321,3843,1,1,21,2,1,3,2,0,3,1
101,163,16463,264,266737107,-1,3,-800211320,253956096,14321,3581,3321,3843,1,1,21,2,1,3,2,0,3,1
101,163,16463,264,266737107,0,1,-266737106,253956096,14321,3581,3321,3843,1,1,21,2,1,3,2,0,3,1
101,163,16463,264,266737107,1,1,-266737106,253956096,14321,3581,3321,3843,1,1,21,2,1,3,2,0,3,1
101,163,16463,264,266737107,2,3,-800211320,253956096,14321,3581,3321,3843,1,1,21,2,1,3,2,0,3,1
101,163,16463,264,266737107,3,7,-1867159748,253956096,14321,3581,3321,3843,1,1,21,2,1,3,2,0,3,1
101,163,16463,264,266737107,5,21,-5601479246,253956096,14321,3581,3321,3843,1,1,21,2,1,3,2,0,3,1
101,163,16463,264,266737107,7,43,-11469695600,253956096,14321,3581,3321,3843,1,1,21,2,1,3,2,0,3,1
101,163,16463,264,266737107,11,111,-29607818876,253956096,14321,3581,3321,3843,1,1,21,2,1,3,2,0,3,1
101,167,16867,268,280030023,-2,7,-1960210160,266734224,16353,4089,3825,4355,1,9,1,2,2,3,6,0,3,1
101,167,16867,268,280030023,-1,3,-840090068,266734224,16353,4089,3825,4355,1,9,1,2,2,3,6,0,3,1
101,167,16867,268,280030023,0,1,-280030022,266734224,16353,4089,3825,4355,1,9,1,2,2,3,6,0,3,1
101,167,16867,268,280030023,1,1,-280030022,266734224,16353,4089,3825,4355,1,9,1,2,2,3,6,0,3,1
101,167,16867,268,280030023,2,3,-840090068,266734224,16353,4089,3825,4355,1,9,1,2,2,3,6,0,3,1
101,167,16867,268,280030023,3,7,-1960210160,266734224,16353,4089,3825,4355,1,9,1,2,2,3,6,0,3,1
101,167,16867,268,280030023,5,21,-5880630482,266734224,16353,4089,3825,4355,1,9,1,2,2,3,6,0,3,1
101,167,16867,268,280030023,7,43,-12041290988,266734224,16353,4089,3825,4355,1,9,1,2,2,3,6,0,3,1
101,167,16867,268,280030023,11,111,-31083332552,266734224,16353,4089,3825,4355,1,9,1,2,2,3,6,0,3,1
101,173,17473,274,300575457,-2,7,-2104028198,286489476,2168,4911,4641,5183,1,273,1,2,2,3,5,0,0,1
101,173,17473,274,300575457,-1,3,-901726370,286489476,2168,4911,4641,5183,1,273,1,2,2,3,5,0,0,1
101,173,17473,274,300575457,0,1,-300575456,286489476,2168,4911,4641,5183,1,273,1,2,2,3,5,0,0,1
101,173,17473,274,300575457,1,1,-300575456,286489476,2168,4911,4641,5183,1,273,1,2,2,3,5,0,0,1
101,173,17473,274,300575457,2,3,-901726370,286489476,2168,4911,4641,5183,1,273,1,2,2,3,5,0,0,1
101,173,17473,274,300575457,3,7,-2104028198,286489476,2168,4911,4641,5183,1,273,1,2,2,3,5,0,0,1
101,173,17473,274,300575457,5,21,-6312084596,286489476,2168,4911,4641,5183,1,273,1,2,2,3,5,0,0,1
101,173,17473,274,300575457,7,43,-12924744650,286489476,2168,4911,4641,5183,1,273,1,2,2,3,5,0,0,1
101,173,17473,274,300575457,11,111,-33363875726,286489476,2168,4911,4641,5183,1,273,1,2,2,3,5,0,0,1
101,179,18079,280,321848163,-2,7,-2252937140,306950400,5138,5805,5529,6083,1,3,1,2,2,3,4,0,6,1
101,179,18079,280,321848163,-1,3,-965544488,306950400,5138,5805,5529,6083,1,3,1,2,2,3,4,0,6,1
101,179,18079,280,321848163,0,1,-321848162,306950400,5138,5805,5529,6083,1,3,1,2,2,3,4,0,6,1
101,179,18079,280,321848163,1,1,-321848162,306950400,5138,5805,5529,6083,1,3,1,2,2,3,4,0,6,1
101,179,18079,280,321848163,2,3,-965544488,306950400,5138,5805,5529,6083,1,3,1,2,2,3,4,0,6,1
101,179,18079,280,321848163,3,7,-2252937140,306950400,5138,5805,5529,6083,1,3,1,2,2,3,4,0,6,1
101,179,18079,280,321848163,5,21,-6758811422,306950400,5138,5805,5529,6083,1,3,1,2,2,3,4,0,6,1
101,179,18079,280,321848163,7,43,-13839471008,306950400,5138,5805,5529,6083,1,3,1,2,2,3,4,0,6,1
101,179,18079,280,321848163,11,111,-35725146092,306950400,5138,5805,5529,6083,1,3,1,2,2,3,4,0,6,1
101,181,18281,282,329100681,-2,7,-2303704766,313927524,6192,6119,5841,6399,1,1,3,2,1,3,6,0,3,1
101,181,18281,282,329100681,-1,3,-987302042,313927524,6192,6119,5841,6399,1,1,3,2,1,3,6,0,3,1
101,181,18281,282,329100681,0,1,-329100680,313927524,6192,6119,5841,6399,1,1,3,2,1,3,6,0,3,1
101,181,18281,282,329100681,1,1,-329100680,313927524,6192,6119,5841,6399,1,1,3,2,1,3,6,0,3,1
101,181,18281,282,329100681,2,3,-987302042,313927524,6192,6119,5841,6399,1,1,3,2,1,3,6,0,3,1
101,181,18281,282,329100681,3,7,-2303704766,313927524,6192,6119,5841,6399,1,1,3,2,1,3,6,0,3,1
101,181,18281,282,329100681,5,21,-6911114300,313927524,6192,6119,5841,6399,1,1,3,2,1,3,6,0,3,1
101,181,18281,282,329100681,7,43,-14151329282,313927524,6192,6119,5841,6399,1,1,3,2,1,3,6,0,3,1
101,181,18281,282,329100681,11,111,-36530175590,313927524,6192,6119,5841,6399,1,1,3,2,1,3,6,0,3,1
101,191,19291,292,366575391,-2,7,-2566027736,349989264,11942,7809,7521,8099,1,3,91,2,2,3,2,0,3,1
101,191,19291,292,366575391,-1,3,-1099726172,349989264,11942,7809,7521,8099,1,3,91,2,2,3,2,0,3,1
101,191,19291,292,366575391,0,1,-366575390,349989264,11942,7809,7521,8099,1,3,91,2,2,3,2,0,3,1
101,191,19291,292,366575391,1,1,-366575390,349989264,11942,7809,7521,8099,1,3,91,2,2,3,2,0,3,1
101,191,19291,292,366575391,2,3,-1099726172,349989264,11942,7809,7521,8099,1,3,91,2,2,3,2,0,3,1
101,191,19291,292,366575391,3,7,-2566027736,349989264,11942,7809,7521,8099,1,3,91,2,2,3,2,0,3,1
101,191,19291,292,366575391,5,21,-7698083210,349989264,11942,7809,7521,8099,1,3,91,2,2,3,2,0,3,1
101,191,19291,292,366575391,7,43,-15762741812,349989264,11942,7809,7521,8099,1,3,91,2,2,3,2,0,3,1
101,191,19291,292,366575391,11,111,-40689868400,349989264,11942,7809,7521,8099,1,3,91,2,2,3,2,0,3,1
101,193,19493,294,374312757,-2,7,-2620189298,357436836,13188,8171,7881,8463,1,1,3,2,1,3,4,0,6,1
101,193,19493,294,374312757,-1,3,-1122938270,357436836,13188,8171,7881,8463,1,1,3,2,1,3,4,0,6,1
101,193,19493,294,374312757,0,1,-374312756,357436836,13188,8171,7881,8463,1,1,3,2,1,3,4,0,6,1
101,193,19493,294,374312757,1,1,-374312756,357436836,13188,8171,7881,8463,1,1,3,2,1,3,4,0,6,1
101,193,19493,294,374312757,2,3,-1122938270,357436836,13188,8171,7881,8463,1,1,3,2,1,3,4,0,6,1
101,193,19493,294,374312757,3,7,-2620189298,357436836,13188,8171,7881,8463,1,1,3,2,1,3,4,0,6,1
101,193,19493,294,374312757,5,21,-7860567896,357436836,13188,8171,7881,8463,1,1,3,2,1,3,4,0,6,1
101,193,19493,294,374312757,7,43,-16095448550,357436836,13188,8171,7881,8463,1,1,3,2,1,3,4,0,6,1
101,193,19493,294,374312757,11,111,-41548716026,357436836,13188,8171,7881,8463,1,1,3,2,1,3,4,0,6,1
101,197,19897,298,390029913,-2,7,-2730209390,372567204,15776,8919,8625,9215,1,3,1,2,2,3,1,0,1,1
101,197,19897,298,390029913,-1,3,-1170089738,372567204,15776,8919,8625,9215,1,3,1,2,2,3,1,0,1,1
101,197,19897,298,390029913,0,1,-390029912,372567204,15776,8919,8625,9215,1,3,1,2,2,3,1,0,1,1
101,197,19897,298,390029913,1,1,-390029912,372567204,15776,8919,8625,9215,1,3,1,2,2,3,1,0,1,1
101,197,19897,298,390029913,2,3,-1170089738,372567204,15776,8919,8625,9215,1,3,1,2,2,3,1,0,1,1
101,197,19897,298,390029913,3,7,-2730209390,372567204,15776,8919,8625,9215,1,3,1,2,2,3,1,0,1,1
101,197,19897,298,390029913,5,21,-8190628172,372567204,15776,8919,8625,9215,1,3,1,2,2,3,1,0,1,1
101,197,19897,298,390029913,7,43,-16771286258,372567204,15776,8919,8625,9215,1,3,1,2,2,3,1,0,1,1
101,197,19897,298,390029913,11,111,-43293320342,372567204,15776,8919,8625,9215,1,3,1,2,2,3,1,0,1,1
101,199,20099,300,398009703,-2,7,-2786067920,380250000,17118,9305,9009,9603,1,13,3,2,1,3,3,0,0,1
101,199,20099,300,398009703,-1,3,-1194029108,380250000,17118,9305,9009,9603,1,13,3,2,1,3,3,0,0,1
101,199,20099,300,398009703,0,1,-398009702,380250000,17118,9305,9009,9603,1,13,3,2,1,3,3,0,0,1
101,199,20099,300,398009703,1,1,-398009702,380250000,17118,9305,9009,9603,1,13,3,2,1,3,3,0,0,1
101,199,20099,300,398009703,2,3,-1194029108,380250000,17118,9305,9009,9603,1,13,3,2,1,3,3,0,0,1
101,199,20099,300,398009703,3,7,-2786067920,380250000,17118,9305,9009,9603,1,13,3,2,1,3,3,0,0,1
101,199,20099,300,398009703,5,21,-8358203762,380250000,17118,9305,9009,9603,1,13,3,2,1,3,3,0,0,1
101,199,20099,300,398009703,7,43,-17114417228,380250000,17118,9305,9009,9603,1,13,3,2,1,3,3,0,0,1
101,199,20099,300,398009703,11,111,-44179077032,380250000,17118,9305,9009,9603,1,13,3,2,1,3,3,0,0,1
103,107,11021,210,119180901,-2,7,-834266306,112402404,10246,10828,10621,15,1,19,3,1,2,5,2,0,3,1
103,107,11021,210,119180901,-1,3,-357542702,112402404,10246,10828,10621,15,1,19,3,1,2,5,2,0,3,1
103,107,11021,210,119180901,0,1,-119180900,112402404,10246,10828,10621,15,1,19,3,1,2,5,2,0,3,1
103,107,11021,210,119180901,1,1,-119180900,112402404,10246,10828,10621,15,1,19,3,1,2,5,2,0,3,1
103,107,11021,210,119180901,2,3,-357542702,112402404,10246,10828,10621,15,1,19,3,1,2,5,2,0,3,1
103,107,11021,210,119180901,3,7,-834266306,112402404,10246,10828,10621,15,1,19,3,1,2,5,2,0,3,1
103,107,11021,210,119180901,5,21,-2502798920,112402404,10246,10828,10621,15,1,19,3,1,2,5,2,0,3,1
103,107,11021,210,119180901,7,43,-5124778742,112402404,10246,10828,10621,15,1,19,3,1,2,5,2,0,3,1
103,107,11021,210,119180901,11,111,-13229080010,112402404,10246,10828,10621,15,1,19,3,1,2,5,2,0,3,1
103,109,11227,212,123698911,-2,7,-865892376,116726416,10524,11052,10843,35,1,1,7,1,1,5,4,0,6,1
103,109,11227,212,123698911,-1,3,-371096732,116726416,10524,11052,10843,35,1,1,7,1,1,5,4,0,6,1
103,109,11227,212,123698911,0,1,-123698910,116726416,10524,11052,10843,35,1,1,7,1,1,5,4,0,6,1
103,109,11227,212,123698911,1,1,-123698910,116726416,10524,11052,10843,35,1,1,7,1,1,5,4,0,6,1
103,109,11227,212,123698911,2,3,-371096732,116726416,10524,11052,10843,35,1,1,7,1,1,5,4,0,6,1
103,109,11227,212,123698911,3,7,-865892376,116726416,10524,11052,10843,35,1,1,7,1,1,5,4,0,6,1
103,109,11227,212,123698911,5,21,-2597677130,116726416,10524,11052,10843,35,1,1,7,1,1,5,4,0,6,1
103,109,11227,212,123698911,7,43,-5319053172,116726416,10524,11052,10843,35,1,1,7,1,1,5,4,0,6,1
103,109,11227,212,123698911,11,111,-13730579120,116726416,10524,11052,10843,35,1,1,7,1,1,5,4,0,6,1
103,113,11639,216,132987099,-2,7,-930909692,125619264,11176,11524,11311,99,1,1,3,1,2,5,1,0,1,1
103,113,11639,216,132987099,-1,3,-398961296,125619264,11176,11524,11311,99,1,1,3,1,2,5,1,0,1,1
103,113,11639,216,132987099,0,1,-132987098,125619264,11176,11524,11311,99,1,1,3,1,2,5,1,0,1,1
103,113,11639,216,132987099,1,1,-132987098,125619264,11176,11524,11311,99,1,1,3,1,2,5,1,0,1,1
103,113,11639,216,132987099,2,3,-398961296,125619264,11176,11524,11311,99,1,1,3,1,2,5,1,0,1,1
103,113,11639,216,132987099,3,7,-930909692,125619264,11176,11524,11311,99,1,1,3,1,2,5,1,0,1,1
103,113,11639,216,132987099,5,21,-2792729078,125619264,11176,11524,11311,99,1,1,3,1,2,5,1,0,1,1
103,113,11639,216,132987099,7,43,-5718445256,125619264,11176,11524,11311,99,1,1,3,1,2,5,1,0,1,1
103,113,11639,216,132987099,11,111,-14761567988,125619264,11176,11524,11311,99,1,1,3,1,2,5,1,0,1,1
103,127,13081,230,168143521,-2,7,-1177004646,159314884,1385,347,121,575,1,1,1,1,1,5,1,0,1,1
103,127,13081,230,168143521,-1,3,-504430562,159314884,1385,347,121,575,1,1,1,1,1,5,1,0,1,1
103,127,13081,230,168143521,0,1,-168143520,159314884,1385,347,121,575,1,1,1,1,1,5,1,0,1,1
103,127,13081,230,168143521,1,1,-168143520,159314884,1385,347,121,575,1,1,1,1,1,5,1,0,1,1
103,127,13081,230,168143521,2,3,-504430562,159314884,1385,347,121,575,1,1,1,1,1,5,1,0,1,1
103,127,13081,230,168143521,3,7,-1177004646,159314884,1385,347,121,575,1,1,1,1,1,5,1,0,1,1
103,127,13081,230,168143521,5,21,-3531013940,159314884,1385,347,121,575,1,1,1,1,1,5,1,0,1,1
103,127,13081,230,168143521,7,43,-7230171402,159314884,1385,347,121,575,1,1,1,1,1,5,1,0,1,1
103,127,13081,230,168143521,11,111,-18663930830,159314884,1385,347,121,575,1,1,1,1,1,5,1,0,1,1
103,131,13493,234,178944717,-2,7,-1252613018,169676676,2201,551,321,783,1,1,3,1,2,5,5,0,0,1
103,131,13493,234,178944717,-1,3,-536834150,169676676,2201,551,321,783,1,1,3,1,2,5,5,0,0,1
103,131,13493,234,178944717,0,1,-178944716,169676676,2201,551,321,783,1,1,3,1,2,5,5,0,0,1
103,131,13493,234,178944717,1,1,-178944716,169676676,2201,551,321,783,1,1,3,1,2,5,5,0,0,1
103,131,13493,234,178944717,2,3,-536834150,169676676,2201,551,321,783,1,1,3,1,2,5,5,0,0,1
103,131,13493,234,178944717,3,7,-1252613018,169676676,2201,551,321,783,1,1,3,1,2,5,5,0,0,1
103,131,13493,234,178944717,5,21,-3757839056,169676676,2201,551,321,783,1,1,3,1,2,5,5,0,0,1
103,131,13493,234,178944717,7,43,-7694622830,169676676,2201,551,321,783,1,1,3,1,2,5,5,0,0,1
103,131,13493,234,178944717,11,111,-19862863586,169676676,2201,551,321,783,1,1,3,1,2,5,5,0,0,1
103,137,14111,240,195776931,-2,7,-1370438516,185831424,3665,917,681,1155,1,1,21,1,2,5,4,0,6,1
103,137,14111,240,195776931,-1,3,-587330792,185831424,3665,917,681,1155,1,1,21,1,2,5,4,0,6,1
103,137,14111,240,195776931,0,1,-195776930,185831424,3665,917,681,1155,1,1,21,1,2,5,4,0,6,1
103,137,14111,240,195776931,1,1,-195776930,185831424,3665,917,681,1155,1,1,21,1,2,5,4,0,6,1
103,137,14111,240,195776931,2,3,-587330792,185831424,3665,917,681,1155,1,1,21,1,2,5,4,0,6,1
103,137,14111,240,195776931,3,7,-1370438516,185831424,3665,917,681,1155,1,1,21,1,2,5,4,0,6,1
103,137,14111,240,195776931,5,21,-4111315550,185831424,3665,917,681,1155,1,1,21,1,2,5,4,0,6,1
103,137,14111,240,195776931,7,43,-8418408032,185831424,3665,917,681,1155,1,1,21,1,2,5,4,0,6,1
103,137,14111,240,195776931,11,111,-21731239340,185831424,3665,917,681,1155,1,1,21,1,2,5,4,0,6,1
103,139,14317,242,201555781,-2,7,-1410890466,191379556,4217,1055,817,1295,1,1,1,1,1,5,6,0,3,1
103,139,14317,242,201555781,-1,3,-604667342,191379556,4217,1055,817,1295,1,1,1,1,1,5,6,0,3,1
103,139,14317,242,201555781,0,1,-201555780,191379556,4217,1055,817,1295,1,1,1,1,1,5,6,0,3,1
103,139,14317,242,201555781,1,1,-201555780,191379556,4217,1055,817,1295,1,1,1,1,1,5,6,0,3,1
103,139,14317,242,201555781,2,3,-604667342,191379556,4217,1055,817,1295,1,1,1,1,1,5,6,0,3,1
103,139,14317,242,201555781,3,7,-1410890466,191379556,4217,1055,817,1295,1,1,1,1,1,5,6,0,3,1
103,139,14317,242,201555781,5,21,-4232671400,191379556,4217,1055,817,1295,1,1,1,1,1,5,6,0,3,1
103,139,14317,242,201555781,7,43,-8666898582,191379556,4217,1055,817,1295,1,1,1,1,1,5,6,0,3,1
103,139,14317,242,201555781,11,111,-22372691690,191379556,4217,1055,817,1295,1,1,1,1,1,5,6,0,3,1
103,149,15347,252,231710871,-2,7,-1621976096,220344336,7457,1865,1617,2115,1,1,3,1,2,5,2,0,3,1
103,149,15347,252,231710871,-1,3,-695132612,220344336,7457,1865,1617,2115,1,1,3,1,2,5,2,0,3,1
103,149,15347,252,231710871,0,1,-231710870,220344336,7457,1865,1617,2115,1,1,3,1,2,5,2,0,3,1
103,149,15347,252,231710871,1,1,-231710870,220344336,7457,1865,1617,2115,1,1,3,1,2,5,2,0,3,1
103,149,15347,252,231710871,2,3,-695132612,220344336,7457,1865,1617,2115,1,1,3,1,2,5,2,0,3,1
103,149,15347,252,231710871,3,7,-1621976096,220344336,7457,1865,1617,2115,1,1,3,1,2,5,2,0,3,1
103,149,15347,252,231710871,5,21,-4865928290,220344336,7457,1865,1617,2115,1,1,3,1,2,5,2,0,3,1
103,149,15347,252,231710871,7,43,-9963567452,220344336,7457,1865,1617,2115,1,1,3,1,2,5,2,0,3,1
103,149,15347,252,231710871,11,111,-25719906680,220344336,7457,1865,1617,2115,1,1,3,1,2,5,2,0,3,1
103,151,15553,254,237994057,-2,7,-1665958398,226382116,8201,2051,1801,2303,1,1,7,1,1,5,4,0,6,1
103,151,15553,254,237994057,-1,3,-713982170,226382116,8201,2051,1801,2303,1,1,7,1,1,5,4,0,6,1
103,151,15553,254,237994057,0,1,-237994056,226382116,8201,2051,1801,2303,1,1,7,1,1,5,4,0,6,1
103,151,15553,254,237994057,1,1,-237994056,226382116,8201,2051,1801,2303,1,1,7,1,1,5,4,0,6,1
103,151,15553,254,237994057,2,3,-713982170,226382116,8201,2051,1801,2303,1,1,7,1,1,5,4,0,6,1
103,151,15553,254,237994057,3,7,-1665958398,226382116,8201,2051,1801,2303,1,1,7,1,1,5,4,0,6,1
103,151,15553,254,237994057,5,21,-4997875196,226382116,8201,2051,1801,2303,1,1,7,1,1,5,4,0,6,1
103,151,15553,254,237994057,7,43,-10233744450,226382116,8201,2051,1801,2303,1,1,7,1,1,5,4,0,6,1
103,151,15553,254,237994057,11,111,-26417340326,226382116,8201,2051,1801,2303,1,1,7,1,1,5,4,0,6,1
103,157,16171,260,257347951,-2,7,-1801435656,244985104,10625,2657,2401,2915,1,49,1,1,1,5,3,0,0,1
103,157,16171,260,257347951,-1,3,-772043852,244985104,10625,2657,2401,2915,1,49,1,1,1,5,3,0,0,1
103,157,16171,260,257347951,0,1,-257347950,244985104,10625,2657,2401,2915,1,49,1,1,1,5,3,0,0,1
103,157,16171,260,257347951,1,1,-257347950,244985104,10625,2657,2401,2915,1,49,1,1,1,5,3,0,0,1
103,157,16171,260,257347951,2,3,-772043852,244985104,10625,2657,2401,2915,1,49,1,1,1,5,3,0,0,1
103,157,16171,260,257347951,3,7,-1801435656,244985104,10625,2657,2401,2915,1,49,1,1,1,5,3,0,0,1
103,157,16171,260,257347951,5,21,-5404306970,244985104,10625,2657,2401,2915,1,49,1,1,1,5,3,0,0,1
103,157,16171,260,257347951,7,43,-11065961892,244985104,10625,2657,2401,2915,1,49,1,1,1,5,3,0,0,1
103,157,16171,260,257347951,11,111,-28565622560,244985104,10625,2657,2401,2915,1,49,1,1,1,5,3,0,0,1
103,163,16789,266,277458349,-2,7,-1942208442,264322564,13337,3335,3073,3599,1,1,1,1,1,5,2,0,3,1
103,163,16789,266,277458349,-1,3,-832375046,264322564,13337,3335,3073,3599,1,1,1,1,1,5,2,0,3,1
103,163,16789,266,277458349,0,1,-277458348,264322564,13337,3335,3073,3599,1,1,1,1,1,5,2,0,3,1
103,163,16789,266,277458349,1,1,-277458348,264322564,13337,3335,3073,3599,1,1,1,1,1,5,2,0,3,1
103,163,16789,266,277458349,2,3,-832375046,264322564,13337,3335,3073,3599,1,1,1,1,1,5,2,0,3,1
103,163,16789,266,277458349,3,7,-1942208442,264322564,13337,3335,3073,3599,1,1,1,1,1,5,2,0,3,1
103,163,16789,266,277458349,5,21,-5826625328,264322564,13337,3335,3073,3599,1,1,1,1,1,5,2,0,3,1
103,163,16789,266,277458349,7,43,-11930709006,264322564,13337,3335,3073,3599,1,1,1,1,1,5,2,0,3,1
103,163,16789,266,277458349,11,111,-30797876738,264322564,13337,3335,3073,3599,1,1,1,1,1,5,2,0,3,1
103,167,17201,270,291285561,-2,7,-2038998926,277622244,15305,3827,3561,4095,1,1,3,1,2,5,6,0,3,1
103,167,17201,270,291285561,-1,3,-873856682,277622244,15305,3827,3561,4095,1,1,3,1,2,5,6,0,3,1
103,167,17201,270,291285561,0,1,-291285560,277622244,15305,3827,3561,4095,1,1,3,1,2,5,6,0,3,1
103,167,17201,270,291285561,1,1,-291285560,277622244,15305,3827,3561,4095,1,1,3,1,2,5,6,0,3,1
103,167,17201,270,291285561,2,3,-873856682,277622244,15305,3827,3561,4095,1,1,3,1,2,5,6,0,3,1
103,167,17201,270,291285561,3,7,-2038998926,277622244,15305,3827,3561,4095,1,1,3,1,2,5,6,0,3,1
103,167,17201,270,291285561,5,21,-6116996780,277622244,15305,3827,3561,4095,1,1,3,1,2,5,6,0,3,1
103,167,17201,270,291285561,7,43,-12525279122,277622244,15305,3827,3561,4095,1,1,3,1,2,5,6,0,3,1
103,167,17201,270,291285561,11,111,-32332697270,277622244,15305,3827,3561,4095,1,1,3,1,2,5,6,0,3,1
103,173,17819,276,312656799,-2,7,-2188597592,298183824,678,4625,4353,4899,1,1,3,1,2,5,5,0,0,1
103,173,17819,276,312656799,-1,3,-937970396,298183824,678,4625,4353,4899,1,1,3,1,2,5,5,0,0,1
103,173,17819,276,312656799,0,1,-312656798,298183824,678,4625,4353,4899,1,1,3,1,2,5,5,0,0,1
103,173,17819,276,312656799,1,1,-312656798,298183824,678,4625,4353,4899,1,1,3,1,2,5,5,0,0,1
103,173,17819,276,312656799,2,3,-937970396,298183824,678,4625,4353,4899,1,1,3,1,2,5,5,0,0,1
103,173,17819,276,312656799,3,7,-2188597592,298183824,678,4625,4353,4899,1,1,3,1,2,5,5,0,0,1
103,173,17819,276,312656799,5,21,-6565792778,298183824,678,4625,4353,4899,1,1,3,1,2,5,5,0,0,1
103,173,17819,276,312656799,7,43,-13444242356,298183824,678,4625,4353,4899,1,1,3,1,2,5,5,0,0,1
103,173,17819,276,312656799,11,111,-34704904688,298183824,678,4625,4353,4899,1,1,3,1,2,5,5,0,0,1
103,179,18437,282,334784541,-2,7,-2343491786,319479876,3540,5495,5217,5775,1,1,21,1,2,5,4,0,6,1
103,179,18437,282,334784541,-1,3,-1004353622,319479876,3540,5495,5217,5775,1,1,21,1,2,5,4,0,6,1
103,179,18437,282,334784541,0,1,-334784540,319479876,3540,5495,5217,5775,1,1,21,1,2,5,4,0,6,1
103,179,18437,282,334784541,1,1,-334784540,319479876,3540,5495,5217,5775,1,1,21,1,2,5,4,0,6,1
103,179,18437,282,334784541,2,3,-1004353622,319479876,3540,5495,5217,5775,1,1,21,1,2,5,4,0,6,1
103,179,18437,282,334784541,3,7,-2343491786,319479876,3540,5495,5217,5775,1,1,21,1,2,5,4,0,6,1
103,179,18437,282,334784541,5,21,-7030475360,319479876,3540,5495,5217,5775,1,1,21,1,2,5,4,0,6,1
103,179,18437,282,334784541,7,43,-14395735262,319479876,3540,5495,5217,5775,1,1,21,1,2,5,4,0,6,1
103,179,18437,282,334784541,11,111,-37161084050,319479876,3540,5495,5217,5775,1,1,21,1,2,5,4,0,6,1
103,181,18643,284,342328567,-2,7,-2396299968,326741776,4558,5801,5521,6083,1,1,79,1,1,5,6,0,3,1
103,181,18643,284,342328567,-1,3,-1026985700,326741776,4558,5801,5521,6083,1,1,79,1,1,5,6,0,3,1
103,181,18643,284,342328567,0,1,-342328566,326741776,4558,5801,5521,6083,1,1,79,1,1,5,6,0,3,1
103,181,18643,284,342328567,1,1,-342328566,326741776,4558,5801,5521,6083,1,1,79,1,1,5,6,0,3,1
103,181,18643,284,342328567,2,3,-1026985700,326741776,4558,5801,5521,6083,1,1,79,1,1,5,6,0,3,1
103,181,18643,284,342328567,3,7,-2396299968,326741776,4558,5801,5521,6083,1,1,79,1,1,5,6,0,3,1
103,181,18643,284,342328567,5,21,-7188899906,326741776,4558,5801,5521,6083,1,1,79,1,1,5,6,0,3,1
103,181,18643,284,342328567,7,43,-14720128380,326741776,4558,5801,5521,6083,1,1,79,1,1,5,6,0,3,1
103,181,18643,284,342328567,11,111,-37998470936,326741776,4558,5801,5521,6083,1,1,79,1,1,5,6,0,3,1
103,191,19673,294,381309537,-2,7,-2669166758,364275396,10128,7451,7161,7743,1,1,3,1,2,5,2,0,3,1
103,191,19673,294,381309537,-1,3,-1143928610,364275396,10128,7451,7161,7743,1,1,3,1,2,5,2,0,3,1
103,191,19673,294,381309537,0,1,-381309536,364275396,10128,7451,7161,7743,1,1,3,1,2,5,2,0,3,1
103,191,19673,294,381309537,1,1,-381309536,364275396,10128,7451,7161,7743,1,1,3,1,2,5,2,0,3,1
103,191,19673,294,381309537,2,3,-1143928610,364275396,10128,7451,7161,7743,1,1,3,1,2,5,2,0,3,1
103,191,19673,294,381309537,3,7,-2669166758,364275396,10128,7451,7161,7743,1,1,3,1,2,5,2,0,3,1
103,191,19673,294,381309537,5,21,-8007500276,364275396,10128,7451,7161,7743,1,1,3,1,2,5,2,0,3,1
103,191,19673,294,381309537,7,43,-16396310090,364275396,10128,7451,7161,7743,1,1,3,1,2,5,2,0,3,1
103,191,19673,294,381309537,11,111,-42325358606,364275396,10128,7451,7161,7743,1,1,3,1,2,5,2,0,3,1
103,193,19879,296,389357899,-2,7,-2725505292,372026944,11338,7805,7513,8099,1,1,7,1,1,5,4,0,6,1
103,193,19879,296,389357899,-1,3,-1168073696,372026944,11338,7805,7513,8099,1,1,7,1,1,5,4,0,6,1
103,193,19879,296,389357899,0,1,-389357898,372026944,11338,7805,7513,8099,1,1,7,1,1,5,4,0,6,1
103,193,19879,296,389357899,1,1,-389357898,372026944,11338,7805,7513,8099,1,1,7,1,1,5,4,0,6,1
103,193,19879,296,389357899,2,3,-1168073696,372026944,11338,7805,7513,8099,1,1,7,1,1,5,4,0,6,1
103,193,19879,296,389357899,3,7,-2725505292,372026944,11338,7805,7513,8099,1,1,7,1,1,5,4,0,6,1
103,193,19879,296,389357899,5,21,-8176515878,372026944,11338,7805,7513,8099,1,1,7,1,1,5,4,0,6,1
103,193,19879,296,389357899,7,43,-16742389656,372026944,11338,7805,7513,8099,1,1,7,1,1,5,4,0,6,1
103,193,19879,296,389357899,11,111,-43218726788,372026944,11338,7805,7513,8099,1,1,7,1,1,5,4,0,6,1
103,197,20291,300,405706791,-2,7,-2839947536,387774864,13854,8537,8241,8835,1,1,57,1,2,5,1,0,1,1
103,197,20291,300,405706791,-1,3,-1217120372,387774864,13854,8537,8241,8835,1,1,57,1,2,5,1,0,1,1
103,197,20291,300,405706791,0,1,-405706790,387774864,13854,8537,8241,8835,1,1,57,1,2,5,1,0,1,1
103,197,20291,300,405706791,1,1,-405706790,387774864,13854,8537,8241,8835,1,1,57,1,2,5,1,0,1,1
103,197,20291,300,405706791,2,3,-1217120372,387774864,13854,8537,8241,8835,1,1,57,1,2,5,1,0,1,1
103,197,20291,300,405706791,3,7,-2839947536,387774864,13854,8537,8241,8835,1,1,57,1,2,5,1,0,1,1
103,197,20291,300,405706791,5,21,-8519842610,387774864,13854,8537,8241,8835,1,1,57,1,2,5,1,0,1,1
103,197,20291,300,405706791,7,43,-17445392012,387774864,13854,8537,8241,8835,1,1,57,1,2,5,1,0,1,1
103,197,20291,300,405706791,11,111,-45033453800,387774864,13854,8537,8241,8835,1,1,57,1,2,5,1,0,1,1
103,199,20497,302,414007321,-2,7,-2898051246,395771236,15160,8915,8617,9215,1,7,1,1,1,5,3,0,0,1
103,199,20497,302,414007321,-1,3,-1242021962,395771236,15160,8915,8617,9215,1,7,1,1,1,5,3,0,0,1
103,199,20497,302,414007321,0,1,-414007320,395771236,15160,8915,8617,9215,1,7,1,1,1,5,3,0,0,1
103,199,20497,302,414007321,1,1,-414007320,395771236,15160,8915,8617,9215,1,7,1,1,1,5,3,0,0,1
103,199,20497,302,414007321,2,3,-1242021962,395771236,15160,8915,8617,9215,1,7,1,1,1,5,3,0,0,1
103,199,20497,302,414007321,3,7,-2898051246,395771236,15160,8915,8617,9215,1,7,1,1,1,5,3,0,0,1
103,199,20497,302,414007321,5,21,-8694153740,395771236,15160,8915,8617,9215,1,7,1,1,1,5,3,0,0,1
103,199,20497,302,414007321,7,43,-17802314802,395771236,15160,8915,8617,9215,1,7,1,1,1,5,3,0,0,1
103,199,20497,302,414007321,11,111,-45954812630,395771236,15160,8915,8617,9215,1,7,1,1,1,5,3,0,0,1
107,109,11663,216,133541139,-2,7,-934787972,126157824,10816,11452,11239,3,1,1,3,2,1,2,4,3,6,1
107,109,11663,216,133541139,-1,3,-400623416,126157824,10816,11452,11239,3,1,1,3,2,1,2,4,3,6,3
107,109,11663,216,133541139,0,1,-133541138,126157824,10816,11452,11239,3,1,1,3,2,1,2,4,3,6,4
107,109,11663,216,133541139,1,1,-133541138,126157824,10816,11452,11239,3,1,1,3,2,1,2,4,3,6,4
107,109,11663,216,133541139,2,3,-400623416,126157824,10816,11452,11239,3,1,1,3,2,1,2,4,3,6,3
107,109,11663,216,133541139,3,7,-934787972,126157824,10816,11452,11239,3,1,1,3,2,1,2,4,3,6,1
107,109,11663,216,133541139,5,21,-2804363918,126157824,10816,11452,11239,3,1,1,3,2,1,2,4,3,6,1
107,109,11663,216,133541139,7,43,-5742268976,126157824,10816,11452,11239,3,1,1,3,2,1,2,4,3,6,4
107,109,11663,216,133541139,11,111,-14823066428,126157824,10816,11452,11239,3,1,1,3,2,1,2,4,3,6,5
107,113,12091,220,143568351,-2,7,-1004978456,135769104,11356,11908,11691,35,1,3,1,2,2,2,1,3,1,1
107,113,12091,220,143568351,-1,3,-430705052,135769104,11356,11908,11691,35,1,3,1,2,2,2,1,3,1,6
107,113,12091,220,143568351,0,1,-143568350,135769104,11356,11908,11691,35,1,3,1,2,2,2,1,3,1,5
107,113,12091,220,143568351,1,1,-143568350,135769104,11356,11908,11691,35,1,3,1,2,2,2,1,3,1,5
107,113,12091,220,143568351,2,3,-430705052,135769104,11356,11908,11691,35,1,3,1,2,2,2,1,3,1,6
107,113,12091,220,143568351,3,7,-1004978456,135769104,11356,11908,11691,35,1,3,1,2,2,2,1,3,1,1
107,113,12091,220,143568351,5,21,-3014935370,135769104,11356,11908,11691,35,1,3,1,2,2,2,1,3,1,1
107,113,12091,220,143568351,7,43,-6173439092,135769104,11356,11908,11691,35,1,3,1,2,2,2,1,3,1,5
107,113,12091,220,143568351,11,111,-15936086960,135769104,11356,11908,11691,35,1,3,1,2,2,2,1,3,1,4
107,127,13589,234,181522029,-2,7,-1270654202,172186884,665,167,13525,399,1,1,3,2,1,2,1,3,1,1
107,127,13589,234,181522029,-1,3,-544566086,172186884,665,167,13525,399,1,1,3,2,1,2,1,3,1,6
107,127,13589,234,181522029,0,1,-181522028,172186884,665,167,13525,399,1,1,3,2,1,2,1,3,1,5
107,127,13589,234,181522029,1,1,-181522028,172186884,665,167,13525,399,1,1,3,2,1,2,1,3,1,5
107,127,13589,234,181522029,2,3,-544566086,172186884,665,167,13525,399,1,1,3,2,1,2,1,3,1,6
107,127,13589,234,181522029,3,7,-1270654202,172186884,665,167,13525,399,1,1,3,2,1,2,1,3,1,1
107,127,13589,234,181522029,5,21,-3811962608,172186884,665,167,13525,399,1,1,3,2,1,2,1,3,1,1
107,127,13589,234,181522029,7,43,-7805447246,172186884,665,167,13525,399,1,1,3,2,1,2,1,3,1,5
107,127,13589,234,181522029,11,111,-20148945218,172186884,665,167,13525,399,1,1,3,2,1,2,1,3,1,4
107,131,14017,238,193182633,-2,7,-1352278430,183385764,1353,339,105,575,1,3,1,2,2,2,5,3,0,1
107,131,14017,238,193182633,-1,3,-579547898,183385764,1353,339,105,575,1,3,1,2,2,2,5,3,0,1
107,131,14017,238,193182633,0,1,-193182632,183385764,1353,339,105,575,1,3,1,2,2,2,5,3,0,1
107,131,14017,238,193182633,1,1,-193182632,183385764,1353,339,105,575,1,3,1,2,2,2,5,3,0,1
107,131,14017,238,193182633,2,3,-579547898,183385764,1353,339,105,575,1,3,1,2,2,2,5,3,0,1
107,131,14017,238,193182633,3,7,-1352278430,183385764,1353,339,105,575,1,3,1,2,2,2,5,3,0,1
107,131,14017,238,193182633,5,21,-4056835292,183385764,1353,339,105,575,1,3,1,2,2,2,5,3,0,1
107,131,14017,238,193182633,7,43,-8306853218,183385764,1353,339,105,575,1,3,1,2,2,2,5,3,0,1
107,131,14017,238,193182633,11,111,-21443272262,183385764,1353,339,105,575,1,3,1,2,2,2,5,3,0,1
107,137,14659,244,211354119,-2,7,-1479478832,200845584,2625,657,417,899,1,3,1,2,2,2,4,3,6,1
107,137,14659,244,211354119,-1,3,-634062356,200845584,2625,657,417,899,1,3,1,2,2,2,4,3,6,3
107,137,14659,244,211354119,0,1,-211354118,200845584,2625,657,417,899,1,3,1,2,2,2,4,3,6,4
107,137,14659,244,211354119,1,1,-211354118,200845584,2625,657,417,899,1,3,1,2,2,2,4,3,6,4
107,137,14659,244,211354119,2,3,-634062356,200845584,2625,657,417,899,1,3,1,2,2,2,4,3,6,3
107,137,14659,244,211354119,3,7,-1479478832,200845584,2625,657,417,899,1,3,1,2,2,2,4,3,6,1
107,137,14659,244,211354119,5,21,-4438436498,200845584,2625,657,417,899,1,3,1,2,2,2,4,3,6,1
107,137,14659,244,211354119,7,43,-9088227116,200845584,2625,657,417,899,1,3,1,2,2,2,4,3,6,4
107,137,14659,244,211354119,11,111,-23460307208,200845584,2625,657,417,899,1,3,1,2,2,2,4,3,6,5
107,139,14873,246,217592769,-2,7,-1523149382,206841924,3113,779,537,1023,1,1,3,2,1,2,6,3,3,1
107,139,14873,246,217592769,-1,3,-652778306,206841924,3113,779,537,1023,1,1,3,2,1,2,6,3,3,2
107,139,14873,246,217592769,0,1,-217592768,206841924,3113,779,537,1023,1,1,3,2,1,2,6,3,3,6
107,139,14873,246,217592769,1,1,-217592768,206841924,3113,779,537,1023,1,1,3,2,1,2,6,3,3,6
107,139,14873,246,217592769,2,3,-652778306,206841924,3113,779,537,1023,1,1,3,2,1,2,6,3,3,2
107,139,14873,246,217592769,3,7,-1523149382,206841924,3113,779,537,1023,1,1,3,2,1,2,6,3,3,1
107,139,14873,246,217592769,5,21,-4569448148,206841924,3113,779,537,1023,1,1,3,2,1,2,6,3,3,1
107,139,14873,246,217592769,7,43,-9356489066,206841924,3113,779,537,1023,1,1,3,2,1,2,6,3,3,6
107,139,14873,246,217592769,11,111,-24152797358,206841924,3113,779,537,1023,1,1,3,2,1,2,6,3,3,3
107,149,15943,256,250147179,-2,7,-1751030252,238146624,6033,1509,1257,1763,1,3,1,2,2,2,2,3,3,1
107,149,15943,256,250147179,-1,3,-750441536,238146624,6033,1509,1257,1763,1,3,1,2,2,2,2,3,3,2
107,149,15943,256,250147179,0,1,-250147178,238146624,6033,1509,1257,1763,1,3,1,2,2,2,2,3,3,6
107,149,15943,256,250147179,1,1,-250147178,238146624,6033,1509,1257,1763,1,3,1,2,2,2,2,3,3,6
107,149,15943,256,250147179,2,3,-750441536,238146624,6033,1509,1257,1763,1,3,1,2,2,2,2,3,3,2
107,149,15943,256,250147179,3,7,-1751030252,238146624,6033,1509,1257,1763,1,3,1,2,2,2,2,3,3,1
107,149,15943,256,250147179,5,21,-5253090758,238146624,6033,1509,1257,1763,1,3,1,2,2,2,2,3,3,1
107,149,15943,256,250147179,7,43,-10756328696,238146624,6033,1509,1257,1763,1,3,1,2,2,2,2,3,3,6
107,149,15943,256,250147179,11,111,-27766336868,238146624,6033,1509,1257,1763,1,3,1,2,2,2,2,3,3,3
107,151,16157,258,256930293,-2,7,-1798512050,244672164,6713,1679,1425,1935,1,1,3,2,1,2,4,3,6,1
107,151,16157,258,256930293,-1,3,-770790878,244672164,6713,1679,1425,1935,1,1,3,2,1,2,4,3,6,3
107,151,16157,258,256930293,0,1,-256930292,244672164,6713,1679,1425,1935,1,1,3,2,1,2,4,3,6,4
107,151,16157,258,256930293,1,1,-256930292,244672164,6713,1679,1425,1935,1,1,3,2,1,2,4,3,6,4
107,151,16157,258,256930293,2,3,-770790878,244672164,6713,1679,1425,1935,1,1,3,2,1,2,4,3,6,3
107,151,16157,258,256930293,3,7,-1798512050,244672164,6713,1679,1425,1935,1,1,3,2,1,2,4,3,6,1
107,151,16157,258,256930293,5,21,-5395536152,244672164,6713,1679,1425,1935,1,1,3,2,1,2,4,3,6,1
107,151,16157,258,256930293,7,43,-11048002598,244672164,6713,1679,1425,1935,1,1,3,2,1,2,4,3,6,4
107,151,16157,258,256930293,11,111,-28519262522,244672164,6713,1679,1425,1935,1,1,3,2,1,2,4,3,6,5
107,157,16799,264,277824099,-2,7,-1944768692,264777984,8945,2237,1977,2499,1,1,21,2,1,2,3,3,0,1
107,157,16799,264,277824099,-1,3,-833472296,264777984,8945,2237,1977,2499,1,1,21,2,1,2,3,3,0,1
107,157,16799,264,277824099,0,1,-277824098,264777984,8945,2237,1977,2499,1,1,21,2,1,2,3,3,0,1
107,157,16799,264,277824099,1,1,-277824098,264777984,8945,2237,1977,2499,1,1,21,2,1,2,3,3,0,1
107,157,16799,264,277824099,2,3,-833472296,264777984,8945,2237,1977,2499,1,1,21,2,1,2,3,3,0,1
107,157,16799,264,277824099,3,7,-1944768692,264777984,8945,2237,1977,2499,1,1,21,2,1,2,3,3,0,1
107,157,16799,264,277824099,5,21,-5834306078,264777984,8945,2237,1977,2499,1,1,21,2,1,2,3,3,0,1
107,157,16799,264,277824099,7,43,-11946436256,264777984,8945,2237,1977,2499,1,1,21,2,1,2,3,3,0,1
107,157,16799,264,277824099,11,111,-30838474988,264777984,8945,2237,1977,2499,1,1,21,2,1,2,3,3,0,1
107,163,17441,270,299534601,-2,7,-2096742206,285677604,11465,2867,2601,3135,1,1,57,2,1,2,2,3,3,1
107,163,17441,270,299534601,-1,3,-898603802,285677604,11465,2867,2601,3135,1,1,57,2,1,2,2,3,3,2
107,163,17441,270,299534601,0,1,-299534600,285677604,11465,2867,2601,3135,1,1,57,2,1,2,2,3,3,6
107,163,17441,270,299534601,1,1,-299534600,285677604,11465,2867,2601,3135,1,1,57,2,1,2,2,3,3,6
107,163,17441,270,299534601,2,3,-898603802,285677604,11465,2867,2601,3135,1,1,57,2,1,2,2,3,3,2
107,163,17441,270,299534601,3,7,-2096742206,285677604,11465,2867,2601,3135,1,1,57,2,1,2,2,3,3,1
107,163,17441,270,299534601,5,21,-6290226620,285677604,11465,2867,2601,3135,1,1,57,2,1,2,2,3,3,1
107,163,17441,270,299534601,7,43,-12879987842,285677604,11465,2867,2601,3135,1,1,57,2,1,2,2,3,3,6
107,163,17441,270,299534601,11,111,-33248340710,285677604,11465,2867,2601,3135,1,1,57,2,1,2,2,3,3,3
107,167,17869,274,314461989,-2,7,-2201233922,300051684,13305,3327,3057,3599,1,3,1,2,2,2,6,3,3,1
107,167,17869,274,314461989,-1,3,-943385966,300051684,13305,3327,3057,3599,1,3,1,2,2,2,6,3,3,2
107,167,17869,274,314461989,0,1,-314461988,300051684,13305,3327,3057,3599,1,3,1,2,2,2,6,3,3,6
107,167,17869,274,314461989,1,1,-314461988,300051684,13305,3327,3057,3599,1,3,1,2,2,2,6,3,3,6
107,167,17869,274,314461989,2,3,-943385966,300051684,13305,3327,3057,3599,1,3,1,2,2,2,6,3,3,2
107,167,17869,274,314461989,3,7,-2201233922,300051684,13305,3327,3057,3599,1,3,1,2,2,2,6,3,3,1
107,167,17869,274,314461989,5,21,-6603701768,300051684,13305,3327,3057,3599,1,3,1,2,2,2,6,3,3,1
107,167,17869,274,314461989,7,43,-13521865526,300051684,13305,3327,3057,3599,1,3,1,2,2,2,6,3,3,6
107,167,17869,274,314461989,11,111,-34905280778,300051684,13305,3327,3057,3599,1,3,1,2,2,2,6,3,3,3
107,173,18511,280,337533651,-2,7,-2362735556,322274304,16305,4077,3801,4355,1,3,13,2,2,2,5,3,0,1
107,173,18511,280,337533651,-1,3,-1012600952,322274304,16305,4077,3801,4355,1,3,13,2,2,2,5,3,0,1
107,173,18511,280,337533651,0,1,-337533650,322274304,16305,4077,3801,4355,1,3,13,2,2,2,5,3,0,1
107,173,18511,280,337533651,1,1,-337533650,322274304,16305,4077,3801,4355,1,3,13,2,2,2,5,3,0,1
107,173,18511,280,337533651,2,3,-1012600952,322274304,16305,4077,3801,4355,1,3,13,2,2,2,5,3,0,1
107,173,18511,280,337533651,3,7,-2362735556,322274304,16305,4077,3801,4355,1,3,13,2,2,2,5,3,0,1
107,173,18511,280,337533651,5,21,-7088206670,322274304,16305,4077,3801,4355,1,3,13,2,2,2,5,3,0,1
107,173,18511,280,337533651,7,43,-14513946992,322274304,16305,4077,3801,4355,1,3,13,2,2,2,5,3,0,1
107,173,18511,280,337533651,11,111,-37466235260,322274304,16305,4077,3801,4355,1,3,13,2,2,2,5,3,0,1
107,179,19153,286,361422009,-2,7,-2529954062,345290724,440,4899,4617,5183,1,171,1,2,2,2,4,3,6,1
107,179,19153,286,361422009,-1,3,-1084266026,345290724,440,4899,4617,5183,1,171,1,2,2,2,4,3,6,3
107,179,19153,286,361422009,0,1,-361422008,345290724,440,4899,4617,5183,1,171,1,2,2,2,4,3,6,4
107,179,19153,286,361422009,1,1,-361422008,345290724,440,4899,4617,5183,1,171,1,2,2,2,4,3,6,4
107,179,19153,286,361422009,2,3,-1084266026,345290724,440,4899,4617,5183,1,171,1,2,2,2,4,3,6,3
107,179,19153,286,361422009,3,7,-2529954062,345290724,440,4899,4617,5183,1,171,1,2,2,2,4,3,6,1
107,179,19153,286,361422009,5,21,-7589862188,345290724,440,4899,4617,5183,1,171,1,2,2,2,4,3,6,1
107,179,19153,286,361422009,7,43,-15541146386,345290724,440,4899,4617,5183,1,171,1,2,2,2,4,3,6,4
107,179,19153,286,361422009,11,111,-40117842998,345290724,440,4899,4617,5183,1,171,1,2,2,2,4,3,6,5
107,181,19367,288,369566283,-2,7,-2586963980,353139264,1386,5189,4905,5475,1,1,3,2,1,2,6,3,3,1
107,181,19367,288,369566283,-1,3,-1108698848,353139264,1386,5189,4905,5475,1,1,3,2,1,2,6,3,3,2
107,181,19367,288,369566283,0,1,-369566282,353139264,1386,5189,4905,5475,1,1,3,2,1,2,6,3,3,6
107,181,19367,288,369566283,1,1,-369566282,353139264,1386,5189,4905,5475,1,1,3,2,1,2,6,3,3,6
107,181,19367,288,369566283,2,3,-1108698848,353139264,1386,5189,4905,5475,1,1,3,2,1,2,6,3,3,2
107,181,19367,288,369566283,3,7,-2586963980,353139264,1386,5189,4905,5475,1,1,3,2,1,2,6,3,3,1
107,181,19367,288,369566283,5,21,-7760891942,353139264,1386,5189,4905,5475,1,1,3,2,1,2,6,3,3,1
107,181,19367,288,369566283,7,43,-15891350168,353139264,1386,5189,4905,5475,1,1,3,2,1,2,6,3,3,6
107,181,19367,288,369566283,11,111,-41021857412,353139264,1386,5189,4905,5475,1,1,3,2,1,2,6,3,3,3
107,191,20437,298,411648813,-2,7,-2881541690,393704964,6596,6759,6465,7055,1,3,1,2,2,2,2,3,3,1
107,191,20437,298,411648813,-1,3,-1234946438,393704964,6596,6759,6465,7055,1,3,1,2,2,2,2,3,3,2
107,191,20437,298,411648813,0,1,-411648812,393704964,6596,6759,6465,7055,1,3,1,2,2,2,2,3,3,6
107,191,20437,298,411648813,1,1,-411648812,393704964,6596,6759,6465,7055,1,3,1,2,2,2,2,3,3,6
107,191,20437,298,411648813,2,3,-1234946438,393704964,6596,6759,6465,7055,1,3,1,2,2,2,2,3,3,2
107,191,20437,298,411648813,3,7,-2881541690,393704964,6596,6759,6465,7055,1,3,1,2,2,2,2,3,3,1
107,191,20437,298,411648813,5,21,-8644625072,393704964,6596,6759,6465,7055,1,3,1,2,2,2,2,3,3,1
107,191,20437,298,411648813,7,43,-17700898958,393704964,6596,6759,6465,7055,1,3,1,2,2,2,2,3,3,6
107,191,20437,298,411648813,11,111,-45693018242,393704964,6596,6759,6465,7055,1,3,1,2,2,2,2,3,3,3
107,193,20651,300,420337551,-2,7,-2942362856,402082704,7734,7097,6801,7395,1,1,3,2,1,2,4,3,6,1
107,193,20651,300,420337551,-1,3,-1261012652,402082704,7734,7097,6801,7395,1,1,3,2,1,2,4,3,6,3
107,193,20651,300,420337551,0,1,-420337550,402082704,7734,7097,6801,7395,1,1,3,2,1,2,4,3,6,4
107,193,20651,300,420337551,1,1,-420337550,402082704,7734,7097,6801,7395,1,1,3,2,1,2,4,3,6,4
107,193,20651,300,420337551,2,3,-1261012652,402082704,7734,7097,6801,7395,1,1,3,2,1,2,4,3,6,3
107,193,20651,300,420337551,3,7,-2942362856,402082704,7734,7097,6801,7395,1,1,3,2,1,2,4,3,6,1
107,193,20651,300,420337551,5,21,-8827088570,402082704,7734,7097,6801,7395,1,1,3,2,1,2,4,3,6,1
107,193,20651,300,420337551,7,43,-18074514692,402082704,7734,7097,6801,7395,1,1,3,2,1,2,4,3,6,4
107,193,20651,300,420337551,11,111,-46657468160,402082704,7734,7097,6801,7395,1,1,3,2,1,2,4,3,6,5
107,197,21079,304,437987259,-2,7,-3065910812,419102784,10106,7797,7497,8099,1,9,1,2,2,2,1,3,1,1
107,197,21079,304,437987259,-1,3,-1313961776,419102784,10106,7797,7497,8099,1,9,1,2,2,2,1,3,1,6
107,197,21079,304,437987259,0,1,-437987258,419102784,10106,7797,7497,8099,1,9,1,2,2,2,1,3,1,5
107,197,21079,304,437987259,1,1,-437987258,419102784,10106,7797,7497,8099,1,9,1,2,2,2,1,3,1,5
107,197,21079,304,437987259,2,3,-1313961776,419102784,10106,7797,7497,8099,1,9,1,2,2,2,1,3,1,6
107,197,21079,304,437987259,3,7,-3065910812,419102784,10106,7797,7497,8099,1,9,1,2,2,2,1,3,1,1
107,197,21079,304,437987259,5,21,-9197732438,419102784,10106,7797,7497,8099,1,9,1,2,2,2,1,3,1,1
107,197,21079,304,437987259,7,43,-18833452136,419102784,10106,7797,7497,8099,1,9,1,2,2,2,1,3,1,5
107,197,21079,304,437987259,11,111,-48616585748,419102784,10106,7797,7497,8099,1,9,1,2,2,2,1,3,1,4
107,199,21293,306,446948229,-2,7,-3128637602,427745124,11340,8159,7857,8463,199,1,273,2,1,2,3,3,0,1
107,199,21293,306,446948229,-1,3,-1340844686,427745124,11340,8159,7857,8463,199,1,273,2,1,2,3,3,0,1
107,199,21293,306,446948229,0,1,-446948228,427745124,11340,8159,7857,8463,199,1,273,2,1,2,3,3,0,1
107,199,21293,306,446948229,1,1,-446948228,427745124,11340,8159,7857,8463,199,1,273,2,1,2,3,3,0,1
107,199,21293,306,446948229,2,3,-1340844686,427745124,11340,8159,7857,8463,199,1,273,2,1,2,3,3,0,1
107,199,21293,306,446948229,3,7,-3128637602,427745124,11340,8159,7857,8463,199,1,273,2,1,2,3,3,0,1
107,199,21293,306,446948229,5,21,-9385912808,427745124,11340,8159,7857,8463,199,1,273,2,1,2,3,3,0,1
107,199,21293,306,446948229,7,43,-19218773846,427745124,11340,8159,7857,8463,199,1,273,2,1,2,3,3,0,1
107,199,21293,306,446948229,11,111,-49611253418,427745124,11340,8159,7857,8463,199,1,273,2,1,2,3,3,0,1
109,113,12317,222,149010861,-2,7,-1043076026,140991876,11494,12112,11893,15,1,1,3,1,2,4,1,6,1,1
109,113,12317,222,149010861,-1,3,-447032582,140991876,11494,12112,11893,15,1,1,3,1,2,4,1,6,1,4
109,113,12317,222,149010861,0,1,-149010860,140991876,11494,12112,11893,15,1,1,3,1,2,4,1,6,1,2
109,113,12317,222,149010861,1,1,-149010860,140991876,11494,12112,11893,15,1,1,3,1,2,4,1,6,1,2
109,113,12317,222,149010861,2,3,-447032582,140991876,11494,12112,11893,15,1,1,3,1,2,4,1,6,1,4
109,113,12317,222,149010861,3,7,-1043076026,140991876,11494,12112,11893,15,1,1,3,1,2,4,1,6,1,1
109,113,12317,222,149010861,5,21,-3129228080,140991876,11494,12112,11893,15,1,1,3,1,2,4,1,6,1,1
109,113,12317,222,149010861,7,43,-6407467022,140991876,11494,12112,11893,15,1,1,3,1,2,4,1,6,1,2
109,113,12317,222,149010861,11,111,-16540205570,140991876,11494,12112,11893,15,1,1,3,1,2,4,1,6,1,0
109,127,13843,236,188403319,-2,7,-1318823232,178810384,353,89,13699,323,1,1,1,1,1,4,1,6,1,1
109,127,13843,236,188403319,-1,3,-565209956,178810384,353,89,13699,323,1,1,1,1,1,4,1,6,1,4
109,127,13843,236,188403319,0,1,-188403318,178810384,353,89,13699,323,1,1,1,1,1,4,1,6,1,2
109,127,13843,236,188403319,1,1,-188403318,178810384,353,89,13699,323,1,1,1,1,1,4,1,6,1,2
109,127,13843,236,188403319,2,3,-565209956,178810384,353,89,13699,323,1,1,1,1,1,4,1,6,1,4
109,127,13843,236,188403319,3,7,-1318823232,178810384,353,89,13699,323,1,1,1,1,1,4,1,6,1,1
109,127,13843,236,188403319,5,21,-3956469698,178810384,353,89,13699,323,1,1,1,1,1,4,1,6,1,1
109,127,13843,236,188403319,7,43,-8101342716,178810384,353,89,13699,323,1,1,1,1,1,4,1,6,1,2
109,127,13843,236,188403319,11,111,-20912768408,178810384,353,89,13699,323,1,1,1,1,1,4,1,6,1,0
109,131,14279,240,200505963,-2,7,-1403541740,190440000,977,245,9,483,1,1,21,1,2,4,5,6,0,1
109,131,14279,240,200505963,-1,3,-601517888,190440000,977,245,9,483,1,1,21,1,2,4,5,6,0,1
109,131,14279,240,200505963,0,1,-200505962,190440000,977,245,9,483,1,1,21,1,2,4,5,6,0,1
109,131,14279,240,200505963,1,1,-200505962,190440000,977,245,9,483,1,1,21,1,2,4,5,6,0,1
109,131,14279,240,200505963,2,3,-601517888,190440000,977,245,9,483,1,1,21,1,2,4,5,6,0,1
109,131,14279,240,200505963,3,7,-1403541740,190440000,977,245,9,483,1,1,21,1,2,4,5,6,0,1
109,131,14279,240,200505963,5,21,-4210625222,190440000,977,245,9,483,1,1,21,1,2,4,5,6,0,1
109,131,14279,240,200505963,7,43,-8621756408,190440000,977,245,9,483,1,1,21,1,2,4,5,6,0,1
109,131,14279,240,200505963,11,111,-22256161892,190440000,977,245,9,483,1,1,21,1,2,4,5,6,0,1
109,137,14933,246,219366309,-2,7,-1535564162,208571364,2153,539,297,783,1,1,3,1,2,4,4,6,6,1
109,137,14933,246,219366309,-1,3,-658098926,208571364,2153,539,297,783,1,1,3,1,2,4,4,6,6,5
109,137,14933,246,219366309,0,1,-219366308,208571364,2153,539,297,783,1,1,3,1,2,4,4,6,6,0
109,137,14933,246,219366309,1,1,-219366308,208571364,2153,539,297,783,1,1,3,1,2,4,4,6,6,0
109,137,14933,246,219366309,2,3,-658098926,208571364,2153,539,297,783,1,1,3,1,2,4,4,6,6,5
109,137,14933,246,219366309,3,7,-1535564162,208571364,2153,539,297,783,1,1,3,1,2,4,4,6,6,1
109,137,14933,246,219366309,5,21,-4606692488,208571364,2153,539,297,783,1,1,3,1,2,4,4,6,6,1
109,137,14933,246,219366309,7,43,-9432751286,208571364,2153,539,297,783,1,1,3,1,2,4,4,6,6,0
109,137,14933,246,219366309,11,111,-24349660298,208571364,2153,539,297,783,1,1,3,1,2,4,4,6,6,2
109,139,15151,248,225841459,-2,7,-1580890212,214798336,2609,653,409,899,1,1,1,1,1,4,6,6,3,1
109,139,15151,248,225841459,-1,3,-677524376,214798336,2609,653,409,899,1,1,1,1,1,4,6,6,3,3
109,139,15151,248,225841459,0,1,-225841458,214798336,2609,653,409,899,1,1,1,1,1,4,6,6,3,4
109,139,15151,248,225841459,1,1,-225841458,214798336,2609,653,409,899,1,1,1,1,1,4,6,6,3,4
109,139,15151,248,225841459,2,3,-677524376,214798336,2609,653,409,899,1,1,1,1,1,4,6,6,3,3
109,139,15151,248,225841459,3,7,-1580890212,214798336,2609,653,409,899,1,1,1,1,1,4,6,6,3,1
109,139,15151,248,225841459,5,21,-4742670638,214798336,2609,653,409,899,1,1,1,1,1,4,6,6,3,1
109,139,15151,248,225841459,7,43,-9711182736,214798336,2609,653,409,899,1,1,1,1,1,4,6,6,3,4
109,139,15151,248,225841459,11,111,-25068401948,214798336,2609,653,409,899,1,1,1,1,1,4,6,6,3,5
109,149,16241,258,259629969,-2,7,-1817409782,247307076,5369,1343,1089,1599,1,1,3,1,2,4,2,6,3,1
109,149,16241,258,259629969,-1,3,-778889906,247307076,5369,1343,1089,1599,1,1,3,1,2,4,2,6,3,3
109,149,16241,258,259629969,0,1,-259629968,247307076,5369,1343,1089,1599,1,1,3,1,2,4,2,6,3,4
109,149,16241,258,259629969,1,1,-259629968,247307076,5369,1343,1089,1599,1,1,3,1,2,4,2,6,3,4
109,149,16241,258,259629969,2,3,-778889906,247307076,5369,1343,1089,1599,1,1,3,1,2,4,2,6,3,3
109,149,16241,258,259629969,3,7,-1817409782,247307076,5369,1343,1089,1599,1,1,3,1,2,4,2,6,3,1
109,149,16241,258,259629969,5,21,-5452229348,247307076,5369,1343,1089,1599,1,1,3,1,2,4,2,6,3,1
109,149,16241,258,259629969,7,43,-11164088666,247307076,5369,1343,1089,1599,1,1,3,1,2,4,2,6,3,4
109,149,16241,258,259629969,11,111,-28818926558,247307076,5369,1343,1089,1599,1,1,3,1,2,4,2,6,3,5
109,151,16459,260,266670223,-2,7,-1866691560,254083600,6017,1505,1249,1763,1,1,1,1,1,4,4,6,6,1
109,151,16459,260,266670223,-1,3,-800010668,254083600,6017,1505,1249,1763,1,1,1,1,1,4,4,6,6,5
109,151,16459,260,266670223,0,1,-266670222,254083600,6017,1505,1249,1763,1,1,1,1,1,4,4,6,6,0
109,151,16459,260,266670223,1,1,-266670222,254083600,6017,1505,1249,1763,1,1,1,1,1,4,4,6,6,0
109,151,16459,260,266670223,2,3,-800010668,254083600,6017,1505,1249,1763,1,1,1,1,1,4,4,6,6,5
109,151,16459,260,266670223,3,7,-1866691560,254083600,6017,1505,1249,1763,1,1,1,1,1,4,4,6,6,1
109,151,16459,260,266670223,5,21,-5600074682,254083600,6017,1505,1249,1763,1,1,1,1,1,4,4,6,6,1
109,151,16459,260,266670223,7,43,-11466819588,254083600,6017,1505,1249,1763,1,1,1,1,1,4,4,6,6,0
109,151,16459,260,266670223,11,111,-29600394752,254083600,6017,1505,1249,1763,1,1,1,1,1,4,4,6,6,2
109,157,17113,266,288356089,-2,7,-2018492622,274962724,8153,2039,1777,2303,1,1,1,1,1,4,3,6,0,1
109,157,17113,266,288356089,-1,3,-865068266,274962724,8153,2039,1777,2303,1,1,1,1,1,4,3,6,0,1
109,157,17113,266,288356089,0,1,-288356088,274962724,8153,2039,1777,2303,1,1,1,1,1,4,3,6,0,1
109,157,17113,266,288356089,1,1,-288356088,274962724,8153,2039,1777,2303,1,1,1,1,1,4,3,6,0,1
109,157,17113,266,288356089,2,3,-865068266,274962724,8153,2039,1777,2303,1,1,1,1,1,4,3,6,0,1
109,157,17113,266,288356089,3,7,-2018492622,274962724,8153,2039,1777,2303,1,1,1,1,1,4,3,6,0,1
109,157,17113,266,288356089,5,21,-6055477868,274962724,8153,2039,1777,2303,1,1,1,1,1,4,3,6,0,1
109,157,17113,266,288356089,7,43,-12399311826,274962724,8153,2039,1777,2303,1,1,1,1,1,4,3,6,0,1
109,157,17113,266,288356089,11,111,-32007525878,274962724,8153,2039,1777,2303,1,1,1,1,1,4,3,6,0,1
109,163,17767,272,310889611,-2,7,-2176227276,296666176,10577,2645,2377,2915,1,1,1,1,1,4,2,6,3,1
109,163,17767,272,310889611,-1,3,-932668832,296666176,10577,2645,2377,2915,1,1,1,1,1,4,2,6,3,3
109,163,17767,272,310889611,0,1,-310889610,296666176,10577,2645,2377,2915,1,1,1,1,1,4,2,6,3,4
109,163,17767,272,310889611,1,1,-310889610,296666176,10577,2645,2377,2915,1,1,1,1,1,4,2,6,3,4
109,163,17767,272,310889611,2,3,-932668832,296666176,10577,2645,2377,2915,1,1,1,1,1,4,2,6,3,3
109,163,17767,272,310889611,3,7,-2176227276,296666176,10577,2645,2377,2915,1,1,1,1,1,4,2,6,3,1
109,163,17767,272,310889611,5,21,-6528681830,296666176,10577,2645,2377,2915,1,1,1,1,1,4,2,6,3,1
109,163,17767,272,310889611,7,43,-13368253272,296666176,10577,2645,2377,2915,1,1,1,1,1,4,2,6,3,4
109,163,17767,272,310889611,11,111,-34508746820,296666176,10577,2645,2377,2915,1,1,1,1,1,4,2,6,3,5
109,167,18203,276,326382879,-2,7,-2284680152,311593104,12353,3089,2817,3363,1,1,3,1,2,4,6,6,3,1
109,167,18203,276,326382879,-1,3,-979148636,311593104,12353,3089,2817,3363,1,1,3,1,2,4,6,6,3,3
109,167,18203,276,326382879,0,1,-326382878,311593104,12353,3089,2817,3363,1,1,3,1,2,4,6,6,3,4
109,167,18203,276,326382879,1,1,-326382878,311593104,12353,3089,2817,3363,1,1,3,1,2,4,6,6,3,4
109,167,18203,276,326382879,2,3,-979148636,311593104,12353,3089,2817,3363,1,1,3,1,2,4,6,6,3,3
109,167,18203,276,326382879,3,7,-2284680152,311593104,12353,3089,2817,3363,1,1,3,1,2,4,6,6,3,1
109,167,18203,276,326382879,5,21,-6854040458,311593104,12353,3089,2817,3363,1,1,3,1,2,4,6,6,3,1
109,167,18203,276,326382879,7,43,-14034463796,311593104,12353,3089,2817,3363,1,1,3,1,2,4,6,6,3,4
109,167,18203,276,326382879,11,111,-36228499568,311593104,12353,3089,2817,3363,1,1,3,1,2,4,6,6,3,5
109,173,18857,282,350329161,-2,7,-2452304126,334670436,15257,3815,3537,4095,109,1,21,1,2,4,5,6,0,1
109,173,18857,282,350329161,-1,3,-1050987482,334670436,15257,3815,3537,4095,109,1,21,1,2,4,5,6,0,1
109,173,18857,282,350329161,0,1,-350329160,334670436,15257,3815,3537,4095,109,1,21,1,2,4,5,6,0,1
109,173,18857,282,350329161,1,1,-350329160,334670436,15257,3815,3537,4095,109,1,21,1,2,4,5,6,0,1
109,173,18857,282,350329161,2,3,-1050987482,334670436,15257,3815,3537,4095,109,1,21,1,2,4,5,6,0,1
109,173,18857,282,350329161,3,7,-2452304126,334670436,15257,3815,3537,4095,109,1,21,1,2,4,5,6,0,1
109,173,18857,282,350329161,5,21,-7356912380,334670436,15257,3815,3537,4095,109,1,21,1,2,4,5,6,0,1
109,173,18857,282,350329161,7,43,-15064153922,334670436,15257,3815,3537,4095,109,1,21,1,2,4,5,6,0,1
109,173,18857,282,350329161,11,111,-38886536870,334670436,15257,3815,3537,4095,109,1,21,1,2,4,5,6,0,1
109,179,19511,288,375123099,-2,7,-2625861692,358572096,18449,4613,4329,4899,1,1,3,1,2,4,4,6,6,1
109,179,19511,288,375123099,-1,3,-1125369296,358572096,18449,4613,4329,4899,1,1,3,1,2,4,4,6,6,5
109,179,19511,288,375123099,0,1,-375123098,358572096,18449,4613,4329,4899,1,1,3,1,2,4,4,6,6,0
109,179,19511,288,375123099,1,1,-375123098,358572096,18449,4613,4329,4899,1,1,3,1,2,4,4,6,6,0
109,179,19511,288,375123099,2,3,-1125369296,358572096,18449,4613,4329,4899,1,1,3,1,2,4,4,6,6,5
109,179,19511,288,375123099,3,7,-2625861692,358572096,18449,4613,4329,4899,1,1,3,1,2,4,4,6,6,1
109,179,19511,288,375123099,5,21,-7877585078,358572096,18449,4613,4329,4899,1,1,3,1,2,4,4,6,6,1
109,179,19511,288,375123099,7,43,-16130293256,358572096,18449,4613,4329,4899,1,1,3,1,2,4,4,6,6,0
109,179,19511,288,375123099,11,111,-41638663988,358572096,18449,4613,4329,4899,1,1,3,1,2,4,4,6,6,2
109,181,19729,290,383576113,-2,7,-2685032790,366722500,19577,4895,4609,5183,1,1,1,1,1,4,6,6,3,1
109,181,19729,290,383576113,-1,3,-1150728338,366722500,19577,4895,4609,5183,1,1,1,1,1,4,6,6,3,3
109,181,19729,290,383576113,0,1,-383576112,366722500,19577,4895,4609,5183,1,1,1,1,1,4,6,6,3,4
109,181,19729,290,383576113,1,1,-383576112,366722500,19577,4895,4609,5183,1,1,1,1,1,4,6,6,3,4
109,181,19729,290,383576113,2,3,-1150728338,366722500,19577,4895,4609,5183,1,1,1,1,1,4,6,6,3,3
109,181,19729,290,383576113,3,7,-2685032790,366722500,19577,4895,4609,5183,1,1,1,1,1,4,6,6,3,1
109,181,19729,290,383576113,5,21,-8055098372,366722500,19577,4895,4609,5183,1,1,1,1,1,4,6,6,3,1
109,181,19729,290,383576113,7,43,-16493772858,366722500,19577,4895,4609,5183,1,1,1,1,1,4,6,6,3,4
109,181,19729,290,383576113,11,111,-42576948542,366722500,19577,4895,4609,5183,1,1,1,1,1,4,6,6,3,5
109,191,20819,300,427253943,-2,7,-2990777600,408848400,4878,6425,6129,6723,1,1,3,1,2,4,2,6,3,1
109,191,20819,300,427253943,-1,3,-1281761828,408848400,4878,6425,6129,6723,1,1,3,1,2,4,2,6,3,3
109,191,20819,300,427253943,0,1,-427253942,408848400,4878,6425,6129,6723,1,1,3,1,2,4,2,6,3,4
109,191,20819,300,427253943,1,1,-427253942,408848400,4878,6425,6129,6723,1,1,3,1,2,4,2,6,3,4
109,191,20819,300,427253943,2,3,-1281761828,408848400,4878,6425,6129,6723,1,1,3,1,2,4,2,6,3,3
109,191,20819,300,427253943,3,7,-2990777600,408848400,4878,6425,6129,6723,1,1,3,1,2,4,2,6,3,1
109,191,20819,300,427253943,5,21,-8972332802,408848400,4878,6425,6129,6723,1,1,3,1,2,4,2,6,3,1
109,191,20819,300,427253943,7,43,-18371919548,408848400,4878,6425,6129,6723,1,1,3,1,2,4,2,6,3,4
109,191,20819,300,427253943,11,111,-47425187672,408848400,4878,6425,6129,6723,1,1,3,1,2,4,2,6,3,5
109,193,21037,302,436272061,-2,7,-3053904426,417548356,5980,6755,6457,7055,193,1,1,1,1,4,4,6,6,1
109,193,21037,302,436272061,-1,3,-1308816182,417548356,5980,6755,6457,7055,193,1,1,1,1,4,4,6,6,5
109,193,21037,302,436272061,0,1,-436272060,417548356,5980,6755,6457,7055,193,1,1,1,1,4,4,6,6,0
109,193,21037,302,436272061,1,1,-436272060,417548356,5980,6755,6457,7055,193,1,1,1,1,4,4,6,6,0
109,193,21037,302,436272061,2,3,-1308816182,417548356,5980,6755,6457,7055,193,1,1,1,1,4,4,6,6,5
109,193,21037,302,436272061,3,7,-3053904426,417548356,5980,6755,6457,7055,193,1,1,1,1,4,4,6,6,1
109,193,21037,302,436272061,5,21,-9161713280,417548356,5980,6755,6457,7055,193,1,1,1,1,4,4,6,6,1
109,193,21037,302,436272061,7,43,-18759698622,417548356,5980,6755,6457,7055,193,1,1,1,1,4,4,6,6,0
109,193,21037,302,436272061,11,111,-48426198770,417548356,5980,6755,6457,7055,193,1,1,1,1,4,4,6,6,2
109,197,21473,306,454590849,-2,7,-3182135942,435223044,8280,7439,7137,7743,1,61,3,1,2,4,1,6,1,1
109,197,21473,306,454590849,-1,3,-1363772546,435223044,8280,7439,7137,7743,1,61,3,1,2,4,1,6,1,4
109,197,21473,306,454590849,0,1,-454590848,435223044,8280,7439,7137,7743,1,61,3,1,2,4,1,6,1,2
109,197,21473,306,454590849,1,1,-454590848,435223044,8280,7439,7137,7743,1,61,3,1,2,4,1,6,1,2
109,197,21473,306,454590849,2,3,-1363772546,435223044,8280,7439,7137,7743,1,61,3,1,2,4,1,6,1,4
109,197,21473,306,454590849,3,7,-3182135942,435223044,8280,7439,7137,7743,1,61,3,1,2,4,1,6,1,1
109,197,21473,306,454590849,5,21,-9546407828,435223044,8280,7439,7137,7743,1,61,3,1,2,4,1,6,1,1
109,197,21473,306,454590849,7,43,-19547406506,435223044,8280,7439,7137,7743,1,61,3,1,2,4,1,6,1,2
109,197,21473,306,454590849,11,111,-50459584238,435223044,8280,7439,7137,7743,1,61,3,1,2,4,1,6,1,0
109,199,21691,308,463891519,-2,7,-3247240632,444197776,9478,7793,7489,8099,1,1,1,1,1,4,3,6,0,1
109,199,21691,308,463891519,-1,3,-1391674556,444197776,9478,7793,7489,8099,1,1,1,1,1,4,3,6,0,1
109,199,21691,308,463891519,0,1,-463891518,444197776,9478,7793,7489,8099,1,1,1,1,1,4,3,6,0,1
109,199,21691,308,463891519,1,1,-463891518,444197776,9478,7793,7489,8099,1,1,1,1,1,4,3,6,0,1
109,199,21691,308,463891519,2,3,-1391674556,444197776,9478,7793,7489,8099,1,1,1,1,1,4,3,6,0,1
109,199,21691,308,463891519,3,7,-3247240632,444197776,9478,7793,7489,8099,1,1,1,1,1,4,3,6,0,1
109,199,21691,308,463891519,5,21,-9741721898,444197776,9478,7793,7489,8099,1,1,1,1,1,4,3,6,0,1
109,199,21691,308,463891519,7,43,-19947335316,444197776,9478,7793,7489,8099,1,1,1,1,1,4,3,6,0,1
109,199,21691,308,463891519,11,111,-51491958608,444197776,9478,7793,7489,8099,1,1,1,1,1,4,3,6,0,1
113,127,14351,240,202549971,-2,7,-1417849796,192432384,14176,14308,14071,195,1,1,39,2,1,1,1,1,1,1
113,127,14351,240,202549971,-1,3,-607649912,192432384,14176,14308,14071,195,1,1,39,2,1,1,1,1,1,5
113,127,14351,240,202549971,0,1,-202549970,192432384,14176,14308,14071,195,1,1,39,2,1,1,1,1,1,0
113,127,14351,240,202549971,1,1,-202549970,192432384,14176,14308,14071,195,1,1,39,2,1,1,1,1,1,0
113,127,14351,240,202549971,2,3,-607649912,192432384,14176,14308,14071,195,1,1,39,2,1,1,1,1,1,5
113,127,14351,240,202549971,3,7,-1417849796,192432384,14176,14308,14071,195,1,1,39,2,1,1,1,1,1,1
113,127,14351,240,202549971,5,21,-4253549390,192432384,14176,14308,14071,195,1,1,39,2,1,1,1,1,1,1
113,127,14351,240,202549971,7,43,-8709648752,192432384,14176,14308,14071,195,1,1,39,2,1,1,1,1,1,0
113,127,14351,240,202549971,11,111,-22483046780,192432384,14176,14308,14071,195,1,1,39,2,1,1,1,1,1,2
113,131,14803,244,215561367,-2,7,-1508929568,204947856,321,81,14643,323,1,3,1,2,2,1,5,1,0,1
113,131,14803,244,215561367,-1,3,-646684100,204947856,321,81,14643,323,1,3,1,2,2,1,5,1,0,1
113,131,14803,244,215561367,0,1,-215561366,204947856,321,81,14643,323,1,3,1,2,2,1,5,1,0,1
113,131,14803,244,215561367,1,1,-215561366,204947856,321,81,14643,323,1,3,1,2,2,1,5,1,0,1
113,131,14803,244,215561367,2,3,-646684100,204947856,321,81,14643,323,1,3,1,2,2,1,5,1,0,1
113,131,14803,244,215561367,3,7,-1508929568,204947856,321,81,14643,323,1,3,1,2,2,1,5,1,0,1
113,131,14803,244,215561367,5,21,-4526788706,204947856,321,81,14643,323,1,3,1,2,2,1,5,1,0,1
113,131,14803,244,215561367,7,43,-9269138780,204947856,321,81,14643,323,1,3,1,2,2,1,5,1,0,1
113,131,14803,244,215561367,11,111,-23927311736,204947856,321,81,14643,323,1,3,1,2,2,1,5,1,0,1
113,137,15481,250,235837881,-2,7,-1650865166,224460324,1305,327,81,575,1,9,1,2,2,1,4,1,6,1
113,137,15481,250,235837881,-1,3,-707513642,224460324,1305,327,81,575,1,9,1,2,2,1,4,1,6,4
113,137,15481,250,235837881,0,1,-235837880,224460324,1305,327,81,575,1,9,1,2,2,1,4,1,6,2
113,137,15481,250,235837881,1,1,-235837880,224460324,1305,327,81,575,1,9,1,2,2,1,4,1,6,2
113,137,15481,250,235837881,2,3,-707513642,224460324,1305,327,81,575,1,9,1,2,2,1,4,1,6,4
113,137,15481,250,235837881,3,7,-1650865166,224460324,1305,327,81,575,1,9,1,2,2,1,4,1,6,1
113,137,15481,250,235837881,5,21,-4952595500,224460324,1305,327,81,575,1,9,1,2,2,1,4,1,6,1
113,137,15481,250,235837881,7,43,-10141028882,224460324,1305,327,81,575,1,9,1,2,2,1,4,1,6,2
113,137,15481,250,235837881,11,111,-26178004790,224460324,1305,327,81,575,1,9,1,2,2,1,4,1,6,0
113,139,15707,252,242799231,-2,7,-1699594616,231161616,1697,425,177,675,1,1,3,2,1,1,6,1,3,1
113,139,15707,252,242799231,-1,3,-728397692,231161616,1697,425,177,675,1,1,3,2,1,1,6,1,3,6
113,139,15707,252,242799231,0,1,-242799230,231161616,1697,425,177,675,1,1,3,2,1,1,6,1,3,5
113,139,15707,252,242799231,1,1,-242799230,231161616,1697,425,177,675,1,1,3,2,1,1,6,1,3,5
113,139,15707,252,242799231,2,3,-728397692,231161616,1697,425,177,675,1,1,3,2,1,1,6,1,3,6
113,139,15707,252,242799231,3,7,-1699594616,231161616,1697,425,177,675,1,1,3,2,1,1,6,1,3,1
113,139,15707,252,242799231,5,21,-5098783850,231161616,1697,425,177,675,1,1,3,2,1,1,6,1,3,1
113,139,15707,252,242799231,7,43,-10440366932,231161616,1697,425,177,675,1,1,3,2,1,1,6,1,3,5
113,139,15707,252,242799231,11,111,-26950714640,231161616,1697,425,177,675,1,1,3,2,1,1,6,1,3,4
113,149,16837,262,279124821,-2,7,-1953873746,266146596,4137,1035,777,1295,1,3,1,2,2,1,2,1,3,1
113,149,16837,262,279124821,-1,3,-837374462,266146596,4137,1035,777,1295,1,3,1,2,2,1,2,1,3,6
113,149,16837,262,279124821,0,1,-279124820,266146596,4137,1035,777,1295,1,3,1,2,2,1,2,1,3,5
113,149,16837,262,279124821,1,1,-279124820,266146596,4137,1035,777,1295,1,3,1,2,2,1,2,1,3,5
113,149,16837,262,279124821,2,3,-837374462,266146596,4137,1035,777,1295,1,3,1,2,2,1,2,1,3,6
113,149,16837,262,279124821,3,7,-1953873746,266146596,4137,1035,777,1295,1,3,1,2,2,1,2,1,3,1
113,149,16837,262,279124821,5,21,-5861621240,266146596,4137,1035,777,1295,1,3,1,2,2,1,2,1,3,1
113,149,16837,262,279124821,7,43,-12002367302,266146596,4137,1035,777,1295,1,3,1,2,2,1,2,1,3,5
113,149,16837,262,279124821,11,111,-30982855130,266146596,4137,1035,777,1295,1,3,1,2,2,1,2,1,3,4
113,151,17063,264,286693707,-2,7,-2006855948,273439296,4721,1181,921,1443,1,1,3,2,1,1,4,1,6,1
113,151,17063,264,286693707,-1,3,-860081120,273439296,4721,1181,921,1443,1,1,3,2,1,1,4,1,6,4
113,151,17063,264,286693707,0,1,-286693706,273439296,4721,1181,921,1443,1,1,3,2,1,1,4,1,6,2
113,151,17063,264,286693707,1,1,-286693706,273439296,4721,1181,921,1443,1,1,3,2,1,1,4,1,6,2
113,151,17063,264,286693707,2,3,-860081120,273439296,4721,1181,921,1443,1,1,3,2,1,1,4,1,6,4
113,151,17063,264,286693707,3,7,-2006855948,273439296,4721,1181,921,1443,1,1,3,2,1,1,4,1,6,1
113,151,17063,264,286693707,5,21,-6020567846,273439296,4721,1181,921,1443,1,1,3,2,1,1,4,1,6,1
113,151,17063,264,286693707,7,43,-12327829400,273439296,4721,1181,921,1443,1,1,3,2,1,1,4,1,6,2
113,151,17063,264,286693707,11,111,-31823001476,273439296,4721,1181,921,1443,1,1,3,2,1,1,4,1,6,0
113,157,17741,270,310007901,-2,7,-2170055306,295908804,6665,1667,1401,1935,1,1,3,2,1,1,3,1,0,1
113,157,17741,270,310007901,-1,3,-930023702,295908804,6665,1667,1401,1935,1,1,3,2,1,1,3,1,0,1
113,157,17741,270,310007901,0,1,-310007900,295908804,6665,1667,1401,1935,1,1,3,2,1,1,3,1,0,1
113,157,17741,270,310007901,1,1,-310007900,295908804,6665,1667,1401,1935,1,1,3,2,1,1,3,1,0,1
113,157,17741,270,310007901,2,3,-930023702,295908804,6665,1667,1401,1935,1,1,3,2,1,1,3,1,0,1
113,157,17741,270,310007901,3,7,-2170055306,295908804,6665,1667,1401,1935,1,1,3,2,1,1,3,1,0,1
113,157,17741,270,310007901,5,21,-6510165920,295908804,6665,1667,1401,1935,1,1,3,2,1,1,3,1,0,1
113,157,17741,270,310007901,7,43,-13330339742,295908804,6665,1667,1401,1935,1,1,3,2,1,1,3,1,0,1
113,157,17741,270,310007901,11,111,-34410877010,295908804,6665,1667,1401,1935,1,1,3,2,1,1,3,1,0,1
113,163,18419,276,334233399,-2,7,-2339633792,319265424,8897,2225,1953,2499,1,1,3,2,1,1,2,1,3,1
113,163,18419,276,334233399,-1,3,-1002700196,319265424,8897,2225,1953,2499,1,1,3,2,1,1,2,1,3,6
113,163,18419,276,334233399,0,1,-334233398,319265424,8897,2225,1953,2499,1,1,3,2,1,1,2,1,3,5
113,163,18419,276,334233399,1,1,-334233398,319265424,8897,2225,1953,2499,1,1,3,2,1,1,2,1,3,5
113,163,18419,276,334233399,2,3,-1002700196,319265424,8897,2225,1953,2499,1,1,3,2,1,1,2,1,3,6
113,163,18419,276,334233399,3,7,-2339633792,319265424,8897,2225,1953,2499,1,1,3,2,1,1,2,1,3,1
113,163,18419,276,334233399,5,21,-7018901378,319265424,8897,2225,1953,2499,1,1,3,2,1,1,2,1,3,1
113,163,18419,276,334233399,7,43,-14372036156,319265424,8897,2225,1953,2499,1,1,3,2,1,1,2,1,3,5
113,163,18419,276,334233399,11,111,-37099907288,319265424,8897,2225,1953,2499,1,1,3,2,1,1,2,1,3,4
113,167,18871,280,350890011,-2,7,-2456230076,335329344,10545,2637,2361,2915,1,3,1,2,2,1,6,1,3,1
113,167,18871,280,350890011,-1,3,-1052670032,335329344,10545,2637,2361,2915,1,3,1,2,2,1,6,1,3,6
113,167,18871,280,350890011,0,1,-350890010,335329344,10545,2637,2361,2915,1,3,1,2,2,1,6,1,3,5
113,167,18871,280,350890011,1,1,-350890010,335329344,10545,2637,2361,2915,1,3,1,2,2,1,6,1,3,5
113,167,18871,280,350890011,2,3,-1052670032,335329344,10545,2637,2361,2915,1,3,1,2,2,1,6,1,3,6
113,167,18871,280,350890011,3,7,-2456230076,335329344,10545,2637,2361,2915,1,3,1,2,2,1,6,1,3,1
113,167,18871,280,350890011,5,21,-7368690230,335329344,10545,2637,2361,2915,1,3,1,2,2,1,6,1,3,1
113,167,18871,280,350890011,7,43,-15088270472,335329344,10545,2637,2361,2915,1,3,1,2,2,1,6,1,3,5
113,167,18871,280,350890011,11,111,-38948791220,335329344,10545,2637,2361,2915,1,3,1,2,2,1,6,1,3,4
113,173,19549,286,376634349,-2,7,-2636440442,360164484,13257,3315,3033,3599,1,9,1,2,2,1,5,1,0,1
113,173,19549,286,376634349,-1,3,-1129903046,360164484,13257,3315,3033,3599,1,9,1,2,2,1,5,1,0,1
113,173,19549,286,376634349,0,1,-376634348,360164484,13257,3315,3033,3599,1,9,1,2,2,1,5,1,0,1
113,173,19549,286,376634349,1,1,-376634348,360164484,13257,3315,3033,3599,1,9,1,2,2,1,5,1,0,1
113,173,19549,286,376634349,2,3,-1129903046,360164484,13257,3315,3033,3599,1,9,1,2,2,1,5,1,0,1
113,173,19549,286,376634349,3,7,-2636440442,360164484,13257,3315,3033,3599,1,9,1,2,2,1,5,1,0,1
113,173,19549,286,376634349,5,21,-7909321328,360164484,13257,3315,3033,3599,1,9,1,2,2,1,5,1,0,1
113,173,19549,286,376634349,7,43,-16195277006,360164484,13257,3315,3033,3599,1,9,1,2,2,1,5,1,0,1
113,173,19549,286,376634349,11,111,-41806412738,360164484,13257,3315,3033,3599,1,9,1,2,2,1,5,1,0,1
113,179,20227,292,403289991,-2,7,-2823029936,385886736,16257,4065,3777,4355,1,3,13,2,2,1,4,1,6,1
113,179,20227,292,403289991,-1,3,-1209869972,385886736,16257,4065,3777,4355,1,3,13,2,2,1,4,1,6,4
113,179,20227,292,403289991,0,1,-403289990,385886736,16257,4065,3777,4355,1,3,13,2,2,1,4,1,6,2
113,179,20227,292,403289991,1,1,-403289990,385886736,16257,4065,3777,4355,1,3,13,2,2,1,4,1,6,2
113,179,20227,292,403289991,2,3,-1209869972,385886736,16257,4065,3777,4355,1,3,13,2,2,1,4,1,6,4
113,179,20227,292,403289991,3,7,-2823029936,385886736,16257,4065,3777,4355,1,3,13,2,2,1,4,1,6,1
113,179,20227,292,403289991,5,21,-8469089810,385886736,16257,4065,3777,4355,1,3,13,2,2,1,4,1,6,1
113,179,20227,292,403289991,7,43,-17341469612,385886736,16257,4065,3777,4355,1,3,13,2,2,1,4,1,6,2
113,179,20227,292,403289991,11,111,-44765189000,385886736,16257,4065,3777,4355,1,3,13,2,2,1,4,1,6,0
113,181,20453,294,412377717,-2,7,-2886644018,394657956,17321,4331,4041,4623,1,1,3,2,1,1,6,1,3,1
113,181,20453,294,412377717,-1,3,-1237133150,394657956,17321,4331,4041,4623,1,1,3,2,1,1,6,1,3,6
113,181,20453,294,412377717,0,1,-412377716,394657956,17321,4331,4041,4623,1,1,3,2,1,1,6,1,3,5
113,181,20453,294,412377717,1,1,-412377716,394657956,17321,4331,4041,4623,1,1,3,2,1,1,6,1,3,5
113,181,20453,294,412377717,2,3,-1237133150,394657956,17321,4331,4041,4623,1,1,3,2,1,1,6,1,3,6
113,181,20453,294,412377717,3,7,-2886644018,394657956,17321,4331,4041,4623,1,1,3,2,1,1,6,1,3,1
113,181,20453,294,412377717,5,21,-8659932056,394657956,17321,4331,4041,4623,1,1,3,2,1,1,6,1,3,1
113,181,20453,294,412377717,7,43,-17732241830,394657956,17321,4331,4041,4623,1,1,3,2,1,1,6,1,3,5
113,181,20453,294,412377717,11,111,-45773926586,394657956,17321,4331,4041,4623,1,1,3,2,1,1,6,1,3,4
113,191,21583,304,459335187,-2,7,-3215346308,439992576,1538,5781,5481,6083,1,9,1,2,2,1,2,1,3,1
113,191,21583,304,459335187,-1,3,-1378005560,439992576,1538,5781,5481,6083,1,9,1,2,2,1,2,1,3,6
113,191,21583,304,459335187,0,1,-459335186,439992576,1538,5781,5481,6083,1,9,1,2,2,1,2,1,3,5
113,191,21583,304,459335187,1,1,-459335186,439992576,1538,5781,5481,6083,1,9,1,2,2,1,2,1,3,5
113,191,21583,304,459335187,2,3,-1378005560,439992576,1538,5781,5481,6083,1,9,1,2,2,1,2,1,3,6
113,191,21583,304,459335187,3,7,-3215346308,439992576,1538,5781,5481,6083,1,9,1,2,2,1,2,1,3,1
113,191,21583,304,459335187,5,21,-9646038926,439992576,1538,5781,5481,6083,1,9,1,2,2,1,2,1,3,1
113,191,21583,304,459335187,7,43,-19751413040,439992576,1538,5781,5481,6083,1,9,1,2,2,1,2,1,3,5
113,191,21583,304,459335187,11,111,-50986205756,439992576,1538,5781,5481,6083,1,9,1,2,2,1,2,1,3,4
113,193,21809,306,469030449,-2,7,-3283213142,449355204,2568,6095,5793,6399,1,1,3,2,1,1,4,1,6,1
113,193,21809,306,469030449,-1,3,-1407091346,449355204,2568,6095,5793,6399,1,1,3,2,1,1,4,1,6,4
113,193,21809,306,469030449,0,1,-469030448,449355204,2568,6095,5793,6399,1,1,3,2,1,1,4,1,6,2
113,193,21809,306,469030449,1,1,-469030448,449355204,2568,6095,5793,6399,1,1,3,2,1,1,4,1,6,2
113,193,21809,306,469030449,2,3,-1407091346,449355204,2568,6095,5793,6399,1,1,3,2,1,1,4,1,6,4
113,193,21809,306,469030449,3,7,-3283213142,449355204,2568,6095,5793,6399,1,1,3,2,1,1,4,1,6,1
113,193,21809,306,469030449,5,21,-9849639428,449355204,2568,6095,5793,6399,1,1,3,2,1,1,4,1,6,1
113,193,21809,306,469030449,7,43,-20168309306,449355204,2568,6095,5793,6399,1,1,3,2,1,1,4,1,6,2
113,193,21809,306,469030449,11,111,-52062379838,449355204,2568,6095,5793,6399,1,1,3,2,1,1,4,1,6,0
113,197,22261,310,488724741,-2,7,-3421073186,468376164,4724,6747,6441,7055,1,3,1,2,2,1,1,1,1,1
113,197,22261,310,488724741,-1,3,-1466174222,468376164,4724,6747,6441,7055,1,3,1,2,2,1,1,1,1,5
113,197,22261,310,488724741,0,1,-488724740,468376164,4724,6747,6441,7055,1,3,1,2,2,1,1,1,1,0
113,197,22261,310,488724741,1,1,-488724740,468376164,4724,6747,6441,7055,1,3,1,2,2,1,1,1,1,0
113,197,22261,310,488724741,2,3,-1466174222,468376164,4724,6747,6441,7055,1,3,1,2,2,1,1,1,1,5
113,197,22261,310,488724741,3,7,-3421073186,468376164,4724,6747,6441,7055,1,3,1,2,2,1,1,1,1,1
113,197,22261,310,488724741,5,21,-10263219560,468376164,4724,6747,6441,7055,1,3,1,2,2,1,1,1,1,1
113,197,22261,310,488724741,7,43,-21015163862,468376164,4724,6747,6441,7055,1,3,1,2,2,1,1,1,1,0
113,197,22261,310,488724741,11,111,-54248446250,468376164,4724,6747,6441,7055,1,3,1,2,2,1,1,1,1,2
113,199,22487,312,498723771,-2,7,-3491066396,478034496,5850,7085,6777,7395,1,1,3,2,1,1,3,1,0,1
113,199,22487,312,498723771,-1,3,-1496171312,478034496,5850,7085,6777,7395,1,1,3,2,1,1,3,1,0,1
113,199,22487,312,498723771,0,1,-498723770,478034496,5850,7085,6777,7395,1,1,3,2,1,1,3,1,0,1
113,199,22487,312,498723771,1,1,-498723770,478034496,5850,7085,6777,7395,1,1,3,2,1,1,3,1,0,1
113,199,22487,312,498723771,2,3,-1496171312,478034496,5850,7085,6777,7395,1,1,3,2,1,1,3,1,0,1
113,199,22487,312,498723771,3,7,-3491066396,478034496,5850,7085,6777,7395,1,1,3,2,1,1,3,1,0,1
113,199,22487,312,498723771,5,21,-10473199190,478034496,5850,7085,6777,7395,1,1,3,2,1,1,3,1,0,1
113,199,22487,312,498723771,7,43,-21445122152,478034496,5850,7085,6777,7395,1,1,3,2,1,1,3,1,0,1
113,199,22487,312,498723771,11,111,-55358338580,478034496,5850,7085,6777,7395,1,1,3,2,1,1,3,1,0,1
127,131,16637,258,272547093,-2,7,-1907829650,259918884,15670,16396,16141,15,1,1,3,1,2,1,5,1,0,1
127,131,16637,258,272547093,-1,3,-817641278,259918884,15670,16396,16141,15,1,1,3,1,2,1,5,1,0,1
127,131,16637,258,272547093,0,1,-272547092,259918884,15670,16396,16141,15,1,1,3,1,2,1,5,1,0,1
127,131,16637,258,272547093,1,1,-272547092,259918884,15670,16396,16141,15,1,1,3,1,2,1,5,1,0,1
127,131,16637,258,272547093,2,3,-817641278,259918884,15670,16396,16141,15,1,1,3,1,2,1,5,1,0,1
127,131,16637,258,272547093,3,7,-1907829650,259918884,15670,16396,16141,15,1,1,3,1,2,1,5,1,0,1
127,131,16637,258,272547093,5,21,-5723488952,259918884,15670,16396,16141,15,1,1,3,1,2,1,5,1,0,1
127,131,16637,258,272547093,7,43,-11719524998,259918884,15670,16396,16141,15,1,1,3,1,2,1,5,1,0,1
127,131,16637,258,272547093,11,111,-30252727322,259918884,15670,16396,16141,15,1,1,3,1,2,1,5,1,0,1
127,137,17399,264,298183899,-2,7,-2087287292,284664384,16744,17236,16975,99,1,1,3,1,2,1,4,1,6,1
127,137,17399,264,298183899,-1,3,-894551696,284664384,16744,17236,16975,99,1,1,3,1,2,1,4,1,6,4
127,137,17399,264,298183899,0,1,-298183898,284664384,16744,17236,16975,99,1,1,3,1,2,1,4,1,6,2
127,137,17399,264,298183899,1,1,-298183898,284664384,16744,17236,16975,99,1,1,3,1,2,1,4,1,6,2
127,137,17399,264,298183899,2,3,-894551696,284664384,16744,17236,16975,99,1,1,3,1,2,1,4,1,6,4
127,137,17399,264,298183899,3,7,-2087287292,284664384,16744,17236,16975,99,1,1,3,1,2,1,4,1,6,1
127,137,17399,264,298183899,5,21,-6261861878,284664384,16744,17236,16975,99,1,1,3,1,2,1,4,1,6,1
127,137,17399,264,298183899,7,43,-12821907656,284664384,16744,17236,16975,99,1,1,3,1,2,1,4,1,6,2
127,137,17399,264,298183899,11,111,-33098412788,284664384,16744,17236,16975,99,1,1,3,1,2,1,4,1,6,0
127,139,17653,266,306985549,-2,7,-2148898842,293162884,17166,17532,17269,143,1,1,13,1,1,1,6,1,3,1
127,139,17653,266,306985549,-1,3,-920956646,293162884,17166,17532,17269,143,1,1,13,1,1,1,6,1,3,6
127,139,17653,266,306985549,0,1,-306985548,293162884,17166,17532,17269,143,1,1,13,1,1,1,6,1,3,5
127,139,17653,266,306985549,1,1,-306985548,293162884,17166,17532,17269,143,1,1,13,1,1,1,6,1,3,5
127,139,17653,266,306985549,2,3,-920956646,293162884,17166,17532,17269,143,1,1,13,1,1,1,6,1,3,6
127,139,17653,266,306985549,3,7,-2148898842,293162884,17166,17532,17269,143,1,1,13,1,1,1,6,1,3,1
127,139,17653,266,306985549,5,21,-6446696528,293162884,17166,17532,17269,143,1,1,13,1,1,1,6,1,3,1
127,139,17653,266,306985549,7,43,-13200378606,293162884,17166,17532,17269,143,1,1,13,1,1,1,6,1,3,5
127,139,17653,266,306985549,11,111,-34075395938,293162884,17166,17532,17269,143,1,1,13,1,1,1,6,1,3,4
127,149,18923,276,352914159,-2,7,-2470399112,337530384,833,209,18859,483,1,1,3,1,2,1,2,1,3,1
127,149,18923,276,352914159,-1,3,-1058742476,337530384,833,209,18859,483,1,1,3,1,2,1,2,1,3,6
127,149,18923,276,352914159,0,1,-352914158,337530384,833,209,18859,483,1,1,3,1,2,1,2,1,3,5
127,149,18923,276,352914159,1,1,-352914158,337530384,833,209,18859,483,1,1,3,1,2,1,2,1,3,5
127,149,18923,276,352914159,2,3,-1058742476,337530384,833,209,18859,483,1,1,3,1,2,1,2,1,3,6
127,149,18923,276,352914159,3,7,-2470399112,337530384,833,209,18859,483,1,1,3,1,2,1,2,1,3,1
127,149,18923,276,352914159,5,21,-7411197338,337530384,833,209,18859,483,1,1,3,1,2,1,2,1,3,1
127,149,18923,276,352914159,7,43,-15175308836,337530384,833,209,18859,483,1,1,3,1,2,1,2,1,3,5
127,149,18923,276,352914159,11,111,-39173471648,337530384,833,209,18859,483,1,1,3,1,2,1,2,1,3,4
127,151,19177,278,362483953,-2,7,-2537387670,346778884,1193,299,25,575,1,1,1,1,1,1,4,1,6,1
127,151,19177,278,362483953,-1,3,-1087451858,346778884,1193,299,25,575,1,1,1,1,1,1,4,1,6,4
127,151,19177,278,362483953,0,1,-362483952,346778884,1193,299,25,575,1,1,1,1,1,1,4,1,6,2
127,151,19177,278,362483953,1,1,-362483952,346778884,1193,299,25,575,1,1,1,1,1,1,4,1,6,2
127,151,19177,278,362483953,2,3,-1087451858,346778884,1193,299,25,575,1,1,1,1,1,1,4,1,6,4
127,151,19177,278,362483953,3,7,-2537387670,346778884,1193,299,25,575,1,1,1,1,1,1,4,1,6,1
127,151,19177,278,362483953,5,21,-7612163012,346778884,1193,299,25,575,1,1,1,1,1,1,4,1,6,1
127,151,19177,278,362483953,7,43,-15586809978,346778884,1193,299,25,575,1,1,1,1,1,1,4,1,6,2
127,151,19177,278,362483953,11,111,-40235718782,346778884,1193,299,25,575,1,1,1,1,1,1,4,1,6,0
127,157,19939,284,391961479,-2,7,-2743730352,375274384,2465,617,337,899,1,1,1,1,1,1,3,1,0,1
127,157,19939,284,391961479,-1,3,-1175884436,375274384,2465,617,337,899,1,1,1,1,1,1,3,1,0,1
127,157,19939,284,391961479,0,1,-391961478,375274384,2465,617,337,899,1,1,1,1,1,1,3,1,0,1
127,157,19939,284,391961479,1,1,-391961478,375274384,2465,617,337,899,1,1,1,1,1,1,3,1,0,1
127,157,19939,284,391961479,2,3,-1175884436,375274384,2465,617,337,899,1,1,1,1,1,1,3,1,0,1
127,157,19939,284,391961479,3,7,-2743730352,375274384,2465,617,337,899,1,1,1,1,1,1,3,1,0,1
127,157,19939,284,391961479,5,21,-8231191058,375274384,2465,617,337,899,1,1,1,1,1,1,3,1,0,1
127,157,19939,284,391961479,7,43,-16854343596,375274384,2465,617,337,899,1,1,1,1,1,1,3,1,0,1
127,157,19939,284,391961479,11,111,-43507724168,375274384,2465,617,337,899,1,1,1,1,1,1,3,1,0,1
127,163,20701,290,422591221,-2,7,-2958138546,404894884,4025,1007,721,1295,1,1,1,1,1,1,2,1,3,1
127,163,20701,290,422591221,-1,3,-1267773662,404894884,4025,1007,721,1295,1,1,1,1,1,1,2,1,3,6
127,163,20701,290,422591221,0,1,-422591220,404894884,4025,1007,721,1295,1,1,1,1,1,1,2,1,3,5
127,163,20701,290,422591221,1,1,-422591220,404894884,4025,1007,721,1295,1,1,1,1,1,1,2,1,3,5
127,163,20701,290,422591221,2,3,-1267773662,404894884,4025,1007,721,1295,1,1,1,1,1,1,2,1,3,6
127,163,20701,290,422591221,3,7,-2958138546,404894884,4025,1007,721,1295,1,1,1,1,1,1,2,1,3,1
127,163,20701,290,422591221,5,21,-8874415640,404894884,4025,1007,721,1295,1,1,1,1,1,1,2,1,3,1
127,163,20701,290,422591221,7,43,-18171422502,404894884,4025,1007,721,1295,1,1,1,1,1,1,2,1,3,5
127,163,20701,290,422591221,11,111,-46907625530,404894884,4025,1007,721,1295,1,1,1,1,1,1,2,1,3,4
127,167,21209,294,443651169,-2,7,-3105558182,425266884,5225,1307,1017,1599,1,1,3,1,2,1,6,1,3,1
127,167,21209,294,443651169,-1,3,-1330953506,425266884,5225,1307,1017,1599,1,1,3,1,2,1,6,1,3,6
127,167,21209,294,443651169,0,1,-443651168,425266884,5225,1307,1017,1599,1,1,3,1,2,1,6,1,3,5
127,167,21209,294,443651169,1,1,-443651168,425266884,5225,1307,1017,1599,1,1,3,1,2,1,6,1,3,5
127,167,21209,294,443651169,2,3,-1330953506,425266884,5225,1307,1017,1599,1,1,3,1,2,1,6,1,3,6
127,167,21209,294,443651169,3,7,-3105558182,425266884,5225,1307,1017,1599,1,1,3,1,2,1,6,1,3,1
127,167,21209,294,443651169,5,21,-9316674548,425266884,5225,1307,1017,1599,1,1,3,1,2,1,6,1,3,1
127,167,21209,294,443651169,7,43,-19077000266,425266884,5225,1307,1017,1599,1,1,3,1,2,1,6,1,3,5
127,167,21209,294,443651169,11,111,-49245279758,425266884,5225,1307,1017,1599,1,1,3,1,2,1,6,1,3,4
127,173,21971,300,476201271,-2,7,-3333408896,456762384,7265,1817,1521,2115,1,169,3,1,2,1,5,1,0,1
127,173,21971,300,476201271,-1,3,-1428603812,456762384,7265,1817,1521,2115,1,169,3,1,2,1,5,1,0,1
127,173,21971,300,476201271,0,1,-476201270,456762384,7265,1817,1521,2115,1,169,3,1,2,1,5,1,0,1
127,173,21971,300,476201271,1,1,-476201270,456762384,7265,1817,1521,2115,1,169,3,1,2,1,5,1,0,1
127,173,21971,300,476201271,2,3,-1428603812,456762384,7265,1817,1521,2115,1,169,3,1,2,1,5,1,0,1
127,173,21971,300,476201271,3,7,-3333408896,456762384,7265,1817,1521,2115,1,169,3,1,2,1,5,1,0,1
127,173,21971,300,476201271,5,21,-10000226690,456762384,7265,1817,1521,2115,1,169,3,1,2,1,5,1,0,1
127,173,21971,300,476201271,7,43,-20476654652,456762384,7265,1817,1521,2115,1,169,3,1,2,1,5,1,0,1
127,173,21971,300,476201271,11,111,-52858341080,456762384,7265,1817,1521,2115,1,169,3,1,2,1,5,1,0,1
127,179,22733,306,509903589,-2,7,-3569325122,489382884,9593,2399,2097,2703,1,1,3,1,2,1,4,1,6,1
127,179,22733,306,509903589,-1,3,-1529710766,489382884,9593,2399,2097,2703,1,1,3,1,2,1,4,1,6,4
127,179,22733,306,509903589,0,1,-509903588,489382884,9593,2399,2097,2703,1,1,3,1,2,1,4,1,6,2
127,179,22733,306,509903589,1,1,-509903588,489382884,9593,2399,2097,2703,1,1,3,1,2,1,4,1,6,2
127,179,22733,306,509903589,2,3,-1529710766,489382884,9593,2399,2097,2703,1,1,3,1,2,1,4,1,6,4
127,179,22733,306,509903589,3,7,-3569325122,489382884,9593,2399,2097,2703,1,1,3,1,2,1,4,1,6,1
127,179,22733,306,509903589,5,21,-10707975368,489382884,9593,2399,2097,2703,1,1,3,1,2,1,4,1,6,1
127,179,22733,306,509903589,7,43,-21925854326,489382884,9593,2399,2097,2703,1,1,3,1,2,1,4,1,6,2
127,179,22733,306,509903589,11,111,-56599298378,489382884,9593,2399,2097,2703,1,1,3,1,2,1,4,1,6,0
127,181,22987,308,521393743,-2,7,-3649756200,500506384,10433,2609,2305,2915,1,1,1,1,1,1,6,1,3,1
127,181,22987,308,521393743,-1,3,-1564181228,500506384,10433,2609,2305,2915,1,1,1,1,1,1,6,1,3,6
127,181,22987,308,521393743,0,1,-521393742,500506384,10433,2609,2305,2915,1,1,1,1,1,1,6,1,3,5
127,181,22987,308,521393743,1,1,-521393742,500506384,10433,2609,2305,2915,1,1,1,1,1,1,6,1,3,5
127,181,22987,308,521393743,2,3,-1564181228,500506384,10433,2609,2305,2915,1,1,1,1,1,1,6,1,3,6
127,181,22987,308,521393743,3,7,-3649756200,500506384,10433,2609,2305,2915,1,1,1,1,1,1,6,1,3,1
127,181,22987,308,521393743,5,21,-10949268602,500506384,10433,2609,2305,2915,1,1,1,1,1,1,6,1,3,1
127,181,22987,308,521393743,7,43,-22419930948,500506384,10433,2609,2305,2915,1,1,1,1,1,1,6,1,3,5
127,181,22987,308,521393743,11,111,-57874705472,500506384,10433,2609,2305,2915,1,1,1,1,1,1,6,1,3,4
127,191,24257,318,580764873,-2,7,-4065354110,557998884,15113,3779,3465,4095,1,1,39,1,2,1,2,1,3,1
127,191,24257,318,580764873,-1,3,-1742294618,557998884,15113,3779,3465,4095,1,1,39,1,2,1,2,1,3,6
127,191,24257,318,580764873,0,1,-580764872,557998884,15113,3779,3465,4095,1,1,39,1,2,1,2,1,3,5
127,191,24257,318,580764873,1,1,-580764872,557998884,15113,3779,3465,4095,1,1,39,1,2,1,2,1,3,5
127,191,24257,318,580764873,2,3,-1742294618,557998884,15113,3779,3465,4095,1,1,39,1,2,1,2,1,3,6
127,191,24257,318,580764873,3,7,-4065354110,557998884,15113,3779,3465,4095,1,1,39,1,2,1,2,1,3,1
127,191,24257,318,580764873,5,21,-12196062332,557998884,15113,3779,3465,4095,1,1,39,1,2,1,2,1,3,1
127,191,24257,318,580764873,7,43,-24972889538,557998884,15113,3779,3465,4095,1,1,39,1,2,1,2,1,3,5
127,191,24257,318,580764873,11,111,-64464900902,557998884,15113,3779,3465,4095,1,1,39,1,2,1,2,1,3,4
127,193,24511,320,593023171,-2,7,-4151162196,569872384,16145,4037,3721,4355,1,1,1,1,1,1,4,1,6,1
127,193,24511,320,593023171,-1,3,-1779069512,569872384,16145,4037,3721,4355,1,1,1,1,1,1,4,1,6,4
127,193,24511,320,593023171,0,1,-593023170,569872384,16145,4037,3721,4355,1,1,1,1,1,1,4,1,6,2
127,193,24511,320,593023171,1,1,-593023170,569872384,16145,4037,3721,4355,1,1,1,1,1,1,4,1,6,2
127,193,24511,320,593023171,2,3,-1779069512,569872384,16145,4037,3721,4355,1,1,1,1,1,1,4,1,6,4
127,193,24511,320,593023171,3,7,-4151162196,569872384,16145,4037,3721,4355,1,1,1,1,1,1,4,1,6,1
127,193,24511,320,593023171,5,21,-12453486590,569872384,16145,4037,3721,4355,1,1,1,1,1,1,4,1,6,1
127,193,24511,320,593023171,7,43,-25499996352,569872384,16145,4037,3721,4355,1,1,1,1,1,1,4,1,6,2
127,193,24511,320,593023171,11,111,-65825571980,569872384,16145,4037,3721,4355,1,1,1,1,1,1,4,1,6,0
127,197,25019,324,617923839,-2,7,-4325466872,593994384,18305,4577,4257,4899,1,1,3,1,2,1,1,1,1,1
127,197,25019,324,617923839,-1,3,-1853771516,593994384,18305,4577,4257,4899,1,1,3,1,2,1,1,1,1,5
127,197,25019,324,617923839,0,1,-617923838,593994384,18305,4577,4257,4899,1,1,3,1,2,1,1,1,1,0
127,197,25019,324,617923839,1,1,-617923838,593994384,18305,4577,4257,4899,1,1,3,1,2,1,1,1,1,0
127,197,25019,324,617923839,2,3,-1853771516,593994384,18305,4577,4257,4899,1,1,3,1,2,1,1,1,1,5
127,197,25019,324,617923839,3,7,-4325466872,593994384,18305,4577,4257,4899,1,1,3,1,2,1,1,1,1,1
127,197,25019,324,617923839,5,21,-12976400618,593994384,18305,4577,4257,4899,1,1,3,1,2,1,1,1,1,1
127,197,25019,324,617923839,7,43,-26570725076,593994384,18305,4577,4257,4899,1,1,3,1,2,1,1,1,1,0
127,197,25019,324,617923839,11,111,-68589546128,593994384,18305,4577,4257,4899,1,1,3,1,2,1,1,1,1,2
127,199,25273,326,630566209,-2,7,-4413963462,606242884,19433,4859,4537,5183,1,13,1,1,1,1,3,1,0,1
127,199,25273,326,630566209,-1,3,-1891698626,606242884,19433,4859,4537,5183,1,13,1,1,1,1,3,1,0,1
127,199,25273,326,630566209,0,1,-630566208,606242884,19433,4859,4537,5183,1,13,1,1,1,1,3,1,0,1
127,199,25273,326,630566209,1,1,-630566208,606242884,19433,4859,4537,5183,1,13,1,1,1,1,3,1,0,1
127,199,25273,326,630566209,2,3,-1891698626,606242884,19433,4859,4537,5183,1,13,1,1,1,1,3,1,0,1
127,199,25273,326,630566209,3,7,-4413963462,606242884,19433,4859,4537,5183,1,13,1,1,1,1,3,1,0,1
127,199,25273,326,630566209,5,21,-13241890388,606242884,19433,4859,4537,5183,1,13,1,1,1,1,3,1,0,1
127,199,25273,326,630566209,7,43,-27114346986,606242884,19433,4859,4537,5183,1,13,1,1,1,1,3,1,0,1
127,199,25273,326,630566209,11,111,-69992849198,606242884,19433,4859,4537,5183,1,13,1,1,1,1,3,1,0,1
131,137,17947,268,317338623,-2,7,-2221370360,303177744,17020,17716,17451,35,1,9,7,2,2,5,4,0,6,1
131,137,17947,268,317338623,-1,3,-952015868,303177744,17020,17716,17451,35,1,9,7,2,2,5,4,0,6,1
131,137,17947,268,317338623,0,1,-317338622,303177744,17020,17716,17451,35,1,9,7,2,2,5,4,0,6,1
131,137,17947,268,317338623,1,1,-317338622,303177744,17020,17716,17451,35,1,9,7,2,2,5,4,0,6,1
131,137,17947,268,317338623,2,3,-952015868,303177744,17020,17716,17451,35,1,9,7,2,2,5,4,0,6,1
131,137,17947,268,317338623,3,7,-2221370360,303177744,17020,17716,17451,35,1,9,7,2,2,5,4,0,6,1
131,137,17947,268,317338623,5,21,-6664111082,303177744,17020,17716,17451,35,1,9,7,2,2,5,4,0,6,1
131,137,17947,268,317338623,7,43,-13645560788,303177744,17020,17716,17451,35,1,9,7,2,2,5,4,0,6,1
131,137,17947,268,317338623,11,111,-35224587152,303177744,17020,17716,17451,35,1,9,7,2,2,5,4,0,6,1
131,139,18209,270,326705673,-2,7,-2286939710,312228900,17386,18004,17737,63,1,1,3,2,1,5,6,0,3,1
131,139,18209,270,326705673,-1,3,-980117018,312228900,17386,18004,17737,63,1,1,3,2,1,5,6,0,3,1
131,139,18209,270,326705673,0,1,-326705672,312228900,17386,18004,17737,63,1,1,3,2,1,5,6,0,3,1
131,139,18209,270,326705673,1,1,-326705672,312228900,17386,18004,17737,63,1,1,3,2,1,5,6,0,3,1
131,139,18209,270,326705673,2,3,-980117018,312228900,17386,18004,17737,63,1,1,3,2,1,5,6,0,3,1
131,139,18209,270,326705673,3,7,-2286939710,312228900,17386,18004,17737,63,1,1,3,2,1,5,6,0,3,1
131,139,18209,270,326705673,5,21,-6860819132,312228900,17386,18004,17737,63,1,1,3,2,1,5,6,0,3,1
131,139,18209,270,326705673,7,43,-14048343938,312228900,17386,18004,17737,63,1,1,3,2,1,5,6,0,3,1
131,139,18209,270,326705673,11,111,-36264329702,312228900,17386,18004,17737,63,1,1,3,2,1,5,6,0,3,1
131,149,19519,280,375584643,-2,7,-2629092500,359481600,177,45,19287,323,1,3,1,2,2,5,2,0,3,1
131,149,19519,280,375584643,-1,3,-1126753928,359481600,177,45,19287,323,1,3,1,2,2,5,2,0,3,1
131,149,19519,280,375584643,0,1,-375584642,359481600,177,45,19287,323,1,3,1,2,2,5,2,0,3,1
131,149,19519,280,375584643,1,1,-375584642,359481600,177,45,19287,323,1,3,1,2,2,5,2,0,3,1
131,149,19519,280,375584643,2,3,-1126753928,359481600,177,45,19287,323,1,3,1,2,2,5,2,0,3,1
131,149,19519,280,375584643,3,7,-2629092500,359481600,177,45,19287,323,1,3,1,2,2,5,2,0,3,1
131,149,19519,280,375584643,5,21,-7887277502,359481600,177,45,19287,323,1,3,1,2,2,5,2,0,3,1
131,149,19519,280,375584643,7,43,-16150139648,359481600,177,45,19287,323,1,3,1,2,2,5,2,0,3,1
131,149,19519,280,375584643,11,111,-41689895372,359481600,177,45,19287,323,1,3,1,2,2,5,2,0,3,1
131,151,19781,282,385769181,-2,7,-2700384266,369331524,473,119,19621,399,1,1,21,2,1,5,4,0,6,1
131,151,19781,282,385769181,-1,3,-1157307542,369331524,473,119,19621,399,1,1,21,2,1,5,4,0,6,1
131,151,19781,282,385769181,0,1,-385769180,369331524,473,119,19621,399,1,1,21,2,1,5,4,0,6,1
131,151,19781,282,385769181,1,1,-385769180,369331524,473,119,19621,399,1,1,21,2,1,5,4,0,6,1
131,151,19781,282,385769181,2,3,-1157307542,369331524,473,119,19621,399,1,1,21,2,1,5,4,0,6,1
131,151,19781,282,385769181,3,7,-2700384266,369331524,473,119,19621,399,1,1,21,2,1,5,4,0,6,1
131,151,19781,282,385769181,5,21,-8101152800,369331524,473,119,19621,399,1,1,21,2,1,5,4,0,6,1
131,151,19781,282,385769181,7,43,-16588074782,369331524,473,119,19621,399,1,1,21,2,1,5,4,0,6,1
131,151,19781,282,385769181,11,111,-42820379090,369331524,473,119,19621,399,1,1,21,2,1,5,4,0,6,1
131,157,20567,288,417140283,-2,7,-2919981980,399680064,1553,389,105,675,1,7,3,2,1,5,3,0,0,1
131,157,20567,288,417140283,-1,3,-1251420848,399680064,1553,389,105,675,1,7,3,2,1,5,3,0,0,1
131,157,20567,288,417140283,0,1,-417140282,399680064,1553,389,105,675,1,7,3,2,1,5,3,0,0,1
131,157,20567,288,417140283,1,1,-417140282,399680064,1553,389,105,675,1,7,3,2,1,5,3,0,0,1
131,157,20567,288,417140283,2,3,-1251420848,399680064,1553,389,105,675,1,7,3,2,1,5,3,0,0,1
131,157,20567,288,417140283,3,7,-2919981980,399680064,1553,389,105,675,1,7,3,2,1,5,3,0,0,1
131,157,20567,288,417140283,5,21,-8759945942,399680064,1553,389,105,675,1,7,3,2,1,5,3,0,0,1
131,157,20567,288,417140283,7,43,-17937032168,399680064,1553,389,105,675,1,7,3,2,1,5,3,0,0,1
131,157,20567,288,417140283,11,111,-46302571412,399680064,1553,389,105,675,1,7,3,2,1,5,3,0,0,1
131,163,21353,294,449737617,-2,7,-3148163318,431226756,2921,731,441,1023,1,1,3,2,1,5,2,0,3,1
131,163,21353,294,449737617,-1,3,-1349212850,431226756,2921,731,441,1023,1,1,3,2,1,5,2,0,3,1
131,163,21353,294,449737617,0,1,-449737616,431226756,2921,731,441,1023,1,1,3,2,1,5,2,0,3,1
131,163,21353,294,449737617,1,1,-449737616,431226756,2921,731,441,1023,1,1,3,2,1,5,2,0,3,1
131,163,21353,294,449737617,2,3,-1349212850,431226756,2921,731,441,1023,1,1,3,2,1,5,2,0,3,1
131,163,21353,294,449737617,3,7,-3148163318,431226756,2921,731,441,1023,1,1,3,2,1,5,2,0,3,1
131,163,21353,294,449737617,5,21,-9444489956,431226756,2921,731,441,1023,1,1,3,2,1,5,2,0,3,1
131,163,21353,294,449737617,7,43,-19338717530,431226756,2921,731,441,1023,1,1,3,2,1,5,2,0,3,1
131,163,21353,294,449737617,11,111,-49920875486,431226756,2921,731,441,1023,1,1,3,2,1,5,2,0,3,1
131,167,21877,298,472150413,-2,7,-3305052890,452923524,3993,999,705,1295,1,3,1,2,2,5,6,0,3,1
131,167,21877,298,472150413,-1,3,-1416451238,452923524,3993,999,705,1295,1,3,1,2,2,5,6,0,3,1
131,167,21877,298,472150413,0,1,-472150412,452923524,3993,999,705,1295,1,3,1,2,2,5,6,0,3,1
131,167,21877,298,472150413,1,1,-472150412,452923524,3993,999,705,1295,1,3,1,2,2,5,6,0,3,1
131,167,21877,298,472150413,2,3,-1416451238,452923524,3993,999,705,1295,1,3,1,2,2,5,6,0,3,1
131,167,21877,298,472150413,3,7,-3305052890,452923524,3993,999,705,1295,1,3,1,2,2,5,6,0,3,1
131,167,21877,298,472150413,5,21,-9915158672,452923524,3993,999,705,1295,1,3,1,2,2,5,6,0,3,1
131,167,21877,298,472150413,7,43,-20302467758,452923524,3993,999,705,1295,1,3,1,2,2,5,6,0,3,1
131,167,21877,298,472150413,11,111,-52408695842,452923524,3993,999,705,1295,1,3,1,2,2,5,6,0,3,1
131,173,22663,304,506791467,-2,7,-3547540268,486467136,5841,1461,1161,1763,1,9,1,2,2,5,5,0,0,1
131,173,22663,304,506791467,-1,3,-1520374400,486467136,5841,1461,1161,1763,1,9,1,2,2,5,5,0,0,1
131,173,22663,304,506791467,0,1,-506791466,486467136,5841,1461,1161,1763,1,9,1,2,2,5,5,0,0,1
131,173,22663,304,506791467,1,1,-506791466,486467136,5841,1461,1161,1763,1,9,1,2,2,5,5,0,0,1
131,173,22663,304,506791467,2,3,-1520374400,486467136,5841,1461,1161,1763,1,9,1,2,2,5,5,0,0,1
131,173,22663,304,506791467,3,7,-3547540268,486467136,5841,1461,1161,1763,1,9,1,2,2,5,5,0,0,1
131,173,22663,304,506791467,5,21,-10642620806,486467136,5841,1461,1161,1763,1,9,1,2,2,5,5,0,0,1
131,173,22663,304,506791467,7,43,-21792033080,486467136,5841,1461,1161,1763,1,9,1,2,2,5,5,0,0,1
131,173,22663,304,506791467,11,111,-56253852836,486467136,5841,1461,1161,1763,1,9,1,2,2,5,5,0,0,1
131,179,23449,310,542658753,-2,7,-3798611270,521208900,7977,1995,1689,2303,1,3,7,2,2,5,4,0,6,1
131,179,23449,310,542658753,-1,3,-1627976258,521208900,7977,1995,1689,2303,1,3,7,2,2,5,4,0,6,1
131,179,23449,310,542658753,0,1,-542658752,521208900,7977,1995,1689,2303,1,3,7,2,2,5,4,0,6,1
131,179,23449,310,542658753,1,1,-542658752,521208900,7977,1995,1689,2303,1,3,7,2,2,5,4,0,6,1
131,179,23449,310,542658753,2,3,-1627976258,521208900,7977,1995,1689,2303,1,3,7,2,2,5,4,0,6,1
131,179,23449,310,542658753,3,7,-3798611270,521208900,7977,1995,1689,2303,1,3,7,2,2,5,4,0,6,1
131,179,23449,310,542658753,5,21,-11395833812,521208900,7977,1995,1689,2303,1,3,7,2,2,5,4,0,6,1
131,179,23449,310,542658753,7,43,-23334326378,521208900,7977,1995,1689,2303,1,3,7,2,2,5,4,0,6,1
131,179,23449,310,542658753,11,111,-60235121582,521208900,7977,1995,1689,2303,1,3,7,2,2,5,4,0,6,1
131,181,23711,312,554887011,-2,7,-3884209076,533055744,8753,2189,1881,2499,1,1,3,2,1,5,6,0,3,1
131,181,23711,312,554887011,-1,3,-1664661032,533055744,8753,2189,1881,2499,1,1,3,2,1,5,6,0,3,1
131,181,23711,312,554887011,0,1,-554887010,533055744,8753,2189,1881,2499,1,1,3,2,1,5,6,0,3,1
131,181,23711,312,554887011,1,1,-554887010,533055744,8753,2189,1881,2499,1,1,3,2,1,5,6,0,3,1
131,181,23711,312,554887011,2,3,-1664661032,533055744,8753,2189,1881,2499,1,1,3,2,1,5,6,0,3,1
131,181,23711,312,554887011,3,7,-3884209076,533055744,8753,2189,1881,2499,1,1,3,2,1,5,6,0,3,1
131,181,23711,312,554887011,5,21,-11652627230,533055744,8753,2189,1881,2499,1,1,3,2,1,5,6,0,3,1
131,181,23711,312,554887011,7,43,-23860141472,533055744,8753,2189,1881,2499,1,1,3,2,1,5,6,0,3,1
131,181,23711,312,554887011,11,111,-61592458220,533055744,8753,2189,1881,2499,1,1,3,2,1,5,6,0,3,1
131,191,25021,322,618072021,-2,7,-4326504146,594286884,13113,3279,2961,3599,1,9,1,2,2,5,2,0,3,1
131,191,25021,322,618072021,-1,3,-1854216062,594286884,13113,3279,2961,3599,1,9,1,2,2,5,2,0,3,1
131,191,25021,322,618072021,0,1,-618072020,594286884,13113,3279,2961,3599,1,9,1,2,2,5,2,0,3,1
131,191,25021,322,618072021,1,1,-618072020,594286884,13113,3279,2961,3599,1,9,1,2,2,5,2,0,3,1
131,191,25021,322,618072021,2,3,-1854216062,594286884,13113,3279,2961,3599,1,9,1,2,2,5,2,0,3,1
131,191,25021,322,618072021,3,7,-4326504146,594286884,13113,3279,2961,3599,1,9,1,2,2,5,2,0,3,1
131,191,25021,322,618072021,5,21,-12979512440,594286884,13113,3279,2961,3599,1,9,1,2,2,5,2,0,3,1
131,191,25021,322,618072021,7,43,-26577096902,594286884,13113,3279,2961,3599,1,9,1,2,2,5,2,0,3,1
131,191,25021,322,618072021,11,111,-68605994330,594286884,13113,3279,2961,3599,1,9,1,2,2,5,2,0,3,1
131,193,25283,324,631117767,-2,7,-4417824368,606932496,14081,3521,3201,3843,1,1,21,2,1,5,4,0,6,1
131,193,25283,324,631117767,-1,3,-1893353300,606932496,14081,3521,3201,3843,1,1,21,2,1,5,4,0,6,1
131,193,25283,324,631117767,0,1,-631117766,606932496,14081,3521,3201,3843,1,1,21,2,1,5,4,0,6,1
131,193,25283,324,631117767,1,1,-631117766,606932496,14081,3521,3201,3843,1,1,21,2,1,5,4,0,6,1
131,193,25283,324,631117767,2,3,-1893353300,606932496,14081,3521,3201,3843,1,1,21,2,1,5,4,0,6,1
131,193,25283,324,631117767,3,7,-4417824368,606932496,14081,3521,3201,3843,1,1,21,2,1,5,4,0,6,1
131,193,25283,324,631117767,5,21,-13253473106,606932496,14081,3521,3201,3843,1,1,21,2,1,5,4,0,6,1
131,193,25283,324,631117767,7,43,-27138063980,606932496,14081,3521,3201,3843,1,1,21,2,1,5,4,0,6,1
131,193,25283,324,631117767,11,111,-70054072136,606932496,14081,3521,3201,3843,1,1,21,2,1,5,4,0,6,1
131,197,25807,328,657618003,-2,7,-4603326020,632623104,16113,4029,3705,4355,1,3,1,2,2,5,1,0,1,1
131,197,25807,328,657618003,-1,3,-1972854008,632623104,16113,4029,3705,4355,1,3,1,2,2,5,1,0,1,1
131,197,25807,328,657618003,0,1,-657618002,632623104,16113,4029,3705,4355,1,3,1,2,2,5,1,0,1,1
131,197,25807,328,657618003,1,1,-657618002,632623104,16113,4029,3705,4355,1,3,1,2,2,5,1,0,1,1
131,197,25807,328,657618003,2,3,-1972854008,632623104,16113,4029,3705,4355,1,3,1,2,2,5,1,0,1,1
131,197,25807,328,657618003,3,7,-4603326020,632623104,16113,4029,3705,4355,1,3,1,2,2,5,1,0,1,1
131,197,25807,328,657618003,5,21,-13809978062,632623104,16113,4029,3705,4355,1,3,1,2,2,5,1,0,1,1
131,197,25807,328,657618003,7,43,-28277574128,632623104,16113,4029,3705,4355,1,3,1,2,2,5,1,0,1,1
131,197,25807,328,657618003,11,111,-72995598332,632623104,16113,4029,3705,4355,1,3,1,2,2,5,1,0,1,1
131,199,26069,330,671072493,-2,7,-4697507450,645668100,17177,4295,3969,4623,1,49,3,2,1,5,3,0,0,1
131,199,26069,330,671072493,-1,3,-2013217478,645668100,17177,4295,3969,4623,1,49,3,2,1,5,3,0,0,1
131,199,26069,330,671072493,0,1,-671072492,645668100,17177,4295,3969,4623,1,49,3,2,1,5,3,0,0,1
131,199,26069,330,671072493,1,1,-671072492,645668100,17177,4295,3969,4623,1,49,3,2,1,5,3,0,0,1
131,199,26069,330,671072493,2,3,-2013217478,645668100,17177,4295,3969,4623,1,49,3,2,1,5,3,0,0,1
131,199,26069,330,671072493,3,7,-4697507450,645668100,17177,4295,3969,4623,1,49,3,2,1,5,3,0,0,1
131,199,26069,330,671072493,5,21,-14092522352,645668100,17177,4295,3969,4623,1,49,3,2,1,5,3,0,0,1
131,199,26069,330,671072493,7,43,-28856117198,645668100,17177,4295,3969,4623,1,49,3,2,1,5,3,0,0,1
131,199,26069,330,671072493,11,111,-74489046722,645668100,17177,4295,3969,4623,1,49,3,2,1,5,3,0,0,1
137,139,19043,276,357436839,-2,7,-2502057872,341954064,17956,18772,18499,3,1,1,3,2,1,4,6,6,3,1
137,139,19043,276,357436839,-1,3,-1072310516,341954064,17956,18772,18499,3,1,1,3,2,1,4,6,6,3,3
137,139,19043,276,357436839,0,1,-357436838,341954064,17956,18772,18499,3,1,1,3,2,1,4,6,6,3,4
137,139,19043,276,357436839,1,1,-357436838,341954064,17956,18772,18499,3,1,1,3,2,1,4,6,6,3,4
137,139,19043,276,357436839,2,3,-1072310516,341954064,17956,18772,18499,3,1,1,3,2,1,4,6,6,3,3
137,139,19043,276,357436839,3,7,-2502057872,341954064,17956,18772,18499,3,1,1,3,2,1,4,6,6,3,1
137,139,19043,276,357436839,5,21,-7506173618,341954064,17956,18772,18499,3,1,1,3,2,1,4,6,6,3,1
137,139,19043,276,357436839,7,43,-15369784076,341954064,17956,18772,18499,3,1,1,3,2,1,4,6,6,3,4
137,139,19043,276,357436839,11,111,-39675489128,341954064,17956,18772,18499,3,1,1,3,2,1,4,6,6,3,5
137,149,20413,286,410913549,-2,7,-2876394842,393704964,19846,20272,19989,143,1,9,1,2,2,4,2,6,3,1
137,149,20413,286,410913549,-1,3,-1232740646,393704964,19846,20272,19989,143,1,9,1,2,2,4,2,6,3,3
137,149,20413,286,410913549,0,1,-410913548,393704964,19846,20272,19989,143,1,9,1,2,2,4,2,6,3,4
137,149,20413,286,410913549,1,1,-410913548,393704964,19846,20272,19989,143,1,9,1,2,2,4,2,6,3,4
137,149,20413,286,410913549,2,3,-1232740646,393704964,19846,20272,19989,143,1,9,1,2,2,4,2,6,3,3
137,149,20413,286,410913549,3,7,-2876394842,393704964,19846,20272,19989,143,1,9,1,2,2,4,2,6,3,1
137,149,20413,286,410913549,5,21,-8629184528,393704964,19846,20272,19989,143,1,9,1,2,2,4,2,6,3,1
137,149,20413,286,410913549,7,43,-17669282606,393704964,19846,20272,19989,143,1,9,1,2,2,4,2,6,3,4
137,149,20413,286,410913549,11,111,-45611403938,393704964,19846,20272,19989,143,1,9,1,2,2,4,2,6,3,5
137,151,20687,288,422056083,-2,7,-2954392580,404492544,20320,20596,20311,195,1,1,3,2,1,4,4,6,6,1
137,151,20687,288,422056083,-1,3,-1266168248,404492544,20320,20596,20311,195,1,1,3,2,1,4,4,6,6,5
137,151,20687,288,422056083,0,1,-422056082,404492544,20320,20596,20311,195,1,1,3,2,1,4,4,6,6,0
137,151,20687,288,422056083,1,1,-422056082,404492544,20320,20596,20311,195,1,1,3,2,1,4,4,6,6,0
137,151,20687,288,422056083,2,3,-1266168248,404492544,20320,20596,20311,195,1,1,3,2,1,4,4,6,6,5
137,151,20687,288,422056083,3,7,-2954392580,404492544,20320,20596,20311,195,1,1,3,2,1,4,4,6,6,1
137,151,20687,288,422056083,5,21,-8863177742,404492544,20320,20596,20311,195,1,1,3,2,1,4,4,6,6,1
137,151,20687,288,422056083,7,43,-18148411568,404492544,20320,20596,20311,195,1,1,3,2,1,4,4,6,6,0
137,151,20687,288,422056083,11,111,-46848225212,404492544,20320,20596,20311,195,1,1,3,2,1,4,4,6,6,2
137,157,21509,294,456378069,-2,7,-3194646482,437730084,425,107,21325,399,1,1,3,2,1,4,3,6,0,1
137,157,21509,294,456378069,-1,3,-1369134206,437730084,425,107,21325,399,1,1,3,2,1,4,3,6,0,1
137,157,21509,294,456378069,0,1,-456378068,437730084,425,107,21325,399,1,1,3,2,1,4,3,6,0,1
137,157,21509,294,456378069,1,1,-456378068,437730084,425,107,21325,399,1,1,3,2,1,4,3,6,0,1
137,157,21509,294,456378069,2,3,-1369134206,437730084,425,107,21325,399,1,1,3,2,1,4,3,6,0,1
137,157,21509,294,456378069,3,7,-3194646482,437730084,425,107,21325,399,1,1,3,2,1,4,3,6,0,1
137,157,21509,294,456378069,5,21,-9583939448,437730084,425,107,21325,399,1,1,3,2,1,4,3,6,0,1
137,157,21509,294,456378069,7,43,-19624256966,437730084,425,107,21325,399,1,1,3,2,1,4,3,6,0,1
137,157,21509,294,456378069,11,111,-50657965658,437730084,425,107,21325,399,1,1,3,2,1,4,3,6,0,1
137,163,22331,300,492041631,-2,7,-3444291416,472279824,1505,377,81,675,1,1,3,2,1,4,2,6,3,1
137,163,22331,300,492041631,-1,3,-1476124892,472279824,1505,377,81,675,1,1,3,2,1,4,2,6,3,3
137,163,22331,300,492041631,0,1,-492041630,472279824,1505,377,81,675,1,1,3,2,1,4,2,6,3,4
137,163,22331,300,492041631,1,1,-492041630,472279824,1505,377,81,675,1,1,3,2,1,4,2,6,3,4
137,163,22331,300,492041631,2,3,-1476124892,472279824,1505,377,81,675,1,1,3,2,1,4,2,6,3,3
137,163,22331,300,492041631,3,7,-3444291416,472279824,1505,377,81,675,1,1,3,2,1,4,2,6,3,1
137,163,22331,300,492041631,5,21,-10332874250,472279824,1505,377,81,675,1,1,3,2,1,4,2,6,3,1
137,163,22331,300,492041631,7,43,-21157790132,472279824,1505,377,81,675,1,1,3,2,1,4,2,6,3,4
137,163,22331,300,492041631,11,111,-54616621040,472279824,1505,377,81,675,1,1,3,2,1,4,2,6,3,5
137,167,22879,304,516562659,-2,7,-3615938612,496041984,2385,597,297,899,1,9,1,2,2,4,6,6,3,1
137,167,22879,304,516562659,-1,3,-1549687976,496041984,2385,597,297,899,1,9,1,2,2,4,6,6,3,3
137,167,22879,304,516562659,0,1,-516562658,496041984,2385,597,297,899,1,9,1,2,2,4,6,6,3,4
137,167,22879,304,516562659,1,1,-516562658,496041984,2385,597,297,899,1,9,1,2,2,4,6,6,3,4
137,167,22879,304,516562659,2,3,-1549687976,496041984,2385,597,297,899,1,9,1,2,2,4,6,6,3,3
137,167,22879,304,516562659,3,7,-3615938612,496041984,2385,597,297,899,1,9,1,2,2,4,6,6,3,1
137,167,22879,304,516562659,5,21,-10847815838,496041984,2385,597,297,899,1,9,1,2,2,4,6,6,3,1
137,167,22879,304,516562659,7,43,-22212194336,496041984,2385,597,297,899,1,9,1,2,2,4,6,6,3,4
137,167,22879,304,516562659,11,111,-57338455148,496041984,2385,597,297,899,1,9,1,2,2,4,6,6,3,5
137,173,23701,310,554462181,-2,7,-3881235266,532778724,3945,987,681,1295,1,3,7,2,2,4,5,6,0,1
137,173,23701,310,554462181,-1,3,-1663386542,532778724,3945,987,681,1295,1,3,7,2,2,4,5,6,0,1
137,173,23701,310,554462181,0,1,-554462180,532778724,3945,987,681,1295,1,3,7,2,2,4,5,6,0,1
137,173,23701,310,554462181,1,1,-554462180,532778724,3945,987,681,1295,1,3,7,2,2,4,5,6,0,1
137,173,23701,310,554462181,2,3,-1663386542,532778724,3945,987,681,1295,1,3,7,2,2,4,5,6,0,1
137,173,23701,310,554462181,3,7,-3881235266,532778724,3945,987,681,1295,1,3,7,2,2,4,5,6,0,1
137,173,23701,310,554462181,5,21,-11643705800,532778724,3945,987,681,1295,1,3,7,2,2,4,5,6,0,1
137,173,23701,310,554462181,7,43,-23841873782,532778724,3945,987,681,1295,1,3,7,2,2,4,5,6,0,1
137,173,23701,310,554462181,11,111,-61545302090,532778724,3945,987,681,1295,1,3,7,2,2,4,5,6,0,1
137,179,24523,316,593703279,-2,7,-4155922952,570827664,5793,1449,1137,1763,1,3,1,2,2,4,4,6,6,1
137,179,24523,316,593703279,-1,3,-1781109836,570827664,5793,1449,1137,1763,1,3,1,2,2,4,4,6,6,5
137,179,24523,316,593703279,0,1,-593703278,570827664,5793,1449,1137,1763,1,3,1,2,2,4,4,6,6,0
137,179,24523,316,593703279,1,1,-593703278,570827664,5793,1449,1137,1763,1,3,1,2,2,4,4,6,6,0
137,179,24523,316,593703279,2,3,-1781109836,570827664,5793,1449,1137,1763,1,3,1,2,2,4,4,6,6,5
137,179,24523,316,593703279,3,7,-4155922952,570827664,5793,1449,1137,1763,1,3,1,2,2,4,4,6,6,1
137,179,24523,316,593703279,5,21,-12467768858,570827664,5793,1449,1137,1763,1,3,1,2,2,4,4,6,6,1
137,179,24523,316,593703279,7,43,-25529240996,570827664,5793,1449,1137,1763,1,3,1,2,2,4,4,6,6,0
137,179,24523,316,593703279,11,111,-65901063968,570827664,5793,1449,1137,1763,1,3,1,2,2,4,4,6,6,2
137,181,24797,318,607081773,-2,7,-4249572410,583802244,6473,1619,1305,1935,1,1,3,2,1,4,6,6,3,1
137,181,24797,318,607081773,-1,3,-1821245318,583802244,6473,1619,1305,1935,1,1,3,2,1,4,6,6,3,3
137,181,24797,318,607081773,0,1,-607081772,583802244,6473,1619,1305,1935,1,1,3,2,1,4,6,6,3,4
137,181,24797,318,607081773,1,1,-607081772,583802244,6473,1619,1305,1935,1,1,3,2,1,4,6,6,3,4
137,181,24797,318,607081773,2,3,-1821245318,583802244,6473,1619,1305,1935,1,1,3,2,1,4,6,6,3,3
137,181,24797,318,607081773,3,7,-4249572410,583802244,6473,1619,1305,1935,1,1,3,2,1,4,6,6,3,1
137,181,24797,318,607081773,5,21,-12748717232,583802244,6473,1619,1305,1935,1,1,3,2,1,4,6,6,3,1
137,181,24797,318,607081773,7,43,-26104516238,583802244,6473,1619,1305,1935,1,1,3,2,1,4,6,6,3,4
137,181,24797,318,607081773,11,111,-67386076802,583802244,6473,1619,1305,1935,1,1,3,2,1,4,6,6,3,5
137,191,26167,328,676210203,-2,7,-4733471420,650862144,10353,2589,2265,2915,1,3,1,2,2,4,2,6,3,1
137,191,26167,328,676210203,-1,3,-2028630608,650862144,10353,2589,2265,2915,1,3,1,2,2,4,2,6,3,3
137,191,26167,328,676210203,0,1,-676210202,650862144,10353,2589,2265,2915,1,3,1,2,2,4,2,6,3,4
137,191,26167,328,676210203,1,1,-676210202,650862144,10353,2589,2265,2915,1,3,1,2,2,4,2,6,3,4
137,191,26167,328,676210203,2,3,-2028630608,650862144,10353,2589,2265,2915,1,3,1,2,2,4,2,6,3,3
137,191,26167,328,676210203,3,7,-4733471420,650862144,10353,2589,2265,2915,1,3,1,2,2,4,2,6,3,1
137,191,26167,328,676210203,5,21,-14200414262,650862144,10353,2589,2265,2915,1,3,1,2,2,4,2,6,3,1
137,191,26167,328,676210203,7,43,-29077038728,650862144,10353,2589,2265,2915,1,3,1,2,2,4,2,6,3,4
137,191,26167,328,676210203,11,111,-75059332532,650862144,10353,2589,2265,2915,1,3,1,2,2,4,2,6,3,5
137,193,26441,330,690483081,-2,7,-4833381566,664711524,11225,2807,2481,3135,1,1,3,2,1,4,4,6,6,1
137,193,26441,330,690483081,-1,3,-2071449242,664711524,11225,2807,2481,3135,1,1,3,2,1,4,4,6,6,5
137,193,26441,330,690483081,0,1,-690483080,664711524,11225,2807,2481,3135,1,1,3,2,1,4,4,6,6,0
137,193,26441,330,690483081,1,1,-690483080,664711524,11225,2807,2481,3135,1,1,3,2,1,4,4,6,6,0
137,193,26441,330,690483081,2,3,-2071449242,664711524,11225,2807,2481,3135,1,1,3,2,1,4,4,6,6,5
137,193,26441,330,690483081,3,7,-4833381566,664711524,11225,2807,2481,3135,1,1,3,2,1,4,4,6,6,1
137,193,26441,330,690483081,5,21,-14500144700,664711524,11225,2807,2481,3135,1,1,3,2,1,4,4,6,6,1
137,193,26441,330,690483081,7,43,-29690772482,664711524,11225,2807,2481,3135,1,1,3,2,1,4,4,6,6,0
137,193,26441,330,690483081,11,111,-76643621990,664711524,11225,2807,2481,3135,1,1,3,2,1,4,4,6,6,2
137,197,26989,334,719476029,-2,7,-5036332202,692847684,13065,3267,2937,3599,1,3,1,2,2,4,1,6,1,1
137,197,26989,334,719476029,-1,3,-2158428086,692847684,13065,3267,2937,3599,1,3,1,2,2,4,1,6,1,4
137,197,26989,334,719476029,0,1,-719476028,692847684,13065,3267,2937,3599,1,3,1,2,2,4,1,6,1,2
137,197,26989,334,719476029,1,1,-719476028,692847684,13065,3267,2937,3599,1,3,1,2,2,4,1,6,1,2
137,197,26989,334,719476029,2,3,-2158428086,692847684,13065,3267,2937,3599,1,3,1,2,2,4,1,6,1,4
137,197,26989,334,719476029,3,7,-5036332202,692847684,13065,3267,2937,3599,1,3,1,2,2,4,1,6,1,1
137,197,26989,334,719476029,5,21,-15108996608,692847684,13065,3267,2937,3599,1,3,1,2,2,4,1,6,1,1
137,197,26989,334,719476029,7,43,-30937469246,692847684,13065,3267,2937,3599,1,3,1,2,2,4,1,6,1,2
137,197,26989,334,719476029,11,111,-79861839218,692847684,13065,3267,2937,3599,1,3,1,2,2,4,1,6,1,0
137,199,27263,336,734196099,-2,7,-5139372692,707134464,14033,3509,3177,3843,1,1,3,2,1,4,3,6,0,1
137,199,27263,336,734196099,-1,3,-2202588296,707134464,14033,3509,3177,3843,1,1,3,2,1,4,3,6,0,1
137,199,27263,336,734196099,0,1,-734196098,707134464,14033,3509,3177,3843,1,1,3,2,1,4,3,6,0,1
137,199,27263,336,734196099,1,1,-734196098,707134464,14033,3509,3177,3843,1,1,3,2,1,4,3,6,0,1
137,199,27263,336,734196099,2,3,-2202588296,707134464,14033,3509,3177,3843,1,1,3,2,1,4,3,6,0,1
137,199,27263,336,734196099,3,7,-5139372692,707134464,14033,3509,3177,3843,1,1,3,2,1,4,3,6,0,1
137,199,27263,336,734196099,5,21,-15418118078,707134464,14033,3509,3177,3843,1,1,3,2,1,4,3,6,0,1
137,199,27263,336,734196099,7,43,-31570432256,707134464,14033,3509,3177,3843,1,1,3,2,1,4,3,6,0,1
137,199,27263,336,734196099,11,111,-81495766988,707134464,14033,3509,3177,3843,1,1,3,2,1,4,3,6,0,1
139,149,20711,288,423042699,-2,7,-2961298892,405458496,19960,20524,20239,99,1,1,3,1,2,6,2,3,3,1
139,149,20711,288,423042699,-1,3,-1269128096,405458496,19960,20524,20239,99,1,1,3,1,2,6,2,3,3,2
139,149,20711,288,423042699,0,1,-423042698,405458496,19960,20524,20239,99,1,1,3,1,2,6,2,3,3,6
139,149,20711,288,423042699,1,1,-423042698,405458496,19960,20524,20239,99,1,1,3,1,2,6,2,3,3,6
139,149,20711,288,423042699,2,3,-1269128096,405458496,19960,20524,20239,99,1,1,3,1,2,6,2,3,3,2
139,149,20711,288,423042699,3,7,-2961298892,405458496,19960,20524,20239,99,1,1,3,1,2,6,2,3,3,1
139,149,20711,288,423042699,5,21,-8883896678,405458496,19960,20524,20239,99,1,1,3,1,2,6,2,3,3,1
139,149,20711,288,423042699,7,43,-18190836056,405458496,19960,20524,20239,99,1,1,3,1,2,6,2,3,3,6
139,149,20711,288,423042699,11,111,-46957739588,405458496,19960,20524,20239,99,1,1,3,1,2,6,2,3,3,3
139,151,20989,290,434514133,-2,7,-3041598930,416568100,20406,20844,20557,143,1,1,1,1,1,6,4,3,6,1
139,151,20989,290,434514133,-1,3,-1303542398,416568100,20406,20844,20557,143,1,1,1,1,1,6,4,3,6,3
139,151,20989,290,434514133,0,1,-434514132,416568100,20406,20844,20557,143,1,1,1,1,1,6,4,3,6,4
139,151,20989,290,434514133,1,1,-434514132,416568100,20406,20844,20557,143,1,1,1,1,1,6,4,3,6,4
139,151,20989,290,434514133,2,3,-1303542398,416568100,20406,20844,20557,143,1,1,1,1,1,6,4,3,6,3
139,151,20989,290,434514133,3,7,-3041598930,416568100,20406,20844,20557,143,1,1,1,1,1,6,4,3,6,1
139,151,20989,290,434514133,5,21,-9124796792,416568100,20406,20844,20557,143,1,1,1,1,1,6,4,3,6,1
139,151,20989,290,434514133,7,43,-18684107718,416568100,20406,20844,20557,143,1,1,1,1,1,6,4,3,6,4
139,151,20989,290,434514133,11,111,-48231068762,416568100,20406,20844,20557,143,1,1,1,1,1,6,4,3,6,5
139,157,21823,296,469849219,-2,7,-3288944532,450797824,113,29,21559,323,1,1,1,1,1,6,3,3,0,1
139,157,21823,296,469849219,-1,3,-1409547656,450797824,113,29,21559,323,1,1,1,1,1,6,3,3,0,1
139,157,21823,296,469849219,0,1,-469849218,450797824,113,29,21559,323,1,1,1,1,1,6,3,3,0,1
139,157,21823,296,469849219,1,1,-469849218,450797824,113,29,21559,323,1,1,1,1,1,6,3,3,0,1
139,157,21823,296,469849219,2,3,-1409547656,450797824,113,29,21559,323,1,1,1,1,1,6,3,3,0,1
139,157,21823,296,469849219,3,7,-3288944532,450797824,113,29,21559,323,1,1,1,1,1,6,3,3,0,1
139,157,21823,296,469849219,5,21,-9866833598,450797824,113,29,21559,323,1,1,1,1,1,6,3,3,0,1
139,157,21823,296,469849219,7,43,-20203516416,450797824,113,29,21559,323,1,1,1,1,1,6,3,3,0,1
139,157,21823,296,469849219,11,111,-52153263308,450797824,113,29,21559,323,1,1,1,1,1,6,3,3,0,1
139,163,22657,302,506565481,-2,7,-3545958366,486378916,1097,275,22633,575,1,1,1,1,1,6,2,3,3,1
139,163,22657,302,506565481,-1,3,-1519696442,486378916,1097,275,22633,575,1,1,1,1,1,6,2,3,3,2
139,163,22657,302,506565481,0,1,-506565480,486378916,1097,275,22633,575,1,1,1,1,1,6,2,3,3,6
139,163,22657,302,506565481,1,1,-506565480,486378916,1097,275,22633,575,1,1,1,1,1,6,2,3,3,6
139,163,22657,302,506565481,2,3,-1519696442,486378916,1097,275,22633,575,1,1,1,1,1,6,2,3,3,2
139,163,22657,302,506565481,3,7,-3545958366,486378916,1097,275,22633,575,1,1,1,1,1,6,2,3,3,1
139,163,22657,302,506565481,5,21,-10637875100,486378916,1097,275,22633,575,1,1,1,1,1,6,2,3,3,1
139,163,22657,302,506565481,7,43,-21782315682,486378916,1097,275,22633,575,1,1,1,1,1,6,2,3,3,6
139,163,22657,302,506565481,11,111,-56228768390,486378916,1097,275,22633,575,1,1,1,1,1,6,2,3,3,3
139,167,23213,306,531810309,-2,7,-3722672162,510850404,1913,479,177,783,1,1,3,1,2,6,6,3,3,1
139,167,23213,306,531810309,-1,3,-1595430926,510850404,1913,479,177,783,1,1,3,1,2,6,6,3,3,2
139,167,23213,306,531810309,0,1,-531810308,510850404,1913,479,177,783,1,1,3,1,2,6,6,3,3,6
139,167,23213,306,531810309,1,1,-531810308,510850404,1913,479,177,783,1,1,3,1,2,6,6,3,3,6
139,167,23213,306,531810309,2,3,-1595430926,510850404,1913,479,177,783,1,1,3,1,2,6,6,3,3,2
139,167,23213,306,531810309,3,7,-3722672162,510850404,1913,479,177,783,1,1,3,1,2,6,6,3,3,1
139,167,23213,306,531810309,5,21,-11168016488,510850404,1913,479,177,783,1,1,3,1,2,6,6,3,3,1
139,167,23213,306,531810309,7,43,-22867843286,510850404,1913,479,177,783,1,1,3,1,2,6,6,3,3,6
139,167,23213,306,531810309,11,111,-59030944298,510850404,1913,479,177,783,1,1,3,1,2,6,6,3,3,3
139,173,24047,312,570828531,-2,7,-3995799716,548683776,3377,845,537,1155,1,1,3,1,2,6,5,3,0,1
139,173,24047,312,570828531,-1,3,-1712485592,548683776,3377,845,537,1155,1,1,3,1,2,6,5,3,0,1
139,173,24047,312,570828531,0,1,-570828530,548683776,3377,845,537,1155,1,1,3,1,2,6,5,3,0,1
139,173,24047,312,570828531,1,1,-570828530,548683776,3377,845,537,1155,1,1,3,1,2,6,5,3,0,1
139,173,24047,312,570828531,2,3,-1712485592,548683776,3377,845,537,1155,1,1,3,1,2,6,5,3,0,1
139,173,24047,312,570828531,3,7,-3995799716,548683776,3377,845,537,1155,1,1,3,1,2,6,5,3,0,1
139,173,24047,312,570828531,5,21,-11987399150,548683776,3377,845,537,1155,1,1,3,1,2,6,5,3,0,1
139,173,24047,312,570828531,7,43,-24545626832,548683776,3377,845,537,1155,1,1,3,1,2,6,5,3,0,1
139,173,24047,312,570828531,11,111,-63361966940,548683776,3377,845,537,1155,1,1,3,1,2,6,5,3,0,1
139,179,24881,318,611227929,-2,7,-4278595502,587868516,5129,1283,969,1599,1,1,39,1,2,6,4,3,6,1
139,179,24881,318,611227929,-1,3,-1833683786,587868516,5129,1283,969,1599,1,1,39,1,2,6,4,3,6,3
139,179,24881,318,611227929,0,1,-611227928,587868516,5129,1283,969,1599,1,1,39,1,2,6,4,3,6,4
139,179,24881,318,611227929,1,1,-611227928,587868516,5129,1283,969,1599,1,1,39,1,2,6,4,3,6,4
139,179,24881,318,611227929,2,3,-1833683786,587868516,5129,1283,969,1599,1,1,39,1,2,6,4,3,6,3
139,179,24881,318,611227929,3,7,-4278595502,587868516,5129,1283,969,1599,1,1,39,1,2,6,4,3,6,1
139,179,24881,318,611227929,5,21,-12835786508,587868516,5129,1283,969,1599,1,1,39,1,2,6,4,3,6,1
139,179,24881,318,611227929,7,43,-26282800946,587868516,5129,1283,969,1599,1,1,39,1,2,6,4,3,6,4
139,179,24881,318,611227929,11,111,-67846300118,587868516,5129,1283,969,1599,1,1,39,1,2,6,4,3,6,5
139,181,25159,320,625001323,-2,7,-4375009260,601230400,5777,1445,1129,1763,1,1,1,1,1,6,6,3,3,1
139,181,25159,320,625001323,-1,3,-1875003968,601230400,5777,1445,1129,1763,1,1,1,1,1,6,6,3,3,2
139,181,25159,320,625001323,0,1,-625001322,601230400,5777,1445,1129,1763,1,1,1,1,1,6,6,3,3,6
139,181,25159,320,625001323,1,1,-625001322,601230400,5777,1445,1129,1763,1,1,1,1,1,6,6,3,3,6
139,181,25159,320,625001323,2,3,-1875003968,601230400,5777,1445,1129,1763,1,1,1,1,1,6,6,3,3,2
139,181,25159,320,625001323,3,7,-4375009260,601230400,5777,1445,1129,1763,1,1,1,1,1,6,6,3,3,1
139,181,25159,320,625001323,5,21,-13125027782,601230400,5777,1445,1129,1763,1,1,1,1,1,6,6,3,3,1
139,181,25159,320,625001323,7,43,-26875056888,601230400,5777,1445,1129,1763,1,1,1,1,1,6,6,3,3,6
139,181,25159,320,625001323,11,111,-69375146852,601230400,5777,1445,1129,1763,1,1,1,1,1,6,6,3,3,3
139,191,26549,330,696170253,-2,7,-4873191770,670292100,9497,2375,2049,2703,1,1,3,1,2,6,2,3,3,1
139,191,26549,330,696170253,-1,3,-2088510758,670292100,9497,2375,2049,2703,1,1,3,1,2,6,2,3,3,2
139,191,26549,330,696170253,0,1,-696170252,670292100,9497,2375,2049,2703,1,1,3,1,2,6,2,3,3,6
139,191,26549,330,696170253,1,1,-696170252,670292100,9497,2375,2049,2703,1,1,3,1,2,6,2,3,3,6
139,191,26549,330,696170253,2,3,-2088510758,670292100,9497,2375,2049,2703,1,1,3,1,2,6,2,3,3,2
139,191,26549,330,696170253,3,7,-4873191770,670292100,9497,2375,2049,2703,1,1,3,1,2,6,2,3,3,1
139,191,26549,330,696170253,5,21,-14619575312,670292100,9497,2375,2049,2703,1,1,3,1,2,6,2,3,3,1
139,191,26549,330,696170253,7,43,-29935320878,670292100,9497,2375,2049,2703,1,1,3,1,2,6,2,3,3,6
139,191,26549,330,696170253,11,111,-77274898082,670292100,9497,2375,2049,2703,1,1,3,1,2,6,2,3,3,3
139,193,26827,332,710864431,-2,7,-4976051016,684554896,10337,2585,2257,2915,1,1,1,1,1,6,4,3,6,1
139,193,26827,332,710864431,-1,3,-2132593292,684554896,10337,2585,2257,2915,1,1,1,1,1,6,4,3,6,3
139,193,26827,332,710864431,0,1,-710864430,684554896,10337,2585,2257,2915,1,1,1,1,1,6,4,3,6,4
139,193,26827,332,710864431,1,1,-710864430,684554896,10337,2585,2257,2915,1,1,1,1,1,6,4,3,6,4
139,193,26827,332,710864431,2,3,-2132593292,684554896,10337,2585,2257,2915,1,1,1,1,1,6,4,3,6,3
139,193,26827,332,710864431,3,7,-4976051016,684554896,10337,2585,2257,2915,1,1,1,1,1,6,4,3,6,1
139,193,26827,332,710864431,5,21,-14928153050,684554896,10337,2585,2257,2915,1,1,1,1,1,6,4,3,6,1
139,193,26827,332,710864431,7,43,-30567170532,684554896,10337,2585,2257,2915,1,1,1,1,1,6,4,3,6,4
139,193,26827,332,710864431,11,111,-78905951840,684554896,10337,2585,2257,2915,1,1,1,1,1,6,4,3,6,5
139,197,27383,336,740713179,-2,7,-5184992252,713530944,12113,3029,2697,3363,1,1,3,1,2,6,1,3,1,1
139,197,27383,336,740713179,-1,3,-2222139536,713530944,12113,3029,2697,3363,1,1,3,1,2,6,1,3,1,6
139,197,27383,336,740713179,0,1,-740713178,713530944,12113,3029,2697,3363,1,1,3,1,2,6,1,3,1,5
139,197,27383,336,740713179,1,1,-740713178,713530944,12113,3029,2697,3363,1,1,3,1,2,6,1,3,1,5
139,197,27383,336,740713179,2,3,-2222139536,713530944,12113,3029,2697,3363,1,1,3,1,2,6,1,3,1,6
139,197,27383,336,740713179,3,7,-5184992252,713530944,12113,3029,2697,3363,1,1,3,1,2,6,1,3,1,1
139,197,27383,336,740713179,5,21,-15554976758,713530944,12113,3029,2697,3363,1,1,3,1,2,6,1,3,1,1
139,197,27383,336,740713179,7,43,-31850666696,713530944,12113,3029,2697,3363,1,1,3,1,2,6,1,3,1,5
139,197,27383,336,740713179,11,111,-82219162868,713530944,12113,3029,2697,3363,1,1,3,1,2,6,1,3,1,4
139,199,27661,338,755867749,-2,7,-5291074242,728244196,13049,3263,2929,3599,1,1,1,1,1,6,3,3,0,1
139,199,27661,338,755867749,-1,3,-2267603246,728244196,13049,3263,2929,3599,1,1,1,1,1,6,3,3,0,1
139,199,27661,338,755867749,0,1,-755867748,728244196,13049,3263,2929,3599,1,1,1,1,1,6,3,3,0,1
139,199,27661,338,755867749,1,1,-755867748,728244196,13049,3263,2929,3599,1,1,1,1,1,6,3,3,0,1
139,199,27661,338,755867749,2,3,-2267603246,728244196,13049,3263,2929,3599,1,1,1,1,1,6,3,3,0,1
139,199,27661,338,755867749,3,7,-5291074242,728244196,13049,3263,2929,3599,1,1,1,1,1,6,3,3,0,1
139,199,27661,338,755867749,5,21,-15873222728,728244196,13049,3263,2929,3599,1,1,1,1,1,6,3,3,0,1
139,199,27661,338,755867749,7,43,-32502313206,728244196,13049,3263,2929,3599,1,1,1,1,1,6,3,3,0,1
139,199,27661,338,755867749,11,111,-83901320138,728244196,13049,3263,2929,3599,1,1,1,1,1,6,3,3,0,1
149,151,22499,300,499522503,-2,7,-3496657520,479610000,21316,22204,21907,3,1,1,3,2,1,2,4,3,6,1
149,151,22499,300,499522503,-1,3,-1498567508,479610000,21316,22204,21907,3,1,1,3,2,1,2,4,3,6,3
149,151,22499,300,499522503,0,1,-499522502,479610000,21316,22204,21907,3,1,1,3,2,1,2,4,3,6,4
149,151,22499,300,499522503,1,1,-499522502,479610000,21316,22204,21907,3,1,1,3,2,1,2,4,3,6,4
149,151,22499,300,499522503,2,3,-1498567508,479610000,21316,22204,21907,3,1,1,3,2,1,2,4,3,6,3
149,151,22499,300,499522503,3,7,-3496657520,479610000,21316,22204,21907,3,1,1,3,2,1,2,4,3,6,1
149,151,22499,300,499522503,5,21,-10489972562,479610000,21316,22204,21907,3,1,1,3,2,1,2,4,3,6,1
149,151,22499,300,499522503,7,43,-21479467628,479610000,21316,22204,21907,3,1,1,3,2,1,2,4,3,6,4
149,151,22499,300,499522503,11,111,-55446997832,479610000,21316,22204,21907,3,1,1,3,2,1,2,4,3,6,5
149,157,23393,306,540144129,-2,7,-3781008902,519019524,22426,23152,22849,63,1,1,21,2,1,2,3,3,0,1
149,157,23393,306,540144129,-1,3,-1620432386,519019524,22426,23152,22849,63,1,1,21,2,1,2,3,3,0,1
149,157,23393,306,540144129,0,1,-540144128,519019524,22426,23152,22849,63,1,1,21,2,1,2,3,3,0,1
149,157,23393,306,540144129,1,1,-540144128,519019524,22426,23152,22849,63,1,1,21,2,1,2,3,3,0,1
149,157,23393,306,540144129,2,3,-1620432386,519019524,22426,23152,22849,63,1,1,21,2,1,2,3,3,0,1
149,157,23393,306,540144129,3,7,-3781008902,519019524,22426,23152,22849,63,1,1,21,2,1,2,3,3,0,1
149,157,23393,306,540144129,5,21,-11343026708,519019524,22426,23152,22849,63,1,1,21,2,1,2,3,3,0,1
149,157,23393,306,540144129,7,43,-23226197546,519019524,22426,23152,22849,63,1,1,21,2,1,2,3,3,0,1
149,157,23393,306,540144129,11,111,-59955998318,519019524,22426,23152,22849,63,1,1,21,2,1,2,3,3,0,1
149,163,24287,312,582353571,-2,7,-4076474996,559984896,23824,24172,23863,195,1,1,3,2,1,2,2,3,3,1
149,163,24287,312,582353571,-1,3,-1747060712,559984896,23824,24172,23863,195,1,1,3,2,1,2,2,3,3,2
149,163,24287,312,582353571,0,1,-582353570,559984896,23824,24172,23863,195,1,1,3,2,1,2,2,3,3,6
149,163,24287,312,582353571,1,1,-582353570,559984896,23824,24172,23863,195,1,1,3,2,1,2,2,3,3,6
149,163,24287,312,582353571,2,3,-1747060712,559984896,23824,24172,23863,195,1,1,3,2,1,2,2,3,3,2
149,163,24287,312,582353571,3,7,-4076474996,559984896,23824,24172,23863,195,1,1,3,2,1,2,2,3,3,1
149,163,24287,312,582353571,5,21,-12229424990,559984896,23824,24172,23863,195,1,1,3,2,1,2,2,3,3,1
149,163,24287,312,582353571,7,43,-25041203552,559984896,23824,24172,23863,195,1,1,3,2,1,2,2,3,3,6
149,163,24287,312,582353571,11,111,-64641246380,559984896,23824,24172,23863,195,1,1,3,2,1,2,2,3,3,3
149,167,24883,316,611375319,-2,7,-4279627232,588159504,33,9,24579,323,1,3,1,2,2,2,6,3,3,1
149,167,24883,316,611375319,-1,3,-1834125956,588159504,33,9,24579,323,1,3,1,2,2,2,6,3,3,2
149,167,24883,316,611375319,0,1,-611375318,588159504,33,9,24579,323,1,3,1,2,2,2,6,3,3,6
149,167,24883,316,611375319,1,1,-611375318,588159504,33,9,24579,323,1,3,1,2,2,2,6,3,3,6
149,167,24883,316,611375319,2,3,-1834125956,588159504,33,9,24579,323,1,3,1,2,2,2,6,3,3,2
149,167,24883,316,611375319,3,7,-4279627232,588159504,33,9,24579,323,1,3,1,2,2,2,6,3,3,1
149,167,24883,316,611375319,5,21,-12838881698,588159504,33,9,24579,323,1,3,1,2,2,2,6,3,3,1
149,167,24883,316,611375319,7,43,-26289138716,588159504,33,9,24579,323,1,3,1,2,2,2,6,3,3,6
149,167,24883,316,611375319,11,111,-67862660408,588159504,33,9,24579,323,1,3,1,2,2,2,6,3,3,3
149,173,25777,322,656231121,-2,7,-4593617846,631717956,1017,255,25713,575,1,9,1,2,2,2,5,3,0,1
149,173,25777,322,656231121,-1,3,-1968693362,631717956,1017,255,25713,575,1,9,1,2,2,2,5,3,0,1
149,173,25777,322,656231121,0,1,-656231120,631717956,1017,255,25713,575,1,9,1,2,2,2,5,3,0,1
149,173,25777,322,656231121,1,1,-656231120,631717956,1017,255,25713,575,1,9,1,2,2,2,5,3,0,1
149,173,25777,322,656231121,2,3,-1968693362,631717956,1017,255,25713,575,1,9,1,2,2,2,5,3,0,1
149,173,25777,322,656231121,3,7,-4593617846,631717956,1017,255,25713,575,1,9,1,2,2,2,5,3,0,1
149,173,25777,322,656231121,5,21,-13780853540,631717956,1017,255,25713,575,1,9,1,2,2,2,5,3,0,1
149,173,25777,322,656231121,7,43,-28217938202,631717956,1017,255,25713,575,1,9,1,2,2,2,5,3,0,1
149,173,25777,322,656231121,11,111,-72841654430,631717956,1017,255,25713,575,1,9,1,2,2,2,5,3,0,1
149,179,26671,328,702674739,-2,7,-4918723172,676832256,2289,573,249,899,1,3,1,2,2,2,4,3,6,1
149,179,26671,328,702674739,-1,3,-2108024216,676832256,2289,573,249,899,1,3,1,2,2,2,4,3,6,3
149,179,26671,328,702674739,0,1,-702674738,676832256,2289,573,249,899,1,3,1,2,2,2,4,3,6,4
149,179,26671,328,702674739,1,1,-702674738,676832256,2289,573,249,899,1,3,1,2,2,2,4,3,6,4
149,179,26671,328,702674739,2,3,-2108024216,676832256,2289,573,249,899,1,3,1,2,2,2,4,3,6,3
149,179,26671,328,702674739,3,7,-4918723172,676832256,2289,573,249,899,1,3,1,2,2,2,4,3,6,1
149,179,26671,328,702674739,5,21,-14756169518,676832256,2289,573,249,899,1,3,1,2,2,2,4,3,6,1
149,179,26671,328,702674739,7,43,-30215013776,676832256,2289,573,249,899,1,3,1,2,2,2,4,3,6,4
149,179,26671,328,702674739,11,111,-77996896028,676832256,2289,573,249,899,1,3,1,2,2,2,4,3,6,5
149,181,26969,330,718508793,-2,7,-5029561550,692216100,2777,695,369,1023,1,1,93,2,1,2,6,3,3,1
149,181,26969,330,718508793,-1,3,-2155526378,692216100,2777,695,369,1023,1,1,93,2,1,2,6,3,3,2
149,181,26969,330,718508793,0,1,-718508792,692216100,2777,695,369,1023,1,1,93,2,1,2,6,3,3,6
149,181,26969,330,718508793,1,1,-718508792,692216100,2777,695,369,1023,1,1,93,2,1,2,6,3,3,6
149,181,26969,330,718508793,2,3,-2155526378,692216100,2777,695,369,1023,1,1,93,2,1,2,6,3,3,2
149,181,26969,330,718508793,3,7,-5029561550,692216100,2777,695,369,1023,1,1,93,2,1,2,6,3,3,1
149,181,26969,330,718508793,5,21,-15088684652,692216100,2777,695,369,1023,1,1,93,2,1,2,6,3,3,1
149,181,26969,330,718508793,7,43,-30895878098,692216100,2777,695,369,1023,1,1,93,2,1,2,6,3,3,6
149,181,26969,330,718508793,11,111,-79754476022,692216100,2777,695,369,1023,1,1,93,2,1,2,6,3,3,3
149,191,28459,340,800325423,-2,7,-5602277960,771728400,5697,1425,1089,1763,1,9,1,2,2,2,2,3,3,1
149,191,28459,340,800325423,-1,3,-2400976268,771728400,5697,1425,1089,1763,1,9,1,2,2,2,2,3,3,2
149,191,28459,340,800325423,0,1,-800325422,771728400,5697,1425,1089,1763,1,9,1,2,2,2,2,3,3,6
149,191,28459,340,800325423,1,1,-800325422,771728400,5697,1425,1089,1763,1,9,1,2,2,2,2,3,3,6
149,191,28459,340,800325423,2,3,-2400976268,771728400,5697,1425,1089,1763,1,9,1,2,2,2,2,3,3,2
149,191,28459,340,800325423,3,7,-5602277960,771728400,5697,1425,1089,1763,1,9,1,2,2,2,2,3,3,1
149,191,28459,340,800325423,5,21,-16806833882,771728400,5697,1425,1089,1763,1,9,1,2,2,2,2,3,3,1
149,191,28459,340,800325423,7,43,-34413993188,771728400,5697,1425,1089,1763,1,9,1,2,2,2,2,3,3,6
149,191,28459,340,800325423,11,111,-88836121952,771728400,5697,1425,1089,1763,1,9,1,2,2,2,2,3,3,3
149,193,28757,342,817218021,-2,7,-5720526146,788149476,6377,1595,1257,1935,1,1,3,2,1,2,4,3,6,1
149,193,28757,342,817218021,-1,3,-2451654062,788149476,6377,1595,1257,1935,1,1,3,2,1,2,4,3,6,3
149,193,28757,342,817218021,0,1,-817218020,788149476,6377,1595,1257,1935,1,1,3,2,1,2,4,3,6,4
149,193,28757,342,817218021,1,1,-817218020,788149476,6377,1595,1257,1935,1,1,3,2,1,2,4,3,6,4
149,193,28757,342,817218021,2,3,-2451654062,788149476,6377,1595,1257,1935,1,1,3,2,1,2,4,3,6,3
149,193,28757,342,817218021,3,7,-5720526146,788149476,6377,1595,1257,1935,1,1,3,2,1,2,4,3,6,1
149,193,28757,342,817218021,5,21,-17161578440,788149476,6377,1595,1257,1935,1,1,3,2,1,2,4,3,6,1
149,193,28757,342,817218021,7,43,-35140374902,788149476,6377,1595,1257,1935,1,1,3,2,1,2,4,3,6,4
149,193,28757,342,817218021,11,111,-90711200330,788149476,6377,1595,1257,1935,1,1,3,2,1,2,4,3,6,5
149,197,29353,346,851532489,-2,7,-5960727422,821510244,7833,1959,1617,2303,1,3,1,2,2,2,1,3,1,1
149,197,29353,346,851532489,-1,3,-2554597466,821510244,7833,1959,1617,2303,1,3,1,2,2,2,1,3,1,6
149,197,29353,346,851532489,0,1,-851532488,821510244,7833,1959,1617,2303,1,3,1,2,2,2,1,3,1,5
149,197,29353,346,851532489,1,1,-851532488,821510244,7833,1959,1617,2303,1,3,1,2,2,2,1,3,1,5
149,197,29353,346,851532489,2,3,-2554597466,821510244,7833,1959,1617,2303,1,3,1,2,2,2,1,3,1,6
149,197,29353,346,851532489,3,7,-5960727422,821510244,7833,1959,1617,2303,1,3,1,2,2,2,1,3,1,1
149,197,29353,346,851532489,5,21,-17882182268,821510244,7833,1959,1617,2303,1,3,1,2,2,2,1,3,1,1
149,197,29353,346,851532489,7,43,-36615897026,821510244,7833,1959,1617,2303,1,3,1,2,2,2,1,3,1,5
149,197,29353,346,851532489,11,111,-94520106278,821510244,7833,1959,1617,2303,1,3,1,2,2,2,1,3,1,4
149,199,29651,348,868954359,-2,7,-6082680512,838449936,8609,2153,1809,2499,1,1,21,2,1,2,3,3,0,1
149,199,29651,348,868954359,-1,3,-2606863076,838449936,8609,2153,1809,2499,1,1,21,2,1,2,3,3,0,1
149,199,29651,348,868954359,0,1,-868954358,838449936,8609,2153,1809,2499,1,1,21,2,1,2,3,3,0,1
149,199,29651,348,868954359,1,1,-868954358,838449936,8609,2153,1809,2499,1,1,21,2,1,2,3,3,0,1
149,199,29651,348,868954359,2,3,-2606863076,838449936,8609,2153,1809,2499,1,1,21,2,1,2,3,3,0,1
149,199,29651,348,868954359,3,7,-6082680512,838449936,8609,2153,1809,2499,1,1,21,2,1,2,3,3,0,1
149,199,29651,348,868954359,5,21,-18248041538,838449936,8609,2153,1809,2499,1,1,21,2,1,2,3,3,0,1
149,199,29651,348,868954359,7,43,-37365037436,838449936,8609,2153,1809,2499,1,1,21,2,1,2,3,3,0,1
149,199,29651,348,868954359,11,111,-96453933848,838449936,8609,2153,1809,2499,1,1,21,2,1,2,3,3,0,1
151,157,23707,308,554790943,-2,7,-3883536600,533240464,22620,23436,23131,35,1,1,1,1,1,4,3,6,0,1
151,157,23707,308,554790943,-1,3,-1664372828,533240464,22620,23436,23131,35,1,1,1,1,1,4,3,6,0,1
151,157,23707,308,554790943,0,1,-554790942,533240464,22620,23436,23131,35,1,1,1,1,1,4,3,6,0,1
151,157,23707,308,554790943,1,1,-554790942,533240464,22620,23436,23131,35,1,1,1,1,1,4,3,6,0,1
151,157,23707,308,554790943,2,3,-1664372828,533240464,22620,23436,23131,35,1,1,1,1,1,4,3,6,0,1
151,157,23707,308,554790943,3,7,-3883536600,533240464,22620,23436,23131,35,1,1,1,1,1,4,3,6,0,1
151,157,23707,308,554790943,5,21,-11650609802,533240464,22620,23436,23131,35,1,1,1,1,1,4,3,6,0,1
151,157,23707,308,554790943,7,43,-23856010548,533240464,22620,23436,23131,35,1,1,1,1,1,4,3,6,0,1
151,157,23707,308,554790943,11,111,-61581794672,533240464,22620,23436,23131,35,1,1,1,1,1,4,3,6,0,1
151,163,24613,314,598144957,-2,7,-4187014698,575328196,23934,24444,24133,143,1,1,1,1,1,4,2,6,3,1
151,163,24613,314,598144957,-1,3,-1794434870,575328196,23934,24444,24133,143,1,1,1,1,1,4,2,6,3,3
151,163,24613,314,598144957,0,1,-598144956,575328196,23934,24444,24133,143,1,1,1,1,1,4,2,6,3,4
151,163,24613,314,598144957,1,1,-598144956,575328196,23934,24444,24133,143,1,1,1,1,1,4,2,6,3,4
151,163,24613,314,598144957,2,3,-1794434870,575328196,23934,24444,24133,143,1,1,1,1,1,4,2,6,3,3
151,163,24613,314,598144957,3,7,-4187014698,575328196,23934,24444,24133,143,1,1,1,1,1,4,2,6,3,1
151,163,24613,314,598144957,5,21,-12561044096,575328196,23934,24444,24133,143,1,1,1,1,1,4,2,6,3,1
151,163,24613,314,598144957,7,43,-25720233150,575328196,23934,24444,24133,143,1,1,1,1,1,4,2,6,3,4
151,163,24613,314,598144957,11,111,-66394090226,575328196,23934,24444,24133,143,1,1,1,1,1,4,2,6,3,5
151,167,25217,318,627953673,-2,7,-4395675710,604274724,24970,25156,24841,255,1,1,3,1,2,4,6,6,3,1
151,167,25217,318,627953673,-1,3,-1883861018,604274724,24970,25156,24841,255,1,1,3,1,2,4,6,6,3,3
151,167,25217,318,627953673,0,1,-627953672,604274724,24970,25156,24841,255,1,1,3,1,2,4,6,6,3,4
151,167,25217,318,627953673,1,1,-627953672,604274724,24970,25156,24841,255,1,1,3,1,2,4,6,6,3,4
151,167,25217,318,627953673,2,3,-1883861018,604274724,24970,25156,24841,255,1,1,3,1,2,4,6,6,3,3
151,167,25217,318,627953673,3,7,-4395675710,604274724,24970,25156,24841,255,1,1,3,1,2,4,6,6,3,1
151,167,25217,318,627953673,5,21,-13187027132,604274724,24970,25156,24841,255,1,1,3,1,2,4,6,6,3,1
151,167,25217,318,627953673,7,43,-27002007938,604274724,24970,25156,24841,255,1,1,3,1,2,4,6,6,3,4
151,167,25217,318,627953673,11,111,-69702857702,604274724,24970,25156,24841,255,1,1,3,1,2,4,6,6,3,5
151,173,26123,324,674025807,-2,7,-4718180648,649026576,641,161,25963,483,1,1,21,1,2,4,5,6,0,1
151,173,26123,324,674025807,-1,3,-2022077420,649026576,641,161,25963,483,1,1,21,1,2,4,5,6,0,1
151,173,26123,324,674025807,0,1,-674025806,649026576,641,161,25963,483,1,1,21,1,2,4,5,6,0,1
151,173,26123,324,674025807,1,1,-674025806,649026576,641,161,25963,483,1,1,21,1,2,4,5,6,0,1
151,173,26123,324,674025807,2,3,-2022077420,649026576,641,161,25963,483,1,1,21,1,2,4,5,6,0,1
151,173,26123,324,674025807,3,7,-4718180648,649026576,641,161,25963,483,1,1,21,1,2,4,5,6,0,1
151,173,26123,324,674025807,5,21,-14154541946,649026576,641,161,25963,483,1,1,21,1,2,4,5,6,0,1
151,173,26123,324,674025807,7,43,-28983109700,649026576,641,161,25963,483,1,1,21,1,2,4,5,6,0,1
151,173,26123,324,674025807,11,111,-74816864576,649026576,641,161,25963,483,1,1,21,1,2,4,5,6,0,1
151,179,27029,330,721728813,-2,7,-5052101690,695376900,1817,455,129,783,1,1,3,1,2,4,4,6,6,1
151,179,27029,330,721728813,-1,3,-2165186438,695376900,1817,455,129,783,1,1,3,1,2,4,4,6,6,5
151,179,27029,330,721728813,0,1,-721728812,695376900,1817,455,129,783,1,1,3,1,2,4,4,6,6,0
151,179,27029,330,721728813,1,1,-721728812,695376900,1817,455,129,783,1,1,3,1,2,4,4,6,6,0
151,179,27029,330,721728813,2,3,-2165186438,695376900,1817,455,129,783,1,1,3,1,2,4,4,6,6,5
151,179,27029,330,721728813,3,7,-5052101690,695376900,1817,455,129,783,1,1,3,1,2,4,4,6,6,1
151,179,27029,330,721728813,5,21,-15156305072,695376900,1817,455,129,783,1,1,3,1,2,4,4,6,6,1
151,179,27029,330,721728813,7,43,-31034338958,695376900,1817,455,129,783,1,1,3,1,2,4,4,6,6,0
151,179,27029,330,721728813,11,111,-80111898242,695376900,1817,455,129,783,1,1,3,1,2,4,4,6,6,2
151,181,27331,332,737992231,-2,7,-5165945616,711182224,2273,569,241,899,1,1,1,1,1,4,6,6,3,1
151,181,27331,332,737992231,-1,3,-2213976692,711182224,2273,569,241,899,1,1,1,1,1,4,6,6,3,3
151,181,27331,332,737992231,0,1,-737992230,711182224,2273,569,241,899,1,1,1,1,1,4,6,6,3,4
151,181,27331,332,737992231,1,1,-737992230,711182224,2273,569,241,899,1,1,1,1,1,4,6,6,3,4
151,181,27331,332,737992231,2,3,-2213976692,711182224,2273,569,241,899,1,1,1,1,1,4,6,6,3,3
151,181,27331,332,737992231,3,7,-5165945616,711182224,2273,569,241,899,1,1,1,1,1,4,6,6,3,1
151,181,27331,332,737992231,5,21,-15497836850,711182224,2273,569,241,899,1,1,1,1,1,4,6,6,3,1
151,181,27331,332,737992231,7,43,-31733665932,711182224,2273,569,241,899,1,1,1,1,1,4,6,6,3,4
151,181,27331,332,737992231,11,111,-81917137640,711182224,2273,569,241,899,1,1,1,1,1,4,6,6,3,5
151,191,28841,342,822027441,-2,7,-5754192086,792872964,5033,1259,921,1599,1,1,3,1,2,4,2,6,3,1
151,191,28841,342,822027441,-1,3,-2466082322,792872964,5033,1259,921,1599,1,1,3,1,2,4,2,6,3,3
151,191,28841,342,822027441,0,1,-822027440,792872964,5033,1259,921,1599,1,1,3,1,2,4,2,6,3,4
151,191,28841,342,822027441,1,1,-822027440,792872964,5033,1259,921,1599,1,1,3,1,2,4,2,6,3,4
151,191,28841,342,822027441,2,3,-2466082322,792872964,5033,1259,921,1599,1,1,3,1,2,4,2,6,3,3
151,191,28841,342,822027441,3,7,-5754192086,792872964,5033,1259,921,1599,1,1,3,1,2,4,2,6,3,1
151,191,28841,342,822027441,5,21,-17262576260,792872964,5033,1259,921,1599,1,1,3,1,2,4,2,6,3,1
151,191,28841,342,822027441,7,43,-35347179962,792872964,5033,1259,921,1599,1,1,3,1,2,4,2,6,3,4
151,191,28841,342,822027441,11,111,-91245045950,792872964,5033,1259,921,1599,1,1,3,1,2,4,2,6,3,5
151,193,29143,344,839378107,-2,7,-5875646748,809743936,5681,1421,1081,1763,1,1,1,1,1,4,4,6,6,1
151,193,29143,344,839378107,-1,3,-2518134320,809743936,5681,1421,1081,1763,1,1,1,1,1,4,4,6,6,5
151,193,29143,344,839378107,0,1,-839378106,809743936,5681,1421,1081,1763,1,1,1,1,1,4,4,6,6,0
151,193,29143,344,839378107,1,1,-839378106,809743936,5681,1421,1081,1763,1,1,1,1,1,4,4,6,6,0
151,193,29143,344,839378107,2,3,-2518134320,809743936,5681,1421,1081,1763,1,1,1,1,1,4,4,6,6,5
151,193,29143,344,839378107,3,7,-5875646748,809743936,5681,1421,1081,1763,1,1,1,1,1,4,4,6,6,1
151,193,29143,344,839378107,5,21,-17626940246,809743936,5681,1421,1081,1763,1,1,1,1,1,4,4,6,6,1
151,193,29143,344,839378107,7,43,-36093258600,809743936,5681,1421,1081,1763,1,1,1,1,1,4,4,6,6,0
151,193,29143,344,839378107,11,111,-93170969876,809743936,5681,1421,1081,1763,1,1,1,1,1,4,4,6,6,2
151,197,29747,348,874623063,-2,7,-6122361440,844018704,7073,1769,1425,2115,1,1,3,1,2,4,1,6,1,1
151,197,29747,348,874623063,-1,3,-2623869188,844018704,7073,1769,1425,2115,1,1,3,1,2,4,1,6,1,4
151,197,29747,348,874623063,0,1,-874623062,844018704,7073,1769,1425,2115,1,1,3,1,2,4,1,6,1,2
151,197,29747,348,874623063,1,1,-874623062,844018704,7073,1769,1425,2115,1,1,3,1,2,4,1,6,1,2
151,197,29747,348,874623063,2,3,-2623869188,844018704,7073,1769,1425,2115,1,1,3,1,2,4,1,6,1,4
151,197,29747,348,874623063,3,7,-6122361440,844018704,7073,1769,1425,2115,1,1,3,1,2,4,1,6,1,1
151,197,29747,348,874623063,5,21,-18367084322,844018704,7073,1769,1425,2115,1,1,3,1,2,4,1,6,1,1
151,197,29747,348,874623063,7,43,-37608791708,844018704,7073,1769,1425,2115,1,1,3,1,2,4,1,6,1,2
151,197,29747,348,874623063,11,111,-97083159992,844018704,7073,1769,1425,2115,1,1,3,1,2,4,1,6,1,0
151,199,30049,350,892517353,-2,7,-6247621470,861422500,7817,1955,1609,2303,1,1,1,1,1,4,3,6,0,1
151,199,30049,350,892517353,-1,3,-2677552058,861422500,7817,1955,1609,2303,1,1,1,1,1,4,3,6,0,1
151,199,30049,350,892517353,0,1,-892517352,861422500,7817,1955,1609,2303,1,1,1,1,1,4,3,6,0,1
151,199,30049,350,892517353,1,1,-892517352,861422500,7817,1955,1609,2303,1,1,1,1,1,4,3,6,0,1
151,199,30049,350,892517353,2,3,-2677552058,861422500,7817,1955,1609,2303,1,1,1,1,1,4,3,6,0,1
151,199,30049,350,892517353,3,7,-6247621470,861422500,7817,1955,1609,2303,1,1,1,1,1,4,3,6,0,1
151,199,30049,350,892517353,5,21,-18742864412,861422500,7817,1955,1609,2303,1,1,1,1,1,4,3,6,0,1
151,199,30049,350,892517353,7,43,-38378246178,861422500,7817,1955,1609,2303,1,1,1,1,1,4,3,6,0,1
151,199,30049,350,892517353,11,111,-99069426182,861422500,7817,1955,1609,2303,1,1,1,1,1,4,3,6,0,1
157,163,25591,320,646786651,-2,7,-4527506556,622602304,24456,25308,24991,35,1,1,7,1,1,3,2,0,3,1
157,163,25591,320,646786651,-1,3,-1940359952,622602304,24456,25308,24991,35,1,1,7,1,1,3,2,0,3,1
157,163,25591,320,646786651,0,1,-646786650,622602304,24456,25308,24991,35,1,1,7,1,1,3,2,0,3,1
157,163,25591,320,646786651,1,1,-646786650,622602304,24456,25308,24991,35,1,1,7,1,1,3,2,0,3,1
157,163,25591,320,646786651,2,3,-1940359952,622602304,24456,25308,24991,35,1,1,7,1,1,3,2,0,3,1
157,163,25591,320,646786651,3,7,-4527506556,622602304,24456,25308,24991,35,1,1,7,1,1,3,2,0,3,1
157,163,25591,320,646786651,5,21,-13582519670,622602304,24456,25308,24991,35,1,1,7,1,1,3,2,0,3,1
157,163,25591,320,646786651,7,43,-27811825992,622602304,24456,25308,24991,35,1,1,7,1,1,3,2,0,3,1
157,163,25591,320,646786651,11,111,-71793318260,622602304,24456,25308,24991,35,1,1,7,1,1,3,2,0,3,1
157,167,26219,324,679019439,-2,7,-4753136072,653927184,25324,25996,25675,99,1,1,3,1,2,3,6,0,3,1
157,167,26219,324,679019439,-1,3,-2037058316,653927184,25324,25996,25675,99,1,1,3,1,2,3,6,0,3,1
157,167,26219,324,679019439,0,1,-679019438,653927184,25324,25996,25675,99,1,1,3,1,2,3,6,0,3,1
157,167,26219,324,679019439,1,1,-679019438,653927184,25324,25996,25675,99,1,1,3,1,2,3,6,0,3,1
157,167,26219,324,679019439,2,3,-2037058316,653927184,25324,25996,25675,99,1,1,3,1,2,3,6,0,3,1
157,167,26219,324,679019439,3,7,-4753136072,653927184,25324,25996,25675,99,1,1,3,1,2,3,6,0,3,1
157,167,26219,324,679019439,5,21,-14259408218,653927184,25324,25996,25675,99,1,1,3,1,2,3,6,0,3,1
157,167,26219,324,679019439,7,43,-29197835876,653927184,25324,25996,25675,99,1,1,3,1,2,3,6,0,3,1
157,167,26219,324,679019439,11,111,-75371157728,653927184,25324,25996,25675,99,1,1,3,1,2,3,6,0,3,1
157,173,27161,330,728838201,-2,7,-5101867406,702356004,26866,27088,26761,255,1,7,3,1,2,3,5,0,0,1
157,173,27161,330,728838201,-1,3,-2186514602,702356004,26866,27088,26761,255,1,7,3,1,2,3,5,0,0,1
157,173,27161,330,728838201,0,1,-728838200,702356004,26866,27088,26761,255,1,7,3,1,2,3,5,0,0,1
157,173,27161,330,728838201,1,1,-728838200,702356004,26866,27088,26761,255,1,7,3,1,2,3,5,0,0,1
157,173,27161,330,728838201,2,3,-2186514602,702356004,26866,27088,26761,255,1,7,3,1,2,3,5,0,0,1
157,173,27161,330,728838201,3,7,-5101867406,702356004,26866,27088,26761,255,1,7,3,1,2,3,5,0,0,1
157,173,27161,330,728838201,5,21,-15305602220,702356004,26866,27088,26761,255,1,7,3,1,2,3,5,0,0,1
157,173,27161,330,728838201,7,43,-31340042642,702356004,26866,27088,26761,255,1,7,3,1,2,3,5,0,0,1
157,173,27161,330,728838201,11,111,-80901040310,702356004,26866,27088,26761,255,1,7,3,1,2,3,5,0,0,1
157,179,28103,336,780420459,-2,7,-5462943212,752514624,593,149,27919,483,1,1,3,1,2,3,4,0,6,1
157,179,28103,336,780420459,-1,3,-2341261376,752514624,593,149,27919,483,1,1,3,1,2,3,4,0,6,1
157,179,28103,336,780420459,0,1,-780420458,752514624,593,149,27919,483,1,1,3,1,2,3,4,0,6,1
157,179,28103,336,780420459,1,1,-780420458,752514624,593,149,27919,483,1,1,3,1,2,3,4,0,6,1
157,179,28103,336,780420459,2,3,-2341261376,752514624,593,149,27919,483,1,1,3,1,2,3,4,0,6,1
157,179,28103,336,780420459,3,7,-5462943212,752514624,593,149,27919,483,1,1,3,1,2,3,4,0,6,1
157,179,28103,336,780420459,5,21,-16388829638,752514624,593,149,27919,483,1,1,3,1,2,3,4,0,6,1
157,179,28103,336,780420459,7,43,-33558079736,752514624,593,149,27919,483,1,1,3,1,2,3,4,0,6,1
157,179,28103,336,780420459,11,111,-86626670948,752514624,593,149,27919,483,1,1,3,1,2,3,4,0,6,1
157,181,28417,338,798006433,-2,7,-5586045030,769618564,953,239,28321,575,1,1,1,1,1,3,6,0,3,1
157,181,28417,338,798006433,-1,3,-2394019298,769618564,953,239,28321,575,1,1,1,1,1,3,6,0,3,1
157,181,28417,338,798006433,0,1,-798006432,769618564,953,239,28321,575,1,1,1,1,1,3,6,0,3,1
157,181,28417,338,798006433,1,1,-798006432,769618564,953,239,28321,575,1,1,1,1,1,3,6,0,3,1
157,181,28417,338,798006433,2,3,-2394019298,769618564,953,239,28321,575,1,1,1,1,1,3,6,0,3,1
157,181,28417,338,798006433,3,7,-5586045030,769618564,953,239,28321,575,1,1,1,1,1,3,6,0,3,1
157,181,28417,338,798006433,5,21,-16758135092,769618564,953,239,28321,575,1,1,1,1,1,3,6,0,3,1
157,181,28417,338,798006433,7,43,-34314276618,769618564,953,239,28321,575,1,1,1,1,1,3,6,0,3,1
157,181,28417,338,798006433,11,111,-88578714062,769618564,953,239,28321,575,1,1,1,1,1,3,6,0,3,1
157,191,29987,348,888875463,-2,7,-6222128240,858021264,3233,809,465,1155,1,1,21,1,2,3,2,0,3,1
157,191,29987,348,888875463,-1,3,-2666626388,858021264,3233,809,465,1155,1,1,21,1,2,3,2,0,3,1
157,191,29987,348,888875463,0,1,-888875462,858021264,3233,809,465,1155,1,1,21,1,2,3,2,0,3,1
157,191,29987,348,888875463,1,1,-888875462,858021264,3233,809,465,1155,1,1,21,1,2,3,2,0,3,1
157,191,29987,348,888875463,2,3,-2666626388,858021264,3233,809,465,1155,1,1,21,1,2,3,2,0,3,1
157,191,29987,348,888875463,3,7,-6222128240,858021264,3233,809,465,1155,1,1,21,1,2,3,2,0,3,1
157,191,29987,348,888875463,5,21,-18666384722,858021264,3233,809,465,1155,1,1,21,1,2,3,2,0,3,1
157,191,29987,348,888875463,7,43,-38221644908,858021264,3233,809,465,1155,1,1,21,1,2,3,2,0,3,1
157,191,29987,348,888875463,11,111,-98665176392,858021264,3233,809,465,1155,1,1,21,1,2,3,2,0,3,1
157,193,30301,350,907637101,-2,7,-6353459706,876278404,3785,947,601,1295,1,1,1,1,1,3,4,0,6,1
157,193,30301,350,907637101,-1,3,-2722911302,876278404,3785,947,601,1295,1,1,1,1,1,3,4,0,6,1
157,193,30301,350,907637101,0,1,-907637100,876278404,3785,947,601,1295,1,1,1,1,1,3,4,0,6,1
157,193,30301,350,907637101,1,1,-907637100,876278404,3785,947,601,1295,1,1,1,1,1,3,4,0,6,1
157,193,30301,350,907637101,2,3,-2722911302,876278404,3785,947,601,1295,1,1,1,1,1,3,4,0,6,1
157,193,30301,350,907637101,3,7,-6353459706,876278404,3785,947,601,1295,1,1,1,1,1,3,4,0,6,1
157,193,30301,350,907637101,5,21,-19060379120,876278404,3785,947,601,1295,1,1,1,1,1,3,4,0,6,1
157,193,30301,350,907637101,7,43,-39028395342,876278404,3785,947,601,1295,1,1,1,1,1,3,4,0,6,1
157,193,30301,350,907637101,11,111,-100747718210,876278404,3785,947,601,1295,1,1,1,1,1,3,4,0,6,1
157,197,30929,354,945748209,-2,7,-6620237462,913369284,4985,1247,897,1599,1,1,3,1,2,3,1,0,1,1
157,197,30929,354,945748209,-1,3,-2837244626,913369284,4985,1247,897,1599,1,1,3,1,2,3,1,0,1,1
157,197,30929,354,945748209,0,1,-945748208,913369284,4985,1247,897,1599,1,1,3,1,2,3,1,0,1,1
157,197,30929,354,945748209,1,1,-945748208,913369284,4985,1247,897,1599,1,1,3,1,2,3,1,0,1,1
157,197,30929,354,945748209,2,3,-2837244626,913369284,4985,1247,897,1599,1,1,3,1,2,3,1,0,1,1
157,197,30929,354,945748209,3,7,-6620237462,913369284,4985,1247,897,1599,1,1,3,1,2,3,1,0,1,1
157,197,30929,354,945748209,5,21,-19860712388,913369284,4985,1247,897,1599,1,1,3,1,2,3,1,0,1,1
157,197,30929,354,945748209,7,43,-40667172986,913369284,4985,1247,897,1599,1,1,3,1,2,3,1,0,1,1
157,197,30929,354,945748209,11,111,-104978051198,913369284,4985,1247,897,1599,1,1,3,1,2,3,1,0,1,1
157,199,31243,356,965097679,-2,7,-6755683752,932203024,5633,1409,1057,1763,1,1,1,1,1,3,3,0,0,1
157,199,31243,356,965097679,-1,3,-2895293036,932203024,5633,1409,1057,1763,1,1,1,1,1,3,3,0,0,1
157,199,31243,356,965097679,0,1,-965097678,932203024,5633,1409,1057,1763,1,1,1,1,1,3,3,0,0,1
157,199,31243,356,965097679,1,1,-965097678,932203024,5633,1409,1057,1763,1,1,1,1,1,3,3,0,0,1
157,199,31243,356,965097679,2,3,-2895293036,932203024,5633,1409,1057,1763,1,1,1,1,1,3,3,0,0,1
157,199,31243,356,965097679,3,7,-6755683752,932203024,5633,1409,1057,1763,1,1,1,1,1,3,3,0,0,1
157,199,31243,356,965097679,5,21,-20267051258,932203024,5633,1409,1057,1763,1,1,1,1,1,3,3,0,0,1
157,199,31243,356,965097679,7,43,-41499200196,932203024,5633,1409,1057,1763,1,1,1,1,1,3,3,0,0,1
157,199,31243,356,965097679,11,111,-107125842368,932203024,5633,1409,1057,1763,1,1,1,1,1,3,3,0,0,1
163,167,27221,330,732081261,-2,7,-5124568826,705539844,25966,26908,26581,15,1,1,3,1,2,2,6,3,3,1
163,167,27221,330,732081261,-1,3,-2196243782,705539844,25966,26908,26581,15,1,1,3,1,2,2,6,3,3,2
163,167,27221,330,732081261,0,1,-732081260,705539844,25966,26908,26581,15,1,1,3,1,2,2,6,3,3,6
163,167,27221,330,732081261,1,1,-732081260,705539844,25966,26908,26581,15,1,1,3,1,2,2,6,3,3,6
163,167,27221,330,732081261,2,3,-2196243782,705539844,25966,26908,26581,15,1,1,3,1,2,2,6,3,3,2
163,167,27221,330,732081261,3,7,-5124568826,705539844,25966,26908,26581,15,1,1,3,1,2,2,6,3,3,1
163,167,27221,330,732081261,5,21,-15373706480,705539844,25966,26908,26581,15,1,1,3,1,2,2,6,3,3,1
163,167,27221,330,732081261,7,43,-31479494222,705539844,25966,26908,26581,15,1,1,3,1,2,2,6,3,3,6
163,167,27221,330,732081261,11,111,-81261019970,705539844,25966,26908,26581,15,1,1,3,1,2,2,6,3,3,3
163,173,28199,336,785793099,-2,7,-5500551692,757790784,27256,27964,27631,99,1,1,3,1,2,2,5,3,0,1
163,173,28199,336,785793099,-1,3,-2357379296,757790784,27256,27964,27631,99,1,1,3,1,2,2,5,3,0,1
163,173,28199,336,785793099,0,1,-785793098,757790784,27256,27964,27631,99,1,1,3,1,2,2,5,3,0,1
163,173,28199,336,785793099,1,1,-785793098,757790784,27256,27964,27631,99,1,1,3,1,2,2,5,3,0,1
163,173,28199,336,785793099,2,3,-2357379296,757790784,27256,27964,27631,99,1,1,3,1,2,2,5,3,0,1
163,173,28199,336,785793099,3,7,-5500551692,757790784,27256,27964,27631,99,1,1,3,1,2,2,5,3,0,1
163,173,28199,336,785793099,5,21,-16501655078,757790784,27256,27964,27631,99,1,1,3,1,2,2,5,3,0,1
163,173,28199,336,785793099,7,43,-33789103256,757790784,27256,27964,27631,99,1,1,3,1,2,2,5,3,0,1
163,173,28199,336,785793099,11,111,-87223033988,757790784,27256,27964,27631,99,1,1,3,1,2,2,5,3,0,1
163,179,29177,342,841406241,-2,7,-5889843686,811908036,28834,29092,28753,255,1,1,3,1,2,2,4,3,6,1
163,179,29177,342,841406241,-1,3,-2524218722,811908036,28834,29092,28753,255,1,1,3,1,2,2,4,3,6,3
163,179,29177,342,841406241,0,1,-841406240,811908036,28834,29092,28753,255,1,1,3,1,2,2,4,3,6,4
163,179,29177,342,841406241,1,1,-841406240,811908036,28834,29092,28753,255,1,1,3,1,2,2,4,3,6,4
163,179,29177,342,841406241,2,3,-2524218722,811908036,28834,29092,28753,255,1,1,3,1,2,2,4,3,6,3
163,179,29177,342,841406241,3,7,-5889843686,811908036,28834,29092,28753,255,1,1,3,1,2,2,4,3,6,1
163,179,29177,342,841406241,5,21,-17669531060,811908036,28834,29092,28753,255,1,1,3,1,2,2,4,3,6,1
163,179,29177,342,841406241,7,43,-36180468362,811908036,28834,29092,28753,255,1,1,3,1,2,2,4,3,6,4
163,179,29177,342,841406241,11,111,-93396092750,811908036,28834,29092,28753,255,1,1,3,1,2,2,4,3,6,5
163,181,29503,344,860366467,-2,7,-6022565268,830361856,29424,29484,29143,323,1,1,1,1,1,2,6,3,3,1
163,181,29503,344,860366467,-1,3,-2581099400,830361856,29424,29484,29143,323,1,1,1,1,1,2,6,3,3,2
163,181,29503,344,860366467,0,1,-860366466,830361856,29424,29484,29143,323,1,1,1,1,1,2,6,3,3,6
163,181,29503,344,860366467,1,1,-860366466,830361856,29424,29484,29143,323,1,1,1,1,1,2,6,3,3,6
163,181,29503,344,860366467,2,3,-2581099400,830361856,29424,29484,29143,323,1,1,1,1,1,2,6,3,3,2
163,181,29503,344,860366467,3,7,-6022565268,830361856,29424,29484,29143,323,1,1,1,1,1,2,6,3,3,1
163,181,29503,344,860366467,5,21,-18067695806,830361856,29424,29484,29143,323,1,1,1,1,1,2,6,3,3,1
163,181,29503,344,860366467,7,43,-36995758080,830361856,29424,29484,29143,323,1,1,1,1,1,2,6,3,3,6
163,181,29503,344,860366467,11,111,-95500677836,830361856,29424,29484,29143,323,1,1,1,1,1,2,6,3,3,3
163,191,31133,354,958336437,-2,7,-6708355058,925741476,1721,431,81,783,1,1,3,1,2,2,2,3,3,1
163,191,31133,354,958336437,-1,3,-2875009310,925741476,1721,431,81,783,1,1,3,1,2,2,2,3,3,2
163,191,31133,354,958336437,0,1,-958336436,925741476,1721,431,81,783,1,1,3,1,2,2,2,3,3,6
163,191,31133,354,958336437,1,1,-958336436,925741476,1721,431,81,783,1,1,3,1,2,2,2,3,3,6
163,191,31133,354,958336437,2,3,-2875009310,925741476,1721,431,81,783,1,1,3,1,2,2,2,3,3,2
163,191,31133,354,958336437,3,7,-6708355058,925741476,1721,431,81,783,1,1,3,1,2,2,2,3,3,1
163,191,31133,354,958336437,5,21,-20125065176,925741476,1721,431,81,783,1,1,3,1,2,2,2,3,3,1
163,191,31133,354,958336437,7,43,-41208466790,925741476,1721,431,81,783,1,1,3,1,2,2,2,3,3,6
163,191,31133,354,958336437,11,111,-106375344506,925741476,1721,431,81,783,1,1,3,1,2,2,2,3,3,3
163,193,31459,356,978564199,-2,7,-6849949392,945439504,2177,545,193,899,1,1,1,1,1,2,4,3,6,1
163,193,31459,356,978564199,-1,3,-2935692596,945439504,2177,545,193,899,1,1,1,1,1,2,4,3,6,3
163,193,31459,356,978564199,0,1,-978564198,945439504,2177,545,193,899,1,1,1,1,1,2,4,3,6,4
163,193,31459,356,978564199,1,1,-978564198,945439504,2177,545,193,899,1,1,1,1,1,2,4,3,6,4
163,193,31459,356,978564199,2,3,-2935692596,945439504,2177,545,193,899,1,1,1,1,1,2,4,3,6,3
163,193,31459,356,978564199,3,7,-6849949392,945439504,2177,545,193,899,1,1,1,1,1,2,4,3,6,1
163,193,31459,356,978564199,5,21,-20549848178,945439504,2177,545,193,899,1,1,1,1,1,2,4,3,6,1
163,193,31459,356,978564199,7,43,-42078260556,945439504,2177,545,193,899,1,1,1,1,1,2,4,3,6,4
163,193,31459,356,978564199,11,111,-108620626088,945439504,2177,545,193,899,1,1,1,1,1,2,4,3,6,5
163,197,32111,360,1019653491,-2,7,-7137574436,985457664,3185,797,441,1155,1,1,3,1,2,2,1,3,1,1
163,197,32111,360,1019653491,-1,3,-3058960472,985457664,3185,797,441,1155,1,1,3,1,2,2,1,3,1,6
163,197,32111,360,1019653491,0,1,-1019653490,985457664,3185,797,441,1155,1,1,3,1,2,2,1,3,1,5
163,197,32111,360,1019653491,1,1,-1019653490,985457664,3185,797,441,1155,1,1,3,1,2,2,1,3,1,5
163,197,32111,360,1019653491,2,3,-3058960472,985457664,3185,797,441,1155,1,1,3,1,2,2,1,3,1,6
163,197,32111,360,1019653491,3,7,-7137574436,985457664,3185,797,441,1155,1,1,3,1,2,2,1,3,1,1
163,197,32111,360,1019653491,5,21,-21412723310,985457664,3185,797,441,1155,1,1,3,1,2,2,1,3,1,1
163,197,32111,360,1019653491,7,43,-43845100112,985457664,3185,797,441,1155,1,1,3,1,2,2,1,3,1,5
163,197,32111,360,1019653491,11,111,-113181537500,985457664,3185,797,441,1155,1,1,3,1,2,2,1,3,1,4
163,199,32437,362,1040515021,-2,7,-7283605146,1005777796,3737,935,577,1295,1,1,7,1,1,2,3,3,0,1
163,199,32437,362,1040515021,-1,3,-3121545062,1005777796,3737,935,577,1295,1,1,7,1,1,2,3,3,0,1
163,199,32437,362,1040515021,0,1,-1040515020,1005777796,3737,935,577,1295,1,1,7,1,1,2,3,3,0,1
163,199,32437,362,1040515021,1,1,-1040515020,1005777796,3737,935,577,1295,1,1,7,1,1,2,3,3,0,1
163,199,32437,362,1040515021,2,3,-3121545062,1005777796,3737,935,577,1295,1,1,7,1,1,2,3,3,0,1
163,199,32437,362,1040515021,3,7,-7283605146,1005777796,3737,935,577,1295,1,1,7,1,1,2,3,3,0,1
163,199,32437,362,1040515021,5,21,-21850815440,1005777796,3737,935,577,1295,1,1,7,1,1,2,3,3,0,1
163,199,32437,362,1040515021,7,43,-44742145902,1005777796,3737,935,577,1295,1,1,7,1,1,2,3,3,0,1
163,199,32437,362,1040515021,11,111,-115497167330,1005777796,3737,935,577,1295,1,1,7,1,1,2,3,3,0,1
167,173,28891,340,824953311,-2,7,-5774673176,795916944,27676,28588,28251,35,1,9,1,2,2,6,5,3,0,1
167,173,28891,340,824953311,-1,3,-2474859932,795916944,27676,28588,28251,35,1,9,1,2,2,6,5,3,0,1
167,173,28891,340,824953311,0,1,-824953310,795916944,27676,28588,28251,35,1,9,1,2,2,6,5,3,0,1
167,173,28891,340,824953311,1,1,-824953310,795916944,27676,28588,28251,35,1,9,1,2,2,6,5,3,0,1
167,173,28891,340,824953311,2,3,-2474859932,795916944,27676,28588,28251,35,1,9,1,2,2,6,5,3,0,1
167,173,28891,340,824953311,3,7,-5774673176,795916944,27676,28588,28251,35,1,9,1,2,2,6,5,3,0,1
167,173,28891,340,824953311,5,21,-17324019530,795916944,27676,28588,28251,35,1,9,1,2,2,6,5,3,0,1
167,173,28891,340,824953311,7,43,-35472992372,795916944,27676,28588,28251,35,1,9,1,2,2,6,5,3,0,1
167,173,28891,340,824953311,11,111,-91569817520,795916944,27676,28588,28251,35,1,9,1,2,2,6,5,3,0,1
167,179,29893,346,883337949,-2,7,-6183365642,852756804,29086,29692,29349,143,1,3,1,2,2,6,4,3,6,1
167,179,29893,346,883337949,-1,3,-2650013846,852756804,29086,29692,29349,143,1,3,1,2,2,6,4,3,6,3
167,179,29893,346,883337949,0,1,-883337948,852756804,29086,29692,29349,143,1,3,1,2,2,6,4,3,6,4
167,179,29893,346,883337949,1,1,-883337948,852756804,29086,29692,29349,143,1,3,1,2,2,6,4,3,6,4
167,179,29893,346,883337949,2,3,-2650013846,852756804,29086,29692,29349,143,1,3,1,2,2,6,4,3,6,3
167,179,29893,346,883337949,3,7,-6183365642,852756804,29086,29692,29349,143,1,3,1,2,2,6,4,3,6,1
167,179,29893,346,883337949,5,21,-18550096928,852756804,29086,29692,29349,143,1,3,1,2,2,6,4,3,6,1
167,179,29893,346,883337949,7,43,-37983531806,852756804,29086,29692,29349,143,1,3,1,2,2,6,4,3,6,4
167,179,29893,346,883337949,11,111,-98050512338,852756804,29086,29692,29349,143,1,3,1,2,2,6,4,3,6,5
167,181,30227,348,903243063,-2,7,-6322701440,872139024,29620,30076,29731,195,1,1,3,2,1,6,6,3,3,1
167,181,30227,348,903243063,-1,3,-2709729188,872139024,29620,30076,29731,195,1,1,3,2,1,6,6,3,3,2
167,181,30227,348,903243063,0,1,-903243062,872139024,29620,30076,29731,195,1,1,3,2,1,6,6,3,3,6
167,181,30227,348,903243063,1,1,-903243062,872139024,29620,30076,29731,195,1,1,3,2,1,6,6,3,3,6
167,181,30227,348,903243063,2,3,-2709729188,872139024,29620,30076,29731,195,1,1,3,2,1,6,6,3,3,2
167,181,30227,348,903243063,3,7,-6322701440,872139024,29620,30076,29731,195,1,1,3,2,1,6,6,3,3,1
167,181,30227,348,903243063,5,21,-18968104322,872139024,29620,30076,29731,195,1,1,3,2,1,6,6,3,3,1
167,181,30227,348,903243063,7,43,-38839451708,872139024,29620,30076,29731,195,1,1,3,2,1,6,6,3,3,6
167,181,30227,348,903243063,11,111,-100259979992,872139024,29620,30076,29731,195,1,1,3,2,1,6,6,3,3,3
167,191,31897,358,1006095393,-2,7,-7042667750,972317124,873,219,31761,575,1,9,1,2,2,6,2,3,3,1
167,191,31897,358,1006095393,-1,3,-3018286178,972317124,873,219,31761,575,1,9,1,2,2,6,2,3,3,2
167,191,31897,358,1006095393,0,1,-1006095392,972317124,873,219,31761,575,1,9,1,2,2,6,2,3,3,6
167,191,31897,358,1006095393,1,1,-1006095392,972317124,873,219,31761,575,1,9,1,2,2,6,2,3,3,6
167,191,31897,358,1006095393,2,3,-3018286178,972317124,873,219,31761,575,1,9,1,2,2,6,2,3,3,2
167,191,31897,358,1006095393,3,7,-7042667750,972317124,873,219,31761,575,1,9,1,2,2,6,2,3,3,1
167,191,31897,358,1006095393,5,21,-21128003252,972317124,873,219,31761,575,1,9,1,2,2,6,2,3,3,1
167,191,31897,358,1006095393,7,43,-43262101898,972317124,873,219,31761,575,1,9,1,2,2,6,2,3,3,6
167,191,31897,358,1006095393,11,111,-111676588622,972317124,873,219,31761,575,1,9,1,2,2,6,2,3,3,3
167,193,32231,360,1027331211,-2,7,-7191318476,993006144,1265,317,32191,675,1,1,3,2,1,6,4,3,6,1
167,193,32231,360,1027331211,-1,3,-3081993632,993006144,1265,317,32191,675,1,1,3,2,1,6,4,3,6,3
167,193,32231,360,1027331211,0,1,-1027331210,993006144,1265,317,32191,675,1,1,3,2,1,6,4,3,6,4
167,193,32231,360,1027331211,1,1,-1027331210,993006144,1265,317,32191,675,1,1,3,2,1,6,4,3,6,4
167,193,32231,360,1027331211,2,3,-3081993632,993006144,1265,317,32191,675,1,1,3,2,1,6,4,3,6,3
167,193,32231,360,1027331211,3,7,-7191318476,993006144,1265,317,32191,675,1,1,3,2,1,6,4,3,6,1
167,193,32231,360,1027331211,5,21,-21573955430,993006144,1265,317,32191,675,1,1,3,2,1,6,4,3,6,1
167,193,32231,360,1027331211,7,43,-44175242072,993006144,1265,317,32191,675,1,1,3,2,1,6,4,3,6,4
167,193,32231,360,1027331211,11,111,-114033764420,993006144,1265,317,32191,675,1,1,3,2,1,6,4,3,6,5
167,197,32899,364,1070468199,-2,7,-7493277392,1035037584,2145,537,177,899,1,3,1,2,2,6,1,3,1,1
167,197,32899,364,1070468199,-1,3,-3211404596,1035037584,2145,537,177,899,1,3,1,2,2,6,1,3,1,6
167,197,32899,364,1070468199,0,1,-1070468198,1035037584,2145,537,177,899,1,3,1,2,2,6,1,3,1,5
167,197,32899,364,1070468199,1,1,-1070468198,1035037584,2145,537,177,899,1,3,1,2,2,6,1,3,1,5
167,197,32899,364,1070468199,2,3,-3211404596,1035037584,2145,537,177,899,1,3,1,2,2,6,1,3,1,6
167,197,32899,364,1070468199,3,7,-7493277392,1035037584,2145,537,177,899,1,3,1,2,2,6,1,3,1,1
167,197,32899,364,1070468199,5,21,-22479832178,1035037584,2145,537,177,899,1,3,1,2,2,6,1,3,1,1
167,197,32899,364,1070468199,7,43,-46030132556,1035037584,2145,537,177,899,1,3,1,2,2,6,1,3,1,5
167,197,32899,364,1070468199,11,111,-118821970088,1035037584,2145,537,177,899,1,3,1,2,2,6,1,3,1,4
167,199,33233,366,1092369369,-2,7,-7646585582,1056380004,2633,659,297,1023,1,1,3,2,1,6,3,3,0,1
167,199,33233,366,1092369369,-1,3,-3277108106,1056380004,2633,659,297,1023,1,1,3,2,1,6,3,3,0,1
167,199,33233,366,1092369369,0,1,-1092369368,1056380004,2633,659,297,1023,1,1,3,2,1,6,3,3,0,1
167,199,33233,366,1092369369,1,1,-1092369368,1056380004,2633,659,297,1023,1,1,3,2,1,6,3,3,0,1
167,199,33233,366,1092369369,2,3,-3277108106,1056380004,2633,659,297,1023,1,1,3,2,1,6,3,3,0,1
167,199,33233,366,1092369369,3,7,-7646585582,1056380004,2633,659,297,1023,1,1,3,2,1,6,3,3,0,1
167,199,33233,366,1092369369,5,21,-22939756748,1056380004,2633,659,297,1023,1,1,3,2,1,6,3,3,0,1
167,199,33233,366,1092369369,7,43,-46971882866,1056380004,2633,659,297,1023,1,1,3,2,1,6,3,3,0,1
167,199,33233,366,1092369369,11,111,-121252999958,1056380004,2633,659,297,1023,1,1,3,2,1,6,3,3,0,1
173,179,30967,352,948147291,-2,7,-6637031036,915909696,29704,30652,30303,35,1,39,7,2,2,5,4,0,6,1
173,179,30967,352,948147291,-1,3,-2844441872,915909696,29704,30652,30303,35,1,39,7,2,2,5,4,0,6,1
173,179,30967,352,948147291,0,1,-948147290,915909696,29704,30652,30303,35,1,39,7,2,2,5,4,0,6,1
173,179,30967,352,948147291,1,1,-948147290,915909696,29704,30652,30303,35,1,39,7,2,2,5,4,0,6,1
173,179,30967,352,948147291,2,3,-2844441872,915909696,29704,30652,30303,35,1,39,7,2,2,5,4,0,6,1
173,179,30967,352,948147291,3,7,-6637031036,915909696,29704,30652,30303,35,1,39,7,2,2,5,4,0,6,1
173,179,30967,352,948147291,5,21,-19911093110,915909696,29704,30652,30303,35,1,39,7,2,2,5,4,0,6,1
173,179,30967,352,948147291,7,43,-40770333512,915909696,29704,30652,30303,35,1,39,7,2,2,5,4,0,6,1
173,179,30967,352,948147291,11,111,-105244349300,915909696,29704,30652,30303,35,1,39,7,2,2,5,4,0,6,1
173,181,31313,354,969512817,-2,7,-6786589718,936727236,30154,31024,30673,63,1,1,3,2,1,5,6,0,3,1
173,181,31313,354,969512817,-1,3,-2908538450,936727236,30154,31024,30673,63,1,1,3,2,1,5,6,0,3,1
173,181,31313,354,969512817,0,1,-969512816,936727236,30154,31024,30673,63,1,1,3,2,1,5,6,0,3,1
173,181,31313,354,969512817,1,1,-969512816,936727236,30154,31024,30673,63,1,1,3,2,1,5,6,0,3,1
173,181,31313,354,969512817,2,3,-2908538450,936727236,30154,31024,30673,63,1,1,3,2,1,5,6,0,3,1
173,181,31313,354,969512817,3,7,-6786589718,936727236,30154,31024,30673,63,1,1,3,2,1,5,6,0,3,1
173,181,31313,354,969512817,5,21,-20359769156,936727236,30154,31024,30673,63,1,1,3,2,1,5,6,0,3,1
173,181,31313,354,969512817,7,43,-41689051130,936727236,30154,31024,30673,63,1,1,3,2,1,5,6,0,3,1
173,181,31313,354,969512817,11,111,-107615922686,936727236,30154,31024,30673,63,1,1,3,2,1,5,6,0,3,1
173,191,33043,364,1079911287,-2,7,-7559379008,1044323856,32884,33004,32643,323,1,3,1,2,2,5,2,0,3,1
173,191,33043,364,1079911287,-1,3,-3239733860,1044323856,32884,33004,32643,323,1,3,1,2,2,5,2,0,3,1
173,191,33043,364,1079911287,0,1,-1079911286,1044323856,32884,33004,32643,323,1,3,1,2,2,5,2,0,3,1
173,191,33043,364,1079911287,1,1,-1079911286,1044323856,32884,33004,32643,323,1,3,1,2,2,5,2,0,3,1
173,191,33043,364,1079911287,2,3,-3239733860,1044323856,32884,33004,32643,323,1,3,1,2,2,5,2,0,3,1
173,191,33043,364,1079911287,3,7,-7559379008,1044323856,32884,33004,32643,323,1,3,1,2,2,5,2,0,3,1
173,191,33043,364,1079911287,5,21,-22678137026,1044323856,32884,33004,32643,323,1,3,1,2,2,5,2,0,3,1
173,191,33043,364,1079911287,7,43,-46436185340,1044323856,32884,33004,32643,323,1,3,1,2,2,5,2,0,3,1
173,191,33043,364,1079911287,11,111,-119870152856,1044323856,32884,33004,32643,323,1,3,1,2,2,5,2,0,3,1
173,193,33389,366,1102705149,-2,7,-7718936042,1066544964,137,35,33061,399,1,1,21,2,1,5,4,0,6,1
173,193,33389,366,1102705149,-1,3,-3308115446,1066544964,137,35,33061,399,1,1,21,2,1,5,4,0,6,1
173,193,33389,366,1102705149,0,1,-1102705148,1066544964,137,35,33061,399,1,1,21,2,1,5,4,0,6,1
173,193,33389,366,1102705149,1,1,-1102705148,1066544964,137,35,33061,399,1,1,21,2,1,5,4,0,6,1
173,193,33389,366,1102705149,2,3,-3308115446,1066544964,137,35,33061,399,1,1,21,2,1,5,4,0,6,1
173,193,33389,366,1102705149,3,7,-7718936042,1066544964,137,35,33061,399,1,1,21,2,1,5,4,0,6,1
173,193,33389,366,1102705149,5,21,-23156808128,1066544964,137,35,33061,399,1,1,21,2,1,5,4,0,6,1
173,193,33389,366,1102705149,7,43,-47416321406,1066544964,137,35,33061,399,1,1,21,2,1,5,4,0,6,1
173,193,33389,366,1102705149,11,111,-122400271538,1066544964,137,35,33061,399,1,1,21,2,1,5,4,0,6,1
173,197,34081,370,1149007041,-2,7,-8043049286,1111688964,825,207,33921,575,1,3,1,2,2,5,1,0,1,1
173,197,34081,370,1149007041,-1,3,-3447021122,1111688964,825,207,33921,575,1,3,1,2,2,5,1,0,1,1
173,197,34081,370,1149007041,0,1,-1149007040,1111688964,825,207,33921,575,1,3,1,2,2,5,1,0,1,1
173,197,34081,370,1149007041,1,1,-1149007040,1111688964,825,207,33921,575,1,3,1,2,2,5,1,0,1,1
173,197,34081,370,1149007041,2,3,-3447021122,1111688964,825,207,33921,575,1,3,1,2,2,5,1,0,1,1
173,197,34081,370,1149007041,3,7,-8043049286,1111688964,825,207,33921,575,1,3,1,2,2,5,1,0,1,1
173,197,34081,370,1149007041,5,21,-24129147860,1111688964,825,207,33921,575,1,3,1,2,2,5,1,0,1,1
173,197,34081,370,1149007041,7,43,-49407302762,1111688964,825,207,33921,575,1,3,1,2,2,5,1,0,1,1
173,197,34081,370,1149007041,11,111,-127539781550,1111688964,825,207,33921,575,1,3,1,2,2,5,1,0,1,1
173,199,34427,372,1172515071,-2,7,-8207605496,1134611856,1217,305,34363,675,1,7,3,2,1,5,3,0,0,1
173,199,34427,372,1172515071,-1,3,-3517545212,1134611856,1217,305,34363,675,1,7,3,2,1,5,3,0,0,1
173,199,34427,372,1172515071,0,1,-1172515070,1134611856,1217,305,34363,675,1,7,3,2,1,5,3,0,0,1
173,199,34427,372,1172515071,1,1,-1172515070,1134611856,1217,305,34363,675,1,7,3,2,1,5,3,0,0,1
173,199,34427,372,1172515071,2,3,-3517545212,1134611856,1217,305,34363,675,1,7,3,2,1,5,3,0,0,1
173,199,34427,372,1172515071,3,7,-8207605496,1134611856,1217,305,34363,675,1,7,3,2,1,5,3,0,0,1
173,199,34427,372,1172515071,5,21,-24622816490,1134611856,1217,305,34363,675,1,7,3,2,1,5,3,0,0,1
173,199,34427,372,1172515071,7,43,-50418148052,1134611856,1217,305,34363,675,1,7,3,2,1,5,3,0,0,1
173,199,34427,372,1172515071,11,111,-130149172880,1134611856,1217,305,34363,675,1,7,3,2,1,5,3,0,0,1
179,181,32399,360,1038128403,-2,7,-7266898820,1003622400,30976,32044,31687,3,1,1,3,2,1,4,6,6,3,1
179,181,32399,360,1038128403,-1,3,-3114385208,1003622400,30976,32044,31687,3,1,1,3,2,1,4,6,6,3,3
179,181,32399,360,1038128403,0,1,-1038128402,1003622400,30976,32044,31687,3,1,1,3,2,1,4,6,6,3,4
179,181,32399,360,1038128403,1,1,-1038128402,1003622400,30976,32044,31687,3,1,1,3,2,1,4,6,6,3,4
179,181,32399,360,1038128403,2,3,-3114385208,1003622400,30976,32044,31687,3,1,1,3,2,1,4,6,6,3,3
179,181,32399,360,1038128403,3,7,-7266898820,1003622400,30976,32044,31687,3,1,1,3,2,1,4,6,6,3,1
179,181,32399,360,1038128403,5,21,-21800696462,1003622400,30976,32044,31687,3,1,1,3,2,1,4,6,6,3,1
179,181,32399,360,1038128403,7,43,-44639521328,1003622400,30976,32044,31687,3,1,1,3,2,1,4,6,6,3,4
179,181,32399,360,1038128403,11,111,-115232252732,1003622400,30976,32044,31687,3,1,1,3,2,1,4,6,6,3,5
179,191,34189,370,1156340133,-2,7,-8094380930,1118902500,33286,33964,33597,143,1,3,13,2,2,4,2,6,3,1
179,191,34189,370,1156340133,-1,3,-3469020398,1118902500,33286,33964,33597,143,1,3,13,2,2,4,2,6,3,3
179,191,34189,370,1156340133,0,1,-1156340132,1118902500,33286,33964,33597,143,1,3,13,2,2,4,2,6,3,4
179,191,34189,370,1156340133,1,1,-1156340132,1118902500,33286,33964,33597,143,1,3,13,2,2,4,2,6,3,4
179,191,34189,370,1156340133,2,3,-3469020398,1118902500,33286,33964,33597,143,1,3,13,2,2,4,2,6,3,3
179,191,34189,370,1156340133,3,7,-8094380930,1118902500,33286,33964,33597,143,1,3,13,2,2,4,2,6,3,1
179,191,34189,370,1156340133,5,21,-24283142792,1118902500,33286,33964,33597,143,1,3,13,2,2,4,2,6,3,1
179,191,34189,370,1156340133,7,43,-49722625718,1118902500,33286,33964,33597,143,1,3,13,2,2,4,2,6,3,4
179,191,34189,370,1156340133,11,111,-128353754762,1118902500,33286,33964,33597,143,1,3,13,2,2,4,2,6,3,5
179,193,34547,372,1180747191,-2,7,-8265230336,1142710416,33844,34372,34003,195,1,1,3,2,1,4,4,6,6,1
179,193,34547,372,1180747191,-1,3,-3542241572,1142710416,33844,34372,34003,195,1,1,3,2,1,4,4,6,6,5
179,193,34547,372,1180747191,0,1,-1180747190,1142710416,33844,34372,34003,195,1,1,3,2,1,4,4,6,6,0
179,193,34547,372,1180747191,1,1,-1180747190,1142710416,33844,34372,34003,195,1,1,3,2,1,4,4,6,6,0
179,193,34547,372,1180747191,2,3,-3542241572,1142710416,33844,34372,34003,195,1,1,3,2,1,4,4,6,6,5
179,193,34547,372,1180747191,3,7,-8265230336,1142710416,33844,34372,34003,195,1,1,3,2,1,4,4,6,6,1
179,193,34547,372,1180747191,5,21,-24795691010,1142710416,33844,34372,34003,195,1,1,3,2,1,4,4,6,6,1
179,193,34547,372,1180747191,7,43,-50772129212,1142710416,33844,34372,34003,195,1,1,3,2,1,4,4,6,6,0
179,193,34547,372,1180747191,11,111,-131062938200,1142710416,33844,34372,34003,195,1,1,3,2,1,4,4,6,6,2
179,197,35263,376,1230326019,-2,7,-8612282132,1191078144,35056,35212,34839,323,1,9,19,2,2,4,1,6,1,1
179,197,35263,376,1230326019,-1,3,-3690978056,1191078144,35056,35212,34839,323,1,9,19,2,2,4,1,6,1,4
179,197,35263,376,1230326019,0,1,-1230326018,1191078144,35056,35212,34839,323,1,9,19,2,2,4,1,6,1,2
179,197,35263,376,1230326019,1,1,-1230326018,1191078144,35056,35212,34839,323,1,9,19,2,2,4,1,6,1,2
179,197,35263,376,1230326019,2,3,-3690978056,1191078144,35056,35212,34839,323,1,9,19,2,2,4,1,6,1,4
179,197,35263,376,1230326019,3,7,-8612282132,1191078144,35056,35212,34839,323,1,9,19,2,2,4,1,6,1,1
179,197,35263,376,1230326019,5,21,-25836846398,1191078144,35056,35212,34839,323,1,9,19,2,2,4,1,6,1,1
179,197,35263,376,1230326019,7,43,-52904018816,1191078144,35056,35212,34839,323,1,9,19,2,2,4,1,6,1,2
179,197,35263,376,1230326019,11,111,-136566188108,1191078144,35056,35212,34839,323,1,9,19,2,2,4,1,6,1,0
179,199,35621,378,1255497789,-2,7,-8788484522,1215637956,89,23,35269,399,1,13,3,2,1,4,3,6,0,1
179,199,35621,378,1255497789,-1,3,-3766493366,1215637956,89,23,35269,399,1,13,3,2,1,4,3,6,0,1
179,199,35621,378,1255497789,0,1,-1255497788,1215637956,89,23,35269,399,1,13,3,2,1,4,3,6,0,1
179,199,35621,378,1255497789,1,1,-1255497788,1215637956,89,23,35269,399,1,13,3,2,1,4,3,6,0,1
179,199,35621,378,1255497789,2,3,-3766493366,1215637956,89,23,35269,399,1,13,3,2,1,4,3,6,0,1
179,199,35621,378,1255497789,3,7,-8788484522,1215637956,89,23,35269,399,1,13,3,2,1,4,3,6,0,1
179,199,35621,378,1255497789,5,21,-26365453568,1215637956,89,23,35269,399,1,13,3,2,1,4,3,6,0,1
179,199,35621,378,1255497789,7,43,-53986404926,1215637956,89,23,35269,399,1,13,3,2,1,4,3,6,0,1
179,199,35621,378,1255497789,11,111,-139360254578,1215637956,89,23,35269,399,1,13,3,2,1,4,3,6,0,1
181,191,34571,372,1182397071,-2,7,-8276779496,1144333584,33484,34300,33931,99,1,1,3,1,2,6,2,3,3,1
181,191,34571,372,1182397071,-1,3,-3547191212,1144333584,33484,34300,33931,99,1,1,3,1,2,6,2,3,3,2
181,191,34571,372,1182397071,0,1,-1182397070,1144333584,33484,34300,33931,99,1,1,3,1,2,6,2,3,3,6
181,191,34571,372,1182397071,1,1,-1182397070,1144333584,33484,34300,33931,99,1,1,3,1,2,6,2,3,3,6
181,191,34571,372,1182397071,2,3,-3547191212,1144333584,33484,34300,33931,99,1,1,3,1,2,6,2,3,3,2
181,191,34571,372,1182397071,3,7,-8276779496,1144333584,33484,34300,33931,99,1,1,3,1,2,6,2,3,3,1
181,191,34571,372,1182397071,5,21,-24830338490,1144333584,33484,34300,33931,99,1,1,3,1,2,6,2,3,3,1
181,191,34571,372,1182397071,7,43,-50843074052,1144333584,33484,34300,33931,99,1,1,3,1,2,6,2,3,3,6
181,191,34571,372,1182397071,11,111,-131246074880,1144333584,33484,34300,33931,99,1,1,3,1,2,6,2,3,3,3
181,193,34933,374,1207354117,-2,7,-8451478818,1168682596,34014,34704,34333,143,1,1,1,1,1,6,4,3,6,1
181,193,34933,374,1207354117,-1,3,-3622062350,1168682596,34014,34704,34333,143,1,1,1,1,1,6,4,3,6,3
181,193,34933,374,1207354117,0,1,-1207354116,1168682596,34014,34704,34333,143,1,1,1,1,1,6,4,3,6,4
181,193,34933,374,1207354117,1,1,-1207354116,1168682596,34014,34704,34333,143,1,1,1,1,1,6,4,3,6,4
181,193,34933,374,1207354117,2,3,-3622062350,1168682596,34014,34704,34333,143,1,1,1,1,1,6,4,3,6,3
181,193,34933,374,1207354117,3,7,-8451478818,1168682596,34014,34704,34333,143,1,1,1,1,1,6,4,3,6,1
181,193,34933,374,1207354117,5,21,-25354436456,1168682596,34014,34704,34333,143,1,1,1,1,1,6,4,3,6,1
181,193,34933,374,1207354117,7,43,-51916227030,1168682596,34014,34704,34333,143,1,1,1,1,1,6,4,3,6,4
181,193,34933,374,1207354117,11,111,-134016306986,1168682596,34014,34704,34333,143,1,1,1,1,1,6,4,3,6,5
181,197,35657,378,1258050153,-2,7,-8806351070,1218149604,35170,35536,35161,255,1,1,3,1,2,6,1,3,1,1
181,197,35657,378,1258050153,-1,3,-3774150458,1218149604,35170,35536,35161,255,1,1,3,1,2,6,1,3,1,6
181,197,35657,378,1258050153,0,1,-1258050152,1218149604,35170,35536,35161,255,1,1,3,1,2,6,1,3,1,5
181,197,35657,378,1258050153,1,1,-1258050152,1218149604,35170,35536,35161,255,1,1,3,1,2,6,1,3,1,5
181,197,35657,378,1258050153,2,3,-3774150458,1218149604,35170,35536,35161,255,1,1,3,1,2,6,1,3,1,6
181,197,35657,378,1258050153,3,7,-8806351070,1218149604,35170,35536,35161,255,1,1,3,1,2,6,1,3,1,1
181,197,35657,378,1258050153,5,21,-26419053212,1218149604,35170,35536,35161,255,1,1,3,1,2,6,1,3,1,1
181,197,35657,378,1258050153,7,43,-54096156578,1218149604,35170,35536,35161,255,1,1,3,1,2,6,1,3,1,5
181,197,35657,378,1258050153,11,111,-139643566982,1218149604,35170,35536,35161,255,1,1,3,1,2,6,1,3,1,4
181,199,36019,380,1283789143,-2,7,-8986524000,1243267600,35796,35964,35587,323,1,1,1,1,1,6,3,3,0,1
181,199,36019,380,1283789143,-1,3,-3851367428,1243267600,35796,35964,35587,323,1,1,1,1,1,6,3,3,0,1
181,199,36019,380,1283789143,0,1,-1283789142,1243267600,35796,35964,35587,323,1,1,1,1,1,6,3,3,0,1
181,199,36019,380,1283789143,1,1,-1283789142,1243267600,35796,35964,35587,323,1,1,1,1,1,6,3,3,0,1
181,199,36019,380,1283789143,2,3,-3851367428,1243267600,35796,35964,35587,323,1,1,1,1,1,6,3,3,0,1
181,199,36019,380,1283789143,3,7,-8986524000,1243267600,35796,35964,35587,323,1,1,1,1,1,6,3,3,0,1
181,199,36019,380,1283789143,5,21,-26959572002,1243267600,35796,35964,35587,323,1,1,1,1,1,6,3,3,0,1
181,199,36019,380,1283789143,7,43,-55202933148,1243267600,35796,35964,35587,323,1,1,1,1,1,6,3,3,0,1
181,199,36019,380,1283789143,11,111,-142500594872,1243267600,35796,35964,35587,323,1,1,1,1,1,6,3,3,0,1
191,193,36863,384,1344835587,-2,7,-9413849108,1302921216,35344,36484,36103,3,1,1,3,2,1,2,4,3,6,1
191,193,36863,384,1344835587,-1,3,-4034506760,1302921216,35344,36484,36103,3,1,1,3,2,1,2,4,3,6,3
191,193,36863,384,1344835587,0,1,-1344835586,1302921216,35344,36484,36103,3,1,1,3,2,1,2,4,3,6,4
191,193,36863,384,1344835587,1,1,-1344835586,1302921216,35344,36484,36103,3,1,1,3,2,1,2,4,3,6,4
191,193,36863,384,1344835587,2,3,-4034506760,1302921216,35344,36484,36103,3,1,1,3,2,1,2,4,3,6,3
191,193,36863,384,1344835587,3,7,-9413849108,1302921216,35344,36484,36103,3,1,1,3,2,1,2,4,3,6,1
191,193,36863,384,1344835587,5,21,-28241547326,1302921216,35344,36484,36103,3,1,1,3,2,1,2,4,3,6,1
191,193,36863,384,1344835587,7,43,-57827930240,1302921216,35344,36484,36103,3,1,1,3,2,1,2,4,3,6,4
191,193,36863,384,1344835587,11,111,-149276750156,1302921216,35344,36484,36103,3,1,1,3,2,1,2,4,3,6,5
191,197,37627,388,1401304383,-2,7,-9809130680,1358069904,36220,37276,36891,35,1,3,1,2,2,2,1,3,1,1
191,197,37627,388,1401304383,-1,3,-4203913148,1358069904,36220,37276,36891,35,1,3,1,2,2,2,1,3,1,6
191,197,37627,388,1401304383,0,1,-1401304382,1358069904,36220,37276,36891,35,1,3,1,2,2,2,1,3,1,5
191,197,37627,388,1401304383,1,1,-1401304382,1358069904,36220,37276,36891,35,1,3,1,2,2,2,1,3,1,5
191,197,37627,388,1401304383,2,3,-4203913148,1358069904,36220,37276,36891,35,1,3,1,2,2,2,1,3,1,6
191,197,37627,388,1401304383,3,7,-9809130680,1358069904,36220,37276,36891,35,1,3,1,2,2,2,1,3,1,1
191,197,37627,388,1401304383,5,21,-29427392042,1358069904,36220,37276,36891,35,1,3,1,2,2,2,1,3,1,1
191,197,37627,388,1401304383,7,43,-60256088468,1358069904,36220,37276,36891,35,1,3,1,2,2,2,1,3,1,5
191,197,37627,388,1401304383,11,111,-155544786512,1358069904,36220,37276,36891,35,1,3,1,2,2,2,1,3,1,4
191,199,38009,390,1429974273,-2,7,-10009819910,1386072900,36706,37684,37297,63,1,1,21,2,1,2,3,3,0,1
191,199,38009,390,1429974273,-1,3,-4289922818,1386072900,36706,37684,37297,63,1,1,21,2,1,2,3,3,0,1
191,199,38009,390,1429974273,0,1,-1429974272,1386072900,36706,37684,37297,63,1,1,21,2,1,2,3,3,0,1
191,199,38009,390,1429974273,1,1,-1429974272,1386072900,36706,37684,37297,63,1,1,21,2,1,2,3,3,0,1
191,199,38009,390,1429974273,2,3,-4289922818,1386072900,36706,37684,37297,63,1,1,21,2,1,2,3,3,0,1
191,199,38009,390,1429974273,3,7,-10009819910,1386072900,36706,37684,37297,63,1,1,21,2,1,2,3,3,0,1
191,199,38009,390,1429974273,5,21,-30029459732,1386072900,36706,37684,37297,63,1,1,21,2,1,2,3,3,0,1
191,199,38009,390,1429974273,7,43,-61488893738,1386072900,36706,37684,37297,63,1,1,21,2,1,2,3,3,0,1
191,199,38009,390,1429974273,11,111,-158727144302,1386072900,36706,37684,37297,63,1,1,21,2,1,2,3,3,0,1
193,197,38021,390,1430881941,-2,7,-10016173586,1386966564,36526,37648,37261,15,1,1,3,1,2,4,1,6,1,1
193,197,38021,390,1430881941,-1,3,-4292645822,1386966564,36526,37648,37261,15,1,1,3,1,2,4,1,6,1,4
193,197,38021,390,1430881941,0,1,-1430881940,1386966564,36526,37648,37261,15,1,1,3,1,2,4,1,6,1,2
193,197,38021,390,1430881941,1,1,-1430881940,1386966564,36526,37648,37261,15,1,1,3,1,2,4,1,6,1,2
193,197,38021,390,1430881941,2,3,-4292645822,1386966564,36526,37648,37261,15,1,1,3,1,2,4,1,6,1,4
193,197,38021,390,1430881941,3,7,-10016173586,1386966564,36526,37648,37261,15,1,1,3,1,2,4,1,6,1,1
193,197,38021,390,1430881941,5,21,-30048520760,1386966564,36526,37648,37261,15,1,1,3,1,2,4,1,6,1,1
193,197,38021,390,1430881941,7,43,-61527923462,1386966564,36526,37648,37261,15,1,1,3,1,2,4,1,6,1,2
193,197,38021,390,1430881941,11,111,-158827895450,1386966564,36526,37648,37261,15,1,1,3,1,2,4,1,6,1,0
193,199,38407,392,1460156971,-2,7,-10221098796,1415565376,36984,38052,37663,35,1,1,1,1,1,4,3,6,0,1
193,199,38407,392,1460156971,-1,3,-4380470912,1415565376,36984,38052,37663,35,1,1,1,1,1,4,3,6,0,1
193,199,38407,392,1460156971,0,1,-1460156970,1415565376,36984,38052,37663,35,1,1,1,1,1,4,3,6,0,1
193,199,38407,392,1460156971,1,1,-1460156970,1415565376,36984,38052,37663,35,1,1,1,1,1,4,3,6,0,1
193,199,38407,392,1460156971,2,3,-4380470912,1415565376,36984,38052,37663,35,1,1,1,1,1,4,3,6,0,1
193,199,38407,392,1460156971,3,7,-10221098796,1415565376,36984,38052,37663,35,1,1,1,1,1,4,3,6,0,1
193,199,38407,392,1460156971,5,21,-30663296390,1415565376,36984,38052,37663,35,1,1,1,1,1,4,3,6,0,1
193,199,38407,392,1460156971,7,43,-62786749752,1415565376,36984,38052,37663,35,1,1,1,1,1,4,3,6,0,1
193,199,38407,392,1460156971,11,111,-162077423780,1415565376,36984,38052,37663,35,1,1,1,1,1,4,3,6,0,1
197,199,39203,396,1521468039,-2,7,-10650276272,1475481744,37636,38812,38419,3,1,1,3,2,1,1,3,1,0,1
197,199,39203,396,1521468039,-1,3,-4564404116,1475481744,37636,38812,38419,3,1,1,3,2,1,1,3,1,0,1
197,199,39203,396,1521468039,0,1,-1521468038,1475481744,37636,38812,38419,3,1,1,3,2,1,1,3,1,0,1
197,199,39203,396,1521468039,1,1,-1521468038,1475481744,37636,38812,38419,3,1,1,3,2,1,1,3,1,0,1
197,199,39203,396,1521468039,2,3,-4564404116,1475481744,37636,38812,38419,3,1,1,3,2,1,1,3,1,0,1
197,199,39203,396,1521468039,3,7,-10650276272,1475481744,37636,38812,38419,3,1,1,3,2,1,1,3,1,0,1
197,199,39203,396,1521468039,5,21,-31950828818,1475481744,37636,38812,38419,3,1,1,3,2,1,1,3,1,0,1
197,199,39203,396,1521468039,7,43,-65423125676,1475481744,37636,38812,38419,3,1,1,3,2,1,1,3,1,0,1
197,199,39203,396,1521468039,11,111,-168882952328,1475481744,37636,38812,38419,3,1,1,3,2,1,1,3,1,0,1
