p,q,n,u,A,r,F_r,K3,one_minus_K3,A_recovered,D_u,sqrt_D
2,3,6,5,21,0,1,-20,21,21,9,3
2,3,6,5,21,1,1,-20,21,21,9,3
2,3,6,5,21,2,3,-62,63,21,9,3
2,3,6,5,21,3,7,-146,147,21,9,3
2,3,6,5,21,5,21,-440,441,21,9,3
2,3,6,5,21,7,43,-902,903,21,9,3
2,5,10,7,63,0,1,-62,63,63,9,3
2,5,10,7,63,1,1,-62,63,63,9,3
2,5,10,7,63,2,3,-188,189,63,9,3
2,5,10,7,63,3,7,-440,441,63,9,3
2,5,10,7,63,5,21,-1322,1323,63,9,3
2,5,10,7,63,7,43,-2708,2709,63,9,3
2,7,14,9,129,0,1,-128,129,129,9,3
2,7,14,9,129,1,1,-128,129,129,9,3
2,7,14,9,129,2,3,-386,387,129,9,3
2,7,14,9,129,3,7,-902,903,129,9,3
2,7,14,9,129,5,21,-2708,2709,129,9,3
2,7,14,9,129,7,43,-5546,5547,129,9,3
2,11,22,13,333,0,1,-332,333,333,9,3
2,11,22,13,333,1,1,-332,333,333,9,3
2,11,22,13,333,2,3,-998,999,333,9,3
2,11,22,13,333,3,7,-2330,2331,333,9,3
2,11,22,13,333,5,21,-6992,6993,333,9,3
2,11,22,13,333,7,43,-14318,14319,333,9,3
2,13,26,15,471,0,1,-470,471,471,9,3
2,13,26,15,471,1,1,-470,471,471,9,3
2,13,26,15,471,2,3,-1412,1413,471,9,3
2,13,26,15,471,3,7,-3296,3297,471,9,3
2,13,26,15,471,5,21,-9890,9891,471,9,3
2,13,26,15,471,7,43,-20252,20253,471,9,3
2,17,34,19,819,0,1,-818,819,819,9,3
2,17,34,19,819,1,1,-818,819,819,9,3
2,17,34,19,819,2,3,-2456,2457,819,9,3
2,17,34,19,819,3,7,-5732,5733,819,9,3
2,17,34,19,819,5,21,-17198,17199,819,9,3
2,17,34,19,819,7,43,-35216,35217,819,9,3
2,19,38,21,1029,0,1,-1028,1029,1029,9,3
2,19,38,21,1029,1,1,-1028,1029,1029,9,3
2,19,38,21,1029,2,3,-3086,3087,1029,9,3
2,19,38,21,1029,3,7,-7202,7203,1029,9,3
2,19,38,21,1029,5,21,-21608,21609,1029,9,3
2,19,38,21,1029,7,43,-44246,44247,1029,9,3
2,23,46,25,1521,0,1,-1520,1521,1521,9,3
2,23,46,25,1521,1,1,-1520,1521,1521,9,3
2,23,46,25,1521,2,3,-4562,4563,1521,9,3
2,23,46,25,1521,3,7,-10646,10647,1521,9,3
2,23,46,25,1521,5,21,-31940,31941,1521,9,3
2,23,46,25,1521,7,43,-65402,65403,1521,9,3
2,29,58,31,2439,0,1,-2438,2439,2439,9,3
2,29,58,31,2439,1,1,-2438,2439,2439,9,3
2,29,58,31,2439,2,3,-7316,7317,2439,9,3
2,29,58,31,2439,3,7,-17072,17073,2439,9,3
2,29,58,31,2439,5,21,-51218,51219,2439,9,3
2,29,58,31,2439,7,43,-104876,104877,2439,9,3
2,31,62,33,2793,0,1,-2792,2793,2793,9,3
2,31,62,33,2793,1,1,-2792,2793,2793,9,3
2,31,62,33,2793,2,3,-8378,8379,2793,9,3
2,31,62,33,2793,3,7,-19550,19551,2793,9,3
2,31,62,33,2793,5,21,-58652,58653,2793,9,3
2,31,62,33,2793,7,43,-120098,120099,2793,9,3
2,37,74,39,3999,0,1,-3998,3999,3999,9,3
2,37,74,39,3999,1,1,-3998,3999,3999,9,3
2,37,74,39,3999,2,3,-11996,11997,3999,9,3
2,37,74,39,3999,3,7,-27992,27993,3999,9,3
2,37,74,39,3999,5,21,-83978,83979,3999,9,3
2,37,74,39,3999,7,43,-171956,171957,3999,9,3
2,41,82,43,4923,0,1,-4922,4923,4923,9,3
2,41,82,43,4923,1,1,-4922,4923,4923,9,3
2,41,82,43,4923,2,3,-14768,14769,4923,9,3
2,41,82,43,4923,3,7,-34460,34461,4923,9,3
2,41,82,43,4923,5,21,-103382,103383,4923,9,3
2,41,82,43,4923,7,43,-211688,211689,4923,9,3
2,43,86,45,5421,0,1,-5420,5421,5421,9,3
2,43,86,45,5421,1,1,-5420,5421,5421,9,3
2,43,86,45,5421,2,3,-16262,16263,5421,9,3
2,43,86,45,5421,3,7,-37946,37947,5421,9,3
2,43,86,45,5421,5,21,-113840,113841,5421,9,3
2,43,86,45,5421,7,43,-233102,233103,5421,9,3
2,47,94,49,6489,0,1,-6488,6489,6489,9,3
2,47,94,49,6489,1,1,-6488,6489,6489,9,3
2,47,94,49,6489,2,3,-19466,19467,6489,9,3
2,47,94,49,6489,3,7,-45422,45423,6489,9,3
2,47,94,49,6489,5,21,-136268,136269,6489,9,3
2,47,94,49,6489,7,43,-279026,279027,6489,9,3
2,53,106,55,8271,0,1,-8270,8271,8271,9,3
2,53,106,55,8271,1,1,-8270,8271,8271,9,3
2,53,106,55,8271,2,3,-24812,24813,8271,9,3
2,53,106,55,8271,3,7,-57896,57897,8271,9,3
2,53,106,55,8271,5,21,-173690,173691,8271,9,3
2,53,106,55,8271,7,43,-355652,355653,8271,9,3
2,59,118,61,10269,0,1,-10268,10269,10269,9,3
2,59,118,61,10269,1,1,-10268,10269,10269,9,3
2,59,118,61,10269,2,3,-30806,30807,10269,9,3
2,59,118,61,10269,3,7,-71882,71883,10269,9,3
2,59,118,61,10269,5,21,-215648,215649,10269,9,3
2,59,118,61,10269,7,43,-441566,441567,10269,9,3
2,61,122,63,10983,0,1,-10982,10983,10983,9,3
2,61,122,63,10983,1,1,-10982,10983,10983,9,3
2,61,122,63,10983,2,3,-32948,32949,10983,9,3
2,61,122,63,10983,3,7,-76880,76881,10983,9,3
2,61,122,63,10983,5,21,-230642,230643,10983,9,3
2,61,122,63,10983,7,43,-472268,472269,10983,9,3
2,67,134,69,13269,0,1,-13268,13269,13269,9,3
2,67,134,69,13269,1,1,-13268,13269,13269,9,3
2,67,134,69,13269,2,3,-39806,39807,13269,9,3
2,67,134,69,13269,3,7,-92882,92883,13269,9,3
2,67,134,69,13269,5,21,-278648,278649,13269,9,3
2,67,134,69,13269,7,43,-570566,570567,13269,9,3
2,71,142,73,14913,0,1,-14912,14913,14913,9,3
2,71,142,73,14913,1,1,-14912,14913,14913,9,3
2,71,142,73,14913,2,3,-44738,44739,14913,9,3
2,71,142,73,14913,3,7,-104390,104391,14913,9,3
2,71,142,73,14913,5,21,-313172,313173,14913,9,3
2,71,142,73,14913,7,43,-641258,641259,14913,9,3
2,73,146,75,15771,0,1,-15770,15771,15771,9,3
2,73,146,75,15771,1,1,-15770,15771,15771,9,3
2,73,146,75,15771,2,3,-47312,47313,15771,9,3
2,73,146,75,15771,3,7,-110396,110397,15771,9,3
2,73,146,75,15771,5,21,-331190,331191,15771,9,3
2,73,146,75,15771,7,43,-678152,678153,15771,9,3
2,79,158,81,18489,0,1,-18488,18489,18489,9,3
2,79,158,81,18489,1,1,-18488,18489,18489,9,3
2,79,158,81,18489,2,3,-55466,55467,18489,9,3
2,79,158,81,18489,3,7,-129422,129423,18489,9,3
2,79,158,81,18489,5,21,-388268,388269,18489,9,3
2,79,158,81,18489,7,43,-795026,795027,18489,9,3
2,83,166,85,20421,0,1,-20420,20421,20421,9,3
2,83,166,85,20421,1,1,-20420,20421,20421,9,3
2,83,166,85,20421,2,3,-61262,61263,20421,9,3
2,83,166,85,20421,3,7,-142946,142947,20421,9,3
2,83,166,85,20421,5,21,-428840,428841,20421,9,3
2,83,166,85,20421,7,43,-878102,878103,20421,9,3
2,89,178,91,23499,0,1,-23498,23499,23499,9,3
2,89,178,91,23499,1,1,-23498,23499,23499,9,3
2,89,178,91,23499,2,3,-70496,70497,23499,9,3
2,89,178,91,23499,3,7,-164492,164493,23499,9,3
2,89,178,91,23499,5,21,-493478,493479,23499,9,3
2,89,178,91,23499,7,43,-1010456,1010457,23499,9,3
2,97,194,99,27939,0,1,-27938,27939,27939,9,3
2,97,194,99,27939,1,1,-27938,27939,27939,9,3
2,97,194,99,27939,2,3,-83816,83817,27939,9,3
2,97,194,99,27939,3,7,-195572,195573,27939,9,3
2,97,194,99,27939,5,21,-586718,586719,27939,9,3
2,97,194,99,27939,7,43,-1201376,1201377,27939,9,3
2,101,202,103,30303,0,1,-30302,30303,30303,9,3
2,101,202,103,30303,1,1,-30302,30303,30303,9,3
2,101,202,103,30303,2,3,-90908,90909,30303,9,3
2,101,202,103,30303,3,7,-212120,212121,30303,9,3
2,101,202,103,30303,5,21,-636362,636363,30303,9,3
2,101,202,103,30303,7,43,-1303028,1303029,30303,9,3
2,103,206,105,31521,0,1,-31520,31521,31521,9,3
2,103,206,105,31521,1,1,-31520,31521,31521,9,3
2,103,206,105,31521,2,3,-94562,94563,31521,9,3
2,103,206,105,31521,3,7,-220646,220647,31521,9,3
2,103,206,105,31521,5,21,-661940,661941,31521,9,3
2,103,206,105,31521,7,43,-1355402,1355403,31521,9,3
2,107,214,109,34029,0,1,-34028,34029,34029,9,3
2,107,214,109,34029,1,1,-34028,34029,34029,9,3
2,107,214,109,34029,2,3,-102086,102087,34029,9,3
2,107,214,109,34029,3,7,-238202,238203,34029,9,3
2,107,214,109,34029,5,21,-714608,714609,34029,9,3
2,107,214,109,34029,7,43,-1463246,1463247,34029,9,3
2,109,218,111,35319,0,1,-35318,35319,35319,9,3
2,109,218,111,35319,1,1,-35318,35319,35319,9,3
2,109,218,111,35319,2,3,-105956,105957,35319,9,3
2,109,218,111,35319,3,7,-247232,247233,35319,9,3
2,109,218,111,35319,5,21,-741698,741699,35319,9,3
2,109,218,111,35319,7,43,-1518716,1518717,35319,9,3
2,113,226,115,37971,0,1,-37970,37971,37971,9,3
2,113,226,115,37971,1,1,-37970,37971,37971,9,3
2,113,226,115,37971,2,3,-113912,113913,37971,9,3
2,113,226,115,37971,3,7,-265796,265797,37971,9,3
2,113,226,115,37971,5,21,-797390,797391,37971,9,3
2,113,226,115,37971,7,43,-1632752,1632753,37971,9,3
2,127,254,129,48009,0,1,-48008,48009,48009,9,3
2,127,254,129,48009,1,1,-48008,48009,48009,9,3
2,127,254,129,48009,2,3,-144026,144027,48009,9,3
2,127,254,129,48009,3,7,-336062,336063,48009,9,3
2,127,254,129,48009,5,21,-1008188,1008189,48009,9,3
2,127,254,129,48009,7,43,-2064386,2064387,48009,9,3
2,131,262,133,51093,0,1,-51092,51093,51093,9,3
2,131,262,133,51093,1,1,-51092,51093,51093,9,3
2,131,262,133,51093,2,3,-153278,153279,51093,9,3
2,131,262,133,51093,3,7,-357650,357651,51093,9,3
2,131,262,133,51093,5,21,-1072952,1072953,51093,9,3
2,131,262,133,51093,7,43,-2196998,2196999,51093,9,3
2,137,274,139,55899,0,1,-55898,55899,55899,9,3
2,137,274,139,55899,1,1,-55898,55899,55899,9,3
2,137,274,139,55899,2,3,-167696,167697,55899,9,3
2,137,274,139,55899,3,7,-391292,391293,55899,9,3
2,137,274,139,55899,5,21,-1173878,1173879,55899,9,3
2,137,274,139,55899,7,43,-2403656,2403657,55899,9,3
2,139,278,141,57549,0,1,-57548,57549,57549,9,3
2,139,278,141,57549,1,1,-57548,57549,57549,9,3
2,139,278,141,57549,2,3,-172646,172647,57549,9,3
2,139,278,141,57549,3,7,-402842,402843,57549,9,3
2,139,278,141,57549,5,21,-1208528,1208529,57549,9,3
2,139,278,141,57549,7,43,-2474606,2474607,57549,9,3
2,149,298,151,66159,0,1,-66158,66159,66159,9,3
2,149,298,151,66159,1,1,-66158,66159,66159,9,3
2,149,298,151,66159,2,3,-198476,198477,66159,9,3
2,149,298,151,66159,3,7,-463112,463113,66159,9,3
2,149,298,151,66159,5,21,-1389338,1389339,66159,9,3
2,149,298,151,66159,7,43,-2844836,2844837,66159,9,3
2,151,302,153,67953,0,1,-67952,67953,67953,9,3
2,151,302,153,67953,1,1,-67952,67953,67953,9,3
2,151,302,153,67953,2,3,-203858,203859,67953,9,3
2,151,302,153,67953,3,7,-475670,475671,67953,9,3
2,151,302,153,67953,5,21,-1427012,1427013,67953,9,3
2,151,302,153,67953,7,43,-2921978,2921979,67953,9,3
2,157,314,159,73479,0,1,-73478,73479,73479,9,3
2,157,314,159,73479,1,1,-73478,73479,73479,9,3
2,157,314,159,73479,2,3,-220436,220437,73479,9,3
2,157,314,159,73479,3,7,-514352,514353,73479,9,3
2,157,314,159,73479,5,21,-1543058,1543059,73479,9,3
2,157,314,159,73479,7,43,-3159596,3159597,73479,9,3
2,163,326,165,79221,0,1,-79220,79221,79221,9,3
2,163,326,165,79221,1,1,-79220,79221,79221,9,3
2,163,326,165,79221,2,3,-237662,237663,79221,9,3
2,163,326,165,79221,3,7,-554546,554547,79221,9,3
2,163,326,165,79221,5,21,-1663640,1663641,79221,9,3
2,163,326,165,79221,7,43,-3406502,3406503,79221,9,3
2,167,334,169,83169,0,1,-83168,83169,83169,9,3
2,167,334,169,83169,1,1,-83168,83169,83169,9,3
2,167,334,169,83169,2,3,-249506,249507,83169,9,3
2,167,334,169,83169,3,7,-582182,582183,83169,9,3
2,167,334,169,83169,5,21,-1746548,1746549,83169,9,3
2,167,334,169,83169,7,43,-3576266,3576267,83169,9,3
2,173,346,175,89271,0,1,-89270,89271,89271,9,3
2,173,346,175,89271,1,1,-89270,89271,89271,9,3
2,173,346,175,89271,2,3,-267812,267813,89271,9,3
2,173,346,175,89271,3,7,-624896,624897,89271,9,3
2,173,346,175,89271,5,21,-1874690,1874691,89271,9,3
2,173,346,175,89271,7,43,-3838652,3838653,89271,9,3
2,179,358,181,95589,0,1,-95588,95589,95589,9,3
2,179,358,181,95589,1,1,-95588,95589,95589,9,3
2,179,358,181,95589,2,3,-286766,286767,95589,9,3
2,179,358,181,95589,3,7,-669122,669123,95589,9,3
2,179,358,181,95589,5,21,-2007368,2007369,95589,9,3
2,179,358,181,95589,7,43,-4110326,4110327,95589,9,3
2,181,362,183,97743,0,1,-97742,97743,97743,9,3
2,181,362,183,97743,1,1,-97742,97743,97743,9,3
2,181,362,183,97743,2,3,-293228,293229,97743,9,3
2,181,362,183,97743,3,7,-684200,684201,97743,9,3
2,181,362,183,97743,5,21,-2052602,2052603,97743,9,3
2,181,362,183,97743,7,43,-4202948,4202949,97743,9,3
2,191,382,193,108873,0,1,-108872,108873,108873,9,3
2,191,382,193,108873,1,1,-108872,108873,108873,9,3
2,191,382,193,108873,2,3,-326618,326619,108873,9,3
2,191,382,193,108873,3,7,-762110,762111,108873,9,3
2,191,382,193,108873,5,21,-2286332,2286333,108873,9,3
2,191,382,193,108873,7,43,-4681538,4681539,108873,9,3
2,193,386,195,111171,0,1,-111170,111171,111171,9,3
2,193,386,195,111171,1,1,-111170,111171,111171,9,3
2,193,386,195,111171,2,3,-333512,333513,111171,9,3
2,193,386,195,111171,3,7,-778196,778197,111171,9,3
2,193,386,195,111171,5,21,-2334590,2334591,111171,9,3
2,193,386,195,111171,7,43,-4780352,4780353,111171,9,3
2,197,394,199,115839,0,1,-115838,115839,115839,9,3
2,197,394,199,115839,1,1,-115838,115839,115839,9,3
2,197,394,199,115839,2,3,-347516,347517,115839,9,3
2,197,394,199,115839,3,7,-810872,810873,115839,9,3
2,197,394,199,115839,5,21,-2432618,2432619,115839,9,3
2,197,394,199,115839,7,43,-4981076,4981077,115839,9,3
2,199,398,201,118209,0,1,-118208,118209,118209,9,3
2,199,398,201,118209,1,1,-118208,118209,118209,9,3
2,199,398,201,118209,2,3,-354626,354627,118209,9,3
2,199,398,201,118209,3,7,-827462,827463,118209,9,3
2,199,398,201,118209,5,21,-2482388,2482389,118209,9,3
2,199,398,201,118209,7,43,-5082986,5082987,118209,9,3
2,211,422,213,132933,0,1,-132932,132933,132933,9,3
2,211,422,213,132933,1,1,-132932,132933,132933,9,3
2,211,422,213,132933,2,3,-398798,398799,132933,9,3
2,211,422,213,132933,3,7,-930530,930531,132933,9,3
2,211,422,213,132933,5,21,-2791592,2791593,132933,9,3
2,211,422,213,132933,7,43,-5716118,5716119,132933,9,3
2,223,446,225,148521,0,1,-148520,148521,148521,9,3
2,223,446,225,148521,1,1,-148520,148521,148521,9,3
2,223,446,225,148521,2,3,-445562,445563,148521,9,3
2,223,446,225,148521,3,7,-1039646,1039647,148521,9,3
2,223,446,225,148521,5,21,-3118940,3118941,148521,9,3
2,223,446,225,148521,7,43,-6386402,6386403,148521,9,3
2,227,454,229,153909,0,1,-153908,153909,153909,9,3
2,227,454,229,153909,1,1,-153908,153909,153909,9,3
2,227,454,229,153909,2,3,-461726,461727,153909,9,3
2,227,454,229,153909,3,7,-1077362,1077363,153909,9,3
2,227,454,229,153909,5,21,-3232088,3232089,153909,9,3
2,227,454,229,153909,7,43,-6618086,6618087,153909,9,3
2,229,458,231,156639,0,1,-156638,156639,156639,9,3
2,229,458,231,156639,1,1,-156638,156639,156639,9,3
2,229,458,231,156639,2,3,-469916,469917,156639,9,3
2,229,458,231,156639,3,7,-1096472,1096473,156639,9,3
2,229,458,231,156639,5,21,-3289418,3289419,156639,9,3
2,229,458,231,156639,7,43,-6735476,6735477,156639,9,3
2,233,466,235,162171,0,1,-162170,162171,162171,9,3
2,233,466,235,162171,1,1,-162170,162171,162171,9,3
2,233,466,235,162171,2,3,-486512,486513,162171,9,3
2,233,466,235,162171,3,7,-1135196,1135197,162171,9,3
2,233,466,235,162171,5,21,-3405590,3405591,162171,9,3
2,233,466,235,162171,7,43,-6973352,6973353,162171,9,3
2,239,478,241,170649,0,1,-170648,170649,170649,9,3
2,239,478,241,170649,1,1,-170648,170649,170649,9,3
2,239,478,241,170649,2,3,-511946,511947,170649,9,3
2,239,478,241,170649,3,7,-1194542,1194543,170649,9,3
2,239,478,241,170649,5,21,-3583628,3583629,170649,9,3
2,239,478,241,170649,7,43,-7337906,7337907,170649,9,3
2,241,482,243,173523,0,1,-173522,173523,173523,9,3
2,241,482,243,173523,1,1,-173522,173523,173523,9,3
2,241,482,243,173523,2,3,-520568,520569,173523,9,3
2,241,482,243,173523,3,7,-1214660,1214661,173523,9,3
2,241,482,243,173523,5,21,-3643982,3643983,173523,9,3
2,241,482,243,173523,7,43,-7461488,7461489,173523,9,3
2,251,502,253,188253,0,1,-188252,188253,188253,9,3
2,251,502,253,188253,1,1,-188252,188253,188253,9,3
2,251,502,253,188253,2,3,-564758,564759,188253,9,3
2,251,502,253,188253,3,7,-1317770,1317771,188253,9,3
2,251,502,253,188253,5,21,-3953312,3953313,188253,9,3
2,251,502,253,188253,7,43,-8094878,8094879,188253,9,3
2,257,514,259,197379,0,1,-197378,197379,197379,9,3
2,257,514,259,197379,1,1,-197378,197379,197379,9,3
2,257,514,259,197379,2,3,-592136,592137,197379,9,3
2,257,514,259,197379,3,7,-1381652,1381653,197379,9,3
2,257,514,259,197379,5,21,-4144958,4144959,197379,9,3
2,257,514,259,197379,7,43,-8487296,8487297,197379,9,3
2,263,526,265,206721,0,1,-206720,206721,206721,9,3
2,263,526,265,206721,1,1,-206720,206721,206721,9,3
2,263,526,265,206721,2,3,-620162,620163,206721,9,3
2,263,526,265,206721,3,7,-1447046,1447047,206721,9,3
2,263,526,265,206721,5,21,-4341140,4341141,206721,9,3
2,263,526,265,206721,7,43,-8889002,8889003,206721,9,3
2,269,538,271,216279,0,1,-216278,216279,216279,9,3
2,269,538,271,216279,1,1,-216278,216279,216279,9,3
2,269,538,271,216279,2,3,-648836,648837,216279,9,3
2,269,538,271,216279,3,7,-1513952,1513953,216279,9,3
2,269,538,271,216279,5,21,-4541858,4541859,216279,9,3
2,269,538,271,216279,7,43,-9299996,9299997,216279,9,3
2,271,542,273,219513,0,1,-219512,219513,219513,9,3
2,271,542,273,219513,1,1,-219512,219513,219513,9,3
2,271,542,273,219513,2,3,-658538,658539,219513,9,3
2,271,542,273,219513,3,7,-1536590,1536591,219513,9,3
2,271,542,273,219513,5,21,-4609772,4609773,219513,9,3
2,271,542,273,219513,7,43,-9439058,9439059,219513,9,3
2,277,554,279,229359,0,1,-229358,229359,229359,9,3
2,277,554,279,229359,1,1,-229358,229359,229359,9,3
2,277,554,279,229359,2,3,-688076,688077,229359,9,3
2,277,554,279,229359,3,7,-1605512,1605513,229359,9,3
2,277,554,279,229359,5,21,-4816538,4816539,229359,9,3
2,277,554,279,229359,7,43,-9862436,9862437,229359,9,3
2,281,562,283,236043,0,1,-236042,236043,236043,9,3
2,281,562,283,236043,1,1,-236042,236043,236043,9,3
2,281,562,283,236043,2,3,-708128,708129,236043,9,3
2,281,562,283,236043,3,7,-1652300,1652301,236043,9,3
2,281,562,283,236043,5,21,-4956902,4956903,236043,9,3
2,281,562,283,236043,7,43,-10149848,10149849,236043,9,3
2,283,566,285,239421,0,1,-239420,239421,239421,9,3
2,283,566,285,239421,1,1,-239420,239421,239421,9,3
2,283,566,285,239421,2,3,-718262,718263,239421,9,3
2,283,566,285,239421,3,7,-1675946,1675947,239421,9,3
2,283,566,285,239421,5,21,-5027840,5027841,239421,9,3
2,283,566,285,239421,7,43,-10295102,10295103,239421,9,3
2,293,586,295,256671,0,1,-256670,256671,256671,9,3
2,293,586,295,256671,1,1,-256670,256671,256671,9,3
2,293,586,295,256671,2,3,-770012,770013,256671,9,3
2,293,586,295,256671,3,7,-1796696,1796697,256671,9,3
2,293,586,295,256671,5,21,-5390090,5390091,256671,9,3
2,293,586,295,256671,7,43,-11036852,11036853,256671,9,3
3,5,15,8,147,0,1,-146,147,147,0,0
3,5,15,8,147,1,1,-146,147,147,0,0
3,5,15,8,147,2,3,-440,441,147,0,0
3,5,15,8,147,3,7,-1028,1029,147,0,0
3,5,15,8,147,5,21,-3086,3087,147,0,0
3,5,15,8,147,7,43,-6320,6321,147,0,0
3,7,21,10,301,0,1,-300,301,301,4,2
3,7,21,10,301,1,1,-300,301,301,4,2
3,7,21,10,301,2,3,-902,903,301,4,2
3,7,21,10,301,3,7,-2106,2107,301,4,2
3,7,21,10,301,5,21,-6320,6321,301,4,2
3,7,21,10,301,7,43,-12942,12943,301,4,2
3,11,33,14,777,0,1,-776,777,777,36,6
3,11,33,14,777,1,1,-776,777,777,36,6
3,11,33,14,777,2,3,-2330,2331,777,36,6
3,11,33,14,777,3,7,-5438,5439,777,36,6
3,11,33,14,777,5,21,-16316,16317,777,36,6
3,11,33,14,777,7,43,-33410,33411,777,36,6
3,13,39,16,1099,0,1,-1098,1099,1099,64,8
3,13,39,16,1099,1,1,-1098,1099,1099,64,8
3,13,39,16,1099,2,3,-3296,3297,1099,64,8
3,13,39,16,1099,3,7,-7692,7693,1099,64,8
3,13,39,16,1099,5,21,-23078,23079,1099,64,8
3,13,39,16,1099,7,43,-47256,47257,1099,64,8
3,17,51,20,1911,0,1,-1910,1911,1911,144,12
3,17,51,20,1911,1,1,-1910,1911,1911,144,12
3,17,51,20,1911,2,3,-5732,5733,1911,144,12
3,17,51,20,1911,3,7,-13376,13377,1911,144,12
3,17,51,20,1911,5,21,-40130,40131,1911,144,12
3,17,51,20,1911,7,43,-82172,82173,1911,144,12
3,19,57,22,2401,0,1,-2400,2401,2401,196,14
3,19,57,22,2401,1,1,-2400,2401,2401,196,14
3,19,57,22,2401,2,3,-7202,7203,2401,196,14
3,19,57,22,2401,3,7,-16806,16807,2401,196,14
3,19,57,22,2401,5,21,-50420,50421,2401,196,14
3,19,57,22,2401,7,43,-103242,103243,2401,196,14
3,23,69,26,3549,0,1,-3548,3549,3549,324,18
3,23,69,26,3549,1,1,-3548,3549,3549,324,18
3,23,69,26,3549,2,3,-10646,10647,3549,324,18
3,23,69,26,3549,3,7,-24842,24843,3549,324,18
3,23,69,26,3549,5,21,-74528,74529,3549,324,18
3,23,69,26,3549,7,43,-152606,152607,3549,324,18
3,29,87,32,5691,0,1,-5690,5691,5691,576,24
3,29,87,32,5691,1,1,-5690,5691,5691,576,24
3,29,87,32,5691,2,3,-17072,17073,5691,576,24
3,29,87,32,5691,3,7,-39836,39837,5691,576,24
3,29,87,32,5691,5,21,-119510,119511,5691,576,24
3,29,87,32,5691,7,43,-244712,244713,5691,576,24
3,31,93,34,6517,0,1,-6516,6517,6517,676,26
3,31,93,34,6517,1,1,-6516,6517,6517,676,26
3,31,93,34,6517,2,3,-19550,19551,6517,676,26
3,31,93,34,6517,3,7,-45618,45619,6517,676,26
3,31,93,34,6517,5,21,-136856,136857,6517,676,26
3,31,93,34,6517,7,43,-280230,280231,6517,676,26
3,37,111,40,9331,0,1,-9330,9331,9331,1024,32
3,37,111,40,9331,1,1,-9330,9331,9331,1024,32
3,37,111,40,9331,2,3,-27992,27993,9331,1024,32
3,37,111,40,9331,3,7,-65316,65317,9331,1024,32
3,37,111,40,9331,5,21,-195950,195951,9331,1024,32
3,37,111,40,9331,7,43,-401232,401233,9331,1024,32
3,41,123,44,11487,0,1,-11486,11487,11487,1296,36
3,41,123,44,11487,1,1,-11486,11487,11487,1296,36
3,41,123,44,11487,2,3,-34460,34461,11487,1296,36
3,41,123,44,11487,3,7,-80408,80409,11487,1296,36
3,41,123,44,11487,5,21,-241226,241227,11487,1296,36
3,41,123,44,11487,7,43,-493940,493941,11487,1296,36
3,43,129,46,12649,0,1,-12648,12649,12649,1444,38
3,43,129,46,12649,1,1,-12648,12649,12649,1444,38
3,43,129,46,12649,2,3,-37946,37947,12649,1444,38
3,43,129,46,12649,3,7,-88542,88543,12649,1444,38
3,43,129,46,12649,5,21,-265628,265629,12649,1444,38
3,43,129,46,12649,7,43,-543906,543907,12649,1444,38
3,47,141,50,15141,0,1,-15140,15141,15141,1764,42
3,47,141,50,15141,1,1,-15140,15141,15141,1764,42
3,47,141,50,15141,2,3,-45422,45423,15141,1764,42
3,47,141,50,15141,3,7,-105986,105987,15141,1764,42
3,47,141,50,15141,5,21,-317960,317961,15141,1764,42
3,47,141,50,15141,7,43,-651062,651063,15141,1764,42
3,53,159,56,19299,0,1,-19298,19299,19299,2304,48
3,53,159,56,19299,1,1,-19298,19299,19299,2304,48
3,53,159,56,19299,2,3,-57896,57897,19299,2304,48
3,53,159,56,19299,3,7,-135092,135093,19299,2304,48
3,53,159,56,19299,5,21,-405278,405279,19299,2304,48
3,53,159,56,19299,7,43,-829856,829857,19299,2304,48
3,59,177,62,23961,0,1,-23960,23961,23961,2916,54
3,59,177,62,23961,1,1,-23960,23961,23961,2916,54
3,59,177,62,23961,2,3,-71882,71883,23961,2916,54
3,59,177,62,23961,3,7,-167726,167727,23961,2916,54
3,59,177,62,23961,5,21,-503180,503181,23961,2916,54
3,59,177,62,23961,7,43,-1030322,1030323,23961,2916,54
3,61,183,64,25627,0,1,-25626,25627,25627,3136,56
3,61,183,64,25627,1,1,-25626,25627,25627,3136,56
3,61,183,64,25627,2,3,-76880,76881,25627,3136,56
3,61,183,64,25627,3,7,-179388,179389,25627,3136,56
3,61,183,64,25627,5,21,-538166,538167,25627,3136,56
3,61,183,64,25627,7,43,-1101960,1101961,25627,3136,56
3,67,201,70,30961,0,1,-30960,30961,30961,3844,62
3,67,201,70,30961,1,1,-30960,30961,30961,3844,62
3,67,201,70,30961,2,3,-92882,92883,30961,3844,62
3,67,201,70,30961,3,7,-216726,216727,30961,3844,62
3,67,201,70,30961,5,21,-650180,650181,30961,3844,62
3,67,201,70,30961,7,43,-1331322,1331323,30961,3844,62
3,71,213,74,34797,0,1,-34796,34797,34797,4356,66
3,71,213,74,34797,1,1,-34796,34797,34797,4356,66
3,71,213,74,34797,2,3,-104390,104391,34797,4356,66
3,71,213,74,34797,3,7,-243578,243579,34797,4356,66
3,71,213,74,34797,5,21,-730736,730737,34797,4356,66
3,71,213,74,34797,7,43,-1496270,1496271,34797,4356,66
3,73,219,76,36799,0,1,-36798,36799,36799,4624,68
3,73,219,76,36799,1,1,-36798,36799,36799,4624,68
3,73,219,76,36799,2,3,-110396,110397,36799,4624,68
3,73,219,76,36799,3,7,-257592,257593,36799,4624,68
3,73,219,76,36799,5,21,-772778,772779,36799,4624,68
3,73,219,76,36799,7,43,-1582356,1582357,36799,4624,68
3,79,237,82,43141,0,1,-43140,43141,43141,5476,74
3,79,237,82,43141,1,1,-43140,43141,43141,5476,74
3,79,237,82,43141,2,3,-129422,129423,43141,5476,74
3,79,237,82,43141,3,7,-301986,301987,43141,5476,74
3,79,237,82,43141,5,21,-905960,905961,43141,5476,74
3,79,237,82,43141,7,43,-1855062,1855063,43141,5476,74
3,83,249,86,47649,0,1,-47648,47649,47649,6084,78
3,83,249,86,47649,1,1,-47648,47649,47649,6084,78
3,83,249,86,47649,2,3,-142946,142947,47649,6084,78
3,83,249,86,47649,3,7,-333542,333543,47649,6084,78
3,83,249,86,47649,5,21,-1000628,1000629,47649,6084,78
3,83,249,86,47649,7,43,-2048906,2048907,47649,6084,78
3,89,267,92,54831,0,1,-54830,54831,54831,7056,84
3,89,267,92,54831,1,1,-54830,54831,54831,7056,84
3,89,267,92,54831,2,3,-164492,164493,54831,7056,84
3,89,267,92,54831,3,7,-383816,383817,54831,7056,84
3,89,267,92,54831,5,21,-1151450,1151451,54831,7056,84
3,89,267,92,54831,7,43,-2357732,2357733,54831,7056,84
3,97,291,100,65191,0,1,-65190,65191,65191,8464,92
3,97,291,100,65191,1,1,-65190,65191,65191,8464,92
3,97,291,100,65191,2,3,-195572,195573,65191,8464,92
3,97,291,100,65191,3,7,-456336,456337,65191,8464,92
3,97,291,100,65191,5,21,-1369010,1369011,65191,8464,92
3,97,291,100,65191,7,43,-2803212,2803213,65191,8464,92
3,101,303,104,70707,0,1,-70706,70707,70707,9216,96
3,101,303,104,70707,1,1,-70706,70707,70707,9216,96
3,101,303,104,70707,2,3,-212120,212121,70707,9216,96
3,101,303,104,70707,3,7,-494948,494949,70707,9216,96
3,101,303,104,70707,5,21,-1484846,1484847,70707,9216,96
3,101,303,104,70707,7,43,-3040400,3040401,70707,9216,96
3,103,309,106,73549,0,1,-73548,73549,73549,9604,98
3,103,309,106,73549,1,1,-73548,73549,73549,9604,98
3,103,309,106,73549,2,3,-220646,220647,73549,9604,98
3,103,309,106,73549,3,7,-514842,514843,73549,9604,98
3,103,309,106,73549,5,21,-1544528,1544529,73549,9604,98
3,103,309,106,73549,7,43,-3162606,3162607,73549,9604,98
3,107,321,110,79401,0,1,-79400,79401,79401,10404,102
3,107,321,110,79401,1,1,-79400,79401,79401,10404,102
3,107,321,110,79401,2,3,-238202,238203,79401,10404,102
3,107,321,110,79401,3,7,-555806,555807,79401,10404,102
3,107,321,110,79401,5,21,-1667420,1667421,79401,10404,102
3,107,321,110,79401,7,43,-3414242,3414243,79401,10404,102
3,109,327,112,82411,0,1,-82410,82411,82411,10816,104
3,109,327,112,82411,1,1,-82410,82411,82411,10816,104
3,109,327,112,82411,2,3,-247232,247233,82411,10816,104
3,109,327,112,82411,3,7,-576876,576877,82411,10816,104
3,109,327,112,82411,5,21,-1730630,1730631,82411,10816,104
3,109,327,112,82411,7,43,-3543672,3543673,82411,10816,104
3,113,339,116,88599,0,1,-88598,88599,88599,11664,108
3,113,339,116,88599,1,1,-88598,88599,88599,11664,108
3,113,339,116,88599,2,3,-265796,265797,88599,11664,108
3,113,339,116,88599,3,7,-620192,620193,88599,11664,108
3,113,339,116,88599,5,21,-1860578,1860579,88599,11664,108
3,113,339,116,88599,7,43,-3809756,3809757,88599,11664,108
3,127,381,130,112021,0,1,-112020,112021,112021,14884,122
3,127,381,130,112021,1,1,-112020,112021,112021,14884,122
3,127,381,130,112021,2,3,-336062,336063,112021,14884,122
3,127,381,130,112021,3,7,-784146,784147,112021,14884,122
3,127,381,130,112021,5,21,-2352440,2352441,112021,14884,122
3,127,381,130,112021,7,43,-4816902,4816903,112021,14884,122
3,131,393,134,119217,0,1,-119216,119217,119217,15876,126
3,131,393,134,119217,1,1,-119216,119217,119217,15876,126
3,131,393,134,119217,2,3,-357650,357651,119217,15876,126
3,131,393,134,119217,3,7,-834518,834519,119217,15876,126
3,131,393,134,119217,5,21,-2503556,2503557,119217,15876,126
3,131,393,134,119217,7,43,-5126330,5126331,119217,15876,126
3,137,411,140,130431,0,1,-130430,130431,130431,17424,132
3,137,411,140,130431,1,1,-130430,130431,130431,17424,132
3,137,411,140,130431,2,3,-391292,391293,130431,17424,132
3,137,411,140,130431,3,7,-913016,913017,130431,17424,132
3,137,411,140,130431,5,21,-2739050,2739051,130431,17424,132
3,137,411,140,130431,7,43,-5608532,5608533,130431,17424,132
3,139,417,142,134281,0,1,-134280,134281,134281,17956,134
3,139,417,142,134281,1,1,-134280,134281,134281,17956,134
3,139,417,142,134281,2,3,-402842,402843,134281,17956,134
3,139,417,142,134281,3,7,-939966,939967,134281,17956,134
3,139,417,142,134281,5,21,-2819900,2819901,134281,17956,134
3,139,417,142,134281,7,43,-5774082,5774083,134281,17956,134
3,149,447,152,154371,0,1,-154370,154371,154371,20736,144
3,149,447,152,154371,1,1,-154370,154371,154371,20736,144
3,149,447,152,154371,2,3,-463112,463113,154371,20736,144
3,149,447,152,154371,3,7,-1080596,1080597,154371,20736,144
3,149,447,152,154371,5,21,-3241790,3241791,154371,20736,144
3,149,447,152,154371,7,43,-6637952,6637953,154371,20736,144
3,151,453,154,158557,0,1,-158556,158557,158557,21316,146
3,151,453,154,158557,1,1,-158556,158557,158557,21316,146
3,151,453,154,158557,2,3,-475670,475671,158557,21316,146
3,151,453,154,158557,3,7,-1109898,1109899,158557,21316,146
3,151,453,154,158557,5,21,-3329696,3329697,158557,21316,146
3,151,453,154,158557,7,43,-6817950,6817951,158557,21316,146
3,157,471,160,171451,0,1,-171450,171451,171451,23104,152
3,157,471,160,171451,1,1,-171450,171451,171451,23104,152
3,157,471,160,171451,2,3,-514352,514353,171451,23104,152
3,157,471,160,171451,3,7,-1200156,1200157,171451,23104,152
3,157,471,160,171451,5,21,-3600470,3600471,171451,23104,152
3,157,471,160,171451,7,43,-7372392,7372393,171451,23104,152
3,163,489,166,184849,0,1,-184848,184849,184849,24964,158
3,163,489,166,184849,1,1,-184848,184849,184849,24964,158
3,163,489,166,184849,2,3,-554546,554547,184849,24964,158
3,163,489,166,184849,3,7,-1293942,1293943,184849,24964,158
3,163,489,166,184849,5,21,-3881828,3881829,184849,24964,158
3,163,489,166,184849,7,43,-7948506,7948507,184849,24964,158
3,167,501,170,194061,0,1,-194060,194061,194061,26244,162
3,167,501,170,194061,1,1,-194060,194061,194061,26244,162
3,167,501,170,194061,2,3,-582182,582183,194061,26244,162
3,167,501,170,194061,3,7,-1358426,1358427,194061,26244,162
3,167,501,170,194061,5,21,-4075280,4075281,194061,26244,162
3,167,501,170,194061,7,43,-8344622,8344623,194061,26244,162
3,173,519,176,208299,0,1,-208298,208299,208299,28224,168
3,173,519,176,208299,1,1,-208298,208299,208299,28224,168
3,173,519,176,208299,2,3,-624896,624897,208299,28224,168
3,173,519,176,208299,3,7,-1458092,1458093,208299,28224,168
3,173,519,176,208299,5,21,-4374278,4374279,208299,28224,168
3,173,519,176,208299,7,43,-8956856,8956857,208299,28224,168
3,179,537,182,223041,0,1,-223040,223041,223041,30276,174
3,179,537,182,223041,1,1,-223040,223041,223041,30276,174
3,179,537,182,223041,2,3,-669122,669123,223041,30276,174
3,179,537,182,223041,3,7,-1561286,1561287,223041,30276,174
3,179,537,182,223041,5,21,-4683860,4683861,223041,30276,174
3,179,537,182,223041,7,43,-9590762,9590763,223041,30276,174
3,181,543,184,228067,0,1,-228066,228067,228067,30976,176
3,181,543,184,228067,1,1,-228066,228067,228067,30976,176
3,181,543,184,228067,2,3,-684200,684201,228067,30976,176
3,181,543,184,228067,3,7,-1596468,1596469,228067,30976,176
3,181,543,184,228067,5,21,-4789406,4789407,228067,30976,176
3,181,543,184,228067,7,43,-9806880,9806881,228067,30976,176
3,191,573,194,254037,0,1,-254036,254037,254037,34596,186
3,191,573,194,254037,1,1,-254036,254037,254037,34596,186
3,191,573,194,254037,2,3,-762110,762111,254037,34596,186
3,191,573,194,254037,3,7,-1778258,1778259,254037,34596,186
3,191,573,194,254037,5,21,-5334776,5334777,254037,34596,186
3,191,573,194,254037,7,43,-10923590,10923591,254037,34596,186
3,193,579,196,259399,0,1,-259398,259399,259399,35344,188
3,193,579,196,259399,1,1,-259398,259399,259399,35344,188
3,193,579,196,259399,2,3,-778196,778197,259399,35344,188
3,193,579,196,259399,3,7,-1815792,1815793,259399,35344,188
3,193,579,196,259399,5,21,-5447378,5447379,259399,35344,188
3,193,579,196,259399,7,43,-11154156,11154157,259399,35344,188
3,197,591,200,270291,0,1,-270290,270291,270291,36864,192
3,197,591,200,270291,1,1,-270290,270291,270291,36864,192
3,197,591,200,270291,2,3,-810872,810873,270291,36864,192
3,197,591,200,270291,3,7,-1892036,1892037,270291,36864,192
3,197,591,200,270291,5,21,-5676110,5676111,270291,36864,192
3,197,591,200,270291,7,43,-11622512,11622513,270291,36864,192
3,199,597,202,275821,0,1,-275820,275821,275821,37636,194
3,199,597,202,275821,1,1,-275820,275821,275821,37636,194
3,199,597,202,275821,2,3,-827462,827463,275821,37636,194
3,199,597,202,275821,3,7,-1930746,1930747,275821,37636,194
3,199,597,202,275821,5,21,-5792240,5792241,275821,37636,194
3,199,597,202,275821,7,43,-11860302,11860303,275821,37636,194
3,211,633,214,310177,0,1,-310176,310177,310177,42436,206
3,211,633,214,310177,1,1,-310176,310177,310177,42436,206
3,211,633,214,310177,2,3,-930530,930531,310177,42436,206
3,211,633,214,310177,3,7,-2171238,2171239,310177,42436,206
3,211,633,214,310177,5,21,-6513716,6513717,310177,42436,206
3,211,633,214,310177,7,43,-13337610,13337611,310177,42436,206
3,223,669,226,346549,0,1,-346548,346549,346549,47524,218
3,223,669,226,346549,1,1,-346548,346549,346549,47524,218
3,223,669,226,346549,2,3,-1039646,1039647,346549,47524,218
3,223,669,226,346549,3,7,-2425842,2425843,346549,47524,218
3,223,669,226,346549,5,21,-7277528,7277529,346549,47524,218
3,223,669,226,346549,7,43,-14901606,14901607,346549,47524,218
3,227,681,230,359121,0,1,-359120,359121,359121,49284,222
3,227,681,230,359121,1,1,-359120,359121,359121,49284,222
3,227,681,230,359121,2,3,-1077362,1077363,359121,49284,222
3,227,681,230,359121,3,7,-2513846,2513847,359121,49284,222
3,227,681,230,359121,5,21,-7541540,7541541,359121,49284,222
3,227,681,230,359121,7,43,-15442202,15442203,359121,49284,222
3,229,687,232,365491,0,1,-365490,365491,365491,50176,224
3,229,687,232,365491,1,1,-365490,365491,365491,50176,224
3,229,687,232,365491,2,3,-1096472,1096473,365491,50176,224
3,229,687,232,365491,3,7,-2558436,2558437,365491,50176,224
3,229,687,232,365491,5,21,-7675310,7675311,365491,50176,224
3,229,687,232,365491,7,43,-15716112,15716113,365491,50176,224
3,233,699,236,378399,0,1,-378398,378399,378399,51984,228
3,233,699,236,378399,1,1,-378398,378399,378399,51984,228
3,233,699,236,378399,2,3,-1135196,1135197,378399,51984,228
3,233,699,236,378399,3,7,-2648792,2648793,378399,51984,228
3,233,699,236,378399,5,21,-7946378,7946379,378399,51984,228
3,233,699,236,378399,7,43,-16271156,16271157,378399,51984,228
3,239,717,242,398181,0,1,-398180,398181,398181,54756,234
3,239,717,242,398181,1,1,-398180,398181,398181,54756,234
3,239,717,242,398181,2,3,-1194542,1194543,398181,54756,234
3,239,717,242,398181,3,7,-2787266,2787267,398181,54756,234
3,239,717,242,398181,5,21,-8361800,8361801,398181,54756,234
3,239,717,242,398181,7,43,-17121782,17121783,398181,54756,234
3,241,723,244,404887,0,1,-404886,404887,404887,55696,236
3,241,723,244,404887,1,1,-404886,404887,404887,55696,236
3,241,723,244,404887,2,3,-1214660,1214661,404887,55696,236
3,241,723,244,404887,3,7,-2834208,2834209,404887,55696,236
3,241,723,244,404887,5,21,-8502626,8502627,404887,55696,236
3,241,723,244,404887,7,43,-17410140,17410141,404887,55696,236
3,251,753,254,439257,0,1,-439256,439257,439257,60516,246
3,251,753,254,439257,1,1,-439256,439257,439257,60516,246
3,251,753,254,439257,2,3,-1317770,1317771,439257,60516,246
3,251,753,254,439257,3,7,-3074798,3074799,439257,60516,246
3,251,753,254,439257,5,21,-9224396,9224397,439257,60516,246
3,251,753,254,439257,7,43,-18888050,18888051,439257,60516,246
3,257,771,260,460551,0,1,-460550,460551,460551,63504,252
3,257,771,260,460551,1,1,-460550,460551,460551,63504,252
3,257,771,260,460551,2,3,-1381652,1381653,460551,63504,252
3,257,771,260,460551,3,7,-3223856,3223857,460551,63504,252
3,257,771,260,460551,5,21,-9671570,9671571,460551,63504,252
3,257,771,260,460551,7,43,-19803692,19803693,460551,63504,252
3,263,789,266,482349,0,1,-482348,482349,482349,66564,258
3,263,789,266,482349,1,1,-482348,482349,482349,66564,258
3,263,789,266,482349,2,3,-1447046,1447047,482349,66564,258
3,263,789,266,482349,3,7,-3376442,3376443,482349,66564,258
3,263,789,266,482349,5,21,-10129328,10129329,482349,66564,258
3,263,789,266,482349,7,43,-20741006,20741007,482349,66564,258
3,269,807,272,504651,0,1,-504650,504651,504651,69696,264
3,269,807,272,504651,1,1,-504650,504651,504651,69696,264
3,269,807,272,504651,2,3,-1513952,1513953,504651,69696,264
3,269,807,272,504651,3,7,-3532556,3532557,504651,69696,264
3,269,807,272,504651,5,21,-10597670,10597671,504651,69696,264
3,269,807,272,504651,7,43,-21699992,21699993,504651,69696,264
3,271,813,274,512197,0,1,-512196,512197,512197,70756,266
3,271,813,274,512197,1,1,-512196,512197,512197,70756,266
3,271,813,274,512197,2,3,-1536590,1536591,512197,70756,266
3,271,813,274,512197,3,7,-3585378,3585379,512197,70756,266
3,271,813,274,512197,5,21,-10756136,10756137,512197,70756,266
3,271,813,274,512197,7,43,-22024470,22024471,512197,70756,266
3,277,831,280,535171,0,1,-535170,535171,535171,73984,272
3,277,831,280,535171,1,1,-535170,535171,535171,73984,272
3,277,831,280,535171,2,3,-1605512,1605513,535171,73984,272
3,277,831,280,535171,3,7,-3746196,3746197,535171,73984,272
3,277,831,280,535171,5,21,-11238590,11238591,535171,73984,272
3,277,831,280,535171,7,43,-23012352,23012353,535171,73984,272
3,281,843,284,550767,0,1,-550766,550767,550767,76176,276
3,281,843,284,550767,1,1,-550766,550767,550767,76176,276
3,281,843,284,550767,2,3,-1652300,1652301,550767,76176,276
3,281,843,284,550767,3,7,-3855368,3855369,550767,76176,276
3,281,843,284,550767,5,21,-11566106,11566107,550767,76176,276
3,281,843,284,550767,7,43,-23682980,23682981,550767,76176,276
3,283,849,286,558649,0,1,-558648,558649,558649,77284,278
3,283,849,286,558649,1,1,-558648,558649,558649,77284,278
3,283,849,286,558649,2,3,-1675946,1675947,558649,77284,278
3,283,849,286,558649,3,7,-3910542,3910543,558649,77284,278
3,283,849,286,558649,5,21,-11731628,11731629,558649,77284,278
3,283,849,286,558649,7,43,-24021906,24021907,558649,77284,278
3,293,879,296,598899,0,1,-598898,598899,598899,82944,288
3,293,879,296,598899,1,1,-598898,598899,598899,82944,288
3,293,879,296,598899,2,3,-1796696,1796697,598899,82944,288
3,293,879,296,598899,3,7,-4192292,4192293,598899,82944,288
3,293,879,296,598899,5,21,-12576878,12576879,598899,82944,288
3,293,879,296,598899,7,43,-25752656,25752657,598899,82944,288
5,7,35,12,903,0,1,-902,903,903,144,12
5,7,35,12,903,1,1,-902,903,903,144,12
5,7,35,12,903,2,3,-2708,2709,903,144,12
5,7,35,12,903,3,7,-6320,6321,903,144,12
5,7,35,12,903,5,21,-18962,18963,903,144,12
5,7,35,12,903,7,43,-38828,38829,903,144,12
5,11,55,16,2331,0,1,-2330,2331,2331,576,24
5,11,55,16,2331,1,1,-2330,2331,2331,576,24
5,11,55,16,2331,2,3,-6992,6993,2331,576,24
5,11,55,16,2331,3,7,-16316,16317,2331,576,24
5,11,55,16,2331,5,21,-48950,48951,2331,576,24
5,11,55,16,2331,7,43,-100232,100233,2331,576,24
5,13,65,18,3297,0,1,-3296,3297,3297,900,30
5,13,65,18,3297,1,1,-3296,3297,3297,900,30
5,13,65,18,3297,2,3,-9890,9891,3297,900,30
5,13,65,18,3297,3,7,-23078,23079,3297,900,30
5,13,65,18,3297,5,21,-69236,69237,3297,900,30
5,13,65,18,3297,7,43,-141770,141771,3297,900,30
5,17,85,22,5733,0,1,-5732,5733,5733,1764,42
5,17,85,22,5733,1,1,-5732,5733,5733,1764,42
5,17,85,22,5733,2,3,-17198,17199,5733,1764,42
5,17,85,22,5733,3,7,-40130,40131,5733,1764,42
5,17,85,22,5733,5,21,-120392,120393,5733,1764,42
5,17,85,22,5733,7,43,-246518,246519,5733,1764,42
5,19,95,24,7203,0,1,-7202,7203,7203,2304,48
5,19,95,24,7203,1,1,-7202,7203,7203,2304,48
5,19,95,24,7203,2,3,-21608,21609,7203,2304,48
5,19,95,24,7203,3,7,-50420,50421,7203,2304,48
5,19,95,24,7203,5,21,-151262,151263,7203,2304,48
5,19,95,24,7203,7,43,-309728,309729,7203,2304,48
5,23,115,28,10647,0,1,-10646,10647,10647,3600,60
5,23,115,28,10647,1,1,-10646,10647,10647,3600,60
5,23,115,28,10647,2,3,-31940,31941,10647,3600,60
5,23,115,28,10647,3,7,-74528,74529,10647,3600,60
5,23,115,28,10647,5,21,-223586,223587,10647,3600,60
5,23,115,28,10647,7,43,-457820,457821,10647,3600,60
5,29,145,34,17073,0,1,-17072,17073,17073,6084,78
5,29,145,34,17073,1,1,-17072,17073,17073,6084,78
5,29,145,34,17073,2,3,-51218,51219,17073,6084,78
5,29,145,34,17073,3,7,-119510,119511,17073,6084,78
5,29,145,34,17073,5,21,-358532,358533,17073,6084,78
5,29,145,34,17073,7,43,-734138,734139,17073,6084,78
5,31,155,36,19551,0,1,-19550,19551,19551,7056,84
5,31,155,36,19551,1,1,-19550,19551,19551,7056,84
5,31,155,36,19551,2,3,-58652,58653,19551,7056,84
5,31,155,36,19551,3,7,-136856,136857,19551,7056,84
5,31,155,36,19551,5,21,-410570,410571,19551,7056,84
5,31,155,36,19551,7,43,-840692,840693,19551,7056,84
5,37,185,42,27993,0,1,-27992,27993,27993,10404,102
5,37,185,42,27993,1,1,-27992,27993,27993,10404,102
5,37,185,42,27993,2,3,-83978,83979,27993,10404,102
5,37,185,42,27993,3,7,-195950,195951,27993,10404,102
5,37,185,42,27993,5,21,-587852,587853,27993,10404,102
5,37,185,42,27993,7,43,-1203698,1203699,27993,10404,102
5,41,205,46,34461,0,1,-34460,34461,34461,12996,114
5,41,205,46,34461,1,1,-34460,34461,34461,12996,114
5,41,205,46,34461,2,3,-103382,103383,34461,12996,114
5,41,205,46,34461,3,7,-241226,241227,34461,12996,114
5,41,205,46,34461,5,21,-723680,723681,34461,12996,114
5,41,205,46,34461,7,43,-1481822,1481823,34461,12996,114
5,43,215,48,37947,0,1,-37946,37947,37947,14400,120
5,43,215,48,37947,1,1,-37946,37947,37947,14400,120
5,43,215,48,37947,2,3,-113840,113841,37947,14400,120
5,43,215,48,37947,3,7,-265628,265629,37947,14400,120
5,43,215,48,37947,5,21,-796886,796887,37947,14400,120
5,43,215,48,37947,7,43,-1631720,1631721,37947,14400,120
5,47,235,52,45423,0,1,-45422,45423,45423,17424,132
5,47,235,52,45423,1,1,-45422,45423,45423,17424,132
5,47,235,52,45423,2,3,-136268,136269,45423,17424,132
5,47,235,52,45423,3,7,-317960,317961,45423,17424,132
5,47,235,52,45423,5,21,-953882,953883,45423,17424,132
5,47,235,52,45423,7,43,-1953188,1953189,45423,17424,132
5,53,265,58,57897,0,1,-57896,57897,57897,22500,150
5,53,265,58,57897,1,1,-57896,57897,57897,22500,150
5,53,265,58,57897,2,3,-173690,173691,57897,22500,150
5,53,265,58,57897,3,7,-405278,405279,57897,22500,150
5,53,265,58,57897,5,21,-1215836,1215837,57897,22500,150
5,53,265,58,57897,7,43,-2489570,2489571,57897,22500,150
5,59,295,64,71883,0,1,-71882,71883,71883,28224,168
5,59,295,64,71883,1,1,-71882,71883,71883,28224,168
5,59,295,64,71883,2,3,-215648,215649,71883,28224,168
5,59,295,64,71883,3,7,-503180,503181,71883,28224,168
5,59,295,64,71883,5,21,-1509542,1509543,71883,28224,168
5,59,295,64,71883,7,43,-3090968,3090969,71883,28224,168
5,61,305,66,76881,0,1,-76880,76881,76881,30276,174
5,61,305,66,76881,1,1,-76880,76881,76881,30276,174
5,61,305,66,76881,2,3,-230642,230643,76881,30276,174
5,61,305,66,76881,3,7,-538166,538167,76881,30276,174
5,61,305,66,76881,5,21,-1614500,1614501,76881,30276,174
5,61,305,66,76881,7,43,-3305882,3305883,76881,30276,174
5,67,335,72,92883,0,1,-92882,92883,92883,36864,192
5,67,335,72,92883,1,1,-92882,92883,92883,36864,192
5,67,335,72,92883,2,3,-278648,278649,92883,36864,192
5,67,335,72,92883,3,7,-650180,650181,92883,36864,192
5,67,335,72,92883,5,21,-1950542,1950543,92883,36864,192
5,67,335,72,92883,7,43,-3993968,3993969,92883,36864,192
5,71,355,76,104391,0,1,-104390,104391,104391,41616,204
5,71,355,76,104391,1,1,-104390,104391,104391,41616,204
5,71,355,76,104391,2,3,-313172,313173,104391,41616,204
5,71,355,76,104391,3,7,-730736,730737,104391,41616,204
5,71,355,76,104391,5,21,-2192210,2192211,104391,41616,204
5,71,355,76,104391,7,43,-4488812,4488813,104391,41616,204
5,73,365,78,110397,0,1,-110396,110397,110397,44100,210
5,73,365,78,110397,1,1,-110396,110397,110397,44100,210
5,73,365,78,110397,2,3,-331190,331191,110397,44100,210
5,73,365,78,110397,3,7,-772778,772779,110397,44100,210
5,73,365,78,110397,5,21,-2318336,2318337,110397,44100,210
5,73,365,78,110397,7,43,-4747070,4747071,110397,44100,210
5,79,395,84,129423,0,1,-129422,129423,129423,51984,228
5,79,395,84,129423,1,1,-129422,129423,129423,51984,228
5,79,395,84,129423,2,3,-388268,388269,129423,51984,228
5,79,395,84,129423,3,7,-905960,905961,129423,51984,228
5,79,395,84,129423,5,21,-2717882,2717883,129423,51984,228
5,79,395,84,129423,7,43,-5565188,5565189,129423,51984,228
5,83,415,88,142947,0,1,-142946,142947,142947,57600,240
5,83,415,88,142947,1,1,-142946,142947,142947,57600,240
5,83,415,88,142947,2,3,-428840,428841,142947,57600,240
5,83,415,88,142947,3,7,-1000628,1000629,142947,57600,240
5,83,415,88,142947,5,21,-3001886,3001887,142947,57600,240
5,83,415,88,142947,7,43,-6146720,6146721,142947,57600,240
5,89,445,94,164493,0,1,-164492,164493,164493,66564,258
5,89,445,94,164493,1,1,-164492,164493,164493,66564,258
5,89,445,94,164493,2,3,-493478,493479,164493,66564,258
5,89,445,94,164493,3,7,-1151450,1151451,164493,66564,258
5,89,445,94,164493,5,21,-3454352,3454353,164493,66564,258
5,89,445,94,164493,7,43,-7073198,7073199,164493,66564,258
5,97,485,102,195573,0,1,-195572,195573,195573,79524,282
5,97,485,102,195573,1,1,-195572,195573,195573,79524,282
5,97,485,102,195573,2,3,-586718,586719,195573,79524,282
5,97,485,102,195573,3,7,-1369010,1369011,195573,79524,282
5,97,485,102,195573,5,21,-4107032,4107033,195573,79524,282
5,97,485,102,195573,7,43,-8409638,8409639,195573,79524,282
5,101,505,106,212121,0,1,-212120,212121,212121,86436,294
5,101,505,106,212121,1,1,-212120,212121,212121,86436,294
5,101,505,106,212121,2,3,-636362,636363,212121,86436,294
5,101,505,106,212121,3,7,-1484846,1484847,212121,86436,294
5,101,505,106,212121,5,21,-4454540,4454541,212121,86436,294
5,101,505,106,212121,7,43,-9121202,9121203,212121,86436,294
5,103,515,108,220647,0,1,-220646,220647,220647,90000,300
5,103,515,108,220647,1,1,-220646,220647,220647,90000,300
5,103,515,108,220647,2,3,-661940,661941,220647,90000,300
5,103,515,108,220647,3,7,-1544528,1544529,220647,90000,300
5,103,515,108,220647,5,21,-4633586,4633587,220647,90000,300
5,103,515,108,220647,7,43,-9487820,9487821,220647,90000,300
5,107,535,112,238203,0,1,-238202,238203,238203,97344,312
5,107,535,112,238203,1,1,-238202,238203,238203,97344,312
5,107,535,112,238203,2,3,-714608,714609,238203,97344,312
5,107,535,112,238203,3,7,-1667420,1667421,238203,97344,312
5,107,535,112,238203,5,21,-5002262,5002263,238203,97344,312
5,107,535,112,238203,7,43,-10242728,10242729,238203,97344,312
5,109,545,114,247233,0,1,-247232,247233,247233,101124,318
5,109,545,114,247233,1,1,-247232,247233,247233,101124,318
5,109,545,114,247233,2,3,-741698,741699,247233,101124,318
5,109,545,114,247233,3,7,-1730630,1730631,247233,101124,318
5,109,545,114,247233,5,21,-5191892,5191893,247233,101124,318
5,109,545,114,247233,7,43,-10631018,10631019,247233,101124,318
5,113,565,118,265797,0,1,-265796,265797,265797,108900,330
5,113,565,118,265797,1,1,-265796,265797,265797,108900,330
5,113,565,118,265797,2,3,-797390,797391,265797,108900,330
5,113,565,118,265797,3,7,-1860578,1860579,265797,108900,330
5,113,565,118,265797,5,21,-5581736,5581737,265797,108900,330
5,113,565,118,265797,7,43,-11429270,11429271,265797,108900,330
5,127,635,132,336063,0,1,-336062,336063,336063,138384,372
5,127,635,132,336063,1,1,-336062,336063,336063,138384,372
5,127,635,132,336063,2,3,-1008188,1008189,336063,138384,372
5,127,635,132,336063,3,7,-2352440,2352441,336063,138384,372
5,127,635,132,336063,5,21,-7057322,7057323,336063,138384,372
5,127,635,132,336063,7,43,-14450708,14450709,336063,138384,372
5,131,655,136,357651,0,1,-357650,357651,357651,147456,384
5,131,655,136,357651,1,1,-357650,357651,357651,147456,384
5,131,655,136,357651,2,3,-1072952,1072953,357651,147456,384
5,131,655,136,357651,3,7,-2503556,2503557,357651,147456,384
5,131,655,136,357651,5,21,-7510670,7510671,357651,147456,384
5,131,655,136,357651,7,43,-15378992,15378993,357651,147456,384
5,137,685,142,391293,0,1,-391292,391293,391293,161604,402
5,137,685,142,391293,1,1,-391292,391293,391293,161604,402
5,137,685,142,391293,2,3,-1173878,1173879,391293,161604,402
5,137,685,142,391293,3,7,-2739050,2739051,391293,161604,402
5,137,685,142,391293,5,21,-8217152,8217153,391293,161604,402
5,137,685,142,391293,7,43,-16825598,16825599,391293,161604,402
5,139,695,144,402843,0,1,-402842,402843,402843,166464,408
5,139,695,144,402843,1,1,-402842,402843,402843,166464,408
5,139,695,144,402843,2,3,-1208528,1208529,402843,166464,408
5,139,695,144,402843,3,7,-2819900,2819901,402843,166464,408
5,139,695,144,402843,5,21,-8459702,8459703,402843,166464,408
5,139,695,144,402843,7,43,-17322248,17322249,402843,166464,408
5,149,745,154,463113,0,1,-463112,463113,463113,191844,438
5,149,745,154,463113,1,1,-463112,463113,463113,191844,438
5,149,745,154,463113,2,3,-1389338,1389339,463113,191844,438
5,149,745,154,463113,3,7,-3241790,3241791,463113,191844,438
5,149,745,154,463113,5,21,-9725372,9725373,463113,191844,438
5,149,745,154,463113,7,43,-19913858,19913859,463113,191844,438
5,151,755,156,475671,0,1,-475670,475671,475671,197136,444
5,151,755,156,475671,1,1,-475670,475671,475671,197136,444
5,151,755,156,475671,2,3,-1427012,1427013,475671,197136,444
5,151,755,156,475671,3,7,-3329696,3329697,475671,197136,444
5,151,755,156,475671,5,21,-9989090,9989091,475671,197136,444
5,151,755,156,475671,7,43,-20453852,20453853,475671,197136,444
5,157,785,162,514353,0,1,-514352,514353,514353,213444,462
5,157,785,162,514353,1,1,-514352,514353,514353,213444,462
5,157,785,162,514353,2,3,-1543058,1543059,514353,213444,462
5,157,785,162,514353,3,7,-3600470,3600471,514353,213444,462
5,157,785,162,514353,5,21,-10801412,10801413,514353,213444,462
5,157,785,162,514353,7,43,-22117178,22117179,514353,213444,462
5,163,815,168,554547,0,1,-554546,554547,554547,230400,480
5,163,815,168,554547,1,1,-554546,554547,554547,230400,480
5,163,815,168,554547,2,3,-1663640,1663641,554547,230400,480
5,163,815,168,554547,3,7,-3881828,3881829,554547,230400,480
5,163,815,168,554547,5,21,-11645486,11645487,554547,230400,480
5,163,815,168,554547,7,43,-23845520,23845521,554547,230400,480
5,167,835,172,582183,0,1,-582182,582183,582183,242064,492
5,167,835,172,582183,1,1,-582182,582183,582183,242064,492
5,167,835,172,582183,2,3,-1746548,1746549,582183,242064,492
5,167,835,172,582183,3,7,-4075280,4075281,582183,242064,492
5,167,835,172,582183,5,21,-12225842,12225843,582183,242064,492
5,167,835,172,582183,7,43,-25033868,25033869,582183,242064,492
5,173,865,178,624897,0,1,-624896,624897,624897,260100,510
5,173,865,178,624897,1,1,-624896,624897,624897,260100,510
5,173,865,178,624897,2,3,-1874690,1874691,624897,260100,510
5,173,865,178,624897,3,7,-4374278,4374279,624897,260100,510
5,173,865,178,624897,5,21,-13122836,13122837,624897,260100,510
5,173,865,178,624897,7,43,-26870570,26870571,624897,260100,510
5,179,895,184,669123,0,1,-669122,669123,669123,278784,528
5,179,895,184,669123,1,1,-669122,669123,669123,278784,528
5,179,895,184,669123,2,3,-2007368,2007369,669123,278784,528
5,179,895,184,669123,3,7,-4683860,4683861,669123,278784,528
5,179,895,184,669123,5,21,-14051582,14051583,669123,278784,528
5,179,895,184,669123,7,43,-28772288,28772289,669123,278784,528
5,181,905,186,684201,0,1,-684200,684201,684201,285156,534
5,181,905,186,684201,1,1,-684200,684201,684201,285156,534
5,181,905,186,684201,2,3,-2052602,2052603,684201,285156,534
5,181,905,186,684201,3,7,-4789406,4789407,684201,285156,534
5,181,905,186,684201,5,21,-14368220,14368221,684201,285156,534
5,181,905,186,684201,7,43,-29420642,29420643,684201,285156,534
5,191,955,196,762111,0,1,-762110,762111,762111,318096,564
5,191,955,196,762111,1,1,-762110,762111,762111,318096,564
5,191,955,196,762111,2,3,-2286332,2286333,762111,318096,564
5,191,955,196,762111,3,7,-5334776,5334777,762111,318096,564
5,191,955,196,762111,5,21,-16004330,16004331,762111,318096,564
5,191,955,196,762111,7,43,-32770772,32770773,762111,318096,564
5,193,965,198,778197,0,1,-778196,778197,778197,324900,570
5,193,965,198,778197,1,1,-778196,778197,778197,324900,570
5,193,965,198,778197,2,3,-2334590,2334591,778197,324900,570
5,193,965,198,778197,3,7,-5447378,5447379,778197,324900,570
5,193,965,198,778197,5,21,-16342136,16342137,778197,324900,570
5,193,965,198,778197,7,43,-33462470,33462471,778197,324900,570
5,197,985,202,810873,0,1,-810872,810873,810873,338724,582
5,197,985,202,810873,1,1,-810872,810873,810873,338724,582
5,197,985,202,810873,2,3,-2432618,2432619,810873,338724,582
5,197,985,202,810873,3,7,-5676110,5676111,810873,338724,582
5,197,985,202,810873,5,21,-17028332,17028333,810873,338724,582
5,197,985,202,810873,7,43,-34867538,34867539,810873,338724,582
5,199,995,204,827463,0,1,-827462,827463,827463,345744,588
5,199,995,204,827463,1,1,-827462,827463,827463,345744,588
5,199,995,204,827463,2,3,-2482388,2482389,827463,345744,588
5,199,995,204,827463,3,7,-5792240,5792241,827463,345744,588
5,199,995,204,827463,5,21,-17376722,17376723,827463,345744,588
5,199,995,204,827463,7,43,-35580908,35580909,827463,345744,588
5,211,1055,216,930531,0,1,-930530,930531,930531,389376,624
5,211,1055,216,930531,1,1,-930530,930531,930531,389376,624
5,211,1055,216,930531,2,3,-2791592,2791593,930531,389376,624
5,211,1055,216,930531,3,7,-6513716,6513717,930531,389376,624
5,211,1055,216,930531,5,21,-19541150,19541151,930531,389376,624
5,211,1055,216,930531,7,43,-40012832,40012833,930531,389376,624
5,223,1115,228,1039647,0,1,-1039646,1039647,1039647,435600,660
5,223,1115,228,1039647,1,1,-1039646,1039647,1039647,435600,660
5,223,1115,228,1039647,2,3,-3118940,3118941,1039647,435600,660
5,223,1115,228,1039647,3,7,-7277528,7277529,1039647,435600,660
5,223,1115,228,1039647,5,21,-21832586,21832587,1039647,435600,660
5,223,1115,228,1039647,7,43,-44704820,44704821,1039647,435600,660
5,227,1135,232,1077363,0,1,-1077362,1077363,1077363,451584,672
5,227,1135,232,1077363,1,1,-1077362,1077363,1077363,451584,672
5,227,1135,232,1077363,2,3,-3232088,3232089,1077363,451584,672
5,227,1135,232,1077363,3,7,-7541540,7541541,1077363,451584,672
5,227,1135,232,1077363,5,21,-22624622,22624623,1077363,451584,672
5,227,1135,232,1077363,7,43,-46326608,46326609,1077363,451584,672
5,229,1145,234,1096473,0,1,-1096472,1096473,1096473,459684,678
5,229,1145,234,1096473,1,1,-1096472,1096473,1096473,459684,678
5,229,1145,234,1096473,2,3,-3289418,3289419,1096473,459684,678
5,229,1145,234,1096473,3,7,-7675310,7675311,1096473,459684,678
5,229,1145,234,1096473,5,21,-23025932,23025933,1096473,459684,678
5,229,1145,234,1096473,7,43,-47148338,47148339,1096473,459684,678
5,233,1165,238,1135197,0,1,-1135196,1135197,1135197,476100,690
5,233,1165,238,1135197,1,1,-1135196,1135197,1135197,476100,690
5,233,1165,238,1135197,2,3,-3405590,3405591,1135197,476100,690
5,233,1165,238,1135197,3,7,-7946378,7946379,1135197,476100,690
5,233,1165,238,1135197,5,21,-23839136,23839137,1135197,476100,690
5,233,1165,238,1135197,7,43,-48813470,48813471,1135197,476100,690
5,239,1195,244,1194543,0,1,-1194542,1194543,1194543,501264,708
5,239,1195,244,1194543,1,1,-1194542,1194543,1194543,501264,708
5,239,1195,244,1194543,2,3,-3583628,3583629,1194543,501264,708
5,239,1195,244,1194543,3,7,-8361800,8361801,1194543,501264,708
5,239,1195,244,1194543,5,21,-25085402,25085403,1194543,501264,708
5,239,1195,244,1194543,7,43,-51365348,51365349,1194543,501264,708
5,241,1205,246,1214661,0,1,-1214660,1214661,1214661,509796,714
5,241,1205,246,1214661,1,1,-1214660,1214661,1214661,509796,714
5,241,1205,246,1214661,2,3,-3643982,3643983,1214661,509796,714
5,241,1205,246,1214661,3,7,-8502626,8502627,1214661,509796,714
5,241,1205,246,1214661,5,21,-25507880,25507881,1214661,509796,714
5,241,1205,246,1214661,7,43,-52230422,52230423,1214661,509796,714
5,251,1255,256,1317771,0,1,-1317770,1317771,1317771,553536,744
5,251,1255,256,1317771,1,1,-1317770,1317771,1317771,553536,744
5,251,1255,256,1317771,2,3,-3953312,3953313,1317771,553536,744
5,251,1255,256,1317771,3,7,-9224396,9224397,1317771,553536,744
5,251,1255,256,1317771,5,21,-27673190,27673191,1317771,553536,744
5,251,1255,256,1317771,7,43,-56664152,56664153,1317771,553536,744
5,257,1285,262,1381653,0,1,-1381652,1381653,1381653,580644,762
5,257,1285,262,1381653,1,1,-1381652,1381653,1381653,580644,762
5,257,1285,262,1381653,2,3,-4144958,4144959,1381653,580644,762
5,257,1285,262,1381653,3,7,-9671570,9671571,1381653,580644,762
5,257,1285,262,1381653,5,21,-29014712,29014713,1381653,580644,762
5,257,1285,262,1381653,7,43,-59411078,59411079,1381653,580644,762
5,263,1315,268,1447047,0,1,-1447046,1447047,1447047,608400,780
5,263,1315,268,1447047,1,1,-1447046,1447047,1447047,608400,780
5,263,1315,268,1447047,2,3,-4341140,4341141,1447047,608400,780
5,263,1315,268,1447047,3,7,-10129328,10129329,1447047,608400,780
5,263,1315,268,1447047,5,21,-30387986,30387987,1447047,608400,780
5,263,1315,268,1447047,7,43,-62223020,62223021,1447047,608400,780
5,269,1345,274,1513953,0,1,-1513952,1513953,1513953,636804,798
5,269,1345,274,1513953,1,1,-1513952,1513953,1513953,636804,798
5,269,1345,274,1513953,2,3,-4541858,4541859,1513953,636804,798
5,269,1345,274,1513953,3,7,-10597670,10597671,1513953,636804,798
5,269,1345,274,1513953,5,21,-31793012,31793013,1513953,636804,798
5,269,1345,274,1513953,7,43,-65099978,65099979,1513953,636804,798
5,271,1355,276,1536591,0,1,-1536590,1536591,1536591,646416,804
5,271,1355,276,1536591,1,1,-1536590,1536591,1536591,646416,804
5,271,1355,276,1536591,2,3,-4609772,4609773,1536591,646416,804
5,271,1355,276,1536591,3,7,-10756136,10756137,1536591,646416,804
5,271,1355,276,1536591,5,21,-32268410,32268411,1536591,646416,804
5,271,1355,276,1536591,7,43,-66073412,66073413,1536591,646416,804
5,277,1385,282,1605513,0,1,-1605512,1605513,1605513,675684,822
5,277,1385,282,1605513,1,1,-1605512,1605513,1605513,675684,822
5,277,1385,282,1605513,2,3,-4816538,4816539,1605513,675684,822
5,277,1385,282,1605513,3,7,-11238590,11238591,1605513,675684,822
5,277,1385,282,1605513,5,21,-33715772,33715773,1605513,675684,822
5,277,1385,282,1605513,7,43,-69037058,69037059,1605513,675684,822
5,281,1405,286,1652301,0,1,-1652300,1652301,1652301,695556,834
5,281,1405,286,1652301,1,1,-1652300,1652301,1652301,695556,834
5,281,1405,286,1652301,2,3,-4956902,4956903,1652301,695556,834
5,281,1405,286,1652301,3,7,-11566106,11566107,1652301,695556,834
5,281,1405,286,1652301,5,21,-34698320,34698321,1652301,695556,834
5,281,1405,286,1652301,7,43,-71048942,71048943,1652301,695556,834
5,283,1415,288,1675947,0,1,-1675946,1675947,1675947,705600,840
5,283,1415,288,1675947,1,1,-1675946,1675947,1675947,705600,840
5,283,1415,288,1675947,2,3,-5027840,5027841,1675947,705600,840
5,283,1415,288,1675947,3,7,-11731628,11731629,1675947,705600,840
5,283,1415,288,1675947,5,21,-35194886,35194887,1675947,705600,840
5,283,1415,288,1675947,7,43,-72065720,72065721,1675947,705600,840
5,293,1465,298,1796697,0,1,-1796696,1796697,1796697,756900,870
5,293,1465,298,1796697,1,1,-1796696,1796697,1796697,756900,870
5,293,1465,298,1796697,2,3,-5390090,5390091,1796697,756900,870
5,293,1465,298,1796697,3,7,-12576878,12576879,1796697,756900,870
5,293,1465,298,1796697,5,21,-37730636,37730637,1796697,756900,870
5,293,1465,298,1796697,7,43,-77257970,77257971,1796697,756900,870
7,11,77,18,4773,0,1,-4772,4773,4773,1764,42
7,11,77,18,4773,1,1,-4772,4773,4773,1764,42
7,11,77,18,4773,2,3,-14318,14319,4773,1764,42
7,11,77,18,4773,3,7,-33410,33411,4773,1764,42
7,11,77,18,4773,5,21,-100232,100233,4773,1764,42
7,11,77,18,4773,7,43,-205238,205239,4773,1764,42
7,13,91,20,6751,0,1,-6750,6751,6751,2704,52
7,13,91,20,6751,1,1,-6750,6751,6751,2704,52
7,13,91,20,6751,2,3,-20252,20253,6751,2704,52
7,13,91,20,6751,3,7,-47256,47257,6751,2704,52
7,13,91,20,6751,5,21,-141770,141771,6751,2704,52
7,13,91,20,6751,7,43,-290292,290293,6751,2704,52
7,17,119,24,11739,0,1,-11738,11739,11739,5184,72
7,17,119,24,11739,1,1,-11738,11739,11739,5184,72
7,17,119,24,11739,2,3,-35216,35217,11739,5184,72
7,17,119,24,11739,3,7,-82172,82173,11739,5184,72
7,17,119,24,11739,5,21,-246518,246519,11739,5184,72
7,17,119,24,11739,7,43,-504776,504777,11739,5184,72
7,19,133,26,14749,0,1,-14748,14749,14749,6724,82
7,19,133,26,14749,1,1,-14748,14749,14749,6724,82
7,19,133,26,14749,2,3,-44246,44247,14749,6724,82
7,19,133,26,14749,3,7,-103242,103243,14749,6724,82
7,19,133,26,14749,5,21,-309728,309729,14749,6724,82
7,19,133,26,14749,7,43,-634206,634207,14749,6724,82
7,23,161,30,21801,0,1,-21800,21801,21801,10404,102
7,23,161,30,21801,1,1,-21800,21801,21801,10404,102
7,23,161,30,21801,2,3,-65402,65403,21801,10404,102
7,23,161,30,21801,3,7,-152606,152607,21801,10404,102
7,23,161,30,21801,5,21,-457820,457821,21801,10404,102
7,23,161,30,21801,7,43,-937442,937443,21801,10404,102
7,29,203,36,34959,0,1,-34958,34959,34959,17424,132
7,29,203,36,34959,1,1,-34958,34959,34959,17424,132
7,29,203,36,34959,2,3,-104876,104877,34959,17424,132
7,29,203,36,34959,3,7,-244712,244713,34959,17424,132
7,29,203,36,34959,5,21,-734138,734139,34959,17424,132
7,29,203,36,34959,7,43,-1503236,1503237,34959,17424,132
7,31,217,38,40033,0,1,-40032,40033,40033,20164,142
7,31,217,38,40033,1,1,-40032,40033,40033,20164,142
7,31,217,38,40033,2,3,-120098,120099,40033,20164,142
7,31,217,38,40033,3,7,-280230,280231,40033,20164,142
7,31,217,38,40033,5,21,-840692,840693,40033,20164,142
7,31,217,38,40033,7,43,-1721418,1721419,40033,20164,142
7,37,259,44,57319,0,1,-57318,57319,57319,29584,172
7,37,259,44,57319,1,1,-57318,57319,57319,29584,172
7,37,259,44,57319,2,3,-171956,171957,57319,29584,172
7,37,259,44,57319,3,7,-401232,401233,57319,29584,172
7,37,259,44,57319,5,21,-1203698,1203699,57319,29584,172
7,37,259,44,57319,7,43,-2464716,2464717,57319,29584,172
7,41,287,48,70563,0,1,-70562,70563,70563,36864,192
7,41,287,48,70563,1,1,-70562,70563,70563,36864,192
7,41,287,48,70563,2,3,-211688,211689,70563,36864,192
7,41,287,48,70563,3,7,-493940,493941,70563,36864,192
7,41,287,48,70563,5,21,-1481822,1481823,70563,36864,192
7,41,287,48,70563,7,43,-3034208,3034209,70563,36864,192
7,43,301,50,77701,0,1,-77700,77701,77701,40804,202
7,43,301,50,77701,1,1,-77700,77701,77701,40804,202
7,43,301,50,77701,2,3,-233102,233103,77701,40804,202
7,43,301,50,77701,3,7,-543906,543907,77701,40804,202
7,43,301,50,77701,5,21,-1631720,1631721,77701,40804,202
7,43,301,50,77701,7,43,-3341142,3341143,77701,40804,202
7,47,329,54,93009,0,1,-93008,93009,93009,49284,222
7,47,329,54,93009,1,1,-93008,93009,93009,49284,222
7,47,329,54,93009,2,3,-279026,279027,93009,49284,222
7,47,329,54,93009,3,7,-651062,651063,93009,49284,222
7,47,329,54,93009,5,21,-1953188,1953189,93009,49284,222
7,47,329,54,93009,7,43,-3999386,3999387,93009,49284,222
7,53,371,60,118551,0,1,-118550,118551,118551,63504,252
7,53,371,60,118551,1,1,-118550,118551,118551,63504,252
7,53,371,60,118551,2,3,-355652,355653,118551,63504,252
7,53,371,60,118551,3,7,-829856,829857,118551,63504,252
7,53,371,60,118551,5,21,-2489570,2489571,118551,63504,252
7,53,371,60,118551,7,43,-5097692,5097693,118551,63504,252
7,59,413,66,147189,0,1,-147188,147189,147189,79524,282
7,59,413,66,147189,1,1,-147188,147189,147189,79524,282
7,59,413,66,147189,2,3,-441566,441567,147189,79524,282
7,59,413,66,147189,3,7,-1030322,1030323,147189,79524,282
7,59,413,66,147189,5,21,-3090968,3090969,147189,79524,282
7,59,413,66,147189,7,43,-6329126,6329127,147189,79524,282
7,61,427,68,157423,0,1,-157422,157423,157423,85264,292
7,61,427,68,157423,1,1,-157422,157423,157423,85264,292
7,61,427,68,157423,2,3,-472268,472269,157423,85264,292
7,61,427,68,157423,3,7,-1101960,1101961,157423,85264,292
7,61,427,68,157423,5,21,-3305882,3305883,157423,85264,292
7,61,427,68,157423,7,43,-6769188,6769189,157423,85264,292
7,67,469,74,190189,0,1,-190188,190189,190189,103684,322
7,67,469,74,190189,1,1,-190188,190189,190189,103684,322
7,67,469,74,190189,2,3,-570566,570567,190189,103684,322
7,67,469,74,190189,3,7,-1331322,1331323,190189,103684,322
7,67,469,74,190189,5,21,-3993968,3993969,190189,103684,322
7,67,469,74,190189,7,43,-8178126,8178127,190189,103684,322
7,71,497,78,213753,0,1,-213752,213753,213753,116964,342
7,71,497,78,213753,1,1,-213752,213753,213753,116964,342
7,71,497,78,213753,2,3,-641258,641259,213753,116964,342
7,71,497,78,213753,3,7,-1496270,1496271,213753,116964,342
7,71,497,78,213753,5,21,-4488812,4488813,213753,116964,342
7,71,497,78,213753,7,43,-9191378,9191379,213753,116964,342
7,73,511,80,226051,0,1,-226050,226051,226051,123904,352
7,73,511,80,226051,1,1,-226050,226051,226051,123904,352
7,73,511,80,226051,2,3,-678152,678153,226051,123904,352
7,73,511,80,226051,3,7,-1582356,1582357,226051,123904,352
7,73,511,80,226051,5,21,-4747070,4747071,226051,123904,352
7,73,511,80,226051,7,43,-9720192,9720193,226051,123904,352
7,79,553,86,265009,0,1,-265008,265009,265009,145924,382
7,79,553,86,265009,1,1,-265008,265009,265009,145924,382
7,79,553,86,265009,2,3,-795026,795027,265009,145924,382
7,79,553,86,265009,3,7,-1855062,1855063,265009,145924,382
7,79,553,86,265009,5,21,-5565188,5565189,265009,145924,382
7,79,553,86,265009,7,43,-11395386,11395387,265009,145924,382
7,83,581,90,292701,0,1,-292700,292701,292701,161604,402
7,83,581,90,292701,1,1,-292700,292701,292701,161604,402
7,83,581,90,292701,2,3,-878102,878103,292701,161604,402
7,83,581,90,292701,3,7,-2048906,2048907,292701,161604,402
7,83,581,90,292701,5,21,-6146720,6146721,292701,161604,402
7,83,581,90,292701,7,43,-12586142,12586143,292701,161604,402
7,89,623,96,336819,0,1,-336818,336819,336819,186624,432
7,89,623,96,336819,1,1,-336818,336819,336819,186624,432
7,89,623,96,336819,2,3,-1010456,1010457,336819,186624,432
7,89,623,96,336819,3,7,-2357732,2357733,336819,186624,432
7,89,623,96,336819,5,21,-7073198,7073199,336819,186624,432
7,89,623,96,336819,7,43,-14483216,14483217,336819,186624,432
7,97,679,104,400459,0,1,-400458,400459,400459,222784,472
7,97,679,104,400459,1,1,-400458,400459,400459,222784,472
7,97,679,104,400459,2,3,-1201376,1201377,400459,222784,472
7,97,679,104,400459,3,7,-2803212,2803213,400459,222784,472
7,97,679,104,400459,5,21,-8409638,8409639,400459,222784,472
7,97,679,104,400459,7,43,-17219736,17219737,400459,222784,472
7,101,707,108,434343,0,1,-434342,434343,434343,242064,492
7,101,707,108,434343,1,1,-434342,434343,434343,242064,492
7,101,707,108,434343,2,3,-1303028,1303029,434343,242064,492
7,101,707,108,434343,3,7,-3040400,3040401,434343,242064,492
7,101,707,108,434343,5,21,-9121202,9121203,434343,242064,492
7,101,707,108,434343,7,43,-18676748,18676749,434343,242064,492
7,103,721,110,451801,0,1,-451800,451801,451801,252004,502
7,103,721,110,451801,1,1,-451800,451801,451801,252004,502
7,103,721,110,451801,2,3,-1355402,1355403,451801,252004,502
7,103,721,110,451801,3,7,-3162606,3162607,451801,252004,502
7,103,721,110,451801,5,21,-9487820,9487821,451801,252004,502
7,103,721,110,451801,7,43,-19427442,19427443,451801,252004,502
7,107,749,114,487749,0,1,-487748,487749,487749,272484,522
7,107,749,114,487749,1,1,-487748,487749,487749,272484,522
7,107,749,114,487749,2,3,-1463246,1463247,487749,272484,522
7,107,749,114,487749,3,7,-3414242,3414243,487749,272484,522
7,107,749,114,487749,5,21,-10242728,10242729,487749,272484,522
7,107,749,114,487749,7,43,-20973206,20973207,487749,272484,522
7,109,763,116,506239,0,1,-506238,506239,506239,283024,532
7,109,763,116,506239,1,1,-506238,506239,506239,283024,532
7,109,763,116,506239,2,3,-1518716,1518717,506239,283024,532
7,109,763,116,506239,3,7,-3543672,3543673,506239,283024,532
7,109,763,116,506239,5,21,-10631018,10631019,506239,283024,532
7,109,763,116,506239,7,43,-21768276,21768277,506239,283024,532
7,113,791,120,544251,0,1,-544250,544251,544251,304704,552
7,113,791,120,544251,1,1,-544250,544251,544251,304704,552
7,113,791,120,544251,2,3,-1632752,1632753,544251,304704,552
7,113,791,120,544251,3,7,-3809756,3809757,544251,304704,552
7,113,791,120,544251,5,21,-11429270,11429271,544251,304704,552
7,113,791,120,544251,7,43,-23402792,23402793,544251,304704,552
7,127,889,134,688129,0,1,-688128,688129,688129,386884,622
7,127,889,134,688129,1,1,-688128,688129,688129,386884,622
7,127,889,134,688129,2,3,-2064386,2064387,688129,386884,622
7,127,889,134,688129,3,7,-4816902,4816903,688129,386884,622
7,127,889,134,688129,5,21,-14450708,14450709,688129,386884,622
7,127,889,134,688129,7,43,-29589546,29589547,688129,386884,622
7,131,917,138,732333,0,1,-732332,732333,732333,412164,642
7,131,917,138,732333,1,1,-732332,732333,732333,412164,642
7,131,917,138,732333,2,3,-2196998,2196999,732333,412164,642
7,131,917,138,732333,3,7,-5126330,5126331,732333,412164,642
7,131,917,138,732333,5,21,-15378992,15378993,732333,412164,642
7,131,917,138,732333,7,43,-31490318,31490319,732333,412164,642
7,137,959,144,801219,0,1,-801218,801219,801219,451584,672
7,137,959,144,801219,1,1,-801218,801219,801219,451584,672
7,137,959,144,801219,2,3,-2403656,2403657,801219,451584,672
7,137,959,144,801219,3,7,-5608532,5608533,801219,451584,672
7,137,959,144,801219,5,21,-16825598,16825599,801219,451584,672
7,137,959,144,801219,7,43,-34452416,34452417,801219,451584,672
7,139,973,146,824869,0,1,-824868,824869,824869,465124,682
7,139,973,146,824869,1,1,-824868,824869,824869,465124,682
7,139,973,146,824869,2,3,-2474606,2474607,824869,465124,682
7,139,973,146,824869,3,7,-5774082,5774083,824869,465124,682
7,139,973,146,824869,5,21,-17322248,17322249,824869,465124,682
7,139,973,146,824869,7,43,-35469366,35469367,824869,465124,682
7,149,1043,156,948279,0,1,-948278,948279,948279,535824,732
7,149,1043,156,948279,1,1,-948278,948279,948279,535824,732
7,149,1043,156,948279,2,3,-2844836,2844837,948279,535824,732
7,149,1043,156,948279,3,7,-6637952,6637953,948279,535824,732
7,149,1043,156,948279,5,21,-19913858,19913859,948279,535824,732
7,149,1043,156,948279,7,43,-40775996,40775997,948279,535824,732
7,151,1057,158,973993,0,1,-973992,973993,973993,550564,742
7,151,1057,158,973993,1,1,-973992,973993,973993,550564,742
7,151,1057,158,973993,2,3,-2921978,2921979,973993,550564,742
7,151,1057,158,973993,3,7,-6817950,6817951,973993,550564,742
7,151,1057,158,973993,5,21,-20453852,20453853,973993,550564,742
7,151,1057,158,973993,7,43,-41881698,41881699,973993,550564,742
7,157,1099,164,1053199,0,1,-1053198,1053199,1053199,595984,772
7,157,1099,164,1053199,1,1,-1053198,1053199,1053199,595984,772
7,157,1099,164,1053199,2,3,-3159596,3159597,1053199,595984,772
7,157,1099,164,1053199,3,7,-7372392,7372393,1053199,595984,772
7,157,1099,164,1053199,5,21,-22117178,22117179,1053199,595984,772
7,157,1099,164,1053199,7,43,-45287556,45287557,1053199,595984,772
7,163,1141,170,1135501,0,1,-1135500,1135501,1135501,643204,802
7,163,1141,170,1135501,1,1,-1135500,1135501,1135501,643204,802
7,163,1141,170,1135501,2,3,-3406502,3406503,1135501,643204,802
7,163,1141,170,1135501,3,7,-7948506,7948507,1135501,643204,802
7,163,1141,170,1135501,5,21,-23845520,23845521,1135501,643204,802
7,163,1141,170,1135501,7,43,-48826542,48826543,1135501,643204,802
7,167,1169,174,1192089,0,1,-1192088,1192089,1192089,675684,822
7,167,1169,174,1192089,1,1,-1192088,1192089,1192089,675684,822
7,167,1169,174,1192089,2,3,-3576266,3576267,1192089,675684,822
7,167,1169,174,1192089,3,7,-8344622,8344623,1192089,675684,822
7,167,1169,174,1192089,5,21,-25033868,25033869,1192089,675684,822
7,167,1169,174,1192089,7,43,-51259826,51259827,1192089,675684,822
7,173,1211,180,1279551,0,1,-1279550,1279551,1279551,725904,852
7,173,1211,180,1279551,1,1,-1279550,1279551,1279551,725904,852
7,173,1211,180,1279551,2,3,-3838652,3838653,1279551,725904,852
7,173,1211,180,1279551,3,7,-8956856,8956857,1279551,725904,852
7,173,1211,180,1279551,5,21,-26870570,26870571,1279551,725904,852
7,173,1211,180,1279551,7,43,-55020692,55020693,1279551,725904,852
7,179,1253,186,1370109,0,1,-1370108,1370109,1370109,777924,882
7,179,1253,186,1370109,1,1,-1370108,1370109,1370109,777924,882
7,179,1253,186,1370109,2,3,-4110326,4110327,1370109,777924,882
7,179,1253,186,1370109,3,7,-9590762,9590763,1370109,777924,882
7,179,1253,186,1370109,5,21,-28772288,28772289,1370109,777924,882
7,179,1253,186,1370109,7,43,-58914686,58914687,1370109,777924,882
7,181,1267,188,1400983,0,1,-1400982,1400983,1400983,795664,892
7,181,1267,188,1400983,1,1,-1400982,1400983,1400983,795664,892
7,181,1267,188,1400983,2,3,-4202948,4202949,1400983,795664,892
7,181,1267,188,1400983,3,7,-9806880,9806881,1400983,795664,892
7,181,1267,188,1400983,5,21,-29420642,29420643,1400983,795664,892
7,181,1267,188,1400983,7,43,-60242268,60242269,1400983,795664,892
7,191,1337,198,1560513,0,1,-1560512,1560513,1560513,887364,942
7,191,1337,198,1560513,1,1,-1560512,1560513,1560513,887364,942
7,191,1337,198,1560513,2,3,-4681538,4681539,1560513,887364,942
7,191,1337,198,1560513,3,7,-10923590,10923591,1560513,887364,942
7,191,1337,198,1560513,5,21,-32770772,32770773,1560513,887364,942
7,191,1337,198,1560513,7,43,-67102058,67102059,1560513,887364,942
7,193,1351,200,1593451,0,1,-1593450,1593451,1593451,906304,952
7,193,1351,200,1593451,1,1,-1593450,1593451,1593451,906304,952
7,193,1351,200,1593451,2,3,-4780352,4780353,1593451,906304,952
7,193,1351,200,1593451,3,7,-11154156,11154157,1593451,906304,952
7,193,1351,200,1593451,5,21,-33462470,33462471,1593451,906304,952
7,193,1351,200,1593451,7,43,-68518392,68518393,1593451,906304,952
7,197,1379,204,1660359,0,1,-1660358,1660359,1660359,944784,972
7,197,1379,204,1660359,1,1,-1660358,1660359,1660359,944784,972
7,197,1379,204,1660359,2,3,-4981076,4981077,1660359,944784,972
7,197,1379,204,1660359,3,7,-11622512,11622513,1660359,944784,972
7,197,1379,204,1660359,5,21,-34867538,34867539,1660359,944784,972
7,197,1379,204,1660359,7,43,-71395436,71395437,1660359,944784,972
7,199,1393,206,1694329,0,1,-1694328,1694329,1694329,964324,982
7,199,1393,206,1694329,1,1,-1694328,1694329,1694329,964324,982
7,199,1393,206,1694329,2,3,-5082986,5082987,1694329,964324,982
7,199,1393,206,1694329,3,7,-11860302,11860303,1694329,964324,982
7,199,1393,206,1694329,5,21,-35580908,35580909,1694329,964324,982
7,199,1393,206,1694329,7,43,-72856146,72856147,1694329,964324,982
7,211,1477,218,1905373,0,1,-1905372,1905373,1905373,1085764,1042
7,211,1477,218,1905373,1,1,-1905372,1905373,1905373,1085764,1042
7,211,1477,218,1905373,2,3,-5716118,5716119,1905373,1085764,1042
7,211,1477,218,1905373,3,7,-13337610,13337611,1905373,1085764,1042
7,211,1477,218,1905373,5,21,-40012832,40012833,1905373,1085764,1042
7,211,1477,218,1905373,7,43,-81931038,81931039,1905373,1085764,1042
7,223,1561,230,2128801,0,1,-2128800,2128801,2128801,1214404,1102
7,223,1561,230,2128801,1,1,-2128800,2128801,2128801,1214404,1102
7,223,1561,230,2128801,2,3,-6386402,6386403,2128801,1214404,1102
7,223,1561,230,2128801,3,7,-14901606,14901607,2128801,1214404,1102
7,223,1561,230,2128801,5,21,-44704820,44704821,2128801,1214404,1102
7,223,1561,230,2128801,7,43,-91538442,91538443,2128801,1214404,1102
7,227,1589,234,2206029,0,1,-2206028,2206029,2206029,1258884,1122
7,227,1589,234,2206029,1,1,-2206028,2206029,2206029,1258884,1122
7,227,1589,234,2206029,2,3,-6618086,6618087,2206029,1258884,1122
7,227,1589,234,2206029,3,7,-15442202,15442203,2206029,1258884,1122
7,227,1589,234,2206029,5,21,-46326608,46326609,2206029,1258884,1122
7,227,1589,234,2206029,7,43,-94859246,94859247,2206029,1258884,1122
7,229,1603,236,2245159,0,1,-2245158,2245159,2245159,1281424,1132
7,229,1603,236,2245159,1,1,-2245158,2245159,2245159,1281424,1132
7,229,1603,236,2245159,2,3,-6735476,6735477,2245159,1281424,1132
7,229,1603,236,2245159,3,7,-15716112,15716113,2245159,1281424,1132
7,229,1603,236,2245159,5,21,-47148338,47148339,2245159,1281424,1132
7,229,1603,236,2245159,7,43,-96541836,96541837,2245159,1281424,1132
7,233,1631,240,2324451,0,1,-2324450,2324451,2324451,1327104,1152
7,233,1631,240,2324451,1,1,-2324450,2324451,2324451,1327104,1152
7,233,1631,240,2324451,2,3,-6973352,6973353,2324451,1327104,1152
7,233,1631,240,2324451,3,7,-16271156,16271157,2324451,1327104,1152
7,233,1631,240,2324451,5,21,-48813470,48813471,2324451,1327104,1152
7,233,1631,240,2324451,7,43,-99951392,99951393,2324451,1327104,1152
7,239,1673,246,2445969,0,1,-2445968,2445969,2445969,1397124,1182
7,239,1673,246,2445969,1,1,-2445968,2445969,2445969,1397124,1182
7,239,1673,246,2445969,2,3,-7337906,7337907,2445969,1397124,1182
7,239,1673,246,2445969,3,7,-17121782,17121783,2445969,1397124,1182
7,239,1673,246,2445969,5,21,-51365348,51365349,2445969,1397124,1182
7,239,1673,246,2445969,7,43,-105176666,105176667,2445969,1397124,1182
7,241,1687,248,2487163,0,1,-2487162,2487163,2487163,1420864,1192
7,241,1687,248,2487163,1,1,-2487162,2487163,2487163,1420864,1192
7,241,1687,248,2487163,2,3,-7461488,7461489,2487163,1420864,1192
7,241,1687,248,2487163,3,7,-17410140,17410141,2487163,1420864,1192
7,241,1687,248,2487163,5,21,-52230422,52230423,2487163,1420864,1192
7,241,1687,248,2487163,7,43,-106948008,106948009,2487163,1420864,1192
7,251,1757,258,2698293,0,1,-2698292,2698293,2698293,1542564,1242
7,251,1757,258,2698293,1,1,-2698292,2698293,2698293,1542564,1242
7,251,1757,258,2698293,2,3,-8094878,8094879,2698293,1542564,1242
7,251,1757,258,2698293,3,7,-18888050,18888051,2698293,1542564,1242
7,251,1757,258,2698293,5,21,-56664152,56664153,2698293,1542564,1242
7,251,1757,258,2698293,7,43,-116026598,116026599,2698293,1542564,1242
7,257,1799,264,2829099,0,1,-2829098,2829099,2829099,1617984,1272
7,257,1799,264,2829099,1,1,-2829098,2829099,2829099,1617984,1272
7,257,1799,264,2829099,2,3,-8487296,8487297,2829099,1617984,1272
7,257,1799,264,2829099,3,7,-19803692,19803693,2829099,1617984,1272
7,257,1799,264,2829099,5,21,-59411078,59411079,2829099,1617984,1272
7,257,1799,264,2829099,7,43,-121651256,121651257,2829099,1617984,1272
7,263,1841,270,2963001,0,1,-2963000,2963001,2963001,1695204,1302
7,263,1841,270,2963001,1,1,-2963000,2963001,2963001,1695204,1302
7,263,1841,270,2963001,2,3,-8889002,8889003,2963001,1695204,1302
7,263,1841,270,2963001,3,7,-20741006,20741007,2963001,1695204,1302
7,263,1841,270,2963001,5,21,-62223020,62223021,2963001,1695204,1302
7,263,1841,270,2963001,7,43,-127409042,127409043,2963001,1695204,1302
7,269,1883,276,3099999,0,1,-3099998,3099999,3099999,1774224,1332
7,269,1883,276,3099999,1,1,-3099998,3099999,3099999,1774224,1332
7,269,1883,276,3099999,2,3,-9299996,9299997,3099999,1774224,1332
7,269,1883,276,3099999,3,7,-21699992,21699993,3099999,1774224,1332
7,269,1883,276,3099999,5,21,-65099978,65099979,3099999,1774224,1332
7,269,1883,276,3099999,7,43,-133299956,133299957,3099999,1774224,1332
7,271,1897,278,3146353,0,1,-3146352,3146353,3146353,1800964,1342
7,271,1897,278,3146353,1,1,-3146352,3146353,3146353,1800964,1342
7,271,1897,278,3146353,2,3,-9439058,9439059,3146353,1800964,1342
7,271,1897,278,3146353,3,7,-22024470,22024471,3146353,1800964,1342
7,271,1897,278,3146353,5,21,-66073412,66073413,3146353,1800964,1342
7,271,1897,278,3146353,7,43,-135293178,135293179,3146353,1800964,1342
7,277,1939,284,3287479,0,1,-3287478,3287479,3287479,1882384,1372
7,277,1939,284,3287479,1,1,-3287478,3287479,3287479,1882384,1372
7,277,1939,284,3287479,2,3,-9862436,9862437,3287479,1882384,1372
7,277,1939,284,3287479,3,7,-23012352,23012353,3287479,1882384,1372
7,277,1939,284,3287479,5,21,-69037058,69037059,3287479,1882384,1372
7,277,1939,284,3287479,7,43,-141361596,141361597,3287479,1882384,1372
7,281,1967,288,3383283,0,1,-3383282,3383283,3383283,1937664,1392
7,281,1967,288,3383283,1,1,-3383282,3383283,3383283,1937664,1392
7,281,1967,288,3383283,2,3,-10149848,10149849,3383283,1937664,1392
7,281,1967,288,3383283,3,7,-23682980,23682981,3383283,1937664,1392
7,281,1967,288,3383283,5,21,-71048942,71048943,3383283,1937664,1392
7,281,1967,288,3383283,7,43,-145481168,145481169,3383283,1937664,1392
7,283,1981,290,3431701,0,1,-3431700,3431701,3431701,1965604,1402
7,283,1981,290,3431701,1,1,-3431700,3431701,3431701,1965604,1402
7,283,1981,290,3431701,2,3,-10295102,10295103,3431701,1965604,1402
7,283,1981,290,3431701,3,7,-24021906,24021907,3431701,1965604,1402
7,283,1981,290,3431701,5,21,-72065720,72065721,3431701,1965604,1402
7,283,1981,290,3431701,7,43,-147563142,147563143,3431701,1965604,1402
7,293,2051,300,3678951,0,1,-3678950,3678951,3678951,2108304,1452
7,293,2051,300,3678951,1,1,-3678950,3678951,3678951,2108304,1452
7,293,2051,300,3678951,2,3,-11036852,11036853,3678951,2108304,1452
7,293,2051,300,3678951,3,7,-25752656,25752657,3678951,2108304,1452
7,293,2051,300,3678951,5,21,-77257970,77257971,3678951,2108304,1452
7,293,2051,300,3678951,7,43,-158194892,158194893,3678951,2108304,1452
11,13,143,24,17427,0,1,-17426,17427,17427,9216,96
11,13,143,24,17427,1,1,-17426,17427,17427,9216,96
11,13,143,24,17427,2,3,-52280,52281,17427,9216,96
11,13,143,24,17427,3,7,-121988,121989,17427,9216,96
11,13,143,24,17427,5,21,-365966,365967,17427,9216,96
11,13,143,24,17427,7,43,-749360,749361,17427,9216,96
11,17,187,28,30303,0,1,-30302,30303,30303,17424,132
11,17,187,28,30303,1,1,-30302,30303,30303,17424,132
11,17,187,28,30303,2,3,-90908,90909,30303,17424,132
11,17,187,28,30303,3,7,-212120,212121,30303,17424,132
11,17,187,28,30303,5,21,-636362,636363,30303,17424,132
11,17,187,28,30303,7,43,-1303028,1303029,30303,17424,132
11,19,209,30,38073,0,1,-38072,38073,38073,22500,150
11,19,209,30,38073,1,1,-38072,38073,38073,22500,150
11,19,209,30,38073,2,3,-114218,114219,38073,22500,150
11,19,209,30,38073,3,7,-266510,266511,38073,22500,150
11,19,209,30,38073,5,21,-799532,799533,38073,22500,150
11,19,209,30,38073,7,43,-1637138,1637139,38073,22500,150
11,23,253,34,56277,0,1,-56276,56277,56277,34596,186
11,23,253,34,56277,1,1,-56276,56277,56277,34596,186
11,23,253,34,56277,2,3,-168830,168831,56277,34596,186
11,23,253,34,56277,3,7,-393938,393939,56277,34596,186
11,23,253,34,56277,5,21,-1181816,1181817,56277,34596,186
11,23,253,34,56277,7,43,-2419910,2419911,56277,34596,186
11,29,319,40,90243,0,1,-90242,90243,90243,57600,240
11,29,319,40,90243,1,1,-90242,90243,90243,57600,240
11,29,319,40,90243,2,3,-270728,270729,90243,57600,240
11,29,319,40,90243,3,7,-631700,631701,90243,57600,240
11,29,319,40,90243,5,21,-1895102,1895103,90243,57600,240
11,29,319,40,90243,7,43,-3880448,3880449,90243,57600,240
11,31,341,42,103341,0,1,-103340,103341,103341,66564,258
11,31,341,42,103341,1,1,-103340,103341,103341,66564,258
11,31,341,42,103341,2,3,-310022,310023,103341,66564,258
11,31,341,42,103341,3,7,-723386,723387,103341,66564,258
11,31,341,42,103341,5,21,-2170160,2170161,103341,66564,258
11,31,341,42,103341,7,43,-4443662,4443663,103341,66564,258
11,37,407,48,147963,0,1,-147962,147963,147963,97344,312
11,37,407,48,147963,1,1,-147962,147963,147963,97344,312
11,37,407,48,147963,2,3,-443888,443889,147963,97344,312
11,37,407,48,147963,3,7,-1035740,1035741,147963,97344,312
11,37,407,48,147963,5,21,-3107222,3107223,147963,97344,312
11,37,407,48,147963,7,43,-6362408,6362409,147963,97344,312
11,41,451,52,182151,0,1,-182150,182151,182151,121104,348
11,41,451,52,182151,1,1,-182150,182151,182151,121104,348
11,41,451,52,182151,2,3,-546452,546453,182151,121104,348
11,41,451,52,182151,3,7,-1275056,1275057,182151,121104,348
11,41,451,52,182151,5,21,-3825170,3825171,182151,121104,348
11,41,451,52,182151,7,43,-7832492,7832493,182151,121104,348
11,43,473,54,200577,0,1,-200576,200577,200577,133956,366
11,43,473,54,200577,1,1,-200576,200577,200577,133956,366
11,43,473,54,200577,2,3,-601730,601731,200577,133956,366
11,43,473,54,200577,3,7,-1404038,1404039,200577,133956,366
11,43,473,54,200577,5,21,-4212116,4212117,200577,133956,366
11,43,473,54,200577,7,43,-8624810,8624811,200577,133956,366
11,47,517,58,240093,0,1,-240092,240093,240093,161604,402
11,47,517,58,240093,1,1,-240092,240093,240093,161604,402
11,47,517,58,240093,2,3,-720278,720279,240093,161604,402
11,47,517,58,240093,3,7,-1680650,1680651,240093,161604,402
11,47,517,58,240093,5,21,-5041952,5041953,240093,161604,402
11,47,517,58,240093,7,43,-10323998,10323999,240093,161604,402
11,53,583,64,306027,0,1,-306026,306027,306027,207936,456
11,53,583,64,306027,1,1,-306026,306027,306027,207936,456
11,53,583,64,306027,2,3,-918080,918081,306027,207936,456
11,53,583,64,306027,3,7,-2142188,2142189,306027,207936,456
11,53,583,64,306027,5,21,-6426566,6426567,306027,207936,456
11,53,583,64,306027,7,43,-13159160,13159161,306027,207936,456
11,59,649,70,379953,0,1,-379952,379953,379953,260100,510
11,59,649,70,379953,1,1,-379952,379953,379953,260100,510
11,59,649,70,379953,2,3,-1139858,1139859,379953,260100,510
11,59,649,70,379953,3,7,-2659670,2659671,379953,260100,510
11,59,649,70,379953,5,21,-7979012,7979013,379953,260100,510
11,59,649,70,379953,7,43,-16337978,16337979,379953,260100,510
11,61,671,72,406371,0,1,-406370,406371,406371,278784,528
11,61,671,72,406371,1,1,-406370,406371,406371,278784,528
11,61,671,72,406371,2,3,-1219112,1219113,406371,278784,528
11,61,671,72,406371,3,7,-2844596,2844597,406371,278784,528
11,61,671,72,406371,5,21,-8533790,8533791,406371,278784,528
11,61,671,72,406371,7,43,-17473952,17473953,406371,278784,528
11,67,737,78,490953,0,1,-490952,490953,490953,338724,582
11,67,737,78,490953,1,1,-490952,490953,490953,338724,582
11,67,737,78,490953,2,3,-1472858,1472859,490953,338724,582
11,67,737,78,490953,3,7,-3436670,3436671,490953,338724,582
11,67,737,78,490953,5,21,-10310012,10310013,490953,338724,582
11,67,737,78,490953,7,43,-21110978,21110979,490953,338724,582
11,71,781,82,551781,0,1,-551780,551781,551781,381924,618
11,71,781,82,551781,1,1,-551780,551781,551781,381924,618
11,71,781,82,551781,2,3,-1655342,1655343,551781,381924,618
11,71,781,82,551781,3,7,-3862466,3862467,551781,381924,618
11,71,781,82,551781,5,21,-11587400,11587401,551781,381924,618
11,71,781,82,551781,7,43,-23726582,23726583,551781,381924,618
11,73,803,84,583527,0,1,-583526,583527,583527,404496,636
11,73,803,84,583527,1,1,-583526,583527,583527,404496,636
11,73,803,84,583527,2,3,-1750580,1750581,583527,404496,636
11,73,803,84,583527,3,7,-4084688,4084689,583527,404496,636
11,73,803,84,583527,5,21,-12254066,12254067,583527,404496,636
11,73,803,84,583527,7,43,-25091660,25091661,583527,404496,636
11,79,869,90,684093,0,1,-684092,684093,684093,476100,690
11,79,869,90,684093,1,1,-684092,684093,684093,476100,690
11,79,869,90,684093,2,3,-2052278,2052279,684093,476100,690
11,79,869,90,684093,3,7,-4788650,4788651,684093,476100,690
11,79,869,90,684093,5,21,-14365952,14365953,684093,476100,690
11,79,869,90,684093,7,43,-29415998,29415999,684093,476100,690
11,83,913,94,755577,0,1,-755576,755577,755577,527076,726
11,83,913,94,755577,1,1,-755576,755577,755577,527076,726
11,83,913,94,755577,2,3,-2266730,2266731,755577,527076,726
11,83,913,94,755577,3,7,-5289038,5289039,755577,527076,726
11,83,913,94,755577,5,21,-15867116,15867117,755577,527076,726
11,83,913,94,755577,7,43,-32489810,32489811,755577,527076,726
11,89,979,100,869463,0,1,-869462,869463,869463,608400,780
11,89,979,100,869463,1,1,-869462,869463,869463,608400,780
11,89,979,100,869463,2,3,-2608388,2608389,869463,608400,780
11,89,979,100,869463,3,7,-6086240,6086241,869463,608400,780
11,89,979,100,869463,5,21,-18258722,18258723,869463,608400,780
11,89,979,100,869463,7,43,-37386908,37386909,869463,608400,780
11,97,1067,108,1033743,0,1,-1033742,1033743,1033743,725904,852
11,97,1067,108,1033743,1,1,-1033742,1033743,1033743,725904,852
11,97,1067,108,1033743,2,3,-3101228,3101229,1033743,725904,852
11,97,1067,108,1033743,3,7,-7236200,7236201,1033743,725904,852
11,97,1067,108,1033743,5,21,-21708602,21708603,1033743,725904,852
11,97,1067,108,1033743,7,43,-44450948,44450949,1033743,725904,852
11,101,1111,112,1121211,0,1,-1121210,1121211,1121211,788544,888
11,101,1111,112,1121211,1,1,-1121210,1121211,1121211,788544,888
11,101,1111,112,1121211,2,3,-3363632,3363633,1121211,788544,888
11,101,1111,112,1121211,3,7,-7848476,7848477,1121211,788544,888
11,101,1111,112,1121211,5,21,-23545430,23545431,1121211,788544,888
11,101,1111,112,1121211,7,43,-48212072,48212073,1121211,788544,888
11,103,1133,114,1166277,0,1,-1166276,1166277,1166277,820836,906
11,103,1133,114,1166277,1,1,-1166276,1166277,1166277,820836,906
11,103,1133,114,1166277,2,3,-3498830,3498831,1166277,820836,906
11,103,1133,114,1166277,3,7,-8163938,8163939,1166277,820836,906
11,103,1133,114,1166277,5,21,-24491816,24491817,1166277,820836,906
11,103,1133,114,1166277,7,43,-50149910,50149911,1166277,820836,906
11,107,1177,118,1259073,0,1,-1259072,1259073,1259073,887364,942
11,107,1177,118,1259073,1,1,-1259072,1259073,1259073,887364,942
11,107,1177,118,1259073,2,3,-3777218,3777219,1259073,887364,942
11,107,1177,118,1259073,3,7,-8813510,8813511,1259073,887364,942
11,107,1177,118,1259073,5,21,-26440532,26440533,1259073,887364,942
11,107,1177,118,1259073,7,43,-54140138,54140139,1259073,887364,942
11,109,1199,120,1306803,0,1,-1306802,1306803,1306803,921600,960
11,109,1199,120,1306803,1,1,-1306802,1306803,1306803,921600,960
11,109,1199,120,1306803,2,3,-3920408,3920409,1306803,921600,960
11,109,1199,120,1306803,3,7,-9147620,9147621,1306803,921600,960
11,109,1199,120,1306803,5,21,-27442862,27442863,1306803,921600,960
11,109,1199,120,1306803,7,43,-56192528,56192529,1306803,921600,960
11,113,1243,124,1404927,0,1,-1404926,1404927,1404927,992016,996
11,113,1243,124,1404927,1,1,-1404926,1404927,1404927,992016,996
11,113,1243,124,1404927,2,3,-4214780,4214781,1404927,992016,996
11,113,1243,124,1404927,3,7,-9834488,9834489,1404927,992016,996
11,113,1243,124,1404927,5,21,-29503466,29503467,1404927,992016,996
11,113,1243,124,1404927,7,43,-60411860,60411861,1404927,992016,996
11,127,1397,138,1776333,0,1,-1776332,1776333,1776333,1258884,1122
11,127,1397,138,1776333,1,1,-1776332,1776333,1776333,1258884,1122
11,127,1397,138,1776333,2,3,-5328998,5328999,1776333,1258884,1122
11,127,1397,138,1776333,3,7,-12434330,12434331,1776333,1258884,1122
11,127,1397,138,1776333,5,21,-37302992,37302993,1776333,1258884,1122
11,127,1397,138,1776333,7,43,-76382318,76382319,1776333,1258884,1122
11,131,1441,142,1890441,0,1,-1890440,1890441,1890441,1340964,1158
11,131,1441,142,1890441,1,1,-1890440,1890441,1890441,1340964,1158
11,131,1441,142,1890441,2,3,-5671322,5671323,1890441,1340964,1158
11,131,1441,142,1890441,3,7,-13233086,13233087,1890441,1340964,1158
11,131,1441,142,1890441,5,21,-39699260,39699261,1890441,1340964,1158
11,131,1441,142,1890441,7,43,-81288962,81288963,1890441,1340964,1158
11,137,1507,148,2068263,0,1,-2068262,2068263,2068263,1468944,1212
11,137,1507,148,2068263,1,1,-2068262,2068263,2068263,1468944,1212
11,137,1507,148,2068263,2,3,-6204788,6204789,2068263,1468944,1212
11,137,1507,148,2068263,3,7,-14477840,14477841,2068263,1468944,1212
11,137,1507,148,2068263,5,21,-43433522,43433523,2068263,1468944,1212
11,137,1507,148,2068263,7,43,-88935308,88935309,2068263,1468944,1212
11,139,1529,150,2129313,0,1,-2129312,2129313,2129313,1512900,1230
11,139,1529,150,2129313,1,1,-2129312,2129313,2129313,1512900,1230
11,139,1529,150,2129313,2,3,-6387938,6387939,2129313,1512900,1230
11,139,1529,150,2129313,3,7,-14905190,14905191,2129313,1512900,1230
11,139,1529,150,2129313,5,21,-44715572,44715573,2129313,1512900,1230
11,139,1529,150,2129313,7,43,-91560458,91560459,2129313,1512900,1230
11,149,1639,160,2447883,0,1,-2447882,2447883,2447883,1742400,1320
11,149,1639,160,2447883,1,1,-2447882,2447883,2447883,1742400,1320
11,149,1639,160,2447883,2,3,-7343648,7343649,2447883,1742400,1320
11,149,1639,160,2447883,3,7,-17135180,17135181,2447883,1742400,1320
11,149,1639,160,2447883,5,21,-51405542,51405543,2447883,1742400,1320
11,149,1639,160,2447883,7,43,-105258968,105258969,2447883,1742400,1320
11,151,1661,162,2514261,0,1,-2514260,2514261,2514261,1790244,1338
11,151,1661,162,2514261,1,1,-2514260,2514261,2514261,1790244,1338
11,151,1661,162,2514261,2,3,-7542782,7542783,2514261,1790244,1338
11,151,1661,162,2514261,3,7,-17599826,17599827,2514261,1790244,1338
11,151,1661,162,2514261,5,21,-52799480,52799481,2514261,1790244,1338
11,151,1661,162,2514261,7,43,-108113222,108113223,2514261,1790244,1338
11,157,1727,168,2718723,0,1,-2718722,2718723,2718723,1937664,1392
11,157,1727,168,2718723,1,1,-2718722,2718723,2718723,1937664,1392
11,157,1727,168,2718723,2,3,-8156168,8156169,2718723,1937664,1392
11,157,1727,168,2718723,3,7,-19031060,19031061,2718723,1937664,1392
11,157,1727,168,2718723,5,21,-57093182,57093183,2718723,1937664,1392
11,157,1727,168,2718723,7,43,-116905088,116905089,2718723,1937664,1392
11,163,1793,174,2931177,0,1,-2931176,2931177,2931177,2090916,1446
11,163,1793,174,2931177,1,1,-2931176,2931177,2931177,2090916,1446
11,163,1793,174,2931177,2,3,-8793530,8793531,2931177,2090916,1446
11,163,1793,174,2931177,3,7,-20518238,20518239,2931177,2090916,1446
11,163,1793,174,2931177,5,21,-61554716,61554717,2931177,2090916,1446
11,163,1793,174,2931177,7,43,-126040610,126040611,2931177,2090916,1446
11,167,1837,178,3077253,0,1,-3077252,3077253,3077253,2196324,1482
11,167,1837,178,3077253,1,1,-3077252,3077253,3077253,2196324,1482
11,167,1837,178,3077253,2,3,-9231758,9231759,3077253,2196324,1482
11,167,1837,178,3077253,3,7,-21540770,21540771,3077253,2196324,1482
11,167,1837,178,3077253,5,21,-64622312,64622313,3077253,2196324,1482
11,167,1837,178,3077253,7,43,-132321878,132321879,3077253,2196324,1482
11,173,1903,184,3303027,0,1,-3303026,3303027,3303027,2359296,1536
11,173,1903,184,3303027,1,1,-3303026,3303027,3303027,2359296,1536
11,173,1903,184,3303027,2,3,-9909080,9909081,3303027,2359296,1536
11,173,1903,184,3303027,3,7,-23121188,23121189,3303027,2359296,1536
11,173,1903,184,3303027,5,21,-69363566,69363567,3303027,2359296,1536
11,173,1903,184,3303027,7,43,-142030160,142030161,3303027,2359296,1536
11,179,1969,190,3536793,0,1,-3536792,3536793,3536793,2528100,1590
11,179,1969,190,3536793,1,1,-3536792,3536793,3536793,2528100,1590
11,179,1969,190,3536793,2,3,-10610378,10610379,3536793,2528100,1590
11,179,1969,190,3536793,3,7,-24757550,24757551,3536793,2528100,1590
11,179,1969,190,3536793,5,21,-74272652,74272653,3536793,2528100,1590
11,179,1969,190,3536793,7,43,-152082098,152082099,3536793,2528100,1590
11,181,1991,192,3616491,0,1,-3616490,3616491,3616491,2585664,1608
11,181,1991,192,3616491,1,1,-3616490,3616491,3616491,2585664,1608
11,181,1991,192,3616491,2,3,-10849472,10849473,3616491,2585664,1608
11,181,1991,192,3616491,3,7,-25315436,25315437,3616491,2585664,1608
11,181,1991,192,3616491,5,21,-75946310,75946311,3616491,2585664,1608
11,181,1991,192,3616491,7,43,-155509112,155509113,3616491,2585664,1608
11,191,2101,202,4028301,0,1,-4028300,4028301,4028301,2883204,1698
11,191,2101,202,4028301,1,1,-4028300,4028301,4028301,2883204,1698
11,191,2101,202,4028301,2,3,-12084902,12084903,4028301,2883204,1698
11,191,2101,202,4028301,3,7,-28198106,28198107,4028301,2883204,1698
11,191,2101,202,4028301,5,21,-84594320,84594321,4028301,2883204,1698
11,191,2101,202,4028301,7,43,-173216942,173216943,4028301,2883204,1698
11,193,2123,204,4113327,0,1,-4113326,4113327,4113327,2944656,1716
11,193,2123,204,4113327,1,1,-4113326,4113327,4113327,2944656,1716
11,193,2123,204,4113327,2,3,-12339980,12339981,4113327,2944656,1716
11,193,2123,204,4113327,3,7,-28793288,28793289,4113327,2944656,1716
11,193,2123,204,4113327,5,21,-86379866,86379867,4113327,2944656,1716
11,193,2123,204,4113327,7,43,-176873060,176873061,4113327,2944656,1716
11,197,2167,208,4286043,0,1,-4286042,4286043,4286043,3069504,1752
11,197,2167,208,4286043,1,1,-4286042,4286043,4286043,3069504,1752
11,197,2167,208,4286043,2,3,-12858128,12858129,4286043,3069504,1752
11,197,2167,208,4286043,3,7,-30002300,30002301,4286043,3069504,1752
11,197,2167,208,4286043,5,21,-90006902,90006903,4286043,3069504,1752
11,197,2167,208,4286043,7,43,-184299848,184299849,4286043,3069504,1752
11,199,2189,210,4373733,0,1,-4373732,4373733,4373733,3132900,1770
11,199,2189,210,4373733,1,1,-4373732,4373733,4373733,3132900,1770
11,199,2189,210,4373733,2,3,-13121198,13121199,4373733,3132900,1770
11,199,2189,210,4373733,3,7,-30616130,30616131,4373733,3132900,1770
11,199,2189,210,4373733,5,21,-91848392,91848393,4373733,3132900,1770
11,199,2189,210,4373733,7,43,-188070518,188070519,4373733,3132900,1770
11,211,2321,222,4918521,0,1,-4918520,4918521,4918521,3526884,1878
11,211,2321,222,4918521,1,1,-4918520,4918521,4918521,3526884,1878
11,211,2321,222,4918521,2,3,-14755562,14755563,4918521,3526884,1878
11,211,2321,222,4918521,3,7,-34429646,34429647,4918521,3526884,1878
11,211,2321,222,4918521,5,21,-103288940,103288941,4918521,3526884,1878
11,211,2321,222,4918521,7,43,-211496402,211496403,4918521,3526884,1878
11,223,2453,234,5495277,0,1,-5495276,5495277,5495277,3944196,1986
11,223,2453,234,5495277,1,1,-5495276,5495277,5495277,3944196,1986
11,223,2453,234,5495277,2,3,-16485830,16485831,5495277,3944196,1986
11,223,2453,234,5495277,3,7,-38466938,38466939,5495277,3944196,1986
11,223,2453,234,5495277,5,21,-115400816,115400817,5495277,3944196,1986
11,223,2453,234,5495277,7,43,-236296910,236296911,5495277,3944196,1986
11,227,2497,238,5694633,0,1,-5694632,5694633,5694633,4088484,2022
11,227,2497,238,5694633,1,1,-5694632,5694633,5694633,4088484,2022
11,227,2497,238,5694633,2,3,-17083898,17083899,5694633,4088484,2022
11,227,2497,238,5694633,3,7,-39862430,39862431,5694633,4088484,2022
11,227,2497,238,5694633,5,21,-119587292,119587293,5694633,4088484,2022
11,227,2497,238,5694633,7,43,-244869218,244869219,5694633,4088484,2022
11,229,2519,240,5795643,0,1,-5795642,5795643,5795643,4161600,2040
11,229,2519,240,5795643,1,1,-5795642,5795643,5795643,4161600,2040
11,229,2519,240,5795643,2,3,-17386928,17386929,5795643,4161600,2040
11,229,2519,240,5795643,3,7,-40569500,40569501,5795643,4161600,2040
11,229,2519,240,5795643,5,21,-121708502,121708503,5795643,4161600,2040
11,229,2519,240,5795643,7,43,-249212648,249212649,5795643,4161600,2040
11,233,2563,244,6000327,0,1,-6000326,6000327,6000327,4309776,2076
11,233,2563,244,6000327,1,1,-6000326,6000327,6000327,4309776,2076
11,233,2563,244,6000327,2,3,-18000980,18000981,6000327,4309776,2076
11,233,2563,244,6000327,3,7,-42002288,42002289,6000327,4309776,2076
11,233,2563,244,6000327,5,21,-126006866,126006867,6000327,4309776,2076
11,233,2563,244,6000327,7,43,-258014060,258014061,6000327,4309776,2076
11,239,2629,250,6314013,0,1,-6314012,6314013,6314013,4536900,2130
11,239,2629,250,6314013,1,1,-6314012,6314013,6314013,4536900,2130
11,239,2629,250,6314013,2,3,-18942038,18942039,6314013,4536900,2130
11,239,2629,250,6314013,3,7,-44198090,44198091,6314013,4536900,2130
11,239,2629,250,6314013,5,21,-132594272,132594273,6314013,4536900,2130
11,239,2629,250,6314013,7,43,-271502558,271502559,6314013,4536900,2130
11,241,2651,252,6420351,0,1,-6420350,6420351,6420351,4613904,2148
11,241,2651,252,6420351,1,1,-6420350,6420351,6420351,4613904,2148
11,241,2651,252,6420351,2,3,-19261052,19261053,6420351,4613904,2148
11,241,2651,252,6420351,3,7,-44942456,44942457,6420351,4613904,2148
11,241,2651,252,6420351,5,21,-134827370,134827371,6420351,4613904,2148
11,241,2651,252,6420351,7,43,-276075092,276075093,6420351,4613904,2148
11,251,2761,262,6965361,0,1,-6965360,6965361,6965361,5008644,2238
11,251,2761,262,6965361,1,1,-6965360,6965361,6965361,5008644,2238
11,251,2761,262,6965361,2,3,-20896082,20896083,6965361,5008644,2238
11,251,2761,262,6965361,3,7,-48757526,48757527,6965361,5008644,2238
11,251,2761,262,6965361,5,21,-146272580,146272581,6965361,5008644,2238
11,251,2761,262,6965361,7,43,-299510522,299510523,6965361,5008644,2238
11,257,2827,268,7303023,0,1,-7303022,7303023,7303023,5253264,2292
11,257,2827,268,7303023,1,1,-7303022,7303023,7303023,5253264,2292
11,257,2827,268,7303023,2,3,-21909068,21909069,7303023,5253264,2292
11,257,2827,268,7303023,3,7,-51121160,51121161,7303023,5253264,2292
11,257,2827,268,7303023,5,21,-153363482,153363483,7303023,5253264,2292
11,257,2827,268,7303023,7,43,-314029988,314029989,7303023,5253264,2292
11,263,2893,274,7648677,0,1,-7648676,7648677,7648677,5503716,2346
11,263,2893,274,7648677,1,1,-7648676,7648677,7648677,5503716,2346
11,263,2893,274,7648677,2,3,-22946030,22946031,7648677,5503716,2346
11,263,2893,274,7648677,3,7,-53540738,53540739,7648677,5503716,2346
11,263,2893,274,7648677,5,21,-160622216,160622217,7648677,5503716,2346
11,263,2893,274,7648677,7,43,-328893110,328893111,7648677,5503716,2346
11,269,2959,280,8002323,0,1,-8002322,8002323,8002323,5760000,2400
11,269,2959,280,8002323,1,1,-8002322,8002323,8002323,5760000,2400
11,269,2959,280,8002323,2,3,-24006968,24006969,8002323,5760000,2400
11,269,2959,280,8002323,3,7,-56016260,56016261,8002323,5760000,2400
11,269,2959,280,8002323,5,21,-168048782,168048783,8002323,5760000,2400
11,269,2959,280,8002323,7,43,-344099888,344099889,8002323,5760000,2400
11,271,2981,282,8121981,0,1,-8121980,8121981,8121981,5846724,2418
11,271,2981,282,8121981,1,1,-8121980,8121981,8121981,5846724,2418
11,271,2981,282,8121981,2,3,-24365942,24365943,8121981,5846724,2418
11,271,2981,282,8121981,3,7,-56853866,56853867,8121981,5846724,2418
11,271,2981,282,8121981,5,21,-170561600,170561601,8121981,5846724,2418
11,271,2981,282,8121981,7,43,-349245182,349245183,8121981,5846724,2418
11,277,3047,288,8486283,0,1,-8486282,8486283,8486283,6110784,2472
11,277,3047,288,8486283,1,1,-8486282,8486283,8486283,6110784,2472
11,277,3047,288,8486283,2,3,-25458848,25458849,8486283,6110784,2472
11,277,3047,288,8486283,3,7,-59403980,59403981,8486283,6110784,2472
11,277,3047,288,8486283,5,21,-178211942,178211943,8486283,6110784,2472
11,277,3047,288,8486283,7,43,-364910168,364910169,8486283,6110784,2472
11,281,3091,292,8733591,0,1,-8733590,8733591,8733591,6290064,2508
11,281,3091,292,8733591,1,1,-8733590,8733591,8733591,6290064,2508
11,281,3091,292,8733591,2,3,-26200772,26200773,8733591,6290064,2508
11,281,3091,292,8733591,3,7,-61135136,61135137,8733591,6290064,2508
11,281,3091,292,8733591,5,21,-183405410,183405411,8733591,6290064,2508
11,281,3091,292,8733591,7,43,-375544412,375544413,8733591,6290064,2508
11,283,3113,294,8858577,0,1,-8858576,8858577,8858577,6380676,2526
11,283,3113,294,8858577,1,1,-8858576,8858577,8858577,6380676,2526
11,283,3113,294,8858577,2,3,-26575730,26575731,8858577,6380676,2526
11,283,3113,294,8858577,3,7,-62010038,62010039,8858577,6380676,2526
11,283,3113,294,8858577,5,21,-186030116,186030117,8858577,6380676,2526
11,283,3113,294,8858577,7,43,-380918810,380918811,8858577,6380676,2526
11,293,3223,304,9496827,0,1,-9496826,9496827,9496827,6843456,2616
11,293,3223,304,9496827,1,1,-9496826,9496827,9496827,6843456,2616
11,293,3223,304,9496827,2,3,-28490480,28490481,9496827,6843456,2616
11,293,3223,304,9496827,3,7,-66477788,66477789,9496827,6843456,2616
11,293,3223,304,9496827,5,21,-199433366,199433367,9496827,6843456,2616
11,293,3223,304,9496827,7,43,-408363560,408363561,9496827,6843456,2616
13,17,221,30,42861,0,1,-42860,42861,42861,26244,162
13,17,221,30,42861,1,1,-42860,42861,42861,26244,162
13,17,221,30,42861,2,3,-128582,128583,42861,26244,162
13,17,221,30,42861,3,7,-300026,300027,42861,26244,162
13,17,221,30,42861,5,21,-900080,900081,42861,26244,162
13,17,221,30,42861,7,43,-1843022,1843023,42861,26244,162
13,19,247,32,53851,0,1,-53850,53851,53851,33856,184
13,19,247,32,53851,1,1,-53850,53851,53851,33856,184
13,19,247,32,53851,2,3,-161552,161553,53851,33856,184
13,19,247,32,53851,3,7,-376956,376957,53851,33856,184
13,19,247,32,53851,5,21,-1130870,1130871,53851,33856,184
13,19,247,32,53851,7,43,-2315592,2315593,53851,33856,184
13,23,299,36,79599,0,1,-79598,79599,79599,51984,228
13,23,299,36,79599,1,1,-79598,79599,79599,51984,228
13,23,299,36,79599,2,3,-238796,238797,79599,51984,228
13,23,299,36,79599,3,7,-557192,557193,79599,51984,228
13,23,299,36,79599,5,21,-1671578,1671579,79599,51984,228
13,23,299,36,79599,7,43,-3422756,3422757,79599,51984,228
13,29,377,42,127641,0,1,-127640,127641,127641,86436,294
13,29,377,42,127641,1,1,-127640,127641,127641,86436,294
13,29,377,42,127641,2,3,-382922,382923,127641,86436,294
13,29,377,42,127641,3,7,-893486,893487,127641,86436,294
13,29,377,42,127641,5,21,-2680460,2680461,127641,86436,294
13,29,377,42,127641,7,43,-5488562,5488563,127641,86436,294
13,31,403,44,146167,0,1,-146166,146167,146167,99856,316
13,31,403,44,146167,1,1,-146166,146167,146167,99856,316
13,31,403,44,146167,2,3,-438500,438501,146167,99856,316
13,31,403,44,146167,3,7,-1023168,1023169,146167,99856,316
13,31,403,44,146167,5,21,-3069506,3069507,146167,99856,316
13,31,403,44,146167,7,43,-6285180,6285181,146167,99856,316
13,37,481,50,209281,0,1,-209280,209281,209281,145924,382
13,37,481,50,209281,1,1,-209280,209281,209281,145924,382
13,37,481,50,209281,2,3,-627842,627843,209281,145924,382
13,37,481,50,209281,3,7,-1464966,1464967,209281,145924,382
13,37,481,50,209281,5,21,-4394900,4394901,209281,145924,382
13,37,481,50,209281,7,43,-8999082,8999083,209281,145924,382
13,41,533,54,257637,0,1,-257636,257637,257637,181476,426
13,41,533,54,257637,1,1,-257636,257637,257637,181476,426
13,41,533,54,257637,2,3,-772910,772911,257637,181476,426
13,41,533,54,257637,3,7,-1803458,1803459,257637,181476,426
13,41,533,54,257637,5,21,-5410376,5410377,257637,181476,426
13,41,533,54,257637,7,43,-11078390,11078391,257637,181476,426
13,43,559,56,283699,0,1,-283698,283699,283699,200704,448
13,43,559,56,283699,1,1,-283698,283699,283699,200704,448
13,43,559,56,283699,2,3,-851096,851097,283699,200704,448
13,43,559,56,283699,3,7,-1985892,1985893,283699,200704,448
13,43,559,56,283699,5,21,-5957678,5957679,283699,200704,448
13,43,559,56,283699,7,43,-12199056,12199057,283699,200704,448
13,47,611,60,339591,0,1,-339590,339591,339591,242064,492
13,47,611,60,339591,1,1,-339590,339591,339591,242064,492
13,47,611,60,339591,2,3,-1018772,1018773,339591,242064,492
13,47,611,60,339591,3,7,-2377136,2377137,339591,242064,492
13,47,611,60,339591,5,21,-7131410,7131411,339591,242064,492
13,47,611,60,339591,7,43,-14602412,14602413,339591,242064,492
13,53,689,66,432849,0,1,-432848,432849,432849,311364,558
13,53,689,66,432849,1,1,-432848,432849,432849,311364,558
13,53,689,66,432849,2,3,-1298546,1298547,432849,311364,558
13,53,689,66,432849,3,7,-3029942,3029943,432849,311364,558
13,53,689,66,432849,5,21,-9089828,9089829,432849,311364,558
13,53,689,66,432849,7,43,-18612506,18612507,432849,311364,558
13,59,767,72,537411,0,1,-537410,537411,537411,389376,624
13,59,767,72,537411,1,1,-537410,537411,537411,389376,624
13,59,767,72,537411,2,3,-1612232,1612233,537411,389376,624
13,59,767,72,537411,3,7,-3761876,3761877,537411,389376,624
13,59,767,72,537411,5,21,-11285630,11285631,537411,389376,624
13,59,767,72,537411,7,43,-23108672,23108673,537411,389376,624
13,61,793,74,574777,0,1,-574776,574777,574777,417316,646
13,61,793,74,574777,1,1,-574776,574777,574777,417316,646
13,61,793,74,574777,2,3,-1724330,1724331,574777,417316,646
13,61,793,74,574777,3,7,-4023438,4023439,574777,417316,646
13,61,793,74,574777,5,21,-12070316,12070317,574777,417316,646
13,61,793,74,574777,7,43,-24715410,24715411,574777,417316,646
13,67,871,80,694411,0,1,-694410,694411,694411,506944,712
13,67,871,80,694411,1,1,-694410,694411,694411,506944,712
13,67,871,80,694411,2,3,-2083232,2083233,694411,506944,712
13,67,871,80,694411,3,7,-4860876,4860877,694411,506944,712
13,67,871,80,694411,5,21,-14582630,14582631,694411,506944,712
13,67,871,80,694411,7,43,-29859672,29859673,694411,506944,712
13,71,923,84,780447,0,1,-780446,780447,780447,571536,756
13,71,923,84,780447,1,1,-780446,780447,780447,571536,756
13,71,923,84,780447,2,3,-2341340,2341341,780447,571536,756
13,71,923,84,780447,3,7,-5463128,5463129,780447,571536,756
13,71,923,84,780447,5,21,-16389386,16389387,780447,571536,756
13,71,923,84,780447,7,43,-33559220,33559221,780447,571536,756
13,73,949,86,825349,0,1,-825348,825349,825349,605284,778
13,73,949,86,825349,1,1,-825348,825349,825349,605284,778
13,73,949,86,825349,2,3,-2476046,2476047,825349,605284,778
13,73,949,86,825349,3,7,-5777442,5777443,825349,605284,778
13,73,949,86,825349,5,21,-17332328,17332329,825349,605284,778
13,73,949,86,825349,7,43,-35490006,35490007,825349,605284,778
13,79,1027,92,967591,0,1,-967590,967591,967591,712336,844
13,79,1027,92,967591,1,1,-967590,967591,967591,712336,844
13,79,1027,92,967591,2,3,-2902772,2902773,967591,712336,844
13,79,1027,92,967591,3,7,-6773136,6773137,967591,712336,844
13,79,1027,92,967591,5,21,-20319410,20319411,967591,712336,844
13,79,1027,92,967591,7,43,-41606412,41606413,967591,712336,844
13,83,1079,96,1068699,0,1,-1068698,1068699,1068699,788544,888
13,83,1079,96,1068699,1,1,-1068698,1068699,1068699,788544,888
13,83,1079,96,1068699,2,3,-3206096,3206097,1068699,788544,888
13,83,1079,96,1068699,3,7,-7480892,7480893,1068699,788544,888
13,83,1079,96,1068699,5,21,-22442678,22442679,1068699,788544,888
13,83,1079,96,1068699,7,43,-45954056,45954057,1068699,788544,888
13,89,1157,102,1229781,0,1,-1229780,1229781,1229781,910116,954
13,89,1157,102,1229781,1,1,-1229780,1229781,1229781,910116,954
13,89,1157,102,1229781,2,3,-3689342,3689343,1229781,910116,954
13,89,1157,102,1229781,3,7,-8608466,8608467,1229781,910116,954
13,89,1157,102,1229781,5,21,-25825400,25825401,1229781,910116,954
13,89,1157,102,1229781,7,43,-52880582,52880583,1229781,910116,954
13,97,1261,110,1462141,0,1,-1462140,1462141,1462141,1085764,1042
13,97,1261,110,1462141,1,1,-1462140,1462141,1462141,1085764,1042
13,97,1261,110,1462141,2,3,-4386422,4386423,1462141,1085764,1042
13,97,1261,110,1462141,3,7,-10234986,10234987,1462141,1085764,1042
13,97,1261,110,1462141,5,21,-30704960,30704961,1462141,1085764,1042
13,97,1261,110,1462141,7,43,-62872062,62872063,1462141,1085764,1042
13,101,1313,114,1585857,0,1,-1585856,1585857,1585857,1179396,1086
13,101,1313,114,1585857,1,1,-1585856,1585857,1585857,1179396,1086
13,101,1313,114,1585857,2,3,-4757570,4757571,1585857,1179396,1086
13,101,1313,114,1585857,3,7,-11100998,11100999,1585857,1179396,1086
13,101,1313,114,1585857,5,21,-33302996,33302997,1585857,1179396,1086
13,101,1313,114,1585857,7,43,-68191850,68191851,1585857,1179396,1086
13,103,1339,116,1649599,0,1,-1649598,1649599,1649599,1227664,1108
13,103,1339,116,1649599,1,1,-1649598,1649599,1649599,1227664,1108
13,103,1339,116,1649599,2,3,-4948796,4948797,1649599,1227664,1108
13,103,1339,116,1649599,3,7,-11547192,11547193,1649599,1227664,1108
13,103,1339,116,1649599,5,21,-34641578,34641579,1649599,1227664,1108
13,103,1339,116,1649599,7,43,-70932756,70932757,1649599,1227664,1108
13,107,1391,120,1780851,0,1,-1780850,1780851,1780851,1327104,1152
13,107,1391,120,1780851,1,1,-1780850,1780851,1780851,1327104,1152
13,107,1391,120,1780851,2,3,-5342552,5342553,1780851,1327104,1152
13,107,1391,120,1780851,3,7,-12465956,12465957,1780851,1327104,1152
13,107,1391,120,1780851,5,21,-37397870,37397871,1780851,1327104,1152
13,107,1391,120,1780851,7,43,-76576592,76576593,1780851,1327104,1152
13,109,1417,122,1848361,0,1,-1848360,1848361,1848361,1378276,1174
13,109,1417,122,1848361,1,1,-1848360,1848361,1848361,1378276,1174
13,109,1417,122,1848361,2,3,-5545082,5545083,1848361,1378276,1174
13,109,1417,122,1848361,3,7,-12938526,12938527,1848361,1378276,1174
13,109,1417,122,1848361,5,21,-38815580,38815581,1848361,1378276,1174
13,109,1417,122,1848361,7,43,-79479522,79479523,1848361,1378276,1174
13,113,1469,126,1987149,0,1,-1987148,1987149,1987149,1483524,1218
13,113,1469,126,1987149,1,1,-1987148,1987149,1987149,1483524,1218
13,113,1469,126,1987149,2,3,-5961446,5961447,1987149,1483524,1218
13,113,1469,126,1987149,3,7,-13910042,13910043,1987149,1483524,1218
13,113,1469,126,1987149,5,21,-41730128,41730129,1987149,1483524,1218
13,113,1469,126,1987149,7,43,-85447406,85447407,1987149,1483524,1218
13,127,1651,140,2512471,0,1,-2512470,2512471,2512471,1882384,1372
13,127,1651,140,2512471,1,1,-2512470,2512471,2512471,1882384,1372
13,127,1651,140,2512471,2,3,-7537412,7537413,2512471,1882384,1372
13,127,1651,140,2512471,3,7,-17587296,17587297,2512471,1882384,1372
13,127,1651,140,2512471,5,21,-52761890,52761891,2512471,1882384,1372
13,127,1651,140,2512471,7,43,-108036252,108036253,2512471,1882384,1372
13,131,1703,144,2673867,0,1,-2673866,2673867,2673867,2005056,1416
13,131,1703,144,2673867,1,1,-2673866,2673867,2673867,2005056,1416
13,131,1703,144,2673867,2,3,-8021600,8021601,2673867,2005056,1416
13,131,1703,144,2673867,3,7,-18717068,18717069,2673867,2005056,1416
13,131,1703,144,2673867,5,21,-56151206,56151207,2673867,2005056,1416
13,131,1703,144,2673867,7,43,-114976280,114976281,2673867,2005056,1416
13,137,1781,150,2925381,0,1,-2925380,2925381,2925381,2196324,1482
13,137,1781,150,2925381,1,1,-2925380,2925381,2925381,2196324,1482
13,137,1781,150,2925381,2,3,-8776142,8776143,2925381,2196324,1482
13,137,1781,150,2925381,3,7,-20477666,20477667,2925381,2196324,1482
13,137,1781,150,2925381,5,21,-61433000,61433001,2925381,2196324,1482
13,137,1781,150,2925381,7,43,-125791382,125791383,2925381,2196324,1482
13,139,1807,152,3011731,0,1,-3011730,3011731,3011731,2262016,1504
13,139,1807,152,3011731,1,1,-3011730,3011731,3011731,2262016,1504
13,139,1807,152,3011731,2,3,-9035192,9035193,3011731,2262016,1504
13,139,1807,152,3011731,3,7,-21082116,21082117,3011731,2262016,1504
13,139,1807,152,3011731,5,21,-63246350,63246351,3011731,2262016,1504
13,139,1807,152,3011731,7,43,-129504432,129504433,3011731,2262016,1504
13,149,1937,162,3462321,0,1,-3462320,3462321,3462321,2604996,1614
13,149,1937,162,3462321,1,1,-3462320,3462321,3462321,2604996,1614
13,149,1937,162,3462321,2,3,-10386962,10386963,3462321,2604996,1614
13,149,1937,162,3462321,3,7,-24236246,24236247,3462321,2604996,1614
13,149,1937,162,3462321,5,21,-72708740,72708741,3462321,2604996,1614
13,149,1937,162,3462321,7,43,-148879802,148879803,3462321,2604996,1614
13,151,1963,164,3556207,0,1,-3556206,3556207,3556207,2676496,1636
13,151,1963,164,3556207,1,1,-3556206,3556207,3556207,2676496,1636
13,151,1963,164,3556207,2,3,-10668620,10668621,3556207,2676496,1636
13,151,1963,164,3556207,3,7,-24893448,24893449,3556207,2676496,1636
13,151,1963,164,3556207,5,21,-74680346,74680347,3556207,2676496,1636
13,151,1963,164,3556207,7,43,-152916900,152916901,3556207,2676496,1636
13,157,2041,170,3845401,0,1,-3845400,3845401,3845401,2896804,1702
13,157,2041,170,3845401,1,1,-3845400,3845401,3845401,2896804,1702
13,157,2041,170,3845401,2,3,-11536202,11536203,3845401,2896804,1702
13,157,2041,170,3845401,3,7,-26917806,26917807,3845401,2896804,1702
13,157,2041,170,3845401,5,21,-80753420,80753421,3845401,2896804,1702
13,157,2041,170,3845401,7,43,-165352242,165352243,3845401,2896804,1702
13,163,2119,176,4145899,0,1,-4145898,4145899,4145899,3125824,1768
13,163,2119,176,4145899,1,1,-4145898,4145899,4145899,3125824,1768
13,163,2119,176,4145899,2,3,-12437696,12437697,4145899,3125824,1768
13,163,2119,176,4145899,3,7,-29021292,29021293,4145899,3125824,1768
13,163,2119,176,4145899,5,21,-87063878,87063879,4145899,3125824,1768
13,163,2119,176,4145899,7,43,-178273656,178273657,4145899,3125824,1768
13,167,2171,180,4352511,0,1,-4352510,4352511,4352511,3283344,1812
13,167,2171,180,4352511,1,1,-4352510,4352511,4352511,3283344,1812
13,167,2171,180,4352511,2,3,-13057532,13057533,4352511,3283344,1812
13,167,2171,180,4352511,3,7,-30467576,30467577,4352511,3283344,1812
13,167,2171,180,4352511,5,21,-91402730,91402731,4352511,3283344,1812
13,167,2171,180,4352511,7,43,-187157972,187157973,4352511,3283344,1812
13,173,2249,186,4671849,0,1,-4671848,4671849,4671849,3526884,1878
13,173,2249,186,4671849,1,1,-4671848,4671849,4671849,3526884,1878
13,173,2249,186,4671849,2,3,-14015546,14015547,4671849,3526884,1878
13,173,2249,186,4671849,3,7,-32702942,32702943,4671849,3526884,1878
13,173,2249,186,4671849,5,21,-98108828,98108829,4671849,3526884,1878
13,173,2249,186,4671849,7,43,-200889506,200889507,4671849,3526884,1878
13,179,2327,192,5002491,0,1,-5002490,5002491,5002491,3779136,1944
13,179,2327,192,5002491,1,1,-5002490,5002491,5002491,3779136,1944
13,179,2327,192,5002491,2,3,-15007472,15007473,5002491,3779136,1944
13,179,2327,192,5002491,3,7,-35017436,35017437,5002491,3779136,1944
13,179,2327,192,5002491,5,21,-105052310,105052311,5002491,3779136,1944
13,179,2327,192,5002491,7,43,-215107112,215107113,5002491,3779136,1944
13,181,2353,194,5115217,0,1,-5115216,5115217,5115217,3865156,1966
13,181,2353,194,5115217,1,1,-5115216,5115217,5115217,3865156,1966
13,181,2353,194,5115217,2,3,-15345650,15345651,5115217,3865156,1966
13,181,2353,194,5115217,3,7,-35806518,35806519,5115217,3865156,1966
13,181,2353,194,5115217,5,21,-107419556,107419557,5115217,3865156,1966
13,181,2353,194,5115217,7,43,-219954330,219954331,5115217,3865156,1966
13,191,2483,204,5697687,0,1,-5697686,5697687,5697687,4309776,2076
13,191,2483,204,5697687,1,1,-5697686,5697687,5697687,4309776,2076
13,191,2483,204,5697687,2,3,-17093060,17093061,5697687,4309776,2076
13,191,2483,204,5697687,3,7,-39883808,39883809,5697687,4309776,2076
13,191,2483,204,5697687,5,21,-119651426,119651427,5697687,4309776,2076
13,191,2483,204,5697687,7,43,-245000540,245000541,5697687,4309776,2076
13,193,2509,206,5817949,0,1,-5817948,5817949,5817949,4401604,2098
13,193,2509,206,5817949,1,1,-5817948,5817949,5817949,4401604,2098
13,193,2509,206,5817949,2,3,-17453846,17453847,5817949,4401604,2098
13,193,2509,206,5817949,3,7,-40725642,40725643,5817949,4401604,2098
13,193,2509,206,5817949,5,21,-122176928,122176929,5817949,4401604,2098
13,193,2509,206,5817949,7,43,-250171806,250171807,5817949,4401604,2098
13,197,2561,210,6062241,0,1,-6062240,6062241,6062241,4588164,2142
13,197,2561,210,6062241,1,1,-6062240,6062241,6062241,4588164,2142
13,197,2561,210,6062241,2,3,-18186722,18186723,6062241,4588164,2142
13,197,2561,210,6062241,3,7,-42435686,42435687,6062241,4588164,2142
13,197,2561,210,6062241,5,21,-127307060,127307061,6062241,4588164,2142
13,197,2561,210,6062241,7,43,-260676362,260676363,6062241,4588164,2142
13,199,2587,212,6186271,0,1,-6186270,6186271,6186271,4682896,2164
13,199,2587,212,6186271,1,1,-6186270,6186271,6186271,4682896,2164
13,199,2587,212,6186271,2,3,-18558812,18558813,6186271,4682896,2164
13,199,2587,212,6186271,3,7,-43303896,43303897,6186271,4682896,2164
13,199,2587,212,6186271,5,21,-129911690,129911691,6186271,4682896,2164
13,199,2587,212,6186271,7,43,-266009652,266009653,6186271,4682896,2164
13,211,2743,224,6956827,0,1,-6956826,6956827,6956827,5271616,2296
13,211,2743,224,6956827,1,1,-6956826,6956827,6956827,5271616,2296
13,211,2743,224,6956827,2,3,-20870480,20870481,6956827,5271616,2296
13,211,2743,224,6956827,3,7,-48697788,48697789,6956827,5271616,2296
13,211,2743,224,6956827,5,21,-146093366,146093367,6956827,5271616,2296
13,211,2743,224,6956827,7,43,-299143560,299143561,6956827,5271616,2296
13,223,2899,236,7772599,0,1,-7772598,7772599,7772599,5895184,2428
13,223,2899,236,7772599,1,1,-7772598,7772599,7772599,5895184,2428
13,223,2899,236,7772599,2,3,-23317796,23317797,7772599,5895184,2428
13,223,2899,236,7772599,3,7,-54408192,54408193,7772599,5895184,2428
13,223,2899,236,7772599,5,21,-163224578,163224579,7772599,5895184,2428
13,223,2899,236,7772599,7,43,-334221756,334221757,7772599,5895184,2428
13,227,2951,240,8054571,0,1,-8054570,8054571,8054571,6110784,2472
13,227,2951,240,8054571,1,1,-8054570,8054571,8054571,6110784,2472
13,227,2951,240,8054571,2,3,-24163712,24163713,8054571,6110784,2472
13,227,2951,240,8054571,3,7,-56381996,56381997,8054571,6110784,2472
13,227,2951,240,8054571,5,21,-169145990,169145991,8054571,6110784,2472
13,227,2951,240,8054571,7,43,-346346552,346346553,8054571,6110784,2472
13,229,2977,242,8197441,0,1,-8197440,8197441,8197441,6220036,2494
13,229,2977,242,8197441,1,1,-8197440,8197441,8197441,6220036,2494
13,229,2977,242,8197441,2,3,-24592322,24592323,8197441,6220036,2494
13,229,2977,242,8197441,3,7,-57382086,57382087,8197441,6220036,2494
13,229,2977,242,8197441,5,21,-172146260,172146261,8197441,6220036,2494
13,229,2977,242,8197441,7,43,-352489962,352489963,8197441,6220036,2494
13,233,3029,246,8486949,0,1,-8486948,8486949,8486949,6441444,2538
13,233,3029,246,8486949,1,1,-8486948,8486949,8486949,6441444,2538
13,233,3029,246,8486949,2,3,-25460846,25460847,8486949,6441444,2538
13,233,3029,246,8486949,3,7,-59408642,59408643,8486949,6441444,2538
13,233,3029,246,8486949,5,21,-178225928,178225929,8486949,6441444,2538
13,233,3029,246,8486949,7,43,-364938806,364938807,8486949,6441444,2538
13,239,3107,252,8930631,0,1,-8930630,8930631,8930631,6780816,2604
13,239,3107,252,8930631,1,1,-8930630,8930631,8930631,6780816,2604
13,239,3107,252,8930631,2,3,-26791892,26791893,8930631,6780816,2604
13,239,3107,252,8930631,3,7,-62514416,62514417,8930631,6780816,2604
13,239,3107,252,8930631,5,21,-187543250,187543251,8930631,6780816,2604
13,239,3107,252,8930631,7,43,-384017132,384017133,8930631,6780816,2604
13,241,3133,254,9081037,0,1,-9081036,9081037,9081037,6895876,2626
13,241,3133,254,9081037,1,1,-9081036,9081037,9081037,6895876,2626
13,241,3133,254,9081037,2,3,-27243110,27243111,9081037,6895876,2626
13,241,3133,254,9081037,3,7,-63567258,63567259,9081037,6895876,2626
13,241,3133,254,9081037,5,21,-190701776,190701777,9081037,6895876,2626
13,241,3133,254,9081037,7,43,-390484590,390484591,9081037,6895876,2626
13,251,3263,264,9851907,0,1,-9851906,9851907,9851907,7485696,2736
13,251,3263,264,9851907,1,1,-9851906,9851907,9851907,7485696,2736
13,251,3263,264,9851907,2,3,-29555720,29555721,9851907,7485696,2736
13,251,3263,264,9851907,3,7,-68963348,68963349,9851907,7485696,2736
13,251,3263,264,9851907,5,21,-206890046,206890047,9851907,7485696,2736
13,251,3263,264,9851907,7,43,-423632000,423632001,9851907,7485696,2736
13,257,3341,270,10329501,0,1,-10329500,10329501,10329501,7851204,2802
13,257,3341,270,10329501,1,1,-10329500,10329501,10329501,7851204,2802
13,257,3341,270,10329501,2,3,-30988502,30988503,10329501,7851204,2802
13,257,3341,270,10329501,3,7,-72306506,72306507,10329501,7851204,2802
13,257,3341,270,10329501,5,21,-216919520,216919521,10329501,7851204,2802
13,257,3341,270,10329501,7,43,-444168542,444168543,10329501,7851204,2802
13,263,3419,276,10818399,0,1,-10818398,10818399,10818399,8225424,2868
13,263,3419,276,10818399,1,1,-10818398,10818399,10818399,8225424,2868
13,263,3419,276,10818399,2,3,-32455196,32455197,10818399,8225424,2868
13,263,3419,276,10818399,3,7,-75728792,75728793,10818399,8225424,2868
13,263,3419,276,10818399,5,21,-227186378,227186379,10818399,8225424,2868
13,263,3419,276,10818399,7,43,-465191156,465191157,10818399,8225424,2868
13,269,3497,282,11318601,0,1,-11318600,11318601,11318601,8608356,2934
13,269,3497,282,11318601,1,1,-11318600,11318601,11318601,8608356,2934
13,269,3497,282,11318601,2,3,-33955802,33955803,11318601,8608356,2934
13,269,3497,282,11318601,3,7,-79230206,79230207,11318601,8608356,2934
13,269,3497,282,11318601,5,21,-237690620,237690621,11318601,8608356,2934
13,269,3497,282,11318601,7,43,-486699842,486699843,11318601,8608356,2934
13,271,3523,284,11487847,0,1,-11487846,11487847,11487847,8737936,2956
13,271,3523,284,11487847,1,1,-11487846,11487847,11487847,8737936,2956
13,271,3523,284,11487847,2,3,-34463540,34463541,11487847,8737936,2956
13,271,3523,284,11487847,3,7,-80414928,80414929,11487847,8737936,2956
13,271,3523,284,11487847,5,21,-241244786,241244787,11487847,8737936,2956
13,271,3523,284,11487847,7,43,-493977420,493977421,11487847,8737936,2956
13,277,3601,290,12003121,0,1,-12003120,12003121,12003121,9132484,3022
13,277,3601,290,12003121,1,1,-12003120,12003121,12003121,9132484,3022
13,277,3601,290,12003121,2,3,-36009362,36009363,12003121,9132484,3022
13,277,3601,290,12003121,3,7,-84021846,84021847,12003121,9132484,3022
13,277,3601,290,12003121,5,21,-252065540,252065541,12003121,9132484,3022
13,277,3601,290,12003121,7,43,-516134202,516134203,12003121,9132484,3022
13,281,3653,294,12352917,0,1,-12352916,12352917,12352917,9400356,3066
13,281,3653,294,12352917,1,1,-12352916,12352917,12352917,9400356,3066
13,281,3653,294,12352917,2,3,-37058750,37058751,12352917,9400356,3066
13,281,3653,294,12352917,3,7,-86470418,86470419,12352917,9400356,3066
13,281,3653,294,12352917,5,21,-259411256,259411257,12352917,9400356,3066
13,281,3653,294,12352917,7,43,-531175430,531175431,12352917,9400356,3066
13,283,3679,296,12529699,0,1,-12529698,12529699,12529699,9535744,3088
13,283,3679,296,12529699,1,1,-12529698,12529699,12529699,9535744,3088
13,283,3679,296,12529699,2,3,-37589096,37589097,12529699,9535744,3088
13,283,3679,296,12529699,3,7,-87707892,87707893,12529699,9535744,3088
13,283,3679,296,12529699,5,21,-263123678,263123679,12529699,9535744,3088
13,283,3679,296,12529699,7,43,-538777056,538777057,12529699,9535744,3088
13,293,3809,306,13432449,0,1,-13432448,13432449,13432449,10227204,3198
13,293,3809,306,13432449,1,1,-13432448,13432449,13432449,10227204,3198
13,293,3809,306,13432449,2,3,-40297346,40297347,13432449,10227204,3198
13,293,3809,306,13432449,3,7,-94027142,94027143,13432449,10227204,3198
13,293,3809,306,13432449,5,21,-282081428,282081429,13432449,10227204,3198
13,293,3809,306,13432449,7,43,-577595306,577595307,13432449,10227204,3198
17,19,323,36,93639,0,1,-93638,93639,93639,63504,252
17,19,323,36,93639,1,1,-93638,93639,93639,63504,252
17,19,323,36,93639,2,3,-280916,280917,93639,63504,252
17,19,323,36,93639,3,7,-655472,655473,93639,63504,252
17,19,323,36,93639,5,21,-1966418,1966419,93639,63504,252
17,19,323,36,93639,7,43,-4026476,4026477,93639,63504,252
17,23,391,40,138411,0,1,-138410,138411,138411,97344,312
17,23,391,40,138411,1,1,-138410,138411,138411,97344,312
17,23,391,40,138411,2,3,-415232,415233,138411,97344,312
17,23,391,40,138411,3,7,-968876,968877,138411,97344,312
17,23,391,40,138411,5,21,-2906630,2906631,138411,97344,312
17,23,391,40,138411,7,43,-5951672,5951673,138411,97344,312
17,29,493,46,221949,0,1,-221948,221949,221949,161604,402
17,29,493,46,221949,1,1,-221948,221949,221949,161604,402
17,29,493,46,221949,2,3,-665846,665847,221949,161604,402
17,29,493,46,221949,3,7,-1553642,1553643,221949,161604,402
17,29,493,46,221949,5,21,-4660928,4660929,221949,161604,402
17,29,493,46,221949,7,43,-9543806,9543807,221949,161604,402
17,31,527,48,254163,0,1,-254162,254163,254163,186624,432
17,31,527,48,254163,1,1,-254162,254163,254163,186624,432
17,31,527,48,254163,2,3,-762488,762489,254163,186624,432
17,31,527,48,254163,3,7,-1779140,1779141,254163,186624,432
17,31,527,48,254163,5,21,-5337422,5337423,254163,186624,432
17,31,527,48,254163,7,43,-10929008,10929009,254163,186624,432
17,37,629,54,363909,0,1,-363908,363909,363909,272484,522
17,37,629,54,363909,1,1,-363908,363909,363909,272484,522
17,37,629,54,363909,2,3,-1091726,1091727,363909,272484,522
17,37,629,54,363909,3,7,-2547362,2547363,363909,272484,522
17,37,629,54,363909,5,21,-7642088,7642089,363909,272484,522
17,37,629,54,363909,7,43,-15648086,15648087,363909,272484,522
17,41,697,58,447993,0,1,-447992,447993,447993,338724,582
17,41,697,58,447993,1,1,-447992,447993,447993,338724,582
17,41,697,58,447993,2,3,-1343978,1343979,447993,338724,582
17,41,697,58,447993,3,7,-3135950,3135951,447993,338724,582
17,41,697,58,447993,5,21,-9407852,9407853,447993,338724,582
17,41,697,58,447993,7,43,-19263698,19263699,447993,338724,582
17,43,731,60,493311,0,1,-493310,493311,493311,374544,612
17,43,731,60,493311,1,1,-493310,493311,493311,374544,612
17,43,731,60,493311,2,3,-1479932,1479933,493311,374544,612
17,43,731,60,493311,3,7,-3453176,3453177,493311,374544,612
17,43,731,60,493311,5,21,-10359530,10359531,493311,374544,612
17,43,731,60,493311,7,43,-21212372,21212373,493311,374544,612
17,47,799,64,590499,0,1,-590498,590499,590499,451584,672
17,47,799,64,590499,1,1,-590498,590499,590499,451584,672
17,47,799,64,590499,2,3,-1771496,1771497,590499,451584,672
17,47,799,64,590499,3,7,-4133492,4133493,590499,451584,672
17,47,799,64,590499,5,21,-12400478,12400479,590499,451584,672
17,47,799,64,590499,7,43,-25391456,25391457,590499,451584,672
17,53,901,70,752661,0,1,-752660,752661,752661,580644,762
17,53,901,70,752661,1,1,-752660,752661,752661,580644,762
17,53,901,70,752661,2,3,-2257982,2257983,752661,580644,762
17,53,901,70,752661,3,7,-5268626,5268627,752661,580644,762
17,53,901,70,752661,5,21,-15805880,15805881,752661,580644,762
17,53,901,70,752661,7,43,-32364422,32364423,752661,580644,762
17,59,1003,76,934479,0,1,-934478,934479,934479,725904,852
17,59,1003,76,934479,1,1,-934478,934479,934479,725904,852
17,59,1003,76,934479,2,3,-2803436,2803437,934479,725904,852
17,59,1003,76,934479,3,7,-6541352,6541353,934479,725904,852
17,59,1003,76,934479,5,21,-19624058,19624059,934479,725904,852
17,59,1003,76,934479,7,43,-40182596,40182597,934479,725904,852
17,61,1037,78,999453,0,1,-999452,999453,999453,777924,882
17,61,1037,78,999453,1,1,-999452,999453,999453,777924,882
17,61,1037,78,999453,2,3,-2998358,2998359,999453,777924,882
17,61,1037,78,999453,3,7,-6996170,6996171,999453,777924,882
17,61,1037,78,999453,5,21,-20988512,20988513,999453,777924,882
17,61,1037,78,999453,7,43,-42976478,42976479,999453,777924,882
17,67,1139,84,1207479,0,1,-1207478,1207479,1207479,944784,972
17,67,1139,84,1207479,1,1,-1207478,1207479,1207479,944784,972
17,67,1139,84,1207479,2,3,-3622436,3622437,1207479,944784,972
17,67,1139,84,1207479,3,7,-8452352,8452353,1207479,944784,972
17,67,1139,84,1207479,5,21,-25357058,25357059,1207479,944784,972
17,67,1139,84,1207479,7,43,-51921596,51921597,1207479,944784,972
17,71,1207,88,1357083,0,1,-1357082,1357083,1357083,1065024,1032
17,71,1207,88,1357083,1,1,-1357082,1357083,1357083,1065024,1032
17,71,1207,88,1357083,2,3,-4071248,4071249,1357083,1065024,1032
17,71,1207,88,1357083,3,7,-9499580,9499581,1357083,1065024,1032
17,71,1207,88,1357083,5,21,-28498742,28498743,1357083,1065024,1032
17,71,1207,88,1357083,7,43,-58354568,58354569,1357083,1065024,1032
17,73,1241,90,1435161,0,1,-1435160,1435161,1435161,1127844,1062
17,73,1241,90,1435161,1,1,-1435160,1435161,1435161,1127844,1062
17,73,1241,90,1435161,2,3,-4305482,4305483,1435161,1127844,1062
17,73,1241,90,1435161,3,7,-10046126,10046127,1435161,1127844,1062
17,73,1241,90,1435161,5,21,-30138380,30138381,1435161,1127844,1062
17,73,1241,90,1435161,7,43,-61711922,61711923,1435161,1127844,1062
17,79,1343,96,1682499,0,1,-1682498,1682499,1682499,1327104,1152
17,79,1343,96,1682499,1,1,-1682498,1682499,1682499,1327104,1152
17,79,1343,96,1682499,2,3,-5047496,5047497,1682499,1327104,1152
17,79,1343,96,1682499,3,7,-11777492,11777493,1682499,1327104,1152
17,79,1343,96,1682499,5,21,-35332478,35332479,1682499,1327104,1152
17,79,1343,96,1682499,7,43,-72347456,72347457,1682499,1327104,1152
17,83,1411,100,1858311,0,1,-1858310,1858311,1858311,1468944,1212
17,83,1411,100,1858311,1,1,-1858310,1858311,1858311,1468944,1212
17,83,1411,100,1858311,2,3,-5574932,5574933,1858311,1468944,1212
17,83,1411,100,1858311,3,7,-13008176,13008177,1858311,1468944,1212
17,83,1411,100,1858311,5,21,-39024530,39024531,1858311,1468944,1212
17,83,1411,100,1858311,7,43,-79907372,79907373,1858311,1468944,1212
17,89,1513,106,2138409,0,1,-2138408,2138409,2138409,1695204,1302
17,89,1513,106,2138409,1,1,-2138408,2138409,2138409,1695204,1302
17,89,1513,106,2138409,2,3,-6415226,6415227,2138409,1695204,1302
17,89,1513,106,2138409,3,7,-14968862,14968863,2138409,1695204,1302
17,89,1513,106,2138409,5,21,-44906588,44906589,2138409,1695204,1302
17,89,1513,106,2138409,7,43,-91951586,91951587,2138409,1695204,1302
17,97,1649,114,2542449,0,1,-2542448,2542449,2542449,2022084,1422
17,97,1649,114,2542449,1,1,-2542448,2542449,2542449,2022084,1422
17,97,1649,114,2542449,2,3,-7627346,7627347,2542449,2022084,1422
17,97,1649,114,2542449,3,7,-17797142,17797143,2542449,2022084,1422
17,97,1649,114,2542449,5,21,-53391428,53391429,2542449,2022084,1422
17,97,1649,114,2542449,7,43,-109325306,109325307,2542449,2022084,1422
17,101,1717,118,2757573,0,1,-2757572,2757573,2757573,2196324,1482
17,101,1717,118,2757573,1,1,-2757572,2757573,2757573,2196324,1482
17,101,1717,118,2757573,2,3,-8272718,8272719,2757573,2196324,1482
17,101,1717,118,2757573,3,7,-19303010,19303011,2757573,2196324,1482
17,101,1717,118,2757573,5,21,-57909032,57909033,2757573,2196324,1482
17,101,1717,118,2757573,7,43,-118575638,118575639,2757573,2196324,1482
17,103,1751,120,2868411,0,1,-2868410,2868411,2868411,2286144,1512
17,103,1751,120,2868411,1,1,-2868410,2868411,2868411,2286144,1512
17,103,1751,120,2868411,2,3,-8605232,8605233,2868411,2286144,1512
17,103,1751,120,2868411,3,7,-20078876,20078877,2868411,2286144,1512
17,103,1751,120,2868411,5,21,-60236630,60236631,2868411,2286144,1512
17,103,1751,120,2868411,7,43,-123341672,123341673,2868411,2286144,1512
17,107,1819,124,3096639,0,1,-3096638,3096639,3096639,2471184,1572
17,107,1819,124,3096639,1,1,-3096638,3096639,3096639,2471184,1572
17,107,1819,124,3096639,2,3,-9289916,9289917,3096639,2471184,1572
17,107,1819,124,3096639,3,7,-21676472,21676473,3096639,2471184,1572
17,107,1819,124,3096639,5,21,-65029418,65029419,3096639,2471184,1572
17,107,1819,124,3096639,7,43,-133155476,133155477,3096639,2471184,1572
17,109,1853,126,3214029,0,1,-3214028,3214029,3214029,2566404,1602
17,109,1853,126,3214029,1,1,-3214028,3214029,3214029,2566404,1602
17,109,1853,126,3214029,2,3,-9642086,9642087,3214029,2566404,1602
17,109,1853,126,3214029,3,7,-22498202,22498203,3214029,2566404,1602
17,109,1853,126,3214029,5,21,-67494608,67494609,3214029,2566404,1602
17,109,1853,126,3214029,7,43,-138203246,138203247,3214029,2566404,1602
17,113,1921,130,3455361,0,1,-3455360,3455361,3455361,2762244,1662
17,113,1921,130,3455361,1,1,-3455360,3455361,3455361,2762244,1662
17,113,1921,130,3455361,2,3,-10366082,10366083,3455361,2762244,1662
17,113,1921,130,3455361,3,7,-24187526,24187527,3455361,2762244,1662
17,113,1921,130,3455361,5,21,-72562580,72562581,3455361,2762244,1662
17,113,1921,130,3455361,7,43,-148580522,148580523,3455361,2762244,1662
17,127,2159,144,4368819,0,1,-4368818,4368819,4368819,3504384,1872
17,127,2159,144,4368819,1,1,-4368818,4368819,4368819,3504384,1872
17,127,2159,144,4368819,2,3,-13106456,13106457,4368819,3504384,1872
17,127,2159,144,4368819,3,7,-30581732,30581733,4368819,3504384,1872
17,127,2159,144,4368819,5,21,-91745198,91745199,4368819,3504384,1872
17,127,2159,144,4368819,7,43,-187859216,187859217,4368819,3504384,1872
17,131,2227,148,4649463,0,1,-4649462,4649463,4649463,3732624,1932
17,131,2227,148,4649463,1,1,-4649462,4649463,4649463,3732624,1932
17,131,2227,148,4649463,2,3,-13948388,13948389,4649463,3732624,1932
17,131,2227,148,4649463,3,7,-32546240,32546241,4649463,3732624,1932
17,131,2227,148,4649463,5,21,-97638722,97638723,4649463,3732624,1932
17,131,2227,148,4649463,7,43,-199926908,199926909,4649463,3732624,1932
17,137,2329,154,5086809,0,1,-5086808,5086809,5086809,4088484,2022
17,137,2329,154,5086809,1,1,-5086808,5086809,5086809,4088484,2022
17,137,2329,154,5086809,2,3,-15260426,15260427,5086809,4088484,2022
17,137,2329,154,5086809,3,7,-35607662,35607663,5086809,4088484,2022
17,137,2329,154,5086809,5,21,-106822988,106822989,5086809,4088484,2022
17,137,2329,154,5086809,7,43,-218732786,218732787,5086809,4088484,2022
17,139,2363,156,5236959,0,1,-5236958,5236959,5236959,4210704,2052
17,139,2363,156,5236959,1,1,-5236958,5236959,5236959,4210704,2052
17,139,2363,156,5236959,2,3,-15710876,15710877,5236959,4210704,2052
17,139,2363,156,5236959,3,7,-36658712,36658713,5236959,4210704,2052
17,139,2363,156,5236959,5,21,-109976138,109976139,5236959,4210704,2052
17,139,2363,156,5236959,7,43,-225189236,225189237,5236959,4210704,2052
17,149,2533,166,6020469,0,1,-6020468,6020469,6020469,4848804,2202
17,149,2533,166,6020469,1,1,-6020468,6020469,6020469,4848804,2202
17,149,2533,166,6020469,2,3,-18061406,18061407,6020469,4848804,2202
17,149,2533,166,6020469,3,7,-42143282,42143283,6020469,4848804,2202
17,149,2533,166,6020469,5,21,-126429848,126429849,6020469,4848804,2202
17,149,2533,166,6020469,7,43,-258880166,258880167,6020469,4848804,2202
17,151,2567,168,6183723,0,1,-6183722,6183723,6183723,4981824,2232
17,151,2567,168,6183723,1,1,-6183722,6183723,6183723,4981824,2232
17,151,2567,168,6183723,2,3,-18551168,18551169,6183723,4981824,2232
17,151,2567,168,6183723,3,7,-43286060,43286061,6183723,4981824,2232
17,151,2567,168,6183723,5,21,-129858182,129858183,6183723,4981824,2232
17,151,2567,168,6183723,7,43,-265900088,265900089,6183723,4981824,2232
17,157,2669,174,6686589,0,1,-6686588,6686589,6686589,5391684,2322
17,157,2669,174,6686589,1,1,-6686588,6686589,6686589,5391684,2322
17,157,2669,174,6686589,2,3,-20059766,20059767,6686589,5391684,2322
17,157,2669,174,6686589,3,7,-46806122,46806123,6686589,5391684,2322
17,157,2669,174,6686589,5,21,-140418368,140418369,6686589,5391684,2322
17,157,2669,174,6686589,7,43,-287523326,287523327,6686589,5391684,2322
17,163,2771,180,7209111,0,1,-7209110,7209111,7209111,5817744,2412
17,163,2771,180,7209111,1,1,-7209110,7209111,7209111,5817744,2412
17,163,2771,180,7209111,2,3,-21627332,21627333,7209111,5817744,2412
17,163,2771,180,7209111,3,7,-50463776,50463777,7209111,5817744,2412
17,163,2771,180,7209111,5,21,-151391330,151391331,7209111,5817744,2412
17,163,2771,180,7209111,7,43,-309991772,309991773,7209111,5817744,2412
17,167,2839,184,7568379,0,1,-7568378,7568379,7568379,6110784,2472
17,167,2839,184,7568379,1,1,-7568378,7568379,7568379,6110784,2472
17,167,2839,184,7568379,2,3,-22705136,22705137,7568379,6110784,2472
17,167,2839,184,7568379,3,7,-52978652,52978653,7568379,6110784,2472
17,167,2839,184,7568379,5,21,-158935958,158935959,7568379,6110784,2472
17,167,2839,184,7568379,7,43,-325440296,325440297,7568379,6110784,2472
17,173,2941,190,8123661,0,1,-8123660,8123661,8123661,6563844,2562
17,173,2941,190,8123661,1,1,-8123660,8123661,8123661,6563844,2562
17,173,2941,190,8123661,2,3,-24370982,24370983,8123661,6563844,2562
17,173,2941,190,8123661,3,7,-56865626,56865627,8123661,6563844,2562
17,173,2941,190,8123661,5,21,-170596880,170596881,8123661,6563844,2562
17,173,2941,190,8123661,7,43,-349317422,349317423,8123661,6563844,2562
17,179,3043,196,8698599,0,1,-8698598,8698599,8698599,7033104,2652
17,179,3043,196,8698599,1,1,-8698598,8698599,8698599,7033104,2652
17,179,3043,196,8698599,2,3,-26095796,26095797,8698599,7033104,2652
17,179,3043,196,8698599,3,7,-60890192,60890193,8698599,7033104,2652
17,179,3043,196,8698599,5,21,-182670578,182670579,8698599,7033104,2652
17,179,3043,196,8698599,7,43,-374039756,374039757,8698599,7033104,2652
17,181,3077,198,8894613,0,1,-8894612,8894613,8894613,7193124,2682
17,181,3077,198,8894613,1,1,-8894612,8894613,8894613,7193124,2682
17,181,3077,198,8894613,2,3,-26683838,26683839,8894613,7193124,2682
17,181,3077,198,8894613,3,7,-62262290,62262291,8894613,7193124,2682
17,181,3077,198,8894613,5,21,-186786872,186786873,8894613,7193124,2682
17,181,3077,198,8894613,7,43,-382468358,382468359,8894613,7193124,2682
17,191,3247,208,9907443,0,1,-9907442,9907443,9907443,8020224,2832
17,191,3247,208,9907443,1,1,-9907442,9907443,9907443,8020224,2832
17,191,3247,208,9907443,2,3,-29722328,29722329,9907443,8020224,2832
17,191,3247,208,9907443,3,7,-69352100,69352101,9907443,8020224,2832
17,191,3247,208,9907443,5,21,-208056302,208056303,9907443,8020224,2832
17,191,3247,208,9907443,7,43,-426020048,426020049,9907443,8020224,2832
17,193,3281,210,10116561,0,1,-10116560,10116561,10116561,8191044,2862
17,193,3281,210,10116561,1,1,-10116560,10116561,10116561,8191044,2862
17,193,3281,210,10116561,2,3,-30349682,30349683,10116561,8191044,2862
17,193,3281,210,10116561,3,7,-70815926,70815927,10116561,8191044,2862
17,193,3281,210,10116561,5,21,-212447780,212447781,10116561,8191044,2862
17,193,3281,210,10116561,7,43,-435012122,435012123,10116561,8191044,2862
17,197,3349,214,10541349,0,1,-10541348,10541349,10541349,8538084,2922
17,197,3349,214,10541349,1,1,-10541348,10541349,10541349,8538084,2922
17,197,3349,214,10541349,2,3,-31624046,31624047,10541349,8538084,2922
17,197,3349,214,10541349,3,7,-73789442,73789443,10541349,8538084,2922
17,197,3349,214,10541349,5,21,-221368328,221368329,10541349,8538084,2922
17,197,3349,214,10541349,7,43,-453278006,453278007,10541349,8538084,2922
17,199,3383,216,10757019,0,1,-10757018,10757019,10757019,8714304,2952
17,199,3383,216,10757019,1,1,-10757018,10757019,10757019,8714304,2952
17,199,3383,216,10757019,2,3,-32271056,32271057,10757019,8714304,2952
17,199,3383,216,10757019,3,7,-75299132,75299133,10757019,8714304,2952
17,199,3383,216,10757019,5,21,-225897398,225897399,10757019,8714304,2952
17,199,3383,216,10757019,7,43,-462551816,462551817,10757019,8714304,2952
17,211,3587,228,12096903,0,1,-12096902,12096903,12096903,9809424,3132
17,211,3587,228,12096903,1,1,-12096902,12096903,12096903,9809424,3132
17,211,3587,228,12096903,2,3,-36290708,36290709,12096903,9809424,3132
17,211,3587,228,12096903,3,7,-84678320,84678321,12096903,9809424,3132
17,211,3587,228,12096903,5,21,-254034962,254034963,12096903,9809424,3132
17,211,3587,228,12096903,7,43,-520166828,520166829,12096903,9809424,3132
17,223,3791,240,13515411,0,1,-13515410,13515411,13515411,10969344,3312
17,223,3791,240,13515411,1,1,-13515410,13515411,13515411,10969344,3312
17,223,3791,240,13515411,2,3,-40546232,40546233,13515411,10969344,3312
17,223,3791,240,13515411,3,7,-94607876,94607877,13515411,10969344,3312
17,223,3791,240,13515411,5,21,-283823630,283823631,13515411,10969344,3312
17,223,3791,240,13515411,7,43,-581162672,581162673,13515411,10969344,3312
17,227,3859,244,14005719,0,1,-14005718,14005719,14005719,11370384,3372
17,227,3859,244,14005719,1,1,-14005718,14005719,14005719,11370384,3372
17,227,3859,244,14005719,2,3,-42017156,42017157,14005719,11370384,3372
17,227,3859,244,14005719,3,7,-98040032,98040033,14005719,11370384,3372
17,227,3859,244,14005719,5,21,-294120098,294120099,14005719,11370384,3372
17,227,3859,244,14005719,7,43,-602245916,602245917,14005719,11370384,3372
17,229,3893,246,14254149,0,1,-14254148,14254149,14254149,11573604,3402
17,229,3893,246,14254149,1,1,-14254148,14254149,14254149,11573604,3402
17,229,3893,246,14254149,2,3,-42762446,42762447,14254149,11573604,3402
17,229,3893,246,14254149,3,7,-99779042,99779043,14254149,11573604,3402
17,229,3893,246,14254149,5,21,-299337128,299337129,14254149,11573604,3402
17,229,3893,246,14254149,7,43,-612928406,612928407,14254149,11573604,3402
17,233,3961,250,14757561,0,1,-14757560,14757561,14757561,11985444,3462
17,233,3961,250,14757561,1,1,-14757560,14757561,14757561,11985444,3462
17,233,3961,250,14757561,2,3,-44272682,44272683,14757561,11985444,3462
17,233,3961,250,14757561,3,7,-103302926,103302927,14757561,11985444,3462
17,233,3961,250,14757561,5,21,-309908780,309908781,14757561,11985444,3462
17,233,3961,250,14757561,7,43,-634575122,634575123,14757561,11985444,3462
17,239,4063,256,15529059,0,1,-15529058,15529059,15529059,12616704,3552
17,239,4063,256,15529059,1,1,-15529058,15529059,15529059,12616704,3552
17,239,4063,256,15529059,2,3,-46587176,46587177,15529059,12616704,3552
17,239,4063,256,15529059,3,7,-108703412,108703413,15529059,12616704,3552
17,239,4063,256,15529059,5,21,-326110238,326110239,15529059,12616704,3552
17,239,4063,256,15529059,7,43,-667749536,667749537,15529059,12616704,3552
17,241,4097,258,15790593,0,1,-15790592,15790593,15790593,12830724,3582
17,241,4097,258,15790593,1,1,-15790592,15790593,15790593,12830724,3582
17,241,4097,258,15790593,2,3,-47371778,47371779,15790593,12830724,3582
17,241,4097,258,15790593,3,7,-110534150,110534151,15790593,12830724,3582
17,241,4097,258,15790593,5,21,-331602452,331602453,15790593,12830724,3582
17,241,4097,258,15790593,7,43,-678995498,678995499,15790593,12830724,3582
17,251,4267,268,17131023,0,1,-17131022,17131023,17131023,13927824,3732
17,251,4267,268,17131023,1,1,-17131022,17131023,17131023,13927824,3732
17,251,4267,268,17131023,2,3,-51393068,51393069,17131023,13927824,3732
17,251,4267,268,17131023,3,7,-119917160,119917161,17131023,13927824,3732
17,251,4267,268,17131023,5,21,-359751482,359751483,17131023,13927824,3732
17,251,4267,268,17131023,7,43,-736633988,736633989,17131023,13927824,3732
17,257,4369,274,17961489,0,1,-17961488,17961489,17961489,14607684,3822
17,257,4369,274,17961489,1,1,-17961488,17961489,17961489,14607684,3822
17,257,4369,274,17961489,2,3,-53884466,53884467,17961489,14607684,3822
17,257,4369,274,17961489,3,7,-125730422,125730423,17961489,14607684,3822
17,257,4369,274,17961489,5,21,-377191268,377191269,17961489,14607684,3822
17,257,4369,274,17961489,7,43,-772344026,772344027,17961489,14607684,3822
17,263,4471,280,18811611,0,1,-18811610,18811611,18811611,15303744,3912
17,263,4471,280,18811611,1,1,-18811610,18811611,18811611,15303744,3912
17,263,4471,280,18811611,2,3,-56434832,56434833,18811611,15303744,3912
17,263,4471,280,18811611,3,7,-131681276,131681277,18811611,15303744,3912
17,263,4471,280,18811611,5,21,-395043830,395043831,18811611,15303744,3912
17,263,4471,280,18811611,7,43,-808899272,808899273,18811611,15303744,3912
17,269,4573,286,19681389,0,1,-19681388,19681389,19681389,16016004,4002
17,269,4573,286,19681389,1,1,-19681388,19681389,19681389,16016004,4002
17,269,4573,286,19681389,2,3,-59044166,59044167,19681389,16016004,4002
17,269,4573,286,19681389,3,7,-137769722,137769723,19681389,16016004,4002
17,269,4573,286,19681389,5,21,-413309168,413309169,19681389,16016004,4002
17,269,4573,286,19681389,7,43,-846299726,846299727,19681389,16016004,4002
17,271,4607,288,19975683,0,1,-19975682,19975683,19975683,16257024,4032
17,271,4607,288,19975683,1,1,-19975682,19975683,19975683,16257024,4032
17,271,4607,288,19975683,2,3,-59927048,59927049,19975683,16257024,4032
17,271,4607,288,19975683,3,7,-139829780,139829781,19975683,16257024,4032
17,271,4607,288,19975683,5,21,-419489342,419489343,19975683,16257024,4032
17,271,4607,288,19975683,7,43,-858954368,858954369,19975683,16257024,4032
17,277,4709,294,20871669,0,1,-20871668,20871669,20871669,16990884,4122
17,277,4709,294,20871669,1,1,-20871668,20871669,20871669,16990884,4122
17,277,4709,294,20871669,2,3,-62615006,62615007,20871669,16990884,4122
17,277,4709,294,20871669,3,7,-146101682,146101683,20871669,16990884,4122
17,277,4709,294,20871669,5,21,-438305048,438305049,20871669,16990884,4122
17,277,4709,294,20871669,7,43,-897481766,897481767,20871669,16990884,4122
17,281,4777,298,21479913,0,1,-21479912,21479913,21479913,17489124,4182
17,281,4777,298,21479913,1,1,-21479912,21479913,21479913,17489124,4182
17,281,4777,298,21479913,2,3,-64439738,64439739,21479913,17489124,4182
17,281,4777,298,21479913,3,7,-150359390,150359391,21479913,17489124,4182
17,281,4777,298,21479913,5,21,-451078172,451078173,21479913,17489124,4182
17,281,4777,298,21479913,7,43,-923636258,923636259,21479913,17489124,4182
17,283,4811,300,21787311,0,1,-21787310,21787311,21787311,17740944,4212
17,283,4811,300,21787311,1,1,-21787310,21787311,21787311,17740944,4212
17,283,4811,300,21787311,2,3,-65361932,65361933,21787311,17740944,4212
17,283,4811,300,21787311,3,7,-152511176,152511177,21787311,17740944,4212
17,283,4811,300,21787311,5,21,-457533530,457533531,21787311,17740944,4212
17,283,4811,300,21787311,7,43,-936854372,936854373,21787311,17740944,4212
17,293,4981,310,23357061,0,1,-23357060,23357061,23357061,19027044,4362
17,293,4981,310,23357061,1,1,-23357060,23357061,23357061,19027044,4362
17,293,4981,310,23357061,2,3,-70071182,70071183,23357061,19027044,4362
17,293,4981,310,23357061,3,7,-163499426,163499427,23357061,19027044,4362
17,293,4981,310,23357061,5,21,-490498280,490498281,23357061,19027044,4362
17,293,4981,310,23357061,7,43,-1004353622,1004353623,23357061,19027044,4362
19,23,437,42,173901,0,1,-173900,173901,173901,125316,354
19,23,437,42,173901,1,1,-173900,173901,173901,125316,354
19,23,437,42,173901,2,3,-521702,521703,173901,125316,354
19,23,437,42,173901,3,7,-1217306,1217307,173901,125316,354
19,23,437,42,173901,5,21,-3651920,3651921,173901,125316,354
19,23,437,42,173901,7,43,-7477742,7477743,173901,125316,354
19,29,551,48,278859,0,1,-278858,278859,278859,207936,456
19,29,551,48,278859,1,1,-278858,278859,278859,207936,456
19,29,551,48,278859,2,3,-836576,836577,278859,207936,456
19,29,551,48,278859,3,7,-1952012,1952013,278859,207936,456
19,29,551,48,278859,5,21,-5856038,5856039,278859,207936,456
19,29,551,48,278859,7,43,-11990936,11990937,278859,207936,456
19,31,589,50,319333,0,1,-319332,319333,319333,240100,490
19,31,589,50,319333,1,1,-319332,319333,319333,240100,490
19,31,589,50,319333,2,3,-957998,957999,319333,240100,490
19,31,589,50,319333,3,7,-2235330,2235331,319333,240100,490
19,31,589,50,319333,5,21,-6705992,6705993,319333,240100,490
19,31,589,50,319333,7,43,-13731318,13731319,319333,240100,490
19,37,703,56,457219,0,1,-457218,457219,457219,350464,592
19,37,703,56,457219,1,1,-457218,457219,457219,350464,592
19,37,703,56,457219,2,3,-1371656,1371657,457219,350464,592
19,37,703,56,457219,3,7,-3200532,3200533,457219,350464,592
19,37,703,56,457219,5,21,-9601598,9601599,457219,350464,592
19,37,703,56,457219,7,43,-19660416,19660417,457219,350464,592
19,41,779,60,562863,0,1,-562862,562863,562863,435600,660
19,41,779,60,562863,1,1,-562862,562863,562863,435600,660
19,41,779,60,562863,2,3,-1688588,1688589,562863,435600,660
19,41,779,60,562863,3,7,-3940040,3940041,562863,435600,660
19,41,779,60,562863,5,21,-11820122,11820123,562863,435600,660
19,41,779,60,562863,7,43,-24203108,24203109,562863,435600,660
19,43,817,62,619801,0,1,-619800,619801,619801,481636,694
19,43,817,62,619801,1,1,-619800,619801,619801,481636,694
19,43,817,62,619801,2,3,-1859402,1859403,619801,481636,694
19,43,817,62,619801,3,7,-4338606,4338607,619801,481636,694
19,43,817,62,619801,5,21,-13015820,13015821,619801,481636,694
19,43,817,62,619801,7,43,-26651442,26651443,619801,481636,694
19,47,893,66,741909,0,1,-741908,741909,741909,580644,762
19,47,893,66,741909,1,1,-741908,741909,741909,580644,762
19,47,893,66,741909,2,3,-2225726,2225727,741909,580644,762
19,47,893,66,741909,3,7,-5193362,5193363,741909,580644,762
19,47,893,66,741909,5,21,-15580088,15580089,741909,580644,762
19,47,893,66,741909,7,43,-31902086,31902087,741909,580644,762
19,53,1007,72,945651,0,1,-945650,945651,945651,746496,864
19,53,1007,72,945651,1,1,-945650,945651,945651,746496,864
19,53,1007,72,945651,2,3,-2836952,2836953,945651,746496,864
19,53,1007,72,945651,3,7,-6619556,6619557,945651,746496,864
19,53,1007,72,945651,5,21,-19858670,19858671,945651,746496,864
19,53,1007,72,945651,7,43,-40662992,40662993,945651,746496,864
19,59,1121,78,1174089,0,1,-1174088,1174089,1174089,933156,966
19,59,1121,78,1174089,1,1,-1174088,1174089,1174089,933156,966
19,59,1121,78,1174089,2,3,-3522266,3522267,1174089,933156,966
19,59,1121,78,1174089,3,7,-8218622,8218623,1174089,933156,966
19,59,1121,78,1174089,5,21,-24655868,24655869,1174089,933156,966
19,59,1121,78,1174089,7,43,-50485826,50485827,1174089,933156,966
19,61,1159,80,1255723,0,1,-1255722,1255723,1255723,1000000,1000
19,61,1159,80,1255723,1,1,-1255722,1255723,1255723,1000000,1000
19,61,1159,80,1255723,2,3,-3767168,3767169,1255723,1000000,1000
19,61,1159,80,1255723,3,7,-8790060,8790061,1255723,1000000,1000
19,61,1159,80,1255723,5,21,-26370182,26370183,1255723,1000000,1000
19,61,1159,80,1255723,7,43,-53996088,53996089,1255723,1000000,1000
19,67,1273,86,1517089,0,1,-1517088,1517089,1517089,1214404,1102
19,67,1273,86,1517089,1,1,-1517088,1517089,1517089,1214404,1102
19,67,1273,86,1517089,2,3,-4551266,4551267,1517089,1214404,1102
19,67,1273,86,1517089,3,7,-10619622,10619623,1517089,1214404,1102
19,67,1273,86,1517089,5,21,-31858868,31858869,1517089,1214404,1102
19,67,1273,86,1517089,7,43,-65234826,65234827,1517089,1214404,1102
19,71,1349,90,1705053,0,1,-1705052,1705053,1705053,1368900,1170
19,71,1349,90,1705053,1,1,-1705052,1705053,1705053,1368900,1170
19,71,1349,90,1705053,2,3,-5115158,5115159,1705053,1368900,1170
19,71,1349,90,1705053,3,7,-11935370,11935371,1705053,1368900,1170
19,71,1349,90,1705053,5,21,-35806112,35806113,1705053,1368900,1170
19,71,1349,90,1705053,7,43,-73317278,73317279,1705053,1368900,1170
19,73,1387,92,1803151,0,1,-1803150,1803151,1803151,1449616,1204
19,73,1387,92,1803151,1,1,-1803150,1803151,1803151,1449616,1204
19,73,1387,92,1803151,2,3,-5409452,5409453,1803151,1449616,1204
19,73,1387,92,1803151,3,7,-12622056,12622057,1803151,1449616,1204
19,73,1387,92,1803151,5,21,-37866170,37866171,1803151,1449616,1204
19,73,1387,92,1803151,7,43,-77535492,77535493,1803151,1449616,1204
19,79,1501,98,2113909,0,1,-2113908,2113909,2113909,1705636,1306
19,79,1501,98,2113909,1,1,-2113908,2113909,2113909,1705636,1306
19,79,1501,98,2113909,2,3,-6341726,6341727,2113909,1705636,1306
19,79,1501,98,2113909,3,7,-14797362,14797363,2113909,1705636,1306
19,79,1501,98,2113909,5,21,-44392088,44392089,2113909,1705636,1306
19,79,1501,98,2113909,7,43,-90898086,90898087,2113909,1705636,1306
19,83,1577,102,2334801,0,1,-2334800,2334801,2334801,1887876,1374
19,83,1577,102,2334801,1,1,-2334800,2334801,2334801,1887876,1374
19,83,1577,102,2334801,2,3,-7004402,7004403,2334801,1887876,1374
19,83,1577,102,2334801,3,7,-16343606,16343607,2334801,1887876,1374
19,83,1577,102,2334801,5,21,-49030820,49030821,2334801,1887876,1374
19,83,1577,102,2334801,7,43,-100396442,100396443,2334801,1887876,1374
19,89,1691,108,2686719,0,1,-2686718,2686719,2686719,2178576,1476
19,89,1691,108,2686719,1,1,-2686718,2686719,2686719,2178576,1476
19,89,1691,108,2686719,2,3,-8060156,8060157,2686719,2178576,1476
19,89,1691,108,2686719,3,7,-18807032,18807033,2686719,2178576,1476
19,89,1691,108,2686719,5,21,-56421098,56421099,2686719,2178576,1476
19,89,1691,108,2686719,7,43,-115528916,115528917,2686719,2178576,1476
19,97,1843,116,3194359,0,1,-3194358,3194359,3194359,2598544,1612
19,97,1843,116,3194359,1,1,-3194358,3194359,3194359,2598544,1612
19,97,1843,116,3194359,2,3,-9583076,9583077,3194359,2598544,1612
19,97,1843,116,3194359,3,7,-22360512,22360513,3194359,2598544,1612
19,97,1843,116,3194359,5,21,-67081538,67081539,3194359,2598544,1612
19,97,1843,116,3194359,7,43,-137357436,137357437,3194359,2598544,1612
19,101,1919,120,3464643,0,1,-3464642,3464643,3464643,2822400,1680
19,101,1919,120,3464643,1,1,-3464642,3464643,3464643,2822400,1680
19,101,1919,120,3464643,2,3,-10393928,10393929,3464643,2822400,1680
19,101,1919,120,3464643,3,7,-24252500,24252501,3464643,2822400,1680
19,101,1919,120,3464643,5,21,-72757502,72757503,3464643,2822400,1680
19,101,1919,120,3464643,7,43,-148979648,148979649,3464643,2822400,1680
19,103,1957,122,3603901,0,1,-3603900,3603901,3603901,2937796,1714
19,103,1957,122,3603901,1,1,-3603900,3603901,3603901,2937796,1714
19,103,1957,122,3603901,2,3,-10811702,10811703,3603901,2937796,1714
19,103,1957,122,3603901,3,7,-25227306,25227307,3603901,2937796,1714
19,103,1957,122,3603901,5,21,-75681920,75681921,3603901,2937796,1714
19,103,1957,122,3603901,7,43,-154967742,154967743,3603901,2937796,1714
19,107,2033,126,3890649,0,1,-3890648,3890649,3890649,3175524,1782
19,107,2033,126,3890649,1,1,-3890648,3890649,3890649,3175524,1782
19,107,2033,126,3890649,2,3,-11671946,11671947,3890649,3175524,1782
19,107,2033,126,3890649,3,7,-27234542,27234543,3890649,3175524,1782
19,107,2033,126,3890649,5,21,-81703628,81703629,3890649,3175524,1782
19,107,2033,126,3890649,7,43,-167297906,167297907,3890649,3175524,1782
19,109,2071,128,4038139,0,1,-4038138,4038139,4038139,3297856,1816
19,109,2071,128,4038139,1,1,-4038138,4038139,4038139,3297856,1816
19,109,2071,128,4038139,2,3,-12114416,12114417,4038139,3297856,1816
19,109,2071,128,4038139,3,7,-28266972,28266973,4038139,3297856,1816
19,109,2071,128,4038139,5,21,-84800918,84800919,4038139,3297856,1816
19,109,2071,128,4038139,7,43,-173639976,173639977,4038139,3297856,1816
19,113,2147,132,4341351,0,1,-4341350,4341351,4341351,3549456,1884
19,113,2147,132,4341351,1,1,-4341350,4341351,4341351,3549456,1884
19,113,2147,132,4341351,2,3,-13024052,13024053,4341351,3549456,1884
19,113,2147,132,4341351,3,7,-30389456,30389457,4341351,3549456,1884
19,113,2147,132,4341351,5,21,-91168370,91168371,4341351,3549456,1884
19,113,2147,132,4341351,7,43,-186678092,186678093,4341351,3549456,1884
19,127,2413,146,5489029,0,1,-5489028,5489029,5489029,4502884,2122
19,127,2413,146,5489029,1,1,-5489028,5489029,5489029,4502884,2122
19,127,2413,146,5489029,2,3,-16467086,16467087,5489029,4502884,2122
19,127,2413,146,5489029,3,7,-38423202,38423203,5489029,4502884,2122
19,127,2413,146,5489029,5,21,-115269608,115269609,5489029,4502884,2122
19,127,2413,146,5489029,7,43,-236028246,236028247,5489029,4502884,2122
19,131,2489,150,5841633,0,1,-5841632,5841633,5841633,4796100,2190
19,131,2489,150,5841633,1,1,-5841632,5841633,5841633,4796100,2190
19,131,2489,150,5841633,2,3,-17524898,17524899,5841633,4796100,2190
19,131,2489,150,5841633,3,7,-40891430,40891431,5841633,4796100,2190
19,131,2489,150,5841633,5,21,-122674292,122674293,5841633,4796100,2190
19,131,2489,150,5841633,7,43,-251190218,251190219,5841633,4796100,2190
19,137,2603,156,6391119,0,1,-6391118,6391119,6391119,5253264,2292
19,137,2603,156,6391119,1,1,-6391118,6391119,6391119,5253264,2292
19,137,2603,156,6391119,2,3,-19173356,19173357,6391119,5253264,2292
19,137,2603,156,6391119,3,7,-44737832,44737833,6391119,5253264,2292
19,137,2603,156,6391119,5,21,-134213498,134213499,6391119,5253264,2292
19,137,2603,156,6391119,7,43,-274818116,274818117,6391119,5253264,2292
19,139,2641,158,6579769,0,1,-6579768,6579769,6579769,5410276,2326
19,139,2641,158,6579769,1,1,-6579768,6579769,6579769,5410276,2326
19,139,2641,158,6579769,2,3,-19739306,19739307,6579769,5410276,2326
19,139,2641,158,6579769,3,7,-46058382,46058383,6579769,5410276,2326
19,139,2641,158,6579769,5,21,-138175148,138175149,6579769,5410276,2326
19,139,2641,158,6579769,7,43,-282930066,282930067,6579769,5410276,2326
19,149,2831,168,7564179,0,1,-7564178,7564179,7564179,6230016,2496
19,149,2831,168,7564179,1,1,-7564178,7564179,7564179,6230016,2496
19,149,2831,168,7564179,2,3,-22692536,22692537,7564179,6230016,2496
19,149,2831,168,7564179,3,7,-52949252,52949253,7564179,6230016,2496
19,149,2831,168,7564179,5,21,-158847758,158847759,7564179,6230016,2496
19,149,2831,168,7564179,7,43,-325259696,325259697,7564179,6230016,2496
19,151,2869,170,7769293,0,1,-7769292,7769293,7769293,6400900,2530
19,151,2869,170,7769293,1,1,-7769292,7769293,7769293,6400900,2530
19,151,2869,170,7769293,2,3,-23307878,23307879,7769293,6400900,2530
19,151,2869,170,7769293,3,7,-54385050,54385051,7769293,6400900,2530
19,151,2869,170,7769293,5,21,-163155152,163155153,7769293,6400900,2530
19,151,2869,170,7769293,7,43,-334079598,334079599,7769293,6400900,2530
19,157,2983,176,8401099,0,1,-8401098,8401099,8401099,6927424,2632
19,157,2983,176,8401099,1,1,-8401098,8401099,8401099,6927424,2632
19,157,2983,176,8401099,2,3,-25203296,25203297,8401099,6927424,2632
19,157,2983,176,8401099,3,7,-58807692,58807693,8401099,6927424,2632
19,157,2983,176,8401099,5,21,-176423078,176423079,8401099,6927424,2632
19,157,2983,176,8401099,7,43,-361247256,361247257,8401099,6927424,2632
19,163,3097,182,9057601,0,1,-9057600,9057601,9057601,7474756,2734
19,163,3097,182,9057601,1,1,-9057600,9057601,9057601,7474756,2734
19,163,3097,182,9057601,2,3,-27172802,27172803,9057601,7474756,2734
19,163,3097,182,9057601,3,7,-63403206,63403207,9057601,7474756,2734
19,163,3097,182,9057601,5,21,-190209620,190209621,9057601,7474756,2734
19,163,3097,182,9057601,7,43,-389476842,389476843,9057601,7474756,2734
19,167,3173,186,9508989,0,1,-9508988,9508989,9508989,7851204,2802
19,167,3173,186,9508989,1,1,-9508988,9508989,9508989,7851204,2802
19,167,3173,186,9508989,2,3,-28526966,28526967,9508989,7851204,2802
19,167,3173,186,9508989,3,7,-66562922,66562923,9508989,7851204,2802
19,167,3173,186,9508989,5,21,-199688768,199688769,9508989,7851204,2802
19,167,3173,186,9508989,7,43,-408886526,408886527,9508989,7851204,2802
19,173,3287,192,10206651,0,1,-10206650,10206651,10206651,8433216,2904
19,173,3287,192,10206651,1,1,-10206650,10206651,10206651,8433216,2904
19,173,3287,192,10206651,2,3,-30619952,30619953,10206651,8433216,2904
19,173,3287,192,10206651,3,7,-71446556,71446557,10206651,8433216,2904
19,173,3287,192,10206651,5,21,-214339670,214339671,10206651,8433216,2904
19,173,3287,192,10206651,7,43,-438885992,438885993,10206651,8433216,2904
19,179,3401,198,10929009,0,1,-10929008,10929009,10929009,9036036,3006
19,179,3401,198,10929009,1,1,-10929008,10929009,10929009,9036036,3006
19,179,3401,198,10929009,2,3,-32787026,32787027,10929009,9036036,3006
19,179,3401,198,10929009,3,7,-76503062,76503063,10929009,9036036,3006
19,179,3401,198,10929009,5,21,-229509188,229509189,10929009,9036036,3006
19,179,3401,198,10929009,7,43,-469947386,469947387,10929009,9036036,3006
19,181,3439,200,11175283,0,1,-11175282,11175283,11175283,9241600,3040
19,181,3439,200,11175283,1,1,-11175282,11175283,11175283,9241600,3040
19,181,3439,200,11175283,2,3,-33525848,33525849,11175283,9241600,3040
19,181,3439,200,11175283,3,7,-78226980,78226981,11175283,9241600,3040
19,181,3439,200,11175283,5,21,-234680942,234680943,11175283,9241600,3040
19,181,3439,200,11175283,7,43,-480537168,480537169,11175283,9241600,3040
19,191,3629,210,12447813,0,1,-12447812,12447813,12447813,10304100,3210
19,191,3629,210,12447813,1,1,-12447812,12447813,12447813,10304100,3210
19,191,3629,210,12447813,2,3,-37343438,37343439,12447813,10304100,3210
19,191,3629,210,12447813,3,7,-87134690,87134691,12447813,10304100,3210
19,191,3629,210,12447813,5,21,-261404072,261404073,12447813,10304100,3210
19,191,3629,210,12447813,7,43,-535255958,535255959,12447813,10304100,3210
19,193,3667,212,12710551,0,1,-12710550,12710551,12710551,10523536,3244
19,193,3667,212,12710551,1,1,-12710550,12710551,12710551,10523536,3244
19,193,3667,212,12710551,2,3,-38131652,38131653,12710551,10523536,3244
19,193,3667,212,12710551,3,7,-88973856,88973857,12710551,10523536,3244
19,193,3667,212,12710551,5,21,-266921570,266921571,12710551,10523536,3244
19,193,3667,212,12710551,7,43,-546553692,546553693,12710551,10523536,3244
19,197,3743,216,13244259,0,1,-13244258,13244259,13244259,10969344,3312
19,197,3743,216,13244259,1,1,-13244258,13244259,13244259,10969344,3312
19,197,3743,216,13244259,2,3,-39732776,39732777,13244259,10969344,3312
19,197,3743,216,13244259,3,7,-92709812,92709813,13244259,10969344,3312
19,197,3743,216,13244259,5,21,-278129438,278129439,13244259,10969344,3312
19,197,3743,216,13244259,7,43,-569503136,569503137,13244259,10969344,3312
19,199,3781,218,13515229,0,1,-13515228,13515229,13515229,11195716,3346
19,199,3781,218,13515229,1,1,-13515228,13515229,13515229,11195716,3346
19,199,3781,218,13515229,2,3,-40545686,40545687,13515229,11195716,3346
19,199,3781,218,13515229,3,7,-94606602,94606603,13515229,11195716,3346
19,199,3781,218,13515229,5,21,-283819808,283819809,13515229,11195716,3346
19,199,3781,218,13515229,7,43,-581154846,581154847,13515229,11195716,3346
19,211,4009,230,15198673,0,1,-15198672,15198673,15198673,12602500,3550
19,211,4009,230,15198673,1,1,-15198672,15198673,15198673,12602500,3550
19,211,4009,230,15198673,2,3,-45596018,45596019,15198673,12602500,3550
19,211,4009,230,15198673,3,7,-106390710,106390711,15198673,12602500,3550
19,211,4009,230,15198673,5,21,-319172132,319172133,15198673,12602500,3550
19,211,4009,230,15198673,7,43,-653542938,653542939,15198673,12602500,3550
19,223,4237,242,16980901,0,1,-16980900,16980901,16980901,14092516,3754
19,223,4237,242,16980901,1,1,-16980900,16980901,16980901,14092516,3754
19,223,4237,242,16980901,2,3,-50942702,50942703,16980901,14092516,3754
19,223,4237,242,16980901,3,7,-118866306,118866307,16980901,14092516,3754
19,223,4237,242,16980901,5,21,-356598920,356598921,16980901,14092516,3754
19,223,4237,242,16980901,7,43,-730178742,730178743,16980901,14092516,3754
19,227,4313,246,17596929,0,1,-17596928,17596929,17596929,14607684,3822
19,227,4313,246,17596929,1,1,-17596928,17596929,17596929,14607684,3822
19,227,4313,246,17596929,2,3,-52790786,52790787,17596929,14607684,3822
19,227,4313,246,17596929,3,7,-123178502,123178503,17596929,14607684,3822
19,227,4313,246,17596929,5,21,-369535508,369535509,17596929,14607684,3822
19,227,4313,246,17596929,7,43,-756667946,756667947,17596929,14607684,3822
19,229,4351,248,17909059,0,1,-17909058,17909059,17909059,14868736,3856
19,229,4351,248,17909059,1,1,-17909058,17909059,17909059,14868736,3856
19,229,4351,248,17909059,2,3,-53727176,53727177,17909059,14868736,3856
19,229,4351,248,17909059,3,7,-125363412,125363413,17909059,14868736,3856
19,229,4351,248,17909059,5,21,-376090238,376090239,17909059,14868736,3856
19,229,4351,248,17909059,7,43,-770089536,770089537,17909059,14868736,3856
19,233,4427,252,18541551,0,1,-18541550,18541551,18541551,15397776,3924
19,233,4427,252,18541551,1,1,-18541550,18541551,18541551,15397776,3924
19,233,4427,252,18541551,2,3,-55624652,55624653,18541551,15397776,3924
19,233,4427,252,18541551,3,7,-129790856,129790857,18541551,15397776,3924
19,233,4427,252,18541551,5,21,-389372570,389372571,18541551,15397776,3924
19,233,4427,252,18541551,7,43,-797286692,797286693,18541551,15397776,3924
19,239,4541,258,19510869,0,1,-19510868,19510869,19510869,16208676,4026
19,239,4541,258,19510869,1,1,-19510868,19510869,19510869,16208676,4026
19,239,4541,258,19510869,2,3,-58532606,58532607,19510869,16208676,4026
19,239,4541,258,19510869,3,7,-136576082,136576083,19510869,16208676,4026
19,239,4541,258,19510869,5,21,-409728248,409728249,19510869,16208676,4026
19,239,4541,258,19510869,7,43,-838967366,838967367,19510869,16208676,4026
19,241,4579,260,19839463,0,1,-19839462,19839463,19839463,16483600,4060
19,241,4579,260,19839463,1,1,-19839462,19839463,19839463,16483600,4060
19,241,4579,260,19839463,2,3,-59518388,59518389,19839463,16483600,4060
19,241,4579,260,19839463,3,7,-138876240,138876241,19839463,16483600,4060
19,241,4579,260,19839463,5,21,-416628722,416628723,19839463,16483600,4060
19,241,4579,260,19839463,7,43,-853096908,853096909,19839463,16483600,4060
19,251,4769,270,21523593,0,1,-21523592,21523593,21523593,17892900,4230
19,251,4769,270,21523593,1,1,-21523592,21523593,21523593,17892900,4230
19,251,4769,270,21523593,2,3,-64570778,64570779,21523593,17892900,4230
19,251,4769,270,21523593,3,7,-150665150,150665151,21523593,17892900,4230
19,251,4769,270,21523593,5,21,-451995452,451995453,21523593,17892900,4230
19,251,4769,270,21523593,7,43,-925514498,925514499,21523593,17892900,4230
19,257,4883,276,22566999,0,1,-22566998,22566999,22566999,18766224,4332
19,257,4883,276,22566999,1,1,-22566998,22566999,22566999,18766224,4332
19,257,4883,276,22566999,2,3,-67700996,67700997,22566999,18766224,4332
19,257,4883,276,22566999,3,7,-157968992,157968993,22566999,18766224,4332
19,257,4883,276,22566999,5,21,-473906978,473906979,22566999,18766224,4332
19,257,4883,276,22566999,7,43,-970380956,970380957,22566999,18766224,4332
19,263,4997,282,23635101,0,1,-23635100,23635101,23635101,19660356,4434
19,263,4997,282,23635101,1,1,-23635100,23635101,23635101,19660356,4434
19,263,4997,282,23635101,2,3,-70905302,70905303,23635101,19660356,4434
19,263,4997,282,23635101,3,7,-165445706,165445707,23635101,19660356,4434
19,263,4997,282,23635101,5,21,-496337120,496337121,23635101,19660356,4434
19,263,4997,282,23635101,7,43,-1016309342,1016309343,23635101,19660356,4434
19,269,5111,288,24727899,0,1,-24727898,24727899,24727899,20575296,4536
19,269,5111,288,24727899,1,1,-24727898,24727899,24727899,20575296,4536
19,269,5111,288,24727899,2,3,-74183696,74183697,24727899,20575296,4536
19,269,5111,288,24727899,3,7,-173095292,173095293,24727899,20575296,4536
19,269,5111,288,24727899,5,21,-519285878,519285879,24727899,20575296,4536
19,269,5111,288,24727899,7,43,-1063299656,1063299657,24727899,20575296,4536
19,271,5149,290,25097653,0,1,-25097652,25097653,25097653,20884900,4570
19,271,5149,290,25097653,1,1,-25097652,25097653,25097653,20884900,4570
19,271,5149,290,25097653,2,3,-75292958,75292959,25097653,20884900,4570
19,271,5149,290,25097653,3,7,-175683570,175683571,25097653,20884900,4570
19,271,5149,290,25097653,5,21,-527050712,527050713,25097653,20884900,4570
19,271,5149,290,25097653,7,43,-1079199078,1079199079,25097653,20884900,4570
19,277,5263,296,26223379,0,1,-26223378,26223379,26223379,21827584,4672
19,277,5263,296,26223379,1,1,-26223378,26223379,26223379,21827584,4672
19,277,5263,296,26223379,2,3,-78670136,78670137,26223379,21827584,4672
19,277,5263,296,26223379,3,7,-183563652,183563653,26223379,21827584,4672
19,277,5263,296,26223379,5,21,-550690958,550690959,26223379,21827584,4672
19,277,5263,296,26223379,7,43,-1127605296,1127605297,26223379,21827584,4672
19,281,5339,300,26987583,0,1,-26987582,26987583,26987583,22467600,4740
19,281,5339,300,26987583,1,1,-26987582,26987583,26987583,22467600,4740
19,281,5339,300,26987583,2,3,-80962748,80962749,26987583,22467600,4740
19,281,5339,300,26987583,3,7,-188913080,188913081,26987583,22467600,4740
19,281,5339,300,26987583,5,21,-566739242,566739243,26987583,22467600,4740
19,281,5339,300,26987583,7,43,-1160466068,1160466069,26987583,22467600,4740
19,283,5377,302,27373801,0,1,-27373800,27373801,27373801,22791076,4774
19,283,5377,302,27373801,1,1,-27373800,27373801,27373801,22791076,4774
19,283,5377,302,27373801,2,3,-82121402,82121403,27373801,22791076,4774
19,283,5377,302,27373801,3,7,-191616606,191616607,27373801,22791076,4774
19,283,5377,302,27373801,5,21,-574849820,574849821,27373801,22791076,4774
19,283,5377,302,27373801,7,43,-1177073442,1177073443,27373801,22791076,4774
19,293,5567,312,29346051,0,1,-29346050,29346051,29346051,24443136,4944
19,293,5567,312,29346051,1,1,-29346050,29346051,29346051,24443136,4944
19,293,5567,312,29346051,2,3,-88038152,88038153,29346051,24443136,4944
19,293,5567,312,29346051,3,7,-205422356,205422357,29346051,24443136,4944
19,293,5567,312,29346051,5,21,-616267070,616267071,29346051,24443136,4944
19,293,5567,312,29346051,7,43,-1261880192,1261880193,29346051,24443136,4944
23,29,667,52,412191,0,1,-412190,412191,412191,318096,564
23,29,667,52,412191,1,1,-412190,412191,412191,318096,564
23,29,667,52,412191,2,3,-1236572,1236573,412191,318096,564
23,29,667,52,412191,3,7,-2885336,2885337,412191,318096,564
23,29,667,52,412191,5,21,-8656010,8656011,412191,318096,564
23,29,667,52,412191,7,43,-17724212,17724213,412191,318096,564
23,31,713,54,472017,0,1,-472016,472017,472017,367236,606
23,31,713,54,472017,1,1,-472016,472017,472017,367236,606
23,31,713,54,472017,2,3,-1416050,1416051,472017,367236,606
23,31,713,54,472017,3,7,-3304118,3304119,472017,367236,606
23,31,713,54,472017,5,21,-9912356,9912357,472017,367236,606
23,31,713,54,472017,7,43,-20296730,20296731,472017,367236,606
23,37,851,60,675831,0,1,-675830,675831,675831,535824,732
23,37,851,60,675831,1,1,-675830,675831,675831,535824,732
23,37,851,60,675831,2,3,-2027492,2027493,675831,535824,732
23,37,851,60,675831,3,7,-4730816,4730817,675831,535824,732
23,37,851,60,675831,5,21,-14192450,14192451,675831,535824,732
23,37,851,60,675831,7,43,-29060732,29060733,675831,535824,732
23,41,943,64,831987,0,1,-831986,831987,831987,665856,816
23,41,943,64,831987,1,1,-831986,831987,831987,665856,816
23,41,943,64,831987,2,3,-2495960,2495961,831987,665856,816
23,41,943,64,831987,3,7,-5823908,5823909,831987,665856,816
23,41,943,64,831987,5,21,-17471726,17471727,831987,665856,816
23,41,943,64,831987,7,43,-35775440,35775441,831987,665856,816
23,43,989,66,916149,0,1,-916148,916149,916149,736164,858
23,43,989,66,916149,1,1,-916148,916149,916149,736164,858
23,43,989,66,916149,2,3,-2748446,2748447,916149,736164,858
23,43,989,66,916149,3,7,-6413042,6413043,916149,736164,858
23,43,989,66,916149,5,21,-19239128,19239129,916149,736164,858
23,43,989,66,916149,7,43,-39394406,39394407,916149,736164,858
23,47,1081,70,1096641,0,1,-1096640,1096641,1096641,887364,942
23,47,1081,70,1096641,1,1,-1096640,1096641,1096641,887364,942
23,47,1081,70,1096641,2,3,-3289922,3289923,1096641,887364,942
23,47,1081,70,1096641,3,7,-7676486,7676487,1096641,887364,942
23,47,1081,70,1096641,5,21,-23029460,23029461,1096641,887364,942
23,47,1081,70,1096641,7,43,-47155562,47155563,1096641,887364,942
23,53,1219,76,1397799,0,1,-1397798,1397799,1397799,1140624,1068
23,53,1219,76,1397799,1,1,-1397798,1397799,1397799,1140624,1068
23,53,1219,76,1397799,2,3,-4193396,4193397,1397799,1140624,1068
23,53,1219,76,1397799,3,7,-9784592,9784593,1397799,1140624,1068
23,53,1219,76,1397799,5,21,-29353778,29353779,1397799,1140624,1068
23,53,1219,76,1397799,7,43,-60105356,60105357,1397799,1140624,1068
23,59,1357,82,1735461,0,1,-1735460,1735461,1735461,1425636,1194
23,59,1357,82,1735461,1,1,-1735460,1735461,1735461,1425636,1194
23,59,1357,82,1735461,2,3,-5206382,5206383,1735461,1425636,1194
23,59,1357,82,1735461,3,7,-12148226,12148227,1735461,1425636,1194
23,59,1357,82,1735461,5,21,-36444680,36444681,1735461,1425636,1194
23,59,1357,82,1735461,7,43,-74624822,74624823,1735461,1425636,1194
23,61,1403,84,1856127,0,1,-1856126,1856127,1856127,1527696,1236
23,61,1403,84,1856127,1,1,-1856126,1856127,1856127,1527696,1236
23,61,1403,84,1856127,2,3,-5568380,5568381,1856127,1527696,1236
23,61,1403,84,1856127,3,7,-12992888,12992889,1856127,1527696,1236
23,61,1403,84,1856127,5,21,-38978666,38978667,1856127,1527696,1236
23,61,1403,84,1856127,7,43,-79813460,79813461,1856127,1527696,1236
23,67,1541,90,2242461,0,1,-2242460,2242461,2242461,1855044,1362
23,67,1541,90,2242461,1,1,-2242460,2242461,2242461,1855044,1362
23,67,1541,90,2242461,2,3,-6727382,6727383,2242461,1855044,1362
23,67,1541,90,2242461,3,7,-15697226,15697227,2242461,1855044,1362
23,67,1541,90,2242461,5,21,-47091680,47091681,2242461,1855044,1362
23,67,1541,90,2242461,7,43,-96425822,96425823,2242461,1855044,1362
23,71,1633,94,2520297,0,1,-2520296,2520297,2520297,2090916,1446
23,71,1633,94,2520297,1,1,-2520296,2520297,2520297,2090916,1446
23,71,1633,94,2520297,2,3,-7560890,7560891,2520297,2090916,1446
23,71,1633,94,2520297,3,7,-17642078,17642079,2520297,2090916,1446
23,71,1633,94,2520297,5,21,-52926236,52926237,2520297,2090916,1446
23,71,1633,94,2520297,7,43,-108372770,108372771,2520297,2090916,1446
23,73,1679,96,2665299,0,1,-2665298,2665299,2665299,2214144,1488
23,73,1679,96,2665299,1,1,-2665298,2665299,2665299,2214144,1488
23,73,1679,96,2665299,2,3,-7995896,7995897,2665299,2214144,1488
23,73,1679,96,2665299,3,7,-18657092,18657093,2665299,2214144,1488
23,73,1679,96,2665299,5,21,-55971278,55971279,2665299,2214144,1488
23,73,1679,96,2665299,7,43,-114607856,114607857,2665299,2214144,1488
23,79,1817,102,3124641,0,1,-3124640,3124641,3124641,2604996,1614
23,79,1817,102,3124641,1,1,-3124640,3124641,3124641,2604996,1614
23,79,1817,102,3124641,2,3,-9373922,9373923,3124641,2604996,1614
23,79,1817,102,3124641,3,7,-21872486,21872487,3124641,2604996,1614
23,79,1817,102,3124641,5,21,-65617460,65617461,3124641,2604996,1614
23,79,1817,102,3124641,7,43,-134359562,134359563,3124641,2604996,1614
23,83,1909,106,3451149,0,1,-3451148,3451149,3451149,2883204,1698
23,83,1909,106,3451149,1,1,-3451148,3451149,3451149,2883204,1698
23,83,1909,106,3451149,2,3,-10353446,10353447,3451149,2883204,1698
23,83,1909,106,3451149,3,7,-24158042,24158043,3451149,2883204,1698
23,83,1909,106,3451149,5,21,-72474128,72474129,3451149,2883204,1698
23,83,1909,106,3451149,7,43,-148399406,148399407,3451149,2883204,1698
23,89,2047,112,3971331,0,1,-3971330,3971331,3971331,3326976,1824
23,89,2047,112,3971331,1,1,-3971330,3971331,3971331,3326976,1824
23,89,2047,112,3971331,2,3,-11913992,11913993,3971331,3326976,1824
23,89,2047,112,3971331,3,7,-27799316,27799317,3971331,3326976,1824
23,89,2047,112,3971331,5,21,-83397950,83397951,3971331,3326976,1824
23,89,2047,112,3971331,7,43,-170767232,170767233,3971331,3326976,1824
23,97,2231,120,4721691,0,1,-4721690,4721691,4721691,3968064,1992
23,97,2231,120,4721691,1,1,-4721690,4721691,4721691,3968064,1992
23,97,2231,120,4721691,2,3,-14165072,14165073,4721691,3968064,1992
23,97,2231,120,4721691,3,7,-33051836,33051837,4721691,3968064,1992
23,97,2231,120,4721691,5,21,-99155510,99155511,4721691,3968064,1992
23,97,2231,120,4721691,7,43,-203032712,203032713,4721691,3968064,1992
23,101,2323,124,5121207,0,1,-5121206,5121207,5121207,4309776,2076
23,101,2323,124,5121207,1,1,-5121206,5121207,5121207,4309776,2076
23,101,2323,124,5121207,2,3,-15363620,15363621,5121207,4309776,2076
23,101,2323,124,5121207,3,7,-35848448,35848449,5121207,4309776,2076
23,101,2323,124,5121207,5,21,-107545346,107545347,5121207,4309776,2076
23,101,2323,124,5121207,7,43,-220211900,220211901,5121207,4309776,2076
23,103,2369,126,5327049,0,1,-5327048,5327049,5327049,4485924,2118
23,103,2369,126,5327049,1,1,-5327048,5327049,5327049,4485924,2118
23,103,2369,126,5327049,2,3,-15981146,15981147,5327049,4485924,2118
23,103,2369,126,5327049,3,7,-37289342,37289343,5327049,4485924,2118
23,103,2369,126,5327049,5,21,-111868028,111868029,5327049,4485924,2118
23,103,2369,126,5327049,7,43,-229063106,229063107,5327049,4485924,2118
23,107,2461,130,5750901,0,1,-5750900,5750901,5750901,4848804,2202
23,107,2461,130,5750901,1,1,-5750900,5750901,5750901,4848804,2202
23,107,2461,130,5750901,2,3,-17252702,17252703,5750901,4848804,2202
23,107,2461,130,5750901,3,7,-40256306,40256307,5750901,4848804,2202
23,107,2461,130,5750901,5,21,-120768920,120768921,5750901,4848804,2202
23,107,2461,130,5750901,7,43,-247288742,247288743,5750901,4848804,2202
23,109,2507,132,5968911,0,1,-5968910,5968911,5968911,5035536,2244
23,109,2507,132,5968911,1,1,-5968910,5968911,5968911,5035536,2244
23,109,2507,132,5968911,2,3,-17906732,17906733,5968911,5035536,2244
23,109,2507,132,5968911,3,7,-41782376,41782377,5968911,5035536,2244
23,109,2507,132,5968911,5,21,-125347130,125347131,5968911,5035536,2244
23,109,2507,132,5968911,7,43,-256663172,256663173,5968911,5035536,2244
23,113,2599,136,6417099,0,1,-6417098,6417099,6417099,5419584,2328
23,113,2599,136,6417099,1,1,-6417098,6417099,6417099,5419584,2328
23,113,2599,136,6417099,2,3,-19251296,19251297,6417099,5419584,2328
23,113,2599,136,6417099,3,7,-44919692,44919693,6417099,5419584,2328
23,113,2599,136,6417099,5,21,-134759078,134759079,6417099,5419584,2328
23,113,2599,136,6417099,7,43,-275935256,275935257,6417099,5419584,2328
23,127,2921,150,8113521,0,1,-8113520,8113521,8113521,6874884,2622
23,127,2921,150,8113521,1,1,-8113520,8113521,8113521,6874884,2622
23,127,2921,150,8113521,2,3,-24340562,24340563,8113521,6874884,2622
23,127,2921,150,8113521,3,7,-56794646,56794647,8113521,6874884,2622
23,127,2921,150,8113521,5,21,-170383940,170383941,8113521,6874884,2622
23,127,2921,150,8113521,7,43,-348881402,348881403,8113521,6874884,2622
23,131,3013,154,8634717,0,1,-8634716,8634717,8634717,7322436,2706
23,131,3013,154,8634717,1,1,-8634716,8634717,8634717,7322436,2706
23,131,3013,154,8634717,2,3,-25904150,25904151,8634717,7322436,2706
23,131,3013,154,8634717,3,7,-60443018,60443019,8634717,7322436,2706
23,131,3013,154,8634717,5,21,-181329056,181329057,8634717,7322436,2706
23,131,3013,154,8634717,7,43,-371292830,371292831,8634717,7322436,2706
23,137,3151,160,9446931,0,1,-9446930,9446931,9446931,8020224,2832
23,137,3151,160,9446931,1,1,-9446930,9446931,9446931,8020224,2832
23,137,3151,160,9446931,2,3,-28340792,28340793,9446931,8020224,2832
23,137,3151,160,9446931,3,7,-66128516,66128517,9446931,8020224,2832
23,137,3151,160,9446931,5,21,-198385550,198385551,9446931,8020224,2832
23,137,3151,160,9446931,7,43,-406218032,406218033,9446931,8020224,2832
23,139,3197,162,9725781,0,1,-9725780,9725781,9725781,8259876,2874
23,139,3197,162,9725781,1,1,-9725780,9725781,9725781,8259876,2874
23,139,3197,162,9725781,2,3,-29177342,29177343,9725781,8259876,2874
23,139,3197,162,9725781,3,7,-68080466,68080467,9725781,8259876,2874
23,139,3197,162,9725781,5,21,-204241400,204241401,9725781,8259876,2874
23,139,3197,162,9725781,7,43,-418208582,418208583,9725781,8259876,2874
23,149,3427,172,11180871,0,1,-11180870,11180871,11180871,9511056,3084
23,149,3427,172,11180871,1,1,-11180870,11180871,11180871,9511056,3084
23,149,3427,172,11180871,2,3,-33542612,33542613,11180871,9511056,3084
23,149,3427,172,11180871,3,7,-78266096,78266097,11180871,9511056,3084
23,149,3427,172,11180871,5,21,-234798290,234798291,11180871,9511056,3084
23,149,3427,172,11180871,7,43,-480777452,480777453,11180871,9511056,3084
23,151,3473,174,11484057,0,1,-11484056,11484057,11484057,9771876,3126
23,151,3473,174,11484057,1,1,-11484056,11484057,11484057,9771876,3126
23,151,3473,174,11484057,2,3,-34452170,34452171,11484057,9771876,3126
23,151,3473,174,11484057,3,7,-80388398,80388399,11484057,9771876,3126
23,151,3473,174,11484057,5,21,-241165196,241165197,11484057,9771876,3126
23,151,3473,174,11484057,7,43,-493814450,493814451,11484057,9771876,3126
23,157,3611,180,12417951,0,1,-12417950,12417951,12417951,10575504,3252
23,157,3611,180,12417951,1,1,-12417950,12417951,12417951,10575504,3252
23,157,3611,180,12417951,2,3,-37253852,37253853,12417951,10575504,3252
23,157,3611,180,12417951,3,7,-86925656,86925657,12417951,10575504,3252
23,157,3611,180,12417951,5,21,-260776970,260776971,12417951,10575504,3252
23,157,3611,180,12417951,7,43,-533971892,533971893,12417951,10575504,3252
23,163,3749,186,13388349,0,1,-13388348,13388349,13388349,11410884,3378
23,163,3749,186,13388349,1,1,-13388348,13388349,13388349,11410884,3378
23,163,3749,186,13388349,2,3,-40165046,40165047,13388349,11410884,3378
23,163,3749,186,13388349,3,7,-93718442,93718443,13388349,11410884,3378
23,163,3749,186,13388349,5,21,-281155328,281155329,13388349,11410884,3378
23,163,3749,186,13388349,7,43,-575699006,575699007,13388349,11410884,3378
23,167,3841,190,14055561,0,1,-14055560,14055561,14055561,11985444,3462
23,167,3841,190,14055561,1,1,-14055560,14055561,14055561,11985444,3462
23,167,3841,190,14055561,2,3,-42166682,42166683,14055561,11985444,3462
23,167,3841,190,14055561,3,7,-98388926,98388927,14055561,11985444,3462
23,167,3841,190,14055561,5,21,-295166780,295166781,14055561,11985444,3462
23,167,3841,190,14055561,7,43,-604389122,604389123,14055561,11985444,3462
23,173,3979,196,15086799,0,1,-15086798,15086799,15086799,12873744,3588
23,173,3979,196,15086799,1,1,-15086798,15086799,15086799,12873744,3588
23,173,3979,196,15086799,2,3,-45260396,45260397,15086799,12873744,3588
23,173,3979,196,15086799,3,7,-105607592,105607593,15086799,12873744,3588
23,173,3979,196,15086799,5,21,-316822778,316822779,15086799,12873744,3588
23,173,3979,196,15086799,7,43,-648732356,648732357,15086799,12873744,3588
23,179,4117,202,16154541,0,1,-16154540,16154541,16154541,13793796,3714
23,179,4117,202,16154541,1,1,-16154540,16154541,16154541,13793796,3714
23,179,4117,202,16154541,2,3,-48463622,48463623,16154541,13793796,3714
23,179,4117,202,16154541,3,7,-113081786,113081787,16154541,13793796,3714
23,179,4117,202,16154541,5,21,-339245360,339245361,16154541,13793796,3714
23,179,4117,202,16154541,7,43,-694645262,694645263,16154541,13793796,3714
23,181,4163,204,16518567,0,1,-16518566,16518567,16518567,14107536,3756
23,181,4163,204,16518567,1,1,-16518566,16518567,16518567,14107536,3756
23,181,4163,204,16518567,2,3,-49555700,49555701,16518567,14107536,3756
23,181,4163,204,16518567,3,7,-115629968,115629969,16518567,14107536,3756
23,181,4163,204,16518567,5,21,-346889906,346889907,16518567,14107536,3756
23,181,4163,204,16518567,7,43,-710298380,710298381,16518567,14107536,3756
23,191,4393,214,18399537,0,1,-18399536,18399537,18399537,15729156,3966
23,191,4393,214,18399537,1,1,-18399536,18399537,18399537,15729156,3966
23,191,4393,214,18399537,2,3,-55198610,55198611,18399537,15729156,3966
23,191,4393,214,18399537,3,7,-128796758,128796759,18399537,15729156,3966
23,191,4393,214,18399537,5,21,-386390276,386390277,18399537,15729156,3966
23,191,4393,214,18399537,7,43,-791180090,791180091,18399537,15729156,3966
23,193,4439,216,18787899,0,1,-18787898,18787899,18787899,16064064,4008
23,193,4439,216,18787899,1,1,-18787898,18787899,18787899,16064064,4008
23,193,4439,216,18787899,2,3,-56363696,56363697,18787899,16064064,4008
23,193,4439,216,18787899,3,7,-131515292,131515293,18787899,16064064,4008
23,193,4439,216,18787899,5,21,-394545878,394545879,18787899,16064064,4008
23,193,4439,216,18787899,7,43,-807879656,807879657,18787899,16064064,4008
23,197,4531,220,19576791,0,1,-19576790,19576791,19576791,16744464,4092
23,197,4531,220,19576791,1,1,-19576790,19576791,19576791,16744464,4092
23,197,4531,220,19576791,2,3,-58730372,58730373,19576791,16744464,4092
23,197,4531,220,19576791,3,7,-137037536,137037537,19576791,16744464,4092
23,197,4531,220,19576791,5,21,-411112610,411112611,19576791,16744464,4092
23,197,4531,220,19576791,7,43,-841802012,841802013,19576791,16744464,4092
23,199,4577,222,19977321,0,1,-19977320,19977321,19977321,17089956,4134
23,199,4577,222,19977321,1,1,-19977320,19977321,19977321,17089956,4134
23,199,4577,222,19977321,2,3,-59931962,59931963,19977321,17089956,4134
23,199,4577,222,19977321,3,7,-139841246,139841247,19977321,17089956,4134
23,199,4577,222,19977321,5,21,-419523740,419523741,19977321,17089956,4134
23,199,4577,222,19977321,7,43,-859024802,859024803,19977321,17089956,4134
23,211,4853,234,22465677,0,1,-22465676,22465677,22465677,19236996,4386
23,211,4853,234,22465677,1,1,-22465676,22465677,22465677,19236996,4386
23,211,4853,234,22465677,2,3,-67397030,67397031,22465677,19236996,4386
23,211,4853,234,22465677,3,7,-157259738,157259739,22465677,19236996,4386
23,211,4853,234,22465677,5,21,-471779216,471779217,22465677,19236996,4386
23,211,4853,234,22465677,7,43,-966024110,966024111,22465677,19236996,4386
23,223,5129,246,25100049,0,1,-25100048,25100049,25100049,21511044,4638
23,223,5129,246,25100049,1,1,-25100048,25100049,25100049,21511044,4638
23,223,5129,246,25100049,2,3,-75300146,75300147,25100049,21511044,4638
23,223,5129,246,25100049,3,7,-175700342,175700343,25100049,21511044,4638
23,223,5129,246,25100049,5,21,-527101028,527101029,25100049,21511044,4638
23,223,5129,246,25100049,7,43,-1079302106,1079302107,25100049,21511044,4638
23,227,5221,250,26010621,0,1,-26010620,26010621,26010621,22297284,4722
23,227,5221,250,26010621,1,1,-26010620,26010621,26010621,22297284,4722
23,227,5221,250,26010621,2,3,-78031862,78031863,26010621,22297284,4722
23,227,5221,250,26010621,3,7,-182074346,182074347,26010621,22297284,4722
23,227,5221,250,26010621,5,21,-546223040,546223041,26010621,22297284,4722
23,227,5221,250,26010621,7,43,-1118456702,1118456703,26010621,22297284,4722
23,229,5267,252,26471991,0,1,-26471990,26471991,26471991,22695696,4764
23,229,5267,252,26471991,1,1,-26471990,26471991,26471991,22695696,4764
23,229,5267,252,26471991,2,3,-79415972,79415973,26471991,22695696,4764
23,229,5267,252,26471991,3,7,-185303936,185303937,26471991,22695696,4764
23,229,5267,252,26471991,5,21,-555911810,555911811,26471991,22695696,4764
23,229,5267,252,26471991,7,43,-1138295612,1138295613,26471991,22695696,4764
23,233,5359,256,27406899,0,1,-27406898,27406899,27406899,23503104,4848
23,233,5359,256,27406899,1,1,-27406898,27406899,27406899,23503104,4848
23,233,5359,256,27406899,2,3,-82220696,82220697,27406899,23503104,4848
23,233,5359,256,27406899,3,7,-191848292,191848293,27406899,23503104,4848
23,233,5359,256,27406899,5,21,-575544878,575544879,27406899,23503104,4848
23,233,5359,256,27406899,7,43,-1178496656,1178496657,27406899,23503104,4848
23,239,5497,262,28839681,0,1,-28839680,28839681,28839681,24740676,4974
23,239,5497,262,28839681,1,1,-28839680,28839681,28839681,24740676,4974
23,239,5497,262,28839681,2,3,-86519042,86519043,28839681,24740676,4974
23,239,5497,262,28839681,3,7,-201877766,201877767,28839681,24740676,4974
23,239,5497,262,28839681,5,21,-605633300,605633301,28839681,24740676,4974
23,239,5497,262,28839681,7,43,-1240106282,1240106283,28839681,24740676,4974
23,241,5543,264,29325387,0,1,-29325386,29325387,29325387,25160256,5016
23,241,5543,264,29325387,1,1,-29325386,29325387,29325387,25160256,5016
23,241,5543,264,29325387,2,3,-87976160,87976161,29325387,25160256,5016
23,241,5543,264,29325387,3,7,-205277708,205277709,29325387,25160256,5016
23,241,5543,264,29325387,5,21,-615833126,615833127,29325387,25160256,5016
23,241,5543,264,29325387,7,43,-1260991640,1260991641,29325387,25160256,5016
23,251,5773,274,31814757,0,1,-31814756,31814757,31814757,27311076,5226
23,251,5773,274,31814757,1,1,-31814756,31814757,31814757,27311076,5226
23,251,5773,274,31814757,2,3,-95444270,95444271,31814757,27311076,5226
23,251,5773,274,31814757,3,7,-222703298,222703299,31814757,27311076,5226
23,251,5773,274,31814757,5,21,-668109896,668109897,31814757,27311076,5226
23,251,5773,274,31814757,7,43,-1368034550,1368034551,31814757,27311076,5226
23,257,5911,280,33357051,0,1,-33357050,33357051,33357051,28643904,5352
23,257,5911,280,33357051,1,1,-33357050,33357051,33357051,28643904,5352
23,257,5911,280,33357051,2,3,-100071152,100071153,33357051,28643904,5352
23,257,5911,280,33357051,3,7,-233499356,233499357,33357051,28643904,5352
23,257,5911,280,33357051,5,21,-700498070,700498071,33357051,28643904,5352
23,257,5911,280,33357051,7,43,-1434353192,1434353193,33357051,28643904,5352
23,263,6049,286,34935849,0,1,-34935848,34935849,34935849,30008484,5478
23,263,6049,286,34935849,1,1,-34935848,34935849,34935849,30008484,5478
23,263,6049,286,34935849,2,3,-104807546,104807547,34935849,30008484,5478
23,263,6049,286,34935849,3,7,-244550942,244550943,34935849,30008484,5478
23,263,6049,286,34935849,5,21,-733652828,733652829,34935849,30008484,5478
23,263,6049,286,34935849,7,43,-1502241506,1502241507,34935849,30008484,5478
23,269,6187,292,36551151,0,1,-36551150,36551151,36551151,31404816,5604
23,269,6187,292,36551151,1,1,-36551150,36551151,36551151,31404816,5604
23,269,6187,292,36551151,2,3,-109653452,109653453,36551151,31404816,5604
23,269,6187,292,36551151,3,7,-255858056,255858057,36551151,31404816,5604
23,269,6187,292,36551151,5,21,-767574170,767574171,36551151,31404816,5604
23,269,6187,292,36551151,7,43,-1571699492,1571699493,36551151,31404816,5604
23,271,6233,294,37097697,0,1,-37097696,37097697,37097697,31877316,5646
23,271,6233,294,37097697,1,1,-37097696,37097697,37097697,31877316,5646
23,271,6233,294,37097697,2,3,-111293090,111293091,37097697,31877316,5646
23,271,6233,294,37097697,3,7,-259683878,259683879,37097697,31877316,5646
23,271,6233,294,37097697,5,21,-779051636,779051637,37097697,31877316,5646
23,271,6233,294,37097697,7,43,-1595200970,1595200971,37097697,31877316,5646
23,277,6371,300,38761671,0,1,-38761670,38761671,38761671,33315984,5772
23,277,6371,300,38761671,1,1,-38761670,38761671,38761671,33315984,5772
23,277,6371,300,38761671,2,3,-116285012,116285013,38761671,33315984,5772
23,277,6371,300,38761671,3,7,-271331696,271331697,38761671,33315984,5772
23,277,6371,300,38761671,5,21,-813995090,813995091,38761671,33315984,5772
23,277,6371,300,38761671,7,43,-1666751852,1666751853,38761671,33315984,5772
23,281,6463,304,39891267,0,1,-39891266,39891267,39891267,34292736,5856
23,281,6463,304,39891267,1,1,-39891266,39891267,39891267,34292736,5856
23,281,6463,304,39891267,2,3,-119673800,119673801,39891267,34292736,5856
23,281,6463,304,39891267,3,7,-279238868,279238869,39891267,34292736,5856
23,281,6463,304,39891267,5,21,-837716606,837716607,39891267,34292736,5856
23,281,6463,304,39891267,7,43,-1715324480,1715324481,39891267,34292736,5856
23,283,6509,306,40462149,0,1,-40462148,40462149,40462149,34786404,5898
23,283,6509,306,40462149,1,1,-40462148,40462149,40462149,34786404,5898
23,283,6509,306,40462149,2,3,-121386446,121386447,40462149,34786404,5898
23,283,6509,306,40462149,3,7,-283235042,283235043,40462149,34786404,5898
23,283,6509,306,40462149,5,21,-849705128,849705129,40462149,34786404,5898
23,283,6509,306,40462149,7,43,-1739872406,1739872407,40462149,34786404,5898
23,293,6739,316,43377399,0,1,-43377398,43377399,43377399,37307664,6108
23,293,6739,316,43377399,1,1,-43377398,43377399,43377399,37307664,6108
23,293,6739,316,43377399,2,3,-130132196,130132197,43377399,37307664,6108
23,293,6739,316,43377399,3,7,-303641792,303641793,43377399,37307664,6108
23,293,6739,316,43377399,5,21,-910925378,910925379,43377399,37307664,6108
23,293,6739,316,43377399,7,43,-1865228156,1865228157,43377399,37307664,6108
29,31,899,60,756903,0,1,-756902,756903,756903,608400,780
29,31,899,60,756903,1,1,-756902,756903,756903,608400,780
29,31,899,60,756903,2,3,-2270708,2270709,756903,608400,780
29,31,899,60,756903,3,7,-5298320,5298321,756903,608400,780
29,31,899,60,756903,5,21,-15894962,15894963,756903,608400,780
29,31,899,60,756903,7,43,-32546828,32546829,756903,608400,780
29,37,1073,66,1083729,0,1,-1083728,1083729,1083729,887364,942
29,37,1073,66,1083729,1,1,-1083728,1083729,1083729,887364,942
29,37,1073,66,1083729,2,3,-3251186,3251187,1083729,887364,942
29,37,1073,66,1083729,3,7,-7586102,7586103,1083729,887364,942
29,37,1073,66,1083729,5,21,-22758308,22758309,1083729,887364,942
29,37,1073,66,1083729,7,43,-46600346,46600347,1083729,887364,942
29,41,1189,70,1334133,0,1,-1334132,1334133,1334133,1102500,1050
29,41,1189,70,1334133,1,1,-1334132,1334133,1334133,1102500,1050
29,41,1189,70,1334133,2,3,-4002398,4002399,1334133,1102500,1050
29,41,1189,70,1334133,3,7,-9338930,9338931,1334133,1102500,1050
29,41,1189,70,1334133,5,21,-28016792,28016793,1334133,1102500,1050
29,41,1189,70,1334133,7,43,-57367718,57367719,1334133,1102500,1050
29,43,1247,72,1469091,0,1,-1469090,1469091,1469091,1218816,1104
29,43,1247,72,1469091,1,1,-1469090,1469091,1469091,1218816,1104
29,43,1247,72,1469091,2,3,-4407272,4407273,1469091,1218816,1104
29,43,1247,72,1469091,3,7,-10283636,10283637,1469091,1218816,1104
29,43,1247,72,1469091,5,21,-30850910,30850911,1469091,1218816,1104
29,43,1247,72,1469091,7,43,-63170912,63170913,1469091,1218816,1104
29,47,1363,76,1758519,0,1,-1758518,1758519,1758519,1468944,1212
29,47,1363,76,1758519,1,1,-1758518,1758519,1758519,1468944,1212
29,47,1363,76,1758519,2,3,-5275556,5275557,1758519,1468944,1212
29,47,1363,76,1758519,3,7,-12309632,12309633,1758519,1468944,1212
29,47,1363,76,1758519,5,21,-36928898,36928899,1758519,1468944,1212
29,47,1363,76,1758519,7,43,-75616316,75616317,1758519,1468944,1212
29,53,1537,82,2241441,0,1,-2241440,2241441,2241441,1887876,1374
29,53,1537,82,2241441,1,1,-2241440,2241441,2241441,1887876,1374
29,53,1537,82,2241441,2,3,-6724322,6724323,2241441,1887876,1374
29,53,1537,82,2241441,3,7,-15690086,15690087,2241441,1887876,1374
29,53,1537,82,2241441,5,21,-47070260,47070261,2241441,1887876,1374
29,53,1537,82,2241441,7,43,-96381962,96381963,2241441,1887876,1374
29,59,1711,88,2782899,0,1,-2782898,2782899,2782899,2359296,1536
29,59,1711,88,2782899,1,1,-2782898,2782899,2782899,2359296,1536
29,59,1711,88,2782899,2,3,-8348696,8348697,2782899,2359296,1536
29,59,1711,88,2782899,3,7,-19480292,19480293,2782899,2359296,1536
29,59,1711,88,2782899,5,21,-58440878,58440879,2782899,2359296,1536
29,59,1711,88,2782899,7,43,-119664656,119664657,2782899,2359296,1536
29,61,1769,90,2976393,0,1,-2976392,2976393,2976393,2528100,1590
29,61,1769,90,2976393,1,1,-2976392,2976393,2976393,2528100,1590
29,61,1769,90,2976393,2,3,-8929178,8929179,2976393,2528100,1590
29,61,1769,90,2976393,3,7,-20834750,20834751,2976393,2528100,1590
29,61,1769,90,2976393,5,21,-62504252,62504253,2976393,2528100,1590
29,61,1769,90,2976393,7,43,-127984898,127984899,2976393,2528100,1590
29,67,1943,96,3595899,0,1,-3595898,3595899,3595899,3069504,1752
29,67,1943,96,3595899,1,1,-3595898,3595899,3595899,3069504,1752
29,67,1943,96,3595899,2,3,-10787696,10787697,3595899,3069504,1752
29,67,1943,96,3595899,3,7,-25171292,25171293,3595899,3069504,1752
29,67,1943,96,3595899,5,21,-75513878,75513879,3595899,3069504,1752
29,67,1943,96,3595899,7,43,-154623656,154623657,3595899,3069504,1752
29,71,2059,100,4041423,0,1,-4041422,4041423,4041423,3459600,1860
29,71,2059,100,4041423,1,1,-4041422,4041423,4041423,3459600,1860
29,71,2059,100,4041423,2,3,-12124268,12124269,4041423,3459600,1860
29,71,2059,100,4041423,3,7,-28289960,28289961,4041423,3459600,1860
29,71,2059,100,4041423,5,21,-84869882,84869883,4041423,3459600,1860
29,71,2059,100,4041423,7,43,-173781188,173781189,4041423,3459600,1860
29,73,2117,102,4273941,0,1,-4273940,4273941,4273941,3663396,1914
29,73,2117,102,4273941,1,1,-4273940,4273941,4273941,3663396,1914
29,73,2117,102,4273941,2,3,-12821822,12821823,4273941,3663396,1914
29,73,2117,102,4273941,3,7,-29917586,29917587,4273941,3663396,1914
29,73,2117,102,4273941,5,21,-89752760,89752761,4273941,3663396,1914
29,73,2117,102,4273941,7,43,-183779462,183779463,4273941,3663396,1914
29,79,2291,108,5010519,0,1,-5010518,5010519,5010519,4309776,2076
29,79,2291,108,5010519,1,1,-5010518,5010519,5010519,4309776,2076
29,79,2291,108,5010519,2,3,-15031556,15031557,5010519,4309776,2076
29,79,2291,108,5010519,3,7,-35073632,35073633,5010519,4309776,2076
29,79,2291,108,5010519,5,21,-105220898,105220899,5010519,4309776,2076
29,79,2291,108,5010519,7,43,-215452316,215452317,5010519,4309776,2076
29,83,2407,112,5534091,0,1,-5534090,5534091,5534091,4769856,2184
29,83,2407,112,5534091,1,1,-5534090,5534091,5534091,4769856,2184
29,83,2407,112,5534091,2,3,-16602272,16602273,5534091,4769856,2184
29,83,2407,112,5534091,3,7,-38738636,38738637,5534091,4769856,2184
29,83,2407,112,5534091,5,21,-116215910,116215911,5534091,4769856,2184
29,83,2407,112,5534091,7,43,-237965912,237965913,5534091,4769856,2184
29,89,2581,118,6368229,0,1,-6368228,6368229,6368229,5503716,2346
29,89,2581,118,6368229,1,1,-6368228,6368229,6368229,5503716,2346
29,89,2581,118,6368229,2,3,-19104686,19104687,6368229,5503716,2346
29,89,2581,118,6368229,3,7,-44577602,44577603,6368229,5503716,2346
29,89,2581,118,6368229,5,21,-133732808,133732809,6368229,5503716,2346
29,89,2581,118,6368229,7,43,-273833846,273833847,6368229,5503716,2346
29,97,2813,126,7571469,0,1,-7571468,7571469,7571469,6563844,2562
29,97,2813,126,7571469,1,1,-7571468,7571469,7571469,6563844,2562
29,97,2813,126,7571469,2,3,-22714406,22714407,7571469,6563844,2562
29,97,2813,126,7571469,3,7,-53000282,53000283,7571469,6563844,2562
29,97,2813,126,7571469,5,21,-159000848,159000849,7571469,6563844,2562
29,97,2813,126,7571469,7,43,-325573166,325573167,7571469,6563844,2562
29,101,2929,130,8212113,0,1,-8212112,8212113,8212113,7128900,2670
29,101,2929,130,8212113,1,1,-8212112,8212113,8212113,7128900,2670
29,101,2929,130,8212113,2,3,-24636338,24636339,8212113,7128900,2670
29,101,2929,130,8212113,3,7,-57484790,57484791,8212113,7128900,2670
29,101,2929,130,8212113,5,21,-172454372,172454373,8212113,7128900,2670
29,101,2929,130,8212113,7,43,-353120858,353120859,8212113,7128900,2670
29,103,2987,132,8542191,0,1,-8542190,8542191,8542191,7420176,2724
29,103,2987,132,8542191,1,1,-8542190,8542191,8542191,7420176,2724
29,103,2987,132,8542191,2,3,-25626572,25626573,8542191,7420176,2724
29,103,2987,132,8542191,3,7,-59795336,59795337,8542191,7420176,2724
29,103,2987,132,8542191,5,21,-179386010,179386011,8542191,7420176,2724
29,103,2987,132,8542191,7,43,-367314212,367314213,8542191,7420176,2724
29,107,3103,136,9221859,0,1,-9221858,9221859,9221859,8020224,2832
29,107,3103,136,9221859,1,1,-9221858,9221859,9221859,8020224,2832
29,107,3103,136,9221859,2,3,-27665576,27665577,9221859,8020224,2832
29,107,3103,136,9221859,3,7,-64553012,64553013,9221859,8020224,2832
29,107,3103,136,9221859,5,21,-193659038,193659039,9221859,8020224,2832
29,107,3103,136,9221859,7,43,-396539936,396539937,9221859,8020224,2832
29,109,3161,138,9571449,0,1,-9571448,9571449,9571449,8328996,2886
29,109,3161,138,9571449,1,1,-9571448,9571449,9571449,8328996,2886
29,109,3161,138,9571449,2,3,-28714346,28714347,9571449,8328996,2886
29,109,3161,138,9571449,3,7,-67000142,67000143,9571449,8328996,2886
29,109,3161,138,9571449,5,21,-201000428,201000429,9571449,8328996,2886
29,109,3161,138,9571449,7,43,-411572306,411572307,9571449,8328996,2886
29,113,3277,142,10290141,0,1,-10290140,10290141,10290141,8964036,2994
29,113,3277,142,10290141,1,1,-10290140,10290141,10290141,8964036,2994
29,113,3277,142,10290141,2,3,-30870422,30870423,10290141,8964036,2994
29,113,3277,142,10290141,3,7,-72030986,72030987,10290141,8964036,2994
29,113,3277,142,10290141,5,21,-216092960,216092961,10290141,8964036,2994
29,113,3277,142,10290141,7,43,-442476062,442476063,10290141,8964036,2994
29,127,3683,156,13010439,0,1,-13010438,13010439,13010439,11370384,3372
29,127,3683,156,13010439,1,1,-13010438,13010439,13010439,11370384,3372
29,127,3683,156,13010439,2,3,-39031316,39031317,13010439,11370384,3372
29,127,3683,156,13010439,3,7,-91073072,91073073,13010439,11370384,3372
29,127,3683,156,13010439,5,21,-273219218,273219219,13010439,11370384,3372
29,127,3683,156,13010439,7,43,-559448876,559448877,13010439,11370384,3372
29,131,3799,160,13846203,0,1,-13846202,13846203,13846203,12110400,3480
29,131,3799,160,13846203,1,1,-13846202,13846203,13846203,12110400,3480
29,131,3799,160,13846203,2,3,-41538608,41538609,13846203,12110400,3480
29,131,3799,160,13846203,3,7,-96923420,96923421,13846203,12110400,3480
29,131,3799,160,13846203,5,21,-290770262,290770263,13846203,12110400,3480
29,131,3799,160,13846203,7,43,-595386728,595386729,13846203,12110400,3480
29,137,3973,166,15148629,0,1,-15148628,15148629,15148629,13264164,3642
29,137,3973,166,15148629,1,1,-15148628,15148629,15148629,13264164,3642
29,137,3973,166,15148629,2,3,-45445886,45445887,15148629,13264164,3642
29,137,3973,166,15148629,3,7,-106040402,106040403,15148629,13264164,3642
29,137,3973,166,15148629,5,21,-318121208,318121209,15148629,13264164,3642
29,137,3973,166,15148629,7,43,-651391046,651391047,15148629,13264164,3642
29,139,4031,168,15595779,0,1,-15595778,15595779,15595779,13660416,3696
29,139,4031,168,15595779,1,1,-15595778,15595779,15595779,13660416,3696
29,139,4031,168,15595779,2,3,-46787336,46787337,15595779,13660416,3696
29,139,4031,168,15595779,3,7,-109170452,109170453,15595779,13660416,3696
29,139,4031,168,15595779,5,21,-327511358,327511359,15595779,13660416,3696
29,139,4031,168,15595779,7,43,-670618496,670618497,15595779,13660416,3696
29,149,4321,178,17929089,0,1,-17929088,17929089,17929089,15729156,3966
29,149,4321,178,17929089,1,1,-17929088,17929089,17929089,15729156,3966
29,149,4321,178,17929089,2,3,-53787266,53787267,17929089,15729156,3966
29,149,4321,178,17929089,3,7,-125503622,125503623,17929089,15729156,3966
29,149,4321,178,17929089,5,21,-376510868,376510869,17929089,15729156,3966
29,149,4321,178,17929089,7,43,-770950826,770950827,17929089,15729156,3966
29,151,4379,180,18415263,0,1,-18415262,18415263,18415263,16160400,4020
29,151,4379,180,18415263,1,1,-18415262,18415263,18415263,16160400,4020
29,151,4379,180,18415263,2,3,-55245788,55245789,18415263,16160400,4020
29,151,4379,180,18415263,3,7,-128906840,128906841,18415263,16160400,4020
29,151,4379,180,18415263,5,21,-386720522,386720523,18415263,16160400,4020
29,151,4379,180,18415263,7,43,-791856308,791856309,18415263,16160400,4020
29,157,4553,186,19912809,0,1,-19912808,19912809,19912809,17489124,4182
29,157,4553,186,19912809,1,1,-19912808,19912809,19912809,17489124,4182
29,157,4553,186,19912809,2,3,-59738426,59738427,19912809,17489124,4182
29,157,4553,186,19912809,3,7,-139389662,139389663,19912809,17489124,4182
29,157,4553,186,19912809,5,21,-418168988,418168989,19912809,17489124,4182
29,157,4553,186,19912809,7,43,-856250786,856250787,19912809,17489124,4182
29,163,4727,192,21468891,0,1,-21468890,21468891,21468891,18870336,4344
29,163,4727,192,21468891,1,1,-21468890,21468891,21468891,18870336,4344
29,163,4727,192,21468891,2,3,-64406672,64406673,21468891,18870336,4344
29,163,4727,192,21468891,3,7,-150282236,150282237,21468891,18870336,4344
29,163,4727,192,21468891,5,21,-450846710,450846711,21468891,18870336,4344
29,163,4727,192,21468891,7,43,-923162312,923162313,21468891,18870336,4344
29,167,4843,196,22538799,0,1,-22538798,22538799,22538799,19820304,4452
29,167,4843,196,22538799,1,1,-22538798,22538799,22538799,19820304,4452
29,167,4843,196,22538799,2,3,-67616396,67616397,22538799,19820304,4452
29,167,4843,196,22538799,3,7,-157771592,157771593,22538799,19820304,4452
29,167,4843,196,22538799,5,21,-473314778,473314779,22538799,19820304,4452
29,167,4843,196,22538799,7,43,-969168356,969168357,22538799,19820304,4452
29,173,5017,202,24192441,0,1,-24192440,24192441,24192441,21288996,4614
29,173,5017,202,24192441,1,1,-24192440,24192441,24192441,21288996,4614
29,173,5017,202,24192441,2,3,-72577322,72577323,24192441,21288996,4614
29,173,5017,202,24192441,3,7,-169347086,169347087,24192441,21288996,4614
29,173,5017,202,24192441,5,21,-508041260,508041261,24192441,21288996,4614
29,173,5017,202,24192441,7,43,-1040274962,1040274963,24192441,21288996,4614
29,179,5191,208,25904619,0,1,-25904618,25904619,25904619,22810176,4776
29,179,5191,208,25904619,1,1,-25904618,25904619,25904619,22810176,4776
29,179,5191,208,25904619,2,3,-77713856,77713857,25904619,22810176,4776
29,179,5191,208,25904619,3,7,-181332332,181332333,25904619,22810176,4776
29,179,5191,208,25904619,5,21,-543996998,543996999,25904619,22810176,4776
29,179,5191,208,25904619,7,43,-1113898616,1113898617,25904619,22810176,4776
29,181,5249,210,26488353,0,1,-26488352,26488353,26488353,23328900,4830
29,181,5249,210,26488353,1,1,-26488352,26488353,26488353,23328900,4830
29,181,5249,210,26488353,2,3,-79465058,79465059,26488353,23328900,4830
29,181,5249,210,26488353,3,7,-185418470,185418471,26488353,23328900,4830
29,181,5249,210,26488353,5,21,-556255412,556255413,26488353,23328900,4830
29,181,5249,210,26488353,7,43,-1138999178,1138999179,26488353,23328900,4830
29,191,5539,220,29504583,0,1,-29504582,29504583,29504583,26010000,5100
29,191,5539,220,29504583,1,1,-29504582,29504583,29504583,26010000,5100
29,191,5539,220,29504583,2,3,-88513748,88513749,29504583,26010000,5100
29,191,5539,220,29504583,3,7,-206532080,206532081,29504583,26010000,5100
29,191,5539,220,29504583,5,21,-619596242,619596243,29504583,26010000,5100
29,191,5539,220,29504583,7,43,-1268697068,1268697069,29504583,26010000,5100
29,193,5597,222,30127341,0,1,-30127340,30127341,30127341,26563716,5154
29,193,5597,222,30127341,1,1,-30127340,30127341,30127341,26563716,5154
29,193,5597,222,30127341,2,3,-90382022,90382023,30127341,26563716,5154
29,193,5597,222,30127341,3,7,-210891386,210891387,30127341,26563716,5154
29,193,5597,222,30127341,5,21,-632674160,632674161,30127341,26563716,5154
29,193,5597,222,30127341,7,43,-1295475662,1295475663,30127341,26563716,5154
29,197,5713,226,31392369,0,1,-31392368,31392369,31392369,27688644,5262
29,197,5713,226,31392369,1,1,-31392368,31392369,31392369,27688644,5262
29,197,5713,226,31392369,2,3,-94177106,94177107,31392369,27688644,5262
29,197,5713,226,31392369,3,7,-219746582,219746583,31392369,27688644,5262
29,197,5713,226,31392369,5,21,-659239748,659239749,31392369,27688644,5262
29,197,5713,226,31392369,7,43,-1349871866,1349871867,31392369,27688644,5262
29,199,5771,228,32034639,0,1,-32034638,32034639,32034639,28259856,5316
29,199,5771,228,32034639,1,1,-32034638,32034639,32034639,28259856,5316
29,199,5771,228,32034639,2,3,-96103916,96103917,32034639,28259856,5316
29,199,5771,228,32034639,3,7,-224242472,224242473,32034639,28259856,5316
29,199,5771,228,32034639,5,21,-672727418,672727419,32034639,28259856,5316
29,199,5771,228,32034639,7,43,-1377489476,1377489477,32034639,28259856,5316
29,211,6119,240,36024843,0,1,-36024842,36024843,36024843,31809600,5640
29,211,6119,240,36024843,1,1,-36024842,36024843,36024843,31809600,5640
29,211,6119,240,36024843,2,3,-108074528,108074529,36024843,31809600,5640
29,211,6119,240,36024843,3,7,-252173900,252173901,36024843,31809600,5640
29,211,6119,240,36024843,5,21,-756521702,756521703,36024843,31809600,5640
29,211,6119,240,36024843,7,43,-1549068248,1549068249,36024843,31809600,5640
29,223,6467,252,40249191,0,1,-40249190,40249191,40249191,35569296,5964
29,223,6467,252,40249191,1,1,-40249190,40249191,40249191,35569296,5964
29,223,6467,252,40249191,2,3,-120747572,120747573,40249191,35569296,5964
29,223,6467,252,40249191,3,7,-281744336,281744337,40249191,35569296,5964
29,223,6467,252,40249191,5,21,-845233010,845233011,40249191,35569296,5964
29,223,6467,252,40249191,7,43,-1730715212,1730715213,40249191,35569296,5964
29,227,6583,256,41709339,0,1,-41709338,41709339,41709339,36869184,6072
29,227,6583,256,41709339,1,1,-41709338,41709339,41709339,36869184,6072
29,227,6583,256,41709339,2,3,-125128016,125128017,41709339,36869184,6072
29,227,6583,256,41709339,3,7,-291965372,291965373,41709339,36869184,6072
29,227,6583,256,41709339,5,21,-875896118,875896119,41709339,36869184,6072
29,227,6583,256,41709339,7,43,-1793501576,1793501577,41709339,36869184,6072
29,229,6641,258,42449169,0,1,-42449168,42449169,42449169,37527876,6126
29,229,6641,258,42449169,1,1,-42449168,42449169,42449169,37527876,6126
29,229,6641,258,42449169,2,3,-127347506,127347507,42449169,37527876,6126
29,229,6641,258,42449169,3,7,-297144182,297144183,42449169,37527876,6126
29,229,6641,258,42449169,5,21,-891432548,891432549,42449169,37527876,6126
29,229,6641,258,42449169,7,43,-1825314266,1825314267,42449169,37527876,6126
29,233,6757,262,43948341,0,1,-43948340,43948341,43948341,38862756,6234
29,233,6757,262,43948341,1,1,-43948340,43948341,43948341,38862756,6234
29,233,6757,262,43948341,2,3,-131845022,131845023,43948341,38862756,6234
29,233,6757,262,43948341,3,7,-307638386,307638387,43948341,38862756,6234
29,233,6757,262,43948341,5,21,-922915160,922915161,43948341,38862756,6234
29,233,6757,262,43948341,7,43,-1889778662,1889778663,43948341,38862756,6234
29,239,6931,268,46245879,0,1,-46245878,46245879,46245879,40908816,6396
29,239,6931,268,46245879,1,1,-46245878,46245879,46245879,40908816,6396
29,239,6931,268,46245879,2,3,-138737636,138737637,46245879,40908816,6396
29,239,6931,268,46245879,3,7,-323721152,323721153,46245879,40908816,6396
29,239,6931,268,46245879,5,21,-971163458,971163459,46245879,40908816,6396
29,239,6931,268,46245879,7,43,-1988572796,1988572797,46245879,40908816,6396
29,241,6989,270,47024733,0,1,-47024732,47024733,47024733,41602500,6450
29,241,6989,270,47024733,1,1,-47024732,47024733,47024733,41602500,6450
29,241,6989,270,47024733,2,3,-141074198,141074199,47024733,41602500,6450
29,241,6989,270,47024733,3,7,-329173130,329173131,47024733,41602500,6450
29,241,6989,270,47024733,5,21,-987519392,987519393,47024733,41602500,6450
29,241,6989,270,47024733,7,43,-2022063518,2022063519,47024733,41602500,6450
29,251,7279,280,51016563,0,1,-51016562,51016563,51016563,45158400,6720
29,251,7279,280,51016563,1,1,-51016562,51016563,51016563,45158400,6720
29,251,7279,280,51016563,2,3,-153049688,153049689,51016563,45158400,6720
29,251,7279,280,51016563,3,7,-357115940,357115941,51016563,45158400,6720
29,251,7279,280,51016563,5,21,-1071347822,1071347823,51016563,45158400,6720
29,251,7279,280,51016563,7,43,-2193712208,2193712209,51016563,45158400,6720
29,257,7453,286,53489709,0,1,-53489708,53489709,53489709,47361924,6882
29,257,7453,286,53489709,1,1,-53489708,53489709,53489709,47361924,6882
29,257,7453,286,53489709,2,3,-160469126,160469127,53489709,47361924,6882
29,257,7453,286,53489709,3,7,-374427962,374427963,53489709,47361924,6882
29,257,7453,286,53489709,5,21,-1123283888,1123283889,53489709,47361924,6882
29,257,7453,286,53489709,7,43,-2300057486,2300057487,53489709,47361924,6882
29,263,7627,292,56021391,0,1,-56021390,56021391,56021391,49617936,7044
29,263,7627,292,56021391,1,1,-56021390,56021391,56021391,49617936,7044
29,263,7627,292,56021391,2,3,-168064172,168064173,56021391,49617936,7044
29,263,7627,292,56021391,3,7,-392149736,392149737,56021391,49617936,7044
29,263,7627,292,56021391,5,21,-1176449210,1176449211,56021391,49617936,7044
29,263,7627,292,56021391,7,43,-2408919812,2408919813,56021391,49617936,7044
29,269,7801,298,58611609,0,1,-58611608,58611609,58611609,51926436,7206
29,269,7801,298,58611609,1,1,-58611608,58611609,58611609,51926436,7206
29,269,7801,298,58611609,2,3,-175834826,175834827,58611609,51926436,7206
29,269,7801,298,58611609,3,7,-410281262,410281263,58611609,51926436,7206
29,269,7801,298,58611609,5,21,-1230843788,1230843789,58611609,51926436,7206
29,269,7801,298,58611609,7,43,-2520299186,2520299187,58611609,51926436,7206
29,271,7859,300,59488023,0,1,-59488022,59488023,59488023,52707600,7260
29,271,7859,300,59488023,1,1,-59488022,59488023,59488023,52707600,7260
29,271,7859,300,59488023,2,3,-178464068,178464069,59488023,52707600,7260
29,271,7859,300,59488023,3,7,-416416160,416416161,59488023,52707600,7260
29,271,7859,300,59488023,5,21,-1249248482,1249248483,59488023,52707600,7260
29,271,7859,300,59488023,7,43,-2557984988,2557984989,59488023,52707600,7260
29,277,8033,306,62156289,0,1,-62156288,62156289,62156289,55086084,7422
29,277,8033,306,62156289,1,1,-62156288,62156289,62156289,55086084,7422
29,277,8033,306,62156289,2,3,-186468866,186468867,62156289,55086084,7422
29,277,8033,306,62156289,3,7,-435094022,435094023,62156289,55086084,7422
29,277,8033,306,62156289,5,21,-1305282068,1305282069,62156289,55086084,7422
29,277,8033,306,62156289,7,43,-2672720426,2672720427,62156289,55086084,7422
29,281,8149,310,63967653,0,1,-63967652,63967653,63967653,56700900,7530
29,281,8149,310,63967653,1,1,-63967652,63967653,63967653,56700900,7530
29,281,8149,310,63967653,2,3,-191902958,191902959,63967653,56700900,7530
29,281,8149,310,63967653,3,7,-447773570,447773571,63967653,56700900,7530
29,281,8149,310,63967653,5,21,-1343320712,1343320713,63967653,56700900,7530
29,281,8149,310,63967653,7,43,-2750609078,2750609079,63967653,56700900,7530
29,283,8207,312,64883091,0,1,-64883090,64883091,64883091,57517056,7584
29,283,8207,312,64883091,1,1,-64883090,64883091,64883091,57517056,7584
29,283,8207,312,64883091,2,3,-194649272,194649273,64883091,57517056,7584
29,283,8207,312,64883091,3,7,-454181636,454181637,64883091,57517056,7584
29,283,8207,312,64883091,5,21,-1362544910,1362544911,64883091,57517056,7584
29,283,8207,312,64883091,7,43,-2789972912,2789972913,64883091,57517056,7584
29,293,8497,322,69557841,0,1,-69557840,69557841,69557841,61685316,7854
29,293,8497,322,69557841,1,1,-69557840,69557841,69557841,61685316,7854
29,293,8497,322,69557841,2,3,-208673522,208673523,69557841,61685316,7854
29,293,8497,322,69557841,3,7,-486904886,486904887,69557841,61685316,7854
29,293,8497,322,69557841,5,21,-1460714660,1460714661,69557841,61685316,7854
29,293,8497,322,69557841,7,43,-2990987162,2990987163,69557841,61685316,7854
31,37,1147,68,1241023,0,1,-1241022,1241023,1241023,1024144,1012
31,37,1147,68,1241023,1,1,-1241022,1241023,1241023,1024144,1012
31,37,1147,68,1241023,2,3,-3723068,3723069,1241023,1024144,1012
31,37,1147,68,1241023,3,7,-8687160,8687161,1241023,1024144,1012
31,37,1147,68,1241023,5,21,-26061482,26061483,1241023,1024144,1012
31,37,1147,68,1241023,7,43,-53363988,53363989,1241023,1024144,1012
31,41,1271,72,1527771,0,1,-1527770,1527771,1527771,1272384,1128
31,41,1271,72,1527771,1,1,-1527770,1527771,1527771,1272384,1128
31,41,1271,72,1527771,2,3,-4583312,4583313,1527771,1272384,1128
31,41,1271,72,1527771,3,7,-10694396,10694397,1527771,1272384,1128
31,41,1271,72,1527771,5,21,-32083190,32083191,1527771,1272384,1128
31,41,1271,72,1527771,7,43,-65694152,65694153,1527771,1272384,1128
31,43,1333,74,1682317,0,1,-1682316,1682317,1682317,1406596,1186
31,43,1333,74,1682317,1,1,-1682316,1682317,1682317,1406596,1186
31,43,1333,74,1682317,2,3,-5046950,5046951,1682317,1406596,1186
31,43,1333,74,1682317,3,7,-11776218,11776219,1682317,1406596,1186
31,43,1333,74,1682317,5,21,-35328656,35328657,1682317,1406596,1186
31,43,1333,74,1682317,7,43,-72339630,72339631,1682317,1406596,1186
31,47,1457,78,2013753,0,1,-2013752,2013753,2013753,1695204,1302
31,47,1457,78,2013753,1,1,-2013752,2013753,2013753,1695204,1302
31,47,1457,78,2013753,2,3,-6041258,6041259,2013753,1695204,1302
31,47,1457,78,2013753,3,7,-14096270,14096271,2013753,1695204,1302
31,47,1457,78,2013753,5,21,-42288812,42288813,2013753,1695204,1302
31,47,1457,78,2013753,7,43,-86591378,86591379,2013753,1695204,1302
31,53,1643,84,2566767,0,1,-2566766,2566767,2566767,2178576,1476
31,53,1643,84,2566767,1,1,-2566766,2566767,2566767,2178576,1476
31,53,1643,84,2566767,2,3,-7700300,7700301,2566767,2178576,1476
31,53,1643,84,2566767,3,7,-17967368,17967369,2566767,2178576,1476
31,53,1643,84,2566767,5,21,-53902106,53902107,2566767,2178576,1476
31,53,1643,84,2566767,7,43,-110370980,110370981,2566767,2178576,1476
31,59,1829,90,3186813,0,1,-3186812,3186813,3186813,2722500,1650
31,59,1829,90,3186813,1,1,-3186812,3186813,3186813,2722500,1650
31,59,1829,90,3186813,2,3,-9560438,9560439,3186813,2722500,1650
31,59,1829,90,3186813,3,7,-22307690,22307691,3186813,2722500,1650
31,59,1829,90,3186813,5,21,-66923072,66923073,3186813,2722500,1650
31,59,1829,90,3186813,7,43,-137032958,137032959,3186813,2722500,1650
31,61,1891,92,3408391,0,1,-3408390,3408391,3408391,2917264,1708
31,61,1891,92,3408391,1,1,-3408390,3408391,3408391,2917264,1708
31,61,1891,92,3408391,2,3,-10225172,10225173,3408391,2917264,1708
31,61,1891,92,3408391,3,7,-23858736,23858737,3408391,2917264,1708
31,61,1891,92,3408391,5,21,-71576210,71576211,3408391,2917264,1708
31,61,1891,92,3408391,7,43,-146560812,146560813,3408391,2917264,1708
31,67,2077,98,4117813,0,1,-4117812,4117813,4117813,3541924,1882
31,67,2077,98,4117813,1,1,-4117812,4117813,4117813,3541924,1882
31,67,2077,98,4117813,2,3,-12353438,12353439,4117813,3541924,1882
31,67,2077,98,4117813,3,7,-28824690,28824691,4117813,3541924,1882
31,67,2077,98,4117813,5,21,-86474072,86474073,4117813,3541924,1882
31,67,2077,98,4117813,7,43,-177065958,177065959,4117813,3541924,1882
31,71,2201,102,4628001,0,1,-4628000,4628001,4628001,3992004,1998
31,71,2201,102,4628001,1,1,-4628000,4628001,4628001,3992004,1998
31,71,2201,102,4628001,2,3,-13884002,13884003,4628001,3992004,1998
31,71,2201,102,4628001,3,7,-32396006,32396007,4628001,3992004,1998
31,71,2201,102,4628001,5,21,-97188020,97188021,4628001,3992004,1998
31,71,2201,102,4628001,7,43,-199004042,199004043,4628001,3992004,1998
31,73,2263,104,4894267,0,1,-4894266,4894267,4894267,4227136,2056
31,73,2263,104,4894267,1,1,-4894266,4894267,4894267,4227136,2056
31,73,2263,104,4894267,2,3,-14682800,14682801,4894267,4227136,2056
31,73,2263,104,4894267,3,7,-34259868,34259869,4894267,4227136,2056
31,73,2263,104,4894267,5,21,-102779606,102779607,4894267,4227136,2056
31,73,2263,104,4894267,7,43,-210453480,210453481,4894267,4227136,2056
31,79,2449,110,5737753,0,1,-5737752,5737753,5737753,4972900,2230
31,79,2449,110,5737753,1,1,-5737752,5737753,5737753,4972900,2230
31,79,2449,110,5737753,2,3,-17213258,17213259,5737753,4972900,2230
31,79,2449,110,5737753,3,7,-40164270,40164271,5737753,4972900,2230
31,79,2449,110,5737753,5,21,-120492812,120492813,5737753,4972900,2230
31,79,2449,110,5737753,7,43,-246723378,246723379,5737753,4972900,2230
31,83,2573,114,6337317,0,1,-6337316,6337317,6337317,5503716,2346
31,83,2573,114,6337317,1,1,-6337316,6337317,6337317,5503716,2346
31,83,2573,114,6337317,2,3,-19011950,19011951,6337317,5503716,2346
31,83,2573,114,6337317,3,7,-44361218,44361219,6337317,5503716,2346
31,83,2573,114,6337317,5,21,-133083656,133083657,6337317,5503716,2346
31,83,2573,114,6337317,7,43,-272504630,272504631,6337317,5503716,2346
31,89,2759,120,7292523,0,1,-7292522,7292523,7292523,6350400,2520
31,89,2759,120,7292523,1,1,-7292522,7292523,7292523,6350400,2520
31,89,2759,120,7292523,2,3,-21877568,21877569,7292523,6350400,2520
31,89,2759,120,7292523,3,7,-51047660,51047661,7292523,6350400,2520
31,89,2759,120,7292523,5,21,-153142982,153142983,7292523,6350400,2520
31,89,2759,120,7292523,7,43,-313578488,313578489,7292523,6350400,2520
31,97,3007,128,8670403,0,1,-8670402,8670403,8670403,7573504,2752
31,97,3007,128,8670403,1,1,-8670402,8670403,8670403,7573504,2752
31,97,3007,128,8670403,2,3,-26011208,26011209,8670403,7573504,2752
31,97,3007,128,8670403,3,7,-60692820,60692821,8670403,7573504,2752
31,97,3007,128,8670403,5,21,-182078462,182078463,8670403,7573504,2752
31,97,3007,128,8670403,7,43,-372827328,372827329,8670403,7573504,2752
31,101,3131,132,9404031,0,1,-9404030,9404031,9404031,8225424,2868
31,101,3131,132,9404031,1,1,-9404030,9404031,9404031,8225424,2868
31,101,3131,132,9404031,2,3,-28212092,28212093,9404031,8225424,2868
31,101,3131,132,9404031,3,7,-65828216,65828217,9404031,8225424,2868
31,101,3131,132,9404031,5,21,-197484650,197484651,9404031,8225424,2868
31,101,3131,132,9404031,7,43,-404373332,404373333,9404031,8225424,2868
31,103,3193,134,9782017,0,1,-9782016,9782017,9782017,8561476,2926
31,103,3193,134,9782017,1,1,-9782016,9782017,9782017,8561476,2926
31,103,3193,134,9782017,2,3,-29346050,29346051,9782017,8561476,2926
31,103,3193,134,9782017,3,7,-68474118,68474119,9782017,8561476,2926
31,103,3193,134,9782017,5,21,-205422356,205422357,9782017,8561476,2926
31,103,3193,134,9782017,7,43,-420626730,420626731,9782017,8561476,2926
31,107,3317,138,10560333,0,1,-10560332,10560333,10560333,9253764,3042
31,107,3317,138,10560333,1,1,-10560332,10560333,10560333,9253764,3042
31,107,3317,138,10560333,2,3,-31680998,31680999,10560333,9253764,3042
31,107,3317,138,10560333,3,7,-73922330,73922331,10560333,9253764,3042
31,107,3317,138,10560333,5,21,-221766992,221766993,10560333,9253764,3042
31,107,3317,138,10560333,7,43,-454094318,454094319,10560333,9253764,3042
31,109,3379,140,10960663,0,1,-10960662,10960663,10960663,9610000,3100
31,109,3379,140,10960663,1,1,-10960662,10960663,10960663,9610000,3100
31,109,3379,140,10960663,2,3,-32881988,32881989,10960663,9610000,3100
31,109,3379,140,10960663,3,7,-76724640,76724641,10960663,9610000,3100
31,109,3379,140,10960663,5,21,-230173922,230173923,10960663,9610000,3100
31,109,3379,140,10960663,7,43,-471308508,471308509,10960663,9610000,3100
31,113,3503,144,11783667,0,1,-11783666,11783667,11783667,10342656,3216
31,113,3503,144,11783667,1,1,-11783666,11783667,11783667,10342656,3216
31,113,3503,144,11783667,2,3,-35351000,35351001,11783667,10342656,3216
31,113,3503,144,11783667,3,7,-82485668,82485669,11783667,10342656,3216
31,113,3503,144,11783667,5,21,-247457006,247457007,11783667,10342656,3216
31,113,3503,144,11783667,7,43,-506697680,506697681,11783667,10342656,3216
31,127,3937,158,14898793,0,1,-14898792,14898793,14898793,13118884,3622
31,127,3937,158,14898793,1,1,-14898792,14898793,14898793,13118884,3622
31,127,3937,158,14898793,2,3,-44696378,44696379,14898793,13118884,3622
31,127,3937,158,14898793,3,7,-104291550,104291551,14898793,13118884,3622
31,127,3937,158,14898793,5,21,-312874652,312874653,14898793,13118884,3622
31,127,3937,158,14898793,7,43,-640648098,640648099,14898793,13118884,3622
31,131,4061,162,15855861,0,1,-15855860,15855861,15855861,13972644,3738
31,131,4061,162,15855861,1,1,-15855860,15855861,15855861,13972644,3738
31,131,4061,162,15855861,2,3,-47567582,47567583,15855861,13972644,3738
31,131,4061,162,15855861,3,7,-110991026,110991027,15855861,13972644,3738
31,131,4061,162,15855861,5,21,-332973080,332973081,15855861,13972644,3738
31,131,4061,162,15855861,7,43,-681802022,681802023,15855861,13972644,3738
31,137,4247,168,17347323,0,1,-17347322,17347323,17347323,15303744,3912
31,137,4247,168,17347323,1,1,-17347322,17347323,17347323,15303744,3912
31,137,4247,168,17347323,2,3,-52041968,52041969,17347323,15303744,3912
31,137,4247,168,17347323,3,7,-121431260,121431261,17347323,15303744,3912
31,137,4247,168,17347323,5,21,-364293782,364293783,17347323,15303744,3912
31,137,4247,168,17347323,7,43,-745934888,745934889,17347323,15303744,3912
31,139,4309,170,17859373,0,1,-17859372,17859373,17859373,15760900,3970
31,139,4309,170,17859373,1,1,-17859372,17859373,17859373,15760900,3970
31,139,4309,170,17859373,2,3,-53578118,53578119,17859373,15760900,3970
31,139,4309,170,17859373,3,7,-125015610,125015611,17859373,15760900,3970
31,139,4309,170,17859373,5,21,-375046832,375046833,17859373,15760900,3970
31,139,4309,170,17859373,7,43,-767953038,767953039,17859373,15760900,3970
31,149,4619,180,20531343,0,1,-20531342,20531343,20531343,18147600,4260
31,149,4619,180,20531343,1,1,-20531342,20531343,20531343,18147600,4260
31,149,4619,180,20531343,2,3,-61594028,61594029,20531343,18147600,4260
31,149,4619,180,20531343,3,7,-143719400,143719401,20531343,18147600,4260
31,149,4619,180,20531343,5,21,-431158202,431158203,20531343,18147600,4260
31,149,4619,180,20531343,7,43,-882847748,882847749,20531343,18147600,4260
31,151,4681,182,21088081,0,1,-21088080,21088081,21088081,18645124,4318
31,151,4681,182,21088081,1,1,-21088080,21088081,21088081,18645124,4318
31,151,4681,182,21088081,2,3,-63264242,63264243,21088081,18645124,4318
31,151,4681,182,21088081,3,7,-147616566,147616567,21088081,18645124,4318
31,151,4681,182,21088081,5,21,-442849700,442849701,21088081,18645124,4318
31,151,4681,182,21088081,7,43,-906787482,906787483,21088081,18645124,4318
31,157,4867,188,22802983,0,1,-22802982,22802983,22802983,20178064,4492
31,157,4867,188,22802983,1,1,-22802982,22802983,22802983,20178064,4492
31,157,4867,188,22802983,2,3,-68408948,68408949,22802983,20178064,4492
31,157,4867,188,22802983,3,7,-159620880,159620881,22802983,20178064,4492
31,157,4867,188,22802983,5,21,-478862642,478862643,22802983,20178064,4492
31,157,4867,188,22802983,7,43,-980528268,980528269,22802983,20178064,4492
31,163,5053,194,24584917,0,1,-24584916,24584917,24584917,21771556,4666
31,163,5053,194,24584917,1,1,-24584916,24584917,24584917,21771556,4666
31,163,5053,194,24584917,2,3,-73754750,73754751,24584917,21771556,4666
31,163,5053,194,24584917,3,7,-172094418,172094419,24584917,21771556,4666
31,163,5053,194,24584917,5,21,-516283256,516283257,24584917,21771556,4666
31,163,5053,194,24584917,7,43,-1057151430,1057151431,24584917,21771556,4666
31,167,5177,198,25810113,0,1,-25810112,25810113,25810113,22867524,4782
31,167,5177,198,25810113,1,1,-25810112,25810113,25810113,22867524,4782
31,167,5177,198,25810113,2,3,-77430338,77430339,25810113,22867524,4782
31,167,5177,198,25810113,3,7,-180670790,180670791,25810113,22867524,4782
31,167,5177,198,25810113,5,21,-542012372,542012373,25810113,22867524,4782
31,167,5177,198,25810113,7,43,-1109834858,1109834859,25810113,22867524,4782
31,173,5363,204,27703767,0,1,-27703766,27703767,27703767,24561936,4956
31,173,5363,204,27703767,1,1,-27703766,27703767,27703767,24561936,4956
31,173,5363,204,27703767,2,3,-83111300,83111301,27703767,24561936,4956
31,173,5363,204,27703767,3,7,-193926368,193926369,27703767,24561936,4956
31,173,5363,204,27703767,5,21,-581779106,581779107,27703767,24561936,4956
31,173,5363,204,27703767,7,43,-1191261980,1191261981,27703767,24561936,4956
31,179,5549,210,29664453,0,1,-29664452,29664453,29664453,26316900,5130
31,179,5549,210,29664453,1,1,-29664452,29664453,29664453,26316900,5130
31,179,5549,210,29664453,2,3,-88993358,88993359,29664453,26316900,5130
31,179,5549,210,29664453,3,7,-207651170,207651171,29664453,26316900,5130
31,179,5549,210,29664453,5,21,-622953512,622953513,29664453,26316900,5130
31,179,5549,210,29664453,7,43,-1275571478,1275571479,29664453,26316900,5130
31,181,5611,212,30332911,0,1,-30332910,30332911,30332911,26915344,5188
31,181,5611,212,30332911,1,1,-30332910,30332911,30332911,26915344,5188
31,181,5611,212,30332911,2,3,-90998732,90998733,30332911,26915344,5188
31,181,5611,212,30332911,3,7,-212330376,212330377,30332911,26915344,5188
31,181,5611,212,30332911,5,21,-636991130,636991131,30332911,26915344,5188
31,181,5611,212,30332911,7,43,-1304315172,1304315173,30332911,26915344,5188
31,191,5921,222,33786921,0,1,-33786920,33786921,33786921,30008484,5478
31,191,5921,222,33786921,1,1,-33786920,33786921,33786921,30008484,5478
31,191,5921,222,33786921,2,3,-101360762,101360763,33786921,30008484,5478
31,191,5921,222,33786921,3,7,-236508446,236508447,33786921,30008484,5478
31,191,5921,222,33786921,5,21,-709525340,709525341,33786921,30008484,5478
31,191,5921,222,33786921,7,43,-1452837602,1452837603,33786921,30008484,5478
31,193,5983,224,34500067,0,1,-34500066,34500067,34500067,30647296,5536
31,193,5983,224,34500067,1,1,-34500066,34500067,34500067,30647296,5536
31,193,5983,224,34500067,2,3,-103500200,103500201,34500067,30647296,5536
31,193,5983,224,34500067,3,7,-241500468,241500469,34500067,30647296,5536
31,193,5983,224,34500067,5,21,-724501406,724501407,34500067,30647296,5536
31,193,5983,224,34500067,7,43,-1483502880,1483502881,34500067,30647296,5536
31,197,6107,228,35948703,0,1,-35948702,35948703,35948703,31945104,5652
31,197,6107,228,35948703,1,1,-35948702,35948703,35948703,31945104,5652
31,197,6107,228,35948703,2,3,-107846108,107846109,35948703,31945104,5652
31,197,6107,228,35948703,3,7,-251640920,251640921,35948703,31945104,5652
31,197,6107,228,35948703,5,21,-754922762,754922763,35948703,31945104,5652
31,197,6107,228,35948703,7,43,-1545794228,1545794229,35948703,31945104,5652
31,199,6169,230,36684193,0,1,-36684192,36684193,36684193,32604100,5710
31,199,6169,230,36684193,1,1,-36684192,36684193,36684193,32604100,5710
31,199,6169,230,36684193,2,3,-110052578,110052579,36684193,32604100,5710
31,199,6169,230,36684193,3,7,-256789350,256789351,36684193,32604100,5710
31,199,6169,230,36684193,5,21,-770368052,770368053,36684193,32604100,5710
31,199,6169,230,36684193,7,43,-1577420298,1577420299,36684193,32604100,5710
31,211,6541,242,41253541,0,1,-41253540,41253541,41253541,36699364,6058
31,211,6541,242,41253541,1,1,-41253540,41253541,41253541,36699364,6058
31,211,6541,242,41253541,2,3,-123760622,123760623,41253541,36699364,6058
31,211,6541,242,41253541,3,7,-288774786,288774787,41253541,36699364,6058
31,211,6541,242,41253541,5,21,-866324360,866324361,41253541,36699364,6058
31,211,6541,242,41253541,7,43,-1773902262,1773902263,41253541,36699364,6058
31,223,6913,254,46091017,0,1,-46091016,46091017,46091017,41036836,6406
31,223,6913,254,46091017,1,1,-46091016,46091017,46091017,41036836,6406
31,223,6913,254,46091017,2,3,-138273050,138273051,46091017,41036836,6406
31,223,6913,254,46091017,3,7,-322637118,322637119,46091017,41036836,6406
31,223,6913,254,46091017,5,21,-967911356,967911357,46091017,41036836,6406
31,223,6913,254,46091017,7,43,-1981913730,1981913731,46091017,41036836,6406
31,227,7037,258,47763093,0,1,-47763092,47763093,47763093,42536484,6522
31,227,7037,258,47763093,1,1,-47763092,47763093,47763093,42536484,6522
31,227,7037,258,47763093,2,3,-143289278,143289279,47763093,42536484,6522
31,227,7037,258,47763093,3,7,-334341650,334341651,47763093,42536484,6522
31,227,7037,258,47763093,5,21,-1003024952,1003024953,47763093,42536484,6522
31,227,7037,258,47763093,7,43,-2053812998,2053812999,47763093,42536484,6522
31,229,7099,260,48610303,0,1,-48610302,48610303,48610303,43296400,6580
31,229,7099,260,48610303,1,1,-48610302,48610303,48610303,43296400,6580
31,229,7099,260,48610303,2,3,-145830908,145830909,48610303,43296400,6580
31,229,7099,260,48610303,3,7,-340272120,340272121,48610303,43296400,6580
31,229,7099,260,48610303,5,21,-1020816362,1020816363,48610303,43296400,6580
31,229,7099,260,48610303,7,43,-2090243028,2090243029,48610303,43296400,6580
31,233,7223,264,50327067,0,1,-50327066,50327067,50327067,44836416,6696
31,233,7223,264,50327067,1,1,-50327066,50327067,50327067,44836416,6696
31,233,7223,264,50327067,2,3,-150981200,150981201,50327067,44836416,6696
31,233,7223,264,50327067,3,7,-352289468,352289469,50327067,44836416,6696
31,233,7223,264,50327067,5,21,-1056868406,1056868407,50327067,44836416,6696
31,233,7223,264,50327067,7,43,-2164063880,2164063881,50327067,44836416,6696
31,239,7409,270,52958073,0,1,-52958072,52958073,52958073,47196900,6870
31,239,7409,270,52958073,1,1,-52958072,52958073,52958073,47196900,6870
31,239,7409,270,52958073,2,3,-158874218,158874219,52958073,47196900,6870
31,239,7409,270,52958073,3,7,-370706510,370706511,52958073,47196900,6870
31,239,7409,270,52958073,5,21,-1112119532,1112119533,52958073,47196900,6870
31,239,7409,270,52958073,7,43,-2277197138,2277197139,52958073,47196900,6870
31,241,7471,272,53849971,0,1,-53849970,53849971,53849971,47997184,6928
31,241,7471,272,53849971,1,1,-53849970,53849971,53849971,47997184,6928
31,241,7471,272,53849971,2,3,-161549912,161549913,53849971,47997184,6928
31,241,7471,272,53849971,3,7,-376949796,376949797,53849971,47997184,6928
31,241,7471,272,53849971,5,21,-1130849390,1130849391,53849971,47997184,6928
31,241,7471,272,53849971,7,43,-2315548752,2315548753,53849971,47997184,6928
31,251,7781,282,58421181,0,1,-58421180,58421181,58421181,52099524,7218
31,251,7781,282,58421181,1,1,-58421180,58421181,58421181,52099524,7218
31,251,7781,282,58421181,2,3,-175263542,175263543,58421181,52099524,7218
31,251,7781,282,58421181,3,7,-408948266,408948267,58421181,52099524,7218
31,251,7781,282,58421181,5,21,-1226844800,1226844801,58421181,52099524,7218
31,251,7781,282,58421181,7,43,-2512110782,2512110783,58421181,52099524,7218
31,257,7967,288,61253283,0,1,-61253282,61253283,61253283,54641664,7392
31,257,7967,288,61253283,1,1,-61253282,61253283,61253283,54641664,7392
31,257,7967,288,61253283,2,3,-183759848,183759849,61253283,54641664,7392
31,257,7967,288,61253283,3,7,-428772980,428772981,61253283,54641664,7392
31,257,7967,288,61253283,5,21,-1286318942,1286318943,61253283,54641664,7392
31,257,7967,288,61253283,7,43,-2633891168,2633891169,61253283,54641664,7392
31,263,8153,294,64152417,0,1,-64152416,64152417,64152417,57244356,7566
31,263,8153,294,64152417,1,1,-64152416,64152417,64152417,57244356,7566
31,263,8153,294,64152417,2,3,-192457250,192457251,64152417,57244356,7566
31,263,8153,294,64152417,3,7,-449066918,449066919,64152417,57244356,7566
31,263,8153,294,64152417,5,21,-1347200756,1347200757,64152417,57244356,7566
31,263,8153,294,64152417,7,43,-2758553930,2758553931,64152417,57244356,7566
31,269,8339,300,67118583,0,1,-67118582,67118583,67118583,59907600,7740
31,269,8339,300,67118583,1,1,-67118582,67118583,67118583,59907600,7740
31,269,8339,300,67118583,2,3,-201355748,201355749,67118583,59907600,7740
31,269,8339,300,67118583,3,7,-469830080,469830081,67118583,59907600,7740
31,269,8339,300,67118583,5,21,-1409490242,1409490243,67118583,59907600,7740
31,269,8339,300,67118583,7,43,-2886099068,2886099069,67118583,59907600,7740
31,271,8401,302,68122201,0,1,-68122200,68122201,68122201,60808804,7798
31,271,8401,302,68122201,1,1,-68122200,68122201,68122201,60808804,7798
31,271,8401,302,68122201,2,3,-204366602,204366603,68122201,60808804,7798
31,271,8401,302,68122201,3,7,-476855406,476855407,68122201,60808804,7798
31,271,8401,302,68122201,5,21,-1430566220,1430566221,68122201,60808804,7798
31,271,8401,302,68122201,7,43,-2929254642,2929254643,68122201,60808804,7798
31,277,8587,308,71177743,0,1,-71177742,71177743,71177743,63552784,7972
31,277,8587,308,71177743,1,1,-71177742,71177743,71177743,63552784,7972
31,277,8587,308,71177743,2,3,-213533228,213533229,71177743,63552784,7972
31,277,8587,308,71177743,3,7,-498244200,498244201,71177743,63552784,7972
31,277,8587,308,71177743,5,21,-1494732602,1494732603,71177743,63552784,7972
31,277,8587,308,71177743,7,43,-3060642948,3060642949,71177743,63552784,7972
31,281,8711,312,73252011,0,1,-73252010,73252011,73252011,65415744,8088
31,281,8711,312,73252011,1,1,-73252010,73252011,73252011,65415744,8088
31,281,8711,312,73252011,2,3,-219756032,219756033,73252011,65415744,8088
31,281,8711,312,73252011,3,7,-512764076,512764077,73252011,65415744,8088
31,281,8711,312,73252011,5,21,-1538292230,1538292231,73252011,65415744,8088
31,281,8711,312,73252011,7,43,-3149836472,3149836473,73252011,65415744,8088
31,283,8773,314,74300317,0,1,-74300316,74300317,74300317,66357316,8146
31,283,8773,314,74300317,1,1,-74300316,74300317,74300317,66357316,8146
31,283,8773,314,74300317,2,3,-222900950,222900951,74300317,66357316,8146
31,283,8773,314,74300317,3,7,-520102218,520102219,74300317,66357316,8146
31,283,8773,314,74300317,5,21,-1560306656,1560306657,74300317,66357316,8146
31,283,8773,314,74300317,7,43,-3194913630,3194913631,74300317,66357316,8146
31,293,9083,324,79653567,0,1,-79653566,79653567,79653567,71166096,8436
31,293,9083,324,79653567,1,1,-79653566,79653567,79653567,71166096,8436
31,293,9083,324,79653567,2,3,-238960700,238960701,79653567,71166096,8436
31,293,9083,324,79653567,3,7,-557574968,557574969,79653567,71166096,8436
31,293,9083,324,79653567,5,21,-1672724906,1672724907,79653567,71166096,8436
31,293,9083,324,79653567,7,43,-3425103380,3425103381,79653567,71166096,8436
37,41,1517,78,2187453,0,1,-2187452,2187453,2187453,1855044,1362
37,41,1517,78,2187453,1,1,-2187452,2187453,2187453,1855044,1362
37,41,1517,78,2187453,2,3,-6562358,6562359,2187453,1855044,1362
37,41,1517,78,2187453,3,7,-15312170,15312171,2187453,1855044,1362
37,41,1517,78,2187453,5,21,-45936512,45936513,2187453,1855044,1362
37,41,1517,78,2187453,7,43,-94060478,94060479,2187453,1855044,1362
37,43,1591,80,2408731,0,1,-2408730,2408731,2408731,2050624,1432
37,43,1591,80,2408731,1,1,-2408730,2408731,2408731,2050624,1432
37,43,1591,80,2408731,2,3,-7226192,7226193,2408731,2050624,1432
37,43,1591,80,2408731,3,7,-16861116,16861117,2408731,2050624,1432
37,43,1591,80,2408731,5,21,-50583350,50583351,2408731,2050624,1432
37,43,1591,80,2408731,7,43,-103575432,103575433,2408731,2050624,1432
37,47,1739,84,2883279,0,1,-2883278,2883279,2883279,2471184,1572
37,47,1739,84,2883279,1,1,-2883278,2883279,2883279,2471184,1572
37,47,1739,84,2883279,2,3,-8649836,8649837,2883279,2471184,1572
37,47,1739,84,2883279,3,7,-20182952,20182953,2883279,2471184,1572
37,47,1739,84,2883279,5,21,-60548858,60548859,2883279,2471184,1572
37,47,1739,84,2883279,7,43,-123980996,123980997,2883279,2471184,1572
37,53,1961,90,3675081,0,1,-3675080,3675081,3675081,3175524,1782
37,53,1961,90,3675081,1,1,-3675080,3675081,3675081,3175524,1782
37,53,1961,90,3675081,2,3,-11025242,11025243,3675081,3175524,1782
37,53,1961,90,3675081,3,7,-25725566,25725567,3675081,3175524,1782
37,53,1961,90,3675081,5,21,-77176700,77176701,3675081,3175524,1782
37,53,1961,90,3675081,7,43,-158028482,158028483,3675081,3175524,1782
37,59,2183,96,4562859,0,1,-4562858,4562859,4562859,3968064,1992
37,59,2183,96,4562859,1,1,-4562858,4562859,4562859,3968064,1992
37,59,2183,96,4562859,2,3,-13688576,13688577,4562859,3968064,1992
37,59,2183,96,4562859,3,7,-31940012,31940013,4562859,3968064,1992
37,59,2183,96,4562859,5,21,-95820038,95820039,4562859,3968064,1992
37,59,2183,96,4562859,7,43,-196202936,196202937,4562859,3968064,1992
37,61,2257,98,4880113,0,1,-4880112,4880113,4880113,4251844,2062
37,61,2257,98,4880113,1,1,-4880112,4880113,4880113,4251844,2062
37,61,2257,98,4880113,2,3,-14640338,14640339,4880113,4251844,2062
37,61,2257,98,4880113,3,7,-34160790,34160791,4880113,4251844,2062
37,61,2257,98,4880113,5,21,-102482372,102482373,4880113,4251844,2062
37,61,2257,98,4880113,7,43,-209844858,209844859,4880113,4251844,2062
37,67,2479,104,5895859,0,1,-5895858,5895859,5895859,5161984,2272
37,67,2479,104,5895859,1,1,-5895858,5895859,5895859,5161984,2272
37,67,2479,104,5895859,2,3,-17687576,17687577,5895859,5161984,2272
37,67,2479,104,5895859,3,7,-41271012,41271013,5895859,5161984,2272
37,67,2479,104,5895859,5,21,-123813038,123813039,5895859,5161984,2272
37,67,2479,104,5895859,7,43,-253521936,253521937,5895859,5161984,2272
37,71,2627,108,6626343,0,1,-6626342,6626343,6626343,5817744,2412
37,71,2627,108,6626343,1,1,-6626342,6626343,6626343,5817744,2412
37,71,2627,108,6626343,2,3,-19879028,19879029,6626343,5817744,2412
37,71,2627,108,6626343,3,7,-46384400,46384401,6626343,5817744,2412
37,71,2627,108,6626343,5,21,-139153202,139153203,6626343,5817744,2412
37,71,2627,108,6626343,7,43,-284932748,284932749,6626343,5817744,2412
37,73,2701,110,7007581,0,1,-7007580,7007581,7007581,6160324,2482
37,73,2701,110,7007581,1,1,-7007580,7007581,7007581,6160324,2482
37,73,2701,110,7007581,2,3,-21022742,21022743,7007581,6160324,2482
37,73,2701,110,7007581,3,7,-49053066,49053067,7007581,6160324,2482
37,73,2701,110,7007581,5,21,-147159200,147159201,7007581,6160324,2482
37,73,2701,110,7007581,7,43,-301325982,301325983,7007581,6160324,2482
37,79,2923,116,8215279,0,1,-8215278,8215279,8215279,7246864,2692
37,79,2923,116,8215279,1,1,-8215278,8215279,8215279,7246864,2692
37,79,2923,116,8215279,2,3,-24645836,24645837,8215279,7246864,2692
37,79,2923,116,8215279,3,7,-57506952,57506953,8215279,7246864,2692
37,79,2923,116,8215279,5,21,-172520858,172520859,8215279,7246864,2692
37,79,2923,116,8215279,7,43,-353256996,353256997,8215279,7246864,2692
37,83,3071,120,9073731,0,1,-9073730,9073731,9073731,8020224,2832
37,83,3071,120,9073731,1,1,-9073730,9073731,9073731,8020224,2832
37,83,3071,120,9073731,2,3,-27221192,27221193,9073731,8020224,2832
37,83,3071,120,9073731,3,7,-63516116,63516117,9073731,8020224,2832
37,83,3071,120,9073731,5,21,-190548350,190548351,9073731,8020224,2832
37,83,3071,120,9073731,7,43,-390170432,390170433,9073731,8020224,2832
37,89,3293,126,10441389,0,1,-10441388,10441389,10441389,9253764,3042
37,89,3293,126,10441389,1,1,-10441388,10441389,10441389,9253764,3042
37,89,3293,126,10441389,2,3,-31324166,31324167,10441389,9253764,3042
37,89,3293,126,10441389,3,7,-73089722,73089723,10441389,9253764,3042
37,89,3293,126,10441389,5,21,-219269168,219269169,10441389,9253764,3042
37,89,3293,126,10441389,7,43,-448979726,448979727,10441389,9253764,3042
37,97,3589,134,12414229,0,1,-12414228,12414229,12414229,11035684,3322
37,97,3589,134,12414229,1,1,-12414228,12414229,12414229,11035684,3322
37,97,3589,134,12414229,2,3,-37242686,37242687,12414229,11035684,3322
37,97,3589,134,12414229,3,7,-86899602,86899603,12414229,11035684,3322
37,97,3589,134,12414229,5,21,-260698808,260698809,12414229,11035684,3322
37,97,3589,134,12414229,7,43,-533811846,533811847,12414229,11035684,3322
37,101,3737,138,13464633,0,1,-13464632,13464633,13464633,11985444,3462
37,101,3737,138,13464633,1,1,-13464632,13464633,13464633,11985444,3462
37,101,3737,138,13464633,2,3,-40393898,40393899,13464633,11985444,3462
37,101,3737,138,13464633,3,7,-94252430,94252431,13464633,11985444,3462
37,101,3737,138,13464633,5,21,-282757292,282757293,13464633,11985444,3462
37,101,3737,138,13464633,7,43,-578979218,578979219,13464633,11985444,3462
37,103,3811,140,14005831,0,1,-14005830,14005831,14005831,12475024,3532
37,103,3811,140,14005831,1,1,-14005830,14005831,14005831,12475024,3532
37,103,3811,140,14005831,2,3,-42017492,42017493,14005831,12475024,3532
37,103,3811,140,14005831,3,7,-98040816,98040817,14005831,12475024,3532
37,103,3811,140,14005831,5,21,-294122450,294122451,14005831,12475024,3532
37,103,3811,140,14005831,7,43,-602250732,602250733,14005831,12475024,3532
37,107,3959,144,15120219,0,1,-15120218,15120219,15120219,13483584,3672
37,107,3959,144,15120219,1,1,-15120218,15120219,15120219,13483584,3672
37,107,3959,144,15120219,2,3,-45360656,45360657,15120219,13483584,3672
37,107,3959,144,15120219,3,7,-105841532,105841533,15120219,13483584,3672
37,107,3959,144,15120219,5,21,-317524598,317524599,15120219,13483584,3672
37,107,3959,144,15120219,7,43,-650169416,650169417,15120219,13483584,3672
37,109,4033,146,15693409,0,1,-15693408,15693409,15693409,14002564,3742
37,109,4033,146,15693409,1,1,-15693408,15693409,15693409,14002564,3742
37,109,4033,146,15693409,2,3,-47080226,47080227,15693409,14002564,3742
37,109,4033,146,15693409,3,7,-109853862,109853863,15693409,14002564,3742
37,109,4033,146,15693409,5,21,-329561588,329561589,15693409,14002564,3742
37,109,4033,146,15693409,7,43,-674816586,674816587,15693409,14002564,3742
37,113,4181,150,16871781,0,1,-16871780,16871781,16871781,15069924,3882
37,113,4181,150,16871781,1,1,-16871780,16871781,16871781,15069924,3882
37,113,4181,150,16871781,2,3,-50615342,50615343,16871781,15069924,3882
37,113,4181,150,16871781,3,7,-118102466,118102467,16871781,15069924,3882
37,113,4181,150,16871781,5,21,-354307400,354307401,16871781,15069924,3882
37,113,4181,150,16871781,7,43,-725486582,725486583,16871781,15069924,3882
37,127,4699,164,21331999,0,1,-21331998,21331999,21331999,19114384,4372
37,127,4699,164,21331999,1,1,-21331998,21331999,21331999,19114384,4372
37,127,4699,164,21331999,2,3,-63995996,63995997,21331999,19114384,4372
37,127,4699,164,21331999,3,7,-149323992,149323993,21331999,19114384,4372
37,127,4699,164,21331999,5,21,-447971978,447971979,21331999,19114384,4372
37,127,4699,164,21331999,7,43,-917275956,917275957,21331999,19114384,4372
37,131,4847,168,22702323,0,1,-22702322,22702323,22702323,20358144,4512
37,131,4847,168,22702323,1,1,-22702322,22702323,22702323,20358144,4512
37,131,4847,168,22702323,2,3,-68106968,68106969,22702323,20358144,4512
37,131,4847,168,22702323,3,7,-158916260,158916261,22702323,20358144,4512
37,131,4847,168,22702323,5,21,-476748782,476748783,22702323,20358144,4512
37,131,4847,168,22702323,7,43,-976199888,976199889,22702323,20358144,4512
37,137,5069,174,24837789,0,1,-24837788,24837789,24837789,22297284,4722
37,137,5069,174,24837789,1,1,-24837788,24837789,24837789,22297284,4722
37,137,5069,174,24837789,2,3,-74513366,74513367,24837789,22297284,4722
37,137,5069,174,24837789,3,7,-173864522,173864523,24837789,22297284,4722
37,137,5069,174,24837789,5,21,-521593568,521593569,24837789,22297284,4722
37,137,5069,174,24837789,7,43,-1068024926,1068024927,24837789,22297284,4722
37,139,5143,176,25570939,0,1,-25570938,25570939,25570939,22963264,4792
37,139,5143,176,25570939,1,1,-25570938,25570939,25570939,22963264,4792
37,139,5143,176,25570939,2,3,-76712816,76712817,25570939,22963264,4792
37,139,5143,176,25570939,3,7,-178996572,178996573,25570939,22963264,4792
37,139,5143,176,25570939,5,21,-536989718,536989719,25570939,22963264,4792
37,139,5143,176,25570939,7,43,-1099550376,1099550377,25570939,22963264,4792
37,149,5513,186,29396649,0,1,-29396648,29396649,29396649,26440164,5142
37,149,5513,186,29396649,1,1,-29396648,29396649,29396649,26440164,5142
37,149,5513,186,29396649,2,3,-88189946,88189947,29396649,26440164,5142
37,149,5513,186,29396649,3,7,-205776542,205776543,29396649,26440164,5142
37,149,5513,186,29396649,5,21,-617329628,617329629,29396649,26440164,5142
37,149,5513,186,29396649,7,43,-1264055906,1264055907,29396649,26440164,5142
37,151,5587,188,30193783,0,1,-30193782,30193783,30193783,27164944,5212
37,151,5587,188,30193783,1,1,-30193782,30193783,30193783,27164944,5212
37,151,5587,188,30193783,2,3,-90581348,90581349,30193783,27164944,5212
37,151,5587,188,30193783,3,7,-211356480,211356481,30193783,27164944,5212
37,151,5587,188,30193783,5,21,-634069442,634069443,30193783,27164944,5212
37,151,5587,188,30193783,7,43,-1298332668,1298332669,30193783,27164944,5212
37,157,5809,194,32649169,0,1,-32649168,32649169,32649169,29398084,5422
37,157,5809,194,32649169,1,1,-32649168,32649169,32649169,29398084,5422
37,157,5809,194,32649169,2,3,-97947506,97947507,32649169,29398084,5422
37,157,5809,194,32649169,3,7,-228544182,228544183,32649169,29398084,5422
37,157,5809,194,32649169,5,21,-685632548,685632549,32649169,29398084,5422
37,157,5809,194,32649169,7,43,-1403914266,1403914267,32649169,29398084,5422
37,163,6031,200,35200531,0,1,-35200530,35200531,35200531,31719424,5632
37,163,6031,200,35200531,1,1,-35200530,35200531,35200531,31719424,5632
37,163,6031,200,35200531,2,3,-105601592,105601593,35200531,31719424,5632
37,163,6031,200,35200531,3,7,-246403716,246403717,35200531,31719424,5632
37,163,6031,200,35200531,5,21,-739211150,739211151,35200531,31719424,5632
37,163,6031,200,35200531,7,43,-1513622832,1513622833,35200531,31719424,5632
37,167,6179,204,36954759,0,1,-36954758,36954759,36954759,33315984,5772
37,167,6179,204,36954759,1,1,-36954758,36954759,36954759,33315984,5772
37,167,6179,204,36954759,2,3,-110864276,110864277,36954759,33315984,5772
37,167,6179,204,36954759,3,7,-258683312,258683313,36954759,33315984,5772
37,167,6179,204,36954759,5,21,-776049938,776049939,36954759,33315984,5772
37,167,6179,204,36954759,7,43,-1589054636,1589054637,36954759,33315984,5772
37,173,6401,210,39666081,0,1,-39666080,39666081,39666081,35784324,5982
37,173,6401,210,39666081,1,1,-39666080,39666081,39666081,35784324,5982
37,173,6401,210,39666081,2,3,-118998242,118998243,39666081,35784324,5982
37,173,6401,210,39666081,3,7,-277662566,277662567,39666081,35784324,5982
37,173,6401,210,39666081,5,21,-832987700,832987701,39666081,35784324,5982
37,173,6401,210,39666081,7,43,-1705641482,1705641483,39666081,35784324,5982
37,179,6623,216,42473379,0,1,-42473378,42473379,42473379,38340864,6192
37,179,6623,216,42473379,1,1,-42473378,42473379,42473379,38340864,6192
37,179,6623,216,42473379,2,3,-127420136,127420137,42473379,38340864,6192
37,179,6623,216,42473379,3,7,-297313652,297313653,42473379,38340864,6192
37,179,6623,216,42473379,5,21,-891940958,891940959,42473379,38340864,6192
37,179,6623,216,42473379,7,43,-1826355296,1826355297,42473379,38340864,6192
37,181,6697,218,43430473,0,1,-43430472,43430473,43430473,39212644,6262
37,181,6697,218,43430473,1,1,-43430472,43430473,43430473,39212644,6262
37,181,6697,218,43430473,2,3,-130291418,130291419,43430473,39212644,6262
37,181,6697,218,43430473,3,7,-304013310,304013311,43430473,39212644,6262
37,181,6697,218,43430473,5,21,-912039932,912039933,43430473,39212644,6262
37,181,6697,218,43430473,7,43,-1867510338,1867510339,43430473,39212644,6262
37,191,7067,228,48375903,0,1,-48375902,48375903,48375903,43718544,6612
37,191,7067,228,48375903,1,1,-48375902,48375903,48375903,43718544,6612
37,191,7067,228,48375903,2,3,-145127708,145127709,48375903,43718544,6612
37,191,7067,228,48375903,3,7,-338631320,338631321,48375903,43718544,6612
37,191,7067,228,48375903,5,21,-1015893962,1015893963,48375903,43718544,6612
37,191,7067,228,48375903,7,43,-2080163828,2080163829,48375903,43718544,6612
37,193,7141,230,49396981,0,1,-49396980,49396981,49396981,44649124,6682
37,193,7141,230,49396981,1,1,-49396980,49396981,49396981,44649124,6682
37,193,7141,230,49396981,2,3,-148190942,148190943,49396981,44649124,6682
37,193,7141,230,49396981,3,7,-345778866,345778867,49396981,44649124,6682
37,193,7141,230,49396981,5,21,-1037336600,1037336601,49396981,44649124,6682
37,193,7141,230,49396981,7,43,-2124070182,2124070183,49396981,44649124,6682
37,197,7289,234,51471129,0,1,-51471128,51471129,51471129,46539684,6822
37,197,7289,234,51471129,1,1,-51471128,51471129,51471129,46539684,6822
37,197,7289,234,51471129,2,3,-154413386,154413387,51471129,46539684,6822
37,197,7289,234,51471129,3,7,-360297902,360297903,51471129,46539684,6822
37,197,7289,234,51471129,5,21,-1080893708,1080893709,51471129,46539684,6822
37,197,7289,234,51471129,7,43,-2213258546,2213258547,51471129,46539684,6822
37,199,7363,236,52524199,0,1,-52524198,52524199,52524199,47499664,6892
37,199,7363,236,52524199,1,1,-52524198,52524199,52524199,47499664,6892
37,199,7363,236,52524199,2,3,-157572596,157572597,52524199,47499664,6892
37,199,7363,236,52524199,3,7,-367669392,367669393,52524199,47499664,6892
37,199,7363,236,52524199,5,21,-1103008178,1103008179,52524199,47499664,6892
37,199,7363,236,52524199,7,43,-2258540556,2258540557,52524199,47499664,6892
37,211,7807,248,59066563,0,1,-59066562,59066563,59066563,53465344,7312
37,211,7807,248,59066563,1,1,-59066562,59066563,59066563,53465344,7312
37,211,7807,248,59066563,2,3,-177199688,177199689,59066563,53465344,7312
37,211,7807,248,59066563,3,7,-413465940,413465941,59066563,53465344,7312
37,211,7807,248,59066563,5,21,-1240397822,1240397823,59066563,53465344,7312
37,211,7807,248,59066563,7,43,-2539862208,2539862209,59066563,53465344,7312
37,223,8251,260,65992831,0,1,-65992830,65992831,65992831,59783824,7732
37,223,8251,260,65992831,1,1,-65992830,65992831,65992831,59783824,7732
37,223,8251,260,65992831,2,3,-197978492,197978493,65992831,59783824,7732
37,223,8251,260,65992831,3,7,-461949816,461949817,65992831,59783824,7732
37,223,8251,260,65992831,5,21,-1385849450,1385849451,65992831,59783824,7732
37,223,8251,260,65992831,7,43,-2837691732,2837691733,65992831,59783824,7732
37,227,8399,264,68386899,0,1,-68386898,68386899,68386899,61968384,7872
37,227,8399,264,68386899,1,1,-68386898,68386899,68386899,61968384,7872
37,227,8399,264,68386899,2,3,-205160696,205160697,68386899,61968384,7872
37,227,8399,264,68386899,3,7,-478708292,478708293,68386899,61968384,7872
37,227,8399,264,68386899,5,21,-1436124878,1436124879,68386899,61968384,7872
37,227,8399,264,68386899,7,43,-2940636656,2940636657,68386899,61968384,7872
37,229,8473,266,69599929,0,1,-69599928,69599929,69599929,63075364,7942
37,229,8473,266,69599929,1,1,-69599928,69599929,69599929,63075364,7942
37,229,8473,266,69599929,2,3,-208799786,208799787,69599929,63075364,7942
37,229,8473,266,69599929,3,7,-487199502,487199503,69599929,63075364,7942
37,229,8473,266,69599929,5,21,-1461598508,1461598509,69599929,63075364,7942
37,229,8473,266,69599929,7,43,-2992796946,2992796947,69599929,63075364,7942
37,233,8621,270,72057981,0,1,-72057980,72057981,72057981,65318724,8082
37,233,8621,270,72057981,1,1,-72057980,72057981,72057981,65318724,8082
37,233,8621,270,72057981,2,3,-216173942,216173943,72057981,65318724,8082
37,233,8621,270,72057981,3,7,-504405866,504405867,72057981,65318724,8082
37,233,8621,270,72057981,5,21,-1513217600,1513217601,72057981,65318724,8082
37,233,8621,270,72057981,7,43,-3098493182,3098493183,72057981,65318724,8082
37,239,8843,276,75825039,0,1,-75825038,75825039,75825039,68757264,8292
37,239,8843,276,75825039,1,1,-75825038,75825039,75825039,68757264,8292
37,239,8843,276,75825039,2,3,-227475116,227475117,75825039,68757264,8292
37,239,8843,276,75825039,3,7,-530775272,530775273,75825039,68757264,8292
37,239,8843,276,75825039,5,21,-1592325818,1592325819,75825039,68757264,8292
37,239,8843,276,75825039,7,43,-3260476676,3260476677,75825039,68757264,8292
37,241,8917,278,77102053,0,1,-77102052,77102053,77102053,69923044,8362
37,241,8917,278,77102053,1,1,-77102052,77102053,77102053,69923044,8362
37,241,8917,278,77102053,2,3,-231306158,231306159,77102053,69923044,8362
37,241,8917,278,77102053,3,7,-539714370,539714371,77102053,69923044,8362
37,241,8917,278,77102053,5,21,-1619143112,1619143113,77102053,69923044,8362
37,241,8917,278,77102053,7,43,-3315388278,3315388279,77102053,69923044,8362
37,251,9287,288,83647083,0,1,-83647082,83647083,83647083,75898944,8712
37,251,9287,288,83647083,1,1,-83647082,83647083,83647083,75898944,8712
37,251,9287,288,83647083,2,3,-250941248,250941249,83647083,75898944,8712
37,251,9287,288,83647083,3,7,-585529580,585529581,83647083,75898944,8712
37,251,9287,288,83647083,5,21,-1756588742,1756588743,83647083,75898944,8712
37,251,9287,288,83647083,7,43,-3596824568,3596824569,83647083,75898944,8712
37,257,9509,294,87702069,0,1,-87702068,87702069,87702069,79602084,8922
37,257,9509,294,87702069,1,1,-87702068,87702069,87702069,79602084,8922
37,257,9509,294,87702069,2,3,-263106206,263106207,87702069,79602084,8922
37,257,9509,294,87702069,3,7,-613914482,613914483,87702069,79602084,8922
37,257,9509,294,87702069,5,21,-1841743448,1841743449,87702069,79602084,8922
37,257,9509,294,87702069,7,43,-3771188966,3771188967,87702069,79602084,8922
37,263,9731,300,91853031,0,1,-91853030,91853031,91853031,83393424,9132
37,263,9731,300,91853031,1,1,-91853030,91853031,91853031,83393424,9132
37,263,9731,300,91853031,2,3,-275559092,275559093,91853031,83393424,9132
37,263,9731,300,91853031,3,7,-642971216,642971217,91853031,83393424,9132
37,263,9731,300,91853031,5,21,-1928913650,1928913651,91853031,83393424,9132
37,263,9731,300,91853031,7,43,-3949680332,3949680333,91853031,83393424,9132
37,269,9953,306,96099969,0,1,-96099968,96099969,96099969,87272964,9342
37,269,9953,306,96099969,1,1,-96099968,96099969,96099969,87272964,9342
37,269,9953,306,96099969,2,3,-288299906,288299907,96099969,87272964,9342
37,269,9953,306,96099969,3,7,-672699782,672699783,96099969,87272964,9342
37,269,9953,306,96099969,5,21,-2018099348,2018099349,96099969,87272964,9342
37,269,9953,306,96099969,7,43,-4132298666,4132298667,96099969,87272964,9342
37,271,10027,308,97536943,0,1,-97536942,97536943,97536943,88585744,9412
37,271,10027,308,97536943,1,1,-97536942,97536943,97536943,88585744,9412
37,271,10027,308,97536943,2,3,-292610828,292610829,97536943,88585744,9412
37,271,10027,308,97536943,3,7,-682758600,682758601,97536943,88585744,9412
37,271,10027,308,97536943,5,21,-2048275802,2048275803,97536943,88585744,9412
37,271,10027,308,97536943,7,43,-4194088548,4194088549,97536943,88585744,9412
37,277,10249,314,101911849,0,1,-101911848,101911849,101911849,92582884,9622
37,277,10249,314,101911849,1,1,-101911848,101911849,101911849,92582884,9622
37,277,10249,314,101911849,2,3,-305735546,305735547,101911849,92582884,9622
37,277,10249,314,101911849,3,7,-713382942,713382943,101911849,92582884,9622
37,277,10249,314,101911849,5,21,-2140148828,2140148829,101911849,92582884,9622
37,277,10249,314,101911849,7,43,-4382209506,4382209507,101911849,92582884,9622
37,281,10397,318,104881773,0,1,-104881772,104881773,104881773,95296644,9762
37,281,10397,318,104881773,1,1,-104881772,104881773,104881773,95296644,9762
37,281,10397,318,104881773,2,3,-314645318,314645319,104881773,95296644,9762
37,281,10397,318,104881773,3,7,-734172410,734172411,104881773,95296644,9762
37,281,10397,318,104881773,5,21,-2202517232,2202517233,104881773,95296644,9762
37,281,10397,318,104881773,7,43,-4509916238,4509916239,104881773,95296644,9762
37,283,10471,320,106382731,0,1,-106382730,106382731,106382731,96668224,9832
37,283,10471,320,106382731,1,1,-106382730,106382731,106382731,96668224,9832
37,283,10471,320,106382731,2,3,-319148192,319148193,106382731,96668224,9832
37,283,10471,320,106382731,3,7,-744679116,744679117,106382731,96668224,9832
37,283,10471,320,106382731,5,21,-2234037350,2234037351,106382731,96668224,9832
37,283,10471,320,106382731,7,43,-4574457432,4574457433,106382731,96668224,9832
37,293,10841,330,114047481,0,1,-114047480,114047481,114047481,103673124,10182
37,293,10841,330,114047481,1,1,-114047480,114047481,114047481,103673124,10182
37,293,10841,330,114047481,2,3,-342142442,342142443,114047481,103673124,10182
37,293,10841,330,114047481,3,7,-798332366,798332367,114047481,103673124,10182
37,293,10841,330,114047481,5,21,-2394997100,2394997101,114047481,103673124,10182
37,293,10841,330,114047481,7,43,-4904041682,4904041683,114047481,103673124,10182
41,43,1763,84,2965287,0,1,-2965286,2965287,2965287,2547216,1596
41,43,1763,84,2965287,1,1,-2965286,2965287,2965287,2547216,1596
41,43,1763,84,2965287,2,3,-8895860,8895861,2965287,2547216,1596
41,43,1763,84,2965287,3,7,-20757008,20757009,2965287,2547216,1596
41,43,1763,84,2965287,5,21,-62271026,62271027,2965287,2547216,1596
41,43,1763,84,2965287,7,43,-127507340,127507341,2965287,2547216,1596
41,47,1927,88,3549483,0,1,-3549482,3549483,3549483,3069504,1752
41,47,1927,88,3549483,1,1,-3549482,3549483,3549483,3069504,1752
41,47,1927,88,3549483,2,3,-10648448,10648449,3549483,3069504,1752
41,47,1927,88,3549483,3,7,-24846380,24846381,3549483,3069504,1752
41,47,1927,88,3549483,5,21,-74539142,74539143,3549483,3069504,1752
41,47,1927,88,3549483,7,43,-152627768,152627769,3549483,3069504,1752
41,53,2173,94,4524237,0,1,-4524236,4524237,4524237,3944196,1986
41,53,2173,94,4524237,1,1,-4524236,4524237,4524237,3944196,1986
41,53,2173,94,4524237,2,3,-13572710,13572711,4524237,3944196,1986
41,53,2173,94,4524237,3,7,-31669658,31669659,4524237,3944196,1986
41,53,2173,94,4524237,5,21,-95008976,95008977,4524237,3944196,1986
41,53,2173,94,4524237,7,43,-194542190,194542191,4524237,3944196,1986
41,59,2419,100,5617143,0,1,-5617142,5617143,5617143,4928400,2220
41,59,2419,100,5617143,1,1,-5617142,5617143,5617143,4928400,2220
41,59,2419,100,5617143,2,3,-16851428,16851429,5617143,4928400,2220
41,59,2419,100,5617143,3,7,-39320000,39320001,5617143,4928400,2220
41,59,2419,100,5617143,5,21,-117960002,117960003,5617143,4928400,2220
41,59,2419,100,5617143,7,43,-241537148,241537149,5617143,4928400,2220
41,61,2501,102,6007701,0,1,-6007700,6007701,6007701,5280804,2298
41,61,2501,102,6007701,1,1,-6007700,6007701,6007701,5280804,2298
41,61,2501,102,6007701,2,3,-18023102,18023103,6007701,5280804,2298
41,61,2501,102,6007701,3,7,-42053906,42053907,6007701,5280804,2298
41,61,2501,102,6007701,5,21,-126161720,126161721,6007701,5280804,2298
41,61,2501,102,6007701,7,43,-258331142,258331143,6007701,5280804,2298
41,67,2747,108,7258143,0,1,-7258142,7258143,7258143,6411024,2532
41,67,2747,108,7258143,1,1,-7258142,7258143,7258143,6411024,2532
41,67,2747,108,7258143,2,3,-21774428,21774429,7258143,6411024,2532
41,67,2747,108,7258143,3,7,-50807000,50807001,7258143,6411024,2532
41,67,2747,108,7258143,5,21,-152421002,152421003,7258143,6411024,2532
41,67,2747,108,7258143,7,43,-312100148,312100149,7258143,6411024,2532
41,71,2911,112,8157411,0,1,-8157410,8157411,8157411,7225344,2688
41,71,2911,112,8157411,1,1,-8157410,8157411,8157411,7225344,2688
41,71,2911,112,8157411,2,3,-24472232,24472233,8157411,7225344,2688
41,71,2911,112,8157411,3,7,-57101876,57101877,8157411,7225344,2688
41,71,2911,112,8157411,5,21,-171305630,171305631,8157411,7225344,2688
41,71,2911,112,8157411,7,43,-350768672,350768673,8157411,7225344,2688
41,73,2993,114,8626737,0,1,-8626736,8626737,8626737,7650756,2766
41,73,2993,114,8626737,1,1,-8626736,8626737,8626737,7650756,2766
41,73,2993,114,8626737,2,3,-25880210,25880211,8626737,7650756,2766
41,73,2993,114,8626737,3,7,-60387158,60387159,8626737,7650756,2766
41,73,2993,114,8626737,5,21,-181161476,181161477,8626737,7650756,2766
41,73,2993,114,8626737,7,43,-370949690,370949691,8626737,7650756,2766
41,79,3239,120,10113483,0,1,-10113482,10113483,10113483,9000000,3000
41,79,3239,120,10113483,1,1,-10113482,10113483,10113483,9000000,3000
41,79,3239,120,10113483,2,3,-30340448,30340449,10113483,9000000,3000
41,79,3239,120,10113483,3,7,-70794380,70794381,10113483,9000000,3000
41,79,3239,120,10113483,5,21,-212383142,212383143,10113483,9000000,3000
41,79,3239,120,10113483,7,43,-434879768,434879769,10113483,9000000,3000
41,83,3403,124,11170287,0,1,-11170286,11170287,11170287,9960336,3156
41,83,3403,124,11170287,1,1,-11170286,11170287,11170287,9960336,3156
41,83,3403,124,11170287,2,3,-33510860,33510861,11170287,9960336,3156
41,83,3403,124,11170287,3,7,-78192008,78192009,11170287,9960336,3156
41,83,3403,124,11170287,5,21,-234576026,234576027,11170287,9960336,3156
41,83,3403,124,11170287,7,43,-480322340,480322341,11170287,9960336,3156
41,89,3649,130,12853953,0,1,-12853952,12853953,12853953,11492100,3390
41,89,3649,130,12853953,1,1,-12853952,12853953,12853953,11492100,3390
41,89,3649,130,12853953,2,3,-38561858,38561859,12853953,11492100,3390
41,89,3649,130,12853953,3,7,-89977670,89977671,12853953,11492100,3390
41,89,3649,130,12853953,5,21,-269933012,269933013,12853953,11492100,3390
41,89,3649,130,12853953,7,43,-552719978,552719979,12853953,11492100,3390
41,97,3977,138,15282633,0,1,-15282632,15282633,15282633,13704804,3702
41,97,3977,138,15282633,1,1,-15282632,15282633,15282633,13704804,3702
41,97,3977,138,15282633,2,3,-45847898,45847899,15282633,13704804,3702
41,97,3977,138,15282633,3,7,-106978430,106978431,15282633,13704804,3702
41,97,3977,138,15282633,5,21,-320935292,320935293,15282633,13704804,3702
41,97,3977,138,15282633,7,43,-657153218,657153219,15282633,13704804,3702
41,101,4141,142,16575741,0,1,-16575740,16575741,16575741,14884164,3858
41,101,4141,142,16575741,1,1,-16575740,16575741,16575741,14884164,3858
41,101,4141,142,16575741,2,3,-49727222,49727223,16575741,14884164,3858
41,101,4141,142,16575741,3,7,-116030186,116030187,16575741,14884164,3858
41,101,4141,142,16575741,5,21,-348090560,348090561,16575741,14884164,3858
41,101,4141,142,16575741,7,43,-712756862,712756863,16575741,14884164,3858
41,103,4223,144,17241987,0,1,-17241986,17241987,17241987,15492096,3936
41,103,4223,144,17241987,1,1,-17241986,17241987,17241987,15492096,3936
41,103,4223,144,17241987,2,3,-51725960,51725961,17241987,15492096,3936
41,103,4223,144,17241987,3,7,-120693908,120693909,17241987,15492096,3936
41,103,4223,144,17241987,5,21,-362081726,362081727,17241987,15492096,3936
41,103,4223,144,17241987,7,43,-741405440,741405441,17241987,15492096,3936
41,107,4387,148,18613863,0,1,-18613862,18613863,18613863,16744464,4092
41,107,4387,148,18613863,1,1,-18613862,18613863,18613863,16744464,4092
41,107,4387,148,18613863,2,3,-55841588,55841589,18613863,16744464,4092
41,107,4387,148,18613863,3,7,-130297040,130297041,18613863,16744464,4092
41,107,4387,148,18613863,5,21,-390891122,390891123,18613863,16744464,4092
41,107,4387,148,18613863,7,43,-800396108,800396109,18613863,16744464,4092
41,109,4469,150,19319493,0,1,-19319492,19319493,19319493,17388900,4170
41,109,4469,150,19319493,1,1,-19319492,19319493,19319493,17388900,4170
41,109,4469,150,19319493,2,3,-57958478,57958479,19319493,17388900,4170
41,109,4469,150,19319493,3,7,-135236450,135236451,19319493,17388900,4170
41,109,4469,150,19319493,5,21,-405709352,405709353,19319493,17388900,4170
41,109,4469,150,19319493,7,43,-830738198,830738199,19319493,17388900,4170
41,113,4633,154,20770137,0,1,-20770136,20770137,20770137,18714276,4326
41,113,4633,154,20770137,1,1,-20770136,20770137,20770137,18714276,4326
41,113,4633,154,20770137,2,3,-62310410,62310411,20770137,18714276,4326
41,113,4633,154,20770137,3,7,-145390958,145390959,20770137,18714276,4326
41,113,4633,154,20770137,5,21,-436172876,436172877,20770137,18714276,4326
41,113,4633,154,20770137,7,43,-893115890,893115891,20770137,18714276,4326
41,127,5207,168,26260923,0,1,-26260922,26260923,26260923,23736384,4872
41,127,5207,168,26260923,1,1,-26260922,26260923,26260923,23736384,4872
41,127,5207,168,26260923,2,3,-78782768,78782769,26260923,23736384,4872
41,127,5207,168,26260923,3,7,-183826460,183826461,26260923,23736384,4872
41,127,5207,168,26260923,5,21,-551479382,551479383,26260923,23736384,4872
41,127,5207,168,26260923,7,43,-1129219688,1129219689,26260923,23736384,4872
41,131,5371,172,27947871,0,1,-27947870,27947871,27947871,25280784,5028
41,131,5371,172,27947871,1,1,-27947870,27947871,27947871,25280784,5028
41,131,5371,172,27947871,2,3,-83843612,83843613,27947871,25280784,5028
41,131,5371,172,27947871,3,7,-195635096,195635097,27947871,25280784,5028
41,131,5371,172,27947871,5,21,-586905290,586905291,27947871,25280784,5028
41,131,5371,172,27947871,7,43,-1201758452,1201758453,27947871,25280784,5028
41,137,5617,178,30576753,0,1,-30576752,30576753,30576753,27688644,5262
41,137,5617,178,30576753,1,1,-30576752,30576753,30576753,27688644,5262
41,137,5617,178,30576753,2,3,-91730258,91730259,30576753,27688644,5262
41,137,5617,178,30576753,3,7,-214037270,214037271,30576753,27688644,5262
41,137,5617,178,30576753,5,21,-642111812,642111813,30576753,27688644,5262
41,137,5617,178,30576753,7,43,-1314800378,1314800379,30576753,27688644,5262
41,139,5699,180,31479303,0,1,-31479302,31479303,31479303,28515600,5340
41,139,5699,180,31479303,1,1,-31479302,31479303,31479303,28515600,5340
41,139,5699,180,31479303,2,3,-94437908,94437909,31479303,28515600,5340
41,139,5699,180,31479303,3,7,-220355120,220355121,31479303,28515600,5340
41,139,5699,180,31479303,5,21,-661065362,661065363,31479303,28515600,5340
41,139,5699,180,31479303,7,43,-1353610028,1353610029,31479303,28515600,5340
41,149,6109,190,36188973,0,1,-36188972,36188973,36188973,32832900,5730
41,149,6109,190,36188973,1,1,-36188972,36188973,36188973,32832900,5730
41,149,6109,190,36188973,2,3,-108566918,108566919,36188973,32832900,5730
41,149,6109,190,36188973,3,7,-253322810,253322811,36188973,32832900,5730
41,149,6109,190,36188973,5,21,-759968432,759968433,36188973,32832900,5730
41,149,6109,190,36188973,7,43,-1556125838,1556125839,36188973,32832900,5730
41,151,6191,192,37170291,0,1,-37170290,37170291,37170291,33732864,5808
41,151,6191,192,37170291,1,1,-37170290,37170291,37170291,33732864,5808
41,151,6191,192,37170291,2,3,-111510872,111510873,37170291,33732864,5808
41,151,6191,192,37170291,3,7,-260192036,260192037,37170291,33732864,5808
41,151,6191,192,37170291,5,21,-780576110,780576111,37170291,33732864,5808
41,151,6191,192,37170291,7,43,-1598322512,1598322513,37170291,33732864,5808
41,157,6437,198,40193013,0,1,-40193012,40193013,40193013,36505764,6042
41,157,6437,198,40193013,1,1,-40193012,40193013,40193013,36505764,6042
41,157,6437,198,40193013,2,3,-120579038,120579039,40193013,36505764,6042
41,157,6437,198,40193013,3,7,-281351090,281351091,40193013,36505764,6042
41,157,6437,198,40193013,5,21,-844053272,844053273,40193013,36505764,6042
41,157,6437,198,40193013,7,43,-1728299558,1728299559,40193013,36505764,6042
41,163,6683,204,43333887,0,1,-43333886,43333887,43333887,39388176,6276
41,163,6683,204,43333887,1,1,-43333886,43333887,43333887,39388176,6276
41,163,6683,204,43333887,2,3,-130001660,130001661,43333887,39388176,6276
41,163,6683,204,43333887,3,7,-303337208,303337209,43333887,39388176,6276
41,163,6683,204,43333887,5,21,-910011626,910011627,43333887,39388176,6276
41,163,6683,204,43333887,7,43,-1863357140,1863357141,43333887,39388176,6276
41,167,6847,208,45493443,0,1,-45493442,45493443,45493443,41370624,6432
41,167,6847,208,45493443,1,1,-45493442,45493443,45493443,41370624,6432
41,167,6847,208,45493443,2,3,-136480328,136480329,45493443,41370624,6432
41,167,6847,208,45493443,3,7,-318454100,318454101,45493443,41370624,6432
41,167,6847,208,45493443,5,21,-955362302,955362303,45493443,41370624,6432
41,167,6847,208,45493443,7,43,-1956218048,1956218049,45493443,41370624,6432
41,173,7093,214,48831237,0,1,-48831236,48831237,48831237,44435556,6666
41,173,7093,214,48831237,1,1,-48831236,48831237,48831237,44435556,6666
41,173,7093,214,48831237,2,3,-146493710,146493711,48831237,44435556,6666
41,173,7093,214,48831237,3,7,-341818658,341818659,48831237,44435556,6666
41,173,7093,214,48831237,5,21,-1025455976,1025455977,48831237,44435556,6666
41,173,7093,214,48831237,7,43,-2099743190,2099743191,48831237,44435556,6666
41,179,7339,220,52287183,0,1,-52287182,52287183,52287183,47610000,6900
41,179,7339,220,52287183,1,1,-52287182,52287183,52287183,47610000,6900
41,179,7339,220,52287183,2,3,-156861548,156861549,52287183,47610000,6900
41,179,7339,220,52287183,3,7,-366010280,366010281,52287183,47610000,6900
41,179,7339,220,52287183,5,21,-1098030842,1098030843,52287183,47610000,6900
41,179,7339,220,52287183,7,43,-2248348868,2248348869,52287183,47610000,6900
41,181,7421,222,53465421,0,1,-53465420,53465421,53465421,48692484,6978
41,181,7421,222,53465421,1,1,-53465420,53465421,53465421,48692484,6978
41,181,7421,222,53465421,2,3,-160396262,160396263,53465421,48692484,6978
41,181,7421,222,53465421,3,7,-374257946,374257947,53465421,48692484,6978
41,181,7421,222,53465421,5,21,-1122773840,1122773841,53465421,48692484,6978
41,181,7421,222,53465421,7,43,-2299013102,2299013103,53465421,48692484,6978
41,191,7831,232,59553531,0,1,-59553530,59553531,59553531,54287424,7368
41,191,7831,232,59553531,1,1,-59553530,59553531,59553531,54287424,7368
41,191,7831,232,59553531,2,3,-178660592,178660593,59553531,54287424,7368
41,191,7831,232,59553531,3,7,-416874716,416874717,59553531,54287424,7368
41,191,7831,232,59553531,5,21,-1250624150,1250624151,59553531,54287424,7368
41,191,7831,232,59553531,7,43,-2560801832,2560801833,59553531,54287424,7368
41,193,7913,234,60810537,0,1,-60810536,60810537,60810537,55442916,7446
41,193,7913,234,60810537,1,1,-60810536,60810537,60810537,55442916,7446
41,193,7913,234,60810537,2,3,-182431610,182431611,60810537,55442916,7446
41,193,7913,234,60810537,3,7,-425673758,425673759,60810537,55442916,7446
41,193,7913,234,60810537,5,21,-1277021276,1277021277,60810537,55442916,7446
41,193,7913,234,60810537,7,43,-2614853090,2614853091,60810537,55442916,7446
41,197,8077,238,63363933,0,1,-63363932,63363933,63363933,57790404,7602
41,197,8077,238,63363933,1,1,-63363932,63363933,63363933,57790404,7602
41,197,8077,238,63363933,2,3,-190091798,190091799,63363933,57790404,7602
41,197,8077,238,63363933,3,7,-443547530,443547531,63363933,57790404,7602
41,197,8077,238,63363933,5,21,-1330642592,1330642593,63363933,57790404,7602
41,197,8077,238,63363933,7,43,-2724649118,2724649119,63363933,57790404,7602
41,199,8159,240,64660323,0,1,-64660322,64660323,64660323,58982400,7680
41,199,8159,240,64660323,1,1,-64660322,64660323,64660323,58982400,7680
41,199,8159,240,64660323,2,3,-193980968,193980969,64660323,58982400,7680
41,199,8159,240,64660323,3,7,-452622260,452622261,64660323,58982400,7680
41,199,8159,240,64660323,5,21,-1357866782,1357866783,64660323,58982400,7680
41,199,8159,240,64660323,7,43,-2780393888,2780393889,64660323,58982400,7680
41,211,8651,252,72714351,0,1,-72714350,72714351,72714351,66389904,8148
41,211,8651,252,72714351,1,1,-72714350,72714351,72714351,66389904,8148
41,211,8651,252,72714351,2,3,-218143052,218143053,72714351,66389904,8148
41,211,8651,252,72714351,3,7,-509000456,509000457,72714351,66389904,8148
41,211,8651,252,72714351,5,21,-1527001370,1527001371,72714351,66389904,8148
41,211,8651,252,72714351,7,43,-3126717092,3126717093,72714351,66389904,8148
41,223,9143,264,81240987,0,1,-81240986,81240987,81240987,74235456,8616
41,223,9143,264,81240987,1,1,-81240986,81240987,81240987,74235456,8616
41,223,9143,264,81240987,2,3,-243722960,243722961,81240987,74235456,8616
41,223,9143,264,81240987,3,7,-568686908,568686909,81240987,74235456,8616
41,223,9143,264,81240987,5,21,-1706060726,1706060727,81240987,74235456,8616
41,223,9143,264,81240987,7,43,-3493362440,3493362441,81240987,74235456,8616
41,227,9307,268,84188223,0,1,-84188222,84188223,84188223,76947984,8772
41,227,9307,268,84188223,1,1,-84188222,84188223,84188223,76947984,8772
41,227,9307,268,84188223,2,3,-252564668,252564669,84188223,76947984,8772
41,227,9307,268,84188223,3,7,-589317560,589317561,84188223,76947984,8772
41,227,9307,268,84188223,5,21,-1767952682,1767952683,84188223,76947984,8772
41,227,9307,268,84188223,7,43,-3620093588,3620093589,84188223,76947984,8772
41,229,9389,270,85681533,0,1,-85681532,85681533,85681533,78322500,8850
41,229,9389,270,85681533,1,1,-85681532,85681533,85681533,78322500,8850
41,229,9389,270,85681533,2,3,-257044598,257044599,85681533,78322500,8850
41,229,9389,270,85681533,3,7,-599770730,599770731,85681533,78322500,8850
41,229,9389,270,85681533,5,21,-1799312192,1799312193,85681533,78322500,8850
41,229,9389,270,85681533,7,43,-3684305918,3684305919,85681533,78322500,8850
41,233,9553,274,88707537,0,1,-88707536,88707537,88707537,81108036,9006
41,233,9553,274,88707537,1,1,-88707536,88707537,88707537,81108036,9006
41,233,9553,274,88707537,2,3,-266122610,266122611,88707537,81108036,9006
41,233,9553,274,88707537,3,7,-620952758,620952759,88707537,81108036,9006
41,233,9553,274,88707537,5,21,-1862858276,1862858277,88707537,81108036,9006
41,233,9553,274,88707537,7,43,-3814424090,3814424091,88707537,81108036,9006
41,239,9799,280,93345003,0,1,-93345002,93345003,93345003,85377600,9240
41,239,9799,280,93345003,1,1,-93345002,93345003,93345003,85377600,9240
41,239,9799,280,93345003,2,3,-280035008,280035009,93345003,85377600,9240
41,239,9799,280,93345003,3,7,-653415020,653415021,93345003,85377600,9240
41,239,9799,280,93345003,5,21,-1960245062,1960245063,93345003,85377600,9240
41,239,9799,280,93345003,7,43,-4013835128,4013835129,93345003,85377600,9240
41,241,9881,282,94917081,0,1,-94917080,94917081,94917081,86825124,9318
41,241,9881,282,94917081,1,1,-94917080,94917081,94917081,86825124,9318
41,241,9881,282,94917081,2,3,-284751242,284751243,94917081,86825124,9318
41,241,9881,282,94917081,3,7,-664419566,664419567,94917081,86825124,9318
41,241,9881,282,94917081,5,21,-1993258700,1993258701,94917081,86825124,9318
41,241,9881,282,94917081,7,43,-4081434482,4081434483,94917081,86825124,9318
41,251,10291,292,102974391,0,1,-102974390,102974391,102974391,94245264,9708
41,251,10291,292,102974391,1,1,-102974390,102974391,102974391,94245264,9708
41,251,10291,292,102974391,2,3,-308923172,308923173,102974391,94245264,9708
41,251,10291,292,102974391,3,7,-720820736,720820737,102974391,94245264,9708
41,251,10291,292,102974391,5,21,-2162462210,2162462211,102974391,94245264,9708
41,251,10291,292,102974391,7,43,-4427898812,4427898813,102974391,94245264,9708
41,257,10537,298,107966313,0,1,-107966312,107966313,107966313,98843364,9942
41,257,10537,298,107966313,1,1,-107966312,107966313,107966313,98843364,9942
41,257,10537,298,107966313,2,3,-323898938,323898939,107966313,98843364,9942
41,257,10537,298,107966313,3,7,-755764190,755764191,107966313,98843364,9942
41,257,10537,298,107966313,5,21,-2267292572,2267292573,107966313,98843364,9942
41,257,10537,298,107966313,7,43,-4642551458,4642551459,107966313,98843364,9942
41,263,10783,304,113076387,0,1,-113076386,113076387,113076387,103550976,10176
41,263,10783,304,113076387,1,1,-113076386,113076387,113076387,103550976,10176
41,263,10783,304,113076387,2,3,-339229160,339229161,113076387,103550976,10176
41,263,10783,304,113076387,3,7,-791534708,791534709,113076387,103550976,10176
41,263,10783,304,113076387,5,21,-2374604126,2374604127,113076387,103550976,10176
41,263,10783,304,113076387,7,43,-4862284640,4862284641,113076387,103550976,10176
41,269,11029,310,118304613,0,1,-118304612,118304613,118304613,108368100,10410
41,269,11029,310,118304613,1,1,-118304612,118304613,118304613,108368100,10410
41,269,11029,310,118304613,2,3,-354913838,354913839,118304613,108368100,10410
41,269,11029,310,118304613,3,7,-828132290,828132291,118304613,108368100,10410
41,269,11029,310,118304613,5,21,-2484396872,2484396873,118304613,108368100,10410
41,269,11029,310,118304613,7,43,-5087098358,5087098359,118304613,108368100,10410
41,271,11111,312,120073611,0,1,-120073610,120073611,120073611,109998144,10488
41,271,11111,312,120073611,1,1,-120073610,120073611,120073611,109998144,10488
41,271,11111,312,120073611,2,3,-360220832,360220833,120073611,109998144,10488
41,271,11111,312,120073611,3,7,-840515276,840515277,120073611,109998144,10488
41,271,11111,312,120073611,5,21,-2521545830,2521545831,120073611,109998144,10488
41,271,11111,312,120073611,7,43,-5163165272,5163165273,120073611,109998144,10488
41,277,11357,318,125459373,0,1,-125459372,125459373,125459373,114961284,10722
41,277,11357,318,125459373,1,1,-125459372,125459373,125459373,114961284,10722
41,277,11357,318,125459373,2,3,-376378118,376378119,125459373,114961284,10722
41,277,11357,318,125459373,3,7,-878215610,878215611,125459373,114961284,10722
41,277,11357,318,125459373,5,21,-2634646832,2634646833,125459373,114961284,10722
41,277,11357,318,125459373,7,43,-5394753038,5394753039,125459373,114961284,10722
41,281,11521,322,129115521,0,1,-129115520,129115521,129115521,118330884,10878
41,281,11521,322,129115521,1,1,-129115520,129115521,129115521,118330884,10878
41,281,11521,322,129115521,2,3,-387346562,387346563,129115521,118330884,10878
41,281,11521,322,129115521,3,7,-903808646,903808647,129115521,118330884,10878
41,281,11521,322,129115521,5,21,-2711425940,2711425941,129115521,118330884,10878
41,281,11521,322,129115521,7,43,-5551967402,5551967403,129115521,118330884,10878
41,283,11603,324,130963287,0,1,-130963286,130963287,130963287,120033936,10956
41,283,11603,324,130963287,1,1,-130963286,130963287,130963287,120033936,10956
41,283,11603,324,130963287,2,3,-392889860,392889861,130963287,120033936,10956
41,283,11603,324,130963287,3,7,-916743008,916743009,130963287,120033936,10956
41,283,11603,324,130963287,5,21,-2750229026,2750229027,130963287,120033936,10956
41,283,11603,324,130963287,7,43,-5631421340,5631421341,130963287,120033936,10956
41,293,12013,334,140399037,0,1,-140399036,140399037,140399037,128731716,11346
41,293,12013,334,140399037,1,1,-140399036,140399037,140399037,128731716,11346
41,293,12013,334,140399037,2,3,-421197110,421197111,140399037,128731716,11346
41,293,12013,334,140399037,3,7,-982793258,982793259,140399037,128731716,11346
41,293,12013,334,140399037,5,21,-2948379776,2948379777,140399037,128731716,11346
41,293,12013,334,140399037,7,43,-6037158590,6037158591,140399037,128731716,11346
43,47,2021,90,3908541,0,1,-3908540,3908541,3908541,3392964,1842
43,47,2021,90,3908541,1,1,-3908540,3908541,3908541,3392964,1842
43,47,2021,90,3908541,2,3,-11725622,11725623,3908541,3392964,1842
43,47,2021,90,3908541,3,7,-27359786,27359787,3908541,3392964,1842
43,47,2021,90,3908541,5,21,-82079360,82079361,3908541,3392964,1842
43,47,2021,90,3908541,7,43,-168067262,168067263,3908541,3392964,1842
43,53,2279,96,4981899,0,1,-4981898,4981899,4981899,4359744,2088
43,53,2279,96,4981899,1,1,-4981898,4981899,4981899,4359744,2088
43,53,2279,96,4981899,2,3,-14945696,14945697,4981899,4359744,2088
43,53,2279,96,4981899,3,7,-34873292,34873293,4981899,4359744,2088
43,53,2279,96,4981899,5,21,-104619878,104619879,4981899,4359744,2088
43,53,2279,96,4981899,7,43,-214221656,214221657,4981899,4359744,2088
43,59,2537,102,6185361,0,1,-6185360,6185361,6185361,5447556,2334
43,59,2537,102,6185361,1,1,-6185360,6185361,6185361,5447556,2334
43,59,2537,102,6185361,2,3,-18556082,18556083,6185361,5447556,2334
43,59,2537,102,6185361,3,7,-43297526,43297527,6185361,5447556,2334
43,59,2537,102,6185361,5,21,-129892580,129892581,6185361,5447556,2334
43,59,2537,102,6185361,7,43,-265970522,265970523,6185361,5447556,2334
43,61,2623,104,6615427,0,1,-6615426,6615427,6615427,5837056,2416
43,61,2623,104,6615427,1,1,-6615426,6615427,6615427,5837056,2416
43,61,2623,104,6615427,2,3,-19846280,19846281,6615427,5837056,2416
43,61,2623,104,6615427,3,7,-46307988,46307989,6615427,5837056,2416
43,61,2623,104,6615427,5,21,-138923966,138923967,6615427,5837056,2416
43,61,2623,104,6615427,7,43,-284463360,284463361,6615427,5837056,2416
43,67,2881,110,7992361,0,1,-7992360,7992361,7992361,7086244,2662
43,67,2881,110,7992361,1,1,-7992360,7992361,7992361,7086244,2662
43,67,2881,110,7992361,2,3,-23977082,23977083,7992361,7086244,2662
43,67,2881,110,7992361,3,7,-55946526,55946527,7992361,7086244,2662
43,67,2881,110,7992361,5,21,-167839580,167839581,7992361,7086244,2662
43,67,2881,110,7992361,7,43,-343671522,343671523,7992361,7086244,2662
43,71,3053,114,8982597,0,1,-8982596,8982597,8982597,7986276,2826
43,71,3053,114,8982597,1,1,-8982596,8982597,8982597,7986276,2826
43,71,3053,114,8982597,2,3,-26947790,26947791,8982597,7986276,2826
43,71,3053,114,8982597,3,7,-62878178,62878179,8982597,7986276,2826
43,71,3053,114,8982597,5,21,-188634536,188634537,8982597,7986276,2826
43,71,3053,114,8982597,7,43,-386251670,386251671,8982597,7986276,2826
43,73,3139,116,9499399,0,1,-9499398,9499399,9499399,8456464,2908
43,73,3139,116,9499399,1,1,-9499398,9499399,9499399,8456464,2908
43,73,3139,116,9499399,2,3,-28498196,28498197,9499399,8456464,2908
43,73,3139,116,9499399,3,7,-66495792,66495793,9499399,8456464,2908
43,73,3139,116,9499399,5,21,-199487378,199487379,9499399,8456464,2908
43,73,3139,116,9499399,7,43,-408474156,408474157,9499399,8456464,2908
43,79,3397,122,11136541,0,1,-11136540,11136541,11136541,9947716,3154
43,79,3397,122,11136541,1,1,-11136540,11136541,11136541,9947716,3154
43,79,3397,122,11136541,2,3,-33409622,33409623,11136541,9947716,3154
43,79,3397,122,11136541,3,7,-77955786,77955787,11136541,9947716,3154
43,79,3397,122,11136541,5,21,-233867360,233867361,11136541,9947716,3154
43,79,3397,122,11136541,7,43,-478871262,478871263,11136541,9947716,3154
43,83,3569,126,12300249,0,1,-12300248,12300249,12300249,11009124,3318
43,83,3569,126,12300249,1,1,-12300248,12300249,12300249,11009124,3318
43,83,3569,126,12300249,2,3,-36900746,36900747,12300249,11009124,3318
43,83,3569,126,12300249,3,7,-86101742,86101743,12300249,11009124,3318
43,83,3569,126,12300249,5,21,-258305228,258305229,12300249,11009124,3318
43,83,3569,126,12300249,7,43,-528910706,528910707,12300249,11009124,3318
43,89,3827,132,14154231,0,1,-14154230,14154231,14154231,12702096,3564
43,89,3827,132,14154231,1,1,-14154230,14154231,14154231,12702096,3564
43,89,3827,132,14154231,2,3,-42462692,42462693,14154231,12702096,3564
43,89,3827,132,14154231,3,7,-99079616,99079617,14154231,12702096,3564
43,89,3827,132,14154231,5,21,-297238850,297238851,14154231,12702096,3564
43,89,3827,132,14154231,7,43,-608631932,608631933,14154231,12702096,3564
43,97,4171,140,16828591,0,1,-16828590,16828591,16828591,15147664,3892
43,97,4171,140,16828591,1,1,-16828590,16828591,16828591,15147664,3892
43,97,4171,140,16828591,2,3,-50485772,50485773,16828591,15147664,3892
43,97,4171,140,16828591,3,7,-117800136,117800137,16828591,15147664,3892
43,97,4171,140,16828591,5,21,-353400410,353400411,16828591,15147664,3892
43,97,4171,140,16828591,7,43,-723629412,723629413,16828591,15147664,3892
43,101,4343,144,18252507,0,1,-18252506,18252507,18252507,16451136,4056
43,101,4343,144,18252507,1,1,-18252506,18252507,18252507,16451136,4056
43,101,4343,144,18252507,2,3,-54757520,54757521,18252507,16451136,4056
43,101,4343,144,18252507,3,7,-127767548,127767549,18252507,16451136,4056
43,101,4343,144,18252507,5,21,-383302646,383302647,18252507,16451136,4056
43,101,4343,144,18252507,7,43,-784857800,784857801,18252507,16451136,4056
43,103,4429,146,18986149,0,1,-18986148,18986149,18986149,17123044,4138
43,103,4429,146,18986149,1,1,-18986148,18986149,18986149,17123044,4138
43,103,4429,146,18986149,2,3,-56958446,56958447,18986149,17123044,4138
43,103,4429,146,18986149,3,7,-132903042,132903043,18986149,17123044,4138
43,103,4429,146,18986149,5,21,-398709128,398709129,18986149,17123044,4138
43,103,4429,146,18986149,7,43,-816404406,816404407,18986149,17123044,4138
43,107,4601,150,20496801,0,1,-20496800,20496801,20496801,18507204,4302
43,107,4601,150,20496801,1,1,-20496800,20496801,20496801,18507204,4302
43,107,4601,150,20496801,2,3,-61490402,61490403,20496801,18507204,4302
43,107,4601,150,20496801,3,7,-143477606,143477607,20496801,18507204,4302
43,107,4601,150,20496801,5,21,-430432820,430432821,20496801,18507204,4302
43,107,4601,150,20496801,7,43,-881362442,881362443,20496801,18507204,4302
43,109,4687,152,21273811,0,1,-21273810,21273811,21273811,19219456,4384
43,109,4687,152,21273811,1,1,-21273810,21273811,21273811,19219456,4384
43,109,4687,152,21273811,2,3,-63821432,63821433,21273811,19219456,4384
43,109,4687,152,21273811,3,7,-148916676,148916677,21273811,19219456,4384
43,109,4687,152,21273811,5,21,-446750030,446750031,21273811,19219456,4384
43,109,4687,152,21273811,7,43,-914773872,914773873,21273811,19219456,4384
43,113,4859,156,22871199,0,1,-22871198,22871199,22871199,20684304,4548
43,113,4859,156,22871199,1,1,-22871198,22871199,22871199,20684304,4548
43,113,4859,156,22871199,2,3,-68613596,68613597,22871199,20684304,4548
43,113,4859,156,22871199,3,7,-160098392,160098393,22871199,20684304,4548
43,113,4859,156,22871199,5,21,-480295178,480295179,22871199,20684304,4548
43,113,4859,156,22871199,7,43,-983461556,983461557,22871199,20684304,4548
43,127,5461,170,28917421,0,1,-28917420,28917421,28917421,26234884,5122
43,127,5461,170,28917421,1,1,-28917420,28917421,28917421,26234884,5122
43,127,5461,170,28917421,2,3,-86752262,86752263,28917421,26234884,5122
43,127,5461,170,28917421,3,7,-202421946,202421947,28917421,26234884,5122
43,127,5461,170,28917421,5,21,-607265840,607265841,28917421,26234884,5122
43,127,5461,170,28917421,7,43,-1243449102,1243449103,28917421,26234884,5122
43,131,5633,174,30775017,0,1,-30775016,30775017,30775017,27941796,5286
43,131,5633,174,30775017,1,1,-30775016,30775017,30775017,27941796,5286
43,131,5633,174,30775017,2,3,-92325050,92325051,30775017,27941796,5286
43,131,5633,174,30775017,3,7,-215425118,215425119,30775017,27941796,5286
43,131,5633,174,30775017,5,21,-646275356,646275357,30775017,27941796,5286
43,131,5633,174,30775017,7,43,-1323325730,1323325731,30775017,27941796,5286
43,137,5891,180,33669831,0,1,-33669830,33669831,33669831,30603024,5532
43,137,5891,180,33669831,1,1,-33669830,33669831,33669831,30603024,5532
43,137,5891,180,33669831,2,3,-101009492,101009493,33669831,30603024,5532
43,137,5891,180,33669831,3,7,-235688816,235688817,33669831,30603024,5532
43,137,5891,180,33669831,5,21,-707066450,707066451,33669831,30603024,5532
43,137,5891,180,33669831,7,43,-1447802732,1447802733,33669831,30603024,5532
43,139,5977,182,34663681,0,1,-34663680,34663681,34663681,31516996,5614
43,139,5977,182,34663681,1,1,-34663680,34663681,34663681,31516996,5614
43,139,5977,182,34663681,2,3,-103991042,103991043,34663681,31516996,5614
43,139,5977,182,34663681,3,7,-242645766,242645767,34663681,31516996,5614
43,139,5977,182,34663681,5,21,-727937300,727937301,34663681,31516996,5614
43,139,5977,182,34663681,7,43,-1490538282,1490538283,34663681,31516996,5614
43,149,6407,192,39849771,0,1,-39849770,39849771,39849771,36288576,6024
43,149,6407,192,39849771,1,1,-39849770,39849771,39849771,36288576,6024
43,149,6407,192,39849771,2,3,-119549312,119549313,39849771,36288576,6024
43,149,6407,192,39849771,3,7,-278948396,278948397,39849771,36288576,6024
43,149,6407,192,39849771,5,21,-836845190,836845191,39849771,36288576,6024
43,149,6407,192,39849771,7,43,-1713540152,1713540153,39849771,36288576,6024
43,151,6493,194,40930357,0,1,-40930356,40930357,40930357,37283236,6106
43,151,6493,194,40930357,1,1,-40930356,40930357,40930357,37283236,6106
43,151,6493,194,40930357,2,3,-122791070,122791071,40930357,37283236,6106
43,151,6493,194,40930357,3,7,-286512498,286512499,40930357,37283236,6106
43,151,6493,194,40930357,5,21,-859537496,859537497,40930357,37283236,6106
43,151,6493,194,40930357,7,43,-1760005350,1760005351,40930357,37283236,6106
43,157,6751,200,44258851,0,1,-44258850,44258851,44258851,40347904,6352
43,157,6751,200,44258851,1,1,-44258850,44258851,44258851,40347904,6352
43,157,6751,200,44258851,2,3,-132776552,132776553,44258851,40347904,6352
43,157,6751,200,44258851,3,7,-309811956,309811957,44258851,40347904,6352
43,157,6751,200,44258851,5,21,-929435870,929435871,44258851,40347904,6352
43,157,6751,200,44258851,7,43,-1903130592,1903130593,44258851,40347904,6352
43,163,7009,206,47717449,0,1,-47717448,47717449,47717449,43533604,6598
43,163,7009,206,47717449,1,1,-47717448,47717449,47717449,43533604,6598
43,163,7009,206,47717449,2,3,-143152346,143152347,47717449,43533604,6598
43,163,7009,206,47717449,3,7,-334022142,334022143,47717449,43533604,6598
43,163,7009,206,47717449,5,21,-1002066428,1002066429,47717449,43533604,6598
43,163,7009,206,47717449,7,43,-2051850306,2051850307,47717449,43533604,6598
43,167,7181,210,50095461,0,1,-50095460,50095461,50095461,45724644,6762
43,167,7181,210,50095461,1,1,-50095460,50095461,50095461,45724644,6762
43,167,7181,210,50095461,2,3,-150286382,150286383,50095461,45724644,6762
43,167,7181,210,50095461,3,7,-350668226,350668227,50095461,45724644,6762
43,167,7181,210,50095461,5,21,-1052004680,1052004681,50095461,45724644,6762
43,167,7181,210,50095461,7,43,-2154104822,2154104823,50095461,45724644,6762
43,173,7439,216,53770899,0,1,-53770898,53770899,53770899,49112064,7008
43,173,7439,216,53770899,1,1,-53770898,53770899,53770899,49112064,7008
43,173,7439,216,53770899,2,3,-161312696,161312697,53770899,49112064,7008
43,173,7439,216,53770899,3,7,-376396292,376396293,53770899,49112064,7008
43,173,7439,216,53770899,5,21,-1129188878,1129188879,53770899,49112064,7008
43,173,7439,216,53770899,7,43,-2312148656,2312148657,53770899,49112064,7008
43,179,7697,222,57576441,0,1,-57576440,57576441,57576441,52620516,7254
43,179,7697,222,57576441,1,1,-57576440,57576441,57576441,52620516,7254
43,179,7697,222,57576441,2,3,-172729322,172729323,57576441,52620516,7254
43,179,7697,222,57576441,3,7,-403035086,403035087,57576441,52620516,7254
43,179,7697,222,57576441,5,21,-1209105260,1209105261,57576441,52620516,7254
43,179,7697,222,57576441,7,43,-2475786962,2475786963,57576441,52620516,7254
43,181,7783,224,58873867,0,1,-58873866,58873867,58873867,53816896,7336
43,181,7783,224,58873867,1,1,-58873866,58873867,58873867,53816896,7336
43,181,7783,224,58873867,2,3,-176621600,176621601,58873867,53816896,7336
43,181,7783,224,58873867,3,7,-412117068,412117069,58873867,53816896,7336
43,181,7783,224,58873867,5,21,-1236351206,1236351207,58873867,53816896,7336
43,181,7783,224,58873867,7,43,-2531576280,2531576281,58873867,53816896,7336
43,191,8213,234,65577837,0,1,-65577836,65577837,65577837,60000516,7746
43,191,8213,234,65577837,1,1,-65577836,65577837,65577837,60000516,7746
43,191,8213,234,65577837,2,3,-196733510,196733511,65577837,60000516,7746
43,191,8213,234,65577837,3,7,-459044858,459044859,65577837,60000516,7746
43,191,8213,234,65577837,5,21,-1377134576,1377134577,65577837,60000516,7746
43,191,8213,234,65577837,7,43,-2819846990,2819846991,65577837,60000516,7746
43,193,8299,236,66961999,0,1,-66961998,66961999,66961999,61277584,7828
43,193,8299,236,66961999,1,1,-66961998,66961999,66961999,61277584,7828
43,193,8299,236,66961999,2,3,-200885996,200885997,66961999,61277584,7828
43,193,8299,236,66961999,3,7,-468733992,468733993,66961999,61277584,7828
43,193,8299,236,66961999,5,21,-1406201978,1406201979,66961999,61277584,7828
43,193,8299,236,66961999,7,43,-2879365956,2879365957,66961999,61277584,7828
43,197,8471,240,69773691,0,1,-69773690,69773691,69773691,63872064,7992
43,197,8471,240,69773691,1,1,-69773690,69773691,69773691,63872064,7992
43,197,8471,240,69773691,2,3,-209321072,209321073,69773691,63872064,7992
43,197,8471,240,69773691,3,7,-488415836,488415837,69773691,63872064,7992
43,197,8471,240,69773691,5,21,-1465247510,1465247511,69773691,63872064,7992
43,197,8471,240,69773691,7,43,-3000268712,3000268713,69773691,63872064,7992
43,199,8557,242,71201221,0,1,-71201220,71201221,71201221,65189476,8074
43,199,8557,242,71201221,1,1,-71201220,71201221,71201221,65189476,8074
43,199,8557,242,71201221,2,3,-213603662,213603663,71201221,65189476,8074
43,199,8557,242,71201221,3,7,-498408546,498408547,71201221,65189476,8074
43,199,8557,242,71201221,5,21,-1495225640,1495225641,71201221,65189476,8074
43,199,8557,242,71201221,7,43,-3061652502,3061652503,71201221,65189476,8074
43,211,9073,254,80069977,0,1,-80069976,80069977,80069977,73376356,8566
43,211,9073,254,80069977,1,1,-80069976,80069977,80069977,73376356,8566
43,211,9073,254,80069977,2,3,-240209930,240209931,80069977,73376356,8566
43,211,9073,254,80069977,3,7,-560489838,560489839,80069977,73376356,8566
43,211,9073,254,80069977,5,21,-1681469516,1681469517,80069977,73376356,8566
43,211,9073,254,80069977,7,43,-3443009010,3443009011,80069977,73376356,8566
43,223,9589,266,89459149,0,1,-89459148,89459149,89459149,82047364,9058
43,223,9589,266,89459149,1,1,-89459148,89459149,89459149,82047364,9058
43,223,9589,266,89459149,2,3,-268377446,268377447,89459149,82047364,9058
43,223,9589,266,89459149,3,7,-626214042,626214043,89459149,82047364,9058
43,223,9589,266,89459149,5,21,-1878642128,1878642129,89459149,82047364,9058
43,223,9589,266,89459149,7,43,-3846743406,3846743407,89459149,82047364,9058
43,227,9761,270,92704521,0,1,-92704520,92704521,92704521,85045284,9222
43,227,9761,270,92704521,1,1,-92704520,92704521,92704521,85045284,9222
43,227,9761,270,92704521,2,3,-278113562,278113563,92704521,85045284,9222
43,227,9761,270,92704521,3,7,-648931646,648931647,92704521,85045284,9222
43,227,9761,270,92704521,5,21,-1946794940,1946794941,92704521,85045284,9222
43,227,9761,270,92704521,7,43,-3986294402,3986294403,92704521,85045284,9222
43,229,9847,272,94348891,0,1,-94348890,94348891,94348891,86564416,9304
43,229,9847,272,94348891,1,1,-94348890,94348891,94348891,86564416,9304
43,229,9847,272,94348891,2,3,-283046672,283046673,94348891,86564416,9304
43,229,9847,272,94348891,3,7,-660442236,660442237,94348891,86564416,9304
43,229,9847,272,94348891,5,21,-1981326710,1981326711,94348891,86564416,9304
43,229,9847,272,94348891,7,43,-4057002312,4057002313,94348891,86564416,9304
43,233,10019,276,97680999,0,1,-97680998,97680999,97680999,89643024,9468
43,233,10019,276,97680999,1,1,-97680998,97680999,97680999,89643024,9468
43,233,10019,276,97680999,2,3,-293042996,293042997,97680999,89643024,9468
43,233,10019,276,97680999,3,7,-683766992,683766993,97680999,89643024,9468
43,233,10019,276,97680999,5,21,-2051300978,2051300979,97680999,89643024,9468
43,233,10019,276,97680999,7,43,-4200282956,4200282957,97680999,89643024,9468
43,239,10277,282,102787581,0,1,-102787580,102787581,102787581,94361796,9714
43,239,10277,282,102787581,1,1,-102787580,102787581,102787581,94361796,9714
43,239,10277,282,102787581,2,3,-308362742,308362743,102787581,94361796,9714
43,239,10277,282,102787581,3,7,-719513066,719513067,102787581,94361796,9714
43,239,10277,282,102787581,5,21,-2158539200,2158539201,102787581,94361796,9714
43,239,10277,282,102787581,7,43,-4419865982,4419865983,102787581,94361796,9714
43,241,10363,284,104518687,0,1,-104518686,104518687,104518687,95961616,9796
43,241,10363,284,104518687,1,1,-104518686,104518687,104518687,95961616,9796
43,241,10363,284,104518687,2,3,-313556060,313556061,104518687,95961616,9796
43,241,10363,284,104518687,3,7,-731630808,731630809,104518687,95961616,9796
43,241,10363,284,104518687,5,21,-2194892426,2194892427,104518687,95961616,9796
43,241,10363,284,104518687,7,43,-4494303540,4494303541,104518687,95961616,9796
43,251,10793,294,113391057,0,1,-113391056,113391057,113391057,104162436,10206
43,251,10793,294,113391057,1,1,-113391056,113391057,113391057,104162436,10206
43,251,10793,294,113391057,2,3,-340173170,340173171,113391057,104162436,10206
43,251,10793,294,113391057,3,7,-793737398,793737399,113391057,104162436,10206
43,251,10793,294,113391057,5,21,-2381212196,2381212197,113391057,104162436,10206
43,251,10793,294,113391057,7,43,-4875815450,4875815451,113391057,104162436,10206
43,257,11051,300,118887951,0,1,-118887950,118887951,118887951,109244304,10452
43,257,11051,300,118887951,1,1,-118887950,118887951,118887951,109244304,10452
43,257,11051,300,118887951,2,3,-356663852,356663853,118887951,109244304,10452
43,257,11051,300,118887951,3,7,-832215656,832215657,118887951,109244304,10452
43,257,11051,300,118887951,5,21,-2496646970,2496646971,118887951,109244304,10452
43,257,11051,300,118887951,7,43,-5112181892,5112181893,118887951,109244304,10452
43,263,11309,306,124514949,0,1,-124514948,124514949,124514949,114447204,10698
43,263,11309,306,124514949,1,1,-124514948,124514949,124514949,114447204,10698
43,263,11309,306,124514949,2,3,-373544846,373544847,124514949,114447204,10698
43,263,11309,306,124514949,3,7,-871604642,871604643,124514949,114447204,10698
43,263,11309,306,124514949,5,21,-2614813928,2614813929,124514949,114447204,10698
43,263,11309,306,124514949,7,43,-5354142806,5354142807,124514949,114447204,10698
43,269,11567,312,130272051,0,1,-130272050,130272051,130272051,119771136,10944
43,269,11567,312,130272051,1,1,-130272050,130272051,130272051,119771136,10944
43,269,11567,312,130272051,2,3,-390816152,390816153,130272051,119771136,10944
43,269,11567,312,130272051,3,7,-911904356,911904357,130272051,119771136,10944
43,269,11567,312,130272051,5,21,-2735713070,2735713071,130272051,119771136,10944
43,269,11567,312,130272051,7,43,-5601698192,5601698193,130272051,119771136,10944
43,271,11653,314,132219997,0,1,-132219996,132219997,132219997,121572676,11026
43,271,11653,314,132219997,1,1,-132219996,132219997,132219997,121572676,11026
43,271,11653,314,132219997,2,3,-396659990,396659991,132219997,121572676,11026
43,271,11653,314,132219997,3,7,-925539978,925539979,132219997,121572676,11026
43,271,11653,314,132219997,5,21,-2776619936,2776619937,132219997,121572676,11026
43,271,11653,314,132219997,7,43,-5685459870,5685459871,132219997,121572676,11026
43,277,11911,320,138150571,0,1,-138150570,138150571,138150571,127057984,11272
43,277,11911,320,138150571,1,1,-138150570,138150571,138150571,127057984,11272
43,277,11911,320,138150571,2,3,-414451712,414451713,138150571,127057984,11272
43,277,11911,320,138150571,3,7,-967053996,967053997,138150571,127057984,11272
43,277,11911,320,138150571,5,21,-2901161990,2901161991,138150571,127057984,11272
43,277,11911,320,138150571,7,43,-5940474552,5940474553,138150571,127057984,11272
43,281,12083,324,142176567,0,1,-142176566,142176567,142176567,130782096,11436
43,281,12083,324,142176567,1,1,-142176566,142176567,142176567,130782096,11436
43,281,12083,324,142176567,2,3,-426529700,426529701,142176567,130782096,11436
43,281,12083,324,142176567,3,7,-995235968,995235969,142176567,130782096,11436
43,281,12083,324,142176567,5,21,-2985707906,2985707907,142176567,130782096,11436
43,281,12083,324,142176567,7,43,-6113592380,6113592381,142176567,130782096,11436
43,283,12169,326,144211249,0,1,-144211248,144211249,144211249,132664324,11518
43,283,12169,326,144211249,1,1,-144211248,144211249,144211249,132664324,11518
43,283,12169,326,144211249,2,3,-432633746,432633747,144211249,132664324,11518
43,283,12169,326,144211249,3,7,-1009478742,1009478743,144211249,132664324,11518
43,283,12169,326,144211249,5,21,-3028436228,3028436229,144211249,132664324,11518
43,283,12169,326,144211249,7,43,-6201083706,6201083707,144211249,132664324,11518
43,293,12599,336,154601499,0,1,-154601498,154601499,154601499,142277184,11928
43,293,12599,336,154601499,1,1,-154601498,154601499,154601499,142277184,11928
43,293,12599,336,154601499,2,3,-463804496,463804497,154601499,142277184,11928
43,293,12599,336,154601499,3,7,-1082210492,1082210493,154601499,142277184,11928
43,293,12599,336,154601499,5,21,-3246631478,3246631479,154601499,142277184,11928
43,293,12599,336,154601499,7,43,-6647864456,6647864457,154601499,142277184,11928
47,53,2491,100,5963391,0,1,-5963390,5963391,5963391,5253264,2292
47,53,2491,100,5963391,1,1,-5963390,5963391,5963391,5253264,2292
47,53,2491,100,5963391,2,3,-17890172,17890173,5963391,5253264,2292
47,53,2491,100,5963391,3,7,-41743736,41743737,5963391,5253264,2292
47,53,2491,100,5963391,5,21,-125231210,125231211,5963391,5253264,2292
47,53,2491,100,5963391,7,43,-256425812,256425813,5963391,5253264,2292
47,59,2773,106,7403949,0,1,-7403948,7403949,7403949,6563844,2562
47,59,2773,106,7403949,1,1,-7403948,7403949,7403949,6563844,2562
47,59,2773,106,7403949,2,3,-22211846,22211847,7403949,6563844,2562
47,59,2773,106,7403949,3,7,-51827642,51827643,7403949,6563844,2562
47,59,2773,106,7403949,5,21,-155482928,155482929,7403949,6563844,2562
47,59,2773,106,7403949,7,43,-318369806,318369807,7403949,6563844,2562
47,61,2867,108,7918743,0,1,-7918742,7918743,7918743,7033104,2652
47,61,2867,108,7918743,1,1,-7918742,7918743,7918743,7033104,2652
47,61,2867,108,7918743,2,3,-23756228,23756229,7918743,7033104,2652
47,61,2867,108,7918743,3,7,-55431200,55431201,7918743,7033104,2652
47,61,2867,108,7918743,5,21,-166293602,166293603,7918743,7033104,2652
47,61,2867,108,7918743,7,43,-340505948,340505949,7918743,7033104,2652
47,67,3149,114,9566949,0,1,-9566948,9566949,9566949,8538084,2922
47,67,3149,114,9566949,1,1,-9566948,9566949,9566949,8538084,2922
47,67,3149,114,9566949,2,3,-28700846,28700847,9566949,8538084,2922
47,67,3149,114,9566949,3,7,-66968642,66968643,9566949,8538084,2922
47,67,3149,114,9566949,5,21,-200905928,200905929,9566949,8538084,2922
47,67,3149,114,9566949,7,43,-411378806,411378807,9566949,8538084,2922
47,71,3337,118,10752273,0,1,-10752272,10752273,10752273,9622404,3102
47,71,3337,118,10752273,1,1,-10752272,10752273,10752273,9622404,3102
47,71,3337,118,10752273,2,3,-32256818,32256819,10752273,9622404,3102
47,71,3337,118,10752273,3,7,-75265910,75265911,10752273,9622404,3102
47,71,3337,118,10752273,5,21,-225797732,225797733,10752273,9622404,3102
47,71,3337,118,10752273,7,43,-462347738,462347739,10752273,9622404,3102
47,73,3431,120,11370891,0,1,-11370890,11370891,11370891,10188864,3192
47,73,3431,120,11370891,1,1,-11370890,11370891,11370891,10188864,3192
47,73,3431,120,11370891,2,3,-34112672,34112673,11370891,10188864,3192
47,73,3431,120,11370891,3,7,-79596236,79596237,11370891,10188864,3192
47,73,3431,120,11370891,5,21,-238788710,238788711,11370891,10188864,3192
47,73,3431,120,11370891,7,43,-488948312,488948313,11370891,10188864,3192
47,79,3713,126,13330569,0,1,-13330568,13330569,13330569,11985444,3462
47,79,3713,126,13330569,1,1,-13330568,13330569,13330569,11985444,3462
47,79,3713,126,13330569,2,3,-39991706,39991707,13330569,11985444,3462
47,79,3713,126,13330569,3,7,-93313982,93313983,13330569,11985444,3462
47,79,3713,126,13330569,5,21,-279941948,279941949,13330569,11985444,3462
47,79,3713,126,13330569,7,43,-573214466,573214467,13330569,11985444,3462
47,83,3901,130,14723541,0,1,-14723540,14723541,14723541,13264164,3642
47,83,3901,130,14723541,1,1,-14723540,14723541,14723541,13264164,3642
47,83,3901,130,14723541,2,3,-44170622,44170623,14723541,13264164,3642
47,83,3901,130,14723541,3,7,-103064786,103064787,14723541,13264164,3642
47,83,3901,130,14723541,5,21,-309194360,309194361,14723541,13264164,3642
47,83,3901,130,14723541,7,43,-633112262,633112263,14723541,13264164,3642
47,89,4183,136,16942779,0,1,-16942778,16942779,16942779,15303744,3912
47,89,4183,136,16942779,1,1,-16942778,16942779,16942779,15303744,3912
47,89,4183,136,16942779,2,3,-50828336,50828337,16942779,15303744,3912
47,89,4183,136,16942779,3,7,-118599452,118599453,16942779,15303744,3912
47,89,4183,136,16942779,5,21,-355798358,355798359,16942779,15303744,3912
47,89,4183,136,16942779,7,43,-728539496,728539497,16942779,15303744,3912
47,97,4559,144,20144019,0,1,-20144018,20144019,20144019,18249984,4272
47,97,4559,144,20144019,1,1,-20144018,20144019,20144019,18249984,4272
47,97,4559,144,20144019,2,3,-60432056,60432057,20144019,18249984,4272
47,97,4559,144,20144019,3,7,-141008132,141008133,20144019,18249984,4272
47,97,4559,144,20144019,5,21,-423024398,423024399,20144019,18249984,4272
47,97,4559,144,20144019,7,43,-866192816,866192817,20144019,18249984,4272
47,101,4747,148,21848463,0,1,-21848462,21848463,21848463,19820304,4452
47,101,4747,148,21848463,1,1,-21848462,21848463,21848463,19820304,4452
47,101,4747,148,21848463,2,3,-65545388,65545389,21848463,19820304,4452
47,101,4747,148,21848463,3,7,-152939240,152939241,21848463,19820304,4452
47,101,4747,148,21848463,5,21,-458817722,458817723,21848463,19820304,4452
47,101,4747,148,21848463,7,43,-939483908,939483909,21848463,19820304,4452
47,103,4841,150,22726641,0,1,-22726640,22726641,22726641,20629764,4542
47,103,4841,150,22726641,1,1,-22726640,22726641,22726641,20629764,4542
47,103,4841,150,22726641,2,3,-68179922,68179923,22726641,20629764,4542
47,103,4841,150,22726641,3,7,-159086486,159086487,22726641,20629764,4542
47,103,4841,150,22726641,5,21,-477259460,477259461,22726641,20629764,4542
47,103,4841,150,22726641,7,43,-977245562,977245563,22726641,20629764,4542
47,107,5029,154,24534909,0,1,-24534908,24534909,24534909,22297284,4722
47,107,5029,154,24534909,1,1,-24534908,24534909,24534909,22297284,4722
47,107,5029,154,24534909,2,3,-73604726,73604727,24534909,22297284,4722
47,107,5029,154,24534909,3,7,-171744362,171744363,24534909,22297284,4722
47,107,5029,154,24534909,5,21,-515233088,515233089,24534909,22297284,4722
47,107,5029,154,24534909,7,43,-1055001086,1055001087,24534909,22297284,4722
47,109,5123,156,25464999,0,1,-25464998,25464999,25464999,23155344,4812
47,109,5123,156,25464999,1,1,-25464998,25464999,25464999,23155344,4812
47,109,5123,156,25464999,2,3,-76394996,76394997,25464999,23155344,4812
47,109,5123,156,25464999,3,7,-178254992,178254993,25464999,23155344,4812
47,109,5123,156,25464999,5,21,-534764978,534764979,25464999,23155344,4812
47,109,5123,156,25464999,7,43,-1094994956,1094994957,25464999,23155344,4812
47,113,5311,160,27377091,0,1,-27377090,27377091,27377091,24920064,4992
47,113,5311,160,27377091,1,1,-27377090,27377091,27377091,24920064,4992
47,113,5311,160,27377091,2,3,-82131272,82131273,27377091,24920064,4992
47,113,5311,160,27377091,3,7,-191639636,191639637,27377091,24920064,4992
47,113,5311,160,27377091,5,21,-574918910,574918911,27377091,24920064,4992
47,113,5311,160,27377091,7,43,-1177214912,1177214913,27377091,24920064,4992
47,127,5969,174,34614489,0,1,-34614488,34614489,34614489,31606884,5622
47,127,5969,174,34614489,1,1,-34614488,34614489,34614489,31606884,5622
47,127,5969,174,34614489,2,3,-103843466,103843467,34614489,31606884,5622
47,127,5969,174,34614489,3,7,-242301422,242301423,34614489,31606884,5622
47,127,5969,174,34614489,5,21,-726904268,726904269,34614489,31606884,5622
47,127,5969,174,34614489,7,43,-1488423026,1488423027,34614489,31606884,5622
47,131,6157,178,36838053,0,1,-36838052,36838053,36838053,33663204,5802
47,131,6157,178,36838053,1,1,-36838052,36838053,36838053,33663204,5802
47,131,6157,178,36838053,2,3,-110514158,110514159,36838053,33663204,5802
47,131,6157,178,36838053,3,7,-257866370,257866371,36838053,33663204,5802
47,131,6157,178,36838053,5,21,-773599112,773599113,36838053,33663204,5802
47,131,6157,178,36838053,7,43,-1584036278,1584036279,36838053,33663204,5802
47,137,6439,184,40303179,0,1,-40303178,40303179,40303179,36869184,6072
47,137,6439,184,40303179,1,1,-40303178,40303179,40303179,36869184,6072
47,137,6439,184,40303179,2,3,-120909536,120909537,40303179,36869184,6072
47,137,6439,184,40303179,3,7,-282122252,282122253,40303179,36869184,6072
47,137,6439,184,40303179,5,21,-846366758,846366759,40303179,36869184,6072
47,137,6439,184,40303179,7,43,-1733036696,1733036697,40303179,36869184,6072
47,139,6533,186,41492829,0,1,-41492828,41492829,41492829,37970244,6162
47,139,6533,186,41492829,1,1,-41492828,41492829,41492829,37970244,6162
47,139,6533,186,41492829,2,3,-124478486,124478487,41492829,37970244,6162
47,139,6533,186,41492829,3,7,-290449802,290449803,41492829,37970244,6162
47,139,6533,186,41492829,5,21,-871349408,871349409,41492829,37970244,6162
47,139,6533,186,41492829,7,43,-1784191646,1784191647,41492829,37970244,6162
47,149,7003,196,47700639,0,1,-47700638,47700639,47700639,43718544,6612
47,149,7003,196,47700639,1,1,-47700638,47700639,47700639,43718544,6612
47,149,7003,196,47700639,2,3,-143101916,143101917,47700639,43718544,6612
47,149,7003,196,47700639,3,7,-333904472,333904473,47700639,43718544,6612
47,149,7003,196,47700639,5,21,-1001713418,1001713419,47700639,43718544,6612
47,149,7003,196,47700639,7,43,-2051127476,2051127477,47700639,43718544,6612
47,151,7097,198,48994113,0,1,-48994112,48994113,48994113,44916804,6702
47,151,7097,198,48994113,1,1,-48994112,48994113,48994113,44916804,6702
47,151,7097,198,48994113,2,3,-146982338,146982339,48994113,44916804,6702
47,151,7097,198,48994113,3,7,-342958790,342958791,48994113,44916804,6702
47,151,7097,198,48994113,5,21,-1028876372,1028876373,48994113,44916804,6702
47,151,7097,198,48994113,7,43,-2106746858,2106746859,48994113,44916804,6702
47,157,7379,204,52978359,0,1,-52978358,52978359,52978359,48608784,6972
47,157,7379,204,52978359,1,1,-52978358,52978359,52978359,48608784,6972
47,157,7379,204,52978359,2,3,-158935076,158935077,52978359,48608784,6972
47,157,7379,204,52978359,3,7,-370848512,370848513,52978359,48608784,6972
47,157,7379,204,52978359,5,21,-1112545538,1112545539,52978359,48608784,6972
47,157,7379,204,52978359,7,43,-2278069436,2278069437,52978359,48608784,6972
47,163,7661,210,57118341,0,1,-57118340,57118341,57118341,52446564,7242
47,163,7661,210,57118341,1,1,-57118340,57118341,57118341,52446564,7242
47,163,7661,210,57118341,2,3,-171355022,171355023,57118341,52446564,7242
47,163,7661,210,57118341,3,7,-399828386,399828387,57118341,52446564,7242
47,163,7661,210,57118341,5,21,-1199485160,1199485161,57118341,52446564,7242
47,163,7661,210,57118341,7,43,-2456088662,2456088663,57118341,52446564,7242
47,167,7849,214,59964849,0,1,-59964848,59964849,59964849,55086084,7422
47,167,7849,214,59964849,1,1,-59964848,59964849,59964849,55086084,7422
47,167,7849,214,59964849,2,3,-179894546,179894547,59964849,55086084,7422
47,167,7849,214,59964849,3,7,-419753942,419753943,59964849,55086084,7422
47,167,7849,214,59964849,5,21,-1259261828,1259261829,59964849,55086084,7422
47,167,7849,214,59964849,7,43,-2578488506,2578488507,59964849,55086084,7422
47,173,8131,220,64364391,0,1,-64364390,64364391,64364391,59166864,7692
47,173,8131,220,64364391,1,1,-64364390,64364391,64364391,59166864,7692
47,173,8131,220,64364391,2,3,-193093172,193093173,64364391,59166864,7692
47,173,8131,220,64364391,3,7,-450550736,450550737,64364391,59166864,7692
47,173,8131,220,64364391,5,21,-1351652210,1351652211,64364391,59166864,7692
47,173,8131,220,64364391,7,43,-2767668812,2767668813,64364391,59166864,7692
47,179,8413,226,68919669,0,1,-68919668,68919669,68919669,63393444,7962
47,179,8413,226,68919669,1,1,-68919668,68919669,68919669,63393444,7962
47,179,8413,226,68919669,2,3,-206759006,206759007,68919669,63393444,7962
47,179,8413,226,68919669,3,7,-482437682,482437683,68919669,63393444,7962
47,179,8413,226,68919669,5,21,-1447313048,1447313049,68919669,63393444,7962
47,179,8413,226,68919669,7,43,-2963545766,2963545767,68919669,63393444,7962
47,181,8507,228,70472703,0,1,-70472702,70472703,70472703,64834704,8052
47,181,8507,228,70472703,1,1,-70472702,70472703,70472703,64834704,8052
47,181,8507,228,70472703,2,3,-211418108,211418109,70472703,64834704,8052
47,181,8507,228,70472703,3,7,-493308920,493308921,70472703,64834704,8052
47,181,8507,228,70472703,5,21,-1479926762,1479926763,70472703,64834704,8052
47,181,8507,228,70472703,7,43,-3030326228,3030326229,70472703,64834704,8052
47,191,8977,238,78497433,0,1,-78497432,78497433,78497433,72284004,8502
47,191,8977,238,78497433,1,1,-78497432,78497433,78497433,72284004,8502
47,191,8977,238,78497433,2,3,-235492298,235492299,78497433,72284004,8502
47,191,8977,238,78497433,3,7,-549482030,549482031,78497433,72284004,8502
47,191,8977,238,78497433,5,21,-1648446092,1648446093,78497433,72284004,8502
47,191,8977,238,78497433,7,43,-3375389618,3375389619,78497433,72284004,8502
47,193,9071,240,80154291,0,1,-80154290,80154291,80154291,73822464,8592
47,193,9071,240,80154291,1,1,-80154290,80154291,80154291,73822464,8592
47,193,9071,240,80154291,2,3,-240462872,240462873,80154291,73822464,8592
47,193,9071,240,80154291,3,7,-561080036,561080037,80154291,73822464,8592
47,193,9071,240,80154291,5,21,-1683240110,1683240111,80154291,73822464,8592
47,193,9071,240,80154291,7,43,-3446634512,3446634513,80154291,73822464,8592
47,197,9259,244,83519919,0,1,-83519918,83519919,83519919,76947984,8772
47,197,9259,244,83519919,1,1,-83519918,83519919,83519919,76947984,8772
47,197,9259,244,83519919,2,3,-250559756,250559757,83519919,76947984,8772
47,197,9259,244,83519919,3,7,-584639432,584639433,83519919,76947984,8772
47,197,9259,244,83519919,5,21,-1753918298,1753918299,83519919,76947984,8772
47,197,9259,244,83519919,7,43,-3591356516,3591356517,83519919,76947984,8772
47,199,9353,246,85228689,0,1,-85228688,85228689,85228689,78535044,8862
47,199,9353,246,85228689,1,1,-85228688,85228689,85228689,78535044,8862
47,199,9353,246,85228689,2,3,-255686066,255686067,85228689,78535044,8862
47,199,9353,246,85228689,3,7,-596600822,596600823,85228689,78535044,8862
47,199,9353,246,85228689,5,21,-1789802468,1789802469,85228689,78535044,8862
47,199,9353,246,85228689,7,43,-3664833626,3664833627,85228689,78535044,8862
47,211,9917,258,95844693,0,1,-95844692,95844693,95844693,88397604,9402
47,211,9917,258,95844693,1,1,-95844692,95844693,95844693,88397604,9402
47,211,9917,258,95844693,2,3,-287534078,287534079,95844693,88397604,9402
47,211,9917,258,95844693,3,7,-670912850,670912851,95844693,88397604,9402
47,211,9917,258,95844693,5,21,-2012738552,2012738553,95844693,88397604,9402
47,211,9917,258,95844693,7,43,-4121321798,4121321799,95844693,88397604,9402
47,223,10481,270,107083641,0,1,-107083640,107083641,107083641,98843364,9942
47,223,10481,270,107083641,1,1,-107083640,107083641,107083641,98843364,9942
47,223,10481,270,107083641,2,3,-321250922,321250923,107083641,98843364,9942
47,223,10481,270,107083641,3,7,-749585486,749585487,107083641,98843364,9942
47,223,10481,270,107083641,5,21,-2248756460,2248756461,107083641,98843364,9942
47,223,10481,270,107083641,7,43,-4604596562,4604596563,107083641,98843364,9942
47,227,10669,274,110968389,0,1,-110968388,110968389,110968389,102454884,10122
47,227,10669,274,110968389,1,1,-110968388,110968389,110968389,102454884,10122
47,227,10669,274,110968389,2,3,-332905166,332905167,110968389,102454884,10122
47,227,10669,274,110968389,3,7,-776778722,776778723,110968389,102454884,10122
47,227,10669,274,110968389,5,21,-2330336168,2330336169,110968389,102454884,10122
47,227,10669,274,110968389,7,43,-4771640726,4771640727,110968389,102454884,10122
47,229,10763,276,112936719,0,1,-112936718,112936719,112936719,104284944,10212
47,229,10763,276,112936719,1,1,-112936718,112936719,112936719,104284944,10212
47,229,10763,276,112936719,2,3,-338810156,338810157,112936719,104284944,10212
47,229,10763,276,112936719,3,7,-790557032,790557033,112936719,104284944,10212
47,229,10763,276,112936719,5,21,-2371671098,2371671099,112936719,104284944,10212
47,229,10763,276,112936719,7,43,-4856278916,4856278917,112936719,104284944,10212
47,233,10951,280,116925291,0,1,-116925290,116925291,116925291,107993664,10392
47,233,10951,280,116925291,1,1,-116925290,116925291,116925291,107993664,10392
47,233,10951,280,116925291,2,3,-350775872,350775873,116925291,107993664,10392
47,233,10951,280,116925291,3,7,-818477036,818477037,116925291,107993664,10392
47,233,10951,280,116925291,5,21,-2455431110,2455431111,116925291,107993664,10392
47,233,10951,280,116925291,7,43,-5027787512,5027787513,116925291,107993664,10392
47,239,11233,286,123037929,0,1,-123037928,123037929,123037929,113678244,10662
47,239,11233,286,123037929,1,1,-123037928,123037929,123037929,113678244,10662
47,239,11233,286,123037929,2,3,-369113786,369113787,123037929,113678244,10662
47,239,11233,286,123037929,3,7,-861265502,861265503,123037929,113678244,10662
47,239,11233,286,123037929,5,21,-2583796508,2583796509,123037929,113678244,10662
47,239,11233,286,123037929,7,43,-5290630946,5290630947,123037929,113678244,10662
47,241,11327,288,125110083,0,1,-125110082,125110083,125110083,115605504,10752
47,241,11327,288,125110083,1,1,-125110082,125110083,125110083,115605504,10752
47,241,11327,288,125110083,2,3,-375330248,375330249,125110083,115605504,10752
47,241,11327,288,125110083,3,7,-875770580,875770581,125110083,115605504,10752
47,241,11327,288,125110083,5,21,-2627311742,2627311743,125110083,115605504,10752
47,241,11327,288,125110083,7,43,-5379733568,5379733569,125110083,115605504,10752
47,251,11797,298,135730413,0,1,-135730412,135730413,135730413,125484804,11202
47,251,11797,298,135730413,1,1,-135730412,135730413,135730413,125484804,11202
47,251,11797,298,135730413,2,3,-407191238,407191239,135730413,125484804,11202
47,251,11797,298,135730413,3,7,-950112890,950112891,135730413,125484804,11202
47,251,11797,298,135730413,5,21,-2850338672,2850338673,135730413,125484804,11202
47,251,11797,298,135730413,7,43,-5836407758,5836407759,135730413,125484804,11202
47,257,12079,304,142310259,0,1,-142310258,142310259,142310259,131606784,11472
47,257,12079,304,142310259,1,1,-142310258,142310259,142310259,131606784,11472
47,257,12079,304,142310259,2,3,-426930776,426930777,142310259,131606784,11472
47,257,12079,304,142310259,3,7,-996171812,996171813,142310259,131606784,11472
47,257,12079,304,142310259,5,21,-2988515438,2988515439,142310259,131606784,11472
47,257,12079,304,142310259,7,43,-6119341136,6119341137,142310259,131606784,11472
47,263,12361,310,149045841,0,1,-149045840,149045841,149045841,137874564,11742
47,263,12361,310,149045841,1,1,-149045840,149045841,149045841,137874564,11742
47,263,12361,310,149045841,2,3,-447137522,447137523,149045841,137874564,11742
47,263,12361,310,149045841,3,7,-1043320886,1043320887,149045841,137874564,11742
47,263,12361,310,149045841,5,21,-3129962660,3129962661,149045841,137874564,11742
47,263,12361,310,149045841,7,43,-6408971162,6408971163,149045841,137874564,11742
47,269,12643,316,155937159,0,1,-155937158,155937159,155937159,144288144,12012
47,269,12643,316,155937159,1,1,-155937158,155937159,155937159,144288144,12012
47,269,12643,316,155937159,2,3,-467811476,467811477,155937159,144288144,12012
47,269,12643,316,155937159,3,7,-1091560112,1091560113,155937159,144288144,12012
47,269,12643,316,155937159,5,21,-3274680338,3274680339,155937159,144288144,12012
47,269,12643,316,155937159,7,43,-6705297836,6705297837,155937159,144288144,12012
47,271,12737,318,158268873,0,1,-158268872,158268873,158268873,146458404,12102
47,271,12737,318,158268873,1,1,-158268872,158268873,158268873,146458404,12102
47,271,12737,318,158268873,2,3,-474806618,474806619,158268873,146458404,12102
47,271,12737,318,158268873,3,7,-1107882110,1107882111,158268873,146458404,12102
47,271,12737,318,158268873,5,21,-3323646332,3323646333,158268873,146458404,12102
47,271,12737,318,158268873,7,43,-6805561538,6805561539,158268873,146458404,12102
47,277,13019,324,165367839,0,1,-165367838,165367839,165367839,153066384,12372
47,277,13019,324,165367839,1,1,-165367838,165367839,165367839,153066384,12372
47,277,13019,324,165367839,2,3,-496103516,496103517,165367839,153066384,12372
47,277,13019,324,165367839,3,7,-1157574872,1157574873,165367839,153066384,12372
47,277,13019,324,165367839,5,21,-3472724618,3472724619,165367839,153066384,12372
47,277,13019,324,165367839,7,43,-7110817076,7110817077,165367839,153066384,12372
47,281,13207,328,170187003,0,1,-170187002,170187003,170187003,157552704,12552
47,281,13207,328,170187003,1,1,-170187002,170187003,170187003,157552704,12552
47,281,13207,328,170187003,2,3,-510561008,510561009,170187003,157552704,12552
47,281,13207,328,170187003,3,7,-1191309020,1191309021,170187003,157552704,12552
47,281,13207,328,170187003,5,21,-3573927062,3573927063,170187003,157552704,12552
47,281,13207,328,170187003,7,43,-7318041128,7318041129,170187003,157552704,12552
47,283,13301,330,172622541,0,1,-172622540,172622541,172622541,159820164,12642
47,283,13301,330,172622541,1,1,-172622540,172622541,172622541,159820164,12642
47,283,13301,330,172622541,2,3,-517867622,517867623,172622541,159820164,12642
47,283,13301,330,172622541,3,7,-1208357786,1208357787,172622541,159820164,12642
47,283,13301,330,172622541,5,21,-3625073360,3625073361,172622541,159820164,12642
47,283,13301,330,172622541,7,43,-7422769262,7422769263,172622541,159820164,12642
47,293,13771,340,185059791,0,1,-185059790,185059791,185059791,171400464,13092
47,293,13771,340,185059791,1,1,-185059790,185059791,185059791,171400464,13092
47,293,13771,340,185059791,2,3,-555179372,555179373,185059791,171400464,13092
47,293,13771,340,185059791,3,7,-1295418536,1295418537,185059791,171400464,13092
47,293,13771,340,185059791,5,21,-3886255610,3886255611,185059791,171400464,13092
47,293,13771,340,185059791,7,43,-7957571012,7957571013,185059791,171400464,13092
53,59,3127,112,9437211,0,1,-9437210,9437211,9437211,8433216,2904
53,59,3127,112,9437211,1,1,-9437210,9437211,9437211,8433216,2904
53,59,3127,112,9437211,2,3,-28311632,28311633,9437211,8433216,2904
53,59,3127,112,9437211,3,7,-66060476,66060477,9437211,8433216,2904
53,59,3127,112,9437211,5,21,-198181430,198181431,9437211,8433216,2904
53,59,3127,112,9437211,7,43,-405800072,405800073,9437211,8433216,2904
53,61,3233,114,10093377,0,1,-10093376,10093377,10093377,9036036,3006
53,61,3233,114,10093377,1,1,-10093376,10093377,10093377,9036036,3006
53,61,3233,114,10093377,2,3,-30280130,30280131,10093377,9036036,3006
53,61,3233,114,10093377,3,7,-70653638,70653639,10093377,9036036,3006
53,61,3233,114,10093377,5,21,-211960916,211960917,10093377,9036036,3006
53,61,3233,114,10093377,7,43,-434015210,434015211,10093377,9036036,3006
53,67,3551,120,12194211,0,1,-12194210,12194211,12194211,10969344,3312
53,67,3551,120,12194211,1,1,-12194210,12194211,12194211,10969344,3312
53,67,3551,120,12194211,2,3,-36582632,36582633,12194211,10969344,3312
53,67,3551,120,12194211,3,7,-85359476,85359477,12194211,10969344,3312
53,67,3551,120,12194211,5,21,-256078430,256078431,12194211,10969344,3312
53,67,3551,120,12194211,7,43,-524351072,524351073,12194211,10969344,3312
53,71,3763,124,13705047,0,1,-13705046,13705047,13705047,12362256,3516
53,71,3763,124,13705047,1,1,-13705046,13705047,13705047,12362256,3516
53,71,3763,124,13705047,2,3,-41115140,41115141,13705047,12362256,3516
53,71,3763,124,13705047,3,7,-95935328,95935329,13705047,12362256,3516
53,71,3763,124,13705047,5,21,-287805986,287805987,13705047,12362256,3516
53,71,3763,124,13705047,7,43,-589317020,589317021,13705047,12362256,3516
53,73,3869,126,14493549,0,1,-14493548,14493549,14493549,13089924,3618
53,73,3869,126,14493549,1,1,-14493548,14493549,14493549,13089924,3618
53,73,3869,126,14493549,2,3,-43480646,43480647,14493549,13089924,3618
53,73,3869,126,14493549,3,7,-101454842,101454843,14493549,13089924,3618
53,73,3869,126,14493549,5,21,-304364528,304364529,14493549,13089924,3618
53,73,3869,126,14493549,7,43,-623222606,623222607,14493549,13089924,3618
53,79,4187,132,16991391,0,1,-16991390,16991391,16991391,15397776,3924
53,79,4187,132,16991391,1,1,-16991390,16991391,16991391,15397776,3924
53,79,4187,132,16991391,2,3,-50974172,50974173,16991391,15397776,3924
53,79,4187,132,16991391,3,7,-118939736,118939737,16991391,15397776,3924
53,79,4187,132,16991391,5,21,-356819210,356819211,16991391,15397776,3924
53,79,4187,132,16991391,7,43,-730629812,730629813,16991391,15397776,3924
53,83,4399,136,18766899,0,1,-18766898,18766899,18766899,17040384,4128
53,83,4399,136,18766899,1,1,-18766898,18766899,18766899,17040384,4128
53,83,4399,136,18766899,2,3,-56300696,56300697,18766899,17040384,4128
53,83,4399,136,18766899,3,7,-131368292,131368293,18766899,17040384,4128
53,83,4399,136,18766899,5,21,-394104878,394104879,18766899,17040384,4128
53,83,4399,136,18766899,7,43,-806976656,806976657,18766899,17040384,4128
53,89,4717,142,21595581,0,1,-21595580,21595581,21595581,19660356,4434
53,89,4717,142,21595581,1,1,-21595580,21595581,21595581,19660356,4434
53,89,4717,142,21595581,2,3,-64786742,64786743,21595581,19660356,4434
53,89,4717,142,21595581,3,7,-151169066,151169067,21595581,19660356,4434
53,89,4717,142,21595581,5,21,-453507200,453507201,21595581,19660356,4434
53,89,4717,142,21595581,7,43,-928609982,928609983,21595581,19660356,4434
53,97,5141,150,25675941,0,1,-25675940,25675941,25675941,23444964,4842
53,97,5141,150,25675941,1,1,-25675940,25675941,25675941,23444964,4842
53,97,5141,150,25675941,2,3,-77027822,77027823,25675941,23444964,4842
53,97,5141,150,25675941,3,7,-179731586,179731587,25675941,23444964,4842
53,97,5141,150,25675941,5,21,-539194760,539194761,25675941,23444964,4842
53,97,5141,150,25675941,7,43,-1104065462,1104065463,25675941,23444964,4842
53,101,5353,154,27848457,0,1,-27848456,27848457,27848457,25462116,5046
53,101,5353,154,27848457,1,1,-27848456,27848457,27848457,25462116,5046
53,101,5353,154,27848457,2,3,-83545370,83545371,27848457,25462116,5046
53,101,5353,154,27848457,3,7,-194939198,194939199,27848457,25462116,5046
53,101,5353,154,27848457,5,21,-584817596,584817597,27848457,25462116,5046
53,101,5353,154,27848457,7,43,-1197483650,1197483651,27848457,25462116,5046
53,103,5459,156,28967799,0,1,-28967798,28967799,28967799,26501904,5148
53,103,5459,156,28967799,1,1,-28967798,28967799,28967799,26501904,5148
53,103,5459,156,28967799,2,3,-86903396,86903397,28967799,26501904,5148
53,103,5459,156,28967799,3,7,-202774592,202774593,28967799,26501904,5148
53,103,5459,156,28967799,5,21,-608323778,608323779,28967799,26501904,5148
53,103,5459,156,28967799,7,43,-1245615356,1245615357,28967799,26501904,5148
53,107,5671,160,31272651,0,1,-31272650,31272651,31272651,28643904,5352
53,107,5671,160,31272651,1,1,-31272650,31272651,31272651,28643904,5352
53,107,5671,160,31272651,2,3,-93817952,93817953,31272651,28643904,5352
53,107,5671,160,31272651,3,7,-218908556,218908557,31272651,28643904,5352
53,107,5671,160,31272651,5,21,-656725670,656725671,31272651,28643904,5352
53,107,5671,160,31272651,7,43,-1344723992,1344723993,31272651,28643904,5352
53,109,5777,162,32458161,0,1,-32458160,32458161,32458161,29746116,5454
53,109,5777,162,32458161,1,1,-32458160,32458161,32458161,29746116,5454
53,109,5777,162,32458161,2,3,-97374482,97374483,32458161,29746116,5454
53,109,5777,162,32458161,3,7,-227207126,227207127,32458161,29746116,5454
53,109,5777,162,32458161,5,21,-681621380,681621381,32458161,29746116,5454
53,109,5777,162,32458161,7,43,-1395700922,1395700923,32458161,29746116,5454
53,113,5989,166,34895349,0,1,-34895348,34895349,34895349,32012964,5658
53,113,5989,166,34895349,1,1,-34895348,34895349,34895349,32012964,5658
53,113,5989,166,34895349,2,3,-104686046,104686047,34895349,32012964,5658
53,113,5989,166,34895349,3,7,-244267442,244267443,34895349,32012964,5658
53,113,5989,166,34895349,5,21,-732802328,732802329,34895349,32012964,5658
53,113,5989,166,34895349,7,43,-1500500006,1500500007,34895349,32012964,5658
53,127,6731,180,44120271,0,1,-44120270,44120271,44120271,40602384,6372
53,127,6731,180,44120271,1,1,-44120270,44120271,44120271,40602384,6372
53,127,6731,180,44120271,2,3,-132360812,132360813,44120271,40602384,6372
53,127,6731,180,44120271,3,7,-308841896,308841897,44120271,40602384,6372
53,127,6731,180,44120271,5,21,-926525690,926525691,44120271,40602384,6372
53,127,6731,180,44120271,7,43,-1897171652,1897171653,44120271,40602384,6372
53,131,6943,184,46954467,0,1,-46954466,46954467,46954467,43243776,6576
53,131,6943,184,46954467,1,1,-46954466,46954467,46954467,43243776,6576
53,131,6943,184,46954467,2,3,-140863400,140863401,46954467,43243776,6576
53,131,6943,184,46954467,3,7,-328681268,328681269,46954467,43243776,6576
53,131,6943,184,46954467,5,21,-986043806,986043807,46954467,43243776,6576
53,131,6943,184,46954467,7,43,-2019042080,2019042081,46954467,43243776,6576
53,137,7261,190,51371181,0,1,-51371180,51371181,51371181,47361924,6882
53,137,7261,190,51371181,1,1,-51371180,51371181,51371181,47361924,6882
53,137,7261,190,51371181,2,3,-154113542,154113543,51371181,47361924,6882
53,137,7261,190,51371181,3,7,-359598266,359598267,51371181,47361924,6882
53,137,7261,190,51371181,5,21,-1078794800,1078794801,51371181,47361924,6882
53,137,7261,190,51371181,7,43,-2208960782,2208960783,51371181,47361924,6882
53,139,7367,192,52887531,0,1,-52887530,52887531,52887531,48776256,6984
53,139,7367,192,52887531,1,1,-52887530,52887531,52887531,48776256,6984
53,139,7367,192,52887531,2,3,-158662592,158662593,52887531,48776256,6984
53,139,7367,192,52887531,3,7,-370212716,370212717,52887531,48776256,6984
53,139,7367,192,52887531,5,21,-1110638150,1110638151,52887531,48776256,6984
53,139,7367,192,52887531,7,43,-2274163832,2274163833,52887531,48776256,6984
53,149,7897,202,60800121,0,1,-60800120,60800121,60800121,56160036,7494
53,149,7897,202,60800121,1,1,-60800120,60800121,60800121,56160036,7494
53,149,7897,202,60800121,2,3,-182400362,182400363,60800121,56160036,7494
53,149,7897,202,60800121,3,7,-425600846,425600847,60800121,56160036,7494
53,149,7897,202,60800121,5,21,-1276802540,1276802541,60800121,56160036,7494
53,149,7897,202,60800121,7,43,-2614405202,2614405203,60800121,56160036,7494
53,151,8003,204,62448807,0,1,-62448806,62448807,62448807,57699216,7596
53,151,8003,204,62448807,1,1,-62448806,62448807,62448807,57699216,7596
53,151,8003,204,62448807,2,3,-187346420,187346421,62448807,57699216,7596
53,151,8003,204,62448807,3,7,-437141648,437141649,62448807,57699216,7596
53,151,8003,204,62448807,5,21,-1311424946,1311424947,62448807,57699216,7596
53,151,8003,204,62448807,7,43,-2685298700,2685298701,62448807,57699216,7596
53,157,8321,210,67527201,0,1,-67527200,67527201,67527201,62441604,7902
53,157,8321,210,67527201,1,1,-67527200,67527201,67527201,62441604,7902
53,157,8321,210,67527201,2,3,-202581602,202581603,67527201,62441604,7902
53,157,8321,210,67527201,3,7,-472690406,472690407,67527201,62441604,7902
53,157,8321,210,67527201,5,21,-1418071220,1418071221,67527201,62441604,7902
53,157,8321,210,67527201,7,43,-2903669642,2903669643,67527201,62441604,7902
53,163,8639,216,72804099,0,1,-72804098,72804099,72804099,67371264,8208
53,163,8639,216,72804099,1,1,-72804098,72804099,72804099,67371264,8208
53,163,8639,216,72804099,2,3,-218412296,218412297,72804099,67371264,8208
53,163,8639,216,72804099,3,7,-509628692,509628693,72804099,67371264,8208
53,163,8639,216,72804099,5,21,-1528886078,1528886079,72804099,67371264,8208
53,163,8639,216,72804099,7,43,-3130576256,3130576257,72804099,67371264,8208
53,167,8851,220,76432311,0,1,-76432310,76432311,76432311,70761744,8412
53,167,8851,220,76432311,1,1,-76432310,76432311,76432311,70761744,8412
53,167,8851,220,76432311,2,3,-229296932,229296933,76432311,70761744,8412
53,167,8851,220,76432311,3,7,-535026176,535026177,76432311,70761744,8412
53,167,8851,220,76432311,5,21,-1605078530,1605078531,76432311,70761744,8412
53,167,8851,220,76432311,7,43,-3286589372,3286589373,76432311,70761744,8412
53,173,9169,226,82040049,0,1,-82040048,82040049,82040049,76003524,8718
53,173,9169,226,82040049,1,1,-82040048,82040049,82040049,76003524,8718
53,173,9169,226,82040049,2,3,-246120146,246120147,82040049,76003524,8718
53,173,9169,226,82040049,3,7,-574280342,574280343,82040049,76003524,8718
53,173,9169,226,82040049,5,21,-1722841028,1722841029,82040049,76003524,8718
53,173,9169,226,82040049,7,43,-3527722106,3527722107,82040049,76003524,8718
53,179,9487,232,87846291,0,1,-87846290,87846291,87846291,81432576,9024
53,179,9487,232,87846291,1,1,-87846290,87846291,87846291,81432576,9024
53,179,9487,232,87846291,2,3,-263538872,263538873,87846291,81432576,9024
53,179,9487,232,87846291,3,7,-614924036,614924037,87846291,81432576,9024
53,179,9487,232,87846291,5,21,-1844772110,1844772111,87846291,81432576,9024
53,179,9487,232,87846291,7,43,-3777390512,3777390513,87846291,81432576,9024
53,181,9593,234,89825817,0,1,-89825816,89825817,89825817,83283876,9126
53,181,9593,234,89825817,1,1,-89825816,89825817,89825817,83283876,9126
53,181,9593,234,89825817,2,3,-269477450,269477451,89825817,83283876,9126
53,181,9593,234,89825817,3,7,-628780718,628780719,89825817,83283876,9126
53,181,9593,234,89825817,5,21,-1886342156,1886342157,89825817,83283876,9126
53,181,9593,234,89825817,7,43,-3862510130,3862510131,89825817,83283876,9126
53,191,10123,244,100054287,0,1,-100054286,100054287,100054287,92852496,9636
53,191,10123,244,100054287,1,1,-100054286,100054287,100054287,92852496,9636
53,191,10123,244,100054287,2,3,-300162860,300162861,100054287,92852496,9636
53,191,10123,244,100054287,3,7,-700380008,700380009,100054287,92852496,9636
53,191,10123,244,100054287,5,21,-2101140026,2101140027,100054287,92852496,9636
53,191,10123,244,100054287,7,43,-4302334340,4302334341,100054287,92852496,9636
53,193,10229,246,102166149,0,1,-102166148,102166149,102166149,94828644,9738
53,193,10229,246,102166149,1,1,-102166148,102166149,102166149,94828644,9738
53,193,10229,246,102166149,2,3,-306498446,306498447,102166149,94828644,9738
53,193,10229,246,102166149,3,7,-715163042,715163043,102166149,94828644,9738
53,193,10229,246,102166149,5,21,-2145489128,2145489129,102166149,94828644,9738
53,193,10229,246,102166149,7,43,-4393144406,4393144407,102166149,94828644,9738
53,197,10441,250,106456041,0,1,-106456040,106456041,106456041,98843364,9942
53,197,10441,250,106456041,1,1,-106456040,106456041,106456041,98843364,9942
53,197,10441,250,106456041,2,3,-319368122,319368123,106456041,98843364,9942
53,197,10441,250,106456041,3,7,-745192286,745192287,106456041,98843364,9942
53,197,10441,250,106456041,5,21,-2235576860,2235576861,106456041,98843364,9942
53,197,10441,250,106456041,7,43,-4577609762,4577609763,106456041,98843364,9942
53,199,10547,252,108634071,0,1,-108634070,108634071,108634071,100881936,10044
53,199,10547,252,108634071,1,1,-108634070,108634071,108634071,100881936,10044
53,199,10547,252,108634071,2,3,-325902212,325902213,108634071,100881936,10044
53,199,10547,252,108634071,3,7,-760438496,760438497,108634071,100881936,10044
53,199,10547,252,108634071,5,21,-2281315490,2281315491,108634071,100881936,10044
53,199,10547,252,108634071,7,43,-4671265052,4671265053,108634071,100881936,10044
53,211,11183,264,122165427,0,1,-122165426,122165427,122165427,113550336,10656
53,211,11183,264,122165427,1,1,-122165426,122165427,122165427,113550336,10656
53,211,11183,264,122165427,2,3,-366496280,366496281,122165427,113550336,10656
53,211,11183,264,122165427,3,7,-855157988,855157989,122165427,113550336,10656
53,211,11183,264,122165427,5,21,-2565473966,2565473967,122165427,113550336,10656
53,211,11183,264,122165427,7,43,-5253113360,5253113361,122165427,113550336,10656
53,223,11819,276,136490799,0,1,-136490798,136490799,136490799,126967824,11268
53,223,11819,276,136490799,1,1,-136490798,136490799,136490799,126967824,11268
53,223,11819,276,136490799,2,3,-409472396,409472397,136490799,126967824,11268
53,223,11819,276,136490799,3,7,-955435592,955435593,136490799,126967824,11268
53,223,11819,276,136490799,5,21,-2866306778,2866306779,136490799,126967824,11268
53,223,11819,276,136490799,7,43,-5869104356,5869104357,136490799,126967824,11268
53,227,12031,280,141442371,0,1,-141442370,141442371,141442371,131606784,11472
53,227,12031,280,141442371,1,1,-141442370,141442371,141442371,131606784,11472
53,227,12031,280,141442371,2,3,-424327112,424327113,141442371,131606784,11472
53,227,12031,280,141442371,3,7,-990096596,990096597,141442371,131606784,11472
53,227,12031,280,141442371,5,21,-2970289790,2970289791,141442371,131606784,11472
53,227,12031,280,141442371,7,43,-6082021952,6082021953,141442371,131606784,11472
53,229,12137,282,143951241,0,1,-143951240,143951241,143951241,133957476,11574
53,229,12137,282,143951241,1,1,-143951240,143951241,143951241,133957476,11574
53,229,12137,282,143951241,2,3,-431853722,431853723,143951241,133957476,11574
53,229,12137,282,143951241,3,7,-1007658686,1007658687,143951241,133957476,11574
53,229,12137,282,143951241,5,21,-3022976060,3022976061,143951241,133957476,11574
53,229,12137,282,143951241,7,43,-6189903362,6189903363,143951241,133957476,11574
53,233,12349,286,149035149,0,1,-149035148,149035149,149035149,138721284,11778
53,233,12349,286,149035149,1,1,-149035148,149035149,149035149,138721284,11778
53,233,12349,286,149035149,2,3,-447105446,447105447,149035149,138721284,11778
53,233,12349,286,149035149,3,7,-1043246042,1043246043,149035149,138721284,11778
53,233,12349,286,149035149,5,21,-3129738128,3129738129,149035149,138721284,11778
53,233,12349,286,149035149,7,43,-6408511406,6408511407,149035149,138721284,11778
53,239,12667,292,156826431,0,1,-156826430,156826431,156826431,146023056,12084
53,239,12667,292,156826431,1,1,-156826430,156826431,156826431,146023056,12084
53,239,12667,292,156826431,2,3,-470479292,470479293,156826431,146023056,12084
53,239,12667,292,156826431,3,7,-1097785016,1097785017,156826431,146023056,12084
53,239,12667,292,156826431,5,21,-3293355050,3293355051,156826431,146023056,12084
53,239,12667,292,156826431,7,43,-6743536532,6743536533,156826431,146023056,12084
53,241,12773,294,159467637,0,1,-159467636,159467637,159467637,148498596,12186
53,241,12773,294,159467637,1,1,-159467636,159467637,159467637,148498596,12186
53,241,12773,294,159467637,2,3,-478402910,478402911,159467637,148498596,12186
53,241,12773,294,159467637,3,7,-1116273458,1116273459,159467637,148498596,12186
53,241,12773,294,159467637,5,21,-3348820376,3348820377,159467637,148498596,12186
53,241,12773,294,159467637,7,43,-6857108390,6857108391,159467637,148498596,12186
53,251,13303,304,173004507,0,1,-173004506,173004507,173004507,161188416,12696
53,251,13303,304,173004507,1,1,-173004506,173004507,173004507,161188416,12696
53,251,13303,304,173004507,2,3,-519013520,519013521,173004507,161188416,12696
53,251,13303,304,173004507,3,7,-1211031548,1211031549,173004507,161188416,12696
53,251,13303,304,173004507,5,21,-3633094646,3633094647,173004507,161188416,12696
53,251,13303,304,173004507,7,43,-7439193800,7439193801,173004507,161188416,12696
53,257,13621,310,181391301,0,1,-181391300,181391301,181391301,169052004,13002
53,257,13621,310,181391301,1,1,-181391300,181391301,181391301,169052004,13002
53,257,13621,310,181391301,2,3,-544173902,544173903,181391301,169052004,13002
53,257,13621,310,181391301,3,7,-1269739106,1269739107,181391301,169052004,13002
53,257,13621,310,181391301,5,21,-3809217320,3809217321,181391301,169052004,13002
53,257,13621,310,181391301,7,43,-7799825942,7799825943,181391301,169052004,13002
53,263,13939,316,189976599,0,1,-189976598,189976599,189976599,177102864,13308
53,263,13939,316,189976599,1,1,-189976598,189976599,189976599,177102864,13308
53,263,13939,316,189976599,2,3,-569929796,569929797,189976599,177102864,13308
53,263,13939,316,189976599,3,7,-1329836192,1329836193,189976599,177102864,13308
53,263,13939,316,189976599,5,21,-3989508578,3989508579,189976599,177102864,13308
53,263,13939,316,189976599,7,43,-8168993756,8168993757,189976599,177102864,13308
53,269,14257,322,198760401,0,1,-198760400,198760401,198760401,185340996,13614
53,269,14257,322,198760401,1,1,-198760400,198760401,198760401,185340996,13614
53,269,14257,322,198760401,2,3,-596281202,596281203,198760401,185340996,13614
53,269,14257,322,198760401,3,7,-1391322806,1391322807,198760401,185340996,13614
53,269,14257,322,198760401,5,21,-4173968420,4173968421,198760401,185340996,13614
53,269,14257,322,198760401,7,43,-8546697242,8546697243,198760401,185340996,13614
53,271,14363,324,201732447,0,1,-201732446,201732447,201732447,188128656,13716
53,271,14363,324,201732447,1,1,-201732446,201732447,201732447,188128656,13716
53,271,14363,324,201732447,2,3,-605197340,605197341,201732447,188128656,13716
53,271,14363,324,201732447,3,7,-1412127128,1412127129,201732447,188128656,13716
53,271,14363,324,201732447,5,21,-4236381386,4236381387,201732447,188128656,13716
53,271,14363,324,201732447,7,43,-8674495220,8674495221,201732447,188128656,13716
53,277,14681,330,210780921,0,1,-210780920,210780921,210780921,196616484,14022
53,277,14681,330,210780921,1,1,-210780920,210780921,210780921,196616484,14022
53,277,14681,330,210780921,2,3,-632342762,632342763,210780921,196616484,14022
53,277,14681,330,210780921,3,7,-1475466446,1475466447,210780921,196616484,14022
53,277,14681,330,210780921,5,21,-4426399340,4426399341,210780921,196616484,14022
53,277,14681,330,210780921,7,43,-9063579602,9063579603,210780921,196616484,14022
53,281,14893,334,216923517,0,1,-216923516,216923517,216923517,202379076,14226
53,281,14893,334,216923517,1,1,-216923516,216923517,216923517,202379076,14226
53,281,14893,334,216923517,2,3,-650770550,650770551,216923517,202379076,14226
53,281,14893,334,216923517,3,7,-1518464618,1518464619,216923517,202379076,14226
53,281,14893,334,216923517,5,21,-4555393856,4555393857,216923517,202379076,14226
53,281,14893,334,216923517,7,43,-9327711230,9327711231,216923517,202379076,14226
53,283,14999,336,220027899,0,1,-220027898,220027899,220027899,205291584,14328
53,283,14999,336,220027899,1,1,-220027898,220027899,220027899,205291584,14328
53,283,14999,336,220027899,2,3,-660083696,660083697,220027899,205291584,14328
53,283,14999,336,220027899,3,7,-1540195292,1540195293,220027899,205291584,14328
53,283,14999,336,220027899,5,21,-4620585878,4620585879,220027899,205291584,14328
53,283,14999,336,220027899,7,43,-9461199656,9461199657,220027899,205291584,14328
53,293,15529,346,235880649,0,1,-235880648,235880649,235880649,220166244,14838
53,293,15529,346,235880649,1,1,-235880648,235880649,235880649,220166244,14838
53,293,15529,346,235880649,2,3,-707641946,707641947,235880649,220166244,14838
53,293,15529,346,235880649,3,7,-1651164542,1651164543,235880649,220166244,14838
53,293,15529,346,235880649,5,21,-4953493628,4953493629,235880649,220166244,14838
53,293,15529,346,235880649,7,43,-10142867906,10142867907,235880649,220166244,14838
59,61,3599,120,12531603,0,1,-12531602,12531603,12531603,11289600,3360
59,61,3599,120,12531603,1,1,-12531602,12531603,12531603,11289600,3360
59,61,3599,120,12531603,2,3,-37594808,37594809,12531603,11289600,3360
59,61,3599,120,12531603,3,7,-87721220,87721221,12531603,11289600,3360
59,61,3599,120,12531603,5,21,-263163662,263163663,12531603,11289600,3360
59,61,3599,120,12531603,7,43,-538858928,538858929,12531603,11289600,3360
59,67,3953,126,15139929,0,1,-15139928,15139929,15139929,13704804,3702
59,67,3953,126,15139929,1,1,-15139928,15139929,15139929,13704804,3702
59,67,3953,126,15139929,2,3,-45419786,45419787,15139929,13704804,3702
59,67,3953,126,15139929,3,7,-105979502,105979503,15139929,13704804,3702
59,67,3953,126,15139929,5,21,-317938508,317938509,15139929,13704804,3702
59,67,3953,126,15139929,7,43,-651016946,651016947,15139929,13704804,3702
59,71,4189,130,17015733,0,1,-17015732,17015733,17015733,15444900,3930
59,71,4189,130,17015733,1,1,-17015732,17015733,17015733,15444900,3930
59,71,4189,130,17015733,2,3,-51047198,51047199,17015733,15444900,3930
59,71,4189,130,17015733,3,7,-119110130,119110131,17015733,15444900,3930
59,71,4189,130,17015733,5,21,-357330392,357330393,17015733,15444900,3930
59,71,4189,130,17015733,7,43,-731676518,731676519,17015733,15444900,3930
59,73,4307,132,17994711,0,1,-17994710,17994711,17994711,16353936,4044
59,73,4307,132,17994711,1,1,-17994710,17994711,17994711,16353936,4044
59,73,4307,132,17994711,2,3,-53984132,53984133,17994711,16353936,4044
59,73,4307,132,17994711,3,7,-125962976,125962977,17994711,16353936,4044
59,73,4307,132,17994711,5,21,-377888930,377888931,17994711,16353936,4044
59,73,4307,132,17994711,7,43,-773772572,773772573,17994711,16353936,4044
59,79,4661,138,21095949,0,1,-21095948,21095949,21095949,19236996,4386
59,79,4661,138,21095949,1,1,-21095948,21095949,21095949,19236996,4386
59,79,4661,138,21095949,2,3,-63287846,63287847,21095949,19236996,4386
59,79,4661,138,21095949,3,7,-147671642,147671643,21095949,19236996,4386
59,79,4661,138,21095949,5,21,-443014928,443014929,21095949,19236996,4386
59,79,4661,138,21095949,7,43,-907125806,907125807,21095949,19236996,4386
59,83,4897,142,23300361,0,1,-23300360,23300361,23300361,21288996,4614
59,83,4897,142,23300361,1,1,-23300360,23300361,23300361,21288996,4614
59,83,4897,142,23300361,2,3,-69901082,69901083,23300361,21288996,4614
59,83,4897,142,23300361,3,7,-163102526,163102527,23300361,21288996,4614
59,83,4897,142,23300361,5,21,-489307580,489307581,23300361,21288996,4614
59,83,4897,142,23300361,7,43,-1001915522,1001915523,23300361,21288996,4614
59,89,5251,148,26812359,0,1,-26812358,26812359,26812359,24561936,4956
59,89,5251,148,26812359,1,1,-26812358,26812359,26812359,24561936,4956
59,89,5251,148,26812359,2,3,-80437076,80437077,26812359,24561936,4956
59,89,5251,148,26812359,3,7,-187686512,187686513,26812359,24561936,4956
59,89,5251,148,26812359,5,21,-563059538,563059539,26812359,24561936,4956
59,89,5251,148,26812359,7,43,-1152931436,1152931437,26812359,24561936,4956
59,97,5723,156,31878399,0,1,-31878398,31878399,31878399,29289744,5412
59,97,5723,156,31878399,1,1,-31878398,31878399,31878399,29289744,5412
59,97,5723,156,31878399,2,3,-95635196,95635197,31878399,29289744,5412
59,97,5723,156,31878399,3,7,-223148792,223148793,31878399,29289744,5412
59,97,5723,156,31878399,5,21,-669446378,669446379,31878399,29289744,5412
59,97,5723,156,31878399,7,43,-1370771156,1370771157,31878399,29289744,5412
59,101,5959,160,34575723,0,1,-34575722,34575723,34575723,31809600,5640
59,101,5959,160,34575723,1,1,-34575722,34575723,34575723,31809600,5640
59,101,5959,160,34575723,2,3,-103727168,103727169,34575723,31809600,5640
59,101,5959,160,34575723,3,7,-242030060,242030061,34575723,31809600,5640
59,101,5959,160,34575723,5,21,-726090182,726090183,34575723,31809600,5640
59,101,5959,160,34575723,7,43,-1486756088,1486756089,34575723,31809600,5640
59,103,6077,162,35965461,0,1,-35965460,35965461,35965461,33108516,5754
59,103,6077,162,35965461,1,1,-35965460,35965461,35965461,33108516,5754
59,103,6077,162,35965461,2,3,-107896382,107896383,35965461,33108516,5754
59,103,6077,162,35965461,3,7,-251758226,251758227,35965461,33108516,5754
59,103,6077,162,35965461,5,21,-755274680,755274681,35965461,33108516,5754
59,103,6077,162,35965461,7,43,-1546514822,1546514823,35965461,33108516,5754
59,107,6313,166,38827089,0,1,-38827088,38827089,38827089,35784324,5982
59,107,6313,166,38827089,1,1,-38827088,38827089,38827089,35784324,5982
59,107,6313,166,38827089,2,3,-116481266,116481267,38827089,35784324,5982
59,107,6313,166,38827089,3,7,-271789622,271789623,38827089,35784324,5982
59,107,6313,166,38827089,5,21,-815368868,815368869,38827089,35784324,5982
59,107,6313,166,38827089,7,43,-1669564826,1669564827,38827089,35784324,5982
59,109,6431,168,40298979,0,1,-40298978,40298979,40298979,37161216,6096
59,109,6431,168,40298979,1,1,-40298978,40298979,40298979,37161216,6096
59,109,6431,168,40298979,2,3,-120896936,120896937,40298979,37161216,6096
59,109,6431,168,40298979,3,7,-282092852,282092853,40298979,37161216,6096
59,109,6431,168,40298979,5,21,-846278558,846278559,40298979,37161216,6096
59,109,6431,168,40298979,7,43,-1732856096,1732856097,40298979,37161216,6096
59,113,6667,172,43324911,0,1,-43324910,43324911,43324911,39992976,6324
59,113,6667,172,43324911,1,1,-43324910,43324911,43324911,39992976,6324
59,113,6667,172,43324911,2,3,-129974732,129974733,43324911,39992976,6324
59,113,6667,172,43324911,3,7,-303274376,303274377,43324911,39992976,6324
59,113,6667,172,43324911,5,21,-909823130,909823131,43324911,39992976,6324
59,113,6667,172,43324911,7,43,-1862971172,1862971173,43324911,39992976,6324
59,127,7493,186,54778269,0,1,-54778268,54778269,54778269,50722884,7122
59,127,7493,186,54778269,1,1,-54778268,54778269,54778269,50722884,7122
59,127,7493,186,54778269,2,3,-164334806,164334807,54778269,50722884,7122
59,127,7493,186,54778269,3,7,-383447882,383447883,54778269,50722884,7122
59,127,7493,186,54778269,5,21,-1150343648,1150343649,54778269,50722884,7122
59,127,7493,186,54778269,7,43,-2355465566,2355465567,54778269,50722884,7122
59,131,7729,190,58297113,0,1,-58297112,58297113,58297113,54022500,7350
59,131,7729,190,58297113,1,1,-58297112,58297113,58297113,54022500,7350
59,131,7729,190,58297113,2,3,-174891338,174891339,58297113,54022500,7350
59,131,7729,190,58297113,3,7,-408079790,408079791,58297113,54022500,7350
59,131,7729,190,58297113,5,21,-1224239372,1224239373,58297113,54022500,7350
59,131,7729,190,58297113,7,43,-2506775858,2506775859,58297113,54022500,7350
59,137,8083,196,63780759,0,1,-63780758,63780759,63780759,59166864,7692
59,137,8083,196,63780759,1,1,-63780758,63780759,63780759,59166864,7692
59,137,8083,196,63780759,2,3,-191342276,191342277,63780759,59166864,7692
59,137,8083,196,63780759,3,7,-446465312,446465313,63780759,59166864,7692
59,137,8083,196,63780759,5,21,-1339395938,1339395939,63780759,59166864,7692
59,137,8083,196,63780759,7,43,-2742572636,2742572637,63780759,59166864,7692
59,139,8201,198,65663409,0,1,-65663408,65663409,65663409,60933636,7806
59,139,8201,198,65663409,1,1,-65663408,65663409,65663409,60933636,7806
59,139,8201,198,65663409,2,3,-196990226,196990227,65663409,60933636,7806
59,139,8201,198,65663409,3,7,-459643862,459643863,65663409,60933636,7806
59,139,8201,198,65663409,5,21,-1378931588,1378931589,65663409,60933636,7806
59,139,8201,198,65663409,7,43,-2823526586,2823526587,65663409,60933636,7806
59,149,8791,208,75487419,0,1,-75487418,75487419,75487419,70157376,8376
59,149,8791,208,75487419,1,1,-75487418,75487419,75487419,70157376,8376
59,149,8791,208,75487419,2,3,-226462256,226462257,75487419,70157376,8376
59,149,8791,208,75487419,3,7,-528411932,528411933,75487419,70157376,8376
59,149,8791,208,75487419,5,21,-1585235798,1585235799,75487419,70157376,8376
59,149,8791,208,75487419,7,43,-3245959016,3245959017,75487419,70157376,8376
59,151,8909,210,77534373,0,1,-77534372,77534373,77534373,72080100,8490
59,151,8909,210,77534373,1,1,-77534372,77534373,77534373,72080100,8490
59,151,8909,210,77534373,2,3,-232603118,232603119,77534373,72080100,8490
59,151,8909,210,77534373,3,7,-542740610,542740611,77534373,72080100,8490
59,151,8909,210,77534373,5,21,-1628221832,1628221833,77534373,72080100,8490
59,151,8909,210,77534373,7,43,-3333978038,3333978039,77534373,72080100,8490
59,157,9263,216,83839539,0,1,-83839538,83839539,83839539,78004224,8832
59,157,9263,216,83839539,1,1,-83839538,83839539,83839539,78004224,8832
59,157,9263,216,83839539,2,3,-251518616,251518617,83839539,78004224,8832
59,157,9263,216,83839539,3,7,-586876772,586876773,83839539,78004224,8832
59,157,9263,216,83839539,5,21,-1760630318,1760630319,83839539,78004224,8832
59,157,9263,216,83839539,7,43,-3605100176,3605100177,83839539,78004224,8832
59,163,9617,222,90391161,0,1,-90391160,90391161,90391161,84162276,9174
59,163,9617,222,90391161,1,1,-90391160,90391161,90391161,84162276,9174
59,163,9617,222,90391161,2,3,-271173482,271173483,90391161,84162276,9174
59,163,9617,222,90391161,3,7,-632738126,632738127,90391161,84162276,9174
59,163,9617,222,90391161,5,21,-1898214380,1898214381,90391161,84162276,9174
59,163,9617,222,90391161,7,43,-3886819922,3886819923,90391161,84162276,9174
59,167,9853,226,94895829,0,1,-94895828,94895829,94895829,88397604,9402
59,167,9853,226,94895829,1,1,-94895828,94895829,94895829,88397604,9402
59,167,9853,226,94895829,2,3,-284687486,284687487,94895829,88397604,9402
59,167,9853,226,94895829,3,7,-664270802,664270803,94895829,88397604,9402
59,167,9853,226,94895829,5,21,-1992812408,1992812409,94895829,88397604,9402
59,167,9853,226,94895829,7,43,-4080520646,4080520647,94895829,88397604,9402
59,173,10207,232,101858211,0,1,-101858210,101858211,101858211,94945536,9744
59,173,10207,232,101858211,1,1,-101858210,101858211,101858211,94945536,9744
59,173,10207,232,101858211,2,3,-305574632,305574633,101858211,94945536,9744
59,173,10207,232,101858211,3,7,-713007476,713007477,101858211,94945536,9744
59,173,10207,232,101858211,5,21,-2139022430,2139022431,101858211,94945536,9744
59,173,10207,232,101858211,7,43,-4379903072,4379903073,101858211,94945536,9744
59,179,10561,238,109067049,0,1,-109067048,109067049,109067049,101727396,10086
59,179,10561,238,109067049,1,1,-109067048,109067049,109067049,101727396,10086
59,179,10561,238,109067049,2,3,-327201146,327201147,109067049,101727396,10086
59,179,10561,238,109067049,3,7,-763469342,763469343,109067049,101727396,10086
59,179,10561,238,109067049,5,21,-2290408028,2290408029,109067049,101727396,10086
59,179,10561,238,109067049,7,43,-4689883106,4689883107,109067049,101727396,10086
59,181,10679,240,111524763,0,1,-111524762,111524763,111524763,104040000,10200
59,181,10679,240,111524763,1,1,-111524762,111524763,111524763,104040000,10200
59,181,10679,240,111524763,2,3,-334574288,334574289,111524763,104040000,10200
59,181,10679,240,111524763,3,7,-780673340,780673341,111524763,104040000,10200
59,181,10679,240,111524763,5,21,-2342020022,2342020023,111524763,104040000,10200
59,181,10679,240,111524763,7,43,-4795564808,4795564809,111524763,104040000,10200
59,191,11269,250,124224093,0,1,-124224092,124224093,124224093,115992900,10770
59,191,11269,250,124224093,1,1,-124224092,124224093,124224093,115992900,10770
59,191,11269,250,124224093,2,3,-372672278,372672279,124224093,115992900,10770
59,191,11269,250,124224093,3,7,-869568650,869568651,124224093,115992900,10770
59,191,11269,250,124224093,5,21,-2608705952,2608705953,124224093,115992900,10770
59,191,11269,250,124224093,7,43,-5341635998,5341635999,124224093,115992900,10770
59,193,11387,252,126846111,0,1,-126846110,126846111,126846111,118461456,10884
59,193,11387,252,126846111,1,1,-126846110,126846111,126846111,118461456,10884
59,193,11387,252,126846111,2,3,-380538332,380538333,126846111,118461456,10884
59,193,11387,252,126846111,3,7,-887922776,887922777,126846111,118461456,10884
59,193,11387,252,126846111,5,21,-2663768330,2663768331,126846111,118461456,10884
59,193,11387,252,126846111,7,43,-5454382772,5454382773,126846111,118461456,10884
59,197,11623,256,132172299,0,1,-132172298,132172299,132172299,123476544,11112
59,197,11623,256,132172299,1,1,-132172298,132172299,132172299,123476544,11112
59,197,11623,256,132172299,2,3,-396516896,396516897,132172299,123476544,11112
59,197,11623,256,132172299,3,7,-925206092,925206093,132172299,123476544,11112
59,197,11623,256,132172299,5,21,-2775618278,2775618279,132172299,123476544,11112
59,197,11623,256,132172299,7,43,-5683408856,5683408857,132172299,123476544,11112
59,199,11741,258,134876469,0,1,-134876468,134876469,134876469,126023076,11226
59,199,11741,258,134876469,1,1,-134876468,134876469,134876469,126023076,11226
59,199,11741,258,134876469,2,3,-404629406,404629407,134876469,126023076,11226
59,199,11741,258,134876469,3,7,-944135282,944135283,134876469,126023076,11226
59,199,11741,258,134876469,5,21,-2832405848,2832405849,134876469,126023076,11226
59,199,11741,258,134876469,7,43,-5799688166,5799688167,134876469,126023076,11226
59,211,12449,270,151676553,0,1,-151676552,151676553,151676553,141848100,11910
59,211,12449,270,151676553,1,1,-151676552,151676553,151676553,141848100,11910
59,211,12449,270,151676553,2,3,-455029658,455029659,151676553,141848100,11910
59,211,12449,270,151676553,3,7,-1061735870,1061735871,151676553,141848100,11910
59,211,12449,270,151676553,5,21,-3185207612,3185207613,151676553,141848100,11910
59,211,12449,270,151676553,7,43,-6522091778,6522091779,151676553,141848100,11910
59,223,13157,282,169462461,0,1,-169462460,169462461,169462461,158608836,12594
59,223,13157,282,169462461,1,1,-169462460,169462461,169462461,158608836,12594
59,223,13157,282,169462461,2,3,-508387382,508387383,169462461,158608836,12594
59,223,13157,282,169462461,3,7,-1186237226,1186237227,169462461,158608836,12594
59,223,13157,282,169462461,5,21,-3558711680,3558711681,169462461,158608836,12594
59,223,13157,282,169462461,7,43,-7286885822,7286885823,169462461,158608836,12594
59,227,13393,286,175610169,0,1,-175610168,175610169,175610169,164403684,12822
59,227,13393,286,175610169,1,1,-175610168,175610169,175610169,164403684,12822
59,227,13393,286,175610169,2,3,-526830506,526830507,175610169,164403684,12822
59,227,13393,286,175610169,3,7,-1229271182,1229271183,175610169,164403684,12822
59,227,13393,286,175610169,5,21,-3687813548,3687813549,175610169,164403684,12822
59,227,13393,286,175610169,7,43,-7551237266,7551237267,175610169,164403684,12822
59,229,13511,288,178725099,0,1,-178725098,178725099,178725099,167340096,12936
59,229,13511,288,178725099,1,1,-178725098,178725099,178725099,167340096,12936
59,229,13511,288,178725099,2,3,-536175296,536175297,178725099,167340096,12936
59,229,13511,288,178725099,3,7,-1251075692,1251075693,178725099,167340096,12936
59,229,13511,288,178725099,5,21,-3753227078,3753227079,178725099,167340096,12936
59,229,13511,288,178725099,7,43,-7685179256,7685179257,178725099,167340096,12936
59,233,13747,292,185037111,0,1,-185037110,185037111,185037111,173290896,13164
59,233,13747,292,185037111,1,1,-185037110,185037111,185037111,173290896,13164
59,233,13747,292,185037111,2,3,-555111332,555111333,185037111,173290896,13164
59,233,13747,292,185037111,3,7,-1295259776,1295259777,185037111,173290896,13164
59,233,13747,292,185037111,5,21,-3885779330,3885779331,185037111,173290896,13164
59,233,13747,292,185037111,7,43,-7956595772,7956595773,185037111,173290896,13164
59,239,14101,298,194710509,0,1,-194710508,194710509,194710509,182412036,13506
59,239,14101,298,194710509,1,1,-194710508,194710509,194710509,182412036,13506
59,239,14101,298,194710509,2,3,-584131526,584131527,194710509,182412036,13506
59,239,14101,298,194710509,3,7,-1362973562,1362973563,194710509,182412036,13506
59,239,14101,298,194710509,5,21,-4088920688,4088920689,194710509,182412036,13506
59,239,14101,298,194710509,7,43,-8372551886,8372551887,194710509,182412036,13506
59,241,14219,300,197989743,0,1,-197989742,197989743,197989743,185504400,13620
59,241,14219,300,197989743,1,1,-197989742,197989743,197989743,185504400,13620
59,241,14219,300,197989743,2,3,-593969228,593969229,197989743,185504400,13620
59,241,14219,300,197989743,3,7,-1385928200,1385928201,197989743,185504400,13620
59,241,14219,300,197989743,5,21,-4157784602,4157784603,197989743,185504400,13620
59,241,14219,300,197989743,7,43,-8513558948,8513558949,197989743,185504400,13620
59,251,14809,310,214796673,0,1,-214796672,214796673,214796673,201356100,14190
59,251,14809,310,214796673,1,1,-214796672,214796673,214796673,201356100,14190
59,251,14809,310,214796673,2,3,-644390018,644390019,214796673,201356100,14190
59,251,14809,310,214796673,3,7,-1503576710,1503576711,214796673,201356100,14190
59,251,14809,310,214796673,5,21,-4510730132,4510730133,214796673,201356100,14190
59,251,14809,310,214796673,7,43,-9236256938,9236256939,214796673,201356100,14190
59,257,15163,316,225209439,0,1,-225209438,225209439,225209439,211179024,14532
59,257,15163,316,225209439,1,1,-225209438,225209439,225209439,211179024,14532
59,257,15163,316,225209439,2,3,-675628316,675628317,225209439,211179024,14532
59,257,15163,316,225209439,3,7,-1576466072,1576466073,225209439,211179024,14532
59,257,15163,316,225209439,5,21,-4729398218,4729398219,225209439,211179024,14532
59,257,15163,316,225209439,7,43,-9684005876,9684005877,225209439,211179024,14532
59,263,15517,322,235868661,0,1,-235868660,235868661,235868661,221235876,14874
59,263,15517,322,235868661,1,1,-235868660,235868661,235868661,221235876,14874
59,263,15517,322,235868661,2,3,-707605982,707605983,235868661,221235876,14874
59,263,15517,322,235868661,3,7,-1651080626,1651080627,235868661,221235876,14874
59,263,15517,322,235868661,5,21,-4953241880,4953241881,235868661,221235876,14874
59,263,15517,322,235868661,7,43,-10142352422,10142352423,235868661,221235876,14874
59,269,15871,328,246774339,0,1,-246774338,246774339,246774339,231526656,15216
59,269,15871,328,246774339,1,1,-246774338,246774339,246774339,231526656,15216
59,269,15871,328,246774339,2,3,-740323016,740323017,246774339,231526656,15216
59,269,15871,328,246774339,3,7,-1727420372,1727420373,246774339,231526656,15216
59,269,15871,328,246774339,5,21,-5182261118,5182261119,246774339,231526656,15216
59,269,15871,328,246774339,7,43,-10611296576,10611296577,246774339,231526656,15216
59,271,15989,330,250464333,0,1,-250464332,250464333,250464333,235008900,15330
59,271,15989,330,250464333,1,1,-250464332,250464333,250464333,235008900,15330
59,271,15989,330,250464333,2,3,-751392998,751392999,250464333,235008900,15330
59,271,15989,330,250464333,3,7,-1753250330,1753250331,250464333,235008900,15330
59,271,15989,330,250464333,5,21,-5259750992,5259750993,250464333,235008900,15330
59,271,15989,330,250464333,7,43,-10769966318,10769966319,250464333,235008900,15330
59,277,16343,336,261698619,0,1,-261698618,261698619,261698619,245611584,15672
59,277,16343,336,261698619,1,1,-261698618,261698619,261698619,245611584,15672
59,277,16343,336,261698619,2,3,-785095856,785095857,261698619,245611584,15672
59,277,16343,336,261698619,3,7,-1831890332,1831890333,261698619,245611584,15672
59,277,16343,336,261698619,5,21,-5495670998,5495670999,261698619,245611584,15672
59,277,16343,336,261698619,7,43,-11253040616,11253040617,261698619,245611584,15672
59,281,16579,340,269325063,0,1,-269325062,269325063,269325063,252810000,15900
59,281,16579,340,269325063,1,1,-269325062,269325063,269325063,252810000,15900
59,281,16579,340,269325063,2,3,-807975188,807975189,269325063,252810000,15900
59,281,16579,340,269325063,3,7,-1885275440,1885275441,269325063,252810000,15900
59,281,16579,340,269325063,5,21,-5655826322,5655826323,269325063,252810000,15900
59,281,16579,340,269325063,7,43,-11580977708,11580977709,269325063,252810000,15900
59,283,16697,342,273179361,0,1,-273179360,273179361,273179361,256448196,16014
59,283,16697,342,273179361,1,1,-273179360,273179361,273179361,256448196,16014
59,283,16697,342,273179361,2,3,-819538082,819538083,273179361,256448196,16014
59,283,16697,342,273179361,3,7,-1912255526,1912255527,273179361,256448196,16014
59,283,16697,342,273179361,5,21,-5736766580,5736766581,273179361,256448196,16014
59,283,16697,342,273179361,7,43,-11746712522,11746712523,273179361,256448196,16014
59,293,17287,352,292861611,0,1,-292861610,292861611,292861611,275029056,16584
59,293,17287,352,292861611,1,1,-292861610,292861611,292861611,275029056,16584
59,293,17287,352,292861611,2,3,-878584832,878584833,292861611,275029056,16584
59,293,17287,352,292861611,3,7,-2050031276,2050031277,292861611,275029056,16584
59,293,17287,352,292861611,5,21,-6150093830,6150093831,292861611,275029056,16584
59,293,17287,352,292861611,7,43,-12593049272,12593049273,292861611,275029056,16584
61,67,4087,128,16192603,0,1,-16192602,16192603,16192603,14684224,3832
61,67,4087,128,16192603,1,1,-16192602,16192603,16192603,14684224,3832
61,67,4087,128,16192603,2,3,-48577808,48577809,16192603,14684224,3832
61,67,4087,128,16192603,3,7,-113348220,113348221,16192603,14684224,3832
61,67,4087,128,16192603,5,21,-340044662,340044663,16192603,14684224,3832
61,67,4087,128,16192603,7,43,-696281928,696281929,16192603,14684224,3832
61,71,4331,132,18198831,0,1,-18198830,18198831,18198831,16548624,4068
61,71,4331,132,18198831,1,1,-18198830,18198831,18198831,16548624,4068
61,71,4331,132,18198831,2,3,-54596492,54596493,18198831,16548624,4068
61,71,4331,132,18198831,3,7,-127391816,127391817,18198831,16548624,4068
61,71,4331,132,18198831,5,21,-382175450,382175451,18198831,16548624,4068
61,71,4331,132,18198831,7,43,-782549732,782549733,18198831,16548624,4068
61,73,4453,134,19245877,0,1,-19245876,19245877,19245877,17522596,4186
61,73,4453,134,19245877,1,1,-19245876,19245877,19245877,17522596,4186
61,73,4453,134,19245877,2,3,-57737630,57737631,19245877,17522596,4186
61,73,4453,134,19245877,3,7,-134721138,134721139,19245877,17522596,4186
61,73,4453,134,19245877,5,21,-404163416,404163417,19245877,17522596,4186
61,73,4453,134,19245877,7,43,-827572710,827572711,19245877,17522596,4186
61,79,4819,140,22562743,0,1,-22562742,22562743,22562743,20611600,4540
61,79,4819,140,22562743,1,1,-22562742,22562743,22562743,20611600,4540
61,79,4819,140,22562743,2,3,-67688228,67688229,22562743,20611600,4540
61,79,4819,140,22562743,3,7,-157939200,157939201,22562743,20611600,4540
61,79,4819,140,22562743,5,21,-473817602,473817603,22562743,20611600,4540
61,79,4819,140,22562743,7,43,-970197948,970197949,22562743,20611600,4540
61,83,5063,144,24920427,0,1,-24920426,24920427,24920427,22810176,4776
61,83,5063,144,24920427,1,1,-24920426,24920427,24920427,22810176,4776
61,83,5063,144,24920427,2,3,-74761280,74761281,24920427,22810176,4776
61,83,5063,144,24920427,3,7,-174442988,174442989,24920427,22810176,4776
61,83,5063,144,24920427,5,21,-523328966,523328967,24920427,22810176,4776
61,83,5063,144,24920427,7,43,-1071578360,1071578361,24920427,22810176,4776
61,89,5429,150,28676613,0,1,-28676612,28676613,28676613,26316900,5130
61,89,5429,150,28676613,1,1,-28676612,28676613,28676613,26316900,5130
61,89,5429,150,28676613,2,3,-86029838,86029839,28676613,26316900,5130
61,89,5429,150,28676613,3,7,-200736290,200736291,28676613,26316900,5130
61,89,5429,150,28676613,5,21,-602208872,602208873,28676613,26316900,5130
61,89,5429,150,28676613,7,43,-1233094358,1233094359,28676613,26316900,5130
61,97,5917,158,34094893,0,1,-34094892,34094893,34094893,31382404,5602
61,97,5917,158,34094893,1,1,-34094892,34094893,34094893,31382404,5602
61,97,5917,158,34094893,2,3,-102284678,102284679,34094893,31382404,5602
61,97,5917,158,34094893,3,7,-238664250,238664251,34094893,31382404,5602
61,97,5917,158,34094893,5,21,-715992752,715992753,34094893,31382404,5602
61,97,5917,158,34094893,7,43,-1466080398,1466080399,34094893,31382404,5602
61,101,6161,162,36979761,0,1,-36979760,36979761,36979761,34082244,5838
61,101,6161,162,36979761,1,1,-36979760,36979761,36979761,34082244,5838
61,101,6161,162,36979761,2,3,-110939282,110939283,36979761,34082244,5838
61,101,6161,162,36979761,3,7,-258858326,258858327,36979761,34082244,5838
61,101,6161,162,36979761,5,21,-776574980,776574981,36979761,34082244,5838
61,101,6161,162,36979761,7,43,-1590129722,1590129723,36979761,34082244,5838
61,103,6283,164,38466127,0,1,-38466126,38466127,38466127,35473936,5956
61,103,6283,164,38466127,1,1,-38466126,38466127,38466127,35473936,5956
61,103,6283,164,38466127,2,3,-115398380,115398381,38466127,35473936,5956
61,103,6283,164,38466127,3,7,-269262888,269262889,38466127,35473936,5956
61,103,6283,164,38466127,5,21,-807788666,807788667,38466127,35473936,5956
61,103,6283,164,38466127,7,43,-1654043460,1654043461,38466127,35473936,5956
61,107,6527,168,41526723,0,1,-41526722,41526723,41526723,38340864,6192
61,107,6527,168,41526723,1,1,-41526722,41526723,41526723,38340864,6192
61,107,6527,168,41526723,2,3,-124580168,124580169,41526723,38340864,6192
61,107,6527,168,41526723,3,7,-290687060,290687061,41526723,38340864,6192
61,107,6527,168,41526723,5,21,-872061182,872061183,41526723,38340864,6192
61,107,6527,168,41526723,7,43,-1785649088,1785649089,41526723,38340864,6192
61,109,6649,170,43100953,0,1,-43100952,43100953,43100953,39816100,6310
61,109,6649,170,43100953,1,1,-43100952,43100953,43100953,39816100,6310
61,109,6649,170,43100953,2,3,-129302858,129302859,43100953,39816100,6310
61,109,6649,170,43100953,3,7,-301706670,301706671,43100953,39816100,6310
61,109,6649,170,43100953,5,21,-905120012,905120013,43100953,39816100,6310
61,109,6649,170,43100953,7,43,-1853340978,1853340979,43100953,39816100,6310
61,113,6893,174,46337277,0,1,-46337276,46337277,46337277,42850116,6546
61,113,6893,174,46337277,1,1,-46337276,46337277,46337277,42850116,6546
61,113,6893,174,46337277,2,3,-139011830,139011831,46337277,42850116,6546
61,113,6893,174,46337277,3,7,-324360938,324360939,46337277,42850116,6546
61,113,6893,174,46337277,5,21,-973082816,973082817,46337277,42850116,6546
61,113,6893,174,46337277,7,43,-1992502910,1992502911,46337277,42850116,6546
61,127,7747,188,58586983,0,1,-58586982,58586983,58586983,54346384,7372
61,127,7747,188,58586983,1,1,-58586982,58586983,58586983,54346384,7372
61,127,7747,188,58586983,2,3,-175760948,175760949,58586983,54346384,7372
61,127,7747,188,58586983,3,7,-410108880,410108881,58586983,54346384,7372
61,127,7747,188,58586983,5,21,-1230326642,1230326643,58586983,54346384,7372
61,127,7747,188,58586983,7,43,-2519240268,2519240269,58586983,54346384,7372
61,131,7991,192,62350491,0,1,-62350490,62350491,62350491,57881664,7608
61,131,7991,192,62350491,1,1,-62350490,62350491,62350491,57881664,7608
61,131,7991,192,62350491,2,3,-187051472,187051473,62350491,57881664,7608
61,131,7991,192,62350491,3,7,-436453436,436453437,62350491,57881664,7608
61,131,7991,192,62350491,5,21,-1309360310,1309360311,62350491,57881664,7608
61,131,7991,192,62350491,7,43,-2681071112,2681071113,62350491,57881664,7608
61,137,8357,198,68215413,0,1,-68215412,68215413,68215413,63393444,7962
61,137,8357,198,68215413,1,1,-68215412,68215413,68215413,63393444,7962
61,137,8357,198,68215413,2,3,-204646238,204646239,68215413,63393444,7962
61,137,8357,198,68215413,3,7,-477507890,477507891,68215413,63393444,7962
61,137,8357,198,68215413,5,21,-1432523672,1432523673,68215413,63393444,7962
61,137,8357,198,68215413,7,43,-2933262758,2933262759,68215413,63393444,7962
61,139,8479,200,70228963,0,1,-70228962,70228963,70228963,65286400,8080
61,139,8479,200,70228963,1,1,-70228962,70228963,70228963,65286400,8080
61,139,8479,200,70228963,2,3,-210686888,210686889,70228963,65286400,8080
61,139,8479,200,70228963,3,7,-491602740,491602741,70228963,65286400,8080
61,139,8479,200,70228963,5,21,-1474808222,1474808223,70228963,65286400,8080
61,139,8479,200,70228963,7,43,-3019845408,3019845409,70228963,65286400,8080
61,149,9089,210,80736033,0,1,-80736032,80736033,80736033,75168900,8670
61,149,9089,210,80736033,1,1,-80736032,80736033,80736033,75168900,8670
61,149,9089,210,80736033,2,3,-242208098,242208099,80736033,75168900,8670
61,149,9089,210,80736033,3,7,-565152230,565152231,80736033,75168900,8670
61,149,9089,210,80736033,5,21,-1695456692,1695456693,80736033,75168900,8670
61,149,9089,210,80736033,7,43,-3471649418,3471649419,80736033,75168900,8670
61,151,9211,212,82925311,0,1,-82925310,82925311,82925311,77228944,8788
61,151,9211,212,82925311,1,1,-82925310,82925311,82925311,77228944,8788
61,151,9211,212,82925311,2,3,-248775932,248775933,82925311,77228944,8788
61,151,9211,212,82925311,3,7,-580477176,580477177,82925311,77228944,8788
61,151,9211,212,82925311,5,21,-1741431530,1741431531,82925311,77228944,8788
61,151,9211,212,82925311,7,43,-3565788372,3565788373,82925311,77228944,8788
61,157,9577,218,89668873,0,1,-89668872,89668873,89668873,83576164,9142
61,157,9577,218,89668873,1,1,-89668872,89668873,89668873,83576164,9142
61,157,9577,218,89668873,2,3,-269006618,269006619,89668873,83576164,9142
61,157,9577,218,89668873,3,7,-627682110,627682111,89668873,83576164,9142
61,157,9577,218,89668873,5,21,-1883046332,1883046333,89668873,83576164,9142
61,157,9577,218,89668873,7,43,-3855761538,3855761539,89668873,83576164,9142
61,163,9943,224,96676027,0,1,-96676026,96676027,96676027,90174016,9496
61,163,9943,224,96676027,1,1,-96676026,96676027,96676027,90174016,9496
61,163,9943,224,96676027,2,3,-290028080,290028081,96676027,90174016,9496
61,163,9943,224,96676027,3,7,-676732188,676732189,96676027,90174016,9496
61,163,9943,224,96676027,5,21,-2030196566,2030196567,96676027,90174016,9496
61,163,9943,224,96676027,7,43,-4157069160,4157069161,96676027,90174016,9496
61,167,10187,228,101493903,0,1,-101493902,101493903,101493903,94711824,9732
61,167,10187,228,101493903,1,1,-101493902,101493903,101493903,94711824,9732
61,167,10187,228,101493903,2,3,-304481708,304481709,101493903,94711824,9732
61,167,10187,228,101493903,3,7,-710457320,710457321,101493903,94711824,9732
61,167,10187,228,101493903,5,21,-2131371962,2131371963,101493903,94711824,9732
61,167,10187,228,101493903,7,43,-4364237828,4364237829,101493903,94711824,9732
61,173,10553,234,108940377,0,1,-108940376,108940377,108940377,101727396,10086
61,173,10553,234,108940377,1,1,-108940376,108940377,108940377,101727396,10086
61,173,10553,234,108940377,2,3,-326821130,326821131,108940377,101727396,10086
61,173,10553,234,108940377,3,7,-762582638,762582639,108940377,101727396,10086
61,173,10553,234,108940377,5,21,-2287747916,2287747917,108940377,101727396,10086
61,173,10553,234,108940377,7,43,-4684436210,4684436211,108940377,101727396,10086
61,179,10919,240,116650443,0,1,-116650442,116650443,116650443,108993600,10440
61,179,10919,240,116650443,1,1,-116650442,116650443,116650443,108993600,10440
61,179,10919,240,116650443,2,3,-349951328,349951329,116650443,108993600,10440
61,179,10919,240,116650443,3,7,-816553100,816553101,116650443,108993600,10440
61,179,10919,240,116650443,5,21,-2449659302,2449659303,116650443,108993600,10440
61,179,10919,240,116650443,7,43,-5015969048,5015969049,116650443,108993600,10440
61,181,11041,242,119279041,0,1,-119279040,119279041,119279041,111471364,10558
61,181,11041,242,119279041,1,1,-119279040,119279041,119279041,111471364,10558
61,181,11041,242,119279041,2,3,-357837122,357837123,119279041,111471364,10558
61,181,11041,242,119279041,3,7,-834953286,834953287,119279041,111471364,10558
61,181,11041,242,119279041,5,21,-2504859860,2504859861,119279041,111471364,10558
61,181,11041,242,119279041,7,43,-5128998762,5128998763,119279041,111471364,10558
61,191,11651,252,132861351,0,1,-132861350,132861351,132861351,124277904,11148
61,191,11651,252,132861351,1,1,-132861350,132861351,132861351,124277904,11148
61,191,11651,252,132861351,2,3,-398584052,398584053,132861351,124277904,11148
61,191,11651,252,132861351,3,7,-930029456,930029457,132861351,124277904,11148
61,191,11651,252,132861351,5,21,-2790088370,2790088371,132861351,124277904,11148
61,191,11651,252,132861351,7,43,-5713038092,5713038093,132861351,124277904,11148
61,193,11773,254,135665677,0,1,-135665676,135665677,135665677,126922756,11266
61,193,11773,254,135665677,1,1,-135665676,135665677,135665677,126922756,11266
61,193,11773,254,135665677,2,3,-406997030,406997031,135665677,126922756,11266
61,193,11773,254,135665677,3,7,-949659738,949659739,135665677,126922756,11266
61,193,11773,254,135665677,5,21,-2848979216,2848979217,135665677,126922756,11266
61,193,11773,254,135665677,7,43,-5833624110,5833624111,135665677,126922756,11266
61,197,12017,258,141362193,0,1,-141362192,141362193,141362193,132296004,11502
61,197,12017,258,141362193,1,1,-141362192,141362193,141362193,132296004,11502
61,197,12017,258,141362193,2,3,-424086578,424086579,141362193,132296004,11502
61,197,12017,258,141362193,3,7,-989535350,989535351,141362193,132296004,11502
61,197,12017,258,141362193,5,21,-2968606052,2968606053,141362193,132296004,11502
61,197,12017,258,141362193,7,43,-6078574298,6078574299,141362193,132296004,11502
61,199,12139,260,144254383,0,1,-144254382,144254383,144254383,135024400,11620
61,199,12139,260,144254383,1,1,-144254382,144254383,144254383,135024400,11620
61,199,12139,260,144254383,2,3,-432763148,432763149,144254383,135024400,11620
61,199,12139,260,144254383,3,7,-1009780680,1009780681,144254383,135024400,11620
61,199,12139,260,144254383,5,21,-3029342042,3029342043,144254383,135024400,11620
61,199,12139,260,144254383,7,43,-6202938468,6202938469,144254383,135024400,11620
61,211,12871,272,162222571,0,1,-162222570,162222571,162222571,151979584,12328
61,211,12871,272,162222571,1,1,-162222570,162222571,162222571,151979584,12328
61,211,12871,272,162222571,2,3,-486667712,486667713,162222571,151979584,12328
61,211,12871,272,162222571,3,7,-1135557996,1135557997,162222571,151979584,12328
61,211,12871,272,162222571,5,21,-3406673990,3406673991,162222571,151979584,12328
61,211,12871,272,162222571,7,43,-6975570552,6975570553,162222571,151979584,12328
61,223,13603,284,181245127,0,1,-181245126,181245127,181245127,169937296,13036
61,223,13603,284,181245127,1,1,-181245126,181245127,181245127,169937296,13036
61,223,13603,284,181245127,2,3,-543735380,543735381,181245127,169937296,13036
61,223,13603,284,181245127,3,7,-1268715888,1268715889,181245127,169937296,13036
61,223,13603,284,181245127,5,21,-3806147666,3806147667,181245127,169937296,13036
61,223,13603,284,181245127,7,43,-7793540460,7793540461,181245127,169937296,13036
61,227,13847,288,187820283,0,1,-187820282,187820283,187820283,176145984,13272
61,227,13847,288,187820283,1,1,-187820282,187820283,187820283,176145984,13272
61,227,13847,288,187820283,2,3,-563460848,563460849,187820283,176145984,13272
61,227,13847,288,187820283,3,7,-1314741980,1314741981,187820283,176145984,13272
61,227,13847,288,187820283,5,21,-3944225942,3944225943,187820283,176145984,13272
61,227,13847,288,187820283,7,43,-8076272168,8076272169,187820283,176145984,13272
61,229,13969,290,191151793,0,1,-191151792,191151793,191151793,179292100,13390
61,229,13969,290,191151793,1,1,-191151792,191151793,191151793,179292100,13390
61,229,13969,290,191151793,2,3,-573455378,573455379,191151793,179292100,13390
61,229,13969,290,191151793,3,7,-1338062550,1338062551,191151793,179292100,13390
61,229,13969,290,191151793,5,21,-4014187652,4014187653,191151793,179292100,13390
61,229,13969,290,191151793,7,43,-8219527098,8219527099,191151793,179292100,13390
61,233,14213,294,197902677,0,1,-197902676,197902677,197902677,185667876,13626
61,233,14213,294,197902677,1,1,-197902676,197902677,197902677,185667876,13626
61,233,14213,294,197902677,2,3,-593708030,593708031,197902677,185667876,13626
61,233,14213,294,197902677,3,7,-1385318738,1385318739,197902677,185667876,13626
61,233,14213,294,197902677,5,21,-4155956216,4155956217,197902677,185667876,13626
61,233,14213,294,197902677,7,43,-8509815110,8509815111,197902677,185667876,13626
61,239,14579,300,208248663,0,1,-208248662,208248663,208248663,195440400,13980
61,239,14579,300,208248663,1,1,-208248662,208248663,208248663,195440400,13980
61,239,14579,300,208248663,2,3,-624745988,624745989,208248663,195440400,13980
61,239,14579,300,208248663,3,7,-1457740640,1457740641,208248663,195440400,13980
61,239,14579,300,208248663,5,21,-4373221922,4373221923,208248663,195440400,13980
61,239,14579,300,208248663,7,43,-8954692508,8954692509,208248663,195440400,13980
61,241,14701,302,211755901,0,1,-211755900,211755901,211755901,198753604,14098
61,241,14701,302,211755901,1,1,-211755900,211755901,211755901,198753604,14098
61,241,14701,302,211755901,2,3,-635267702,635267703,211755901,198753604,14098
61,241,14701,302,211755901,3,7,-1482291306,1482291307,211755901,198753604,14098
61,241,14701,302,211755901,5,21,-4446873920,4446873921,211755901,198753604,14098
61,241,14701,302,211755901,7,43,-9105503742,9105503743,211755901,198753604,14098
61,251,15311,312,229731411,0,1,-229731410,229731411,229731411,215737344,14688
61,251,15311,312,229731411,1,1,-229731410,229731411,229731411,215737344,14688
61,251,15311,312,229731411,2,3,-689194232,689194233,229731411,215737344,14688
61,251,15311,312,229731411,3,7,-1608119876,1608119877,229731411,215737344,14688
61,251,15311,312,229731411,5,21,-4824359630,4824359631,229731411,215737344,14688
61,251,15311,312,229731411,7,43,-9878450672,9878450673,229731411,215737344,14688
61,257,15677,318,240868173,0,1,-240868172,240868173,240868173,226261764,15042
61,257,15677,318,240868173,1,1,-240868172,240868173,240868173,226261764,15042
61,257,15677,318,240868173,2,3,-722604518,722604519,240868173,226261764,15042
61,257,15677,318,240868173,3,7,-1686077210,1686077211,240868173,226261764,15042
61,257,15677,318,240868173,5,21,-5058231632,5058231633,240868173,226261764,15042
61,257,15677,318,240868173,7,43,-10357331438,10357331439,240868173,226261764,15042
61,263,16043,324,252268527,0,1,-252268526,252268527,252268527,237036816,15396
61,263,16043,324,252268527,1,1,-252268526,252268527,252268527,237036816,15396
61,263,16043,324,252268527,2,3,-756805580,756805581,252268527,237036816,15396
61,263,16043,324,252268527,3,7,-1765879688,1765879689,252268527,237036816,15396
61,263,16043,324,252268527,5,21,-5297639066,5297639067,252268527,237036816,15396
61,263,16043,324,252268527,7,43,-10847546660,10847546661,252268527,237036816,15396
61,269,16409,330,263932473,0,1,-263932472,263932473,263932473,248062500,15750
61,269,16409,330,263932473,1,1,-263932472,263932473,263932473,248062500,15750
61,269,16409,330,263932473,2,3,-791797418,791797419,263932473,248062500,15750
61,269,16409,330,263932473,3,7,-1847527310,1847527311,263932473,248062500,15750
61,269,16409,330,263932473,5,21,-5542581932,5542581933,263932473,248062500,15750
61,269,16409,330,263932473,7,43,-11349096338,11349096339,263932473,248062500,15750
61,271,16531,332,267879031,0,1,-267879030,267879031,267879031,251793424,15868
61,271,16531,332,267879031,1,1,-267879030,267879031,267879031,251793424,15868
61,271,16531,332,267879031,2,3,-803637092,803637093,267879031,251793424,15868
61,271,16531,332,267879031,3,7,-1875153216,1875153217,267879031,251793424,15868
61,271,16531,332,267879031,5,21,-5625459650,5625459651,267879031,251793424,15868
61,271,16531,332,267879031,7,43,-11518798332,11518798333,267879031,251793424,15868
61,277,16897,338,279894433,0,1,-279894432,279894433,279894433,263153284,16222
61,277,16897,338,279894433,1,1,-279894432,279894433,279894433,263153284,16222
61,277,16897,338,279894433,2,3,-839683298,839683299,279894433,263153284,16222
61,277,16897,338,279894433,3,7,-1959261030,1959261031,279894433,263153284,16222
61,277,16897,338,279894433,5,21,-5877783092,5877783093,279894433,263153284,16222
61,277,16897,338,279894433,7,43,-12035460618,12035460619,279894433,263153284,16222
61,281,17141,342,288051141,0,1,-288051140,288051141,288051141,270865764,16458
61,281,17141,342,288051141,1,1,-288051140,288051141,288051141,270865764,16458
61,281,17141,342,288051141,2,3,-864153422,864153423,288051141,270865764,16458
61,281,17141,342,288051141,3,7,-2016357986,2016357987,288051141,270865764,16458
61,281,17141,342,288051141,5,21,-6049073960,6049073961,288051141,270865764,16458
61,281,17141,342,288051141,7,43,-12386199062,12386199063,288051141,270865764,16458
61,283,17263,344,292173427,0,1,-292173426,292173427,292173427,274763776,16576
61,283,17263,344,292173427,1,1,-292173426,292173427,292173427,274763776,16576
61,283,17263,344,292173427,2,3,-876520280,876520281,292173427,274763776,16576
61,283,17263,344,292173427,3,7,-2045213988,2045213989,292173427,274763776,16576
61,283,17263,344,292173427,5,21,-6135641966,6135641967,292173427,274763776,16576
61,283,17263,344,292173427,7,43,-12563457360,12563457361,292173427,274763776,16576
61,293,17873,354,313224177,0,1,-313224176,313224177,313224177,294671556,17166
61,293,17873,354,313224177,1,1,-313224176,313224177,313224177,294671556,17166
61,293,17873,354,313224177,2,3,-939672530,939672531,313224177,294671556,17166
61,293,17873,354,313224177,3,7,-2192569238,2192569239,313224177,294671556,17166
61,293,17873,354,313224177,5,21,-6577707716,6577707717,313224177,294671556,17166
61,293,17873,354,313224177,7,43,-13468639610,13468639611,313224177,294671556,17166
67,71,4757,138,21986733,0,1,-21986732,21986733,21986733,20088324,4482
67,71,4757,138,21986733,1,1,-21986732,21986733,21986733,20088324,4482
67,71,4757,138,21986733,2,3,-65960198,65960199,21986733,20088324,4482
67,71,4757,138,21986733,3,7,-153907130,153907131,21986733,20088324,4482
67,71,4757,138,21986733,5,21,-461721392,461721393,21986733,20088324,4482
67,71,4757,138,21986733,7,43,-945429518,945429519,21986733,20088324,4482
67,73,4891,140,23251711,0,1,-23251710,23251711,23251711,21270544,4612
67,73,4891,140,23251711,1,1,-23251710,23251711,23251711,21270544,4612
67,73,4891,140,23251711,2,3,-69755132,69755133,23251711,21270544,4612
67,73,4891,140,23251711,3,7,-162761976,162761977,23251711,21270544,4612
67,73,4891,140,23251711,5,21,-488285930,488285931,23251711,21270544,4612
67,73,4891,140,23251711,7,43,-999823572,999823573,23251711,21270544,4612
67,79,5293,146,27258949,0,1,-27258948,27258949,27258949,25020004,5002
67,79,5293,146,27258949,1,1,-27258948,27258949,27258949,25020004,5002
67,79,5293,146,27258949,2,3,-81776846,81776847,27258949,25020004,5002
67,79,5293,146,27258949,3,7,-190812642,190812643,27258949,25020004,5002
67,79,5293,146,27258949,5,21,-572437928,572437929,27258949,25020004,5002
67,79,5293,146,27258949,7,43,-1172134806,1172134807,27258949,25020004,5002
67,83,5561,150,30107361,0,1,-30107360,30107361,30107361,27688644,5262
67,83,5561,150,30107361,1,1,-30107360,30107361,30107361,27688644,5262
67,83,5561,150,30107361,2,3,-90322082,90322083,30107361,27688644,5262
67,83,5561,150,30107361,3,7,-210751526,210751527,30107361,27688644,5262
67,83,5561,150,30107361,5,21,-632254580,632254581,30107361,27688644,5262
67,83,5561,150,30107361,7,43,-1294616522,1294616523,30107361,27688644,5262
67,89,5963,156,34645359,0,1,-34645358,34645359,34645359,31945104,5652
67,89,5963,156,34645359,1,1,-34645358,34645359,34645359,31945104,5652
67,89,5963,156,34645359,2,3,-103936076,103936077,34645359,31945104,5652
67,89,5963,156,34645359,3,7,-242517512,242517513,34645359,31945104,5652
67,89,5963,156,34645359,5,21,-727552538,727552539,34645359,31945104,5652
67,89,5963,156,34645359,7,43,-1489750436,1489750437,34645359,31945104,5652
67,97,6499,164,41191399,0,1,-41191398,41191399,41191399,38093584,6172
67,97,6499,164,41191399,1,1,-41191398,41191399,41191399,38093584,6172
67,97,6499,164,41191399,2,3,-123574196,123574197,41191399,38093584,6172
67,97,6499,164,41191399,3,7,-288339792,288339793,41191399,38093584,6172
67,97,6499,164,41191399,5,21,-865019378,865019379,41191399,38093584,6172
67,97,6499,164,41191399,7,43,-1771230156,1771230157,41191399,38093584,6172
67,101,6767,168,44676723,0,1,-44676722,44676723,44676723,41370624,6432
67,101,6767,168,44676723,1,1,-44676722,44676723,44676723,41370624,6432
67,101,6767,168,44676723,2,3,-134030168,134030169,44676723,41370624,6432
67,101,6767,168,44676723,3,7,-312737060,312737061,44676723,41370624,6432
67,101,6767,168,44676723,5,21,-938211182,938211183,44676723,41370624,6432
67,101,6767,168,44676723,7,43,-1921099088,1921099089,44676723,41370624,6432
67,103,6901,170,46472461,0,1,-46472460,46472461,46472461,43059844,6562
67,103,6901,170,46472461,1,1,-46472460,46472461,46472461,43059844,6562
67,103,6901,170,46472461,2,3,-139417382,139417383,46472461,43059844,6562
67,103,6901,170,46472461,3,7,-325307226,325307227,46472461,43059844,6562
67,103,6901,170,46472461,5,21,-975921680,975921681,46472461,43059844,6562
67,103,6901,170,46472461,7,43,-1998315822,1998315823,46472461,43059844,6562
67,107,7169,174,50170089,0,1,-50170088,50170089,50170089,46539684,6822
67,107,7169,174,50170089,1,1,-50170088,50170089,50170089,46539684,6822
67,107,7169,174,50170089,2,3,-150510266,150510267,50170089,46539684,6822
67,107,7169,174,50170089,3,7,-351190622,351190623,50170089,46539684,6822
67,107,7169,174,50170089,5,21,-1053571868,1053571869,50170089,46539684,6822
67,107,7169,174,50170089,7,43,-2157313826,2157313827,50170089,46539684,6822
67,109,7303,176,52071979,0,1,-52071978,52071979,52071979,48330304,6952
67,109,7303,176,52071979,1,1,-52071978,52071979,52071979,48330304,6952
67,109,7303,176,52071979,2,3,-156215936,156215937,52071979,48330304,6952
67,109,7303,176,52071979,3,7,-364503852,364503853,52071979,48330304,6952
67,109,7303,176,52071979,5,21,-1093511558,1093511559,52071979,48330304,6952
67,109,7303,176,52071979,7,43,-2239095096,2239095097,52071979,48330304,6952
67,113,7571,180,55981911,0,1,-55981910,55981911,55981911,52012944,7212
67,113,7571,180,55981911,1,1,-55981910,55981911,55981911,52012944,7212
67,113,7571,180,55981911,2,3,-167945732,167945733,55981911,52012944,7212
67,113,7571,180,55981911,3,7,-391873376,391873377,55981911,52012944,7212
67,113,7571,180,55981911,5,21,-1175620130,1175620131,55981911,52012944,7212
67,113,7571,180,55981911,7,43,-2407222172,2407222173,55981911,52012944,7212
67,127,8509,194,70781269,0,1,-70781268,70781269,70781269,65966884,8122
67,127,8509,194,70781269,1,1,-70781268,70781269,70781269,65966884,8122
67,127,8509,194,70781269,2,3,-212343806,212343807,70781269,65966884,8122
67,127,8509,194,70781269,3,7,-495468882,495468883,70781269,65966884,8122
67,127,8509,194,70781269,5,21,-1486406648,1486406649,70781269,65966884,8122
67,127,8509,194,70781269,7,43,-3043594566,3043594567,70781269,65966884,8122
67,131,8777,198,75328113,0,1,-75328112,75328113,75328113,70257924,8382
67,131,8777,198,75328113,1,1,-75328112,75328113,75328113,70257924,8382
67,131,8777,198,75328113,2,3,-225984338,225984339,75328113,70257924,8382
67,131,8777,198,75328113,3,7,-527296790,527296791,75328113,70257924,8382
67,131,8777,198,75328113,5,21,-1581890372,1581890373,75328113,70257924,8382
67,131,8777,198,75328113,7,43,-3239108858,3239108859,75328113,70257924,8382
67,137,9179,204,82413759,0,1,-82413758,82413759,82413759,76947984,8772
67,137,9179,204,82413759,1,1,-82413758,82413759,82413759,76947984,8772
67,137,9179,204,82413759,2,3,-247241276,247241277,82413759,76947984,8772
67,137,9179,204,82413759,3,7,-576896312,576896313,82413759,76947984,8772
67,137,9179,204,82413759,5,21,-1730688938,1730688939,82413759,76947984,8772
67,137,9179,204,82413759,7,43,-3543791636,3543791637,82413759,76947984,8772
67,139,9313,206,84846409,0,1,-84846408,84846409,84846409,79245604,8902
67,139,9313,206,84846409,1,1,-84846408,84846409,84846409,79245604,8902
67,139,9313,206,84846409,2,3,-254539226,254539227,84846409,79245604,8902
67,139,9313,206,84846409,3,7,-593924862,593924863,84846409,79245604,8902
67,139,9313,206,84846409,5,21,-1781774588,1781774589,84846409,79245604,8902
67,139,9313,206,84846409,7,43,-3648395586,3648395587,84846409,79245604,8902
67,149,9983,216,97540419,0,1,-97540418,97540419,97540419,91240704,9552
67,149,9983,216,97540419,1,1,-97540418,97540419,97540419,91240704,9552
67,149,9983,216,97540419,2,3,-292621256,292621257,97540419,91240704,9552
67,149,9983,216,97540419,3,7,-682782932,682782933,97540419,91240704,9552
67,149,9983,216,97540419,5,21,-2048348798,2048348799,97540419,91240704,9552
67,149,9983,216,97540419,7,43,-4194238016,4194238017,97540419,91240704,9552
67,151,10117,218,100185373,0,1,-100185372,100185373,100185373,93741124,9682
67,151,10117,218,100185373,1,1,-100185372,100185373,100185373,93741124,9682
67,151,10117,218,100185373,2,3,-300556118,300556119,100185373,93741124,9682
67,151,10117,218,100185373,3,7,-701297610,701297611,100185373,93741124,9682
67,151,10117,218,100185373,5,21,-2103892832,2103892833,100185373,93741124,9682
67,151,10117,218,100185373,7,43,-4307971038,4307971039,100185373,93741124,9682
67,157,10519,224,108332539,0,1,-108332538,108332539,108332539,101445184,10072
67,157,10519,224,108332539,1,1,-108332538,108332539,108332539,101445184,10072
67,157,10519,224,108332539,2,3,-324997616,324997617,108332539,101445184,10072
67,157,10519,224,108332539,3,7,-758327772,758327773,108332539,101445184,10072
67,157,10519,224,108332539,5,21,-2274983318,2274983319,108332539,101445184,10072
67,157,10519,224,108332539,7,43,-4658299176,4658299177,108332539,101445184,10072
67,163,10921,230,116798161,0,1,-116798160,116798161,116798161,109453444,10462
67,163,10921,230,116798161,1,1,-116798160,116798161,116798161,109453444,10462
67,163,10921,230,116798161,2,3,-350394482,350394483,116798161,109453444,10462
67,163,10921,230,116798161,3,7,-817587126,817587127,116798161,109453444,10462
67,163,10921,230,116798161,5,21,-2452761380,2452761381,116798161,109453444,10462
67,163,10921,230,116798161,7,43,-5022320922,5022320923,116798161,109453444,10462
67,167,11189,234,122618829,0,1,-122618828,122618829,122618829,114961284,10722
67,167,11189,234,122618829,1,1,-122618828,122618829,122618829,114961284,10722
67,167,11189,234,122618829,2,3,-367856486,367856487,122618829,114961284,10722
67,167,11189,234,122618829,3,7,-858331802,858331803,122618829,114961284,10722
67,167,11189,234,122618829,5,21,-2574995408,2574995409,122618829,114961284,10722
67,167,11189,234,122618829,7,43,-5272609646,5272609647,122618829,114961284,10722
67,173,11591,240,131615211,0,1,-131615210,131615211,131615211,123476544,11112
67,173,11591,240,131615211,1,1,-131615210,131615211,131615211,123476544,11112
67,173,11591,240,131615211,2,3,-394845632,394845633,131615211,123476544,11112
67,173,11591,240,131615211,3,7,-921306476,921306477,131615211,123476544,11112
67,173,11591,240,131615211,5,21,-2763919430,2763919431,131615211,123476544,11112
67,173,11591,240,131615211,7,43,-5659454072,5659454073,131615211,123476544,11112
67,179,11993,246,140930049,0,1,-140930048,140930049,140930049,132296004,11502
67,179,11993,246,140930049,1,1,-140930048,140930049,140930049,132296004,11502
67,179,11993,246,140930049,2,3,-422790146,422790147,140930049,132296004,11502
67,179,11993,246,140930049,3,7,-986510342,986510343,140930049,132296004,11502
67,179,11993,246,140930049,5,21,-2959531028,2959531029,140930049,132296004,11502
67,179,11993,246,140930049,7,43,-6059992106,6059992107,140930049,132296004,11502
67,181,12127,248,144105763,0,1,-144105762,144105763,144105763,135303424,11632
67,181,12127,248,144105763,1,1,-144105762,144105763,144105763,135303424,11632
67,181,12127,248,144105763,2,3,-432317288,432317289,144105763,135303424,11632
67,181,12127,248,144105763,3,7,-1008740340,1008740341,144105763,135303424,11632
67,181,12127,248,144105763,5,21,-3026221022,3026221023,144105763,135303424,11632
67,181,12127,248,144105763,7,43,-6196547808,6196547809,144105763,135303424,11632
67,191,12797,258,160515093,0,1,-160515092,160515093,160515093,150847524,12282
67,191,12797,258,160515093,1,1,-160515092,160515093,160515093,150847524,12282
67,191,12797,258,160515093,2,3,-481545278,481545279,160515093,150847524,12282
67,191,12797,258,160515093,3,7,-1123605650,1123605651,160515093,150847524,12282
67,191,12797,258,160515093,5,21,-3370816952,3370816953,160515093,150847524,12282
67,191,12797,258,160515093,7,43,-6902148998,6902148999,160515093,150847524,12282
67,193,12931,260,163903111,0,1,-163903110,163903111,163903111,154057744,12412
67,193,12931,260,163903111,1,1,-163903110,163903111,163903111,154057744,12412
67,193,12931,260,163903111,2,3,-491709332,491709333,163903111,154057744,12412
67,193,12931,260,163903111,3,7,-1147321776,1147321777,163903111,154057744,12412
67,193,12931,260,163903111,5,21,-3441965330,3441965331,163903111,154057744,12412
67,193,12931,260,163903111,7,43,-7047833772,7047833773,163903111,154057744,12412
67,197,13199,264,170785299,0,1,-170785298,170785299,170785299,160579584,12672
67,197,13199,264,170785299,1,1,-170785298,170785299,170785299,160579584,12672
67,197,13199,264,170785299,2,3,-512355896,512355897,170785299,160579584,12672
67,197,13199,264,170785299,3,7,-1195497092,1195497093,170785299,160579584,12672
67,197,13199,264,170785299,5,21,-3586491278,3586491279,170785299,160579584,12672
67,197,13199,264,170785299,7,43,-7343767856,7343767857,170785299,160579584,12672
67,199,13333,266,174279469,0,1,-174279468,174279469,174279469,163891204,12802
67,199,13333,266,174279469,1,1,-174279468,174279469,174279469,163891204,12802
67,199,13333,266,174279469,2,3,-522838406,522838407,174279469,163891204,12802
67,199,13333,266,174279469,3,7,-1219956282,1219956283,174279469,163891204,12802
67,199,13333,266,174279469,5,21,-3659868848,3659868849,174279469,163891204,12802
67,199,13333,266,174279469,7,43,-7494017166,7494017167,174279469,163891204,12802
67,211,14137,278,195987553,0,1,-195987552,195987553,195987553,184470724,13582
67,211,14137,278,195987553,1,1,-195987552,195987553,195987553,184470724,13582
67,211,14137,278,195987553,2,3,-587962658,587962659,195987553,184470724,13582
67,211,14137,278,195987553,3,7,-1371912870,1371912871,195987553,184470724,13582
67,211,14137,278,195987553,5,21,-4115738612,4115738613,195987553,184470724,13582
67,211,14137,278,195987553,7,43,-8427464778,8427464779,195987553,184470724,13582
67,223,14941,290,218969461,0,1,-218969460,218969461,218969461,206267044,14362
67,223,14941,290,218969461,1,1,-218969460,218969461,218969461,206267044,14362
67,223,14941,290,218969461,2,3,-656908382,656908383,218969461,206267044,14362
67,223,14941,290,218969461,3,7,-1532786226,1532786227,218969461,206267044,14362
67,223,14941,290,218969461,5,21,-4598358680,4598358681,218969461,206267044,14362
67,223,14941,290,218969461,7,43,-9415686822,9415686823,218969461,206267044,14362
67,227,15209,294,226913169,0,1,-226913168,226913169,226913169,213802884,14622
67,227,15209,294,226913169,1,1,-226913168,226913169,226913169,213802884,14622
67,227,15209,294,226913169,2,3,-680739506,680739507,226913169,213802884,14622
67,227,15209,294,226913169,3,7,-1588392182,1588392183,226913169,213802884,14622
67,227,15209,294,226913169,5,21,-4765176548,4765176549,226913169,213802884,14622
67,227,15209,294,226913169,7,43,-9757266266,9757266267,226913169,213802884,14622
67,229,15343,296,230938099,0,1,-230938098,230938099,230938099,217621504,14752
67,229,15343,296,230938099,1,1,-230938098,230938099,230938099,217621504,14752
67,229,15343,296,230938099,2,3,-692814296,692814297,230938099,217621504,14752
67,229,15343,296,230938099,3,7,-1616566692,1616566693,230938099,217621504,14752
67,229,15343,296,230938099,5,21,-4849700078,4849700079,230938099,217621504,14752
67,229,15343,296,230938099,7,43,-9930338256,9930338257,230938099,217621504,14752
67,233,15611,300,239094111,0,1,-239094110,239094111,239094111,225360144,15012
67,233,15611,300,239094111,1,1,-239094110,239094111,239094111,225360144,15012
67,233,15611,300,239094111,2,3,-717282332,717282333,239094111,225360144,15012
67,233,15611,300,239094111,3,7,-1673658776,1673658777,239094111,225360144,15012
67,233,15611,300,239094111,5,21,-5020976330,5020976331,239094111,225360144,15012
67,233,15611,300,239094111,7,43,-10281046772,10281046773,239094111,225360144,15012
67,239,16013,306,251593509,0,1,-251593508,251593509,251593509,237221604,15402
67,239,16013,306,251593509,1,1,-251593508,251593509,251593509,237221604,15402
67,239,16013,306,251593509,2,3,-754780526,754780527,251593509,237221604,15402
67,239,16013,306,251593509,3,7,-1761154562,1761154563,251593509,237221604,15402
67,239,16013,306,251593509,5,21,-5283463688,5283463689,251593509,237221604,15402
67,239,16013,306,251593509,7,43,-10818520886,10818520887,251593509,237221604,15402
67,241,16147,308,255830743,0,1,-255830742,255830743,255830743,241243024,15532
67,241,16147,308,255830743,1,1,-255830742,255830743,255830743,241243024,15532
67,241,16147,308,255830743,2,3,-767492228,767492229,255830743,241243024,15532
67,241,16147,308,255830743,3,7,-1790815200,1790815201,255830743,241243024,15532
67,241,16147,308,255830743,5,21,-5372445602,5372445603,255830743,241243024,15532
67,241,16147,308,255830743,7,43,-11000721948,11000721949,255830743,241243024,15532
67,251,16817,318,277547673,0,1,-277547672,277547673,277547673,261857124,16182
67,251,16817,318,277547673,1,1,-277547672,277547673,277547673,261857124,16182
67,251,16817,318,277547673,2,3,-832643018,832643019,277547673,261857124,16182
67,251,16817,318,277547673,3,7,-1942833710,1942833711,277547673,261857124,16182
67,251,16817,318,277547673,5,21,-5828501132,5828501133,277547673,261857124,16182
67,251,16817,318,277547673,7,43,-11934549938,11934549939,277547673,261857124,16182
67,257,17219,324,291002439,0,1,-291002438,291002439,291002439,274631184,16572
67,257,17219,324,291002439,1,1,-291002438,291002439,291002439,274631184,16572
67,257,17219,324,291002439,2,3,-873007316,873007317,291002439,274631184,16572
67,257,17219,324,291002439,3,7,-2037017072,2037017073,291002439,274631184,16572
67,257,17219,324,291002439,5,21,-6111051218,6111051219,291002439,274631184,16572
67,257,17219,324,291002439,7,43,-12513104876,12513104877,291002439,274631184,16572
67,263,17621,330,304775661,0,1,-304775660,304775661,304775661,287709444,16962
67,263,17621,330,304775661,1,1,-304775660,304775661,304775661,287709444,16962
67,263,17621,330,304775661,2,3,-914326982,914326983,304775661,287709444,16962
67,263,17621,330,304775661,3,7,-2133429626,2133429627,304775661,287709444,16962
67,263,17621,330,304775661,5,21,-6400288880,6400288881,304775661,287709444,16962
67,263,17621,330,304775661,7,43,-13105353422,13105353423,304775661,287709444,16962
67,269,18023,336,318867339,0,1,-318867338,318867339,318867339,301091904,17352
67,269,18023,336,318867339,1,1,-318867338,318867339,318867339,301091904,17352
67,269,18023,336,318867339,2,3,-956602016,956602017,318867339,301091904,17352
67,269,18023,336,318867339,3,7,-2232071372,2232071373,318867339,301091904,17352
67,269,18023,336,318867339,5,21,-6696214118,6696214119,318867339,301091904,17352
67,269,18023,336,318867339,7,43,-13711295576,13711295577,318867339,301091904,17352
67,271,18157,338,323635333,0,1,-323635332,323635333,323635333,305620324,17482
67,271,18157,338,323635333,1,1,-323635332,323635333,323635333,305620324,17482
67,271,18157,338,323635333,2,3,-970905998,970905999,323635333,305620324,17482
67,271,18157,338,323635333,3,7,-2265447330,2265447331,323635333,305620324,17482
67,271,18157,338,323635333,5,21,-6796341992,6796341993,323635333,305620324,17482
67,271,18157,338,323635333,7,43,-13916319318,13916319319,323635333,305620324,17482
67,277,18559,344,338151619,0,1,-338151618,338151619,338151619,319408384,17872
67,277,18559,344,338151619,1,1,-338151618,338151619,338151619,319408384,17872
67,277,18559,344,338151619,2,3,-1014454856,1014454857,338151619,319408384,17872
67,277,18559,344,338151619,3,7,-2367061332,2367061333,338151619,319408384,17872
67,277,18559,344,338151619,5,21,-7101183998,7101183999,338151619,319408384,17872
67,277,18559,344,338151619,7,43,-14540519616,14540519617,338151619,319408384,17872
67,281,18827,348,348006063,0,1,-348006062,348006063,348006063,328769424,18132
67,281,18827,348,348006063,1,1,-348006062,348006063,348006063,328769424,18132
67,281,18827,348,348006063,2,3,-1044018188,1044018189,348006063,328769424,18132
67,281,18827,348,348006063,3,7,-2436042440,2436042441,348006063,328769424,18132
67,281,18827,348,348006063,5,21,-7308127322,7308127323,348006063,328769424,18132
67,281,18827,348,348006063,7,43,-14964260708,14964260709,348006063,328769424,18132
67,283,18961,350,352986361,0,1,-352986360,352986361,352986361,333500644,18262
67,283,18961,350,352986361,1,1,-352986360,352986361,352986361,333500644,18262
67,283,18961,350,352986361,2,3,-1058959082,1058959083,352986361,333500644,18262
67,283,18961,350,352986361,3,7,-2470904526,2470904527,352986361,333500644,18262
67,283,18961,350,352986361,5,21,-7412713580,7412713581,352986361,333500644,18262
67,283,18961,350,352986361,7,43,-15178413522,15178413523,352986361,333500644,18262
67,293,19631,360,378418611,0,1,-378418610,378418611,378418611,357663744,18912
67,293,19631,360,378418611,1,1,-378418610,378418611,378418611,357663744,18912
67,293,19631,360,378418611,2,3,-1135255832,1135255833,378418611,357663744,18912
67,293,19631,360,378418611,3,7,-2648930276,2648930277,378418611,357663744,18912
67,293,19631,360,378418611,5,21,-7946790830,7946790831,378418611,357663744,18912
67,293,19631,360,378418611,7,43,-16272000272,16272000273,378418611,357663744,18912
71,73,5183,144,26132547,0,1,-26132546,26132547,26132547,23970816,4896
71,73,5183,144,26132547,1,1,-26132546,26132547,26132547,23970816,4896
71,73,5183,144,26132547,2,3,-78397640,78397641,26132547,23970816,4896
71,73,5183,144,26132547,3,7,-182927828,182927829,26132547,23970816,4896
71,73,5183,144,26132547,5,21,-548783486,548783487,26132547,23970816,4896
71,73,5183,144,26132547,7,43,-1123699520,1123699521,26132547,23970816,4896
71,79,5609,150,30636273,0,1,-30636272,30636273,30636273,28196100,5310
71,79,5609,150,30636273,1,1,-30636272,30636273,30636273,28196100,5310
71,79,5609,150,30636273,2,3,-91908818,91908819,30636273,28196100,5310
71,79,5609,150,30636273,3,7,-214453910,214453911,30636273,28196100,5310
71,79,5609,150,30636273,5,21,-643361732,643361733,30636273,28196100,5310
71,79,5609,150,30636273,7,43,-1317359738,1317359739,30636273,28196100,5310
71,83,5893,154,33837597,0,1,-33837596,33837597,33837597,31203396,5586
71,83,5893,154,33837597,1,1,-33837596,33837597,33837597,31203396,5586
71,83,5893,154,33837597,2,3,-101512790,101512791,33837597,31203396,5586
71,83,5893,154,33837597,3,7,-236863178,236863179,33837597,31203396,5586
71,83,5893,154,33837597,5,21,-710589536,710589537,33837597,31203396,5586
71,83,5893,154,33837597,7,43,-1455016670,1455016671,33837597,31203396,5586
71,89,6319,160,38937843,0,1,-38937842,38937843,38937843,36000000,6000
71,89,6319,160,38937843,1,1,-38937842,38937843,38937843,36000000,6000
71,89,6319,160,38937843,2,3,-116813528,116813529,38937843,36000000,6000
71,89,6319,160,38937843,3,7,-272564900,272564901,38937843,36000000,6000
71,89,6319,160,38937843,5,21,-817694702,817694703,38937843,36000000,6000
71,89,6319,160,38937843,7,43,-1674327248,1674327249,38937843,36000000,6000
71,97,6887,168,46294923,0,1,-46294922,46294923,46294923,42928704,6552
71,97,6887,168,46294923,1,1,-46294922,46294923,46294923,42928704,6552
71,97,6887,168,46294923,2,3,-138884768,138884769,46294923,42928704,6552
71,97,6887,168,46294923,3,7,-324064460,324064461,46294923,42928704,6552
71,97,6887,168,46294923,5,21,-972193382,972193383,46294923,42928704,6552
71,97,6887,168,46294923,7,43,-1990681688,1990681689,46294923,42928704,6552
71,101,7171,172,50212071,0,1,-50212070,50212071,50212071,46621584,6828
71,101,7171,172,50212071,1,1,-50212070,50212071,50212071,46621584,6828
71,101,7171,172,50212071,2,3,-150636212,150636213,50212071,46621584,6828
71,101,7171,172,50212071,3,7,-351484496,351484497,50212071,46621584,6828
71,101,7171,172,50212071,5,21,-1054453490,1054453491,50212071,46621584,6828
71,101,7171,172,50212071,7,43,-2159119052,2159119053,50212071,46621584,6828
71,103,7313,174,52230297,0,1,-52230296,52230297,52230297,48525156,6966
71,103,7313,174,52230297,1,1,-52230296,52230297,52230297,48525156,6966
71,103,7313,174,52230297,2,3,-156690890,156690891,52230297,48525156,6966
71,103,7313,174,52230297,3,7,-365612078,365612079,52230297,48525156,6966
71,103,7313,174,52230297,5,21,-1096836236,1096836237,52230297,48525156,6966
71,103,7313,174,52230297,7,43,-2245902770,2245902771,52230297,48525156,6966
71,107,7597,178,56386053,0,1,-56386052,56386053,56386053,52446564,7242
71,107,7597,178,56386053,1,1,-56386052,56386053,56386053,52446564,7242
71,107,7597,178,56386053,2,3,-169158158,169158159,56386053,52446564,7242
71,107,7597,178,56386053,3,7,-394702370,394702371,56386053,52446564,7242
71,107,7597,178,56386053,5,21,-1184107112,1184107113,56386053,52446564,7242
71,107,7597,178,56386053,7,43,-2424600278,2424600279,56386053,52446564,7242
71,109,7739,180,58523583,0,1,-58523582,58523583,58523583,54464400,7380
71,109,7739,180,58523583,1,1,-58523582,58523583,58523583,54464400,7380
71,109,7739,180,58523583,2,3,-175570748,175570749,58523583,54464400,7380
71,109,7739,180,58523583,3,7,-409665080,409665081,58523583,54464400,7380
71,109,7739,180,58523583,5,21,-1228995242,1228995243,58523583,54464400,7380
71,109,7739,180,58523583,7,43,-2516514068,2516514069,58523583,54464400,7380
71,113,8023,184,62917947,0,1,-62917946,62917947,62917947,58614336,7656
71,113,8023,184,62917947,1,1,-62917946,62917947,62917947,58614336,7656
71,113,8023,184,62917947,2,3,-188753840,188753841,62917947,58614336,7656
71,113,8023,184,62917947,3,7,-440425628,440425629,62917947,58614336,7656
71,113,8023,184,62917947,5,21,-1321276886,1321276887,62917947,58614336,7656
71,113,8023,184,62917947,7,43,-2705471720,2705471721,62917947,58614336,7656
71,127,9017,198,79550913,0,1,-79550912,79550913,79550913,74338884,8622
71,127,9017,198,79550913,1,1,-79550912,79550913,79550913,74338884,8622
71,127,9017,198,79550913,2,3,-238652738,238652739,79550913,74338884,8622
71,127,9017,198,79550913,3,7,-556856390,556856391,79550913,74338884,8622
71,127,9017,198,79550913,5,21,-1670569172,1670569173,79550913,74338884,8622
71,127,9017,198,79550913,7,43,-3420689258,3420689259,79550913,74338884,8622
71,131,9301,202,84661101,0,1,-84661100,84661101,84661101,79174404,8898
71,131,9301,202,84661101,1,1,-84661100,84661101,84661101,79174404,8898
71,131,9301,202,84661101,2,3,-253983302,253983303,84661101,79174404,8898
71,131,9301,202,84661101,3,7,-592627706,592627707,84661101,79174404,8898
71,131,9301,202,84661101,5,21,-1777883120,1777883121,84661101,79174404,8898
71,131,9301,202,84661101,7,43,-3640427342,3640427343,84661101,79174404,8898
71,137,9727,208,92624643,0,1,-92624642,92624643,92624643,86713344,9312
71,137,9727,208,92624643,1,1,-92624642,92624643,92624643,86713344,9312
71,137,9727,208,92624643,2,3,-277873928,277873929,92624643,86713344,9312
71,137,9727,208,92624643,3,7,-648372500,648372501,92624643,86713344,9312
71,137,9727,208,92624643,5,21,-1945117502,1945117503,92624643,86713344,9312
71,137,9727,208,92624643,7,43,-3982859648,3982859649,92624643,86713344,9312
71,139,9869,210,95358693,0,1,-95358692,95358693,95358693,89302500,9450
71,139,9869,210,95358693,1,1,-95358692,95358693,95358693,89302500,9450
71,139,9869,210,95358693,2,3,-286076078,286076079,95358693,89302500,9450
71,139,9869,210,95358693,3,7,-667510850,667510851,95358693,89302500,9450
71,139,9869,210,95358693,5,21,-2002532552,2002532553,95358693,89302500,9450
71,139,9869,210,95358693,7,43,-4100423798,4100423799,95358693,89302500,9450
71,149,10579,220,109625463,0,1,-109625462,109625463,109625463,102819600,10140
71,149,10579,220,109625463,1,1,-109625462,109625463,109625463,102819600,10140
71,149,10579,220,109625463,2,3,-328876388,328876389,109625463,102819600,10140
71,149,10579,220,109625463,3,7,-767378240,767378241,109625463,102819600,10140
71,149,10579,220,109625463,5,21,-2302134722,2302134723,109625463,102819600,10140
71,149,10579,220,109625463,7,43,-4713894908,4713894909,109625463,102819600,10140
71,151,10721,222,112598121,0,1,-112598120,112598121,112598121,105637284,10278
71,151,10721,222,112598121,1,1,-112598120,112598121,112598121,105637284,10278
71,151,10721,222,112598121,2,3,-337794362,337794363,112598121,105637284,10278
71,151,10721,222,112598121,3,7,-788186846,788186847,112598121,105637284,10278
71,151,10721,222,112598121,5,21,-2364560540,2364560541,112598121,105637284,10278
71,151,10721,222,112598121,7,43,-4841719202,4841719203,112598121,105637284,10278
71,157,11147,228,121754703,0,1,-121754702,121754703,121754703,114318864,10692
71,157,11147,228,121754703,1,1,-121754702,121754703,121754703,114318864,10692
71,157,11147,228,121754703,2,3,-365264108,365264109,121754703,114318864,10692
71,157,11147,228,121754703,3,7,-852282920,852282921,121754703,114318864,10692
71,157,11147,228,121754703,5,21,-2556848762,2556848763,121754703,114318864,10692
71,157,11147,228,121754703,7,43,-5235452228,5235452229,121754703,114318864,10692
71,163,11573,234,131269197,0,1,-131269196,131269197,131269197,123343236,11106
71,163,11573,234,131269197,1,1,-131269196,131269197,131269197,123343236,11106
71,163,11573,234,131269197,2,3,-393807590,393807591,131269197,123343236,11106
71,163,11573,234,131269197,3,7,-918884378,918884379,131269197,123343236,11106
71,163,11573,234,131269197,5,21,-2756653136,2756653137,131269197,123343236,11106
71,163,11573,234,131269197,7,43,-5644575470,5644575471,131269197,123343236,11106
71,167,11857,238,137811033,0,1,-137811032,137811033,137811033,129549924,11382
71,167,11857,238,137811033,1,1,-137811032,137811033,137811033,129549924,11382
71,167,11857,238,137811033,2,3,-413433098,413433099,137811033,129549924,11382
71,167,11857,238,137811033,3,7,-964677230,964677231,137811033,129549924,11382
71,167,11857,238,137811033,5,21,-2894031692,2894031693,137811033,129549924,11382
71,167,11857,238,137811033,7,43,-5925874418,5925874419,137811033,129549924,11382
71,173,12283,244,147922047,0,1,-147922046,147922047,147922047,139145616,11796
71,173,12283,244,147922047,1,1,-147922046,147922047,147922047,139145616,11796
71,173,12283,244,147922047,2,3,-443766140,443766141,147922047,139145616,11796
71,173,12283,244,147922047,3,7,-1035454328,1035454329,147922047,139145616,11796
71,173,12283,244,147922047,5,21,-3106362986,3106362987,147922047,139145616,11796
71,173,12283,244,147922047,7,43,-6360648020,6360648021,147922047,139145616,11796
71,179,12709,250,158390973,0,1,-158390972,158390973,158390973,149084100,12210
71,179,12709,250,158390973,1,1,-158390972,158390973,158390973,149084100,12210
71,179,12709,250,158390973,2,3,-475172918,475172919,158390973,149084100,12210
71,179,12709,250,158390973,3,7,-1108736810,1108736811,158390973,149084100,12210
71,179,12709,250,158390973,5,21,-3326210432,3326210433,158390973,149084100,12210
71,179,12709,250,158390973,7,43,-6810811838,6810811839,158390973,149084100,12210
71,181,12851,252,161960151,0,1,-161960150,161960151,161960151,152473104,12348
71,181,12851,252,161960151,1,1,-161960150,161960151,161960151,152473104,12348
71,181,12851,252,161960151,2,3,-485880452,485880453,161960151,152473104,12348
71,181,12851,252,161960151,3,7,-1133721056,1133721057,161960151,152473104,12348
71,181,12851,252,161960151,5,21,-3401163170,3401163171,161960151,152473104,12348
71,181,12851,252,161960151,7,43,-6964286492,6964286493,161960151,152473104,12348
71,191,13561,262,180402561,0,1,-180402560,180402561,180402561,169989444,13038
71,191,13561,262,180402561,1,1,-180402560,180402561,180402561,169989444,13038
71,191,13561,262,180402561,2,3,-541207682,541207683,180402561,169989444,13038
71,191,13561,262,180402561,3,7,-1262817926,1262817927,180402561,169989444,13038
71,191,13561,262,180402561,5,21,-3788453780,3788453781,180402561,169989444,13038
71,191,13561,262,180402561,7,43,-7757310122,7757310123,180402561,169989444,13038
71,193,13703,264,184210347,0,1,-184210346,184210347,184210347,173606976,13176
71,193,13703,264,184210347,1,1,-184210346,184210347,184210347,173606976,13176
71,193,13703,264,184210347,2,3,-552631040,552631041,184210347,173606976,13176
71,193,13703,264,184210347,3,7,-1289472428,1289472429,184210347,173606976,13176
71,193,13703,264,184210347,5,21,-3868417286,3868417287,184210347,173606976,13176
71,193,13703,264,184210347,7,43,-7921044920,7921044921,184210347,173606976,13176
71,197,13987,268,191945223,0,1,-191945222,191945223,191945223,180956304,13452
71,197,13987,268,191945223,1,1,-191945222,191945223,191945223,180956304,13452
71,197,13987,268,191945223,2,3,-575835668,575835669,191945223,180956304,13452
71,197,13987,268,191945223,3,7,-1343616560,1343616561,191945223,180956304,13452
71,197,13987,268,191945223,5,21,-4030849682,4030849683,191945223,180956304,13452
71,197,13987,268,191945223,7,43,-8253644588,8253644589,191945223,180956304,13452
71,199,14129,270,195872313,0,1,-195872312,195872313,195872313,184688100,13590
71,199,14129,270,195872313,1,1,-195872312,195872313,195872313,184688100,13590
71,199,14129,270,195872313,2,3,-587616938,587616939,195872313,184688100,13590
71,199,14129,270,195872313,3,7,-1371106190,1371106191,195872313,184688100,13590
71,199,14129,270,195872313,5,21,-4113318572,4113318573,195872313,184688100,13590
71,199,14129,270,195872313,7,43,-8422509458,8422509459,195872313,184688100,13590
71,211,14981,282,220269981,0,1,-220269980,220269981,220269981,207878724,14418
71,211,14981,282,220269981,1,1,-220269980,220269981,220269981,207878724,14418
71,211,14981,282,220269981,2,3,-660809942,660809943,220269981,207878724,14418
71,211,14981,282,220269981,3,7,-1541889866,1541889867,220269981,207878724,14418
71,211,14981,282,220269981,5,21,-4625669600,4625669601,220269981,207878724,14418
71,211,14981,282,220269981,7,43,-9471609182,9471609183,220269981,207878724,14418
71,223,15833,294,246099297,0,1,-246099296,246099297,246099297,232440516,15246
71,223,15833,294,246099297,1,1,-246099296,246099297,246099297,232440516,15246
71,223,15833,294,246099297,2,3,-738297890,738297891,246099297,232440516,15246
71,223,15833,294,246099297,3,7,-1722695078,1722695079,246099297,232440516,15246
71,223,15833,294,246099297,5,21,-5168085236,5168085237,246099297,232440516,15246
71,223,15833,294,246099297,7,43,-10582269770,10582269771,246099297,232440516,15246
71,227,16117,298,255027213,0,1,-255027212,255027213,255027213,240932484,15522
71,227,16117,298,255027213,1,1,-255027212,255027213,255027213,240932484,15522
71,227,16117,298,255027213,2,3,-765081638,765081639,255027213,240932484,15522
71,227,16117,298,255027213,3,7,-1785190490,1785190491,255027213,240932484,15522
71,227,16117,298,255027213,5,21,-5355571472,5355571473,255027213,240932484,15522
71,227,16117,298,255027213,7,43,-10966170158,10966170159,255027213,240932484,15522
71,229,16259,300,259550823,0,1,-259550822,259550823,259550823,245235600,15660
71,229,16259,300,259550823,1,1,-259550822,259550823,259550823,245235600,15660
71,229,16259,300,259550823,2,3,-778652468,778652469,259550823,245235600,15660
71,229,16259,300,259550823,3,7,-1816855760,1816855761,259550823,245235600,15660
71,229,16259,300,259550823,5,21,-5450567282,5450567283,259550823,245235600,15660
71,229,16259,300,259550823,7,43,-11160685388,11160685389,259550823,245235600,15660
71,233,16543,304,268717347,0,1,-268717346,268717347,268717347,253956096,15936
71,233,16543,304,268717347,1,1,-268717346,268717347,268717347,253956096,15936
71,233,16543,304,268717347,2,3,-806152040,806152041,268717347,253956096,15936
71,233,16543,304,268717347,3,7,-1881021428,1881021429,268717347,253956096,15936
71,233,16543,304,268717347,5,21,-5643064286,5643064287,268717347,253956096,15936
71,233,16543,304,268717347,7,43,-11554845920,11554845921,268717347,253956096,15936
71,239,16969,310,282765393,0,1,-282765392,282765393,282765393,267322500,16350
71,239,16969,310,282765393,1,1,-282765392,282765393,282765393,267322500,16350
71,239,16969,310,282765393,2,3,-848296178,848296179,282765393,267322500,16350
71,239,16969,310,282765393,3,7,-1979357750,1979357751,282765393,267322500,16350
71,239,16969,310,282765393,5,21,-5938073252,5938073253,282765393,267322500,16350
71,239,16969,310,282765393,7,43,-12158911898,12158911899,282765393,267322500,16350
71,241,17111,312,287527611,0,1,-287527610,287527611,287527611,271854144,16488
71,241,17111,312,287527611,1,1,-287527610,287527611,287527611,271854144,16488
71,241,17111,312,287527611,2,3,-862582832,862582833,287527611,271854144,16488
71,241,17111,312,287527611,3,7,-2012693276,2012693277,287527611,271854144,16488
71,241,17111,312,287527611,5,21,-6038079830,6038079831,287527611,271854144,16488
71,241,17111,312,287527611,7,43,-12363687272,12363687273,287527611,271854144,16488
71,251,17821,322,311935221,0,1,-311935220,311935221,311935221,295083684,17178
71,251,17821,322,311935221,1,1,-311935220,311935221,311935221,295083684,17178
71,251,17821,322,311935221,2,3,-935805662,935805663,311935221,295083684,17178
71,251,17821,322,311935221,3,7,-2183546546,2183546547,311935221,295083684,17178
71,251,17821,322,311935221,5,21,-6550639640,6550639641,311935221,295083684,17178
71,251,17821,322,311935221,7,43,-13413214502,13413214503,311935221,295083684,17178
71,257,18247,328,327057003,0,1,-327057002,327057003,327057003,309478464,17592
71,257,18247,328,327057003,1,1,-327057002,327057003,327057003,309478464,17592
71,257,18247,328,327057003,2,3,-981171008,981171009,327057003,309478464,17592
71,257,18247,328,327057003,3,7,-2289399020,2289399021,327057003,309478464,17592
71,257,18247,328,327057003,5,21,-6868197062,6868197063,327057003,309478464,17592
71,257,18247,328,327057003,7,43,-14063451128,14063451129,327057003,309478464,17592
71,263,18673,334,342536697,0,1,-342536696,342536697,342536697,324216036,18006
71,263,18673,334,342536697,1,1,-342536696,342536697,342536697,324216036,18006
71,263,18673,334,342536697,2,3,-1027610090,1027610091,342536697,324216036,18006
71,263,18673,334,342536697,3,7,-2397756878,2397756879,342536697,324216036,18006
71,263,18673,334,342536697,5,21,-7193270636,7193270637,342536697,324216036,18006
71,263,18673,334,342536697,7,43,-14729077970,14729077971,342536697,324216036,18006
71,269,19099,340,358374303,0,1,-358374302,358374303,358374303,339296400,18420
71,269,19099,340,358374303,1,1,-358374302,358374303,358374303,339296400,18420
71,269,19099,340,358374303,2,3,-1075122908,1075122909,358374303,339296400,18420
71,269,19099,340,358374303,3,7,-2508620120,2508620121,358374303,339296400,18420
71,269,19099,340,358374303,5,21,-7525860362,7525860363,358374303,339296400,18420
71,269,19099,340,358374303,7,43,-15410095028,15410095029,358374303,339296400,18420
71,271,19241,342,363733041,0,1,-363733040,363733041,363733041,344399364,18558
71,271,19241,342,363733041,1,1,-363733040,363733041,363733041,344399364,18558
71,271,19241,342,363733041,2,3,-1091199122,1091199123,363733041,344399364,18558
71,271,19241,342,363733041,3,7,-2546131286,2546131287,363733041,344399364,18558
71,271,19241,342,363733041,5,21,-7638393860,7638393861,363733041,344399364,18558
71,271,19241,342,363733041,7,43,-15640520762,15640520763,363733041,344399364,18558
71,277,19667,348,380047863,0,1,-380047862,380047863,380047863,359936784,18972
71,277,19667,348,380047863,1,1,-380047862,380047863,380047863,359936784,18972
71,277,19667,348,380047863,2,3,-1140143588,1140143589,380047863,359936784,18972
71,277,19667,348,380047863,3,7,-2660335040,2660335041,380047863,359936784,18972
71,277,19667,348,380047863,5,21,-7981005122,7981005123,380047863,359936784,18972
71,277,19667,348,380047863,7,43,-16342058108,16342058109,380047863,359936784,18972
71,281,19951,352,391123251,0,1,-391123250,391123251,391123251,370485504,19248
71,281,19951,352,391123251,1,1,-391123250,391123251,391123251,370485504,19248
71,281,19951,352,391123251,2,3,-1173369752,1173369753,391123251,370485504,19248
71,281,19951,352,391123251,3,7,-2737862756,2737862757,391123251,370485504,19248
71,281,19951,352,391123251,5,21,-8213588270,8213588271,391123251,370485504,19248
71,281,19951,352,391123251,7,43,-16818299792,16818299793,391123251,370485504,19248
71,283,20093,354,396720597,0,1,-396720596,396720597,396720597,375816996,19386
71,283,20093,354,396720597,1,1,-396720596,396720597,396720597,375816996,19386
71,283,20093,354,396720597,2,3,-1190161790,1190161791,396720597,375816996,19386
71,283,20093,354,396720597,3,7,-2777044178,2777044179,396720597,375816996,19386
71,283,20093,354,396720597,5,21,-8331132536,8331132537,396720597,375816996,19386
71,283,20093,354,396720597,7,43,-17058985670,17058985671,396720597,375816996,19386
71,293,20803,364,425303847,0,1,-425303846,425303847,425303847,403045776,20076
71,293,20803,364,425303847,1,1,-425303846,425303847,425303847,403045776,20076
71,293,20803,364,425303847,2,3,-1275911540,1275911541,425303847,403045776,20076
71,293,20803,364,425303847,3,7,-2977126928,2977126929,425303847,403045776,20076
71,293,20803,364,425303847,5,21,-8931380786,8931380787,425303847,403045776,20076
71,293,20803,364,425303847,7,43,-18288065420,18288065421,425303847,403045776,20076
73,79,5767,152,32398891,0,1,-32398890,32398891,32398891,29855296,5464
73,79,5767,152,32398891,1,1,-32398890,32398891,32398891,29855296,5464
73,79,5767,152,32398891,2,3,-97196672,97196673,32398891,29855296,5464
73,79,5767,152,32398891,3,7,-226792236,226792237,32398891,29855296,5464
73,79,5767,152,32398891,5,21,-680376710,680376711,32398891,29855296,5464
73,79,5767,152,32398891,7,43,-1393152312,1393152313,32398891,29855296,5464
73,83,6059,156,35784399,0,1,-35784398,35784399,35784399,33039504,5748
73,83,6059,156,35784399,1,1,-35784398,35784399,35784399,33039504,5748
73,83,6059,156,35784399,2,3,-107353196,107353197,35784399,33039504,5748
73,83,6059,156,35784399,3,7,-250490792,250490793,35784399,33039504,5748
73,83,6059,156,35784399,5,21,-751472378,751472379,35784399,33039504,5748
73,83,6059,156,35784399,7,43,-1538729156,1538729157,35784399,33039504,5748
73,89,6497,162,41178081,0,1,-41178080,41178081,41178081,38118276,6174
73,89,6497,162,41178081,1,1,-41178080,41178081,41178081,38118276,6174
73,89,6497,162,41178081,2,3,-123534242,123534243,41178081,38118276,6174
73,89,6497,162,41178081,3,7,-288246566,288246567,41178081,38118276,6174
73,89,6497,162,41178081,5,21,-864739700,864739701,41178081,38118276,6174
73,89,6497,162,41178081,7,43,-1770657482,1770657483,41178081,38118276,6174
73,97,7081,170,48958441,0,1,-48958440,48958441,48958441,45454564,6742
73,97,7081,170,48958441,1,1,-48958440,48958441,48958441,45454564,6742
73,97,7081,170,48958441,2,3,-146875322,146875323,48958441,45454564,6742
73,97,7081,170,48958441,3,7,-342709086,342709087,48958441,45454564,6742
73,97,7081,170,48958441,5,21,-1028127260,1028127261,48958441,45454564,6742
73,97,7081,170,48958441,7,43,-2105212962,2105212963,48958441,45454564,6742
73,101,7373,174,53100957,0,1,-53100956,53100957,53100957,49364676,7026
73,101,7373,174,53100957,1,1,-53100956,53100957,53100957,49364676,7026
73,101,7373,174,53100957,2,3,-159302870,159302871,53100957,49364676,7026
73,101,7373,174,53100957,3,7,-371706698,371706699,53100957,49364676,7026
73,101,7373,174,53100957,5,21,-1115120096,1115120097,53100957,49364676,7026
73,101,7373,174,53100957,7,43,-2283341150,2283341151,53100957,49364676,7026
73,103,7519,176,55235299,0,1,-55235298,55235299,55235299,51380224,7168
73,103,7519,176,55235299,1,1,-55235298,55235299,55235299,51380224,7168
73,103,7519,176,55235299,2,3,-165705896,165705897,55235299,51380224,7168
73,103,7519,176,55235299,3,7,-386647092,386647093,55235299,51380224,7168
73,103,7519,176,55235299,5,21,-1159941278,1159941279,55235299,51380224,7168
73,103,7519,176,55235299,7,43,-2375117856,2375117857,55235299,51380224,7168
73,107,7811,180,59630151,0,1,-59630150,59630151,59630151,55532304,7452
73,107,7811,180,59630151,1,1,-59630150,59630151,59630151,55532304,7452
73,107,7811,180,59630151,2,3,-178890452,178890453,59630151,55532304,7452
73,107,7811,180,59630151,3,7,-417411056,417411057,59630151,55532304,7452
73,107,7811,180,59630151,5,21,-1252233170,1252233171,59630151,55532304,7452
73,107,7811,180,59630151,7,43,-2564096492,2564096493,59630151,55532304,7452
73,109,7957,182,61890661,0,1,-61890660,61890661,61890661,57668836,7594
73,109,7957,182,61890661,1,1,-61890660,61890661,61890661,57668836,7594
73,109,7957,182,61890661,2,3,-185671982,185671983,61890661,57668836,7594
73,109,7957,182,61890661,3,7,-433234626,433234627,61890661,57668836,7594
73,109,7957,182,61890661,5,21,-1299703880,1299703881,61890661,57668836,7594
73,109,7957,182,61890661,7,43,-2661298422,2661298423,61890661,57668836,7594
73,113,8249,186,66537849,0,1,-66537848,66537849,66537849,62062884,7878
73,113,8249,186,66537849,1,1,-66537848,66537849,66537849,62062884,7878
73,113,8249,186,66537849,2,3,-199613546,199613547,66537849,62062884,7878
73,113,8249,186,66537849,3,7,-465764942,465764943,66537849,62062884,7878
73,113,8249,186,66537849,5,21,-1397294828,1397294829,66537849,62062884,7878
73,113,8249,186,66537849,7,43,-2861127506,2861127507,66537849,62062884,7878
73,127,9271,200,84127771,0,1,-84127770,84127771,84127771,78712384,8872
73,127,9271,200,84127771,1,1,-84127770,84127771,84127771,78712384,8872
73,127,9271,200,84127771,2,3,-252383312,252383313,84127771,78712384,8872
73,127,9271,200,84127771,3,7,-588894396,588894397,84127771,78712384,8872
73,127,9271,200,84127771,5,21,-1766683190,1766683191,84127771,78712384,8872
73,127,9271,200,84127771,7,43,-3617494152,3617494153,84127771,78712384,8872
73,131,9563,204,89531967,0,1,-89531966,89531967,89531967,83832336,9156
73,131,9563,204,89531967,1,1,-89531966,89531967,89531967,83832336,9156
73,131,9563,204,89531967,2,3,-268595900,268595901,89531967,83832336,9156
73,131,9563,204,89531967,3,7,-626723768,626723769,89531967,83832336,9156
73,131,9563,204,89531967,5,21,-1880171306,1880171307,89531967,83832336,9156
73,131,9563,204,89531967,7,43,-3849874580,3849874581,89531967,83832336,9156
73,137,10001,210,97953681,0,1,-97953680,97953681,97953681,91814724,9582
73,137,10001,210,97953681,1,1,-97953680,97953681,97953681,91814724,9582
73,137,10001,210,97953681,2,3,-293861042,293861043,97953681,91814724,9582
73,137,10001,210,97953681,3,7,-685675766,685675767,97953681,91814724,9582
73,137,10001,210,97953681,5,21,-2057027300,2057027301,97953681,91814724,9582
73,137,10001,210,97953681,7,43,-4212008282,4212008283,97953681,91814724,9582
73,139,10147,212,100845031,0,1,-100845030,100845031,100845031,94556176,9724
73,139,10147,212,100845031,1,1,-100845030,100845031,100845031,94556176,9724
73,139,10147,212,100845031,2,3,-302535092,302535093,100845031,94556176,9724
73,139,10147,212,100845031,3,7,-705915216,705915217,100845031,94556176,9724
73,139,10147,212,100845031,5,21,-2117745650,2117745651,100845031,94556176,9724
73,139,10147,212,100845031,7,43,-4336336332,4336336333,100845031,94556176,9724
73,149,10877,222,115932621,0,1,-115932620,115932621,115932621,108868356,10434
73,149,10877,222,115932621,1,1,-115932620,115932621,115932621,108868356,10434
73,149,10877,222,115932621,2,3,-347797862,347797863,115932621,108868356,10434
73,149,10877,222,115932621,3,7,-811528346,811528347,115932621,108868356,10434
73,149,10877,222,115932621,5,21,-2434585040,2434585041,115932621,108868356,10434
73,149,10877,222,115932621,7,43,-4985102702,4985102703,115932621,108868356,10434
73,151,11023,224,119076307,0,1,-119076306,119076307,119076307,111851776,10576
73,151,11023,224,119076307,1,1,-119076306,119076307,119076307,111851776,10576
73,151,11023,224,119076307,2,3,-357228920,357228921,119076307,111851776,10576
73,151,11023,224,119076307,3,7,-833534148,833534149,119076307,111851776,10576
73,151,11023,224,119076307,5,21,-2500602446,2500602447,119076307,111851776,10576
73,151,11023,224,119076307,7,43,-5120281200,5120281201,119076307,111851776,10576
73,157,11461,230,128759701,0,1,-128759700,128759701,128759701,121044004,11002
73,157,11461,230,128759701,1,1,-128759700,128759701,128759701,121044004,11002
73,157,11461,230,128759701,2,3,-386279102,386279103,128759701,121044004,11002
73,157,11461,230,128759701,3,7,-901317906,901317907,128759701,121044004,11002
73,157,11461,230,128759701,5,21,-2703953720,2703953721,128759701,121044004,11002
73,157,11461,230,128759701,7,43,-5536667142,5536667143,128759701,121044004,11002
73,163,11899,236,138821599,0,1,-138821598,138821599,138821599,130599184,11428
73,163,11899,236,138821599,1,1,-138821598,138821599,138821599,130599184,11428
73,163,11899,236,138821599,2,3,-416464796,416464797,138821599,130599184,11428
73,163,11899,236,138821599,3,7,-971751192,971751193,138821599,130599184,11428
73,163,11899,236,138821599,5,21,-2915253578,2915253579,138821599,130599184,11428
73,163,11899,236,138821599,7,43,-5969328756,5969328757,138821599,130599184,11428
73,167,12191,240,145739811,0,1,-145739810,145739811,145739811,137170944,11712
73,167,12191,240,145739811,1,1,-145739810,145739811,145739811,137170944,11712
73,167,12191,240,145739811,2,3,-437219432,437219433,145739811,137170944,11712
73,167,12191,240,145739811,3,7,-1020178676,1020178677,145739811,137170944,11712
73,167,12191,240,145739811,5,21,-3060536030,3060536031,145739811,137170944,11712
73,167,12191,240,145739811,7,43,-6266811872,6266811873,145739811,137170944,11712
73,173,12629,246,156432549,0,1,-156432548,156432549,156432549,147331044,12138
73,173,12629,246,156432549,1,1,-156432548,156432549,156432549,147331044,12138
73,173,12629,246,156432549,2,3,-469297646,469297647,156432549,147331044,12138
73,173,12629,246,156432549,3,7,-1095027842,1095027843,156432549,147331044,12138
73,173,12629,246,156432549,5,21,-3285083528,3285083529,156432549,147331044,12138
73,173,12629,246,156432549,7,43,-6726599606,6726599607,156432549,147331044,12138
73,179,13067,252,167503791,0,1,-167503790,167503791,167503791,157854096,12564
73,179,13067,252,167503791,1,1,-167503790,167503791,167503791,157854096,12564
73,179,13067,252,167503791,2,3,-502511372,502511373,167503791,157854096,12564
73,179,13067,252,167503791,3,7,-1172526536,1172526537,167503791,157854096,12564
73,179,13067,252,167503791,5,21,-3517579610,3517579611,167503791,157854096,12564
73,179,13067,252,167503791,7,43,-7202663012,7202663013,167503791,157854096,12564
73,181,13213,254,171278317,0,1,-171278316,171278317,171278317,161442436,12706
73,181,13213,254,171278317,1,1,-171278316,171278317,171278317,161442436,12706
73,181,13213,254,171278317,2,3,-513834950,513834951,171278317,161442436,12706
73,181,13213,254,171278317,3,7,-1198948218,1198948219,171278317,161442436,12706
73,181,13213,254,171278317,5,21,-3596844656,3596844657,171278317,161442436,12706
73,181,13213,254,171278317,7,43,-7364967630,7364967631,171278317,161442436,12706
73,191,13943,264,190781787,0,1,-190781786,190781787,190781787,179989056,13416
73,191,13943,264,190781787,1,1,-190781786,190781787,190781787,179989056,13416
73,191,13943,264,190781787,2,3,-572345360,572345361,190781787,179989056,13416
73,191,13943,264,190781787,3,7,-1335472508,1335472509,190781787,179989056,13416
73,191,13943,264,190781787,5,21,-4006417526,4006417527,190781787,179989056,13416
73,191,13943,264,190781787,7,43,-8203616840,8203616841,190781787,179989056,13416
73,193,14089,266,194808649,0,1,-194808648,194808649,194808649,183819364,13558
73,193,14089,266,194808649,1,1,-194808648,194808649,194808649,183819364,13558
73,193,14089,266,194808649,2,3,-584425946,584425947,194808649,183819364,13558
73,193,14089,266,194808649,3,7,-1363660542,1363660543,194808649,183819364,13558
73,193,14089,266,194808649,5,21,-4090981628,4090981629,194808649,183819364,13558
73,193,14089,266,194808649,7,43,-8376771906,8376771907,194808649,183819364,13558
73,197,14381,270,202988541,0,1,-202988540,202988541,202988541,191600964,13842
73,197,14381,270,202988541,1,1,-202988540,202988541,202988541,191600964,13842
73,197,14381,270,202988541,2,3,-608965622,608965623,202988541,191600964,13842
73,197,14381,270,202988541,3,7,-1420919786,1420919787,202988541,191600964,13842
73,197,14381,270,202988541,5,21,-4262759360,4262759361,202988541,191600964,13842
73,197,14381,270,202988541,7,43,-8728507262,8728507263,202988541,191600964,13842
73,199,14527,272,207141571,0,1,-207141570,207141571,207141571,195552256,13984
73,199,14527,272,207141571,1,1,-207141570,207141571,207141571,195552256,13984
73,199,14527,272,207141571,2,3,-621424712,621424713,207141571,195552256,13984
73,199,14527,272,207141571,3,7,-1449990996,1449990997,207141571,195552256,13984
73,199,14527,272,207141571,5,21,-4349972990,4349972991,207141571,195552256,13984
73,199,14527,272,207141571,7,43,-8907087552,8907087553,207141571,195552256,13984
73,211,15403,284,232942927,0,1,-232942926,232942927,232942927,220106896,14836
73,211,15403,284,232942927,1,1,-232942926,232942927,232942927,220106896,14836
73,211,15403,284,232942927,2,3,-698828780,698828781,232942927,220106896,14836
73,211,15403,284,232942927,3,7,-1630600488,1630600489,232942927,220106896,14836
73,211,15403,284,232942927,5,21,-4891801466,4891801467,232942927,220106896,14836
73,211,15403,284,232942927,7,43,-10016545860,10016545861,232942927,220106896,14836
73,223,16279,296,260258299,0,1,-260258298,260258299,260258299,246113344,15688
73,223,16279,296,260258299,1,1,-260258298,260258299,260258299,246113344,15688
73,223,16279,296,260258299,2,3,-780774896,780774897,260258299,246113344,15688
73,223,16279,296,260258299,3,7,-1821808092,1821808093,260258299,246113344,15688
73,223,16279,296,260258299,5,21,-5465424278,5465424279,260258299,246113344,15688
73,223,16279,296,260258299,7,43,-11191106856,11191106857,260258299,246113344,15688
73,227,16571,300,269699871,0,1,-269699870,269699871,269699871,255104784,15972
73,227,16571,300,269699871,1,1,-269699870,269699871,269699871,255104784,15972
73,227,16571,300,269699871,2,3,-809099612,809099613,269699871,255104784,15972
73,227,16571,300,269699871,3,7,-1887899096,1887899097,269699871,255104784,15972
73,227,16571,300,269699871,5,21,-5663697290,5663697291,269699871,255104784,15972
73,227,16571,300,269699871,7,43,-11597094452,11597094453,269699871,255104784,15972
73,229,16717,302,274483741,0,1,-274483740,274483741,274483741,259660996,16114
73,229,16717,302,274483741,1,1,-274483740,274483741,274483741,259660996,16114
73,229,16717,302,274483741,2,3,-823451222,823451223,274483741,259660996,16114
73,229,16717,302,274483741,3,7,-1921386186,1921386187,274483741,259660996,16114
73,229,16717,302,274483741,5,21,-5764158560,5764158561,274483741,259660996,16114
73,229,16717,302,274483741,7,43,-11802800862,11802800863,274483741,259660996,16114
73,233,17009,306,284177649,0,1,-284177648,284177649,284177649,268894404,16398
73,233,17009,306,284177649,1,1,-284177648,284177649,284177649,268894404,16398
73,233,17009,306,284177649,2,3,-852532946,852532947,284177649,268894404,16398
73,233,17009,306,284177649,3,7,-1989243542,1989243543,284177649,268894404,16398
73,233,17009,306,284177649,5,21,-5967730628,5967730629,284177649,268894404,16398
73,233,17009,306,284177649,7,43,-12219638906,12219638907,284177649,268894404,16398
73,239,17447,312,299033931,0,1,-299033930,299033931,299033931,283046976,16824
73,239,17447,312,299033931,1,1,-299033930,299033931,299033931,283046976,16824
73,239,17447,312,299033931,2,3,-897101792,897101793,299033931,283046976,16824
73,239,17447,312,299033931,3,7,-2093237516,2093237517,299033931,283046976,16824
73,239,17447,312,299033931,5,21,-6279712550,6279712551,299033931,283046976,16824
73,239,17447,312,299033931,7,43,-12858459032,12858459033,299033931,283046976,16824
73,241,17593,314,304070137,0,1,-304070136,304070137,304070137,287845156,16966
73,241,17593,314,304070137,1,1,-304070136,304070137,304070137,287845156,16966
73,241,17593,314,304070137,2,3,-912210410,912210411,304070137,287845156,16966
73,241,17593,314,304070137,3,7,-2128490958,2128490959,304070137,287845156,16966
73,241,17593,314,304070137,5,21,-6385472876,6385472877,304070137,287845156,16966
73,241,17593,314,304070137,7,43,-13075015890,13075015891,304070137,287845156,16966
73,251,18323,324,329882007,0,1,-329882006,329882007,329882007,312440976,17676
73,251,18323,324,329882007,1,1,-329882006,329882007,329882007,312440976,17676
73,251,18323,324,329882007,2,3,-989646020,989646021,329882007,312440976,17676
73,251,18323,324,329882007,3,7,-2309174048,2309174049,329882007,312440976,17676
73,251,18323,324,329882007,5,21,-6927522146,6927522147,329882007,312440976,17676
73,251,18323,324,329882007,7,43,-14184926300,14184926301,329882007,312440976,17676
73,257,18761,330,345873801,0,1,-345873800,345873801,345873801,327682404,18102
73,257,18761,330,345873801,1,1,-345873800,345873801,345873801,327682404,18102
73,257,18761,330,345873801,2,3,-1037621402,1037621403,345873801,327682404,18102
73,257,18761,330,345873801,3,7,-2421116606,2421116607,345873801,327682404,18102
73,257,18761,330,345873801,5,21,-7263349820,7263349821,345873801,327682404,18102
73,257,18761,330,345873801,7,43,-14872573442,14872573443,345873801,327682404,18102
73,263,19199,336,362244099,0,1,-362244098,362244099,362244099,343286784,18528
73,263,19199,336,362244099,1,1,-362244098,362244099,362244099,343286784,18528
73,263,19199,336,362244099,2,3,-1086732296,1086732297,362244099,343286784,18528
73,263,19199,336,362244099,3,7,-2535708692,2535708693,362244099,343286784,18528
73,263,19199,336,362244099,5,21,-7607126078,7607126079,362244099,343286784,18528
73,263,19199,336,362244099,7,43,-15576496256,15576496257,362244099,343286784,18528
73,269,19637,342,378992901,0,1,-378992900,378992901,378992901,359254116,18954
73,269,19637,342,378992901,1,1,-378992900,378992901,378992901,359254116,18954
73,269,19637,342,378992901,2,3,-1136978702,1136978703,378992901,359254116,18954
73,269,19637,342,378992901,3,7,-2652950306,2652950307,378992901,359254116,18954
73,269,19637,342,378992901,5,21,-7958850920,7958850921,378992901,359254116,18954
73,269,19637,342,378992901,7,43,-16296694742,16296694743,378992901,359254116,18954
73,271,19783,344,384659947,0,1,-384659946,384659947,384659947,364657216,19096
73,271,19783,344,384659947,1,1,-384659946,384659947,384659947,364657216,19096
73,271,19783,344,384659947,2,3,-1153979840,1153979841,384659947,364657216,19096
73,271,19783,344,384659947,3,7,-2692619628,2692619629,384659947,364657216,19096
73,271,19783,344,384659947,5,21,-8077858886,8077858887,384659947,364657216,19096
73,271,19783,344,384659947,7,43,-16540377720,16540377721,384659947,364657216,19096
73,277,20221,350,401913421,0,1,-401913420,401913421,401913421,381108484,19522
73,277,20221,350,401913421,1,1,-401913420,401913421,401913421,381108484,19522
73,277,20221,350,401913421,2,3,-1205740262,1205740263,401913421,381108484,19522
73,277,20221,350,401913421,3,7,-2813393946,2813393947,401913421,381108484,19522
73,277,20221,350,401913421,5,21,-8440181840,8440181841,401913421,381108484,19522
73,277,20221,350,401913421,7,43,-17282277102,17282277103,401913421,381108484,19522
73,281,20513,354,413626017,0,1,-413626016,413626017,413626017,392277636,19806
73,281,20513,354,413626017,1,1,-413626016,413626017,413626017,392277636,19806
73,281,20513,354,413626017,2,3,-1240878050,1240878051,413626017,392277636,19806
73,281,20513,354,413626017,3,7,-2895382118,2895382119,413626017,392277636,19806
73,281,20513,354,413626017,5,21,-8686146356,8686146357,413626017,392277636,19806
73,281,20513,354,413626017,7,43,-17785918730,17785918731,413626017,392277636,19806
73,283,20659,356,419545399,0,1,-419545398,419545399,419545399,397922704,19948
73,283,20659,356,419545399,1,1,-419545398,419545399,419545399,397922704,19948
73,283,20659,356,419545399,2,3,-1258636196,1258636197,419545399,397922704,19948
73,283,20659,356,419545399,3,7,-2936817792,2936817793,419545399,397922704,19948
73,283,20659,356,419545399,5,21,-8810453378,8810453379,419545399,397922704,19948
73,283,20659,356,419545399,7,43,-18040452156,18040452157,419545399,397922704,19948
73,293,21389,366,449773149,0,1,-449773148,449773149,449773149,426752964,20658
73,293,21389,366,449773149,1,1,-449773148,449773149,449773149,426752964,20658
73,293,21389,366,449773149,2,3,-1349319446,1349319447,449773149,426752964,20658
73,293,21389,366,449773149,3,7,-3148412042,3148412043,449773149,426752964,20658
73,293,21389,366,449773149,5,21,-9445236128,9445236129,449773149,426752964,20658
73,293,21389,366,449773149,7,43,-19340245406,19340245407,449773149,426752964,20658
79,83,6557,162,41951541,0,1,-41951540,41951541,41951541,38862756,6234
79,83,6557,162,41951541,1,1,-41951540,41951541,41951541,38862756,6234
79,83,6557,162,41951541,2,3,-125854622,125854623,41951541,38862756,6234
79,83,6557,162,41951541,3,7,-293660786,293660787,41951541,38862756,6234
79,83,6557,162,41951541,5,21,-880982360,880982361,41951541,38862756,6234
79,83,6557,162,41951541,7,43,-1803916262,1803916263,41951541,38862756,6234
79,89,7031,168,48274779,0,1,-48274778,48274779,48274779,44836416,6696
79,89,7031,168,48274779,1,1,-48274778,48274779,48274779,44836416,6696
79,89,7031,168,48274779,2,3,-144824336,144824337,48274779,44836416,6696
79,89,7031,168,48274779,3,7,-337923452,337923453,48274779,44836416,6696
79,89,7031,168,48274779,5,21,-1013770358,1013770359,48274779,44836416,6696
79,89,7031,168,48274779,7,43,-2075815496,2075815497,48274779,44836416,6696
79,97,7663,176,57396019,0,1,-57396018,57396019,57396019,53465344,7312
79,97,7663,176,57396019,1,1,-57396018,57396019,57396019,53465344,7312
79,97,7663,176,57396019,2,3,-172188056,172188057,57396019,53465344,7312
79,97,7663,176,57396019,3,7,-401772132,401772133,57396019,53465344,7312
79,97,7663,176,57396019,5,21,-1205316398,1205316399,57396019,53465344,7312
79,97,7663,176,57396019,7,43,-2468028816,2468028817,57396019,53465344,7312
79,101,7979,180,62252463,0,1,-62252462,62252463,62252463,58064400,7620
79,101,7979,180,62252463,1,1,-62252462,62252463,62252463,58064400,7620
79,101,7979,180,62252463,2,3,-186757388,186757389,62252463,58064400,7620
79,101,7979,180,62252463,3,7,-435767240,435767241,62252463,58064400,7620
79,101,7979,180,62252463,5,21,-1307301722,1307301723,62252463,58064400,7620
79,101,7979,180,62252463,7,43,-2676855908,2676855909,62252463,58064400,7620
79,103,8137,182,64754641,0,1,-64754640,64754641,64754641,60435076,7774
79,103,8137,182,64754641,1,1,-64754640,64754641,64754641,60435076,7774
79,103,8137,182,64754641,2,3,-194263922,194263923,64754641,60435076,7774
79,103,8137,182,64754641,3,7,-453282486,453282487,64754641,60435076,7774
79,103,8137,182,64754641,5,21,-1359847460,1359847461,64754641,60435076,7774
79,103,8137,182,64754641,7,43,-2784449562,2784449563,64754641,60435076,7774
79,107,8453,186,69906909,0,1,-69906908,69906909,69906909,65318724,8082
79,107,8453,186,69906909,1,1,-69906908,69906909,69906909,65318724,8082
79,107,8453,186,69906909,2,3,-209720726,209720727,69906909,65318724,8082
79,107,8453,186,69906909,3,7,-489348362,489348363,69906909,65318724,8082
79,107,8453,186,69906909,5,21,-1468045088,1468045089,69906909,65318724,8082
79,107,8453,186,69906909,7,43,-3005997086,3005997087,69906909,65318724,8082
79,109,8611,188,72556999,0,1,-72556998,72556999,72556999,67831696,8236
79,109,8611,188,72556999,1,1,-72556998,72556999,72556999,67831696,8236
79,109,8611,188,72556999,2,3,-217670996,217670997,72556999,67831696,8236
79,109,8611,188,72556999,3,7,-507898992,507898993,72556999,67831696,8236
79,109,8611,188,72556999,5,21,-1523696978,1523696979,72556999,67831696,8236
79,109,8611,188,72556999,7,43,-3119950956,3119950957,72556999,67831696,8236
79,113,8927,192,78005091,0,1,-78005090,78005091,78005091,72999936,8544
79,113,8927,192,78005091,1,1,-78005090,78005091,78005091,72999936,8544
79,113,8927,192,78005091,2,3,-234015272,234015273,78005091,72999936,8544
79,113,8927,192,78005091,3,7,-546035636,546035637,78005091,72999936,8544
79,113,8927,192,78005091,5,21,-1638106910,1638106911,78005091,72999936,8544
79,113,8927,192,78005091,7,43,-3354218912,3354218913,78005091,72999936,8544
79,127,10033,206,98626489,0,1,-98626488,98626489,98626489,92582884,9622
79,127,10033,206,98626489,1,1,-98626488,98626489,98626489,92582884,9622
79,127,10033,206,98626489,2,3,-295879466,295879467,98626489,92582884,9622
79,127,10033,206,98626489,3,7,-690385422,690385423,98626489,92582884,9622
79,127,10033,206,98626489,5,21,-2071156268,2071156269,98626489,92582884,9622
79,127,10033,206,98626489,7,43,-4240939026,4240939027,98626489,92582884,9622
79,131,10349,210,104962053,0,1,-104962052,104962053,104962053,98604900,9930
79,131,10349,210,104962053,1,1,-104962052,104962053,104962053,98604900,9930
79,131,10349,210,104962053,2,3,-314886158,314886159,104962053,98604900,9930
79,131,10349,210,104962053,3,7,-734734370,734734371,104962053,98604900,9930
79,131,10349,210,104962053,5,21,-2204203112,2204203113,104962053,98604900,9930
79,131,10349,210,104962053,7,43,-4513368278,4513368279,104962053,98604900,9930
79,137,10823,216,114835179,0,1,-114835178,114835179,114835179,107993664,10392
79,137,10823,216,114835179,1,1,-114835178,114835179,114835179,107993664,10392
79,137,10823,216,114835179,2,3,-344505536,344505537,114835179,107993664,10392
79,137,10823,216,114835179,3,7,-803846252,803846253,114835179,107993664,10392
79,137,10823,216,114835179,5,21,-2411538758,2411538759,114835179,107993664,10392
79,137,10823,216,114835179,7,43,-4937912696,4937912697,114835179,107993664,10392
79,139,10981,218,118224829,0,1,-118224828,118224829,118224829,111218116,10546
79,139,10981,218,118224829,1,1,-118224828,118224829,118224829,111218116,10546
79,139,10981,218,118224829,2,3,-354674486,354674487,118224829,111218116,10546
79,139,10981,218,118224829,3,7,-827573802,827573803,118224829,111218116,10546
79,139,10981,218,118224829,5,21,-2482721408,2482721409,118224829,111218116,10546
79,139,10981,218,118224829,7,43,-5083667646,5083667647,118224829,111218116,10546
79,149,11771,228,135912639,0,1,-135912638,135912639,135912639,128051856,11316
79,149,11771,228,135912639,1,1,-135912638,135912639,135912639,128051856,11316
79,149,11771,228,135912639,2,3,-407737916,407737917,135912639,128051856,11316
79,149,11771,228,135912639,3,7,-951388472,951388473,135912639,128051856,11316
79,149,11771,228,135912639,5,21,-2854165418,2854165419,135912639,128051856,11316
79,149,11771,228,135912639,7,43,-5844243476,5844243477,135912639,128051856,11316
79,151,11929,230,139598113,0,1,-139598112,139598113,139598113,131560900,11470
79,151,11929,230,139598113,1,1,-139598112,139598113,139598113,131560900,11470
79,151,11929,230,139598113,2,3,-418794338,418794339,139598113,131560900,11470
79,151,11929,230,139598113,3,7,-977186790,977186791,139598113,131560900,11470
79,151,11929,230,139598113,5,21,-2931560372,2931560373,139598113,131560900,11470
79,151,11929,230,139598113,7,43,-6002718858,6002718859,139598113,131560900,11470
79,157,12403,236,150950359,0,1,-150950358,150950359,150950359,142372624,11932
79,157,12403,236,150950359,1,1,-150950358,150950359,150950359,142372624,11932
79,157,12403,236,150950359,2,3,-452851076,452851077,150950359,142372624,11932
79,157,12403,236,150950359,3,7,-1056652512,1056652513,150950359,142372624,11932
79,157,12403,236,150950359,5,21,-3169957538,3169957539,150950359,142372624,11932
79,157,12403,236,150950359,7,43,-6490865436,6490865437,150950359,142372624,11932
79,163,12877,242,162746341,0,1,-162746340,162746341,162746341,153611236,12394
79,163,12877,242,162746341,1,1,-162746340,162746341,162746341,153611236,12394
79,163,12877,242,162746341,2,3,-488239022,488239023,162746341,153611236,12394
79,163,12877,242,162746341,3,7,-1139224386,1139224387,162746341,153611236,12394
79,163,12877,242,162746341,5,21,-3417673160,3417673161,162746341,153611236,12394
79,163,12877,242,162746341,7,43,-6998092662,6998092663,162746341,153611236,12394
79,167,13193,246,170856849,0,1,-170856848,170856849,170856849,161340804,12702
79,167,13193,246,170856849,1,1,-170856848,170856849,170856849,161340804,12702
79,167,13193,246,170856849,2,3,-512570546,512570547,170856849,161340804,12702
79,167,13193,246,170856849,3,7,-1195997942,1195997943,170856849,161340804,12702
79,167,13193,246,170856849,5,21,-3587993828,3587993829,170856849,161340804,12702
79,167,13193,246,170856849,7,43,-7346844506,7346844507,170856849,161340804,12702
79,173,13667,252,183392391,0,1,-183392390,183392391,183392391,173290896,13164
79,173,13667,252,183392391,1,1,-183392390,183392391,183392391,173290896,13164
79,173,13667,252,183392391,2,3,-550177172,550177173,183392391,173290896,13164
79,173,13667,252,183392391,3,7,-1283746736,1283746737,183392391,173290896,13164
79,173,13667,252,183392391,5,21,-3851240210,3851240211,183392391,173290896,13164
79,173,13667,252,183392391,7,43,-7885872812,7885872813,183392391,173290896,13164
79,179,14141,258,196371669,0,1,-196371668,196371669,196371669,185667876,13626
79,179,14141,258,196371669,1,1,-196371668,196371669,196371669,185667876,13626
79,179,14141,258,196371669,2,3,-589115006,589115007,196371669,185667876,13626
79,179,14141,258,196371669,3,7,-1374601682,1374601683,196371669,185667876,13626
79,179,14141,258,196371669,5,21,-4123805048,4123805049,196371669,185667876,13626
79,179,14141,258,196371669,7,43,-8443981766,8443981767,196371669,185667876,13626
79,181,14299,260,200796703,0,1,-200796702,200796703,200796703,189888400,13780
79,181,14299,260,200796703,1,1,-200796702,200796703,200796703,189888400,13780
79,181,14299,260,200796703,2,3,-602390108,602390109,200796703,189888400,13780
79,181,14299,260,200796703,3,7,-1405576920,1405576921,200796703,189888400,13780
79,181,14299,260,200796703,5,21,-4216730762,4216730763,200796703,189888400,13780
79,181,14299,260,200796703,7,43,-8634258228,8634258229,200796703,189888400,13780
79,191,15089,270,223661433,0,1,-223661432,223661433,223661433,211702500,14550
79,191,15089,270,223661433,1,1,-223661432,223661433,223661433,211702500,14550
79,191,15089,270,223661433,2,3,-670984298,670984299,223661433,211702500,14550
79,191,15089,270,223661433,3,7,-1565630030,1565630031,223661433,211702500,14550
79,191,15089,270,223661433,5,21,-4696890092,4696890093,223661433,211702500,14550
79,191,15089,270,223661433,7,43,-9617441618,9617441619,223661433,211702500,14550
79,193,15247,272,228382291,0,1,-228382290,228382291,228382291,216207616,14704
79,193,15247,272,228382291,1,1,-228382290,228382291,228382291,216207616,14704
79,193,15247,272,228382291,2,3,-685146872,685146873,228382291,216207616,14704
79,193,15247,272,228382291,3,7,-1598676036,1598676037,228382291,216207616,14704
79,193,15247,272,228382291,5,21,-4796028110,4796028111,228382291,216207616,14704
79,193,15247,272,228382291,7,43,-9820438512,9820438513,228382291,216207616,14704
79,197,15563,276,237971919,0,1,-237971918,237971919,237971919,225360144,15012
79,197,15563,276,237971919,1,1,-237971918,237971919,237971919,225360144,15012
79,197,15563,276,237971919,2,3,-713915756,713915757,237971919,225360144,15012
79,197,15563,276,237971919,3,7,-1665803432,1665803433,237971919,225360144,15012
79,197,15563,276,237971919,5,21,-4997410298,4997410299,237971919,225360144,15012
79,197,15563,276,237971919,7,43,-10232792516,10232792517,237971919,225360144,15012
79,199,15721,278,242840689,0,1,-242840688,242840689,242840689,230007556,15166
79,199,15721,278,242840689,1,1,-242840688,242840689,242840689,230007556,15166
79,199,15721,278,242840689,2,3,-728522066,728522067,242840689,230007556,15166
79,199,15721,278,242840689,3,7,-1699884822,1699884823,242840689,230007556,15166
79,199,15721,278,242840689,5,21,-5099654468,5099654469,242840689,230007556,15166
79,199,15721,278,242840689,7,43,-10442149626,10442149627,242840689,230007556,15166
79,211,16669,290,273088693,0,1,-273088692,273088693,273088693,258888100,16090
79,211,16669,290,273088693,1,1,-273088692,273088693,273088693,258888100,16090
79,211,16669,290,273088693,2,3,-819266078,819266079,273088693,258888100,16090
79,211,16669,290,273088693,3,7,-1911620850,1911620851,273088693,258888100,16090
79,211,16669,290,273088693,5,21,-5734862552,5734862553,273088693,258888100,16090
79,211,16669,290,273088693,7,43,-11742813798,11742813799,273088693,258888100,16090
79,223,17617,302,305111641,0,1,-305111640,305111641,305111641,289476196,17014
79,223,17617,302,305111641,1,1,-305111640,305111641,305111641,289476196,17014
79,223,17617,302,305111641,2,3,-915334922,915334923,305111641,289476196,17014
79,223,17617,302,305111641,3,7,-2135781486,2135781487,305111641,289476196,17014
79,223,17617,302,305111641,5,21,-6407344460,6407344461,305111641,289476196,17014
79,223,17617,302,305111641,7,43,-13119800562,13119800563,305111641,289476196,17014
79,227,17933,306,316180389,0,1,-316180388,316180389,316180389,300051684,17322
79,227,17933,306,316180389,1,1,-316180388,316180389,316180389,300051684,17322
79,227,17933,306,316180389,2,3,-948541166,948541167,316180389,300051684,17322
79,227,17933,306,316180389,3,7,-2213262722,2213262723,316180389,300051684,17322
79,227,17933,306,316180389,5,21,-6639788168,6639788169,316180389,300051684,17322
79,227,17933,306,316180389,7,43,-13595756726,13595756727,316180389,300051684,17322
79,229,18091,308,321788719,0,1,-321788718,321788719,321788719,305410576,17476
79,229,18091,308,321788719,1,1,-321788718,321788719,321788719,305410576,17476
79,229,18091,308,321788719,2,3,-965366156,965366157,321788719,305410576,17476
79,229,18091,308,321788719,3,7,-2252521032,2252521033,321788719,305410576,17476
79,229,18091,308,321788719,5,21,-6757563098,6757563099,321788719,305410576,17476
79,229,18091,308,321788719,7,43,-13836914916,13836914917,321788719,305410576,17476
79,233,18407,312,333153291,0,1,-333153290,333153291,333153291,316270656,17784
79,233,18407,312,333153291,1,1,-333153290,333153291,333153291,316270656,17784
79,233,18407,312,333153291,2,3,-999459872,999459873,333153291,316270656,17784
79,233,18407,312,333153291,3,7,-2332073036,2332073037,333153291,316270656,17784
79,233,18407,312,333153291,5,21,-6996219110,6996219111,333153291,316270656,17784
79,233,18407,312,333153291,7,43,-14325591512,14325591513,333153291,316270656,17784
79,239,18881,318,350569929,0,1,-350569928,350569929,350569929,332916516,18246
79,239,18881,318,350569929,1,1,-350569928,350569929,350569929,332916516,18246
79,239,18881,318,350569929,2,3,-1051709786,1051709787,350569929,332916516,18246
79,239,18881,318,350569929,3,7,-2453989502,2453989503,350569929,332916516,18246
79,239,18881,318,350569929,5,21,-7361968508,7361968509,350569929,332916516,18246
79,239,18881,318,350569929,7,43,-15074506946,15074506947,350569929,332916516,18246
79,241,19039,320,356474083,0,1,-356474082,356474083,356474083,338560000,18400
79,241,19039,320,356474083,1,1,-356474082,356474083,356474083,338560000,18400
79,241,19039,320,356474083,2,3,-1069422248,1069422249,356474083,338560000,18400
79,241,19039,320,356474083,3,7,-2495318580,2495318581,356474083,338560000,18400
79,241,19039,320,356474083,5,21,-7485955742,7485955743,356474083,338560000,18400
79,241,19039,320,356474083,7,43,-15328385568,15328385569,356474083,338560000,18400
79,251,19829,330,386734413,0,1,-386734412,386734413,386734413,367488900,19170
79,251,19829,330,386734413,1,1,-386734412,386734413,386734413,367488900,19170
79,251,19829,330,386734413,2,3,-1160203238,1160203239,386734413,367488900,19170
79,251,19829,330,386734413,3,7,-2707140890,2707140891,386734413,367488900,19170
79,251,19829,330,386734413,5,21,-8121422672,8121422673,386734413,367488900,19170
79,251,19829,330,386734413,7,43,-16629579758,16629579759,386734413,367488900,19170
79,257,20303,336,405482259,0,1,-405482258,405482259,405482259,385415424,19632
79,257,20303,336,405482259,1,1,-405482258,405482259,405482259,385415424,19632
79,257,20303,336,405482259,2,3,-1216446776,1216446777,405482259,385415424,19632
79,257,20303,336,405482259,3,7,-2838375812,2838375813,405482259,385415424,19632
79,257,20303,336,405482259,5,21,-8515127438,8515127439,405482259,385415424,19632
79,257,20303,336,405482259,7,43,-17435737136,17435737137,405482259,385415424,19632
79,263,20777,342,424673841,0,1,-424673840,424673841,424673841,403768836,20094
79,263,20777,342,424673841,1,1,-424673840,424673841,424673841,403768836,20094
79,263,20777,342,424673841,2,3,-1274021522,1274021523,424673841,403768836,20094
79,263,20777,342,424673841,3,7,-2972716886,2972716887,424673841,403768836,20094
79,263,20777,342,424673841,5,21,-8918150660,8918150661,424673841,403768836,20094
79,263,20777,342,424673841,7,43,-18260975162,18260975163,424673841,403768836,20094
79,269,21251,348,444309159,0,1,-444309158,444309159,444309159,422549136,20556
79,269,21251,348,444309159,1,1,-444309158,444309159,444309159,422549136,20556
79,269,21251,348,444309159,2,3,-1332927476,1332927477,444309159,422549136,20556
79,269,21251,348,444309159,3,7,-3110164112,3110164113,444309159,422549136,20556
79,269,21251,348,444309159,5,21,-9330492338,9330492339,444309159,422549136,20556
79,269,21251,348,444309159,7,43,-19105293836,19105293837,444309159,422549136,20556
79,271,21409,350,450952873,0,1,-450952872,450952873,450952873,428904100,20710
79,271,21409,350,450952873,1,1,-450952872,450952873,450952873,428904100,20710
79,271,21409,350,450952873,2,3,-1352858618,1352858619,450952873,428904100,20710
79,271,21409,350,450952873,3,7,-3156670110,3156670111,450952873,428904100,20710
79,271,21409,350,450952873,5,21,-9470010332,9470010333,450952873,428904100,20710
79,271,21409,350,450952873,7,43,-19390973538,19390973539,450952873,428904100,20710
79,277,21883,356,471179839,0,1,-471179838,471179839,471179839,448253584,21172
79,277,21883,356,471179839,1,1,-471179838,471179839,471179839,448253584,21172
79,277,21883,356,471179839,2,3,-1413539516,1413539517,471179839,448253584,21172
79,277,21883,356,471179839,3,7,-3298258872,3298258873,471179839,448253584,21172
79,277,21883,356,471179839,5,21,-9894776618,9894776619,471179839,448253584,21172
79,277,21883,356,471179839,7,43,-20260733076,20260733077,471179839,448253584,21172
79,281,22199,360,484911003,0,1,-484911002,484911003,484911003,461390400,21480
79,281,22199,360,484911003,1,1,-484911002,484911003,484911003,461390400,21480
79,281,22199,360,484911003,2,3,-1454733008,1454733009,484911003,461390400,21480
79,281,22199,360,484911003,3,7,-3394377020,3394377021,484911003,461390400,21480
79,281,22199,360,484911003,5,21,-10183131062,10183131063,484911003,461390400,21480
79,281,22199,360,484911003,7,43,-20851173128,20851173129,484911003,461390400,21480
79,283,22357,362,491850541,0,1,-491850540,491850541,491850541,468029956,21634
79,283,22357,362,491850541,1,1,-491850540,491850541,491850541,468029956,21634
79,283,22357,362,491850541,2,3,-1475551622,1475551623,491850541,468029956,21634
79,283,22357,362,491850541,3,7,-3442953786,3442953787,491850541,468029956,21634
79,283,22357,362,491850541,5,21,-10328861360,10328861361,491850541,468029956,21634
79,283,22357,362,491850541,7,43,-21149573262,21149573263,491850541,468029956,21634
79,293,23147,372,527287791,0,1,-527287790,527287791,527287791,501939216,22404
79,293,23147,372,527287791,1,1,-527287790,527287791,527287791,501939216,22404
79,293,23147,372,527287791,2,3,-1581863372,1581863373,527287791,501939216,22404
79,293,23147,372,527287791,3,7,-3691014536,3691014537,527287791,501939216,22404
79,293,23147,372,527287791,5,21,-11073043610,11073043611,527287791,501939216,22404
79,293,23147,372,527287791,7,43,-22673375012,22673375013,527287791,501939216,22404
83,89,7387,172,53319231,0,1,-53319230,53319231,53319231,49617936,7044
83,89,7387,172,53319231,1,1,-53319230,53319231,53319231,49617936,7044
83,89,7387,172,53319231,2,3,-159957692,159957693,53319231,49617936,7044
83,89,7387,172,53319231,3,7,-373234616,373234617,53319231,49617936,7044
83,89,7387,172,53319231,5,21,-1119703850,1119703851,53319231,49617936,7044
83,89,7387,172,53319231,7,43,-2292726932,2292726933,53319231,49617936,7044
83,97,8051,180,63393591,0,1,-63393590,63393591,63393591,59166864,7692
83,97,8051,180,63393591,1,1,-63393590,63393591,63393591,59166864,7692
83,97,8051,180,63393591,2,3,-190180772,190180773,63393591,59166864,7692
83,97,8051,180,63393591,3,7,-443755136,443755137,63393591,59166864,7692
83,97,8051,180,63393591,5,21,-1331265410,1331265411,63393591,59166864,7692
83,97,8051,180,63393591,7,43,-2725924412,2725924413,63393591,59166864,7692
83,101,8383,184,68757507,0,1,-68757506,68757507,68757507,64256256,8016
83,101,8383,184,68757507,1,1,-68757506,68757507,68757507,64256256,8016
83,101,8383,184,68757507,2,3,-206272520,206272521,68757507,64256256,8016
83,101,8383,184,68757507,3,7,-481302548,481302549,68757507,64256256,8016
83,101,8383,184,68757507,5,21,-1443907646,1443907647,68757507,64256256,8016
83,101,8383,184,68757507,7,43,-2956572800,2956572801,68757507,64256256,8016
83,103,8549,186,71521149,0,1,-71521148,71521149,71521149,66879684,8178
83,103,8549,186,71521149,1,1,-71521148,71521149,71521149,66879684,8178
83,103,8549,186,71521149,2,3,-214563446,214563447,71521149,66879684,8178
83,103,8549,186,71521149,3,7,-500648042,500648043,71521149,66879684,8178
83,103,8549,186,71521149,5,21,-1501944128,1501944129,71521149,66879684,8178
83,103,8549,186,71521149,7,43,-3075409406,3075409407,71521149,66879684,8178
83,107,8881,190,77211801,0,1,-77211800,77211801,77211801,72284004,8502
83,107,8881,190,77211801,1,1,-77211800,77211801,77211801,72284004,8502
83,107,8881,190,77211801,2,3,-231635402,231635403,77211801,72284004,8502
83,107,8881,190,77211801,3,7,-540482606,540482607,77211801,72284004,8502
83,107,8881,190,77211801,5,21,-1621447820,1621447821,77211801,72284004,8502
83,107,8881,190,77211801,7,43,-3320107442,3320107443,77211801,72284004,8502
83,109,9047,192,80138811,0,1,-80138810,80138811,80138811,75064896,8664
83,109,9047,192,80138811,1,1,-80138810,80138811,80138811,75064896,8664
83,109,9047,192,80138811,2,3,-240416432,240416433,80138811,75064896,8664
83,109,9047,192,80138811,3,7,-560971676,560971677,80138811,75064896,8664
83,109,9047,192,80138811,5,21,-1682915030,1682915031,80138811,75064896,8664
83,109,9047,192,80138811,7,43,-3445968872,3445968873,80138811,75064896,8664
83,113,9379,196,86156199,0,1,-86156198,86156199,86156199,80784144,8988
83,113,9379,196,86156199,1,1,-86156198,86156199,86156199,80784144,8988
83,113,9379,196,86156199,2,3,-258468596,258468597,86156199,80784144,8988
83,113,9379,196,86156199,3,7,-603093392,603093393,86156199,80784144,8988
83,113,9379,196,86156199,5,21,-1809280178,1809280179,86156199,80784144,8988
83,113,9379,196,86156199,7,43,-3704716556,3704716557,86156199,80784144,8988
83,127,10541,210,108932421,0,1,-108932420,108932421,108932421,102454884,10122
83,127,10541,210,108932421,1,1,-108932420,108932421,108932421,102454884,10122
83,127,10541,210,108932421,2,3,-326797262,326797263,108932421,102454884,10122
83,127,10541,210,108932421,3,7,-762526946,762526947,108932421,102454884,10122
83,127,10541,210,108932421,5,21,-2287580840,2287580841,108932421,102454884,10122
83,127,10541,210,108932421,7,43,-4684094102,4684094103,108932421,102454884,10122
83,131,10873,214,115930017,0,1,-115930016,115930017,115930017,109118916,10446
83,131,10873,214,115930017,1,1,-115930016,115930017,115930017,109118916,10446
83,131,10873,214,115930017,2,3,-347790050,347790051,115930017,109118916,10446
83,131,10873,214,115930017,3,7,-811510118,811510119,115930017,109118916,10446
83,131,10873,214,115930017,5,21,-2434530356,2434530357,115930017,109118916,10446
83,131,10873,214,115930017,7,43,-4984990730,4984990731,115930017,109118916,10446
83,137,11371,220,126834831,0,1,-126834830,126834831,126834831,119508624,10932
83,137,11371,220,126834831,1,1,-126834830,126834831,126834831,119508624,10932
83,137,11371,220,126834831,2,3,-380504492,380504493,126834831,119508624,10932
83,137,11371,220,126834831,3,7,-887843816,887843817,126834831,119508624,10932
83,137,11371,220,126834831,5,21,-2663531450,2663531451,126834831,119508624,10932
83,137,11371,220,126834831,7,43,-5453897732,5453897733,126834831,119508624,10932
83,139,11537,222,130578681,0,1,-130578680,130578681,130578681,123076836,11094
83,139,11537,222,130578681,1,1,-130578680,130578681,130578681,123076836,11094
83,139,11537,222,130578681,2,3,-391736042,391736043,130578681,123076836,11094
83,139,11537,222,130578681,3,7,-914050766,914050767,130578681,123076836,11094
83,139,11537,222,130578681,5,21,-2742152300,2742152301,130578681,123076836,11094
83,139,11537,222,130578681,7,43,-5614883282,5614883283,130578681,123076836,11094
83,149,12367,232,150114771,0,1,-150114770,150114771,150114771,141705216,11904
83,149,12367,232,150114771,1,1,-150114770,150114771,150114771,141705216,11904
83,149,12367,232,150114771,2,3,-450344312,450344313,150114771,141705216,11904
83,149,12367,232,150114771,3,7,-1050803396,1050803397,150114771,141705216,11904
83,149,12367,232,150114771,5,21,-3152410190,3152410191,150114771,141705216,11904
83,149,12367,232,150114771,7,43,-6454935152,6454935153,150114771,141705216,11904
83,151,12533,234,154185357,0,1,-154185356,154185357,154185357,145588356,12066
83,151,12533,234,154185357,1,1,-154185356,154185357,154185357,145588356,12066
83,151,12533,234,154185357,2,3,-462556070,462556071,154185357,145588356,12066
83,151,12533,234,154185357,3,7,-1079297498,1079297499,154185357,145588356,12066
83,151,12533,234,154185357,5,21,-3237892496,3237892497,154185357,145588356,12066
83,151,12533,234,154185357,7,43,-6629970350,6629970351,154185357,145588356,12066
83,157,13031,240,166723851,0,1,-166723850,166723851,166723851,157552704,12552
83,157,13031,240,166723851,1,1,-166723850,166723851,166723851,157552704,12552
83,157,13031,240,166723851,2,3,-500171552,500171553,166723851,157552704,12552
83,157,13031,240,166723851,3,7,-1167066956,1167066957,166723851,157552704,12552
83,157,13031,240,166723851,5,21,-3501200870,3501200871,166723851,157552704,12552
83,157,13031,240,166723851,7,43,-7169125592,7169125593,166723851,157552704,12552
83,163,13529,246,179752449,0,1,-179752448,179752449,179752449,169989444,13038
83,163,13529,246,179752449,1,1,-179752448,179752449,179752449,169989444,13038
83,163,13529,246,179752449,2,3,-539257346,539257347,179752449,169989444,13038
83,163,13529,246,179752449,3,7,-1258267142,1258267143,179752449,169989444,13038
83,163,13529,246,179752449,5,21,-3774801428,3774801429,179752449,169989444,13038
83,163,13529,246,179752449,7,43,-7729355306,7729355307,179752449,169989444,13038
83,167,13861,250,188710461,0,1,-188710460,188710461,188710461,178543044,13362
83,167,13861,250,188710461,1,1,-188710460,188710461,188710461,178543044,13362
83,167,13861,250,188710461,2,3,-566131382,566131383,188710461,178543044,13362
83,167,13861,250,188710461,3,7,-1320973226,1320973227,188710461,178543044,13362
83,167,13861,250,188710461,5,21,-3962919680,3962919681,188710461,178543044,13362
83,167,13861,250,188710461,7,43,-8114549822,8114549823,188710461,178543044,13362
83,173,14359,256,202555899,0,1,-202555898,202555899,202555899,191767104,13848
83,173,14359,256,202555899,1,1,-202555898,202555899,202555899,191767104,13848
83,173,14359,256,202555899,2,3,-607667696,607667697,202555899,191767104,13848
83,173,14359,256,202555899,3,7,-1417891292,1417891293,202555899,191767104,13848
83,173,14359,256,202555899,5,21,-4253673878,4253673879,202555899,191767104,13848
83,173,14359,256,202555899,7,43,-8709903656,8709903657,202555899,191767104,13848
83,179,14857,262,216891441,0,1,-216891440,216891441,216891441,205463556,14334
83,179,14857,262,216891441,1,1,-216891440,216891441,216891441,205463556,14334
83,179,14857,262,216891441,2,3,-650674322,650674323,216891441,205463556,14334
83,179,14857,262,216891441,3,7,-1518240086,1518240087,216891441,205463556,14334
83,179,14857,262,216891441,5,21,-4554720260,4554720261,216891441,205463556,14334
83,179,14857,262,216891441,7,43,-9326331962,9326331963,216891441,205463556,14334
83,181,15023,264,221778867,0,1,-221778866,221778867,221778867,210134016,14496
83,181,15023,264,221778867,1,1,-221778866,221778867,221778867,210134016,14496
83,181,15023,264,221778867,2,3,-665336600,665336601,221778867,210134016,14496
83,181,15023,264,221778867,3,7,-1552452068,1552452069,221778867,210134016,14496
83,181,15023,264,221778867,5,21,-4657356206,4657356207,221778867,210134016,14496
83,181,15023,264,221778867,7,43,-9536491280,9536491281,221778867,210134016,14496
83,191,15853,274,247032837,0,1,-247032836,247032837,247032837,234273636,15306
83,191,15853,274,247032837,1,1,-247032836,247032837,247032837,234273636,15306
83,191,15853,274,247032837,2,3,-741098510,741098511,247032837,234273636,15306
83,191,15853,274,247032837,3,7,-1729229858,1729229859,247032837,234273636,15306
83,191,15853,274,247032837,5,21,-5187689576,5187689577,247032837,234273636,15306
83,191,15853,274,247032837,7,43,-10622411990,10622411991,247032837,234273636,15306
83,193,16019,276,252246999,0,1,-252246998,252246999,252246999,239259024,15468
83,193,16019,276,252246999,1,1,-252246998,252246999,252246999,239259024,15468
83,193,16019,276,252246999,2,3,-756740996,756740997,252246999,239259024,15468
83,193,16019,276,252246999,3,7,-1765728992,1765728993,252246999,239259024,15468
83,193,16019,276,252246999,5,21,-5297186978,5297186979,252246999,239259024,15468
83,193,16019,276,252246999,7,43,-10846620956,10846620957,252246999,239259024,15468
83,197,16351,280,262838691,0,1,-262838690,262838691,262838691,249387264,15792
83,197,16351,280,262838691,1,1,-262838690,262838691,262838691,249387264,15792
83,197,16351,280,262838691,2,3,-788516072,788516073,262838691,249387264,15792
83,197,16351,280,262838691,3,7,-1839870836,1839870837,262838691,249387264,15792
83,197,16351,280,262838691,5,21,-5519612510,5519612511,262838691,249387264,15792
83,197,16351,280,262838691,7,43,-11302063712,11302063713,262838691,249387264,15792
83,199,16517,282,268216221,0,1,-268216220,268216221,268216221,254530116,15954
83,199,16517,282,268216221,1,1,-268216220,268216221,268216221,254530116,15954
83,199,16517,282,268216221,2,3,-804648662,804648663,268216221,254530116,15954
83,199,16517,282,268216221,3,7,-1877513546,1877513547,268216221,254530116,15954
83,199,16517,282,268216221,5,21,-5632540640,5632540641,268216221,254530116,15954
83,199,16517,282,268216221,7,43,-11533297502,11533297503,268216221,254530116,15954
83,211,17513,294,301624977,0,1,-301624976,301624977,301624977,286489476,16926
83,211,17513,294,301624977,1,1,-301624976,301624977,301624977,286489476,16926
83,211,17513,294,301624977,2,3,-904874930,904874931,301624977,286489476,16926
83,211,17513,294,301624977,3,7,-2111374838,2111374839,301624977,286489476,16926
83,211,17513,294,301624977,5,21,-6334124516,6334124517,301624977,286489476,16926
83,211,17513,294,301624977,7,43,-12969874010,12969874011,301624977,286489476,16926
83,223,18509,306,336994149,0,1,-336994148,336994149,336994149,320338404,17898
83,223,18509,306,336994149,1,1,-336994148,336994149,336994149,320338404,17898
83,223,18509,306,336994149,2,3,-1010982446,1010982447,336994149,320338404,17898
83,223,18509,306,336994149,3,7,-2358959042,2358959043,336994149,320338404,17898
83,223,18509,306,336994149,5,21,-7076877128,7076877129,336994149,320338404,17898
83,223,18509,306,336994149,7,43,-14490748406,14490748407,336994149,320338404,17898
83,227,18841,310,349219521,0,1,-349219520,349219521,349219521,332041284,18222
83,227,18841,310,349219521,1,1,-349219520,349219521,349219521,332041284,18222
83,227,18841,310,349219521,2,3,-1047658562,1047658563,349219521,332041284,18222
83,227,18841,310,349219521,3,7,-2444536646,2444536647,349219521,332041284,18222
83,227,18841,310,349219521,5,21,-7333609940,7333609941,349219521,332041284,18222
83,227,18841,310,349219521,7,43,-15016439402,15016439403,349219521,332041284,18222
83,229,19007,312,355413891,0,1,-355413890,355413891,355413891,337971456,18384
83,229,19007,312,355413891,1,1,-355413890,355413891,355413891,337971456,18384
83,229,19007,312,355413891,2,3,-1066241672,1066241673,355413891,337971456,18384
83,229,19007,312,355413891,3,7,-2487897236,2487897237,355413891,337971456,18384
83,229,19007,312,355413891,5,21,-7463691710,7463691711,355413891,337971456,18384
83,229,19007,312,355413891,7,43,-15282797312,15282797313,355413891,337971456,18384
83,233,19339,316,367965999,0,1,-367965998,367965999,367965999,349989264,18708
83,233,19339,316,367965999,1,1,-367965998,367965999,367965999,349989264,18708
83,233,19339,316,367965999,2,3,-1103897996,1103897997,367965999,349989264,18708
83,233,19339,316,367965999,3,7,-2575761992,2575761993,367965999,349989264,18708
83,233,19339,316,367965999,5,21,-7727285978,7727285979,367965999,349989264,18708
83,233,19339,316,367965999,7,43,-15822537956,15822537957,367965999,349989264,18708
83,239,19837,322,387202581,0,1,-387202580,387202581,387202581,368409636,19194
83,239,19837,322,387202581,1,1,-387202580,387202581,387202581,368409636,19194
83,239,19837,322,387202581,2,3,-1161607742,1161607743,387202581,368409636,19194
83,239,19837,322,387202581,3,7,-2710418066,2710418067,387202581,368409636,19194
83,239,19837,322,387202581,5,21,-8131254200,8131254201,387202581,368409636,19194
83,239,19837,322,387202581,7,43,-16649710982,16649710983,387202581,368409636,19194
83,241,20003,324,393723687,0,1,-393723686,393723687,393723687,374654736,19356
83,241,20003,324,393723687,1,1,-393723686,393723687,393723687,374654736,19356
83,241,20003,324,393723687,2,3,-1181171060,1181171061,393723687,374654736,19356
83,241,20003,324,393723687,3,7,-2756065808,2756065809,393723687,374654736,19356
83,241,20003,324,393723687,5,21,-8268197426,8268197427,393723687,374654736,19356
83,241,20003,324,393723687,7,43,-16930118540,16930118541,393723687,374654736,19356
83,251,20833,334,427146057,0,1,-427146056,427146057,427146057,406667556,20166
83,251,20833,334,427146057,1,1,-427146056,427146057,427146057,406667556,20166
83,251,20833,334,427146057,2,3,-1281438170,1281438171,427146057,406667556,20166
83,251,20833,334,427146057,3,7,-2990022398,2990022399,427146057,406667556,20166
83,251,20833,334,427146057,5,21,-8970067196,8970067197,427146057,406667556,20166
83,251,20833,334,427146057,7,43,-18367280450,18367280451,427146057,406667556,20166
83,257,21331,340,447852951,0,1,-447852950,447852951,447852951,426505104,20652
83,257,21331,340,447852951,1,1,-447852950,447852951,447852951,426505104,20652
83,257,21331,340,447852951,2,3,-1343558852,1343558853,447852951,426505104,20652
83,257,21331,340,447852951,3,7,-3134970656,3134970657,447852951,426505104,20652
83,257,21331,340,447852951,5,21,-9404911970,9404911971,447852951,426505104,20652
83,257,21331,340,447852951,7,43,-19257676892,19257676893,447852951,426505104,20652
83,263,21829,346,469049949,0,1,-469049948,469049949,469049949,446815044,21138
83,263,21829,346,469049949,1,1,-469049948,469049949,469049949,446815044,21138
83,263,21829,346,469049949,2,3,-1407149846,1407149847,469049949,446815044,21138
83,263,21829,346,469049949,3,7,-3283349642,3283349643,469049949,446815044,21138
83,263,21829,346,469049949,5,21,-9850048928,9850048929,469049949,446815044,21138
83,263,21829,346,469049949,7,43,-20169147806,20169147807,469049949,446815044,21138
83,269,22327,352,490737051,0,1,-490737050,490737051,490737051,467597376,21624
83,269,22327,352,490737051,1,1,-490737050,490737051,490737051,467597376,21624
83,269,22327,352,490737051,2,3,-1472211152,1472211153,490737051,467597376,21624
83,269,22327,352,490737051,3,7,-3435159356,3435159357,490737051,467597376,21624
83,269,22327,352,490737051,5,21,-10305478070,10305478071,490737051,467597376,21624
83,269,22327,352,490737051,7,43,-21101693192,21101693193,490737051,467597376,21624
83,271,22493,354,498074997,0,1,-498074996,498074997,498074997,474629796,21786
83,271,22493,354,498074997,1,1,-498074996,498074997,498074997,474629796,21786
83,271,22493,354,498074997,2,3,-1494224990,1494224991,498074997,474629796,21786
83,271,22493,354,498074997,3,7,-3486524978,3486524979,498074997,474629796,21786
83,271,22493,354,498074997,5,21,-10459574936,10459574937,498074997,474629796,21786
83,271,22493,354,498074997,7,43,-21417224870,21417224871,498074997,474629796,21786
83,277,22991,360,520415571,0,1,-520415570,520415571,520415571,496041984,22272
83,277,22991,360,520415571,1,1,-520415570,520415571,520415571,496041984,22272
83,277,22991,360,520415571,2,3,-1561246712,1561246713,520415571,496041984,22272
83,277,22991,360,520415571,3,7,-3642908996,3642908997,520415571,496041984,22272
83,277,22991,360,520415571,5,21,-10928726990,10928726991,520415571,496041984,22272
83,277,22991,360,520415571,7,43,-22377869552,22377869553,520415571,496041984,22272
83,281,23323,364,535581567,0,1,-535581566,535581567,535581567,510579216,22596
83,281,23323,364,535581567,1,1,-535581566,535581567,535581567,510579216,22596
83,281,23323,364,535581567,2,3,-1606744700,1606744701,535581567,510579216,22596
83,281,23323,364,535581567,3,7,-3749070968,3749070969,535581567,510579216,22596
83,281,23323,364,535581567,5,21,-11247212906,11247212907,535581567,510579216,22596
83,281,23323,364,535581567,7,43,-23030007380,23030007381,535581567,510579216,22596
83,283,23489,366,543246249,0,1,-543246248,543246249,543246249,517926564,22758
83,283,23489,366,543246249,1,1,-543246248,543246249,543246249,517926564,22758
83,283,23489,366,543246249,2,3,-1629738746,1629738747,543246249,517926564,22758
83,283,23489,366,543246249,3,7,-3802723742,3802723743,543246249,517926564,22758
83,283,23489,366,543246249,5,21,-11408171228,11408171229,543246249,517926564,22758
83,283,23489,366,543246249,7,43,-23359588706,23359588707,543246249,517926564,22758
83,293,24319,376,582386499,0,1,-582386498,582386499,582386499,555450624,23568
83,293,24319,376,582386499,1,1,-582386498,582386499,582386499,555450624,23568
83,293,24319,376,582386499,2,3,-1747159496,1747159497,582386499,555450624,23568
83,293,24319,376,582386499,3,7,-4076705492,4076705493,582386499,555450624,23568
83,293,24319,376,582386499,5,21,-12230116478,12230116479,582386499,555450624,23568
83,293,24319,376,582386499,7,43,-25042619456,25042619457,582386499,555450624,23568
89,97,8633,186,72948729,0,1,-72948728,72948729,72948729,68260644,8262
89,97,8633,186,72948729,1,1,-72948728,72948729,72948729,68260644,8262
89,97,8633,186,72948729,2,3,-218846186,218846187,72948729,68260644,8262
89,97,8633,186,72948729,3,7,-510641102,510641103,72948729,68260644,8262
89,97,8633,186,72948729,5,21,-1531923308,1531923309,72948729,68260644,8262
89,97,8633,186,72948729,7,43,-3136795346,3136795347,72948729,68260644,8262
89,101,8989,190,79121133,0,1,-79121132,79121133,79121133,74132100,8610
89,101,8989,190,79121133,1,1,-79121132,79121133,79121133,74132100,8610
89,101,8989,190,79121133,2,3,-237363398,237363399,79121133,74132100,8610
89,101,8989,190,79121133,3,7,-553847930,553847931,79121133,74132100,8610
89,101,8989,190,79121133,5,21,-1661543792,1661543793,79121133,74132100,8610
89,101,8989,190,79121133,7,43,-3402208718,3402208719,79121133,74132100,8610
89,103,9167,192,82301331,0,1,-82301330,82301331,82301331,77158656,8784
89,103,9167,192,82301331,1,1,-82301330,82301331,82301331,77158656,8784
89,103,9167,192,82301331,2,3,-246903992,246903993,82301331,77158656,8784
89,103,9167,192,82301331,3,7,-576109316,576109317,82301331,77158656,8784
89,103,9167,192,82301331,5,21,-1728327950,1728327951,82301331,77158656,8784
89,103,9167,192,82301331,7,43,-3538957232,3538957233,82301331,77158656,8784
89,107,9523,196,88849719,0,1,-88849718,88849719,88849719,83393424,9132
89,107,9523,196,88849719,1,1,-88849718,88849719,88849719,83393424,9132
89,107,9523,196,88849719,2,3,-266549156,266549157,88849719,83393424,9132
89,107,9523,196,88849719,3,7,-621948032,621948033,88849719,83393424,9132
89,107,9523,196,88849719,5,21,-1865844098,1865844099,88849719,83393424,9132
89,107,9523,196,88849719,7,43,-3820537916,3820537917,88849719,83393424,9132
89,109,9701,198,92217909,0,1,-92217908,92217909,92217909,86601636,9306
89,109,9701,198,92217909,1,1,-92217908,92217909,92217909,86601636,9306
89,109,9701,198,92217909,2,3,-276653726,276653727,92217909,86601636,9306
89,109,9701,198,92217909,3,7,-645525362,645525363,92217909,86601636,9306
89,109,9701,198,92217909,5,21,-1936576088,1936576089,92217909,86601636,9306
89,109,9701,198,92217909,7,43,-3965370086,3965370087,92217909,86601636,9306
89,113,10057,202,99142281,0,1,-99142280,99142281,99142281,93199716,9654
89,113,10057,202,99142281,1,1,-99142280,99142281,99142281,93199716,9654
89,113,10057,202,99142281,2,3,-297426842,297426843,99142281,93199716,9654
89,113,10057,202,99142281,3,7,-693995966,693995967,99142281,93199716,9654
89,113,10057,202,99142281,5,21,-2081987900,2081987901,99142281,93199716,9654
89,113,10057,202,99142281,7,43,-4263118082,4263118083,99142281,93199716,9654
89,127,11303,216,125351499,0,1,-125351498,125351499,125351499,118200384,10872
89,127,11303,216,125351499,1,1,-125351498,125351499,125351499,118200384,10872
89,127,11303,216,125351499,2,3,-376054496,376054497,125351499,118200384,10872
89,127,11303,216,125351499,3,7,-877460492,877460493,125351499,118200384,10872
89,127,11303,216,125351499,5,21,-2632381478,2632381479,125351499,118200384,10872
89,127,11303,216,125351499,7,43,-5390114456,5390114457,125351499,118200384,10872
89,131,11659,220,133403823,0,1,-133403822,133403823,133403823,125888400,11220
89,131,11659,220,133403823,1,1,-133403822,133403823,133403823,125888400,11220
89,131,11659,220,133403823,2,3,-400211468,400211469,133403823,125888400,11220
89,131,11659,220,133403823,3,7,-933826760,933826761,133403823,125888400,11220
89,131,11659,220,133403823,5,21,-2801480282,2801480283,133403823,125888400,11220
89,131,11659,220,133403823,7,43,-5736364388,5736364389,133403823,125888400,11220
89,137,12193,226,145952289,0,1,-145952288,145952289,145952289,137874564,11742
89,137,12193,226,145952289,1,1,-145952288,145952289,145952289,137874564,11742
89,137,12193,226,145952289,2,3,-437856866,437856867,145952289,137874564,11742
89,137,12193,226,145952289,3,7,-1021666022,1021666023,145952289,137874564,11742
89,137,12193,226,145952289,5,21,-3064998068,3064998069,145952289,137874564,11742
89,137,12193,226,145952289,7,43,-6275948426,6275948427,145952289,137874564,11742
89,139,12371,228,150260439,0,1,-150260438,150260439,150260439,141991056,11916
89,139,12371,228,150260439,1,1,-150260438,150260439,150260439,141991056,11916
89,139,12371,228,150260439,2,3,-450781316,450781317,150260439,141991056,11916
89,139,12371,228,150260439,3,7,-1051823072,1051823073,150260439,141991056,11916
89,139,12371,228,150260439,5,21,-3155469218,3155469219,150260439,141991056,11916
89,139,12371,228,150260439,7,43,-6461198876,6461198877,150260439,141991056,11916
89,149,13261,238,172741149,0,1,-172741148,172741149,172741149,163481796,12786
89,149,13261,238,172741149,1,1,-172741148,172741149,172741149,163481796,12786
89,149,13261,238,172741149,2,3,-518223446,518223447,172741149,163481796,12786
89,149,13261,238,172741149,3,7,-1209188042,1209188043,172741149,163481796,12786
89,149,13261,238,172741149,5,21,-3627564128,3627564129,172741149,163481796,12786
89,149,13261,238,172741149,7,43,-7427869406,7427869407,172741149,163481796,12786
89,151,13439,240,177425283,0,1,-177425282,177425283,177425283,167961600,12960
89,151,13439,240,177425283,1,1,-177425282,177425283,177425283,167961600,12960
89,151,13439,240,177425283,2,3,-532275848,532275849,177425283,167961600,12960
89,151,13439,240,177425283,3,7,-1241976980,1241976981,177425283,167961600,12960
89,151,13439,240,177425283,5,21,-3725930942,3725930943,177425283,167961600,12960
89,151,13439,240,177425283,7,43,-7629287168,7629287169,177425283,167961600,12960
89,157,13973,246,191853669,0,1,-191853668,191853669,191853669,181764324,13482
89,157,13973,246,191853669,1,1,-191853668,191853669,191853669,181764324,13482
89,157,13973,246,191853669,2,3,-575561006,575561007,191853669,181764324,13482
89,157,13973,246,191853669,3,7,-1342975682,1342975683,191853669,181764324,13482
89,157,13973,246,191853669,5,21,-4028927048,4028927049,191853669,181764324,13482
89,157,13973,246,191853669,7,43,-8249707766,8249707767,191853669,181764324,13482
89,163,14507,252,206846031,0,1,-206846030,206846031,206846031,196112016,14004
89,163,14507,252,206846031,1,1,-206846030,206846031,206846031,196112016,14004
89,163,14507,252,206846031,2,3,-620538092,620538093,206846031,196112016,14004
89,163,14507,252,206846031,3,7,-1447922216,1447922217,206846031,196112016,14004
89,163,14507,252,206846031,5,21,-4343766650,4343766651,206846031,196112016,14004
89,163,14507,252,206846031,7,43,-8894379332,8894379333,206846031,196112016,14004
89,167,14863,256,217154259,0,1,-217154258,217154259,217154259,205979904,14352
89,167,14863,256,217154259,1,1,-217154258,217154259,217154259,205979904,14352
89,167,14863,256,217154259,2,3,-651462776,651462777,217154259,205979904,14352
89,167,14863,256,217154259,3,7,-1520079812,1520079813,217154259,205979904,14352
89,167,14863,256,217154259,5,21,-4560239438,4560239439,217154259,205979904,14352
89,167,14863,256,217154259,7,43,-9337633136,9337633137,217154259,205979904,14352
89,173,15397,262,233086581,0,1,-233086580,233086581,233086581,221235876,14874
89,173,15397,262,233086581,1,1,-233086580,233086581,233086581,221235876,14874
89,173,15397,262,233086581,2,3,-699259742,699259743,233086581,221235876,14874
89,173,15397,262,233086581,3,7,-1631606066,1631606067,233086581,221235876,14874
89,173,15397,262,233086581,5,21,-4894818200,4894818201,233086581,221235876,14874
89,173,15397,262,233086581,7,43,-10022722982,10022722983,233086581,221235876,14874
89,179,15931,268,249582879,0,1,-249582878,249582879,249582879,237036816,15396
89,179,15931,268,249582879,1,1,-249582878,249582879,249582879,237036816,15396
89,179,15931,268,249582879,2,3,-748748636,748748637,249582879,237036816,15396
89,179,15931,268,249582879,3,7,-1747080152,1747080153,249582879,237036816,15396
89,179,15931,268,249582879,5,21,-5241240458,5241240459,249582879,237036816,15396
89,179,15931,268,249582879,7,43,-10732063796,10732063797,249582879,237036816,15396
89,181,16109,270,255206973,0,1,-255206972,255206973,255206973,242424900,15570
89,181,16109,270,255206973,1,1,-255206972,255206973,255206973,242424900,15570
89,181,16109,270,255206973,2,3,-765620918,765620919,255206973,242424900,15570
89,181,16109,270,255206973,3,7,-1786448810,1786448811,255206973,242424900,15570
89,181,16109,270,255206973,5,21,-5359346432,5359346433,255206973,242424900,15570
89,181,16109,270,255206973,7,43,-10973899838,10973899839,255206973,242424900,15570
89,191,16999,280,284267403,0,1,-284267402,284267403,284267403,270273600,16440
89,191,16999,280,284267403,1,1,-284267402,284267403,284267403,270273600,16440
89,191,16999,280,284267403,2,3,-852802208,852802209,284267403,270273600,16440
89,191,16999,280,284267403,3,7,-1989871820,1989871821,284267403,270273600,16440
89,191,16999,280,284267403,5,21,-5969615462,5969615463,284267403,270273600,16440
89,191,16999,280,284267403,7,43,-12223498328,12223498329,284267403,270273600,16440
89,193,17177,282,290267481,0,1,-290267480,290267481,290267481,276024996,16614
89,193,17177,282,290267481,1,1,-290267480,290267481,290267481,276024996,16614
89,193,17177,282,290267481,2,3,-870802442,870802443,290267481,276024996,16614
89,193,17177,282,290267481,3,7,-2031872366,2031872367,290267481,276024996,16614
89,193,17177,282,290267481,5,21,-6095617100,6095617101,290267481,276024996,16614
89,193,17177,282,290267481,7,43,-12481501682,12481501683,290267481,276024996,16614
89,197,17533,286,302455629,0,1,-302455628,302455629,302455629,287709444,16962
89,197,17533,286,302455629,1,1,-302455628,302455629,302455629,287709444,16962
89,197,17533,286,302455629,2,3,-907366886,907366887,302455629,287709444,16962
89,197,17533,286,302455629,3,7,-2117189402,2117189403,302455629,287709444,16962
89,197,17533,286,302455629,5,21,-6351568208,6351568209,302455629,287709444,16962
89,197,17533,286,302455629,7,43,-13005592046,13005592047,302455629,287709444,16962
89,199,17711,288,308643699,0,1,-308643698,308643699,308643699,293642496,17136
89,199,17711,288,308643699,1,1,-308643698,308643699,308643699,293642496,17136
89,199,17711,288,308643699,2,3,-925931096,925931097,308643699,293642496,17136
89,199,17711,288,308643699,3,7,-2160505892,2160505893,308643699,293642496,17136
89,199,17711,288,308643699,5,21,-6481517678,6481517679,308643699,293642496,17136
89,199,17711,288,308643699,7,43,-13271679056,13271679057,308643699,293642496,17136
89,211,18779,300,347088063,0,1,-347088062,347088063,347088063,330512400,18180
89,211,18779,300,347088063,1,1,-347088062,347088063,347088063,330512400,18180
89,211,18779,300,347088063,2,3,-1041264188,1041264189,347088063,330512400,18180
89,211,18779,300,347088063,3,7,-2429616440,2429616441,347088063,330512400,18180
89,211,18779,300,347088063,5,21,-7288849322,7288849323,347088063,330512400,18180
89,211,18779,300,347088063,7,43,-14924786708,14924786709,347088063,330512400,18180
89,223,19847,312,387788331,0,1,-387788330,387788331,387788331,369562176,19224
89,223,19847,312,387788331,1,1,-387788330,387788331,387788331,369562176,19224
89,223,19847,312,387788331,2,3,-1163364992,1163364993,387788331,369562176,19224
89,223,19847,312,387788331,3,7,-2714518316,2714518317,387788331,369562176,19224
89,223,19847,312,387788331,5,21,-8143554950,8143554951,387788331,369562176,19224
89,223,19847,312,387788331,7,43,-16674898232,16674898233,387788331,369562176,19224
89,227,20203,316,401856399,0,1,-401856398,401856399,401856399,383063184,19572
89,227,20203,316,401856399,1,1,-401856398,401856399,401856399,383063184,19572
89,227,20203,316,401856399,2,3,-1205569196,1205569197,401856399,383063184,19572
89,227,20203,316,401856399,3,7,-2812994792,2812994793,401856399,383063184,19572
89,227,20203,316,401856399,5,21,-8438984378,8438984379,401856399,383063184,19572
89,227,20203,316,401856399,7,43,-17279825156,17279825157,401856399,383063184,19572
89,229,20381,318,408984429,0,1,-408984428,408984429,408984429,389904516,19746
89,229,20381,318,408984429,1,1,-408984428,408984429,408984429,389904516,19746
89,229,20381,318,408984429,2,3,-1226953286,1226953287,408984429,389904516,19746
89,229,20381,318,408984429,3,7,-2862891002,2862891003,408984429,389904516,19746
89,229,20381,318,408984429,5,21,-8588673008,8588673009,408984429,389904516,19746
89,229,20381,318,408984429,7,43,-17586330446,17586330447,408984429,389904516,19746
89,233,20737,322,423428481,0,1,-423428480,423428481,423428481,403768836,20094
89,233,20737,322,423428481,1,1,-423428480,423428481,423428481,403768836,20094
89,233,20737,322,423428481,2,3,-1270285442,1270285443,423428481,403768836,20094
89,233,20737,322,423428481,3,7,-2963999366,2963999367,423428481,403768836,20094
89,233,20737,322,423428481,5,21,-8891998100,8891998101,423428481,403768836,20094
89,233,20737,322,423428481,7,43,-18207424682,18207424683,423428481,403768836,20094
89,239,21271,328,445564539,0,1,-445564538,445564539,445564539,425019456,20616
89,239,21271,328,445564539,1,1,-445564538,445564539,445564539,425019456,20616
89,239,21271,328,445564539,2,3,-1336693616,1336693617,445564539,425019456,20616
89,239,21271,328,445564539,3,7,-3118951772,3118951773,445564539,425019456,20616
89,239,21271,328,445564539,5,21,-9356855318,9356855319,445564539,425019456,20616
89,239,21271,328,445564539,7,43,-19159275176,19159275177,445564539,425019456,20616
89,241,21449,330,453068553,0,1,-453068552,453068553,453068553,432224100,20790
89,241,21449,330,453068553,1,1,-453068552,453068553,453068553,432224100,20790
89,241,21449,330,453068553,2,3,-1359205658,1359205659,453068553,432224100,20790
89,241,21449,330,453068553,3,7,-3171479870,3171479871,453068553,432224100,20790
89,241,21449,330,453068553,5,21,-9514439612,9514439613,453068553,432224100,20790
89,241,21449,330,453068553,7,43,-19481947778,19481947779,453068553,432224100,20790
89,251,22339,340,491528583,0,1,-491528582,491528583,491528583,469155600,21660
89,251,22339,340,491528583,1,1,-491528582,491528583,491528583,469155600,21660
89,251,22339,340,491528583,2,3,-1474585748,1474585749,491528583,469155600,21660
89,251,22339,340,491528583,3,7,-3440700080,3440700081,491528583,469155600,21660
89,251,22339,340,491528583,5,21,-10322100242,10322100243,491528583,469155600,21660
89,251,22339,340,491528583,7,43,-21135729068,21135729069,491528583,469155600,21660
89,257,22873,346,515356569,0,1,-515356568,515356569,515356569,492041124,22182
89,257,22873,346,515356569,1,1,-515356568,515356569,515356569,492041124,22182
89,257,22873,346,515356569,2,3,-1546069706,1546069707,515356569,492041124,22182
89,257,22873,346,515356569,3,7,-3607495982,3607495983,515356569,492041124,22182
89,257,22873,346,515356569,5,21,-10822487948,10822487949,515356569,492041124,22182
89,257,22873,346,515356569,7,43,-22160332466,22160332467,515356569,492041124,22182
89,263,23407,352,539748531,0,1,-539748530,539748531,539748531,515471616,22704
89,263,23407,352,539748531,1,1,-539748530,539748531,539748531,515471616,22704
89,263,23407,352,539748531,2,3,-1619245592,1619245593,539748531,515471616,22704
89,263,23407,352,539748531,3,7,-3778239716,3778239717,539748531,515471616,22704
89,263,23407,352,539748531,5,21,-11334719150,11334719151,539748531,515471616,22704
89,263,23407,352,539748531,7,43,-23209186832,23209186833,539748531,515471616,22704
89,269,23941,358,564704469,0,1,-564704468,564704469,564704469,539447076,23226
89,269,23941,358,564704469,1,1,-564704468,564704469,564704469,539447076,23226
89,269,23941,358,564704469,2,3,-1694113406,1694113407,564704469,539447076,23226
89,269,23941,358,564704469,3,7,-3952931282,3952931283,564704469,539447076,23226
89,269,23941,358,564704469,5,21,-11858793848,11858793849,564704469,539447076,23226
89,269,23941,358,564704469,7,43,-24282292166,24282292167,564704469,539447076,23226
89,271,24119,360,573148443,0,1,-573148442,573148443,573148443,547560000,23400
89,271,24119,360,573148443,1,1,-573148442,573148443,573148443,547560000,23400
89,271,24119,360,573148443,2,3,-1719445328,1719445329,573148443,547560000,23400
89,271,24119,360,573148443,3,7,-4012039100,4012039101,573148443,547560000,23400
89,271,24119,360,573148443,5,21,-12036117302,12036117303,573148443,547560000,23400
89,271,24119,360,573148443,7,43,-24645383048,24645383049,573148443,547560000,23400
89,277,24653,366,598856349,0,1,-598856348,598856349,598856349,572262084,23922
89,277,24653,366,598856349,1,1,-598856348,598856349,598856349,572262084,23922
89,277,24653,366,598856349,2,3,-1796569046,1796569047,598856349,572262084,23922
89,277,24653,366,598856349,3,7,-4191994442,4191994443,598856349,572262084,23922
89,277,24653,366,598856349,5,21,-12575983328,12575983329,598856349,572262084,23922
89,277,24653,366,598856349,7,43,-25750823006,25750823007,598856349,572262084,23922
89,281,25009,370,616308273,0,1,-616308272,616308273,616308273,589032900,24270
89,281,25009,370,616308273,1,1,-616308272,616308273,616308273,589032900,24270
89,281,25009,370,616308273,2,3,-1848924818,1848924819,616308273,589032900,24270
89,281,25009,370,616308273,3,7,-4314157910,4314157911,616308273,589032900,24270
89,281,25009,370,616308273,5,21,-12942473732,12942473733,616308273,589032900,24270
89,281,25009,370,616308273,7,43,-26501255738,26501255739,616308273,589032900,24270
89,283,25187,372,625128231,0,1,-625128230,625128231,625128231,597509136,24444
89,283,25187,372,625128231,1,1,-625128230,625128231,625128231,597509136,24444
89,283,25187,372,625128231,2,3,-1875384692,1875384693,625128231,597509136,24444
89,283,25187,372,625128231,3,7,-4375897616,4375897617,625128231,597509136,24444
89,283,25187,372,625128231,5,21,-13127692850,13127692851,625128231,597509136,24444
89,283,25187,372,625128231,7,43,-26880513932,26880513933,625128231,597509136,24444
89,293,26077,382,670167981,0,1,-670167980,670167981,670167981,640798596,25314
89,293,26077,382,670167981,1,1,-670167980,670167981,670167981,640798596,25314
89,293,26077,382,670167981,2,3,-2010503942,2010503943,670167981,640798596,25314
89,293,26077,382,670167981,3,7,-4691175866,4691175867,670167981,640798596,25314
89,293,26077,382,670167981,5,21,-14073527600,14073527601,670167981,640798596,25314
89,293,26077,382,670167981,7,43,-28817223182,28817223183,670167981,640798596,25314
97,101,9797,198,94070613,0,1,-94070612,94070613,94070613,88397604,9402
97,101,9797,198,94070613,1,1,-94070612,94070613,94070613,88397604,9402
97,101,9797,198,94070613,2,3,-282211838,282211839,94070613,88397604,9402
97,101,9797,198,94070613,3,7,-658494290,658494291,94070613,88397604,9402
97,101,9797,198,94070613,5,21,-1975482872,1975482873,94070613,88397604,9402
97,101,9797,198,94070613,7,43,-4045036358,4045036359,94070613,88397604,9402
97,103,9991,200,97851691,0,1,-97851690,97851691,97851691,92006464,9592
97,103,9991,200,97851691,1,1,-97851690,97851691,97851691,92006464,9592
97,103,9991,200,97851691,2,3,-293555072,293555073,97851691,92006464,9592
97,103,9991,200,97851691,3,7,-684961836,684961837,97851691,92006464,9592
97,103,9991,200,97851691,5,21,-2054885510,2054885511,97851691,92006464,9592
97,103,9991,200,97851691,7,43,-4207622712,4207622713,97851691,92006464,9592
97,107,10379,204,105637359,0,1,-105637358,105637359,105637359,99440784,9972
97,107,10379,204,105637359,1,1,-105637358,105637359,105637359,99440784,9972
97,107,10379,204,105637359,2,3,-316912076,316912077,105637359,99440784,9972
97,107,10379,204,105637359,3,7,-739461512,739461513,105637359,99440784,9972
97,107,10379,204,105637359,5,21,-2218384538,2218384539,105637359,99440784,9972
97,107,10379,204,105637359,7,43,-4542406436,4542406437,105637359,99440784,9972
97,109,10573,206,109641949,0,1,-109641948,109641949,109641949,103266244,10162
97,109,10573,206,109641949,1,1,-109641948,109641949,109641949,103266244,10162
97,109,10573,206,109641949,2,3,-328925846,328925847,109641949,103266244,10162
97,109,10573,206,109641949,3,7,-767493642,767493643,109641949,103266244,10162
97,109,10573,206,109641949,5,21,-2302480928,2302480929,109641949,103266244,10162
97,109,10573,206,109641949,7,43,-4714603806,4714603807,109641949,103266244,10162
97,113,10961,210,117874641,0,1,-117874640,117874641,117874641,111133764,10542
97,113,10961,210,117874641,1,1,-117874640,117874641,117874641,111133764,10542
97,113,10961,210,117874641,2,3,-353623922,353623923,117874641,111133764,10542
97,113,10961,210,117874641,3,7,-825122486,825122487,117874641,111133764,10542
97,113,10961,210,117874641,5,21,-2475367460,2475367461,117874641,111133764,10542
97,113,10961,210,117874641,7,43,-5068609562,5068609563,117874641,111133764,10542
97,127,12319,224,149035939,0,1,-149035938,149035939,149035939,140944384,11872
97,127,12319,224,149035939,1,1,-149035938,149035939,149035939,140944384,11872
97,127,12319,224,149035939,2,3,-447107816,447107817,149035939,140944384,11872
97,127,12319,224,149035939,3,7,-1043251572,1043251573,149035939,140944384,11872
97,127,12319,224,149035939,5,21,-3129754718,3129754719,149035939,140944384,11872
97,127,12319,224,149035939,7,43,-6408545376,6408545377,149035939,140944384,11872
97,131,12707,228,158609703,0,1,-158609702,158609703,158609703,150111504,12252
97,131,12707,228,158609703,1,1,-158609702,158609703,158609703,150111504,12252
97,131,12707,228,158609703,2,3,-475829108,475829109,158609703,150111504,12252
97,131,12707,228,158609703,3,7,-1110267920,1110267921,158609703,150111504,12252
97,131,12707,228,158609703,5,21,-3330803762,3330803763,158609703,150111504,12252
97,131,12707,228,158609703,7,43,-6820217228,6820217229,158609703,150111504,12252
97,137,13289,234,173529129,0,1,-173529128,173529129,173529129,164403684,12822
97,137,13289,234,173529129,1,1,-173529128,173529129,173529129,164403684,12822
97,137,13289,234,173529129,2,3,-520587386,520587387,173529129,164403684,12822
97,137,13289,234,173529129,3,7,-1214703902,1214703903,173529129,164403684,12822
97,137,13289,234,173529129,5,21,-3644111708,3644111709,173529129,164403684,12822
97,137,13289,234,173529129,7,43,-7461752546,7461752547,173529129,164403684,12822
97,139,13483,236,178651279,0,1,-178651278,178651279,178651279,169312144,13012
97,139,13483,236,178651279,1,1,-178651278,178651279,178651279,169312144,13012
97,139,13483,236,178651279,2,3,-535953836,535953837,178651279,169312144,13012
97,139,13483,236,178651279,3,7,-1250558952,1250558953,178651279,169312144,13012
97,139,13483,236,178651279,5,21,-3751676858,3751676859,178651279,169312144,13012
97,139,13483,236,178651279,7,43,-7682004996,7682004997,178651279,169312144,13012
97,149,14453,246,205379589,0,1,-205379588,205379589,205379589,194937444,13962
97,149,14453,246,205379589,1,1,-205379588,205379589,205379589,194937444,13962
97,149,14453,246,205379589,2,3,-616138766,616138767,205379589,194937444,13962
97,149,14453,246,205379589,3,7,-1437657122,1437657123,205379589,194937444,13962
97,149,14453,246,205379589,5,21,-4312971368,4312971369,205379589,194937444,13962
97,149,14453,246,205379589,7,43,-8831322326,8831322327,205379589,194937444,13962
97,151,14647,248,210948763,0,1,-210948762,210948763,210948763,200279104,14152
97,151,14647,248,210948763,1,1,-210948762,210948763,210948763,200279104,14152
97,151,14647,248,210948763,2,3,-632846288,632846289,210948763,200279104,14152
97,151,14647,248,210948763,3,7,-1476641340,1476641341,210948763,200279104,14152
97,151,14647,248,210948763,5,21,-4429924022,4429924023,210948763,200279104,14152
97,151,14647,248,210948763,7,43,-9070796808,9070796809,210948763,200279104,14152
97,157,15229,254,228103309,0,1,-228103308,228103309,228103309,216737284,14722
97,157,15229,254,228103309,1,1,-228103308,228103309,228103309,216737284,14722
97,157,15229,254,228103309,2,3,-684309926,684309927,228103309,216737284,14722
97,157,15229,254,228103309,3,7,-1596723162,1596723163,228103309,216737284,14722
97,157,15229,254,228103309,5,21,-4790169488,4790169489,228103309,216737284,14722
97,157,15229,254,228103309,7,43,-9808442286,9808442287,228103309,216737284,14722
97,163,15811,260,245928391,0,1,-245928390,245928391,245928391,233845264,15292
97,163,15811,260,245928391,1,1,-245928390,245928391,245928391,233845264,15292
97,163,15811,260,245928391,2,3,-737785172,737785173,245928391,233845264,15292
97,163,15811,260,245928391,3,7,-1721498736,1721498737,245928391,233845264,15292
97,163,15811,260,245928391,5,21,-5164496210,5164496211,245928391,233845264,15292
97,163,15811,260,245928391,7,43,-10574920812,10574920813,245928391,233845264,15292
97,167,16199,264,258184299,0,1,-258184298,258184299,258184299,245611584,15672
97,167,16199,264,258184299,1,1,-258184298,258184299,258184299,245611584,15672
97,167,16199,264,258184299,2,3,-774552896,774552897,258184299,245611584,15672
97,167,16199,264,258184299,3,7,-1807290092,1807290093,258184299,245611584,15672
97,167,16199,264,258184299,5,21,-5421870278,5421870279,258184299,245611584,15672
97,167,16199,264,258184299,7,43,-11101924856,11101924857,258184299,245611584,15672
97,173,16781,270,277126941,0,1,-277126940,277126941,277126941,263802564,16242
97,173,16781,270,277126941,1,1,-277126940,277126941,277126941,263802564,16242
97,173,16781,270,277126941,2,3,-831380822,831380823,277126941,263802564,16242
97,173,16781,270,277126941,3,7,-1939888586,1939888587,277126941,263802564,16242
97,173,16781,270,277126941,5,21,-5819665760,5819665761,277126941,263802564,16242
97,173,16781,270,277126941,7,43,-11916458462,11916458463,277126941,263802564,16242
97,179,17363,276,296740119,0,1,-296740118,296740119,296740119,282643344,16812
97,179,17363,276,296740119,1,1,-296740118,296740119,296740119,282643344,16812
97,179,17363,276,296740119,2,3,-890220356,890220357,296740119,282643344,16812
97,179,17363,276,296740119,3,7,-2077180832,2077180833,296740119,282643344,16812
97,179,17363,276,296740119,5,21,-6231542498,6231542499,296740119,282643344,16812
97,179,17363,276,296740119,7,43,-12759825116,12759825117,296740119,282643344,16812
97,181,17557,278,303426853,0,1,-303426852,303426853,303426853,289068004,17002
97,181,17557,278,303426853,1,1,-303426852,303426853,303426853,289068004,17002
97,181,17557,278,303426853,2,3,-910280558,910280559,303426853,289068004,17002
97,181,17557,278,303426853,3,7,-2123987970,2123987971,303426853,289068004,17002
97,181,17557,278,303426853,5,21,-6371963912,6371963913,303426853,289068004,17002
97,181,17557,278,303426853,7,43,-13047354678,13047354679,303426853,289068004,17002
97,191,18527,288,337978083,0,1,-337978082,337978083,337978083,322274304,17952
97,191,18527,288,337978083,1,1,-337978082,337978083,337978083,322274304,17952
97,191,18527,288,337978083,2,3,-1013934248,1013934249,337978083,322274304,17952
97,191,18527,288,337978083,3,7,-2365846580,2365846581,337978083,322274304,17952
97,191,18527,288,337978083,5,21,-7097539742,7097539743,337978083,322274304,17952
97,191,18527,288,337978083,7,43,-14533057568,14533057569,337978083,322274304,17952
97,193,18721,290,345111841,0,1,-345111840,345111841,345111841,329132164,18142
97,193,18721,290,345111841,1,1,-345111840,345111841,345111841,329132164,18142
97,193,18721,290,345111841,2,3,-1035335522,1035335523,345111841,329132164,18142
97,193,18721,290,345111841,3,7,-2415782886,2415782887,345111841,329132164,18142
97,193,18721,290,345111841,5,21,-7247348660,7247348661,345111841,329132164,18142
97,193,18721,290,345111841,7,43,-14839809162,14839809163,345111841,329132164,18142
97,197,19109,294,359602869,0,1,-359602868,359602869,359602869,343064484,18522
97,197,19109,294,359602869,1,1,-359602868,359602869,359602869,343064484,18522
97,197,19109,294,359602869,2,3,-1078808606,1078808607,359602869,343064484,18522
97,197,19109,294,359602869,3,7,-2517220082,2517220083,359602869,343064484,18522
97,197,19109,294,359602869,5,21,-7551660248,7551660249,359602869,343064484,18522
97,197,19109,294,359602869,7,43,-15462923366,15462923367,359602869,343064484,18522
97,199,19303,296,366960139,0,1,-366960138,366960139,366960139,350138944,18712
97,199,19303,296,366960139,1,1,-366960138,366960139,366960139,350138944,18712
97,199,19303,296,366960139,2,3,-1100880416,1100880417,366960139,350138944,18712
97,199,19303,296,366960139,3,7,-2568720972,2568720973,366960139,350138944,18712
97,199,19303,296,366960139,5,21,-7706162918,7706162919,366960139,350138944,18712
97,199,19303,296,366960139,7,43,-15779285976,15779285977,366960139,350138944,18712
97,211,20467,308,412668343,0,1,-412668342,412668343,412668343,394101904,19852
97,211,20467,308,412668343,1,1,-412668342,412668343,412668343,394101904,19852
97,211,20467,308,412668343,2,3,-1238005028,1238005029,412668343,394101904,19852
97,211,20467,308,412668343,3,7,-2888678400,2888678401,412668343,394101904,19852
97,211,20467,308,412668343,5,21,-8666035202,8666035203,412668343,394101904,19852
97,211,20467,308,412668343,7,43,-17744738748,17744738749,412668343,394101904,19852
97,223,21631,320,461058691,0,1,-461058690,461058691,461058691,440664064,20992
97,223,21631,320,461058691,1,1,-461058690,461058691,461058691,440664064,20992
97,223,21631,320,461058691,2,3,-1383176072,1383176073,461058691,440664064,20992
97,223,21631,320,461058691,3,7,-3227410836,3227410837,461058691,440664064,20992
97,223,21631,320,461058691,5,21,-9682232510,9682232511,461058691,440664064,20992
97,223,21631,320,461058691,7,43,-19825523712,19825523713,461058691,440664064,20992
97,227,22019,324,477784839,0,1,-477784838,477784839,477784839,456762384,21372
97,227,22019,324,477784839,1,1,-477784838,477784839,477784839,456762384,21372
97,227,22019,324,477784839,2,3,-1433354516,1433354517,477784839,456762384,21372
97,227,22019,324,477784839,3,7,-3344493872,3344493873,477784839,456762384,21372
97,227,22019,324,477784839,5,21,-10033481618,10033481619,477784839,456762384,21372
97,227,22019,324,477784839,7,43,-20544748076,20544748077,477784839,456762384,21372
97,229,22213,326,486259669,0,1,-486259668,486259669,486259669,464919844,21562
97,229,22213,326,486259669,1,1,-486259668,486259669,486259669,464919844,21562
97,229,22213,326,486259669,2,3,-1458779006,1458779007,486259669,464919844,21562
97,229,22213,326,486259669,3,7,-3403817682,3403817683,486259669,464919844,21562
97,229,22213,326,486259669,5,21,-10211453048,10211453049,486259669,464919844,21562
97,229,22213,326,486259669,7,43,-20909165766,20909165767,486259669,464919844,21562
97,233,22601,330,503432841,0,1,-503432840,503432841,503432841,481451364,21942
97,233,22601,330,503432841,1,1,-503432840,503432841,503432841,481451364,21942
97,233,22601,330,503432841,2,3,-1510298522,1510298523,503432841,481451364,21942
97,233,22601,330,503432841,3,7,-3524029886,3524029887,503432841,481451364,21942
97,233,22601,330,503432841,5,21,-10572089660,10572089661,503432841,481451364,21942
97,233,22601,330,503432841,7,43,-21647612162,21647612163,503432841,481451364,21942
97,239,23183,336,529751379,0,1,-529751378,529751379,529751379,506790144,22512
97,239,23183,336,529751379,1,1,-529751378,529751379,529751379,506790144,22512
97,239,23183,336,529751379,2,3,-1589254136,1589254137,529751379,506790144,22512
97,239,23183,336,529751379,3,7,-3708259652,3708259653,529751379,506790144,22512
97,239,23183,336,529751379,5,21,-11124778958,11124778959,529751379,506790144,22512
97,239,23183,336,529751379,7,43,-22779309296,22779309297,529751379,506790144,22512
97,241,23377,338,538673233,0,1,-538673232,538673233,538673233,515380804,22702
97,241,23377,338,538673233,1,1,-538673232,538673233,538673233,515380804,22702
97,241,23377,338,538673233,2,3,-1616019698,1616019699,538673233,515380804,22702
97,241,23377,338,538673233,3,7,-3770712630,3770712631,538673233,515380804,22702
97,241,23377,338,538673233,5,21,-11312137892,11312137893,538673233,515380804,22702
97,241,23377,338,538673233,7,43,-23162949018,23162949019,538673233,515380804,22702
97,251,24347,348,584400063,0,1,-584400062,584400063,584400063,559417104,23652
97,251,24347,348,584400063,1,1,-584400062,584400063,584400063,559417104,23652
97,251,24347,348,584400063,2,3,-1753200188,1753200189,584400063,559417104,23652
97,251,24347,348,584400063,3,7,-4090800440,4090800441,584400063,559417104,23652
97,251,24347,348,584400063,5,21,-12272401322,12272401323,584400063,559417104,23652
97,251,24347,348,584400063,7,43,-25129202708,25129202709,584400063,559417104,23652
97,257,24929,354,612730209,0,1,-612730208,612730209,612730209,586705284,24222
97,257,24929,354,612730209,1,1,-612730208,612730209,612730209,586705284,24222
97,257,24929,354,612730209,2,3,-1838190626,1838190627,612730209,586705284,24222
97,257,24929,354,612730209,3,7,-4289111462,4289111463,612730209,586705284,24222
97,257,24929,354,612730209,5,21,-12867334388,12867334389,612730209,586705284,24222
97,257,24929,354,612730209,7,43,-26347398986,26347398987,612730209,586705284,24222
97,263,25511,360,641730891,0,1,-641730890,641730891,641730891,614643264,24792
97,263,25511,360,641730891,1,1,-641730890,641730891,641730891,614643264,24792
97,263,25511,360,641730891,2,3,-1925192672,1925192673,641730891,614643264,24792
97,263,25511,360,641730891,3,7,-4492116236,4492116237,641730891,614643264,24792
97,263,25511,360,641730891,5,21,-13476348710,13476348711,641730891,614643264,24792
97,263,25511,360,641730891,7,43,-27594428312,27594428313,641730891,614643264,24792
97,269,26093,366,671402109,0,1,-671402108,671402109,671402109,643231044,25362
97,269,26093,366,671402109,1,1,-671402108,671402109,671402109,643231044,25362
97,269,26093,366,671402109,2,3,-2014206326,2014206327,671402109,643231044,25362
97,269,26093,366,671402109,3,7,-4699814762,4699814763,671402109,643231044,25362
97,269,26093,366,671402109,5,21,-14099444288,14099444289,671402109,643231044,25362
97,269,26093,366,671402109,7,43,-28870290686,28870290687,671402109,643231044,25362
97,271,26287,368,681441523,0,1,-681441522,681441523,681441523,652904704,25552
97,271,26287,368,681441523,1,1,-681441522,681441523,681441523,652904704,25552
97,271,26287,368,681441523,2,3,-2044324568,2044324569,681441523,652904704,25552
97,271,26287,368,681441523,3,7,-4770090660,4770090661,681441523,652904704,25552
97,271,26287,368,681441523,5,21,-14310271982,14310271983,681441523,652904704,25552
97,271,26287,368,681441523,7,43,-29301985488,29301985489,681441523,652904704,25552
97,277,26869,374,712006789,0,1,-712006788,712006789,712006789,682358884,26122
97,277,26869,374,712006789,1,1,-712006788,712006789,712006789,682358884,26122
97,277,26869,374,712006789,2,3,-2136020366,2136020367,712006789,682358884,26122
97,277,26869,374,712006789,3,7,-4984047522,4984047523,712006789,682358884,26122
97,277,26869,374,712006789,5,21,-14952142568,14952142569,712006789,682358884,26122
97,277,26869,374,712006789,7,43,-30616291926,30616291927,712006789,682358884,26122
97,281,27257,378,732756153,0,1,-732756152,732756153,732756153,702356004,26502
97,281,27257,378,732756153,1,1,-732756152,732756153,732756153,702356004,26502
97,281,27257,378,732756153,2,3,-2198268458,2198268459,732756153,702356004,26502
97,281,27257,378,732756153,3,7,-5129293070,5129293071,732756153,702356004,26502
97,281,27257,378,732756153,5,21,-15387879212,15387879213,732756153,702356004,26502
97,281,27257,378,732756153,7,43,-31508514578,31508514579,732756153,702356004,26502
97,283,27451,380,743242591,0,1,-743242590,743242591,743242591,712462864,26692
97,283,27451,380,743242591,1,1,-743242590,743242591,743242591,712462864,26692
97,283,27451,380,743242591,2,3,-2229727772,2229727773,743242591,712462864,26692
97,283,27451,380,743242591,3,7,-5202698136,5202698137,743242591,712462864,26692
97,283,27451,380,743242591,5,21,-15608094410,15608094411,743242591,712462864,26692
97,283,27451,380,743242591,7,43,-31959431412,31959431413,743242591,712462864,26692
97,293,28421,390,796792341,0,1,-796792340,796792341,796792341,764080164,27642
97,293,28421,390,796792341,1,1,-796792340,796792341,796792341,764080164,27642
97,293,28421,390,796792341,2,3,-2390377022,2390377023,796792341,764080164,27642
97,293,28421,390,796792341,3,7,-5577546386,5577546387,796792341,764080164,27642
97,293,28421,390,796792341,5,21,-16732639160,16732639161,796792341,764080164,27642
97,293,28421,390,796792341,7,43,-34262070662,34262070663,796792341,764080164,27642
101,103,10403,204,106131207,0,1,-106131206,106131207,106131207,99920016,9996
101,103,10403,204,106131207,1,1,-106131206,106131207,106131207,99920016,9996
101,103,10403,204,106131207,2,3,-318393620,318393621,106131207,99920016,9996
101,103,10403,204,106131207,3,7,-742918448,742918449,106131207,99920016,9996
101,103,10403,204,106131207,5,21,-2228755346,2228755347,106131207,99920016,9996
101,103,10403,204,106131207,7,43,-4563641900,4563641901,106131207,99920016,9996
101,107,10807,208,114575643,0,1,-114575642,114575643,114575643,107993664,10392
101,107,10807,208,114575643,1,1,-114575642,114575643,114575643,107993664,10392
101,107,10807,208,114575643,2,3,-343726928,343726929,114575643,107993664,10392
101,107,10807,208,114575643,3,7,-802029500,802029501,114575643,107993664,10392
101,107,10807,208,114575643,5,21,-2406088502,2406088503,114575643,107993664,10392
101,107,10807,208,114575643,7,43,-4926752648,4926752649,114575643,107993664,10392
101,109,11009,210,118919073,0,1,-118919072,118919073,118919073,112148100,10590
101,109,11009,210,118919073,1,1,-118919072,118919073,118919073,112148100,10590
101,109,11009,210,118919073,2,3,-356757218,356757219,118919073,112148100,10590
101,109,11009,210,118919073,3,7,-832433510,832433511,118919073,112148100,10590
101,109,11009,210,118919073,5,21,-2497300532,2497300533,118919073,112148100,10590
101,109,11009,210,118919073,7,43,-5113520138,5113520139,118919073,112148100,10590
101,113,11413,214,127848357,0,1,-127848356,127848357,127848357,120692196,10986
101,113,11413,214,127848357,1,1,-127848356,127848357,127848357,120692196,10986
101,113,11413,214,127848357,2,3,-383545070,383545071,127848357,120692196,10986
101,113,11413,214,127848357,3,7,-894938498,894938499,127848357,120692196,10986
101,113,11413,214,127848357,5,21,-2684815496,2684815497,127848357,120692196,10986
101,113,11413,214,127848357,7,43,-5497479350,5497479351,127848357,120692196,10986
101,127,12827,228,161646303,0,1,-161646302,161646303,161646303,153066384,12372
101,127,12827,228,161646303,1,1,-161646302,161646303,161646303,153066384,12372
101,127,12827,228,161646303,2,3,-484938908,484938909,161646303,153066384,12372
101,127,12827,228,161646303,3,7,-1131524120,1131524121,161646303,153066384,12372
101,127,12827,228,161646303,5,21,-3394572362,3394572363,161646303,153066384,12372
101,127,12827,228,161646303,7,43,-6950791028,6950791029,161646303,153066384,12372
101,131,13231,232,172030131,0,1,-172030130,172030131,172030131,163021824,12768
101,131,13231,232,172030131,1,1,-172030130,172030131,172030131,163021824,12768
101,131,13231,232,172030131,2,3,-516090392,516090393,172030131,163021824,12768
101,131,13231,232,172030131,3,7,-1204210916,1204210917,172030131,163021824,12768
101,131,13231,232,172030131,5,21,-3612632750,3612632751,172030131,163021824,12768
101,131,13231,232,172030131,7,43,-7397295632,7397295633,172030131,163021824,12768
101,137,13837,238,188211933,0,1,-188211932,188211933,188211933,178543044,13362
101,137,13837,238,188211933,1,1,-188211932,188211933,188211933,178543044,13362
101,137,13837,238,188211933,2,3,-564635798,564635799,188211933,178543044,13362
101,137,13837,238,188211933,3,7,-1317483530,1317483531,188211933,178543044,13362
101,137,13837,238,188211933,5,21,-3952450592,3952450593,188211933,178543044,13362
101,137,13837,238,188211933,7,43,-8093113118,8093113119,188211933,178543044,13362
101,139,14039,240,193767483,0,1,-193767482,193767483,193767483,183873600,13560
101,139,14039,240,193767483,1,1,-193767482,193767483,193767483,183873600,13560
101,139,14039,240,193767483,2,3,-581302448,581302449,193767483,183873600,13560
101,139,14039,240,193767483,3,7,-1356372380,1356372381,193767483,183873600,13560
101,139,14039,240,193767483,5,21,-4069117142,4069117143,193767483,183873600,13560
101,139,14039,240,193767483,7,43,-8332001768,8332001769,193767483,183873600,13560
101,149,15049,250,222757353,0,1,-222757352,222757353,222757353,211702500,14550
101,149,15049,250,222757353,1,1,-222757352,222757353,222757353,211702500,14550
101,149,15049,250,222757353,2,3,-668272058,668272059,222757353,211702500,14550
101,149,15049,250,222757353,3,7,-1559301470,1559301471,222757353,211702500,14550
101,149,15049,250,222757353,5,21,-4677904412,4677904413,222757353,211702500,14550
101,149,15049,250,222757353,7,43,-9578566178,9578566179,222757353,211702500,14550
101,151,15251,252,228797751,0,1,-228797750,228797751,228797751,217503504,14748
101,151,15251,252,228797751,1,1,-228797750,228797751,228797751,217503504,14748
101,151,15251,252,228797751,2,3,-686393252,686393253,228797751,217503504,14748
101,151,15251,252,228797751,3,7,-1601584256,1601584257,228797751,217503504,14748
101,151,15251,252,228797751,5,21,-4804752770,4804752771,228797751,217503504,14748
101,151,15251,252,228797751,7,43,-9838303292,9838303293,228797751,217503504,14748
101,157,15857,258,247403793,0,1,-247403792,247403793,247403793,235376964,15342
101,157,15857,258,247403793,1,1,-247403792,247403793,247403793,235376964,15342
101,157,15857,258,247403793,2,3,-742211378,742211379,247403793,235376964,15342
101,157,15857,258,247403793,3,7,-1731826550,1731826551,247403793,235376964,15342
101,157,15857,258,247403793,5,21,-5195479652,5195479653,247403793,235376964,15342
101,157,15857,258,247403793,7,43,-10638363098,10638363099,247403793,235376964,15342
101,163,16463,264,266737107,0,1,-266737106,266737107,266737107,253956096,15936
101,163,16463,264,266737107,1,1,-266737106,266737107,266737107,253956096,15936
101,163,16463,264,266737107,2,3,-800211320,800211321,266737107,253956096,15936
101,163,16463,264,266737107,3,7,-1867159748,1867159749,266737107,253956096,15936
101,163,16463,264,266737107,5,21,-5601479246,5601479247,266737107,253956096,15936
101,163,16463,264,266737107,7,43,-11469695600,11469695601,266737107,253956096,15936
101,167,16867,268,280030023,0,1,-280030022,280030023,280030023,266734224,16332
101,167,16867,268,280030023,1,1,-280030022,280030023,280030023,266734224,16332
101,167,16867,268,280030023,2,3,-840090068,840090069,280030023,266734224,16332
101,167,16867,268,280030023,3,7,-1960210160,1960210161,280030023,266734224,16332
101,167,16867,268,280030023,5,21,-5880630482,5880630483,280030023,266734224,16332
101,167,16867,268,280030023,7,43,-12041290988,12041290989,280030023,266734224,16332
101,173,17473,274,300575457,0,1,-300575456,300575457,300575457,286489476,16926
101,173,17473,274,300575457,1,1,-300575456,300575457,300575457,286489476,16926
101,173,17473,274,300575457,2,3,-901726370,901726371,300575457,286489476,16926
101,173,17473,274,300575457,3,7,-2104028198,2104028199,300575457,286489476,16926
101,173,17473,274,300575457,5,21,-6312084596,6312084597,300575457,286489476,16926
101,173,17473,274,300575457,7,43,-12924744650,12924744651,300575457,286489476,16926
101,179,18079,280,321848163,0,1,-321848162,321848163,321848163,306950400,17520
101,179,18079,280,321848163,1,1,-321848162,321848163,321848163,306950400,17520
101,179,18079,280,321848163,2,3,-965544488,965544489,321848163,306950400,17520
101,179,18079,280,321848163,3,7,-2252937140,2252937141,321848163,306950400,17520
101,179,18079,280,321848163,5,21,-6758811422,6758811423,321848163,306950400,17520
101,179,18079,280,321848163,7,43,-13839471008,13839471009,321848163,306950400,17520
101,181,18281,282,329100681,0,1,-329100680,329100681,329100681,313927524,17718
101,181,18281,282,329100681,1,1,-329100680,329100681,329100681,313927524,17718
101,181,18281,282,329100681,2,3,-987302042,987302043,329100681,313927524,17718
101,181,18281,282,329100681,3,7,-2303704766,2303704767,329100681,313927524,17718
101,181,18281,282,329100681,5,21,-6911114300,6911114301,329100681,313927524,17718
101,181,18281,282,329100681,7,43,-14151329282,14151329283,329100681,313927524,17718
101,191,19291,292,366575391,0,1,-366575390,366575391,366575391,349989264,18708
101,191,19291,292,366575391,1,1,-366575390,366575391,366575391,349989264,18708
101,191,19291,292,366575391,2,3,-1099726172,1099726173,366575391,349989264,18708
101,191,19291,292,366575391,3,7,-2566027736,2566027737,366575391,349989264,18708
101,191,19291,292,366575391,5,21,-7698083210,7698083211,366575391,349989264,18708
101,191,19291,292,366575391,7,43,-15762741812,15762741813,366575391,349989264,18708
101,193,19493,294,374312757,0,1,-374312756,374312757,374312757,357436836,18906
101,193,19493,294,374312757,1,1,-374312756,374312757,374312757,357436836,18906
101,193,19493,294,374312757,2,3,-1122938270,1122938271,374312757,357436836,18906
101,193,19493,294,374312757,3,7,-2620189298,2620189299,374312757,357436836,18906
101,193,19493,294,374312757,5,21,-7860567896,7860567897,374312757,357436836,18906
101,193,19493,294,374312757,7,43,-16095448550,16095448551,374312757,357436836,18906
101,197,19897,298,390029913,0,1,-390029912,390029913,390029913,372567204,19302
101,197,19897,298,390029913,1,1,-390029912,390029913,390029913,372567204,19302
101,197,19897,298,390029913,2,3,-1170089738,1170089739,390029913,372567204,19302
101,197,19897,298,390029913,3,7,-2730209390,2730209391,390029913,372567204,19302
101,197,19897,298,390029913,5,21,-8190628172,8190628173,390029913,372567204,19302
101,197,19897,298,390029913,7,43,-16771286258,16771286259,390029913,372567204,19302
101,199,20099,300,398009703,0,1,-398009702,398009703,398009703,380250000,19500
101,199,20099,300,398009703,1,1,-398009702,398009703,398009703,380250000,19500
101,199,20099,300,398009703,2,3,-1194029108,1194029109,398009703,380250000,19500
101,199,20099,300,398009703,3,7,-2786067920,2786067921,398009703,380250000,19500
101,199,20099,300,398009703,5,21,-8358203762,8358203763,398009703,380250000,19500
101,199,20099,300,398009703,7,43,-17114417228,17114417229,398009703,380250000,19500
101,211,21311,312,447585411,0,1,-447585410,447585411,447585411,427993344,20688
101,211,21311,312,447585411,1,1,-447585410,447585411,447585411,427993344,20688
101,211,21311,312,447585411,2,3,-1342756232,1342756233,447585411,427993344,20688
101,211,21311,312,447585411,3,7,-3133097876,3133097877,447585411,427993344,20688
101,211,21311,312,447585411,5,21,-9399293630,9399293631,447585411,427993344,20688
101,211,21311,312,447585411,7,43,-19246172672,19246172673,447585411,427993344,20688
101,223,22523,324,500070207,0,1,-500070206,500070207,500070207,478559376,21876
101,223,22523,324,500070207,1,1,-500070206,500070207,500070207,478559376,21876
101,223,22523,324,500070207,2,3,-1500210620,1500210621,500070207,478559376,21876
101,223,22523,324,500070207,3,7,-3500491448,3500491449,500070207,478559376,21876
101,223,22523,324,500070207,5,21,-10501474346,10501474347,500070207,478559376,21876
101,223,22523,324,500070207,7,43,-21503018900,21503018901,500070207,478559376,21876
101,227,22927,328,518211603,0,1,-518211602,518211603,518211603,496041984,22272
101,227,22927,328,518211603,1,1,-518211602,518211603,518211603,496041984,22272
101,227,22927,328,518211603,2,3,-1554634808,1554634809,518211603,496041984,22272
101,227,22927,328,518211603,3,7,-3627481220,3627481221,518211603,496041984,22272
101,227,22927,328,518211603,5,21,-10882443662,10882443663,518211603,496041984,22272
101,227,22927,328,518211603,7,43,-22283098928,22283098929,518211603,496041984,22272
101,229,23129,330,527403513,0,1,-527403512,527403513,527403513,504900900,22470
101,229,23129,330,527403513,1,1,-527403512,527403513,527403513,504900900,22470
101,229,23129,330,527403513,2,3,-1582210538,1582210539,527403513,504900900,22470
101,229,23129,330,527403513,3,7,-3691824590,3691824591,527403513,504900900,22470
101,229,23129,330,527403513,5,21,-11075473772,11075473773,527403513,504900900,22470
101,229,23129,330,527403513,7,43,-22678351058,22678351059,527403513,504900900,22470
101,233,23533,334,546029757,0,1,-546029756,546029757,546029757,522853956,22866
101,233,23533,334,546029757,1,1,-546029756,546029757,546029757,522853956,22866
101,233,23533,334,546029757,2,3,-1638089270,1638089271,546029757,522853956,22866
101,233,23533,334,546029757,3,7,-3822208298,3822208299,546029757,522853956,22866
101,233,23533,334,546029757,5,21,-11466624896,11466624897,546029757,522853956,22866
101,233,23533,334,546029757,7,43,-23479279550,23479279551,546029757,522853956,22866
101,239,24139,340,574575183,0,1,-574575182,574575183,574575183,550371600,23460
101,239,24139,340,574575183,1,1,-574575182,574575183,574575183,550371600,23460
101,239,24139,340,574575183,2,3,-1723725548,1723725549,574575183,550371600,23460
101,239,24139,340,574575183,3,7,-4022026280,4022026281,574575183,550371600,23460
101,239,24139,340,574575183,5,21,-12066078842,12066078843,574575183,550371600,23460
101,239,24139,340,574575183,7,43,-24706732868,24706732869,574575183,550371600,23460
101,241,24341,342,584251941,0,1,-584251940,584251941,584251941,559700964,23658
101,241,24341,342,584251941,1,1,-584251940,584251941,584251941,559700964,23658
101,241,24341,342,584251941,2,3,-1752755822,1752755823,584251941,559700964,23658
101,241,24341,342,584251941,3,7,-4089763586,4089763587,584251941,559700964,23658
101,241,24341,342,584251941,5,21,-12269290760,12269290761,584251941,559700964,23658
101,241,24341,342,584251941,7,43,-25122833462,25122833463,584251941,559700964,23658
101,251,25351,352,633847851,0,1,-633847850,633847851,633847851,607523904,24648
101,251,25351,352,633847851,1,1,-633847850,633847851,633847851,607523904,24648
101,251,25351,352,633847851,2,3,-1901543552,1901543553,633847851,607523904,24648
101,251,25351,352,633847851,3,7,-4436934956,4436934957,633847851,607523904,24648
101,251,25351,352,633847851,5,21,-13310804870,13310804871,633847851,607523904,24648
101,251,25351,352,633847851,7,43,-27255457592,27255457593,633847851,607523904,24648
101,257,25957,358,664575093,0,1,-664575092,664575093,664575093,637158564,25242
101,257,25957,358,664575093,1,1,-664575092,664575093,664575093,637158564,25242
101,257,25957,358,664575093,2,3,-1993725278,1993725279,664575093,637158564,25242
101,257,25957,358,664575093,3,7,-4652025650,4652025651,664575093,637158564,25242
101,257,25957,358,664575093,5,21,-13956076952,13956076953,664575093,637158564,25242
101,257,25957,358,664575093,7,43,-28576728998,28576728999,664575093,637158564,25242
101,263,26563,364,696029607,0,1,-696029606,696029607,696029607,667498896,25836
101,263,26563,364,696029607,1,1,-696029606,696029607,696029607,667498896,25836
101,263,26563,364,696029607,2,3,-2088088820,2088088821,696029607,667498896,25836
101,263,26563,364,696029607,3,7,-4872207248,4872207249,696029607,667498896,25836
101,263,26563,364,696029607,5,21,-14616621746,14616621747,696029607,667498896,25836
101,263,26563,364,696029607,7,43,-29929273100,29929273101,696029607,667498896,25836
101,269,27169,370,728211393,0,1,-728211392,728211393,728211393,698544900,26430
101,269,27169,370,728211393,1,1,-728211392,728211393,728211393,698544900,26430
101,269,27169,370,728211393,2,3,-2184634178,2184634179,728211393,698544900,26430
101,269,27169,370,728211393,3,7,-5097479750,5097479751,728211393,698544900,26430
101,269,27169,370,728211393,5,21,-15292439252,15292439253,728211393,698544900,26430
101,269,27169,370,728211393,7,43,-31313089898,31313089899,728211393,698544900,26430
101,271,27371,372,739100271,0,1,-739100270,739100271,739100271,709050384,26628
101,271,27371,372,739100271,1,1,-739100270,739100271,739100271,709050384,26628
101,271,27371,372,739100271,2,3,-2217300812,2217300813,739100271,709050384,26628
101,271,27371,372,739100271,3,7,-5173701896,5173701897,739100271,709050384,26628
101,271,27371,372,739100271,5,21,-15521105690,15521105691,739100271,709050384,26628
101,271,27371,372,739100271,7,43,-31781311652,31781311653,739100271,709050384,26628
101,277,27977,378,772251753,0,1,-772251752,772251753,772251753,741037284,27222
101,277,27977,378,772251753,1,1,-772251752,772251753,772251753,741037284,27222
101,277,27977,378,772251753,2,3,-2316755258,2316755259,772251753,741037284,27222
101,277,27977,378,772251753,3,7,-5405762270,5405762271,772251753,741037284,27222
101,277,27977,378,772251753,5,21,-16217286812,16217286813,772251753,741037284,27222
101,277,27977,378,772251753,7,43,-33206825378,33206825379,772251753,741037284,27222
101,281,28381,382,794756781,0,1,-794756780,794756781,794756781,762753924,27618
101,281,28381,382,794756781,1,1,-794756780,794756781,794756781,762753924,27618
101,281,28381,382,794756781,2,3,-2384270342,2384270343,794756781,762753924,27618
101,281,28381,382,794756781,3,7,-5563297466,5563297467,794756781,762753924,27618
101,281,28381,382,794756781,5,21,-16689892400,16689892401,794756781,762753924,27618
101,281,28381,382,794756781,7,43,-34174541582,34174541583,794756781,762753924,27618
101,283,28583,384,806130507,0,1,-806130506,806130507,806130507,773729856,27816
101,283,28583,384,806130507,1,1,-806130506,806130507,806130507,773729856,27816
101,283,28583,384,806130507,2,3,-2418391520,2418391521,806130507,773729856,27816
101,283,28583,384,806130507,3,7,-5642913548,5642913549,806130507,773729856,27816
101,283,28583,384,806130507,5,21,-16928740646,16928740647,806130507,773729856,27816
101,283,28583,384,806130507,7,43,-34663611800,34663611801,806130507,773729856,27816
101,293,29593,394,864211257,0,1,-864211256,864211257,864211257,829785636,28806
101,293,29593,394,864211257,1,1,-864211256,864211257,864211257,829785636,28806
101,293,29593,394,864211257,2,3,-2592633770,2592633771,864211257,829785636,28806
101,293,29593,394,864211257,3,7,-6049478798,6049478799,864211257,829785636,28806
101,293,29593,394,864211257,5,21,-18148436396,18148436397,864211257,829785636,28806
101,293,29593,394,864211257,7,43,-37161084050,37161084051,864211257,829785636,28806
103,107,11021,210,119180901,0,1,-119180900,119180901,119180901,112402404,10602
103,107,11021,210,119180901,1,1,-119180900,119180901,119180901,112402404,10602
103,107,11021,210,119180901,2,3,-357542702,357542703,119180901,112402404,10602
103,107,11021,210,119180901,3,7,-834266306,834266307,119180901,112402404,10602
103,107,11021,210,119180901,5,21,-2502798920,2502798921,119180901,112402404,10602
103,107,11021,210,119180901,7,43,-5124778742,5124778743,119180901,112402404,10602
103,109,11227,212,123698911,0,1,-123698910,123698911,123698911,116726416,10804
103,109,11227,212,123698911,1,1,-123698910,123698911,123698911,116726416,10804
103,109,11227,212,123698911,2,3,-371096732,371096733,123698911,116726416,10804
103,109,11227,212,123698911,3,7,-865892376,865892377,123698911,116726416,10804
103,109,11227,212,123698911,5,21,-2597677130,2597677131,123698911,116726416,10804
103,109,11227,212,123698911,7,43,-5319053172,5319053173,123698911,116726416,10804
103,113,11639,216,132987099,0,1,-132987098,132987099,132987099,125619264,11208
103,113,11639,216,132987099,1,1,-132987098,132987099,132987099,125619264,11208
103,113,11639,216,132987099,2,3,-398961296,398961297,132987099,125619264,11208
103,113,11639,216,132987099,3,7,-930909692,930909693,132987099,125619264,11208
103,113,11639,216,132987099,5,21,-2792729078,2792729079,132987099,125619264,11208
103,113,11639,216,132987099,7,43,-5718445256,5718445257,132987099,125619264,11208
103,127,13081,230,168143521,0,1,-168143520,168143521,168143521,159314884,12622
103,127,13081,230,168143521,1,1,-168143520,168143521,168143521,159314884,12622
103,127,13081,230,168143521,2,3,-504430562,504430563,168143521,159314884,12622
103,127,13081,230,168143521,3,7,-1177004646,1177004647,168143521,159314884,12622
103,127,13081,230,168143521,5,21,-3531013940,3531013941,168143521,159314884,12622
103,127,13081,230,168143521,7,43,-7230171402,7230171403,168143521,159314884,12622
103,131,13493,234,178944717,0,1,-178944716,178944717,178944717,169676676,13026
103,131,13493,234,178944717,1,1,-178944716,178944717,178944717,169676676,13026
103,131,13493,234,178944717,2,3,-536834150,536834151,178944717,169676676,13026
103,131,13493,234,178944717,3,7,-1252613018,1252613019,178944717,169676676,13026
103,131,13493,234,178944717,5,21,-3757839056,3757839057,178944717,169676676,13026
103,131,13493,234,178944717,7,43,-7694622830,7694622831,178944717,169676676,13026
103,137,14111,240,195776931,0,1,-195776930,195776931,195776931,185831424,13632
103,137,14111,240,195776931,1,1,-195776930,195776931,195776931,185831424,13632
103,137,14111,240,195776931,2,3,-587330792,587330793,195776931,185831424,13632
103,137,14111,240,195776931,3,7,-1370438516,1370438517,195776931,185831424,13632
103,137,14111,240,195776931,5,21,-4111315550,4111315551,195776931,185831424,13632
103,137,14111,240,195776931,7,43,-8418408032,8418408033,195776931,185831424,13632
103,139,14317,242,201555781,0,1,-201555780,201555781,201555781,191379556,13834
103,139,14317,242,201555781,1,1,-201555780,201555781,201555781,191379556,13834
103,139,14317,242,201555781,2,3,-604667342,604667343,201555781,191379556,13834
103,139,14317,242,201555781,3,7,-1410890466,1410890467,201555781,191379556,13834
103,139,14317,242,201555781,5,21,-4232671400,4232671401,201555781,191379556,13834
103,139,14317,242,201555781,7,43,-8666898582,8666898583,201555781,191379556,13834
103,149,15347,252,231710871,0,1,-231710870,231710871,231710871,220344336,14844
103,149,15347,252,231710871,1,1,-231710870,231710871,231710871,220344336,14844
103,149,15347,252,231710871,2,3,-695132612,695132613,231710871,220344336,14844
103,149,15347,252,231710871,3,7,-1621976096,1621976097,231710871,220344336,14844
103,149,15347,252,231710871,5,21,-4865928290,4865928291,231710871,220344336,14844
103,149,15347,252,231710871,7,43,-9963567452,9963567453,231710871,220344336,14844
103,151,15553,254,237994057,0,1,-237994056,237994057,237994057,226382116,15046
103,151,15553,254,237994057,1,1,-237994056,237994057,237994057,226382116,15046
103,151,15553,254,237994057,2,3,-713982170,713982171,237994057,226382116,15046
103,151,15553,254,237994057,3,7,-1665958398,1665958399,237994057,226382116,15046
103,151,15553,254,237994057,5,21,-4997875196,4997875197,237994057,226382116,15046
103,151,15553,254,237994057,7,43,-10233744450,10233744451,237994057,226382116,15046
103,157,16171,260,257347951,0,1,-257347950,257347951,257347951,244985104,15652
103,157,16171,260,257347951,1,1,-257347950,257347951,257347951,244985104,15652
103,157,16171,260,257347951,2,3,-772043852,772043853,257347951,244985104,15652
103,157,16171,260,257347951,3,7,-1801435656,1801435657,257347951,244985104,15652
103,157,16171,260,257347951,5,21,-5404306970,5404306971,257347951,244985104,15652
103,157,16171,260,257347951,7,43,-11065961892,11065961893,257347951,244985104,15652
103,163,16789,266,277458349,0,1,-277458348,277458349,277458349,264322564,16258
103,163,16789,266,277458349,1,1,-277458348,277458349,277458349,264322564,16258
103,163,16789,266,277458349,2,3,-832375046,832375047,277458349,264322564,16258
103,163,16789,266,277458349,3,7,-1942208442,1942208443,277458349,264322564,16258
103,163,16789,266,277458349,5,21,-5826625328,5826625329,277458349,264322564,16258
103,163,16789,266,277458349,7,43,-11930709006,11930709007,277458349,264322564,16258
103,167,17201,270,291285561,0,1,-291285560,291285561,291285561,277622244,16662
103,167,17201,270,291285561,1,1,-291285560,291285561,291285561,277622244,16662
103,167,17201,270,291285561,2,3,-873856682,873856683,291285561,277622244,16662
103,167,17201,270,291285561,3,7,-2038998926,2038998927,291285561,277622244,16662
103,167,17201,270,291285561,5,21,-6116996780,6116996781,291285561,277622244,16662
103,167,17201,270,291285561,7,43,-12525279122,12525279123,291285561,277622244,16662
103,173,17819,276,312656799,0,1,-312656798,312656799,312656799,298183824,17268
103,173,17819,276,312656799,1,1,-312656798,312656799,312656799,298183824,17268
103,173,17819,276,312656799,2,3,-937970396,937970397,312656799,298183824,17268
103,173,17819,276,312656799,3,7,-2188597592,2188597593,312656799,298183824,17268
103,173,17819,276,312656799,5,21,-6565792778,6565792779,312656799,298183824,17268
103,173,17819,276,312656799,7,43,-13444242356,13444242357,312656799,298183824,17268
103,179,18437,282,334784541,0,1,-334784540,334784541,334784541,319479876,17874
103,179,18437,282,334784541,1,1,-334784540,334784541,334784541,319479876,17874
103,179,18437,282,334784541,2,3,-1004353622,1004353623,334784541,319479876,17874
103,179,18437,282,334784541,3,7,-2343491786,2343491787,334784541,319479876,17874
103,179,18437,282,334784541,5,21,-7030475360,7030475361,334784541,319479876,17874
103,179,18437,282,334784541,7,43,-14395735262,14395735263,334784541,319479876,17874
103,181,18643,284,342328567,0,1,-342328566,342328567,342328567,326741776,18076
103,181,18643,284,342328567,1,1,-342328566,342328567,342328567,326741776,18076
103,181,18643,284,342328567,2,3,-1026985700,1026985701,342328567,326741776,18076
103,181,18643,284,342328567,3,7,-2396299968,2396299969,342328567,326741776,18076
103,181,18643,284,342328567,5,21,-7188899906,7188899907,342328567,326741776,18076
103,181,18643,284,342328567,7,43,-14720128380,14720128381,342328567,326741776,18076
103,191,19673,294,381309537,0,1,-381309536,381309537,381309537,364275396,19086
103,191,19673,294,381309537,1,1,-381309536,381309537,381309537,364275396,19086
103,191,19673,294,381309537,2,3,-1143928610,1143928611,381309537,364275396,19086
103,191,19673,294,381309537,3,7,-2669166758,2669166759,381309537,364275396,19086
103,191,19673,294,381309537,5,21,-8007500276,8007500277,381309537,364275396,19086
103,191,19673,294,381309537,7,43,-16396310090,16396310091,381309537,364275396,19086
103,193,19879,296,389357899,0,1,-389357898,389357899,389357899,372026944,19288
103,193,19879,296,389357899,1,1,-389357898,389357899,389357899,372026944,19288
103,193,19879,296,389357899,2,3,-1168073696,1168073697,389357899,372026944,19288
103,193,19879,296,389357899,3,7,-2725505292,2725505293,389357899,372026944,19288
103,193,19879,296,389357899,5,21,-8176515878,8176515879,389357899,372026944,19288
103,193,19879,296,389357899,7,43,-16742389656,16742389657,389357899,372026944,19288
103,197,20291,300,405706791,0,1,-405706790,405706791,405706791,387774864,19692
103,197,20291,300,405706791,1,1,-405706790,405706791,405706791,387774864,19692
103,197,20291,300,405706791,2,3,-1217120372,1217120373,405706791,387774864,19692
103,197,20291,300,405706791,3,7,-2839947536,2839947537,405706791,387774864,19692
103,197,20291,300,405706791,5,21,-8519842610,8519842611,405706791,387774864,19692
103,197,20291,300,405706791,7,43,-17445392012,17445392013,405706791,387774864,19692
103,199,20497,302,414007321,0,1,-414007320,414007321,414007321,395771236,19894
103,199,20497,302,414007321,1,1,-414007320,414007321,414007321,395771236,19894
103,199,20497,302,414007321,2,3,-1242021962,1242021963,414007321,395771236,19894
103,199,20497,302,414007321,3,7,-2898051246,2898051247,414007321,395771236,19894
103,199,20497,302,414007321,5,21,-8694153740,8694153741,414007321,395771236,19894
103,199,20497,302,414007321,7,43,-17802314802,17802314803,414007321,395771236,19894
103,211,21733,314,465575677,0,1,-465575676,465575677,465575677,445463236,21106
103,211,21733,314,465575677,1,1,-465575676,465575677,465575677,445463236,21106
103,211,21733,314,465575677,2,3,-1396727030,1396727031,465575677,445463236,21106
103,211,21733,314,465575677,3,7,-3259029738,3259029739,465575677,445463236,21106
103,211,21733,314,465575677,5,21,-9777089216,9777089217,465575677,445463236,21106
103,211,21733,314,465575677,7,43,-20019754110,20019754111,465575677,445463236,21106
103,223,22969,326,520170049,0,1,-520170048,520170049,520170049,498093124,22318
103,223,22969,326,520170049,1,1,-520170048,520170049,520170049,498093124,22318
103,223,22969,326,520170049,2,3,-1560510146,1560510147,520170049,498093124,22318
103,223,22969,326,520170049,3,7,-3641190342,3641190343,520170049,498093124,22318
103,223,22969,326,520170049,5,21,-10923571028,10923571029,520170049,498093124,22318
103,223,22969,326,520170049,7,43,-22367312106,22367312107,520170049,498093124,22318
103,227,23381,330,539040621,0,1,-539040620,539040621,539040621,516289284,22722
103,227,23381,330,539040621,1,1,-539040620,539040621,539040621,516289284,22722
103,227,23381,330,539040621,2,3,-1617121862,1617121863,539040621,516289284,22722
103,227,23381,330,539040621,3,7,-3773284346,3773284347,539040621,516289284,22722
103,227,23381,330,539040621,5,21,-11319853040,11319853041,539040621,516289284,22722
103,227,23381,330,539040621,7,43,-23178746702,23178746703,539040621,516289284,22722
103,229,23587,332,548601991,0,1,-548601990,548601991,548601991,525509776,22924
103,229,23587,332,548601991,1,1,-548601990,548601991,548601991,525509776,22924
103,229,23587,332,548601991,2,3,-1645805972,1645805973,548601991,525509776,22924
103,229,23587,332,548601991,3,7,-3840213936,3840213937,548601991,525509776,22924
103,229,23587,332,548601991,5,21,-11520641810,11520641811,548601991,525509776,22924
103,229,23587,332,548601991,7,43,-23589885612,23589885613,548601991,525509776,22924
103,233,23999,336,567976899,0,1,-567976898,567976899,567976899,544195584,23328
103,233,23999,336,567976899,1,1,-567976898,567976899,567976899,544195584,23328
103,233,23999,336,567976899,2,3,-1703930696,1703930697,567976899,544195584,23328
103,233,23999,336,567976899,3,7,-3975838292,3975838293,567976899,544195584,23328
103,233,23999,336,567976899,5,21,-11927514878,11927514879,567976899,544195584,23328
103,233,23999,336,567976899,7,43,-24423006656,24423006657,567976899,544195584,23328
103,239,24617,342,597669681,0,1,-597669680,597669681,597669681,572836356,23934
103,239,24617,342,597669681,1,1,-597669680,597669681,597669681,572836356,23934
103,239,24617,342,597669681,2,3,-1793009042,1793009043,597669681,572836356,23934
103,239,24617,342,597669681,3,7,-4183687766,4183687767,597669681,572836356,23934
103,239,24617,342,597669681,5,21,-12551063300,12551063301,597669681,572836356,23934
103,239,24617,342,597669681,7,43,-25699796282,25699796283,597669681,572836356,23934
103,241,24823,344,607735387,0,1,-607735386,607735387,607735387,582546496,24136
103,241,24823,344,607735387,1,1,-607735386,607735387,607735387,582546496,24136
103,241,24823,344,607735387,2,3,-1823206160,1823206161,607735387,582546496,24136
103,241,24823,344,607735387,3,7,-4254147708,4254147709,607735387,582546496,24136
103,241,24823,344,607735387,5,21,-12762443126,12762443127,607735387,582546496,24136
103,241,24823,344,607735387,7,43,-26132621640,26132621641,607735387,582546496,24136
103,251,25853,354,659324757,0,1,-659324756,659324757,659324757,632321316,25146
103,251,25853,354,659324757,1,1,-659324756,659324757,659324757,632321316,25146
103,251,25853,354,659324757,2,3,-1977974270,1977974271,659324757,632321316,25146
103,251,25853,354,659324757,3,7,-4615273298,4615273299,659324757,632321316,25146
103,251,25853,354,659324757,5,21,-13845819896,13845819897,659324757,632321316,25146
103,251,25853,354,659324757,7,43,-28350964550,28350964551,659324757,632321316,25146
103,257,26471,360,691287051,0,1,-691287050,691287051,691287051,663165504,25752
103,257,26471,360,691287051,1,1,-691287050,691287051,691287051,663165504,25752
103,257,26471,360,691287051,2,3,-2073861152,2073861153,691287051,663165504,25752
103,257,26471,360,691287051,3,7,-4839009356,4839009357,691287051,663165504,25752
103,257,26471,360,691287051,5,21,-14517028070,14517028071,691287051,663165504,25752
103,257,26471,360,691287051,7,43,-29725343192,29725343193,691287051,663165504,25752
103,263,27089,366,724005849,0,1,-724005848,724005849,724005849,694744164,26358
103,263,27089,366,724005849,1,1,-724005848,724005849,724005849,694744164,26358
103,263,27089,366,724005849,2,3,-2172017546,2172017547,724005849,694744164,26358
103,263,27089,366,724005849,3,7,-5068040942,5068040943,724005849,694744164,26358
103,263,27089,366,724005849,5,21,-15204122828,15204122829,724005849,694744164,26358
103,263,27089,366,724005849,7,43,-31132251506,31132251507,724005849,694744164,26358
103,269,27707,372,757481151,0,1,-757481150,757481151,757481151,727057296,26964
103,269,27707,372,757481151,1,1,-757481150,757481151,757481151,727057296,26964
103,269,27707,372,757481151,2,3,-2272443452,2272443453,757481151,727057296,26964
103,269,27707,372,757481151,3,7,-5302368056,5302368057,757481151,727057296,26964
103,269,27707,372,757481151,5,21,-15907104170,15907104171,757481151,727057296,26964
103,269,27707,372,757481151,7,43,-32571689492,32571689493,757481151,727057296,26964
103,271,27913,374,768807697,0,1,-768807696,768807697,768807697,737991556,27166
103,271,27913,374,768807697,1,1,-768807696,768807697,768807697,737991556,27166
103,271,27913,374,768807697,2,3,-2306423090,2306423091,768807697,737991556,27166
103,271,27913,374,768807697,3,7,-5381653878,5381653879,768807697,737991556,27166
103,271,27913,374,768807697,5,21,-16144961636,16144961637,768807697,737991556,27166
103,271,27913,374,768807697,7,43,-33058730970,33058730971,768807697,737991556,27166
103,277,28531,380,803291671,0,1,-803291670,803291671,803291671,771283984,27772
103,277,28531,380,803291671,1,1,-803291670,803291671,803291671,771283984,27772
103,277,28531,380,803291671,2,3,-2409875012,2409875013,803291671,771283984,27772
103,277,28531,380,803291671,3,7,-5623041696,5623041697,803291671,771283984,27772
103,277,28531,380,803291671,5,21,-16869125090,16869125091,803291671,771283984,27772
103,277,28531,380,803291671,7,43,-34541541852,34541541853,803291671,771283984,27772
103,281,28943,384,826701267,0,1,-826701266,826701267,826701267,793886976,28176
103,281,28943,384,826701267,1,1,-826701266,826701267,826701267,793886976,28176
103,281,28943,384,826701267,2,3,-2480103800,2480103801,826701267,793886976,28176
103,281,28943,384,826701267,3,7,-5786908868,5786908869,826701267,793886976,28176
103,281,28943,384,826701267,5,21,-17360726606,17360726607,826701267,793886976,28176
103,281,28943,384,826701267,7,43,-35548154480,35548154481,826701267,793886976,28176
103,283,29149,386,838532149,0,1,-838532148,838532149,838532149,805310884,28378
103,283,29149,386,838532149,1,1,-838532148,838532149,838532149,805310884,28378
103,283,29149,386,838532149,2,3,-2515596446,2515596447,838532149,805310884,28378
103,283,29149,386,838532149,3,7,-5869725042,5869725043,838532149,805310884,28378
103,283,29149,386,838532149,5,21,-17609175128,17609175129,838532149,805310884,28378
103,283,29149,386,838532149,7,43,-36056882406,36056882407,838532149,805310884,28378
103,293,30179,396,898947399,0,1,-898947398,898947399,898947399,863654544,29388
103,293,30179,396,898947399,1,1,-898947398,898947399,898947399,863654544,29388
103,293,30179,396,898947399,2,3,-2696842196,2696842197,898947399,863654544,29388
103,293,30179,396,898947399,3,7,-6292631792,6292631793,898947399,863654544,29388
103,293,30179,396,898947399,5,21,-18877895378,18877895379,898947399,863654544,29388
103,293,30179,396,898947399,7,43,-38654738156,38654738157,898947399,863654544,29388
107,109,11663,216,133541139,0,1,-133541138,133541139,133541139,126157824,11232
107,109,11663,216,133541139,1,1,-133541138,133541139,133541139,126157824,11232
107,109,11663,216,133541139,2,3,-400623416,400623417,133541139,126157824,11232
107,109,11663,216,133541139,3,7,-934787972,934787973,133541139,126157824,11232
107,109,11663,216,133541139,5,21,-2804363918,2804363919,133541139,126157824,11232
107,109,11663,216,133541139,7,43,-5742268976,5742268977,133541139,126157824,11232
107,113,12091,220,143568351,0,1,-143568350,143568351,143568351,135769104,11652
107,113,12091,220,143568351,1,1,-143568350,143568351,143568351,135769104,11652
107,113,12091,220,143568351,2,3,-430705052,430705053,143568351,135769104,11652
107,113,12091,220,143568351,3,7,-1004978456,1004978457,143568351,135769104,11652
107,113,12091,220,143568351,5,21,-3014935370,3014935371,143568351,135769104,11652
107,113,12091,220,143568351,7,43,-6173439092,6173439093,143568351,135769104,11652
107,127,13589,234,181522029,0,1,-181522028,181522029,181522029,172186884,13122
107,127,13589,234,181522029,1,1,-181522028,181522029,181522029,172186884,13122
107,127,13589,234,181522029,2,3,-544566086,544566087,181522029,172186884,13122
107,127,13589,234,181522029,3,7,-1270654202,1270654203,181522029,172186884,13122
107,127,13589,234,181522029,5,21,-3811962608,3811962609,181522029,172186884,13122
107,127,13589,234,181522029,7,43,-7805447246,7805447247,181522029,172186884,13122
107,131,14017,238,193182633,0,1,-193182632,193182633,193182633,183385764,13542
107,131,14017,238,193182633,1,1,-193182632,193182633,193182633,183385764,13542
107,131,14017,238,193182633,2,3,-579547898,579547899,193182633,183385764,13542
107,131,14017,238,193182633,3,7,-1352278430,1352278431,193182633,183385764,13542
107,131,14017,238,193182633,5,21,-4056835292,4056835293,193182633,183385764,13542
107,131,14017,238,193182633,7,43,-8306853218,8306853219,193182633,183385764,13542
107,137,14659,244,211354119,0,1,-211354118,211354119,211354119,200845584,14172
107,137,14659,244,211354119,1,1,-211354118,211354119,211354119,200845584,14172
107,137,14659,244,211354119,2,3,-634062356,634062357,211354119,200845584,14172
107,137,14659,244,211354119,3,7,-1479478832,1479478833,211354119,200845584,14172
107,137,14659,244,211354119,5,21,-4438436498,4438436499,211354119,200845584,14172
107,137,14659,244,211354119,7,43,-9088227116,9088227117,211354119,200845584,14172
107,139,14873,246,217592769,0,1,-217592768,217592769,217592769,206841924,14382
107,139,14873,246,217592769,1,1,-217592768,217592769,217592769,206841924,14382
107,139,14873,246,217592769,2,3,-652778306,652778307,217592769,206841924,14382
107,139,14873,246,217592769,3,7,-1523149382,1523149383,217592769,206841924,14382
107,139,14873,246,217592769,5,21,-4569448148,4569448149,217592769,206841924,14382
107,139,14873,246,217592769,7,43,-9356489066,9356489067,217592769,206841924,14382
107,149,15943,256,250147179,0,1,-250147178,250147179,250147179,238146624,15432
107,149,15943,256,250147179,1,1,-250147178,250147179,250147179,238146624,15432
107,149,15943,256,250147179,2,3,-750441536,750441537,250147179,238146624,15432
107,149,15943,256,250147179,3,7,-1751030252,1751030253,250147179,238146624,15432
107,149,15943,256,250147179,5,21,-5253090758,5253090759,250147179,238146624,15432
107,149,15943,256,250147179,7,43,-10756328696,10756328697,250147179,238146624,15432
107,151,16157,258,256930293,0,1,-256930292,256930293,256930293,244672164,15642
107,151,16157,258,256930293,1,1,-256930292,256930293,256930293,244672164,15642
107,151,16157,258,256930293,2,3,-770790878,770790879,256930293,244672164,15642
107,151,16157,258,256930293,3,7,-1798512050,1798512051,256930293,244672164,15642
107,151,16157,258,256930293,5,21,-5395536152,5395536153,256930293,244672164,15642
107,151,16157,258,256930293,7,43,-11048002598,11048002599,256930293,244672164,15642
107,157,16799,264,277824099,0,1,-277824098,277824099,277824099,264777984,16272
107,157,16799,264,277824099,1,1,-277824098,277824099,277824099,264777984,16272
107,157,16799,264,277824099,2,3,-833472296,833472297,277824099,264777984,16272
107,157,16799,264,277824099,3,7,-1944768692,1944768693,277824099,264777984,16272
107,157,16799,264,277824099,5,21,-5834306078,5834306079,277824099,264777984,16272
107,157,16799,264,277824099,7,43,-11946436256,11946436257,277824099,264777984,16272
107,163,17441,270,299534601,0,1,-299534600,299534601,299534601,285677604,16902
107,163,17441,270,299534601,1,1,-299534600,299534601,299534601,285677604,16902
107,163,17441,270,299534601,2,3,-898603802,898603803,299534601,285677604,16902
107,163,17441,270,299534601,3,7,-2096742206,2096742207,299534601,285677604,16902
107,163,17441,270,299534601,5,21,-6290226620,6290226621,299534601,285677604,16902
107,163,17441,270,299534601,7,43,-12879987842,12879987843,299534601,285677604,16902
107,167,17869,274,314461989,0,1,-314461988,314461989,314461989,300051684,17322
107,167,17869,274,314461989,1,1,-314461988,314461989,314461989,300051684,17322
107,167,17869,274,314461989,2,3,-943385966,943385967,314461989,300051684,17322
107,167,17869,274,314461989,3,7,-2201233922,2201233923,314461989,300051684,17322
107,167,17869,274,314461989,5,21,-6603701768,6603701769,314461989,300051684,17322
107,167,17869,274,314461989,7,43,-13521865526,13521865527,314461989,300051684,17322
107,173,18511,280,337533651,0,1,-337533650,337533651,337533651,322274304,17952
107,173,18511,280,337533651,1,1,-337533650,337533651,337533651,322274304,17952
107,173,18511,280,337533651,2,3,-1012600952,1012600953,337533651,322274304,17952
107,173,18511,280,337533651,3,7,-2362735556,2362735557,337533651,322274304,17952
107,173,18511,280,337533651,5,21,-7088206670,7088206671,337533651,322274304,17952
107,173,18511,280,337533651,7,43,-14513946992,14513946993,337533651,322274304,17952
107,179,19153,286,361422009,0,1,-361422008,361422009,361422009,345290724,18582
107,179,19153,286,361422009,1,1,-361422008,361422009,361422009,345290724,18582
107,179,19153,286,361422009,2,3,-1084266026,1084266027,361422009,345290724,18582
107,179,19153,286,361422009,3,7,-2529954062,2529954063,361422009,345290724,18582
107,179,19153,286,361422009,5,21,-7589862188,7589862189,361422009,345290724,18582
107,179,19153,286,361422009,7,43,-15541146386,15541146387,361422009,345290724,18582
107,181,19367,288,369566283,0,1,-369566282,369566283,369566283,353139264,18792
107,181,19367,288,369566283,1,1,-369566282,369566283,369566283,353139264,18792
107,181,19367,288,369566283,2,3,-1108698848,1108698849,369566283,353139264,18792
107,181,19367,288,369566283,3,7,-2586963980,2586963981,369566283,353139264,18792
107,181,19367,288,369566283,5,21,-7760891942,7760891943,369566283,353139264,18792
107,181,19367,288,369566283,7,43,-15891350168,15891350169,369566283,353139264,18792
107,191,20437,298,411648813,0,1,-411648812,411648813,411648813,393704964,19842
107,191,20437,298,411648813,1,1,-411648812,411648813,411648813,393704964,19842
107,191,20437,298,411648813,2,3,-1234946438,1234946439,411648813,393704964,19842
107,191,20437,298,411648813,3,7,-2881541690,2881541691,411648813,393704964,19842
107,191,20437,298,411648813,5,21,-8644625072,8644625073,411648813,393704964,19842
107,191,20437,298,411648813,7,43,-17700898958,17700898959,411648813,393704964,19842
107,193,20651,300,420337551,0,1,-420337550,420337551,420337551,402082704,20052
107,193,20651,300,420337551,1,1,-420337550,420337551,420337551,402082704,20052
107,193,20651,300,420337551,2,3,-1261012652,1261012653,420337551,402082704,20052
107,193,20651,300,420337551,3,7,-2942362856,2942362857,420337551,402082704,20052
107,193,20651,300,420337551,5,21,-8827088570,8827088571,420337551,402082704,20052
107,193,20651,300,420337551,7,43,-18074514692,18074514693,420337551,402082704,20052
107,197,21079,304,437987259,0,1,-437987258,437987259,437987259,419102784,20472
107,197,21079,304,437987259,1,1,-437987258,437987259,437987259,419102784,20472
107,197,21079,304,437987259,2,3,-1313961776,1313961777,437987259,419102784,20472
107,197,21079,304,437987259,3,7,-3065910812,3065910813,437987259,419102784,20472
107,197,21079,304,437987259,5,21,-9197732438,9197732439,437987259,419102784,20472
107,197,21079,304,437987259,7,43,-18833452136,18833452137,437987259,419102784,20472
107,199,21293,306,446948229,0,1,-446948228,446948229,446948229,427745124,20682
107,199,21293,306,446948229,1,1,-446948228,446948229,446948229,427745124,20682
107,199,21293,306,446948229,2,3,-1340844686,1340844687,446948229,427745124,20682
107,199,21293,306,446948229,3,7,-3128637602,3128637603,446948229,427745124,20682
107,199,21293,306,446948229,5,21,-9385912808,9385912809,446948229,427745124,20682
107,199,21293,306,446948229,7,43,-19218773846,19218773847,446948229,427745124,20682
107,211,22577,318,502619673,0,1,-502619672,502619673,502619673,481451364,21942
107,211,22577,318,502619673,1,1,-502619672,502619673,502619673,481451364,21942
107,211,22577,318,502619673,2,3,-1507859018,1507859019,502619673,481451364,21942
107,211,22577,318,502619673,3,7,-3518337710,3518337711,502619673,481451364,21942
107,211,22577,318,502619673,5,21,-10555013132,10555013133,502619673,481451364,21942
107,211,22577,318,502619673,7,43,-21612645938,21612645939,502619673,481451364,21942
107,223,23861,330,561557901,0,1,-561557900,561557901,561557901,538332804,23202
107,223,23861,330,561557901,1,1,-561557900,561557901,561557901,538332804,23202
107,223,23861,330,561557901,2,3,-1684673702,1684673703,561557901,538332804,23202
107,223,23861,330,561557901,3,7,-3930905306,3930905307,561557901,538332804,23202
107,223,23861,330,561557901,5,21,-11792715920,11792715921,561557901,538332804,23202
107,223,23861,330,561557901,7,43,-24146989742,24146989743,561557901,538332804,23202
107,227,24289,334,581929929,0,1,-581929928,581929929,581929929,557998884,23622
107,227,24289,334,581929929,1,1,-581929928,581929929,581929929,557998884,23622
107,227,24289,334,581929929,2,3,-1745789786,1745789787,581929929,557998884,23622
107,227,24289,334,581929929,3,7,-4073509502,4073509503,581929929,557998884,23622
107,227,24289,334,581929929,5,21,-12220528508,12220528509,581929929,557998884,23622
107,227,24289,334,581929929,7,43,-25022986946,25022986947,581929929,557998884,23622
107,229,24503,336,592252059,0,1,-592252058,592252059,592252059,567964224,23832
107,229,24503,336,592252059,1,1,-592252058,592252059,592252059,567964224,23832
107,229,24503,336,592252059,2,3,-1776756176,1776756177,592252059,567964224,23832
107,229,24503,336,592252059,3,7,-4145764412,4145764413,592252059,567964224,23832
107,229,24503,336,592252059,5,21,-12437293238,12437293239,592252059,567964224,23832
107,229,24503,336,592252059,7,43,-25466838536,25466838537,592252059,567964224,23832
107,233,24931,340,613168551,0,1,-613168550,613168551,613168551,588159504,24252
107,233,24931,340,613168551,1,1,-613168550,613168551,613168551,588159504,24252
107,233,24931,340,613168551,2,3,-1839505652,1839505653,613168551,588159504,24252
107,233,24931,340,613168551,3,7,-4292179856,4292179857,613168551,588159504,24252
107,233,24931,340,613168551,5,21,-12876539570,12876539571,613168551,588159504,24252
107,233,24931,340,613168551,7,43,-26366247692,26366247693,613168551,588159504,24252
107,239,25573,346,645223869,0,1,-645223868,645223869,645223869,619113924,24882
107,239,25573,346,645223869,1,1,-645223868,645223869,645223869,619113924,24882
107,239,25573,346,645223869,2,3,-1935671606,1935671607,645223869,619113924,24882
107,239,25573,346,645223869,3,7,-4516567082,4516567083,645223869,619113924,24882
107,239,25573,346,645223869,5,21,-13549701248,13549701249,645223869,619113924,24882
107,239,25573,346,645223869,7,43,-27744626366,27744626367,645223869,619113924,24882
107,241,25787,348,656090463,0,1,-656090462,656090463,656090463,629608464,25092
107,241,25787,348,656090463,1,1,-656090462,656090463,656090463,629608464,25092
107,241,25787,348,656090463,2,3,-1968271388,1968271389,656090463,629608464,25092
107,241,25787,348,656090463,3,7,-4592633240,4592633241,656090463,629608464,25092
107,241,25787,348,656090463,5,21,-13777899722,13777899723,656090463,629608464,25092
107,241,25787,348,656090463,7,43,-28211889908,28211889909,656090463,629608464,25092
107,251,26857,358,711784593,0,1,-711784592,711784593,711784593,683404164,26142
107,251,26857,358,711784593,1,1,-711784592,711784593,711784593,683404164,26142
107,251,26857,358,711784593,2,3,-2135353778,2135353779,711784593,683404164,26142
107,251,26857,358,711784593,3,7,-4982492150,4982492151,711784593,683404164,26142
107,251,26857,358,711784593,5,21,-14947476452,14947476453,711784593,683404164,26142
107,251,26857,358,711784593,7,43,-30606737498,30606737499,711784593,683404164,26142
107,257,27499,364,746289999,0,1,-746289998,746289999,746289999,716739984,26772
107,257,27499,364,746289999,1,1,-746289998,746289999,746289999,716739984,26772
107,257,27499,364,746289999,2,3,-2238869996,2238869997,746289999,716739984,26772
107,257,27499,364,746289999,3,7,-5224029992,5224029993,746289999,716739984,26772
107,257,27499,364,746289999,5,21,-15672089978,15672089979,746289999,716739984,26772
107,257,27499,364,746289999,7,43,-32090469956,32090469957,746289999,716739984,26772
107,263,28141,370,781612101,0,1,-781612100,781612101,781612101,750869604,27402
107,263,28141,370,781612101,1,1,-781612100,781612101,781612101,750869604,27402
107,263,28141,370,781612101,2,3,-2344836302,2344836303,781612101,750869604,27402
107,263,28141,370,781612101,3,7,-5471284706,5471284707,781612101,750869604,27402
107,263,28141,370,781612101,5,21,-16413854120,16413854121,781612101,750869604,27402
107,263,28141,370,781612101,7,43,-33609320342,33609320343,781612101,750869604,27402
107,269,28783,376,817750899,0,1,-817750898,817750899,817750899,785793024,28032
107,269,28783,376,817750899,1,1,-817750898,817750899,817750899,785793024,28032
107,269,28783,376,817750899,2,3,-2453252696,2453252697,817750899,785793024,28032
107,269,28783,376,817750899,3,7,-5724256292,5724256293,817750899,785793024,28032
107,269,28783,376,817750899,5,21,-17172768878,17172768879,817750899,785793024,28032
107,269,28783,376,817750899,7,43,-35163288656,35163288657,817750899,785793024,28032
107,271,28997,378,829978653,0,1,-829978652,829978653,829978653,797610564,28242
107,271,28997,378,829978653,1,1,-829978652,829978653,829978653,797610564,28242
107,271,28997,378,829978653,2,3,-2489935958,2489935959,829978653,797610564,28242
107,271,28997,378,829978653,3,7,-5809850570,5809850571,829978653,797610564,28242
107,271,28997,378,829978653,5,21,-17429551712,17429551713,829978653,797610564,28242
107,271,28997,378,829978653,7,43,-35689082078,35689082079,829978653,797610564,28242
107,277,29639,384,867206379,0,1,-867206378,867206379,867206379,833592384,28872
107,277,29639,384,867206379,1,1,-867206378,867206379,867206379,833592384,28872
107,277,29639,384,867206379,2,3,-2601619136,2601619137,867206379,833592384,28872
107,277,29639,384,867206379,3,7,-6070444652,6070444653,867206379,833592384,28872
107,277,29639,384,867206379,5,21,-18211333958,18211333959,867206379,833592384,28872
107,277,29639,384,867206379,7,43,-37289874296,37289874297,867206379,833592384,28872
107,281,30067,388,892478583,0,1,-892478582,892478583,892478583,858021264,29292
107,281,30067,388,892478583,1,1,-892478582,892478583,892478583,858021264,29292
107,281,30067,388,892478583,2,3,-2677435748,2677435749,892478583,858021264,29292
107,281,30067,388,892478583,3,7,-6247350080,6247350081,892478583,858021264,29292
107,281,30067,388,892478583,5,21,-18742050242,18742050243,892478583,858021264,29292
107,281,30067,388,892478583,7,43,-38376579068,38376579069,892478583,858021264,29292
107,283,30281,390,905250801,0,1,-905250800,905250801,905250801,870368004,29502
107,283,30281,390,905250801,1,1,-905250800,905250801,905250801,870368004,29502
107,283,30281,390,905250801,2,3,-2715752402,2715752403,905250801,870368004,29502
107,283,30281,390,905250801,3,7,-6336755606,6336755607,905250801,870368004,29502
107,283,30281,390,905250801,5,21,-19010266820,19010266821,905250801,870368004,29502
107,283,30281,390,905250801,7,43,-38925784442,38925784443,905250801,870368004,29502
107,293,31351,400,970473051,0,1,-970473050,970473051,970473051,933424704,30552
107,293,31351,400,970473051,1,1,-970473050,970473051,970473051,933424704,30552
107,293,31351,400,970473051,2,3,-2911419152,2911419153,970473051,933424704,30552
107,293,31351,400,970473051,3,7,-6793311356,6793311357,970473051,933424704,30552
107,293,31351,400,970473051,5,21,-20379934070,20379934071,970473051,933424704,30552
107,293,31351,400,970473051,7,43,-41730341192,41730341193,970473051,933424704,30552
109,113,12317,222,149010861,0,1,-149010860,149010861,149010861,140991876,11874
109,113,12317,222,149010861,1,1,-149010860,149010861,149010861,140991876,11874
109,113,12317,222,149010861,2,3,-447032582,447032583,149010861,140991876,11874
109,113,12317,222,149010861,3,7,-1043076026,1043076027,149010861,140991876,11874
109,113,12317,222,149010861,5,21,-3129228080,3129228081,149010861,140991876,11874
109,113,12317,222,149010861,7,43,-6407467022,6407467023,149010861,140991876,11874
109,127,13843,236,188403319,0,1,-188403318,188403319,188403319,178810384,13372
109,127,13843,236,188403319,1,1,-188403318,188403319,188403319,178810384,13372
109,127,13843,236,188403319,2,3,-565209956,565209957,188403319,178810384,13372
109,127,13843,236,188403319,3,7,-1318823232,1318823233,188403319,178810384,13372
109,127,13843,236,188403319,5,21,-3956469698,3956469699,188403319,178810384,13372
109,127,13843,236,188403319,7,43,-8101342716,8101342717,188403319,178810384,13372
109,131,14279,240,200505963,0,1,-200505962,200505963,200505963,190440000,13800
109,131,14279,240,200505963,1,1,-200505962,200505963,200505963,190440000,13800
109,131,14279,240,200505963,2,3,-601517888,601517889,200505963,190440000,13800
109,131,14279,240,200505963,3,7,-1403541740,1403541741,200505963,190440000,13800
109,131,14279,240,200505963,5,21,-4210625222,4210625223,200505963,190440000,13800
109,131,14279,240,200505963,7,43,-8621756408,8621756409,200505963,190440000,13800
109,137,14933,246,219366309,0,1,-219366308,219366309,219366309,208571364,14442
109,137,14933,246,219366309,1,1,-219366308,219366309,219366309,208571364,14442
109,137,14933,246,219366309,2,3,-658098926,658098927,219366309,208571364,14442
109,137,14933,246,219366309,3,7,-1535564162,1535564163,219366309,208571364,14442
109,137,14933,246,219366309,5,21,-4606692488,4606692489,219366309,208571364,14442
109,137,14933,246,219366309,7,43,-9432751286,9432751287,219366309,208571364,14442
109,139,15151,248,225841459,0,1,-225841458,225841459,225841459,214798336,14656
109,139,15151,248,225841459,1,1,-225841458,225841459,225841459,214798336,14656
109,139,15151,248,225841459,2,3,-677524376,677524377,225841459,214798336,14656
109,139,15151,248,225841459,3,7,-1580890212,1580890213,225841459,214798336,14656
109,139,15151,248,225841459,5,21,-4742670638,4742670639,225841459,214798336,14656
109,139,15151,248,225841459,7,43,-9711182736,9711182737,225841459,214798336,14656
109,149,16241,258,259629969,0,1,-259629968,259629969,259629969,247307076,15726
109,149,16241,258,259629969,1,1,-259629968,259629969,259629969,247307076,15726
109,149,16241,258,259629969,2,3,-778889906,778889907,259629969,247307076,15726
109,149,16241,258,259629969,3,7,-1817409782,1817409783,259629969,247307076,15726
109,149,16241,258,259629969,5,21,-5452229348,5452229349,259629969,247307076,15726
109,149,16241,258,259629969,7,43,-11164088666,11164088667,259629969,247307076,15726
109,151,16459,260,266670223,0,1,-266670222,266670223,266670223,254083600,15940
109,151,16459,260,266670223,1,1,-266670222,266670223,266670223,254083600,15940
109,151,16459,260,266670223,2,3,-800010668,800010669,266670223,254083600,15940
109,151,16459,260,266670223,3,7,-1866691560,1866691561,266670223,254083600,15940
109,151,16459,260,266670223,5,21,-5600074682,5600074683,266670223,254083600,15940
109,151,16459,260,266670223,7,43,-11466819588,11466819589,266670223,254083600,15940
109,157,17113,266,288356089,0,1,-288356088,288356089,288356089,274962724,16582
109,157,17113,266,288356089,1,1,-288356088,288356089,288356089,274962724,16582
109,157,17113,266,288356089,2,3,-865068266,865068267,288356089,274962724,16582
109,157,17113,266,288356089,3,7,-2018492622,2018492623,288356089,274962724,16582
109,157,17113,266,288356089,5,21,-6055477868,6055477869,288356089,274962724,16582
109,157,17113,266,288356089,7,43,-12399311826,12399311827,288356089,274962724,16582
109,163,17767,272,310889611,0,1,-310889610,310889611,310889611,296666176,17224
109,163,17767,272,310889611,1,1,-310889610,310889611,310889611,296666176,17224
109,163,17767,272,310889611,2,3,-932668832,932668833,310889611,296666176,17224
109,163,17767,272,310889611,3,7,-2176227276,2176227277,310889611,296666176,17224
109,163,17767,272,310889611,5,21,-6528681830,6528681831,310889611,296666176,17224
109,163,17767,272,310889611,7,43,-13368253272,13368253273,310889611,296666176,17224
109,167,18203,276,326382879,0,1,-326382878,326382879,326382879,311593104,17652
109,167,18203,276,326382879,1,1,-326382878,326382879,326382879,311593104,17652
109,167,18203,276,326382879,2,3,-979148636,979148637,326382879,311593104,17652
109,167,18203,276,326382879,3,7,-2284680152,2284680153,326382879,311593104,17652
109,167,18203,276,326382879,5,21,-6854040458,6854040459,326382879,311593104,17652
109,167,18203,276,326382879,7,43,-14034463796,14034463797,326382879,311593104,17652
109,173,18857,282,350329161,0,1,-350329160,350329161,350329161,334670436,18294
109,173,18857,282,350329161,1,1,-350329160,350329161,350329161,334670436,18294
109,173,18857,282,350329161,2,3,-1050987482,1050987483,350329161,334670436,18294
109,173,18857,282,350329161,3,7,-2452304126,2452304127,350329161,334670436,18294
109,173,18857,282,350329161,5,21,-7356912380,7356912381,350329161,334670436,18294
109,173,18857,282,350329161,7,43,-15064153922,15064153923,350329161,334670436,18294
109,179,19511,288,375123099,0,1,-375123098,375123099,375123099,358572096,18936
109,179,19511,288,375123099,1,1,-375123098,375123099,375123099,358572096,18936
109,179,19511,288,375123099,2,3,-1125369296,1125369297,375123099,358572096,18936
109,179,19511,288,375123099,3,7,-2625861692,2625861693,375123099,358572096,18936
109,179,19511,288,375123099,5,21,-7877585078,7877585079,375123099,358572096,18936
109,179,19511,288,375123099,7,43,-16130293256,16130293257,375123099,358572096,18936
109,181,19729,290,383576113,0,1,-383576112,383576113,383576113,366722500,19150
109,181,19729,290,383576113,1,1,-383576112,383576113,383576113,366722500,19150
109,181,19729,290,383576113,2,3,-1150728338,1150728339,383576113,366722500,19150
109,181,19729,290,383576113,3,7,-2685032790,2685032791,383576113,366722500,19150
109,181,19729,290,383576113,5,21,-8055098372,8055098373,383576113,366722500,19150
109,181,19729,290,383576113,7,43,-16493772858,16493772859,383576113,366722500,19150
109,191,20819,300,427253943,0,1,-427253942,427253943,427253943,408848400,20220
109,191,20819,300,427253943,1,1,-427253942,427253943,427253943,408848400,20220
109,191,20819,300,427253943,2,3,-1281761828,1281761829,427253943,408848400,20220
109,191,20819,300,427253943,3,7,-2990777600,2990777601,427253943,408848400,20220
109,191,20819,300,427253943,5,21,-8972332802,8972332803,427253943,408848400,20220
109,191,20819,300,427253943,7,43,-18371919548,18371919549,427253943,408848400,20220
109,193,21037,302,436272061,0,1,-436272060,436272061,436272061,417548356,20434
109,193,21037,302,436272061,1,1,-436272060,436272061,436272061,417548356,20434
109,193,21037,302,436272061,2,3,-1308816182,1308816183,436272061,417548356,20434
109,193,21037,302,436272061,3,7,-3053904426,3053904427,436272061,417548356,20434
109,193,21037,302,436272061,5,21,-9161713280,9161713281,436272061,417548356,20434
109,193,21037,302,436272061,7,43,-18759698622,18759698623,436272061,417548356,20434
109,197,21473,306,454590849,0,1,-454590848,454590849,454590849,435223044,20862
109,197,21473,306,454590849,1,1,-454590848,454590849,454590849,435223044,20862
109,197,21473,306,454590849,2,3,-1363772546,1363772547,454590849,435223044,20862
109,197,21473,306,454590849,3,7,-3182135942,3182135943,454590849,435223044,20862
109,197,21473,306,454590849,5,21,-9546407828,9546407829,454590849,435223044,20862
109,197,21473,306,454590849,7,43,-19547406506,19547406507,454590849,435223044,20862
109,199,21691,308,463891519,0,1,-463891518,463891519,463891519,444197776,21076
109,199,21691,308,463891519,1,1,-463891518,463891519,463891519,444197776,21076
109,199,21691,308,463891519,2,3,-1391674556,1391674557,463891519,444197776,21076
109,199,21691,308,463891519,3,7,-3247240632,3247240633,463891519,444197776,21076
109,199,21691,308,463891519,5,21,-9741721898,9741721899,463891519,444197776,21076
109,199,21691,308,463891519,7,43,-19947335316,19947335317,463891519,444197776,21076
109,211,22999,320,521673403,0,1,-521673402,521673403,521673403,499969600,22360
109,211,22999,320,521673403,1,1,-521673402,521673403,521673403,499969600,22360
109,211,22999,320,521673403,2,3,-1565020208,1565020209,521673403,499969600,22360
109,211,22999,320,521673403,3,7,-3651713820,3651713821,521673403,499969600,22360
109,211,22999,320,521673403,5,21,-10955141462,10955141463,521673403,499969600,22360
109,211,22999,320,521673403,7,43,-22431956328,22431956329,521673403,499969600,22360
109,223,24307,332,582845911,0,1,-582845910,582845911,582845911,559038736,23644
109,223,24307,332,582845911,1,1,-582845910,582845911,582845911,559038736,23644
109,223,24307,332,582845911,2,3,-1748537732,1748537733,582845911,559038736,23644
109,223,24307,332,582845911,3,7,-4079921376,4079921377,582845911,559038736,23644
109,223,24307,332,582845911,5,21,-12239764130,12239764131,582845911,559038736,23644
109,223,24307,332,582845911,7,43,-25062374172,25062374173,582845911,559038736,23644
109,227,24743,336,603990219,0,1,-603990218,603990219,603990219,579461184,24072
109,227,24743,336,603990219,1,1,-603990218,603990219,603990219,579461184,24072
109,227,24743,336,603990219,2,3,-1811970656,1811970657,603990219,579461184,24072
109,227,24743,336,603990219,3,7,-4227931532,4227931533,603990219,579461184,24072
109,227,24743,336,603990219,5,21,-12683794598,12683794599,603990219,579461184,24072
109,227,24743,336,603990219,7,43,-25971579416,25971579417,603990219,579461184,24072
109,229,24961,338,614703649,0,1,-614703648,614703649,614703649,589809796,24286
109,229,24961,338,614703649,1,1,-614703648,614703649,614703649,589809796,24286
109,229,24961,338,614703649,2,3,-1844110946,1844110947,614703649,589809796,24286
109,229,24961,338,614703649,3,7,-4302925542,4302925543,614703649,589809796,24286
109,229,24961,338,614703649,5,21,-12908776628,12908776629,614703649,589809796,24286
109,229,24961,338,614703649,7,43,-26432256906,26432256907,614703649,589809796,24286
109,233,25397,342,636413061,0,1,-636413060,636413061,636413061,610781796,24714
109,233,25397,342,636413061,1,1,-636413060,636413061,636413061,610781796,24714
109,233,25397,342,636413061,2,3,-1909239182,1909239183,636413061,610781796,24714
109,233,25397,342,636413061,3,7,-4454891426,4454891427,636413061,610781796,24714
109,233,25397,342,636413061,5,21,-13364674280,13364674281,636413061,610781796,24714
109,233,25397,342,636413061,7,43,-27365761622,27365761623,636413061,610781796,24714
109,239,26051,348,669683559,0,1,-669683558,669683559,669683559,642926736,25356
109,239,26051,348,669683559,1,1,-669683558,669683559,669683559,642926736,25356
109,239,26051,348,669683559,2,3,-2009050676,2009050677,669683559,642926736,25356
109,239,26051,348,669683559,3,7,-4687784912,4687784913,669683559,642926736,25356
109,239,26051,348,669683559,5,21,-14063354738,14063354739,669683559,642926736,25356
109,239,26051,348,669683559,7,43,-28796393036,28796393037,669683559,642926736,25356
109,241,26269,350,680962093,0,1,-680962092,680962093,680962093,653824900,25570
109,241,26269,350,680962093,1,1,-680962092,680962093,680962093,653824900,25570
109,241,26269,350,680962093,2,3,-2042886278,2042886279,680962093,653824900,25570
109,241,26269,350,680962093,3,7,-4766734650,4766734651,680962093,653824900,25570
109,241,26269,350,680962093,5,21,-14300203952,14300203953,680962093,653824900,25570
109,241,26269,350,680962093,7,43,-29281369998,29281369999,680962093,653824900,25570
109,251,27359,360,738767523,0,1,-738767522,738767523,738767523,709689600,26640
109,251,27359,360,738767523,1,1,-738767522,738767523,738767523,709689600,26640
109,251,27359,360,738767523,2,3,-2216302568,2216302569,738767523,709689600,26640
109,251,27359,360,738767523,3,7,-5171372660,5171372661,738767523,709689600,26640
109,251,27359,360,738767523,5,21,-15514117982,15514117983,738767523,709689600,26640
109,251,27359,360,738767523,7,43,-31767003488,31767003489,738767523,709689600,26640
109,257,28013,366,774580989,0,1,-774580988,774580989,774580989,744307524,27282
109,257,28013,366,774580989,1,1,-774580988,774580989,774580989,744307524,27282
109,257,28013,366,774580989,2,3,-2323742966,2323742967,774580989,744307524,27282
109,257,28013,366,774580989,3,7,-5422066922,5422066923,774580989,744307524,27282
109,257,28013,366,774580989,5,21,-16266200768,16266200769,774580989,744307524,27282
109,257,28013,366,774580989,7,43,-33306982526,33306982527,774580989,744307524,27282
109,263,28667,372,811242111,0,1,-811242110,811242111,811242111,779749776,27924
109,263,28667,372,811242111,1,1,-811242110,811242111,811242111,779749776,27924
109,263,28667,372,811242111,2,3,-2433726332,2433726333,811242111,779749776,27924
109,263,28667,372,811242111,3,7,-5678694776,5678694777,811242111,779749776,27924
109,263,28667,372,811242111,5,21,-17036084330,17036084331,811242111,779749776,27924
109,263,28667,372,811242111,7,43,-34883410772,34883410773,811242111,779749776,27924
109,269,29321,378,848750889,0,1,-848750888,848750889,848750889,816016356,28566
109,269,29321,378,848750889,1,1,-848750888,848750889,848750889,816016356,28566
109,269,29321,378,848750889,2,3,-2546252666,2546252667,848750889,816016356,28566
109,269,29321,378,848750889,3,7,-5941256222,5941256223,848750889,816016356,28566
109,269,29321,378,848750889,5,21,-17823768668,17823768669,848750889,816016356,28566
109,269,29321,378,848750889,7,43,-36496288226,36496288227,848750889,816016356,28566
109,271,29539,380,861442183,0,1,-861442182,861442183,861442183,828288400,28780
109,271,29539,380,861442183,1,1,-861442182,861442183,861442183,828288400,28780
109,271,29539,380,861442183,2,3,-2584326548,2584326549,861442183,828288400,28780
109,271,29539,380,861442183,3,7,-6030095280,6030095281,861442183,828288400,28780
109,271,29539,380,861442183,5,21,-18090285842,18090285843,861442183,828288400,28780
109,271,29539,380,861442183,7,43,-37042013868,37042013869,861442183,828288400,28780
109,277,30193,386,900081169,0,1,-900081168,900081169,900081169,865654084,29422
109,277,30193,386,900081169,1,1,-900081168,900081169,900081169,865654084,29422
109,277,30193,386,900081169,2,3,-2700243506,2700243507,900081169,865654084,29422
109,277,30193,386,900081169,3,7,-6300568182,6300568183,900081169,865654084,29422
109,277,30193,386,900081169,5,21,-18901704548,18901704549,900081169,865654084,29422
109,277,30193,386,900081169,7,43,-38703490266,38703490267,900081169,865654084,29422
109,281,30629,390,926311413,0,1,-926311412,926311413,926311413,891022500,29850
109,281,30629,390,926311413,1,1,-926311412,926311413,926311413,891022500,29850
109,281,30629,390,926311413,2,3,-2778934238,2778934239,926311413,891022500,29850
109,281,30629,390,926311413,3,7,-6484179890,6484179891,926311413,891022500,29850
109,281,30629,390,926311413,5,21,-19452539672,19452539673,926311413,891022500,29850
109,281,30629,390,926311413,7,43,-39831390758,39831390759,926311413,891022500,29850
109,283,30847,392,939567811,0,1,-939567810,939567811,939567811,903844096,30064
109,283,30847,392,939567811,1,1,-939567810,939567811,939567811,903844096,30064
109,283,30847,392,939567811,2,3,-2818703432,2818703433,939567811,903844096,30064
109,283,30847,392,939567811,3,7,-6576974676,6576974677,939567811,903844096,30064
109,283,30847,392,939567811,5,21,-19730924030,19730924031,939567811,903844096,30064
109,283,30847,392,939567811,7,43,-40401415872,40401415873,939567811,903844096,30064
109,293,31937,402,1007262561,0,1,-1007262560,1007262561,1007262561,969325956,31134
109,293,31937,402,1007262561,1,1,-1007262560,1007262561,1007262561,969325956,31134
109,293,31937,402,1007262561,2,3,-3021787682,3021787683,1007262561,969325956,31134
109,293,31937,402,1007262561,3,7,-7050837926,7050837927,1007262561,969325956,31134
109,293,31937,402,1007262561,5,21,-21152513780,21152513781,1007262561,969325956,31134
109,293,31937,402,1007262561,7,43,-43312290122,43312290123,1007262561,969325956,31134
113,127,14351,240,202549971,0,1,-202549970,202549971,202549971,192432384,13872
113,127,14351,240,202549971,1,1,-202549970,202549971,202549971,192432384,13872
113,127,14351,240,202549971,2,3,-607649912,607649913,202549971,192432384,13872
113,127,14351,240,202549971,3,7,-1417849796,1417849797,202549971,192432384,13872
113,127,14351,240,202549971,5,21,-4253549390,4253549391,202549971,192432384,13872
113,127,14351,240,202549971,7,43,-8709648752,8709648753,202549971,192432384,13872
113,131,14803,244,215561367,0,1,-215561366,215561367,215561367,204947856,14316
113,131,14803,244,215561367,1,1,-215561366,215561367,215561367,204947856,14316
113,131,14803,244,215561367,2,3,-646684100,646684101,215561367,204947856,14316
113,131,14803,244,215561367,3,7,-1508929568,1508929569,215561367,204947856,14316
113,131,14803,244,215561367,5,21,-4526788706,4526788707,215561367,204947856,14316
113,131,14803,244,215561367,7,43,-9269138780,9269138781,215561367,204947856,14316
113,137,15481,250,235837881,0,1,-235837880,235837881,235837881,224460324,14982
113,137,15481,250,235837881,1,1,-235837880,235837881,235837881,224460324,14982
113,137,15481,250,235837881,2,3,-707513642,707513643,235837881,224460324,14982
113,137,15481,250,235837881,3,7,-1650865166,1650865167,235837881,224460324,14982
113,137,15481,250,235837881,5,21,-4952595500,4952595501,235837881,224460324,14982
113,137,15481,250,235837881,7,43,-10141028882,10141028883,235837881,224460324,14982
113,139,15707,252,242799231,0,1,-242799230,242799231,242799231,231161616,15204
113,139,15707,252,242799231,1,1,-242799230,242799231,242799231,231161616,15204
113,139,15707,252,242799231,2,3,-728397692,728397693,242799231,231161616,15204
113,139,15707,252,242799231,3,7,-1699594616,1699594617,242799231,231161616,15204
113,139,15707,252,242799231,5,21,-5098783850,5098783851,242799231,231161616,15204
113,139,15707,252,242799231,7,43,-10440366932,10440366933,242799231,231161616,15204
113,149,16837,262,279124821,0,1,-279124820,279124821,279124821,266146596,16314
113,149,16837,262,279124821,1,1,-279124820,279124821,279124821,266146596,16314
113,149,16837,262,279124821,2,3,-837374462,837374463,279124821,266146596,16314
113,149,16837,262,279124821,3,7,-1953873746,1953873747,279124821,266146596,16314
113,149,16837,262,279124821,5,21,-5861621240,5861621241,279124821,266146596,16314
113,149,16837,262,279124821,7,43,-12002367302,12002367303,279124821,266146596,16314
113,151,17063,264,286693707,0,1,-286693706,286693707,286693707,273439296,16536
113,151,17063,264,286693707,1,1,-286693706,286693707,286693707,273439296,16536
113,151,17063,264,286693707,2,3,-860081120,860081121,286693707,273439296,16536
113,151,17063,264,286693707,3,7,-2006855948,2006855949,286693707,273439296,16536
113,151,17063,264,286693707,5,21,-6020567846,6020567847,286693707,273439296,16536
113,151,17063,264,286693707,7,43,-12327829400,12327829401,286693707,273439296,16536
113,157,17741,270,310007901,0,1,-310007900,310007901,310007901,295908804,17202
113,157,17741,270,310007901,1,1,-310007900,310007901,310007901,295908804,17202
113,157,17741,270,310007901,2,3,-930023702,930023703,310007901,295908804,17202
113,157,17741,270,310007901,3,7,-2170055306,2170055307,310007901,295908804,17202
113,157,17741,270,310007901,5,21,-6510165920,6510165921,310007901,295908804,17202
113,157,17741,270,310007901,7,43,-13330339742,13330339743,310007901,295908804,17202
113,163,18419,276,334233399,0,1,-334233398,334233399,334233399,319265424,17868
113,163,18419,276,334233399,1,1,-334233398,334233399,334233399,319265424,17868
113,163,18419,276,334233399,2,3,-1002700196,1002700197,334233399,319265424,17868
113,163,18419,276,334233399,3,7,-2339633792,2339633793,334233399,319265424,17868
113,163,18419,276,334233399,5,21,-7018901378,7018901379,334233399,319265424,17868
113,163,18419,276,334233399,7,43,-14372036156,14372036157,334233399,319265424,17868
113,167,18871,280,350890011,0,1,-350890010,350890011,350890011,335329344,18312
113,167,18871,280,350890011,1,1,-350890010,350890011,350890011,335329344,18312
113,167,18871,280,350890011,2,3,-1052670032,1052670033,350890011,335329344,18312
113,167,18871,280,350890011,3,7,-2456230076,2456230077,350890011,335329344,18312
113,167,18871,280,350890011,5,21,-7368690230,7368690231,350890011,335329344,18312
113,167,18871,280,350890011,7,43,-15088270472,15088270473,350890011,335329344,18312
113,173,19549,286,376634349,0,1,-376634348,376634349,376634349,360164484,18978
113,173,19549,286,376634349,1,1,-376634348,376634349,376634349,360164484,18978
113,173,19549,286,376634349,2,3,-1129903046,1129903047,376634349,360164484,18978
113,173,19549,286,376634349,3,7,-2636440442,2636440443,376634349,360164484,18978
113,173,19549,286,376634349,5,21,-7909321328,7909321329,376634349,360164484,18978
113,173,19549,286,376634349,7,43,-16195277006,16195277007,376634349,360164484,18978
113,179,20227,292,403289991,0,1,-403289990,403289991,403289991,385886736,19644
113,179,20227,292,403289991,1,1,-403289990,403289991,403289991,385886736,19644
113,179,20227,292,403289991,2,3,-1209869972,1209869973,403289991,385886736,19644
113,179,20227,292,403289991,3,7,-2823029936,2823029937,403289991,385886736,19644
113,179,20227,292,403289991,5,21,-8469089810,8469089811,403289991,385886736,19644
113,179,20227,292,403289991,7,43,-17341469612,17341469613,403289991,385886736,19644
113,181,20453,294,412377717,0,1,-412377716,412377717,412377717,394657956,19866
113,181,20453,294,412377717,1,1,-412377716,412377717,412377717,394657956,19866
113,181,20453,294,412377717,2,3,-1237133150,1237133151,412377717,394657956,19866
113,181,20453,294,412377717,3,7,-2886644018,2886644019,412377717,394657956,19866
113,181,20453,294,412377717,5,21,-8659932056,8659932057,412377717,394657956,19866
113,181,20453,294,412377717,7,43,-17732241830,17732241831,412377717,394657956,19866
113,191,21583,304,459335187,0,1,-459335186,459335187,459335187,439992576,20976
113,191,21583,304,459335187,1,1,-459335186,459335187,459335187,439992576,20976
113,191,21583,304,459335187,2,3,-1378005560,1378005561,459335187,439992576,20976
113,191,21583,304,459335187,3,7,-3215346308,3215346309,459335187,439992576,20976
113,191,21583,304,459335187,5,21,-9646038926,9646038927,459335187,439992576,20976
113,191,21583,304,459335187,7,43,-19751413040,19751413041,459335187,439992576,20976
113,193,21809,306,469030449,0,1,-469030448,469030449,469030449,449355204,21198
113,193,21809,306,469030449,1,1,-469030448,469030449,469030449,449355204,21198
113,193,21809,306,469030449,2,3,-1407091346,1407091347,469030449,449355204,21198
113,193,21809,306,469030449,3,7,-3283213142,3283213143,469030449,449355204,21198
113,193,21809,306,469030449,5,21,-9849639428,9849639429,469030449,449355204,21198
113,193,21809,306,469030449,7,43,-20168309306,20168309307,469030449,449355204,21198
113,197,22261,310,488724741,0,1,-488724740,488724741,488724741,468376164,21642
113,197,22261,310,488724741,1,1,-488724740,488724741,488724741,468376164,21642
113,197,22261,310,488724741,2,3,-1466174222,1466174223,488724741,468376164,21642
113,197,22261,310,488724741,3,7,-3421073186,3421073187,488724741,468376164,21642
113,197,22261,310,488724741,5,21,-10263219560,10263219561,488724741,468376164,21642
113,197,22261,310,488724741,7,43,-21015163862,21015163863,488724741,468376164,21642
113,199,22487,312,498723771,0,1,-498723770,498723771,498723771,478034496,21864
113,199,22487,312,498723771,1,1,-498723770,498723771,498723771,478034496,21864
113,199,22487,312,498723771,2,3,-1496171312,1496171313,498723771,478034496,21864
113,199,22487,312,498723771,3,7,-3491066396,3491066397,498723771,478034496,21864
113,199,22487,312,498723771,5,21,-10473199190,10473199191,498723771,478034496,21864
113,199,22487,312,498723771,7,43,-21445122152,21445122153,498723771,478034496,21864
113,211,23843,324,560844327,0,1,-560844326,560844327,560844327,538054416,23196
113,211,23843,324,560844327,1,1,-560844326,560844327,560844327,538054416,23196
113,211,23843,324,560844327,2,3,-1682532980,1682532981,560844327,538054416,23196
113,211,23843,324,560844327,3,7,-3925910288,3925910289,560844327,538054416,23196
113,211,23843,324,560844327,5,21,-11777730866,11777730867,560844327,538054416,23196
113,211,23843,324,560844327,7,43,-24116306060,24116306061,560844327,538054416,23196
113,223,25199,336,626610099,0,1,-626610098,626610099,626610099,601622784,24528
113,223,25199,336,626610099,1,1,-626610098,626610099,626610099,601622784,24528
113,223,25199,336,626610099,2,3,-1879830296,1879830297,626610099,601622784,24528
113,223,25199,336,626610099,3,7,-4386270692,4386270693,626610099,601622784,24528
113,223,25199,336,626610099,5,21,-13158812078,13158812079,626610099,601622784,24528
113,223,25199,336,626610099,7,43,-26944234256,26944234257,626610099,601622784,24528
113,227,25651,340,649342071,0,1,-649342070,649342071,649342071,623600784,24972
113,227,25651,340,649342071,1,1,-649342070,649342071,649342071,623600784,24972
113,227,25651,340,649342071,2,3,-1948026212,1948026213,649342071,623600784,24972
113,227,25651,340,649342071,3,7,-4545394496,4545394497,649342071,623600784,24972
113,227,25651,340,649342071,5,21,-13636183490,13636183491,649342071,623600784,24972
113,227,25651,340,649342071,7,43,-27921709052,27921709053,649342071,623600784,24972
113,229,25877,342,660859941,0,1,-660859940,660859941,660859941,634737636,25194
113,229,25877,342,660859941,1,1,-660859940,660859941,660859941,634737636,25194
113,229,25877,342,660859941,2,3,-1982579822,1982579823,660859941,634737636,25194
113,229,25877,342,660859941,3,7,-4626019586,4626019587,660859941,634737636,25194
113,229,25877,342,660859941,5,21,-13878058760,13878058761,660859941,634737636,25194
113,229,25877,342,660859941,7,43,-28416977462,28416977463,660859941,634737636,25194
113,233,26329,346,684199449,0,1,-684199448,684199449,684199449,657307044,25638
113,233,26329,346,684199449,1,1,-684199448,684199449,684199449,657307044,25638
113,233,26329,346,684199449,2,3,-2052598346,2052598347,684199449,657307044,25638
113,233,26329,346,684199449,3,7,-4789396142,4789396143,684199449,657307044,25638
113,233,26329,346,684199449,5,21,-14368188428,14368188429,684199449,657307044,25638
113,233,26329,346,684199449,7,43,-29420576306,29420576307,684199449,657307044,25638
113,239,27007,352,719968131,0,1,-719968130,719968131,719968131,691900416,26304
113,239,27007,352,719968131,1,1,-719968130,719968131,719968131,691900416,26304
113,239,27007,352,719968131,2,3,-2159904392,2159904393,719968131,691900416,26304
113,239,27007,352,719968131,3,7,-5039776916,5039776917,719968131,691900416,26304
113,239,27007,352,719968131,5,21,-15119330750,15119330751,719968131,691900416,26304
113,239,27007,352,719968131,7,43,-30958629632,30958629633,719968131,691900416,26304
113,241,27233,354,732093537,0,1,-732093536,732093537,732093537,703628676,26526
113,241,27233,354,732093537,1,1,-732093536,732093537,732093537,703628676,26526
113,241,27233,354,732093537,2,3,-2196280610,2196280611,732093537,703628676,26526
113,241,27233,354,732093537,3,7,-5124654758,5124654759,732093537,703628676,26526
113,241,27233,354,732093537,5,21,-15373964276,15373964277,732093537,703628676,26526
113,241,27233,354,732093537,7,43,-31480022090,31480022091,732093537,703628676,26526
113,251,28363,364,794239407,0,1,-794239406,794239407,794239407,763748496,27636
113,251,28363,364,794239407,1,1,-794239406,794239407,794239407,763748496,27636
113,251,28363,364,794239407,2,3,-2382718220,2382718221,794239407,763748496,27636
113,251,28363,364,794239407,3,7,-5559675848,5559675849,794239407,763748496,27636
113,251,28363,364,794239407,5,21,-16679027546,16679027547,794239407,763748496,27636
113,251,28363,364,794239407,7,43,-34152294500,34152294501,794239407,763748496,27636
113,257,29041,370,832742001,0,1,-832742000,832742001,832742001,801003204,28302
113,257,29041,370,832742001,1,1,-832742000,832742001,832742001,801003204,28302
113,257,29041,370,832742001,2,3,-2498226002,2498226003,832742001,801003204,28302
113,257,29041,370,832742001,3,7,-5829194006,5829194007,832742001,801003204,28302
113,257,29041,370,832742001,5,21,-17487582020,17487582021,832742001,801003204,28302
113,257,29041,370,832742001,7,43,-35807906042,35807906043,832742001,801003204,28302
113,263,29719,376,872155899,0,1,-872155898,872155899,872155899,839145024,28968
113,263,29719,376,872155899,1,1,-872155898,872155899,872155899,839145024,28968
113,263,29719,376,872155899,2,3,-2616467696,2616467697,872155899,839145024,28968
113,263,29719,376,872155899,3,7,-6105091292,6105091293,872155899,839145024,28968
113,263,29719,376,872155899,5,21,-18315273878,18315273879,872155899,839145024,28968
113,263,29719,376,872155899,7,43,-37502703656,37502703657,872155899,839145024,28968
113,269,30397,382,912481101,0,1,-912481100,912481101,912481101,878173956,29634
113,269,30397,382,912481101,1,1,-912481100,912481101,912481101,878173956,29634
113,269,30397,382,912481101,2,3,-2737443302,2737443303,912481101,878173956,29634
113,269,30397,382,912481101,3,7,-6387367706,6387367707,912481101,878173956,29634
113,269,30397,382,912481101,5,21,-19162103120,19162103121,912481101,878173956,29634
113,269,30397,382,912481101,7,43,-39236687342,39236687343,912481101,878173956,29634
113,271,30623,384,926125347,0,1,-926125346,926125347,926125347,891380736,29856
113,271,30623,384,926125347,1,1,-926125346,926125347,926125347,891380736,29856
113,271,30623,384,926125347,2,3,-2778376040,2778376041,926125347,891380736,29856
113,271,30623,384,926125347,3,7,-6482877428,6482877429,926125347,891380736,29856
113,271,30623,384,926125347,5,21,-19448632286,19448632287,926125347,891380736,29856
113,271,30623,384,926125347,7,43,-39823389920,39823389921,926125347,891380736,29856
113,277,31301,390,967665621,0,1,-967665620,967665621,967665621,931592484,30522
113,277,31301,390,967665621,1,1,-967665620,967665621,967665621,931592484,30522
113,277,31301,390,967665621,2,3,-2902996862,2902996863,967665621,931592484,30522
113,277,31301,390,967665621,3,7,-6773659346,6773659347,967665621,931592484,30522
113,277,31301,390,967665621,5,21,-20320978040,20320978041,967665621,931592484,30522
113,277,31301,390,967665621,7,43,-41609621702,41609621703,967665621,931592484,30522
113,281,31753,394,995865417,0,1,-995865416,995865417,995865417,958893156,30966
113,281,31753,394,995865417,1,1,-995865416,995865417,995865417,958893156,30966
113,281,31753,394,995865417,2,3,-2987596250,2987596251,995865417,958893156,30966
113,281,31753,394,995865417,3,7,-6971057918,6971057919,995865417,958893156,30966
113,281,31753,394,995865417,5,21,-20913173756,20913173757,995865417,958893156,30966
113,281,31753,394,995865417,7,43,-42822212930,42822212931,995865417,958893156,30966
113,283,31979,396,1010117199,0,1,-1010117198,1010117199,1010117199,972691344,31188
113,283,31979,396,1010117199,1,1,-1010117198,1010117199,1010117199,972691344,31188
113,283,31979,396,1010117199,2,3,-3030351596,3030351597,1010117199,972691344,31188
113,283,31979,396,1010117199,3,7,-7070820392,7070820393,1010117199,972691344,31188
113,283,31979,396,1010117199,5,21,-21212461178,21212461179,1010117199,972691344,31188
113,283,31979,396,1010117199,7,43,-43435039556,43435039557,1010117199,972691344,31188
113,293,33109,406,1082894949,0,1,-1082894948,1082894949,1082894949,1043160804,32298
113,293,33109,406,1082894949,1,1,-1082894948,1082894949,1082894949,1043160804,32298
113,293,33109,406,1082894949,2,3,-3248684846,3248684847,1082894949,1043160804,32298
113,293,33109,406,1082894949,3,7,-7580264642,7580264643,1082894949,1043160804,32298
113,293,33109,406,1082894949,5,21,-22740793928,22740793929,1082894949,1043160804,32298
113,293,33109,406,1082894949,7,43,-46564482806,46564482807,1082894949,1043160804,32298
127,131,16637,258,272547093,0,1,-272547092,272547093,272547093,259918884,16122
127,131,16637,258,272547093,1,1,-272547092,272547093,272547093,259918884,16122
127,131,16637,258,272547093,2,3,-817641278,817641279,272547093,259918884,16122
127,131,16637,258,272547093,3,7,-1907829650,1907829651,272547093,259918884,16122
127,131,16637,258,272547093,5,21,-5723488952,5723488953,272547093,259918884,16122
127,131,16637,258,272547093,7,43,-11719524998,11719524999,272547093,259918884,16122
127,137,17399,264,298183899,0,1,-298183898,298183899,298183899,284664384,16872
127,137,17399,264,298183899,1,1,-298183898,298183899,298183899,284664384,16872
127,137,17399,264,298183899,2,3,-894551696,894551697,298183899,284664384,16872
127,137,17399,264,298183899,3,7,-2087287292,2087287293,298183899,284664384,16872
127,137,17399,264,298183899,5,21,-6261861878,6261861879,298183899,284664384,16872
127,137,17399,264,298183899,7,43,-12821907656,12821907657,298183899,284664384,16872
127,139,17653,266,306985549,0,1,-306985548,306985549,306985549,293162884,17122
127,139,17653,266,306985549,1,1,-306985548,306985549,306985549,293162884,17122
127,139,17653,266,306985549,2,3,-920956646,920956647,306985549,293162884,17122
127,139,17653,266,306985549,3,7,-2148898842,2148898843,306985549,293162884,17122
127,139,17653,266,306985549,5,21,-6446696528,6446696529,306985549,293162884,17122
127,139,17653,266,306985549,7,43,-13200378606,13200378607,306985549,293162884,17122
127,149,18923,276,352914159,0,1,-352914158,352914159,352914159,337530384,18372
127,149,18923,276,352914159,1,1,-352914158,352914159,352914159,337530384,18372
127,149,18923,276,352914159,2,3,-1058742476,1058742477,352914159,337530384,18372
127,149,18923,276,352914159,3,7,-2470399112,2470399113,352914159,337530384,18372
127,149,18923,276,352914159,5,21,-7411197338,7411197339,352914159,337530384,18372
127,149,18923,276,352914159,7,43,-15175308836,15175308837,352914159,337530384,18372
127,151,19177,278,362483953,0,1,-362483952,362483953,362483953,346778884,18622
127,151,19177,278,362483953,1,1,-362483952,362483953,362483953,346778884,18622
127,151,19177,278,362483953,2,3,-1087451858,1087451859,362483953,346778884,18622
127,151,19177,278,362483953,3,7,-2537387670,2537387671,362483953,346778884,18622
127,151,19177,278,362483953,5,21,-7612163012,7612163013,362483953,346778884,18622
127,151,19177,278,362483953,7,43,-15586809978,15586809979,362483953,346778884,18622
127,157,19939,284,391961479,0,1,-391961478,391961479,391961479,375274384,19372
127,157,19939,284,391961479,1,1,-391961478,391961479,391961479,375274384,19372
127,157,19939,284,391961479,2,3,-1175884436,1175884437,391961479,375274384,19372
127,157,19939,284,391961479,3,7,-2743730352,2743730353,391961479,375274384,19372
127,157,19939,284,391961479,5,21,-8231191058,8231191059,391961479,375274384,19372
127,157,19939,284,391961479,7,43,-16854343596,16854343597,391961479,375274384,19372
127,163,20701,290,422591221,0,1,-422591220,422591221,422591221,404894884,20122
127,163,20701,290,422591221,1,1,-422591220,422591221,422591221,404894884,20122
127,163,20701,290,422591221,2,3,-1267773662,1267773663,422591221,404894884,20122
127,163,20701,290,422591221,3,7,-2958138546,2958138547,422591221,404894884,20122
127,163,20701,290,422591221,5,21,-8874415640,8874415641,422591221,404894884,20122
127,163,20701,290,422591221,7,43,-18171422502,18171422503,422591221,404894884,20122
127,167,21209,294,443651169,0,1,-443651168,443651169,443651169,425266884,20622
127,167,21209,294,443651169,1,1,-443651168,443651169,443651169,425266884,20622
127,167,21209,294,443651169,2,3,-1330953506,1330953507,443651169,425266884,20622
127,167,21209,294,443651169,3,7,-3105558182,3105558183,443651169,425266884,20622
127,167,21209,294,443651169,5,21,-9316674548,9316674549,443651169,425266884,20622
127,167,21209,294,443651169,7,43,-19077000266,19077000267,443651169,425266884,20622
127,173,21971,300,476201271,0,1,-476201270,476201271,476201271,456762384,21372
127,173,21971,300,476201271,1,1,-476201270,476201271,476201271,456762384,21372
127,173,21971,300,476201271,2,3,-1428603812,1428603813,476201271,456762384,21372
127,173,21971,300,476201271,3,7,-3333408896,3333408897,476201271,456762384,21372
127,173,21971,300,476201271,5,21,-10000226690,10000226691,476201271,456762384,21372
127,173,21971,300,476201271,7,43,-20476654652,20476654653,476201271,456762384,21372
127,179,22733,306,509903589,0,1,-509903588,509903589,509903589,489382884,22122
127,179,22733,306,509903589,1,1,-509903588,509903589,509903589,489382884,22122
127,179,22733,306,509903589,2,3,-1529710766,1529710767,509903589,489382884,22122
127,179,22733,306,509903589,3,7,-3569325122,3569325123,509903589,489382884,22122
127,179,22733,306,509903589,5,21,-10707975368,10707975369,509903589,489382884,22122
127,179,22733,306,509903589,7,43,-21925854326,21925854327,509903589,489382884,22122
127,181,22987,308,521393743,0,1,-521393742,521393743,521393743,500506384,22372
127,181,22987,308,521393743,1,1,-521393742,521393743,521393743,500506384,22372
127,181,22987,308,521393743,2,3,-1564181228,1564181229,521393743,500506384,22372
127,181,22987,308,521393743,3,7,-3649756200,3649756201,521393743,500506384,22372
127,181,22987,308,521393743,5,21,-10949268602,10949268603,521393743,500506384,22372
127,181,22987,308,521393743,7,43,-22419930948,22419930949,521393743,500506384,22372
127,191,24257,318,580764873,0,1,-580764872,580764873,580764873,557998884,23622
127,191,24257,318,580764873,1,1,-580764872,580764873,580764873,557998884,23622
127,191,24257,318,580764873,2,3,-1742294618,1742294619,580764873,557998884,23622
127,191,24257,318,580764873,3,7,-4065354110,4065354111,580764873,557998884,23622
127,191,24257,318,580764873,5,21,-12196062332,12196062333,580764873,557998884,23622
127,191,24257,318,580764873,7,43,-24972889538,24972889539,580764873,557998884,23622
127,193,24511,320,593023171,0,1,-593023170,593023171,593023171,569872384,23872
127,193,24511,320,593023171,1,1,-593023170,593023171,593023171,569872384,23872
127,193,24511,320,593023171,2,3,-1779069512,1779069513,593023171,569872384,23872
127,193,24511,320,593023171,3,7,-4151162196,4151162197,593023171,569872384,23872
127,193,24511,320,593023171,5,21,-12453486590,12453486591,593023171,569872384,23872
127,193,24511,320,593023171,7,43,-25499996352,25499996353,593023171,569872384,23872
127,197,25019,324,617923839,0,1,-617923838,617923839,617923839,593994384,24372
127,197,25019,324,617923839,1,1,-617923838,617923839,617923839,593994384,24372
127,197,25019,324,617923839,2,3,-1853771516,1853771517,617923839,593994384,24372
127,197,25019,324,617923839,3,7,-4325466872,4325466873,617923839,593994384,24372
127,197,25019,324,617923839,5,21,-12976400618,12976400619,617923839,593994384,24372
127,197,25019,324,617923839,7,43,-26570725076,26570725077,617923839,593994384,24372
127,199,25273,326,630566209,0,1,-630566208,630566209,630566209,606242884,24622
127,199,25273,326,630566209,1,1,-630566208,630566209,630566209,606242884,24622
127,199,25273,326,630566209,2,3,-1891698626,1891698627,630566209,606242884,24622
127,199,25273,326,630566209,3,7,-4413963462,4413963463,630566209,606242884,24622
127,199,25273,326,630566209,5,21,-13241890388,13241890389,630566209,606242884,24622
127,199,25273,326,630566209,7,43,-27114346986,27114346987,630566209,606242884,24622
127,211,26797,338,709108933,0,1,-709108932,709108933,709108933,682358884,26122
127,211,26797,338,709108933,1,1,-709108932,709108933,709108933,682358884,26122
127,211,26797,338,709108933,2,3,-2127326798,2127326799,709108933,682358884,26122
127,211,26797,338,709108933,3,7,-4963762530,4963762531,709108933,682358884,26122
127,211,26797,338,709108933,5,21,-14891287592,14891287593,709108933,682358884,26122
127,211,26797,338,709108933,7,43,-30491684118,30491684119,709108933,682358884,26122
127,223,28321,350,792260521,0,1,-792260520,792260521,792260521,762974884,27622
127,223,28321,350,792260521,1,1,-792260520,792260521,792260521,762974884,27622
127,223,28321,350,792260521,2,3,-2376781562,2376781563,792260521,762974884,27622
127,223,28321,350,792260521,3,7,-5545823646,5545823647,792260521,762974884,27622
127,223,28321,350,792260521,5,21,-16637470940,16637470941,792260521,762974884,27622
127,223,28321,350,792260521,7,43,-34067202402,34067202403,792260521,762974884,27622
127,227,28829,354,821001909,0,1,-821001908,821001909,821001909,790846884,28122
127,227,28829,354,821001909,1,1,-821001908,821001909,821001909,790846884,28122
127,227,28829,354,821001909,2,3,-2463005726,2463005727,821001909,790846884,28122
127,227,28829,354,821001909,3,7,-5747013362,5747013363,821001909,790846884,28122
127,227,28829,354,821001909,5,21,-17241040088,17241040089,821001909,790846884,28122
127,227,28829,354,821001909,7,43,-35303082086,35303082087,821001909,790846884,28122
127,229,29083,356,835564639,0,1,-835564638,835564639,835564639,804970384,28372
127,229,29083,356,835564639,1,1,-835564638,835564639,835564639,804970384,28372
127,229,29083,356,835564639,2,3,-2506693916,2506693917,835564639,804970384,28372
127,229,29083,356,835564639,3,7,-5848952472,5848952473,835564639,804970384,28372
127,229,29083,356,835564639,5,21,-17546857418,17546857419,835564639,804970384,28372
127,229,29083,356,835564639,7,43,-35929279476,35929279477,835564639,804970384,28372
127,233,29591,360,865074171,0,1,-865074170,865074171,865074171,833592384,28872
127,233,29591,360,865074171,1,1,-865074170,865074171,865074171,833592384,28872
127,233,29591,360,865074171,2,3,-2595222512,2595222513,865074171,833592384,28872
127,233,29591,360,865074171,3,7,-6055519196,6055519197,865074171,833592384,28872
127,233,29591,360,865074171,5,21,-18166557590,18166557591,865074171,833592384,28872
127,233,29591,360,865074171,7,43,-37198189352,37198189353,865074171,833592384,28872
127,239,30353,366,910298649,0,1,-910298648,910298649,910298649,877462884,29622
127,239,30353,366,910298649,1,1,-910298648,910298649,910298649,877462884,29622
127,239,30353,366,910298649,2,3,-2730895946,2730895947,910298649,877462884,29622
127,239,30353,366,910298649,3,7,-6372090542,6372090543,910298649,877462884,29622
127,239,30353,366,910298649,5,21,-19116271628,19116271629,910298649,877462884,29622
127,239,30353,366,910298649,7,43,-39142841906,39142841907,910298649,877462884,29622
127,241,30607,368,925629523,0,1,-925629522,925629523,925629523,892336384,29872
127,241,30607,368,925629523,1,1,-925629522,925629523,925629523,892336384,29872
127,241,30607,368,925629523,2,3,-2776888568,2776888569,925629523,892336384,29872
127,241,30607,368,925629523,3,7,-6479406660,6479406661,925629523,892336384,29872
127,241,30607,368,925629523,5,21,-19438219982,19438219983,925629523,892336384,29872
127,241,30607,368,925629523,7,43,-39802069488,39802069489,925629523,892336384,29872
127,251,31877,378,1004204253,0,1,-1004204252,1004204253,1004204253,968578884,31122
127,251,31877,378,1004204253,1,1,-1004204252,1004204253,1004204253,968578884,31122
127,251,31877,378,1004204253,2,3,-3012612758,3012612759,1004204253,968578884,31122
127,251,31877,378,1004204253,3,7,-7029429770,7029429771,1004204253,968578884,31122
127,251,31877,378,1004204253,5,21,-21088289312,21088289313,1004204253,968578884,31122
127,251,31877,378,1004204253,7,43,-43180782878,43180782879,1004204253,968578884,31122
127,257,32639,384,1052885379,0,1,-1052885378,1052885379,1052885379,1015824384,31872
127,257,32639,384,1052885379,1,1,-1052885378,1052885379,1052885379,1015824384,31872
127,257,32639,384,1052885379,2,3,-3158656136,3158656137,1052885379,1015824384,31872
127,257,32639,384,1052885379,3,7,-7370197652,7370197653,1052885379,1015824384,31872
127,257,32639,384,1052885379,5,21,-22110592958,22110592959,1052885379,1015824384,31872
127,257,32639,384,1052885379,7,43,-45274071296,45274071297,1052885379,1015824384,31872
127,263,33401,390,1102718721,0,1,-1102718720,1102718721,1102718721,1064194884,32622
127,263,33401,390,1102718721,1,1,-1102718720,1102718721,1102718721,1064194884,32622
127,263,33401,390,1102718721,2,3,-3308156162,3308156163,1102718721,1064194884,32622
127,263,33401,390,1102718721,3,7,-7719031046,7719031047,1102718721,1064194884,32622
127,263,33401,390,1102718721,5,21,-23157093140,23157093141,1102718721,1064194884,32622
127,263,33401,390,1102718721,7,43,-47416905002,47416905003,1102718721,1064194884,32622
127,269,34163,396,1153704279,0,1,-1153704278,1153704279,1153704279,1113690384,33372
127,269,34163,396,1153704279,1,1,-1153704278,1153704279,1153704279,1113690384,33372
127,269,34163,396,1153704279,2,3,-3461112836,3461112837,1153704279,1113690384,33372
127,269,34163,396,1153704279,3,7,-8075929952,8075929953,1153704279,1113690384,33372
127,269,34163,396,1153704279,5,21,-24227789858,24227789859,1153704279,1113690384,33372
127,269,34163,396,1153704279,7,43,-49609283996,49609283997,1153704279,1113690384,33372
127,271,34417,398,1170955513,0,1,-1170955512,1170955513,1170955513,1130438884,33622
127,271,34417,398,1170955513,1,1,-1170955512,1170955513,1170955513,1130438884,33622
127,271,34417,398,1170955513,2,3,-3512866538,3512866539,1170955513,1130438884,33622
127,271,34417,398,1170955513,3,7,-8196688590,8196688591,1170955513,1130438884,33622
127,271,34417,398,1170955513,5,21,-24590065772,24590065773,1170955513,1130438884,33622
127,271,34417,398,1170955513,7,43,-50351087058,50351087059,1170955513,1130438884,33622
127,277,35179,404,1223477359,0,1,-1223477358,1223477359,1223477359,1181434384,34372
127,277,35179,404,1223477359,1,1,-1223477358,1223477359,1223477359,1181434384,34372
127,277,35179,404,1223477359,2,3,-3670432076,3670432077,1223477359,1181434384,34372
127,277,35179,404,1223477359,3,7,-8564341512,8564341513,1223477359,1181434384,34372
127,277,35179,404,1223477359,5,21,-25693024538,25693024539,1223477359,1181434384,34372
127,277,35179,404,1223477359,7,43,-52609526436,52609526437,1223477359,1181434384,34372
127,281,35687,408,1259132043,0,1,-1259132042,1259132043,1259132043,1216056384,34872
127,281,35687,408,1259132043,1,1,-1259132042,1259132043,1259132043,1216056384,34872
127,281,35687,408,1259132043,2,3,-3777396128,3777396129,1259132043,1216056384,34872
127,281,35687,408,1259132043,3,7,-8813924300,8813924301,1259132043,1216056384,34872
127,281,35687,408,1259132043,5,21,-26441772902,26441772903,1259132043,1216056384,34872
127,281,35687,408,1259132043,7,43,-54142677848,54142677849,1259132043,1216056384,34872
127,283,35941,410,1277151421,0,1,-1277151420,1277151421,1277151421,1233554884,35122
127,283,35941,410,1277151421,1,1,-1277151420,1277151421,1277151421,1233554884,35122
127,283,35941,410,1277151421,2,3,-3831454262,3831454263,1277151421,1233554884,35122
127,283,35941,410,1277151421,3,7,-8940059946,8940059947,1277151421,1233554884,35122
127,283,35941,410,1277151421,5,21,-26820179840,26820179841,1277151421,1233554884,35122
127,283,35941,410,1277151421,7,43,-54917511102,54917511103,1277151421,1233554884,35122
127,293,37211,420,1369168671,0,1,-1369168670,1369168671,1369168671,1322922384,36372
127,293,37211,420,1369168671,1,1,-1369168670,1369168671,1369168671,1322922384,36372
127,293,37211,420,1369168671,2,3,-4107506012,4107506013,1369168671,1322922384,36372
127,293,37211,420,1369168671,3,7,-9584180696,9584180697,1369168671,1322922384,36372
127,293,37211,420,1369168671,5,21,-28752542090,28752542091,1369168671,1322922384,36372
127,293,37211,420,1369168671,7,43,-58874252852,58874252853,1369168671,1322922384,36372
131,137,17947,268,317338623,0,1,-317338622,317338623,317338623,303177744,17412
131,137,17947,268,317338623,1,1,-317338622,317338623,317338623,303177744,17412
131,137,17947,268,317338623,2,3,-952015868,952015869,317338623,303177744,17412
131,137,17947,268,317338623,3,7,-2221370360,2221370361,317338623,303177744,17412
131,137,17947,268,317338623,5,21,-6664111082,6664111083,317338623,303177744,17412
131,137,17947,268,317338623,7,43,-13645560788,13645560789,317338623,303177744,17412
131,139,18209,270,326705673,0,1,-326705672,326705673,326705673,312228900,17670
131,139,18209,270,326705673,1,1,-326705672,326705673,326705673,312228900,17670
131,139,18209,270,326705673,2,3,-980117018,980117019,326705673,312228900,17670
131,139,18209,270,326705673,3,7,-2286939710,2286939711,326705673,312228900,17670
131,139,18209,270,326705673,5,21,-6860819132,6860819133,326705673,312228900,17670
131,139,18209,270,326705673,7,43,-14048343938,14048343939,326705673,312228900,17670
131,149,19519,280,375584643,0,1,-375584642,375584643,375584643,359481600,18960
131,149,19519,280,375584643,1,1,-375584642,375584643,375584643,359481600,18960
131,149,19519,280,375584643,2,3,-1126753928,1126753929,375584643,359481600,18960
131,149,19519,280,375584643,3,7,-2629092500,2629092501,375584643,359481600,18960
131,149,19519,280,375584643,5,21,-7887277502,7887277503,375584643,359481600,18960
131,149,19519,280,375584643,7,43,-16150139648,16150139649,375584643,359481600,18960
131,151,19781,282,385769181,0,1,-385769180,385769181,385769181,369331524,19218
131,151,19781,282,385769181,1,1,-385769180,385769181,385769181,369331524,19218
131,151,19781,282,385769181,2,3,-1157307542,1157307543,385769181,369331524,19218
131,151,19781,282,385769181,3,7,-2700384266,2700384267,385769181,369331524,19218
131,151,19781,282,385769181,5,21,-8101152800,8101152801,385769181,369331524,19218
131,151,19781,282,385769181,7,43,-16588074782,16588074783,385769181,369331524,19218
131,157,20567,288,417140283,0,1,-417140282,417140283,417140283,399680064,19992
131,157,20567,288,417140283,1,1,-417140282,417140283,417140283,399680064,19992
131,157,20567,288,417140283,2,3,-1251420848,1251420849,417140283,399680064,19992
131,157,20567,288,417140283,3,7,-2919981980,2919981981,417140283,399680064,19992
131,157,20567,288,417140283,5,21,-8759945942,8759945943,417140283,399680064,19992
131,157,20567,288,417140283,7,43,-17937032168,17937032169,417140283,399680064,19992
131,163,21353,294,449737617,0,1,-449737616,449737617,449737617,431226756,20766
131,163,21353,294,449737617,1,1,-449737616,449737617,449737617,431226756,20766
131,163,21353,294,449737617,2,3,-1349212850,1349212851,449737617,431226756,20766
131,163,21353,294,449737617,3,7,-3148163318,3148163319,449737617,431226756,20766
131,163,21353,294,449737617,5,21,-9444489956,9444489957,449737617,431226756,20766
131,163,21353,294,449737617,7,43,-19338717530,19338717531,449737617,431226756,20766
131,167,21877,298,472150413,0,1,-472150412,472150413,472150413,452923524,21282
131,167,21877,298,472150413,1,1,-472150412,472150413,472150413,452923524,21282
131,167,21877,298,472150413,2,3,-1416451238,1416451239,472150413,452923524,21282
131,167,21877,298,472150413,3,7,-3305052890,3305052891,472150413,452923524,21282
131,167,21877,298,472150413,5,21,-9915158672,9915158673,472150413,452923524,21282
131,167,21877,298,472150413,7,43,-20302467758,20302467759,472150413,452923524,21282
131,173,22663,304,506791467,0,1,-506791466,506791467,506791467,486467136,22056
131,173,22663,304,506791467,1,1,-506791466,506791467,506791467,486467136,22056
131,173,22663,304,506791467,2,3,-1520374400,1520374401,506791467,486467136,22056
131,173,22663,304,506791467,3,7,-3547540268,3547540269,506791467,486467136,22056
131,173,22663,304,506791467,5,21,-10642620806,10642620807,506791467,486467136,22056
131,173,22663,304,506791467,7,43,-21792033080,21792033081,506791467,486467136,22056
131,179,23449,310,542658753,0,1,-542658752,542658753,542658753,521208900,22830
131,179,23449,310,542658753,1,1,-542658752,542658753,542658753,521208900,22830
131,179,23449,310,542658753,2,3,-1627976258,1627976259,542658753,521208900,22830
131,179,23449,310,542658753,3,7,-3798611270,3798611271,542658753,521208900,22830
131,179,23449,310,542658753,5,21,-11395833812,11395833813,542658753,521208900,22830
131,179,23449,310,542658753,7,43,-23334326378,23334326379,542658753,521208900,22830
131,181,23711,312,554887011,0,1,-554887010,554887011,554887011,533055744,23088
131,181,23711,312,554887011,1,1,-554887010,554887011,554887011,533055744,23088
131,181,23711,312,554887011,2,3,-1664661032,1664661033,554887011,533055744,23088
131,181,23711,312,554887011,3,7,-3884209076,3884209077,554887011,533055744,23088
131,181,23711,312,554887011,5,21,-11652627230,11652627231,554887011,533055744,23088
131,181,23711,312,554887011,7,43,-23860141472,23860141473,554887011,533055744,23088
131,191,25021,322,618072021,0,1,-618072020,618072021,618072021,594286884,24378
131,191,25021,322,618072021,1,1,-618072020,618072021,618072021,594286884,24378
131,191,25021,322,618072021,2,3,-1854216062,1854216063,618072021,594286884,24378
131,191,25021,322,618072021,3,7,-4326504146,4326504147,618072021,594286884,24378
131,191,25021,322,618072021,5,21,-12979512440,12979512441,618072021,594286884,24378
131,191,25021,322,618072021,7,43,-26577096902,26577096903,618072021,594286884,24378
131,193,25283,324,631117767,0,1,-631117766,631117767,631117767,606932496,24636
131,193,25283,324,631117767,1,1,-631117766,631117767,631117767,606932496,24636
131,193,25283,324,631117767,2,3,-1893353300,1893353301,631117767,606932496,24636
131,193,25283,324,631117767,3,7,-4417824368,4417824369,631117767,606932496,24636
131,193,25283,324,631117767,5,21,-13253473106,13253473107,631117767,606932496,24636
131,193,25283,324,631117767,7,43,-27138063980,27138063981,631117767,606932496,24636
131,197,25807,328,657618003,0,1,-657618002,657618003,657618003,632623104,25152
131,197,25807,328,657618003,1,1,-657618002,657618003,657618003,632623104,25152
131,197,25807,328,657618003,2,3,-1972854008,1972854009,657618003,632623104,25152
131,197,25807,328,657618003,3,7,-4603326020,4603326021,657618003,632623104,25152
131,197,25807,328,657618003,5,21,-13809978062,13809978063,657618003,632623104,25152
131,197,25807,328,657618003,7,43,-28277574128,28277574129,657618003,632623104,25152
131,199,26069,330,671072493,0,1,-671072492,671072493,671072493,645668100,25410
131,199,26069,330,671072493,1,1,-671072492,671072493,671072493,645668100,25410
131,199,26069,330,671072493,2,3,-2013217478,2013217479,671072493,645668100,25410
131,199,26069,330,671072493,3,7,-4697507450,4697507451,671072493,645668100,25410
131,199,26069,330,671072493,5,21,-14092522352,14092522353,671072493,645668100,25410
131,199,26069,330,671072493,7,43,-28856117198,28856117199,671072493,645668100,25410
131,211,27641,342,754660641,0,1,-754660640,754660641,754660641,726733764,26958
131,211,27641,342,754660641,1,1,-754660640,754660641,754660641,726733764,26958
131,211,27641,342,754660641,2,3,-2263981922,2263981923,754660641,726733764,26958
131,211,27641,342,754660641,3,7,-5282624486,5282624487,754660641,726733764,26958
131,211,27641,342,754660641,5,21,-15847873460,15847873461,754660641,726733764,26958
131,211,27641,342,754660641,7,43,-32450407562,32450407563,754660641,726733764,26958
131,223,29213,354,843153717,0,1,-843153716,843153717,843153717,812592036,28506
131,223,29213,354,843153717,1,1,-843153716,843153717,843153717,812592036,28506
131,223,29213,354,843153717,2,3,-2529461150,2529461151,843153717,812592036,28506
131,223,29213,354,843153717,3,7,-5902076018,5902076019,843153717,812592036,28506
131,223,29213,354,843153717,5,21,-17706228056,17706228057,843153717,812592036,28506
131,223,29213,354,843153717,7,43,-36255609830,36255609831,843153717,812592036,28506
131,227,29737,358,873741393,0,1,-873741392,873741393,873741393,842276484,29022
131,227,29737,358,873741393,1,1,-873741392,873741393,873741393,842276484,29022
131,227,29737,358,873741393,2,3,-2621224178,2621224179,873741393,842276484,29022
131,227,29737,358,873741393,3,7,-6116189750,6116189751,873741393,842276484,29022
131,227,29737,358,873741393,5,21,-18348569252,18348569253,873741393,842276484,29022
131,227,29737,358,873741393,7,43,-37570879898,37570879899,873741393,842276484,29022
131,229,29999,360,889239603,0,1,-889239602,889239603,889239603,857318400,29280
131,229,29999,360,889239603,1,1,-889239602,889239603,889239603,857318400,29280
131,229,29999,360,889239603,2,3,-2667718808,2667718809,889239603,857318400,29280
131,229,29999,360,889239603,3,7,-6224677220,6224677221,889239603,857318400,29280
131,229,29999,360,889239603,5,21,-18674031662,18674031663,889239603,857318400,29280
131,229,29999,360,889239603,7,43,-38237302928,38237302929,889239603,857318400,29280
131,233,30523,364,920644767,0,1,-920644766,920644767,920644767,887801616,29796
131,233,30523,364,920644767,1,1,-920644766,920644767,920644767,887801616,29796
131,233,30523,364,920644767,2,3,-2761934300,2761934301,920644767,887801616,29796
131,233,30523,364,920644767,3,7,-6444513368,6444513369,920644767,887801616,29796
131,233,30523,364,920644767,5,21,-19333540106,19333540107,920644767,887801616,29796
131,233,30523,364,920644767,7,43,-39587724980,39587724981,920644767,887801616,29796
131,239,31309,370,968774373,0,1,-968774372,968774373,968774373,934524900,30570
131,239,31309,370,968774373,1,1,-968774372,968774373,968774373,934524900,30570
131,239,31309,370,968774373,2,3,-2906323118,2906323119,968774373,934524900,30570
131,239,31309,370,968774373,3,7,-6781420610,6781420611,968774373,934524900,30570
131,239,31309,370,968774373,5,21,-20344261832,20344261833,968774373,934524900,30570
131,239,31309,370,968774373,7,43,-41657298038,41657298039,968774373,934524900,30570
131,241,31571,372,985090071,0,1,-985090070,985090071,985090071,950365584,30828
131,241,31571,372,985090071,1,1,-985090070,985090071,985090071,950365584,30828
131,241,31571,372,985090071,2,3,-2955270212,2955270213,985090071,950365584,30828
131,241,31571,372,985090071,3,7,-6895630496,6895630497,985090071,950365584,30828
131,241,31571,372,985090071,5,21,-20686891490,20686891491,985090071,950365584,30828
131,241,31571,372,985090071,7,43,-42358873052,42358873053,985090071,950365584,30828
131,251,32881,382,1068712281,0,1,-1068712280,1068712281,1068712281,1031565924,32118
131,251,32881,382,1068712281,1,1,-1068712280,1068712281,1068712281,1031565924,32118
131,251,32881,382,1068712281,2,3,-3206136842,3206136843,1068712281,1031565924,32118
131,251,32881,382,1068712281,3,7,-7480985966,7480985967,1068712281,1031565924,32118
131,251,32881,382,1068712281,5,21,-22442957900,22442957901,1068712281,1031565924,32118
131,251,32881,382,1068712281,7,43,-45954628082,45954628083,1068712281,1031565924,32118
131,257,33667,388,1120520583,0,1,-1120520582,1120520583,1120520583,1081883664,32892
131,257,33667,388,1120520583,1,1,-1120520582,1120520583,1120520583,1081883664,32892
131,257,33667,388,1120520583,2,3,-3361561748,3361561749,1120520583,1081883664,32892
131,257,33667,388,1120520583,3,7,-7843644080,7843644081,1120520583,1081883664,32892
131,257,33667,388,1120520583,5,21,-23530932242,23530932243,1120520583,1081883664,32892
131,257,33667,388,1120520583,7,43,-48182385068,48182385069,1120520583,1081883664,32892
131,263,34453,394,1173555117,0,1,-1173555116,1173555117,1173555117,1133399556,33666
131,263,34453,394,1173555117,1,1,-1173555116,1173555117,1173555117,1133399556,33666
131,263,34453,394,1173555117,2,3,-3520665350,3520665351,1173555117,1133399556,33666
131,263,34453,394,1173555117,3,7,-8214885818,8214885819,1173555117,1133399556,33666
131,263,34453,394,1173555117,5,21,-24644657456,24644657457,1173555117,1133399556,33666
131,263,34453,394,1173555117,7,43,-50462870030,50462870031,1173555117,1133399556,33666
131,269,35239,400,1227815883,0,1,-1227815882,1227815883,1227815883,1186113600,34440
131,269,35239,400,1227815883,1,1,-1227815882,1227815883,1227815883,1186113600,34440
131,269,35239,400,1227815883,2,3,-3683447648,3683447649,1227815883,1186113600,34440
131,269,35239,400,1227815883,3,7,-8594711180,8594711181,1227815883,1186113600,34440
131,269,35239,400,1227815883,5,21,-25784133542,25784133543,1227815883,1186113600,34440
131,269,35239,400,1227815883,7,43,-52796082968,52796082969,1227815883,1186113600,34440
131,271,35501,402,1246175301,0,1,-1246175300,1246175301,1246175301,1203951204,34698
131,271,35501,402,1246175301,1,1,-1246175300,1246175301,1246175301,1203951204,34698
131,271,35501,402,1246175301,2,3,-3738525902,3738525903,1246175301,1203951204,34698
131,271,35501,402,1246175301,3,7,-8723227106,8723227107,1246175301,1203951204,34698
131,271,35501,402,1246175301,5,21,-26169681320,26169681321,1246175301,1203951204,34698
131,271,35501,402,1246175301,7,43,-53585537942,53585537943,1246175301,1203951204,34698
131,277,36287,408,1302071043,0,1,-1302071042,1302071043,1302071043,1258262784,35472
131,277,36287,408,1302071043,1,1,-1302071042,1302071043,1302071043,1258262784,35472
131,277,36287,408,1302071043,2,3,-3906213128,3906213129,1302071043,1258262784,35472
131,277,36287,408,1302071043,3,7,-9114497300,9114497301,1302071043,1258262784,35472
131,277,36287,408,1302071043,5,21,-27343491902,27343491903,1302071043,1258262784,35472
131,277,36287,408,1302071043,7,43,-55989054848,55989054849,1302071043,1258262784,35472
131,281,36811,412,1340016111,0,1,-1340016110,1340016111,1340016111,1295136144,35988
131,281,36811,412,1340016111,1,1,-1340016110,1340016111,1340016111,1295136144,35988
131,281,36811,412,1340016111,2,3,-4020048332,4020048333,1340016111,1295136144,35988
131,281,36811,412,1340016111,3,7,-9380112776,9380112777,1340016111,1295136144,35988
131,281,36811,412,1340016111,5,21,-28140338330,28140338331,1340016111,1295136144,35988
131,281,36811,412,1340016111,7,43,-57620692772,57620692773,1340016111,1295136144,35988
131,283,37073,414,1359193017,0,1,-1359193016,1359193017,1359193017,1313772516,36246
131,283,37073,414,1359193017,1,1,-1359193016,1359193017,1359193017,1313772516,36246
131,283,37073,414,1359193017,2,3,-4077579050,4077579051,1359193017,1313772516,36246
131,283,37073,414,1359193017,3,7,-9514351118,9514351119,1359193017,1313772516,36246
131,283,37073,414,1359193017,5,21,-28543053356,28543053357,1359193017,1313772516,36246
131,283,37073,414,1359193017,7,43,-58445299730,58445299731,1359193017,1313772516,36246
131,293,38383,424,1457121267,0,1,-1457121266,1457121267,1457121267,1408951296,37536
131,293,38383,424,1457121267,1,1,-1457121266,1457121267,1457121267,1408951296,37536
131,293,38383,424,1457121267,2,3,-4371363800,4371363801,1457121267,1408951296,37536
131,293,38383,424,1457121267,3,7,-10199848868,10199848869,1457121267,1408951296,37536
131,293,38383,424,1457121267,5,21,-30599546606,30599546607,1457121267,1408951296,37536
131,293,38383,424,1457121267,7,43,-62656214480,62656214481,1457121267,1408951296,37536
137,139,19043,276,357436839,0,1,-357436838,357436839,357436839,341954064,18492
137,139,19043,276,357436839,1,1,-357436838,357436839,357436839,341954064,18492
137,139,19043,276,357436839,2,3,-1072310516,1072310517,357436839,341954064,18492
137,139,19043,276,357436839,3,7,-2502057872,2502057873,357436839,341954064,18492
137,139,19043,276,357436839,5,21,-7506173618,7506173619,357436839,341954064,18492
137,139,19043,276,357436839,7,43,-15369784076,15369784077,357436839,341954064,18492
137,149,20413,286,410913549,0,1,-410913548,410913549,410913549,393704964,19842
137,149,20413,286,410913549,1,1,-410913548,410913549,410913549,393704964,19842
137,149,20413,286,410913549,2,3,-1232740646,1232740647,410913549,393704964,19842
137,149,20413,286,410913549,3,7,-2876394842,2876394843,410913549,393704964,19842
137,149,20413,286,410913549,5,21,-8629184528,8629184529,410913549,393704964,19842
137,149,20413,286,410913549,7,43,-17669282606,17669282607,410913549,393704964,19842
137,151,20687,288,422056083,0,1,-422056082,422056083,422056083,404492544,20112
137,151,20687,288,422056083,1,1,-422056082,422056083,422056083,404492544,20112
137,151,20687,288,422056083,2,3,-1266168248,1266168249,422056083,404492544,20112
137,151,20687,288,422056083,3,7,-2954392580,2954392581,422056083,404492544,20112
137,151,20687,288,422056083,5,21,-8863177742,8863177743,422056083,404492544,20112
137,151,20687,288,422056083,7,43,-18148411568,18148411569,422056083,404492544,20112
137,157,21509,294,456378069,0,1,-456378068,456378069,456378069,437730084,20922
137,157,21509,294,456378069,1,1,-456378068,456378069,456378069,437730084,20922
137,157,21509,294,456378069,2,3,-1369134206,1369134207,456378069,437730084,20922
137,157,21509,294,456378069,3,7,-3194646482,3194646483,456378069,437730084,20922
137,157,21509,294,456378069,5,21,-9583939448,9583939449,456378069,437730084,20922
137,157,21509,294,456378069,7,43,-19624256966,19624256967,456378069,437730084,20922
137,163,22331,300,492041631,0,1,-492041630,492041631,492041631,472279824,21732
137,163,22331,300,492041631,1,1,-492041630,492041631,492041631,472279824,21732
137,163,22331,300,492041631,2,3,-1476124892,1476124893,492041631,472279824,21732
137,163,22331,300,492041631,3,7,-3444291416,3444291417,492041631,472279824,21732
137,163,22331,300,492041631,5,21,-10332874250,10332874251,492041631,472279824,21732
137,163,22331,300,492041631,7,43,-21157790132,21157790133,492041631,472279824,21732
137,167,22879,304,516562659,0,1,-516562658,516562659,516562659,496041984,22272
137,167,22879,304,516562659,1,1,-516562658,516562659,516562659,496041984,22272
137,167,22879,304,516562659,2,3,-1549687976,1549687977,516562659,496041984,22272
137,167,22879,304,516562659,3,7,-3615938612,3615938613,516562659,496041984,22272
137,167,22879,304,516562659,5,21,-10847815838,10847815839,516562659,496041984,22272
137,167,22879,304,516562659,7,43,-22212194336,22212194337,516562659,496041984,22272
137,173,23701,310,554462181,0,1,-554462180,554462181,554462181,532778724,23082
137,173,23701,310,554462181,1,1,-554462180,554462181,554462181,532778724,23082
137,173,23701,310,554462181,2,3,-1663386542,1663386543,554462181,532778724,23082
137,173,23701,310,554462181,3,7,-3881235266,3881235267,554462181,532778724,23082
137,173,23701,310,554462181,5,21,-11643705800,11643705801,554462181,532778724,23082
137,173,23701,310,554462181,7,43,-23841873782,23841873783,554462181,532778724,23082
137,179,24523,316,593703279,0,1,-593703278,593703279,593703279,570827664,23892
137,179,24523,316,593703279,1,1,-593703278,593703279,593703279,570827664,23892
137,179,24523,316,593703279,2,3,-1781109836,1781109837,593703279,570827664,23892
137,179,24523,316,593703279,3,7,-4155922952,4155922953,593703279,570827664,23892
137,179,24523,316,593703279,5,21,-12467768858,12467768859,593703279,570827664,23892
137,179,24523,316,593703279,7,43,-25529240996,25529240997,593703279,570827664,23892
137,181,24797,318,607081773,0,1,-607081772,607081773,607081773,583802244,24162
137,181,24797,318,607081773,1,1,-607081772,607081773,607081773,583802244,24162
137,181,24797,318,607081773,2,3,-1821245318,1821245319,607081773,583802244,24162
137,181,24797,318,607081773,3,7,-4249572410,4249572411,607081773,583802244,24162
137,181,24797,318,607081773,5,21,-12748717232,12748717233,607081773,583802244,24162
137,181,24797,318,607081773,7,43,-26104516238,26104516239,607081773,583802244,24162
137,191,26167,328,676210203,0,1,-676210202,676210203,676210203,650862144,25512
137,191,26167,328,676210203,1,1,-676210202,676210203,676210203,650862144,25512
137,191,26167,328,676210203,2,3,-2028630608,2028630609,676210203,650862144,25512
137,191,26167,328,676210203,3,7,-4733471420,4733471421,676210203,650862144,25512
137,191,26167,328,676210203,5,21,-14200414262,14200414263,676210203,650862144,25512
137,191,26167,328,676210203,7,43,-29077038728,29077038729,676210203,650862144,25512
137,193,26441,330,690483081,0,1,-690483080,690483081,690483081,664711524,25782
137,193,26441,330,690483081,1,1,-690483080,690483081,690483081,664711524,25782
137,193,26441,330,690483081,2,3,-2071449242,2071449243,690483081,664711524,25782
137,193,26441,330,690483081,3,7,-4833381566,4833381567,690483081,664711524,25782
137,193,26441,330,690483081,5,21,-14500144700,14500144701,690483081,664711524,25782
137,193,26441,330,690483081,7,43,-29690772482,29690772483,690483081,664711524,25782
137,197,26989,334,719476029,0,1,-719476028,719476029,719476029,692847684,26322
137,197,26989,334,719476029,1,1,-719476028,719476029,719476029,692847684,26322
137,197,26989,334,719476029,2,3,-2158428086,2158428087,719476029,692847684,26322
137,197,26989,334,719476029,3,7,-5036332202,5036332203,719476029,692847684,26322
137,197,26989,334,719476029,5,21,-15108996608,15108996609,719476029,692847684,26322
137,197,26989,334,719476029,7,43,-30937469246,30937469247,719476029,692847684,26322
137,199,27263,336,734196099,0,1,-734196098,734196099,734196099,707134464,26592
137,199,27263,336,734196099,1,1,-734196098,734196099,734196099,707134464,26592
137,199,27263,336,734196099,2,3,-2202588296,2202588297,734196099,707134464,26592
137,199,27263,336,734196099,3,7,-5139372692,5139372693,734196099,707134464,26592
137,199,27263,336,734196099,5,21,-15418118078,15418118079,734196099,707134464,26592
137,199,27263,336,734196099,7,43,-31570432256,31570432257,734196099,707134464,26592
137,211,28907,348,825646863,0,1,-825646862,825646863,825646863,795916944,28212
137,211,28907,348,825646863,1,1,-825646862,825646863,825646863,795916944,28212
137,211,28907,348,825646863,2,3,-2476940588,2476940589,825646863,795916944,28212
137,211,28907,348,825646863,3,7,-5779528040,5779528041,825646863,795916944,28212
137,211,28907,348,825646863,5,21,-17338584122,17338584123,825646863,795916944,28212
137,211,28907,348,825646863,7,43,-35502815108,35502815109,825646863,795916944,28212
137,223,30551,360,922463931,0,1,-922463930,922463931,922463931,889948224,29832
137,223,30551,360,922463931,1,1,-922463930,922463931,922463931,889948224,29832
137,223,30551,360,922463931,2,3,-2767391792,2767391793,922463931,889948224,29832
137,223,30551,360,922463931,3,7,-6457247516,6457247517,922463931,889948224,29832
137,223,30551,360,922463931,5,21,-19371742550,19371742551,922463931,889948224,29832
137,223,30551,360,922463931,7,43,-39665949032,39665949033,922463931,889948224,29832
137,227,31099,364,955928799,0,1,-955928798,955928799,955928799,922458384,30372
137,227,31099,364,955928799,1,1,-955928798,955928799,955928799,922458384,30372
137,227,31099,364,955928799,2,3,-2867786396,2867786397,955928799,922458384,30372
137,227,31099,364,955928799,3,7,-6691501592,6691501593,955928799,922458384,30372
137,227,31099,364,955928799,5,21,-20074504778,20074504779,955928799,922458384,30372
137,227,31099,364,955928799,7,43,-41104938356,41104938357,955928799,922458384,30372
137,229,31373,366,972884829,0,1,-972884828,972884829,972884829,938932164,30642
137,229,31373,366,972884829,1,1,-972884828,972884829,972884829,938932164,30642
137,229,31373,366,972884829,2,3,-2918654486,2918654487,972884829,938932164,30642
137,229,31373,366,972884829,3,7,-6810193802,6810193803,972884829,938932164,30642
137,229,31373,366,972884829,5,21,-20430581408,20430581409,972884829,938932164,30642
137,229,31373,366,972884829,7,43,-41834047646,41834047647,972884829,938932164,30642
137,233,31921,370,1007244081,0,1,-1007244080,1007244081,1007244081,972317124,31182
137,233,31921,370,1007244081,1,1,-1007244080,1007244081,1007244081,972317124,31182
137,233,31921,370,1007244081,2,3,-3021732242,3021732243,1007244081,972317124,31182
137,233,31921,370,1007244081,3,7,-7050708566,7050708567,1007244081,972317124,31182
137,233,31921,370,1007244081,5,21,-21152125700,21152125701,1007244081,972317124,31182
137,233,31921,370,1007244081,7,43,-43311495482,43311495483,1007244081,972317124,31182
137,239,32743,376,1059900939,0,1,-1059900938,1059900939,1059900939,1023488064,31992
137,239,32743,376,1059900939,1,1,-1059900938,1059900939,1059900939,1023488064,31992
137,239,32743,376,1059900939,2,3,-3179702816,3179702817,1059900939,1023488064,31992
137,239,32743,376,1059900939,3,7,-7419306572,7419306573,1059900939,1023488064,31992
137,239,32743,376,1059900939,5,21,-22257919718,22257919719,1059900939,1023488064,31992
137,239,32743,376,1059900939,7,43,-45575740376,45575740377,1059900939,1023488064,31992
137,241,33017,378,1077751353,0,1,-1077751352,1077751353,1077751353,1040836644,32262
137,241,33017,378,1077751353,1,1,-1077751352,1077751353,1077751353,1040836644,32262
137,241,33017,378,1077751353,2,3,-3233254058,3233254059,1077751353,1040836644,32262
137,241,33017,378,1077751353,3,7,-7544259470,7544259471,1077751353,1040836644,32262
137,241,33017,378,1077751353,5,21,-22632778412,22632778413,1077751353,1040836644,32262
137,241,33017,378,1077751353,7,43,-46343308178,46343308179,1077751353,1040836644,32262
137,251,34387,388,1169239383,0,1,-1169239382,1169239383,1169239383,1129766544,33612
137,251,34387,388,1169239383,1,1,-1169239382,1169239383,1169239383,1129766544,33612
137,251,34387,388,1169239383,2,3,-3507718148,3507718149,1169239383,1129766544,33612
137,251,34387,388,1169239383,3,7,-8184675680,8184675681,1169239383,1129766544,33612
137,251,34387,388,1169239383,5,21,-24554027042,24554027043,1169239383,1129766544,33612
137,251,34387,388,1169239383,7,43,-50277293468,50277293469,1169239383,1129766544,33612
137,257,35209,394,1225920969,0,1,-1225920968,1225920969,1225920969,1184874084,34422
137,257,35209,394,1225920969,1,1,-1225920968,1225920969,1225920969,1184874084,34422
137,257,35209,394,1225920969,2,3,-3677762906,3677762907,1225920969,1184874084,34422
137,257,35209,394,1225920969,3,7,-8581446782,8581446783,1225920969,1184874084,34422
137,257,35209,394,1225920969,5,21,-25744340348,25744340349,1225920969,1184874084,34422
137,257,35209,394,1225920969,7,43,-52714601666,52714601667,1225920969,1184874084,34422
137,263,36031,400,1283944131,0,1,-1283944130,1283944131,1283944131,1241293824,35232
137,263,36031,400,1283944131,1,1,-1283944130,1283944131,1283944131,1241293824,35232
137,263,36031,400,1283944131,2,3,-3851832392,3851832393,1283944131,1241293824,35232
137,263,36031,400,1283944131,3,7,-8987608916,8987608917,1283944131,1241293824,35232
137,263,36031,400,1283944131,5,21,-26962826750,26962826751,1283944131,1241293824,35232
137,263,36031,400,1283944131,7,43,-55209597632,55209597633,1283944131,1241293824,35232
137,269,36853,406,1343308869,0,1,-1343308868,1343308869,1343308869,1299025764,36042
137,269,36853,406,1343308869,1,1,-1343308868,1343308869,1343308869,1299025764,36042
137,269,36853,406,1343308869,2,3,-4029926606,4029926607,1343308869,1299025764,36042
137,269,36853,406,1343308869,3,7,-9403162082,9403162083,1343308869,1299025764,36042
137,269,36853,406,1343308869,5,21,-28209486248,28209486249,1343308869,1299025764,36042
137,269,36853,406,1343308869,7,43,-57762281366,57762281367,1343308869,1299025764,36042
137,271,37127,408,1363395243,0,1,-1363395242,1363395243,1363395243,1318561344,36312
137,271,37127,408,1363395243,1,1,-1363395242,1363395243,1363395243,1318561344,36312
137,271,37127,408,1363395243,2,3,-4090185728,4090185729,1363395243,1318561344,36312
137,271,37127,408,1363395243,3,7,-9543766700,9543766701,1363395243,1318561344,36312
137,271,37127,408,1363395243,5,21,-28631300102,28631300103,1363395243,1318561344,36312
137,271,37127,408,1363395243,7,43,-58625995448,58625995449,1363395243,1318561344,36312
137,277,37949,414,1424548749,0,1,-1424548748,1424548749,1424548749,1378042884,37122
137,277,37949,414,1424548749,1,1,-1424548748,1424548749,1424548749,1378042884,37122
137,277,37949,414,1424548749,2,3,-4273646246,4273646247,1424548749,1378042884,37122
137,277,37949,414,1424548749,3,7,-9971841242,9971841243,1424548749,1378042884,37122
137,277,37949,414,1424548749,5,21,-29915523728,29915523729,1424548749,1378042884,37122
137,277,37949,414,1424548749,7,43,-61255596206,61255596207,1424548749,1378042884,37122
137,281,38497,418,1466063073,0,1,-1466063072,1466063073,1466063073,1418426244,37662
137,281,38497,418,1466063073,1,1,-1466063072,1466063073,1466063073,1418426244,37662
137,281,38497,418,1466063073,2,3,-4398189218,4398189219,1466063073,1418426244,37662
137,281,38497,418,1466063073,3,7,-10262441510,10262441511,1466063073,1418426244,37662
137,281,38497,418,1466063073,5,21,-30787324532,30787324533,1466063073,1418426244,37662
137,281,38497,418,1466063073,7,43,-63040712138,63040712139,1466063073,1418426244,37662
137,283,38771,420,1487043831,0,1,-1487043830,1487043831,1487043831,1438836624,37932
137,283,38771,420,1487043831,1,1,-1487043830,1487043831,1487043831,1438836624,37932
137,283,38771,420,1487043831,2,3,-4461131492,4461131493,1487043831,1438836624,37932
137,283,38771,420,1487043831,3,7,-10409306816,10409306817,1487043831,1438836624,37932
137,283,38771,420,1487043831,5,21,-31227920450,31227920451,1487043831,1438836624,37932
137,283,38771,420,1487043831,7,43,-63942884732,63942884733,1487043831,1438836624,37932
137,293,40141,430,1594183581,0,1,-1594183580,1594183581,1594183581,1543075524,39282
137,293,40141,430,1594183581,1,1,-1594183580,1594183581,1594183581,1543075524,39282
137,293,40141,430,1594183581,2,3,-4782550742,4782550743,1594183581,1543075524,39282
137,293,40141,430,1594183581,3,7,-11159285066,11159285067,1594183581,1543075524,39282
137,293,40141,430,1594183581,5,21,-33477855200,33477855201,1594183581,1543075524,39282
137,293,40141,430,1594183581,7,43,-68549893982,68549893983,1594183581,1543075524,39282
139,149,20711,288,423042699,0,1,-423042698,423042699,423042699,405458496,20136
139,149,20711,288,423042699,1,1,-423042698,423042699,423042699,405458496,20136
139,149,20711,288,423042699,2,3,-1269128096,1269128097,423042699,405458496,20136
139,149,20711,288,423042699,3,7,-2961298892,2961298893,423042699,405458496,20136
139,149,20711,288,423042699,5,21,-8883896678,8883896679,423042699,405458496,20136
139,149,20711,288,423042699,7,43,-18190836056,18190836057,423042699,405458496,20136
139,151,20989,290,434514133,0,1,-434514132,434514133,434514133,416568100,20410
139,151,20989,290,434514133,1,1,-434514132,434514133,434514133,416568100,20410
139,151,20989,290,434514133,2,3,-1303542398,1303542399,434514133,416568100,20410
139,151,20989,290,434514133,3,7,-3041598930,3041598931,434514133,416568100,20410
139,151,20989,290,434514133,5,21,-9124796792,9124796793,434514133,416568100,20410
139,151,20989,290,434514133,7,43,-18684107718,18684107719,434514133,416568100,20410
139,157,21823,296,469849219,0,1,-469849218,469849219,469849219,450797824,21232
139,157,21823,296,469849219,1,1,-469849218,469849219,469849219,450797824,21232
139,157,21823,296,469849219,2,3,-1409547656,1409547657,469849219,450797824,21232
139,157,21823,296,469849219,3,7,-3288944532,3288944533,469849219,450797824,21232
139,157,21823,296,469849219,5,21,-9866833598,9866833599,469849219,450797824,21232
139,157,21823,296,469849219,7,43,-20203516416,20203516417,469849219,450797824,21232
139,163,22657,302,506565481,0,1,-506565480,506565481,506565481,486378916,22054
139,163,22657,302,506565481,1,1,-506565480,506565481,506565481,486378916,22054
139,163,22657,302,506565481,2,3,-1519696442,1519696443,506565481,486378916,22054
139,163,22657,302,506565481,3,7,-3545958366,3545958367,506565481,486378916,22054
139,163,22657,302,506565481,5,21,-10637875100,10637875101,506565481,486378916,22054
139,163,22657,302,506565481,7,43,-21782315682,21782315683,506565481,486378916,22054
139,167,23213,306,531810309,0,1,-531810308,531810309,531810309,510850404,22602
139,167,23213,306,531810309,1,1,-531810308,531810309,531810309,510850404,22602
139,167,23213,306,531810309,2,3,-1595430926,1595430927,531810309,510850404,22602
139,167,23213,306,531810309,3,7,-3722672162,3722672163,531810309,510850404,22602
139,167,23213,306,531810309,5,21,-11168016488,11168016489,531810309,510850404,22602
139,167,23213,306,531810309,7,43,-22867843286,22867843287,531810309,510850404,22602
139,173,24047,312,570828531,0,1,-570828530,570828531,570828531,548683776,23424
139,173,24047,312,570828531,1,1,-570828530,570828531,570828531,548683776,23424
139,173,24047,312,570828531,2,3,-1712485592,1712485593,570828531,548683776,23424
139,173,24047,312,570828531,3,7,-3995799716,3995799717,570828531,548683776,23424
139,173,24047,312,570828531,5,21,-11987399150,11987399151,570828531,548683776,23424
139,173,24047,312,570828531,7,43,-24545626832,24545626833,570828531,548683776,23424
139,179,24881,318,611227929,0,1,-611227928,611227929,611227929,587868516,24246
139,179,24881,318,611227929,1,1,-611227928,611227929,611227929,587868516,24246
139,179,24881,318,611227929,2,3,-1833683786,1833683787,611227929,587868516,24246
139,179,24881,318,611227929,3,7,-4278595502,4278595503,611227929,587868516,24246
139,179,24881,318,611227929,5,21,-12835786508,12835786509,611227929,587868516,24246
139,179,24881,318,611227929,7,43,-26282800946,26282800947,611227929,587868516,24246
139,181,25159,320,625001323,0,1,-625001322,625001323,625001323,601230400,24520
139,181,25159,320,625001323,1,1,-625001322,625001323,625001323,601230400,24520
139,181,25159,320,625001323,2,3,-1875003968,1875003969,625001323,601230400,24520
139,181,25159,320,625001323,3,7,-4375009260,4375009261,625001323,601230400,24520
139,181,25159,320,625001323,5,21,-13125027782,13125027783,625001323,601230400,24520
139,181,25159,320,625001323,7,43,-26875056888,26875056889,625001323,601230400,24520
139,191,26549,330,696170253,0,1,-696170252,696170253,696170253,670292100,25890
139,191,26549,330,696170253,1,1,-696170252,696170253,696170253,670292100,25890
139,191,26549,330,696170253,2,3,-2088510758,2088510759,696170253,670292100,25890
139,191,26549,330,696170253,3,7,-4873191770,4873191771,696170253,670292100,25890
139,191,26549,330,696170253,5,21,-14619575312,14619575313,696170253,670292100,25890
139,191,26549,330,696170253,7,43,-29935320878,29935320879,696170253,670292100,25890
139,193,26827,332,710864431,0,1,-710864430,710864431,710864431,684554896,26164
139,193,26827,332,710864431,1,1,-710864430,710864431,710864431,684554896,26164
139,193,26827,332,710864431,2,3,-2132593292,2132593293,710864431,684554896,26164
139,193,26827,332,710864431,3,7,-4976051016,4976051017,710864431,684554896,26164
139,193,26827,332,710864431,5,21,-14928153050,14928153051,710864431,684554896,26164
139,193,26827,332,710864431,7,43,-30567170532,30567170533,710864431,684554896,26164
139,197,27383,336,740713179,0,1,-740713178,740713179,740713179,713530944,26712
139,197,27383,336,740713179,1,1,-740713178,740713179,740713179,713530944,26712
139,197,27383,336,740713179,2,3,-2222139536,2222139537,740713179,713530944,26712
139,197,27383,336,740713179,3,7,-5184992252,5184992253,740713179,713530944,26712
139,197,27383,336,740713179,5,21,-15554976758,15554976759,740713179,713530944,26712
139,197,27383,336,740713179,7,43,-31850666696,31850666697,740713179,713530944,26712
139,199,27661,338,755867749,0,1,-755867748,755867749,755867749,728244196,26986
139,199,27661,338,755867749,1,1,-755867748,755867749,755867749,728244196,26986
139,199,27661,338,755867749,2,3,-2267603246,2267603247,755867749,728244196,26986
139,199,27661,338,755867749,3,7,-5291074242,5291074243,755867749,728244196,26986
139,199,27661,338,755867749,5,21,-15873222728,15873222729,755867749,728244196,26986
139,199,27661,338,755867749,7,43,-32502313206,32502313207,755867749,728244196,26986
139,211,29329,350,850017913,0,1,-850017912,850017913,850017913,819676900,28630
139,211,29329,350,850017913,1,1,-850017912,850017913,850017913,819676900,28630
139,211,29329,350,850017913,2,3,-2550053738,2550053739,850017913,819676900,28630
139,211,29329,350,850017913,3,7,-5950125390,5950125391,850017913,819676900,28630
139,211,29329,350,850017913,5,21,-17850376172,17850376173,850017913,819676900,28630
139,211,29329,350,850017913,7,43,-36550770258,36550770259,850017913,819676900,28630
139,223,30997,362,949692781,0,1,-949692780,949692781,949692781,916515076,30274
139,223,30997,362,949692781,1,1,-949692780,949692781,949692781,916515076,30274
139,223,30997,362,949692781,2,3,-2849078342,2849078343,949692781,916515076,30274
139,223,30997,362,949692781,3,7,-6647849466,6647849467,949692781,916515076,30274
139,223,30997,362,949692781,5,21,-19943548400,19943548401,949692781,916515076,30274
139,223,30997,362,949692781,7,43,-40836789582,40836789583,949692781,916515076,30274
139,227,31553,366,984145449,0,1,-984145448,984145449,984145449,949995684,30822
139,227,31553,366,984145449,1,1,-984145448,984145449,984145449,949995684,30822
139,227,31553,366,984145449,2,3,-2952436346,2952436347,984145449,949995684,30822
139,227,31553,366,984145449,3,7,-6889018142,6889018143,984145449,949995684,30822
139,227,31553,366,984145449,5,21,-20667054428,20667054429,984145449,949995684,30822
139,227,31553,366,984145449,7,43,-42318254306,42318254307,984145449,949995684,30822
139,229,31831,368,1001601979,0,1,-1001601978,1001601979,1001601979,966961216,31096
139,229,31831,368,1001601979,1,1,-1001601978,1001601979,1001601979,966961216,31096
139,229,31831,368,1001601979,2,3,-3004805936,3004805937,1001601979,966961216,31096
139,229,31831,368,1001601979,3,7,-7011213852,7011213853,1001601979,966961216,31096
139,229,31831,368,1001601979,5,21,-21033641558,21033641559,1001601979,966961216,31096
139,229,31831,368,1001601979,7,43,-43068885096,43068885097,1001601979,966961216,31096
139,233,32387,372,1036975431,0,1,-1036975430,1036975431,1036975431,1001342736,31644
139,233,32387,372,1036975431,1,1,-1036975430,1036975431,1036975431,1001342736,31644
139,233,32387,372,1036975431,2,3,-3110926292,3110926293,1036975431,1001342736,31644
139,233,32387,372,1036975431,3,7,-7258828016,7258828017,1036975431,1001342736,31644
139,233,32387,372,1036975431,5,21,-21776484050,21776484051,1036975431,1001342736,31644
139,233,32387,372,1036975431,7,43,-44589943532,44589943533,1036975431,1001342736,31644
139,239,33221,378,1091186589,0,1,-1091186588,1091186589,1091186589,1054041156,32466
139,239,33221,378,1091186589,1,1,-1091186588,1091186589,1091186589,1054041156,32466
139,239,33221,378,1091186589,2,3,-3273559766,3273559767,1091186589,1054041156,32466
139,239,33221,378,1091186589,3,7,-7638306122,7638306123,1091186589,1054041156,32466
139,239,33221,378,1091186589,5,21,-22914918368,22914918369,1091186589,1054041156,32466
139,239,33221,378,1091186589,7,43,-46921023326,46921023327,1091186589,1054041156,32466
139,241,33499,380,1109563903,0,1,-1109563902,1109563903,1109563903,1071907600,32740
139,241,33499,380,1109563903,1,1,-1109563902,1109563903,1109563903,1071907600,32740
139,241,33499,380,1109563903,2,3,-3328691708,3328691709,1109563903,1071907600,32740
139,241,33499,380,1109563903,3,7,-7766947320,7766947321,1109563903,1071907600,32740
139,241,33499,380,1109563903,5,21,-23300841962,23300841963,1109563903,1071907600,32740
139,241,33499,380,1109563903,7,43,-47711247828,47711247829,1109563903,1071907600,32740
139,251,34889,390,1203752433,0,1,-1203752432,1203752433,1203752433,1163492100,34110
139,251,34889,390,1203752433,1,1,-1203752432,1203752433,1203752433,1163492100,34110
139,251,34889,390,1203752433,2,3,-3611257298,3611257299,1203752433,1163492100,34110
139,251,34889,390,1203752433,3,7,-8426267030,8426267031,1203752433,1163492100,34110
139,251,34889,390,1203752433,5,21,-25278801092,25278801093,1203752433,1163492100,34110
139,251,34889,390,1203752433,7,43,-51761354618,51761354619,1203752433,1163492100,34110
139,257,35723,396,1262107119,0,1,-1262107118,1262107119,1262107119,1220244624,34932
139,257,35723,396,1262107119,1,1,-1262107118,1262107119,1262107119,1220244624,34932
139,257,35723,396,1262107119,2,3,-3786321356,3786321357,1262107119,1220244624,34932
139,257,35723,396,1262107119,3,7,-8834749832,8834749833,1262107119,1220244624,34932
139,257,35723,396,1262107119,5,21,-26504249498,26504249499,1262107119,1220244624,34932
139,257,35723,396,1262107119,7,43,-54270606116,54270606117,1262107119,1220244624,34932
139,263,36557,402,1321842981,0,1,-1321842980,1321842981,1321842981,1278348516,35754
139,263,36557,402,1321842981,1,1,-1321842980,1321842981,1321842981,1278348516,35754
139,263,36557,402,1321842981,2,3,-3965528942,3965528943,1321842981,1278348516,35754
139,263,36557,402,1321842981,3,7,-9252900866,9252900867,1321842981,1278348516,35754
139,263,36557,402,1321842981,5,21,-27758702600,27758702601,1321842981,1278348516,35754
139,263,36557,402,1321842981,7,43,-56839248182,56839248183,1321842981,1278348516,35754
139,269,37391,408,1382960019,0,1,-1382960018,1382960019,1382960019,1337803776,36576
139,269,37391,408,1382960019,1,1,-1382960018,1382960019,1382960019,1337803776,36576
139,269,37391,408,1382960019,2,3,-4148880056,4148880057,1382960019,1337803776,36576
139,269,37391,408,1382960019,3,7,-9680720132,9680720133,1382960019,1337803776,36576
139,269,37391,408,1382960019,5,21,-29042160398,29042160399,1382960019,1337803776,36576
139,269,37391,408,1382960019,7,43,-59467280816,59467280817,1382960019,1337803776,36576
139,271,37669,410,1403639293,0,1,-1403639292,1403639293,1403639293,1357922500,36850
139,271,37669,410,1403639293,1,1,-1403639292,1403639293,1403639293,1357922500,36850
139,271,37669,410,1403639293,2,3,-4210917878,4210917879,1403639293,1357922500,36850
139,271,37669,410,1403639293,3,7,-9825475050,9825475051,1403639293,1357922500,36850
139,271,37669,410,1403639293,5,21,-29476425152,29476425153,1403639293,1357922500,36850
139,271,37669,410,1403639293,7,43,-60356489598,60356489599,1403639293,1357922500,36850
139,277,38503,416,1466597899,0,1,-1466597898,1466597899,1466597899,1419179584,37672
139,277,38503,416,1466597899,1,1,-1466597898,1466597899,1466597899,1419179584,37672
139,277,38503,416,1466597899,2,3,-4399793696,4399793697,1466597899,1419179584,37672
139,277,38503,416,1466597899,3,7,-10266185292,10266185293,1466597899,1419179584,37672
139,277,38503,416,1466597899,5,21,-30798555878,30798555879,1466597899,1419179584,37672
139,277,38503,416,1466597899,7,43,-63063709656,63063709657,1466597899,1419179584,37672
139,281,39059,420,1509337623,0,1,-1509337622,1509337623,1509337623,1460768400,38220
139,281,39059,420,1509337623,1,1,-1509337622,1509337623,1509337623,1460768400,38220
139,281,39059,420,1509337623,2,3,-4528012868,4528012869,1509337623,1460768400,38220
139,281,39059,420,1509337623,3,7,-10565363360,10565363361,1509337623,1460768400,38220
139,281,39059,420,1509337623,5,21,-31696090082,31696090083,1509337623,1460768400,38220
139,281,39059,420,1509337623,7,43,-64901517788,64901517789,1509337623,1460768400,38220
139,283,39337,422,1530937681,0,1,-1530937680,1530937681,1530937681,1481788036,38494
139,283,39337,422,1530937681,1,1,-1530937680,1530937681,1530937681,1481788036,38494
139,283,39337,422,1530937681,2,3,-4592813042,4592813043,1530937681,1481788036,38494
139,283,39337,422,1530937681,3,7,-10716563766,10716563767,1530937681,1481788036,38494
139,283,39337,422,1530937681,5,21,-32149691300,32149691301,1530937681,1481788036,38494
139,283,39337,422,1530937681,7,43,-65830320282,65830320283,1530937681,1481788036,38494
139,293,40727,432,1641239931,0,1,-1641239930,1641239931,1641239931,1589138496,39864
139,293,40727,432,1641239931,1,1,-1641239930,1641239931,1641239931,1589138496,39864
139,293,40727,432,1641239931,2,3,-4923719792,4923719793,1641239931,1589138496,39864
139,293,40727,432,1641239931,3,7,-11488679516,11488679517,1641239931,1589138496,39864
139,293,40727,432,1641239931,5,21,-34466038550,34466038551,1641239931,1589138496,39864
139,293,40727,432,1641239931,7,43,-70573317032,70573317033,1641239931,1589138496,39864
149,151,22499,300,499522503,0,1,-499522502,499522503,499522503,479610000,21900
149,151,22499,300,499522503,1,1,-499522502,499522503,499522503,479610000,21900
149,151,22499,300,499522503,2,3,-1498567508,1498567509,499522503,479610000,21900
149,151,22499,300,499522503,3,7,-3496657520,3496657521,499522503,479610000,21900
149,151,22499,300,499522503,5,21,-10489972562,10489972563,499522503,479610000,21900
149,151,22499,300,499522503,7,43,-21479467628,21479467629,499522503,479610000,21900
149,157,23393,306,540144129,0,1,-540144128,540144129,540144129,519019524,22782
149,157,23393,306,540144129,1,1,-540144128,540144129,540144129,519019524,22782
149,157,23393,306,540144129,2,3,-1620432386,1620432387,540144129,519019524,22782
149,157,23393,306,540144129,3,7,-3781008902,3781008903,540144129,519019524,22782
149,157,23393,306,540144129,5,21,-11343026708,11343026709,540144129,519019524,22782
149,157,23393,306,540144129,7,43,-23226197546,23226197547,540144129,519019524,22782
149,163,24287,312,582353571,0,1,-582353570,582353571,582353571,559984896,23664
149,163,24287,312,582353571,1,1,-582353570,582353571,582353571,559984896,23664
149,163,24287,312,582353571,2,3,-1747060712,1747060713,582353571,559984896,23664
149,163,24287,312,582353571,3,7,-4076474996,4076474997,582353571,559984896,23664
149,163,24287,312,582353571,5,21,-12229424990,12229424991,582353571,559984896,23664
149,163,24287,312,582353571,7,43,-25041203552,25041203553,582353571,559984896,23664
149,167,24883,316,611375319,0,1,-611375318,611375319,611375319,588159504,24252
149,167,24883,316,611375319,1,1,-611375318,611375319,611375319,588159504,24252
149,167,24883,316,611375319,2,3,-1834125956,1834125957,611375319,588159504,24252
149,167,24883,316,611375319,3,7,-4279627232,4279627233,611375319,588159504,24252
149,167,24883,316,611375319,5,21,-12838881698,12838881699,611375319,588159504,24252
149,167,24883,316,611375319,7,43,-26289138716,26289138717,611375319,588159504,24252
149,173,25777,322,656231121,0,1,-656231120,656231121,656231121,631717956,25134
149,173,25777,322,656231121,1,1,-656231120,656231121,656231121,631717956,25134
149,173,25777,322,656231121,2,3,-1968693362,1968693363,656231121,631717956,25134
149,173,25777,322,656231121,3,7,-4593617846,4593617847,656231121,631717956,25134
149,173,25777,322,656231121,5,21,-13780853540,13780853541,656231121,631717956,25134
149,173,25777,322,656231121,7,43,-28217938202,28217938203,656231121,631717956,25134
149,179,26671,328,702674739,0,1,-702674738,702674739,702674739,676832256,26016
149,179,26671,328,702674739,1,1,-702674738,702674739,702674739,676832256,26016
149,179,26671,328,702674739,2,3,-2108024216,2108024217,702674739,676832256,26016
149,179,26671,328,702674739,3,7,-4918723172,4918723173,702674739,676832256,26016
149,179,26671,328,702674739,5,21,-14756169518,14756169519,702674739,676832256,26016
149,179,26671,328,702674739,7,43,-30215013776,30215013777,702674739,676832256,26016
149,181,26969,330,718508793,0,1,-718508792,718508793,718508793,692216100,26310
149,181,26969,330,718508793,1,1,-718508792,718508793,718508793,692216100,26310
149,181,26969,330,718508793,2,3,-2155526378,2155526379,718508793,692216100,26310
149,181,26969,330,718508793,3,7,-5029561550,5029561551,718508793,692216100,26310
149,181,26969,330,718508793,5,21,-15088684652,15088684653,718508793,692216100,26310
149,181,26969,330,718508793,7,43,-30895878098,30895878099,718508793,692216100,26310
149,191,28459,340,800325423,0,1,-800325422,800325423,800325423,771728400,27780
149,191,28459,340,800325423,1,1,-800325422,800325423,800325423,771728400,27780
149,191,28459,340,800325423,2,3,-2400976268,2400976269,800325423,771728400,27780
149,191,28459,340,800325423,3,7,-5602277960,5602277961,800325423,771728400,27780
149,191,28459,340,800325423,5,21,-16806833882,16806833883,800325423,771728400,27780
149,191,28459,340,800325423,7,43,-34413993188,34413993189,800325423,771728400,27780
149,193,28757,342,817218021,0,1,-817218020,817218021,817218021,788149476,28074
149,193,28757,342,817218021,1,1,-817218020,817218021,817218021,788149476,28074
149,193,28757,342,817218021,2,3,-2451654062,2451654063,817218021,788149476,28074
149,193,28757,342,817218021,3,7,-5720526146,5720526147,817218021,788149476,28074
149,193,28757,342,817218021,5,21,-17161578440,17161578441,817218021,788149476,28074
149,193,28757,342,817218021,7,43,-35140374902,35140374903,817218021,788149476,28074
149,197,29353,346,851532489,0,1,-851532488,851532489,851532489,821510244,28662
149,197,29353,346,851532489,1,1,-851532488,851532489,851532489,821510244,28662
149,197,29353,346,851532489,2,3,-2554597466,2554597467,851532489,821510244,28662
149,197,29353,346,851532489,3,7,-5960727422,5960727423,851532489,821510244,28662
149,197,29353,346,851532489,5,21,-17882182268,17882182269,851532489,821510244,28662
149,197,29353,346,851532489,7,43,-36615897026,36615897027,851532489,821510244,28662
149,199,29651,348,868954359,0,1,-868954358,868954359,868954359,838449936,28956
149,199,29651,348,868954359,1,1,-868954358,868954359,868954359,838449936,28956
149,199,29651,348,868954359,2,3,-2606863076,2606863077,868954359,838449936,28956
149,199,29651,348,868954359,3,7,-6082680512,6082680513,868954359,838449936,28956
149,199,29651,348,868954359,5,21,-18248041538,18248041539,868954359,838449936,28956
149,199,29651,348,868954359,7,43,-37365037436,37365037437,868954359,838449936,28956
149,211,31439,360,977190483,0,1,-977190482,977190483,977190483,943718400,30720
149,211,31439,360,977190483,1,1,-977190482,977190483,977190483,943718400,30720
149,211,31439,360,977190483,2,3,-2931571448,2931571449,977190483,943718400,30720
149,211,31439,360,977190483,3,7,-6840333380,6840333381,977190483,943718400,30720
149,211,31439,360,977190483,5,21,-20521000142,20521000143,977190483,943718400,30720
149,211,31439,360,977190483,7,43,-42019190768,42019190769,977190483,943718400,30720
149,223,33227,372,1091777871,0,1,-1091777870,1091777871,1091777871,1055210256,32484
149,223,33227,372,1091777871,1,1,-1091777870,1091777871,1091777871,1055210256,32484
149,223,33227,372,1091777871,2,3,-3275333612,3275333613,1091777871,1055210256,32484
149,223,33227,372,1091777871,3,7,-7642445096,7642445097,1091777871,1055210256,32484
149,223,33227,372,1091777871,5,21,-22927335290,22927335291,1091777871,1055210256,32484
149,223,33227,372,1091777871,7,43,-46946448452,46946448453,1091777871,1055210256,32484
149,227,33823,376,1131385059,0,1,-1131385058,1131385059,1131385059,1093757184,33072
149,227,33823,376,1131385059,1,1,-1131385058,1131385059,1131385059,1093757184,33072
149,227,33823,376,1131385059,2,3,-3394155176,3394155177,1131385059,1093757184,33072
149,227,33823,376,1131385059,3,7,-7919695412,7919695413,1131385059,1093757184,33072
149,227,33823,376,1131385059,5,21,-23759086238,23759086239,1131385059,1093757184,33072
149,227,33823,376,1131385059,7,43,-48649557536,48649557537,1131385059,1093757184,33072
149,229,34121,378,1151453289,0,1,-1151453288,1151453289,1151453289,1113289956,33366
149,229,34121,378,1151453289,1,1,-1151453288,1151453289,1151453289,1113289956,33366
149,229,34121,378,1151453289,2,3,-3454359866,3454359867,1151453289,1113289956,33366
149,229,34121,378,1151453289,3,7,-8060173022,8060173023,1151453289,1113289956,33366
149,229,34121,378,1151453289,5,21,-24180519068,24180519069,1151453289,1113289956,33366
149,229,34121,378,1151453289,7,43,-49512491426,49512491427,1151453289,1113289956,33366
149,233,34717,382,1192119021,0,1,-1192119020,1192119021,1192119021,1152874116,33954
149,233,34717,382,1192119021,1,1,-1192119020,1192119021,1192119021,1152874116,33954
149,233,34717,382,1192119021,2,3,-3576357062,3576357063,1192119021,1152874116,33954
149,233,34717,382,1192119021,3,7,-8344833146,8344833147,1192119021,1152874116,33954
149,233,34717,382,1192119021,5,21,-25034499440,25034499441,1192119021,1152874116,33954
149,233,34717,382,1192119021,7,43,-51261117902,51261117903,1192119021,1152874116,33954
149,239,35611,388,1254440799,0,1,-1254440798,1254440799,1254440799,1213546896,34836
149,239,35611,388,1254440799,1,1,-1254440798,1254440799,1254440799,1213546896,34836
149,239,35611,388,1254440799,2,3,-3763322396,3763322397,1254440799,1213546896,34836
149,239,35611,388,1254440799,3,7,-8781085592,8781085593,1254440799,1213546896,34836
149,239,35611,388,1254440799,5,21,-26343256778,26343256779,1254440799,1213546896,34836
149,239,35611,388,1254440799,7,43,-53940954356,53940954357,1254440799,1213546896,34836
149,241,35909,390,1275567573,0,1,-1275567572,1275567573,1275567573,1234116900,35130
149,241,35909,390,1275567573,1,1,-1275567572,1275567573,1275567573,1234116900,35130
149,241,35909,390,1275567573,2,3,-3826702718,3826702719,1275567573,1234116900,35130
149,241,35909,390,1275567573,3,7,-8928973010,8928973011,1275567573,1234116900,35130
149,241,35909,390,1275567573,5,21,-26786919032,26786919033,1275567573,1234116900,35130
149,241,35909,390,1275567573,7,43,-54849405638,54849405639,1275567573,1234116900,35130
149,251,37399,400,1383847803,0,1,-1383847802,1383847803,1383847803,1339560000,36600
149,251,37399,400,1383847803,1,1,-1383847802,1383847803,1383847803,1339560000,36600
149,251,37399,400,1383847803,2,3,-4151543408,4151543409,1383847803,1339560000,36600
149,251,37399,400,1383847803,3,7,-9686934620,9686934621,1383847803,1339560000,36600
149,251,37399,400,1383847803,5,21,-29060803862,29060803863,1383847803,1339560000,36600
149,251,37399,400,1383847803,7,43,-59505455528,59505455529,1383847803,1339560000,36600
149,257,38293,406,1450933029,0,1,-1450933028,1450933029,1450933029,1404900324,37482
149,257,38293,406,1450933029,1,1,-1450933028,1450933029,1450933029,1404900324,37482
149,257,38293,406,1450933029,2,3,-4352799086,4352799087,1450933029,1404900324,37482
149,257,38293,406,1450933029,3,7,-10156531202,10156531203,1450933029,1404900324,37482
149,257,38293,406,1450933029,5,21,-30469593608,30469593609,1450933029,1404900324,37482
149,257,38293,406,1450933029,7,43,-62390120246,62390120247,1450933029,1404900324,37482
149,263,39187,412,1519606071,0,1,-1519606070,1519606071,1519606071,1471796496,38364
149,263,39187,412,1519606071,1,1,-1519606070,1519606071,1519606071,1471796496,38364
149,263,39187,412,1519606071,2,3,-4558818212,4558818213,1519606071,1471796496,38364
149,263,39187,412,1519606071,3,7,-10637242496,10637242497,1519606071,1471796496,38364
149,263,39187,412,1519606071,5,21,-31911727490,31911727491,1519606071,1471796496,38364
149,263,39187,412,1519606071,7,43,-65343061052,65343061053,1519606071,1471796496,38364
149,269,40081,418,1589866929,0,1,-1589866928,1589866929,1589866929,1540248516,39246
149,269,40081,418,1589866929,1,1,-1589866928,1589866929,1589866929,1540248516,39246
149,269,40081,418,1589866929,2,3,-4769600786,4769600787,1589866929,1540248516,39246
149,269,40081,418,1589866929,3,7,-11129068502,11129068503,1589866929,1540248516,39246
149,269,40081,418,1589866929,5,21,-33387205508,33387205509,1589866929,1540248516,39246
149,269,40081,418,1589866929,7,43,-68364277946,68364277947,1589866929,1540248516,39246
149,271,40379,420,1613640063,0,1,-1613640062,1613640063,1613640063,1563411600,39540
149,271,40379,420,1613640063,1,1,-1613640062,1613640063,1613640063,1563411600,39540
149,271,40379,420,1613640063,2,3,-4840920188,4840920189,1613640063,1563411600,39540
149,271,40379,420,1613640063,3,7,-11295480440,11295480441,1613640063,1563411600,39540
149,271,40379,420,1613640063,5,21,-33886441322,33886441323,1613640063,1563411600,39540
149,271,40379,420,1613640063,7,43,-69386522708,69386522709,1613640063,1563411600,39540
149,277,41273,426,1686018009,0,1,-1686018008,1686018009,1686018009,1633938084,40422
149,277,41273,426,1686018009,1,1,-1686018008,1686018009,1686018009,1633938084,40422
149,277,41273,426,1686018009,2,3,-5058054026,5058054027,1686018009,1633938084,40422
149,277,41273,426,1686018009,3,7,-11802126062,11802126063,1686018009,1633938084,40422
149,277,41273,426,1686018009,5,21,-35406378188,35406378189,1686018009,1633938084,40422
149,277,41273,426,1686018009,7,43,-72498774386,72498774387,1686018009,1633938084,40422
149,281,41869,430,1735152093,0,1,-1735152092,1735152093,1735152093,1681820100,41010
149,281,41869,430,1735152093,1,1,-1735152092,1735152093,1735152093,1681820100,41010
149,281,41869,430,1735152093,2,3,-5205456278,5205456279,1735152093,1681820100,41010
149,281,41869,430,1735152093,3,7,-12146064650,12146064651,1735152093,1681820100,41010
149,281,41869,430,1735152093,5,21,-36438193952,36438193953,1735152093,1681820100,41010
149,281,41869,430,1735152093,7,43,-74611539998,74611539999,1735152093,1681820100,41010
149,283,42167,432,1759983771,0,1,-1759983770,1759983771,1759983771,1706020416,41304
149,283,42167,432,1759983771,1,1,-1759983770,1759983771,1759983771,1706020416,41304
149,283,42167,432,1759983771,2,3,-5279951312,5279951313,1759983771,1706020416,41304
149,283,42167,432,1759983771,3,7,-12319886396,12319886397,1759983771,1706020416,41304
149,283,42167,432,1759983771,5,21,-36959659190,36959659191,1759983771,1706020416,41304
149,283,42167,432,1759983771,7,43,-75679302152,75679302153,1759983771,1706020416,41304
149,293,43657,442,1886788521,0,1,-1886788520,1886788521,1886788521,1829615076,42774
149,293,43657,442,1886788521,1,1,-1886788520,1886788521,1886788521,1829615076,42774
149,293,43657,442,1886788521,2,3,-5660365562,5660365563,1886788521,1829615076,42774
149,293,43657,442,1886788521,3,7,-13207519646,13207519647,1886788521,1829615076,42774
149,293,43657,442,1886788521,5,21,-39622558940,39622558941,1886788521,1829615076,42774
149,293,43657,442,1886788521,7,43,-81131906402,81131906403,1886788521,1829615076,42774
151,157,23707,308,554790943,0,1,-554790942,554790943,554790943,533240464,23092
151,157,23707,308,554790943,1,1,-554790942,554790943,554790943,533240464,23092
151,157,23707,308,554790943,2,3,-1664372828,1664372829,554790943,533240464,23092
151,157,23707,308,554790943,3,7,-3883536600,3883536601,554790943,533240464,23092
151,157,23707,308,554790943,5,21,-11650609802,11650609803,554790943,533240464,23092
151,157,23707,308,554790943,7,43,-23856010548,23856010549,554790943,533240464,23092
151,163,24613,314,598144957,0,1,-598144956,598144957,598144957,575328196,23986
151,163,24613,314,598144957,1,1,-598144956,598144957,598144957,575328196,23986
151,163,24613,314,598144957,2,3,-1794434870,1794434871,598144957,575328196,23986
151,163,24613,314,598144957,3,7,-4187014698,4187014699,598144957,575328196,23986
151,163,24613,314,598144957,5,21,-12561044096,12561044097,598144957,575328196,23986
151,163,24613,314,598144957,7,43,-25720233150,25720233151,598144957,575328196,23986
151,167,25217,318,627953673,0,1,-627953672,627953673,627953673,604274724,24582
151,167,25217,318,627953673,1,1,-627953672,627953673,627953673,604274724,24582
151,167,25217,318,627953673,2,3,-1883861018,1883861019,627953673,604274724,24582
151,167,25217,318,627953673,3,7,-4395675710,4395675711,627953673,604274724,24582
151,167,25217,318,627953673,5,21,-13187027132,13187027133,627953673,604274724,24582
151,167,25217,318,627953673,7,43,-27002007938,27002007939,627953673,604274724,24582
151,173,26123,324,674025807,0,1,-674025806,674025807,674025807,649026576,25476
151,173,26123,324,674025807,1,1,-674025806,674025807,674025807,649026576,25476
151,173,26123,324,674025807,2,3,-2022077420,2022077421,674025807,649026576,25476
151,173,26123,324,674025807,3,7,-4718180648,4718180649,674025807,649026576,25476
151,173,26123,324,674025807,5,21,-14154541946,14154541947,674025807,649026576,25476
151,173,26123,324,674025807,7,43,-28983109700,28983109701,674025807,649026576,25476
151,179,27029,330,721728813,0,1,-721728812,721728813,721728813,695376900,26370
151,179,27029,330,721728813,1,1,-721728812,721728813,721728813,695376900,26370
151,179,27029,330,721728813,2,3,-2165186438,2165186439,721728813,695376900,26370
151,179,27029,330,721728813,3,7,-5052101690,5052101691,721728813,695376900,26370
151,179,27029,330,721728813,5,21,-15156305072,15156305073,721728813,695376900,26370
151,179,27029,330,721728813,7,43,-31034338958,31034338959,721728813,695376900,26370
151,181,27331,332,737992231,0,1,-737992230,737992231,737992231,711182224,26668
151,181,27331,332,737992231,1,1,-737992230,737992231,737992231,711182224,26668
151,181,27331,332,737992231,2,3,-2213976692,2213976693,737992231,711182224,26668
151,181,27331,332,737992231,3,7,-5165945616,5165945617,737992231,711182224,26668
151,181,27331,332,737992231,5,21,-15497836850,15497836851,737992231,711182224,26668
151,181,27331,332,737992231,7,43,-31733665932,31733665933,737992231,711182224,26668
151,191,28841,342,822027441,0,1,-822027440,822027441,822027441,792872964,28158
151,191,28841,342,822027441,1,1,-822027440,822027441,822027441,792872964,28158
151,191,28841,342,822027441,2,3,-2466082322,2466082323,822027441,792872964,28158
151,191,28841,342,822027441,3,7,-5754192086,5754192087,822027441,792872964,28158
151,191,28841,342,822027441,5,21,-17262576260,17262576261,822027441,792872964,28158
151,191,28841,342,822027441,7,43,-35347179962,35347179963,822027441,792872964,28158
151,193,29143,344,839378107,0,1,-839378106,839378107,839378107,809743936,28456
151,193,29143,344,839378107,1,1,-839378106,839378107,839378107,809743936,28456
151,193,29143,344,839378107,2,3,-2518134320,2518134321,839378107,809743936,28456
151,193,29143,344,839378107,3,7,-5875646748,5875646749,839378107,809743936,28456
151,193,29143,344,839378107,5,21,-17626940246,17626940247,839378107,809743936,28456
151,193,29143,344,839378107,7,43,-36093258600,36093258601,839378107,809743936,28456
151,197,29747,348,874623063,0,1,-874623062,874623063,874623063,844018704,29052
151,197,29747,348,874623063,1,1,-874623062,874623063,874623063,844018704,29052
151,197,29747,348,874623063,2,3,-2623869188,2623869189,874623063,844018704,29052
151,197,29747,348,874623063,3,7,-6122361440,6122361441,874623063,844018704,29052
151,197,29747,348,874623063,5,21,-18367084322,18367084323,874623063,844018704,29052
151,197,29747,348,874623063,7,43,-37608791708,37608791709,874623063,844018704,29052
151,199,30049,350,892517353,0,1,-892517352,892517353,892517353,861422500,29350
151,199,30049,350,892517353,1,1,-892517352,892517353,892517353,861422500,29350
151,199,30049,350,892517353,2,3,-2677552058,2677552059,892517353,861422500,29350
151,199,30049,350,892517353,3,7,-6247621470,6247621471,892517353,861422500,29350
151,199,30049,350,892517353,5,21,-18742864412,18742864413,892517353,861422500,29350
151,199,30049,350,892517353,7,43,-38378246178,38378246179,892517353,861422500,29350
151,211,31861,362,1003688461,0,1,-1003688460,1003688461,1003688461,969575044,31138
151,211,31861,362,1003688461,1,1,-1003688460,1003688461,1003688461,969575044,31138
151,211,31861,362,1003688461,2,3,-3011065382,3011065383,1003688461,969575044,31138
151,211,31861,362,1003688461,3,7,-7025819226,7025819227,1003688461,969575044,31138
151,211,31861,362,1003688461,5,21,-21077457680,21077457681,1003688461,969575044,31138
151,211,31861,362,1003688461,7,43,-43158603822,43158603823,1003688461,969575044,31138
151,223,33673,374,1121383057,0,1,-1121383056,1121383057,1121383057,1084121476,32926
151,223,33673,374,1121383057,1,1,-1121383056,1121383057,1121383057,1084121476,32926
151,223,33673,374,1121383057,2,3,-3364149170,3364149171,1121383057,1084121476,32926
151,223,33673,374,1121383057,3,7,-7849681398,7849681399,1121383057,1084121476,32926
151,223,33673,374,1121383057,5,21,-23549044196,23549044197,1121383057,1084121476,32926
151,223,33673,374,1121383057,7,43,-48219471450,48219471451,1121383057,1084121476,32926
151,227,34277,378,1162064253,0,1,-1162064252,1162064253,1162064253,1123724484,33522
151,227,34277,378,1162064253,1,1,-1162064252,1162064253,1162064253,1123724484,33522
151,227,34277,378,1162064253,2,3,-3486192758,3486192759,1162064253,1123724484,33522
151,227,34277,378,1162064253,3,7,-8134449770,8134449771,1162064253,1123724484,33522
151,227,34277,378,1162064253,5,21,-24403349312,24403349313,1162064253,1123724484,33522
151,227,34277,378,1162064253,7,43,-49968762878,49968762879,1162064253,1123724484,33522
151,229,34579,380,1182676663,0,1,-1182676662,1182676663,1182676663,1143792400,33820
151,229,34579,380,1182676663,1,1,-1182676662,1182676663,1182676663,1143792400,33820
151,229,34579,380,1182676663,2,3,-3548029988,3548029989,1182676663,1143792400,33820
151,229,34579,380,1182676663,3,7,-8278736640,8278736641,1182676663,1143792400,33820
151,229,34579,380,1182676663,5,21,-24836209922,24836209923,1182676663,1143792400,33820
151,229,34579,380,1182676663,7,43,-50855096508,50855096509,1182676663,1143792400,33820
151,233,35183,384,1224445107,0,1,-1224445106,1224445107,1224445107,1184461056,34416
151,233,35183,384,1224445107,1,1,-1224445106,1224445107,1224445107,1184461056,34416
151,233,35183,384,1224445107,2,3,-3673335320,3673335321,1224445107,1184461056,34416
151,233,35183,384,1224445107,3,7,-8571115748,8571115749,1224445107,1184461056,34416
151,233,35183,384,1224445107,5,21,-25713347246,25713347247,1224445107,1184461056,34416
151,233,35183,384,1224445107,7,43,-52651139600,52651139601,1224445107,1184461056,34416
151,239,36089,390,1288456833,0,1,-1288456832,1288456833,1288456833,1246796100,35310
151,239,36089,390,1288456833,1,1,-1288456832,1288456833,1288456833,1246796100,35310
151,239,36089,390,1288456833,2,3,-3865370498,3865370499,1288456833,1246796100,35310
151,239,36089,390,1288456833,3,7,-9019197830,9019197831,1288456833,1246796100,35310
151,239,36089,390,1288456833,5,21,-27057593492,27057593493,1288456833,1246796100,35310
151,239,36089,390,1288456833,7,43,-55403643818,55403643819,1288456833,1246796100,35310
151,241,36391,392,1310156491,0,1,-1310156490,1310156491,1310156491,1267929664,35608
151,241,36391,392,1310156491,1,1,-1310156490,1310156491,1310156491,1267929664,35608
151,241,36391,392,1310156491,2,3,-3930469472,3930469473,1310156491,1267929664,35608
151,241,36391,392,1310156491,3,7,-9171095436,9171095437,1310156491,1267929664,35608
151,241,36391,392,1310156491,5,21,-27513286310,27513286311,1310156491,1267929664,35608
151,241,36391,392,1310156491,7,43,-56336729112,56336729113,1310156491,1267929664,35608
151,251,37901,402,1421372901,0,1,-1421372900,1421372901,1421372901,1376261604,37098
151,251,37901,402,1421372901,1,1,-1421372900,1421372901,1421372901,1376261604,37098
151,251,37901,402,1421372901,2,3,-4264118702,4264118703,1421372901,1376261604,37098
151,251,37901,402,1421372901,3,7,-9949610306,9949610307,1421372901,1376261604,37098
151,251,37901,402,1421372901,5,21,-29848830920,29848830921,1421372901,1376261604,37098
151,251,37901,402,1421372901,7,43,-61119034742,61119034743,1421372901,1376261604,37098
151,257,38807,408,1490277243,0,1,-1490277242,1490277243,1490277243,1443392064,37992
151,257,38807,408,1490277243,1,1,-1490277242,1490277243,1490277243,1443392064,37992
151,257,38807,408,1490277243,2,3,-4470831728,4470831729,1490277243,1443392064,37992
151,257,38807,408,1490277243,3,7,-10431940700,10431940701,1490277243,1443392064,37992
151,257,38807,408,1490277243,5,21,-31295822102,31295822103,1490277243,1443392064,37992
151,257,38807,408,1490277243,7,43,-64081921448,64081921449,1490277243,1443392064,37992
151,263,39713,414,1560812457,0,1,-1560812456,1560812457,1560812457,1512120996,38886
151,263,39713,414,1560812457,1,1,-1560812456,1560812457,1560812457,1512120996,38886
151,263,39713,414,1560812457,2,3,-4682437370,4682437371,1560812457,1512120996,38886
151,263,39713,414,1560812457,3,7,-10925687198,10925687199,1560812457,1512120996,38886
151,263,39713,414,1560812457,5,21,-32777061596,32777061597,1560812457,1512120996,38886
151,263,39713,414,1560812457,7,43,-67114935650,67114935651,1560812457,1512120996,38886
151,269,40619,420,1632978543,0,1,-1632978542,1632978543,1632978543,1582448400,39780
151,269,40619,420,1632978543,1,1,-1632978542,1632978543,1632978543,1582448400,39780
151,269,40619,420,1632978543,2,3,-4898935628,4898935629,1632978543,1582448400,39780
151,269,40619,420,1632978543,3,7,-11430849800,11430849801,1632978543,1582448400,39780
151,269,40619,420,1632978543,5,21,-34292549402,34292549403,1632978543,1582448400,39780
151,269,40619,420,1632978543,7,43,-70218077348,70218077349,1632978543,1582448400,39780
151,271,40921,422,1657396321,0,1,-1657396320,1657396321,1657396321,1606246084,40078
151,271,40921,422,1657396321,1,1,-1657396320,1657396321,1657396321,1606246084,40078
151,271,40921,422,1657396321,2,3,-4972188962,4972188963,1657396321,1606246084,40078
151,271,40921,422,1657396321,3,7,-11601774246,11601774247,1657396321,1606246084,40078
151,271,40921,422,1657396321,5,21,-34805322740,34805322741,1657396321,1606246084,40078
151,271,40921,422,1657396321,7,43,-71268041802,71268041803,1657396321,1606246084,40078
151,277,41827,428,1731736903,0,1,-1731736902,1731736903,1731736903,1678704784,40972
151,277,41827,428,1731736903,1,1,-1731736902,1731736903,1731736903,1678704784,40972
151,277,41827,428,1731736903,2,3,-5195210708,5195210709,1731736903,1678704784,40972
151,277,41827,428,1731736903,3,7,-12122158320,12122158321,1731736903,1678704784,40972
151,277,41827,428,1731736903,5,21,-36366474962,36366474963,1731736903,1678704784,40972
151,277,41827,428,1731736903,7,43,-74464686828,74464686829,1731736903,1678704784,40972
151,281,42431,432,1782203331,0,1,-1782203330,1782203331,1782203331,1727898624,41568
151,281,42431,432,1782203331,1,1,-1782203330,1782203331,1782203331,1727898624,41568
151,281,42431,432,1782203331,2,3,-5346609992,5346609993,1782203331,1727898624,41568
151,281,42431,432,1782203331,3,7,-12475423316,12475423317,1782203331,1727898624,41568
151,281,42431,432,1782203331,5,21,-37426269950,37426269951,1782203331,1727898624,41568
151,281,42431,432,1782203331,7,43,-76634743232,76634743233,1782203331,1727898624,41568
151,283,42733,434,1807708357,0,1,-1807708356,1807708357,1807708357,1752761956,41866
151,283,42733,434,1807708357,1,1,-1807708356,1807708357,1807708357,1752761956,41866
151,283,42733,434,1807708357,2,3,-5423125070,5423125071,1807708357,1752761956,41866
151,283,42733,434,1807708357,3,7,-12653958498,12653958499,1807708357,1752761956,41866
151,283,42733,434,1807708357,5,21,-37961875496,37961875497,1807708357,1752761956,41866
151,283,42733,434,1807708357,7,43,-77731459350,77731459351,1807708357,1752761956,41866
151,293,44243,444,1937951607,0,1,-1937951606,1937951607,1937951607,1879742736,43356
151,293,44243,444,1937951607,1,1,-1937951606,1937951607,1937951607,1879742736,43356
151,293,44243,444,1937951607,2,3,-5813854820,5813854821,1937951607,1879742736,43356
151,293,44243,444,1937951607,3,7,-13565661248,13565661249,1937951607,1879742736,43356
151,293,44243,444,1937951607,5,21,-40696983746,40696983747,1937951607,1879742736,43356
151,293,44243,444,1937951607,7,43,-83331919100,83331919101,1937951607,1879742736,43356
157,163,25591,320,646786651,0,1,-646786650,646786651,646786651,622602304,24952
157,163,25591,320,646786651,1,1,-646786650,646786651,646786651,622602304,24952
157,163,25591,320,646786651,2,3,-1940359952,1940359953,646786651,622602304,24952
157,163,25591,320,646786651,3,7,-4527506556,4527506557,646786651,622602304,24952
157,163,25591,320,646786651,5,21,-13582519670,13582519671,646786651,622602304,24952
157,163,25591,320,646786651,7,43,-27811825992,27811825993,646786651,622602304,24952
157,167,26219,324,679019439,0,1,-679019438,679019439,679019439,653927184,25572
157,167,26219,324,679019439,1,1,-679019438,679019439,679019439,653927184,25572
157,167,26219,324,679019439,2,3,-2037058316,2037058317,679019439,653927184,25572
157,167,26219,324,679019439,3,7,-4753136072,4753136073,679019439,653927184,25572
157,167,26219,324,679019439,5,21,-14259408218,14259408219,679019439,653927184,25572
157,167,26219,324,679019439,7,43,-29197835876,29197835877,679019439,653927184,25572
157,173,27161,330,728838201,0,1,-728838200,728838201,728838201,702356004,26502
157,173,27161,330,728838201,1,1,-728838200,728838201,728838201,702356004,26502
157,173,27161,330,728838201,2,3,-2186514602,2186514603,728838201,702356004,26502
157,173,27161,330,728838201,3,7,-5101867406,5101867407,728838201,702356004,26502
157,173,27161,330,728838201,5,21,-15305602220,15305602221,728838201,702356004,26502
157,173,27161,330,728838201,7,43,-31340042642,31340042643,728838201,702356004,26502
157,179,28103,336,780420459,0,1,-780420458,780420459,780420459,752514624,27432
157,179,28103,336,780420459,1,1,-780420458,780420459,780420459,752514624,27432
157,179,28103,336,780420459,2,3,-2341261376,2341261377,780420459,752514624,27432
157,179,28103,336,780420459,3,7,-5462943212,5462943213,780420459,752514624,27432
157,179,28103,336,780420459,5,21,-16388829638,16388829639,780420459,752514624,27432
157,179,28103,336,780420459,7,43,-33558079736,33558079737,780420459,752514624,27432
157,181,28417,338,798006433,0,1,-798006432,798006433,798006433,769618564,27742
157,181,28417,338,798006433,1,1,-798006432,798006433,798006433,769618564,27742
157,181,28417,338,798006433,2,3,-2394019298,2394019299,798006433,769618564,27742
157,181,28417,338,798006433,3,7,-5586045030,5586045031,798006433,769618564,27742
157,181,28417,338,798006433,5,21,-16758135092,16758135093,798006433,769618564,27742
157,181,28417,338,798006433,7,43,-34314276618,34314276619,798006433,769618564,27742
157,191,29987,348,888875463,0,1,-888875462,888875463,888875463,858021264,29292
157,191,29987,348,888875463,1,1,-888875462,888875463,888875463,858021264,29292
157,191,29987,348,888875463,2,3,-2666626388,2666626389,888875463,858021264,29292
157,191,29987,348,888875463,3,7,-6222128240,6222128241,888875463,858021264,29292
157,191,29987,348,888875463,5,21,-18666384722,18666384723,888875463,858021264,29292
157,191,29987,348,888875463,7,43,-38221644908,38221644909,888875463,858021264,29292
157,193,30301,350,907637101,0,1,-907637100,907637101,907637101,876278404,29602
157,193,30301,350,907637101,1,1,-907637100,907637101,907637101,876278404,29602
157,193,30301,350,907637101,2,3,-2722911302,2722911303,907637101,876278404,29602
157,193,30301,350,907637101,3,7,-6353459706,6353459707,907637101,876278404,29602
157,193,30301,350,907637101,5,21,-19060379120,19060379121,907637101,876278404,29602
157,193,30301,350,907637101,7,43,-39028395342,39028395343,907637101,876278404,29602
157,197,30929,354,945748209,0,1,-945748208,945748209,945748209,913369284,30222
157,197,30929,354,945748209,1,1,-945748208,945748209,945748209,913369284,30222
157,197,30929,354,945748209,2,3,-2837244626,2837244627,945748209,913369284,30222
157,197,30929,354,945748209,3,7,-6620237462,6620237463,945748209,913369284,30222
157,197,30929,354,945748209,5,21,-19860712388,19860712389,945748209,913369284,30222
157,197,30929,354,945748209,7,43,-40667172986,40667172987,945748209,913369284,30222
157,199,31243,356,965097679,0,1,-965097678,965097679,965097679,932203024,30532
157,199,31243,356,965097679,1,1,-965097678,965097679,965097679,932203024,30532
157,199,31243,356,965097679,2,3,-2895293036,2895293037,965097679,932203024,30532
157,199,31243,356,965097679,3,7,-6755683752,6755683753,965097679,932203024,30532
157,199,31243,356,965097679,5,21,-20267051258,20267051259,965097679,932203024,30532
157,199,31243,356,965097679,7,43,-41499200196,41499200197,965097679,932203024,30532
157,211,33127,368,1085309323,0,1,-1085309322,1085309323,1085309323,1049241664,32392
157,211,33127,368,1085309323,1,1,-1085309322,1085309323,1085309323,1049241664,32392
157,211,33127,368,1085309323,2,3,-3255927968,3255927969,1085309323,1049241664,32392
157,211,33127,368,1085309323,3,7,-7597165260,7597165261,1085309323,1049241664,32392
157,211,33127,368,1085309323,5,21,-22791495782,22791495783,1085309323,1049241664,32392
157,211,33127,368,1085309323,7,43,-46668300888,46668300889,1085309323,1049241664,32392
157,223,35011,380,1212574951,0,1,-1212574950,1212574951,1212574951,1173199504,34252
157,223,35011,380,1212574951,1,1,-1212574950,1212574951,1212574951,1173199504,34252
157,223,35011,380,1212574951,2,3,-3637724852,3637724853,1212574951,1173199504,34252
157,223,35011,380,1212574951,3,7,-8488024656,8488024657,1212574951,1173199504,34252
157,223,35011,380,1212574951,5,21,-25464073970,25464073971,1212574951,1173199504,34252
157,223,35011,380,1212574951,7,43,-52140722892,52140722893,1212574951,1173199504,34252
157,227,35639,384,1256564379,0,1,-1256564378,1256564379,1256564379,1216056384,34872
157,227,35639,384,1256564379,1,1,-1256564378,1256564379,1256564379,1216056384,34872
157,227,35639,384,1256564379,2,3,-3769693136,3769693137,1256564379,1216056384,34872
157,227,35639,384,1256564379,3,7,-8795950652,8795950653,1256564379,1216056384,34872
157,227,35639,384,1256564379,5,21,-26387851958,26387851959,1256564379,1216056384,34872
157,227,35639,384,1256564379,7,43,-54032268296,54032268297,1256564379,1216056384,34872
157,229,35953,386,1278853009,0,1,-1278853008,1278853009,1278853009,1237773124,35182
157,229,35953,386,1278853009,1,1,-1278853008,1278853009,1278853009,1237773124,35182
157,229,35953,386,1278853009,2,3,-3836559026,3836559027,1278853009,1237773124,35182
157,229,35953,386,1278853009,3,7,-8951971062,8951971063,1278853009,1237773124,35182
157,229,35953,386,1278853009,5,21,-26855913188,26855913189,1278853009,1237773124,35182
157,229,35953,386,1278853009,7,43,-54990679386,54990679387,1278853009,1237773124,35182
157,233,36581,390,1324018101,0,1,-1324018100,1324018101,1324018101,1281783204,35802
157,233,36581,390,1324018101,1,1,-1324018100,1324018101,1324018101,1281783204,35802
157,233,36581,390,1324018101,2,3,-3972054302,3972054303,1324018101,1281783204,35802
157,233,36581,390,1324018101,3,7,-9268126706,9268126707,1324018101,1281783204,35802
157,233,36581,390,1324018101,5,21,-27804380120,27804380121,1324018101,1281783204,35802
157,233,36581,390,1324018101,7,43,-56932778342,56932778343,1324018101,1281783204,35802
157,239,37523,396,1393235319,0,1,-1393235318,1393235319,1393235319,1349239824,36732
157,239,37523,396,1393235319,1,1,-1393235318,1393235319,1393235319,1349239824,36732
157,239,37523,396,1393235319,2,3,-4179705956,4179705957,1393235319,1349239824,36732
157,239,37523,396,1393235319,3,7,-9752647232,9752647233,1393235319,1349239824,36732
157,239,37523,396,1393235319,5,21,-29257941698,29257941699,1393235319,1349239824,36732
157,239,37523,396,1393235319,7,43,-59909118716,59909118717,1393235319,1349239824,36732
157,241,37837,398,1416699613,0,1,-1416699612,1416699613,1416699613,1372109764,37042
157,241,37837,398,1416699613,1,1,-1416699612,1416699613,1416699613,1372109764,37042
157,241,37837,398,1416699613,2,3,-4250098838,4250098839,1416699613,1372109764,37042
157,241,37837,398,1416699613,3,7,-9916897290,9916897291,1416699613,1372109764,37042
157,241,37837,398,1416699613,5,21,-29750691872,29750691873,1416699613,1372109764,37042
157,241,37837,398,1416699613,7,43,-60918083358,60918083359,1416699613,1372109764,37042
157,251,39407,408,1536960243,0,1,-1536960242,1536960243,1536960243,1489342464,38592
157,251,39407,408,1536960243,1,1,-1536960242,1536960243,1536960243,1489342464,38592
157,251,39407,408,1536960243,2,3,-4610880728,4610880729,1536960243,1489342464,38592
157,251,39407,408,1536960243,3,7,-10758721700,10758721701,1536960243,1489342464,38592
157,251,39407,408,1536960243,5,21,-32276165102,32276165103,1536960243,1489342464,38592
157,251,39407,408,1536960243,7,43,-66089290448,66089290449,1536960243,1489342464,38592
157,257,40349,414,1611467949,0,1,-1611467948,1611467949,1611467949,1561988484,39522
157,257,40349,414,1611467949,1,1,-1611467948,1611467949,1611467949,1561988484,39522
157,257,40349,414,1611467949,2,3,-4834403846,4834403847,1611467949,1561988484,39522
157,257,40349,414,1611467949,3,7,-11280275642,11280275643,1611467949,1561988484,39522
157,257,40349,414,1611467949,5,21,-33840826928,33840826929,1611467949,1561988484,39522
157,257,40349,414,1611467949,7,43,-69293121806,69293121807,1611467949,1561988484,39522
157,263,41291,420,1687739151,0,1,-1687739150,1687739151,1687739151,1636364304,40452
157,263,41291,420,1687739151,1,1,-1687739150,1687739151,1687739151,1636364304,40452
157,263,41291,420,1687739151,2,3,-5063217452,5063217453,1687739151,1636364304,40452
157,263,41291,420,1687739151,3,7,-11814174056,11814174057,1687739151,1636364304,40452
157,263,41291,420,1687739151,5,21,-35442522170,35442522171,1687739151,1636364304,40452
157,263,41291,420,1687739151,7,43,-72572783492,72572783493,1687739151,1636364304,40452
157,269,42233,426,1765773849,0,1,-1765773848,1765773849,1765773849,1712469924,41382
157,269,42233,426,1765773849,1,1,-1765773848,1765773849,1765773849,1712469924,41382
157,269,42233,426,1765773849,2,3,-5297321546,5297321547,1765773849,1712469924,41382
157,269,42233,426,1765773849,3,7,-12360416942,12360416943,1765773849,1712469924,41382
157,269,42233,426,1765773849,5,21,-37081250828,37081250829,1765773849,1712469924,41382
157,269,42233,426,1765773849,7,43,-75928275506,75928275507,1765773849,1712469924,41382
157,271,42547,428,1792177303,0,1,-1792177302,1792177303,1792177303,1738222864,41692
157,271,42547,428,1792177303,1,1,-1792177302,1792177303,1792177303,1738222864,41692
157,271,42547,428,1792177303,2,3,-5376531908,5376531909,1792177303,1738222864,41692
157,271,42547,428,1792177303,3,7,-12545241120,12545241121,1792177303,1738222864,41692
157,271,42547,428,1792177303,5,21,-37635723362,37635723363,1792177303,1738222864,41692
157,271,42547,428,1792177303,7,43,-77063624028,77063624029,1792177303,1738222864,41692
157,277,43489,434,1872563329,0,1,-1872563328,1872563329,1872563329,1816634884,42622
157,277,43489,434,1872563329,1,1,-1872563328,1872563329,1872563329,1816634884,42622
157,277,43489,434,1872563329,2,3,-5617689986,5617689987,1872563329,1816634884,42622
157,277,43489,434,1872563329,3,7,-13107943302,13107943303,1872563329,1816634884,42622
157,277,43489,434,1872563329,5,21,-39323829908,39323829909,1872563329,1816634884,42622
157,277,43489,434,1872563329,7,43,-80520223146,80520223147,1872563329,1816634884,42622
157,281,44117,438,1927133733,0,1,-1927133732,1927133733,1927133733,1869870564,43242
157,281,44117,438,1927133733,1,1,-1927133732,1927133733,1927133733,1869870564,43242
157,281,44117,438,1927133733,2,3,-5781401198,5781401199,1927133733,1869870564,43242
157,281,44117,438,1927133733,3,7,-13489936130,13489936131,1927133733,1869870564,43242
157,281,44117,438,1927133733,5,21,-40469808392,40469808393,1927133733,1869870564,43242
157,281,44117,438,1927133733,7,43,-82866750518,82866750519,1927133733,1869870564,43242
157,283,44431,440,1954712851,0,1,-1954712850,1954712851,1954712851,1896776704,43552
157,283,44431,440,1954712851,1,1,-1954712850,1954712851,1954712851,1896776704,43552
157,283,44431,440,1954712851,2,3,-5864138552,5864138553,1954712851,1896776704,43552
157,283,44431,440,1954712851,3,7,-13682989956,13682989957,1954712851,1896776704,43552
157,283,44431,440,1954712851,5,21,-41048969870,41048969871,1954712851,1896776704,43552
157,283,44431,440,1954712851,7,43,-84052652592,84052652593,1954712851,1896776704,43552
157,293,46001,450,2095547601,0,1,-2095547600,2095547601,2095547601,2034190404,45102
157,293,46001,450,2095547601,1,1,-2095547600,2095547601,2095547601,2034190404,45102
157,293,46001,450,2095547601,2,3,-6286642802,6286642803,2095547601,2034190404,45102
157,293,46001,450,2095547601,3,7,-14668833206,14668833207,2095547601,2034190404,45102
157,293,46001,450,2095547601,5,21,-44006499620,44006499621,2095547601,2034190404,45102
157,293,46001,450,2095547601,7,43,-90108546842,90108546843,2095547601,2034190404,45102
163,167,27221,330,732081261,0,1,-732081260,732081261,732081261,705539844,26562
163,167,27221,330,732081261,1,1,-732081260,732081261,732081261,705539844,26562
163,167,27221,330,732081261,2,3,-2196243782,2196243783,732081261,705539844,26562
163,167,27221,330,732081261,3,7,-5124568826,5124568827,732081261,705539844,26562
163,167,27221,330,732081261,5,21,-15373706480,15373706481,732081261,705539844,26562
163,167,27221,330,732081261,7,43,-31479494222,31479494223,732081261,705539844,26562
163,173,28199,336,785793099,0,1,-785793098,785793099,785793099,757790784,27528
163,173,28199,336,785793099,1,1,-785793098,785793099,785793099,757790784,27528
163,173,28199,336,785793099,2,3,-2357379296,2357379297,785793099,757790784,27528
163,173,28199,336,785793099,3,7,-5500551692,5500551693,785793099,757790784,27528
163,173,28199,336,785793099,5,21,-16501655078,16501655079,785793099,757790784,27528
163,173,28199,336,785793099,7,43,-33789103256,33789103257,785793099,757790784,27528
163,179,29177,342,841406241,0,1,-841406240,841406241,841406241,811908036,28494
163,179,29177,342,841406241,1,1,-841406240,841406241,841406241,811908036,28494
163,179,29177,342,841406241,2,3,-2524218722,2524218723,841406241,811908036,28494
163,179,29177,342,841406241,3,7,-5889843686,5889843687,841406241,811908036,28494
163,179,29177,342,841406241,5,21,-17669531060,17669531061,841406241,811908036,28494
163,179,29177,342,841406241,7,43,-36180468362,36180468363,841406241,811908036,28494
163,181,29503,344,860366467,0,1,-860366466,860366467,860366467,830361856,28816
163,181,29503,344,860366467,1,1,-860366466,860366467,860366467,830361856,28816
163,181,29503,344,860366467,2,3,-2581099400,2581099401,860366467,830361856,28816
163,181,29503,344,860366467,3,7,-6022565268,6022565269,860366467,830361856,28816
163,181,29503,344,860366467,5,21,-18067695806,18067695807,860366467,830361856,28816
163,181,29503,344,860366467,7,43,-36995758080,36995758081,860366467,830361856,28816
163,191,31133,354,958336437,0,1,-958336436,958336437,958336437,925741476,30426
163,191,31133,354,958336437,1,1,-958336436,958336437,958336437,925741476,30426
163,191,31133,354,958336437,2,3,-2875009310,2875009311,958336437,925741476,30426
163,191,31133,354,958336437,3,7,-6708355058,6708355059,958336437,925741476,30426
163,191,31133,354,958336437,5,21,-20125065176,20125065177,958336437,925741476,30426
163,191,31133,354,958336437,7,43,-41208466790,41208466791,958336437,925741476,30426
163,193,31459,356,978564199,0,1,-978564198,978564199,978564199,945439504,30748
163,193,31459,356,978564199,1,1,-978564198,978564199,978564199,945439504,30748
163,193,31459,356,978564199,2,3,-2935692596,2935692597,978564199,945439504,30748
163,193,31459,356,978564199,3,7,-6849949392,6849949393,978564199,945439504,30748
163,193,31459,356,978564199,5,21,-20549848178,20549848179,978564199,945439504,30748
163,193,31459,356,978564199,7,43,-42078260556,42078260557,978564199,945439504,30748
163,197,32111,360,1019653491,0,1,-1019653490,1019653491,1019653491,985457664,31392
163,197,32111,360,1019653491,1,1,-1019653490,1019653491,1019653491,985457664,31392
163,197,32111,360,1019653491,2,3,-3058960472,3058960473,1019653491,985457664,31392
163,197,32111,360,1019653491,3,7,-7137574436,7137574437,1019653491,985457664,31392
163,197,32111,360,1019653491,5,21,-21412723310,21412723311,1019653491,985457664,31392
163,197,32111,360,1019653491,7,43,-43845100112,43845100113,1019653491,985457664,31392
163,199,32437,362,1040515021,0,1,-1040515020,1040515021,1040515021,1005777796,31714
163,199,32437,362,1040515021,1,1,-1040515020,1040515021,1040515021,1005777796,31714
163,199,32437,362,1040515021,2,3,-3121545062,3121545063,1040515021,1005777796,31714
163,199,32437,362,1040515021,3,7,-7283605146,7283605147,1040515021,1005777796,31714
163,199,32437,362,1040515021,5,21,-21850815440,21850815441,1040515021,1005777796,31714
163,199,32437,362,1040515021,7,43,-44742145902,44742145903,1040515021,1005777796,31714
163,211,34393,374,1170120577,0,1,-1170120576,1170120577,1170120577,1132053316,33646
163,211,34393,374,1170120577,1,1,-1170120576,1170120577,1170120577,1132053316,33646
163,211,34393,374,1170120577,2,3,-3510361730,3510361731,1170120577,1132053316,33646
163,211,34393,374,1170120577,3,7,-8190844038,8190844039,1170120577,1132053316,33646
163,211,34393,374,1170120577,5,21,-24572532116,24572532117,1170120577,1132053316,33646
163,211,34393,374,1170120577,7,43,-50315184810,50315184811,1170120577,1132053316,33646
163,223,36349,386,1307331349,0,1,-1307331348,1307331349,1307331349,1265794084,35578
163,223,36349,386,1307331349,1,1,-1307331348,1307331349,1307331349,1265794084,35578
163,223,36349,386,1307331349,2,3,-3921994046,3921994047,1307331349,1265794084,35578
163,223,36349,386,1307331349,3,7,-9151319442,9151319443,1307331349,1265794084,35578
163,223,36349,386,1307331349,5,21,-27453958328,27453958329,1307331349,1265794084,35578
163,223,36349,386,1307331349,7,43,-56215248006,56215248007,1307331349,1265794084,35578
163,227,37001,390,1354758321,0,1,-1354758320,1354758321,1354758321,1312033284,36222
163,227,37001,390,1354758321,1,1,-1354758320,1354758321,1354758321,1312033284,36222
163,227,37001,390,1354758321,2,3,-4064274962,4064274963,1354758321,1312033284,36222
163,227,37001,390,1354758321,3,7,-9483308246,9483308247,1354758321,1312033284,36222
163,227,37001,390,1354758321,5,21,-28449924740,28449924741,1354758321,1312033284,36222
163,227,37001,390,1354758321,7,43,-58254607802,58254607803,1354758321,1312033284,36222
163,229,37327,392,1378788691,0,1,-1378788690,1378788691,1378788691,1335463936,36544
163,229,37327,392,1378788691,1,1,-1378788690,1378788691,1378788691,1335463936,36544
163,229,37327,392,1378788691,2,3,-4136366072,4136366073,1378788691,1335463936,36544
163,229,37327,392,1378788691,3,7,-9651520836,9651520837,1378788691,1335463936,36544
163,229,37327,392,1378788691,5,21,-28954562510,28954562511,1378788691,1335463936,36544
163,229,37327,392,1378788691,7,43,-59287913712,59287913713,1378788691,1335463936,36544
163,233,37979,396,1427483199,0,1,-1427483198,1427483199,1427483199,1382947344,37188
163,233,37979,396,1427483199,1,1,-1427483198,1427483199,1427483199,1382947344,37188
163,233,37979,396,1427483199,2,3,-4282449596,4282449597,1427483199,1382947344,37188
163,233,37979,396,1427483199,3,7,-9992382392,9992382393,1427483199,1382947344,37188
163,233,37979,396,1427483199,5,21,-29977147178,29977147179,1427483199,1382947344,37188
163,233,37979,396,1427483199,7,43,-61381777556,61381777557,1427483199,1382947344,37188
163,239,38957,402,1502109381,0,1,-1502109380,1502109381,1502109381,1455727716,38154
163,239,38957,402,1502109381,1,1,-1502109380,1502109381,1502109381,1455727716,38154
163,239,38957,402,1502109381,2,3,-4506328142,4506328143,1502109381,1455727716,38154
163,239,38957,402,1502109381,3,7,-10514765666,10514765667,1502109381,1455727716,38154
163,239,38957,402,1502109381,5,21,-31544297000,31544297001,1502109381,1455727716,38154
163,239,38957,402,1502109381,7,43,-64590703382,64590703383,1502109381,1455727716,38154
163,241,39283,404,1527407287,0,1,-1527407286,1527407287,1527407287,1480402576,38476
163,241,39283,404,1527407287,1,1,-1527407286,1527407287,1527407287,1480402576,38476
163,241,39283,404,1527407287,2,3,-4582221860,4582221861,1527407287,1480402576,38476
163,241,39283,404,1527407287,3,7,-10691851008,10691851009,1527407287,1480402576,38476
163,241,39283,404,1527407287,5,21,-32075553026,32075553027,1527407287,1480402576,38476
163,241,39283,404,1527407287,7,43,-65678513340,65678513341,1527407287,1480402576,38476
163,251,40913,414,1657065657,0,1,-1657065656,1657065657,1657065657,1606887396,40086
163,251,40913,414,1657065657,1,1,-1657065656,1657065657,1657065657,1606887396,40086
163,251,40913,414,1657065657,2,3,-4971196970,4971196971,1657065657,1606887396,40086
163,251,40913,414,1657065657,3,7,-11599459598,11599459599,1657065657,1606887396,40086
163,251,40913,414,1657065657,5,21,-34798378796,34798378797,1657065657,1606887396,40086
163,251,40913,414,1657065657,7,43,-71253823250,71253823251,1657065657,1606887396,40086
163,257,41891,420,1737395751,0,1,-1737395750,1737395751,1737395751,1685266704,41052
163,257,41891,420,1737395751,1,1,-1737395750,1737395751,1737395751,1685266704,41052
163,257,41891,420,1737395751,2,3,-5212187252,5212187253,1737395751,1685266704,41052
163,257,41891,420,1737395751,3,7,-12161770256,12161770257,1737395751,1685266704,41052
163,257,41891,420,1737395751,5,21,-36485310770,36485310771,1737395751,1685266704,41052
163,257,41891,420,1737395751,7,43,-74708017292,74708017293,1737395751,1685266704,41052
163,263,42869,426,1819627149,0,1,-1819627148,1819627149,1819627149,1765512324,42018
163,263,42869,426,1819627149,1,1,-1819627148,1819627149,1819627149,1765512324,42018
163,263,42869,426,1819627149,2,3,-5458881446,5458881447,1819627149,1765512324,42018
163,263,42869,426,1819627149,3,7,-12737390042,12737390043,1819627149,1765512324,42018
163,263,42869,426,1819627149,5,21,-38212170128,38212170129,1819627149,1765512324,42018
163,263,42869,426,1819627149,7,43,-78243967406,78243967407,1819627149,1765512324,42018
163,269,43847,432,1903759851,0,1,-1903759850,1903759851,1903759851,1847624256,42984
163,269,43847,432,1903759851,1,1,-1903759850,1903759851,1903759851,1847624256,42984
163,269,43847,432,1903759851,2,3,-5711279552,5711279553,1903759851,1847624256,42984
163,269,43847,432,1903759851,3,7,-13326318956,13326318957,1903759851,1847624256,42984
163,269,43847,432,1903759851,5,21,-39978956870,39978956871,1903759851,1847624256,42984
163,269,43847,432,1903759851,7,43,-81861673592,81861673593,1903759851,1847624256,42984
163,271,44173,434,1932226597,0,1,-1932226596,1932226597,1932226597,1875409636,43306
163,271,44173,434,1932226597,1,1,-1932226596,1932226597,1932226597,1875409636,43306
163,271,44173,434,1932226597,2,3,-5796679790,5796679791,1932226597,1875409636,43306
163,271,44173,434,1932226597,3,7,-13525586178,13525586179,1932226597,1875409636,43306
163,271,44173,434,1932226597,5,21,-40576758536,40576758537,1932226597,1875409636,43306
163,271,44173,434,1932226597,7,43,-83085743670,83085743671,1932226597,1875409636,43306
163,277,45151,440,2018894371,0,1,-2018894370,2018894371,2018894371,1960009984,44272
163,277,45151,440,2018894371,1,1,-2018894370,2018894371,2018894371,1960009984,44272
163,277,45151,440,2018894371,2,3,-6056683112,6056683113,2018894371,1960009984,44272
163,277,45151,440,2018894371,3,7,-14132260596,14132260597,2018894371,1960009984,44272
163,277,45151,440,2018894371,5,21,-42396781790,42396781791,2018894371,1960009984,44272
163,277,45151,440,2018894371,7,43,-86812457952,86812457953,2018894371,1960009984,44272
163,281,45803,444,2077729167,0,1,-2077729166,2077729167,2077729167,2017447056,44916
163,281,45803,444,2077729167,1,1,-2077729166,2077729167,2077729167,2017447056,44916
163,281,45803,444,2077729167,2,3,-6233187500,6233187501,2077729167,2017447056,44916
163,281,45803,444,2077729167,3,7,-14544104168,14544104169,2077729167,2017447056,44916
163,281,45803,444,2077729167,5,21,-43632312506,43632312507,2077729167,2017447056,44916
163,281,45803,444,2077729167,7,43,-89342354180,89342354181,2077729167,2017447056,44916
163,283,46129,446,2107463449,0,1,-2107463448,2107463449,2107463449,2046476644,45238
163,283,46129,446,2107463449,1,1,-2107463448,2107463449,2107463449,2046476644,45238
163,283,46129,446,2107463449,2,3,-6322390346,6322390347,2107463449,2046476644,45238
163,283,46129,446,2107463449,3,7,-14752244142,14752244143,2107463449,2046476644,45238
163,283,46129,446,2107463449,5,21,-44256732428,44256732429,2107463449,2046476644,45238
163,283,46129,446,2107463449,7,43,-90620928306,90620928307,2107463449,2046476644,45238
163,293,47759,456,2259303699,0,1,-2259303698,2259303699,2259303699,2194735104,46848
163,293,47759,456,2259303699,1,1,-2259303698,2259303699,2259303699,2194735104,46848
163,293,47759,456,2259303699,2,3,-6777911096,6777911097,2259303699,2194735104,46848
163,293,47759,456,2259303699,3,7,-15815125892,15815125893,2259303699,2194735104,46848
163,293,47759,456,2259303699,5,21,-47445377678,47445377679,2259303699,2194735104,46848
163,293,47759,456,2259303699,7,43,-97150059056,97150059057,2259303699,2194735104,46848
167,173,28891,340,824953311,0,1,-824953310,824953311,824953311,795916944,28212
167,173,28891,340,824953311,1,1,-824953310,824953311,824953311,795916944,28212
167,173,28891,340,824953311,2,3,-2474859932,2474859933,824953311,795916944,28212
167,173,28891,340,824953311,3,7,-5774673176,5774673177,824953311,795916944,28212
167,173,28891,340,824953311,5,21,-17324019530,17324019531,824953311,795916944,28212
167,173,28891,340,824953311,7,43,-35472992372,35472992373,824953311,795916944,28212
167,179,29893,346,883337949,0,1,-883337948,883337949,883337949,852756804,29202
167,179,29893,346,883337949,1,1,-883337948,883337949,883337949,852756804,29202
167,179,29893,346,883337949,2,3,-2650013846,2650013847,883337949,852756804,29202
167,179,29893,346,883337949,3,7,-6183365642,6183365643,883337949,852756804,29202
167,179,29893,346,883337949,5,21,-18550096928,18550096929,883337949,852756804,29202
167,179,29893,346,883337949,7,43,-37983531806,37983531807,883337949,852756804,29202
167,181,30227,348,903243063,0,1,-903243062,903243063,903243063,872139024,29532
167,181,30227,348,903243063,1,1,-903243062,903243063,903243063,872139024,29532
167,181,30227,348,903243063,2,3,-2709729188,2709729189,903243063,872139024,29532
167,181,30227,348,903243063,3,7,-6322701440,6322701441,903243063,872139024,29532
167,181,30227,348,903243063,5,21,-18968104322,18968104323,903243063,872139024,29532
167,181,30227,348,903243063,7,43,-38839451708,38839451709,903243063,872139024,29532
167,191,31897,358,1006095393,0,1,-1006095392,1006095393,1006095393,972317124,31182
167,191,31897,358,1006095393,1,1,-1006095392,1006095393,1006095393,972317124,31182
167,191,31897,358,1006095393,2,3,-3018286178,3018286179,1006095393,972317124,31182
167,191,31897,358,1006095393,3,7,-7042667750,7042667751,1006095393,972317124,31182
167,191,31897,358,1006095393,5,21,-21128003252,21128003253,1006095393,972317124,31182
167,191,31897,358,1006095393,7,43,-43262101898,43262101899,1006095393,972317124,31182
167,193,32231,360,1027331211,0,1,-1027331210,1027331211,1027331211,993006144,31512
167,193,32231,360,1027331211,1,1,-1027331210,1027331211,1027331211,993006144,31512
167,193,32231,360,1027331211,2,3,-3081993632,3081993633,1027331211,993006144,31512
167,193,32231,360,1027331211,3,7,-7191318476,7191318477,1027331211,993006144,31512
167,193,32231,360,1027331211,5,21,-21573955430,21573955431,1027331211,993006144,31512
167,193,32231,360,1027331211,7,43,-44175242072,44175242073,1027331211,993006144,31512
167,197,32899,364,1070468199,0,1,-1070468198,1070468199,1070468199,1035037584,32172
167,197,32899,364,1070468199,1,1,-1070468198,1070468199,1070468199,1035037584,32172
167,197,32899,364,1070468199,2,3,-3211404596,3211404597,1070468199,1035037584,32172
167,197,32899,364,1070468199,3,7,-7493277392,7493277393,1070468199,1035037584,32172
167,197,32899,364,1070468199,5,21,-22479832178,22479832179,1070468199,1035037584,32172
167,197,32899,364,1070468199,7,43,-46030132556,46030132557,1070468199,1035037584,32172
167,199,33233,366,1092369369,0,1,-1092369368,1092369369,1092369369,1056380004,32502
167,199,33233,366,1092369369,1,1,-1092369368,1092369369,1092369369,1056380004,32502
167,199,33233,366,1092369369,2,3,-3277108106,3277108107,1092369369,1056380004,32502
167,199,33233,366,1092369369,3,7,-7646585582,7646585583,1092369369,1056380004,32502
167,199,33233,366,1092369369,5,21,-22939756748,22939756749,1092369369,1056380004,32502
167,199,33233,366,1092369369,7,43,-46971882866,46971882867,1092369369,1056380004,32502
167,211,35237,378,1228433853,0,1,-1228433852,1228433853,1228433853,1189008324,34482
167,211,35237,378,1228433853,1,1,-1228433852,1228433853,1228433853,1189008324,34482
167,211,35237,378,1228433853,2,3,-3685301558,3685301559,1228433853,1189008324,34482
167,211,35237,378,1228433853,3,7,-8599036970,8599036971,1228433853,1189008324,34482
167,211,35237,378,1228433853,5,21,-25797110912,25797110913,1228433853,1189008324,34482
167,211,35237,378,1228433853,7,43,-52822655678,52822655679,1228433853,1189008324,34482
167,223,37241,390,1372482561,0,1,-1372482560,1372482561,1372482561,1329477444,36462
167,223,37241,390,1372482561,1,1,-1372482560,1372482561,1372482561,1329477444,36462
167,223,37241,390,1372482561,2,3,-4117447682,4117447683,1372482561,1329477444,36462
167,223,37241,390,1372482561,3,7,-9607377926,9607377927,1372482561,1329477444,36462
167,223,37241,390,1372482561,5,21,-28822133780,28822133781,1372482561,1329477444,36462
167,223,37241,390,1372482561,7,43,-59016750122,59016750123,1372482561,1329477444,36462
167,227,37909,394,1422273069,0,1,-1422273068,1422273069,1422273069,1378042884,37122
167,227,37909,394,1422273069,1,1,-1422273068,1422273069,1422273069,1378042884,37122
167,227,37909,394,1422273069,2,3,-4266819206,4266819207,1422273069,1378042884,37122
167,227,37909,394,1422273069,3,7,-9955911482,9955911483,1422273069,1378042884,37122
167,227,37909,394,1422273069,5,21,-29867734448,29867734449,1422273069,1378042884,37122
167,227,37909,394,1422273069,7,43,-61157741966,61157741967,1422273069,1378042884,37122
167,229,38243,396,1447500999,0,1,-1447500998,1447500999,1447500999,1402652304,37452
167,229,38243,396,1447500999,1,1,-1447500998,1447500999,1447500999,1402652304,37452
167,229,38243,396,1447500999,2,3,-4342502996,4342502997,1447500999,1402652304,37452
167,229,38243,396,1447500999,3,7,-10132506992,10132506993,1447500999,1402652304,37452
167,229,38243,396,1447500999,5,21,-30397520978,30397520979,1447500999,1402652304,37452
167,229,38243,396,1447500999,7,43,-62242542956,62242542957,1447500999,1402652304,37452
167,233,38911,400,1498622211,0,1,-1498622210,1498622211,1498622211,1452524544,38112
167,233,38911,400,1498622211,1,1,-1498622210,1498622211,1498622211,1452524544,38112
167,233,38911,400,1498622211,2,3,-4495866632,4495866633,1498622211,1452524544,38112
167,233,38911,400,1498622211,3,7,-10490355476,10490355477,1498622211,1452524544,38112
167,233,38911,400,1498622211,5,21,-31471066430,31471066431,1498622211,1452524544,38112
167,233,38911,400,1498622211,7,43,-64440755072,64440755073,1498622211,1452524544,38112
167,239,39913,406,1576967409,0,1,-1576967408,1576967409,1576967409,1528966404,39102
167,239,39913,406,1576967409,1,1,-1576967408,1576967409,1576967409,1528966404,39102
167,239,39913,406,1576967409,2,3,-4730902226,4730902227,1576967409,1528966404,39102
167,239,39913,406,1576967409,3,7,-11038771862,11038771863,1576967409,1528966404,39102
167,239,39913,406,1576967409,5,21,-33116315588,33116315589,1576967409,1528966404,39102
167,239,39913,406,1576967409,7,43,-67809598586,67809598587,1576967409,1528966404,39102
167,241,40247,408,1603526043,0,1,-1603526042,1603526043,1603526043,1554882624,39432
167,241,40247,408,1603526043,1,1,-1603526042,1603526043,1603526043,1554882624,39432
167,241,40247,408,1603526043,2,3,-4810578128,4810578129,1603526043,1554882624,39432
167,241,40247,408,1603526043,3,7,-11224682300,11224682301,1603526043,1554882624,39432
167,241,40247,408,1603526043,5,21,-33674046902,33674046903,1603526043,1554882624,39432
167,241,40247,408,1603526043,7,43,-68951619848,68951619849,1603526043,1554882624,39432
167,251,41917,418,1739645973,0,1,-1739645972,1739645973,1739645973,1687730724,41082
167,251,41917,418,1739645973,1,1,-1739645972,1739645973,1739645973,1687730724,41082
167,251,41917,418,1739645973,2,3,-5218937918,5218937919,1739645973,1687730724,41082
167,251,41917,418,1739645973,3,7,-12177521810,12177521811,1739645973,1687730724,41082
167,251,41917,418,1739645973,5,21,-36532565432,36532565433,1739645973,1687730724,41082
167,251,41917,418,1739645973,7,43,-74804776838,74804776839,1739645973,1687730724,41082
167,257,42919,424,1823979339,0,1,-1823979338,1823979339,1823979339,1770053184,42072
167,257,42919,424,1823979339,1,1,-1823979338,1823979339,1823979339,1770053184,42072
167,257,42919,424,1823979339,2,3,-5471938016,5471938017,1823979339,1770053184,42072
167,257,42919,424,1823979339,3,7,-12767855372,12767855373,1823979339,1770053184,42072
167,257,42919,424,1823979339,5,21,-38303566118,38303566119,1823979339,1770053184,42072
167,257,42919,424,1823979339,7,43,-78431111576,78431111577,1823979339,1770053184,42072
167,263,43921,430,1910308761,0,1,-1910308760,1910308761,1910308761,1854335844,43062
167,263,43921,430,1910308761,1,1,-1910308760,1910308761,1910308761,1854335844,43062
167,263,43921,430,1910308761,2,3,-5730926282,5730926283,1910308761,1854335844,43062
167,263,43921,430,1910308761,3,7,-13372161326,13372161327,1910308761,1854335844,43062
167,263,43921,430,1910308761,5,21,-40116483980,40116483981,1910308761,1854335844,43062
167,263,43921,430,1910308761,7,43,-82143276722,82143276723,1910308761,1854335844,43062
167,269,44923,436,1998634239,0,1,-1998634238,1998634239,1998634239,1940578704,44052
167,269,44923,436,1998634239,1,1,-1998634238,1998634239,1998634239,1940578704,44052
167,269,44923,436,1998634239,2,3,-5995902716,5995902717,1998634239,1940578704,44052
167,269,44923,436,1998634239,3,7,-13990439672,13990439673,1998634239,1940578704,44052
167,269,44923,436,1998634239,5,21,-41971319018,41971319019,1998634239,1940578704,44052
167,269,44923,436,1998634239,7,43,-85941272276,85941272277,1998634239,1940578704,44052
167,271,45257,438,2028519633,0,1,-2028519632,2028519633,2028519633,1969761924,44382
167,271,45257,438,2028519633,1,1,-2028519632,2028519633,2028519633,1969761924,44382
167,271,45257,438,2028519633,2,3,-6085558898,6085558899,2028519633,1969761924,44382
167,271,45257,438,2028519633,3,7,-14199637430,14199637431,2028519633,1969761924,44382
167,271,45257,438,2028519633,5,21,-42598912292,42598912293,2028519633,1969761924,44382
167,271,45257,438,2028519633,7,43,-87226344218,87226344219,2028519633,1969761924,44382
167,277,46259,444,2119506519,0,1,-2119506518,2119506519,2119506519,2058618384,45372
167,277,46259,444,2119506519,1,1,-2119506518,2119506519,2119506519,2058618384,45372
167,277,46259,444,2119506519,2,3,-6358519556,6358519557,2119506519,2058618384,45372
167,277,46259,444,2119506519,3,7,-14836545632,14836545633,2119506519,2058618384,45372
167,277,46259,444,2119506519,5,21,-44509636898,44509636899,2119506519,2058618384,45372
167,277,46259,444,2119506519,7,43,-91138780316,91138780317,2119506519,2058618384,45372
167,281,46927,448,2181273363,0,1,-2181273362,2181273363,2181273363,2118945024,46032
167,281,46927,448,2181273363,1,1,-2181273362,2181273363,2181273363,2118945024,46032
167,281,46927,448,2181273363,2,3,-6543820088,6543820089,2181273363,2118945024,46032
167,281,46927,448,2181273363,3,7,-15268913540,15268913541,2181273363,2118945024,46032
167,281,46927,448,2181273363,5,21,-45806740622,45806740623,2181273363,2118945024,46032
167,281,46927,448,2181273363,7,43,-93794754608,93794754609,2181273363,2118945024,46032
167,283,47261,450,2212489461,0,1,-2212489460,2212489461,2212489461,2149435044,46362
167,283,47261,450,2212489461,1,1,-2212489460,2212489461,2212489461,2149435044,46362
167,283,47261,450,2212489461,2,3,-6637468382,6637468383,2212489461,2149435044,46362
167,283,47261,450,2212489461,3,7,-15487426226,15487426227,2212489461,2149435044,46362
167,283,47261,450,2212489461,5,21,-46462278680,46462278681,2212489461,2149435044,46362
167,283,47261,450,2212489461,7,43,-95137046822,95137046823,2212489461,2149435044,46362
167,293,48931,460,2371896711,0,1,-2371896710,2371896711,2371896711,2305152144,48012
167,293,48931,460,2371896711,1,1,-2371896710,2371896711,2371896711,2305152144,48012
167,293,48931,460,2371896711,2,3,-7115690132,7115690133,2371896711,2305152144,48012
167,293,48931,460,2371896711,3,7,-16603276976,16603276977,2371896711,2305152144,48012
167,293,48931,460,2371896711,5,21,-49809830930,49809830931,2371896711,2305152144,48012
167,293,48931,460,2371896711,7,43,-101991558572,101991558573,2371896711,2305152144,48012
173,179,30967,352,948147291,0,1,-948147290,948147291,948147291,915909696,30264
173,179,30967,352,948147291,1,1,-948147290,948147291,948147291,915909696,30264
173,179,30967,352,948147291,2,3,-2844441872,2844441873,948147291,915909696,30264
173,179,30967,352,948147291,3,7,-6637031036,6637031037,948147291,915909696,30264
173,179,30967,352,948147291,5,21,-19911093110,19911093111,948147291,915909696,30264
173,179,30967,352,948147291,7,43,-40770333512,40770333513,948147291,915909696,30264
173,181,31313,354,969512817,0,1,-969512816,969512817,969512817,936727236,30606
173,181,31313,354,969512817,1,1,-969512816,969512817,969512817,936727236,30606
173,181,31313,354,969512817,2,3,-2908538450,2908538451,969512817,936727236,30606
173,181,31313,354,969512817,3,7,-6786589718,6786589719,969512817,936727236,30606
173,181,31313,354,969512817,5,21,-20359769156,20359769157,969512817,936727236,30606
173,181,31313,354,969512817,7,43,-41689051130,41689051131,969512817,936727236,30606
173,191,33043,364,1079911287,0,1,-1079911286,1079911287,1079911287,1044323856,32316
173,191,33043,364,1079911287,1,1,-1079911286,1079911287,1079911287,1044323856,32316
173,191,33043,364,1079911287,2,3,-3239733860,3239733861,1079911287,1044323856,32316
173,191,33043,364,1079911287,3,7,-7559379008,7559379009,1079911287,1044323856,32316
173,191,33043,364,1079911287,5,21,-22678137026,22678137027,1079911287,1044323856,32316
173,191,33043,364,1079911287,7,43,-46436185340,46436185341,1079911287,1044323856,32316
173,193,33389,366,1102705149,0,1,-1102705148,1102705149,1102705149,1066544964,32658
173,193,33389,366,1102705149,1,1,-1102705148,1102705149,1102705149,1066544964,32658
173,193,33389,366,1102705149,2,3,-3308115446,3308115447,1102705149,1066544964,32658
173,193,33389,366,1102705149,3,7,-7718936042,7718936043,1102705149,1066544964,32658
173,193,33389,366,1102705149,5,21,-23156808128,23156808129,1102705149,1066544964,32658
173,193,33389,366,1102705149,7,43,-47416321406,47416321407,1102705149,1066544964,32658
173,197,34081,370,1149007041,0,1,-1149007040,1149007041,1149007041,1111688964,33342
173,197,34081,370,1149007041,1,1,-1149007040,1149007041,1149007041,1111688964,33342
173,197,34081,370,1149007041,2,3,-3447021122,3447021123,1149007041,1111688964,33342
173,197,34081,370,1149007041,3,7,-8043049286,8043049287,1149007041,1111688964,33342
173,197,34081,370,1149007041,5,21,-24129147860,24129147861,1149007041,1111688964,33342
173,197,34081,370,1149007041,7,43,-49407302762,49407302763,1149007041,1111688964,33342
173,199,34427,372,1172515071,0,1,-1172515070,1172515071,1172515071,1134611856,33684
173,199,34427,372,1172515071,1,1,-1172515070,1172515071,1172515071,1134611856,33684
173,199,34427,372,1172515071,2,3,-3517545212,3517545213,1172515071,1134611856,33684
173,199,34427,372,1172515071,3,7,-8207605496,8207605497,1172515071,1134611856,33684
173,199,34427,372,1172515071,5,21,-24622816490,24622816491,1172515071,1134611856,33684
173,199,34427,372,1172515071,7,43,-50418148052,50418148053,1172515071,1134611856,33684
173,211,36503,384,1318562427,0,1,-1318562426,1318562427,1318562427,1277061696,35736
173,211,36503,384,1318562427,1,1,-1318562426,1318562427,1318562427,1277061696,35736
173,211,36503,384,1318562427,2,3,-3955687280,3955687281,1318562427,1277061696,35736
173,211,36503,384,1318562427,3,7,-9229936988,9229936989,1318562427,1277061696,35736
173,211,36503,384,1318562427,5,21,-27689810966,27689810967,1318562427,1277061696,35736
173,211,36503,384,1318562427,7,43,-56698184360,56698184361,1318562427,1277061696,35736
173,223,38579,396,1473179799,0,1,-1473179798,1473179799,1473179799,1427932944,37788
173,223,38579,396,1473179799,1,1,-1473179798,1473179799,1473179799,1427932944,37788
173,223,38579,396,1473179799,2,3,-4419539396,4419539397,1473179799,1427932944,37788
173,223,38579,396,1473179799,3,7,-10312258592,10312258593,1473179799,1427932944,37788
173,223,38579,396,1473179799,5,21,-30936775778,30936775779,1473179799,1427932944,37788
173,223,38579,396,1473179799,7,43,-63346731356,63346731357,1473179799,1427932944,37788
173,227,39271,400,1526623371,0,1,-1526623370,1526623371,1526623371,1480094784,38472
173,227,39271,400,1526623371,1,1,-1526623370,1526623371,1526623371,1480094784,38472
173,227,39271,400,1526623371,2,3,-4579870112,4579870113,1526623371,1480094784,38472
173,227,39271,400,1526623371,3,7,-10686363596,10686363597,1526623371,1480094784,38472
173,227,39271,400,1526623371,5,21,-32059090790,32059090791,1526623371,1480094784,38472
173,227,39271,400,1526623371,7,43,-65644804952,65644804953,1526623371,1480094784,38472
173,229,39617,402,1553702241,0,1,-1553702240,1553702241,1553702241,1506526596,38814
173,229,39617,402,1553702241,1,1,-1553702240,1553702241,1553702241,1506526596,38814
173,229,39617,402,1553702241,2,3,-4661106722,4661106723,1553702241,1506526596,38814
173,229,39617,402,1553702241,3,7,-10875915686,10875915687,1553702241,1506526596,38814
173,229,39617,402,1553702241,5,21,-32627747060,32627747061,1553702241,1506526596,38814
173,229,39617,402,1553702241,7,43,-66809196362,66809196363,1553702241,1506526596,38814
173,233,40309,406,1608574149,0,1,-1608574148,1608574149,1608574149,1560092004,39498
173,233,40309,406,1608574149,1,1,-1608574148,1608574149,1608574149,1560092004,39498
173,233,40309,406,1608574149,2,3,-4825722446,4825722447,1608574149,1560092004,39498
173,233,40309,406,1608574149,3,7,-11260019042,11260019043,1608574149,1560092004,39498
173,233,40309,406,1608574149,5,21,-33780057128,33780057129,1608574149,1560092004,39498
173,233,40309,406,1608574149,7,43,-69168688406,69168688407,1608574149,1560092004,39498
173,239,41347,412,1692667431,0,1,-1692667430,1692667431,1692667431,1642194576,40524
173,239,41347,412,1692667431,1,1,-1692667430,1692667431,1692667431,1642194576,40524
173,239,41347,412,1692667431,2,3,-5078002292,5078002293,1692667431,1642194576,40524
173,239,41347,412,1692667431,3,7,-11848672016,11848672017,1692667431,1642194576,40524
173,239,41347,412,1692667431,5,21,-35546016050,35546016051,1692667431,1642194576,40524
173,239,41347,412,1692667431,7,43,-72784699532,72784699533,1692667431,1642194576,40524
173,241,41693,414,1721174637,0,1,-1721174636,1721174637,1721174637,1670029956,40866
173,241,41693,414,1721174637,1,1,-1721174636,1721174637,1721174637,1670029956,40866
173,241,41693,414,1721174637,2,3,-5163523910,5163523911,1721174637,1670029956,40866
173,241,41693,414,1721174637,3,7,-12048222458,12048222459,1721174637,1670029956,40866
173,241,41693,414,1721174637,5,21,-36144667376,36144667377,1721174637,1670029956,40866
173,241,41693,414,1721174637,7,43,-74010509390,74010509391,1721174637,1670029956,40866
173,251,43423,424,1867281507,0,1,-1867281506,1867281507,1867281507,1812715776,42576
173,251,43423,424,1867281507,1,1,-1867281506,1867281507,1867281507,1812715776,42576
173,251,43423,424,1867281507,2,3,-5601844520,5601844521,1867281507,1812715776,42576
173,251,43423,424,1867281507,3,7,-13070970548,13070970549,1867281507,1812715776,42576
173,251,43423,424,1867281507,5,21,-39212911646,39212911647,1867281507,1812715776,42576
173,251,43423,424,1867281507,7,43,-80293104800,80293104801,1867281507,1812715776,42576
173,257,44461,430,1957802301,0,1,-1957802300,1957802301,1957802301,1901134404,43602
173,257,44461,430,1957802301,1,1,-1957802300,1957802301,1957802301,1901134404,43602
173,257,44461,430,1957802301,2,3,-5873406902,5873406903,1957802301,1901134404,43602
173,257,44461,430,1957802301,3,7,-13704616106,13704616107,1957802301,1901134404,43602
173,257,44461,430,1957802301,5,21,-41113848320,41113848321,1957802301,1901134404,43602
173,257,44461,430,1957802301,7,43,-84185498942,84185498943,1957802301,1901134404,43602
173,263,45499,436,2050465599,0,1,-2050465598,2050465599,2050465599,1991658384,44628
173,263,45499,436,2050465599,1,1,-2050465598,2050465599,2050465599,1991658384,44628
173,263,45499,436,2050465599,2,3,-6151396796,6151396797,2050465599,1991658384,44628
173,263,45499,436,2050465599,3,7,-14353259192,14353259193,2050465599,1991658384,44628
173,263,45499,436,2050465599,5,21,-43059777578,43059777579,2050465599,1991658384,44628
173,263,45499,436,2050465599,7,43,-88170020756,88170020757,2050465599,1991658384,44628
173,269,46537,442,2145271401,0,1,-2145271400,2145271401,2145271401,2084287716,45654
173,269,46537,442,2145271401,1,1,-2145271400,2145271401,2145271401,2084287716,45654
173,269,46537,442,2145271401,2,3,-6435814202,6435814203,2145271401,2084287716,45654
173,269,46537,442,2145271401,3,7,-15016899806,15016899807,2145271401,2084287716,45654
173,269,46537,442,2145271401,5,21,-45050699420,45050699421,2145271401,2084287716,45654
173,269,46537,442,2145271401,7,43,-92246670242,92246670243,2145271401,2084287716,45654
173,271,46883,444,2177349447,0,1,-2177349446,2177349447,2177349447,2115632016,45996
173,271,46883,444,2177349447,1,1,-2177349446,2177349447,2177349447,2115632016,45996
173,271,46883,444,2177349447,2,3,-6532048340,6532048341,2177349447,2115632016,45996
173,271,46883,444,2177349447,3,7,-15241446128,15241446129,2177349447,2115632016,45996
173,271,46883,444,2177349447,5,21,-45724338386,45724338387,2177349447,2115632016,45996
173,271,46883,444,2177349447,7,43,-93626026220,93626026221,2177349447,2115632016,45996
173,277,47921,450,2275011921,0,1,-2275011920,2275011921,2275011921,2211068484,47022
173,277,47921,450,2275011921,1,1,-2275011920,2275011921,2275011921,2211068484,47022
173,277,47921,450,2275011921,2,3,-6825035762,6825035763,2275011921,2211068484,47022
173,277,47921,450,2275011921,3,7,-15925083446,15925083447,2275011921,2211068484,47022
173,277,47921,450,2275011921,5,21,-47775250340,47775250341,2275011921,2211068484,47022
173,277,47921,450,2275011921,7,43,-97825512602,97825512603,2275011921,2211068484,47022
173,281,48613,454,2341310517,0,1,-2341310516,2341310517,2341310517,2275862436,47706
173,281,48613,454,2341310517,1,1,-2341310516,2341310517,2341310517,2275862436,47706
173,281,48613,454,2341310517,2,3,-7023931550,7023931551,2341310517,2275862436,47706
173,281,48613,454,2341310517,3,7,-16389173618,16389173619,2341310517,2275862436,47706
173,281,48613,454,2341310517,5,21,-49167520856,49167520857,2341310517,2275862436,47706
173,281,48613,454,2341310517,7,43,-100676352230,100676352231,2341310517,2275862436,47706
173,283,48959,456,2374816899,0,1,-2374816898,2374816899,2374816899,2308610304,48048
173,283,48959,456,2374816899,1,1,-2374816898,2374816899,2374816899,2308610304,48048
173,283,48959,456,2374816899,2,3,-7124450696,7124450697,2374816899,2308610304,48048
173,283,48959,456,2374816899,3,7,-16623718292,16623718293,2374816899,2308610304,48048
173,283,48959,456,2374816899,5,21,-49871154878,49871154879,2374816899,2308610304,48048
173,283,48959,456,2374816899,7,43,-102117126656,102117126657,2374816899,2308610304,48048
173,293,50689,466,2545919649,0,1,-2545919648,2545919649,2545919649,2475858564,49758
173,293,50689,466,2545919649,1,1,-2545919648,2545919649,2545919649,2475858564,49758
173,293,50689,466,2545919649,2,3,-7637758946,7637758947,2545919649,2475858564,49758
173,293,50689,466,2545919649,3,7,-17821437542,17821437543,2545919649,2475858564,49758
173,293,50689,466,2545919649,5,21,-53464312628,53464312629,2545919649,2475858564,49758
173,293,50689,466,2545919649,7,43,-109474544906,109474544907,2545919649,2475858564,49758
179,181,32399,360,1038128403,0,1,-1038128402,1038128403,1038128403,1003622400,31680
179,181,32399,360,1038128403,1,1,-1038128402,1038128403,1038128403,1003622400,31680
179,181,32399,360,1038128403,2,3,-3114385208,3114385209,1038128403,1003622400,31680
179,181,32399,360,1038128403,3,7,-7266898820,7266898821,1038128403,1003622400,31680
179,181,32399,360,1038128403,5,21,-21800696462,21800696463,1038128403,1003622400,31680
179,181,32399,360,1038128403,7,43,-44639521328,44639521329,1038128403,1003622400,31680
179,191,34189,370,1156340133,0,1,-1156340132,1156340133,1156340133,1118902500,33450
179,191,34189,370,1156340133,1,1,-1156340132,1156340133,1156340133,1118902500,33450
179,191,34189,370,1156340133,2,3,-3469020398,3469020399,1156340133,1118902500,33450
179,191,34189,370,1156340133,3,7,-8094380930,8094380931,1156340133,1118902500,33450
179,191,34189,370,1156340133,5,21,-24283142792,24283142793,1156340133,1118902500,33450
179,191,34189,370,1156340133,7,43,-49722625718,49722625719,1156340133,1118902500,33450
179,193,34547,372,1180747191,0,1,-1180747190,1180747191,1180747191,1142710416,33804
179,193,34547,372,1180747191,1,1,-1180747190,1180747191,1180747191,1142710416,33804
179,193,34547,372,1180747191,2,3,-3542241572,3542241573,1180747191,1142710416,33804
179,193,34547,372,1180747191,3,7,-8265230336,8265230337,1180747191,1142710416,33804
179,193,34547,372,1180747191,5,21,-24795691010,24795691011,1180747191,1142710416,33804
179,193,34547,372,1180747191,7,43,-50772129212,50772129213,1180747191,1142710416,33804
179,197,35263,376,1230326019,0,1,-1230326018,1230326019,1230326019,1191078144,34512
179,197,35263,376,1230326019,1,1,-1230326018,1230326019,1230326019,1191078144,34512
179,197,35263,376,1230326019,2,3,-3690978056,3690978057,1230326019,1191078144,34512
179,197,35263,376,1230326019,3,7,-8612282132,8612282133,1230326019,1191078144,34512
179,197,35263,376,1230326019,5,21,-25836846398,25836846399,1230326019,1191078144,34512
179,197,35263,376,1230326019,7,43,-52904018816,52904018817,1230326019,1191078144,34512
179,199,35621,378,1255497789,0,1,-1255497788,1255497789,1255497789,1215637956,34866
179,199,35621,378,1255497789,1,1,-1255497788,1255497789,1255497789,1215637956,34866
179,199,35621,378,1255497789,2,3,-3766493366,3766493367,1255497789,1215637956,34866
179,199,35621,378,1255497789,3,7,-8788484522,8788484523,1255497789,1215637956,34866
179,199,35621,378,1255497789,5,21,-26365453568,26365453569,1255497789,1215637956,34866
179,199,35621,378,1255497789,7,43,-53986404926,53986404927,1255497789,1215637956,34866
179,211,37769,390,1411881393,0,1,-1411881392,1411881393,1411881393,1368260100,36990
179,211,37769,390,1411881393,1,1,-1411881392,1411881393,1411881393,1368260100,36990
179,211,37769,390,1411881393,2,3,-4235644178,4235644179,1411881393,1368260100,36990
179,211,37769,390,1411881393,3,7,-9883169750,9883169751,1411881393,1368260100,36990
179,211,37769,390,1411881393,5,21,-29649509252,29649509253,1411881393,1368260100,36990
179,211,37769,390,1411881393,7,43,-60710899898,60710899899,1411881393,1368260100,36990
179,223,39917,402,1577441541,0,1,-1577441540,1577441541,1577441541,1529904996,39114
179,223,39917,402,1577441541,1,1,-1577441540,1577441541,1577441541,1529904996,39114
179,223,39917,402,1577441541,2,3,-4732324622,4732324623,1577441541,1529904996,39114
179,223,39917,402,1577441541,3,7,-11042090786,11042090787,1577441541,1529904996,39114
179,223,39917,402,1577441541,5,21,-33126272360,33126272361,1577441541,1529904996,39114
179,223,39917,402,1577441541,7,43,-67829986262,67829986263,1577441541,1529904996,39114
179,227,40633,406,1634667489,0,1,-1634667488,1634667489,1634667489,1585791684,39822
179,227,40633,406,1634667489,1,1,-1634667488,1634667489,1634667489,1585791684,39822
179,227,40633,406,1634667489,2,3,-4904002466,4904002467,1634667489,1585791684,39822
179,227,40633,406,1634667489,3,7,-11442672422,11442672423,1634667489,1585791684,39822
179,227,40633,406,1634667489,5,21,-34328017268,34328017269,1634667489,1585791684,39822
179,227,40633,406,1634667489,7,43,-70290702026,70290702027,1634667489,1585791684,39822
179,229,40991,408,1663662819,0,1,-1663662818,1663662819,1663662819,1614110976,40176
179,229,40991,408,1663662819,1,1,-1663662818,1663662819,1663662819,1614110976,40176
179,229,40991,408,1663662819,2,3,-4990988456,4990988457,1663662819,1614110976,40176
179,229,40991,408,1663662819,3,7,-11645639732,11645639733,1663662819,1614110976,40176
179,229,40991,408,1663662819,5,21,-34936919198,34936919199,1663662819,1614110976,40176
179,229,40991,408,1663662819,7,43,-71537501216,71537501217,1663662819,1614110976,40176
179,233,41707,412,1722418191,0,1,-1722418190,1722418191,1722418191,1671501456,40884
179,233,41707,412,1722418191,1,1,-1722418190,1722418191,1722418191,1671501456,40884
179,233,41707,412,1722418191,2,3,-5167254572,5167254573,1722418191,1671501456,40884
179,233,41707,412,1722418191,3,7,-12056927336,12056927337,1722418191,1671501456,40884
179,233,41707,412,1722418191,5,21,-36170782010,36170782011,1722418191,1671501456,40884
179,233,41707,412,1722418191,7,43,-74063982212,74063982213,1722418191,1671501456,40884
179,239,42781,418,1812463029,0,1,-1812463028,1812463029,1812463029,1759466916,41946
179,239,42781,418,1812463029,1,1,-1812463028,1812463029,1812463029,1759466916,41946
179,239,42781,418,1812463029,2,3,-5437389086,5437389087,1812463029,1759466916,41946
179,239,42781,418,1812463029,3,7,-12687241202,12687241203,1812463029,1759466916,41946
179,239,42781,418,1812463029,5,21,-38061723608,38061723609,1812463029,1759466916,41946
179,239,42781,418,1812463029,7,43,-77935910246,77935910247,1812463029,1759466916,41946
179,241,43139,420,1842987783,0,1,-1842987782,1842987783,1842987783,1789290000,42300
179,241,43139,420,1842987783,1,1,-1842987782,1842987783,1842987783,1789290000,42300
179,241,43139,420,1842987783,2,3,-5528963348,5528963349,1842987783,1789290000,42300
179,241,43139,420,1842987783,3,7,-12900914480,12900914481,1842987783,1789290000,42300
179,241,43139,420,1842987783,5,21,-38702743442,38702743443,1842987783,1789290000,42300
179,241,43139,420,1842987783,7,43,-79248474668,79248474669,1842987783,1789290000,42300
179,251,44929,430,1999435113,0,1,-1999435112,1999435113,1999435113,1942164900,44070
179,251,44929,430,1999435113,1,1,-1999435112,1999435113,1999435113,1942164900,44070
179,251,44929,430,1999435113,2,3,-5998305338,5998305339,1999435113,1942164900,44070
179,251,44929,430,1999435113,3,7,-13996045790,13996045791,1999435113,1942164900,44070
179,251,44929,430,1999435113,5,21,-41988137372,41988137373,1999435113,1942164900,44070
179,251,44929,430,1999435113,7,43,-85975709858,85975709859,1999435113,1942164900,44070
179,257,46003,436,2096362359,0,1,-2096362358,2096362359,2096362359,2036897424,45132
179,257,46003,436,2096362359,1,1,-2096362358,2096362359,2096362359,2036897424,45132
179,257,46003,436,2096362359,2,3,-6289087076,6289087077,2096362359,2036897424,45132
179,257,46003,436,2096362359,3,7,-14674536512,14674536513,2096362359,2036897424,45132
179,257,46003,436,2096362359,5,21,-44023609538,44023609539,2096362359,2036897424,45132
179,257,46003,436,2096362359,7,43,-90143581436,90143581437,2096362359,2036897424,45132
179,263,47077,442,2195583741,0,1,-2195583740,2195583741,2195583741,2133885636,46194
179,263,47077,442,2195583741,1,1,-2195583740,2195583741,2195583741,2133885636,46194
179,263,47077,442,2195583741,2,3,-6586751222,6586751223,2195583741,2133885636,46194
179,263,47077,442,2195583741,3,7,-15369086186,15369086187,2195583741,2133885636,46194
179,263,47077,442,2195583741,5,21,-46107258560,46107258561,2195583741,2133885636,46194
179,263,47077,442,2195583741,7,43,-94410100862,94410100863,2195583741,2133885636,46194
179,269,48151,448,2297099259,0,1,-2297099258,2297099259,2297099259,2233129536,47256
179,269,48151,448,2297099259,1,1,-2297099258,2297099259,2297099259,2233129536,47256
179,269,48151,448,2297099259,2,3,-6891297776,6891297777,2297099259,2233129536,47256
179,269,48151,448,2297099259,3,7,-16079694812,16079694813,2297099259,2233129536,47256
179,269,48151,448,2297099259,5,21,-48239084438,48239084439,2297099259,2233129536,47256
179,269,48151,448,2297099259,7,43,-98775268136,98775268137,2297099259,2233129536,47256
179,271,48509,450,2331447573,0,1,-2331447572,2331447573,2331447573,2266712100,47610
179,271,48509,450,2331447573,1,1,-2331447572,2331447573,2331447573,2266712100,47610
179,271,48509,450,2331447573,2,3,-6994342718,6994342719,2331447573,2266712100,47610
179,271,48509,450,2331447573,3,7,-16320133010,16320133011,2331447573,2266712100,47610
179,271,48509,450,2331447573,5,21,-48960399032,48960399033,2331447573,2266712100,47610
179,271,48509,450,2331447573,7,43,-100252245638,100252245639,2331447573,2266712100,47610
179,277,49583,456,2436021939,0,1,-2436021938,2436021939,2436021939,2368963584,48672
179,277,49583,456,2436021939,1,1,-2436021938,2436021939,2436021939,2368963584,48672
179,277,49583,456,2436021939,2,3,-7308065816,7308065817,2436021939,2368963584,48672
179,277,49583,456,2436021939,3,7,-17052153572,17052153573,2436021939,2368963584,48672
179,277,49583,456,2436021939,5,21,-51156460718,51156460719,2436021939,2368963584,48672
179,277,49583,456,2436021939,7,43,-104748943376,104748943377,2436021939,2368963584,48672
179,281,50299,460,2507012703,0,1,-2507012702,2507012703,2507012703,2438384400,49380
179,281,50299,460,2507012703,1,1,-2507012702,2507012703,2507012703,2438384400,49380
179,281,50299,460,2507012703,2,3,-7521038108,7521038109,2507012703,2438384400,49380
179,281,50299,460,2507012703,3,7,-17549088920,17549088921,2507012703,2438384400,49380
179,281,50299,460,2507012703,5,21,-52647266762,52647266763,2507012703,2438384400,49380
179,281,50299,460,2507012703,7,43,-107801546228,107801546229,2507012703,2438384400,49380
179,283,50657,462,2542890441,0,1,-2542890440,2542890441,2542890441,2473470756,49734
179,283,50657,462,2542890441,1,1,-2542890440,2542890441,2542890441,2473470756,49734
179,283,50657,462,2542890441,2,3,-7628671322,7628671323,2542890441,2473470756,49734
179,283,50657,462,2542890441,3,7,-17800233086,17800233087,2542890441,2473470756,49734
179,283,50657,462,2542890441,5,21,-53400699260,53400699261,2542890441,2473470756,49734
179,283,50657,462,2542890441,7,43,-109344288962,109344288963,2542890441,2473470756,49734
179,293,52447,472,2726102691,0,1,-2726102690,2726102691,2726102691,2652662016,51504
179,293,52447,472,2726102691,1,1,-2726102690,2726102691,2726102691,2652662016,51504
179,293,52447,472,2726102691,2,3,-8178308072,8178308073,2726102691,2652662016,51504
179,293,52447,472,2726102691,3,7,-19082718836,19082718837,2726102691,2652662016,51504
179,293,52447,472,2726102691,5,21,-57248156510,57248156511,2726102691,2652662016,51504
179,293,52447,472,2726102691,7,43,-117222415712,117222415713,2726102691,2652662016,51504
181,191,34571,372,1182397071,0,1,-1182397070,1182397071,1182397071,1144333584,33828
181,191,34571,372,1182397071,1,1,-1182397070,1182397071,1182397071,1144333584,33828
181,191,34571,372,1182397071,2,3,-3547191212,3547191213,1182397071,1144333584,33828
181,191,34571,372,1182397071,3,7,-8276779496,8276779497,1182397071,1144333584,33828
181,191,34571,372,1182397071,5,21,-24830338490,24830338491,1182397071,1144333584,33828
181,191,34571,372,1182397071,7,43,-50843074052,50843074053,1182397071,1144333584,33828
181,193,34933,374,1207354117,0,1,-1207354116,1207354117,1207354117,1168682596,34186
181,193,34933,374,1207354117,1,1,-1207354116,1207354117,1207354117,1168682596,34186
181,193,34933,374,1207354117,2,3,-3622062350,3622062351,1207354117,1168682596,34186
181,193,34933,374,1207354117,3,7,-8451478818,8451478819,1207354117,1168682596,34186
181,193,34933,374,1207354117,5,21,-25354436456,25354436457,1207354117,1168682596,34186
181,193,34933,374,1207354117,7,43,-51916227030,51916227031,1207354117,1168682596,34186
181,197,35657,378,1258050153,0,1,-1258050152,1258050153,1258050153,1218149604,34902
181,197,35657,378,1258050153,1,1,-1258050152,1258050153,1258050153,1218149604,34902
181,197,35657,378,1258050153,2,3,-3774150458,3774150459,1258050153,1218149604,34902
181,197,35657,378,1258050153,3,7,-8806351070,8806351071,1258050153,1218149604,34902
181,197,35657,378,1258050153,5,21,-26419053212,26419053213,1258050153,1218149604,34902
181,197,35657,378,1258050153,7,43,-54096156578,54096156579,1258050153,1218149604,34902
181,199,36019,380,1283789143,0,1,-1283789142,1283789143,1283789143,1243267600,35260
181,199,36019,380,1283789143,1,1,-1283789142,1283789143,1283789143,1243267600,35260
181,199,36019,380,1283789143,2,3,-3851367428,3851367429,1283789143,1243267600,35260
181,199,36019,380,1283789143,3,7,-8986524000,8986524001,1283789143,1243267600,35260
181,199,36019,380,1283789143,5,21,-26959572002,26959572003,1283789143,1243267600,35260
181,199,36019,380,1283789143,7,43,-55202933148,55202933149,1283789143,1243267600,35260
181,211,38191,392,1443696691,0,1,-1443696690,1443696691,1443696691,1399358464,37408
181,211,38191,392,1443696691,1,1,-1443696690,1443696691,1443696691,1399358464,37408
181,211,38191,392,1443696691,2,3,-4331090072,4331090073,1443696691,1399358464,37408
181,211,38191,392,1443696691,3,7,-10105876836,10105876837,1443696691,1399358464,37408
181,211,38191,392,1443696691,5,21,-30317630510,30317630511,1443696691,1399358464,37408
181,211,38191,392,1443696691,7,43,-62078957712,62078957713,1443696691,1399358464,37408
181,223,40363,404,1612987567,0,1,-1612987566,1612987567,1612987567,1564677136,39556
181,223,40363,404,1612987567,1,1,-1612987566,1612987567,1612987567,1564677136,39556
181,223,40363,404,1612987567,2,3,-4838962700,4838962701,1612987567,1564677136,39556
181,223,40363,404,1612987567,3,7,-11290912968,11290912969,1612987567,1564677136,39556
181,223,40363,404,1612987567,5,21,-33872738906,33872738907,1612987567,1564677136,39556
181,223,40363,404,1612987567,7,43,-69358465380,69358465381,1612987567,1564677136,39556
181,227,41087,408,1671503043,0,1,-1671503042,1671503043,1671503043,1621833984,40272
181,227,41087,408,1671503043,1,1,-1671503042,1671503043,1671503043,1621833984,40272
181,227,41087,408,1671503043,2,3,-5014509128,5014509129,1671503043,1621833984,40272
181,227,41087,408,1671503043,3,7,-11700521300,11700521301,1671503043,1621833984,40272
181,227,41087,408,1671503043,5,21,-35101563902,35101563903,1671503043,1621833984,40272
181,227,41087,408,1671503043,7,43,-71874630848,71874630849,1671503043,1621833984,40272
181,229,41449,410,1701151753,0,1,-1701151752,1701151753,1701151753,1650796900,40630
181,229,41449,410,1701151753,1,1,-1701151752,1701151753,1701151753,1650796900,40630
181,229,41449,410,1701151753,2,3,-5103455258,5103455259,1701151753,1650796900,40630
181,229,41449,410,1701151753,3,7,-11908062270,11908062271,1701151753,1650796900,40630
181,229,41449,410,1701151753,5,21,-35724186812,35724186813,1701151753,1650796900,40630
181,229,41449,410,1701151753,7,43,-73149525378,73149525379,1701151753,1650796900,40630
181,233,42173,414,1761231117,0,1,-1761231116,1761231117,1761231117,1709491716,41346
181,233,42173,414,1761231117,1,1,-1761231116,1761231117,1761231117,1709491716,41346
181,233,42173,414,1761231117,2,3,-5283693350,5283693351,1761231117,1709491716,41346
181,233,42173,414,1761231117,3,7,-12328617818,12328617819,1761231117,1709491716,41346
181,233,42173,414,1761231117,5,21,-36985853456,36985853457,1761231117,1709491716,41346
181,233,42173,414,1761231117,7,43,-75732938030,75732938031,1761231117,1709491716,41346
181,239,43259,420,1853305023,0,1,-1853305022,1853305023,1853305023,1799456400,42420
181,239,43259,420,1853305023,1,1,-1853305022,1853305023,1853305023,1799456400,42420
181,239,43259,420,1853305023,2,3,-5559915068,5559915069,1853305023,1799456400,42420
181,239,43259,420,1853305023,3,7,-12973135160,12973135161,1853305023,1799456400,42420
181,239,43259,420,1853305023,5,21,-38919405482,38919405483,1853305023,1799456400,42420
181,239,43259,420,1853305023,7,43,-79692115988,79692115989,1853305023,1799456400,42420
181,241,43621,422,1884517621,0,1,-1884517620,1884517621,1884517621,1829957284,42778
181,241,43621,422,1884517621,1,1,-1884517620,1884517621,1884517621,1829957284,42778
181,241,43621,422,1884517621,2,3,-5653552862,5653552863,1884517621,1829957284,42778
181,241,43621,422,1884517621,3,7,-13191623346,13191623347,1884517621,1829957284,42778
181,241,43621,422,1884517621,5,21,-39574870040,39574870041,1884517621,1829957284,42778
181,241,43621,422,1884517621,7,43,-81034257702,81034257703,1884517621,1829957284,42778
181,251,45431,432,2044490331,0,1,-2044490330,2044490331,2044490331,1986306624,44568
181,251,45431,432,2044490331,1,1,-2044490330,2044490331,2044490331,1986306624,44568
181,251,45431,432,2044490331,2,3,-6133470992,6133470993,2044490331,1986306624,44568
181,251,45431,432,2044490331,3,7,-14311432316,14311432317,2044490331,1986306624,44568
181,251,45431,432,2044490331,5,21,-42934296950,42934296951,2044490331,1986306624,44568
181,251,45431,432,2044490331,7,43,-87913084232,87913084233,2044490331,1986306624,44568
181,257,46517,438,2143601733,0,1,-2143601732,2143601733,2143601733,2083192164,45642
181,257,46517,438,2143601733,1,1,-2143601732,2143601733,2143601733,2083192164,45642
181,257,46517,438,2143601733,2,3,-6430805198,6430805199,2143601733,2083192164,45642
181,257,46517,438,2143601733,3,7,-15005212130,15005212131,2143601733,2083192164,45642
181,257,46517,438,2143601733,5,21,-45015636392,45015636393,2143601733,2083192164,45642
181,257,46517,438,2143601733,7,43,-92174874518,92174874519,2143601733,2083192164,45642
181,263,47603,444,2245058967,0,1,-2245058966,2245058967,2245058967,2182384656,46716
181,263,47603,444,2245058967,1,1,-2245058966,2245058967,2245058967,2182384656,46716
181,263,47603,444,2245058967,2,3,-6735176900,6735176901,2245058967,2182384656,46716
181,263,47603,444,2245058967,3,7,-15715412768,15715412769,2245058967,2182384656,46716
181,263,47603,444,2245058967,5,21,-47146238306,47146238307,2245058967,2182384656,46716
181,263,47603,444,2245058967,7,43,-96537535580,96537535581,2245058967,2182384656,46716
181,269,48689,450,2348862033,0,1,-2348862032,2348862033,2348862033,2283884100,47790
181,269,48689,450,2348862033,1,1,-2348862032,2348862033,2348862033,2283884100,47790
181,269,48689,450,2348862033,2,3,-7046586098,7046586099,2348862033,2283884100,47790
181,269,48689,450,2348862033,3,7,-16442034230,16442034231,2348862033,2283884100,47790
181,269,48689,450,2348862033,5,21,-49326102692,49326102693,2348862033,2283884100,47790
181,269,48689,450,2348862033,7,43,-101001067418,101001067419,2348862033,2283884100,47790
181,271,49051,452,2383984351,0,1,-2383984350,2383984351,2383984351,2318229904,48148
181,271,49051,452,2383984351,1,1,-2383984350,2383984351,2383984351,2318229904,48148
181,271,49051,452,2383984351,2,3,-7151953052,7151953053,2383984351,2318229904,48148
181,271,49051,452,2383984351,3,7,-16687890456,16687890457,2383984351,2318229904,48148
181,271,49051,452,2383984351,5,21,-50063671370,50063671371,2383984351,2318229904,48148
181,271,49051,452,2383984351,7,43,-102511327092,102511327093,2383984351,2318229904,48148
181,277,50137,458,2490915193,0,1,-2490915192,2490915193,2490915193,2422805284,49222
181,277,50137,458,2490915193,1,1,-2490915192,2490915193,2490915193,2422805284,49222
181,277,50137,458,2490915193,2,3,-7472745578,7472745579,2490915193,2422805284,49222
181,277,50137,458,2490915193,3,7,-17436406350,17436406351,2490915193,2422805284,49222
181,277,50137,458,2490915193,5,21,-52309219052,52309219053,2490915193,2422805284,49222
181,277,50137,458,2490915193,7,43,-107109353298,107109353299,2490915193,2422805284,49222
181,281,50861,462,2563505661,0,1,-2563505660,2563505661,2563505661,2493803844,49938
181,281,50861,462,2563505661,1,1,-2563505660,2563505661,2563505661,2493803844,49938
181,281,50861,462,2563505661,2,3,-7690516982,7690516983,2563505661,2493803844,49938
181,281,50861,462,2563505661,3,7,-17944539626,17944539627,2563505661,2493803844,49938
181,281,50861,462,2563505661,5,21,-53833618880,53833618881,2563505661,2493803844,49938
181,281,50861,462,2563505661,7,43,-110230743422,110230743423,2563505661,2493803844,49938
181,283,51223,464,2600191867,0,1,-2600191866,2600191867,2600191867,2529687616,50296
181,283,51223,464,2600191867,1,1,-2600191866,2600191867,2600191867,2529687616,50296
181,283,51223,464,2600191867,2,3,-7800575600,7800575601,2600191867,2529687616,50296
181,283,51223,464,2600191867,3,7,-18201343068,18201343069,2600191867,2529687616,50296
181,283,51223,464,2600191867,5,21,-54604029206,54604029207,2600191867,2529687616,50296
181,283,51223,464,2600191867,7,43,-111808250280,111808250281,2600191867,2529687616,50296
181,293,53033,474,2787532617,0,1,-2787532616,2787532617,2787532617,2712951396,52086
181,293,53033,474,2787532617,1,1,-2787532616,2787532617,2787532617,2712951396,52086
181,293,53033,474,2787532617,2,3,-8362597850,8362597851,2787532617,2712951396,52086
181,293,53033,474,2787532617,3,7,-19512728318,19512728319,2787532617,2712951396,52086
181,293,53033,474,2787532617,5,21,-58538184956,58538184957,2787532617,2712951396,52086
181,293,53033,474,2787532617,7,43,-119863902530,119863902531,2787532617,2712951396,52086
191,193,36863,384,1344835587,0,1,-1344835586,1344835587,1344835587,1302921216,36096
191,193,36863,384,1344835587,1,1,-1344835586,1344835587,1344835587,1302921216,36096
191,193,36863,384,1344835587,2,3,-4034506760,4034506761,1344835587,1302921216,36096
191,193,36863,384,1344835587,3,7,-9413849108,9413849109,1344835587,1302921216,36096
191,193,36863,384,1344835587,5,21,-28241547326,28241547327,1344835587,1302921216,36096
191,193,36863,384,1344835587,7,43,-57827930240,57827930241,1344835587,1302921216,36096
191,197,37627,388,1401304383,0,1,-1401304382,1401304383,1401304383,1358069904,36852
191,197,37627,388,1401304383,1,1,-1401304382,1401304383,1401304383,1358069904,36852
191,197,37627,388,1401304383,2,3,-4203913148,4203913149,1401304383,1358069904,36852
191,197,37627,388,1401304383,3,7,-9809130680,9809130681,1401304383,1358069904,36852
191,197,37627,388,1401304383,5,21,-29427392042,29427392043,1401304383,1358069904,36852
191,197,37627,388,1401304383,7,43,-60256088468,60256088469,1401304383,1358069904,36852
191,199,38009,390,1429974273,0,1,-1429974272,1429974273,1429974273,1386072900,37230
191,199,38009,390,1429974273,1,1,-1429974272,1429974273,1429974273,1386072900,37230
191,199,38009,390,1429974273,2,3,-4289922818,4289922819,1429974273,1386072900,37230
191,199,38009,390,1429974273,3,7,-10009819910,10009819911,1429974273,1386072900,37230
191,199,38009,390,1429974273,5,21,-30029459732,30029459733,1429974273,1386072900,37230
191,199,38009,390,1429974273,7,43,-61488893738,61488893739,1429974273,1386072900,37230
191,211,40301,402,1608090501,0,1,-1608090500,1608090501,1608090501,1560092004,39498
191,211,40301,402,1608090501,1,1,-1608090500,1608090501,1608090501,1560092004,39498
191,211,40301,402,1608090501,2,3,-4824271502,4824271503,1608090501,1560092004,39498
191,211,40301,402,1608090501,3,7,-11256633506,11256633507,1608090501,1560092004,39498
191,211,40301,402,1608090501,5,21,-33769900520,33769900521,1608090501,1560092004,39498
191,211,40301,402,1608090501,7,43,-69147891542,69147891543,1608090501,1560092004,39498
191,223,42593,414,1796658537,0,1,-1796658536,1796658537,1796658537,1744398756,41766
191,223,42593,414,1796658537,1,1,-1796658536,1796658537,1796658537,1744398756,41766
191,223,42593,414,1796658537,2,3,-5389975610,5389975611,1796658537,1744398756,41766
191,223,42593,414,1796658537,3,7,-12576609758,12576609759,1796658537,1744398756,41766
191,223,42593,414,1796658537,5,21,-37729829276,37729829277,1796658537,1744398756,41766
191,223,42593,414,1796658537,7,43,-77256317090,77256317091,1796658537,1744398756,41766
191,227,43357,418,1861837173,0,1,-1861837172,1861837173,1861837173,1808120484,42522
191,227,43357,418,1861837173,1,1,-1861837172,1861837173,1861837173,1808120484,42522
191,227,43357,418,1861837173,2,3,-5585511518,5585511519,1861837173,1808120484,42522
191,227,43357,418,1861837173,3,7,-13032860210,13032860211,1861837173,1808120484,42522
191,227,43357,418,1861837173,5,21,-39098580632,39098580633,1861837173,1808120484,42522
191,227,43357,418,1861837173,7,43,-80058998438,80058998439,1861837173,1808120484,42522
191,229,43739,420,1894861983,0,1,-1894861982,1894861983,1894861983,1840410000,42900
191,229,43739,420,1894861983,1,1,-1894861982,1894861983,1894861983,1840410000,42900
191,229,43739,420,1894861983,2,3,-5684585948,5684585949,1894861983,1840410000,42900
191,229,43739,420,1894861983,3,7,-13264033880,13264033881,1894861983,1840410000,42900
191,229,43739,420,1894861983,5,21,-39792101642,39792101643,1894861983,1840410000,42900
191,229,43739,420,1894861983,7,43,-81479065268,81479065269,1894861983,1840410000,42900
191,233,44503,424,1961782587,0,1,-1961782586,1961782587,1961782587,1905846336,43656
191,233,44503,424,1961782587,1,1,-1961782586,1961782587,1961782587,1905846336,43656
191,233,44503,424,1961782587,2,3,-5885347760,5885347761,1961782587,1905846336,43656
191,233,44503,424,1961782587,3,7,-13732478108,13732478109,1961782587,1905846336,43656
191,233,44503,424,1961782587,5,21,-41197434326,41197434327,1961782587,1905846336,43656
191,233,44503,424,1961782587,7,43,-84356651240,84356651241,1961782587,1905846336,43656
191,239,45649,430,2064340953,0,1,-2064340952,2064340953,2064340953,2006144100,44790
191,239,45649,430,2064340953,1,1,-2064340952,2064340953,2064340953,2006144100,44790
191,239,45649,430,2064340953,2,3,-6193022858,6193022859,2064340953,2006144100,44790
191,239,45649,430,2064340953,3,7,-14450386670,14450386671,2064340953,2006144100,44790
191,239,45649,430,2064340953,5,21,-43351160012,43351160013,2064340953,2006144100,44790
191,239,45649,430,2064340953,7,43,-88766660978,88766660979,2064340953,2006144100,44790
191,241,46031,432,2099107731,0,1,-2099107730,2099107731,2099107731,2040148224,45168
191,241,46031,432,2099107731,1,1,-2099107730,2099107731,2099107731,2040148224,45168
191,241,46031,432,2099107731,2,3,-6297323192,6297323193,2099107731,2040148224,45168
191,241,46031,432,2099107731,3,7,-14693754116,14693754117,2099107731,2040148224,45168
191,241,46031,432,2099107731,5,21,-44081262350,44081262351,2099107731,2040148224,45168
191,241,46031,432,2099107731,7,43,-90261632432,90261632433,2099107731,2040148224,45168
191,251,47941,442,2277296541,0,1,-2277296540,2277296541,2277296541,2214455364,47058
191,251,47941,442,2277296541,1,1,-2277296540,2277296541,2277296541,2214455364,47058
191,251,47941,442,2277296541,2,3,-6831889622,6831889623,2277296541,2214455364,47058
191,251,47941,442,2277296541,3,7,-15941075786,15941075787,2277296541,2214455364,47058
191,251,47941,442,2277296541,5,21,-47823227360,47823227361,2277296541,2214455364,47058
191,251,47941,442,2277296541,7,43,-97923751262,97923751263,2277296541,2214455364,47058
191,257,49087,448,2387693763,0,1,-2387693762,2387693763,2387693763,2322468864,48192
191,257,49087,448,2387693763,1,1,-2387693762,2387693763,2387693763,2322468864,48192
191,257,49087,448,2387693763,2,3,-7163081288,7163081289,2387693763,2322468864,48192
191,257,49087,448,2387693763,3,7,-16713856340,16713856341,2387693763,2322468864,48192
191,257,49087,448,2387693763,5,21,-50141569022,50141569023,2387693763,2322468864,48192
191,257,49087,448,2387693763,7,43,-102670831808,102670831809,2387693763,2322468864,48192
191,263,50233,454,2500703937,0,1,-2500703936,2500703937,2500703937,2433054276,49326
191,263,50233,454,2500703937,1,1,-2500703936,2500703937,2500703937,2433054276,49326
191,263,50233,454,2500703937,2,3,-7502111810,7502111811,2500703937,2433054276,49326
191,263,50233,454,2500703937,3,7,-17504927558,17504927559,2500703937,2433054276,49326
191,263,50233,454,2500703937,5,21,-52514782676,52514782677,2500703937,2433054276,49326
191,263,50233,454,2500703937,7,43,-107530269290,107530269291,2500703937,2433054276,49326
191,269,51379,460,2616327063,0,1,-2616327062,2616327063,2616327063,2546211600,50460
191,269,51379,460,2616327063,1,1,-2616327062,2616327063,2616327063,2546211600,50460
191,269,51379,460,2616327063,2,3,-7848981188,7848981189,2616327063,2546211600,50460
191,269,51379,460,2616327063,3,7,-18314289440,18314289441,2616327063,2546211600,50460
191,269,51379,460,2616327063,5,21,-54942868322,54942868323,2616327063,2546211600,50460
191,269,51379,460,2616327063,7,43,-112502063708,112502063709,2616327063,2546211600,50460
191,271,51761,462,2655448761,0,1,-2655448760,2655448761,2655448761,2584502244,50838
191,271,51761,462,2655448761,1,1,-2655448760,2655448761,2655448761,2584502244,50838
191,271,51761,462,2655448761,2,3,-7966346282,7966346283,2655448761,2584502244,50838
191,271,51761,462,2655448761,3,7,-18588141326,18588141327,2655448761,2584502244,50838
191,271,51761,462,2655448761,5,21,-55764423980,55764423981,2655448761,2584502244,50838
191,271,51761,462,2655448761,7,43,-114184296722,114184296723,2655448761,2584502244,50838
191,277,52907,468,2774555823,0,1,-2774555822,2774555823,2774555823,2701088784,51972
191,277,52907,468,2774555823,1,1,-2774555822,2774555823,2774555823,2701088784,51972
191,277,52907,468,2774555823,2,3,-8323667468,8323667469,2774555823,2701088784,51972
191,277,52907,468,2774555823,3,7,-19421890760,19421890761,2774555823,2701088784,51972
191,277,52907,468,2774555823,5,21,-58265672282,58265672283,2774555823,2701088784,51972
191,277,52907,468,2774555823,7,43,-119305900388,119305900389,2774555823,2701088784,51972
191,281,53671,472,2855412171,0,1,-2855412170,2855412171,2855412171,2780241984,52728
191,281,53671,472,2855412171,1,1,-2855412170,2855412171,2855412171,2780241984,52728
191,281,53671,472,2855412171,2,3,-8566236512,8566236513,2855412171,2780241984,52728
191,281,53671,472,2855412171,3,7,-19987885196,19987885197,2855412171,2780241984,52728
191,281,53671,472,2855412171,5,21,-59963655590,59963655591,2855412171,2780241984,52728
191,281,53671,472,2855412171,7,43,-122782723352,122782723353,2855412171,2780241984,52728
191,283,54053,474,2896275837,0,1,-2896275836,2896275837,2896275837,2820247236,53106
191,283,54053,474,2896275837,1,1,-2896275836,2896275837,2896275837,2820247236,53106
191,283,54053,474,2896275837,2,3,-8688827510,8688827511,2896275837,2820247236,53106
191,283,54053,474,2896275837,3,7,-20273930858,20273930859,2896275837,2820247236,53106
191,283,54053,474,2896275837,5,21,-60821792576,60821792577,2896275837,2820247236,53106
191,283,54053,474,2896275837,7,43,-124539860990,124539860991,2896275837,2820247236,53106
191,293,55963,484,3104949087,0,1,-3104949086,3104949087,3104949087,3024560016,54996
191,293,55963,484,3104949087,1,1,-3104949086,3104949087,3104949087,3024560016,54996
191,293,55963,484,3104949087,2,3,-9314847260,9314847261,3104949087,3024560016,54996
191,293,55963,484,3104949087,3,7,-21734643608,21734643609,3104949087,3024560016,54996
191,293,55963,484,3104949087,5,21,-65203930826,65203930827,3104949087,3024560016,54996
191,293,55963,484,3104949087,7,43,-133512810740,133512810741,3104949087,3024560016,54996
193,197,38021,390,1430881941,0,1,-1430881940,1430881941,1430881941,1386966564,37242
193,197,38021,390,1430881941,1,1,-1430881940,1430881941,1430881941,1386966564,37242
193,197,38021,390,1430881941,2,3,-4292645822,4292645823,1430881941,1386966564,37242
193,197,38021,390,1430881941,3,7,-10016173586,10016173587,1430881941,1386966564,37242
193,197,38021,390,1430881941,5,21,-30048520760,30048520761,1430881941,1386966564,37242
193,197,38021,390,1430881941,7,43,-61527923462,61527923463,1430881941,1386966564,37242
193,199,38407,392,1460156971,0,1,-1460156970,1460156971,1460156971,1415565376,37624
193,199,38407,392,1460156971,1,1,-1460156970,1460156971,1460156971,1415565376,37624
193,199,38407,392,1460156971,2,3,-4380470912,4380470913,1460156971,1415565376,37624
193,199,38407,392,1460156971,3,7,-10221098796,10221098797,1460156971,1415565376,37624
193,199,38407,392,1460156971,5,21,-30663296390,30663296391,1460156971,1415565376,37624
193,199,38407,392,1460156971,7,43,-62786749752,62786749753,1460156971,1415565376,37624
193,211,40723,404,1642032727,0,1,-1642032726,1642032727,1642032727,1593287056,39916
193,211,40723,404,1642032727,1,1,-1642032726,1642032727,1642032727,1593287056,39916
193,211,40723,404,1642032727,2,3,-4926098180,4926098181,1642032727,1593287056,39916
193,211,40723,404,1642032727,3,7,-11494229088,11494229089,1642032727,1593287056,39916
193,211,40723,404,1642032727,5,21,-34482687266,34482687267,1642032727,1593287056,39916
193,211,40723,404,1642032727,7,43,-70607407260,70607407261,1642032727,1593287056,39916
193,223,43039,416,1834580899,0,1,-1834580898,1834580899,1834580899,1781515264,42208
193,223,43039,416,1834580899,1,1,-1834580898,1834580899,1834580899,1781515264,42208
193,223,43039,416,1834580899,2,3,-5503742696,5503742697,1834580899,1781515264,42208
193,223,43039,416,1834580899,3,7,-12842066292,12842066293,1834580899,1781515264,42208
193,223,43039,416,1834580899,5,21,-38526198878,38526198879,1834580899,1781515264,42208
193,223,43039,416,1834580899,7,43,-78886978656,78886978657,1834580899,1781515264,42208
193,227,43811,420,1901135271,0,1,-1901135270,1901135271,1901135271,1846592784,42972
193,227,43811,420,1901135271,1,1,-1901135270,1901135271,1901135271,1846592784,42972
193,227,43811,420,1901135271,2,3,-5703405812,5703405813,1901135271,1846592784,42972
193,227,43811,420,1901135271,3,7,-13307946896,13307946897,1901135271,1846592784,42972
193,227,43811,420,1901135271,5,21,-39923840690,39923840691,1901135271,1846592784,42972
193,227,43811,420,1901135271,7,43,-81748816652,81748816653,1901135271,1846592784,42972
193,229,44197,422,1934857141,0,1,-1934857140,1934857141,1934857141,1879569316,43354
193,229,44197,422,1934857141,1,1,-1934857140,1934857141,1934857141,1879569316,43354
193,229,44197,422,1934857141,2,3,-5804571422,5804571423,1934857141,1879569316,43354
193,229,44197,422,1934857141,3,7,-13543999986,13543999987,1934857141,1879569316,43354
193,229,44197,422,1934857141,5,21,-40631999960,40631999961,1934857141,1879569316,43354
193,229,44197,422,1934857141,7,43,-83198857062,83198857063,1934857141,1879569316,43354
193,233,44969,426,2003190249,0,1,-2003190248,2003190249,2003190249,1946397924,44118
193,233,44969,426,2003190249,1,1,-2003190248,2003190249,2003190249,1946397924,44118
193,233,44969,426,2003190249,2,3,-6009570746,6009570747,2003190249,1946397924,44118
193,233,44969,426,2003190249,3,7,-14022331742,14022331743,2003190249,1946397924,44118
193,233,44969,426,2003190249,5,21,-42066995228,42066995229,2003190249,1946397924,44118
193,233,44969,426,2003190249,7,43,-86137180706,86137180707,2003190249,1946397924,44118
193,239,46127,432,2107913331,0,1,-2107913330,2107913331,2107913331,2048829696,45264
193,239,46127,432,2107913331,1,1,-2107913330,2107913331,2107913331,2048829696,45264
193,239,46127,432,2107913331,2,3,-6323739992,6323739993,2107913331,2048829696,45264
193,239,46127,432,2107913331,3,7,-14755393316,14755393317,2107913331,2048829696,45264
193,239,46127,432,2107913331,5,21,-44266179950,44266179951,2107913331,2048829696,45264
193,239,46127,432,2107913331,7,43,-90640273232,90640273233,2107913331,2048829696,45264
193,241,46513,434,2143413937,0,1,-2143413936,2143413937,2143413937,2083557316,45646
193,241,46513,434,2143413937,1,1,-2143413936,2143413937,2143413937,2083557316,45646
193,241,46513,434,2143413937,2,3,-6430241810,6430241811,2143413937,2083557316,45646
193,241,46513,434,2143413937,3,7,-15003897558,15003897559,2143413937,2083557316,45646
193,241,46513,434,2143413937,5,21,-45011692676,45011692677,2143413937,2083557316,45646
193,241,46513,434,2143413937,7,43,-92166799290,92166799291,2143413937,2083557316,45646
193,251,48443,444,2325363807,0,1,-2325363806,2325363807,2325363807,2261573136,47556
193,251,48443,444,2325363807,1,1,-2325363806,2325363807,2325363807,2261573136,47556
193,251,48443,444,2325363807,2,3,-6976091420,6976091421,2325363807,2261573136,47556
193,251,48443,444,2325363807,3,7,-16277546648,16277546649,2325363807,2261573136,47556
193,251,48443,444,2325363807,5,21,-48832639946,48832639947,2325363807,2261573136,47556
193,251,48443,444,2325363807,7,43,-99990643700,99990643701,2325363807,2261573136,47556
193,257,49601,450,2438091201,0,1,-2438091200,2438091201,2438091201,2371884804,48702
193,257,49601,450,2438091201,1,1,-2438091200,2438091201,2438091201,2371884804,48702
193,257,49601,450,2438091201,2,3,-7314273602,7314273603,2438091201,2371884804,48702
193,257,49601,450,2438091201,3,7,-17066638406,17066638407,2438091201,2371884804,48702
193,257,49601,450,2438091201,5,21,-51199915220,51199915221,2438091201,2371884804,48702
193,257,49601,450,2438091201,7,43,-104837921642,104837921643,2438091201,2371884804,48702
193,263,50759,456,2553486699,0,1,-2553486698,2553486699,2553486699,2484823104,49848
193,263,50759,456,2553486699,1,1,-2553486698,2553486699,2553486699,2484823104,49848
193,263,50759,456,2553486699,2,3,-7660460096,7660460097,2553486699,2484823104,49848
193,263,50759,456,2553486699,3,7,-17874406892,17874406893,2553486699,2484823104,49848
193,263,50759,456,2553486699,5,21,-53623220678,53623220679,2553486699,2484823104,49848
193,263,50759,456,2553486699,7,43,-109799928056,109799928057,2553486699,2484823104,49848
193,269,51917,462,2671550301,0,1,-2671550300,2671550301,2671550301,2600388036,50994
193,269,51917,462,2671550301,1,1,-2671550300,2671550301,2671550301,2600388036,50994
193,269,51917,462,2671550301,2,3,-8014650902,8014650903,2671550301,2600388036,50994
193,269,51917,462,2671550301,3,7,-18700852106,18700852107,2671550301,2600388036,50994
193,269,51917,462,2671550301,5,21,-56102556320,56102556321,2671550301,2600388036,50994
193,269,51917,462,2671550301,7,43,-114876662942,114876662943,2671550301,2600388036,50994
193,271,52303,464,2711497747,0,1,-2711497746,2711497747,2711497747,2639493376,51376
193,271,52303,464,2711497747,1,1,-2711497746,2711497747,2711497747,2639493376,51376
193,271,52303,464,2711497747,2,3,-8134493240,8134493241,2711497747,2639493376,51376
193,271,52303,464,2711497747,3,7,-18980484228,18980484229,2711497747,2639493376,51376
193,271,52303,464,2711497747,5,21,-56941452686,56941452687,2711497747,2639493376,51376
193,271,52303,464,2711497747,7,43,-116594403120,116594403121,2711497747,2639493376,51376
193,277,53461,470,2833118821,0,1,-2833118820,2833118821,2833118821,2758560484,52522
193,277,53461,470,2833118821,1,1,-2833118820,2833118821,2833118821,2758560484,52522
193,277,53461,470,2833118821,2,3,-8499356462,8499356463,2833118821,2758560484,52522
193,277,53461,470,2833118821,3,7,-19831831746,19831831747,2833118821,2758560484,52522
193,277,53461,470,2833118821,5,21,-59495495240,59495495241,2833118821,2758560484,52522
193,277,53461,470,2833118821,7,43,-121824109302,121824109303,2833118821,2758560484,52522
193,281,54233,474,2915681817,0,1,-2915681816,2915681817,2915681817,2839397796,53286
193,281,54233,474,2915681817,1,1,-2915681816,2915681817,2915681817,2839397796,53286
193,281,54233,474,2915681817,2,3,-8747045450,8747045451,2915681817,2839397796,53286
193,281,54233,474,2915681817,3,7,-20409772718,20409772719,2915681817,2839397796,53286
193,281,54233,474,2915681817,5,21,-61229318156,61229318157,2915681817,2839397796,53286
193,281,54233,474,2915681817,7,43,-125374318130,125374318131,2915681817,2839397796,53286
193,283,54619,476,2957407999,0,1,-2957407998,2957407999,2957407999,2880254224,53668
193,283,54619,476,2957407999,1,1,-2957407998,2957407999,2957407999,2880254224,53668
193,283,54619,476,2957407999,2,3,-8872223996,8872223997,2957407999,2880254224,53668
193,283,54619,476,2957407999,3,7,-20701855992,20701855993,2957407999,2880254224,53668
193,283,54619,476,2957407999,5,21,-62105567978,62105567979,2957407999,2880254224,53668
193,283,54619,476,2957407999,7,43,-127168543956,127168543957,2957407999,2880254224,53668
193,293,56549,486,3170485749,0,1,-3170485748,3170485749,3170485749,3088914084,55578
193,293,56549,486,3170485749,1,1,-3170485748,3170485749,3170485749,3088914084,55578
193,293,56549,486,3170485749,2,3,-9511457246,9511457247,3170485749,3088914084,55578
193,293,56549,486,3170485749,3,7,-22193400242,22193400243,3170485749,3088914084,55578
193,293,56549,486,3170485749,5,21,-66580200728,66580200729,3170485749,3088914084,55578
193,293,56549,486,3170485749,7,43,-136330887206,136330887207,3170485749,3088914084,55578
197,199,39203,396,1521468039,0,1,-1521468038,1521468039,1521468039,1475481744,38412
197,199,39203,396,1521468039,1,1,-1521468038,1521468039,1521468039,1475481744,38412
197,199,39203,396,1521468039,2,3,-4564404116,4564404117,1521468039,1475481744,38412
197,199,39203,396,1521468039,3,7,-10650276272,10650276273,1521468039,1475481744,38412
197,199,39203,396,1521468039,5,21,-31950828818,31950828819,1521468039,1475481744,38412
197,199,39203,396,1521468039,7,43,-65423125676,65423125677,1521468039,1475481744,38412
197,211,41567,408,1710980643,0,1,-1710980642,1710980643,1710980643,1660725504,40752
197,211,41567,408,1710980643,1,1,-1710980642,1710980643,1710980643,1660725504,40752
197,211,41567,408,1710980643,2,3,-5132941928,5132941929,1710980643,1660725504,40752
197,211,41567,408,1710980643,3,7,-11976864500,11976864501,1710980643,1660725504,40752
197,211,41567,408,1710980643,5,21,-35930593502,35930593503,1710980643,1660725504,40752
197,211,41567,408,1710980643,7,43,-73572167648,73572167649,1710980643,1660725504,40752
197,223,43931,420,1911613791,0,1,-1911613790,1911613791,1911613791,1856920464,43092
197,223,43931,420,1911613791,1,1,-1911613790,1911613791,1911613791,1856920464,43092
197,223,43931,420,1911613791,2,3,-5734841372,5734841373,1911613791,1856920464,43092
197,223,43931,420,1911613791,3,7,-13381296536,13381296537,1911613791,1856920464,43092
197,223,43931,420,1911613791,5,21,-40143889610,40143889611,1911613791,1856920464,43092
197,223,43931,420,1911613791,7,43,-82199393012,82199393013,1911613791,1856920464,43092
197,227,44719,424,1980962739,0,1,-1980962738,1980962739,1980962739,1924752384,43872
197,227,44719,424,1980962739,1,1,-1980962738,1980962739,1980962739,1924752384,43872
197,227,44719,424,1980962739,2,3,-5942888216,5942888217,1980962739,1924752384,43872
197,227,44719,424,1980962739,3,7,-13866739172,13866739173,1980962739,1924752384,43872
197,227,44719,424,1980962739,5,21,-41600217518,41600217519,1980962739,1924752384,43872
197,227,44719,424,1980962739,7,43,-85181397776,85181397777,1980962739,1924752384,43872
197,229,45113,426,2016100569,0,1,-2016100568,2016100569,2016100569,1959124644,44262
197,229,45113,426,2016100569,1,1,-2016100568,2016100569,2016100569,1959124644,44262
197,229,45113,426,2016100569,2,3,-6048301706,6048301707,2016100569,1959124644,44262
197,229,45113,426,2016100569,3,7,-14112703982,14112703983,2016100569,1959124644,44262
197,229,45113,426,2016100569,5,21,-42338111948,42338111949,2016100569,1959124644,44262
197,229,45113,426,2016100569,7,43,-86692324466,86692324467,2016100569,1959124644,44262
197,233,45901,430,2087302941,0,1,-2087302940,2087302941,2087302941,2028781764,45042
197,233,45901,430,2087302941,1,1,-2087302940,2087302941,2087302941,2028781764,45042
197,233,45901,430,2087302941,2,3,-6261908822,6261908823,2087302941,2028781764,45042
197,233,45901,430,2087302941,3,7,-14611120586,14611120587,2087302941,2028781764,45042
197,233,45901,430,2087302941,5,21,-43833361760,43833361761,2087302941,2028781764,45042
197,233,45901,430,2087302941,7,43,-89754026462,89754026463,2087302941,2028781764,45042
197,239,47083,436,2196423279,0,1,-2196423278,2196423279,2196423279,2135548944,46212
197,239,47083,436,2196423279,1,1,-2196423278,2196423279,2196423279,2135548944,46212
197,239,47083,436,2196423279,2,3,-6589269836,6589269837,2196423279,2135548944,46212
197,239,47083,436,2196423279,3,7,-15374962952,15374962953,2196423279,2135548944,46212
197,239,47083,436,2196423279,5,21,-46124888858,46124888859,2196423279,2135548944,46212
197,239,47083,436,2196423279,7,43,-94446200996,94446200997,2196423279,2135548944,46212
197,241,47477,438,2233414533,0,1,-2233414532,2233414533,2233414533,2171746404,46602
197,241,47477,438,2233414533,1,1,-2233414532,2233414533,2233414533,2171746404,46602
197,241,47477,438,2233414533,2,3,-6700243598,6700243599,2233414533,2171746404,46602
197,241,47477,438,2233414533,3,7,-15633901730,15633901731,2233414533,2171746404,46602
197,241,47477,438,2233414533,5,21,-46901705192,46901705193,2233414533,2171746404,46602
197,241,47477,438,2233414533,7,43,-96036824918,96036824919,2233414533,2171746404,46602
197,251,49447,448,2423004363,0,1,-2423004362,2423004363,2423004363,2357296704,48552
197,251,49447,448,2423004363,1,1,-2423004362,2423004363,2423004363,2357296704,48552
197,251,49447,448,2423004363,2,3,-7269013088,7269013089,2423004363,2357296704,48552
197,251,49447,448,2423004363,3,7,-16961030540,16961030541,2423004363,2357296704,48552
197,251,49447,448,2423004363,5,21,-50883091622,50883091623,2423004363,2357296704,48552
197,251,49447,448,2423004363,7,43,-104189187608,104189187609,2423004363,2357296704,48552
197,257,50629,454,2540465109,0,1,-2540465108,2540465109,2540465109,2472277284,49722
197,257,50629,454,2540465109,1,1,-2540465108,2540465109,2540465109,2472277284,49722
197,257,50629,454,2540465109,2,3,-7621395326,7621395327,2540465109,2472277284,49722
197,257,50629,454,2540465109,3,7,-17783255762,17783255763,2540465109,2472277284,49722
197,257,50629,454,2540465109,5,21,-53349767288,53349767289,2540465109,2472277284,49722
197,257,50629,454,2540465109,7,43,-109239999686,109239999687,2540465109,2472277284,49722
197,263,51811,460,2660705991,0,1,-2660705990,2660705991,2660705991,2589995664,50892
197,263,51811,460,2660705991,1,1,-2660705990,2660705991,2660705991,2589995664,50892
197,263,51811,460,2660705991,2,3,-7982117972,7982117973,2660705991,2589995664,50892
197,263,51811,460,2660705991,3,7,-18624941936,18624941937,2660705991,2589995664,50892
197,263,51811,460,2660705991,5,21,-55874825810,55874825811,2660705991,2589995664,50892
197,263,51811,460,2660705991,7,43,-114410357612,114410357613,2660705991,2589995664,50892
197,269,52993,466,2783727009,0,1,-2783727008,2783727009,2783727009,2710451844,52062
197,269,52993,466,2783727009,1,1,-2783727008,2783727009,2783727009,2710451844,52062
197,269,52993,466,2783727009,2,3,-8351181026,8351181027,2783727009,2710451844,52062
197,269,52993,466,2783727009,3,7,-19486089062,19486089063,2783727009,2710451844,52062
197,269,52993,466,2783727009,5,21,-58458267188,58458267189,2783727009,2710451844,52062
197,269,52993,466,2783727009,7,43,-119700261386,119700261387,2783727009,2710451844,52062
197,271,53387,468,2825351823,0,1,-2825351822,2825351823,2825351823,2751212304,52452
197,271,53387,468,2825351823,1,1,-2825351822,2825351823,2825351823,2751212304,52452
197,271,53387,468,2825351823,2,3,-8476055468,8476055469,2825351823,2751212304,52452
197,271,53387,468,2825351823,3,7,-19777462760,19777462761,2825351823,2751212304,52452
197,271,53387,468,2825351823,5,21,-59332388282,59332388283,2825351823,2751212304,52452
197,271,53387,468,2825351823,7,43,-121490128388,121490128389,2825351823,2751212304,52452
197,277,54569,474,2952079689,0,1,-2952079688,2952079689,2952079689,2875318884,53622
197,277,54569,474,2952079689,1,1,-2952079688,2952079689,2952079689,2875318884,53622
197,277,54569,474,2952079689,2,3,-8856239066,8856239067,2952079689,2875318884,53622
197,277,54569,474,2952079689,3,7,-20664557822,20664557823,2952079689,2875318884,53622
197,277,54569,474,2952079689,5,21,-61993673468,61993673469,2952079689,2875318884,53622
197,277,54569,474,2952079689,7,43,-126939426626,126939426627,2952079689,2875318884,53622
197,281,55357,478,3038109453,0,1,-3038109452,3038109453,3038109453,2959577604,54402
197,281,55357,478,3038109453,1,1,-3038109452,3038109453,3038109453,2959577604,54402
197,281,55357,478,3038109453,2,3,-9114328358,9114328359,3038109453,2959577604,54402
197,281,55357,478,3038109453,3,7,-21266766170,21266766171,3038109453,2959577604,54402
197,281,55357,478,3038109453,5,21,-63800298512,63800298513,3038109453,2959577604,54402
197,281,55357,478,3038109453,7,43,-130638706478,130638706479,3038109453,2959577604,54402
197,283,55751,480,3081587691,0,1,-3081587690,3081587691,3081587691,3002163264,54792
197,283,55751,480,3081587691,1,1,-3081587690,3081587691,3081587691,3002163264,54792
197,283,55751,480,3081587691,2,3,-9244763072,9244763073,3081587691,3002163264,54792
197,283,55751,480,3081587691,3,7,-21571113836,21571113837,3081587691,3002163264,54792
197,283,55751,480,3081587691,5,21,-64713341510,64713341511,3081587691,3002163264,54792
197,283,55751,480,3081587691,7,43,-132508270712,132508270713,3081587691,3002163264,54792
197,293,57721,490,3303612441,0,1,-3303612440,3303612441,3303612441,3219654564,56742
197,293,57721,490,3303612441,1,1,-3303612440,3303612441,3303612441,3219654564,56742
197,293,57721,490,3303612441,2,3,-9910837322,9910837323,3303612441,3219654564,56742
197,293,57721,490,3303612441,3,7,-23125287086,23125287087,3303612441,3219654564,56742
197,293,57721,490,3303612441,5,21,-69375861260,69375861261,3303612441,3219654564,56742
197,293,57721,490,3303612441,7,43,-142055334962,142055334963,3303612441,3219654564,56742
199,211,41989,410,1745986333,0,1,-1745986332,1745986333,1745986333,1694968900,41170
199,211,41989,410,1745986333,1,1,-1745986332,1745986333,1745986333,1694968900,41170
199,211,41989,410,1745986333,2,3,-5237958998,5237958999,1745986333,1694968900,41170
199,211,41989,410,1745986333,3,7,-12221904330,12221904331,1745986333,1694968900,41170
199,211,41989,410,1745986333,5,21,-36665712992,36665712993,1745986333,1694968900,41170
199,211,41989,410,1745986333,7,43,-75077412318,75077412319,1745986333,1694968900,41170
199,223,44377,422,1950724321,0,1,-1950724320,1950724321,1950724321,1895209156,43534
199,223,44377,422,1950724321,1,1,-1950724320,1950724321,1950724321,1895209156,43534
199,223,44377,422,1950724321,2,3,-5852172962,5852172963,1950724321,1895209156,43534
199,223,44377,422,1950724321,3,7,-13655070246,13655070247,1950724321,1895209156,43534
199,223,44377,422,1950724321,5,21,-40965210740,40965210741,1950724321,1895209156,43534
199,223,44377,422,1950724321,7,43,-83881145802,83881145803,1950724321,1895209156,43534
199,227,45173,426,2021492109,0,1,-2021492108,2021492109,2021492109,1964439684,44322
199,227,45173,426,2021492109,1,1,-2021492108,2021492109,2021492109,1964439684,44322
199,227,45173,426,2021492109,2,3,-6064476326,6064476327,2021492109,1964439684,44322
199,227,45173,426,2021492109,3,7,-14150444762,14150444763,2021492109,1964439684,44322
199,227,45173,426,2021492109,5,21,-42451334288,42451334289,2021492109,1964439684,44322
199,227,45173,426,2021492109,7,43,-86924160686,86924160687,2021492109,1964439684,44322
199,229,45571,428,2057348839,0,1,-2057348838,2057348839,2057348839,1999520656,44716
199,229,45571,428,2057348839,1,1,-2057348838,2057348839,2057348839,1999520656,44716
199,229,45571,428,2057348839,2,3,-6172046516,6172046517,2057348839,1999520656,44716
199,229,45571,428,2057348839,3,7,-14401441872,14401441873,2057348839,1999520656,44716
199,229,45571,428,2057348839,5,21,-43204325618,43204325619,2057348839,1999520656,44716
199,229,45571,428,2057348839,7,43,-88466000076,88466000077,2057348839,1999520656,44716
199,233,46367,432,2130007971,0,1,-2130007970,2130007971,2130007971,2070614016,45504
199,233,46367,432,2130007971,1,1,-2130007970,2130007971,2130007971,2070614016,45504
199,233,46367,432,2130007971,2,3,-6390023912,6390023913,2130007971,2070614016,45504
199,233,46367,432,2130007971,3,7,-14910055796,14910055797,2130007971,2070614016,45504
199,233,46367,432,2130007971,5,21,-44730167390,44730167391,2130007971,2070614016,45504
199,233,46367,432,2130007971,7,43,-91590342752,91590342753,2130007971,2070614016,45504
199,239,47561,438,2241360849,0,1,-2241360848,2241360849,2241360849,2179582596,46686
199,239,47561,438,2241360849,1,1,-2241360848,2241360849,2241360849,2179582596,46686
199,239,47561,438,2241360849,2,3,-6724082546,6724082547,2241360849,2179582596,46686
199,239,47561,438,2241360849,3,7,-15689525942,15689525943,2241360849,2179582596,46686
199,239,47561,438,2241360849,5,21,-47068577828,47068577829,2241360849,2179582596,46686
199,239,47561,438,2241360849,7,43,-96378516506,96378516507,2241360849,2179582596,46686
199,241,47959,440,2279108923,0,1,-2279108922,2279108923,2279108923,2216526400,47080
199,241,47959,440,2279108923,1,1,-2279108922,2279108923,2279108923,2216526400,47080
199,241,47959,440,2279108923,2,3,-6837326768,6837326769,2279108923,2216526400,47080
199,241,47959,440,2279108923,3,7,-15953762460,15953762461,2279108923,2216526400,47080
199,241,47959,440,2279108923,5,21,-47861287382,47861287383,2279108923,2216526400,47080
199,241,47959,440,2279108923,7,43,-98001683688,98001683689,2279108923,2216526400,47080
199,251,49949,450,2472577653,0,1,-2472577652,2472577653,2472577653,2405902500,49050
199,251,49949,450,2472577653,1,1,-2472577652,2472577653,2472577653,2405902500,49050
199,251,49949,450,2472577653,2,3,-7417732958,7417732959,2472577653,2405902500,49050
199,251,49949,450,2472577653,3,7,-17308043570,17308043571,2472577653,2405902500,49050
199,251,49949,450,2472577653,5,21,-51924130712,51924130713,2472577653,2405902500,49050
199,251,49949,450,2472577653,7,43,-106320839078,106320839079,2472577653,2405902500,49050
199,257,51143,456,2592441579,0,1,-2592441578,2592441579,2592441579,2523253824,50232
199,257,51143,456,2592441579,1,1,-2592441578,2592441579,2592441579,2523253824,50232
199,257,51143,456,2592441579,2,3,-7777324736,7777324737,2592441579,2523253824,50232
199,257,51143,456,2592441579,3,7,-18147091052,18147091053,2592441579,2523253824,50232
199,257,51143,456,2592441579,5,21,-54441273158,54441273159,2592441579,2523253824,50232
199,257,51143,456,2592441579,7,43,-111474987896,111474987897,2592441579,2523253824,50232
199,263,52337,462,2715142521,0,1,-2715142520,2715142521,2715142521,2643399396,51414
199,263,52337,462,2715142521,1,1,-2715142520,2715142521,2715142521,2643399396,51414
199,263,52337,462,2715142521,2,3,-8145427562,8145427563,2715142521,2643399396,51414
199,263,52337,462,2715142521,3,7,-19005997646,19005997647,2715142521,2643399396,51414
199,263,52337,462,2715142521,5,21,-57017992940,57017992941,2715142521,2643399396,51414
199,263,52337,462,2715142521,7,43,-116751128402,116751128403,2715142521,2643399396,51414
199,269,53531,468,2840680479,0,1,-2840680478,2840680479,2840680479,2766339216,52596
199,269,53531,468,2840680479,1,1,-2840680478,2840680479,2840680479,2766339216,52596
199,269,53531,468,2840680479,2,3,-8522041436,8522041437,2840680479,2766339216,52596
199,269,53531,468,2840680479,3,7,-19884763352,19884763353,2840680479,2766339216,52596
199,269,53531,468,2840680479,5,21,-59654290058,59654290059,2840680479,2766339216,52596
199,269,53531,468,2840680479,7,43,-122149260596,122149260597,2840680479,2766339216,52596
199,271,53929,470,2883156913,0,1,-2883156912,2883156913,2883156913,2807940100,52990
199,271,53929,470,2883156913,1,1,-2883156912,2883156913,2883156913,2807940100,52990
199,271,53929,470,2883156913,2,3,-8649470738,8649470739,2883156913,2807940100,52990
199,271,53929,470,2883156913,3,7,-20182098390,20182098391,2883156913,2807940100,52990
199,271,53929,470,2883156913,5,21,-60546295172,60546295173,2883156913,2807940100,52990
199,271,53929,470,2883156913,7,43,-123975747258,123975747259,2883156913,2807940100,52990
199,277,55123,476,3012477559,0,1,-3012477558,3012477559,3012477559,2934605584,54172
199,277,55123,476,3012477559,1,1,-3012477558,3012477559,3012477559,2934605584,54172
199,277,55123,476,3012477559,2,3,-9037432676,9037432677,3012477559,2934605584,54172
199,277,55123,476,3012477559,3,7,-21087342912,21087342913,3012477559,2934605584,54172
199,277,55123,476,3012477559,5,21,-63262028738,63262028739,3012477559,2934605584,54172
199,277,55123,476,3012477559,7,43,-129536535036,129536535037,3012477559,2934605584,54172
199,281,55919,480,3100267443,0,1,-3100267442,3100267443,3100267443,3020601600,54960
199,281,55919,480,3100267443,1,1,-3100267442,3100267443,3100267443,3020601600,54960
199,281,55919,480,3100267443,2,3,-9300802328,9300802329,3100267443,3020601600,54960
199,281,55919,480,3100267443,3,7,-21701872100,21701872101,3100267443,3020601600,54960
199,281,55919,480,3100267443,5,21,-65105616302,65105616303,3100267443,3020601600,54960
199,281,55919,480,3100267443,7,43,-133311500048,133311500049,3100267443,3020601600,54960
199,283,56317,482,3144635221,0,1,-3144635220,3144635221,3144635221,3064065316,55354
199,283,56317,482,3144635221,1,1,-3144635220,3144635221,3144635221,3064065316,55354
199,283,56317,482,3144635221,2,3,-9433905662,9433905663,3144635221,3064065316,55354
199,283,56317,482,3144635221,3,7,-22012446546,22012446547,3144635221,3064065316,55354
199,283,56317,482,3144635221,5,21,-66037339640,66037339641,3144635221,3064065316,55354
199,283,56317,482,3144635221,7,43,-135219314502,135219314503,3144635221,3064065316,55354
199,293,58307,492,3371202471,0,1,-3371202470,3371202471,3371202471,3286040976,57324
199,293,58307,492,3371202471,1,1,-3371202470,3371202471,3371202471,3286040976,57324
199,293,58307,492,3371202471,2,3,-10113607412,10113607413,3371202471,3286040976,57324
199,293,58307,492,3371202471,3,7,-23598417296,23598417297,3371202471,3286040976,57324
199,293,58307,492,3371202471,5,21,-70795251890,70795251891,3371202471,3286040976,57324
199,293,58307,492,3371202471,7,43,-144961706252,144961706253,3371202471,3286040976,57324
211,223,47053,434,2193704677,0,1,-2193704676,2193704677,2193704677,2133146596,46186
211,223,47053,434,2193704677,1,1,-2193704676,2193704677,2193704677,2133146596,46186
211,223,47053,434,2193704677,2,3,-6581114030,6581114031,2193704677,2133146596,46186
211,223,47053,434,2193704677,3,7,-15355932738,15355932739,2193704677,2133146596,46186
211,223,47053,434,2193704677,5,21,-46067798216,46067798217,2193704677,2133146596,46186
211,223,47053,434,2193704677,7,43,-94329301110,94329301111,2193704677,2133146596,46186
211,227,47897,438,2273287233,0,1,-2273287232,2273287233,2273287233,2211068484,47022
211,227,47897,438,2273287233,1,1,-2273287232,2273287233,2273287233,2211068484,47022
211,227,47897,438,2273287233,2,3,-6819861698,6819861699,2273287233,2211068484,47022
211,227,47897,438,2273287233,3,7,-15913010630,15913010631,2273287233,2211068484,47022
211,227,47897,438,2273287233,5,21,-47739031892,47739031893,2273287233,2211068484,47022
211,227,47897,438,2273287233,7,43,-97751351018,97751351019,2273287233,2211068484,47022
211,229,48319,440,2313610243,0,1,-2313610242,2313610243,2313610243,2250553600,47440
211,229,48319,440,2313610243,1,1,-2313610242,2313610243,2313610243,2250553600,47440
211,229,48319,440,2313610243,2,3,-6940830728,6940830729,2313610243,2250553600,47440
211,229,48319,440,2313610243,3,7,-16195271700,16195271701,2313610243,2250553600,47440
211,229,48319,440,2313610243,5,21,-48585815102,48585815103,2313610243,2250553600,47440
211,229,48319,440,2313610243,7,43,-99485240448,99485240449,2313610243,2250553600,47440
211,233,49163,444,2395319727,0,1,-2395319726,2395319727,2395319727,2330572176,48276
211,233,49163,444,2395319727,1,1,-2395319726,2395319727,2395319727,2330572176,48276
211,233,49163,444,2395319727,2,3,-7185959180,7185959181,2395319727,2330572176,48276
211,233,49163,444,2395319727,3,7,-16767238088,16767238089,2395319727,2330572176,48276
211,233,49163,444,2395319727,5,21,-50301714266,50301714267,2395319727,2330572176,48276
211,233,49163,444,2395319727,7,43,-102998748260,102998748261,2395319727,2330572176,48276
211,239,50429,450,2520542613,0,1,-2520542612,2520542613,2520542613,2453220900,49530
211,239,50429,450,2520542613,1,1,-2520542612,2520542613,2520542613,2453220900,49530
211,239,50429,450,2520542613,2,3,-7561627838,7561627839,2520542613,2453220900,49530
211,239,50429,450,2520542613,3,7,-17643798290,17643798291,2520542613,2453220900,49530
211,239,50429,450,2520542613,5,21,-52931394872,52931394873,2520542613,2453220900,49530
211,239,50429,450,2520542613,7,43,-108383332358,108383332359,2520542613,2453220900,49530
211,241,50851,452,2562992551,0,1,-2562992550,2562992551,2562992551,2494802704,49948
211,241,50851,452,2562992551,1,1,-2562992550,2562992551,2562992551,2494802704,49948
211,241,50851,452,2562992551,2,3,-7688977652,7688977653,2562992551,2494802704,49948
211,241,50851,452,2562992551,3,7,-17940947856,17940947857,2562992551,2494802704,49948
211,241,50851,452,2562992551,5,21,-53822843570,53822843571,2562992551,2494802704,49948
211,241,50851,452,2562992551,7,43,-110208679692,110208679693,2562992551,2494802704,49948
211,251,52961,462,2780559561,0,1,-2780559560,2780559561,2780559561,2707953444,52038
211,251,52961,462,2780559561,1,1,-2780559560,2780559561,2780559561,2707953444,52038
211,251,52961,462,2780559561,2,3,-8341678682,8341678683,2780559561,2707953444,52038
211,251,52961,462,2780559561,3,7,-19463916926,19463916927,2780559561,2707953444,52038
211,251,52961,462,2780559561,5,21,-58391750780,58391750781,2780559561,2707953444,52038
211,251,52961,462,2780559561,7,43,-119564061122,119564061123,2780559561,2707953444,52038
211,257,54227,468,2915353623,0,1,-2915353622,2915353623,2915353623,2840037264,53292
211,257,54227,468,2915353623,1,1,-2915353622,2915353623,2915353623,2840037264,53292
211,257,54227,468,2915353623,2,3,-8746060868,8746060869,2915353623,2840037264,53292
211,257,54227,468,2915353623,3,7,-20407475360,20407475361,2915353623,2840037264,53292
211,257,54227,468,2915353623,5,21,-61222426082,61222426083,2915353623,2840037264,53292
211,257,54227,468,2915353623,7,43,-125360205788,125360205789,2915353623,2840037264,53292
211,263,55493,474,3053338077,0,1,-3053338076,3053338077,3053338077,2975266116,54546
211,263,55493,474,3053338077,1,1,-3053338076,3053338077,3053338077,2975266116,54546
211,263,55493,474,3053338077,2,3,-9160014230,9160014231,3053338077,2975266116,54546
211,263,55493,474,3053338077,3,7,-21373366538,21373366539,3053338077,2975266116,54546
211,263,55493,474,3053338077,5,21,-64120099616,64120099617,3053338077,2975266116,54546
211,263,55493,474,3053338077,7,43,-131293537310,131293537311,3053338077,2975266116,54546
211,269,56759,480,3194512923,0,1,-3194512922,3194512923,3194512923,3113640000,55800
211,269,56759,480,3194512923,1,1,-3194512922,3194512923,3194512923,3113640000,55800
211,269,56759,480,3194512923,2,3,-9583538768,9583538769,3194512923,3113640000,55800
211,269,56759,480,3194512923,3,7,-22361590460,22361590461,3194512923,3113640000,55800
211,269,56759,480,3194512923,5,21,-67084771382,67084771383,3194512923,3113640000,55800
211,269,56759,480,3194512923,7,43,-137364055688,137364055689,3194512923,3113640000,55800
211,271,57181,482,3242280181,0,1,-3242280180,3242280181,3242280181,3160463524,56218
211,271,57181,482,3242280181,1,1,-3242280180,3242280181,3242280181,3160463524,56218
211,271,57181,482,3242280181,2,3,-9726840542,9726840543,3242280181,3160463524,56218
211,271,57181,482,3242280181,3,7,-22695961266,22695961267,3242280181,3160463524,56218
211,271,57181,482,3242280181,5,21,-68087883800,68087883801,3242280181,3160463524,56218
211,271,57181,482,3242280181,7,43,-139418047782,139418047783,3242280181,3160463524,56218
211,277,58447,488,3387708883,0,1,-3387708882,3387708883,3387708883,3303030784,57472
211,277,58447,488,3387708883,1,1,-3387708882,3387708883,3387708883,3303030784,57472
211,277,58447,488,3387708883,2,3,-10163126648,10163126649,3387708883,3303030784,57472
211,277,58447,488,3387708883,3,7,-23713962180,23713962181,3387708883,3303030784,57472
211,277,58447,488,3387708883,5,21,-71141886542,71141886543,3387708883,3303030784,57472
211,277,58447,488,3387708883,7,43,-145671481968,145671481969,3387708883,3303030784,57472
211,281,59291,492,3486433791,0,1,-3486433790,3486433791,3486433791,3399822864,58308
211,281,59291,492,3486433791,1,1,-3486433790,3486433791,3486433791,3399822864,58308
211,281,59291,492,3486433791,2,3,-10459301372,10459301373,3486433791,3399822864,58308
211,281,59291,492,3486433791,3,7,-24405036536,24405036537,3486433791,3399822864,58308
211,281,59291,492,3486433791,5,21,-73215109610,73215109611,3486433791,3399822864,58308
211,281,59291,492,3486433791,7,43,-149916653012,149916653013,3486433791,3399822864,58308
211,283,59713,494,3536327977,0,1,-3536327976,3536327977,3536327977,3448743076,58726
211,283,59713,494,3536327977,1,1,-3536327976,3536327977,3536327977,3448743076,58726
211,283,59713,494,3536327977,2,3,-10608983930,10608983931,3536327977,3448743076,58726
211,283,59713,494,3536327977,3,7,-24754295838,24754295839,3536327977,3448743076,58726
211,283,59713,494,3536327977,5,21,-74262887516,74262887517,3536327977,3448743076,58726
211,283,59713,494,3536327977,7,43,-152062103010,152062103011,3536327977,3448743076,58726
211,293,61823,504,3791116227,0,1,-3791116226,3791116227,3791116227,3698585856,60816
211,293,61823,504,3791116227,1,1,-3791116226,3791116227,3791116227,3698585856,60816
211,293,61823,504,3791116227,2,3,-11373348680,11373348681,3791116227,3698585856,60816
211,293,61823,504,3791116227,3,7,-26537813588,26537813589,3791116227,3698585856,60816
211,293,61823,504,3791116227,5,21,-79613440766,79613440767,3791116227,3698585856,60816
211,293,61823,504,3791116227,7,43,-163017997760,163017997761,3791116227,3698585856,60816
223,227,50621,450,2539857621,0,1,-2539857620,2539857621,2539857621,2472277284,49722
223,227,50621,450,2539857621,1,1,-2539857620,2539857621,2539857621,2472277284,49722
223,227,50621,450,2539857621,2,3,-7619572862,7619572863,2539857621,2472277284,49722
223,227,50621,450,2539857621,3,7,-17779003346,17779003347,2539857621,2472277284,49722
223,227,50621,450,2539857621,5,21,-53337010040,53337010041,2539857621,2472277284,49722
223,227,50621,450,2539857621,7,43,-109213877702,109213877703,2539857621,2472277284,49722
223,229,51067,452,2584908991,0,1,-2584908990,2584908991,2584908991,2516426896,50164
223,229,51067,452,2584908991,1,1,-2584908990,2584908991,2584908991,2516426896,50164
223,229,51067,452,2584908991,2,3,-7754726972,7754726973,2584908991,2516426896,50164
223,229,51067,452,2584908991,3,7,-18094362936,18094362937,2584908991,2516426896,50164
223,229,51067,452,2584908991,5,21,-54283088810,54283088811,2584908991,2516426896,50164
223,229,51067,452,2584908991,7,43,-111151086612,111151086613,2584908991,2516426896,50164
223,233,51959,456,2676199899,0,1,-2676199898,2676199899,2676199899,2605898304,51048
223,233,51959,456,2676199899,1,1,-2676199898,2676199899,2676199899,2605898304,51048
223,233,51959,456,2676199899,2,3,-8028599696,8028599697,2676199899,2605898304,51048
223,233,51959,456,2676199899,3,7,-18733399292,18733399293,2676199899,2605898304,51048
223,233,51959,456,2676199899,5,21,-56200197878,56200197879,2676199899,2605898304,51048
223,233,51959,456,2676199899,7,43,-115076595656,115076595657,2676199899,2605898304,51048
223,239,53297,462,2816106681,0,1,-2816106680,2816106681,2816106681,2743035876,52374
223,239,53297,462,2816106681,1,1,-2816106680,2816106681,2816106681,2743035876,52374
223,239,53297,462,2816106681,2,3,-8448320042,8448320043,2816106681,2743035876,52374
223,239,53297,462,2816106681,3,7,-19712746766,19712746767,2816106681,2743035876,52374
223,239,53297,462,2816106681,5,21,-59138240300,59138240301,2816106681,2743035876,52374
223,239,53297,462,2816106681,7,43,-121092587282,121092587283,2816106681,2743035876,52374
223,241,53743,464,2863534387,0,1,-2863534386,2863534387,2863534387,2789529856,52816
223,241,53743,464,2863534387,1,1,-2863534386,2863534387,2863534387,2789529856,52816
223,241,53743,464,2863534387,2,3,-8590603160,8590603161,2863534387,2789529856,52816
223,241,53743,464,2863534387,3,7,-20044740708,20044740709,2863534387,2789529856,52816
223,241,53743,464,2863534387,5,21,-60134222126,60134222127,2863534387,2789529856,52816
223,241,53743,464,2863534387,7,43,-123131978640,123131978641,2863534387,2789529856,52816
223,251,55973,474,3106613757,0,1,-3106613756,3106613757,3106613757,3027860676,55026
223,251,55973,474,3106613757,1,1,-3106613756,3106613757,3106613757,3027860676,55026
223,251,55973,474,3106613757,2,3,-9319841270,9319841271,3106613757,3027860676,55026
223,251,55973,474,3106613757,3,7,-21746296298,21746296299,3106613757,3027860676,55026
223,251,55973,474,3106613757,5,21,-65238888896,65238888897,3106613757,3027860676,55026
223,251,55973,474,3106613757,7,43,-133584391550,133584391551,3106613757,3027860676,55026
223,257,57311,480,3257214051,0,1,-3257214050,3257214051,3257214051,3175547904,56352
223,257,57311,480,3257214051,1,1,-3257214050,3257214051,3257214051,3175547904,56352
223,257,57311,480,3257214051,2,3,-9771642152,9771642153,3257214051,3175547904,56352
223,257,57311,480,3257214051,3,7,-22800498356,22800498357,3257214051,3175547904,56352
223,257,57311,480,3257214051,5,21,-68401495070,68401495071,3257214051,3175547904,56352
223,257,57311,480,3257214051,7,43,-140060204192,140060204193,3257214051,3175547904,56352
223,263,58649,486,3411378849,0,1,-3411378848,3411378849,3411378849,3326751684,57678
223,263,58649,486,3411378849,1,1,-3411378848,3411378849,3411378849,3326751684,57678
223,263,58649,486,3411378849,2,3,-10234136546,10234136547,3411378849,3326751684,57678
223,263,58649,486,3411378849,3,7,-23879651942,23879651943,3411378849,3326751684,57678
223,263,58649,486,3411378849,5,21,-71638955828,71638955829,3411378849,3326751684,57678
223,263,58649,486,3411378849,7,43,-146689290506,146689290507,3411378849,3326751684,57678
223,269,59987,492,3569108151,0,1,-3569108150,3569108151,3569108151,3481472016,59004
223,269,59987,492,3569108151,1,1,-3569108150,3569108151,3569108151,3481472016,59004
223,269,59987,492,3569108151,2,3,-10707324452,10707324453,3569108151,3481472016,59004
223,269,59987,492,3569108151,3,7,-24983757056,24983757057,3569108151,3481472016,59004
223,269,59987,492,3569108151,5,21,-74951271170,74951271171,3569108151,3481472016,59004
223,269,59987,492,3569108151,7,43,-153471650492,153471650493,3569108151,3481472016,59004
223,271,60433,494,3622476697,0,1,-3622476696,3622476697,3622476697,3533826916,59446
223,271,60433,494,3622476697,1,1,-3622476696,3622476697,3622476697,3533826916,59446
223,271,60433,494,3622476697,2,3,-10867430090,10867430091,3622476697,3533826916,59446
223,271,60433,494,3622476697,3,7,-25357336878,25357336879,3622476697,3533826916,59446
223,271,60433,494,3622476697,5,21,-76072010636,76072010637,3622476697,3533826916,59446
223,271,60433,494,3622476697,7,43,-155766497970,155766497971,3622476697,3533826916,59446
223,277,61771,500,3784958671,0,1,-3784958670,3784958671,3784958671,3693235984,60772
223,277,61771,500,3784958671,1,1,-3784958670,3784958671,3784958671,3693235984,60772
223,277,61771,500,3784958671,2,3,-11354876012,11354876013,3784958671,3693235984,60772
223,277,61771,500,3784958671,3,7,-26494710696,26494710697,3784958671,3693235984,60772
223,277,61771,500,3784958671,5,21,-79484132090,79484132091,3784958671,3693235984,60772
223,277,61771,500,3784958671,7,43,-162753222852,162753222853,3784958671,3693235984,60772
223,281,62663,504,3895260267,0,1,-3895260266,3895260267,3895260267,3801462336,61656
223,281,62663,504,3895260267,1,1,-3895260266,3895260267,3895260267,3801462336,61656
223,281,62663,504,3895260267,2,3,-11685780800,11685780801,3895260267,3801462336,61656
223,281,62663,504,3895260267,3,7,-27266821868,27266821869,3895260267,3801462336,61656
223,281,62663,504,3895260267,5,21,-81800465606,81800465607,3895260267,3801462336,61656
223,281,62663,504,3895260267,7,43,-167496191480,167496191481,3895260267,3801462336,61656
223,283,63109,506,3951005149,0,1,-3951005148,3951005149,3951005149,3856161604,62098
223,283,63109,506,3951005149,1,1,-3951005148,3951005149,3951005149,3856161604,62098
223,283,63109,506,3951005149,2,3,-11853015446,11853015447,3951005149,3856161604,62098
223,283,63109,506,3951005149,3,7,-27657036042,27657036043,3951005149,3856161604,62098
223,283,63109,506,3951005149,5,21,-82971108128,82971108129,3951005149,3856161604,62098
223,283,63109,506,3951005149,7,43,-169893221406,169893221407,3951005149,3856161604,62098
223,293,65339,516,4235670399,0,1,-4235670398,4235670399,4235670399,4135518864,64308
223,293,65339,516,4235670399,1,1,-4235670398,4235670399,4235670399,4135518864,64308
223,293,65339,516,4235670399,2,3,-12707011196,12707011197,4235670399,4135518864,64308
223,293,65339,516,4235670399,3,7,-29649692792,29649692793,4235670399,4135518864,64308
223,293,65339,516,4235670399,5,21,-88949078378,88949078379,4235670399,4135518864,64308
223,293,65339,516,4235670399,7,43,-182133827156,182133827157,4235670399,4135518864,64308
227,229,51983,456,2678683539,0,1,-2678683538,2678683539,2678683539,2608349184,51072
227,229,51983,456,2678683539,1,1,-2678683538,2678683539,2678683539,2608349184,51072
227,229,51983,456,2678683539,2,3,-8036050616,8036050617,2678683539,2608349184,51072
227,229,51983,456,2678683539,3,7,-18750784772,18750784773,2678683539,2608349184,51072
227,229,51983,456,2678683539,5,21,-56252354318,56252354319,2678683539,2608349184,51072
227,229,51983,456,2678683539,7,43,-115183392176,115183392177,2678683539,2608349184,51072
227,233,52891,460,2773286271,0,1,-2773286270,2773286271,2773286271,2701088784,51972
227,233,52891,460,2773286271,1,1,-2773286270,2773286271,2773286271,2701088784,51972
227,233,52891,460,2773286271,2,3,-8319858812,8319858813,2773286271,2701088784,51972
227,233,52891,460,2773286271,3,7,-19413003896,19413003897,2773286271,2701088784,51972
227,233,52891,460,2773286271,5,21,-58239011690,58239011691,2773286271,2701088784,51972
227,233,52891,460,2773286271,7,43,-119251309652,119251309653,2773286271,2701088784,51972
227,239,54253,466,2918268549,0,1,-2918268548,2918268549,2918268549,2843235684,53322
227,239,54253,466,2918268549,1,1,-2918268548,2918268549,2918268549,2843235684,53322
227,239,54253,466,2918268549,2,3,-8754805646,8754805647,2918268549,2843235684,53322
227,239,54253,466,2918268549,3,7,-20427879842,20427879843,2918268549,2843235684,53322
227,239,54253,466,2918268549,5,21,-61283639528,61283639529,2918268549,2843235684,53322
227,239,54253,466,2918268549,7,43,-125485547606,125485547607,2918268549,2843235684,53322
227,241,54707,468,2967416823,0,1,-2967416822,2967416823,2967416823,2891427984,53772
227,241,54707,468,2967416823,1,1,-2967416822,2967416823,2967416823,2891427984,53772
227,241,54707,468,2967416823,2,3,-8902250468,8902250469,2967416823,2891427984,53772
227,241,54707,468,2967416823,3,7,-20771917760,20771917761,2967416823,2891427984,53772
227,241,54707,468,2967416823,5,21,-62315753282,62315753283,2967416823,2891427984,53772
227,241,54707,468,2967416823,7,43,-127598923388,127598923389,2967416823,2891427984,53772
227,251,56977,478,3219314553,0,1,-3219314552,3219314553,3219314553,3138464484,56022
227,251,56977,478,3219314553,1,1,-3219314552,3219314553,3219314553,3138464484,56022
227,251,56977,478,3219314553,2,3,-9657943658,9657943659,3219314553,3138464484,56022
227,251,56977,478,3219314553,3,7,-22535201870,22535201871,3219314553,3138464484,56022
227,251,56977,478,3219314553,5,21,-67605605612,67605605613,3219314553,3138464484,56022
227,251,56977,478,3219314553,7,43,-138430525778,138430525779,3219314553,3138464484,56022
227,257,58339,484,3375378279,0,1,-3375378278,3375378279,3375378279,3291546384,57372
227,257,58339,484,3375378279,1,1,-3375378278,3375378279,3375378279,3291546384,57372
227,257,58339,484,3375378279,2,3,-10126134836,10126134837,3375378279,3291546384,57372
227,257,58339,484,3375378279,3,7,-23627647952,23627647953,3375378279,3291546384,57372
227,257,58339,484,3375378279,5,21,-70882943858,70882943859,3375378279,3291546384,57372
227,257,58339,484,3375378279,7,43,-145141265996,145141265997,3375378279,3291546384,57372
227,263,59701,490,3535135821,0,1,-3535135820,3535135821,3535135821,3448273284,58722
227,263,59701,490,3535135821,1,1,-3535135820,3535135821,3535135821,3448273284,58722
227,263,59701,490,3535135821,2,3,-10605407462,10605407463,3535135821,3448273284,58722
227,263,59701,490,3535135821,3,7,-24745950746,24745950747,3535135821,3448273284,58722
227,263,59701,490,3535135821,5,21,-74237852240,74237852241,3535135821,3448273284,58722
227,263,59701,490,3535135821,7,43,-152010840302,152010840303,3535135821,3448273284,58722
227,269,61063,496,3698587179,0,1,-3698587178,3698587179,3698587179,3608645184,60072
227,269,61063,496,3698587179,1,1,-3698587178,3698587179,3698587179,3608645184,60072
227,269,61063,496,3698587179,2,3,-11095761536,11095761537,3698587179,3608645184,60072
227,269,61063,496,3698587179,3,7,-25890110252,25890110253,3698587179,3608645184,60072
227,269,61063,496,3698587179,5,21,-77670330758,77670330759,3698587179,3608645184,60072
227,269,61063,496,3698587179,7,43,-159039248696,159039248697,3698587179,3608645184,60072
227,271,61517,498,3753891813,0,1,-3753891812,3753891813,3753891813,3662912484,60522
227,271,61517,498,3753891813,1,1,-3753891812,3753891813,3753891813,3662912484,60522
227,271,61517,498,3753891813,2,3,-11261675438,11261675439,3753891813,3662912484,60522
227,271,61517,498,3753891813,3,7,-26277242690,26277242691,3753891813,3662912484,60522
227,271,61517,498,3753891813,5,21,-78831728072,78831728073,3753891813,3662912484,60522
227,271,61517,498,3753891813,7,43,-161417347958,161417347959,3753891813,3662912484,60522
227,277,62879,504,3922268259,0,1,-3922268258,3922268259,3922268259,3828144384,61872
227,277,62879,504,3922268259,1,1,-3922268258,3922268259,3922268259,3828144384,61872
227,277,62879,504,3922268259,2,3,-11766804776,11766804777,3922268259,3828144384,61872
227,277,62879,504,3922268259,3,7,-27455877812,27455877813,3922268259,3828144384,61872
227,277,62879,504,3922268259,5,21,-82367633438,82367633439,3922268259,3828144384,61872
227,277,62879,504,3922268259,7,43,-168657535136,168657535137,3922268259,3828144384,61872
227,281,63787,508,4036571343,0,1,-4036571342,4036571343,4036571343,3940323984,62772
227,281,63787,508,4036571343,1,1,-4036571342,4036571343,4036571343,3940323984,62772
227,281,63787,508,4036571343,2,3,-12109714028,12109714029,4036571343,3940323984,62772
227,281,63787,508,4036571343,3,7,-28255999400,28255999401,4036571343,3940323984,62772
227,281,63787,508,4036571343,5,21,-84767998202,84767998203,4036571343,3940323984,62772
227,281,63787,508,4036571343,7,43,-173572567748,173572567749,4036571343,3940323984,62772
227,283,64241,510,4094338521,0,1,-4094338520,4094338521,4094338521,3997021284,63222
227,283,64241,510,4094338521,1,1,-4094338520,4094338521,4094338521,3997021284,63222
227,283,64241,510,4094338521,2,3,-12283015562,12283015563,4094338521,3997021284,63222
227,283,64241,510,4094338521,3,7,-28660369646,28660369647,4094338521,3997021284,63222
227,283,64241,510,4094338521,5,21,-85981108940,85981108941,4094338521,3997021284,63222
227,283,64241,510,4094338521,7,43,-176056556402,176056556403,4094338521,3997021284,63222
227,293,66511,520,4389330771,0,1,-4389330770,4389330771,4389330771,4286582784,65472
227,293,66511,520,4389330771,1,1,-4389330770,4389330771,4389330771,4286582784,65472
227,293,66511,520,4389330771,2,3,-13167992312,13167992313,4389330771,4286582784,65472
227,293,66511,520,4389330771,3,7,-30725315396,30725315397,4389330771,4286582784,65472
227,293,66511,520,4389330771,5,21,-92175946190,92175946191,4389330771,4286582784,65472
227,293,66511,520,4389330771,7,43,-188741223152,188741223153,4389330771,4286582784,65472
229,233,53357,462,2822478141,0,1,-2822478140,2822478141,2822478141,2749324356,52434
229,233,53357,462,2822478141,1,1,-2822478140,2822478141,2822478141,2749324356,52434
229,233,53357,462,2822478141,2,3,-8467434422,8467434423,2822478141,2749324356,52434
229,233,53357,462,2822478141,3,7,-19757346986,19757346987,2822478141,2749324356,52434
229,233,53357,462,2822478141,5,21,-59272040960,59272040961,2822478141,2749324356,52434
229,233,53357,462,2822478141,7,43,-121366560062,121366560063,2822478141,2749324356,52434
229,239,54731,468,2970032079,0,1,-2970032078,2970032079,2970032079,2894009616,53796
229,239,54731,468,2970032079,1,1,-2970032078,2970032079,2970032079,2894009616,53796
229,239,54731,468,2970032079,2,3,-8910096236,8910096237,2970032079,2894009616,53796
229,239,54731,468,2970032079,3,7,-20790224552,20790224553,2970032079,2894009616,53796
229,239,54731,468,2970032079,5,21,-62370673658,62370673659,2970032079,2894009616,53796
229,239,54731,468,2970032079,7,43,-127711379396,127711379397,2970032079,2894009616,53796
229,241,55189,470,3020052133,0,1,-3020052132,3020052133,3020052133,2943062500,54250
229,241,55189,470,3020052133,1,1,-3020052132,3020052133,3020052133,2943062500,54250
229,241,55189,470,3020052133,2,3,-9060156398,9060156399,3020052133,2943062500,54250
229,241,55189,470,3020052133,3,7,-21140364930,21140364931,3020052133,2943062500,54250
229,241,55189,470,3020052133,5,21,-63421094792,63421094793,3020052133,2943062500,54250
229,241,55189,470,3020052133,7,43,-129862241718,129862241719,3020052133,2943062500,54250
229,251,57479,480,3276417963,0,1,-3276417962,3276417963,3276417963,3194510400,56520
229,251,57479,480,3276417963,1,1,-3276417962,3276417963,3276417963,3194510400,56520
229,251,57479,480,3276417963,2,3,-9829253888,9829253889,3276417963,3194510400,56520
229,251,57479,480,3276417963,3,7,-22934925740,22934925741,3276417963,3194510400,56520
229,251,57479,480,3276417963,5,21,-68804777222,68804777223,3276417963,3194510400,56520
229,251,57479,480,3276417963,7,43,-140885972408,140885972409,3276417963,3194510400,56520
229,257,58853,486,3435249909,0,1,-3435249908,3435249909,3435249909,3350325924,57882
229,257,58853,486,3435249909,1,1,-3435249908,3435249909,3435249909,3350325924,57882
229,257,58853,486,3435249909,2,3,-10305749726,10305749727,3435249909,3350325924,57882
229,257,58853,486,3435249909,3,7,-24046749362,24046749363,3435249909,3350325924,57882
229,257,58853,486,3435249909,5,21,-72140248088,72140248089,3435249909,3350325924,57882
229,257,58853,486,3435249909,7,43,-147715746086,147715746087,3435249909,3350325924,57882
229,263,60227,492,3597841191,0,1,-3597841190,3597841191,3597841191,3509851536,59244
229,263,60227,492,3597841191,1,1,-3597841190,3597841191,3597841191,3509851536,59244
229,263,60227,492,3597841191,2,3,-10793523572,10793523573,3597841191,3509851536,59244
229,263,60227,492,3597841191,3,7,-25184888336,25184888337,3597841191,3509851536,59244
229,263,60227,492,3597841191,5,21,-75554665010,75554665011,3597841191,3509851536,59244
229,263,60227,492,3597841191,7,43,-154707171212,154707171213,3597841191,3509851536,59244
229,269,61601,498,3764191809,0,1,-3764191808,3764191809,3764191809,3673087236,60606
229,269,61601,498,3764191809,1,1,-3764191808,3764191809,3764191809,3673087236,60606
229,269,61601,498,3764191809,2,3,-11292575426,11292575427,3764191809,3673087236,60606
229,269,61601,498,3764191809,3,7,-26349342662,26349342663,3764191809,3673087236,60606
229,269,61601,498,3764191809,5,21,-79048027988,79048027989,3764191809,3673087236,60606
229,269,61601,498,3764191809,7,43,-161860247786,161860247787,3764191809,3673087236,60606
229,271,62059,500,3820477423,0,1,-3820477422,3820477423,3820477423,3728323600,61060
229,271,62059,500,3820477423,1,1,-3820477422,3820477423,3820477423,3728323600,61060
229,271,62059,500,3820477423,2,3,-11461432268,11461432269,3820477423,3728323600,61060
229,271,62059,500,3820477423,3,7,-26743341960,26743341961,3820477423,3728323600,61060
229,271,62059,500,3820477423,5,21,-80230025882,80230025883,3820477423,3728323600,61060
229,271,62059,500,3820477423,7,43,-164280529188,164280529189,3820477423,3728323600,61060
229,277,63433,506,3991840489,0,1,-3991840488,3991840489,3991840489,3896506084,62422
229,277,63433,506,3991840489,1,1,-3991840488,3991840489,3991840489,3896506084,62422
229,277,63433,506,3991840489,2,3,-11975521466,11975521467,3991840489,3896506084,62422
229,277,63433,506,3991840489,3,7,-27942883422,27942883423,3991840489,3896506084,62422
229,277,63433,506,3991840489,5,21,-83828650268,83828650269,3991840489,3896506084,62422
229,277,63433,506,3991840489,7,43,-171649141026,171649141027,3991840489,3896506084,62422
229,281,64349,510,4108171053,0,1,-4108171052,4108171053,4108171053,4010688900,63330
229,281,64349,510,4108171053,1,1,-4108171052,4108171053,4108171053,4010688900,63330
229,281,64349,510,4108171053,2,3,-12324513158,12324513159,4108171053,4010688900,63330
229,281,64349,510,4108171053,3,7,-28757197370,28757197371,4108171053,4010688900,63330
229,281,64349,510,4108171053,5,21,-86271592112,86271592113,4108171053,4010688900,63330
229,281,64349,510,4108171053,7,43,-176651355278,176651355279,4108171053,4010688900,63330
229,283,64807,512,4166962891,0,1,-4166962890,4166962891,4166962891,4068398656,63784
229,283,64807,512,4166962891,1,1,-4166962890,4166962891,4166962891,4068398656,63784
229,283,64807,512,4166962891,2,3,-12500888672,12500888673,4166962891,4068398656,63784
229,283,64807,512,4166962891,3,7,-29168740236,29168740237,4166962891,4068398656,63784
229,283,64807,512,4166962891,5,21,-87506220710,87506220711,4166962891,4068398656,63784
229,283,64807,512,4166962891,7,43,-179179404312,179179404313,4166962891,4068398656,63784
229,293,67097,522,4467187641,0,1,-4467187640,4467187641,4467187641,4363130916,66054
229,293,67097,522,4467187641,1,1,-4467187640,4467187641,4467187641,4363130916,66054
229,293,67097,522,4467187641,2,3,-13401562922,13401562923,4467187641,4363130916,66054
229,293,67097,522,4467187641,3,7,-31270313486,31270313487,4467187641,4363130916,66054
229,293,67097,522,4467187641,5,21,-93810940460,93810940461,4467187641,4363130916,66054
229,293,67097,522,4467187641,7,43,-192089068562,192089068563,4467187641,4363130916,66054
233,239,55687,472,3074924331,0,1,-3074924330,3074924331,3074924331,2996905536,54744
233,239,55687,472,3074924331,1,1,-3074924330,3074924331,3074924331,2996905536,54744
233,239,55687,472,3074924331,2,3,-9224772992,9224772993,3074924331,2996905536,54744
233,239,55687,472,3074924331,3,7,-21524470316,21524470317,3074924331,2996905536,54744
233,239,55687,472,3074924331,5,21,-64573410950,64573410951,3074924331,2996905536,54744
233,239,55687,472,3074924331,7,43,-132221746232,132221746233,3074924331,2996905536,54744
233,241,56153,474,3126710937,0,1,-3126710936,3126710937,3126710937,3047702436,55206
233,241,56153,474,3126710937,1,1,-3126710936,3126710937,3126710937,3047702436,55206
233,241,56153,474,3126710937,2,3,-9380132810,9380132811,3126710937,3047702436,55206
233,241,56153,474,3126710937,3,7,-21886976558,21886976559,3126710937,3047702436,55206
233,241,56153,474,3126710937,5,21,-65660929676,65660929677,3126710937,3047702436,55206
233,241,56153,474,3126710937,7,43,-134448570290,134448570291,3126710937,3047702436,55206
233,251,58483,484,3392130807,0,1,-3392130806,3392130807,3392130807,3308090256,57516
233,251,58483,484,3392130807,1,1,-3392130806,3392130807,3392130807,3308090256,57516
233,251,58483,484,3392130807,2,3,-10176392420,10176392421,3392130807,3308090256,57516
233,251,58483,484,3392130807,3,7,-23744915648,23744915649,3392130807,3308090256,57516
233,251,58483,484,3392130807,5,21,-71234746946,71234746947,3392130807,3308090256,57516
233,251,58483,484,3392130807,7,43,-145861624700,145861624701,3392130807,3308090256,57516
233,257,59881,490,3556572201,0,1,-3556572200,3556572201,3556572201,3469445604,58902
233,257,59881,490,3556572201,1,1,-3556572200,3556572201,3556572201,3469445604,58902
233,257,59881,490,3556572201,2,3,-10669716602,10669716603,3556572201,3469445604,58902
233,257,59881,490,3556572201,3,7,-24896005406,24896005407,3556572201,3469445604,58902
233,257,59881,490,3556572201,5,21,-74688016220,74688016221,3556572201,3469445604,58902
233,257,59881,490,3556572201,7,43,-152932604642,152932604643,3556572201,3469445604,58902
233,263,61279,496,3724905699,0,1,-3724905698,3724905699,3724905699,3634642944,60288
233,263,61279,496,3724905699,1,1,-3724905698,3724905699,3724905699,3634642944,60288
233,263,61279,496,3724905699,2,3,-11174717096,11174717097,3724905699,3634642944,60288
233,263,61279,496,3724905699,3,7,-26074339892,26074339893,3724905699,3634642944,60288
233,263,61279,496,3724905699,5,21,-78223019678,78223019679,3724905699,3634642944,60288
233,263,61279,496,3724905699,7,43,-160170945056,160170945057,3724905699,3634642944,60288
233,269,62677,502,3897131301,0,1,-3897131300,3897131301,3897131301,3803682276,61674
233,269,62677,502,3897131301,1,1,-3897131300,3897131301,3897131301,3803682276,61674
233,269,62677,502,3897131301,2,3,-11691393902,11691393903,3897131301,3803682276,61674
233,269,62677,502,3897131301,3,7,-27279919106,27279919107,3897131301,3803682276,61674
233,269,62677,502,3897131301,5,21,-81839757320,81839757321,3897131301,3803682276,61674
233,269,62677,502,3897131301,7,43,-167576645942,167576645943,3897131301,3803682276,61674
233,271,63143,504,3955404747,0,1,-3955404746,3955404747,3955404747,3860882496,62136
233,271,63143,504,3955404747,1,1,-3955404746,3955404747,3955404747,3860882496,62136
233,271,63143,504,3955404747,2,3,-11866214240,11866214241,3955404747,3860882496,62136
233,271,63143,504,3955404747,3,7,-27687833228,27687833229,3955404747,3860882496,62136
233,271,63143,504,3955404747,5,21,-83063499686,83063499687,3955404747,3860882496,62136
233,271,63143,504,3955404747,7,43,-170082404120,170082404121,3955404747,3860882496,62136
233,277,64541,510,4132819821,0,1,-4132819820,4132819821,4132819821,4035044484,63522
233,277,64541,510,4132819821,1,1,-4132819820,4132819821,4132819821,4035044484,63522
233,277,64541,510,4132819821,2,3,-12398459462,12398459463,4132819821,4035044484,63522
233,277,64541,510,4132819821,3,7,-28929738746,28929738747,4132819821,4035044484,63522
233,277,64541,510,4132819821,5,21,-86789216240,86789216241,4132819821,4035044484,63522
233,277,64541,510,4132819821,7,43,-177711252302,177711252303,4132819821,4035044484,63522
233,281,65473,514,4253258817,0,1,-4253258816,4253258817,4253258817,4153286916,64446
233,281,65473,514,4253258817,1,1,-4253258816,4253258817,4253258817,4153286916,64446
233,281,65473,514,4253258817,2,3,-12759776450,12759776451,4253258817,4153286916,64446
233,281,65473,514,4253258817,3,7,-29772811718,29772811719,4253258817,4153286916,64446
233,281,65473,514,4253258817,5,21,-89318435156,89318435157,4253258817,4153286916,64446
233,281,65473,514,4253258817,7,43,-182890129130,182890129131,4253258817,4153286916,64446
233,283,65939,516,4314126999,0,1,-4314126998,4314126999,4314126999,4213048464,64908
233,283,65939,516,4314126999,1,1,-4314126998,4314126999,4314126999,4213048464,64908
233,283,65939,516,4314126999,2,3,-12942380996,12942380997,4314126999,4213048464,64908
233,283,65939,516,4314126999,3,7,-30198888992,30198888993,4314126999,4213048464,64908
233,283,65939,516,4314126999,5,21,-90596666978,90596666979,4314126999,4213048464,64908
233,283,65939,516,4314126999,7,43,-185507460956,185507460957,4314126999,4213048464,64908
233,293,68269,526,4624954749,0,1,-4624954748,4624954749,4624954749,4518259524,67218
233,293,68269,526,4624954749,1,1,-4624954748,4624954749,4624954749,4518259524,67218
233,293,68269,526,4624954749,2,3,-13874864246,13874864247,4624954749,4518259524,67218
233,293,68269,526,4624954749,3,7,-32374683242,32374683243,4624954749,4518259524,67218
233,293,68269,526,4624954749,5,21,-97124049728,97124049729,4624954749,4518259524,67218
233,293,68269,526,4624954749,7,43,-198873054206,198873054207,4624954749,4518259524,67218
239,241,57599,480,3290169603,0,1,-3290169602,3290169603,3290169603,3208089600,56640
239,241,57599,480,3290169603,1,1,-3290169602,3290169603,3290169603,3208089600,56640
239,241,57599,480,3290169603,2,3,-9870508808,9870508809,3290169603,3208089600,56640
239,241,57599,480,3290169603,3,7,-23031187220,23031187221,3290169603,3208089600,56640
239,241,57599,480,3290169603,5,21,-69093561662,69093561663,3290169603,3208089600,56640
239,241,57599,480,3290169603,7,43,-141477292928,141477292929,3290169603,3208089600,56640
239,251,59989,490,3569465133,0,1,-3569465132,3569465133,3569465133,3482180100,59010
239,251,59989,490,3569465133,1,1,-3569465132,3569465133,3569465133,3482180100,59010
239,251,59989,490,3569465133,2,3,-10708395398,10708395399,3569465133,3482180100,59010
239,251,59989,490,3569465133,3,7,-24986255930,24986255931,3569465133,3482180100,59010
239,251,59989,490,3569465133,5,21,-74958767792,74958767793,3569465133,3482180100,59010
239,251,59989,490,3569465133,7,43,-153487000718,153487000719,3569465133,3482180100,59010
239,257,61423,496,3742503219,0,1,-3742503218,3742503219,3742503219,3652026624,60432
239,257,61423,496,3742503219,1,1,-3742503218,3742503219,3742503219,3652026624,60432
239,257,61423,496,3742503219,2,3,-11227509656,11227509657,3742503219,3652026624,60432
239,257,61423,496,3742503219,3,7,-26197522532,26197522533,3742503219,3652026624,60432
239,257,61423,496,3742503219,5,21,-78592567598,78592567599,3742503219,3652026624,60432
239,257,61423,496,3742503219,7,43,-160927638416,160927638417,3742503219,3652026624,60432
239,263,62857,502,3919636881,0,1,-3919636880,3919636881,3919636881,3825917316,61854
239,263,62857,502,3919636881,1,1,-3919636880,3919636881,3919636881,3825917316,61854
239,263,62857,502,3919636881,2,3,-11758910642,11758910643,3919636881,3825917316,61854
239,263,62857,502,3919636881,3,7,-27437458166,27437458167,3919636881,3825917316,61854
239,263,62857,502,3919636881,5,21,-82312374500,82312374501,3919636881,3825917316,61854
239,263,62857,502,3919636881,7,43,-168544385882,168544385883,3919636881,3825917316,61854
239,269,64291,508,4100866119,0,1,-4100866118,4100866119,4100866119,4003852176,63276
239,269,64291,508,4100866119,1,1,-4100866118,4100866119,4100866119,4003852176,63276
239,269,64291,508,4100866119,2,3,-12302598356,12302598357,4100866119,4003852176,63276
239,269,64291,508,4100866119,3,7,-28706062832,28706062833,4100866119,4003852176,63276
239,269,64291,508,4100866119,5,21,-86118188498,86118188499,4100866119,4003852176,63276
239,269,64291,508,4100866119,7,43,-176337243116,176337243117,4100866119,4003852176,63276
239,271,64769,510,4162185993,0,1,-4162185992,4162185993,4162185993,4064062500,63750
239,271,64769,510,4162185993,1,1,-4162185992,4162185993,4162185993,4064062500,63750
239,271,64769,510,4162185993,2,3,-12486557978,12486557979,4162185993,4064062500,63750
239,271,64769,510,4162185993,3,7,-29135301950,29135301951,4162185993,4064062500,63750
239,271,64769,510,4162185993,5,21,-87405905852,87405905853,4162185993,4064062500,63750
239,271,64769,510,4162185993,7,43,-178973997698,178973997699,4162185993,4064062500,63750
239,277,66203,516,4348875999,0,1,-4348875998,4348875999,4348875999,4247389584,65172
239,277,66203,516,4348875999,1,1,-4348875998,4348875999,4348875999,4247389584,65172
239,277,66203,516,4348875999,2,3,-13046627996,13046627997,4348875999,4247389584,65172
239,277,66203,516,4348875999,3,7,-30442131992,30442131993,4348875999,4247389584,65172
239,277,66203,516,4348875999,5,21,-91326395978,91326395979,4348875999,4247389584,65172
239,277,66203,516,4348875999,7,43,-187001667956,187001667957,4348875999,4247389584,65172
239,281,67159,520,4475611323,0,1,-4475611322,4475611323,4475611323,4371854400,66120
239,281,67159,520,4475611323,1,1,-4475611322,4475611323,4475611323,4371854400,66120
239,281,67159,520,4475611323,2,3,-13426833968,13426833969,4475611323,4371854400,66120
239,281,67159,520,4475611323,3,7,-31329279260,31329279261,4475611323,4371854400,66120
239,281,67159,520,4475611323,5,21,-93987837782,93987837783,4475611323,4371854400,66120
239,281,67159,520,4475611323,7,43,-192451286888,192451286889,4475611323,4371854400,66120
239,283,67637,522,4539661581,0,1,-4539661580,4539661581,4539661581,4434760836,66594
239,283,67637,522,4539661581,1,1,-4539661580,4539661581,4539661581,4434760836,66594
239,283,67637,522,4539661581,2,3,-13618984742,13618984743,4539661581,4434760836,66594
239,283,67637,522,4539661581,3,7,-31777631066,31777631067,4539661581,4434760836,66594
239,283,67637,522,4539661581,5,21,-95332893200,95332893201,4539661581,4434760836,66594
239,283,67637,522,4539661581,7,43,-195205447982,195205447983,4539661581,4434760836,66594
239,293,70027,532,4866738831,0,1,-4866738830,4866738831,4866738831,4756033296,68964
239,293,70027,532,4866738831,1,1,-4866738830,4866738831,4866738831,4756033296,68964
239,293,70027,532,4866738831,2,3,-14600216492,14600216493,4866738831,4756033296,68964
239,293,70027,532,4866738831,3,7,-34067171816,34067171817,4866738831,4756033296,68964
239,293,70027,532,4866738831,5,21,-102201515450,102201515451,4866738831,4756033296,68964
239,293,70027,532,4866738831,7,43,-209269769732,209269769733,4866738831,4756033296,68964
241,251,60491,492,3629580591,0,1,-3629580590,3629580591,3629580591,3541202064,59508
241,251,60491,492,3629580591,1,1,-3629580590,3629580591,3629580591,3541202064,59508
241,251,60491,492,3629580591,2,3,-10888741772,10888741773,3629580591,3541202064,59508
241,251,60491,492,3629580591,3,7,-25407064136,25407064137,3629580591,3541202064,59508
241,251,60491,492,3629580591,5,21,-76221192410,76221192411,3629580591,3541202064,59508
241,251,60491,492,3629580591,7,43,-156071965412,156071965413,3629580591,3541202064,59508
241,257,61937,498,3805532913,0,1,-3805532912,3805532913,3805532913,3713927364,60942
241,257,61937,498,3805532913,1,1,-3805532912,3805532913,3805532913,3713927364,60942
241,257,61937,498,3805532913,2,3,-11416598738,11416598739,3805532913,3713927364,60942
241,257,61937,498,3805532913,3,7,-26638730390,26638730391,3805532913,3713927364,60942
241,257,61937,498,3805532913,5,21,-79916191172,79916191173,3805532913,3713927364,60942
241,257,61937,498,3805532913,7,43,-163637915258,163637915259,3805532913,3713927364,60942
241,263,63383,504,3985649787,0,1,-3985649786,3985649787,3985649787,3890765376,62376
241,263,63383,504,3985649787,1,1,-3985649786,3985649787,3985649787,3890765376,62376
241,263,63383,504,3985649787,2,3,-11956949360,11956949361,3985649787,3890765376,62376
241,263,63383,504,3985649787,3,7,-27899548508,27899548509,3985649787,3890765376,62376
241,263,63383,504,3985649787,5,21,-83698645526,83698645527,3985649787,3890765376,62376
241,263,63383,504,3985649787,7,43,-171382940840,171382940841,3985649787,3890765376,62376
241,269,64829,510,4169931213,0,1,-4169931212,4169931213,4169931213,4071716100,63810
241,269,64829,510,4169931213,1,1,-4169931212,4169931213,4169931213,4071716100,63810
241,269,64829,510,4169931213,2,3,-12509793638,12509793639,4169931213,4071716100,63810
241,269,64829,510,4169931213,3,7,-29189518490,29189518491,4169931213,4071716100,63810
241,269,64829,510,4169931213,5,21,-87568555472,87568555473,4169931213,4071716100,63810
241,269,64829,510,4169931213,7,43,-179307042158,179307042159,4169931213,4071716100,63810
241,271,65311,512,4232283811,0,1,-4232283810,4232283811,4232283811,4132946944,64288
241,271,65311,512,4232283811,1,1,-4232283810,4232283811,4232283811,4132946944,64288
241,271,65311,512,4232283811,2,3,-12696851432,12696851433,4232283811,4132946944,64288
241,271,65311,512,4232283811,3,7,-29625986676,29625986677,4232283811,4132946944,64288
241,271,65311,512,4232283811,5,21,-88877960030,88877960031,4232283811,4132946944,64288
241,271,65311,512,4232283811,7,43,-181988203872,181988203873,4232283811,4132946944,64288
241,277,66757,518,4422117973,0,1,-4422117972,4422117973,4422117973,4319381284,65722
241,277,66757,518,4422117973,1,1,-4422117972,4422117973,4422117973,4319381284,65722
241,277,66757,518,4422117973,2,3,-13266353918,13266353919,4422117973,4319381284,65722
241,277,66757,518,4422117973,3,7,-30954825810,30954825811,4422117973,4319381284,65722
241,277,66757,518,4422117973,5,21,-92864477432,92864477433,4422117973,4319381284,65722
241,277,66757,518,4422117973,7,43,-190151072838,190151072839,4422117973,4319381284,65722
241,281,67721,522,4550987721,0,1,-4550987720,4550987721,4550987721,4445955684,66678
241,281,67721,522,4550987721,1,1,-4550987720,4550987721,4550987721,4445955684,66678
241,281,67721,522,4550987721,2,3,-13652963162,13652963163,4550987721,4445955684,66678
241,281,67721,522,4550987721,3,7,-31856914046,31856914047,4550987721,4445955684,66678
241,281,67721,522,4550987721,5,21,-95570742140,95570742141,4550987721,4445955684,66678
241,281,67721,522,4550987721,7,43,-195692472002,195692472003,4550987721,4445955684,66678
241,283,68203,524,4616116687,0,1,-4616116686,4616116687,4616116687,4509928336,67156
241,283,68203,524,4616116687,1,1,-4616116686,4616116687,4616116687,4509928336,67156
241,283,68203,524,4616116687,2,3,-13848350060,13848350061,4616116687,4509928336,67156
241,283,68203,524,4616116687,3,7,-32312816808,32312816809,4616116687,4509928336,67156
241,283,68203,524,4616116687,5,21,-96938450426,96938450427,4616116687,4509928336,67156
241,283,68203,524,4616116687,7,43,-198493017540,198493017541,4616116687,4509928336,67156
241,293,70613,534,4948702437,0,1,-4948702436,4948702437,4948702437,4836646116,69546
241,293,70613,534,4948702437,1,1,-4948702436,4948702437,4948702437,4836646116,69546
241,293,70613,534,4948702437,2,3,-14846107310,14846107311,4948702437,4836646116,69546
241,293,70613,534,4948702437,3,7,-34640917058,34640917059,4948702437,4836646116,69546
241,293,70613,534,4948702437,5,21,-103922751176,103922751177,4948702437,4836646116,69546
241,293,70613,534,4948702437,7,43,-212794204790,212794204791,4948702437,4836646116,69546
251,257,64507,508,4128576543,0,1,-4128576542,4128576543,4128576543,4031234064,63492
251,257,64507,508,4128576543,1,1,-4128576542,4128576543,4128576543,4031234064,63492
251,257,64507,508,4128576543,2,3,-12385729628,12385729629,4128576543,4031234064,63492
251,257,64507,508,4128576543,3,7,-28900035800,28900035801,4128576543,4031234064,63492
251,257,64507,508,4128576543,5,21,-86700107402,86700107403,4128576543,4031234064,63492
251,257,64507,508,4128576543,7,43,-177528791348,177528791349,4128576543,4031234064,63492
251,263,66013,514,4323983157,0,1,-4323983156,4323983157,4323983157,4223180196,64986
251,263,66013,514,4323983157,1,1,-4323983156,4323983157,4323983157,4223180196,64986
251,263,66013,514,4323983157,2,3,-12971949470,12971949471,4323983157,4223180196,64986
251,263,66013,514,4323983157,3,7,-30267882098,30267882099,4323983157,4223180196,64986
251,263,66013,514,4323983157,5,21,-90803646296,90803646297,4323983157,4223180196,64986
251,263,66013,514,4323983157,7,43,-185931275750,185931275751,4323983157,4223180196,64986
251,269,67519,520,4523907843,0,1,-4523907842,4523907843,4523907843,4419590400,66480
251,269,67519,520,4523907843,1,1,-4523907842,4523907843,4523907843,4419590400,66480
251,269,67519,520,4523907843,2,3,-13571723528,13571723529,4523907843,4419590400,66480
251,269,67519,520,4523907843,3,7,-31667354900,31667354901,4523907843,4419590400,66480
251,269,67519,520,4523907843,5,21,-95002064702,95002064703,4523907843,4419590400,66480
251,269,67519,520,4523907843,7,43,-194528037248,194528037249,4523907843,4419590400,66480
251,271,68021,522,4591553421,0,1,-4591553420,4591553421,4591553421,4486052484,66978
251,271,68021,522,4591553421,1,1,-4591553420,4591553421,4591553421,4486052484,66978
251,271,68021,522,4591553421,2,3,-13774660262,13774660263,4591553421,4486052484,66978
251,271,68021,522,4591553421,3,7,-32140873946,32140873947,4591553421,4486052484,66978
251,271,68021,522,4591553421,5,21,-96422621840,96422621841,4591553421,4486052484,66978
251,271,68021,522,4591553421,7,43,-197436797102,197436797103,4591553421,4486052484,66978
251,277,69527,528,4797502203,0,1,-4797502202,4797502203,4797502203,4688414784,68472
251,277,69527,528,4797502203,1,1,-4797502202,4797502203,4797502203,4688414784,68472
251,277,69527,528,4797502203,2,3,-14392506608,14392506609,4797502203,4688414784,68472
251,277,69527,528,4797502203,3,7,-33582515420,33582515421,4797502203,4688414784,68472
251,277,69527,528,4797502203,5,21,-100747546262,100747546263,4797502203,4688414784,68472
251,277,69527,528,4797502203,7,43,-206292594728,206292594729,4797502203,4688414784,68472
251,281,70531,532,4937311431,0,1,-4937311430,4937311431,4937311431,4825803024,69468
251,281,70531,532,4937311431,1,1,-4937311430,4937311431,4937311431,4825803024,69468
251,281,70531,532,4937311431,2,3,-14811934292,14811934293,4937311431,4825803024,69468
251,281,70531,532,4937311431,3,7,-34561180016,34561180017,4937311431,4825803024,69468
251,281,70531,532,4937311431,5,21,-103683540050,103683540051,4937311431,4825803024,69468
251,281,70531,532,4937311431,7,43,-212304391532,212304391533,4937311431,4825803024,69468
251,283,71033,534,5007969057,0,1,-5007969056,5007969057,5007969057,4895241156,69966
251,283,71033,534,5007969057,1,1,-5007969056,5007969057,5007969057,4895241156,69966
251,283,71033,534,5007969057,2,3,-15023907170,15023907171,5007969057,4895241156,69966
251,283,71033,534,5007969057,3,7,-35055783398,35055783399,5007969057,4895241156,69966
251,283,71033,534,5007969057,5,21,-105167350196,105167350197,5007969057,4895241156,69966
251,283,71033,534,5007969057,7,43,-215342669450,215342669451,5007969057,4895241156,69966
251,293,73543,544,5368787307,0,1,-5368787306,5368787307,5368787307,5249871936,72456
251,293,73543,544,5368787307,1,1,-5368787306,5368787307,5368787307,5249871936,72456
251,293,73543,544,5368787307,2,3,-16106361920,16106361921,5368787307,5249871936,72456
251,293,73543,544,5368787307,3,7,-37581511148,37581511149,5368787307,5249871936,72456
251,293,73543,544,5368787307,5,21,-112744533446,112744533447,5368787307,5249871936,72456
251,293,73543,544,5368787307,7,43,-230857854200,230857854201,5368787307,5249871936,72456
257,263,67591,520,4533598251,0,1,-4533598250,4533598251,4533598251,4429168704,66552
257,263,67591,520,4533598251,1,1,-4533598250,4533598251,4533598251,4429168704,66552
257,263,67591,520,4533598251,2,3,-13600794752,13600794753,4533598251,4429168704,66552
257,263,67591,520,4533598251,3,7,-31735187756,31735187757,4533598251,4429168704,66552
257,263,67591,520,4533598251,5,21,-95205563270,95205563271,4533598251,4429168704,66552
257,263,67591,520,4533598251,7,43,-194944724792,194944724793,4533598251,4429168704,66552
257,269,69133,526,4743214749,0,1,-4743214748,4743214749,4743214749,4635158724,68082
257,269,69133,526,4743214749,1,1,-4743214748,4743214749,4743214749,4635158724,68082
257,269,69133,526,4743214749,2,3,-14229644246,14229644247,4743214749,4635158724,68082
257,269,69133,526,4743214749,3,7,-33202503242,33202503243,4743214749,4635158724,68082
257,269,69133,526,4743214749,5,21,-99607509728,99607509729,4743214749,4635158724,68082
257,269,69133,526,4743214749,7,43,-203958234206,203958234207,4743214749,4635158724,68082
257,271,69647,528,4814139603,0,1,-4814139602,4814139603,4814139603,4704862464,68592
257,271,69647,528,4814139603,1,1,-4814139602,4814139603,4814139603,4704862464,68592
257,271,69647,528,4814139603,2,3,-14442418808,14442418809,4814139603,4704862464,68592
257,271,69647,528,4814139603,3,7,-33698977220,33698977221,4814139603,4704862464,68592
257,271,69647,528,4814139603,5,21,-101096931662,101096931663,4814139603,4704862464,68592
257,271,69647,528,4814139603,7,43,-207008002928,207008002929,4814139603,4704862464,68592
257,277,71189,534,5030072229,0,1,-5030072228,5030072229,5030072229,4917094884,70122
257,277,71189,534,5030072229,1,1,-5030072228,5030072229,5030072229,4917094884,70122
257,277,71189,534,5030072229,2,3,-15090216686,15090216687,5030072229,4917094884,70122
257,277,71189,534,5030072229,3,7,-35210505602,35210505603,5030072229,4917094884,70122
257,277,71189,534,5030072229,5,21,-105631516808,105631516809,5030072229,4917094884,70122
257,277,71189,534,5030072229,7,43,-216293105846,216293105847,5030072229,4917094884,70122
257,281,72217,538,5176659033,0,1,-5176659032,5176659033,5176659033,5061184164,71142
257,281,72217,538,5176659033,1,1,-5176659032,5176659033,5176659033,5061184164,71142
257,281,72217,538,5176659033,2,3,-15529977098,15529977099,5176659033,5061184164,71142
257,281,72217,538,5176659033,3,7,-36236613230,36236613231,5176659033,5061184164,71142
257,281,72217,538,5176659033,5,21,-108709839692,108709839693,5176659033,5061184164,71142
257,281,72217,538,5176659033,7,43,-222596338418,222596338419,5176659033,5061184164,71142
257,283,72731,540,5250741951,0,1,-5250741950,5250741951,5250741951,5134009104,71652
257,283,72731,540,5250741951,1,1,-5250741950,5250741951,5250741951,5134009104,71652
257,283,72731,540,5250741951,2,3,-15752225852,15752225853,5250741951,5134009104,71652
257,283,72731,540,5250741951,3,7,-36755193656,36755193657,5250741951,5134009104,71652
257,283,72731,540,5250741951,5,21,-110265580970,110265580971,5250741951,5134009104,71652
257,283,72731,540,5250741951,7,43,-225781903892,225781903893,5250741951,5134009104,71652
257,293,75301,550,5629051701,0,1,-5629051700,5629051701,5629051701,5505936804,74202
257,293,75301,550,5629051701,1,1,-5629051700,5629051701,5629051701,5505936804,74202
257,293,75301,550,5629051701,2,3,-16887155102,16887155103,5629051701,5505936804,74202
257,293,75301,550,5629051701,3,7,-39403361906,39403361907,5629051701,5505936804,74202
257,293,75301,550,5629051701,5,21,-118210085720,118210085721,5629051701,5505936804,74202
257,293,75301,550,5629051701,7,43,-242049223142,242049223143,5629051701,5505936804,74202
263,269,70747,532,4967712351,0,1,-4967712350,4967712351,4967712351,4855859856,69684
263,269,70747,532,4967712351,1,1,-4967712350,4967712351,4967712351,4855859856,69684
263,269,70747,532,4967712351,2,3,-14903137052,14903137053,4967712351,4855859856,69684
263,269,70747,532,4967712351,3,7,-34773986456,34773986457,4967712351,4855859856,69684
263,269,70747,532,4967712351,5,21,-104321959370,104321959371,4967712351,4855859856,69684
263,269,70747,532,4967712351,7,43,-213611631092,213611631093,4967712351,4855859856,69684
263,271,71273,534,5041994097,0,1,-5041994096,5041994097,5041994097,4928882436,70206
263,271,71273,534,5041994097,1,1,-5041994096,5041994097,5041994097,4928882436,70206
263,271,71273,534,5041994097,2,3,-15125982290,15125982291,5041994097,4928882436,70206
263,271,71273,534,5041994097,3,7,-35293958678,35293958679,5041994097,4928882436,70206
263,271,71273,534,5041994097,5,21,-105881876036,105881876037,5041994097,4928882436,70206
263,271,71273,534,5041994097,7,43,-216805746170,216805746171,5041994097,4928882436,70206
263,277,72851,540,5268146871,0,1,-5268146870,5268146871,5268146871,5151219984,71772
263,277,72851,540,5268146871,1,1,-5268146870,5268146871,5268146871,5151219984,71772
263,277,72851,540,5268146871,2,3,-15804440612,15804440613,5268146871,5151219984,71772
263,277,72851,540,5268146871,3,7,-36877028096,36877028097,5268146871,5151219984,71772
263,277,72851,540,5268146871,5,21,-110631084290,110631084291,5268146871,5151219984,71772
263,277,72851,540,5268146871,7,43,-226530315452,226530315453,5268146871,5151219984,71772
263,281,73903,544,5421671667,0,1,-5421671666,5421671667,5421671667,5302169856,72816
263,281,73903,544,5421671667,1,1,-5421671666,5421671667,5421671667,5302169856,72816
263,281,73903,544,5421671667,2,3,-16265015000,16265015001,5421671667,5302169856,72816
263,281,73903,544,5421671667,3,7,-37951701668,37951701669,5421671667,5302169856,72816
263,281,73903,544,5421671667,5,21,-113855105006,113855105007,5421671667,5302169856,72816
263,281,73903,544,5421671667,7,43,-233131881680,233131881681,5421671667,5302169856,72816
263,283,74429,546,5499260949,0,1,-5499260948,5499260949,5499260949,5378462244,73338
263,283,74429,546,5499260949,1,1,-5499260948,5499260949,5499260949,5378462244,73338
263,283,74429,546,5499260949,2,3,-16497782846,16497782847,5499260949,5378462244,73338
263,283,74429,546,5499260949,3,7,-38494826642,38494826643,5499260949,5378462244,73338
263,283,74429,546,5499260949,5,21,-115484479928,115484479929,5499260949,5378462244,73338
263,283,74429,546,5499260949,7,43,-236468220806,236468220807,5499260949,5378462244,73338
263,293,77059,556,5895476199,0,1,-5895476198,5895476199,5895476199,5768098704,75948
263,293,77059,556,5895476199,1,1,-5895476198,5895476199,5895476199,5768098704,75948
263,293,77059,556,5895476199,2,3,-17686428596,17686428597,5895476199,5768098704,75948
263,293,77059,556,5895476199,3,7,-41268333392,41268333393,5895476199,5768098704,75948
263,293,77059,556,5895476199,5,21,-123805000178,123805000179,5895476199,5768098704,75948
263,293,77059,556,5895476199,7,43,-253505476556,253505476557,5895476199,5768098704,75948
269,271,72899,540,5275116903,0,1,-5275116902,5275116903,5275116903,5158112400,71820
269,271,72899,540,5275116903,1,1,-5275116902,5275116903,5275116903,5158112400,71820
269,271,72899,540,5275116903,2,3,-15825350708,15825350709,5275116903,5158112400,71820
269,271,72899,540,5275116903,3,7,-36925818320,36925818321,5275116903,5158112400,71820
269,271,72899,540,5275116903,5,21,-110777454962,110777454963,5275116903,5158112400,71820
269,271,72899,540,5275116903,7,43,-226830026828,226830026829,5275116903,5158112400,71820
269,277,74513,546,5511726129,0,1,-5511726128,5511726129,5511726129,5390790084,73422
269,277,74513,546,5511726129,1,1,-5511726128,5511726129,5511726129,5390790084,73422
269,277,74513,546,5511726129,2,3,-16535178386,16535178387,5511726129,5390790084,73422
269,277,74513,546,5511726129,3,7,-38582082902,38582082903,5511726129,5390790084,73422
269,277,74513,546,5511726129,5,21,-115746248708,115746248709,5511726129,5390790084,73422
269,277,74513,546,5511726129,7,43,-237004223546,237004223547,5511726129,5390790084,73422
269,281,75589,550,5672349333,0,1,-5672349332,5672349333,5672349333,5548760100,74490
269,281,75589,550,5672349333,1,1,-5672349332,5672349333,5672349333,5548760100,74490
269,281,75589,550,5672349333,2,3,-17017047998,17017047999,5672349333,5548760100,74490
269,281,75589,550,5672349333,3,7,-39706445330,39706445331,5672349333,5548760100,74490
269,281,75589,550,5672349333,5,21,-119119335992,119119335993,5672349333,5548760100,74490
269,281,75589,550,5672349333,7,43,-243911021318,243911021319,5672349333,5548760100,74490
269,283,76127,552,5753526051,0,1,-5753526050,5753526051,5753526051,5628600576,75024
269,283,76127,552,5753526051,1,1,-5753526050,5753526051,5753526051,5628600576,75024
269,283,76127,552,5753526051,2,3,-17260578152,17260578153,5753526051,5628600576,75024
269,283,76127,552,5753526051,3,7,-40274682356,40274682357,5753526051,5628600576,75024
269,283,76127,552,5753526051,5,21,-120824047070,120824047071,5753526051,5628600576,75024
269,283,76127,552,5753526051,7,43,-247401620192,247401620193,5753526051,5628600576,75024
269,293,78817,562,6168060801,0,1,-6168060800,6168060801,6168060801,6036357636,77694
269,293,78817,562,6168060801,1,1,-6168060800,6168060801,6168060801,6036357636,77694
269,293,78817,562,6168060801,2,3,-18504182402,18504182403,6168060801,6036357636,77694
269,293,78817,562,6168060801,3,7,-43176425606,43176425607,6168060801,6036357636,77694
269,293,78817,562,6168060801,5,21,-129529276820,129529276821,6168060801,6036357636,77694
269,293,78817,562,6168060801,7,43,-265226614442,265226614443,6168060801,6036357636,77694
271,277,75067,548,5594142463,0,1,-5594142462,5594142463,5594142463,5471856784,73972
271,277,75067,548,5594142463,1,1,-5594142462,5594142463,5594142463,5471856784,73972
271,277,75067,548,5594142463,2,3,-16782427388,16782427389,5594142463,5471856784,73972
271,277,75067,548,5594142463,3,7,-39158997240,39158997241,5594142463,5471856784,73972
271,277,75067,548,5594142463,5,21,-117476991722,117476991723,5594142463,5471856784,73972
271,277,75067,548,5594142463,7,43,-240548125908,240548125909,5594142463,5471856784,73972
271,281,76151,552,5757167451,0,1,-5757167450,5757167451,5757167451,5632202304,75048
271,281,76151,552,5757167451,1,1,-5757167450,5757167451,5757167451,5632202304,75048
271,281,76151,552,5757167451,2,3,-17271502352,17271502353,5757167451,5632202304,75048
271,281,76151,552,5757167451,3,7,-40300172156,40300172157,5757167451,5632202304,75048
271,281,76151,552,5757167451,5,21,-120900516470,120900516471,5757167451,5632202304,75048
271,281,76151,552,5757167451,7,43,-247558200392,247558200393,5757167451,5632202304,75048
271,283,76693,554,5839557997,0,1,-5839557996,5839557997,5839557997,5713243396,75586
271,283,76693,554,5839557997,1,1,-5839557996,5839557997,5839557997,5713243396,75586
271,283,76693,554,5839557997,2,3,-17518673990,17518673991,5839557997,5713243396,75586
271,283,76693,554,5839557997,3,7,-40876905978,40876905979,5839557997,5713243396,75586
271,283,76693,554,5839557997,5,21,-122630717936,122630717937,5839557997,5713243396,75586
271,283,76693,554,5839557997,7,43,-251100993870,251100993871,5839557997,5713243396,75586
271,293,79403,564,6260291247,0,1,-6260291246,6260291247,6260291247,6127132176,78276
271,293,79403,564,6260291247,1,1,-6260291246,6260291247,6260291247,6127132176,78276
271,293,79403,564,6260291247,2,3,-18780873740,18780873741,6260291247,6127132176,78276
271,293,79403,564,6260291247,3,7,-43822038728,43822038729,6260291247,6127132176,78276
271,293,79403,564,6260291247,5,21,-131466116186,131466116187,6260291247,6127132176,78276
271,293,79403,564,6260291247,7,43,-269192523620,269192523621,6260291247,6127132176,78276
277,281,77837,558,6015398493,0,1,-6015398492,6015398493,6015398493,5886265284,76722
277,281,77837,558,6015398493,1,1,-6015398492,6015398493,6015398493,5886265284,76722
277,281,77837,558,6015398493,2,3,-18046195478,18046195479,6015398493,5886265284,76722
277,281,77837,558,6015398493,3,7,-42107789450,42107789451,6015398493,5886265284,76722
277,281,77837,558,6015398493,5,21,-126323368352,126323368353,6015398493,5886265284,76722
277,281,77837,558,6015398493,7,43,-258662135198,258662135199,6015398493,5886265284,76722
277,283,78391,560,6101484571,0,1,-6101484570,6101484571,6101484571,5970961984,77272
277,283,78391,560,6101484571,1,1,-6101484570,6101484571,6101484571,5970961984,77272
277,283,78391,560,6101484571,2,3,-18304453712,18304453713,6101484571,5970961984,77272
277,283,78391,560,6101484571,3,7,-42710391996,42710391997,6101484571,5970961984,77272
277,283,78391,560,6101484571,5,21,-128131175990,128131175991,6101484571,5970961984,77272
277,283,78391,560,6101484571,7,43,-262363836552,262363836553,6101484571,5970961984,77272
277,293,81161,570,6541089321,0,1,-6541089320,6541089321,6541089321,6403520484,80022
277,293,81161,570,6541089321,1,1,-6541089320,6541089321,6541089321,6403520484,80022
277,293,81161,570,6541089321,2,3,-19623267962,19623267963,6541089321,6403520484,80022
277,293,81161,570,6541089321,3,7,-45787625246,45787625247,6541089321,6403520484,80022
277,293,81161,570,6541089321,5,21,-137362875740,137362875741,6541089321,6403520484,80022
277,293,81161,570,6541089321,7,43,-281266840802,281266840803,6541089321,6403520484,80022
281,283,79523,564,6279294567,0,1,-6279294566,6279294567,6279294567,6145932816,78396
281,283,79523,564,6279294567,1,1,-6279294566,6279294567,6279294567,6145932816,78396
281,283,79523,564,6279294567,2,3,-18837883700,18837883701,6279294567,6145932816,78396
281,283,79523,564,6279294567,3,7,-43955061968,43955061969,6279294567,6145932816,78396
281,283,79523,564,6279294567,5,21,-131865185906,131865185907,6279294567,6145932816,78396
281,283,79523,564,6279294567,7,43,-270009666380,270009666381,6279294567,6145932816,78396
281,293,82333,574,6731710317,0,1,-6731710316,6731710317,6731710317,6591166596,81186
281,293,82333,574,6731710317,1,1,-6731710316,6731710317,6731710317,6591166596,81186
281,293,82333,574,6731710317,2,3,-20195130950,20195130951,6731710317,6591166596,81186
281,293,82333,574,6731710317,3,7,-47121972218,47121972219,6731710317,6591166596,81186
281,293,82333,574,6731710317,5,21,-141365916656,141365916657,6731710317,6591166596,81186
281,293,82333,574,6731710317,7,43,-289463543630,289463543631,6731710317,6591166596,81186
283,293,82919,576,6828047499,0,1,-6828047498,6828047499,6828047499,6686005824,81768
283,293,82919,576,6828047499,1,1,-6828047498,6828047499,6828047499,6686005824,81768
283,293,82919,576,6828047499,2,3,-20484142496,20484142497,6828047499,6686005824,81768
283,293,82919,576,6828047499,3,7,-47796332492,47796332493,6828047499,6686005824,81768
283,293,82919,576,6828047499,5,21,-143388997478,143388997479,6828047499,6686005824,81768
283,293,82919,576,6828047499,7,43,-293606042456,293606042457,6828047499,6686005824,81768
