modulus,p,q,n_mod_m,A_mod_m,Fp_mod_m,Fq_mod_m,signature
3,2,3,0,0,0,1,"(0, 0, 0, 1)"
3,2,5,1,0,0,0,"(1, 0, 0, 0)"
3,2,7,2,0,0,1,"(2, 0, 0, 1)"
3,2,11,1,0,0,0,"(1, 0, 0, 0)"
3,2,13,2,0,0,1,"(2, 0, 0, 1)"
3,2,17,1,0,0,0,"(1, 0, 0, 0)"
3,2,19,2,0,0,1,"(2, 0, 0, 1)"
3,2,23,1,0,0,0,"(1, 0, 0, 0)"
3,2,29,1,0,0,0,"(1, 0, 0, 0)"
3,2,31,2,0,0,1,"(2, 0, 0, 1)"
3,2,37,2,0,0,1,"(2, 0, 0, 1)"
3,2,41,1,0,0,0,"(1, 0, 0, 0)"
3,2,43,2,0,0,1,"(2, 0, 0, 1)"
3,2,47,1,0,0,0,"(1, 0, 0, 0)"
3,2,53,1,0,0,0,"(1, 0, 0, 0)"
3,2,59,1,0,0,0,"(1, 0, 0, 0)"
3,2,61,2,0,0,1,"(2, 0, 0, 1)"
3,2,67,2,0,0,1,"(2, 0, 0, 1)"
3,2,71,1,0,0,0,"(1, 0, 0, 0)"
3,2,73,2,0,0,1,"(2, 0, 0, 1)"
3,2,79,2,0,0,1,"(2, 0, 0, 1)"
3,2,83,1,0,0,0,"(1, 0, 0, 0)"
3,2,89,1,0,0,0,"(1, 0, 0, 0)"
3,2,97,2,0,0,1,"(2, 0, 0, 1)"
3,3,5,0,0,1,0,"(0, 0, 1, 0)"
3,3,7,0,1,1,1,"(0, 1, 1, 1)"
3,3,11,0,0,1,0,"(0, 0, 1, 0)"
3,3,13,0,1,1,1,"(0, 1, 1, 1)"
3,3,17,0,0,1,0,"(0, 0, 1, 0)"
3,3,19,0,1,1,1,"(0, 1, 1, 1)"
3,3,23,0,0,1,0,"(0, 0, 1, 0)"
3,3,29,0,0,1,0,"(0, 0, 1, 0)"
3,3,31,0,1,1,1,"(0, 1, 1, 1)"
3,3,37,0,1,1,1,"(0, 1, 1, 1)"
3,3,41,0,0,1,0,"(0, 0, 1, 0)"
3,3,43,0,1,1,1,"(0, 1, 1, 1)"
3,3,47,0,0,1,0,"(0, 0, 1, 0)"
3,3,53,0,0,1,0,"(0, 0, 1, 0)"
3,3,59,0,0,1,0,"(0, 0, 1, 0)"
3,3,61,0,1,1,1,"(0, 1, 1, 1)"
3,3,67,0,1,1,1,"(0, 1, 1, 1)"
3,3,71,0,0,1,0,"(0, 0, 1, 0)"
3,3,73,0,1,1,1,"(0, 1, 1, 1)"
3,3,79,0,1,1,1,"(0, 1, 1, 1)"
3,3,83,0,0,1,0,"(0, 0, 1, 0)"
3,3,89,0,0,1,0,"(0, 0, 1, 0)"
3,3,97,0,1,1,1,"(0, 1, 1, 1)"
3,5,7,2,0,0,1,"(2, 0, 0, 1)"
3,5,11,1,0,0,0,"(1, 0, 0, 0)"
3,5,13,2,0,0,1,"(2, 0, 0, 1)"
3,5,17,1,0,0,0,"(1, 0, 0, 0)"
3,5,19,2,0,0,1,"(2, 0, 0, 1)"
3,5,23,1,0,0,0,"(1, 0, 0, 0)"
3,5,29,1,0,0,0,"(1, 0, 0, 0)"
3,5,31,2,0,0,1,"(2, 0, 0, 1)"
3,5,37,2,0,0,1,"(2, 0, 0, 1)"
3,5,41,1,0,0,0,"(1, 0, 0, 0)"
3,5,43,2,0,0,1,"(2, 0, 0, 1)"
3,5,47,1,0,0,0,"(1, 0, 0, 0)"
3,5,53,1,0,0,0,"(1, 0, 0, 0)"
3,5,59,1,0,0,0,"(1, 0, 0, 0)"
3,5,61,2,0,0,1,"(2, 0, 0, 1)"
3,5,67,2,0,0,1,"(2, 0, 0, 1)"
3,5,71,1,0,0,0,"(1, 0, 0, 0)"
3,5,73,2,0,0,1,"(2, 0, 0, 1)"
3,5,79,2,0,0,1,"(2, 0, 0, 1)"
3,5,83,1,0,0,0,"(1, 0, 0, 0)"
3,5,89,1,0,0,0,"(1, 0, 0, 0)"
3,5,97,2,0,0,1,"(2, 0, 0, 1)"
3,7,11,2,0,1,0,"(2, 0, 1, 0)"
3,7,13,1,1,1,1,"(1, 1, 1, 1)"
3,7,17,2,0,1,0,"(2, 0, 1, 0)"
3,7,19,1,1,1,1,"(1, 1, 1, 1)"
3,7,23,2,0,1,0,"(2, 0, 1, 0)"
3,7,29,2,0,1,0,"(2, 0, 1, 0)"
3,7,31,1,1,1,1,"(1, 1, 1, 1)"
3,7,37,1,1,1,1,"(1, 1, 1, 1)"
3,7,41,2,0,1,0,"(2, 0, 1, 0)"
3,7,43,1,1,1,1,"(1, 1, 1, 1)"
3,7,47,2,0,1,0,"(2, 0, 1, 0)"
3,7,53,2,0,1,0,"(2, 0, 1, 0)"
3,7,59,2,0,1,0,"(2, 0, 1, 0)"
3,7,61,1,1,1,1,"(1, 1, 1, 1)"
3,7,67,1,1,1,1,"(1, 1, 1, 1)"
3,7,71,2,0,1,0,"(2, 0, 1, 0)"
3,7,73,1,1,1,1,"(1, 1, 1, 1)"
3,7,79,1,1,1,1,"(1, 1, 1, 1)"
3,7,83,2,0,1,0,"(2, 0, 1, 0)"
3,7,89,2,0,1,0,"(2, 0, 1, 0)"
3,7,97,1,1,1,1,"(1, 1, 1, 1)"
3,11,13,2,0,0,1,"(2, 0, 0, 1)"
3,11,17,1,0,0,0,"(1, 0, 0, 0)"
3,11,19,2,0,0,1,"(2, 0, 0, 1)"
3,11,23,1,0,0,0,"(1, 0, 0, 0)"
3,11,29,1,0,0,0,"(1, 0, 0, 0)"
3,11,31,2,0,0,1,"(2, 0, 0, 1)"
3,11,37,2,0,0,1,"(2, 0, 0, 1)"
3,11,41,1,0,0,0,"(1, 0, 0, 0)"
3,11,43,2,0,0,1,"(2, 0, 0, 1)"
3,11,47,1,0,0,0,"(1, 0, 0, 0)"
3,11,53,1,0,0,0,"(1, 0, 0, 0)"
3,11,59,1,0,0,0,"(1, 0, 0, 0)"
3,11,61,2,0,0,1,"(2, 0, 0, 1)"
3,11,67,2,0,0,1,"(2, 0, 0, 1)"
3,11,71,1,0,0,0,"(1, 0, 0, 0)"
3,11,73,2,0,0,1,"(2, 0, 0, 1)"
3,11,79,2,0,0,1,"(2, 0, 0, 1)"
3,11,83,1,0,0,0,"(1, 0, 0, 0)"
3,11,89,1,0,0,0,"(1, 0, 0, 0)"
3,11,97,2,0,0,1,"(2, 0, 0, 1)"
3,13,17,2,0,1,0,"(2, 0, 1, 0)"
3,13,19,1,1,1,1,"(1, 1, 1, 1)"
3,13,23,2,0,1,0,"(2, 0, 1, 0)"
3,13,29,2,0,1,0,"(2, 0, 1, 0)"
3,13,31,1,1,1,1,"(1, 1, 1, 1)"
3,13,37,1,1,1,1,"(1, 1, 1, 1)"
3,13,41,2,0,1,0,"(2, 0, 1, 0)"
3,13,43,1,1,1,1,"(1, 1, 1, 1)"
3,13,47,2,0,1,0,"(2, 0, 1, 0)"
3,13,53,2,0,1,0,"(2, 0, 1, 0)"
3,13,59,2,0,1,0,"(2, 0, 1, 0)"
3,13,61,1,1,1,1,"(1, 1, 1, 1)"
3,13,67,1,1,1,1,"(1, 1, 1, 1)"
3,13,71,2,0,1,0,"(2, 0, 1, 0)"
3,13,73,1,1,1,1,"(1, 1, 1, 1)"
3,13,79,1,1,1,1,"(1, 1, 1, 1)"
3,13,83,2,0,1,0,"(2, 0, 1, 0)"
3,13,89,2,0,1,0,"(2, 0, 1, 0)"
3,13,97,1,1,1,1,"(1, 1, 1, 1)"
3,17,19,2,0,0,1,"(2, 0, 0, 1)"
3,17,23,1,0,0,0,"(1, 0, 0, 0)"
3,17,29,1,0,0,0,"(1, 0, 0, 0)"
3,17,31,2,0,0,1,"(2, 0, 0, 1)"
3,17,37,2,0,0,1,"(2, 0, 0, 1)"
3,17,41,1,0,0,0,"(1, 0, 0, 0)"
3,17,43,2,0,0,1,"(2, 0, 0, 1)"
3,17,47,1,0,0,0,"(1, 0, 0, 0)"
3,17,53,1,0,0,0,"(1, 0, 0, 0)"
3,17,59,1,0,0,0,"(1, 0, 0, 0)"
3,17,61,2,0,0,1,"(2, 0, 0, 1)"
3,17,67,2,0,0,1,"(2, 0, 0, 1)"
3,17,71,1,0,0,0,"(1, 0, 0, 0)"
3,17,73,2,0,0,1,"(2, 0, 0, 1)"
3,17,79,2,0,0,1,"(2, 0, 0, 1)"
3,17,83,1,0,0,0,"(1, 0, 0, 0)"
3,17,89,1,0,0,0,"(1, 0, 0, 0)"
3,17,97,2,0,0,1,"(2, 0, 0, 1)"
3,19,23,2,0,1,0,"(2, 0, 1, 0)"
3,19,29,2,0,1,0,"(2, 0, 1, 0)"
3,19,31,1,1,1,1,"(1, 1, 1, 1)"
3,19,37,1,1,1,1,"(1, 1, 1, 1)"
3,19,41,2,0,1,0,"(2, 0, 1, 0)"
3,19,43,1,1,1,1,"(1, 1, 1, 1)"
3,19,47,2,0,1,0,"(2, 0, 1, 0)"
3,19,53,2,0,1,0,"(2, 0, 1, 0)"
3,19,59,2,0,1,0,"(2, 0, 1, 0)"
3,19,61,1,1,1,1,"(1, 1, 1, 1)"
3,19,67,1,1,1,1,"(1, 1, 1, 1)"
3,19,71,2,0,1,0,"(2, 0, 1, 0)"
3,19,73,1,1,1,1,"(1, 1, 1, 1)"
3,19,79,1,1,1,1,"(1, 1, 1, 1)"
3,19,83,2,0,1,0,"(2, 0, 1, 0)"
3,19,89,2,0,1,0,"(2, 0, 1, 0)"
3,19,97,1,1,1,1,"(1, 1, 1, 1)"
3,23,29,1,0,0,0,"(1, 0, 0, 0)"
3,23,31,2,0,0,1,"(2, 0, 0, 1)"
3,23,37,2,0,0,1,"(2, 0, 0, 1)"
3,23,41,1,0,0,0,"(1, 0, 0, 0)"
3,23,43,2,0,0,1,"(2, 0, 0, 1)"
3,23,47,1,0,0,0,"(1, 0, 0, 0)"
3,23,53,1,0,0,0,"(1, 0, 0, 0)"
3,23,59,1,0,0,0,"(1, 0, 0, 0)"
3,23,61,2,0,0,1,"(2, 0, 0, 1)"
3,23,67,2,0,0,1,"(2, 0, 0, 1)"
3,23,71,1,0,0,0,"(1, 0, 0, 0)"
3,23,73,2,0,0,1,"(2, 0, 0, 1)"
3,23,79,2,0,0,1,"(2, 0, 0, 1)"
3,23,83,1,0,0,0,"(1, 0, 0, 0)"
3,23,89,1,0,0,0,"(1, 0, 0, 0)"
3,23,97,2,0,0,1,"(2, 0, 0, 1)"
3,29,31,2,0,0,1,"(2, 0, 0, 1)"
3,29,37,2,0,0,1,"(2, 0, 0, 1)"
3,29,41,1,0,0,0,"(1, 0, 0, 0)"
3,29,43,2,0,0,1,"(2, 0, 0, 1)"
3,29,47,1,0,0,0,"(1, 0, 0, 0)"
3,29,53,1,0,0,0,"(1, 0, 0, 0)"
3,29,59,1,0,0,0,"(1, 0, 0, 0)"
3,29,61,2,0,0,1,"(2, 0, 0, 1)"
3,29,67,2,0,0,1,"(2, 0, 0, 1)"
3,29,71,1,0,0,0,"(1, 0, 0, 0)"
3,29,73,2,0,0,1,"(2, 0, 0, 1)"
3,29,79,2,0,0,1,"(2, 0, 0, 1)"
3,29,83,1,0,0,0,"(1, 0, 0, 0)"
3,29,89,1,0,0,0,"(1, 0, 0, 0)"
3,29,97,2,0,0,1,"(2, 0, 0, 1)"
3,31,37,1,1,1,1,"(1, 1, 1, 1)"
3,31,41,2,0,1,0,"(2, 0, 1, 0)"
3,31,43,1,1,1,1,"(1, 1, 1, 1)"
3,31,47,2,0,1,0,"(2, 0, 1, 0)"
3,31,53,2,0,1,0,"(2, 0, 1, 0)"
3,31,59,2,0,1,0,"(2, 0, 1, 0)"
3,31,61,1,1,1,1,"(1, 1, 1, 1)"
3,31,67,1,1,1,1,"(1, 1, 1, 1)"
3,31,71,2,0,1,0,"(2, 0, 1, 0)"
3,31,73,1,1,1,1,"(1, 1, 1, 1)"
3,31,79,1,1,1,1,"(1, 1, 1, 1)"
3,31,83,2,0,1,0,"(2, 0, 1, 0)"
3,31,89,2,0,1,0,"(2, 0, 1, 0)"
3,31,97,1,1,1,1,"(1, 1, 1, 1)"
3,37,41,2,0,1,0,"(2, 0, 1, 0)"
3,37,43,1,1,1,1,"(1, 1, 1, 1)"
3,37,47,2,0,1,0,"(2, 0, 1, 0)"
3,37,53,2,0,1,0,"(2, 0, 1, 0)"
3,37,59,2,0,1,0,"(2, 0, 1, 0)"
3,37,61,1,1,1,1,"(1, 1, 1, 1)"
3,37,67,1,1,1,1,"(1, 1, 1, 1)"
3,37,71,2,0,1,0,"(2, 0, 1, 0)"
3,37,73,1,1,1,1,"(1, 1, 1, 1)"
3,37,79,1,1,1,1,"(1, 1, 1, 1)"
3,37,83,2,0,1,0,"(2, 0, 1, 0)"
3,37,89,2,0,1,0,"(2, 0, 1, 0)"
3,37,97,1,1,1,1,"(1, 1, 1, 1)"
3,41,43,2,0,0,1,"(2, 0, 0, 1)"
3,41,47,1,0,0,0,"(1, 0, 0, 0)"
3,41,53,1,0,0,0,"(1, 0, 0, 0)"
3,41,59,1,0,0,0,"(1, 0, 0, 0)"
3,41,61,2,0,0,1,"(2, 0, 0, 1)"
3,41,67,2,0,0,1,"(2, 0, 0, 1)"
3,41,71,1,0,0,0,"(1, 0, 0, 0)"
3,41,73,2,0,0,1,"(2, 0, 0, 1)"
3,41,79,2,0,0,1,"(2, 0, 0, 1)"
3,41,83,1,0,0,0,"(1, 0, 0, 0)"
3,41,89,1,0,0,0,"(1, 0, 0, 0)"
3,41,97,2,0,0,1,"(2, 0, 0, 1)"
3,43,47,2,0,1,0,"(2, 0, 1, 0)"
3,43,53,2,0,1,0,"(2, 0, 1, 0)"
3,43,59,2,0,1,0,"(2, 0, 1, 0)"
3,43,61,1,1,1,1,"(1, 1, 1, 1)"
3,43,67,1,1,1,1,"(1, 1, 1, 1)"
3,43,71,2,0,1,0,"(2, 0, 1, 0)"
3,43,73,1,1,1,1,"(1, 1, 1, 1)"
3,43,79,1,1,1,1,"(1, 1, 1, 1)"
3,43,83,2,0,1,0,"(2, 0, 1, 0)"
3,43,89,2,0,1,0,"(2, 0, 1, 0)"
3,43,97,1,1,1,1,"(1, 1, 1, 1)"
3,47,53,1,0,0,0,"(1, 0, 0, 0)"
3,47,59,1,0,0,0,"(1, 0, 0, 0)"
3,47,61,2,0,0,1,"(2, 0, 0, 1)"
3,47,67,2,0,0,1,"(2, 0, 0, 1)"
3,47,71,1,0,0,0,"(1, 0, 0, 0)"
3,47,73,2,0,0,1,"(2, 0, 0, 1)"
3,47,79,2,0,0,1,"(2, 0, 0, 1)"
3,47,83,1,0,0,0,"(1, 0, 0, 0)"
3,47,89,1,0,0,0,"(1, 0, 0, 0)"
3,47,97,2,0,0,1,"(2, 0, 0, 1)"
3,53,59,1,0,0,0,"(1, 0, 0, 0)"
3,53,61,2,0,0,1,"(2, 0, 0, 1)"
3,53,67,2,0,0,1,"(2, 0, 0, 1)"
3,53,71,1,0,0,0,"(1, 0, 0, 0)"
3,53,73,2,0,0,1,"(2, 0, 0, 1)"
3,53,79,2,0,0,1,"(2, 0, 0, 1)"
3,53,83,1,0,0,0,"(1, 0, 0, 0)"
3,53,89,1,0,0,0,"(1, 0, 0, 0)"
3,53,97,2,0,0,1,"(2, 0, 0, 1)"
3,59,61,2,0,0,1,"(2, 0, 0, 1)"
3,59,67,2,0,0,1,"(2, 0, 0, 1)"
3,59,71,1,0,0,0,"(1, 0, 0, 0)"
3,59,73,2,0,0,1,"(2, 0, 0, 1)"
3,59,79,2,0,0,1,"(2, 0, 0, 1)"
3,59,83,1,0,0,0,"(1, 0, 0, 0)"
3,59,89,1,0,0,0,"(1, 0, 0, 0)"
3,59,97,2,0,0,1,"(2, 0, 0, 1)"
3,61,67,1,1,1,1,"(1, 1, 1, 1)"
3,61,71,2,0,1,0,"(2, 0, 1, 0)"
3,61,73,1,1,1,1,"(1, 1, 1, 1)"
3,61,79,1,1,1,1,"(1, 1, 1, 1)"
3,61,83,2,0,1,0,"(2, 0, 1, 0)"
3,61,89,2,0,1,0,"(2, 0, 1, 0)"
3,61,97,1,1,1,1,"(1, 1, 1, 1)"
3,67,71,2,0,1,0,"(2, 0, 1, 0)"
3,67,73,1,1,1,1,"(1, 1, 1, 1)"
3,67,79,1,1,1,1,"(1, 1, 1, 1)"
3,67,83,2,0,1,0,"(2, 0, 1, 0)"
3,67,89,2,0,1,0,"(2, 0, 1, 0)"
3,67,97,1,1,1,1,"(1, 1, 1, 1)"
3,71,73,2,0,0,1,"(2, 0, 0, 1)"
3,71,79,2,0,0,1,"(2, 0, 0, 1)"
3,71,83,1,0,0,0,"(1, 0, 0, 0)"
3,71,89,1,0,0,0,"(1, 0, 0, 0)"
3,71,97,2,0,0,1,"(2, 0, 0, 1)"
3,73,79,1,1,1,1,"(1, 1, 1, 1)"
3,73,83,2,0,1,0,"(2, 0, 1, 0)"
3,73,89,2,0,1,0,"(2, 0, 1, 0)"
3,73,97,1,1,1,1,"(1, 1, 1, 1)"
3,79,83,2,0,1,0,"(2, 0, 1, 0)"
3,79,89,2,0,1,0,"(2, 0, 1, 0)"
3,79,97,1,1,1,1,"(1, 1, 1, 1)"
3,83,89,1,0,0,0,"(1, 0, 0, 0)"
3,83,97,2,0,0,1,"(2, 0, 0, 1)"
3,89,97,2,0,0,1,"(2, 0, 0, 1)"
5,2,3,1,1,3,2,"(1, 1, 3, 2)"
5,2,5,0,3,3,1,"(0, 3, 3, 1)"
5,2,7,4,4,3,3,"(4, 4, 3, 3)"
5,2,11,2,3,3,1,"(2, 3, 3, 1)"
5,2,13,1,1,3,2,"(1, 1, 3, 2)"
5,2,17,4,4,3,3,"(4, 4, 3, 3)"
5,2,19,3,4,3,3,"(3, 4, 3, 3)"
5,2,23,1,1,3,2,"(1, 1, 3, 2)"
5,2,29,3,4,3,3,"(3, 4, 3, 3)"
5,2,31,2,3,3,1,"(2, 3, 3, 1)"
5,2,37,4,4,3,3,"(4, 4, 3, 3)"
5,2,41,2,3,3,1,"(2, 3, 3, 1)"
5,2,43,1,1,3,2,"(1, 1, 3, 2)"
5,2,47,4,4,3,3,"(4, 4, 3, 3)"
5,2,53,1,1,3,2,"(1, 1, 3, 2)"
5,2,59,3,4,3,3,"(3, 4, 3, 3)"
5,2,61,2,3,3,1,"(2, 3, 3, 1)"
5,2,67,4,4,3,3,"(4, 4, 3, 3)"
5,2,71,2,3,3,1,"(2, 3, 3, 1)"
5,2,73,1,1,3,2,"(1, 1, 3, 2)"
5,2,79,3,4,3,3,"(3, 4, 3, 3)"
5,2,83,1,1,3,2,"(1, 1, 3, 2)"
5,2,89,3,4,3,3,"(3, 4, 3, 3)"
5,2,97,4,4,3,3,"(4, 4, 3, 3)"
5,3,5,0,2,2,1,"(0, 2, 2, 1)"
5,3,7,1,1,2,3,"(1, 1, 2, 3)"
5,3,11,3,2,2,1,"(3, 2, 2, 1)"
5,3,13,4,4,2,2,"(4, 4, 2, 2)"
5,3,17,1,1,2,3,"(1, 1, 2, 3)"
5,3,19,2,1,2,3,"(2, 1, 2, 3)"
5,3,23,4,4,2,2,"(4, 4, 2, 2)"
5,3,29,2,1,2,3,"(2, 1, 2, 3)"
5,3,31,3,2,2,1,"(3, 2, 2, 1)"
5,3,37,1,1,2,3,"(1, 1, 2, 3)"
5,3,41,3,2,2,1,"(3, 2, 2, 1)"
5,3,43,4,4,2,2,"(4, 4, 2, 2)"
5,3,47,1,1,2,3,"(1, 1, 2, 3)"
5,3,53,4,4,2,2,"(4, 4, 2, 2)"
5,3,59,2,1,2,3,"(2, 1, 2, 3)"
5,3,61,3,2,2,1,"(3, 2, 2, 1)"
5,3,67,1,1,2,3,"(1, 1, 2, 3)"
5,3,71,3,2,2,1,"(3, 2, 2, 1)"
5,3,73,4,4,2,2,"(4, 4, 2, 2)"
5,3,79,2,1,2,3,"(2, 1, 2, 3)"
5,3,83,4,4,2,2,"(4, 4, 2, 2)"
5,3,89,2,1,2,3,"(2, 1, 2, 3)"
5,3,97,1,1,2,3,"(1, 1, 2, 3)"
5,5,7,0,3,1,3,"(0, 3, 1, 3)"
5,5,11,0,1,1,1,"(0, 1, 1, 1)"
5,5,13,0,2,1,2,"(0, 2, 1, 2)"
5,5,17,0,3,1,3,"(0, 3, 1, 3)"
5,5,19,0,3,1,3,"(0, 3, 1, 3)"
5,5,23,0,2,1,2,"(0, 2, 1, 2)"
5,5,29,0,3,1,3,"(0, 3, 1, 3)"
5,5,31,0,1,1,1,"(0, 1, 1, 1)"
5,5,37,0,3,1,3,"(0, 3, 1, 3)"
5,5,41,0,1,1,1,"(0, 1, 1, 1)"
5,5,43,0,2,1,2,"(0, 2, 1, 2)"
5,5,47,0,3,1,3,"(0, 3, 1, 3)"
5,5,53,0,2,1,2,"(0, 2, 1, 2)"
5,5,59,0,3,1,3,"(0, 3, 1, 3)"
5,5,61,0,1,1,1,"(0, 1, 1, 1)"
5,5,67,0,3,1,3,"(0, 3, 1, 3)"
5,5,71,0,1,1,1,"(0, 1, 1, 1)"
5,5,73,0,2,1,2,"(0, 2, 1, 2)"
5,5,79,0,3,1,3,"(0, 3, 1, 3)"
5,5,83,0,2,1,2,"(0, 2, 1, 2)"
5,5,89,0,3,1,3,"(0, 3, 1, 3)"
5,5,97,0,3,1,3,"(0, 3, 1, 3)"
5,7,11,2,3,3,1,"(2, 3, 3, 1)"
5,7,13,1,1,3,2,"(1, 1, 3, 2)"
5,7,17,4,4,3,3,"(4, 4, 3, 3)"
5,7,19,3,4,3,3,"(3, 4, 3, 3)"
5,7,23,1,1,3,2,"(1, 1, 3, 2)"
5,7,29,3,4,3,3,"(3, 4, 3, 3)"
5,7,31,2,3,3,1,"(2, 3, 3, 1)"
5,7,37,4,4,3,3,"(4, 4, 3, 3)"
5,7,41,2,3,3,1,"(2, 3, 3, 1)"
5,7,43,1,1,3,2,"(1, 1, 3, 2)"
5,7,47,4,4,3,3,"(4, 4, 3, 3)"
5,7,53,1,1,3,2,"(1, 1, 3, 2)"
5,7,59,3,4,3,3,"(3, 4, 3, 3)"
5,7,61,2,3,3,1,"(2, 3, 3, 1)"
5,7,67,4,4,3,3,"(4, 4, 3, 3)"
5,7,71,2,3,3,1,"(2, 3, 3, 1)"
5,7,73,1,1,3,2,"(1, 1, 3, 2)"
5,7,79,3,4,3,3,"(3, 4, 3, 3)"
5,7,83,1,1,3,2,"(1, 1, 3, 2)"
5,7,89,3,4,3,3,"(3, 4, 3, 3)"
5,7,97,4,4,3,3,"(4, 4, 3, 3)"
5,11,13,3,2,1,2,"(3, 2, 1, 2)"
5,11,17,2,3,1,3,"(2, 3, 1, 3)"
5,11,19,4,3,1,3,"(4, 3, 1, 3)"
5,11,23,3,2,1,2,"(3, 2, 1, 2)"
5,11,29,4,3,1,3,"(4, 3, 1, 3)"
5,11,31,1,1,1,1,"(1, 1, 1, 1)"
5,11,37,2,3,1,3,"(2, 3, 1, 3)"
5,11,41,1,1,1,1,"(1, 1, 1, 1)"
5,11,43,3,2,1,2,"(3, 2, 1, 2)"
5,11,47,2,3,1,3,"(2, 3, 1, 3)"
5,11,53,3,2,1,2,"(3, 2, 1, 2)"
5,11,59,4,3,1,3,"(4, 3, 1, 3)"
5,11,61,1,1,1,1,"(1, 1, 1, 1)"
5,11,67,2,3,1,3,"(2, 3, 1, 3)"
5,11,71,1,1,1,1,"(1, 1, 1, 1)"
5,11,73,3,2,1,2,"(3, 2, 1, 2)"
5,11,79,4,3,1,3,"(4, 3, 1, 3)"
5,11,83,3,2,1,2,"(3, 2, 1, 2)"
5,11,89,4,3,1,3,"(4, 3, 1, 3)"
5,11,97,2,3,1,3,"(2, 3, 1, 3)"
5,13,17,1,1,2,3,"(1, 1, 2, 3)"
5,13,19,2,1,2,3,"(2, 1, 2, 3)"
5,13,23,4,4,2,2,"(4, 4, 2, 2)"
5,13,29,2,1,2,3,"(2, 1, 2, 3)"
5,13,31,3,2,2,1,"(3, 2, 2, 1)"
5,13,37,1,1,2,3,"(1, 1, 2, 3)"
5,13,41,3,2,2,1,"(3, 2, 2, 1)"
5,13,43,4,4,2,2,"(4, 4, 2, 2)"
5,13,47,1,1,2,3,"(1, 1, 2, 3)"
5,13,53,4,4,2,2,"(4, 4, 2, 2)"
5,13,59,2,1,2,3,"(2, 1, 2, 3)"
5,13,61,3,2,2,1,"(3, 2, 2, 1)"
5,13,67,1,1,2,3,"(1, 1, 2, 3)"
5,13,71,3,2,2,1,"(3, 2, 2, 1)"
5,13,73,4,4,2,2,"(4, 4, 2, 2)"
5,13,79,2,1,2,3,"(2, 1, 2, 3)"
5,13,83,4,4,2,2,"(4, 4, 2, 2)"
5,13,89,2,1,2,3,"(2, 1, 2, 3)"
5,13,97,1,1,2,3,"(1, 1, 2, 3)"
5,17,19,3,4,3,3,"(3, 4, 3, 3)"
5,17,23,1,1,3,2,"(1, 1, 3, 2)"
5,17,29,3,4,3,3,"(3, 4, 3, 3)"
5,17,31,2,3,3,1,"(2, 3, 3, 1)"
5,17,37,4,4,3,3,"(4, 4, 3, 3)"
5,17,41,2,3,3,1,"(2, 3, 3, 1)"
5,17,43,1,1,3,2,"(1, 1, 3, 2)"
5,17,47,4,4,3,3,"(4, 4, 3, 3)"
5,17,53,1,1,3,2,"(1, 1, 3, 2)"
5,17,59,3,4,3,3,"(3, 4, 3, 3)"
5,17,61,2,3,3,1,"(2, 3, 3, 1)"
5,17,67,4,4,3,3,"(4, 4, 3, 3)"
5,17,71,2,3,3,1,"(2, 3, 3, 1)"
5,17,73,1,1,3,2,"(1, 1, 3, 2)"
5,17,79,3,4,3,3,"(3, 4, 3, 3)"
5,17,83,1,1,3,2,"(1, 1, 3, 2)"
5,17,89,3,4,3,3,"(3, 4, 3, 3)"
5,17,97,4,4,3,3,"(4, 4, 3, 3)"
5,19,23,2,1,3,2,"(2, 1, 3, 2)"
5,19,29,1,4,3,3,"(1, 4, 3, 3)"
5,19,31,4,3,3,1,"(4, 3, 3, 1)"
5,19,37,3,4,3,3,"(3, 4, 3, 3)"
5,19,41,4,3,3,1,"(4, 3, 3, 1)"
5,19,43,2,1,3,2,"(2, 1, 3, 2)"
5,19,47,3,4,3,3,"(3, 4, 3, 3)"
5,19,53,2,1,3,2,"(2, 1, 3, 2)"
5,19,59,1,4,3,3,"(1, 4, 3, 3)"
5,19,61,4,3,3,1,"(4, 3, 3, 1)"
5,19,67,3,4,3,3,"(3, 4, 3, 3)"
5,19,71,4,3,3,1,"(4, 3, 3, 1)"
5,19,73,2,1,3,2,"(2, 1, 3, 2)"
5,19,79,1,4,3,3,"(1, 4, 3, 3)"
5,19,83,2,1,3,2,"(2, 1, 3, 2)"
5,19,89,1,4,3,3,"(1, 4, 3, 3)"
5,19,97,3,4,3,3,"(3, 4, 3, 3)"
5,23,29,2,1,2,3,"(2, 1, 2, 3)"
5,23,31,3,2,2,1,"(3, 2, 2, 1)"
5,23,37,1,1,2,3,"(1, 1, 2, 3)"
5,23,41,3,2,2,1,"(3, 2, 2, 1)"
5,23,43,4,4,2,2,"(4, 4, 2, 2)"
5,23,47,1,1,2,3,"(1, 1, 2, 3)"
5,23,53,4,4,2,2,"(4, 4, 2, 2)"
5,23,59,2,1,2,3,"(2, 1, 2, 3)"
5,23,61,3,2,2,1,"(3, 2, 2, 1)"
5,23,67,1,1,2,3,"(1, 1, 2, 3)"
5,23,71,3,2,2,1,"(3, 2, 2, 1)"
5,23,73,4,4,2,2,"(4, 4, 2, 2)"
5,23,79,2,1,2,3,"(2, 1, 2, 3)"
5,23,83,4,4,2,2,"(4, 4, 2, 2)"
5,23,89,2,1,2,3,"(2, 1, 2, 3)"
5,23,97,1,1,2,3,"(1, 1, 2, 3)"
5,29,31,4,3,3,1,"(4, 3, 3, 1)"
5,29,37,3,4,3,3,"(3, 4, 3, 3)"
5,29,41,4,3,3,1,"(4, 3, 3, 1)"
5,29,43,2,1,3,2,"(2, 1, 3, 2)"
5,29,47,3,4,3,3,"(3, 4, 3, 3)"
5,29,53,2,1,3,2,"(2, 1, 3, 2)"
5,29,59,1,4,3,3,"(1, 4, 3, 3)"
5,29,61,4,3,3,1,"(4, 3, 3, 1)"
5,29,67,3,4,3,3,"(3, 4, 3, 3)"
5,29,71,4,3,3,1,"(4, 3, 3, 1)"
5,29,73,2,1,3,2,"(2, 1, 3, 2)"
5,29,79,1,4,3,3,"(1, 4, 3, 3)"
5,29,83,2,1,3,2,"(2, 1, 3, 2)"
5,29,89,1,4,3,3,"(1, 4, 3, 3)"
5,29,97,3,4,3,3,"(3, 4, 3, 3)"
5,31,37,2,3,1,3,"(2, 3, 1, 3)"
5,31,41,1,1,1,1,"(1, 1, 1, 1)"
5,31,43,3,2,1,2,"(3, 2, 1, 2)"
5,31,47,2,3,1,3,"(2, 3, 1, 3)"
5,31,53,3,2,1,2,"(3, 2, 1, 2)"
5,31,59,4,3,1,3,"(4, 3, 1, 3)"
5,31,61,1,1,1,1,"(1, 1, 1, 1)"
5,31,67,2,3,1,3,"(2, 3, 1, 3)"
5,31,71,1,1,1,1,"(1, 1, 1, 1)"
5,31,73,3,2,1,2,"(3, 2, 1, 2)"
5,31,79,4,3,1,3,"(4, 3, 1, 3)"
5,31,83,3,2,1,2,"(3, 2, 1, 2)"
5,31,89,4,3,1,3,"(4, 3, 1, 3)"
5,31,97,2,3,1,3,"(2, 3, 1, 3)"
5,37,41,2,3,3,1,"(2, 3, 3, 1)"
5,37,43,1,1,3,2,"(1, 1, 3, 2)"
5,37,47,4,4,3,3,"(4, 4, 3, 3)"
5,37,53,1,1,3,2,"(1, 1, 3, 2)"
5,37,59,3,4,3,3,"(3, 4, 3, 3)"
5,37,61,2,3,3,1,"(2, 3, 3, 1)"
5,37,67,4,4,3,3,"(4, 4, 3, 3)"
5,37,71,2,3,3,1,"(2, 3, 3, 1)"
5,37,73,1,1,3,2,"(1, 1, 3, 2)"
5,37,79,3,4,3,3,"(3, 4, 3, 3)"
5,37,83,1,1,3,2,"(1, 1, 3, 2)"
5,37,89,3,4,3,3,"(3, 4, 3, 3)"
5,37,97,4,4,3,3,"(4, 4, 3, 3)"
5,41,43,3,2,1,2,"(3, 2, 1, 2)"
5,41,47,2,3,1,3,"(2, 3, 1, 3)"
5,41,53,3,2,1,2,"(3, 2, 1, 2)"
5,41,59,4,3,1,3,"(4, 3, 1, 3)"
5,41,61,1,1,1,1,"(1, 1, 1, 1)"
5,41,67,2,3,1,3,"(2, 3, 1, 3)"
5,41,71,1,1,1,1,"(1, 1, 1, 1)"
5,41,73,3,2,1,2,"(3, 2, 1, 2)"
5,41,79,4,3,1,3,"(4, 3, 1, 3)"
5,41,83,3,2,1,2,"(3, 2, 1, 2)"
5,41,89,4,3,1,3,"(4, 3, 1, 3)"
5,41,97,2,3,1,3,"(2, 3, 1, 3)"
5,43,47,1,1,2,3,"(1, 1, 2, 3)"
5,43,53,4,4,2,2,"(4, 4, 2, 2)"
5,43,59,2,1,2,3,"(2, 1, 2, 3)"
5,43,61,3,2,2,1,"(3, 2, 2, 1)"
5,43,67,1,1,2,3,"(1, 1, 2, 3)"
5,43,71,3,2,2,1,"(3, 2, 2, 1)"
5,43,73,4,4,2,2,"(4, 4, 2, 2)"
5,43,79,2,1,2,3,"(2, 1, 2, 3)"
5,43,83,4,4,2,2,"(4, 4, 2, 2)"
5,43,89,2,1,2,3,"(2, 1, 2, 3)"
5,43,97,1,1,2,3,"(1, 1, 2, 3)"
5,47,53,1,1,3,2,"(1, 1, 3, 2)"
5,47,59,3,4,3,3,"(3, 4, 3, 3)"
5,47,61,2,3,3,1,"(2, 3, 3, 1)"
5,47,67,4,4,3,3,"(4, 4, 3, 3)"
5,47,71,2,3,3,1,"(2, 3, 3, 1)"
5,47,73,1,1,3,2,"(1, 1, 3, 2)"
5,47,79,3,4,3,3,"(3, 4, 3, 3)"
5,47,83,1,1,3,2,"(1, 1, 3, 2)"
5,47,89,3,4,3,3,"(3, 4, 3, 3)"
5,47,97,4,4,3,3,"(4, 4, 3, 3)"
5,53,59,2,1,2,3,"(2, 1, 2, 3)"
5,53,61,3,2,2,1,"(3, 2, 2, 1)"
5,53,67,1,1,2,3,"(1, 1, 2, 3)"
5,53,71,3,2,2,1,"(3, 2, 2, 1)"
5,53,73,4,4,2,2,"(4, 4, 2, 2)"
5,53,79,2,1,2,3,"(2, 1, 2, 3)"
5,53,83,4,4,2,2,"(4, 4, 2, 2)"
5,53,89,2,1,2,3,"(2, 1, 2, 3)"
5,53,97,1,1,2,3,"(1, 1, 2, 3)"
5,59,61,4,3,3,1,"(4, 3, 3, 1)"
5,59,67,3,4,3,3,"(3, 4, 3, 3)"
5,59,71,4,3,3,1,"(4, 3, 3, 1)"
5,59,73,2,1,3,2,"(2, 1, 3, 2)"
5,59,79,1,4,3,3,"(1, 4, 3, 3)"
5,59,83,2,1,3,2,"(2, 1, 3, 2)"
5,59,89,1,4,3,3,"(1, 4, 3, 3)"
5,59,97,3,4,3,3,"(3, 4, 3, 3)"
5,61,67,2,3,1,3,"(2, 3, 1, 3)"
5,61,71,1,1,1,1,"(1, 1, 1, 1)"
5,61,73,3,2,1,2,"(3, 2, 1, 2)"
5,61,79,4,3,1,3,"(4, 3, 1, 3)"
5,61,83,3,2,1,2,"(3, 2, 1, 2)"
5,61,89,4,3,1,3,"(4, 3, 1, 3)"
5,61,97,2,3,1,3,"(2, 3, 1, 3)"
5,67,71,2,3,3,1,"(2, 3, 3, 1)"
5,67,73,1,1,3,2,"(1, 1, 3, 2)"
5,67,79,3,4,3,3,"(3, 4, 3, 3)"
5,67,83,1,1,3,2,"(1, 1, 3, 2)"
5,67,89,3,4,3,3,"(3, 4, 3, 3)"
5,67,97,4,4,3,3,"(4, 4, 3, 3)"
5,71,73,3,2,1,2,"(3, 2, 1, 2)"
5,71,79,4,3,1,3,"(4, 3, 1, 3)"
5,71,83,3,2,1,2,"(3, 2, 1, 2)"
5,71,89,4,3,1,3,"(4, 3, 1, 3)"
5,71,97,2,3,1,3,"(2, 3, 1, 3)"
5,73,79,2,1,2,3,"(2, 1, 2, 3)"
5,73,83,4,4,2,2,"(4, 4, 2, 2)"
5,73,89,2,1,2,3,"(2, 1, 2, 3)"
5,73,97,1,1,2,3,"(1, 1, 2, 3)"
5,79,83,2,1,3,2,"(2, 1, 3, 2)"
5,79,89,1,4,3,3,"(1, 4, 3, 3)"
5,79,97,3,4,3,3,"(3, 4, 3, 3)"
5,83,89,2,1,2,3,"(2, 1, 2, 3)"
5,83,97,1,1,2,3,"(1, 1, 2, 3)"
5,89,97,3,4,3,3,"(3, 4, 3, 3)"
7,2,3,6,0,3,0,"(6, 0, 3, 0)"
7,2,5,3,0,3,0,"(3, 0, 3, 0)"
7,2,7,0,3,3,1,"(0, 3, 3, 1)"
7,2,11,1,4,3,6,"(1, 4, 3, 6)"
7,2,13,5,2,3,3,"(5, 2, 3, 3)"
7,2,17,6,0,3,0,"(6, 0, 3, 0)"
7,2,19,3,0,3,0,"(3, 0, 3, 0)"
7,2,23,4,2,3,3,"(4, 2, 3, 3)"
7,2,29,2,3,3,1,"(2, 3, 3, 1)"
7,2,31,6,0,3,0,"(6, 0, 3, 0)"
7,2,37,4,2,3,3,"(4, 2, 3, 3)"
7,2,41,5,2,3,3,"(5, 2, 3, 3)"
7,2,43,2,3,3,1,"(2, 3, 3, 1)"
7,2,47,3,0,3,0,"(3, 0, 3, 0)"
7,2,53,1,4,3,6,"(1, 4, 3, 6)"
7,2,59,6,0,3,0,"(6, 0, 3, 0)"
7,2,61,3,0,3,0,"(3, 0, 3, 0)"
7,2,67,1,4,3,6,"(1, 4, 3, 6)"
7,2,71,2,3,3,1,"(2, 3, 3, 1)"
7,2,73,6,0,3,0,"(6, 0, 3, 0)"
7,2,79,4,2,3,3,"(4, 2, 3, 3)"
7,2,83,5,2,3,3,"(5, 2, 3, 3)"
7,2,89,3,0,3,0,"(3, 0, 3, 0)"
7,2,97,5,2,3,3,"(5, 2, 3, 3)"
7,3,5,1,0,0,0,"(1, 0, 0, 0)"
7,3,7,0,0,0,1,"(0, 0, 0, 1)"
7,3,11,5,0,0,6,"(5, 0, 0, 6)"
7,3,13,4,0,0,3,"(4, 0, 0, 3)"
7,3,17,2,0,0,0,"(2, 0, 0, 0)"
7,3,19,1,0,0,0,"(1, 0, 0, 0)"
7,3,23,6,0,0,3,"(6, 0, 0, 3)"
7,3,29,3,0,0,1,"(3, 0, 0, 1)"
7,3,31,2,0,0,0,"(2, 0, 0, 0)"
7,3,37,6,0,0,3,"(6, 0, 0, 3)"
7,3,41,4,0,0,3,"(4, 0, 0, 3)"
7,3,43,3,0,0,1,"(3, 0, 0, 1)"
7,3,47,1,0,0,0,"(1, 0, 0, 0)"
7,3,53,5,0,0,6,"(5, 0, 0, 6)"
7,3,59,2,0,0,0,"(2, 0, 0, 0)"
7,3,61,1,0,0,0,"(1, 0, 0, 0)"
7,3,67,5,0,0,6,"(5, 0, 0, 6)"
7,3,71,3,0,0,1,"(3, 0, 0, 1)"
7,3,73,2,0,0,0,"(2, 0, 0, 0)"
7,3,79,6,0,0,3,"(6, 0, 0, 3)"
7,3,83,4,0,0,3,"(4, 0, 0, 3)"
7,3,89,1,0,0,0,"(1, 0, 0, 0)"
7,3,97,4,0,0,3,"(4, 0, 0, 3)"
7,5,7,0,0,0,1,"(0, 0, 0, 1)"
7,5,11,6,0,0,6,"(6, 0, 0, 6)"
7,5,13,2,0,0,3,"(2, 0, 0, 3)"
7,5,17,1,0,0,0,"(1, 0, 0, 0)"
7,5,19,4,0,0,0,"(4, 0, 0, 0)"
7,5,23,3,0,0,3,"(3, 0, 0, 3)"
7,5,29,5,0,0,1,"(5, 0, 0, 1)"
7,5,31,1,0,0,0,"(1, 0, 0, 0)"
7,5,37,3,0,0,3,"(3, 0, 0, 3)"
7,5,41,2,0,0,3,"(2, 0, 0, 3)"
7,5,43,5,0,0,1,"(5, 0, 0, 1)"
7,5,47,4,0,0,0,"(4, 0, 0, 0)"
7,5,53,6,0,0,6,"(6, 0, 0, 6)"
7,5,59,1,0,0,0,"(1, 0, 0, 0)"
7,5,61,4,0,0,0,"(4, 0, 0, 0)"
7,5,67,6,0,0,6,"(6, 0, 0, 6)"
7,5,71,5,0,0,1,"(5, 0, 0, 1)"
7,5,73,1,0,0,0,"(1, 0, 0, 0)"
7,5,79,3,0,0,3,"(3, 0, 0, 3)"
7,5,83,2,0,0,3,"(2, 0, 0, 3)"
7,5,89,4,0,0,0,"(4, 0, 0, 0)"
7,5,97,2,0,0,3,"(2, 0, 0, 3)"
7,7,11,0,6,1,6,"(0, 6, 1, 6)"
7,7,13,0,3,1,3,"(0, 3, 1, 3)"
7,7,17,0,0,1,0,"(0, 0, 1, 0)"
7,7,19,0,0,1,0,"(0, 0, 1, 0)"
7,7,23,0,3,1,3,"(0, 3, 1, 3)"
7,7,29,0,1,1,1,"(0, 1, 1, 1)"
7,7,31,0,0,1,0,"(0, 0, 1, 0)"
7,7,37,0,3,1,3,"(0, 3, 1, 3)"
7,7,41,0,3,1,3,"(0, 3, 1, 3)"
7,7,43,0,1,1,1,"(0, 1, 1, 1)"
7,7,47,0,0,1,0,"(0, 0, 1, 0)"
7,7,53,0,6,1,6,"(0, 6, 1, 6)"
7,7,59,0,0,1,0,"(0, 0, 1, 0)"
7,7,61,0,0,1,0,"(0, 0, 1, 0)"
7,7,67,0,6,1,6,"(0, 6, 1, 6)"
7,7,71,0,1,1,1,"(0, 1, 1, 1)"
7,7,73,0,0,1,0,"(0, 0, 1, 0)"
7,7,79,0,3,1,3,"(0, 3, 1, 3)"
7,7,83,0,3,1,3,"(0, 3, 1, 3)"
7,7,89,0,0,1,0,"(0, 0, 1, 0)"
7,7,97,0,3,1,3,"(0, 3, 1, 3)"
7,11,13,3,4,6,3,"(3, 4, 6, 3)"
7,11,17,5,0,6,0,"(5, 0, 6, 0)"
7,11,19,6,0,6,0,"(6, 0, 6, 0)"
7,11,23,1,4,6,3,"(1, 4, 6, 3)"
7,11,29,4,6,6,1,"(4, 6, 6, 1)"
7,11,31,5,0,6,0,"(5, 0, 6, 0)"
7,11,37,1,4,6,3,"(1, 4, 6, 3)"
7,11,41,3,4,6,3,"(3, 4, 6, 3)"
7,11,43,4,6,6,1,"(4, 6, 6, 1)"
7,11,47,6,0,6,0,"(6, 0, 6, 0)"
7,11,53,2,1,6,6,"(2, 1, 6, 6)"
7,11,59,5,0,6,0,"(5, 0, 6, 0)"
7,11,61,6,0,6,0,"(6, 0, 6, 0)"
7,11,67,2,1,6,6,"(2, 1, 6, 6)"
7,11,71,4,6,6,1,"(4, 6, 6, 1)"
7,11,73,5,0,6,0,"(5, 0, 6, 0)"
7,11,79,1,4,6,3,"(1, 4, 6, 3)"
7,11,83,3,4,6,3,"(3, 4, 6, 3)"
7,11,89,6,0,6,0,"(6, 0, 6, 0)"
7,11,97,3,4,6,3,"(3, 4, 6, 3)"
7,13,17,4,0,3,0,"(4, 0, 3, 0)"
7,13,19,2,0,3,0,"(2, 0, 3, 0)"
7,13,23,5,2,3,3,"(5, 2, 3, 3)"
7,13,29,6,3,3,1,"(6, 3, 3, 1)"
7,13,31,4,0,3,0,"(4, 0, 3, 0)"
7,13,37,5,2,3,3,"(5, 2, 3, 3)"
7,13,41,1,2,3,3,"(1, 2, 3, 3)"
7,13,43,6,3,3,1,"(6, 3, 3, 1)"
7,13,47,2,0,3,0,"(2, 0, 3, 0)"
7,13,53,3,4,3,6,"(3, 4, 3, 6)"
7,13,59,4,0,3,0,"(4, 0, 3, 0)"
7,13,61,2,0,3,0,"(2, 0, 3, 0)"
7,13,67,3,4,3,6,"(3, 4, 3, 6)"
7,13,71,6,3,3,1,"(6, 3, 3, 1)"
7,13,73,4,0,3,0,"(4, 0, 3, 0)"
7,13,79,5,2,3,3,"(5, 2, 3, 3)"
7,13,83,1,2,3,3,"(1, 2, 3, 3)"
7,13,89,2,0,3,0,"(2, 0, 3, 0)"
7,13,97,1,2,3,3,"(1, 2, 3, 3)"
7,17,19,1,0,0,0,"(1, 0, 0, 0)"
7,17,23,6,0,0,3,"(6, 0, 0, 3)"
7,17,29,3,0,0,1,"(3, 0, 0, 1)"
7,17,31,2,0,0,0,"(2, 0, 0, 0)"
7,17,37,6,0,0,3,"(6, 0, 0, 3)"
7,17,41,4,0,0,3,"(4, 0, 0, 3)"
7,17,43,3,0,0,1,"(3, 0, 0, 1)"
7,17,47,1,0,0,0,"(1, 0, 0, 0)"
7,17,53,5,0,0,6,"(5, 0, 0, 6)"
7,17,59,2,0,0,0,"(2, 0, 0, 0)"
7,17,61,1,0,0,0,"(1, 0, 0, 0)"
7,17,67,5,0,0,6,"(5, 0, 0, 6)"
7,17,71,3,0,0,1,"(3, 0, 0, 1)"
7,17,73,2,0,0,0,"(2, 0, 0, 0)"
7,17,79,6,0,0,3,"(6, 0, 0, 3)"
7,17,83,4,0,0,3,"(4, 0, 0, 3)"
7,17,89,1,0,0,0,"(1, 0, 0, 0)"
7,17,97,4,0,0,3,"(4, 0, 0, 3)"
7,19,23,3,0,0,3,"(3, 0, 0, 3)"
7,19,29,5,0,0,1,"(5, 0, 0, 1)"
7,19,31,1,0,0,0,"(1, 0, 0, 0)"
7,19,37,3,0,0,3,"(3, 0, 0, 3)"
7,19,41,2,0,0,3,"(2, 0, 0, 3)"
7,19,43,5,0,0,1,"(5, 0, 0, 1)"
7,19,47,4,0,0,0,"(4, 0, 0, 0)"
7,19,53,6,0,0,6,"(6, 0, 0, 6)"
7,19,59,1,0,0,0,"(1, 0, 0, 0)"
7,19,61,4,0,0,0,"(4, 0, 0, 0)"
7,19,67,6,0,0,6,"(6, 0, 0, 6)"
7,19,71,5,0,0,1,"(5, 0, 0, 1)"
7,19,73,1,0,0,0,"(1, 0, 0, 0)"
7,19,79,3,0,0,3,"(3, 0, 0, 3)"
7,19,83,2,0,0,3,"(2, 0, 0, 3)"
7,19,89,4,0,0,0,"(4, 0, 0, 0)"
7,19,97,2,0,0,3,"(2, 0, 0, 3)"
7,23,29,2,3,3,1,"(2, 3, 3, 1)"
7,23,31,6,0,3,0,"(6, 0, 3, 0)"
7,23,37,4,2,3,3,"(4, 2, 3, 3)"
7,23,41,5,2,3,3,"(5, 2, 3, 3)"
7,23,43,2,3,3,1,"(2, 3, 3, 1)"
7,23,47,3,0,3,0,"(3, 0, 3, 0)"
7,23,53,1,4,3,6,"(1, 4, 3, 6)"
7,23,59,6,0,3,0,"(6, 0, 3, 0)"
7,23,61,3,0,3,0,"(3, 0, 3, 0)"
7,23,67,1,4,3,6,"(1, 4, 3, 6)"
7,23,71,2,3,3,1,"(2, 3, 3, 1)"
7,23,73,6,0,3,0,"(6, 0, 3, 0)"
7,23,79,4,2,3,3,"(4, 2, 3, 3)"
7,23,83,5,2,3,3,"(5, 2, 3, 3)"
7,23,89,3,0,3,0,"(3, 0, 3, 0)"
7,23,97,5,2,3,3,"(5, 2, 3, 3)"
7,29,31,3,0,1,0,"(3, 0, 1, 0)"
7,29,37,2,3,1,3,"(2, 3, 1, 3)"
7,29,41,6,3,1,3,"(6, 3, 1, 3)"
7,29,43,1,1,1,1,"(1, 1, 1, 1)"
7,29,47,5,0,1,0,"(5, 0, 1, 0)"
7,29,53,4,6,1,6,"(4, 6, 1, 6)"
7,29,59,3,0,1,0,"(3, 0, 1, 0)"
7,29,61,5,0,1,0,"(5, 0, 1, 0)"
7,29,67,4,6,1,6,"(4, 6, 1, 6)"
7,29,71,1,1,1,1,"(1, 1, 1, 1)"
7,29,73,3,0,1,0,"(3, 0, 1, 0)"
7,29,79,2,3,1,3,"(2, 3, 1, 3)"
7,29,83,6,3,1,3,"(6, 3, 1, 3)"
7,29,89,5,0,1,0,"(5, 0, 1, 0)"
7,29,97,6,3,1,3,"(6, 3, 1, 3)"
7,31,37,6,0,0,3,"(6, 0, 0, 3)"
7,31,41,4,0,0,3,"(4, 0, 0, 3)"
7,31,43,3,0,0,1,"(3, 0, 0, 1)"
7,31,47,1,0,0,0,"(1, 0, 0, 0)"
7,31,53,5,0,0,6,"(5, 0, 0, 6)"
7,31,59,2,0,0,0,"(2, 0, 0, 0)"
7,31,61,1,0,0,0,"(1, 0, 0, 0)"
7,31,67,5,0,0,6,"(5, 0, 0, 6)"
7,31,71,3,0,0,1,"(3, 0, 0, 1)"
7,31,73,2,0,0,0,"(2, 0, 0, 0)"
7,31,79,6,0,0,3,"(6, 0, 0, 3)"
7,31,83,4,0,0,3,"(4, 0, 0, 3)"
7,31,89,1,0,0,0,"(1, 0, 0, 0)"
7,31,97,4,0,0,3,"(4, 0, 0, 3)"
7,37,41,5,2,3,3,"(5, 2, 3, 3)"
7,37,43,2,3,3,1,"(2, 3, 3, 1)"
7,37,47,3,0,3,0,"(3, 0, 3, 0)"
7,37,53,1,4,3,6,"(1, 4, 3, 6)"
7,37,59,6,0,3,0,"(6, 0, 3, 0)"
7,37,61,3,0,3,0,"(3, 0, 3, 0)"
7,37,67,1,4,3,6,"(1, 4, 3, 6)"
7,37,71,2,3,3,1,"(2, 3, 3, 1)"
7,37,73,6,0,3,0,"(6, 0, 3, 0)"
7,37,79,4,2,3,3,"(4, 2, 3, 3)"
7,37,83,5,2,3,3,"(5, 2, 3, 3)"
7,37,89,3,0,3,0,"(3, 0, 3, 0)"
7,37,97,5,2,3,3,"(5, 2, 3, 3)"
7,41,43,6,3,3,1,"(6, 3, 3, 1)"
7,41,47,2,0,3,0,"(2, 0, 3, 0)"
7,41,53,3,4,3,6,"(3, 4, 3, 6)"
7,41,59,4,0,3,0,"(4, 0, 3, 0)"
7,41,61,2,0,3,0,"(2, 0, 3, 0)"
7,41,67,3,4,3,6,"(3, 4, 3, 6)"
7,41,71,6,3,3,1,"(6, 3, 3, 1)"
7,41,73,4,0,3,0,"(4, 0, 3, 0)"
7,41,79,5,2,3,3,"(5, 2, 3, 3)"
7,41,83,1,2,3,3,"(1, 2, 3, 3)"
7,41,89,2,0,3,0,"(2, 0, 3, 0)"
7,41,97,1,2,3,3,"(1, 2, 3, 3)"
7,43,47,5,0,1,0,"(5, 0, 1, 0)"
7,43,53,4,6,1,6,"(4, 6, 1, 6)"
7,43,59,3,0,1,0,"(3, 0, 1, 0)"
7,43,61,5,0,1,0,"(5, 0, 1, 0)"
7,43,67,4,6,1,6,"(4, 6, 1, 6)"
7,43,71,1,1,1,1,"(1, 1, 1, 1)"
7,43,73,3,0,1,0,"(3, 0, 1, 0)"
7,43,79,2,3,1,3,"(2, 3, 1, 3)"
7,43,83,6,3,1,3,"(6, 3, 1, 3)"
7,43,89,5,0,1,0,"(5, 0, 1, 0)"
7,43,97,6,3,1,3,"(6, 3, 1, 3)"
7,47,53,6,0,0,6,"(6, 0, 0, 6)"
7,47,59,1,0,0,0,"(1, 0, 0, 0)"
7,47,61,4,0,0,0,"(4, 0, 0, 0)"
7,47,67,6,0,0,6,"(6, 0, 0, 6)"
7,47,71,5,0,0,1,"(5, 0, 0, 1)"
7,47,73,1,0,0,0,"(1, 0, 0, 0)"
7,47,79,3,0,0,3,"(3, 0, 0, 3)"
7,47,83,2,0,0,3,"(2, 0, 0, 3)"
7,47,89,4,0,0,0,"(4, 0, 0, 0)"
7,47,97,2,0,0,3,"(2, 0, 0, 3)"
7,53,59,5,0,6,0,"(5, 0, 6, 0)"
7,53,61,6,0,6,0,"(6, 0, 6, 0)"
7,53,67,2,1,6,6,"(2, 1, 6, 6)"
7,53,71,4,6,6,1,"(4, 6, 6, 1)"
7,53,73,5,0,6,0,"(5, 0, 6, 0)"
7,53,79,1,4,6,3,"(1, 4, 6, 3)"
7,53,83,3,4,6,3,"(3, 4, 6, 3)"
7,53,89,6,0,6,0,"(6, 0, 6, 0)"
7,53,97,3,4,6,3,"(3, 4, 6, 3)"
7,59,61,1,0,0,0,"(1, 0, 0, 0)"
7,59,67,5,0,0,6,"(5, 0, 0, 6)"
7,59,71,3,0,0,1,"(3, 0, 0, 1)"
7,59,73,2,0,0,0,"(2, 0, 0, 0)"
7,59,79,6,0,0,3,"(6, 0, 0, 3)"
7,59,83,4,0,0,3,"(4, 0, 0, 3)"
7,59,89,1,0,0,0,"(1, 0, 0, 0)"
7,59,97,4,0,0,3,"(4, 0, 0, 3)"
7,61,67,6,0,0,6,"(6, 0, 0, 6)"
7,61,71,5,0,0,1,"(5, 0, 0, 1)"
7,61,73,1,0,0,0,"(1, 0, 0, 0)"
7,61,79,3,0,0,3,"(3, 0, 0, 3)"
7,61,83,2,0,0,3,"(2, 0, 0, 3)"
7,61,89,4,0,0,0,"(4, 0, 0, 0)"
7,61,97,2,0,0,3,"(2, 0, 0, 3)"
7,67,71,4,6,6,1,"(4, 6, 6, 1)"
7,67,73,5,0,6,0,"(5, 0, 6, 0)"
7,67,79,1,4,6,3,"(1, 4, 6, 3)"
7,67,83,3,4,6,3,"(3, 4, 6, 3)"
7,67,89,6,0,6,0,"(6, 0, 6, 0)"
7,67,97,3,4,6,3,"(3, 4, 6, 3)"
7,71,73,3,0,1,0,"(3, 0, 1, 0)"
7,71,79,2,3,1,3,"(2, 3, 1, 3)"
7,71,83,6,3,1,3,"(6, 3, 1, 3)"
7,71,89,5,0,1,0,"(5, 0, 1, 0)"
7,71,97,6,3,1,3,"(6, 3, 1, 3)"
7,73,79,6,0,0,3,"(6, 0, 0, 3)"
7,73,83,4,0,0,3,"(4, 0, 0, 3)"
7,73,89,1,0,0,0,"(1, 0, 0, 0)"
7,73,97,4,0,0,3,"(4, 0, 0, 3)"
7,79,83,5,2,3,3,"(5, 2, 3, 3)"
7,79,89,3,0,3,0,"(3, 0, 3, 0)"
7,79,97,5,2,3,3,"(5, 2, 3, 3)"
7,83,89,2,0,3,0,"(2, 0, 3, 0)"
7,83,97,1,2,3,3,"(1, 2, 3, 3)"
7,89,97,2,0,0,3,"(2, 0, 0, 3)"
11,2,3,6,10,3,7,"(6, 10, 3, 7)"
11,2,5,10,8,3,10,"(10, 8, 3, 10)"
11,2,7,3,8,3,10,"(3, 8, 3, 10)"
11,2,11,0,3,3,1,"(0, 3, 3, 1)"
11,2,13,4,9,3,3,"(4, 9, 3, 3)"
11,2,17,1,5,3,9,"(1, 5, 3, 9)"
11,2,19,5,6,3,2,"(5, 6, 3, 2)"
11,2,23,2,3,3,1,"(2, 3, 3, 1)"
11,2,29,3,8,3,10,"(3, 8, 3, 10)"
11,2,31,7,10,3,7,"(7, 10, 3, 7)"
11,2,37,8,6,3,2,"(8, 6, 3, 2)"
11,2,41,5,6,3,2,"(5, 6, 3, 2)"
11,2,43,9,9,3,3,"(9, 9, 3, 3)"
11,2,47,6,10,3,7,"(6, 10, 3, 7)"
11,2,53,7,10,3,7,"(7, 10, 3, 7)"
11,2,59,8,6,3,2,"(8, 6, 3, 2)"
11,2,61,1,5,3,9,"(1, 5, 3, 9)"
11,2,67,2,3,3,1,"(2, 3, 3, 1)"
11,2,71,10,8,3,10,"(10, 8, 3, 10)"
11,2,73,3,8,3,10,"(3, 8, 3, 10)"
11,2,79,4,9,3,3,"(4, 9, 3, 3)"
11,2,83,1,5,3,9,"(1, 5, 3, 9)"
11,2,89,2,3,3,1,"(2, 3, 3, 1)"
11,2,97,7,10,3,7,"(7, 10, 3, 7)"
11,3,5,4,4,7,10,"(4, 4, 7, 10)"
11,3,7,10,4,7,10,"(10, 4, 7, 10)"
11,3,11,0,7,7,1,"(0, 7, 7, 1)"
11,3,13,6,10,7,3,"(6, 10, 7, 3)"
11,3,17,7,8,7,9,"(7, 8, 7, 9)"
11,3,19,2,3,7,2,"(2, 3, 7, 2)"
11,3,23,3,7,7,1,"(3, 7, 7, 1)"
11,3,29,10,4,7,10,"(10, 4, 7, 10)"
11,3,31,5,5,7,7,"(5, 5, 7, 7)"
11,3,37,1,3,7,2,"(1, 3, 7, 2)"
11,3,41,2,3,7,2,"(2, 3, 7, 2)"
11,3,43,8,10,7,3,"(8, 10, 7, 3)"
11,3,47,9,5,7,7,"(9, 5, 7, 7)"
11,3,53,5,5,7,7,"(5, 5, 7, 7)"
11,3,59,1,3,7,2,"(1, 3, 7, 2)"
11,3,61,7,8,7,9,"(7, 8, 7, 9)"
11,3,67,3,7,7,1,"(3, 7, 7, 1)"
11,3,71,4,4,7,10,"(4, 4, 7, 10)"
11,3,73,10,4,7,10,"(10, 4, 7, 10)"
11,3,79,6,10,7,3,"(6, 10, 7, 3)"
11,3,83,7,8,7,9,"(7, 8, 7, 9)"
11,3,89,3,7,7,1,"(3, 7, 7, 1)"
11,3,97,5,5,7,7,"(5, 5, 7, 7)"
11,5,7,2,1,10,10,"(2, 1, 10, 10)"
11,5,11,0,10,10,1,"(0, 10, 10, 1)"
11,5,13,10,8,10,3,"(10, 8, 10, 3)"
11,5,17,8,2,10,9,"(8, 2, 10, 9)"
11,5,19,7,9,10,2,"(7, 9, 10, 2)"
11,5,23,5,10,10,1,"(5, 10, 10, 1)"
11,5,29,2,1,10,10,"(2, 1, 10, 10)"
11,5,31,1,4,10,7,"(1, 4, 10, 7)"
11,5,37,9,9,10,2,"(9, 9, 10, 2)"
11,5,41,7,9,10,2,"(7, 9, 10, 2)"
11,5,43,6,8,10,3,"(6, 8, 10, 3)"
11,5,47,4,4,10,7,"(4, 4, 10, 7)"
11,5,53,1,4,10,7,"(1, 4, 10, 7)"
11,5,59,9,9,10,2,"(9, 9, 10, 2)"
11,5,61,8,2,10,9,"(8, 2, 10, 9)"
11,5,67,5,10,10,1,"(5, 10, 10, 1)"
11,5,71,3,1,10,10,"(3, 1, 10, 10)"
11,5,73,2,1,10,10,"(2, 1, 10, 10)"
11,5,79,10,8,10,3,"(10, 8, 10, 3)"
11,5,83,8,2,10,9,"(8, 2, 10, 9)"
11,5,89,5,10,10,1,"(5, 10, 10, 1)"
11,5,97,1,4,10,7,"(1, 4, 10, 7)"
11,7,11,0,10,10,1,"(0, 10, 10, 1)"
11,7,13,3,8,10,3,"(3, 8, 10, 3)"
11,7,17,9,2,10,9,"(9, 2, 10, 9)"
11,7,19,1,9,10,2,"(1, 9, 10, 2)"
11,7,23,7,10,10,1,"(7, 10, 10, 1)"
11,7,29,5,1,10,10,"(5, 1, 10, 10)"
11,7,31,8,4,10,7,"(8, 4, 10, 7)"
11,7,37,6,9,10,2,"(6, 9, 10, 2)"
11,7,41,1,9,10,2,"(1, 9, 10, 2)"
11,7,43,4,8,10,3,"(4, 8, 10, 3)"
11,7,47,10,4,10,7,"(10, 4, 10, 7)"
11,7,53,8,4,10,7,"(8, 4, 10, 7)"
11,7,59,6,9,10,2,"(6, 9, 10, 2)"
11,7,61,9,2,10,9,"(9, 2, 10, 9)"
11,7,67,7,10,10,1,"(7, 10, 10, 1)"
11,7,71,2,1,10,10,"(2, 1, 10, 10)"
11,7,73,5,1,10,10,"(5, 1, 10, 10)"
11,7,79,3,8,10,3,"(3, 8, 10, 3)"
11,7,83,9,2,10,9,"(9, 2, 10, 9)"
11,7,89,7,10,10,1,"(7, 10, 10, 1)"
11,7,97,8,4,10,7,"(8, 4, 10, 7)"
11,11,13,0,3,1,3,"(0, 3, 1, 3)"
11,11,17,0,9,1,9,"(0, 9, 1, 9)"
11,11,19,0,2,1,2,"(0, 2, 1, 2)"
11,11,23,0,1,1,1,"(0, 1, 1, 1)"
11,11,29,0,10,1,10,"(0, 10, 1, 10)"
11,11,31,0,7,1,7,"(0, 7, 1, 7)"
11,11,37,0,2,1,2,"(0, 2, 1, 2)"
11,11,41,0,2,1,2,"(0, 2, 1, 2)"
11,11,43,0,3,1,3,"(0, 3, 1, 3)"
11,11,47,0,7,1,7,"(0, 7, 1, 7)"
11,11,53,0,7,1,7,"(0, 7, 1, 7)"
11,11,59,0,2,1,2,"(0, 2, 1, 2)"
11,11,61,0,9,1,9,"(0, 9, 1, 9)"
11,11,67,0,1,1,1,"(0, 1, 1, 1)"
11,11,71,0,10,1,10,"(0, 10, 1, 10)"
11,11,73,0,10,1,10,"(0, 10, 1, 10)"
11,11,79,0,3,1,3,"(0, 3, 1, 3)"
11,11,83,0,9,1,9,"(0, 9, 1, 9)"
11,11,89,0,1,1,1,"(0, 1, 1, 1)"
11,11,97,0,7,1,7,"(0, 7, 1, 7)"
11,13,17,1,5,3,9,"(1, 5, 3, 9)"
11,13,19,5,6,3,2,"(5, 6, 3, 2)"
11,13,23,2,3,3,1,"(2, 3, 3, 1)"
11,13,29,3,8,3,10,"(3, 8, 3, 10)"
11,13,31,7,10,3,7,"(7, 10, 3, 7)"
11,13,37,8,6,3,2,"(8, 6, 3, 2)"
11,13,41,5,6,3,2,"(5, 6, 3, 2)"
11,13,43,9,9,3,3,"(9, 9, 3, 3)"
11,13,47,6,10,3,7,"(6, 10, 3, 7)"
11,13,53,7,10,3,7,"(7, 10, 3, 7)"
11,13,59,8,6,3,2,"(8, 6, 3, 2)"
11,13,61,1,5,3,9,"(1, 5, 3, 9)"
11,13,67,2,3,3,1,"(2, 3, 3, 1)"
11,13,71,10,8,3,10,"(10, 8, 3, 10)"
11,13,73,3,8,3,10,"(3, 8, 3, 10)"
11,13,79,4,9,3,3,"(4, 9, 3, 3)"
11,13,83,1,5,3,9,"(1, 5, 3, 9)"
11,13,89,2,3,3,1,"(2, 3, 3, 1)"
11,13,97,7,10,3,7,"(7, 10, 3, 7)"
11,17,19,4,7,9,2,"(4, 7, 9, 2)"
11,17,23,6,9,9,1,"(6, 9, 9, 1)"
11,17,29,9,2,9,10,"(9, 2, 9, 10)"
11,17,31,10,8,9,7,"(10, 8, 9, 7)"
11,17,37,2,7,9,2,"(2, 7, 9, 2)"
11,17,41,4,7,9,2,"(4, 7, 9, 2)"
11,17,43,5,5,9,3,"(5, 5, 9, 3)"
11,17,47,7,8,9,7,"(7, 8, 9, 7)"
11,17,53,10,8,9,7,"(10, 8, 9, 7)"
11,17,59,2,7,9,2,"(2, 7, 9, 2)"
11,17,61,3,4,9,9,"(3, 4, 9, 9)"
11,17,67,6,9,9,1,"(6, 9, 9, 1)"
11,17,71,8,2,9,10,"(8, 2, 9, 10)"
11,17,73,9,2,9,10,"(9, 2, 9, 10)"
11,17,79,1,5,9,3,"(1, 5, 9, 3)"
11,17,83,3,4,9,9,"(3, 4, 9, 9)"
11,17,89,6,9,9,1,"(6, 9, 9, 1)"
11,17,97,10,8,9,7,"(10, 8, 9, 7)"
11,19,23,8,2,2,1,"(8, 2, 2, 1)"
11,19,29,1,9,2,10,"(1, 9, 2, 10)"
11,19,31,6,3,2,7,"(6, 3, 2, 7)"
11,19,37,10,4,2,2,"(10, 4, 2, 2)"
11,19,41,9,4,2,2,"(9, 4, 2, 2)"
11,19,43,3,6,2,3,"(3, 6, 2, 3)"
11,19,47,2,3,2,7,"(2, 3, 2, 7)"
11,19,53,6,3,2,7,"(6, 3, 2, 7)"
11,19,59,10,4,2,2,"(10, 4, 2, 2)"
11,19,61,4,7,2,9,"(4, 7, 2, 9)"
11,19,67,8,2,2,1,"(8, 2, 2, 1)"
11,19,71,7,9,2,10,"(7, 9, 2, 10)"
11,19,73,1,9,2,10,"(1, 9, 2, 10)"
11,19,79,5,6,2,3,"(5, 6, 2, 3)"
11,19,83,4,7,2,9,"(4, 7, 2, 9)"
11,19,89,8,2,2,1,"(8, 2, 2, 1)"
11,19,97,6,3,2,7,"(6, 3, 2, 7)"
11,23,29,7,10,1,10,"(7, 10, 1, 10)"
11,23,31,9,7,1,7,"(9, 7, 1, 7)"
11,23,37,4,2,1,2,"(4, 2, 1, 2)"
11,23,41,8,2,1,2,"(8, 2, 1, 2)"
11,23,43,10,3,1,3,"(10, 3, 1, 3)"
11,23,47,3,7,1,7,"(3, 7, 1, 7)"
11,23,53,9,7,1,7,"(9, 7, 1, 7)"
11,23,59,4,2,1,2,"(4, 2, 1, 2)"
11,23,61,6,9,1,9,"(6, 9, 1, 9)"
11,23,67,1,1,1,1,"(1, 1, 1, 1)"
11,23,71,5,10,1,10,"(5, 10, 1, 10)"
11,23,73,7,10,1,10,"(7, 10, 1, 10)"
11,23,79,2,3,1,3,"(2, 3, 1, 3)"
11,23,83,6,9,1,9,"(6, 9, 1, 9)"
11,23,89,1,1,1,1,"(1, 1, 1, 1)"
11,23,97,9,7,1,7,"(9, 7, 1, 7)"
11,29,31,8,4,10,7,"(8, 4, 10, 7)"
11,29,37,6,9,10,2,"(6, 9, 10, 2)"
11,29,41,1,9,10,2,"(1, 9, 10, 2)"
11,29,43,4,8,10,3,"(4, 8, 10, 3)"
11,29,47,10,4,10,7,"(10, 4, 10, 7)"
11,29,53,8,4,10,7,"(8, 4, 10, 7)"
11,29,59,6,9,10,2,"(6, 9, 10, 2)"
11,29,61,9,2,10,9,"(9, 2, 10, 9)"
11,29,67,7,10,10,1,"(7, 10, 10, 1)"
11,29,71,2,1,10,10,"(2, 1, 10, 10)"
11,29,73,5,1,10,10,"(5, 1, 10, 10)"
11,29,79,3,8,10,3,"(3, 8, 10, 3)"
11,29,83,9,2,10,9,"(9, 2, 10, 9)"
11,29,89,7,10,10,1,"(7, 10, 10, 1)"
11,29,97,8,4,10,7,"(8, 4, 10, 7)"
11,31,37,3,3,7,2,"(3, 3, 7, 2)"
11,31,41,6,3,7,2,"(6, 3, 7, 2)"
11,31,43,2,10,7,3,"(2, 10, 7, 3)"
11,31,47,5,5,7,7,"(5, 5, 7, 7)"
11,31,53,4,5,7,7,"(4, 5, 7, 7)"
11,31,59,3,3,7,2,"(3, 3, 7, 2)"
11,31,61,10,8,7,9,"(10, 8, 7, 9)"
11,31,67,9,7,7,1,"(9, 7, 7, 1)"
11,31,71,1,4,7,10,"(1, 4, 7, 10)"
11,31,73,8,4,7,10,"(8, 4, 7, 10)"
11,31,79,7,10,7,3,"(7, 10, 7, 3)"
11,31,83,10,8,7,9,"(10, 8, 7, 9)"
11,31,89,9,7,7,1,"(9, 7, 7, 1)"
11,31,97,4,5,7,7,"(4, 5, 7, 7)"
11,37,41,10,4,2,2,"(10, 4, 2, 2)"
11,37,43,7,6,2,3,"(7, 6, 2, 3)"
11,37,47,1,3,2,7,"(1, 3, 2, 7)"
11,37,53,3,3,2,7,"(3, 3, 2, 7)"
11,37,59,5,4,2,2,"(5, 4, 2, 2)"
11,37,61,2,7,2,9,"(2, 7, 2, 9)"
11,37,67,4,2,2,1,"(4, 2, 2, 1)"
11,37,71,9,9,2,10,"(9, 9, 2, 10)"
11,37,73,6,9,2,10,"(6, 9, 2, 10)"
11,37,79,8,6,2,3,"(8, 6, 2, 3)"
11,37,83,2,7,2,9,"(2, 7, 2, 9)"
11,37,89,4,2,2,1,"(4, 2, 2, 1)"
11,37,97,3,3,2,7,"(3, 3, 2, 7)"
11,41,43,3,6,2,3,"(3, 6, 2, 3)"
11,41,47,2,3,2,7,"(2, 3, 2, 7)"
11,41,53,6,3,2,7,"(6, 3, 2, 7)"
11,41,59,10,4,2,2,"(10, 4, 2, 2)"
11,41,61,4,7,2,9,"(4, 7, 2, 9)"
11,41,67,8,2,2,1,"(8, 2, 2, 1)"
11,41,71,7,9,2,10,"(7, 9, 2, 10)"
11,41,73,1,9,2,10,"(1, 9, 2, 10)"
11,41,79,5,6,2,3,"(5, 6, 2, 3)"
11,41,83,4,7,2,9,"(4, 7, 2, 9)"
11,41,89,8,2,2,1,"(8, 2, 2, 1)"
11,41,97,6,3,2,7,"(6, 3, 2, 7)"
11,43,47,8,10,3,7,"(8, 10, 3, 7)"
11,43,53,2,10,3,7,"(2, 10, 3, 7)"
11,43,59,7,6,3,2,"(7, 6, 3, 2)"
11,43,61,5,5,3,9,"(5, 5, 3, 9)"
11,43,67,10,3,3,1,"(10, 3, 3, 1)"
11,43,71,6,8,3,10,"(6, 8, 3, 10)"
11,43,73,4,8,3,10,"(4, 8, 3, 10)"
11,43,79,9,9,3,3,"(9, 9, 3, 3)"
11,43,83,5,5,3,9,"(5, 5, 3, 9)"
11,43,89,10,3,3,1,"(10, 3, 3, 1)"
11,43,97,2,10,3,7,"(2, 10, 3, 7)"
11,47,53,5,5,7,7,"(5, 5, 7, 7)"
11,47,59,1,3,7,2,"(1, 3, 7, 2)"
11,47,61,7,8,7,9,"(7, 8, 7, 9)"
11,47,67,3,7,7,1,"(3, 7, 7, 1)"
11,47,71,4,4,7,10,"(4, 4, 7, 10)"
11,47,73,10,4,7,10,"(10, 4, 7, 10)"
11,47,79,6,10,7,3,"(6, 10, 7, 3)"
11,47,83,7,8,7,9,"(7, 8, 7, 9)"
11,47,89,3,7,7,1,"(3, 7, 7, 1)"
11,47,97,5,5,7,7,"(5, 5, 7, 7)"
11,53,59,3,3,7,2,"(3, 3, 7, 2)"
11,53,61,10,8,7,9,"(10, 8, 7, 9)"
11,53,67,9,7,7,1,"(9, 7, 7, 1)"
11,53,71,1,4,7,10,"(1, 4, 7, 10)"
11,53,73,8,4,7,10,"(8, 4, 7, 10)"
11,53,79,7,10,7,3,"(7, 10, 7, 3)"
11,53,83,10,8,7,9,"(10, 8, 7, 9)"
11,53,89,9,7,7,1,"(9, 7, 7, 1)"
11,53,97,4,5,7,7,"(4, 5, 7, 7)"
11,59,61,2,7,2,9,"(2, 7, 2, 9)"
11,59,67,4,2,2,1,"(4, 2, 2, 1)"
11,59,71,9,9,2,10,"(9, 9, 2, 10)"
11,59,73,6,9,2,10,"(6, 9, 2, 10)"
11,59,79,8,6,2,3,"(8, 6, 2, 3)"
11,59,83,2,7,2,9,"(2, 7, 2, 9)"
11,59,89,4,2,2,1,"(4, 2, 2, 1)"
11,59,97,3,3,2,7,"(3, 3, 2, 7)"
11,61,67,6,9,9,1,"(6, 9, 9, 1)"
11,61,71,8,2,9,10,"(8, 2, 9, 10)"
11,61,73,9,2,9,10,"(9, 2, 9, 10)"
11,61,79,1,5,9,3,"(1, 5, 9, 3)"
11,61,83,3,4,9,9,"(3, 4, 9, 9)"
11,61,89,6,9,9,1,"(6, 9, 9, 1)"
11,61,97,10,8,9,7,"(10, 8, 9, 7)"
11,67,71,5,10,1,10,"(5, 10, 1, 10)"
11,67,73,7,10,1,10,"(7, 10, 1, 10)"
11,67,79,2,3,1,3,"(2, 3, 1, 3)"
11,67,83,6,9,1,9,"(6, 9, 1, 9)"
11,67,89,1,1,1,1,"(1, 1, 1, 1)"
11,67,97,9,7,1,7,"(9, 7, 1, 7)"
11,71,73,2,1,10,10,"(2, 1, 10, 10)"
11,71,79,10,8,10,3,"(10, 8, 10, 3)"
11,71,83,8,2,10,9,"(8, 2, 10, 9)"
11,71,89,5,10,10,1,"(5, 10, 10, 1)"
11,71,97,1,4,10,7,"(1, 4, 10, 7)"
11,73,79,3,8,10,3,"(3, 8, 10, 3)"
11,73,83,9,2,10,9,"(9, 2, 10, 9)"
11,73,89,7,10,10,1,"(7, 10, 10, 1)"
11,73,97,8,4,10,7,"(8, 4, 10, 7)"
11,79,83,1,5,3,9,"(1, 5, 3, 9)"
11,79,89,2,3,3,1,"(2, 3, 3, 1)"
11,79,97,7,10,3,7,"(7, 10, 3, 7)"
11,83,89,6,9,9,1,"(6, 9, 9, 1)"
11,83,97,10,8,9,7,"(10, 8, 9, 7)"
11,89,97,9,7,1,7,"(9, 7, 1, 7)"
13,2,3,6,8,3,7,"(6, 8, 3, 7)"
13,2,5,10,11,3,8,"(10, 11, 3, 8)"
13,2,7,1,12,3,4,"(1, 12, 3, 4)"
13,2,11,9,8,3,7,"(9, 8, 3, 7)"
13,2,13,0,3,3,1,"(0, 3, 3, 1)"
13,2,17,8,0,3,0,"(8, 0, 3, 0)"
13,2,19,12,2,3,5,"(12, 2, 3, 5)"
13,2,23,7,0,3,0,"(7, 0, 3, 0)"
13,2,29,6,8,3,7,"(6, 8, 3, 7)"
13,2,31,10,11,3,8,"(10, 11, 3, 8)"
13,2,37,9,8,3,7,"(9, 8, 3, 7)"
13,2,41,4,9,3,3,"(4, 9, 3, 3)"
13,2,43,8,0,3,0,"(8, 0, 3, 0)"
13,2,47,3,2,3,5,"(3, 2, 3, 5)"
13,2,53,2,3,3,1,"(2, 3, 3, 1)"
13,2,59,1,12,3,4,"(1, 12, 3, 4)"
13,2,61,5,11,3,8,"(5, 11, 3, 8)"
13,2,67,4,9,3,3,"(4, 9, 3, 3)"
13,2,71,12,2,3,5,"(12, 2, 3, 5)"
13,2,73,3,2,3,5,"(3, 2, 3, 5)"
13,2,79,2,3,3,1,"(2, 3, 3, 1)"
13,2,83,10,11,3,8,"(10, 11, 3, 8)"
13,2,89,9,8,3,7,"(9, 8, 3, 7)"
13,2,97,12,2,3,5,"(12, 2, 3, 5)"
13,3,5,2,4,7,8,"(2, 4, 7, 8)"
13,3,7,8,2,7,4,"(8, 2, 7, 4)"
13,3,11,7,10,7,7,"(7, 10, 7, 7)"
13,3,13,0,7,7,1,"(0, 7, 7, 1)"
13,3,17,12,0,7,0,"(12, 0, 7, 0)"
13,3,19,5,9,7,5,"(5, 9, 7, 5)"
13,3,23,4,0,7,0,"(4, 0, 7, 0)"
13,3,29,9,10,7,7,"(9, 10, 7, 7)"
13,3,31,2,4,7,8,"(2, 4, 7, 8)"
13,3,37,7,10,7,7,"(7, 10, 7, 7)"
13,3,41,6,8,7,3,"(6, 8, 7, 3)"
13,3,43,12,0,7,0,"(12, 0, 7, 0)"
13,3,47,11,9,7,5,"(11, 9, 7, 5)"
13,3,53,3,7,7,1,"(3, 7, 7, 1)"
13,3,59,8,2,7,4,"(8, 2, 7, 4)"
13,3,61,1,4,7,8,"(1, 4, 7, 8)"
13,3,67,6,8,7,3,"(6, 8, 7, 3)"
13,3,71,5,9,7,5,"(5, 9, 7, 5)"
13,3,73,11,9,7,5,"(11, 9, 7, 5)"
13,3,79,3,7,7,1,"(3, 7, 7, 1)"
13,3,83,2,4,7,8,"(2, 4, 7, 8)"
13,3,89,7,10,7,7,"(7, 10, 7, 7)"
13,3,97,5,9,7,5,"(5, 9, 7, 5)"
13,5,7,9,6,8,4,"(9, 6, 8, 4)"
13,5,11,3,4,8,7,"(3, 4, 8, 7)"
13,5,13,0,8,8,1,"(0, 8, 8, 1)"
13,5,17,7,0,8,0,"(7, 0, 8, 0)"
13,5,19,4,1,8,5,"(4, 1, 8, 5)"
13,5,23,11,0,8,0,"(11, 0, 8, 0)"
13,5,29,2,4,8,7,"(2, 4, 8, 7)"
13,5,31,12,12,8,8,"(12, 12, 8, 8)"
13,5,37,3,4,8,7,"(3, 4, 8, 7)"
13,5,41,10,11,8,3,"(10, 11, 8, 3)"
13,5,43,7,0,8,0,"(7, 0, 8, 0)"
13,5,47,1,1,8,5,"(1, 1, 8, 5)"
13,5,53,5,8,8,1,"(5, 8, 8, 1)"
13,5,59,9,6,8,4,"(9, 6, 8, 4)"
13,5,61,6,12,8,8,"(6, 12, 8, 8)"
13,5,67,10,11,8,3,"(10, 11, 8, 3)"
13,5,71,4,1,8,5,"(4, 1, 8, 5)"
13,5,73,1,1,8,5,"(1, 1, 8, 5)"
13,5,79,5,8,8,1,"(5, 8, 8, 1)"
13,5,83,12,12,8,8,"(12, 12, 8, 8)"
13,5,89,3,4,8,7,"(3, 4, 8, 7)"
13,5,97,4,1,8,5,"(4, 1, 8, 5)"
13,7,11,12,2,4,7,"(12, 2, 4, 7)"
13,7,13,0,4,4,1,"(0, 4, 4, 1)"
13,7,17,2,0,4,0,"(2, 0, 4, 0)"
13,7,19,3,7,4,5,"(3, 7, 4, 5)"
13,7,23,5,0,4,0,"(5, 0, 4, 0)"
13,7,29,8,2,4,7,"(8, 2, 4, 7)"
13,7,31,9,6,4,8,"(9, 6, 4, 8)"
13,7,37,12,2,4,7,"(12, 2, 4, 7)"
13,7,41,1,12,4,3,"(1, 12, 4, 3)"
13,7,43,2,0,4,0,"(2, 0, 4, 0)"
13,7,47,4,7,4,5,"(4, 7, 4, 5)"
13,7,53,7,4,4,1,"(7, 4, 4, 1)"
13,7,59,10,3,4,4,"(10, 3, 4, 4)"
13,7,61,11,6,4,8,"(11, 6, 4, 8)"
13,7,67,1,12,4,3,"(1, 12, 4, 3)"
13,7,71,3,7,4,5,"(3, 7, 4, 5)"
13,7,73,4,7,4,5,"(4, 7, 4, 5)"
13,7,79,7,4,4,1,"(7, 4, 4, 1)"
13,7,83,9,6,4,8,"(9, 6, 4, 8)"
13,7,89,12,2,4,7,"(12, 2, 4, 7)"
13,7,97,3,7,4,5,"(3, 7, 4, 5)"
13,11,13,0,7,7,1,"(0, 7, 7, 1)"
13,11,17,5,0,7,0,"(5, 0, 7, 0)"
13,11,19,1,9,7,5,"(1, 9, 7, 5)"
13,11,23,6,0,7,0,"(6, 0, 7, 0)"
13,11,29,7,10,7,7,"(7, 10, 7, 7)"
13,11,31,3,4,7,8,"(3, 4, 7, 8)"
13,11,37,4,10,7,7,"(4, 10, 7, 7)"
13,11,41,9,8,7,3,"(9, 8, 7, 3)"
13,11,43,5,0,7,0,"(5, 0, 7, 0)"
13,11,47,10,9,7,5,"(10, 9, 7, 5)"
13,11,53,11,7,7,1,"(11, 7, 7, 1)"
13,11,59,12,2,7,4,"(12, 2, 7, 4)"
13,11,61,8,4,7,8,"(8, 4, 7, 8)"
13,11,67,9,8,7,3,"(9, 8, 7, 3)"
13,11,71,1,9,7,5,"(1, 9, 7, 5)"
13,11,73,10,9,7,5,"(10, 9, 7, 5)"
13,11,79,11,7,7,1,"(11, 7, 7, 1)"
13,11,83,3,4,7,8,"(3, 4, 7, 8)"
13,11,89,4,10,7,7,"(4, 10, 7, 7)"
13,11,97,1,9,7,5,"(1, 9, 7, 5)"
13,13,17,0,0,1,0,"(0, 0, 1, 0)"
13,13,19,0,5,1,5,"(0, 5, 1, 5)"
13,13,23,0,0,1,0,"(0, 0, 1, 0)"
13,13,29,0,7,1,7,"(0, 7, 1, 7)"
13,13,31,0,8,1,8,"(0, 8, 1, 8)"
13,13,37,0,7,1,7,"(0, 7, 1, 7)"
13,13,41,0,3,1,3,"(0, 3, 1, 3)"
13,13,43,0,0,1,0,"(0, 0, 1, 0)"
13,13,47,0,5,1,5,"(0, 5, 1, 5)"
13,13,53,0,1,1,1,"(0, 1, 1, 1)"
13,13,59,0,4,1,4,"(0, 4, 1, 4)"
13,13,61,0,8,1,8,"(0, 8, 1, 8)"
13,13,67,0,3,1,3,"(0, 3, 1, 3)"
13,13,71,0,5,1,5,"(0, 5, 1, 5)"
13,13,73,0,5,1,5,"(0, 5, 1, 5)"
13,13,79,0,1,1,1,"(0, 1, 1, 1)"
13,13,83,0,8,1,8,"(0, 8, 1, 8)"
13,13,89,0,7,1,7,"(0, 7, 1, 7)"
13,13,97,0,5,1,5,"(0, 5, 1, 5)"
13,17,19,11,0,0,5,"(11, 0, 0, 5)"
13,17,23,1,0,0,0,"(1, 0, 0, 0)"
13,17,29,12,0,0,7,"(12, 0, 0, 7)"
13,17,31,7,0,0,8,"(7, 0, 0, 8)"
13,17,37,5,0,0,7,"(5, 0, 0, 7)"
13,17,41,8,0,0,3,"(8, 0, 0, 3)"
13,17,43,3,0,0,0,"(3, 0, 0, 0)"
13,17,47,6,0,0,5,"(6, 0, 0, 5)"
13,17,53,4,0,0,1,"(4, 0, 0, 1)"
13,17,59,2,0,0,4,"(2, 0, 0, 4)"
13,17,61,10,0,0,8,"(10, 0, 0, 8)"
13,17,67,8,0,0,3,"(8, 0, 0, 3)"
13,17,71,11,0,0,5,"(11, 0, 0, 5)"
13,17,73,6,0,0,5,"(6, 0, 0, 5)"
13,17,79,4,0,0,1,"(4, 0, 0, 1)"
13,17,83,7,0,0,8,"(7, 0, 0, 8)"
13,17,89,5,0,0,7,"(5, 0, 0, 7)"
13,17,97,11,0,0,5,"(11, 0, 0, 5)"
13,19,23,8,0,5,0,"(8, 0, 5, 0)"
13,19,29,5,9,5,7,"(5, 9, 5, 7)"
13,19,31,4,1,5,8,"(4, 1, 5, 8)"
13,19,37,1,9,5,7,"(1, 9, 5, 7)"
13,19,41,12,2,5,3,"(12, 2, 5, 3)"
13,19,43,11,0,5,0,"(11, 0, 5, 0)"
13,19,47,9,12,5,5,"(9, 12, 5, 5)"
13,19,53,6,5,5,1,"(6, 5, 5, 1)"
13,19,59,3,7,5,4,"(3, 7, 5, 4)"
13,19,61,2,1,5,8,"(2, 1, 5, 8)"
13,19,67,12,2,5,3,"(12, 2, 5, 3)"
13,19,71,10,12,5,5,"(10, 12, 5, 5)"
13,19,73,9,12,5,5,"(9, 12, 5, 5)"
13,19,79,6,5,5,1,"(6, 5, 5, 1)"
13,19,83,4,1,5,8,"(4, 1, 5, 8)"
13,19,89,1,9,5,7,"(1, 9, 5, 7)"
13,19,97,10,12,5,5,"(10, 12, 5, 5)"
13,23,29,4,0,0,7,"(4, 0, 0, 7)"
13,23,31,11,0,0,8,"(11, 0, 0, 8)"
13,23,37,6,0,0,7,"(6, 0, 0, 7)"
13,23,41,7,0,0,3,"(7, 0, 0, 3)"
13,23,43,1,0,0,0,"(1, 0, 0, 0)"
13,23,47,2,0,0,5,"(2, 0, 0, 5)"
13,23,53,10,0,0,1,"(10, 0, 0, 1)"
13,23,59,5,0,0,4,"(5, 0, 0, 4)"
13,23,61,12,0,0,8,"(12, 0, 0, 8)"
13,23,67,7,0,0,3,"(7, 0, 0, 3)"
13,23,71,8,0,0,5,"(8, 0, 0, 5)"
13,23,73,2,0,0,5,"(2, 0, 0, 5)"
13,23,79,10,0,0,1,"(10, 0, 0, 1)"
13,23,83,11,0,0,8,"(11, 0, 0, 8)"
13,23,89,6,0,0,7,"(6, 0, 0, 7)"
13,23,97,8,0,0,5,"(8, 0, 0, 5)"
13,29,31,2,4,7,8,"(2, 4, 7, 8)"
13,29,37,7,10,7,7,"(7, 10, 7, 7)"
13,29,41,6,8,7,3,"(6, 8, 7, 3)"
13,29,43,12,0,7,0,"(12, 0, 7, 0)"
13,29,47,11,9,7,5,"(11, 9, 7, 5)"
13,29,53,3,7,7,1,"(3, 7, 7, 1)"
13,29,59,8,2,7,4,"(8, 2, 7, 4)"
13,29,61,1,4,7,8,"(1, 4, 7, 8)"
13,29,67,6,8,7,3,"(6, 8, 7, 3)"
13,29,71,5,9,7,5,"(5, 9, 7, 5)"
13,29,73,11,9,7,5,"(11, 9, 7, 5)"
13,29,79,3,7,7,1,"(3, 7, 7, 1)"
13,29,83,2,4,7,8,"(2, 4, 7, 8)"
13,29,89,7,10,7,7,"(7, 10, 7, 7)"
13,29,97,5,9,7,5,"(5, 9, 7, 5)"
13,31,37,3,4,8,7,"(3, 4, 8, 7)"
13,31,41,10,11,8,3,"(10, 11, 8, 3)"
13,31,43,7,0,8,0,"(7, 0, 8, 0)"
13,31,47,1,1,8,5,"(1, 1, 8, 5)"
13,31,53,5,8,8,1,"(5, 8, 8, 1)"
13,31,59,9,6,8,4,"(9, 6, 8, 4)"
13,31,61,6,12,8,8,"(6, 12, 8, 8)"
13,31,67,10,11,8,3,"(10, 11, 8, 3)"
13,31,71,4,1,8,5,"(4, 1, 8, 5)"
13,31,73,1,1,8,5,"(1, 1, 8, 5)"
13,31,79,5,8,8,1,"(5, 8, 8, 1)"
13,31,83,12,12,8,8,"(12, 12, 8, 8)"
13,31,89,3,4,8,7,"(3, 4, 8, 7)"
13,31,97,4,1,8,5,"(4, 1, 8, 5)"
13,37,41,9,8,7,3,"(9, 8, 7, 3)"
13,37,43,5,0,7,0,"(5, 0, 7, 0)"
13,37,47,10,9,7,5,"(10, 9, 7, 5)"
13,37,53,11,7,7,1,"(11, 7, 7, 1)"
13,37,59,12,2,7,4,"(12, 2, 7, 4)"
13,37,61,8,4,7,8,"(8, 4, 7, 8)"
13,37,67,9,8,7,3,"(9, 8, 7, 3)"
13,37,71,1,9,7,5,"(1, 9, 7, 5)"
13,37,73,10,9,7,5,"(10, 9, 7, 5)"
13,37,79,11,7,7,1,"(11, 7, 7, 1)"
13,37,83,3,4,7,8,"(3, 4, 7, 8)"
13,37,89,4,10,7,7,"(4, 10, 7, 7)"
13,37,97,1,9,7,5,"(1, 9, 7, 5)"
13,41,43,8,0,3,0,"(8, 0, 3, 0)"
13,41,47,3,2,3,5,"(3, 2, 3, 5)"
13,41,53,2,3,3,1,"(2, 3, 3, 1)"
13,41,59,1,12,3,4,"(1, 12, 3, 4)"
13,41,61,5,11,3,8,"(5, 11, 3, 8)"
13,41,67,4,9,3,3,"(4, 9, 3, 3)"
13,41,71,12,2,3,5,"(12, 2, 3, 5)"
13,41,73,3,2,3,5,"(3, 2, 3, 5)"
13,41,79,2,3,3,1,"(2, 3, 3, 1)"
13,41,83,10,11,3,8,"(10, 11, 3, 8)"
13,41,89,9,8,3,7,"(9, 8, 3, 7)"
13,41,97,12,2,3,5,"(12, 2, 3, 5)"
13,43,47,6,0,0,5,"(6, 0, 0, 5)"
13,43,53,4,0,0,1,"(4, 0, 0, 1)"
13,43,59,2,0,0,4,"(2, 0, 0, 4)"
13,43,61,10,0,0,8,"(10, 0, 0, 8)"
13,43,67,8,0,0,3,"(8, 0, 0, 3)"
13,43,71,11,0,0,5,"(11, 0, 0, 5)"
13,43,73,6,0,0,5,"(6, 0, 0, 5)"
13,43,79,4,0,0,1,"(4, 0, 0, 1)"
13,43,83,7,0,0,8,"(7, 0, 0, 8)"
13,43,89,5,0,0,7,"(5, 0, 0, 7)"
13,43,97,11,0,0,5,"(11, 0, 0, 5)"
13,47,53,8,5,5,1,"(8, 5, 5, 1)"
13,47,59,4,7,5,4,"(4, 7, 5, 4)"
13,47,61,7,1,5,8,"(7, 1, 5, 8)"
13,47,67,3,2,5,3,"(3, 2, 5, 3)"
13,47,71,9,12,5,5,"(9, 12, 5, 5)"
13,47,73,12,12,5,5,"(12, 12, 5, 5)"
13,47,79,8,5,5,1,"(8, 5, 5, 1)"
13,47,83,1,1,5,8,"(1, 1, 5, 8)"
13,47,89,10,9,5,7,"(10, 9, 5, 7)"
13,47,97,9,12,5,5,"(9, 12, 5, 5)"
13,53,59,7,4,1,4,"(7, 4, 1, 4)"
13,53,61,9,8,1,8,"(9, 8, 1, 8)"
13,53,67,2,3,1,3,"(2, 3, 1, 3)"
13,53,71,6,5,1,5,"(6, 5, 1, 5)"
13,53,73,8,5,1,5,"(8, 5, 1, 5)"
13,53,79,1,1,1,1,"(1, 1, 1, 1)"
13,53,83,5,8,1,8,"(5, 8, 1, 8)"
13,53,89,11,7,1,7,"(11, 7, 1, 7)"
13,53,97,6,5,1,5,"(6, 5, 1, 5)"
13,59,61,11,6,4,8,"(11, 6, 4, 8)"
13,59,67,1,12,4,3,"(1, 12, 4, 3)"
13,59,71,3,7,4,5,"(3, 7, 4, 5)"
13,59,73,4,7,4,5,"(4, 7, 4, 5)"
13,59,79,7,4,4,1,"(7, 4, 4, 1)"
13,59,83,9,6,4,8,"(9, 6, 4, 8)"
13,59,89,12,2,4,7,"(12, 2, 4, 7)"
13,59,97,3,7,4,5,"(3, 7, 4, 5)"
13,61,67,5,11,8,3,"(5, 11, 8, 3)"
13,61,71,2,1,8,5,"(2, 1, 8, 5)"
13,61,73,7,1,8,5,"(7, 1, 8, 5)"
13,61,79,9,8,8,1,"(9, 8, 8, 1)"
13,61,83,6,12,8,8,"(6, 12, 8, 8)"
13,61,89,8,4,8,7,"(8, 4, 8, 7)"
13,61,97,2,1,8,5,"(2, 1, 8, 5)"
13,67,71,12,2,3,5,"(12, 2, 3, 5)"
13,67,73,3,2,3,5,"(3, 2, 3, 5)"
13,67,79,2,3,3,1,"(2, 3, 3, 1)"
13,67,83,10,11,3,8,"(10, 11, 3, 8)"
13,67,89,9,8,3,7,"(9, 8, 3, 7)"
13,67,97,12,2,3,5,"(12, 2, 3, 5)"
13,71,73,9,12,5,5,"(9, 12, 5, 5)"
13,71,79,6,5,5,1,"(6, 5, 5, 1)"
13,71,83,4,1,5,8,"(4, 1, 5, 8)"
13,71,89,1,9,5,7,"(1, 9, 5, 7)"
13,71,97,10,12,5,5,"(10, 12, 5, 5)"
13,73,79,8,5,5,1,"(8, 5, 5, 1)"
13,73,83,1,1,5,8,"(1, 1, 5, 8)"
13,73,89,10,9,5,7,"(10, 9, 5, 7)"
13,73,97,9,12,5,5,"(9, 12, 5, 5)"
13,79,83,5,8,1,8,"(5, 8, 1, 8)"
13,79,89,11,7,1,7,"(11, 7, 1, 7)"
13,79,97,6,5,1,5,"(6, 5, 1, 5)"
13,83,89,3,4,8,7,"(3, 4, 8, 7)"
13,83,97,4,1,8,5,"(4, 1, 8, 5)"
13,89,97,1,9,7,5,"(1, 9, 7, 5)"
17,2,3,6,4,3,7,"(6, 4, 3, 7)"
17,2,5,10,12,3,4,"(10, 12, 3, 4)"
17,2,7,14,10,3,9,"(14, 10, 3, 9)"
17,2,11,5,10,3,9,"(5, 10, 3, 9)"
17,2,13,9,12,3,4,"(9, 12, 3, 4)"
17,2,17,0,3,3,1,"(0, 3, 3, 1)"
17,2,19,4,9,3,3,"(4, 9, 3, 3)"
17,2,23,12,8,3,14,"(12, 8, 3, 14)"
17,2,29,7,8,3,14,"(7, 8, 3, 14)"
17,2,31,11,5,3,13,"(11, 5, 3, 13)"
17,2,37,6,4,3,7,"(6, 4, 3, 7)"
17,2,41,14,10,3,9,"(14, 10, 3, 9)"
17,2,43,1,15,3,5,"(1, 15, 3, 5)"
17,2,47,9,12,3,4,"(9, 12, 3, 4)"
17,2,53,4,9,3,3,"(4, 9, 3, 3)"
17,2,59,16,1,3,6,"(16, 1, 3, 6)"
17,2,61,3,1,3,6,"(3, 1, 3, 6)"
17,2,67,15,9,3,3,"(15, 9, 3, 3)"
17,2,71,6,4,3,7,"(6, 4, 3, 7)"
17,2,73,10,12,3,4,"(10, 12, 3, 4)"
17,2,79,5,10,3,9,"(5, 10, 3, 9)"
17,2,83,13,4,3,7,"(13, 4, 3, 7)"
17,2,89,8,5,3,13,"(8, 5, 3, 13)"
17,2,97,7,8,3,14,"(7, 8, 3, 14)"
17,3,5,15,11,7,4,"(15, 11, 7, 4)"
17,3,7,4,12,7,9,"(4, 12, 7, 9)"
17,3,11,16,12,7,9,"(16, 12, 7, 9)"
17,3,13,5,11,7,4,"(5, 11, 7, 4)"
17,3,17,0,7,7,1,"(0, 7, 7, 1)"
17,3,19,6,4,7,3,"(6, 4, 7, 3)"
17,3,23,1,13,7,14,"(1, 13, 7, 14)"
17,3,29,2,13,7,14,"(2, 13, 7, 14)"
17,3,31,8,6,7,13,"(8, 6, 7, 13)"
17,3,37,9,15,7,7,"(9, 15, 7, 7)"
17,3,41,4,12,7,9,"(4, 12, 7, 9)"
17,3,43,10,1,7,5,"(10, 1, 7, 5)"
17,3,47,5,11,7,4,"(5, 11, 7, 4)"
17,3,53,6,4,7,3,"(6, 4, 7, 3)"
17,3,59,7,8,7,6,"(7, 8, 7, 6)"
17,3,61,13,8,7,6,"(13, 8, 7, 6)"
17,3,67,14,4,7,3,"(14, 4, 7, 3)"
17,3,71,9,15,7,7,"(9, 15, 7, 7)"
17,3,73,15,11,7,4,"(15, 11, 7, 4)"
17,3,79,16,12,7,9,"(16, 12, 7, 9)"
17,3,83,11,15,7,7,"(11, 15, 7, 7)"
17,3,89,12,6,7,13,"(12, 6, 7, 13)"
17,3,97,2,13,7,14,"(2, 13, 7, 14)"
17,5,7,1,2,4,9,"(1, 2, 4, 9)"
17,5,11,4,2,4,9,"(4, 2, 4, 9)"
17,5,13,14,16,4,4,"(14, 16, 4, 4)"
17,5,17,0,4,4,1,"(0, 4, 4, 1)"
17,5,19,10,12,4,3,"(10, 12, 4, 3)"
17,5,23,13,5,4,14,"(13, 5, 4, 14)"
17,5,29,9,5,4,14,"(9, 5, 4, 14)"
17,5,31,2,1,4,13,"(2, 1, 4, 13)"
17,5,37,15,11,4,7,"(15, 11, 4, 7)"
17,5,41,1,2,4,9,"(1, 2, 4, 9)"
17,5,43,11,3,4,5,"(11, 3, 4, 5)"
17,5,47,14,16,4,4,"(14, 16, 4, 4)"
17,5,53,10,12,4,3,"(10, 12, 4, 3)"
17,5,59,6,7,4,6,"(6, 7, 4, 6)"
17,5,61,16,7,4,6,"(16, 7, 4, 6)"
17,5,67,12,12,4,3,"(12, 12, 4, 3)"
17,5,71,15,11,4,7,"(15, 11, 4, 7)"
17,5,73,8,16,4,4,"(8, 16, 4, 4)"
17,5,79,4,2,4,9,"(4, 2, 4, 9)"
17,5,83,7,11,4,7,"(7, 11, 4, 7)"
17,5,89,3,1,4,13,"(3, 1, 4, 13)"
17,5,97,9,5,4,14,"(9, 5, 4, 14)"
17,7,11,9,13,9,9,"(9, 13, 9, 9)"
17,7,13,6,2,9,4,"(6, 2, 9, 4)"
17,7,17,0,9,9,1,"(0, 9, 9, 1)"
17,7,19,14,10,9,3,"(14, 10, 9, 3)"
17,7,23,8,7,9,14,"(8, 7, 9, 14)"
17,7,29,16,7,9,14,"(16, 7, 9, 14)"
17,7,31,13,15,9,13,"(13, 15, 9, 13)"
17,7,37,4,12,9,7,"(4, 12, 9, 7)"
17,7,41,15,13,9,9,"(15, 13, 9, 9)"
17,7,43,12,11,9,5,"(12, 11, 9, 5)"
17,7,47,6,2,9,4,"(6, 2, 9, 4)"
17,7,53,14,10,9,3,"(14, 10, 9, 3)"
17,7,59,5,3,9,6,"(5, 3, 9, 6)"
17,7,61,2,3,9,6,"(2, 3, 9, 6)"
17,7,67,10,10,9,3,"(10, 10, 9, 3)"
17,7,71,4,12,9,7,"(4, 12, 9, 7)"
17,7,73,1,2,9,4,"(1, 2, 9, 4)"
17,7,79,9,13,9,9,"(9, 13, 9, 9)"
17,7,83,3,12,9,7,"(3, 12, 9, 7)"
17,7,89,11,15,9,13,"(11, 15, 9, 13)"
17,7,97,16,7,9,14,"(16, 7, 9, 14)"
17,11,13,7,2,9,4,"(7, 2, 9, 4)"
17,11,17,0,9,9,1,"(0, 9, 9, 1)"
17,11,19,5,10,9,3,"(5, 10, 9, 3)"
17,11,23,15,7,9,14,"(15, 7, 9, 14)"
17,11,29,13,7,9,14,"(13, 7, 9, 14)"
17,11,31,1,15,9,13,"(1, 15, 9, 13)"
17,11,37,16,12,9,7,"(16, 12, 9, 7)"
17,11,41,9,13,9,9,"(9, 13, 9, 9)"
17,11,43,14,11,9,5,"(14, 11, 9, 5)"
17,11,47,7,2,9,4,"(7, 2, 9, 4)"
17,11,53,5,10,9,3,"(5, 10, 9, 3)"
17,11,59,3,3,9,6,"(3, 3, 9, 6)"
17,11,61,8,3,9,6,"(8, 3, 9, 6)"
17,11,67,6,10,9,3,"(6, 10, 9, 3)"
17,11,71,16,12,9,7,"(16, 12, 9, 7)"
17,11,73,4,2,9,4,"(4, 2, 9, 4)"
17,11,79,2,13,9,9,"(2, 13, 9, 9)"
17,11,83,12,12,9,7,"(12, 12, 9, 7)"
17,11,89,10,15,9,13,"(10, 15, 9, 13)"
17,11,97,13,7,9,14,"(13, 7, 9, 14)"
17,13,17,0,4,4,1,"(0, 4, 4, 1)"
17,13,19,9,12,4,3,"(9, 12, 4, 3)"
17,13,23,10,5,4,14,"(10, 5, 4, 14)"
17,13,29,3,5,4,14,"(3, 5, 4, 14)"
17,13,31,12,1,4,13,"(12, 1, 4, 13)"
17,13,37,5,11,4,7,"(5, 11, 4, 7)"
17,13,41,6,2,4,9,"(6, 2, 4, 9)"
17,13,43,15,3,4,5,"(15, 3, 4, 5)"
17,13,47,16,16,4,4,"(16, 16, 4, 4)"
17,13,53,9,12,4,3,"(9, 12, 4, 3)"
17,13,59,2,7,4,6,"(2, 7, 4, 6)"
17,13,61,11,7,4,6,"(11, 7, 4, 6)"
17,13,67,4,12,4,3,"(4, 12, 4, 3)"
17,13,71,5,11,4,7,"(5, 11, 4, 7)"
17,13,73,14,16,4,4,"(14, 16, 4, 4)"
17,13,79,7,2,4,9,"(7, 2, 4, 9)"
17,13,83,8,11,4,7,"(8, 11, 4, 7)"
17,13,89,1,1,4,13,"(1, 1, 4, 13)"
17,13,97,3,5,4,14,"(3, 5, 4, 14)"
17,17,19,0,3,1,3,"(0, 3, 1, 3)"
17,17,23,0,14,1,14,"(0, 14, 1, 14)"
17,17,29,0,14,1,14,"(0, 14, 1, 14)"
17,17,31,0,13,1,13,"(0, 13, 1, 13)"
17,17,37,0,7,1,7,"(0, 7, 1, 7)"
17,17,41,0,9,1,9,"(0, 9, 1, 9)"
17,17,43,0,5,1,5,"(0, 5, 1, 5)"
17,17,47,0,4,1,4,"(0, 4, 1, 4)"
17,17,53,0,3,1,3,"(0, 3, 1, 3)"
17,17,59,0,6,1,6,"(0, 6, 1, 6)"
17,17,61,0,6,1,6,"(0, 6, 1, 6)"
17,17,67,0,3,1,3,"(0, 3, 1, 3)"
17,17,71,0,7,1,7,"(0, 7, 1, 7)"
17,17,73,0,4,1,4,"(0, 4, 1, 4)"
17,17,79,0,9,1,9,"(0, 9, 1, 9)"
17,17,83,0,7,1,7,"(0, 7, 1, 7)"
17,17,89,0,13,1,13,"(0, 13, 1, 13)"
17,17,97,0,14,1,14,"(0, 14, 1, 14)"
17,19,23,12,8,3,14,"(12, 8, 3, 14)"
17,19,29,7,8,3,14,"(7, 8, 3, 14)"
17,19,31,11,5,3,13,"(11, 5, 3, 13)"
17,19,37,6,4,3,7,"(6, 4, 3, 7)"
17,19,41,14,10,3,9,"(14, 10, 3, 9)"
17,19,43,1,15,3,5,"(1, 15, 3, 5)"
17,19,47,9,12,3,4,"(9, 12, 3, 4)"
17,19,53,4,9,3,3,"(4, 9, 3, 3)"
17,19,59,16,1,3,6,"(16, 1, 3, 6)"
17,19,61,3,1,3,6,"(3, 1, 3, 6)"
17,19,67,15,9,3,3,"(15, 9, 3, 3)"
17,19,71,6,4,3,7,"(6, 4, 3, 7)"
17,19,73,10,12,3,4,"(10, 12, 3, 4)"
17,19,79,5,10,3,9,"(5, 10, 3, 9)"
17,19,83,13,4,3,7,"(13, 4, 3, 7)"
17,19,89,8,5,3,13,"(8, 5, 3, 13)"
17,19,97,7,8,3,14,"(7, 8, 3, 14)"
17,23,29,4,9,14,14,"(4, 9, 14, 14)"
17,23,31,16,12,14,13,"(16, 12, 14, 13)"
17,23,37,1,13,14,7,"(1, 13, 14, 7)"
17,23,41,8,7,14,9,"(8, 7, 14, 9)"
17,23,43,3,2,14,5,"(3, 2, 14, 5)"
17,23,47,10,5,14,4,"(10, 5, 14, 4)"
17,23,53,12,8,14,3,"(12, 8, 14, 3)"
17,23,59,14,16,14,6,"(14, 16, 14, 6)"
17,23,61,9,16,14,6,"(9, 16, 14, 6)"
17,23,67,11,8,14,3,"(11, 8, 14, 3)"
17,23,71,1,13,14,7,"(1, 13, 14, 7)"
17,23,73,13,5,14,4,"(13, 5, 14, 4)"
17,23,79,15,7,14,9,"(15, 7, 14, 9)"
17,23,83,5,13,14,7,"(5, 13, 14, 7)"
17,23,89,7,12,14,13,"(7, 12, 14, 13)"
17,23,97,4,9,14,14,"(4, 9, 14, 14)"
17,29,31,15,12,14,13,"(15, 12, 14, 13)"
17,29,37,2,13,14,7,"(2, 13, 14, 7)"
17,29,41,16,7,14,9,"(16, 7, 14, 9)"
17,29,43,6,2,14,5,"(6, 2, 14, 5)"
17,29,47,3,5,14,4,"(3, 5, 14, 4)"
17,29,53,7,8,14,3,"(7, 8, 14, 3)"
17,29,59,11,16,14,6,"(11, 16, 14, 6)"
17,29,61,1,16,14,6,"(1, 16, 14, 6)"
17,29,67,5,8,14,3,"(5, 8, 14, 3)"
17,29,71,2,13,14,7,"(2, 13, 14, 7)"
17,29,73,9,5,14,4,"(9, 5, 14, 4)"
17,29,79,13,7,14,9,"(13, 7, 14, 9)"
17,29,83,10,13,14,7,"(10, 13, 14, 7)"
17,29,89,14,12,14,13,"(14, 12, 14, 13)"
17,29,97,8,9,14,14,"(8, 9, 14, 14)"
17,31,37,8,6,13,7,"(8, 6, 13, 7)"
17,31,41,13,15,13,9,"(13, 15, 13, 9)"
17,31,43,7,14,13,5,"(7, 14, 13, 5)"
17,31,47,12,1,13,4,"(12, 1, 13, 4)"
17,31,53,11,5,13,3,"(11, 5, 13, 3)"
17,31,59,10,10,13,6,"(10, 10, 13, 6)"
17,31,61,4,10,13,6,"(4, 10, 13, 6)"
17,31,67,3,5,13,3,"(3, 5, 13, 3)"
17,31,71,8,6,13,7,"(8, 6, 13, 7)"
17,31,73,2,1,13,4,"(2, 1, 13, 4)"
17,31,79,1,15,13,9,"(1, 15, 13, 9)"
17,31,83,6,6,13,7,"(6, 6, 13, 7)"
17,31,89,5,16,13,13,"(5, 16, 13, 13)"
17,31,97,15,12,13,14,"(15, 12, 13, 14)"
17,37,41,4,12,7,9,"(4, 12, 7, 9)"
17,37,43,10,1,7,5,"(10, 1, 7, 5)"
17,37,47,5,11,7,4,"(5, 11, 7, 4)"
17,37,53,6,4,7,3,"(6, 4, 7, 3)"
17,37,59,7,8,7,6,"(7, 8, 7, 6)"
17,37,61,13,8,7,6,"(13, 8, 7, 6)"
17,37,67,14,4,7,3,"(14, 4, 7, 3)"
17,37,71,9,15,7,7,"(9, 15, 7, 7)"
17,37,73,15,11,7,4,"(15, 11, 7, 4)"
17,37,79,16,12,7,9,"(16, 12, 7, 9)"
17,37,83,11,15,7,7,"(11, 15, 7, 7)"
17,37,89,12,6,7,13,"(12, 6, 7, 13)"
17,37,97,2,13,7,14,"(2, 13, 7, 14)"
17,41,43,12,11,9,5,"(12, 11, 9, 5)"
17,41,47,6,2,9,4,"(6, 2, 9, 4)"
17,41,53,14,10,9,3,"(14, 10, 9, 3)"
17,41,59,5,3,9,6,"(5, 3, 9, 6)"
17,41,61,2,3,9,6,"(2, 3, 9, 6)"
17,41,67,10,10,9,3,"(10, 10, 9, 3)"
17,41,71,4,12,9,7,"(4, 12, 9, 7)"
17,41,73,1,2,9,4,"(1, 2, 9, 4)"
17,41,79,9,13,9,9,"(9, 13, 9, 9)"
17,41,83,3,12,9,7,"(3, 12, 9, 7)"
17,41,89,11,15,9,13,"(11, 15, 9, 13)"
17,41,97,16,7,9,14,"(16, 7, 9, 14)"
17,43,47,15,3,5,4,"(15, 3, 5, 4)"
17,43,53,1,15,5,3,"(1, 15, 5, 3)"
17,43,59,4,13,5,6,"(4, 13, 5, 6)"
17,43,61,5,13,5,6,"(5, 13, 5, 6)"
17,43,67,8,15,5,3,"(8, 15, 5, 3)"
17,43,71,10,1,5,7,"(10, 1, 5, 7)"
17,43,73,11,3,5,4,"(11, 3, 5, 4)"
17,43,79,14,11,5,9,"(14, 11, 5, 9)"
17,43,83,16,1,5,7,"(16, 1, 5, 7)"
17,43,89,2,14,5,13,"(2, 14, 5, 13)"
17,43,97,6,2,5,14,"(6, 2, 5, 14)"
17,47,53,9,12,4,3,"(9, 12, 4, 3)"
17,47,59,2,7,4,6,"(2, 7, 4, 6)"
17,47,61,11,7,4,6,"(11, 7, 4, 6)"
17,47,67,4,12,4,3,"(4, 12, 4, 3)"
17,47,71,5,11,4,7,"(5, 11, 4, 7)"
17,47,73,14,16,4,4,"(14, 16, 4, 4)"
17,47,79,7,2,4,9,"(7, 2, 4, 9)"
17,47,83,8,11,4,7,"(8, 11, 4, 7)"
17,47,89,1,1,4,13,"(1, 1, 4, 13)"
17,47,97,3,5,4,14,"(3, 5, 4, 14)"
17,53,59,16,1,3,6,"(16, 1, 3, 6)"
17,53,61,3,1,3,6,"(3, 1, 3, 6)"
17,53,67,15,9,3,3,"(15, 9, 3, 3)"
17,53,71,6,4,3,7,"(6, 4, 3, 7)"
17,53,73,10,12,3,4,"(10, 12, 3, 4)"
17,53,79,5,10,3,9,"(5, 10, 3, 9)"
17,53,83,13,4,3,7,"(13, 4, 3, 7)"
17,53,89,8,5,3,13,"(8, 5, 3, 13)"
17,53,97,7,8,3,14,"(7, 8, 3, 14)"
17,59,61,12,2,6,6,"(12, 2, 6, 6)"
17,59,67,9,1,6,3,"(9, 1, 6, 3)"
17,59,71,7,8,6,7,"(7, 8, 6, 7)"
17,59,73,6,7,6,4,"(6, 7, 6, 4)"
17,59,79,3,3,6,9,"(3, 3, 6, 9)"
17,59,83,1,8,6,7,"(1, 8, 6, 7)"
17,59,89,15,10,6,13,"(15, 10, 6, 13)"
17,59,97,11,16,6,14,"(11, 16, 6, 14)"
17,61,67,7,1,6,3,"(7, 1, 6, 3)"
17,61,71,13,8,6,7,"(13, 8, 6, 7)"
17,61,73,16,7,6,4,"(16, 7, 6, 4)"
17,61,79,8,3,6,9,"(8, 3, 6, 9)"
17,61,83,14,8,6,7,"(14, 8, 6, 7)"
17,61,89,6,10,6,13,"(6, 10, 6, 13)"
17,61,97,1,16,6,14,"(1, 16, 6, 14)"
17,67,71,14,4,3,7,"(14, 4, 3, 7)"
17,67,73,12,12,3,4,"(12, 12, 3, 4)"
17,67,79,6,10,3,9,"(6, 10, 3, 9)"
17,67,83,2,4,3,7,"(2, 4, 3, 7)"
17,67,89,13,5,3,13,"(13, 5, 3, 13)"
17,67,97,5,8,3,14,"(5, 8, 3, 14)"
17,71,73,15,11,7,4,"(15, 11, 7, 4)"
17,71,79,16,12,7,9,"(16, 12, 7, 9)"
17,71,83,11,15,7,7,"(11, 15, 7, 7)"
17,71,89,12,6,7,13,"(12, 6, 7, 13)"
17,71,97,2,13,7,14,"(2, 13, 7, 14)"
17,73,79,4,2,4,9,"(4, 2, 4, 9)"
17,73,83,7,11,4,7,"(7, 11, 4, 7)"
17,73,89,3,1,4,13,"(3, 1, 4, 13)"
17,73,97,9,5,4,14,"(9, 5, 4, 14)"
17,79,83,12,12,9,7,"(12, 12, 9, 7)"
17,79,89,10,15,9,13,"(10, 15, 9, 13)"
17,79,97,13,7,9,14,"(13, 7, 9, 14)"
17,83,89,9,6,7,13,"(9, 6, 7, 13)"
17,83,97,10,13,7,14,"(10, 13, 7, 14)"
17,89,97,14,12,13,14,"(14, 12, 13, 14)"
19,2,3,6,2,3,7,"(6, 2, 3, 7)"
19,2,5,10,6,3,2,"(10, 6, 3, 2)"
19,2,7,14,15,3,5,"(14, 15, 3, 5)"
19,2,11,3,10,3,16,"(3, 10, 3, 16)"
19,2,13,7,15,3,5,"(7, 15, 3, 5)"
19,2,17,15,2,3,7,"(15, 2, 3, 7)"
19,2,19,0,3,3,1,"(0, 3, 3, 1)"
19,2,23,8,1,3,13,"(8, 1, 3, 13)"
19,2,29,1,7,3,15,"(1, 7, 3, 15)"
19,2,31,5,0,3,0,"(5, 0, 3, 0)"
19,2,37,17,9,3,3,"(17, 9, 3, 3)"
19,2,41,6,2,3,7,"(6, 2, 3, 7)"
19,2,43,10,6,3,2,"(10, 6, 3, 2)"
19,2,47,18,10,3,16,"(18, 10, 3, 16)"
19,2,53,11,6,3,2,"(11, 6, 3, 2)"
19,2,59,4,9,3,3,"(4, 9, 3, 3)"
19,2,61,8,1,3,13,"(8, 1, 3, 13)"
19,2,67,1,7,3,15,"(1, 7, 3, 15)"
19,2,71,9,17,3,12,"(9, 17, 3, 12)"
19,2,73,13,1,3,13,"(13, 1, 3, 13)"
19,2,79,6,2,3,7,"(6, 2, 3, 7)"
19,2,83,14,15,3,5,"(14, 15, 3, 5)"
19,2,89,7,15,3,5,"(7, 15, 3, 5)"
19,2,97,4,9,3,3,"(4, 9, 3, 3)"
19,3,5,15,14,7,2,"(15, 14, 7, 2)"
19,3,7,2,16,7,5,"(2, 16, 7, 5)"
19,3,11,14,17,7,16,"(14, 17, 7, 16)"
19,3,13,1,16,7,5,"(1, 16, 7, 5)"
19,3,17,13,11,7,7,"(13, 11, 7, 7)"
19,3,19,0,7,7,1,"(0, 7, 7, 1)"
19,3,23,12,15,7,13,"(12, 15, 7, 13)"
19,3,29,11,10,7,15,"(11, 10, 7, 15)"
19,3,31,17,0,7,0,"(17, 0, 7, 0)"
19,3,37,16,2,7,3,"(16, 2, 7, 3)"
19,3,41,9,11,7,7,"(9, 11, 7, 7)"
19,3,43,15,14,7,2,"(15, 14, 7, 2)"
19,3,47,8,17,7,16,"(8, 17, 7, 16)"
19,3,53,7,14,7,2,"(7, 14, 7, 2)"
19,3,59,6,2,7,3,"(6, 2, 7, 3)"
19,3,61,12,15,7,13,"(12, 15, 7, 13)"
19,3,67,11,10,7,15,"(11, 10, 7, 15)"
19,3,71,4,8,7,12,"(4, 8, 7, 12)"
19,3,73,10,15,7,13,"(10, 15, 7, 13)"
19,3,79,9,11,7,7,"(9, 11, 7, 7)"
19,3,83,2,16,7,5,"(2, 16, 7, 5)"
19,3,89,1,16,7,5,"(1, 16, 7, 5)"
19,3,97,6,2,7,3,"(6, 2, 7, 3)"
19,5,7,16,10,2,5,"(16, 10, 2, 5)"
19,5,11,17,13,2,16,"(17, 13, 2, 16)"
19,5,13,8,10,2,5,"(8, 10, 2, 5)"
19,5,17,9,14,2,7,"(9, 14, 2, 7)"
19,5,19,0,2,2,1,"(0, 2, 2, 1)"
19,5,23,1,7,2,13,"(1, 7, 2, 13)"
19,5,29,12,11,2,15,"(12, 11, 2, 15)"
19,5,31,3,0,2,0,"(3, 0, 2, 0)"
19,5,37,14,6,2,3,"(14, 6, 2, 3)"
19,5,41,15,14,2,7,"(15, 14, 2, 7)"
19,5,43,6,4,2,2,"(6, 4, 2, 2)"
19,5,47,7,13,2,16,"(7, 13, 2, 16)"
19,5,53,18,4,2,2,"(18, 4, 2, 2)"
19,5,59,10,6,2,3,"(10, 6, 2, 3)"
19,5,61,1,7,2,13,"(1, 7, 2, 13)"
19,5,67,12,11,2,15,"(12, 11, 2, 15)"
19,5,71,13,5,2,12,"(13, 5, 2, 12)"
19,5,73,4,7,2,13,"(4, 7, 2, 13)"
19,5,79,15,14,2,7,"(15, 14, 2, 7)"
19,5,83,16,10,2,5,"(16, 10, 2, 5)"
19,5,89,8,10,2,5,"(8, 10, 2, 5)"
19,5,97,10,6,2,3,"(10, 6, 2, 3)"
19,7,11,1,4,5,16,"(1, 4, 5, 16)"
19,7,13,15,6,5,5,"(15, 6, 5, 5)"
19,7,17,5,16,5,7,"(5, 16, 5, 7)"
19,7,19,0,5,5,1,"(0, 5, 5, 1)"
19,7,23,9,8,5,13,"(9, 8, 5, 13)"
19,7,29,13,18,5,15,"(13, 18, 5, 15)"
19,7,31,8,0,5,0,"(8, 0, 5, 0)"
19,7,37,12,15,5,3,"(12, 15, 5, 3)"
19,7,41,2,16,5,7,"(2, 16, 5, 7)"
19,7,43,16,10,5,2,"(16, 10, 5, 2)"
19,7,47,6,4,5,16,"(6, 4, 5, 16)"
19,7,53,10,10,5,2,"(10, 10, 5, 2)"
19,7,59,14,15,5,3,"(14, 15, 5, 3)"
19,7,61,9,8,5,13,"(9, 8, 5, 13)"
19,7,67,13,18,5,15,"(13, 18, 5, 15)"
19,7,71,3,3,5,12,"(3, 3, 5, 12)"
19,7,73,17,8,5,13,"(17, 8, 5, 13)"
19,7,79,2,16,5,7,"(2, 16, 5, 7)"
19,7,83,11,6,5,5,"(11, 6, 5, 5)"
19,7,89,15,6,5,5,"(15, 6, 5, 5)"
19,7,97,14,15,5,3,"(14, 15, 5, 3)"
19,11,13,10,4,16,5,"(10, 4, 16, 5)"
19,11,17,16,17,16,7,"(16, 17, 16, 7)"
19,11,19,0,16,16,1,"(0, 16, 16, 1)"
19,11,23,6,18,16,13,"(6, 18, 16, 13)"
19,11,29,15,12,16,15,"(15, 12, 16, 15)"
19,11,31,18,0,16,0,"(18, 0, 16, 0)"
19,11,37,8,10,16,3,"(8, 10, 16, 3)"
19,11,41,14,17,16,7,"(14, 17, 16, 7)"
19,11,43,17,13,16,2,"(17, 13, 16, 2)"
19,11,47,4,9,16,16,"(4, 9, 16, 16)"
19,11,53,13,13,16,2,"(13, 13, 16, 2)"
19,11,59,3,10,16,3,"(3, 10, 16, 3)"
19,11,61,6,18,16,13,"(6, 18, 16, 13)"
19,11,67,15,12,16,15,"(15, 12, 16, 15)"
19,11,71,2,2,16,12,"(2, 2, 16, 12)"
19,11,73,5,18,16,13,"(5, 18, 16, 13)"
19,11,79,14,17,16,7,"(14, 17, 16, 7)"
19,11,83,1,4,16,5,"(1, 4, 16, 5)"
19,11,89,10,4,16,5,"(10, 4, 16, 5)"
19,11,97,3,10,16,3,"(3, 10, 16, 3)"
19,13,17,12,16,5,7,"(12, 16, 5, 7)"
19,13,19,0,5,5,1,"(0, 5, 5, 1)"
19,13,23,14,8,5,13,"(14, 8, 5, 13)"
19,13,29,16,18,5,15,"(16, 18, 5, 15)"
19,13,31,4,0,5,0,"(4, 0, 5, 0)"
19,13,37,6,15,5,3,"(6, 15, 5, 3)"
19,13,41,1,16,5,7,"(1, 16, 5, 7)"
19,13,43,8,10,5,2,"(8, 10, 5, 2)"
19,13,47,3,4,5,16,"(3, 4, 5, 16)"
19,13,53,5,10,5,2,"(5, 10, 5, 2)"
19,13,59,7,15,5,3,"(7, 15, 5, 3)"
19,13,61,14,8,5,13,"(14, 8, 5, 13)"
19,13,67,16,18,5,15,"(16, 18, 5, 15)"
19,13,71,11,3,5,12,"(11, 3, 5, 12)"
19,13,73,18,8,5,13,"(18, 8, 5, 13)"
19,13,79,1,16,5,7,"(1, 16, 5, 7)"
19,13,83,15,6,5,5,"(15, 6, 5, 5)"
19,13,89,17,6,5,5,"(17, 6, 5, 5)"
19,13,97,7,15,5,3,"(7, 15, 5, 3)"
19,17,19,0,7,7,1,"(0, 7, 7, 1)"
19,17,23,11,15,7,13,"(11, 15, 7, 13)"
19,17,29,18,10,7,15,"(18, 10, 7, 15)"
19,17,31,14,0,7,0,"(14, 0, 7, 0)"
19,17,37,2,2,7,3,"(2, 2, 7, 3)"
19,17,41,13,11,7,7,"(13, 11, 7, 7)"
19,17,43,9,14,7,2,"(9, 14, 7, 2)"
19,17,47,1,17,7,16,"(1, 17, 7, 16)"
19,17,53,8,14,7,2,"(8, 14, 7, 2)"
19,17,59,15,2,7,3,"(15, 2, 7, 3)"
19,17,61,11,15,7,13,"(11, 15, 7, 13)"
19,17,67,18,10,7,15,"(18, 10, 7, 15)"
19,17,71,10,8,7,12,"(10, 8, 7, 12)"
19,17,73,6,15,7,13,"(6, 15, 7, 13)"
19,17,79,13,11,7,7,"(13, 11, 7, 7)"
19,17,83,5,16,7,5,"(5, 16, 7, 5)"
19,17,89,12,16,7,5,"(12, 16, 7, 5)"
19,17,97,15,2,7,3,"(15, 2, 7, 3)"
19,19,23,0,13,1,13,"(0, 13, 1, 13)"
19,19,29,0,15,1,15,"(0, 15, 1, 15)"
19,19,31,0,0,1,0,"(0, 0, 1, 0)"
19,19,37,0,3,1,3,"(0, 3, 1, 3)"
19,19,41,0,7,1,7,"(0, 7, 1, 7)"
19,19,43,0,2,1,2,"(0, 2, 1, 2)"
19,19,47,0,16,1,16,"(0, 16, 1, 16)"
19,19,53,0,2,1,2,"(0, 2, 1, 2)"
19,19,59,0,3,1,3,"(0, 3, 1, 3)"
19,19,61,0,13,1,13,"(0, 13, 1, 13)"
19,19,67,0,15,1,15,"(0, 15, 1, 15)"
19,19,71,0,12,1,12,"(0, 12, 1, 12)"
19,19,73,0,13,1,13,"(0, 13, 1, 13)"
19,19,79,0,7,1,7,"(0, 7, 1, 7)"
19,19,83,0,5,1,5,"(0, 5, 1, 5)"
19,19,89,0,5,1,5,"(0, 5, 1, 5)"
19,19,97,0,3,1,3,"(0, 3, 1, 3)"
19,23,29,2,5,13,15,"(2, 5, 13, 15)"
19,23,31,10,0,13,0,"(10, 0, 13, 0)"
19,23,37,15,1,13,3,"(15, 1, 13, 3)"
19,23,41,12,15,13,7,"(12, 15, 13, 7)"
19,23,43,1,7,13,2,"(1, 7, 13, 2)"
19,23,47,17,18,13,16,"(17, 18, 13, 16)"
19,23,53,3,7,13,2,"(3, 7, 13, 2)"
19,23,59,8,1,13,3,"(8, 1, 13, 3)"
19,23,61,16,17,13,13,"(16, 17, 13, 13)"
19,23,67,2,5,13,15,"(2, 5, 13, 15)"
19,23,71,18,4,13,12,"(18, 4, 13, 12)"
19,23,73,7,17,13,13,"(7, 17, 13, 13)"
19,23,79,12,15,13,7,"(12, 15, 13, 7)"
19,23,83,9,8,13,5,"(9, 8, 13, 5)"
19,23,89,14,8,13,5,"(14, 8, 13, 5)"
19,23,97,8,1,13,3,"(8, 1, 13, 3)"
19,29,31,6,0,15,0,"(6, 0, 15, 0)"
19,29,37,9,7,15,3,"(9, 7, 15, 3)"
19,29,41,11,10,15,7,"(11, 10, 15, 7)"
19,29,43,12,11,15,2,"(12, 11, 15, 2)"
19,29,47,14,12,15,16,"(14, 12, 15, 16)"
19,29,53,17,11,15,2,"(17, 11, 15, 2)"
19,29,59,1,7,15,3,"(1, 7, 15, 3)"
19,29,61,2,5,15,13,"(2, 5, 15, 13)"
19,29,67,5,16,15,15,"(5, 16, 15, 15)"
19,29,71,7,9,15,12,"(7, 9, 15, 12)"
19,29,73,8,5,15,13,"(8, 5, 15, 13)"
19,29,79,11,10,15,7,"(11, 10, 15, 7)"
19,29,83,13,18,15,5,"(13, 18, 15, 5)"
19,29,89,16,18,15,5,"(16, 18, 15, 5)"
19,29,97,1,7,15,3,"(1, 7, 15, 3)"
19,31,37,7,0,0,3,"(7, 0, 0, 3)"
19,31,41,17,0,0,7,"(17, 0, 0, 7)"
19,31,43,3,0,0,2,"(3, 0, 0, 2)"
19,31,47,13,0,0,16,"(13, 0, 0, 16)"
19,31,53,9,0,0,2,"(9, 0, 0, 2)"
19,31,59,5,0,0,3,"(5, 0, 0, 3)"
19,31,61,10,0,0,13,"(10, 0, 0, 13)"
19,31,67,6,0,0,15,"(6, 0, 0, 15)"
19,31,71,16,0,0,12,"(16, 0, 0, 12)"
19,31,73,2,0,0,13,"(2, 0, 0, 13)"
19,31,79,17,0,0,7,"(17, 0, 0, 7)"
19,31,83,8,0,0,5,"(8, 0, 0, 5)"
19,31,89,4,0,0,5,"(4, 0, 0, 5)"
19,31,97,5,0,0,3,"(5, 0, 0, 3)"
19,37,41,16,2,3,7,"(16, 2, 3, 7)"
19,37,43,14,6,3,2,"(14, 6, 3, 2)"
19,37,47,10,10,3,16,"(10, 10, 3, 16)"
19,37,53,4,6,3,2,"(4, 6, 3, 2)"
19,37,59,17,9,3,3,"(17, 9, 3, 3)"
19,37,61,15,1,3,13,"(15, 1, 3, 13)"
19,37,67,9,7,3,15,"(9, 7, 3, 15)"
19,37,71,5,17,3,12,"(5, 17, 3, 12)"
19,37,73,3,1,3,13,"(3, 1, 3, 13)"
19,37,79,16,2,3,7,"(16, 2, 3, 7)"
19,37,83,12,15,3,5,"(12, 15, 3, 5)"
19,37,89,6,15,3,5,"(6, 15, 3, 5)"
19,37,97,17,9,3,3,"(17, 9, 3, 3)"
19,41,43,15,14,7,2,"(15, 14, 7, 2)"
19,41,47,8,17,7,16,"(8, 17, 7, 16)"
19,41,53,7,14,7,2,"(7, 14, 7, 2)"
19,41,59,6,2,7,3,"(6, 2, 7, 3)"
19,41,61,12,15,7,13,"(12, 15, 7, 13)"
19,41,67,11,10,7,15,"(11, 10, 7, 15)"
19,41,71,4,8,7,12,"(4, 8, 7, 12)"
19,41,73,10,15,7,13,"(10, 15, 7, 13)"
19,41,79,9,11,7,7,"(9, 11, 7, 7)"
19,41,83,2,16,7,5,"(2, 16, 7, 5)"
19,41,89,1,16,7,5,"(1, 16, 7, 5)"
19,41,97,6,2,7,3,"(6, 2, 7, 3)"
19,43,47,7,13,2,16,"(7, 13, 2, 16)"
19,43,53,18,4,2,2,"(18, 4, 2, 2)"
19,43,59,10,6,2,3,"(10, 6, 2, 3)"
19,43,61,1,7,2,13,"(1, 7, 2, 13)"
19,43,67,12,11,2,15,"(12, 11, 2, 15)"
19,43,71,13,5,2,12,"(13, 5, 2, 12)"
19,43,73,4,7,2,13,"(4, 7, 2, 13)"
19,43,79,15,14,2,7,"(15, 14, 2, 7)"
19,43,83,16,10,2,5,"(16, 10, 2, 5)"
19,43,89,8,10,2,5,"(8, 10, 2, 5)"
19,43,97,10,6,2,3,"(10, 6, 2, 3)"
19,47,53,2,13,16,2,"(2, 13, 16, 2)"
19,47,59,18,10,16,3,"(18, 10, 16, 3)"
19,47,61,17,18,16,13,"(17, 18, 16, 13)"
19,47,67,14,12,16,15,"(14, 12, 16, 15)"
19,47,71,12,2,16,12,"(12, 2, 16, 12)"
19,47,73,11,18,16,13,"(11, 18, 16, 13)"
19,47,79,8,17,16,7,"(8, 17, 16, 7)"
19,47,83,6,4,16,5,"(6, 4, 16, 5)"
19,47,89,3,4,16,5,"(3, 4, 16, 5)"
19,47,97,18,10,16,3,"(18, 10, 16, 3)"
19,53,59,11,6,2,3,"(11, 6, 2, 3)"
19,53,61,3,7,2,13,"(3, 7, 2, 13)"
19,53,67,17,11,2,15,"(17, 11, 2, 15)"
19,53,71,1,5,2,12,"(1, 5, 2, 12)"
19,53,73,12,7,2,13,"(12, 7, 2, 13)"
19,53,79,7,14,2,7,"(7, 14, 2, 7)"
19,53,83,10,10,2,5,"(10, 10, 2, 5)"
19,53,89,5,10,2,5,"(5, 10, 2, 5)"
19,53,97,11,6,2,3,"(11, 6, 2, 3)"
19,59,61,8,1,3,13,"(8, 1, 3, 13)"
19,59,67,1,7,3,15,"(1, 7, 3, 15)"
19,59,71,9,17,3,12,"(9, 17, 3, 12)"
19,59,73,13,1,3,13,"(13, 1, 3, 13)"
19,59,79,6,2,3,7,"(6, 2, 3, 7)"
19,59,83,14,15,3,5,"(14, 15, 3, 5)"
19,59,89,7,15,3,5,"(7, 15, 3, 5)"
19,59,97,4,9,3,3,"(4, 9, 3, 3)"
19,61,67,2,5,13,15,"(2, 5, 13, 15)"
19,61,71,18,4,13,12,"(18, 4, 13, 12)"
19,61,73,7,17,13,13,"(7, 17, 13, 13)"
19,61,79,12,15,13,7,"(12, 15, 13, 7)"
19,61,83,9,8,13,5,"(9, 8, 13, 5)"
19,61,89,14,8,13,5,"(14, 8, 13, 5)"
19,61,97,8,1,13,3,"(8, 1, 13, 3)"
19,67,71,7,9,15,12,"(7, 9, 15, 12)"
19,67,73,8,5,15,13,"(8, 5, 15, 13)"
19,67,79,11,10,15,7,"(11, 10, 15, 7)"
19,67,83,13,18,15,5,"(13, 18, 15, 5)"
19,67,89,16,18,15,5,"(16, 18, 15, 5)"
19,67,97,1,7,15,3,"(1, 7, 15, 3)"
19,71,73,15,4,12,13,"(15, 4, 12, 13)"
19,71,79,4,8,12,7,"(4, 8, 12, 7)"
19,71,83,3,3,12,5,"(3, 3, 12, 5)"
19,71,89,11,3,12,5,"(11, 3, 12, 5)"
19,71,97,9,17,12,3,"(9, 17, 12, 3)"
19,73,79,10,15,13,7,"(10, 15, 13, 7)"
19,73,83,17,8,13,5,"(17, 8, 13, 5)"
19,73,89,18,8,13,5,"(18, 8, 13, 5)"
19,73,97,13,1,13,3,"(13, 1, 13, 3)"
19,79,83,2,16,7,5,"(2, 16, 7, 5)"
19,79,89,1,16,7,5,"(1, 16, 7, 5)"
19,79,97,6,2,7,3,"(6, 2, 7, 3)"
19,83,89,15,6,5,5,"(15, 6, 5, 5)"
19,83,97,14,15,5,3,"(14, 15, 5, 3)"
19,89,97,7,15,5,3,"(7, 15, 5, 3)"
23,2,3,6,21,3,7,"(6, 21, 3, 7)"
23,2,5,10,17,3,21,"(10, 17, 3, 21)"
23,2,7,14,14,3,20,"(14, 14, 3, 20)"
23,2,11,22,11,3,19,"(22, 11, 3, 19)"
23,2,13,3,11,3,19,"(3, 11, 3, 19)"
23,2,17,11,14,3,20,"(11, 14, 3, 20)"
23,2,19,15,17,3,21,"(15, 17, 3, 21)"
23,2,23,0,3,3,1,"(0, 3, 3, 1)"
23,2,29,12,1,3,8,"(12, 1, 3, 8)"
23,2,31,16,10,3,11,"(16, 10, 3, 11)"
23,2,37,5,20,3,22,"(5, 20, 3, 22)"
23,2,41,13,1,3,8,"(13, 1, 3, 8)"
23,2,43,17,16,3,13,"(17, 16, 3, 13)"
23,2,47,2,3,3,1,"(2, 3, 3, 1)"
23,2,53,14,14,3,20,"(14, 14, 3, 20)"
23,2,59,3,11,3,19,"(3, 11, 3, 19)"
23,2,61,7,12,3,4,"(7, 12, 3, 4)"
23,2,67,19,21,3,7,"(19, 21, 3, 7)"
23,2,71,4,9,3,3,"(4, 9, 3, 3)"
23,2,73,8,16,3,13,"(8, 16, 3, 13)"
23,2,79,20,20,3,22,"(20, 20, 3, 22)"
23,2,83,5,20,3,22,"(5, 20, 3, 22)"
23,2,89,17,16,3,13,"(17, 16, 3, 13)"
23,2,97,10,17,3,21,"(10, 17, 3, 21)"
23,3,5,15,9,7,21,"(15, 9, 7, 21)"
23,3,7,21,2,7,20,"(21, 2, 7, 20)"
23,3,11,10,18,7,19,"(10, 18, 7, 19)"
23,3,13,16,18,7,19,"(16, 18, 7, 19)"
23,3,17,5,2,7,20,"(5, 2, 7, 20)"
23,3,19,11,9,7,21,"(11, 9, 7, 21)"
23,3,23,0,7,7,1,"(0, 7, 7, 1)"
23,3,29,18,10,7,8,"(18, 10, 7, 8)"
23,3,31,1,8,7,11,"(1, 8, 7, 11)"
23,3,37,19,16,7,22,"(19, 16, 7, 22)"
23,3,41,8,10,7,8,"(8, 10, 7, 8)"
23,3,43,14,22,7,13,"(14, 22, 7, 13)"
23,3,47,3,7,7,1,"(3, 7, 7, 1)"
23,3,53,21,2,7,20,"(21, 2, 7, 20)"
23,3,59,16,18,7,19,"(16, 18, 7, 19)"
23,3,61,22,5,7,4,"(22, 5, 7, 4)"
23,3,67,17,3,7,7,"(17, 3, 7, 7)"
23,3,71,6,21,7,3,"(6, 21, 7, 3)"
23,3,73,12,22,7,13,"(12, 22, 7, 13)"
23,3,79,7,16,7,22,"(7, 16, 7, 22)"
23,3,83,19,16,7,22,"(19, 16, 7, 22)"
23,3,89,14,22,7,13,"(14, 22, 7, 13)"
23,3,97,15,9,7,21,"(15, 9, 7, 21)"
23,5,7,12,6,21,20,"(12, 6, 21, 20)"
23,5,11,9,8,21,19,"(9, 8, 21, 19)"
23,5,13,19,8,21,19,"(19, 8, 21, 19)"
23,5,17,16,6,21,20,"(16, 6, 21, 20)"
23,5,19,3,4,21,21,"(3, 4, 21, 21)"
23,5,23,0,21,21,1,"(0, 21, 21, 1)"
23,5,29,7,7,21,8,"(7, 7, 21, 8)"
23,5,31,17,1,21,11,"(17, 1, 21, 11)"
23,5,37,1,2,21,22,"(1, 2, 21, 22)"
23,5,41,21,7,21,8,"(21, 7, 21, 8)"
23,5,43,8,20,21,13,"(8, 20, 21, 13)"
23,5,47,5,21,21,1,"(5, 21, 21, 1)"
23,5,53,12,6,21,20,"(12, 6, 21, 20)"
23,5,59,19,8,21,19,"(19, 8, 21, 19)"
23,5,61,6,15,21,4,"(6, 15, 21, 4)"
23,5,67,13,9,21,7,"(13, 9, 21, 7)"
23,5,71,10,17,21,3,"(10, 17, 21, 3)"
23,5,73,20,20,21,13,"(20, 20, 21, 13)"
23,5,79,4,2,21,22,"(4, 2, 21, 22)"
23,5,83,1,2,21,22,"(1, 2, 21, 22)"
23,5,89,8,20,21,13,"(8, 20, 21, 13)"
23,5,97,2,4,21,21,"(2, 4, 21, 21)"
23,7,11,8,12,20,19,"(8, 12, 20, 19)"
23,7,13,22,12,20,19,"(22, 12, 20, 19)"
23,7,17,4,9,20,20,"(4, 9, 20, 20)"
23,7,19,18,6,20,21,"(18, 6, 20, 21)"
23,7,23,0,20,20,1,"(0, 20, 20, 1)"
23,7,29,19,22,20,8,"(19, 22, 20, 8)"
23,7,31,10,13,20,11,"(10, 13, 20, 11)"
23,7,37,6,3,20,22,"(6, 3, 20, 22)"
23,7,41,11,22,20,8,"(11, 22, 20, 8)"
23,7,43,2,7,20,13,"(2, 7, 20, 13)"
23,7,47,7,20,20,1,"(7, 20, 20, 1)"
23,7,53,3,9,20,20,"(3, 9, 20, 20)"
23,7,59,22,12,20,19,"(22, 12, 20, 19)"
23,7,61,13,11,20,4,"(13, 11, 20, 4)"
23,7,67,9,2,20,7,"(9, 2, 20, 7)"
23,7,71,14,14,20,3,"(14, 14, 20, 3)"
23,7,73,5,7,20,13,"(5, 7, 20, 13)"
23,7,79,1,3,20,22,"(1, 3, 20, 22)"
23,7,83,6,3,20,22,"(6, 3, 20, 22)"
23,7,89,2,7,20,13,"(2, 7, 20, 13)"
23,7,97,12,6,20,21,"(12, 6, 20, 21)"
23,11,13,5,16,19,19,"(5, 16, 19, 19)"
23,11,17,3,12,19,20,"(3, 12, 19, 20)"
23,11,19,2,8,19,21,"(2, 8, 19, 21)"
23,11,23,0,19,19,1,"(0, 19, 19, 1)"
23,11,29,20,14,19,8,"(20, 14, 19, 8)"
23,11,31,19,2,19,11,"(19, 2, 19, 11)"
23,11,37,16,4,19,22,"(16, 4, 19, 22)"
23,11,41,14,14,19,8,"(14, 14, 19, 8)"
23,11,43,13,17,19,13,"(13, 17, 19, 13)"
23,11,47,11,19,19,1,"(11, 19, 19, 1)"
23,11,53,8,12,19,20,"(8, 12, 19, 20)"
23,11,59,5,16,19,19,"(5, 16, 19, 19)"
23,11,61,4,7,19,4,"(4, 7, 19, 4)"
23,11,67,1,18,19,7,"(1, 18, 19, 7)"
23,11,71,22,11,19,3,"(22, 11, 19, 3)"
23,11,73,21,17,19,13,"(21, 17, 19, 13)"
23,11,79,18,4,19,22,"(18, 4, 19, 22)"
23,11,83,16,4,19,22,"(16, 4, 19, 22)"
23,11,89,13,17,19,13,"(13, 17, 19, 13)"
23,11,97,9,8,19,21,"(9, 8, 19, 21)"
23,13,17,14,12,19,20,"(14, 12, 19, 20)"
23,13,19,17,8,19,21,"(17, 8, 19, 21)"
23,13,23,0,19,19,1,"(0, 19, 19, 1)"
23,13,29,9,14,19,8,"(9, 14, 19, 8)"
23,13,31,12,2,19,11,"(12, 2, 19, 11)"
23,13,37,21,4,19,22,"(21, 4, 19, 22)"
23,13,41,4,14,19,8,"(4, 14, 19, 8)"
23,13,43,7,17,19,13,"(7, 17, 19, 13)"
23,13,47,13,19,19,1,"(13, 19, 19, 1)"
23,13,53,22,12,19,20,"(22, 12, 19, 20)"
23,13,59,8,16,19,19,"(8, 16, 19, 19)"
23,13,61,11,7,19,4,"(11, 7, 19, 4)"
23,13,67,20,18,19,7,"(20, 18, 19, 7)"
23,13,71,3,11,19,3,"(3, 11, 19, 3)"
23,13,73,6,17,19,13,"(6, 17, 19, 13)"
23,13,79,15,4,19,22,"(15, 4, 19, 22)"
23,13,83,21,4,19,22,"(21, 4, 19, 22)"
23,13,89,7,17,19,13,"(7, 17, 19, 13)"
23,13,97,19,8,19,21,"(19, 8, 19, 21)"
23,17,19,1,6,20,21,"(1, 6, 20, 21)"
23,17,23,0,20,20,1,"(0, 20, 20, 1)"
23,17,29,10,22,20,8,"(10, 22, 20, 8)"
23,17,31,21,13,20,11,"(21, 13, 20, 11)"
23,17,37,8,3,20,22,"(8, 3, 20, 22)"
23,17,41,7,22,20,8,"(7, 22, 20, 8)"
23,17,43,18,7,20,13,"(18, 7, 20, 13)"
23,17,47,17,20,20,1,"(17, 20, 20, 1)"
23,17,53,4,9,20,20,"(4, 9, 20, 20)"
23,17,59,14,12,20,19,"(14, 12, 20, 19)"
23,17,61,2,11,20,4,"(2, 11, 20, 4)"
23,17,67,12,2,20,7,"(12, 2, 20, 7)"
23,17,71,11,14,20,3,"(11, 14, 20, 3)"
23,17,73,22,7,20,13,"(22, 7, 20, 13)"
23,17,79,9,3,20,22,"(9, 3, 20, 22)"
23,17,83,8,3,20,22,"(8, 3, 20, 22)"
23,17,89,18,7,20,13,"(18, 7, 20, 13)"
23,17,97,16,6,20,21,"(16, 6, 20, 21)"
23,19,23,0,21,21,1,"(0, 21, 21, 1)"
23,19,29,22,7,21,8,"(22, 7, 21, 8)"
23,19,31,14,1,21,11,"(14, 1, 21, 11)"
23,19,37,13,2,21,22,"(13, 2, 21, 22)"
23,19,41,20,7,21,8,"(20, 7, 21, 8)"
23,19,43,12,20,21,13,"(12, 20, 21, 13)"
23,19,47,19,21,21,1,"(19, 21, 21, 1)"
23,19,53,18,6,21,20,"(18, 6, 21, 20)"
23,19,59,17,8,21,19,"(17, 8, 21, 19)"
23,19,61,9,15,21,4,"(9, 15, 21, 4)"
23,19,67,8,9,21,7,"(8, 9, 21, 7)"
23,19,71,15,17,21,3,"(15, 17, 21, 3)"
23,19,73,7,20,21,13,"(7, 20, 21, 13)"
23,19,79,6,2,21,22,"(6, 2, 21, 22)"
23,19,83,13,2,21,22,"(13, 2, 21, 22)"
23,19,89,12,20,21,13,"(12, 20, 21, 13)"
23,19,97,3,4,21,21,"(3, 4, 21, 21)"
23,23,29,0,8,1,8,"(0, 8, 1, 8)"
23,23,31,0,11,1,11,"(0, 11, 1, 11)"
23,23,37,0,22,1,22,"(0, 22, 1, 22)"
23,23,41,0,8,1,8,"(0, 8, 1, 8)"
23,23,43,0,13,1,13,"(0, 13, 1, 13)"
23,23,47,0,1,1,1,"(0, 1, 1, 1)"
23,23,53,0,20,1,20,"(0, 20, 1, 20)"
23,23,59,0,19,1,19,"(0, 19, 1, 19)"
23,23,61,0,4,1,4,"(0, 4, 1, 4)"
23,23,67,0,7,1,7,"(0, 7, 1, 7)"
23,23,71,0,3,1,3,"(0, 3, 1, 3)"
23,23,73,0,13,1,13,"(0, 13, 1, 13)"
23,23,79,0,22,1,22,"(0, 22, 1, 22)"
23,23,83,0,22,1,22,"(0, 22, 1, 22)"
23,23,89,0,13,1,13,"(0, 13, 1, 13)"
23,23,97,0,21,1,21,"(0, 21, 1, 21)"
23,29,31,2,19,8,11,"(2, 19, 8, 11)"
23,29,37,15,15,8,22,"(15, 15, 8, 22)"
23,29,41,16,18,8,8,"(16, 18, 8, 8)"
23,29,43,5,12,8,13,"(5, 12, 8, 13)"
23,29,47,6,8,8,1,"(6, 8, 8, 1)"
23,29,53,19,22,8,20,"(19, 22, 8, 20)"
23,29,59,9,14,8,19,"(9, 14, 8, 19)"
23,29,61,21,9,8,4,"(21, 9, 8, 4)"
23,29,67,11,10,8,7,"(11, 10, 8, 7)"
23,29,71,12,1,8,3,"(12, 1, 8, 3)"
23,29,73,1,12,8,13,"(1, 12, 8, 13)"
23,29,79,14,15,8,22,"(14, 15, 8, 22)"
23,29,83,15,15,8,22,"(15, 15, 8, 22)"
23,29,89,5,12,8,13,"(5, 12, 8, 13)"
23,29,97,7,7,8,21,"(7, 7, 8, 21)"
23,31,37,20,12,11,22,"(20, 12, 11, 22)"
23,31,41,6,19,11,8,"(6, 19, 11, 8)"
23,31,43,22,5,11,13,"(22, 5, 11, 13)"
23,31,47,8,11,11,1,"(8, 11, 11, 1)"
23,31,53,10,13,11,20,"(10, 13, 11, 20)"
23,31,59,12,2,11,19,"(12, 2, 11, 19)"
23,31,61,5,21,11,4,"(5, 21, 11, 4)"
23,31,67,7,8,11,7,"(7, 8, 11, 7)"
23,31,71,16,10,11,3,"(16, 10, 11, 3)"
23,31,73,9,5,11,13,"(9, 5, 11, 13)"
23,31,79,11,12,11,22,"(11, 12, 11, 22)"
23,31,83,20,12,11,22,"(20, 12, 11, 22)"
23,31,89,22,5,11,13,"(22, 5, 11, 13)"
23,31,97,17,1,11,21,"(17, 1, 11, 21)"
23,37,41,22,15,22,8,"(22, 15, 22, 8)"
23,37,43,4,10,22,13,"(4, 10, 22, 13)"
23,37,47,14,22,22,1,"(14, 22, 22, 1)"
23,37,53,6,3,22,20,"(6, 3, 22, 20)"
23,37,59,21,4,22,19,"(21, 4, 22, 19)"
23,37,61,3,19,22,4,"(3, 19, 22, 4)"
23,37,67,18,16,22,7,"(18, 16, 22, 7)"
23,37,71,5,20,22,3,"(5, 20, 22, 3)"
23,37,73,10,10,22,13,"(10, 10, 22, 13)"
23,37,79,2,1,22,22,"(2, 1, 22, 22)"
23,37,83,12,1,22,22,"(12, 1, 22, 22)"
23,37,89,4,10,22,13,"(4, 10, 22, 13)"
23,37,97,1,2,22,21,"(1, 2, 22, 21)"
23,41,43,15,12,8,13,"(15, 12, 8, 13)"
23,41,47,18,8,8,1,"(18, 8, 8, 1)"
23,41,53,11,22,8,20,"(11, 22, 8, 20)"
23,41,59,4,14,8,19,"(4, 14, 8, 19)"
23,41,61,17,9,8,4,"(17, 9, 8, 4)"
23,41,67,10,10,8,7,"(10, 10, 8, 7)"
23,41,71,13,1,8,3,"(13, 1, 8, 3)"
23,41,73,3,12,8,13,"(3, 12, 8, 13)"
23,41,79,19,15,8,22,"(19, 15, 8, 22)"
23,41,83,22,15,8,22,"(22, 15, 8, 22)"
23,41,89,15,12,8,13,"(15, 12, 8, 13)"
23,41,97,21,7,8,21,"(21, 7, 8, 21)"
23,43,47,20,13,13,1,"(20, 13, 13, 1)"
23,43,53,2,7,13,20,"(2, 7, 13, 20)"
23,43,59,7,17,13,19,"(7, 17, 13, 19)"
23,43,61,1,6,13,4,"(1, 6, 13, 4)"
23,43,67,6,22,13,7,"(6, 22, 13, 7)"
23,43,71,17,16,13,3,"(17, 16, 13, 3)"
23,43,73,11,8,13,13,"(11, 8, 13, 13)"
23,43,79,16,10,13,22,"(16, 10, 13, 22)"
23,43,83,4,10,13,22,"(4, 10, 13, 22)"
23,43,89,9,8,13,13,"(9, 8, 13, 13)"
23,43,97,8,20,13,21,"(8, 20, 13, 21)"
23,47,53,7,20,1,20,"(7, 20, 1, 20)"
23,47,59,13,19,1,19,"(13, 19, 1, 19)"
23,47,61,15,4,1,4,"(15, 4, 1, 4)"
23,47,67,21,7,1,7,"(21, 7, 1, 7)"
23,47,71,2,3,1,3,"(2, 3, 1, 3)"
23,47,73,4,13,1,13,"(4, 13, 1, 13)"
23,47,79,10,22,1,22,"(10, 22, 1, 22)"
23,47,83,14,22,1,22,"(14, 22, 1, 22)"
23,47,89,20,13,1,13,"(20, 13, 1, 13)"
23,47,97,5,21,1,21,"(5, 21, 1, 21)"
23,53,59,22,12,20,19,"(22, 12, 20, 19)"
23,53,61,13,11,20,4,"(13, 11, 20, 4)"
23,53,67,9,2,20,7,"(9, 2, 20, 7)"
23,53,71,14,14,20,3,"(14, 14, 20, 3)"
23,53,73,5,7,20,13,"(5, 7, 20, 13)"
23,53,79,1,3,20,22,"(1, 3, 20, 22)"
23,53,83,6,3,20,22,"(6, 3, 20, 22)"
23,53,89,2,7,20,13,"(2, 7, 20, 13)"
23,53,97,12,6,20,21,"(12, 6, 20, 21)"
23,59,61,11,7,19,4,"(11, 7, 19, 4)"
23,59,67,20,18,19,7,"(20, 18, 19, 7)"
23,59,71,3,11,19,3,"(3, 11, 19, 3)"
23,59,73,6,17,19,13,"(6, 17, 19, 13)"
23,59,79,15,4,19,22,"(15, 4, 19, 22)"
23,59,83,21,4,19,22,"(21, 4, 19, 22)"
23,59,89,7,17,19,13,"(7, 17, 19, 13)"
23,59,97,19,8,19,21,"(19, 8, 19, 21)"
23,61,67,16,5,4,7,"(16, 5, 4, 7)"
23,61,71,7,12,4,3,"(7, 12, 4, 3)"
23,61,73,14,6,4,13,"(14, 6, 4, 13)"
23,61,79,12,19,4,22,"(12, 19, 4, 22)"
23,61,83,3,19,4,22,"(3, 19, 4, 22)"
23,61,89,1,6,4,13,"(1, 6, 4, 13)"
23,61,97,6,15,4,21,"(6, 15, 4, 21)"
23,67,71,19,21,7,3,"(19, 21, 7, 3)"
23,67,73,15,22,7,13,"(15, 22, 7, 13)"
23,67,79,3,16,7,22,"(3, 16, 7, 22)"
23,67,83,18,16,7,22,"(18, 16, 7, 22)"
23,67,89,6,22,7,13,"(6, 22, 7, 13)"
23,67,97,13,9,7,21,"(13, 9, 7, 21)"
23,71,73,8,16,3,13,"(8, 16, 3, 13)"
23,71,79,20,20,3,22,"(20, 20, 3, 22)"
23,71,83,5,20,3,22,"(5, 20, 3, 22)"
23,71,89,17,16,3,13,"(17, 16, 3, 13)"
23,71,97,10,17,3,21,"(10, 17, 3, 21)"
23,73,79,17,10,13,22,"(17, 10, 13, 22)"
23,73,83,10,10,13,22,"(10, 10, 13, 22)"
23,73,89,11,8,13,13,"(11, 8, 13, 13)"
23,73,97,20,20,13,21,"(20, 20, 13, 21)"
23,79,83,2,1,22,22,"(2, 1, 22, 22)"
23,79,89,16,10,22,13,"(16, 10, 22, 13)"
23,79,97,4,2,22,21,"(4, 2, 22, 21)"
23,83,89,4,10,22,13,"(4, 10, 22, 13)"
23,83,97,1,2,22,21,"(1, 2, 22, 21)"
23,89,97,8,20,13,21,"(8, 20, 13, 21)"
29,2,3,6,21,3,7,"(6, 21, 3, 7)"
29,2,5,10,5,3,21,"(10, 5, 3, 21)"
29,2,7,14,13,3,14,"(14, 13, 3, 14)"
29,2,11,22,14,3,24,"(22, 14, 3, 24)"
29,2,13,26,7,3,12,"(26, 7, 3, 12)"
29,2,17,5,7,3,12,"(5, 7, 3, 12)"
29,2,19,9,14,3,24,"(9, 14, 3, 24)"
29,2,23,17,13,3,14,"(17, 13, 3, 14)"
29,2,29,0,3,3,1,"(0, 3, 3, 1)"
29,2,31,4,9,3,3,"(4, 9, 3, 3)"
29,2,37,16,26,3,28,"(16, 26, 3, 28)"
29,2,41,24,22,3,17,"(24, 22, 3, 17)"
29,2,43,28,27,3,9,"(28, 27, 3, 9)"
29,2,47,7,22,3,17,"(7, 22, 3, 17)"
29,2,53,19,6,3,2,"(19, 6, 3, 2)"
29,2,59,2,3,3,1,"(2, 3, 3, 1)"
29,2,61,6,21,3,7,"(6, 21, 3, 7)"
29,2,67,18,16,3,15,"(18, 16, 3, 15)"
29,2,71,26,7,3,12,"(26, 7, 3, 12)"
29,2,73,1,24,3,8,"(1, 24, 3, 8)"
29,2,79,13,16,3,15,"(13, 16, 3, 15)"
29,2,83,21,5,3,21,"(21, 5, 3, 21)"
29,2,89,4,9,3,3,"(4, 9, 3, 3)"
29,2,97,20,12,3,4,"(20, 12, 3, 4)"
29,3,5,15,2,7,21,"(15, 2, 7, 21)"
29,3,7,21,11,7,14,"(21, 11, 7, 14)"
29,3,11,4,23,7,24,"(4, 23, 7, 24)"
29,3,13,10,26,7,12,"(10, 26, 7, 12)"
29,3,17,22,26,7,12,"(22, 26, 7, 12)"
29,3,19,28,23,7,24,"(28, 23, 7, 24)"
29,3,23,11,11,7,14,"(11, 11, 7, 14)"
29,3,29,0,7,7,1,"(0, 7, 7, 1)"
29,3,31,6,21,7,3,"(6, 21, 7, 3)"
29,3,37,24,22,7,28,"(24, 22, 7, 28)"
29,3,41,7,3,7,17,"(7, 3, 7, 17)"
29,3,43,13,5,7,9,"(13, 5, 7, 9)"
29,3,47,25,3,7,17,"(25, 3, 7, 17)"
29,3,53,14,14,7,2,"(14, 14, 7, 2)"
29,3,59,3,7,7,1,"(3, 7, 7, 1)"
29,3,61,9,20,7,7,"(9, 20, 7, 7)"
29,3,67,27,18,7,15,"(27, 18, 7, 15)"
29,3,71,10,26,7,12,"(10, 26, 7, 12)"
29,3,73,16,27,7,8,"(16, 27, 7, 8)"
29,3,79,5,18,7,15,"(5, 18, 7, 15)"
29,3,83,17,2,7,21,"(17, 2, 7, 21)"
29,3,89,6,21,7,3,"(6, 21, 7, 3)"
29,3,97,1,28,7,4,"(1, 28, 7, 4)"
29,5,7,6,4,21,14,"(6, 4, 21, 14)"
29,5,11,26,11,21,24,"(26, 11, 21, 24)"
29,5,13,7,20,21,12,"(7, 20, 21, 12)"
29,5,17,27,20,21,12,"(27, 20, 21, 12)"
29,5,19,8,11,21,24,"(8, 11, 21, 24)"
29,5,23,28,4,21,14,"(28, 4, 21, 14)"
29,5,29,0,21,21,1,"(0, 21, 21, 1)"
29,5,31,10,5,21,3,"(10, 5, 21, 3)"
29,5,37,11,8,21,28,"(11, 8, 21, 28)"
29,5,41,2,9,21,17,"(2, 9, 21, 17)"
29,5,43,12,15,21,9,"(12, 15, 21, 9)"
29,5,47,3,9,21,17,"(3, 9, 21, 17)"
29,5,53,4,13,21,2,"(4, 13, 21, 2)"
29,5,59,5,21,21,1,"(5, 21, 21, 1)"
29,5,61,15,2,21,7,"(15, 2, 21, 7)"
29,5,67,16,25,21,15,"(16, 25, 21, 15)"
29,5,71,7,20,21,12,"(7, 20, 21, 12)"
29,5,73,17,23,21,8,"(17, 23, 21, 8)"
29,5,79,18,25,21,15,"(18, 25, 21, 15)"
29,5,83,9,6,21,21,"(9, 6, 21, 21)"
29,5,89,10,5,21,3,"(10, 5, 21, 3)"
29,5,97,21,26,21,4,"(21, 26, 21, 4)"
29,7,11,19,17,14,24,"(19, 17, 14, 24)"
29,7,13,4,23,14,12,"(4, 23, 14, 12)"
29,7,17,3,23,14,12,"(3, 23, 14, 12)"
29,7,19,17,17,14,24,"(17, 17, 14, 24)"
29,7,23,16,22,14,14,"(16, 22, 14, 14)"
29,7,29,0,14,14,1,"(0, 14, 14, 1)"
29,7,31,14,13,14,3,"(14, 13, 14, 3)"
29,7,37,27,15,14,28,"(27, 15, 14, 28)"
29,7,41,26,6,14,17,"(26, 6, 14, 17)"
29,7,43,11,10,14,9,"(11, 10, 14, 9)"
29,7,47,10,6,14,17,"(10, 6, 14, 17)"
29,7,53,23,28,14,2,"(23, 28, 14, 2)"
29,7,59,7,14,14,1,"(7, 14, 14, 1)"
29,7,61,21,11,14,7,"(21, 11, 14, 7)"
29,7,67,5,7,14,15,"(5, 7, 14, 15)"
29,7,71,4,23,14,12,"(4, 23, 14, 12)"
29,7,73,18,25,14,8,"(18, 25, 14, 8)"
29,7,79,2,7,14,15,"(2, 7, 14, 15)"
29,7,83,1,4,14,21,"(1, 4, 14, 21)"
29,7,89,14,13,14,3,"(14, 13, 14, 3)"
29,7,97,12,27,14,4,"(12, 27, 14, 4)"
29,11,13,27,27,24,12,"(27, 27, 24, 12)"
29,11,17,13,27,24,12,"(13, 27, 24, 12)"
29,11,19,6,25,24,24,"(6, 25, 24, 24)"
29,11,23,21,17,24,14,"(21, 17, 24, 14)"
29,11,29,0,24,24,1,"(0, 24, 24, 1)"
29,11,31,22,14,24,3,"(22, 14, 24, 3)"
29,11,37,1,5,24,28,"(1, 5, 24, 28)"
29,11,41,16,2,24,17,"(16, 2, 24, 17)"
29,11,43,9,13,24,9,"(9, 13, 24, 9)"
29,11,47,24,2,24,17,"(24, 2, 24, 17)"
29,11,53,3,19,24,2,"(3, 19, 24, 2)"
29,11,59,11,24,24,1,"(11, 24, 24, 1)"
29,11,61,4,23,24,7,"(4, 23, 24, 7)"
29,11,67,12,12,24,15,"(12, 12, 24, 15)"
29,11,71,27,27,24,12,"(27, 27, 24, 12)"
29,11,73,20,18,24,8,"(20, 18, 24, 8)"
29,11,79,28,12,24,15,"(28, 12, 24, 15)"
29,11,83,14,11,24,21,"(14, 11, 24, 21)"
29,11,89,22,14,24,3,"(22, 14, 24, 3)"
29,11,97,23,9,24,4,"(23, 9, 24, 4)"
29,13,17,18,28,12,12,"(18, 28, 12, 12)"
29,13,19,15,27,12,24,"(15, 27, 12, 24)"
29,13,23,9,23,12,14,"(9, 23, 12, 14)"
29,13,29,0,12,12,1,"(0, 12, 12, 1)"
29,13,31,26,7,12,3,"(26, 7, 12, 3)"
29,13,37,17,17,12,28,"(17, 17, 12, 28)"
29,13,41,11,1,12,17,"(11, 1, 12, 17)"
29,13,43,8,21,12,9,"(8, 21, 12, 9)"
29,13,47,2,1,12,17,"(2, 1, 12, 17)"
29,13,53,22,24,12,2,"(22, 24, 12, 2)"
29,13,59,13,12,12,1,"(13, 12, 12, 1)"
29,13,61,10,26,12,7,"(10, 26, 12, 7)"
29,13,67,1,6,12,15,"(1, 6, 12, 15)"
29,13,71,24,28,12,12,"(24, 28, 12, 12)"
29,13,73,21,9,12,8,"(21, 9, 12, 8)"
29,13,79,12,6,12,15,"(12, 6, 12, 15)"
29,13,83,6,20,12,21,"(6, 20, 12, 21)"
29,13,89,26,7,12,3,"(26, 7, 12, 3)"
29,13,97,14,19,12,4,"(14, 19, 12, 4)"
29,17,19,4,27,12,24,"(4, 27, 12, 24)"
29,17,23,14,23,12,14,"(14, 23, 12, 14)"
29,17,29,0,12,12,1,"(0, 12, 12, 1)"
29,17,31,5,7,12,3,"(5, 7, 12, 3)"
29,17,37,20,17,12,28,"(20, 17, 12, 28)"
29,17,41,1,1,12,17,"(1, 1, 12, 17)"
29,17,43,6,21,12,9,"(6, 21, 12, 9)"
29,17,47,16,1,12,17,"(16, 1, 12, 17)"
29,17,53,2,24,12,2,"(2, 24, 12, 2)"
29,17,59,17,12,12,1,"(17, 12, 12, 1)"
29,17,61,22,26,12,7,"(22, 26, 12, 7)"
29,17,67,8,6,12,15,"(8, 6, 12, 15)"
29,17,71,18,28,12,12,"(18, 28, 12, 12)"
29,17,73,23,9,12,8,"(23, 9, 12, 8)"
29,17,79,9,6,12,15,"(9, 6, 12, 15)"
29,17,83,19,20,12,21,"(19, 20, 12, 21)"
29,17,89,5,7,12,3,"(5, 7, 12, 3)"
29,17,97,25,19,12,4,"(25, 19, 12, 4)"
29,19,23,2,17,24,14,"(2, 17, 24, 14)"
29,19,29,0,24,24,1,"(0, 24, 24, 1)"
29,19,31,9,14,24,3,"(9, 14, 24, 3)"
29,19,37,7,5,24,28,"(7, 5, 24, 28)"
29,19,41,25,2,24,17,"(25, 2, 24, 17)"
29,19,43,5,13,24,9,"(5, 13, 24, 9)"
29,19,47,23,2,24,17,"(23, 2, 24, 17)"
29,19,53,21,19,24,2,"(21, 19, 24, 2)"
29,19,59,19,24,24,1,"(19, 24, 24, 1)"
29,19,61,28,23,24,7,"(28, 23, 24, 7)"
29,19,67,26,12,24,15,"(26, 12, 24, 15)"
29,19,71,15,27,24,12,"(15, 27, 24, 12)"
29,19,73,24,18,24,8,"(24, 18, 24, 8)"
29,19,79,22,12,24,15,"(22, 12, 24, 15)"
29,19,83,11,11,24,21,"(11, 11, 24, 21)"
29,19,89,9,14,24,3,"(9, 14, 24, 3)"
29,19,97,16,9,24,4,"(16, 9, 24, 4)"
29,23,29,0,14,14,1,"(0, 14, 14, 1)"
29,23,31,17,13,14,3,"(17, 13, 14, 3)"
29,23,37,10,15,14,28,"(10, 15, 14, 28)"
29,23,41,15,6,14,17,"(15, 6, 14, 17)"
29,23,43,3,10,14,9,"(3, 10, 14, 9)"
29,23,47,8,6,14,17,"(8, 6, 14, 17)"
29,23,53,1,28,14,2,"(1, 28, 14, 2)"
29,23,59,23,14,14,1,"(23, 14, 14, 1)"
29,23,61,11,11,14,7,"(11, 11, 14, 7)"
29,23,67,4,7,14,15,"(4, 7, 14, 15)"
29,23,71,9,23,14,12,"(9, 23, 14, 12)"
29,23,73,26,25,14,8,"(26, 25, 14, 8)"
29,23,79,19,7,14,15,"(19, 7, 14, 15)"
29,23,83,24,4,14,21,"(24, 4, 14, 21)"
29,23,89,17,13,14,3,"(17, 13, 14, 3)"
29,23,97,27,27,14,4,"(27, 27, 14, 4)"
29,29,31,0,3,1,3,"(0, 3, 1, 3)"
29,29,37,0,28,1,28,"(0, 28, 1, 28)"
29,29,41,0,17,1,17,"(0, 17, 1, 17)"
29,29,43,0,9,1,9,"(0, 9, 1, 9)"
29,29,47,0,17,1,17,"(0, 17, 1, 17)"
29,29,53,0,2,1,2,"(0, 2, 1, 2)"
29,29,59,0,1,1,1,"(0, 1, 1, 1)"
29,29,61,0,7,1,7,"(0, 7, 1, 7)"
29,29,67,0,15,1,15,"(0, 15, 1, 15)"
29,29,71,0,12,1,12,"(0, 12, 1, 12)"
29,29,73,0,8,1,8,"(0, 8, 1, 8)"
29,29,79,0,15,1,15,"(0, 15, 1, 15)"
29,29,83,0,21,1,21,"(0, 21, 1, 21)"
29,29,89,0,3,1,3,"(0, 3, 1, 3)"
29,29,97,0,4,1,4,"(0, 4, 1, 4)"
29,31,37,16,26,3,28,"(16, 26, 3, 28)"
29,31,41,24,22,3,17,"(24, 22, 3, 17)"
29,31,43,28,27,3,9,"(28, 27, 3, 9)"
29,31,47,7,22,3,17,"(7, 22, 3, 17)"
29,31,53,19,6,3,2,"(19, 6, 3, 2)"
29,31,59,2,3,3,1,"(2, 3, 3, 1)"
29,31,61,6,21,3,7,"(6, 21, 3, 7)"
29,31,67,18,16,3,15,"(18, 16, 3, 15)"
29,31,71,26,7,3,12,"(26, 7, 3, 12)"
29,31,73,1,24,3,8,"(1, 24, 3, 8)"
29,31,79,13,16,3,15,"(13, 16, 3, 15)"
29,31,83,21,5,3,21,"(21, 5, 3, 21)"
29,31,89,4,9,3,3,"(4, 9, 3, 3)"
29,31,97,20,12,3,4,"(20, 12, 3, 4)"
29,37,41,9,12,28,17,"(9, 12, 28, 17)"
29,37,43,25,20,28,9,"(25, 20, 28, 9)"
29,37,47,28,12,28,17,"(28, 12, 28, 17)"
29,37,53,18,27,28,2,"(18, 27, 28, 2)"
29,37,59,8,28,28,1,"(8, 28, 28, 1)"
29,37,61,24,22,28,7,"(24, 22, 28, 7)"
29,37,67,14,14,28,15,"(14, 14, 28, 15)"
29,37,71,17,17,28,12,"(17, 17, 28, 12)"
29,37,73,4,21,28,8,"(4, 21, 28, 8)"
29,37,79,23,14,28,15,"(23, 14, 28, 15)"
29,37,83,26,8,28,21,"(26, 8, 28, 21)"
29,37,89,16,26,28,3,"(16, 26, 28, 3)"
29,37,97,22,25,28,4,"(22, 25, 28, 4)"
29,41,43,23,8,17,9,"(23, 8, 17, 9)"
29,41,47,13,28,17,17,"(13, 28, 17, 17)"
29,41,53,27,5,17,2,"(27, 5, 17, 2)"
29,41,59,12,17,17,1,"(12, 17, 17, 1)"
29,41,61,7,3,17,7,"(7, 3, 17, 7)"
29,41,67,21,23,17,15,"(21, 23, 17, 15)"
29,41,71,11,1,17,12,"(11, 1, 17, 12)"
29,41,73,6,20,17,8,"(6, 20, 17, 8)"
29,41,79,20,23,17,15,"(20, 23, 17, 15)"
29,41,83,10,9,17,21,"(10, 9, 17, 21)"
29,41,89,24,22,17,3,"(24, 22, 17, 3)"
29,41,97,4,10,17,4,"(4, 10, 17, 4)"
29,43,47,20,8,9,17,"(20, 8, 9, 17)"
29,43,53,17,18,9,2,"(17, 18, 9, 2)"
29,43,59,14,9,9,1,"(14, 9, 9, 1)"
29,43,61,13,5,9,7,"(13, 5, 9, 7)"
29,43,67,10,19,9,15,"(10, 19, 9, 15)"
29,43,71,8,21,9,12,"(8, 21, 9, 12)"
29,43,73,7,14,9,8,"(7, 14, 9, 8)"
29,43,79,4,19,9,15,"(4, 19, 9, 15)"
29,43,83,2,15,9,21,"(2, 15, 9, 21)"
29,43,89,28,27,9,3,"(28, 27, 9, 3)"
29,43,97,24,7,9,4,"(24, 7, 9, 4)"
29,47,53,26,5,17,2,"(26, 5, 17, 2)"
29,47,59,18,17,17,1,"(18, 17, 17, 1)"
29,47,61,25,3,17,7,"(25, 3, 17, 7)"
29,47,67,17,23,17,15,"(17, 23, 17, 15)"
29,47,71,2,1,17,12,"(2, 1, 17, 12)"
29,47,73,9,20,17,8,"(9, 20, 17, 8)"
29,47,79,1,23,17,15,"(1, 23, 17, 15)"
29,47,83,15,9,17,21,"(15, 9, 17, 21)"
29,47,89,7,22,17,3,"(7, 22, 17, 3)"
29,47,97,6,10,17,4,"(6, 10, 17, 4)"
29,53,59,24,2,2,1,"(24, 2, 2, 1)"
29,53,61,14,14,2,7,"(14, 14, 2, 7)"
29,53,67,13,1,2,15,"(13, 1, 2, 15)"
29,53,71,22,24,2,12,"(22, 24, 2, 12)"
29,53,73,12,16,2,8,"(12, 16, 2, 8)"
29,53,79,11,1,2,15,"(11, 1, 2, 15)"
29,53,83,20,13,2,21,"(20, 13, 2, 21)"
29,53,89,19,6,2,3,"(19, 6, 2, 3)"
29,53,97,8,8,2,4,"(8, 8, 2, 4)"
29,59,61,3,7,1,7,"(3, 7, 1, 7)"
29,59,67,9,15,1,15,"(9, 15, 1, 15)"
29,59,71,13,12,1,12,"(13, 12, 1, 12)"
29,59,73,15,8,1,8,"(15, 8, 1, 8)"
29,59,79,21,15,1,15,"(21, 15, 1, 15)"
29,59,83,25,21,1,21,"(25, 21, 1, 21)"
29,59,89,2,3,1,3,"(2, 3, 1, 3)"
29,59,97,10,4,1,4,"(10, 4, 1, 4)"
29,61,67,27,18,7,15,"(27, 18, 7, 15)"
29,61,71,10,26,7,12,"(10, 26, 7, 12)"
29,61,73,16,27,7,8,"(16, 27, 7, 8)"
29,61,79,5,18,7,15,"(5, 18, 7, 15)"
29,61,83,17,2,7,21,"(17, 2, 7, 21)"
29,61,89,6,21,7,3,"(6, 21, 7, 3)"
29,61,97,1,28,7,4,"(1, 28, 7, 4)"
29,67,71,1,6,15,12,"(1, 6, 15, 12)"
29,67,73,19,4,15,8,"(19, 4, 15, 8)"
29,67,79,15,22,15,15,"(15, 22, 15, 15)"
29,67,83,22,25,15,21,"(22, 25, 15, 21)"
29,67,89,18,16,15,3,"(18, 16, 15, 3)"
29,67,97,3,2,15,4,"(3, 2, 15, 4)"
29,71,73,21,9,12,8,"(21, 9, 12, 8)"
29,71,79,12,6,12,15,"(12, 6, 12, 15)"
29,71,83,6,20,12,21,"(6, 20, 12, 21)"
29,71,89,26,7,12,3,"(26, 7, 12, 3)"
29,71,97,14,19,12,4,"(14, 19, 12, 4)"
29,73,79,25,4,8,15,"(25, 4, 8, 15)"
29,73,83,27,23,8,21,"(27, 23, 8, 21)"
29,73,89,1,24,8,3,"(1, 24, 8, 3)"
29,73,97,5,3,8,4,"(5, 3, 8, 4)"
29,79,83,3,25,15,21,"(3, 25, 15, 21)"
29,79,89,13,16,15,3,"(13, 16, 15, 3)"
29,79,97,7,2,15,4,"(7, 2, 15, 4)"
29,83,89,21,5,21,3,"(21, 5, 21, 3)"
29,83,97,18,26,21,4,"(18, 26, 21, 4)"
29,89,97,20,12,3,4,"(20, 12, 3, 4)"
31,2,3,6,21,3,7,"(6, 21, 3, 7)"
31,2,5,10,1,3,21,"(10, 1, 3, 21)"
31,2,7,14,5,3,12,"(14, 5, 3, 12)"
31,2,11,22,23,3,18,"(22, 23, 3, 18)"
31,2,13,26,6,3,2,"(26, 6, 3, 2)"
31,2,17,3,13,3,25,"(3, 13, 3, 25)"
31,2,19,7,6,3,2,"(7, 6, 3, 2)"
31,2,23,15,2,3,11,"(15, 2, 3, 11)"
31,2,29,27,21,3,7,"(27, 21, 3, 7)"
31,2,31,0,3,3,1,"(0, 3, 3, 1)"
31,2,37,12,0,3,0,"(12, 0, 3, 0)"
31,2,41,20,25,3,29,"(20, 25, 3, 29)"
31,2,43,24,27,3,9,"(24, 27, 3, 9)"
31,2,47,1,10,3,24,"(1, 10, 3, 24)"
31,2,53,13,25,3,29,"(13, 25, 3, 29)"
31,2,59,25,8,3,13,"(25, 8, 3, 13)"
31,2,61,29,9,3,3,"(29, 9, 3, 3)"
31,2,67,10,1,3,21,"(10, 1, 3, 21)"
31,2,71,18,2,3,11,"(18, 2, 3, 11)"
31,2,73,22,23,3,18,"(22, 23, 3, 18)"
31,2,79,3,13,3,25,"(3, 13, 3, 25)"
31,2,83,11,23,3,18,"(11, 23, 3, 18)"
31,2,89,23,1,3,21,"(23, 1, 3, 21)"
31,2,97,8,8,3,13,"(8, 8, 3, 13)"
31,3,5,15,23,7,21,"(15, 23, 7, 21)"
31,3,7,21,22,7,12,"(21, 22, 7, 12)"
31,3,11,2,2,7,18,"(2, 2, 7, 18)"
31,3,13,8,14,7,2,"(8, 14, 7, 2)"
31,3,17,20,20,7,25,"(20, 20, 7, 25)"
31,3,19,26,14,7,2,"(26, 14, 7, 2)"
31,3,23,7,15,7,11,"(7, 15, 7, 11)"
31,3,29,25,18,7,7,"(25, 18, 7, 7)"
31,3,31,0,7,7,1,"(0, 7, 7, 1)"
31,3,37,18,0,7,0,"(18, 0, 7, 0)"
31,3,41,30,17,7,29,"(30, 17, 7, 29)"
31,3,43,5,1,7,9,"(5, 1, 7, 9)"
31,3,47,17,13,7,24,"(17, 13, 7, 24)"
31,3,53,4,17,7,29,"(4, 17, 7, 29)"
31,3,59,22,29,7,13,"(22, 29, 7, 13)"
31,3,61,28,21,7,3,"(28, 21, 7, 3)"
31,3,67,15,23,7,21,"(15, 23, 7, 21)"
31,3,71,27,15,7,11,"(27, 15, 7, 11)"
31,3,73,2,2,7,18,"(2, 2, 7, 18)"
31,3,79,20,20,7,25,"(20, 20, 7, 25)"
31,3,83,1,2,7,18,"(1, 2, 7, 18)"
31,3,89,19,23,7,21,"(19, 23, 7, 21)"
31,3,97,12,29,7,13,"(12, 29, 7, 13)"
31,5,7,4,4,21,12,"(4, 4, 21, 12)"
31,5,11,24,6,21,18,"(24, 6, 21, 18)"
31,5,13,3,11,21,2,"(3, 11, 21, 2)"
31,5,17,23,29,21,25,"(23, 29, 21, 25)"
31,5,19,2,11,21,2,"(2, 11, 21, 2)"
31,5,23,22,14,21,11,"(22, 14, 21, 11)"
31,5,29,21,23,21,7,"(21, 23, 21, 7)"
31,5,31,0,21,21,1,"(0, 21, 21, 1)"
31,5,37,30,0,21,0,"(30, 0, 21, 0)"
31,5,41,19,20,21,29,"(19, 20, 21, 29)"
31,5,43,29,3,21,9,"(29, 3, 21, 9)"
31,5,47,18,8,21,24,"(18, 8, 21, 24)"
31,5,53,17,20,21,29,"(17, 20, 21, 29)"
31,5,59,16,25,21,13,"(16, 25, 21, 13)"
31,5,61,26,1,21,3,"(26, 1, 21, 3)"
31,5,67,25,7,21,21,"(25, 7, 21, 21)"
31,5,71,14,14,21,11,"(14, 14, 21, 11)"
31,5,73,24,6,21,18,"(24, 6, 21, 18)"
31,5,79,23,29,21,25,"(23, 29, 21, 25)"
31,5,83,12,6,21,18,"(12, 6, 21, 18)"
31,5,89,11,7,21,21,"(11, 7, 21, 21)"
31,5,97,20,25,21,13,"(20, 25, 21, 13)"
31,7,11,15,30,12,18,"(15, 30, 12, 18)"
31,7,13,29,24,12,2,"(29, 24, 12, 2)"
31,7,17,26,21,12,25,"(26, 21, 12, 25)"
31,7,19,9,24,12,2,"(9, 24, 12, 2)"
31,7,23,6,8,12,11,"(6, 8, 12, 11)"
31,7,29,17,22,12,7,"(17, 22, 12, 7)"
31,7,31,0,12,12,1,"(0, 12, 12, 1)"
31,7,37,11,0,12,0,"(11, 0, 12, 0)"
31,7,41,8,7,12,29,"(8, 7, 12, 29)"
31,7,43,22,15,12,9,"(22, 15, 12, 9)"
31,7,47,19,9,12,24,"(19, 9, 12, 24)"
31,7,53,30,7,12,29,"(30, 7, 12, 29)"
31,7,59,10,1,12,13,"(10, 1, 12, 13)"
31,7,61,24,5,12,3,"(24, 5, 12, 3)"
31,7,67,4,4,12,21,"(4, 4, 12, 21)"
31,7,71,1,8,12,11,"(1, 8, 12, 11)"
31,7,73,15,30,12,18,"(15, 30, 12, 18)"
31,7,79,26,21,12,25,"(26, 21, 12, 25)"
31,7,83,23,30,12,18,"(23, 30, 12, 18)"
31,7,89,3,4,12,21,"(3, 4, 12, 21)"
31,7,97,28,1,12,13,"(28, 1, 12, 13)"
31,11,13,19,5,18,2,"(19, 5, 18, 2)"
31,11,17,1,16,18,25,"(1, 16, 18, 25)"
31,11,19,23,5,18,2,"(23, 5, 18, 2)"
31,11,23,5,12,18,11,"(5, 12, 18, 11)"
31,11,29,9,2,18,7,"(9, 2, 18, 7)"
31,11,31,0,18,18,1,"(0, 18, 18, 1)"
31,11,37,4,0,18,0,"(4, 0, 18, 0)"
31,11,41,17,26,18,29,"(17, 26, 18, 29)"
31,11,43,8,7,18,9,"(8, 7, 18, 9)"
31,11,47,21,29,18,24,"(21, 29, 18, 24)"
31,11,53,25,26,18,29,"(25, 26, 18, 29)"
31,11,59,29,17,18,13,"(29, 17, 18, 13)"
31,11,61,20,23,18,3,"(20, 23, 18, 3)"
31,11,67,24,6,18,21,"(24, 6, 18, 21)"
31,11,71,6,12,18,11,"(6, 12, 18, 11)"
31,11,73,28,14,18,18,"(28, 14, 18, 18)"
31,11,79,1,16,18,25,"(1, 16, 18, 25)"
31,11,83,14,14,18,18,"(14, 14, 18, 18)"
31,11,89,18,6,18,21,"(18, 6, 18, 21)"
31,11,97,13,17,18,13,"(13, 17, 18, 13)"
31,13,17,4,19,2,25,"(4, 19, 2, 25)"
31,13,19,30,4,2,2,"(30, 4, 2, 2)"
31,13,23,20,22,2,11,"(20, 22, 2, 11)"
31,13,29,5,14,2,7,"(5, 14, 2, 7)"
31,13,31,0,2,2,1,"(0, 2, 2, 1)"
31,13,37,16,0,2,0,"(16, 0, 2, 0)"
31,13,41,6,27,2,29,"(6, 27, 2, 29)"
31,13,43,1,18,2,9,"(1, 18, 2, 9)"
31,13,47,22,17,2,24,"(22, 17, 2, 24)"
31,13,53,7,27,2,29,"(7, 27, 2, 29)"
31,13,59,23,26,2,13,"(23, 26, 2, 13)"
31,13,61,18,6,2,3,"(18, 6, 2, 3)"
31,13,67,3,11,2,21,"(3, 11, 2, 21)"
31,13,71,24,22,2,11,"(24, 22, 2, 11)"
31,13,73,19,5,2,18,"(19, 5, 2, 18)"
31,13,79,4,19,2,25,"(4, 19, 2, 25)"
31,13,83,25,5,2,18,"(25, 5, 2, 18)"
31,13,89,10,11,2,21,"(10, 11, 2, 21)"
31,13,97,21,26,2,13,"(21, 26, 2, 13)"
31,17,19,13,19,25,2,"(13, 19, 25, 2)"
31,17,23,19,27,25,11,"(19, 27, 25, 11)"
31,17,29,28,20,25,7,"(28, 20, 25, 7)"
31,17,31,0,25,25,1,"(0, 25, 25, 1)"
31,17,37,9,0,25,0,"(9, 0, 25, 0)"
31,17,41,15,12,25,29,"(15, 12, 25, 29)"
31,17,43,18,8,25,9,"(18, 8, 25, 9)"
31,17,47,24,11,25,24,"(24, 11, 25, 24)"
31,17,53,2,12,25,29,"(2, 12, 25, 29)"
31,17,59,11,15,25,13,"(11, 15, 25, 13)"
31,17,61,14,13,25,3,"(14, 13, 25, 3)"
31,17,67,23,29,25,21,"(23, 29, 25, 21)"
31,17,71,29,27,25,11,"(29, 27, 25, 11)"
31,17,73,1,16,25,18,"(1, 16, 25, 18)"
31,17,79,10,5,25,25,"(10, 5, 25, 25)"
31,17,83,16,16,25,18,"(16, 16, 25, 18)"
31,17,89,25,29,25,21,"(25, 29, 25, 21)"
31,17,97,6,15,25,13,"(6, 15, 25, 13)"
31,19,23,3,22,2,11,"(3, 22, 2, 11)"
31,19,29,24,14,2,7,"(24, 14, 2, 7)"
31,19,31,0,2,2,1,"(0, 2, 2, 1)"
31,19,37,21,0,2,0,"(21, 0, 2, 0)"
31,19,41,4,27,2,29,"(4, 27, 2, 29)"
31,19,43,11,18,2,9,"(11, 18, 2, 9)"
31,19,47,25,17,2,24,"(25, 17, 2, 24)"
31,19,53,15,27,2,29,"(15, 27, 2, 29)"
31,19,59,5,26,2,13,"(5, 26, 2, 13)"
31,19,61,12,6,2,3,"(12, 6, 2, 3)"
31,19,67,2,11,2,21,"(2, 11, 2, 21)"
31,19,71,16,22,2,11,"(16, 22, 2, 11)"
31,19,73,23,5,2,18,"(23, 5, 2, 18)"
31,19,79,13,19,2,25,"(13, 19, 2, 25)"
31,19,83,27,5,2,18,"(27, 5, 2, 18)"
31,19,89,17,11,2,21,"(17, 11, 2, 21)"
31,19,97,14,26,2,13,"(14, 26, 2, 13)"
31,23,29,16,15,11,7,"(16, 15, 11, 7)"
31,23,31,0,11,11,1,"(0, 11, 11, 1)"
31,23,37,14,0,11,0,"(14, 0, 11, 0)"
31,23,41,13,9,11,29,"(13, 9, 11, 29)"
31,23,43,28,6,11,9,"(28, 6, 11, 9)"
31,23,47,27,16,11,24,"(27, 16, 11, 24)"
31,23,53,10,9,11,29,"(10, 9, 11, 29)"
31,23,59,24,19,11,13,"(24, 19, 11, 13)"
31,23,61,8,2,11,3,"(8, 2, 11, 3)"
31,23,67,22,14,11,21,"(22, 14, 11, 21)"
31,23,71,21,28,11,11,"(21, 28, 11, 11)"
31,23,73,5,12,11,18,"(5, 12, 11, 18)"
31,23,79,19,27,11,25,"(19, 27, 11, 25)"
31,23,83,18,12,11,18,"(18, 12, 11, 18)"
31,23,89,1,14,11,21,"(1, 14, 11, 21)"
31,23,97,30,19,11,13,"(30, 19, 11, 13)"
31,29,31,0,7,7,1,"(0, 7, 7, 1)"
31,29,37,19,0,7,0,"(19, 0, 7, 0)"
31,29,41,11,17,7,29,"(11, 17, 7, 29)"
31,29,43,7,1,7,9,"(7, 1, 7, 9)"
31,29,47,30,13,7,24,"(30, 13, 7, 24)"
31,29,53,18,17,7,29,"(18, 17, 7, 29)"
31,29,59,6,29,7,13,"(6, 29, 7, 13)"
31,29,61,2,21,7,3,"(2, 21, 7, 3)"
31,29,67,21,23,7,21,"(21, 23, 7, 21)"
31,29,71,13,15,7,11,"(13, 15, 7, 11)"
31,29,73,9,2,7,18,"(9, 2, 7, 18)"
31,29,79,28,20,7,25,"(28, 20, 7, 25)"
31,29,83,20,2,7,18,"(20, 2, 7, 18)"
31,29,89,8,23,7,21,"(8, 23, 7, 21)"
31,29,97,23,29,7,13,"(23, 29, 7, 13)"
31,31,37,0,0,1,0,"(0, 0, 1, 0)"
31,31,41,0,29,1,29,"(0, 29, 1, 29)"
31,31,43,0,9,1,9,"(0, 9, 1, 9)"
31,31,47,0,24,1,24,"(0, 24, 1, 24)"
31,31,53,0,29,1,29,"(0, 29, 1, 29)"
31,31,59,0,13,1,13,"(0, 13, 1, 13)"
31,31,61,0,3,1,3,"(0, 3, 1, 3)"
31,31,67,0,21,1,21,"(0, 21, 1, 21)"
31,31,71,0,11,1,11,"(0, 11, 1, 11)"
31,31,73,0,18,1,18,"(0, 18, 1, 18)"
31,31,79,0,25,1,25,"(0, 25, 1, 25)"
31,31,83,0,18,1,18,"(0, 18, 1, 18)"
31,31,89,0,21,1,21,"(0, 21, 1, 21)"
31,31,97,0,13,1,13,"(0, 13, 1, 13)"
31,37,41,29,0,0,29,"(29, 0, 0, 29)"
31,37,43,10,0,0,9,"(10, 0, 0, 9)"
31,37,47,3,0,0,24,"(3, 0, 0, 24)"
31,37,53,8,0,0,29,"(8, 0, 0, 29)"
31,37,59,13,0,0,13,"(13, 0, 0, 13)"
31,37,61,25,0,0,3,"(25, 0, 0, 3)"
31,37,67,30,0,0,21,"(30, 0, 0, 21)"
31,37,71,23,0,0,11,"(23, 0, 0, 11)"
31,37,73,4,0,0,18,"(4, 0, 0, 18)"
31,37,79,9,0,0,25,"(9, 0, 0, 25)"
31,37,83,2,0,0,18,"(2, 0, 0, 18)"
31,37,89,7,0,0,21,"(7, 0, 0, 21)"
31,37,97,24,0,0,13,"(24, 0, 0, 13)"
31,41,43,27,13,29,9,"(27, 13, 29, 9)"
31,41,47,5,14,29,24,"(5, 14, 29, 24)"
31,41,53,3,4,29,29,"(3, 4, 29, 29)"
31,41,59,1,5,29,13,"(1, 5, 29, 13)"
31,41,61,21,25,29,3,"(21, 25, 29, 3)"
31,41,67,19,20,29,21,"(19, 20, 29, 21)"
31,41,71,28,9,29,11,"(28, 9, 29, 11)"
31,41,73,17,26,29,18,"(17, 26, 29, 18)"
31,41,79,15,12,29,25,"(15, 12, 29, 25)"
31,41,83,24,26,29,18,"(24, 26, 29, 18)"
31,41,89,22,20,29,21,"(22, 20, 29, 21)"
31,41,97,9,5,29,13,"(9, 5, 29, 13)"
31,43,47,6,30,9,24,"(6, 30, 9, 24)"
31,43,53,16,13,9,29,"(16, 13, 9, 29)"
31,43,59,26,24,9,13,"(26, 24, 9, 13)"
31,43,61,19,27,9,3,"(19, 27, 9, 3)"
31,43,67,29,3,9,21,"(29, 3, 9, 21)"
31,43,71,15,6,9,11,"(15, 6, 9, 11)"
31,43,73,8,7,9,18,"(8, 7, 9, 18)"
31,43,79,18,8,9,25,"(18, 8, 9, 25)"
31,43,83,4,7,9,18,"(4, 7, 9, 18)"
31,43,89,14,3,9,21,"(14, 3, 9, 21)"
31,43,97,17,24,9,13,"(17, 24, 9, 13)"
31,47,53,11,14,24,29,"(11, 14, 24, 29)"
31,47,59,14,2,24,13,"(14, 2, 24, 13)"
31,47,61,15,10,24,3,"(15, 10, 24, 3)"
31,47,67,18,8,24,21,"(18, 8, 24, 21)"
31,47,71,20,16,24,11,"(20, 16, 24, 11)"
31,47,73,21,29,24,18,"(21, 29, 24, 18)"
31,47,79,24,11,24,25,"(24, 11, 24, 25)"
31,47,83,26,29,24,18,"(26, 29, 24, 18)"
31,47,89,29,8,24,21,"(29, 8, 24, 21)"
31,47,97,2,2,24,13,"(2, 2, 24, 13)"
31,53,59,27,5,29,13,"(27, 5, 29, 13)"
31,53,61,9,25,29,3,"(9, 25, 29, 3)"
31,53,67,17,20,29,21,"(17, 20, 29, 21)"
31,53,71,12,9,29,11,"(12, 9, 29, 11)"
31,53,73,25,26,29,18,"(25, 26, 29, 18)"
31,53,79,2,12,29,25,"(2, 12, 29, 25)"
31,53,83,28,26,29,18,"(28, 26, 29, 18)"
31,53,89,5,20,29,21,"(5, 20, 29, 21)"
31,53,97,26,5,29,13,"(26, 5, 29, 13)"
31,59,61,3,8,13,3,"(3, 8, 13, 3)"
31,59,67,16,25,13,21,"(16, 25, 13, 21)"
31,59,71,4,19,13,11,"(4, 19, 13, 11)"
31,59,73,29,17,13,18,"(29, 17, 13, 18)"
31,59,79,11,15,13,25,"(11, 15, 13, 25)"
31,59,83,30,17,13,18,"(30, 17, 13, 18)"
31,59,89,12,25,13,21,"(12, 25, 13, 21)"
31,59,97,19,14,13,13,"(19, 14, 13, 13)"
31,61,67,26,1,3,21,"(26, 1, 3, 21)"
31,61,71,22,2,3,11,"(22, 2, 3, 11)"
31,61,73,20,23,3,18,"(20, 23, 3, 18)"
31,61,79,14,13,3,25,"(14, 13, 3, 25)"
31,61,83,10,23,3,18,"(10, 23, 3, 18)"
31,61,89,4,1,3,21,"(4, 1, 3, 21)"
31,61,97,27,8,3,13,"(27, 8, 3, 13)"
31,67,71,14,14,21,11,"(14, 14, 21, 11)"
31,67,73,24,6,21,18,"(24, 6, 21, 18)"
31,67,79,23,29,21,25,"(23, 29, 21, 25)"
31,67,83,12,6,21,18,"(12, 6, 21, 18)"
31,67,89,11,7,21,21,"(11, 7, 21, 21)"
31,67,97,20,25,21,13,"(20, 25, 21, 13)"
31,71,73,6,12,11,18,"(6, 12, 11, 18)"
31,71,79,29,27,11,25,"(29, 27, 11, 25)"
31,71,83,3,12,11,18,"(3, 12, 11, 18)"
31,71,89,26,14,11,21,"(26, 14, 11, 21)"
31,71,97,5,19,11,13,"(5, 19, 11, 13)"
31,73,79,1,16,18,25,"(1, 16, 18, 25)"
31,73,83,14,14,18,18,"(14, 14, 18, 18)"
31,73,89,18,6,18,21,"(18, 6, 18, 21)"
31,73,97,13,17,18,13,"(13, 17, 18, 13)"
31,79,83,16,16,25,18,"(16, 16, 25, 18)"
31,79,89,25,29,25,21,"(25, 29, 25, 21)"
31,79,97,6,15,25,13,"(6, 15, 25, 13)"
31,83,89,9,6,18,21,"(9, 6, 18, 21)"
31,83,97,22,17,18,13,"(22, 17, 18, 13)"
31,89,97,15,25,21,13,"(15, 25, 21, 13)"
