p,q,n,r,K3,A,D_u,recovered
2,3,6,0,-20,21,9,True
2,3,6,1,-20,21,9,True
2,3,6,2,-62,21,9,True
2,3,6,5,-440,21,9,True
2,3,6,7,-902,21,9,True
2,5,10,0,-62,63,9,True
2,5,10,1,-62,63,9,True
2,5,10,2,-188,63,9,True
2,5,10,5,-1322,63,9,True
2,5,10,7,-2708,63,9,True
2,7,14,0,-128,129,9,True
2,7,14,1,-128,129,9,True
2,7,14,2,-386,129,9,True
2,7,14,5,-2708,129,9,True
2,7,14,7,-5546,129,9,True
2,11,22,0,-332,333,9,True
2,11,22,1,-332,333,9,True
2,11,22,2,-998,333,9,True
2,11,22,5,-6992,333,9,True
2,11,22,7,-14318,333,9,True
2,13,26,0,-470,471,9,True
2,13,26,1,-470,471,9,True
2,13,26,2,-1412,471,9,True
2,13,26,5,-9890,471,9,True
2,13,26,7,-20252,471,9,True
2,17,34,0,-818,819,9,True
2,17,34,1,-818,819,9,True
2,17,34,2,-2456,819,9,True
2,17,34,5,-17198,819,9,True
2,17,34,7,-35216,819,9,True
2,19,38,0,-1028,1029,9,True
2,19,38,1,-1028,1029,9,True
2,19,38,2,-3086,1029,9,True
2,19,38,5,-21608,1029,9,True
2,19,38,7,-44246,1029,9,True
2,23,46,0,-1520,1521,9,True
2,23,46,1,-1520,1521,9,True
2,23,46,2,-4562,1521,9,True
2,23,46,5,-31940,1521,9,True
2,23,46,7,-65402,1521,9,True
2,29,58,0,-2438,2439,9,True
2,29,58,1,-2438,2439,9,True
2,29,58,2,-7316,2439,9,True
2,29,58,5,-51218,2439,9,True
2,29,58,7,-104876,2439,9,True
2,31,62,0,-2792,2793,9,True
2,31,62,1,-2792,2793,9,True
2,31,62,2,-8378,2793,9,True
2,31,62,5,-58652,2793,9,True
2,31,62,7,-120098,2793,9,True
2,37,74,0,-3998,3999,9,True
2,37,74,1,-3998,3999,9,True
2,37,74,2,-11996,3999,9,True
2,37,74,5,-83978,3999,9,True
2,37,74,7,-171956,3999,9,True
2,41,82,0,-4922,4923,9,True
2,41,82,1,-4922,4923,9,True
2,41,82,2,-14768,4923,9,True
2,41,82,5,-103382,4923,9,True
2,41,82,7,-211688,4923,9,True
2,43,86,0,-5420,5421,9,True
2,43,86,1,-5420,5421,9,True
2,43,86,2,-16262,5421,9,True
2,43,86,5,-113840,5421,9,True
2,43,86,7,-233102,5421,9,True
2,47,94,0,-6488,6489,9,True
2,47,94,1,-6488,6489,9,True
2,47,94,2,-19466,6489,9,True
2,47,94,5,-136268,6489,9,True
2,47,94,7,-279026,6489,9,True
2,53,106,0,-8270,8271,9,True
2,53,106,1,-8270,8271,9,True
2,53,106,2,-24812,8271,9,True
2,53,106,5,-173690,8271,9,True
2,53,106,7,-355652,8271,9,True
2,59,118,0,-10268,10269,9,True
2,59,118,1,-10268,10269,9,True
2,59,118,2,-30806,10269,9,True
2,59,118,5,-215648,10269,9,True
2,59,118,7,-441566,10269,9,True
2,61,122,0,-10982,10983,9,True
2,61,122,1,-10982,10983,9,True
2,61,122,2,-32948,10983,9,True
2,61,122,5,-230642,10983,9,True
2,61,122,7,-472268,10983,9,True
2,67,134,0,-13268,13269,9,True
2,67,134,1,-13268,13269,9,True
2,67,134,2,-39806,13269,9,True
2,67,134,5,-278648,13269,9,True
2,67,134,7,-570566,13269,9,True
2,71,142,0,-14912,14913,9,True
2,71,142,1,-14912,14913,9,True
2,71,142,2,-44738,14913,9,True
2,71,142,5,-313172,14913,9,True
2,71,142,7,-641258,14913,9,True
2,73,146,0,-15770,15771,9,True
2,73,146,1,-15770,15771,9,True
2,73,146,2,-47312,15771,9,True
2,73,146,5,-331190,15771,9,True
2,73,146,7,-678152,15771,9,True
2,79,158,0,-18488,18489,9,True
2,79,158,1,-18488,18489,9,True
2,79,158,2,-55466,18489,9,True
2,79,158,5,-388268,18489,9,True
2,79,158,7,-795026,18489,9,True
2,83,166,0,-20420,20421,9,True
2,83,166,1,-20420,20421,9,True
2,83,166,2,-61262,20421,9,True
2,83,166,5,-428840,20421,9,True
2,83,166,7,-878102,20421,9,True
2,89,178,0,-23498,23499,9,True
2,89,178,1,-23498,23499,9,True
2,89,178,2,-70496,23499,9,True
2,89,178,5,-493478,23499,9,True
2,89,178,7,-1010456,23499,9,True
2,97,194,0,-27938,27939,9,True
2,97,194,1,-27938,27939,9,True
2,97,194,2,-83816,27939,9,True
2,97,194,5,-586718,27939,9,True
2,97,194,7,-1201376,27939,9,True
2,101,202,0,-30302,30303,9,True
2,101,202,1,-30302,30303,9,True
2,101,202,2,-90908,30303,9,True
2,101,202,5,-636362,30303,9,True
2,101,202,7,-1303028,30303,9,True
2,103,206,0,-31520,31521,9,True
2,103,206,1,-31520,31521,9,True
2,103,206,2,-94562,31521,9,True
2,103,206,5,-661940,31521,9,True
2,103,206,7,-1355402,31521,9,True
2,107,214,0,-34028,34029,9,True
2,107,214,1,-34028,34029,9,True
2,107,214,2,-102086,34029,9,True
2,107,214,5,-714608,34029,9,True
2,107,214,7,-1463246,34029,9,True
2,109,218,0,-35318,35319,9,True
2,109,218,1,-35318,35319,9,True
2,109,218,2,-105956,35319,9,True
2,109,218,5,-741698,35319,9,True
2,109,218,7,-1518716,35319,9,True
2,113,226,0,-37970,37971,9,True
2,113,226,1,-37970,37971,9,True
2,113,226,2,-113912,37971,9,True
2,113,226,5,-797390,37971,9,True
2,113,226,7,-1632752,37971,9,True
2,127,254,0,-48008,48009,9,True
2,127,254,1,-48008,48009,9,True
2,127,254,2,-144026,48009,9,True
2,127,254,5,-1008188,48009,9,True
2,127,254,7,-2064386,48009,9,True
2,131,262,0,-51092,51093,9,True
2,131,262,1,-51092,51093,9,True
2,131,262,2,-153278,51093,9,True
2,131,262,5,-1072952,51093,9,True
2,131,262,7,-2196998,51093,9,True
2,137,274,0,-55898,55899,9,True
2,137,274,1,-55898,55899,9,True
2,137,274,2,-167696,55899,9,True
2,137,274,5,-1173878,55899,9,True
2,137,274,7,-2403656,55899,9,True
2,139,278,0,-57548,57549,9,True
2,139,278,1,-57548,57549,9,True
2,139,278,2,-172646,57549,9,True
2,139,278,5,-1208528,57549,9,True
2,139,278,7,-2474606,57549,9,True
2,149,298,0,-66158,66159,9,True
2,149,298,1,-66158,66159,9,True
2,149,298,2,-198476,66159,9,True
2,149,298,5,-1389338,66159,9,True
2,149,298,7,-2844836,66159,9,True
2,151,302,0,-67952,67953,9,True
2,151,302,1,-67952,67953,9,True
2,151,302,2,-203858,67953,9,True
2,151,302,5,-1427012,67953,9,True
2,151,302,7,-2921978,67953,9,True
2,157,314,0,-73478,73479,9,True
2,157,314,1,-73478,73479,9,True
2,157,314,2,-220436,73479,9,True
2,157,314,5,-1543058,73479,9,True
2,157,314,7,-3159596,73479,9,True
2,163,326,0,-79220,79221,9,True
2,163,326,1,-79220,79221,9,True
2,163,326,2,-237662,79221,9,True
2,163,326,5,-1663640,79221,9,True
2,163,326,7,-3406502,79221,9,True
2,167,334,0,-83168,83169,9,True
2,167,334,1,-83168,83169,9,True
2,167,334,2,-249506,83169,9,True
2,167,334,5,-1746548,83169,9,True
2,167,334,7,-3576266,83169,9,True
2,173,346,0,-89270,89271,9,True
2,173,346,1,-89270,89271,9,True
2,173,346,2,-267812,89271,9,True
2,173,346,5,-1874690,89271,9,True
2,173,346,7,-3838652,89271,9,True
2,179,358,0,-95588,95589,9,True
2,179,358,1,-95588,95589,9,True
2,179,358,2,-286766,95589,9,True
2,179,358,5,-2007368,95589,9,True
2,179,358,7,-4110326,95589,9,True
2,181,362,0,-97742,97743,9,True
2,181,362,1,-97742,97743,9,True
2,181,362,2,-293228,97743,9,True
2,181,362,5,-2052602,97743,9,True
2,181,362,7,-4202948,97743,9,True
2,191,382,0,-108872,108873,9,True
2,191,382,1,-108872,108873,9,True
2,191,382,2,-326618,108873,9,True
2,191,382,5,-2286332,108873,9,True
2,191,382,7,-4681538,108873,9,True
2,193,386,0,-111170,111171,9,True
2,193,386,1,-111170,111171,9,True
2,193,386,2,-333512,111171,9,True
2,193,386,5,-2334590,111171,9,True
2,193,386,7,-4780352,111171,9,True
2,197,394,0,-115838,115839,9,True
2,197,394,1,-115838,115839,9,True
2,197,394,2,-347516,115839,9,True
2,197,394,5,-2432618,115839,9,True
2,197,394,7,-4981076,115839,9,True
2,199,398,0,-118208,118209,9,True
2,199,398,1,-118208,118209,9,True
2,199,398,2,-354626,118209,9,True
2,199,398,5,-2482388,118209,9,True
2,199,398,7,-5082986,118209,9,True
2,211,422,0,-132932,132933,9,True
2,211,422,1,-132932,132933,9,True
2,211,422,2,-398798,132933,9,True
2,211,422,5,-2791592,132933,9,True
2,211,422,7,-5716118,132933,9,True
2,223,446,0,-148520,148521,9,True
2,223,446,1,-148520,148521,9,True
2,223,446,2,-445562,148521,9,True
2,223,446,5,-3118940,148521,9,True
2,223,446,7,-6386402,148521,9,True
2,227,454,0,-153908,153909,9,True
2,227,454,1,-153908,153909,9,True
2,227,454,2,-461726,153909,9,True
2,227,454,5,-3232088,153909,9,True
2,227,454,7,-6618086,153909,9,True
2,229,458,0,-156638,156639,9,True
2,229,458,1,-156638,156639,9,True
2,229,458,2,-469916,156639,9,True
2,229,458,5,-3289418,156639,9,True
2,229,458,7,-6735476,156639,9,True
2,233,466,0,-162170,162171,9,True
2,233,466,1,-162170,162171,9,True
2,233,466,2,-486512,162171,9,True
2,233,466,5,-3405590,162171,9,True
2,233,466,7,-6973352,162171,9,True
2,239,478,0,-170648,170649,9,True
2,239,478,1,-170648,170649,9,True
2,239,478,2,-511946,170649,9,True
2,239,478,5,-3583628,170649,9,True
2,239,478,7,-7337906,170649,9,True
2,241,482,0,-173522,173523,9,True
2,241,482,1,-173522,173523,9,True
2,241,482,2,-520568,173523,9,True
2,241,482,5,-3643982,173523,9,True
2,241,482,7,-7461488,173523,9,True
2,251,502,0,-188252,188253,9,True
2,251,502,1,-188252,188253,9,True
2,251,502,2,-564758,188253,9,True
2,251,502,5,-3953312,188253,9,True
2,251,502,7,-8094878,188253,9,True
2,257,514,0,-197378,197379,9,True
2,257,514,1,-197378,197379,9,True
2,257,514,2,-592136,197379,9,True
2,257,514,5,-4144958,197379,9,True
2,257,514,7,-8487296,197379,9,True
2,263,526,0,-206720,206721,9,True
2,263,526,1,-206720,206721,9,True
2,263,526,2,-620162,206721,9,True
2,263,526,5,-4341140,206721,9,True
2,263,526,7,-8889002,206721,9,True
2,269,538,0,-216278,216279,9,True
2,269,538,1,-216278,216279,9,True
2,269,538,2,-648836,216279,9,True
2,269,538,5,-4541858,216279,9,True
2,269,538,7,-9299996,216279,9,True
2,271,542,0,-219512,219513,9,True
2,271,542,1,-219512,219513,9,True
2,271,542,2,-658538,219513,9,True
2,271,542,5,-4609772,219513,9,True
2,271,542,7,-9439058,219513,9,True
2,277,554,0,-229358,229359,9,True
2,277,554,1,-229358,229359,9,True
2,277,554,2,-688076,229359,9,True
2,277,554,5,-4816538,229359,9,True
2,277,554,7,-9862436,229359,9,True
2,281,562,0,-236042,236043,9,True
2,281,562,1,-236042,236043,9,True
2,281,562,2,-708128,236043,9,True
2,281,562,5,-4956902,236043,9,True
2,281,562,7,-10149848,236043,9,True
2,283,566,0,-239420,239421,9,True
2,283,566,1,-239420,239421,9,True
2,283,566,2,-718262,239421,9,True
2,283,566,5,-5027840,239421,9,True
2,283,566,7,-10295102,239421,9,True
2,293,586,0,-256670,256671,9,True
2,293,586,1,-256670,256671,9,True
2,293,586,2,-770012,256671,9,True
2,293,586,5,-5390090,256671,9,True
2,293,586,7,-11036852,256671,9,True
3,5,15,0,-146,147,0,True
3,5,15,1,-146,147,0,True
3,5,15,2,-440,147,0,True
3,5,15,5,-3086,147,0,True
3,5,15,7,-6320,147,0,True
3,7,21,0,-300,301,4,True
3,7,21,1,-300,301,4,True
3,7,21,2,-902,301,4,True
3,7,21,5,-6320,301,4,True
3,7,21,7,-12942,301,4,True
3,11,33,0,-776,777,36,True
3,11,33,1,-776,777,36,True
3,11,33,2,-2330,777,36,True
3,11,33,5,-16316,777,36,True
3,11,33,7,-33410,777,36,True
3,13,39,0,-1098,1099,64,True
3,13,39,1,-1098,1099,64,True
3,13,39,2,-3296,1099,64,True
3,13,39,5,-23078,1099,64,True
3,13,39,7,-47256,1099,64,True
3,17,51,0,-1910,1911,144,True
3,17,51,1,-1910,1911,144,True
3,17,51,2,-5732,1911,144,True
3,17,51,5,-40130,1911,144,True
3,17,51,7,-82172,1911,144,True
3,19,57,0,-2400,2401,196,True
3,19,57,1,-2400,2401,196,True
3,19,57,2,-7202,2401,196,True
3,19,57,5,-50420,2401,196,True
3,19,57,7,-103242,2401,196,True
3,23,69,0,-3548,3549,324,True
3,23,69,1,-3548,3549,324,True
3,23,69,2,-10646,3549,324,True
3,23,69,5,-74528,3549,324,True
3,23,69,7,-152606,3549,324,True
3,29,87,0,-5690,5691,576,True
3,29,87,1,-5690,5691,576,True
3,29,87,2,-17072,5691,576,True
3,29,87,5,-119510,5691,576,True
3,29,87,7,-244712,5691,576,True
3,31,93,0,-6516,6517,676,True
3,31,93,1,-6516,6517,676,True
3,31,93,2,-19550,6517,676,True
3,31,93,5,-136856,6517,676,True
3,31,93,7,-280230,6517,676,True
3,37,111,0,-9330,9331,1024,True
3,37,111,1,-9330,9331,1024,True
3,37,111,2,-27992,9331,1024,True
3,37,111,5,-195950,9331,1024,True
3,37,111,7,-401232,9331,1024,True
3,41,123,0,-11486,11487,1296,True
3,41,123,1,-11486,11487,1296,True
3,41,123,2,-34460,11487,1296,True
3,41,123,5,-241226,11487,1296,True
3,41,123,7,-493940,11487,1296,True
3,43,129,0,-12648,12649,1444,True
3,43,129,1,-12648,12649,1444,True
3,43,129,2,-37946,12649,1444,True
3,43,129,5,-265628,12649,1444,True
3,43,129,7,-543906,12649,1444,True
3,47,141,0,-15140,15141,1764,True
3,47,141,1,-15140,15141,1764,True
3,47,141,2,-45422,15141,1764,True
3,47,141,5,-317960,15141,1764,True
3,47,141,7,-651062,15141,1764,True
3,53,159,0,-19298,19299,2304,True
3,53,159,1,-19298,19299,2304,True
3,53,159,2,-57896,19299,2304,True
3,53,159,5,-405278,19299,2304,True
3,53,159,7,-829856,19299,2304,True
3,59,177,0,-23960,23961,2916,True
3,59,177,1,-23960,23961,2916,True
3,59,177,2,-71882,23961,2916,True
3,59,177,5,-503180,23961,2916,True
3,59,177,7,-1030322,23961,2916,True
3,61,183,0,-25626,25627,3136,True
3,61,183,1,-25626,25627,3136,True
3,61,183,2,-76880,25627,3136,True
3,61,183,5,-538166,25627,3136,True
3,61,183,7,-1101960,25627,3136,True
3,67,201,0,-30960,30961,3844,True
3,67,201,1,-30960,30961,3844,True
3,67,201,2,-92882,30961,3844,True
3,67,201,5,-650180,30961,3844,True
3,67,201,7,-1331322,30961,3844,True
3,71,213,0,-34796,34797,4356,True
3,71,213,1,-34796,34797,4356,True
3,71,213,2,-104390,34797,4356,True
3,71,213,5,-730736,34797,4356,True
3,71,213,7,-1496270,34797,4356,True
3,73,219,0,-36798,36799,4624,True
3,73,219,1,-36798,36799,4624,True
3,73,219,2,-110396,36799,4624,True
3,73,219,5,-772778,36799,4624,True
3,73,219,7,-1582356,36799,4624,True
3,79,237,0,-43140,43141,5476,True
3,79,237,1,-43140,43141,5476,True
3,79,237,2,-129422,43141,5476,True
3,79,237,5,-905960,43141,5476,True
3,79,237,7,-1855062,43141,5476,True
3,83,249,0,-47648,47649,6084,True
3,83,249,1,-47648,47649,6084,True
3,83,249,2,-142946,47649,6084,True
3,83,249,5,-1000628,47649,6084,True
3,83,249,7,-2048906,47649,6084,True
3,89,267,0,-54830,54831,7056,True
3,89,267,1,-54830,54831,7056,True
3,89,267,2,-164492,54831,7056,True
3,89,267,5,-1151450,54831,7056,True
3,89,267,7,-2357732,54831,7056,True
3,97,291,0,-65190,65191,8464,True
3,97,291,1,-65190,65191,8464,True
3,97,291,2,-195572,65191,8464,True
3,97,291,5,-1369010,65191,8464,True
3,97,291,7,-2803212,65191,8464,True
3,101,303,0,-70706,70707,9216,True
3,101,303,1,-70706,70707,9216,True
3,101,303,2,-212120,70707,9216,True
3,101,303,5,-1484846,70707,9216,True
3,101,303,7,-3040400,70707,9216,True
3,103,309,0,-73548,73549,9604,True
3,103,309,1,-73548,73549,9604,True
3,103,309,2,-220646,73549,9604,True
3,103,309,5,-1544528,73549,9604,True
3,103,309,7,-3162606,73549,9604,True
3,107,321,0,-79400,79401,10404,True
3,107,321,1,-79400,79401,10404,True
3,107,321,2,-238202,79401,10404,True
3,107,321,5,-1667420,79401,10404,True
3,107,321,7,-3414242,79401,10404,True
3,109,327,0,-82410,82411,10816,True
3,109,327,1,-82410,82411,10816,True
3,109,327,2,-247232,82411,10816,True
3,109,327,5,-1730630,82411,10816,True
3,109,327,7,-3543672,82411,10816,True
3,113,339,0,-88598,88599,11664,True
3,113,339,1,-88598,88599,11664,True
3,113,339,2,-265796,88599,11664,True
3,113,339,5,-1860578,88599,11664,True
3,113,339,7,-3809756,88599,11664,True
3,127,381,0,-112020,112021,14884,True
3,127,381,1,-112020,112021,14884,True
3,127,381,2,-336062,112021,14884,True
3,127,381,5,-2352440,112021,14884,True
3,127,381,7,-4816902,112021,14884,True
3,131,393,0,-119216,119217,15876,True
3,131,393,1,-119216,119217,15876,True
3,131,393,2,-357650,119217,15876,True
3,131,393,5,-2503556,119217,15876,True
3,131,393,7,-5126330,119217,15876,True
3,137,411,0,-130430,130431,17424,True
3,137,411,1,-130430,130431,17424,True
3,137,411,2,-391292,130431,17424,True
3,137,411,5,-2739050,130431,17424,True
3,137,411,7,-5608532,130431,17424,True
3,139,417,0,-134280,134281,17956,True
3,139,417,1,-134280,134281,17956,True
3,139,417,2,-402842,134281,17956,True
3,139,417,5,-2819900,134281,17956,True
3,139,417,7,-5774082,134281,17956,True
3,149,447,0,-154370,154371,20736,True
3,149,447,1,-154370,154371,20736,True
3,149,447,2,-463112,154371,20736,True
3,149,447,5,-3241790,154371,20736,True
3,149,447,7,-6637952,154371,20736,True
3,151,453,0,-158556,158557,21316,True
3,151,453,1,-158556,158557,21316,True
3,151,453,2,-475670,158557,21316,True
3,151,453,5,-3329696,158557,21316,True
3,151,453,7,-6817950,158557,21316,True
3,157,471,0,-171450,171451,23104,True
3,157,471,1,-171450,171451,23104,True
3,157,471,2,-514352,171451,23104,True
3,157,471,5,-3600470,171451,23104,True
3,157,471,7,-7372392,171451,23104,True
3,163,489,0,-184848,184849,24964,True
3,163,489,1,-184848,184849,24964,True
3,163,489,2,-554546,184849,24964,True
3,163,489,5,-3881828,184849,24964,True
3,163,489,7,-7948506,184849,24964,True
3,167,501,0,-194060,194061,26244,True
3,167,501,1,-194060,194061,26244,True
3,167,501,2,-582182,194061,26244,True
3,167,501,5,-4075280,194061,26244,True
3,167,501,7,-8344622,194061,26244,True
3,173,519,0,-208298,208299,28224,True
3,173,519,1,-208298,208299,28224,True
3,173,519,2,-624896,208299,28224,True
3,173,519,5,-4374278,208299,28224,True
3,173,519,7,-8956856,208299,28224,True
3,179,537,0,-223040,223041,30276,True
3,179,537,1,-223040,223041,30276,True
3,179,537,2,-669122,223041,30276,True
3,179,537,5,-4683860,223041,30276,True
3,179,537,7,-9590762,223041,30276,True
3,181,543,0,-228066,228067,30976,True
3,181,543,1,-228066,228067,30976,True
3,181,543,2,-684200,228067,30976,True
3,181,543,5,-4789406,228067,30976,True
3,181,543,7,-9806880,228067,30976,True
3,191,573,0,-254036,254037,34596,True
3,191,573,1,-254036,254037,34596,True
3,191,573,2,-762110,254037,34596,True
3,191,573,5,-5334776,254037,34596,True
3,191,573,7,-10923590,254037,34596,True
3,193,579,0,-259398,259399,35344,True
3,193,579,1,-259398,259399,35344,True
3,193,579,2,-778196,259399,35344,True
3,193,579,5,-5447378,259399,35344,True
3,193,579,7,-11154156,259399,35344,True
3,197,591,0,-270290,270291,36864,True
3,197,591,1,-270290,270291,36864,True
3,197,591,2,-810872,270291,36864,True
3,197,591,5,-5676110,270291,36864,True
3,197,591,7,-11622512,270291,36864,True
3,199,597,0,-275820,275821,37636,True
3,199,597,1,-275820,275821,37636,True
3,199,597,2,-827462,275821,37636,True
3,199,597,5,-5792240,275821,37636,True
3,199,597,7,-11860302,275821,37636,True
3,211,633,0,-310176,310177,42436,True
3,211,633,1,-310176,310177,42436,True
3,211,633,2,-930530,310177,42436,True
3,211,633,5,-6513716,310177,42436,True
3,211,633,7,-13337610,310177,42436,True
3,223,669,0,-346548,346549,47524,True
3,223,669,1,-346548,346549,47524,True
3,223,669,2,-1039646,346549,47524,True
3,223,669,5,-7277528,346549,47524,True
3,223,669,7,-14901606,346549,47524,True
3,227,681,0,-359120,359121,49284,True
3,227,681,1,-359120,359121,49284,True
3,227,681,2,-1077362,359121,49284,True
3,227,681,5,-7541540,359121,49284,True
3,227,681,7,-15442202,359121,49284,True
3,229,687,0,-365490,365491,50176,True
3,229,687,1,-365490,365491,50176,True
3,229,687,2,-1096472,365491,50176,True
3,229,687,5,-7675310,365491,50176,True
3,229,687,7,-15716112,365491,50176,True
3,233,699,0,-378398,378399,51984,True
3,233,699,1,-378398,378399,51984,True
3,233,699,2,-1135196,378399,51984,True
3,233,699,5,-7946378,378399,51984,True
3,233,699,7,-16271156,378399,51984,True
3,239,717,0,-398180,398181,54756,True
3,239,717,1,-398180,398181,54756,True
3,239,717,2,-1194542,398181,54756,True
3,239,717,5,-8361800,398181,54756,True
3,239,717,7,-17121782,398181,54756,True
3,241,723,0,-404886,404887,55696,True
3,241,723,1,-404886,404887,55696,True
3,241,723,2,-1214660,404887,55696,True
3,241,723,5,-8502626,404887,55696,True
3,241,723,7,-17410140,404887,55696,True
3,251,753,0,-439256,439257,60516,True
3,251,753,1,-439256,439257,60516,True
3,251,753,2,-1317770,439257,60516,True
3,251,753,5,-9224396,439257,60516,True
3,251,753,7,-18888050,439257,60516,True
3,257,771,0,-460550,460551,63504,True
3,257,771,1,-460550,460551,63504,True
3,257,771,2,-1381652,460551,63504,True
3,257,771,5,-9671570,460551,63504,True
3,257,771,7,-19803692,460551,63504,True
3,263,789,0,-482348,482349,66564,True
3,263,789,1,-482348,482349,66564,True
3,263,789,2,-1447046,482349,66564,True
3,263,789,5,-10129328,482349,66564,True
3,263,789,7,-20741006,482349,66564,True
3,269,807,0,-504650,504651,69696,True
3,269,807,1,-504650,504651,69696,True
3,269,807,2,-1513952,504651,69696,True
3,269,807,5,-10597670,504651,69696,True
3,269,807,7,-21699992,504651,69696,True
3,271,813,0,-512196,512197,70756,True
3,271,813,1,-512196,512197,70756,True
3,271,813,2,-1536590,512197,70756,True
3,271,813,5,-10756136,512197,70756,True
3,271,813,7,-22024470,512197,70756,True
3,277,831,0,-535170,535171,73984,True
3,277,831,1,-535170,535171,73984,True
3,277,831,2,-1605512,535171,73984,True
3,277,831,5,-11238590,535171,73984,True
3,277,831,7,-23012352,535171,73984,True
3,281,843,0,-550766,550767,76176,True
3,281,843,1,-550766,550767,76176,True
3,281,843,2,-1652300,550767,76176,True
3,281,843,5,-11566106,550767,76176,True
3,281,843,7,-23682980,550767,76176,True
3,283,849,0,-558648,558649,77284,True
3,283,849,1,-558648,558649,77284,True
3,283,849,2,-1675946,558649,77284,True
3,283,849,5,-11731628,558649,77284,True
3,283,849,7,-24021906,558649,77284,True
3,293,879,0,-598898,598899,82944,True
3,293,879,1,-598898,598899,82944,True
3,293,879,2,-1796696,598899,82944,True
3,293,879,5,-12576878,598899,82944,True
3,293,879,7,-25752656,598899,82944,True
5,7,35,0,-902,903,144,True
5,7,35,1,-902,903,144,True
5,7,35,2,-2708,903,144,True
5,7,35,5,-18962,903,144,True
5,7,35,7,-38828,903,144,True
5,11,55,0,-2330,2331,576,True
5,11,55,1,-2330,2331,576,True
5,11,55,2,-6992,2331,576,True
5,11,55,5,-48950,2331,576,True
5,11,55,7,-100232,2331,576,True
5,13,65,0,-3296,3297,900,True
5,13,65,1,-3296,3297,900,True
5,13,65,2,-9890,3297,900,True
5,13,65,5,-69236,3297,900,True
5,13,65,7,-141770,3297,900,True
5,17,85,0,-5732,5733,1764,True
5,17,85,1,-5732,5733,1764,True
5,17,85,2,-17198,5733,1764,True
5,17,85,5,-120392,5733,1764,True
5,17,85,7,-246518,5733,1764,True
5,19,95,0,-7202,7203,2304,True
5,19,95,1,-7202,7203,2304,True
5,19,95,2,-21608,7203,2304,True
5,19,95,5,-151262,7203,2304,True
5,19,95,7,-309728,7203,2304,True
5,23,115,0,-10646,10647,3600,True
5,23,115,1,-10646,10647,3600,True
5,23,115,2,-31940,10647,3600,True
5,23,115,5,-223586,10647,3600,True
5,23,115,7,-457820,10647,3600,True
5,29,145,0,-17072,17073,6084,True
5,29,145,1,-17072,17073,6084,True
5,29,145,2,-51218,17073,6084,True
5,29,145,5,-358532,17073,6084,True
5,29,145,7,-734138,17073,6084,True
5,31,155,0,-19550,19551,7056,True
5,31,155,1,-19550,19551,7056,True
5,31,155,2,-58652,19551,7056,True
5,31,155,5,-410570,19551,7056,True
5,31,155,7,-840692,19551,7056,True
5,37,185,0,-27992,27993,10404,True
5,37,185,1,-27992,27993,10404,True
5,37,185,2,-83978,27993,10404,True
5,37,185,5,-587852,27993,10404,True
5,37,185,7,-1203698,27993,10404,True
5,41,205,0,-34460,34461,12996,True
5,41,205,1,-34460,34461,12996,True
5,41,205,2,-103382,34461,12996,True
5,41,205,5,-723680,34461,12996,True
5,41,205,7,-1481822,34461,12996,True
5,43,215,0,-37946,37947,14400,True
5,43,215,1,-37946,37947,14400,True
5,43,215,2,-113840,37947,14400,True
5,43,215,5,-796886,37947,14400,True
5,43,215,7,-1631720,37947,14400,True
5,47,235,0,-45422,45423,17424,True
5,47,235,1,-45422,45423,17424,True
5,47,235,2,-136268,45423,17424,True
5,47,235,5,-953882,45423,17424,True
5,47,235,7,-1953188,45423,17424,True
5,53,265,0,-57896,57897,22500,True
5,53,265,1,-57896,57897,22500,True
5,53,265,2,-173690,57897,22500,True
5,53,265,5,-1215836,57897,22500,True
5,53,265,7,-2489570,57897,22500,True
5,59,295,0,-71882,71883,28224,True
5,59,295,1,-71882,71883,28224,True
5,59,295,2,-215648,71883,28224,True
5,59,295,5,-1509542,71883,28224,True
5,59,295,7,-3090968,71883,28224,True
5,61,305,0,-76880,76881,30276,True
5,61,305,1,-76880,76881,30276,True
5,61,305,2,-230642,76881,30276,True
5,61,305,5,-1614500,76881,30276,True
5,61,305,7,-3305882,76881,30276,True
5,67,335,0,-92882,92883,36864,True
5,67,335,1,-92882,92883,36864,True
5,67,335,2,-278648,92883,36864,True
5,67,335,5,-1950542,92883,36864,True
5,67,335,7,-3993968,92883,36864,True
5,71,355,0,-104390,104391,41616,True
5,71,355,1,-104390,104391,41616,True
5,71,355,2,-313172,104391,41616,True
5,71,355,5,-2192210,104391,41616,True
5,71,355,7,-4488812,104391,41616,True
5,73,365,0,-110396,110397,44100,True
5,73,365,1,-110396,110397,44100,True
5,73,365,2,-331190,110397,44100,True
5,73,365,5,-2318336,110397,44100,True
5,73,365,7,-4747070,110397,44100,True
5,79,395,0,-129422,129423,51984,True
5,79,395,1,-129422,129423,51984,True
5,79,395,2,-388268,129423,51984,True
5,79,395,5,-2717882,129423,51984,True
5,79,395,7,-5565188,129423,51984,True
5,83,415,0,-142946,142947,57600,True
5,83,415,1,-142946,142947,57600,True
5,83,415,2,-428840,142947,57600,True
5,83,415,5,-3001886,142947,57600,True
5,83,415,7,-6146720,142947,57600,True
5,89,445,0,-164492,164493,66564,True
5,89,445,1,-164492,164493,66564,True
5,89,445,2,-493478,164493,66564,True
5,89,445,5,-3454352,164493,66564,True
5,89,445,7,-7073198,164493,66564,True
5,97,485,0,-195572,195573,79524,True
5,97,485,1,-195572,195573,79524,True
5,97,485,2,-586718,195573,79524,True
5,97,485,5,-4107032,195573,79524,True
5,97,485,7,-8409638,195573,79524,True
5,101,505,0,-212120,212121,86436,True
5,101,505,1,-212120,212121,86436,True
5,101,505,2,-636362,212121,86436,True
5,101,505,5,-4454540,212121,86436,True
5,101,505,7,-9121202,212121,86436,True
5,103,515,0,-220646,220647,90000,True
5,103,515,1,-220646,220647,90000,True
5,103,515,2,-661940,220647,90000,True
5,103,515,5,-4633586,220647,90000,True
5,103,515,7,-9487820,220647,90000,True
5,107,535,0,-238202,238203,97344,True
5,107,535,1,-238202,238203,97344,True
5,107,535,2,-714608,238203,97344,True
5,107,535,5,-5002262,238203,97344,True
5,107,535,7,-10242728,238203,97344,True
5,109,545,0,-247232,247233,101124,True
5,109,545,1,-247232,247233,101124,True
5,109,545,2,-741698,247233,101124,True
5,109,545,5,-5191892,247233,101124,True
5,109,545,7,-10631018,247233,101124,True
5,113,565,0,-265796,265797,108900,True
5,113,565,1,-265796,265797,108900,True
5,113,565,2,-797390,265797,108900,True
5,113,565,5,-5581736,265797,108900,True
5,113,565,7,-11429270,265797,108900,True
5,127,635,0,-336062,336063,138384,True
5,127,635,1,-336062,336063,138384,True
5,127,635,2,-1008188,336063,138384,True
5,127,635,5,-7057322,336063,138384,True
5,127,635,7,-14450708,336063,138384,True
5,131,655,0,-357650,357651,147456,True
5,131,655,1,-357650,357651,147456,True
5,131,655,2,-1072952,357651,147456,True
5,131,655,5,-7510670,357651,147456,True
5,131,655,7,-15378992,357651,147456,True
5,137,685,0,-391292,391293,161604,True
5,137,685,1,-391292,391293,161604,True
5,137,685,2,-1173878,391293,161604,True
5,137,685,5,-8217152,391293,161604,True
5,137,685,7,-16825598,391293,161604,True
5,139,695,0,-402842,402843,166464,True
5,139,695,1,-402842,402843,166464,True
5,139,695,2,-1208528,402843,166464,True
5,139,695,5,-8459702,402843,166464,True
5,139,695,7,-17322248,402843,166464,True
5,149,745,0,-463112,463113,191844,True
5,149,745,1,-463112,463113,191844,True
5,149,745,2,-1389338,463113,191844,True
5,149,745,5,-9725372,463113,191844,True
5,149,745,7,-19913858,463113,191844,True
5,151,755,0,-475670,475671,197136,True
5,151,755,1,-475670,475671,197136,True
5,151,755,2,-1427012,475671,197136,True
5,151,755,5,-9989090,475671,197136,True
5,151,755,7,-20453852,475671,197136,True
5,157,785,0,-514352,514353,213444,True
5,157,785,1,-514352,514353,213444,True
5,157,785,2,-1543058,514353,213444,True
5,157,785,5,-10801412,514353,213444,True
5,157,785,7,-22117178,514353,213444,True
5,163,815,0,-554546,554547,230400,True
5,163,815,1,-554546,554547,230400,True
5,163,815,2,-1663640,554547,230400,True
5,163,815,5,-11645486,554547,230400,True
5,163,815,7,-23845520,554547,230400,True
5,167,835,0,-582182,582183,242064,True
5,167,835,1,-582182,582183,242064,True
5,167,835,2,-1746548,582183,242064,True
5,167,835,5,-12225842,582183,242064,True
5,167,835,7,-25033868,582183,242064,True
5,173,865,0,-624896,624897,260100,True
5,173,865,1,-624896,624897,260100,True
5,173,865,2,-1874690,624897,260100,True
5,173,865,5,-13122836,624897,260100,True
5,173,865,7,-26870570,624897,260100,True
5,179,895,0,-669122,669123,278784,True
5,179,895,1,-669122,669123,278784,True
5,179,895,2,-2007368,669123,278784,True
5,179,895,5,-14051582,669123,278784,True
5,179,895,7,-28772288,669123,278784,True
5,181,905,0,-684200,684201,285156,True
5,181,905,1,-684200,684201,285156,True
5,181,905,2,-2052602,684201,285156,True
5,181,905,5,-14368220,684201,285156,True
5,181,905,7,-29420642,684201,285156,True
5,191,955,0,-762110,762111,318096,True
5,191,955,1,-762110,762111,318096,True
5,191,955,2,-2286332,762111,318096,True
5,191,955,5,-16004330,762111,318096,True
5,191,955,7,-32770772,762111,318096,True
5,193,965,0,-778196,778197,324900,True
5,193,965,1,-778196,778197,324900,True
5,193,965,2,-2334590,778197,324900,True
5,193,965,5,-16342136,778197,324900,True
5,193,965,7,-33462470,778197,324900,True
5,197,985,0,-810872,810873,338724,True
5,197,985,1,-810872,810873,338724,True
5,197,985,2,-2432618,810873,338724,True
5,197,985,5,-17028332,810873,338724,True
5,197,985,7,-34867538,810873,338724,True
5,199,995,0,-827462,827463,345744,True
5,199,995,1,-827462,827463,345744,True
5,199,995,2,-2482388,827463,345744,True
5,199,995,5,-17376722,827463,345744,True
5,199,995,7,-35580908,827463,345744,True
5,211,1055,0,-930530,930531,389376,True
5,211,1055,1,-930530,930531,389376,True
5,211,1055,2,-2791592,930531,389376,True
5,211,1055,5,-19541150,930531,389376,True
5,211,1055,7,-40012832,930531,389376,True
5,223,1115,0,-1039646,1039647,435600,True
5,223,1115,1,-1039646,1039647,435600,True
5,223,1115,2,-3118940,1039647,435600,True
5,223,1115,5,-21832586,1039647,435600,True
5,223,1115,7,-44704820,1039647,435600,True
5,227,1135,0,-1077362,1077363,451584,True
5,227,1135,1,-1077362,1077363,451584,True
5,227,1135,2,-3232088,1077363,451584,True
5,227,1135,5,-22624622,1077363,451584,True
5,227,1135,7,-46326608,1077363,451584,True
5,229,1145,0,-1096472,1096473,459684,True
5,229,1145,1,-1096472,1096473,459684,True
5,229,1145,2,-3289418,1096473,459684,True
5,229,1145,5,-23025932,1096473,459684,True
5,229,1145,7,-47148338,1096473,459684,True
5,233,1165,0,-1135196,1135197,476100,True
5,233,1165,1,-1135196,1135197,476100,True
5,233,1165,2,-3405590,1135197,476100,True
5,233,1165,5,-23839136,1135197,476100,True
5,233,1165,7,-48813470,1135197,476100,True
5,239,1195,0,-1194542,1194543,501264,True
5,239,1195,1,-1194542,1194543,501264,True
5,239,1195,2,-3583628,1194543,501264,True
5,239,1195,5,-25085402,1194543,501264,True
5,239,1195,7,-51365348,1194543,501264,True
5,241,1205,0,-1214660,1214661,509796,True
5,241,1205,1,-1214660,1214661,509796,True
5,241,1205,2,-3643982,1214661,509796,True
5,241,1205,5,-25507880,1214661,509796,True
5,241,1205,7,-52230422,1214661,509796,True
5,251,1255,0,-1317770,1317771,553536,True
5,251,1255,1,-1317770,1317771,553536,True
5,251,1255,2,-3953312,1317771,553536,True
5,251,1255,5,-27673190,1317771,553536,True
5,251,1255,7,-56664152,1317771,553536,True
5,257,1285,0,-1381652,1381653,580644,True
5,257,1285,1,-1381652,1381653,580644,True
5,257,1285,2,-4144958,1381653,580644,True
5,257,1285,5,-29014712,1381653,580644,True
5,257,1285,7,-59411078,1381653,580644,True
5,263,1315,0,-1447046,1447047,608400,True
5,263,1315,1,-1447046,1447047,608400,True
5,263,1315,2,-4341140,1447047,608400,True
5,263,1315,5,-30387986,1447047,608400,True
5,263,1315,7,-62223020,1447047,608400,True
5,269,1345,0,-1513952,1513953,636804,True
5,269,1345,1,-1513952,1513953,636804,True
5,269,1345,2,-4541858,1513953,636804,True
5,269,1345,5,-31793012,1513953,636804,True
5,269,1345,7,-65099978,1513953,636804,True
5,271,1355,0,-1536590,1536591,646416,True
5,271,1355,1,-1536590,1536591,646416,True
5,271,1355,2,-4609772,1536591,646416,True
5,271,1355,5,-32268410,1536591,646416,True
5,271,1355,7,-66073412,1536591,646416,True
5,277,1385,0,-1605512,1605513,675684,True
5,277,1385,1,-1605512,1605513,675684,True
5,277,1385,2,-4816538,1605513,675684,True
5,277,1385,5,-33715772,1605513,675684,True
5,277,1385,7,-69037058,1605513,675684,True
5,281,1405,0,-1652300,1652301,695556,True
5,281,1405,1,-1652300,1652301,695556,True
5,281,1405,2,-4956902,1652301,695556,True
5,281,1405,5,-34698320,1652301,695556,True
5,281,1405,7,-71048942,1652301,695556,True
5,283,1415,0,-1675946,1675947,705600,True
5,283,1415,1,-1675946,1675947,705600,True
5,283,1415,2,-5027840,1675947,705600,True
5,283,1415,5,-35194886,1675947,705600,True
5,283,1415,7,-72065720,1675947,705600,True
5,293,1465,0,-1796696,1796697,756900,True
5,293,1465,1,-1796696,1796697,756900,True
5,293,1465,2,-5390090,1796697,756900,True
5,293,1465,5,-37730636,1796697,756900,True
5,293,1465,7,-77257970,1796697,756900,True
7,11,77,0,-4772,4773,1764,True
7,11,77,1,-4772,4773,1764,True
7,11,77,2,-14318,4773,1764,True
7,11,77,5,-100232,4773,1764,True
7,11,77,7,-205238,4773,1764,True
7,13,91,0,-6750,6751,2704,True
7,13,91,1,-6750,6751,2704,True
7,13,91,2,-20252,6751,2704,True
7,13,91,5,-141770,6751,2704,True
7,13,91,7,-290292,6751,2704,True
7,17,119,0,-11738,11739,5184,True
7,17,119,1,-11738,11739,5184,True
7,17,119,2,-35216,11739,5184,True
7,17,119,5,-246518,11739,5184,True
7,17,119,7,-504776,11739,5184,True
7,19,133,0,-14748,14749,6724,True
7,19,133,1,-14748,14749,6724,True
7,19,133,2,-44246,14749,6724,True
7,19,133,5,-309728,14749,6724,True
7,19,133,7,-634206,14749,6724,True
7,23,161,0,-21800,21801,10404,True
7,23,161,1,-21800,21801,10404,True
7,23,161,2,-65402,21801,10404,True
7,23,161,5,-457820,21801,10404,True
7,23,161,7,-937442,21801,10404,True
7,29,203,0,-34958,34959,17424,True
7,29,203,1,-34958,34959,17424,True
7,29,203,2,-104876,34959,17424,True
7,29,203,5,-734138,34959,17424,True
7,29,203,7,-1503236,34959,17424,True
7,31,217,0,-40032,40033,20164,True
7,31,217,1,-40032,40033,20164,True
7,31,217,2,-120098,40033,20164,True
7,31,217,5,-840692,40033,20164,True
7,31,217,7,-1721418,40033,20164,True
7,37,259,0,-57318,57319,29584,True
7,37,259,1,-57318,57319,29584,True
7,37,259,2,-171956,57319,29584,True
7,37,259,5,-1203698,57319,29584,True
7,37,259,7,-2464716,57319,29584,True
7,41,287,0,-70562,70563,36864,True
7,41,287,1,-70562,70563,36864,True
7,41,287,2,-211688,70563,36864,True
7,41,287,5,-1481822,70563,36864,True
7,41,287,7,-3034208,70563,36864,True
7,43,301,0,-77700,77701,40804,True
7,43,301,1,-77700,77701,40804,True
7,43,301,2,-233102,77701,40804,True
7,43,301,5,-1631720,77701,40804,True
7,43,301,7,-3341142,77701,40804,True
7,47,329,0,-93008,93009,49284,True
7,47,329,1,-93008,93009,49284,True
7,47,329,2,-279026,93009,49284,True
7,47,329,5,-1953188,93009,49284,True
7,47,329,7,-3999386,93009,49284,True
7,53,371,0,-118550,118551,63504,True
7,53,371,1,-118550,118551,63504,True
7,53,371,2,-355652,118551,63504,True
7,53,371,5,-2489570,118551,63504,True
7,53,371,7,-5097692,118551,63504,True
7,59,413,0,-147188,147189,79524,True
7,59,413,1,-147188,147189,79524,True
7,59,413,2,-441566,147189,79524,True
7,59,413,5,-3090968,147189,79524,True
7,59,413,7,-6329126,147189,79524,True
7,61,427,0,-157422,157423,85264,True
7,61,427,1,-157422,157423,85264,True
7,61,427,2,-472268,157423,85264,True
7,61,427,5,-3305882,157423,85264,True
7,61,427,7,-6769188,157423,85264,True
7,67,469,0,-190188,190189,103684,True
7,67,469,1,-190188,190189,103684,True
7,67,469,2,-570566,190189,103684,True
7,67,469,5,-3993968,190189,103684,True
7,67,469,7,-8178126,190189,103684,True
7,71,497,0,-213752,213753,116964,True
7,71,497,1,-213752,213753,116964,True
7,71,497,2,-641258,213753,116964,True
7,71,497,5,-4488812,213753,116964,True
7,71,497,7,-9191378,213753,116964,True
7,73,511,0,-226050,226051,123904,True
7,73,511,1,-226050,226051,123904,True
7,73,511,2,-678152,226051,123904,True
7,73,511,5,-4747070,226051,123904,True
7,73,511,7,-9720192,226051,123904,True
7,79,553,0,-265008,265009,145924,True
7,79,553,1,-265008,265009,145924,True
7,79,553,2,-795026,265009,145924,True
7,79,553,5,-5565188,265009,145924,True
7,79,553,7,-11395386,265009,145924,True
7,83,581,0,-292700,292701,161604,True
7,83,581,1,-292700,292701,161604,True
7,83,581,2,-878102,292701,161604,True
7,83,581,5,-6146720,292701,161604,True
7,83,581,7,-12586142,292701,161604,True
7,89,623,0,-336818,336819,186624,True
7,89,623,1,-336818,336819,186624,True
7,89,623,2,-1010456,336819,186624,True
7,89,623,5,-7073198,336819,186624,True
7,89,623,7,-14483216,336819,186624,True
7,97,679,0,-400458,400459,222784,True
7,97,679,1,-400458,400459,222784,True
7,97,679,2,-1201376,400459,222784,True
7,97,679,5,-8409638,400459,222784,True
7,97,679,7,-17219736,400459,222784,True
7,101,707,0,-434342,434343,242064,True
7,101,707,1,-434342,434343,242064,True
7,101,707,2,-1303028,434343,242064,True
7,101,707,5,-9121202,434343,242064,True
7,101,707,7,-18676748,434343,242064,True
7,103,721,0,-451800,451801,252004,True
7,103,721,1,-451800,451801,252004,True
7,103,721,2,-1355402,451801,252004,True
7,103,721,5,-9487820,451801,252004,True
7,103,721,7,-19427442,451801,252004,True
7,107,749,0,-487748,487749,272484,True
7,107,749,1,-487748,487749,272484,True
7,107,749,2,-1463246,487749,272484,True
7,107,749,5,-10242728,487749,272484,True
7,107,749,7,-20973206,487749,272484,True
7,109,763,0,-506238,506239,283024,True
7,109,763,1,-506238,506239,283024,True
7,109,763,2,-1518716,506239,283024,True
7,109,763,5,-10631018,506239,283024,True
7,109,763,7,-21768276,506239,283024,True
7,113,791,0,-544250,544251,304704,True
7,113,791,1,-544250,544251,304704,True
7,113,791,2,-1632752,544251,304704,True
7,113,791,5,-11429270,544251,304704,True
7,113,791,7,-23402792,544251,304704,True
7,127,889,0,-688128,688129,386884,True
7,127,889,1,-688128,688129,386884,True
7,127,889,2,-2064386,688129,386884,True
7,127,889,5,-14450708,688129,386884,True
7,127,889,7,-29589546,688129,386884,True
7,131,917,0,-732332,732333,412164,True
7,131,917,1,-732332,732333,412164,True
7,131,917,2,-2196998,732333,412164,True
7,131,917,5,-15378992,732333,412164,True
7,131,917,7,-31490318,732333,412164,True
7,137,959,0,-801218,801219,451584,True
7,137,959,1,-801218,801219,451584,True
7,137,959,2,-2403656,801219,451584,True
7,137,959,5,-16825598,801219,451584,True
7,137,959,7,-34452416,801219,451584,True
7,139,973,0,-824868,824869,465124,True
7,139,973,1,-824868,824869,465124,True
7,139,973,2,-2474606,824869,465124,True
7,139,973,5,-17322248,824869,465124,True
7,139,973,7,-35469366,824869,465124,True
7,149,1043,0,-948278,948279,535824,True
7,149,1043,1,-948278,948279,535824,True
7,149,1043,2,-2844836,948279,535824,True
7,149,1043,5,-19913858,948279,535824,True
7,149,1043,7,-40775996,948279,535824,True
7,151,1057,0,-973992,973993,550564,True
7,151,1057,1,-973992,973993,550564,True
7,151,1057,2,-2921978,973993,550564,True
7,151,1057,5,-20453852,973993,550564,True
7,151,1057,7,-41881698,973993,550564,True
7,157,1099,0,-1053198,1053199,595984,True
7,157,1099,1,-1053198,1053199,595984,True
7,157,1099,2,-3159596,1053199,595984,True
7,157,1099,5,-22117178,1053199,595984,True
7,157,1099,7,-45287556,1053199,595984,True
7,163,1141,0,-1135500,1135501,643204,True
7,163,1141,1,-1135500,1135501,643204,True
7,163,1141,2,-3406502,1135501,643204,True
7,163,1141,5,-23845520,1135501,643204,True
7,163,1141,7,-48826542,1135501,643204,True
7,167,1169,0,-1192088,1192089,675684,True
7,167,1169,1,-1192088,1192089,675684,True
7,167,1169,2,-3576266,1192089,675684,True
7,167,1169,5,-25033868,1192089,675684,True
7,167,1169,7,-51259826,1192089,675684,True
7,173,1211,0,-1279550,1279551,725904,True
7,173,1211,1,-1279550,1279551,725904,True
7,173,1211,2,-3838652,1279551,725904,True
7,173,1211,5,-26870570,1279551,725904,True
7,173,1211,7,-55020692,1279551,725904,True
7,179,1253,0,-1370108,1370109,777924,True
7,179,1253,1,-1370108,1370109,777924,True
7,179,1253,2,-4110326,1370109,777924,True
7,179,1253,5,-28772288,1370109,777924,True
7,179,1253,7,-58914686,1370109,777924,True
7,181,1267,0,-1400982,1400983,795664,True
7,181,1267,1,-1400982,1400983,795664,True
7,181,1267,2,-4202948,1400983,795664,True
7,181,1267,5,-29420642,1400983,795664,True
7,181,1267,7,-60242268,1400983,795664,True
7,191,1337,0,-1560512,1560513,887364,True
7,191,1337,1,-1560512,1560513,887364,True
7,191,1337,2,-4681538,1560513,887364,True
7,191,1337,5,-32770772,1560513,887364,True
7,191,1337,7,-67102058,1560513,887364,True
7,193,1351,0,-1593450,1593451,906304,True
7,193,1351,1,-1593450,1593451,906304,True
7,193,1351,2,-4780352,1593451,906304,True
7,193,1351,5,-33462470,1593451,906304,True
7,193,1351,7,-68518392,1593451,906304,True
7,197,1379,0,-1660358,1660359,944784,True
7,197,1379,1,-1660358,1660359,944784,True
7,197,1379,2,-4981076,1660359,944784,True
7,197,1379,5,-34867538,1660359,944784,True
7,197,1379,7,-71395436,1660359,944784,True
7,199,1393,0,-1694328,1694329,964324,True
7,199,1393,1,-1694328,1694329,964324,True
7,199,1393,2,-5082986,1694329,964324,True
7,199,1393,5,-35580908,1694329,964324,True
7,199,1393,7,-72856146,1694329,964324,True
7,211,1477,0,-1905372,1905373,1085764,True
7,211,1477,1,-1905372,1905373,1085764,True
7,211,1477,2,-5716118,1905373,1085764,True
7,211,1477,5,-40012832,1905373,1085764,True
7,211,1477,7,-81931038,1905373,1085764,True
7,223,1561,0,-2128800,2128801,1214404,True
7,223,1561,1,-2128800,2128801,1214404,True
7,223,1561,2,-6386402,2128801,1214404,True
7,223,1561,5,-44704820,2128801,1214404,True
7,223,1561,7,-91538442,2128801,1214404,True
7,227,1589,0,-2206028,2206029,1258884,True
7,227,1589,1,-2206028,2206029,1258884,True
7,227,1589,2,-6618086,2206029,1258884,True
7,227,1589,5,-46326608,2206029,1258884,True
7,227,1589,7,-94859246,2206029,1258884,True
7,229,1603,0,-2245158,2245159,1281424,True
7,229,1603,1,-2245158,2245159,1281424,True
7,229,1603,2,-6735476,2245159,1281424,True
7,229,1603,5,-47148338,2245159,1281424,True
7,229,1603,7,-96541836,2245159,1281424,True
7,233,1631,0,-2324450,2324451,1327104,True
7,233,1631,1,-2324450,2324451,1327104,True
7,233,1631,2,-6973352,2324451,1327104,True
7,233,1631,5,-48813470,2324451,1327104,True
7,233,1631,7,-99951392,2324451,1327104,True
7,239,1673,0,-2445968,2445969,1397124,True
7,239,1673,1,-2445968,2445969,1397124,True
7,239,1673,2,-7337906,2445969,1397124,True
7,239,1673,5,-51365348,2445969,1397124,True
7,239,1673,7,-105176666,2445969,1397124,True
7,241,1687,0,-2487162,2487163,1420864,True
7,241,1687,1,-2487162,2487163,1420864,True
7,241,1687,2,-7461488,2487163,1420864,True
7,241,1687,5,-52230422,2487163,1420864,True
7,241,1687,7,-106948008,2487163,1420864,True
7,251,1757,0,-2698292,2698293,1542564,True
7,251,1757,1,-2698292,2698293,1542564,True
7,251,1757,2,-8094878,2698293,1542564,True
7,251,1757,5,-56664152,2698293,1542564,True
7,251,1757,7,-116026598,2698293,1542564,True
7,257,1799,0,-2829098,2829099,1617984,True
7,257,1799,1,-2829098,2829099,1617984,True
7,257,1799,2,-8487296,2829099,1617984,True
7,257,1799,5,-59411078,2829099,1617984,True
7,257,1799,7,-121651256,2829099,1617984,True
7,263,1841,0,-2963000,2963001,1695204,True
7,263,1841,1,-2963000,2963001,1695204,True
7,263,1841,2,-8889002,2963001,1695204,True
7,263,1841,5,-62223020,2963001,1695204,True
7,263,1841,7,-127409042,2963001,1695204,True
7,269,1883,0,-3099998,3099999,1774224,True
7,269,1883,1,-3099998,3099999,1774224,True
7,269,1883,2,-9299996,3099999,1774224,True
7,269,1883,5,-65099978,3099999,1774224,True
7,269,1883,7,-133299956,3099999,1774224,True
7,271,1897,0,-3146352,3146353,1800964,True
7,271,1897,1,-3146352,3146353,1800964,True
7,271,1897,2,-9439058,3146353,1800964,True
7,271,1897,5,-66073412,3146353,1800964,True
7,271,1897,7,-135293178,3146353,1800964,True
7,277,1939,0,-3287478,3287479,1882384,True
7,277,1939,1,-3287478,3287479,1882384,True
7,277,1939,2,-9862436,3287479,1882384,True
7,277,1939,5,-69037058,3287479,1882384,True
7,277,1939,7,-141361596,3287479,1882384,True
7,281,1967,0,-3383282,3383283,1937664,True
7,281,1967,1,-3383282,3383283,1937664,True
7,281,1967,2,-10149848,3383283,1937664,True
7,281,1967,5,-71048942,3383283,1937664,True
7,281,1967,7,-145481168,3383283,1937664,True
7,283,1981,0,-3431700,3431701,1965604,True
7,283,1981,1,-3431700,3431701,1965604,True
7,283,1981,2,-10295102,3431701,1965604,True
7,283,1981,5,-72065720,3431701,1965604,True
7,283,1981,7,-147563142,3431701,1965604,True
7,293,2051,0,-3678950,3678951,2108304,True
7,293,2051,1,-3678950,3678951,2108304,True
7,293,2051,2,-11036852,3678951,2108304,True
7,293,2051,5,-77257970,3678951,2108304,True
7,293,2051,7,-158194892,3678951,2108304,True
11,13,143,0,-17426,17427,9216,True
11,13,143,1,-17426,17427,9216,True
11,13,143,2,-52280,17427,9216,True
11,13,143,5,-365966,17427,9216,True
11,13,143,7,-749360,17427,9216,True
11,17,187,0,-30302,30303,17424,True
11,17,187,1,-30302,30303,17424,True
11,17,187,2,-90908,30303,17424,True
11,17,187,5,-636362,30303,17424,True
11,17,187,7,-1303028,30303,17424,True
11,19,209,0,-38072,38073,22500,True
11,19,209,1,-38072,38073,22500,True
11,19,209,2,-114218,38073,22500,True
11,19,209,5,-799532,38073,22500,True
11,19,209,7,-1637138,38073,22500,True
11,23,253,0,-56276,56277,34596,True
11,23,253,1,-56276,56277,34596,True
11,23,253,2,-168830,56277,34596,True
11,23,253,5,-1181816,56277,34596,True
11,23,253,7,-2419910,56277,34596,True
11,29,319,0,-90242,90243,57600,True
11,29,319,1,-90242,90243,57600,True
11,29,319,2,-270728,90243,57600,True
11,29,319,5,-1895102,90243,57600,True
11,29,319,7,-3880448,90243,57600,True
11,31,341,0,-103340,103341,66564,True
11,31,341,1,-103340,103341,66564,True
11,31,341,2,-310022,103341,66564,True
11,31,341,5,-2170160,103341,66564,True
11,31,341,7,-4443662,103341,66564,True
11,37,407,0,-147962,147963,97344,True
11,37,407,1,-147962,147963,97344,True
11,37,407,2,-443888,147963,97344,True
11,37,407,5,-3107222,147963,97344,True
11,37,407,7,-6362408,147963,97344,True
11,41,451,0,-182150,182151,121104,True
11,41,451,1,-182150,182151,121104,True
11,41,451,2,-546452,182151,121104,True
11,41,451,5,-3825170,182151,121104,True
11,41,451,7,-7832492,182151,121104,True
11,43,473,0,-200576,200577,133956,True
11,43,473,1,-200576,200577,133956,True
11,43,473,2,-601730,200577,133956,True
11,43,473,5,-4212116,200577,133956,True
11,43,473,7,-8624810,200577,133956,True
11,47,517,0,-240092,240093,161604,True
11,47,517,1,-240092,240093,161604,True
11,47,517,2,-720278,240093,161604,True
11,47,517,5,-5041952,240093,161604,True
11,47,517,7,-10323998,240093,161604,True
11,53,583,0,-306026,306027,207936,True
11,53,583,1,-306026,306027,207936,True
11,53,583,2,-918080,306027,207936,True
11,53,583,5,-6426566,306027,207936,True
11,53,583,7,-13159160,306027,207936,True
11,59,649,0,-379952,379953,260100,True
11,59,649,1,-379952,379953,260100,True
11,59,649,2,-1139858,379953,260100,True
11,59,649,5,-7979012,379953,260100,True
11,59,649,7,-16337978,379953,260100,True
11,61,671,0,-406370,406371,278784,True
11,61,671,1,-406370,406371,278784,True
11,61,671,2,-1219112,406371,278784,True
11,61,671,5,-8533790,406371,278784,True
11,61,671,7,-17473952,406371,278784,True
11,67,737,0,-490952,490953,338724,True
11,67,737,1,-490952,490953,338724,True
11,67,737,2,-1472858,490953,338724,True
11,67,737,5,-10310012,490953,338724,True
11,67,737,7,-21110978,490953,338724,True
11,71,781,0,-551780,551781,381924,True
11,71,781,1,-551780,551781,381924,True
11,71,781,2,-1655342,551781,381924,True
11,71,781,5,-11587400,551781,381924,True
11,71,781,7,-23726582,551781,381924,True
11,73,803,0,-583526,583527,404496,True
11,73,803,1,-583526,583527,404496,True
11,73,803,2,-1750580,583527,404496,True
11,73,803,5,-12254066,583527,404496,True
11,73,803,7,-25091660,583527,404496,True
11,79,869,0,-684092,684093,476100,True
11,79,869,1,-684092,684093,476100,True
11,79,869,2,-2052278,684093,476100,True
11,79,869,5,-14365952,684093,476100,True
11,79,869,7,-29415998,684093,476100,True
11,83,913,0,-755576,755577,527076,True
11,83,913,1,-755576,755577,527076,True
11,83,913,2,-2266730,755577,527076,True
11,83,913,5,-15867116,755577,527076,True
11,83,913,7,-32489810,755577,527076,True
11,89,979,0,-869462,869463,608400,True
11,89,979,1,-869462,869463,608400,True
11,89,979,2,-2608388,869463,608400,True
11,89,979,5,-18258722,869463,608400,True
11,89,979,7,-37386908,869463,608400,True
11,97,1067,0,-1033742,1033743,725904,True
11,97,1067,1,-1033742,1033743,725904,True
11,97,1067,2,-3101228,1033743,725904,True
11,97,1067,5,-21708602,1033743,725904,True
11,97,1067,7,-44450948,1033743,725904,True
11,101,1111,0,-1121210,1121211,788544,True
11,101,1111,1,-1121210,1121211,788544,True
11,101,1111,2,-3363632,1121211,788544,True
11,101,1111,5,-23545430,1121211,788544,True
11,101,1111,7,-48212072,1121211,788544,True
11,103,1133,0,-1166276,1166277,820836,True
11,103,1133,1,-1166276,1166277,820836,True
11,103,1133,2,-3498830,1166277,820836,True
11,103,1133,5,-24491816,1166277,820836,True
11,103,1133,7,-50149910,1166277,820836,True
11,107,1177,0,-1259072,1259073,887364,True
11,107,1177,1,-1259072,1259073,887364,True
11,107,1177,2,-3777218,1259073,887364,True
11,107,1177,5,-26440532,1259073,887364,True
11,107,1177,7,-54140138,1259073,887364,True
11,109,1199,0,-1306802,1306803,921600,True
11,109,1199,1,-1306802,1306803,921600,True
11,109,1199,2,-3920408,1306803,921600,True
11,109,1199,5,-27442862,1306803,921600,True
11,109,1199,7,-56192528,1306803,921600,True
11,113,1243,0,-1404926,1404927,992016,True
11,113,1243,1,-1404926,1404927,992016,True
11,113,1243,2,-4214780,1404927,992016,True
11,113,1243,5,-29503466,1404927,992016,True
11,113,1243,7,-60411860,1404927,992016,True
11,127,1397,0,-1776332,1776333,1258884,True
11,127,1397,1,-1776332,1776333,1258884,True
11,127,1397,2,-5328998,1776333,1258884,True
11,127,1397,5,-37302992,1776333,1258884,True
11,127,1397,7,-76382318,1776333,1258884,True
11,131,1441,0,-1890440,1890441,1340964,True
11,131,1441,1,-1890440,1890441,1340964,True
11,131,1441,2,-5671322,1890441,1340964,True
11,131,1441,5,-39699260,1890441,1340964,True
11,131,1441,7,-81288962,1890441,1340964,True
11,137,1507,0,-2068262,2068263,1468944,True
11,137,1507,1,-2068262,2068263,1468944,True
11,137,1507,2,-6204788,2068263,1468944,True
11,137,1507,5,-43433522,2068263,1468944,True
11,137,1507,7,-88935308,2068263,1468944,True
11,139,1529,0,-2129312,2129313,1512900,True
11,139,1529,1,-2129312,2129313,1512900,True
11,139,1529,2,-6387938,2129313,1512900,True
11,139,1529,5,-44715572,2129313,1512900,True
11,139,1529,7,-91560458,2129313,1512900,True
11,149,1639,0,-2447882,2447883,1742400,True
11,149,1639,1,-2447882,2447883,1742400,True
11,149,1639,2,-7343648,2447883,1742400,True
11,149,1639,5,-51405542,2447883,1742400,True
11,149,1639,7,-105258968,2447883,1742400,True
11,151,1661,0,-2514260,2514261,1790244,True
11,151,1661,1,-2514260,2514261,1790244,True
11,151,1661,2,-7542782,2514261,1790244,True
11,151,1661,5,-52799480,2514261,1790244,True
11,151,1661,7,-108113222,2514261,1790244,True
11,157,1727,0,-2718722,2718723,1937664,True
11,157,1727,1,-2718722,2718723,1937664,True
11,157,1727,2,-8156168,2718723,1937664,True
11,157,1727,5,-57093182,2718723,1937664,True
11,157,1727,7,-116905088,2718723,1937664,True
11,163,1793,0,-2931176,2931177,2090916,True
11,163,1793,1,-2931176,2931177,2090916,True
11,163,1793,2,-8793530,2931177,2090916,True
11,163,1793,5,-61554716,2931177,2090916,True
11,163,1793,7,-126040610,2931177,2090916,True
11,167,1837,0,-3077252,3077253,2196324,True
11,167,1837,1,-3077252,3077253,2196324,True
11,167,1837,2,-9231758,3077253,2196324,True
11,167,1837,5,-64622312,3077253,2196324,True
11,167,1837,7,-132321878,3077253,2196324,True
11,173,1903,0,-3303026,3303027,2359296,True
11,173,1903,1,-3303026,3303027,2359296,True
11,173,1903,2,-9909080,3303027,2359296,True
11,173,1903,5,-69363566,3303027,2359296,True
11,173,1903,7,-142030160,3303027,2359296,True
11,179,1969,0,-3536792,3536793,2528100,True
11,179,1969,1,-3536792,3536793,2528100,True
11,179,1969,2,-10610378,3536793,2528100,True
11,179,1969,5,-74272652,3536793,2528100,True
11,179,1969,7,-152082098,3536793,2528100,True
11,181,1991,0,-3616490,3616491,2585664,True
11,181,1991,1,-3616490,3616491,2585664,True
11,181,1991,2,-10849472,3616491,2585664,True
11,181,1991,5,-75946310,3616491,2585664,True
11,181,1991,7,-155509112,3616491,2585664,True
11,191,2101,0,-4028300,4028301,2883204,True
11,191,2101,1,-4028300,4028301,2883204,True
11,191,2101,2,-12084902,4028301,2883204,True
11,191,2101,5,-84594320,4028301,2883204,True
11,191,2101,7,-173216942,4028301,2883204,True
11,193,2123,0,-4113326,4113327,2944656,True
11,193,2123,1,-4113326,4113327,2944656,True
11,193,2123,2,-12339980,4113327,2944656,True
11,193,2123,5,-86379866,4113327,2944656,True
11,193,2123,7,-176873060,4113327,2944656,True
11,197,2167,0,-4286042,4286043,3069504,True
11,197,2167,1,-4286042,4286043,3069504,True
11,197,2167,2,-12858128,4286043,3069504,True
11,197,2167,5,-90006902,4286043,3069504,True
11,197,2167,7,-184299848,4286043,3069504,True
11,199,2189,0,-4373732,4373733,3132900,True
11,199,2189,1,-4373732,4373733,3132900,True
11,199,2189,2,-13121198,4373733,3132900,True
11,199,2189,5,-91848392,4373733,3132900,True
11,199,2189,7,-188070518,4373733,3132900,True
11,211,2321,0,-4918520,4918521,3526884,True
11,211,2321,1,-4918520,4918521,3526884,True
11,211,2321,2,-14755562,4918521,3526884,True
11,211,2321,5,-103288940,4918521,3526884,True
11,211,2321,7,-211496402,4918521,3526884,True
11,223,2453,0,-5495276,5495277,3944196,True
11,223,2453,1,-5495276,5495277,3944196,True
11,223,2453,2,-16485830,5495277,3944196,True
11,223,2453,5,-115400816,5495277,3944196,True
11,223,2453,7,-236296910,5495277,3944196,True
11,227,2497,0,-5694632,5694633,4088484,True
11,227,2497,1,-5694632,5694633,4088484,True
11,227,2497,2,-17083898,5694633,4088484,True
11,227,2497,5,-119587292,5694633,4088484,True
11,227,2497,7,-244869218,5694633,4088484,True
11,229,2519,0,-5795642,5795643,4161600,True
11,229,2519,1,-5795642,5795643,4161600,True
11,229,2519,2,-17386928,5795643,4161600,True
11,229,2519,5,-121708502,5795643,4161600,True
11,229,2519,7,-249212648,5795643,4161600,True
11,233,2563,0,-6000326,6000327,4309776,True
11,233,2563,1,-6000326,6000327,4309776,True
11,233,2563,2,-18000980,6000327,4309776,True
11,233,2563,5,-126006866,6000327,4309776,True
11,233,2563,7,-258014060,6000327,4309776,True
11,239,2629,0,-6314012,6314013,4536900,True
11,239,2629,1,-6314012,6314013,4536900,True
11,239,2629,2,-18942038,6314013,4536900,True
11,239,2629,5,-132594272,6314013,4536900,True
11,239,2629,7,-271502558,6314013,4536900,True
11,241,2651,0,-6420350,6420351,4613904,True
11,241,2651,1,-6420350,6420351,4613904,True
11,241,2651,2,-19261052,6420351,4613904,True
11,241,2651,5,-134827370,6420351,4613904,True
11,241,2651,7,-276075092,6420351,4613904,True
11,251,2761,0,-6965360,6965361,5008644,True
11,251,2761,1,-6965360,6965361,5008644,True
11,251,2761,2,-20896082,6965361,5008644,True
11,251,2761,5,-146272580,6965361,5008644,True
11,251,2761,7,-299510522,6965361,5008644,True
11,257,2827,0,-7303022,7303023,5253264,True
11,257,2827,1,-7303022,7303023,5253264,True
11,257,2827,2,-21909068,7303023,5253264,True
11,257,2827,5,-153363482,7303023,5253264,True
11,257,2827,7,-314029988,7303023,5253264,True
11,263,2893,0,-7648676,7648677,5503716,True
11,263,2893,1,-7648676,7648677,5503716,True
11,263,2893,2,-22946030,7648677,5503716,True
11,263,2893,5,-160622216,7648677,5503716,True
11,263,2893,7,-328893110,7648677,5503716,True
11,269,2959,0,-8002322,8002323,5760000,True
11,269,2959,1,-8002322,8002323,5760000,True
11,269,2959,2,-24006968,8002323,5760000,True
11,269,2959,5,-168048782,8002323,5760000,True
11,269,2959,7,-344099888,8002323,5760000,True
11,271,2981,0,-8121980,8121981,5846724,True
11,271,2981,1,-8121980,8121981,5846724,True
11,271,2981,2,-24365942,8121981,5846724,True
11,271,2981,5,-170561600,8121981,5846724,True
11,271,2981,7,-349245182,8121981,5846724,True
11,277,3047,0,-8486282,8486283,6110784,True
11,277,3047,1,-8486282,8486283,6110784,True
11,277,3047,2,-25458848,8486283,6110784,True
11,277,3047,5,-178211942,8486283,6110784,True
11,277,3047,7,-364910168,8486283,6110784,True
11,281,3091,0,-8733590,8733591,6290064,True
11,281,3091,1,-8733590,8733591,6290064,True
11,281,3091,2,-26200772,8733591,6290064,True
11,281,3091,5,-183405410,8733591,6290064,True
11,281,3091,7,-375544412,8733591,6290064,True
11,283,3113,0,-8858576,8858577,6380676,True
11,283,3113,1,-8858576,8858577,6380676,True
11,283,3113,2,-26575730,8858577,6380676,True
11,283,3113,5,-186030116,8858577,6380676,True
11,283,3113,7,-380918810,8858577,6380676,True
11,293,3223,0,-9496826,9496827,6843456,True
11,293,3223,1,-9496826,9496827,6843456,True
11,293,3223,2,-28490480,9496827,6843456,True
11,293,3223,5,-199433366,9496827,6843456,True
11,293,3223,7,-408363560,9496827,6843456,True
13,17,221,0,-42860,42861,26244,True
13,17,221,1,-42860,42861,26244,True
13,17,221,2,-128582,42861,26244,True
13,17,221,5,-900080,42861,26244,True
13,17,221,7,-1843022,42861,26244,True
13,19,247,0,-53850,53851,33856,True
13,19,247,1,-53850,53851,33856,True
13,19,247,2,-161552,53851,33856,True
13,19,247,5,-1130870,53851,33856,True
13,19,247,7,-2315592,53851,33856,True
13,23,299,0,-79598,79599,51984,True
13,23,299,1,-79598,79599,51984,True
13,23,299,2,-238796,79599,51984,True
13,23,299,5,-1671578,79599,51984,True
13,23,299,7,-3422756,79599,51984,True
13,29,377,0,-127640,127641,86436,True
13,29,377,1,-127640,127641,86436,True
13,29,377,2,-382922,127641,86436,True
13,29,377,5,-2680460,127641,86436,True
13,29,377,7,-5488562,127641,86436,True
13,31,403,0,-146166,146167,99856,True
13,31,403,1,-146166,146167,99856,True
13,31,403,2,-438500,146167,99856,True
13,31,403,5,-3069506,146167,99856,True
13,31,403,7,-6285180,146167,99856,True
13,37,481,0,-209280,209281,145924,True
13,37,481,1,-209280,209281,145924,True
13,37,481,2,-627842,209281,145924,True
13,37,481,5,-4394900,209281,145924,True
13,37,481,7,-8999082,209281,145924,True
13,41,533,0,-257636,257637,181476,True
13,41,533,1,-257636,257637,181476,True
13,41,533,2,-772910,257637,181476,True
13,41,533,5,-5410376,257637,181476,True
13,41,533,7,-11078390,257637,181476,True
13,43,559,0,-283698,283699,200704,True
13,43,559,1,-283698,283699,200704,True
13,43,559,2,-851096,283699,200704,True
13,43,559,5,-5957678,283699,200704,True
13,43,559,7,-12199056,283699,200704,True
13,47,611,0,-339590,339591,242064,True
13,47,611,1,-339590,339591,242064,True
13,47,611,2,-1018772,339591,242064,True
13,47,611,5,-7131410,339591,242064,True
13,47,611,7,-14602412,339591,242064,True
13,53,689,0,-432848,432849,311364,True
13,53,689,1,-432848,432849,311364,True
13,53,689,2,-1298546,432849,311364,True
13,53,689,5,-9089828,432849,311364,True
13,53,689,7,-18612506,432849,311364,True
13,59,767,0,-537410,537411,389376,True
13,59,767,1,-537410,537411,389376,True
13,59,767,2,-1612232,537411,389376,True
13,59,767,5,-11285630,537411,389376,True
13,59,767,7,-23108672,537411,389376,True
13,61,793,0,-574776,574777,417316,True
13,61,793,1,-574776,574777,417316,True
13,61,793,2,-1724330,574777,417316,True
13,61,793,5,-12070316,574777,417316,True
13,61,793,7,-24715410,574777,417316,True
13,67,871,0,-694410,694411,506944,True
13,67,871,1,-694410,694411,506944,True
13,67,871,2,-2083232,694411,506944,True
13,67,871,5,-14582630,694411,506944,True
13,67,871,7,-29859672,694411,506944,True
13,71,923,0,-780446,780447,571536,True
13,71,923,1,-780446,780447,571536,True
13,71,923,2,-2341340,780447,571536,True
13,71,923,5,-16389386,780447,571536,True
13,71,923,7,-33559220,780447,571536,True
13,73,949,0,-825348,825349,605284,True
13,73,949,1,-825348,825349,605284,True
13,73,949,2,-2476046,825349,605284,True
13,73,949,5,-17332328,825349,605284,True
13,73,949,7,-35490006,825349,605284,True
13,79,1027,0,-967590,967591,712336,True
13,79,1027,1,-967590,967591,712336,True
13,79,1027,2,-2902772,967591,712336,True
13,79,1027,5,-20319410,967591,712336,True
13,79,1027,7,-41606412,967591,712336,True
13,83,1079,0,-1068698,1068699,788544,True
13,83,1079,1,-1068698,1068699,788544,True
13,83,1079,2,-3206096,1068699,788544,True
13,83,1079,5,-22442678,1068699,788544,True
13,83,1079,7,-45954056,1068699,788544,True
13,89,1157,0,-1229780,1229781,910116,True
13,89,1157,1,-1229780,1229781,910116,True
13,89,1157,2,-3689342,1229781,910116,True
13,89,1157,5,-25825400,1229781,910116,True
13,89,1157,7,-52880582,1229781,910116,True
13,97,1261,0,-1462140,1462141,1085764,True
13,97,1261,1,-1462140,1462141,1085764,True
13,97,1261,2,-4386422,1462141,1085764,True
13,97,1261,5,-30704960,1462141,1085764,True
13,97,1261,7,-62872062,1462141,1085764,True
13,101,1313,0,-1585856,1585857,1179396,True
13,101,1313,1,-1585856,1585857,1179396,True
13,101,1313,2,-4757570,1585857,1179396,True
13,101,1313,5,-33302996,1585857,1179396,True
13,101,1313,7,-68191850,1585857,1179396,True
13,103,1339,0,-1649598,1649599,1227664,True
13,103,1339,1,-1649598,1649599,1227664,True
13,103,1339,2,-4948796,1649599,1227664,True
13,103,1339,5,-34641578,1649599,1227664,True
13,103,1339,7,-70932756,1649599,1227664,True
13,107,1391,0,-1780850,1780851,1327104,True
13,107,1391,1,-1780850,1780851,1327104,True
13,107,1391,2,-5342552,1780851,1327104,True
13,107,1391,5,-37397870,1780851,1327104,True
13,107,1391,7,-76576592,1780851,1327104,True
13,109,1417,0,-1848360,1848361,1378276,True
13,109,1417,1,-1848360,1848361,1378276,True
13,109,1417,2,-5545082,1848361,1378276,True
13,109,1417,5,-38815580,1848361,1378276,True
13,109,1417,7,-79479522,1848361,1378276,True
13,113,1469,0,-1987148,1987149,1483524,True
13,113,1469,1,-1987148,1987149,1483524,True
13,113,1469,2,-5961446,1987149,1483524,True
13,113,1469,5,-41730128,1987149,1483524,True
13,113,1469,7,-85447406,1987149,1483524,True
13,127,1651,0,-2512470,2512471,1882384,True
13,127,1651,1,-2512470,2512471,1882384,True
13,127,1651,2,-7537412,2512471,1882384,True
13,127,1651,5,-52761890,2512471,1882384,True
13,127,1651,7,-108036252,2512471,1882384,True
13,131,1703,0,-2673866,2673867,2005056,True
13,131,1703,1,-2673866,2673867,2005056,True
13,131,1703,2,-8021600,2673867,2005056,True
13,131,1703,5,-56151206,2673867,2005056,True
13,131,1703,7,-114976280,2673867,2005056,True
13,137,1781,0,-2925380,2925381,2196324,True
13,137,1781,1,-2925380,2925381,2196324,True
13,137,1781,2,-8776142,2925381,2196324,True
13,137,1781,5,-61433000,2925381,2196324,True
13,137,1781,7,-125791382,2925381,2196324,True
13,139,1807,0,-3011730,3011731,2262016,True
13,139,1807,1,-3011730,3011731,2262016,True
13,139,1807,2,-9035192,3011731,2262016,True
13,139,1807,5,-63246350,3011731,2262016,True
13,139,1807,7,-129504432,3011731,2262016,True
13,149,1937,0,-3462320,3462321,2604996,True
13,149,1937,1,-3462320,3462321,2604996,True
13,149,1937,2,-10386962,3462321,2604996,True
13,149,1937,5,-72708740,3462321,2604996,True
13,149,1937,7,-148879802,3462321,2604996,True
13,151,1963,0,-3556206,3556207,2676496,True
13,151,1963,1,-3556206,3556207,2676496,True
13,151,1963,2,-10668620,3556207,2676496,True
13,151,1963,5,-74680346,3556207,2676496,True
13,151,1963,7,-152916900,3556207,2676496,True
13,157,2041,0,-3845400,3845401,2896804,True
13,157,2041,1,-3845400,3845401,2896804,True
13,157,2041,2,-11536202,3845401,2896804,True
13,157,2041,5,-80753420,3845401,2896804,True
13,157,2041,7,-165352242,3845401,2896804,True
13,163,2119,0,-4145898,4145899,3125824,True
13,163,2119,1,-4145898,4145899,3125824,True
13,163,2119,2,-12437696,4145899,3125824,True
13,163,2119,5,-87063878,4145899,3125824,True
13,163,2119,7,-178273656,4145899,3125824,True
13,167,2171,0,-4352510,4352511,3283344,True
13,167,2171,1,-4352510,4352511,3283344,True
13,167,2171,2,-13057532,4352511,3283344,True
13,167,2171,5,-91402730,4352511,3283344,True
13,167,2171,7,-187157972,4352511,3283344,True
13,173,2249,0,-4671848,4671849,3526884,True
13,173,2249,1,-4671848,4671849,3526884,True
13,173,2249,2,-14015546,4671849,3526884,True
13,173,2249,5,-98108828,4671849,3526884,True
13,173,2249,7,-200889506,4671849,3526884,True
13,179,2327,0,-5002490,5002491,3779136,True
13,179,2327,1,-5002490,5002491,3779136,True
13,179,2327,2,-15007472,5002491,3779136,True
13,179,2327,5,-105052310,5002491,3779136,True
13,179,2327,7,-215107112,5002491,3779136,True
13,181,2353,0,-5115216,5115217,3865156,True
13,181,2353,1,-5115216,5115217,3865156,True
13,181,2353,2,-15345650,5115217,3865156,True
13,181,2353,5,-107419556,5115217,3865156,True
13,181,2353,7,-219954330,5115217,3865156,True
13,191,2483,0,-5697686,5697687,4309776,True
13,191,2483,1,-5697686,5697687,4309776,True
13,191,2483,2,-17093060,5697687,4309776,True
13,191,2483,5,-119651426,5697687,4309776,True
13,191,2483,7,-245000540,5697687,4309776,True
13,193,2509,0,-5817948,5817949,4401604,True
13,193,2509,1,-5817948,5817949,4401604,True
13,193,2509,2,-17453846,5817949,4401604,True
13,193,2509,5,-122176928,5817949,4401604,True
13,193,2509,7,-250171806,5817949,4401604,True
13,197,2561,0,-6062240,6062241,4588164,True
13,197,2561,1,-6062240,6062241,4588164,True
13,197,2561,2,-18186722,6062241,4588164,True
13,197,2561,5,-127307060,6062241,4588164,True
13,197,2561,7,-260676362,6062241,4588164,True
13,199,2587,0,-6186270,6186271,4682896,True
13,199,2587,1,-6186270,6186271,4682896,True
13,199,2587,2,-18558812,6186271,4682896,True
13,199,2587,5,-129911690,6186271,4682896,True
13,199,2587,7,-266009652,6186271,4682896,True
13,211,2743,0,-6956826,6956827,5271616,True
13,211,2743,1,-6956826,6956827,5271616,True
13,211,2743,2,-20870480,6956827,5271616,True
13,211,2743,5,-146093366,6956827,5271616,True
13,211,2743,7,-299143560,6956827,5271616,True
13,223,2899,0,-7772598,7772599,5895184,True
13,223,2899,1,-7772598,7772599,5895184,True
13,223,2899,2,-23317796,7772599,5895184,True
13,223,2899,5,-163224578,7772599,5895184,True
13,223,2899,7,-334221756,7772599,5895184,True
13,227,2951,0,-8054570,8054571,6110784,True
13,227,2951,1,-8054570,8054571,6110784,True
13,227,2951,2,-24163712,8054571,6110784,True
13,227,2951,5,-169145990,8054571,6110784,True
13,227,2951,7,-346346552,8054571,6110784,True
13,229,2977,0,-8197440,8197441,6220036,True
13,229,2977,1,-8197440,8197441,6220036,True
13,229,2977,2,-24592322,8197441,6220036,True
13,229,2977,5,-172146260,8197441,6220036,True
13,229,2977,7,-352489962,8197441,6220036,True
13,233,3029,0,-8486948,8486949,6441444,True
13,233,3029,1,-8486948,8486949,6441444,True
13,233,3029,2,-25460846,8486949,6441444,True
13,233,3029,5,-178225928,8486949,6441444,True
13,233,3029,7,-364938806,8486949,6441444,True
13,239,3107,0,-8930630,8930631,6780816,True
13,239,3107,1,-8930630,8930631,6780816,True
13,239,3107,2,-26791892,8930631,6780816,True
13,239,3107,5,-187543250,8930631,6780816,True
13,239,3107,7,-384017132,8930631,6780816,True
13,241,3133,0,-9081036,9081037,6895876,True
13,241,3133,1,-9081036,9081037,6895876,True
13,241,3133,2,-27243110,9081037,6895876,True
13,241,3133,5,-190701776,9081037,6895876,True
13,241,3133,7,-390484590,9081037,6895876,True
13,251,3263,0,-9851906,9851907,7485696,True
13,251,3263,1,-9851906,9851907,7485696,True
13,251,3263,2,-29555720,9851907,7485696,True
13,251,3263,5,-206890046,9851907,7485696,True
13,251,3263,7,-423632000,9851907,7485696,True
13,257,3341,0,-10329500,10329501,7851204,True
13,257,3341,1,-10329500,10329501,7851204,True
13,257,3341,2,-30988502,10329501,7851204,True
13,257,3341,5,-216919520,10329501,7851204,True
13,257,3341,7,-444168542,10329501,7851204,True
13,263,3419,0,-10818398,10818399,8225424,True
13,263,3419,1,-10818398,10818399,8225424,True
13,263,3419,2,-32455196,10818399,8225424,True
13,263,3419,5,-227186378,10818399,8225424,True
13,263,3419,7,-465191156,10818399,8225424,True
13,269,3497,0,-11318600,11318601,8608356,True
13,269,3497,1,-11318600,11318601,8608356,True
13,269,3497,2,-33955802,11318601,8608356,True
13,269,3497,5,-237690620,11318601,8608356,True
13,269,3497,7,-486699842,11318601,8608356,True
13,271,3523,0,-11487846,11487847,8737936,True
13,271,3523,1,-11487846,11487847,8737936,True
13,271,3523,2,-34463540,11487847,8737936,True
13,271,3523,5,-241244786,11487847,8737936,True
13,271,3523,7,-493977420,11487847,8737936,True
13,277,3601,0,-12003120,12003121,9132484,True
13,277,3601,1,-12003120,12003121,9132484,True
13,277,3601,2,-36009362,12003121,9132484,True
13,277,3601,5,-252065540,12003121,9132484,True
13,277,3601,7,-516134202,12003121,9132484,True
13,281,3653,0,-12352916,12352917,9400356,True
13,281,3653,1,-12352916,12352917,9400356,True
13,281,3653,2,-37058750,12352917,9400356,True
13,281,3653,5,-259411256,12352917,9400356,True
13,281,3653,7,-531175430,12352917,9400356,True
13,283,3679,0,-12529698,12529699,9535744,True
13,283,3679,1,-12529698,12529699,9535744,True
13,283,3679,2,-37589096,12529699,9535744,True
13,283,3679,5,-263123678,12529699,9535744,True
13,283,3679,7,-538777056,12529699,9535744,True
13,293,3809,0,-13432448,13432449,10227204,True
13,293,3809,1,-13432448,13432449,10227204,True
13,293,3809,2,-40297346,13432449,10227204,True
13,293,3809,5,-282081428,13432449,10227204,True
13,293,3809,7,-577595306,13432449,10227204,True
17,19,323,0,-93638,93639,63504,True
17,19,323,1,-93638,93639,63504,True
17,19,323,2,-280916,93639,63504,True
17,19,323,5,-1966418,93639,63504,True
17,19,323,7,-4026476,93639,63504,True
17,23,391,0,-138410,138411,97344,True
17,23,391,1,-138410,138411,97344,True
17,23,391,2,-415232,138411,97344,True
17,23,391,5,-2906630,138411,97344,True
17,23,391,7,-5951672,138411,97344,True
17,29,493,0,-221948,221949,161604,True
17,29,493,1,-221948,221949,161604,True
17,29,493,2,-665846,221949,161604,True
17,29,493,5,-4660928,221949,161604,True
17,29,493,7,-9543806,221949,161604,True
17,31,527,0,-254162,254163,186624,True
17,31,527,1,-254162,254163,186624,True
17,31,527,2,-762488,254163,186624,True
17,31,527,5,-5337422,254163,186624,True
17,31,527,7,-10929008,254163,186624,True
17,37,629,0,-363908,363909,272484,True
17,37,629,1,-363908,363909,272484,True
17,37,629,2,-1091726,363909,272484,True
17,37,629,5,-7642088,363909,272484,True
17,37,629,7,-15648086,363909,272484,True
17,41,697,0,-447992,447993,338724,True
17,41,697,1,-447992,447993,338724,True
17,41,697,2,-1343978,447993,338724,True
17,41,697,5,-9407852,447993,338724,True
17,41,697,7,-19263698,447993,338724,True
17,43,731,0,-493310,493311,374544,True
17,43,731,1,-493310,493311,374544,True
17,43,731,2,-1479932,493311,374544,True
17,43,731,5,-10359530,493311,374544,True
17,43,731,7,-21212372,493311,374544,True
17,47,799,0,-590498,590499,451584,True
17,47,799,1,-590498,590499,451584,True
17,47,799,2,-1771496,590499,451584,True
17,47,799,5,-12400478,590499,451584,True
17,47,799,7,-25391456,590499,451584,True
17,53,901,0,-752660,752661,580644,True
17,53,901,1,-752660,752661,580644,True
17,53,901,2,-2257982,752661,580644,True
17,53,901,5,-15805880,752661,580644,True
17,53,901,7,-32364422,752661,580644,True
17,59,1003,0,-934478,934479,725904,True
17,59,1003,1,-934478,934479,725904,True
17,59,1003,2,-2803436,934479,725904,True
17,59,1003,5,-19624058,934479,725904,True
17,59,1003,7,-40182596,934479,725904,True
17,61,1037,0,-999452,999453,777924,True
17,61,1037,1,-999452,999453,777924,True
17,61,1037,2,-2998358,999453,777924,True
17,61,1037,5,-20988512,999453,777924,True
17,61,1037,7,-42976478,999453,777924,True
17,67,1139,0,-1207478,1207479,944784,True
17,67,1139,1,-1207478,1207479,944784,True
17,67,1139,2,-3622436,1207479,944784,True
17,67,1139,5,-25357058,1207479,944784,True
17,67,1139,7,-51921596,1207479,944784,True
17,71,1207,0,-1357082,1357083,1065024,True
17,71,1207,1,-1357082,1357083,1065024,True
17,71,1207,2,-4071248,1357083,1065024,True
17,71,1207,5,-28498742,1357083,1065024,True
17,71,1207,7,-58354568,1357083,1065024,True
17,73,1241,0,-1435160,1435161,1127844,True
17,73,1241,1,-1435160,1435161,1127844,True
17,73,1241,2,-4305482,1435161,1127844,True
17,73,1241,5,-30138380,1435161,1127844,True
17,73,1241,7,-61711922,1435161,1127844,True
17,79,1343,0,-1682498,1682499,1327104,True
17,79,1343,1,-1682498,1682499,1327104,True
17,79,1343,2,-5047496,1682499,1327104,True
17,79,1343,5,-35332478,1682499,1327104,True
17,79,1343,7,-72347456,1682499,1327104,True
17,83,1411,0,-1858310,1858311,1468944,True
17,83,1411,1,-1858310,1858311,1468944,True
17,83,1411,2,-5574932,1858311,1468944,True
17,83,1411,5,-39024530,1858311,1468944,True
17,83,1411,7,-79907372,1858311,1468944,True
17,89,1513,0,-2138408,2138409,1695204,True
17,89,1513,1,-2138408,2138409,1695204,True
17,89,1513,2,-6415226,2138409,1695204,True
17,89,1513,5,-44906588,2138409,1695204,True
17,89,1513,7,-91951586,2138409,1695204,True
17,97,1649,0,-2542448,2542449,2022084,True
17,97,1649,1,-2542448,2542449,2022084,True
17,97,1649,2,-7627346,2542449,2022084,True
17,97,1649,5,-53391428,2542449,2022084,True
17,97,1649,7,-109325306,2542449,2022084,True
17,101,1717,0,-2757572,2757573,2196324,True
17,101,1717,1,-2757572,2757573,2196324,True
17,101,1717,2,-8272718,2757573,2196324,True
17,101,1717,5,-57909032,2757573,2196324,True
17,101,1717,7,-118575638,2757573,2196324,True
17,103,1751,0,-2868410,2868411,2286144,True
17,103,1751,1,-2868410,2868411,2286144,True
17,103,1751,2,-8605232,2868411,2286144,True
17,103,1751,5,-60236630,2868411,2286144,True
17,103,1751,7,-123341672,2868411,2286144,True
17,107,1819,0,-3096638,3096639,2471184,True
17,107,1819,1,-3096638,3096639,2471184,True
17,107,1819,2,-9289916,3096639,2471184,True
17,107,1819,5,-65029418,3096639,2471184,True
17,107,1819,7,-133155476,3096639,2471184,True
17,109,1853,0,-3214028,3214029,2566404,True
17,109,1853,1,-3214028,3214029,2566404,True
17,109,1853,2,-9642086,3214029,2566404,True
17,109,1853,5,-67494608,3214029,2566404,True
17,109,1853,7,-138203246,3214029,2566404,True
17,113,1921,0,-3455360,3455361,2762244,True
17,113,1921,1,-3455360,3455361,2762244,True
17,113,1921,2,-10366082,3455361,2762244,True
17,113,1921,5,-72562580,3455361,2762244,True
17,113,1921,7,-148580522,3455361,2762244,True
17,127,2159,0,-4368818,4368819,3504384,True
17,127,2159,1,-4368818,4368819,3504384,True
17,127,2159,2,-13106456,4368819,3504384,True
17,127,2159,5,-91745198,4368819,3504384,True
17,127,2159,7,-187859216,4368819,3504384,True
17,131,2227,0,-4649462,4649463,3732624,True
17,131,2227,1,-4649462,4649463,3732624,True
17,131,2227,2,-13948388,4649463,3732624,True
17,131,2227,5,-97638722,4649463,3732624,True
17,131,2227,7,-199926908,4649463,3732624,True
17,137,2329,0,-5086808,5086809,4088484,True
17,137,2329,1,-5086808,5086809,4088484,True
17,137,2329,2,-15260426,5086809,4088484,True
17,137,2329,5,-106822988,5086809,4088484,True
17,137,2329,7,-218732786,5086809,4088484,True
17,139,2363,0,-5236958,5236959,4210704,True
17,139,2363,1,-5236958,5236959,4210704,True
17,139,2363,2,-15710876,5236959,4210704,True
17,139,2363,5,-109976138,5236959,4210704,True
17,139,2363,7,-225189236,5236959,4210704,True
17,149,2533,0,-6020468,6020469,4848804,True
17,149,2533,1,-6020468,6020469,4848804,True
17,149,2533,2,-18061406,6020469,4848804,True
17,149,2533,5,-126429848,6020469,4848804,True
17,149,2533,7,-258880166,6020469,4848804,True
17,151,2567,0,-6183722,6183723,4981824,True
17,151,2567,1,-6183722,6183723,4981824,True
17,151,2567,2,-18551168,6183723,4981824,True
17,151,2567,5,-129858182,6183723,4981824,True
17,151,2567,7,-265900088,6183723,4981824,True
17,157,2669,0,-6686588,6686589,5391684,True
17,157,2669,1,-6686588,6686589,5391684,True
17,157,2669,2,-20059766,6686589,5391684,True
17,157,2669,5,-140418368,6686589,5391684,True
17,157,2669,7,-287523326,6686589,5391684,True
17,163,2771,0,-7209110,7209111,5817744,True
17,163,2771,1,-7209110,7209111,5817744,True
17,163,2771,2,-21627332,7209111,5817744,True
17,163,2771,5,-151391330,7209111,5817744,True
17,163,2771,7,-309991772,7209111,5817744,True
17,167,2839,0,-7568378,7568379,6110784,True
17,167,2839,1,-7568378,7568379,6110784,True
17,167,2839,2,-22705136,7568379,6110784,True
17,167,2839,5,-158935958,7568379,6110784,True
17,167,2839,7,-325440296,7568379,6110784,True
17,173,2941,0,-8123660,8123661,6563844,True
17,173,2941,1,-8123660,8123661,6563844,True
17,173,2941,2,-24370982,8123661,6563844,True
17,173,2941,5,-170596880,8123661,6563844,True
17,173,2941,7,-349317422,8123661,6563844,True
17,179,3043,0,-8698598,8698599,7033104,True
17,179,3043,1,-8698598,8698599,7033104,True
17,179,3043,2,-26095796,8698599,7033104,True
17,179,3043,5,-182670578,8698599,7033104,True
17,179,3043,7,-374039756,8698599,7033104,True
17,181,3077,0,-8894612,8894613,7193124,True
17,181,3077,1,-8894612,8894613,7193124,True
17,181,3077,2,-26683838,8894613,7193124,True
17,181,3077,5,-186786872,8894613,7193124,True
17,181,3077,7,-382468358,8894613,7193124,True
17,191,3247,0,-9907442,9907443,8020224,True
17,191,3247,1,-9907442,9907443,8020224,True
17,191,3247,2,-29722328,9907443,8020224,True
17,191,3247,5,-208056302,9907443,8020224,True
17,191,3247,7,-426020048,9907443,8020224,True
17,193,3281,0,-10116560,10116561,8191044,True
17,193,3281,1,-10116560,10116561,8191044,True
17,193,3281,2,-30349682,10116561,8191044,True
17,193,3281,5,-212447780,10116561,8191044,True
17,193,3281,7,-435012122,10116561,8191044,True
17,197,3349,0,-10541348,10541349,8538084,True
17,197,3349,1,-10541348,10541349,8538084,True
17,197,3349,2,-31624046,10541349,8538084,True
17,197,3349,5,-221368328,10541349,8538084,True
17,197,3349,7,-453278006,10541349,8538084,True
17,199,3383,0,-10757018,10757019,8714304,True
17,199,3383,1,-10757018,10757019,8714304,True
17,199,3383,2,-32271056,10757019,8714304,True
17,199,3383,5,-225897398,10757019,8714304,True
17,199,3383,7,-462551816,10757019,8714304,True
17,211,3587,0,-12096902,12096903,9809424,True
17,211,3587,1,-12096902,12096903,9809424,True
17,211,3587,2,-36290708,12096903,9809424,True
17,211,3587,5,-254034962,12096903,9809424,True
17,211,3587,7,-520166828,12096903,9809424,True
17,223,3791,0,-13515410,13515411,10969344,True
17,223,3791,1,-13515410,13515411,10969344,True
17,223,3791,2,-40546232,13515411,10969344,True
17,223,3791,5,-283823630,13515411,10969344,True
17,223,3791,7,-581162672,13515411,10969344,True
17,227,3859,0,-14005718,14005719,11370384,True
17,227,3859,1,-14005718,14005719,11370384,True
17,227,3859,2,-42017156,14005719,11370384,True
17,227,3859,5,-294120098,14005719,11370384,True
17,227,3859,7,-602245916,14005719,11370384,True
17,229,3893,0,-14254148,14254149,11573604,True
17,229,3893,1,-14254148,14254149,11573604,True
17,229,3893,2,-42762446,14254149,11573604,True
17,229,3893,5,-299337128,14254149,11573604,True
17,229,3893,7,-612928406,14254149,11573604,True
17,233,3961,0,-14757560,14757561,11985444,True
17,233,3961,1,-14757560,14757561,11985444,True
17,233,3961,2,-44272682,14757561,11985444,True
17,233,3961,5,-309908780,14757561,11985444,True
17,233,3961,7,-634575122,14757561,11985444,True
17,239,4063,0,-15529058,15529059,12616704,True
17,239,4063,1,-15529058,15529059,12616704,True
17,239,4063,2,-46587176,15529059,12616704,True
17,239,4063,5,-326110238,15529059,12616704,True
17,239,4063,7,-667749536,15529059,12616704,True
17,241,4097,0,-15790592,15790593,12830724,True
17,241,4097,1,-15790592,15790593,12830724,True
17,241,4097,2,-47371778,15790593,12830724,True
17,241,4097,5,-331602452,15790593,12830724,True
17,241,4097,7,-678995498,15790593,12830724,True
17,251,4267,0,-17131022,17131023,13927824,True
17,251,4267,1,-17131022,17131023,13927824,True
17,251,4267,2,-51393068,17131023,13927824,True
17,251,4267,5,-359751482,17131023,13927824,True
17,251,4267,7,-736633988,17131023,13927824,True
17,257,4369,0,-17961488,17961489,14607684,True
17,257,4369,1,-17961488,17961489,14607684,True
17,257,4369,2,-53884466,17961489,14607684,True
17,257,4369,5,-377191268,17961489,14607684,True
17,257,4369,7,-772344026,17961489,14607684,True
17,263,4471,0,-18811610,18811611,15303744,True
17,263,4471,1,-18811610,18811611,15303744,True
17,263,4471,2,-56434832,18811611,15303744,True
17,263,4471,5,-395043830,18811611,15303744,True
17,263,4471,7,-808899272,18811611,15303744,True
17,269,4573,0,-19681388,19681389,16016004,True
17,269,4573,1,-19681388,19681389,16016004,True
17,269,4573,2,-59044166,19681389,16016004,True
17,269,4573,5,-413309168,19681389,16016004,True
17,269,4573,7,-846299726,19681389,16016004,True
17,271,4607,0,-19975682,19975683,16257024,True
17,271,4607,1,-19975682,19975683,16257024,True
17,271,4607,2,-59927048,19975683,16257024,True
17,271,4607,5,-419489342,19975683,16257024,True
17,271,4607,7,-858954368,19975683,16257024,True
17,277,4709,0,-20871668,20871669,16990884,True
17,277,4709,1,-20871668,20871669,16990884,True
17,277,4709,2,-62615006,20871669,16990884,True
17,277,4709,5,-438305048,20871669,16990884,True
17,277,4709,7,-897481766,20871669,16990884,True
17,281,4777,0,-21479912,21479913,17489124,True
17,281,4777,1,-21479912,21479913,17489124,True
17,281,4777,2,-64439738,21479913,17489124,True
17,281,4777,5,-451078172,21479913,17489124,True
17,281,4777,7,-923636258,21479913,17489124,True
17,283,4811,0,-21787310,21787311,17740944,True
17,283,4811,1,-21787310,21787311,17740944,True
17,283,4811,2,-65361932,21787311,17740944,True
17,283,4811,5,-457533530,21787311,17740944,True
17,283,4811,7,-936854372,21787311,17740944,True
17,293,4981,0,-23357060,23357061,19027044,True
17,293,4981,1,-23357060,23357061,19027044,True
17,293,4981,2,-70071182,23357061,19027044,True
17,293,4981,5,-490498280,23357061,19027044,True
17,293,4981,7,-1004353622,23357061,19027044,True
19,23,437,0,-173900,173901,125316,True
19,23,437,1,-173900,173901,125316,True
19,23,437,2,-521702,173901,125316,True
19,23,437,5,-3651920,173901,125316,True
19,23,437,7,-7477742,173901,125316,True
19,29,551,0,-278858,278859,207936,True
19,29,551,1,-278858,278859,207936,True
19,29,551,2,-836576,278859,207936,True
19,29,551,5,-5856038,278859,207936,True
19,29,551,7,-11990936,278859,207936,True
19,31,589,0,-319332,319333,240100,True
19,31,589,1,-319332,319333,240100,True
19,31,589,2,-957998,319333,240100,True
19,31,589,5,-6705992,319333,240100,True
19,31,589,7,-13731318,319333,240100,True
19,37,703,0,-457218,457219,350464,True
19,37,703,1,-457218,457219,350464,True
19,37,703,2,-1371656,457219,350464,True
19,37,703,5,-9601598,457219,350464,True
19,37,703,7,-19660416,457219,350464,True
19,41,779,0,-562862,562863,435600,True
19,41,779,1,-562862,562863,435600,True
19,41,779,2,-1688588,562863,435600,True
19,41,779,5,-11820122,562863,435600,True
19,41,779,7,-24203108,562863,435600,True
19,43,817,0,-619800,619801,481636,True
19,43,817,1,-619800,619801,481636,True
19,43,817,2,-1859402,619801,481636,True
19,43,817,5,-13015820,619801,481636,True
19,43,817,7,-26651442,619801,481636,True
19,47,893,0,-741908,741909,580644,True
19,47,893,1,-741908,741909,580644,True
19,47,893,2,-2225726,741909,580644,True
19,47,893,5,-15580088,741909,580644,True
19,47,893,7,-31902086,741909,580644,True
19,53,1007,0,-945650,945651,746496,True
19,53,1007,1,-945650,945651,746496,True
19,53,1007,2,-2836952,945651,746496,True
19,53,1007,5,-19858670,945651,746496,True
19,53,1007,7,-40662992,945651,746496,True
19,59,1121,0,-1174088,1174089,933156,True
19,59,1121,1,-1174088,1174089,933156,True
19,59,1121,2,-3522266,1174089,933156,True
19,59,1121,5,-24655868,1174089,933156,True
19,59,1121,7,-50485826,1174089,933156,True
19,61,1159,0,-1255722,1255723,1000000,True
19,61,1159,1,-1255722,1255723,1000000,True
19,61,1159,2,-3767168,1255723,1000000,True
19,61,1159,5,-26370182,1255723,1000000,True
19,61,1159,7,-53996088,1255723,1000000,True
19,67,1273,0,-1517088,1517089,1214404,True
19,67,1273,1,-1517088,1517089,1214404,True
19,67,1273,2,-4551266,1517089,1214404,True
19,67,1273,5,-31858868,1517089,1214404,True
19,67,1273,7,-65234826,1517089,1214404,True
19,71,1349,0,-1705052,1705053,1368900,True
19,71,1349,1,-1705052,1705053,1368900,True
19,71,1349,2,-5115158,1705053,1368900,True
19,71,1349,5,-35806112,1705053,1368900,True
19,71,1349,7,-73317278,1705053,1368900,True
19,73,1387,0,-1803150,1803151,1449616,True
19,73,1387,1,-1803150,1803151,1449616,True
19,73,1387,2,-5409452,1803151,1449616,True
19,73,1387,5,-37866170,1803151,1449616,True
19,73,1387,7,-77535492,1803151,1449616,True
19,79,1501,0,-2113908,2113909,1705636,True
19,79,1501,1,-2113908,2113909,1705636,True
19,79,1501,2,-6341726,2113909,1705636,True
19,79,1501,5,-44392088,2113909,1705636,True
19,79,1501,7,-90898086,2113909,1705636,True
19,83,1577,0,-2334800,2334801,1887876,True
19,83,1577,1,-2334800,2334801,1887876,True
19,83,1577,2,-7004402,2334801,1887876,True
19,83,1577,5,-49030820,2334801,1887876,True
19,83,1577,7,-100396442,2334801,1887876,True
19,89,1691,0,-2686718,2686719,2178576,True
19,89,1691,1,-2686718,2686719,2178576,True
19,89,1691,2,-8060156,2686719,2178576,True
19,89,1691,5,-56421098,2686719,2178576,True
19,89,1691,7,-115528916,2686719,2178576,True
19,97,1843,0,-3194358,3194359,2598544,True
19,97,1843,1,-3194358,3194359,2598544,True
19,97,1843,2,-9583076,3194359,2598544,True
19,97,1843,5,-67081538,3194359,2598544,True
19,97,1843,7,-137357436,3194359,2598544,True
19,101,1919,0,-3464642,3464643,2822400,True
19,101,1919,1,-3464642,3464643,2822400,True
19,101,1919,2,-10393928,3464643,2822400,True
19,101,1919,5,-72757502,3464643,2822400,True
19,101,1919,7,-148979648,3464643,2822400,True
19,103,1957,0,-3603900,3603901,2937796,True
19,103,1957,1,-3603900,3603901,2937796,True
19,103,1957,2,-10811702,3603901,2937796,True
19,103,1957,5,-75681920,3603901,2937796,True
19,103,1957,7,-154967742,3603901,2937796,True
19,107,2033,0,-3890648,3890649,3175524,True
19,107,2033,1,-3890648,3890649,3175524,True
19,107,2033,2,-11671946,3890649,3175524,True
19,107,2033,5,-81703628,3890649,3175524,True
19,107,2033,7,-167297906,3890649,3175524,True
19,109,2071,0,-4038138,4038139,3297856,True
19,109,2071,1,-4038138,4038139,3297856,True
19,109,2071,2,-12114416,4038139,3297856,True
19,109,2071,5,-84800918,4038139,3297856,True
19,109,2071,7,-173639976,4038139,3297856,True
19,113,2147,0,-4341350,4341351,3549456,True
19,113,2147,1,-4341350,4341351,3549456,True
19,113,2147,2,-13024052,4341351,3549456,True
19,113,2147,5,-91168370,4341351,3549456,True
19,113,2147,7,-186678092,4341351,3549456,True
19,127,2413,0,-5489028,5489029,4502884,True
19,127,2413,1,-5489028,5489029,4502884,True
19,127,2413,2,-16467086,5489029,4502884,True
19,127,2413,5,-115269608,5489029,4502884,True
19,127,2413,7,-236028246,5489029,4502884,True
19,131,2489,0,-5841632,5841633,4796100,True
19,131,2489,1,-5841632,5841633,4796100,True
19,131,2489,2,-17524898,5841633,4796100,True
19,131,2489,5,-122674292,5841633,4796100,True
19,131,2489,7,-251190218,5841633,4796100,True
19,137,2603,0,-6391118,6391119,5253264,True
19,137,2603,1,-6391118,6391119,5253264,True
19,137,2603,2,-19173356,6391119,5253264,True
19,137,2603,5,-134213498,6391119,5253264,True
19,137,2603,7,-274818116,6391119,5253264,True
19,139,2641,0,-6579768,6579769,5410276,True
19,139,2641,1,-6579768,6579769,5410276,True
19,139,2641,2,-19739306,6579769,5410276,True
19,139,2641,5,-138175148,6579769,5410276,True
19,139,2641,7,-282930066,6579769,5410276,True
19,149,2831,0,-7564178,7564179,6230016,True
19,149,2831,1,-7564178,7564179,6230016,True
19,149,2831,2,-22692536,7564179,6230016,True
19,149,2831,5,-158847758,7564179,6230016,True
19,149,2831,7,-325259696,7564179,6230016,True
19,151,2869,0,-7769292,7769293,6400900,True
19,151,2869,1,-7769292,7769293,6400900,True
19,151,2869,2,-23307878,7769293,6400900,True
19,151,2869,5,-163155152,7769293,6400900,True
19,151,2869,7,-334079598,7769293,6400900,True
19,157,2983,0,-8401098,8401099,6927424,True
19,157,2983,1,-8401098,8401099,6927424,True
19,157,2983,2,-25203296,8401099,6927424,True
19,157,2983,5,-176423078,8401099,6927424,True
19,157,2983,7,-361247256,8401099,6927424,True
19,163,3097,0,-9057600,9057601,7474756,True
19,163,3097,1,-9057600,9057601,7474756,True
19,163,3097,2,-27172802,9057601,7474756,True
19,163,3097,5,-190209620,9057601,7474756,True
19,163,3097,7,-389476842,9057601,7474756,True
19,167,3173,0,-9508988,9508989,7851204,True
19,167,3173,1,-9508988,9508989,7851204,True
19,167,3173,2,-28526966,9508989,7851204,True
19,167,3173,5,-199688768,9508989,7851204,True
19,167,3173,7,-408886526,9508989,7851204,True
19,173,3287,0,-10206650,10206651,8433216,True
19,173,3287,1,-10206650,10206651,8433216,True
19,173,3287,2,-30619952,10206651,8433216,True
19,173,3287,5,-214339670,10206651,8433216,True
19,173,3287,7,-438885992,10206651,8433216,True
19,179,3401,0,-10929008,10929009,9036036,True
19,179,3401,1,-10929008,10929009,9036036,True
19,179,3401,2,-32787026,10929009,9036036,True
19,179,3401,5,-229509188,10929009,9036036,True
19,179,3401,7,-469947386,10929009,9036036,True
19,181,3439,0,-11175282,11175283,9241600,True
19,181,3439,1,-11175282,11175283,9241600,True
19,181,3439,2,-33525848,11175283,9241600,True
19,181,3439,5,-234680942,11175283,9241600,True
19,181,3439,7,-480537168,11175283,9241600,True
19,191,3629,0,-12447812,12447813,10304100,True
19,191,3629,1,-12447812,12447813,10304100,True
19,191,3629,2,-37343438,12447813,10304100,True
19,191,3629,5,-261404072,12447813,10304100,True
19,191,3629,7,-535255958,12447813,10304100,True
19,193,3667,0,-12710550,12710551,10523536,True
19,193,3667,1,-12710550,12710551,10523536,True
19,193,3667,2,-38131652,12710551,10523536,True
19,193,3667,5,-266921570,12710551,10523536,True
19,193,3667,7,-546553692,12710551,10523536,True
19,197,3743,0,-13244258,13244259,10969344,True
19,197,3743,1,-13244258,13244259,10969344,True
19,197,3743,2,-39732776,13244259,10969344,True
19,197,3743,5,-278129438,13244259,10969344,True
19,197,3743,7,-569503136,13244259,10969344,True
19,199,3781,0,-13515228,13515229,11195716,True
19,199,3781,1,-13515228,13515229,11195716,True
19,199,3781,2,-40545686,13515229,11195716,True
19,199,3781,5,-283819808,13515229,11195716,True
19,199,3781,7,-581154846,13515229,11195716,True
19,211,4009,0,-15198672,15198673,12602500,True
19,211,4009,1,-15198672,15198673,12602500,True
19,211,4009,2,-45596018,15198673,12602500,True
19,211,4009,5,-319172132,15198673,12602500,True
19,211,4009,7,-653542938,15198673,12602500,True
19,223,4237,0,-16980900,16980901,14092516,True
19,223,4237,1,-16980900,16980901,14092516,True
19,223,4237,2,-50942702,16980901,14092516,True
19,223,4237,5,-356598920,16980901,14092516,True
19,223,4237,7,-730178742,16980901,14092516,True
19,227,4313,0,-17596928,17596929,14607684,True
19,227,4313,1,-17596928,17596929,14607684,True
19,227,4313,2,-52790786,17596929,14607684,True
19,227,4313,5,-369535508,17596929,14607684,True
19,227,4313,7,-756667946,17596929,14607684,True
19,229,4351,0,-17909058,17909059,14868736,True
19,229,4351,1,-17909058,17909059,14868736,True
19,229,4351,2,-53727176,17909059,14868736,True
19,229,4351,5,-376090238,17909059,14868736,True
19,229,4351,7,-770089536,17909059,14868736,True
19,233,4427,0,-18541550,18541551,15397776,True
19,233,4427,1,-18541550,18541551,15397776,True
19,233,4427,2,-55624652,18541551,15397776,True
19,233,4427,5,-389372570,18541551,15397776,True
19,233,4427,7,-797286692,18541551,15397776,True
19,239,4541,0,-19510868,19510869,16208676,True
19,239,4541,1,-19510868,19510869,16208676,True
19,239,4541,2,-58532606,19510869,16208676,True
19,239,4541,5,-409728248,19510869,16208676,True
19,239,4541,7,-838967366,19510869,16208676,True
19,241,4579,0,-19839462,19839463,16483600,True
19,241,4579,1,-19839462,19839463,16483600,True
19,241,4579,2,-59518388,19839463,16483600,True
19,241,4579,5,-416628722,19839463,16483600,True
19,241,4579,7,-853096908,19839463,16483600,True
19,251,4769,0,-21523592,21523593,17892900,True
19,251,4769,1,-21523592,21523593,17892900,True
19,251,4769,2,-64570778,21523593,17892900,True
19,251,4769,5,-451995452,21523593,17892900,True
19,251,4769,7,-925514498,21523593,17892900,True
19,257,4883,0,-22566998,22566999,18766224,True
19,257,4883,1,-22566998,22566999,18766224,True
19,257,4883,2,-67700996,22566999,18766224,True
19,257,4883,5,-473906978,22566999,18766224,True
19,257,4883,7,-970380956,22566999,18766224,True
19,263,4997,0,-23635100,23635101,19660356,True
19,263,4997,1,-23635100,23635101,19660356,True
19,263,4997,2,-70905302,23635101,19660356,True
19,263,4997,5,-496337120,23635101,19660356,True
19,263,4997,7,-1016309342,23635101,19660356,True
19,269,5111,0,-24727898,24727899,20575296,True
19,269,5111,1,-24727898,24727899,20575296,True
19,269,5111,2,-74183696,24727899,20575296,True
19,269,5111,5,-519285878,24727899,20575296,True
19,269,5111,7,-1063299656,24727899,20575296,True
19,271,5149,0,-25097652,25097653,20884900,True
19,271,5149,1,-25097652,25097653,20884900,True
19,271,5149,2,-75292958,25097653,20884900,True
19,271,5149,5,-527050712,25097653,20884900,True
19,271,5149,7,-1079199078,25097653,20884900,True
19,277,5263,0,-26223378,26223379,21827584,True
19,277,5263,1,-26223378,26223379,21827584,True
19,277,5263,2,-78670136,26223379,21827584,True
19,277,5263,5,-550690958,26223379,21827584,True
19,277,5263,7,-1127605296,26223379,21827584,True
19,281,5339,0,-26987582,26987583,22467600,True
19,281,5339,1,-26987582,26987583,22467600,True
19,281,5339,2,-80962748,26987583,22467600,True
19,281,5339,5,-566739242,26987583,22467600,True
19,281,5339,7,-1160466068,26987583,22467600,True
19,283,5377,0,-27373800,27373801,22791076,True
19,283,5377,1,-27373800,27373801,22791076,True
19,283,5377,2,-82121402,27373801,22791076,True
19,283,5377,5,-574849820,27373801,22791076,True
19,283,5377,7,-1177073442,27373801,22791076,True
19,293,5567,0,-29346050,29346051,24443136,True
19,293,5567,1,-29346050,29346051,24443136,True
19,293,5567,2,-88038152,29346051,24443136,True
19,293,5567,5,-616267070,29346051,24443136,True
19,293,5567,7,-1261880192,29346051,24443136,True
23,29,667,0,-412190,412191,318096,True
23,29,667,1,-412190,412191,318096,True
23,29,667,2,-1236572,412191,318096,True
23,29,667,5,-8656010,412191,318096,True
23,29,667,7,-17724212,412191,318096,True
23,31,713,0,-472016,472017,367236,True
23,31,713,1,-472016,472017,367236,True
23,31,713,2,-1416050,472017,367236,True
23,31,713,5,-9912356,472017,367236,True
23,31,713,7,-20296730,472017,367236,True
23,37,851,0,-675830,675831,535824,True
23,37,851,1,-675830,675831,535824,True
23,37,851,2,-2027492,675831,535824,True
23,37,851,5,-14192450,675831,535824,True
23,37,851,7,-29060732,675831,535824,True
23,41,943,0,-831986,831987,665856,True
23,41,943,1,-831986,831987,665856,True
23,41,943,2,-2495960,831987,665856,True
23,41,943,5,-17471726,831987,665856,True
23,41,943,7,-35775440,831987,665856,True
23,43,989,0,-916148,916149,736164,True
23,43,989,1,-916148,916149,736164,True
23,43,989,2,-2748446,916149,736164,True
23,43,989,5,-19239128,916149,736164,True
23,43,989,7,-39394406,916149,736164,True
23,47,1081,0,-1096640,1096641,887364,True
23,47,1081,1,-1096640,1096641,887364,True
23,47,1081,2,-3289922,1096641,887364,True
23,47,1081,5,-23029460,1096641,887364,True
23,47,1081,7,-47155562,1096641,887364,True
23,53,1219,0,-1397798,1397799,1140624,True
23,53,1219,1,-1397798,1397799,1140624,True
23,53,1219,2,-4193396,1397799,1140624,True
23,53,1219,5,-29353778,1397799,1140624,True
23,53,1219,7,-60105356,1397799,1140624,True
23,59,1357,0,-1735460,1735461,1425636,True
23,59,1357,1,-1735460,1735461,1425636,True
23,59,1357,2,-5206382,1735461,1425636,True
23,59,1357,5,-36444680,1735461,1425636,True
23,59,1357,7,-74624822,1735461,1425636,True
23,61,1403,0,-1856126,1856127,1527696,True
23,61,1403,1,-1856126,1856127,1527696,True
23,61,1403,2,-5568380,1856127,1527696,True
23,61,1403,5,-38978666,1856127,1527696,True
23,61,1403,7,-79813460,1856127,1527696,True
23,67,1541,0,-2242460,2242461,1855044,True
23,67,1541,1,-2242460,2242461,1855044,True
23,67,1541,2,-6727382,2242461,1855044,True
23,67,1541,5,-47091680,2242461,1855044,True
23,67,1541,7,-96425822,2242461,1855044,True
23,71,1633,0,-2520296,2520297,2090916,True
23,71,1633,1,-2520296,2520297,2090916,True
23,71,1633,2,-7560890,2520297,2090916,True
23,71,1633,5,-52926236,2520297,2090916,True
23,71,1633,7,-108372770,2520297,2090916,True
23,73,1679,0,-2665298,2665299,2214144,True
23,73,1679,1,-2665298,2665299,2214144,True
23,73,1679,2,-7995896,2665299,2214144,True
23,73,1679,5,-55971278,2665299,2214144,True
23,73,1679,7,-114607856,2665299,2214144,True
23,79,1817,0,-3124640,3124641,2604996,True
23,79,1817,1,-3124640,3124641,2604996,True
23,79,1817,2,-9373922,3124641,2604996,True
23,79,1817,5,-65617460,3124641,2604996,True
23,79,1817,7,-134359562,3124641,2604996,True
23,83,1909,0,-3451148,3451149,2883204,True
23,83,1909,1,-3451148,3451149,2883204,True
23,83,1909,2,-10353446,3451149,2883204,True
23,83,1909,5,-72474128,3451149,2883204,True
23,83,1909,7,-148399406,3451149,2883204,True
23,89,2047,0,-3971330,3971331,3326976,True
23,89,2047,1,-3971330,3971331,3326976,True
23,89,2047,2,-11913992,3971331,3326976,True
23,89,2047,5,-83397950,3971331,3326976,True
23,89,2047,7,-170767232,3971331,3326976,True
23,97,2231,0,-4721690,4721691,3968064,True
23,97,2231,1,-4721690,4721691,3968064,True
23,97,2231,2,-14165072,4721691,3968064,True
23,97,2231,5,-99155510,4721691,3968064,True
23,97,2231,7,-203032712,4721691,3968064,True
23,101,2323,0,-5121206,5121207,4309776,True
23,101,2323,1,-5121206,5121207,4309776,True
23,101,2323,2,-15363620,5121207,4309776,True
23,101,2323,5,-107545346,5121207,4309776,True
23,101,2323,7,-220211900,5121207,4309776,True
23,103,2369,0,-5327048,5327049,4485924,True
23,103,2369,1,-5327048,5327049,4485924,True
23,103,2369,2,-15981146,5327049,4485924,True
23,103,2369,5,-111868028,5327049,4485924,True
23,103,2369,7,-229063106,5327049,4485924,True
23,107,2461,0,-5750900,5750901,4848804,True
23,107,2461,1,-5750900,5750901,4848804,True
23,107,2461,2,-17252702,5750901,4848804,True
23,107,2461,5,-120768920,5750901,4848804,True
23,107,2461,7,-247288742,5750901,4848804,True
23,109,2507,0,-5968910,5968911,5035536,True
23,109,2507,1,-5968910,5968911,5035536,True
23,109,2507,2,-17906732,5968911,5035536,True
23,109,2507,5,-125347130,5968911,5035536,True
23,109,2507,7,-256663172,5968911,5035536,True
23,113,2599,0,-6417098,6417099,5419584,True
23,113,2599,1,-6417098,6417099,5419584,True
23,113,2599,2,-19251296,6417099,5419584,True
23,113,2599,5,-134759078,6417099,5419584,True
23,113,2599,7,-275935256,6417099,5419584,True
23,127,2921,0,-8113520,8113521,6874884,True
23,127,2921,1,-8113520,8113521,6874884,True
23,127,2921,2,-24340562,8113521,6874884,True
23,127,2921,5,-170383940,8113521,6874884,True
23,127,2921,7,-348881402,8113521,6874884,True
23,131,3013,0,-8634716,8634717,7322436,True
23,131,3013,1,-8634716,8634717,7322436,True
23,131,3013,2,-25904150,8634717,7322436,True
23,131,3013,5,-181329056,8634717,7322436,True
23,131,3013,7,-371292830,8634717,7322436,True
23,137,3151,0,-9446930,9446931,8020224,True
23,137,3151,1,-9446930,9446931,8020224,True
23,137,3151,2,-28340792,9446931,8020224,True
23,137,3151,5,-198385550,9446931,8020224,True
23,137,3151,7,-406218032,9446931,8020224,True
23,139,3197,0,-9725780,9725781,8259876,True
23,139,3197,1,-9725780,9725781,8259876,True
23,139,3197,2,-29177342,9725781,8259876,True
23,139,3197,5,-204241400,9725781,8259876,True
23,139,3197,7,-418208582,9725781,8259876,True
23,149,3427,0,-11180870,11180871,9511056,True
23,149,3427,1,-11180870,11180871,9511056,True
23,149,3427,2,-33542612,11180871,9511056,True
23,149,3427,5,-234798290,11180871,9511056,True
23,149,3427,7,-480777452,11180871,9511056,True
23,151,3473,0,-11484056,11484057,9771876,True
23,151,3473,1,-11484056,11484057,9771876,True
23,151,3473,2,-34452170,11484057,9771876,True
23,151,3473,5,-241165196,11484057,9771876,True
23,151,3473,7,-493814450,11484057,9771876,True
23,157,3611,0,-12417950,12417951,10575504,True
23,157,3611,1,-12417950,12417951,10575504,True
23,157,3611,2,-37253852,12417951,10575504,True
23,157,3611,5,-260776970,12417951,10575504,True
23,157,3611,7,-533971892,12417951,10575504,True
23,163,3749,0,-13388348,13388349,11410884,True
23,163,3749,1,-13388348,13388349,11410884,True
23,163,3749,2,-40165046,13388349,11410884,True
23,163,3749,5,-281155328,13388349,11410884,True
23,163,3749,7,-575699006,13388349,11410884,True
23,167,3841,0,-14055560,14055561,11985444,True
23,167,3841,1,-14055560,14055561,11985444,True
23,167,3841,2,-42166682,14055561,11985444,True
23,167,3841,5,-295166780,14055561,11985444,True
23,167,3841,7,-604389122,14055561,11985444,True
23,173,3979,0,-15086798,15086799,12873744,True
23,173,3979,1,-15086798,15086799,12873744,True
23,173,3979,2,-45260396,15086799,12873744,True
23,173,3979,5,-316822778,15086799,12873744,True
23,173,3979,7,-648732356,15086799,12873744,True
23,179,4117,0,-16154540,16154541,13793796,True
23,179,4117,1,-16154540,16154541,13793796,True
23,179,4117,2,-48463622,16154541,13793796,True
23,179,4117,5,-339245360,16154541,13793796,True
23,179,4117,7,-694645262,16154541,13793796,True
23,181,4163,0,-16518566,16518567,14107536,True
23,181,4163,1,-16518566,16518567,14107536,True
23,181,4163,2,-49555700,16518567,14107536,True
23,181,4163,5,-346889906,16518567,14107536,True
23,181,4163,7,-710298380,16518567,14107536,True
23,191,4393,0,-18399536,18399537,15729156,True
23,191,4393,1,-18399536,18399537,15729156,True
23,191,4393,2,-55198610,18399537,15729156,True
23,191,4393,5,-386390276,18399537,15729156,True
23,191,4393,7,-791180090,18399537,15729156,True
23,193,4439,0,-18787898,18787899,16064064,True
23,193,4439,1,-18787898,18787899,16064064,True
23,193,4439,2,-56363696,18787899,16064064,True
23,193,4439,5,-394545878,18787899,16064064,True
23,193,4439,7,-807879656,18787899,16064064,True
23,197,4531,0,-19576790,19576791,16744464,True
23,197,4531,1,-19576790,19576791,16744464,True
23,197,4531,2,-58730372,19576791,16744464,True
23,197,4531,5,-411112610,19576791,16744464,True
23,197,4531,7,-841802012,19576791,16744464,True
23,199,4577,0,-19977320,19977321,17089956,True
23,199,4577,1,-19977320,19977321,17089956,True
23,199,4577,2,-59931962,19977321,17089956,True
23,199,4577,5,-419523740,19977321,17089956,True
23,199,4577,7,-859024802,19977321,17089956,True
23,211,4853,0,-22465676,22465677,19236996,True
23,211,4853,1,-22465676,22465677,19236996,True
23,211,4853,2,-67397030,22465677,19236996,True
23,211,4853,5,-471779216,22465677,19236996,True
23,211,4853,7,-966024110,22465677,19236996,True
23,223,5129,0,-25100048,25100049,21511044,True
23,223,5129,1,-25100048,25100049,21511044,True
23,223,5129,2,-75300146,25100049,21511044,True
23,223,5129,5,-527101028,25100049,21511044,True
23,223,5129,7,-1079302106,25100049,21511044,True
23,227,5221,0,-26010620,26010621,22297284,True
23,227,5221,1,-26010620,26010621,22297284,True
23,227,5221,2,-78031862,26010621,22297284,True
23,227,5221,5,-546223040,26010621,22297284,True
23,227,5221,7,-1118456702,26010621,22297284,True
23,229,5267,0,-26471990,26471991,22695696,True
23,229,5267,1,-26471990,26471991,22695696,True
23,229,5267,2,-79415972,26471991,22695696,True
23,229,5267,5,-555911810,26471991,22695696,True
23,229,5267,7,-1138295612,26471991,22695696,True
23,233,5359,0,-27406898,27406899,23503104,True
23,233,5359,1,-27406898,27406899,23503104,True
23,233,5359,2,-82220696,27406899,23503104,True
23,233,5359,5,-575544878,27406899,23503104,True
23,233,5359,7,-1178496656,27406899,23503104,True
23,239,5497,0,-28839680,28839681,24740676,True
23,239,5497,1,-28839680,28839681,24740676,True
23,239,5497,2,-86519042,28839681,24740676,True
23,239,5497,5,-605633300,28839681,24740676,True
23,239,5497,7,-1240106282,28839681,24740676,True
23,241,5543,0,-29325386,29325387,25160256,True
23,241,5543,1,-29325386,29325387,25160256,True
23,241,5543,2,-87976160,29325387,25160256,True
23,241,5543,5,-615833126,29325387,25160256,True
23,241,5543,7,-1260991640,29325387,25160256,True
23,251,5773,0,-31814756,31814757,27311076,True
23,251,5773,1,-31814756,31814757,27311076,True
23,251,5773,2,-95444270,31814757,27311076,True
23,251,5773,5,-668109896,31814757,27311076,True
23,251,5773,7,-1368034550,31814757,27311076,True
23,257,5911,0,-33357050,33357051,28643904,True
23,257,5911,1,-33357050,33357051,28643904,True
23,257,5911,2,-100071152,33357051,28643904,True
23,257,5911,5,-700498070,33357051,28643904,True
23,257,5911,7,-1434353192,33357051,28643904,True
23,263,6049,0,-34935848,34935849,30008484,True
23,263,6049,1,-34935848,34935849,30008484,True
23,263,6049,2,-104807546,34935849,30008484,True
23,263,6049,5,-733652828,34935849,30008484,True
23,263,6049,7,-1502241506,34935849,30008484,True
23,269,6187,0,-36551150,36551151,31404816,True
23,269,6187,1,-36551150,36551151,31404816,True
23,269,6187,2,-109653452,36551151,31404816,True
23,269,6187,5,-767574170,36551151,31404816,True
23,269,6187,7,-1571699492,36551151,31404816,True
23,271,6233,0,-37097696,37097697,31877316,True
23,271,6233,1,-37097696,37097697,31877316,True
23,271,6233,2,-111293090,37097697,31877316,True
23,271,6233,5,-779051636,37097697,31877316,True
23,271,6233,7,-1595200970,37097697,31877316,True
23,277,6371,0,-38761670,38761671,33315984,True
23,277,6371,1,-38761670,38761671,33315984,True
23,277,6371,2,-116285012,38761671,33315984,True
23,277,6371,5,-813995090,38761671,33315984,True
23,277,6371,7,-1666751852,38761671,33315984,True
23,281,6463,0,-39891266,39891267,34292736,True
23,281,6463,1,-39891266,39891267,34292736,True
23,281,6463,2,-119673800,39891267,34292736,True
23,281,6463,5,-837716606,39891267,34292736,True
23,281,6463,7,-1715324480,39891267,34292736,True
23,283,6509,0,-40462148,40462149,34786404,True
23,283,6509,1,-40462148,40462149,34786404,True
23,283,6509,2,-121386446,40462149,34786404,True
23,283,6509,5,-849705128,40462149,34786404,True
23,283,6509,7,-1739872406,40462149,34786404,True
23,293,6739,0,-43377398,43377399,37307664,True
23,293,6739,1,-43377398,43377399,37307664,True
23,293,6739,2,-130132196,43377399,37307664,True
23,293,6739,5,-910925378,43377399,37307664,True
23,293,6739,7,-1865228156,43377399,37307664,True
29,31,899,0,-756902,756903,608400,True
29,31,899,1,-756902,756903,608400,True
29,31,899,2,-2270708,756903,608400,True
29,31,899,5,-15894962,756903,608400,True
29,31,899,7,-32546828,756903,608400,True
29,37,1073,0,-1083728,1083729,887364,True
29,37,1073,1,-1083728,1083729,887364,True
29,37,1073,2,-3251186,1083729,887364,True
29,37,1073,5,-22758308,1083729,887364,True
29,37,1073,7,-46600346,1083729,887364,True
29,41,1189,0,-1334132,1334133,1102500,True
29,41,1189,1,-1334132,1334133,1102500,True
29,41,1189,2,-4002398,1334133,1102500,True
29,41,1189,5,-28016792,1334133,1102500,True
29,41,1189,7,-57367718,1334133,1102500,True
29,43,1247,0,-1469090,1469091,1218816,True
29,43,1247,1,-1469090,1469091,1218816,True
29,43,1247,2,-4407272,1469091,1218816,True
29,43,1247,5,-30850910,1469091,1218816,True
29,43,1247,7,-63170912,1469091,1218816,True
29,47,1363,0,-1758518,1758519,1468944,True
29,47,1363,1,-1758518,1758519,1468944,True
29,47,1363,2,-5275556,1758519,1468944,True
29,47,1363,5,-36928898,1758519,1468944,True
29,47,1363,7,-75616316,1758519,1468944,True
29,53,1537,0,-2241440,2241441,1887876,True
29,53,1537,1,-2241440,2241441,1887876,True
29,53,1537,2,-6724322,2241441,1887876,True
29,53,1537,5,-47070260,2241441,1887876,True
29,53,1537,7,-96381962,2241441,1887876,True
29,59,1711,0,-2782898,2782899,2359296,True
29,59,1711,1,-2782898,2782899,2359296,True
29,59,1711,2,-8348696,2782899,2359296,True
29,59,1711,5,-58440878,2782899,2359296,True
29,59,1711,7,-119664656,2782899,2359296,True
29,61,1769,0,-2976392,2976393,2528100,True
29,61,1769,1,-2976392,2976393,2528100,True
29,61,1769,2,-8929178,2976393,2528100,True
29,61,1769,5,-62504252,2976393,2528100,True
29,61,1769,7,-127984898,2976393,2528100,True
29,67,1943,0,-3595898,3595899,3069504,True
29,67,1943,1,-3595898,3595899,3069504,True
29,67,1943,2,-10787696,3595899,3069504,True
29,67,1943,5,-75513878,3595899,3069504,True
29,67,1943,7,-154623656,3595899,3069504,True
29,71,2059,0,-4041422,4041423,3459600,True
29,71,2059,1,-4041422,4041423,3459600,True
29,71,2059,2,-12124268,4041423,3459600,True
29,71,2059,5,-84869882,4041423,3459600,True
29,71,2059,7,-173781188,4041423,3459600,True
29,73,2117,0,-4273940,4273941,3663396,True
29,73,2117,1,-4273940,4273941,3663396,True
29,73,2117,2,-12821822,4273941,3663396,True
29,73,2117,5,-89752760,4273941,3663396,True
29,73,2117,7,-183779462,4273941,3663396,True
29,79,2291,0,-5010518,5010519,4309776,True
29,79,2291,1,-5010518,5010519,4309776,True
29,79,2291,2,-15031556,5010519,4309776,True
29,79,2291,5,-105220898,5010519,4309776,True
29,79,2291,7,-215452316,5010519,4309776,True
29,83,2407,0,-5534090,5534091,4769856,True
29,83,2407,1,-5534090,5534091,4769856,True
29,83,2407,2,-16602272,5534091,4769856,True
29,83,2407,5,-116215910,5534091,4769856,True
29,83,2407,7,-237965912,5534091,4769856,True
29,89,2581,0,-6368228,6368229,5503716,True
29,89,2581,1,-6368228,6368229,5503716,True
29,89,2581,2,-19104686,6368229,5503716,True
29,89,2581,5,-133732808,6368229,5503716,True
29,89,2581,7,-273833846,6368229,5503716,True
29,97,2813,0,-7571468,7571469,6563844,True
29,97,2813,1,-7571468,7571469,6563844,True
29,97,2813,2,-22714406,7571469,6563844,True
29,97,2813,5,-159000848,7571469,6563844,True
29,97,2813,7,-325573166,7571469,6563844,True
29,101,2929,0,-8212112,8212113,7128900,True
29,101,2929,1,-8212112,8212113,7128900,True
29,101,2929,2,-24636338,8212113,7128900,True
29,101,2929,5,-172454372,8212113,7128900,True
29,101,2929,7,-353120858,8212113,7128900,True
29,103,2987,0,-8542190,8542191,7420176,True
29,103,2987,1,-8542190,8542191,7420176,True
29,103,2987,2,-25626572,8542191,7420176,True
29,103,2987,5,-179386010,8542191,7420176,True
29,103,2987,7,-367314212,8542191,7420176,True
29,107,3103,0,-9221858,9221859,8020224,True
29,107,3103,1,-9221858,9221859,8020224,True
29,107,3103,2,-27665576,9221859,8020224,True
29,107,3103,5,-193659038,9221859,8020224,True
29,107,3103,7,-396539936,9221859,8020224,True
29,109,3161,0,-9571448,9571449,8328996,True
29,109,3161,1,-9571448,9571449,8328996,True
29,109,3161,2,-28714346,9571449,8328996,True
29,109,3161,5,-201000428,9571449,8328996,True
29,109,3161,7,-411572306,9571449,8328996,True
29,113,3277,0,-10290140,10290141,8964036,True
29,113,3277,1,-10290140,10290141,8964036,True
29,113,3277,2,-30870422,10290141,8964036,True
29,113,3277,5,-216092960,10290141,8964036,True
29,113,3277,7,-442476062,10290141,8964036,True
29,127,3683,0,-13010438,13010439,11370384,True
29,127,3683,1,-13010438,13010439,11370384,True
29,127,3683,2,-39031316,13010439,11370384,True
29,127,3683,5,-273219218,13010439,11370384,True
29,127,3683,7,-559448876,13010439,11370384,True
29,131,3799,0,-13846202,13846203,12110400,True
29,131,3799,1,-13846202,13846203,12110400,True
29,131,3799,2,-41538608,13846203,12110400,True
29,131,3799,5,-290770262,13846203,12110400,True
29,131,3799,7,-595386728,13846203,12110400,True
29,137,3973,0,-15148628,15148629,13264164,True
29,137,3973,1,-15148628,15148629,13264164,True
29,137,3973,2,-45445886,15148629,13264164,True
29,137,3973,5,-318121208,15148629,13264164,True
29,137,3973,7,-651391046,15148629,13264164,True
29,139,4031,0,-15595778,15595779,13660416,True
29,139,4031,1,-15595778,15595779,13660416,True
29,139,4031,2,-46787336,15595779,13660416,True
29,139,4031,5,-327511358,15595779,13660416,True
29,139,4031,7,-670618496,15595779,13660416,True
29,149,4321,0,-17929088,17929089,15729156,True
29,149,4321,1,-17929088,17929089,15729156,True
29,149,4321,2,-53787266,17929089,15729156,True
29,149,4321,5,-376510868,17929089,15729156,True
29,149,4321,7,-770950826,17929089,15729156,True
29,151,4379,0,-18415262,18415263,16160400,True
29,151,4379,1,-18415262,18415263,16160400,True
29,151,4379,2,-55245788,18415263,16160400,True
29,151,4379,5,-386720522,18415263,16160400,True
29,151,4379,7,-791856308,18415263,16160400,True
29,157,4553,0,-19912808,19912809,17489124,True
29,157,4553,1,-19912808,19912809,17489124,True
29,157,4553,2,-59738426,19912809,17489124,True
29,157,4553,5,-418168988,19912809,17489124,True
29,157,4553,7,-856250786,19912809,17489124,True
29,163,4727,0,-21468890,21468891,18870336,True
29,163,4727,1,-21468890,21468891,18870336,True
29,163,4727,2,-64406672,21468891,18870336,True
29,163,4727,5,-450846710,21468891,18870336,True
29,163,4727,7,-923162312,21468891,18870336,True
29,167,4843,0,-22538798,22538799,19820304,True
29,167,4843,1,-22538798,22538799,19820304,True
29,167,4843,2,-67616396,22538799,19820304,True
29,167,4843,5,-473314778,22538799,19820304,True
29,167,4843,7,-969168356,22538799,19820304,True
29,173,5017,0,-24192440,24192441,21288996,True
29,173,5017,1,-24192440,24192441,21288996,True
29,173,5017,2,-72577322,24192441,21288996,True
29,173,5017,5,-508041260,24192441,21288996,True
29,173,5017,7,-1040274962,24192441,21288996,True
29,179,5191,0,-25904618,25904619,22810176,True
29,179,5191,1,-25904618,25904619,22810176,True
29,179,5191,2,-77713856,25904619,22810176,True
29,179,5191,5,-543996998,25904619,22810176,True
29,179,5191,7,-1113898616,25904619,22810176,True
29,181,5249,0,-26488352,26488353,23328900,True
29,181,5249,1,-26488352,26488353,23328900,True
29,181,5249,2,-79465058,26488353,23328900,True
29,181,5249,5,-556255412,26488353,23328900,True
29,181,5249,7,-1138999178,26488353,23328900,True
29,191,5539,0,-29504582,29504583,26010000,True
29,191,5539,1,-29504582,29504583,26010000,True
29,191,5539,2,-88513748,29504583,26010000,True
29,191,5539,5,-619596242,29504583,26010000,True
29,191,5539,7,-1268697068,29504583,26010000,True
29,193,5597,0,-30127340,30127341,26563716,True
29,193,5597,1,-30127340,30127341,26563716,True
29,193,5597,2,-90382022,30127341,26563716,True
29,193,5597,5,-632674160,30127341,26563716,True
29,193,5597,7,-1295475662,30127341,26563716,True
29,197,5713,0,-31392368,31392369,27688644,True
29,197,5713,1,-31392368,31392369,27688644,True
29,197,5713,2,-94177106,31392369,27688644,True
29,197,5713,5,-659239748,31392369,27688644,True
29,197,5713,7,-1349871866,31392369,27688644,True
29,199,5771,0,-32034638,32034639,28259856,True
29,199,5771,1,-32034638,32034639,28259856,True
29,199,5771,2,-96103916,32034639,28259856,True
29,199,5771,5,-672727418,32034639,28259856,True
29,199,5771,7,-1377489476,32034639,28259856,True
29,211,6119,0,-36024842,36024843,31809600,True
29,211,6119,1,-36024842,36024843,31809600,True
29,211,6119,2,-108074528,36024843,31809600,True
29,211,6119,5,-756521702,36024843,31809600,True
29,211,6119,7,-1549068248,36024843,31809600,True
29,223,6467,0,-40249190,40249191,35569296,True
29,223,6467,1,-40249190,40249191,35569296,True
29,223,6467,2,-120747572,40249191,35569296,True
29,223,6467,5,-845233010,40249191,35569296,True
29,223,6467,7,-1730715212,40249191,35569296,True
29,227,6583,0,-41709338,41709339,36869184,True
29,227,6583,1,-41709338,41709339,36869184,True
29,227,6583,2,-125128016,41709339,36869184,True
29,227,6583,5,-875896118,41709339,36869184,True
29,227,6583,7,-1793501576,41709339,36869184,True
29,229,6641,0,-42449168,42449169,37527876,True
29,229,6641,1,-42449168,42449169,37527876,True
29,229,6641,2,-127347506,42449169,37527876,True
29,229,6641,5,-891432548,42449169,37527876,True
29,229,6641,7,-1825314266,42449169,37527876,True
29,233,6757,0,-43948340,43948341,38862756,True
29,233,6757,1,-43948340,43948341,38862756,True
29,233,6757,2,-131845022,43948341,38862756,True
29,233,6757,5,-922915160,43948341,38862756,True
29,233,6757,7,-1889778662,43948341,38862756,True
29,239,6931,0,-46245878,46245879,40908816,True
29,239,6931,1,-46245878,46245879,40908816,True
29,239,6931,2,-138737636,46245879,40908816,True
29,239,6931,5,-971163458,46245879,40908816,True
29,239,6931,7,-1988572796,46245879,40908816,True
29,241,6989,0,-47024732,47024733,41602500,True
29,241,6989,1,-47024732,47024733,41602500,True
29,241,6989,2,-141074198,47024733,41602500,True
29,241,6989,5,-987519392,47024733,41602500,True
29,241,6989,7,-2022063518,47024733,41602500,True
29,251,7279,0,-51016562,51016563,45158400,True
29,251,7279,1,-51016562,51016563,45158400,True
29,251,7279,2,-153049688,51016563,45158400,True
29,251,7279,5,-1071347822,51016563,45158400,True
29,251,7279,7,-2193712208,51016563,45158400,True
29,257,7453,0,-53489708,53489709,47361924,True
29,257,7453,1,-53489708,53489709,47361924,True
29,257,7453,2,-160469126,53489709,47361924,True
29,257,7453,5,-1123283888,53489709,47361924,True
29,257,7453,7,-2300057486,53489709,47361924,True
29,263,7627,0,-56021390,56021391,49617936,True
29,263,7627,1,-56021390,56021391,49617936,True
29,263,7627,2,-168064172,56021391,49617936,True
29,263,7627,5,-1176449210,56021391,49617936,True
29,263,7627,7,-2408919812,56021391,49617936,True
29,269,7801,0,-58611608,58611609,51926436,True
29,269,7801,1,-58611608,58611609,51926436,True
29,269,7801,2,-175834826,58611609,51926436,True
29,269,7801,5,-1230843788,58611609,51926436,True
29,269,7801,7,-2520299186,58611609,51926436,True
29,271,7859,0,-59488022,59488023,52707600,True
29,271,7859,1,-59488022,59488023,52707600,True
29,271,7859,2,-178464068,59488023,52707600,True
29,271,7859,5,-1249248482,59488023,52707600,True
29,271,7859,7,-2557984988,59488023,52707600,True
29,277,8033,0,-62156288,62156289,55086084,True
29,277,8033,1,-62156288,62156289,55086084,True
29,277,8033,2,-186468866,62156289,55086084,True
29,277,8033,5,-1305282068,62156289,55086084,True
29,277,8033,7,-2672720426,62156289,55086084,True
29,281,8149,0,-63967652,63967653,56700900,True
29,281,8149,1,-63967652,63967653,56700900,True
29,281,8149,2,-191902958,63967653,56700900,True
29,281,8149,5,-1343320712,63967653,56700900,True
29,281,8149,7,-2750609078,63967653,56700900,True
29,283,8207,0,-64883090,64883091,57517056,True
29,283,8207,1,-64883090,64883091,57517056,True
29,283,8207,2,-194649272,64883091,57517056,True
29,283,8207,5,-1362544910,64883091,57517056,True
29,283,8207,7,-2789972912,64883091,57517056,True
29,293,8497,0,-69557840,69557841,61685316,True
29,293,8497,1,-69557840,69557841,61685316,True
29,293,8497,2,-208673522,69557841,61685316,True
29,293,8497,5,-1460714660,69557841,61685316,True
29,293,8497,7,-2990987162,69557841,61685316,True
31,37,1147,0,-1241022,1241023,1024144,True
31,37,1147,1,-1241022,1241023,1024144,True
31,37,1147,2,-3723068,1241023,1024144,True
31,37,1147,5,-26061482,1241023,1024144,True
31,37,1147,7,-53363988,1241023,1024144,True
31,41,1271,0,-1527770,1527771,1272384,True
31,41,1271,1,-1527770,1527771,1272384,True
31,41,1271,2,-4583312,1527771,1272384,True
31,41,1271,5,-32083190,1527771,1272384,True
31,41,1271,7,-65694152,1527771,1272384,True
31,43,1333,0,-1682316,1682317,1406596,True
31,43,1333,1,-1682316,1682317,1406596,True
31,43,1333,2,-5046950,1682317,1406596,True
31,43,1333,5,-35328656,1682317,1406596,True
31,43,1333,7,-72339630,1682317,1406596,True
31,47,1457,0,-2013752,2013753,1695204,True
31,47,1457,1,-2013752,2013753,1695204,True
31,47,1457,2,-6041258,2013753,1695204,True
31,47,1457,5,-42288812,2013753,1695204,True
31,47,1457,7,-86591378,2013753,1695204,True
31,53,1643,0,-2566766,2566767,2178576,True
31,53,1643,1,-2566766,2566767,2178576,True
31,53,1643,2,-7700300,2566767,2178576,True
31,53,1643,5,-53902106,2566767,2178576,True
31,53,1643,7,-110370980,2566767,2178576,True
31,59,1829,0,-3186812,3186813,2722500,True
31,59,1829,1,-3186812,3186813,2722500,True
31,59,1829,2,-9560438,3186813,2722500,True
31,59,1829,5,-66923072,3186813,2722500,True
31,59,1829,7,-137032958,3186813,2722500,True
31,61,1891,0,-3408390,3408391,2917264,True
31,61,1891,1,-3408390,3408391,2917264,True
31,61,1891,2,-10225172,3408391,2917264,True
31,61,1891,5,-71576210,3408391,2917264,True
31,61,1891,7,-146560812,3408391,2917264,True
31,67,2077,0,-4117812,4117813,3541924,True
31,67,2077,1,-4117812,4117813,3541924,True
31,67,2077,2,-12353438,4117813,3541924,True
31,67,2077,5,-86474072,4117813,3541924,True
31,67,2077,7,-177065958,4117813,3541924,True
31,71,2201,0,-4628000,4628001,3992004,True
31,71,2201,1,-4628000,4628001,3992004,True
31,71,2201,2,-13884002,4628001,3992004,True
31,71,2201,5,-97188020,4628001,3992004,True
31,71,2201,7,-199004042,4628001,3992004,True
31,73,2263,0,-4894266,4894267,4227136,True
31,73,2263,1,-4894266,4894267,4227136,True
31,73,2263,2,-14682800,4894267,4227136,True
31,73,2263,5,-102779606,4894267,4227136,True
31,73,2263,7,-210453480,4894267,4227136,True
31,79,2449,0,-5737752,5737753,4972900,True
31,79,2449,1,-5737752,5737753,4972900,True
31,79,2449,2,-17213258,5737753,4972900,True
31,79,2449,5,-120492812,5737753,4972900,True
31,79,2449,7,-246723378,5737753,4972900,True
31,83,2573,0,-6337316,6337317,5503716,True
31,83,2573,1,-6337316,6337317,5503716,True
31,83,2573,2,-19011950,6337317,5503716,True
31,83,2573,5,-133083656,6337317,5503716,True
31,83,2573,7,-272504630,6337317,5503716,True
31,89,2759,0,-7292522,7292523,6350400,True
31,89,2759,1,-7292522,7292523,6350400,True
31,89,2759,2,-21877568,7292523,6350400,True
31,89,2759,5,-153142982,7292523,6350400,True
31,89,2759,7,-313578488,7292523,6350400,True
31,97,3007,0,-8670402,8670403,7573504,True
31,97,3007,1,-8670402,8670403,7573504,True
31,97,3007,2,-26011208,8670403,7573504,True
31,97,3007,5,-182078462,8670403,7573504,True
31,97,3007,7,-372827328,8670403,7573504,True
31,101,3131,0,-9404030,9404031,8225424,True
31,101,3131,1,-9404030,9404031,8225424,True
31,101,3131,2,-28212092,9404031,8225424,True
31,101,3131,5,-197484650,9404031,8225424,True
31,101,3131,7,-404373332,9404031,8225424,True
31,103,3193,0,-9782016,9782017,8561476,True
31,103,3193,1,-9782016,9782017,8561476,True
31,103,3193,2,-29346050,9782017,8561476,True
31,103,3193,5,-205422356,9782017,8561476,True
31,103,3193,7,-420626730,9782017,8561476,True
31,107,3317,0,-10560332,10560333,9253764,True
31,107,3317,1,-10560332,10560333,9253764,True
31,107,3317,2,-31680998,10560333,9253764,True
31,107,3317,5,-221766992,10560333,9253764,True
31,107,3317,7,-454094318,10560333,9253764,True
31,109,3379,0,-10960662,10960663,9610000,True
31,109,3379,1,-10960662,10960663,9610000,True
31,109,3379,2,-32881988,10960663,9610000,True
31,109,3379,5,-230173922,10960663,9610000,True
31,109,3379,7,-471308508,10960663,9610000,True
31,113,3503,0,-11783666,11783667,10342656,True
31,113,3503,1,-11783666,11783667,10342656,True
31,113,3503,2,-35351000,11783667,10342656,True
31,113,3503,5,-247457006,11783667,10342656,True
31,113,3503,7,-506697680,11783667,10342656,True
31,127,3937,0,-14898792,14898793,13118884,True
31,127,3937,1,-14898792,14898793,13118884,True
31,127,3937,2,-44696378,14898793,13118884,True
31,127,3937,5,-312874652,14898793,13118884,True
31,127,3937,7,-640648098,14898793,13118884,True
31,131,4061,0,-15855860,15855861,13972644,True
31,131,4061,1,-15855860,15855861,13972644,True
31,131,4061,2,-47567582,15855861,13972644,True
31,131,4061,5,-332973080,15855861,13972644,True
31,131,4061,7,-681802022,15855861,13972644,True
31,137,4247,0,-17347322,17347323,15303744,True
31,137,4247,1,-17347322,17347323,15303744,True
31,137,4247,2,-52041968,17347323,15303744,True
31,137,4247,5,-364293782,17347323,15303744,True
31,137,4247,7,-745934888,17347323,15303744,True
31,139,4309,0,-17859372,17859373,15760900,True
31,139,4309,1,-17859372,17859373,15760900,True
31,139,4309,2,-53578118,17859373,15760900,True
31,139,4309,5,-375046832,17859373,15760900,True
31,139,4309,7,-767953038,17859373,15760900,True
31,149,4619,0,-20531342,20531343,18147600,True
31,149,4619,1,-20531342,20531343,18147600,True
31,149,4619,2,-61594028,20531343,18147600,True
31,149,4619,5,-431158202,20531343,18147600,True
31,149,4619,7,-882847748,20531343,18147600,True
31,151,4681,0,-21088080,21088081,18645124,True
31,151,4681,1,-21088080,21088081,18645124,True
31,151,4681,2,-63264242,21088081,18645124,True
31,151,4681,5,-442849700,21088081,18645124,True
31,151,4681,7,-906787482,21088081,18645124,True
31,157,4867,0,-22802982,22802983,20178064,True
31,157,4867,1,-22802982,22802983,20178064,True
31,157,4867,2,-68408948,22802983,20178064,True
31,157,4867,5,-478862642,22802983,20178064,True
31,157,4867,7,-980528268,22802983,20178064,True
31,163,5053,0,-24584916,24584917,21771556,True
31,163,5053,1,-24584916,24584917,21771556,True
31,163,5053,2,-73754750,24584917,21771556,True
31,163,5053,5,-516283256,24584917,21771556,True
31,163,5053,7,-1057151430,24584917,21771556,True
31,167,5177,0,-25810112,25810113,22867524,True
31,167,5177,1,-25810112,25810113,22867524,True
31,167,5177,2,-77430338,25810113,22867524,True
31,167,5177,5,-542012372,25810113,22867524,True
31,167,5177,7,-1109834858,25810113,22867524,True
31,173,5363,0,-27703766,27703767,24561936,True
31,173,5363,1,-27703766,27703767,24561936,True
31,173,5363,2,-83111300,27703767,24561936,True
31,173,5363,5,-581779106,27703767,24561936,True
31,173,5363,7,-1191261980,27703767,24561936,True
31,179,5549,0,-29664452,29664453,26316900,True
31,179,5549,1,-29664452,29664453,26316900,True
31,179,5549,2,-88993358,29664453,26316900,True
31,179,5549,5,-622953512,29664453,26316900,True
31,179,5549,7,-1275571478,29664453,26316900,True
31,181,5611,0,-30332910,30332911,26915344,True
31,181,5611,1,-30332910,30332911,26915344,True
31,181,5611,2,-90998732,30332911,26915344,True
31,181,5611,5,-636991130,30332911,26915344,True
31,181,5611,7,-1304315172,30332911,26915344,True
31,191,5921,0,-33786920,33786921,30008484,True
31,191,5921,1,-33786920,33786921,30008484,True
31,191,5921,2,-101360762,33786921,30008484,True
31,191,5921,5,-709525340,33786921,30008484,True
31,191,5921,7,-1452837602,33786921,30008484,True
31,193,5983,0,-34500066,34500067,30647296,True
31,193,5983,1,-34500066,34500067,30647296,True
31,193,5983,2,-103500200,34500067,30647296,True
31,193,5983,5,-724501406,34500067,30647296,True
31,193,5983,7,-1483502880,34500067,30647296,True
31,197,6107,0,-35948702,35948703,31945104,True
31,197,6107,1,-35948702,35948703,31945104,True
31,197,6107,2,-107846108,35948703,31945104,True
31,197,6107,5,-754922762,35948703,31945104,True
31,197,6107,7,-1545794228,35948703,31945104,True
31,199,6169,0,-36684192,36684193,32604100,True
31,199,6169,1,-36684192,36684193,32604100,True
31,199,6169,2,-110052578,36684193,32604100,True
31,199,6169,5,-770368052,36684193,32604100,True
31,199,6169,7,-1577420298,36684193,32604100,True
31,211,6541,0,-41253540,41253541,36699364,True
31,211,6541,1,-41253540,41253541,36699364,True
31,211,6541,2,-123760622,41253541,36699364,True
31,211,6541,5,-866324360,41253541,36699364,True
31,211,6541,7,-1773902262,41253541,36699364,True
31,223,6913,0,-46091016,46091017,41036836,True
31,223,6913,1,-46091016,46091017,41036836,True
31,223,6913,2,-138273050,46091017,41036836,True
31,223,6913,5,-967911356,46091017,41036836,True
31,223,6913,7,-1981913730,46091017,41036836,True
31,227,7037,0,-47763092,47763093,42536484,True
31,227,7037,1,-47763092,47763093,42536484,True
31,227,7037,2,-143289278,47763093,42536484,True
31,227,7037,5,-1003024952,47763093,42536484,True
31,227,7037,7,-2053812998,47763093,42536484,True
31,229,7099,0,-48610302,48610303,43296400,True
31,229,7099,1,-48610302,48610303,43296400,True
31,229,7099,2,-145830908,48610303,43296400,True
31,229,7099,5,-1020816362,48610303,43296400,True
31,229,7099,7,-2090243028,48610303,43296400,True
31,233,7223,0,-50327066,50327067,44836416,True
31,233,7223,1,-50327066,50327067,44836416,True
31,233,7223,2,-150981200,50327067,44836416,True
31,233,7223,5,-1056868406,50327067,44836416,True
31,233,7223,7,-2164063880,50327067,44836416,True
31,239,7409,0,-52958072,52958073,47196900,True
31,239,7409,1,-52958072,52958073,47196900,True
31,239,7409,2,-158874218,52958073,47196900,True
31,239,7409,5,-1112119532,52958073,47196900,True
31,239,7409,7,-2277197138,52958073,47196900,True
31,241,7471,0,-53849970,53849971,47997184,True
31,241,7471,1,-53849970,53849971,47997184,True
31,241,7471,2,-161549912,53849971,47997184,True
31,241,7471,5,-1130849390,53849971,47997184,True
31,241,7471,7,-2315548752,53849971,47997184,True
31,251,7781,0,-58421180,58421181,52099524,True
31,251,7781,1,-58421180,58421181,52099524,True
31,251,7781,2,-175263542,58421181,52099524,True
31,251,7781,5,-1226844800,58421181,52099524,True
31,251,7781,7,-2512110782,58421181,52099524,True
31,257,7967,0,-61253282,61253283,54641664,True
31,257,7967,1,-61253282,61253283,54641664,True
31,257,7967,2,-183759848,61253283,54641664,True
31,257,7967,5,-1286318942,61253283,54641664,True
31,257,7967,7,-2633891168,61253283,54641664,True
31,263,8153,0,-64152416,64152417,57244356,True
31,263,8153,1,-64152416,64152417,57244356,True
31,263,8153,2,-192457250,64152417,57244356,True
31,263,8153,5,-1347200756,64152417,57244356,True
31,263,8153,7,-2758553930,64152417,57244356,True
31,269,8339,0,-67118582,67118583,59907600,True
31,269,8339,1,-67118582,67118583,59907600,True
31,269,8339,2,-201355748,67118583,59907600,True
31,269,8339,5,-1409490242,67118583,59907600,True
31,269,8339,7,-2886099068,67118583,59907600,True
31,271,8401,0,-68122200,68122201,60808804,True
31,271,8401,1,-68122200,68122201,60808804,True
31,271,8401,2,-204366602,68122201,60808804,True
31,271,8401,5,-1430566220,68122201,60808804,True
31,271,8401,7,-2929254642,68122201,60808804,True
31,277,8587,0,-71177742,71177743,63552784,True
31,277,8587,1,-71177742,71177743,63552784,True
31,277,8587,2,-213533228,71177743,63552784,True
31,277,8587,5,-1494732602,71177743,63552784,True
31,277,8587,7,-3060642948,71177743,63552784,True
31,281,8711,0,-73252010,73252011,65415744,True
31,281,8711,1,-73252010,73252011,65415744,True
31,281,8711,2,-219756032,73252011,65415744,True
31,281,8711,5,-1538292230,73252011,65415744,True
31,281,8711,7,-3149836472,73252011,65415744,True
31,283,8773,0,-74300316,74300317,66357316,True
31,283,8773,1,-74300316,74300317,66357316,True
31,283,8773,2,-222900950,74300317,66357316,True
31,283,8773,5,-1560306656,74300317,66357316,True
31,283,8773,7,-3194913630,74300317,66357316,True
31,293,9083,0,-79653566,79653567,71166096,True
31,293,9083,1,-79653566,79653567,71166096,True
31,293,9083,2,-238960700,79653567,71166096,True
31,293,9083,5,-1672724906,79653567,71166096,True
31,293,9083,7,-3425103380,79653567,71166096,True
37,41,1517,0,-2187452,2187453,1855044,True
37,41,1517,1,-2187452,2187453,1855044,True
37,41,1517,2,-6562358,2187453,1855044,True
37,41,1517,5,-45936512,2187453,1855044,True
37,41,1517,7,-94060478,2187453,1855044,True
37,43,1591,0,-2408730,2408731,2050624,True
37,43,1591,1,-2408730,2408731,2050624,True
37,43,1591,2,-7226192,2408731,2050624,True
37,43,1591,5,-50583350,2408731,2050624,True
37,43,1591,7,-103575432,2408731,2050624,True
37,47,1739,0,-2883278,2883279,2471184,True
37,47,1739,1,-2883278,2883279,2471184,True
37,47,1739,2,-8649836,2883279,2471184,True
37,47,1739,5,-60548858,2883279,2471184,True
37,47,1739,7,-123980996,2883279,2471184,True
37,53,1961,0,-3675080,3675081,3175524,True
37,53,1961,1,-3675080,3675081,3175524,True
37,53,1961,2,-11025242,3675081,3175524,True
37,53,1961,5,-77176700,3675081,3175524,True
37,53,1961,7,-158028482,3675081,3175524,True
37,59,2183,0,-4562858,4562859,3968064,True
37,59,2183,1,-4562858,4562859,3968064,True
37,59,2183,2,-13688576,4562859,3968064,True
37,59,2183,5,-95820038,4562859,3968064,True
37,59,2183,7,-196202936,4562859,3968064,True
37,61,2257,0,-4880112,4880113,4251844,True
37,61,2257,1,-4880112,4880113,4251844,True
37,61,2257,2,-14640338,4880113,4251844,True
37,61,2257,5,-102482372,4880113,4251844,True
37,61,2257,7,-209844858,4880113,4251844,True
37,67,2479,0,-5895858,5895859,5161984,True
37,67,2479,1,-5895858,5895859,5161984,True
37,67,2479,2,-17687576,5895859,5161984,True
37,67,2479,5,-123813038,5895859,5161984,True
37,67,2479,7,-253521936,5895859,5161984,True
37,71,2627,0,-6626342,6626343,5817744,True
37,71,2627,1,-6626342,6626343,5817744,True
37,71,2627,2,-19879028,6626343,5817744,True
37,71,2627,5,-139153202,6626343,5817744,True
37,71,2627,7,-284932748,6626343,5817744,True
37,73,2701,0,-7007580,7007581,6160324,True
37,73,2701,1,-7007580,7007581,6160324,True
37,73,2701,2,-21022742,7007581,6160324,True
37,73,2701,5,-147159200,7007581,6160324,True
37,73,2701,7,-301325982,7007581,6160324,True
37,79,2923,0,-8215278,8215279,7246864,True
37,79,2923,1,-8215278,8215279,7246864,True
37,79,2923,2,-24645836,8215279,7246864,True
37,79,2923,5,-172520858,8215279,7246864,True
37,79,2923,7,-353256996,8215279,7246864,True
37,83,3071,0,-9073730,9073731,8020224,True
37,83,3071,1,-9073730,9073731,8020224,True
37,83,3071,2,-27221192,9073731,8020224,True
37,83,3071,5,-190548350,9073731,8020224,True
37,83,3071,7,-390170432,9073731,8020224,True
37,89,3293,0,-10441388,10441389,9253764,True
37,89,3293,1,-10441388,10441389,9253764,True
37,89,3293,2,-31324166,10441389,9253764,True
37,89,3293,5,-219269168,10441389,9253764,True
37,89,3293,7,-448979726,10441389,9253764,True
37,97,3589,0,-12414228,12414229,11035684,True
37,97,3589,1,-12414228,12414229,11035684,True
37,97,3589,2,-37242686,12414229,11035684,True
37,97,3589,5,-260698808,12414229,11035684,True
37,97,3589,7,-533811846,12414229,11035684,True
37,101,3737,0,-13464632,13464633,11985444,True
37,101,3737,1,-13464632,13464633,11985444,True
37,101,3737,2,-40393898,13464633,11985444,True
37,101,3737,5,-282757292,13464633,11985444,True
37,101,3737,7,-578979218,13464633,11985444,True
37,103,3811,0,-14005830,14005831,12475024,True
37,103,3811,1,-14005830,14005831,12475024,True
37,103,3811,2,-42017492,14005831,12475024,True
37,103,3811,5,-294122450,14005831,12475024,True
37,103,3811,7,-602250732,14005831,12475024,True
37,107,3959,0,-15120218,15120219,13483584,True
37,107,3959,1,-15120218,15120219,13483584,True
37,107,3959,2,-45360656,15120219,13483584,True
37,107,3959,5,-317524598,15120219,13483584,True
37,107,3959,7,-650169416,15120219,13483584,True
37,109,4033,0,-15693408,15693409,14002564,True
37,109,4033,1,-15693408,15693409,14002564,True
37,109,4033,2,-47080226,15693409,14002564,True
37,109,4033,5,-329561588,15693409,14002564,True
37,109,4033,7,-674816586,15693409,14002564,True
37,113,4181,0,-16871780,16871781,15069924,True
37,113,4181,1,-16871780,16871781,15069924,True
37,113,4181,2,-50615342,16871781,15069924,True
37,113,4181,5,-354307400,16871781,15069924,True
37,113,4181,7,-725486582,16871781,15069924,True
37,127,4699,0,-21331998,21331999,19114384,True
37,127,4699,1,-21331998,21331999,19114384,True
37,127,4699,2,-63995996,21331999,19114384,True
37,127,4699,5,-447971978,21331999,19114384,True
37,127,4699,7,-917275956,21331999,19114384,True
37,131,4847,0,-22702322,22702323,20358144,True
37,131,4847,1,-22702322,22702323,20358144,True
37,131,4847,2,-68106968,22702323,20358144,True
37,131,4847,5,-476748782,22702323,20358144,True
37,131,4847,7,-976199888,22702323,20358144,True
37,137,5069,0,-24837788,24837789,22297284,True
37,137,5069,1,-24837788,24837789,22297284,True
37,137,5069,2,-74513366,24837789,22297284,True
37,137,5069,5,-521593568,24837789,22297284,True
37,137,5069,7,-1068024926,24837789,22297284,True
37,139,5143,0,-25570938,25570939,22963264,True
37,139,5143,1,-25570938,25570939,22963264,True
37,139,5143,2,-76712816,25570939,22963264,True
37,139,5143,5,-536989718,25570939,22963264,True
37,139,5143,7,-1099550376,25570939,22963264,True
37,149,5513,0,-29396648,29396649,26440164,True
37,149,5513,1,-29396648,29396649,26440164,True
37,149,5513,2,-88189946,29396649,26440164,True
37,149,5513,5,-617329628,29396649,26440164,True
37,149,5513,7,-1264055906,29396649,26440164,True
37,151,5587,0,-30193782,30193783,27164944,True
37,151,5587,1,-30193782,30193783,27164944,True
37,151,5587,2,-90581348,30193783,27164944,True
37,151,5587,5,-634069442,30193783,27164944,True
37,151,5587,7,-1298332668,30193783,27164944,True
37,157,5809,0,-32649168,32649169,29398084,True
37,157,5809,1,-32649168,32649169,29398084,True
37,157,5809,2,-97947506,32649169,29398084,True
37,157,5809,5,-685632548,32649169,29398084,True
37,157,5809,7,-1403914266,32649169,29398084,True
37,163,6031,0,-35200530,35200531,31719424,True
37,163,6031,1,-35200530,35200531,31719424,True
37,163,6031,2,-105601592,35200531,31719424,True
37,163,6031,5,-739211150,35200531,31719424,True
37,163,6031,7,-1513622832,35200531,31719424,True
37,167,6179,0,-36954758,36954759,33315984,True
37,167,6179,1,-36954758,36954759,33315984,True
37,167,6179,2,-110864276,36954759,33315984,True
37,167,6179,5,-776049938,36954759,33315984,True
37,167,6179,7,-1589054636,36954759,33315984,True
37,173,6401,0,-39666080,39666081,35784324,True
37,173,6401,1,-39666080,39666081,35784324,True
37,173,6401,2,-118998242,39666081,35784324,True
37,173,6401,5,-832987700,39666081,35784324,True
37,173,6401,7,-1705641482,39666081,35784324,True
37,179,6623,0,-42473378,42473379,38340864,True
37,179,6623,1,-42473378,42473379,38340864,True
37,179,6623,2,-127420136,42473379,38340864,True
37,179,6623,5,-891940958,42473379,38340864,True
37,179,6623,7,-1826355296,42473379,38340864,True
37,181,6697,0,-43430472,43430473,39212644,True
37,181,6697,1,-43430472,43430473,39212644,True
37,181,6697,2,-130291418,43430473,39212644,True
37,181,6697,5,-912039932,43430473,39212644,True
37,181,6697,7,-1867510338,43430473,39212644,True
37,191,7067,0,-48375902,48375903,43718544,True
37,191,7067,1,-48375902,48375903,43718544,True
37,191,7067,2,-145127708,48375903,43718544,True
37,191,7067,5,-1015893962,48375903,43718544,True
37,191,7067,7,-2080163828,48375903,43718544,True
37,193,7141,0,-49396980,49396981,44649124,True
37,193,7141,1,-49396980,49396981,44649124,True
37,193,7141,2,-148190942,49396981,44649124,True
37,193,7141,5,-1037336600,49396981,44649124,True
37,193,7141,7,-2124070182,49396981,44649124,True
37,197,7289,0,-51471128,51471129,46539684,True
37,197,7289,1,-51471128,51471129,46539684,True
37,197,7289,2,-154413386,51471129,46539684,True
37,197,7289,5,-1080893708,51471129,46539684,True
37,197,7289,7,-2213258546,51471129,46539684,True
37,199,7363,0,-52524198,52524199,47499664,True
37,199,7363,1,-52524198,52524199,47499664,True
37,199,7363,2,-157572596,52524199,47499664,True
37,199,7363,5,-1103008178,52524199,47499664,True
37,199,7363,7,-2258540556,52524199,47499664,True
37,211,7807,0,-59066562,59066563,53465344,True
37,211,7807,1,-59066562,59066563,53465344,True
37,211,7807,2,-177199688,59066563,53465344,True
37,211,7807,5,-1240397822,59066563,53465344,True
37,211,7807,7,-2539862208,59066563,53465344,True
37,223,8251,0,-65992830,65992831,59783824,True
37,223,8251,1,-65992830,65992831,59783824,True
37,223,8251,2,-197978492,65992831,59783824,True
37,223,8251,5,-1385849450,65992831,59783824,True
37,223,8251,7,-2837691732,65992831,59783824,True
37,227,8399,0,-68386898,68386899,61968384,True
37,227,8399,1,-68386898,68386899,61968384,True
37,227,8399,2,-205160696,68386899,61968384,True
37,227,8399,5,-1436124878,68386899,61968384,True
37,227,8399,7,-2940636656,68386899,61968384,True
37,229,8473,0,-69599928,69599929,63075364,True
37,229,8473,1,-69599928,69599929,63075364,True
37,229,8473,2,-208799786,69599929,63075364,True
37,229,8473,5,-1461598508,69599929,63075364,True
37,229,8473,7,-2992796946,69599929,63075364,True
37,233,8621,0,-72057980,72057981,65318724,True
37,233,8621,1,-72057980,72057981,65318724,True
37,233,8621,2,-216173942,72057981,65318724,True
37,233,8621,5,-1513217600,72057981,65318724,True
37,233,8621,7,-3098493182,72057981,65318724,True
37,239,8843,0,-75825038,75825039,68757264,True
37,239,8843,1,-75825038,75825039,68757264,True
37,239,8843,2,-227475116,75825039,68757264,True
37,239,8843,5,-1592325818,75825039,68757264,True
37,239,8843,7,-3260476676,75825039,68757264,True
37,241,8917,0,-77102052,77102053,69923044,True
37,241,8917,1,-77102052,77102053,69923044,True
37,241,8917,2,-231306158,77102053,69923044,True
37,241,8917,5,-1619143112,77102053,69923044,True
37,241,8917,7,-3315388278,77102053,69923044,True
37,251,9287,0,-83647082,83647083,75898944,True
37,251,9287,1,-83647082,83647083,75898944,True
37,251,9287,2,-250941248,83647083,75898944,True
37,251,9287,5,-1756588742,83647083,75898944,True
37,251,9287,7,-3596824568,83647083,75898944,True
37,257,9509,0,-87702068,87702069,79602084,True
37,257,9509,1,-87702068,87702069,79602084,True
37,257,9509,2,-263106206,87702069,79602084,True
37,257,9509,5,-1841743448,87702069,79602084,True
37,257,9509,7,-3771188966,87702069,79602084,True
37,263,9731,0,-91853030,91853031,83393424,True
37,263,9731,1,-91853030,91853031,83393424,True
37,263,9731,2,-275559092,91853031,83393424,True
37,263,9731,5,-1928913650,91853031,83393424,True
37,263,9731,7,-3949680332,91853031,83393424,True
37,269,9953,0,-96099968,96099969,87272964,True
37,269,9953,1,-96099968,96099969,87272964,True
37,269,9953,2,-288299906,96099969,87272964,True
37,269,9953,5,-2018099348,96099969,87272964,True
37,269,9953,7,-4132298666,96099969,87272964,True
37,271,10027,0,-97536942,97536943,88585744,True
37,271,10027,1,-97536942,97536943,88585744,True
37,271,10027,2,-292610828,97536943,88585744,True
37,271,10027,5,-2048275802,97536943,88585744,True
37,271,10027,7,-4194088548,97536943,88585744,True
37,277,10249,0,-101911848,101911849,92582884,True
37,277,10249,1,-101911848,101911849,92582884,True
37,277,10249,2,-305735546,101911849,92582884,True
37,277,10249,5,-2140148828,101911849,92582884,True
37,277,10249,7,-4382209506,101911849,92582884,True
37,281,10397,0,-104881772,104881773,95296644,True
37,281,10397,1,-104881772,104881773,95296644,True
37,281,10397,2,-314645318,104881773,95296644,True
37,281,10397,5,-2202517232,104881773,95296644,True
37,281,10397,7,-4509916238,104881773,95296644,True
37,283,10471,0,-106382730,106382731,96668224,True
37,283,10471,1,-106382730,106382731,96668224,True
37,283,10471,2,-319148192,106382731,96668224,True
37,283,10471,5,-2234037350,106382731,96668224,True
37,283,10471,7,-4574457432,106382731,96668224,True
37,293,10841,0,-114047480,114047481,103673124,True
37,293,10841,1,-114047480,114047481,103673124,True
37,293,10841,2,-342142442,114047481,103673124,True
37,293,10841,5,-2394997100,114047481,103673124,True
37,293,10841,7,-4904041682,114047481,103673124,True
41,43,1763,0,-2965286,2965287,2547216,True
41,43,1763,1,-2965286,2965287,2547216,True
41,43,1763,2,-8895860,2965287,2547216,True
41,43,1763,5,-62271026,2965287,2547216,True
41,43,1763,7,-127507340,2965287,2547216,True
41,47,1927,0,-3549482,3549483,3069504,True
41,47,1927,1,-3549482,3549483,3069504,True
41,47,1927,2,-10648448,3549483,3069504,True
41,47,1927,5,-74539142,3549483,3069504,True
41,47,1927,7,-152627768,3549483,3069504,True
41,53,2173,0,-4524236,4524237,3944196,True
41,53,2173,1,-4524236,4524237,3944196,True
41,53,2173,2,-13572710,4524237,3944196,True
41,53,2173,5,-95008976,4524237,3944196,True
41,53,2173,7,-194542190,4524237,3944196,True
41,59,2419,0,-5617142,5617143,4928400,True
41,59,2419,1,-5617142,5617143,4928400,True
41,59,2419,2,-16851428,5617143,4928400,True
41,59,2419,5,-117960002,5617143,4928400,True
41,59,2419,7,-241537148,5617143,4928400,True
41,61,2501,0,-6007700,6007701,5280804,True
41,61,2501,1,-6007700,6007701,5280804,True
41,61,2501,2,-18023102,6007701,5280804,True
41,61,2501,5,-126161720,6007701,5280804,True
41,61,2501,7,-258331142,6007701,5280804,True
41,67,2747,0,-7258142,7258143,6411024,True
41,67,2747,1,-7258142,7258143,6411024,True
41,67,2747,2,-21774428,7258143,6411024,True
41,67,2747,5,-152421002,7258143,6411024,True
41,67,2747,7,-312100148,7258143,6411024,True
41,71,2911,0,-8157410,8157411,7225344,True
41,71,2911,1,-8157410,8157411,7225344,True
41,71,2911,2,-24472232,8157411,7225344,True
41,71,2911,5,-171305630,8157411,7225344,True
41,71,2911,7,-350768672,8157411,7225344,True
41,73,2993,0,-8626736,8626737,7650756,True
41,73,2993,1,-8626736,8626737,7650756,True
41,73,2993,2,-25880210,8626737,7650756,True
41,73,2993,5,-181161476,8626737,7650756,True
41,73,2993,7,-370949690,8626737,7650756,True
41,79,3239,0,-10113482,10113483,9000000,True
41,79,3239,1,-10113482,10113483,9000000,True
41,79,3239,2,-30340448,10113483,9000000,True
41,79,3239,5,-212383142,10113483,9000000,True
41,79,3239,7,-434879768,10113483,9000000,True
41,83,3403,0,-11170286,11170287,9960336,True
41,83,3403,1,-11170286,11170287,9960336,True
41,83,3403,2,-33510860,11170287,9960336,True
41,83,3403,5,-234576026,11170287,9960336,True
41,83,3403,7,-480322340,11170287,9960336,True
41,89,3649,0,-12853952,12853953,11492100,True
41,89,3649,1,-12853952,12853953,11492100,True
41,89,3649,2,-38561858,12853953,11492100,True
41,89,3649,5,-269933012,12853953,11492100,True
41,89,3649,7,-552719978,12853953,11492100,True
41,97,3977,0,-15282632,15282633,13704804,True
41,97,3977,1,-15282632,15282633,13704804,True
41,97,3977,2,-45847898,15282633,13704804,True
41,97,3977,5,-320935292,15282633,13704804,True
41,97,3977,7,-657153218,15282633,13704804,True
41,101,4141,0,-16575740,16575741,14884164,True
41,101,4141,1,-16575740,16575741,14884164,True
41,101,4141,2,-49727222,16575741,14884164,True
41,101,4141,5,-348090560,16575741,14884164,True
41,101,4141,7,-712756862,16575741,14884164,True
41,103,4223,0,-17241986,17241987,15492096,True
41,103,4223,1,-17241986,17241987,15492096,True
41,103,4223,2,-51725960,17241987,15492096,True
41,103,4223,5,-362081726,17241987,15492096,True
41,103,4223,7,-741405440,17241987,15492096,True
41,107,4387,0,-18613862,18613863,16744464,True
41,107,4387,1,-18613862,18613863,16744464,True
41,107,4387,2,-55841588,18613863,16744464,True
41,107,4387,5,-390891122,18613863,16744464,True
41,107,4387,7,-800396108,18613863,16744464,True
41,109,4469,0,-19319492,19319493,17388900,True
41,109,4469,1,-19319492,19319493,17388900,True
41,109,4469,2,-57958478,19319493,17388900,True
41,109,4469,5,-405709352,19319493,17388900,True
41,109,4469,7,-830738198,19319493,17388900,True
41,113,4633,0,-20770136,20770137,18714276,True
41,113,4633,1,-20770136,20770137,18714276,True
41,113,4633,2,-62310410,20770137,18714276,True
41,113,4633,5,-436172876,20770137,18714276,True
41,113,4633,7,-893115890,20770137,18714276,True
41,127,5207,0,-26260922,26260923,23736384,True
41,127,5207,1,-26260922,26260923,23736384,True
41,127,5207,2,-78782768,26260923,23736384,True
41,127,5207,5,-551479382,26260923,23736384,True
41,127,5207,7,-1129219688,26260923,23736384,True
41,131,5371,0,-27947870,27947871,25280784,True
41,131,5371,1,-27947870,27947871,25280784,True
41,131,5371,2,-83843612,27947871,25280784,True
41,131,5371,5,-586905290,27947871,25280784,True
41,131,5371,7,-1201758452,27947871,25280784,True
41,137,5617,0,-30576752,30576753,27688644,True
41,137,5617,1,-30576752,30576753,27688644,True
41,137,5617,2,-91730258,30576753,27688644,True
41,137,5617,5,-642111812,30576753,27688644,True
41,137,5617,7,-1314800378,30576753,27688644,True
41,139,5699,0,-31479302,31479303,28515600,True
41,139,5699,1,-31479302,31479303,28515600,True
41,139,5699,2,-94437908,31479303,28515600,True
41,139,5699,5,-661065362,31479303,28515600,True
41,139,5699,7,-1353610028,31479303,28515600,True
41,149,6109,0,-36188972,36188973,32832900,True
41,149,6109,1,-36188972,36188973,32832900,True
41,149,6109,2,-108566918,36188973,32832900,True
41,149,6109,5,-759968432,36188973,32832900,True
41,149,6109,7,-1556125838,36188973,32832900,True
41,151,6191,0,-37170290,37170291,33732864,True
41,151,6191,1,-37170290,37170291,33732864,True
41,151,6191,2,-111510872,37170291,33732864,True
41,151,6191,5,-780576110,37170291,33732864,True
41,151,6191,7,-1598322512,37170291,33732864,True
41,157,6437,0,-40193012,40193013,36505764,True
41,157,6437,1,-40193012,40193013,36505764,True
41,157,6437,2,-120579038,40193013,36505764,True
41,157,6437,5,-844053272,40193013,36505764,True
41,157,6437,7,-1728299558,40193013,36505764,True
41,163,6683,0,-43333886,43333887,39388176,True
41,163,6683,1,-43333886,43333887,39388176,True
41,163,6683,2,-130001660,43333887,39388176,True
41,163,6683,5,-910011626,43333887,39388176,True
41,163,6683,7,-1863357140,43333887,39388176,True
41,167,6847,0,-45493442,45493443,41370624,True
41,167,6847,1,-45493442,45493443,41370624,True
41,167,6847,2,-136480328,45493443,41370624,True
41,167,6847,5,-955362302,45493443,41370624,True
41,167,6847,7,-1956218048,45493443,41370624,True
41,173,7093,0,-48831236,48831237,44435556,True
41,173,7093,1,-48831236,48831237,44435556,True
41,173,7093,2,-146493710,48831237,44435556,True
41,173,7093,5,-1025455976,48831237,44435556,True
41,173,7093,7,-2099743190,48831237,44435556,True
41,179,7339,0,-52287182,52287183,47610000,True
41,179,7339,1,-52287182,52287183,47610000,True
41,179,7339,2,-156861548,52287183,47610000,True
41,179,7339,5,-1098030842,52287183,47610000,True
41,179,7339,7,-2248348868,52287183,47610000,True
41,181,7421,0,-53465420,53465421,48692484,True
41,181,7421,1,-53465420,53465421,48692484,True
41,181,7421,2,-160396262,53465421,48692484,True
41,181,7421,5,-1122773840,53465421,48692484,True
41,181,7421,7,-2299013102,53465421,48692484,True
41,191,7831,0,-59553530,59553531,54287424,True
41,191,7831,1,-59553530,59553531,54287424,True
41,191,7831,2,-178660592,59553531,54287424,True
41,191,7831,5,-1250624150,59553531,54287424,True
41,191,7831,7,-2560801832,59553531,54287424,True
41,193,7913,0,-60810536,60810537,55442916,True
41,193,7913,1,-60810536,60810537,55442916,True
41,193,7913,2,-182431610,60810537,55442916,True
41,193,7913,5,-1277021276,60810537,55442916,True
41,193,7913,7,-2614853090,60810537,55442916,True
41,197,8077,0,-63363932,63363933,57790404,True
41,197,8077,1,-63363932,63363933,57790404,True
41,197,8077,2,-190091798,63363933,57790404,True
41,197,8077,5,-1330642592,63363933,57790404,True
41,197,8077,7,-2724649118,63363933,57790404,True
41,199,8159,0,-64660322,64660323,58982400,True
41,199,8159,1,-64660322,64660323,58982400,True
41,199,8159,2,-193980968,64660323,58982400,True
41,199,8159,5,-1357866782,64660323,58982400,True
41,199,8159,7,-2780393888,64660323,58982400,True
41,211,8651,0,-72714350,72714351,66389904,True
41,211,8651,1,-72714350,72714351,66389904,True
41,211,8651,2,-218143052,72714351,66389904,True
41,211,8651,5,-1527001370,72714351,66389904,True
41,211,8651,7,-3126717092,72714351,66389904,True
41,223,9143,0,-81240986,81240987,74235456,True
41,223,9143,1,-81240986,81240987,74235456,True
41,223,9143,2,-243722960,81240987,74235456,True
41,223,9143,5,-1706060726,81240987,74235456,True
41,223,9143,7,-3493362440,81240987,74235456,True
41,227,9307,0,-84188222,84188223,76947984,True
41,227,9307,1,-84188222,84188223,76947984,True
41,227,9307,2,-252564668,84188223,76947984,True
41,227,9307,5,-1767952682,84188223,76947984,True
41,227,9307,7,-3620093588,84188223,76947984,True
41,229,9389,0,-85681532,85681533,78322500,True
41,229,9389,1,-85681532,85681533,78322500,True
41,229,9389,2,-257044598,85681533,78322500,True
41,229,9389,5,-1799312192,85681533,78322500,True
41,229,9389,7,-3684305918,85681533,78322500,True
41,233,9553,0,-88707536,88707537,81108036,True
41,233,9553,1,-88707536,88707537,81108036,True
41,233,9553,2,-266122610,88707537,81108036,True
41,233,9553,5,-1862858276,88707537,81108036,True
41,233,9553,7,-3814424090,88707537,81108036,True
41,239,9799,0,-93345002,93345003,85377600,True
41,239,9799,1,-93345002,93345003,85377600,True
41,239,9799,2,-280035008,93345003,85377600,True
41,239,9799,5,-1960245062,93345003,85377600,True
41,239,9799,7,-4013835128,93345003,85377600,True
41,241,9881,0,-94917080,94917081,86825124,True
41,241,9881,1,-94917080,94917081,86825124,True
41,241,9881,2,-284751242,94917081,86825124,True
41,241,9881,5,-1993258700,94917081,86825124,True
41,241,9881,7,-4081434482,94917081,86825124,True
41,251,10291,0,-102974390,102974391,94245264,True
41,251,10291,1,-102974390,102974391,94245264,True
41,251,10291,2,-308923172,102974391,94245264,True
41,251,10291,5,-2162462210,102974391,94245264,True
41,251,10291,7,-4427898812,102974391,94245264,True
41,257,10537,0,-107966312,107966313,98843364,True
41,257,10537,1,-107966312,107966313,98843364,True
41,257,10537,2,-323898938,107966313,98843364,True
41,257,10537,5,-2267292572,107966313,98843364,True
41,257,10537,7,-4642551458,107966313,98843364,True
41,263,10783,0,-113076386,113076387,103550976,True
41,263,10783,1,-113076386,113076387,103550976,True
41,263,10783,2,-339229160,113076387,103550976,True
41,263,10783,5,-2374604126,113076387,103550976,True
41,263,10783,7,-4862284640,113076387,103550976,True
41,269,11029,0,-118304612,118304613,108368100,True
41,269,11029,1,-118304612,118304613,108368100,True
41,269,11029,2,-354913838,118304613,108368100,True
41,269,11029,5,-2484396872,118304613,108368100,True
41,269,11029,7,-5087098358,118304613,108368100,True
41,271,11111,0,-120073610,120073611,109998144,True
41,271,11111,1,-120073610,120073611,109998144,True
41,271,11111,2,-360220832,120073611,109998144,True
41,271,11111,5,-2521545830,120073611,109998144,True
41,271,11111,7,-5163165272,120073611,109998144,True
41,277,11357,0,-125459372,125459373,114961284,True
41,277,11357,1,-125459372,125459373,114961284,True
41,277,11357,2,-376378118,125459373,114961284,True
41,277,11357,5,-2634646832,125459373,114961284,True
41,277,11357,7,-5394753038,125459373,114961284,True
41,281,11521,0,-129115520,129115521,118330884,True
41,281,11521,1,-129115520,129115521,118330884,True
41,281,11521,2,-387346562,129115521,118330884,True
41,281,11521,5,-2711425940,129115521,118330884,True
41,281,11521,7,-5551967402,129115521,118330884,True
41,283,11603,0,-130963286,130963287,120033936,True
41,283,11603,1,-130963286,130963287,120033936,True
41,283,11603,2,-392889860,130963287,120033936,True
41,283,11603,5,-2750229026,130963287,120033936,True
41,283,11603,7,-5631421340,130963287,120033936,True
41,293,12013,0,-140399036,140399037,128731716,True
41,293,12013,1,-140399036,140399037,128731716,True
41,293,12013,2,-421197110,140399037,128731716,True
41,293,12013,5,-2948379776,140399037,128731716,True
41,293,12013,7,-6037158590,140399037,128731716,True
43,47,2021,0,-3908540,3908541,3392964,True
43,47,2021,1,-3908540,3908541,3392964,True
43,47,2021,2,-11725622,3908541,3392964,True
43,47,2021,5,-82079360,3908541,3392964,True
43,47,2021,7,-168067262,3908541,3392964,True
43,53,2279,0,-4981898,4981899,4359744,True
43,53,2279,1,-4981898,4981899,4359744,True
43,53,2279,2,-14945696,4981899,4359744,True
43,53,2279,5,-104619878,4981899,4359744,True
43,53,2279,7,-214221656,4981899,4359744,True
43,59,2537,0,-6185360,6185361,5447556,True
43,59,2537,1,-6185360,6185361,5447556,True
43,59,2537,2,-18556082,6185361,5447556,True
43,59,2537,5,-129892580,6185361,5447556,True
43,59,2537,7,-265970522,6185361,5447556,True
43,61,2623,0,-6615426,6615427,5837056,True
43,61,2623,1,-6615426,6615427,5837056,True
43,61,2623,2,-19846280,6615427,5837056,True
43,61,2623,5,-138923966,6615427,5837056,True
43,61,2623,7,-284463360,6615427,5837056,True
43,67,2881,0,-7992360,7992361,7086244,True
43,67,2881,1,-7992360,7992361,7086244,True
43,67,2881,2,-23977082,7992361,7086244,True
43,67,2881,5,-167839580,7992361,7086244,True
43,67,2881,7,-343671522,7992361,7086244,True
43,71,3053,0,-8982596,8982597,7986276,True
43,71,3053,1,-8982596,8982597,7986276,True
43,71,3053,2,-26947790,8982597,7986276,True
43,71,3053,5,-188634536,8982597,7986276,True
43,71,3053,7,-386251670,8982597,7986276,True
43,73,3139,0,-9499398,9499399,8456464,True
43,73,3139,1,-9499398,9499399,8456464,True
43,73,3139,2,-28498196,9499399,8456464,True
43,73,3139,5,-199487378,9499399,8456464,True
43,73,3139,7,-408474156,9499399,8456464,True
43,79,3397,0,-11136540,11136541,9947716,True
43,79,3397,1,-11136540,11136541,9947716,True
43,79,3397,2,-33409622,11136541,9947716,True
43,79,3397,5,-233867360,11136541,9947716,True
43,79,3397,7,-478871262,11136541,9947716,True
43,83,3569,0,-12300248,12300249,11009124,True
43,83,3569,1,-12300248,12300249,11009124,True
43,83,3569,2,-36900746,12300249,11009124,True
43,83,3569,5,-258305228,12300249,11009124,True
43,83,3569,7,-528910706,12300249,11009124,True
43,89,3827,0,-14154230,14154231,12702096,True
43,89,3827,1,-14154230,14154231,12702096,True
43,89,3827,2,-42462692,14154231,12702096,True
43,89,3827,5,-297238850,14154231,12702096,True
43,89,3827,7,-608631932,14154231,12702096,True
43,97,4171,0,-16828590,16828591,15147664,True
43,97,4171,1,-16828590,16828591,15147664,True
43,97,4171,2,-50485772,16828591,15147664,True
43,97,4171,5,-353400410,16828591,15147664,True
43,97,4171,7,-723629412,16828591,15147664,True
43,101,4343,0,-18252506,18252507,16451136,True
43,101,4343,1,-18252506,18252507,16451136,True
43,101,4343,2,-54757520,18252507,16451136,True
43,101,4343,5,-383302646,18252507,16451136,True
43,101,4343,7,-784857800,18252507,16451136,True
43,103,4429,0,-18986148,18986149,17123044,True
43,103,4429,1,-18986148,18986149,17123044,True
43,103,4429,2,-56958446,18986149,17123044,True
43,103,4429,5,-398709128,18986149,17123044,True
43,103,4429,7,-816404406,18986149,17123044,True
43,107,4601,0,-20496800,20496801,18507204,True
43,107,4601,1,-20496800,20496801,18507204,True
43,107,4601,2,-61490402,20496801,18507204,True
43,107,4601,5,-430432820,20496801,18507204,True
43,107,4601,7,-881362442,20496801,18507204,True
43,109,4687,0,-21273810,21273811,19219456,True
43,109,4687,1,-21273810,21273811,19219456,True
43,109,4687,2,-63821432,21273811,19219456,True
43,109,4687,5,-446750030,21273811,19219456,True
43,109,4687,7,-914773872,21273811,19219456,True
43,113,4859,0,-22871198,22871199,20684304,True
43,113,4859,1,-22871198,22871199,20684304,True
43,113,4859,2,-68613596,22871199,20684304,True
43,113,4859,5,-480295178,22871199,20684304,True
43,113,4859,7,-983461556,22871199,20684304,True
43,127,5461,0,-28917420,28917421,26234884,True
43,127,5461,1,-28917420,28917421,26234884,True
43,127,5461,2,-86752262,28917421,26234884,True
43,127,5461,5,-607265840,28917421,26234884,True
43,127,5461,7,-1243449102,28917421,26234884,True
43,131,5633,0,-30775016,30775017,27941796,True
43,131,5633,1,-30775016,30775017,27941796,True
43,131,5633,2,-92325050,30775017,27941796,True
43,131,5633,5,-646275356,30775017,27941796,True
43,131,5633,7,-1323325730,30775017,27941796,True
43,137,5891,0,-33669830,33669831,30603024,True
43,137,5891,1,-33669830,33669831,30603024,True
43,137,5891,2,-101009492,33669831,30603024,True
43,137,5891,5,-707066450,33669831,30603024,True
43,137,5891,7,-1447802732,33669831,30603024,True
43,139,5977,0,-34663680,34663681,31516996,True
43,139,5977,1,-34663680,34663681,31516996,True
43,139,5977,2,-103991042,34663681,31516996,True
43,139,5977,5,-727937300,34663681,31516996,True
43,139,5977,7,-1490538282,34663681,31516996,True
43,149,6407,0,-39849770,39849771,36288576,True
43,149,6407,1,-39849770,39849771,36288576,True
43,149,6407,2,-119549312,39849771,36288576,True
43,149,6407,5,-836845190,39849771,36288576,True
43,149,6407,7,-1713540152,39849771,36288576,True
43,151,6493,0,-40930356,40930357,37283236,True
43,151,6493,1,-40930356,40930357,37283236,True
43,151,6493,2,-122791070,40930357,37283236,True
43,151,6493,5,-859537496,40930357,37283236,True
43,151,6493,7,-1760005350,40930357,37283236,True
43,157,6751,0,-44258850,44258851,40347904,True
43,157,6751,1,-44258850,44258851,40347904,True
43,157,6751,2,-132776552,44258851,40347904,True
43,157,6751,5,-929435870,44258851,40347904,True
43,157,6751,7,-1903130592,44258851,40347904,True
43,163,7009,0,-47717448,47717449,43533604,True
43,163,7009,1,-47717448,47717449,43533604,True
43,163,7009,2,-143152346,47717449,43533604,True
43,163,7009,5,-1002066428,47717449,43533604,True
43,163,7009,7,-2051850306,47717449,43533604,True
43,167,7181,0,-50095460,50095461,45724644,True
43,167,7181,1,-50095460,50095461,45724644,True
43,167,7181,2,-150286382,50095461,45724644,True
43,167,7181,5,-1052004680,50095461,45724644,True
43,167,7181,7,-2154104822,50095461,45724644,True
43,173,7439,0,-53770898,53770899,49112064,True
43,173,7439,1,-53770898,53770899,49112064,True
43,173,7439,2,-161312696,53770899,49112064,True
43,173,7439,5,-1129188878,53770899,49112064,True
43,173,7439,7,-2312148656,53770899,49112064,True
43,179,7697,0,-57576440,57576441,52620516,True
43,179,7697,1,-57576440,57576441,52620516,True
43,179,7697,2,-172729322,57576441,52620516,True
43,179,7697,5,-1209105260,57576441,52620516,True
43,179,7697,7,-2475786962,57576441,52620516,True
43,181,7783,0,-58873866,58873867,53816896,True
43,181,7783,1,-58873866,58873867,53816896,True
43,181,7783,2,-176621600,58873867,53816896,True
43,181,7783,5,-1236351206,58873867,53816896,True
43,181,7783,7,-2531576280,58873867,53816896,True
43,191,8213,0,-65577836,65577837,60000516,True
43,191,8213,1,-65577836,65577837,60000516,True
43,191,8213,2,-196733510,65577837,60000516,True
43,191,8213,5,-1377134576,65577837,60000516,True
43,191,8213,7,-2819846990,65577837,60000516,True
43,193,8299,0,-66961998,66961999,61277584,True
43,193,8299,1,-66961998,66961999,61277584,True
43,193,8299,2,-200885996,66961999,61277584,True
43,193,8299,5,-1406201978,66961999,61277584,True
43,193,8299,7,-2879365956,66961999,61277584,True
43,197,8471,0,-69773690,69773691,63872064,True
43,197,8471,1,-69773690,69773691,63872064,True
43,197,8471,2,-209321072,69773691,63872064,True
43,197,8471,5,-1465247510,69773691,63872064,True
43,197,8471,7,-3000268712,69773691,63872064,True
43,199,8557,0,-71201220,71201221,65189476,True
43,199,8557,1,-71201220,71201221,65189476,True
43,199,8557,2,-213603662,71201221,65189476,True
43,199,8557,5,-1495225640,71201221,65189476,True
43,199,8557,7,-3061652502,71201221,65189476,True
43,211,9073,0,-80069976,80069977,73376356,True
43,211,9073,1,-80069976,80069977,73376356,True
43,211,9073,2,-240209930,80069977,73376356,True
43,211,9073,5,-1681469516,80069977,73376356,True
43,211,9073,7,-3443009010,80069977,73376356,True
43,223,9589,0,-89459148,89459149,82047364,True
43,223,9589,1,-89459148,89459149,82047364,True
43,223,9589,2,-268377446,89459149,82047364,True
43,223,9589,5,-1878642128,89459149,82047364,True
43,223,9589,7,-3846743406,89459149,82047364,True
43,227,9761,0,-92704520,92704521,85045284,True
43,227,9761,1,-92704520,92704521,85045284,True
43,227,9761,2,-278113562,92704521,85045284,True
43,227,9761,5,-1946794940,92704521,85045284,True
43,227,9761,7,-3986294402,92704521,85045284,True
43,229,9847,0,-94348890,94348891,86564416,True
43,229,9847,1,-94348890,94348891,86564416,True
43,229,9847,2,-283046672,94348891,86564416,True
43,229,9847,5,-1981326710,94348891,86564416,True
43,229,9847,7,-4057002312,94348891,86564416,True
43,233,10019,0,-97680998,97680999,89643024,True
43,233,10019,1,-97680998,97680999,89643024,True
43,233,10019,2,-293042996,97680999,89643024,True
43,233,10019,5,-2051300978,97680999,89643024,True
43,233,10019,7,-4200282956,97680999,89643024,True
43,239,10277,0,-102787580,102787581,94361796,True
43,239,10277,1,-102787580,102787581,94361796,True
43,239,10277,2,-308362742,102787581,94361796,True
43,239,10277,5,-2158539200,102787581,94361796,True
43,239,10277,7,-4419865982,102787581,94361796,True
43,241,10363,0,-104518686,104518687,95961616,True
43,241,10363,1,-104518686,104518687,95961616,True
43,241,10363,2,-313556060,104518687,95961616,True
43,241,10363,5,-2194892426,104518687,95961616,True
43,241,10363,7,-4494303540,104518687,95961616,True
43,251,10793,0,-113391056,113391057,104162436,True
43,251,10793,1,-113391056,113391057,104162436,True
43,251,10793,2,-340173170,113391057,104162436,True
43,251,10793,5,-2381212196,113391057,104162436,True
43,251,10793,7,-4875815450,113391057,104162436,True
43,257,11051,0,-118887950,118887951,109244304,True
43,257,11051,1,-118887950,118887951,109244304,True
43,257,11051,2,-356663852,118887951,109244304,True
43,257,11051,5,-2496646970,118887951,109244304,True
43,257,11051,7,-5112181892,118887951,109244304,True
43,263,11309,0,-124514948,124514949,114447204,True
43,263,11309,1,-124514948,124514949,114447204,True
43,263,11309,2,-373544846,124514949,114447204,True
43,263,11309,5,-2614813928,124514949,114447204,True
43,263,11309,7,-5354142806,124514949,114447204,True
43,269,11567,0,-130272050,130272051,119771136,True
43,269,11567,1,-130272050,130272051,119771136,True
43,269,11567,2,-390816152,130272051,119771136,True
43,269,11567,5,-2735713070,130272051,119771136,True
43,269,11567,7,-5601698192,130272051,119771136,True
43,271,11653,0,-132219996,132219997,121572676,True
43,271,11653,1,-132219996,132219997,121572676,True
43,271,11653,2,-396659990,132219997,121572676,True
43,271,11653,5,-2776619936,132219997,121572676,True
43,271,11653,7,-5685459870,132219997,121572676,True
43,277,11911,0,-138150570,138150571,127057984,True
43,277,11911,1,-138150570,138150571,127057984,True
43,277,11911,2,-414451712,138150571,127057984,True
43,277,11911,5,-2901161990,138150571,127057984,True
43,277,11911,7,-5940474552,138150571,127057984,True
43,281,12083,0,-142176566,142176567,130782096,True
43,281,12083,1,-142176566,142176567,130782096,True
43,281,12083,2,-426529700,142176567,130782096,True
43,281,12083,5,-2985707906,142176567,130782096,True
43,281,12083,7,-6113592380,142176567,130782096,True
43,283,12169,0,-144211248,144211249,132664324,True
43,283,12169,1,-144211248,144211249,132664324,True
43,283,12169,2,-432633746,144211249,132664324,True
43,283,12169,5,-3028436228,144211249,132664324,True
43,283,12169,7,-6201083706,144211249,132664324,True
43,293,12599,0,-154601498,154601499,142277184,True
43,293,12599,1,-154601498,154601499,142277184,True
43,293,12599,2,-463804496,154601499,142277184,True
43,293,12599,5,-3246631478,154601499,142277184,True
43,293,12599,7,-6647864456,154601499,142277184,True
47,53,2491,0,-5963390,5963391,5253264,True
47,53,2491,1,-5963390,5963391,5253264,True
47,53,2491,2,-17890172,5963391,5253264,True
47,53,2491,5,-125231210,5963391,5253264,True
47,53,2491,7,-256425812,5963391,5253264,True
47,59,2773,0,-7403948,7403949,6563844,True
47,59,2773,1,-7403948,7403949,6563844,True
47,59,2773,2,-22211846,7403949,6563844,True
47,59,2773,5,-155482928,7403949,6563844,True
47,59,2773,7,-318369806,7403949,6563844,True
47,61,2867,0,-7918742,7918743,7033104,True
47,61,2867,1,-7918742,7918743,7033104,True
47,61,2867,2,-23756228,7918743,7033104,True
47,61,2867,5,-166293602,7918743,7033104,True
47,61,2867,7,-340505948,7918743,7033104,True
47,67,3149,0,-9566948,9566949,8538084,True
47,67,3149,1,-9566948,9566949,8538084,True
47,67,3149,2,-28700846,9566949,8538084,True
47,67,3149,5,-200905928,9566949,8538084,True
47,67,3149,7,-411378806,9566949,8538084,True
47,71,3337,0,-10752272,10752273,9622404,True
47,71,3337,1,-10752272,10752273,9622404,True
47,71,3337,2,-32256818,10752273,9622404,True
47,71,3337,5,-225797732,10752273,9622404,True
47,71,3337,7,-462347738,10752273,9622404,True
47,73,3431,0,-11370890,11370891,10188864,True
47,73,3431,1,-11370890,11370891,10188864,True
47,73,3431,2,-34112672,11370891,10188864,True
47,73,3431,5,-238788710,11370891,10188864,True
47,73,3431,7,-488948312,11370891,10188864,True
47,79,3713,0,-13330568,13330569,11985444,True
47,79,3713,1,-13330568,13330569,11985444,True
47,79,3713,2,-39991706,13330569,11985444,True
47,79,3713,5,-279941948,13330569,11985444,True
47,79,3713,7,-573214466,13330569,11985444,True
47,83,3901,0,-14723540,14723541,13264164,True
47,83,3901,1,-14723540,14723541,13264164,True
47,83,3901,2,-44170622,14723541,13264164,True
47,83,3901,5,-309194360,14723541,13264164,True
47,83,3901,7,-633112262,14723541,13264164,True
47,89,4183,0,-16942778,16942779,15303744,True
47,89,4183,1,-16942778,16942779,15303744,True
47,89,4183,2,-50828336,16942779,15303744,True
47,89,4183,5,-355798358,16942779,15303744,True
47,89,4183,7,-728539496,16942779,15303744,True
47,97,4559,0,-20144018,20144019,18249984,True
47,97,4559,1,-20144018,20144019,18249984,True
47,97,4559,2,-60432056,20144019,18249984,True
47,97,4559,5,-423024398,20144019,18249984,True
47,97,4559,7,-866192816,20144019,18249984,True
47,101,4747,0,-21848462,21848463,19820304,True
47,101,4747,1,-21848462,21848463,19820304,True
47,101,4747,2,-65545388,21848463,19820304,True
47,101,4747,5,-458817722,21848463,19820304,True
47,101,4747,7,-939483908,21848463,19820304,True
47,103,4841,0,-22726640,22726641,20629764,True
47,103,4841,1,-22726640,22726641,20629764,True
47,103,4841,2,-68179922,22726641,20629764,True
47,103,4841,5,-477259460,22726641,20629764,True
47,103,4841,7,-977245562,22726641,20629764,True
47,107,5029,0,-24534908,24534909,22297284,True
47,107,5029,1,-24534908,24534909,22297284,True
47,107,5029,2,-73604726,24534909,22297284,True
47,107,5029,5,-515233088,24534909,22297284,True
47,107,5029,7,-1055001086,24534909,22297284,True
47,109,5123,0,-25464998,25464999,23155344,True
47,109,5123,1,-25464998,25464999,23155344,True
47,109,5123,2,-76394996,25464999,23155344,True
47,109,5123,5,-534764978,25464999,23155344,True
47,109,5123,7,-1094994956,25464999,23155344,True
47,113,5311,0,-27377090,27377091,24920064,True
47,113,5311,1,-27377090,27377091,24920064,True
47,113,5311,2,-82131272,27377091,24920064,True
47,113,5311,5,-574918910,27377091,24920064,True
47,113,5311,7,-1177214912,27377091,24920064,True
47,127,5969,0,-34614488,34614489,31606884,True
47,127,5969,1,-34614488,34614489,31606884,True
47,127,5969,2,-103843466,34614489,31606884,True
47,127,5969,5,-726904268,34614489,31606884,True
47,127,5969,7,-1488423026,34614489,31606884,True
47,131,6157,0,-36838052,36838053,33663204,True
47,131,6157,1,-36838052,36838053,33663204,True
47,131,6157,2,-110514158,36838053,33663204,True
47,131,6157,5,-773599112,36838053,33663204,True
47,131,6157,7,-1584036278,36838053,33663204,True
47,137,6439,0,-40303178,40303179,36869184,True
47,137,6439,1,-40303178,40303179,36869184,True
47,137,6439,2,-120909536,40303179,36869184,True
47,137,6439,5,-846366758,40303179,36869184,True
47,137,6439,7,-1733036696,40303179,36869184,True
47,139,6533,0,-41492828,41492829,37970244,True
47,139,6533,1,-41492828,41492829,37970244,True
47,139,6533,2,-124478486,41492829,37970244,True
47,139,6533,5,-871349408,41492829,37970244,True
47,139,6533,7,-1784191646,41492829,37970244,True
47,149,7003,0,-47700638,47700639,43718544,True
47,149,7003,1,-47700638,47700639,43718544,True
47,149,7003,2,-143101916,47700639,43718544,True
47,149,7003,5,-1001713418,47700639,43718544,True
47,149,7003,7,-2051127476,47700639,43718544,True
47,151,7097,0,-48994112,48994113,44916804,True
47,151,7097,1,-48994112,48994113,44916804,True
47,151,7097,2,-146982338,48994113,44916804,True
47,151,7097,5,-1028876372,48994113,44916804,True
47,151,7097,7,-2106746858,48994113,44916804,True
47,157,7379,0,-52978358,52978359,48608784,True
47,157,7379,1,-52978358,52978359,48608784,True
47,157,7379,2,-158935076,52978359,48608784,True
47,157,7379,5,-1112545538,52978359,48608784,True
47,157,7379,7,-2278069436,52978359,48608784,True
47,163,7661,0,-57118340,57118341,52446564,True
47,163,7661,1,-57118340,57118341,52446564,True
47,163,7661,2,-171355022,57118341,52446564,True
47,163,7661,5,-1199485160,57118341,52446564,True
47,163,7661,7,-2456088662,57118341,52446564,True
47,167,7849,0,-59964848,59964849,55086084,True
47,167,7849,1,-59964848,59964849,55086084,True
47,167,7849,2,-179894546,59964849,55086084,True
47,167,7849,5,-1259261828,59964849,55086084,True
47,167,7849,7,-2578488506,59964849,55086084,True
47,173,8131,0,-64364390,64364391,59166864,True
47,173,8131,1,-64364390,64364391,59166864,True
47,173,8131,2,-193093172,64364391,59166864,True
47,173,8131,5,-1351652210,64364391,59166864,True
47,173,8131,7,-2767668812,64364391,59166864,True
47,179,8413,0,-68919668,68919669,63393444,True
47,179,8413,1,-68919668,68919669,63393444,True
47,179,8413,2,-206759006,68919669,63393444,True
47,179,8413,5,-1447313048,68919669,63393444,True
47,179,8413,7,-2963545766,68919669,63393444,True
47,181,8507,0,-70472702,70472703,64834704,True
47,181,8507,1,-70472702,70472703,64834704,True
47,181,8507,2,-211418108,70472703,64834704,True
47,181,8507,5,-1479926762,70472703,64834704,True
47,181,8507,7,-3030326228,70472703,64834704,True
47,191,8977,0,-78497432,78497433,72284004,True
47,191,8977,1,-78497432,78497433,72284004,True
47,191,8977,2,-235492298,78497433,72284004,True
47,191,8977,5,-1648446092,78497433,72284004,True
47,191,8977,7,-3375389618,78497433,72284004,True
47,193,9071,0,-80154290,80154291,73822464,True
47,193,9071,1,-80154290,80154291,73822464,True
47,193,9071,2,-240462872,80154291,73822464,True
47,193,9071,5,-1683240110,80154291,73822464,True
47,193,9071,7,-3446634512,80154291,73822464,True
47,197,9259,0,-83519918,83519919,76947984,True
47,197,9259,1,-83519918,83519919,76947984,True
47,197,9259,2,-250559756,83519919,76947984,True
47,197,9259,5,-1753918298,83519919,76947984,True
47,197,9259,7,-3591356516,83519919,76947984,True
47,199,9353,0,-85228688,85228689,78535044,True
47,199,9353,1,-85228688,85228689,78535044,True
47,199,9353,2,-255686066,85228689,78535044,True
47,199,9353,5,-1789802468,85228689,78535044,True
47,199,9353,7,-3664833626,85228689,78535044,True
47,211,9917,0,-95844692,95844693,88397604,True
47,211,9917,1,-95844692,95844693,88397604,True
47,211,9917,2,-287534078,95844693,88397604,True
47,211,9917,5,-2012738552,95844693,88397604,True
47,211,9917,7,-4121321798,95844693,88397604,True
47,223,10481,0,-107083640,107083641,98843364,True
47,223,10481,1,-107083640,107083641,98843364,True
47,223,10481,2,-321250922,107083641,98843364,True
47,223,10481,5,-2248756460,107083641,98843364,True
47,223,10481,7,-4604596562,107083641,98843364,True
47,227,10669,0,-110968388,110968389,102454884,True
47,227,10669,1,-110968388,110968389,102454884,True
47,227,10669,2,-332905166,110968389,102454884,True
47,227,10669,5,-2330336168,110968389,102454884,True
47,227,10669,7,-4771640726,110968389,102454884,True
47,229,10763,0,-112936718,112936719,104284944,True
47,229,10763,1,-112936718,112936719,104284944,True
47,229,10763,2,-338810156,112936719,104284944,True
47,229,10763,5,-2371671098,112936719,104284944,True
47,229,10763,7,-4856278916,112936719,104284944,True
47,233,10951,0,-116925290,116925291,107993664,True
47,233,10951,1,-116925290,116925291,107993664,True
47,233,10951,2,-350775872,116925291,107993664,True
47,233,10951,5,-2455431110,116925291,107993664,True
47,233,10951,7,-5027787512,116925291,107993664,True
47,239,11233,0,-123037928,123037929,113678244,True
47,239,11233,1,-123037928,123037929,113678244,True
47,239,11233,2,-369113786,123037929,113678244,True
47,239,11233,5,-2583796508,123037929,113678244,True
47,239,11233,7,-5290630946,123037929,113678244,True
47,241,11327,0,-125110082,125110083,115605504,True
47,241,11327,1,-125110082,125110083,115605504,True
47,241,11327,2,-375330248,125110083,115605504,True
47,241,11327,5,-2627311742,125110083,115605504,True
47,241,11327,7,-5379733568,125110083,115605504,True
47,251,11797,0,-135730412,135730413,125484804,True
47,251,11797,1,-135730412,135730413,125484804,True
47,251,11797,2,-407191238,135730413,125484804,True
47,251,11797,5,-2850338672,135730413,125484804,True
47,251,11797,7,-5836407758,135730413,125484804,True
47,257,12079,0,-142310258,142310259,131606784,True
47,257,12079,1,-142310258,142310259,131606784,True
47,257,12079,2,-426930776,142310259,131606784,True
47,257,12079,5,-2988515438,142310259,131606784,True
47,257,12079,7,-6119341136,142310259,131606784,True
47,263,12361,0,-149045840,149045841,137874564,True
47,263,12361,1,-149045840,149045841,137874564,True
47,263,12361,2,-447137522,149045841,137874564,True
47,263,12361,5,-3129962660,149045841,137874564,True
47,263,12361,7,-6408971162,149045841,137874564,True
47,269,12643,0,-155937158,155937159,144288144,True
47,269,12643,1,-155937158,155937159,144288144,True
47,269,12643,2,-467811476,155937159,144288144,True
47,269,12643,5,-3274680338,155937159,144288144,True
47,269,12643,7,-6705297836,155937159,144288144,True
47,271,12737,0,-158268872,158268873,146458404,True
47,271,12737,1,-158268872,158268873,146458404,True
47,271,12737,2,-474806618,158268873,146458404,True
47,271,12737,5,-3323646332,158268873,146458404,True
47,271,12737,7,-6805561538,158268873,146458404,True
47,277,13019,0,-165367838,165367839,153066384,True
47,277,13019,1,-165367838,165367839,153066384,True
47,277,13019,2,-496103516,165367839,153066384,True
47,277,13019,5,-3472724618,165367839,153066384,True
47,277,13019,7,-7110817076,165367839,153066384,True
47,281,13207,0,-170187002,170187003,157552704,True
47,281,13207,1,-170187002,170187003,157552704,True
47,281,13207,2,-510561008,170187003,157552704,True
47,281,13207,5,-3573927062,170187003,157552704,True
47,281,13207,7,-7318041128,170187003,157552704,True
47,283,13301,0,-172622540,172622541,159820164,True
47,283,13301,1,-172622540,172622541,159820164,True
47,283,13301,2,-517867622,172622541,159820164,True
47,283,13301,5,-3625073360,172622541,159820164,True
47,283,13301,7,-7422769262,172622541,159820164,True
47,293,13771,0,-185059790,185059791,171400464,True
47,293,13771,1,-185059790,185059791,171400464,True
47,293,13771,2,-555179372,185059791,171400464,True
47,293,13771,5,-3886255610,185059791,171400464,True
47,293,13771,7,-7957571012,185059791,171400464,True
53,59,3127,0,-9437210,9437211,8433216,True
53,59,3127,1,-9437210,9437211,8433216,True
53,59,3127,2,-28311632,9437211,8433216,True
53,59,3127,5,-198181430,9437211,8433216,True
53,59,3127,7,-405800072,9437211,8433216,True
53,61,3233,0,-10093376,10093377,9036036,True
53,61,3233,1,-10093376,10093377,9036036,True
53,61,3233,2,-30280130,10093377,9036036,True
53,61,3233,5,-211960916,10093377,9036036,True
53,61,3233,7,-434015210,10093377,9036036,True
53,67,3551,0,-12194210,12194211,10969344,True
53,67,3551,1,-12194210,12194211,10969344,True
53,67,3551,2,-36582632,12194211,10969344,True
53,67,3551,5,-256078430,12194211,10969344,True
53,67,3551,7,-524351072,12194211,10969344,True
53,71,3763,0,-13705046,13705047,12362256,True
53,71,3763,1,-13705046,13705047,12362256,True
53,71,3763,2,-41115140,13705047,12362256,True
53,71,3763,5,-287805986,13705047,12362256,True
53,71,3763,7,-589317020,13705047,12362256,True
53,73,3869,0,-14493548,14493549,13089924,True
53,73,3869,1,-14493548,14493549,13089924,True
53,73,3869,2,-43480646,14493549,13089924,True
53,73,3869,5,-304364528,14493549,13089924,True
53,73,3869,7,-623222606,14493549,13089924,True
53,79,4187,0,-16991390,16991391,15397776,True
53,79,4187,1,-16991390,16991391,15397776,True
53,79,4187,2,-50974172,16991391,15397776,True
53,79,4187,5,-356819210,16991391,15397776,True
53,79,4187,7,-730629812,16991391,15397776,True
53,83,4399,0,-18766898,18766899,17040384,True
53,83,4399,1,-18766898,18766899,17040384,True
53,83,4399,2,-56300696,18766899,17040384,True
53,83,4399,5,-394104878,18766899,17040384,True
53,83,4399,7,-806976656,18766899,17040384,True
53,89,4717,0,-21595580,21595581,19660356,True
53,89,4717,1,-21595580,21595581,19660356,True
53,89,4717,2,-64786742,21595581,19660356,True
53,89,4717,5,-453507200,21595581,19660356,True
53,89,4717,7,-928609982,21595581,19660356,True
53,97,5141,0,-25675940,25675941,23444964,True
53,97,5141,1,-25675940,25675941,23444964,True
53,97,5141,2,-77027822,25675941,23444964,True
53,97,5141,5,-539194760,25675941,23444964,True
53,97,5141,7,-1104065462,25675941,23444964,True
53,101,5353,0,-27848456,27848457,25462116,True
53,101,5353,1,-27848456,27848457,25462116,True
53,101,5353,2,-83545370,27848457,25462116,True
53,101,5353,5,-584817596,27848457,25462116,True
53,101,5353,7,-1197483650,27848457,25462116,True
53,103,5459,0,-28967798,28967799,26501904,True
53,103,5459,1,-28967798,28967799,26501904,True
53,103,5459,2,-86903396,28967799,26501904,True
53,103,5459,5,-608323778,28967799,26501904,True
53,103,5459,7,-1245615356,28967799,26501904,True
53,107,5671,0,-31272650,31272651,28643904,True
53,107,5671,1,-31272650,31272651,28643904,True
53,107,5671,2,-93817952,31272651,28643904,True
53,107,5671,5,-656725670,31272651,28643904,True
53,107,5671,7,-1344723992,31272651,28643904,True
53,109,5777,0,-32458160,32458161,29746116,True
53,109,5777,1,-32458160,32458161,29746116,True
53,109,5777,2,-97374482,32458161,29746116,True
53,109,5777,5,-681621380,32458161,29746116,True
53,109,5777,7,-1395700922,32458161,29746116,True
53,113,5989,0,-34895348,34895349,32012964,True
53,113,5989,1,-34895348,34895349,32012964,True
53,113,5989,2,-104686046,34895349,32012964,True
53,113,5989,5,-732802328,34895349,32012964,True
53,113,5989,7,-1500500006,34895349,32012964,True
53,127,6731,0,-44120270,44120271,40602384,True
53,127,6731,1,-44120270,44120271,40602384,True
53,127,6731,2,-132360812,44120271,40602384,True
53,127,6731,5,-926525690,44120271,40602384,True
53,127,6731,7,-1897171652,44120271,40602384,True
53,131,6943,0,-46954466,46954467,43243776,True
53,131,6943,1,-46954466,46954467,43243776,True
53,131,6943,2,-140863400,46954467,43243776,True
53,131,6943,5,-986043806,46954467,43243776,True
53,131,6943,7,-2019042080,46954467,43243776,True
53,137,7261,0,-51371180,51371181,47361924,True
53,137,7261,1,-51371180,51371181,47361924,True
53,137,7261,2,-154113542,51371181,47361924,True
53,137,7261,5,-1078794800,51371181,47361924,True
53,137,7261,7,-2208960782,51371181,47361924,True
53,139,7367,0,-52887530,52887531,48776256,True
53,139,7367,1,-52887530,52887531,48776256,True
53,139,7367,2,-158662592,52887531,48776256,True
53,139,7367,5,-1110638150,52887531,48776256,True
53,139,7367,7,-2274163832,52887531,48776256,True
53,149,7897,0,-60800120,60800121,56160036,True
53,149,7897,1,-60800120,60800121,56160036,True
53,149,7897,2,-182400362,60800121,56160036,True
53,149,7897,5,-1276802540,60800121,56160036,True
53,149,7897,7,-2614405202,60800121,56160036,True
53,151,8003,0,-62448806,62448807,57699216,True
53,151,8003,1,-62448806,62448807,57699216,True
53,151,8003,2,-187346420,62448807,57699216,True
53,151,8003,5,-1311424946,62448807,57699216,True
53,151,8003,7,-2685298700,62448807,57699216,True
53,157,8321,0,-67527200,67527201,62441604,True
53,157,8321,1,-67527200,67527201,62441604,True
53,157,8321,2,-202581602,67527201,62441604,True
53,157,8321,5,-1418071220,67527201,62441604,True
53,157,8321,7,-2903669642,67527201,62441604,True
53,163,8639,0,-72804098,72804099,67371264,True
53,163,8639,1,-72804098,72804099,67371264,True
53,163,8639,2,-218412296,72804099,67371264,True
53,163,8639,5,-1528886078,72804099,67371264,True
53,163,8639,7,-3130576256,72804099,67371264,True
53,167,8851,0,-76432310,76432311,70761744,True
53,167,8851,1,-76432310,76432311,70761744,True
53,167,8851,2,-229296932,76432311,70761744,True
53,167,8851,5,-1605078530,76432311,70761744,True
53,167,8851,7,-3286589372,76432311,70761744,True
53,173,9169,0,-82040048,82040049,76003524,True
53,173,9169,1,-82040048,82040049,76003524,True
53,173,9169,2,-246120146,82040049,76003524,True
53,173,9169,5,-1722841028,82040049,76003524,True
53,173,9169,7,-3527722106,82040049,76003524,True
53,179,9487,0,-87846290,87846291,81432576,True
53,179,9487,1,-87846290,87846291,81432576,True
53,179,9487,2,-263538872,87846291,81432576,True
53,179,9487,5,-1844772110,87846291,81432576,True
53,179,9487,7,-3777390512,87846291,81432576,True
53,181,9593,0,-89825816,89825817,83283876,True
53,181,9593,1,-89825816,89825817,83283876,True
53,181,9593,2,-269477450,89825817,83283876,True
53,181,9593,5,-1886342156,89825817,83283876,True
53,181,9593,7,-3862510130,89825817,83283876,True
53,191,10123,0,-100054286,100054287,92852496,True
53,191,10123,1,-100054286,100054287,92852496,True
53,191,10123,2,-300162860,100054287,92852496,True
53,191,10123,5,-2101140026,100054287,92852496,True
53,191,10123,7,-4302334340,100054287,92852496,True
53,193,10229,0,-102166148,102166149,94828644,True
53,193,10229,1,-102166148,102166149,94828644,True
53,193,10229,2,-306498446,102166149,94828644,True
53,193,10229,5,-2145489128,102166149,94828644,True
53,193,10229,7,-4393144406,102166149,94828644,True
53,197,10441,0,-106456040,106456041,98843364,True
53,197,10441,1,-106456040,106456041,98843364,True
53,197,10441,2,-319368122,106456041,98843364,True
53,197,10441,5,-2235576860,106456041,98843364,True
53,197,10441,7,-4577609762,106456041,98843364,True
53,199,10547,0,-108634070,108634071,100881936,True
53,199,10547,1,-108634070,108634071,100881936,True
53,199,10547,2,-325902212,108634071,100881936,True
53,199,10547,5,-2281315490,108634071,100881936,True
53,199,10547,7,-4671265052,108634071,100881936,True
53,211,11183,0,-122165426,122165427,113550336,True
53,211,11183,1,-122165426,122165427,113550336,True
53,211,11183,2,-366496280,122165427,113550336,True
53,211,11183,5,-2565473966,122165427,113550336,True
53,211,11183,7,-5253113360,122165427,113550336,True
53,223,11819,0,-136490798,136490799,126967824,True
53,223,11819,1,-136490798,136490799,126967824,True
53,223,11819,2,-409472396,136490799,126967824,True
53,223,11819,5,-2866306778,136490799,126967824,True
53,223,11819,7,-5869104356,136490799,126967824,True
53,227,12031,0,-141442370,141442371,131606784,True
53,227,12031,1,-141442370,141442371,131606784,True
53,227,12031,2,-424327112,141442371,131606784,True
53,227,12031,5,-2970289790,141442371,131606784,True
53,227,12031,7,-6082021952,141442371,131606784,True
53,229,12137,0,-143951240,143951241,133957476,True
53,229,12137,1,-143951240,143951241,133957476,True
53,229,12137,2,-431853722,143951241,133957476,True
53,229,12137,5,-3022976060,143951241,133957476,True
53,229,12137,7,-6189903362,143951241,133957476,True
53,233,12349,0,-149035148,149035149,138721284,True
53,233,12349,1,-149035148,149035149,138721284,True
53,233,12349,2,-447105446,149035149,138721284,True
53,233,12349,5,-3129738128,149035149,138721284,True
53,233,12349,7,-6408511406,149035149,138721284,True
53,239,12667,0,-156826430,156826431,146023056,True
53,239,12667,1,-156826430,156826431,146023056,True
53,239,12667,2,-470479292,156826431,146023056,True
53,239,12667,5,-3293355050,156826431,146023056,True
53,239,12667,7,-6743536532,156826431,146023056,True
53,241,12773,0,-159467636,159467637,148498596,True
53,241,12773,1,-159467636,159467637,148498596,True
53,241,12773,2,-478402910,159467637,148498596,True
53,241,12773,5,-3348820376,159467637,148498596,True
53,241,12773,7,-6857108390,159467637,148498596,True
53,251,13303,0,-173004506,173004507,161188416,True
53,251,13303,1,-173004506,173004507,161188416,True
53,251,13303,2,-519013520,173004507,161188416,True
53,251,13303,5,-3633094646,173004507,161188416,True
53,251,13303,7,-7439193800,173004507,161188416,True
53,257,13621,0,-181391300,181391301,169052004,True
53,257,13621,1,-181391300,181391301,169052004,True
53,257,13621,2,-544173902,181391301,169052004,True
53,257,13621,5,-3809217320,181391301,169052004,True
53,257,13621,7,-7799825942,181391301,169052004,True
53,263,13939,0,-189976598,189976599,177102864,True
53,263,13939,1,-189976598,189976599,177102864,True
53,263,13939,2,-569929796,189976599,177102864,True
53,263,13939,5,-3989508578,189976599,177102864,True
53,263,13939,7,-8168993756,189976599,177102864,True
53,269,14257,0,-198760400,198760401,185340996,True
53,269,14257,1,-198760400,198760401,185340996,True
53,269,14257,2,-596281202,198760401,185340996,True
53,269,14257,5,-4173968420,198760401,185340996,True
53,269,14257,7,-8546697242,198760401,185340996,True
53,271,14363,0,-201732446,201732447,188128656,True
53,271,14363,1,-201732446,201732447,188128656,True
53,271,14363,2,-605197340,201732447,188128656,True
53,271,14363,5,-4236381386,201732447,188128656,True
53,271,14363,7,-8674495220,201732447,188128656,True
53,277,14681,0,-210780920,210780921,196616484,True
53,277,14681,1,-210780920,210780921,196616484,True
53,277,14681,2,-632342762,210780921,196616484,True
53,277,14681,5,-4426399340,210780921,196616484,True
53,277,14681,7,-9063579602,210780921,196616484,True
53,281,14893,0,-216923516,216923517,202379076,True
53,281,14893,1,-216923516,216923517,202379076,True
53,281,14893,2,-650770550,216923517,202379076,True
53,281,14893,5,-4555393856,216923517,202379076,True
53,281,14893,7,-9327711230,216923517,202379076,True
53,283,14999,0,-220027898,220027899,205291584,True
53,283,14999,1,-220027898,220027899,205291584,True
53,283,14999,2,-660083696,220027899,205291584,True
53,283,14999,5,-4620585878,220027899,205291584,True
53,283,14999,7,-9461199656,220027899,205291584,True
53,293,15529,0,-235880648,235880649,220166244,True
53,293,15529,1,-235880648,235880649,220166244,True
53,293,15529,2,-707641946,235880649,220166244,True
53,293,15529,5,-4953493628,235880649,220166244,True
53,293,15529,7,-10142867906,235880649,220166244,True
59,61,3599,0,-12531602,12531603,11289600,True
59,61,3599,1,-12531602,12531603,11289600,True
59,61,3599,2,-37594808,12531603,11289600,True
59,61,3599,5,-263163662,12531603,11289600,True
59,61,3599,7,-538858928,12531603,11289600,True
59,67,3953,0,-15139928,15139929,13704804,True
59,67,3953,1,-15139928,15139929,13704804,True
59,67,3953,2,-45419786,15139929,13704804,True
59,67,3953,5,-317938508,15139929,13704804,True
59,67,3953,7,-651016946,15139929,13704804,True
59,71,4189,0,-17015732,17015733,15444900,True
59,71,4189,1,-17015732,17015733,15444900,True
59,71,4189,2,-51047198,17015733,15444900,True
59,71,4189,5,-357330392,17015733,15444900,True
59,71,4189,7,-731676518,17015733,15444900,True
59,73,4307,0,-17994710,17994711,16353936,True
59,73,4307,1,-17994710,17994711,16353936,True
59,73,4307,2,-53984132,17994711,16353936,True
59,73,4307,5,-377888930,17994711,16353936,True
59,73,4307,7,-773772572,17994711,16353936,True
59,79,4661,0,-21095948,21095949,19236996,True
59,79,4661,1,-21095948,21095949,19236996,True
59,79,4661,2,-63287846,21095949,19236996,True
59,79,4661,5,-443014928,21095949,19236996,True
59,79,4661,7,-907125806,21095949,19236996,True
59,83,4897,0,-23300360,23300361,21288996,True
59,83,4897,1,-23300360,23300361,21288996,True
59,83,4897,2,-69901082,23300361,21288996,True
59,83,4897,5,-489307580,23300361,21288996,True
59,83,4897,7,-1001915522,23300361,21288996,True
59,89,5251,0,-26812358,26812359,24561936,True
59,89,5251,1,-26812358,26812359,24561936,True
59,89,5251,2,-80437076,26812359,24561936,True
59,89,5251,5,-563059538,26812359,24561936,True
59,89,5251,7,-1152931436,26812359,24561936,True
59,97,5723,0,-31878398,31878399,29289744,True
59,97,5723,1,-31878398,31878399,29289744,True
59,97,5723,2,-95635196,31878399,29289744,True
59,97,5723,5,-669446378,31878399,29289744,True
59,97,5723,7,-1370771156,31878399,29289744,True
59,101,5959,0,-34575722,34575723,31809600,True
59,101,5959,1,-34575722,34575723,31809600,True
59,101,5959,2,-103727168,34575723,31809600,True
59,101,5959,5,-726090182,34575723,31809600,True
59,101,5959,7,-1486756088,34575723,31809600,True
59,103,6077,0,-35965460,35965461,33108516,True
59,103,6077,1,-35965460,35965461,33108516,True
59,103,6077,2,-107896382,35965461,33108516,True
59,103,6077,5,-755274680,35965461,33108516,True
59,103,6077,7,-1546514822,35965461,33108516,True
59,107,6313,0,-38827088,38827089,35784324,True
59,107,6313,1,-38827088,38827089,35784324,True
59,107,6313,2,-116481266,38827089,35784324,True
59,107,6313,5,-815368868,38827089,35784324,True
59,107,6313,7,-1669564826,38827089,35784324,True
59,109,6431,0,-40298978,40298979,37161216,True
59,109,6431,1,-40298978,40298979,37161216,True
59,109,6431,2,-120896936,40298979,37161216,True
59,109,6431,5,-846278558,40298979,37161216,True
59,109,6431,7,-1732856096,40298979,37161216,True
59,113,6667,0,-43324910,43324911,39992976,True
59,113,6667,1,-43324910,43324911,39992976,True
59,113,6667,2,-129974732,43324911,39992976,True
59,113,6667,5,-909823130,43324911,39992976,True
59,113,6667,7,-1862971172,43324911,39992976,True
59,127,7493,0,-54778268,54778269,50722884,True
59,127,7493,1,-54778268,54778269,50722884,True
59,127,7493,2,-164334806,54778269,50722884,True
59,127,7493,5,-1150343648,54778269,50722884,True
59,127,7493,7,-2355465566,54778269,50722884,True
59,131,7729,0,-58297112,58297113,54022500,True
59,131,7729,1,-58297112,58297113,54022500,True
59,131,7729,2,-174891338,58297113,54022500,True
59,131,7729,5,-1224239372,58297113,54022500,True
59,131,7729,7,-2506775858,58297113,54022500,True
59,137,8083,0,-63780758,63780759,59166864,True
59,137,8083,1,-63780758,63780759,59166864,True
59,137,8083,2,-191342276,63780759,59166864,True
59,137,8083,5,-1339395938,63780759,59166864,True
59,137,8083,7,-2742572636,63780759,59166864,True
59,139,8201,0,-65663408,65663409,60933636,True
59,139,8201,1,-65663408,65663409,60933636,True
59,139,8201,2,-196990226,65663409,60933636,True
59,139,8201,5,-1378931588,65663409,60933636,True
59,139,8201,7,-2823526586,65663409,60933636,True
59,149,8791,0,-75487418,75487419,70157376,True
59,149,8791,1,-75487418,75487419,70157376,True
59,149,8791,2,-226462256,75487419,70157376,True
59,149,8791,5,-1585235798,75487419,70157376,True
59,149,8791,7,-3245959016,75487419,70157376,True
59,151,8909,0,-77534372,77534373,72080100,True
59,151,8909,1,-77534372,77534373,72080100,True
59,151,8909,2,-232603118,77534373,72080100,True
59,151,8909,5,-1628221832,77534373,72080100,True
59,151,8909,7,-3333978038,77534373,72080100,True
59,157,9263,0,-83839538,83839539,78004224,True
59,157,9263,1,-83839538,83839539,78004224,True
59,157,9263,2,-251518616,83839539,78004224,True
59,157,9263,5,-1760630318,83839539,78004224,True
59,157,9263,7,-3605100176,83839539,78004224,True
59,163,9617,0,-90391160,90391161,84162276,True
59,163,9617,1,-90391160,90391161,84162276,True
59,163,9617,2,-271173482,90391161,84162276,True
59,163,9617,5,-1898214380,90391161,84162276,True
59,163,9617,7,-3886819922,90391161,84162276,True
59,167,9853,0,-94895828,94895829,88397604,True
59,167,9853,1,-94895828,94895829,88397604,True
59,167,9853,2,-284687486,94895829,88397604,True
59,167,9853,5,-1992812408,94895829,88397604,True
59,167,9853,7,-4080520646,94895829,88397604,True
59,173,10207,0,-101858210,101858211,94945536,True
59,173,10207,1,-101858210,101858211,94945536,True
59,173,10207,2,-305574632,101858211,94945536,True
59,173,10207,5,-2139022430,101858211,94945536,True
59,173,10207,7,-4379903072,101858211,94945536,True
59,179,10561,0,-109067048,109067049,101727396,True
59,179,10561,1,-109067048,109067049,101727396,True
59,179,10561,2,-327201146,109067049,101727396,True
59,179,10561,5,-2290408028,109067049,101727396,True
59,179,10561,7,-4689883106,109067049,101727396,True
59,181,10679,0,-111524762,111524763,104040000,True
59,181,10679,1,-111524762,111524763,104040000,True
59,181,10679,2,-334574288,111524763,104040000,True
59,181,10679,5,-2342020022,111524763,104040000,True
59,181,10679,7,-4795564808,111524763,104040000,True
59,191,11269,0,-124224092,124224093,115992900,True
59,191,11269,1,-124224092,124224093,115992900,True
59,191,11269,2,-372672278,124224093,115992900,True
59,191,11269,5,-2608705952,124224093,115992900,True
59,191,11269,7,-5341635998,124224093,115992900,True
59,193,11387,0,-126846110,126846111,118461456,True
59,193,11387,1,-126846110,126846111,118461456,True
59,193,11387,2,-380538332,126846111,118461456,True
59,193,11387,5,-2663768330,126846111,118461456,True
59,193,11387,7,-5454382772,126846111,118461456,True
59,197,11623,0,-132172298,132172299,123476544,True
59,197,11623,1,-132172298,132172299,123476544,True
59,197,11623,2,-396516896,132172299,123476544,True
59,197,11623,5,-2775618278,132172299,123476544,True
59,197,11623,7,-5683408856,132172299,123476544,True
59,199,11741,0,-134876468,134876469,126023076,True
59,199,11741,1,-134876468,134876469,126023076,True
59,199,11741,2,-404629406,134876469,126023076,True
59,199,11741,5,-2832405848,134876469,126023076,True
59,199,11741,7,-5799688166,134876469,126023076,True
59,211,12449,0,-151676552,151676553,141848100,True
59,211,12449,1,-151676552,151676553,141848100,True
59,211,12449,2,-455029658,151676553,141848100,True
59,211,12449,5,-3185207612,151676553,141848100,True
59,211,12449,7,-6522091778,151676553,141848100,True
59,223,13157,0,-169462460,169462461,158608836,True
59,223,13157,1,-169462460,169462461,158608836,True
59,223,13157,2,-508387382,169462461,158608836,True
59,223,13157,5,-3558711680,169462461,158608836,True
59,223,13157,7,-7286885822,169462461,158608836,True
59,227,13393,0,-175610168,175610169,164403684,True
59,227,13393,1,-175610168,175610169,164403684,True
59,227,13393,2,-526830506,175610169,164403684,True
59,227,13393,5,-3687813548,175610169,164403684,True
59,227,13393,7,-7551237266,175610169,164403684,True
59,229,13511,0,-178725098,178725099,167340096,True
59,229,13511,1,-178725098,178725099,167340096,True
59,229,13511,2,-536175296,178725099,167340096,True
59,229,13511,5,-3753227078,178725099,167340096,True
59,229,13511,7,-7685179256,178725099,167340096,True
59,233,13747,0,-185037110,185037111,173290896,True
59,233,13747,1,-185037110,185037111,173290896,True
59,233,13747,2,-555111332,185037111,173290896,True
59,233,13747,5,-3885779330,185037111,173290896,True
59,233,13747,7,-7956595772,185037111,173290896,True
59,239,14101,0,-194710508,194710509,182412036,True
59,239,14101,1,-194710508,194710509,182412036,True
59,239,14101,2,-584131526,194710509,182412036,True
59,239,14101,5,-4088920688,194710509,182412036,True
59,239,14101,7,-8372551886,194710509,182412036,True
59,241,14219,0,-197989742,197989743,185504400,True
59,241,14219,1,-197989742,197989743,185504400,True
59,241,14219,2,-593969228,197989743,185504400,True
59,241,14219,5,-4157784602,197989743,185504400,True
59,241,14219,7,-8513558948,197989743,185504400,True
59,251,14809,0,-214796672,214796673,201356100,True
59,251,14809,1,-214796672,214796673,201356100,True
59,251,14809,2,-644390018,214796673,201356100,True
59,251,14809,5,-4510730132,214796673,201356100,True
59,251,14809,7,-9236256938,214796673,201356100,True
59,257,15163,0,-225209438,225209439,211179024,True
59,257,15163,1,-225209438,225209439,211179024,True
59,257,15163,2,-675628316,225209439,211179024,True
59,257,15163,5,-4729398218,225209439,211179024,True
59,257,15163,7,-9684005876,225209439,211179024,True
59,263,15517,0,-235868660,235868661,221235876,True
59,263,15517,1,-235868660,235868661,221235876,True
59,263,15517,2,-707605982,235868661,221235876,True
59,263,15517,5,-4953241880,235868661,221235876,True
59,263,15517,7,-10142352422,235868661,221235876,True
59,269,15871,0,-246774338,246774339,231526656,True
59,269,15871,1,-246774338,246774339,231526656,True
59,269,15871,2,-740323016,246774339,231526656,True
59,269,15871,5,-5182261118,246774339,231526656,True
59,269,15871,7,-10611296576,246774339,231526656,True
59,271,15989,0,-250464332,250464333,235008900,True
59,271,15989,1,-250464332,250464333,235008900,True
59,271,15989,2,-751392998,250464333,235008900,True
59,271,15989,5,-5259750992,250464333,235008900,True
59,271,15989,7,-10769966318,250464333,235008900,True
59,277,16343,0,-261698618,261698619,245611584,True
59,277,16343,1,-261698618,261698619,245611584,True
59,277,16343,2,-785095856,261698619,245611584,True
59,277,16343,5,-5495670998,261698619,245611584,True
59,277,16343,7,-11253040616,261698619,245611584,True
59,281,16579,0,-269325062,269325063,252810000,True
59,281,16579,1,-269325062,269325063,252810000,True
59,281,16579,2,-807975188,269325063,252810000,True
59,281,16579,5,-5655826322,269325063,252810000,True
59,281,16579,7,-11580977708,269325063,252810000,True
59,283,16697,0,-273179360,273179361,256448196,True
59,283,16697,1,-273179360,273179361,256448196,True
59,283,16697,2,-819538082,273179361,256448196,True
59,283,16697,5,-5736766580,273179361,256448196,True
59,283,16697,7,-11746712522,273179361,256448196,True
59,293,17287,0,-292861610,292861611,275029056,True
59,293,17287,1,-292861610,292861611,275029056,True
59,293,17287,2,-878584832,292861611,275029056,True
59,293,17287,5,-6150093830,292861611,275029056,True
59,293,17287,7,-12593049272,292861611,275029056,True
61,67,4087,0,-16192602,16192603,14684224,True
61,67,4087,1,-16192602,16192603,14684224,True
61,67,4087,2,-48577808,16192603,14684224,True
61,67,4087,5,-340044662,16192603,14684224,True
61,67,4087,7,-696281928,16192603,14684224,True
61,71,4331,0,-18198830,18198831,16548624,True
61,71,4331,1,-18198830,18198831,16548624,True
61,71,4331,2,-54596492,18198831,16548624,True
61,71,4331,5,-382175450,18198831,16548624,True
61,71,4331,7,-782549732,18198831,16548624,True
61,73,4453,0,-19245876,19245877,17522596,True
61,73,4453,1,-19245876,19245877,17522596,True
61,73,4453,2,-57737630,19245877,17522596,True
61,73,4453,5,-404163416,19245877,17522596,True
61,73,4453,7,-827572710,19245877,17522596,True
61,79,4819,0,-22562742,22562743,20611600,True
61,79,4819,1,-22562742,22562743,20611600,True
61,79,4819,2,-67688228,22562743,20611600,True
61,79,4819,5,-473817602,22562743,20611600,True
61,79,4819,7,-970197948,22562743,20611600,True
61,83,5063,0,-24920426,24920427,22810176,True
61,83,5063,1,-24920426,24920427,22810176,True
61,83,5063,2,-74761280,24920427,22810176,True
61,83,5063,5,-523328966,24920427,22810176,True
61,83,5063,7,-1071578360,24920427,22810176,True
61,89,5429,0,-28676612,28676613,26316900,True
61,89,5429,1,-28676612,28676613,26316900,True
61,89,5429,2,-86029838,28676613,26316900,True
61,89,5429,5,-602208872,28676613,26316900,True
61,89,5429,7,-1233094358,28676613,26316900,True
61,97,5917,0,-34094892,34094893,31382404,True
61,97,5917,1,-34094892,34094893,31382404,True
61,97,5917,2,-102284678,34094893,31382404,True
61,97,5917,5,-715992752,34094893,31382404,True
61,97,5917,7,-1466080398,34094893,31382404,True
61,101,6161,0,-36979760,36979761,34082244,True
61,101,6161,1,-36979760,36979761,34082244,True
61,101,6161,2,-110939282,36979761,34082244,True
61,101,6161,5,-776574980,36979761,34082244,True
61,101,6161,7,-1590129722,36979761,34082244,True
61,103,6283,0,-38466126,38466127,35473936,True
61,103,6283,1,-38466126,38466127,35473936,True
61,103,6283,2,-115398380,38466127,35473936,True
61,103,6283,5,-807788666,38466127,35473936,True
61,103,6283,7,-1654043460,38466127,35473936,True
61,107,6527,0,-41526722,41526723,38340864,True
61,107,6527,1,-41526722,41526723,38340864,True
61,107,6527,2,-124580168,41526723,38340864,True
61,107,6527,5,-872061182,41526723,38340864,True
61,107,6527,7,-1785649088,41526723,38340864,True
61,109,6649,0,-43100952,43100953,39816100,True
61,109,6649,1,-43100952,43100953,39816100,True
61,109,6649,2,-129302858,43100953,39816100,True
61,109,6649,5,-905120012,43100953,39816100,True
61,109,6649,7,-1853340978,43100953,39816100,True
61,113,6893,0,-46337276,46337277,42850116,True
61,113,6893,1,-46337276,46337277,42850116,True
61,113,6893,2,-139011830,46337277,42850116,True
61,113,6893,5,-973082816,46337277,42850116,True
61,113,6893,7,-1992502910,46337277,42850116,True
61,127,7747,0,-58586982,58586983,54346384,True
61,127,7747,1,-58586982,58586983,54346384,True
61,127,7747,2,-175760948,58586983,54346384,True
61,127,7747,5,-1230326642,58586983,54346384,True
61,127,7747,7,-2519240268,58586983,54346384,True
61,131,7991,0,-62350490,62350491,57881664,True
61,131,7991,1,-62350490,62350491,57881664,True
61,131,7991,2,-187051472,62350491,57881664,True
61,131,7991,5,-1309360310,62350491,57881664,True
61,131,7991,7,-2681071112,62350491,57881664,True
61,137,8357,0,-68215412,68215413,63393444,True
61,137,8357,1,-68215412,68215413,63393444,True
61,137,8357,2,-204646238,68215413,63393444,True
61,137,8357,5,-1432523672,68215413,63393444,True
61,137,8357,7,-2933262758,68215413,63393444,True
61,139,8479,0,-70228962,70228963,65286400,True
61,139,8479,1,-70228962,70228963,65286400,True
61,139,8479,2,-210686888,70228963,65286400,True
61,139,8479,5,-1474808222,70228963,65286400,True
61,139,8479,7,-3019845408,70228963,65286400,True
61,149,9089,0,-80736032,80736033,75168900,True
61,149,9089,1,-80736032,80736033,75168900,True
61,149,9089,2,-242208098,80736033,75168900,True
61,149,9089,5,-1695456692,80736033,75168900,True
61,149,9089,7,-3471649418,80736033,75168900,True
61,151,9211,0,-82925310,82925311,77228944,True
61,151,9211,1,-82925310,82925311,77228944,True
61,151,9211,2,-248775932,82925311,77228944,True
61,151,9211,5,-1741431530,82925311,77228944,True
61,151,9211,7,-3565788372,82925311,77228944,True
61,157,9577,0,-89668872,89668873,83576164,True
61,157,9577,1,-89668872,89668873,83576164,True
61,157,9577,2,-269006618,89668873,83576164,True
61,157,9577,5,-1883046332,89668873,83576164,True
61,157,9577,7,-3855761538,89668873,83576164,True
61,163,9943,0,-96676026,96676027,90174016,True
61,163,9943,1,-96676026,96676027,90174016,True
61,163,9943,2,-290028080,96676027,90174016,True
61,163,9943,5,-2030196566,96676027,90174016,True
61,163,9943,7,-4157069160,96676027,90174016,True
61,167,10187,0,-101493902,101493903,94711824,True
61,167,10187,1,-101493902,101493903,94711824,True
61,167,10187,2,-304481708,101493903,94711824,True
61,167,10187,5,-2131371962,101493903,94711824,True
61,167,10187,7,-4364237828,101493903,94711824,True
61,173,10553,0,-108940376,108940377,101727396,True
61,173,10553,1,-108940376,108940377,101727396,True
61,173,10553,2,-326821130,108940377,101727396,True
61,173,10553,5,-2287747916,108940377,101727396,True
61,173,10553,7,-4684436210,108940377,101727396,True
61,179,10919,0,-116650442,116650443,108993600,True
61,179,10919,1,-116650442,116650443,108993600,True
61,179,10919,2,-349951328,116650443,108993600,True
61,179,10919,5,-2449659302,116650443,108993600,True
61,179,10919,7,-5015969048,116650443,108993600,True
61,181,11041,0,-119279040,119279041,111471364,True
61,181,11041,1,-119279040,119279041,111471364,True
61,181,11041,2,-357837122,119279041,111471364,True
61,181,11041,5,-2504859860,119279041,111471364,True
61,181,11041,7,-5128998762,119279041,111471364,True
61,191,11651,0,-132861350,132861351,124277904,True
61,191,11651,1,-132861350,132861351,124277904,True
61,191,11651,2,-398584052,132861351,124277904,True
61,191,11651,5,-2790088370,132861351,124277904,True
61,191,11651,7,-5713038092,132861351,124277904,True
61,193,11773,0,-135665676,135665677,126922756,True
61,193,11773,1,-135665676,135665677,126922756,True
61,193,11773,2,-406997030,135665677,126922756,True
61,193,11773,5,-2848979216,135665677,126922756,True
61,193,11773,7,-5833624110,135665677,126922756,True
61,197,12017,0,-141362192,141362193,132296004,True
61,197,12017,1,-141362192,141362193,132296004,True
61,197,12017,2,-424086578,141362193,132296004,True
61,197,12017,5,-2968606052,141362193,132296004,True
61,197,12017,7,-6078574298,141362193,132296004,True
61,199,12139,0,-144254382,144254383,135024400,True
61,199,12139,1,-144254382,144254383,135024400,True
61,199,12139,2,-432763148,144254383,135024400,True
61,199,12139,5,-3029342042,144254383,135024400,True
61,199,12139,7,-6202938468,144254383,135024400,True
61,211,12871,0,-162222570,162222571,151979584,True
61,211,12871,1,-162222570,162222571,151979584,True
61,211,12871,2,-486667712,162222571,151979584,True
61,211,12871,5,-3406673990,162222571,151979584,True
61,211,12871,7,-6975570552,162222571,151979584,True
61,223,13603,0,-181245126,181245127,169937296,True
61,223,13603,1,-181245126,181245127,169937296,True
61,223,13603,2,-543735380,181245127,169937296,True
61,223,13603,5,-3806147666,181245127,169937296,True
61,223,13603,7,-7793540460,181245127,169937296,True
61,227,13847,0,-187820282,187820283,176145984,True
61,227,13847,1,-187820282,187820283,176145984,True
61,227,13847,2,-563460848,187820283,176145984,True
61,227,13847,5,-3944225942,187820283,176145984,True
61,227,13847,7,-8076272168,187820283,176145984,True
61,229,13969,0,-191151792,191151793,179292100,True
61,229,13969,1,-191151792,191151793,179292100,True
61,229,13969,2,-573455378,191151793,179292100,True
61,229,13969,5,-4014187652,191151793,179292100,True
61,229,13969,7,-8219527098,191151793,179292100,True
61,233,14213,0,-197902676,197902677,185667876,True
61,233,14213,1,-197902676,197902677,185667876,True
61,233,14213,2,-593708030,197902677,185667876,True
61,233,14213,5,-4155956216,197902677,185667876,True
61,233,14213,7,-8509815110,197902677,185667876,True
61,239,14579,0,-208248662,208248663,195440400,True
61,239,14579,1,-208248662,208248663,195440400,True
61,239,14579,2,-624745988,208248663,195440400,True
61,239,14579,5,-4373221922,208248663,195440400,True
61,239,14579,7,-8954692508,208248663,195440400,True
61,241,14701,0,-211755900,211755901,198753604,True
61,241,14701,1,-211755900,211755901,198753604,True
61,241,14701,2,-635267702,211755901,198753604,True
61,241,14701,5,-4446873920,211755901,198753604,True
61,241,14701,7,-9105503742,211755901,198753604,True
61,251,15311,0,-229731410,229731411,215737344,True
61,251,15311,1,-229731410,229731411,215737344,True
61,251,15311,2,-689194232,229731411,215737344,True
61,251,15311,5,-4824359630,229731411,215737344,True
61,251,15311,7,-9878450672,229731411,215737344,True
61,257,15677,0,-240868172,240868173,226261764,True
61,257,15677,1,-240868172,240868173,226261764,True
61,257,15677,2,-722604518,240868173,226261764,True
61,257,15677,5,-5058231632,240868173,226261764,True
61,257,15677,7,-10357331438,240868173,226261764,True
61,263,16043,0,-252268526,252268527,237036816,True
61,263,16043,1,-252268526,252268527,237036816,True
61,263,16043,2,-756805580,252268527,237036816,True
61,263,16043,5,-5297639066,252268527,237036816,True
61,263,16043,7,-10847546660,252268527,237036816,True
61,269,16409,0,-263932472,263932473,248062500,True
61,269,16409,1,-263932472,263932473,248062500,True
61,269,16409,2,-791797418,263932473,248062500,True
61,269,16409,5,-5542581932,263932473,248062500,True
61,269,16409,7,-11349096338,263932473,248062500,True
61,271,16531,0,-267879030,267879031,251793424,True
61,271,16531,1,-267879030,267879031,251793424,True
61,271,16531,2,-803637092,267879031,251793424,True
61,271,16531,5,-5625459650,267879031,251793424,True
61,271,16531,7,-11518798332,267879031,251793424,True
61,277,16897,0,-279894432,279894433,263153284,True
61,277,16897,1,-279894432,279894433,263153284,True
61,277,16897,2,-839683298,279894433,263153284,True
61,277,16897,5,-5877783092,279894433,263153284,True
61,277,16897,7,-12035460618,279894433,263153284,True
61,281,17141,0,-288051140,288051141,270865764,True
61,281,17141,1,-288051140,288051141,270865764,True
61,281,17141,2,-864153422,288051141,270865764,True
61,281,17141,5,-6049073960,288051141,270865764,True
61,281,17141,7,-12386199062,288051141,270865764,True
61,283,17263,0,-292173426,292173427,274763776,True
61,283,17263,1,-292173426,292173427,274763776,True
61,283,17263,2,-876520280,292173427,274763776,True
61,283,17263,5,-6135641966,292173427,274763776,True
61,283,17263,7,-12563457360,292173427,274763776,True
61,293,17873,0,-313224176,313224177,294671556,True
61,293,17873,1,-313224176,313224177,294671556,True
61,293,17873,2,-939672530,313224177,294671556,True
61,293,17873,5,-6577707716,313224177,294671556,True
61,293,17873,7,-13468639610,313224177,294671556,True
67,71,4757,0,-21986732,21986733,20088324,True
67,71,4757,1,-21986732,21986733,20088324,True
67,71,4757,2,-65960198,21986733,20088324,True
67,71,4757,5,-461721392,21986733,20088324,True
67,71,4757,7,-945429518,21986733,20088324,True
67,73,4891,0,-23251710,23251711,21270544,True
67,73,4891,1,-23251710,23251711,21270544,True
67,73,4891,2,-69755132,23251711,21270544,True
67,73,4891,5,-488285930,23251711,21270544,True
67,73,4891,7,-999823572,23251711,21270544,True
67,79,5293,0,-27258948,27258949,25020004,True
67,79,5293,1,-27258948,27258949,25020004,True
67,79,5293,2,-81776846,27258949,25020004,True
67,79,5293,5,-572437928,27258949,25020004,True
67,79,5293,7,-1172134806,27258949,25020004,True
67,83,5561,0,-30107360,30107361,27688644,True
67,83,5561,1,-30107360,30107361,27688644,True
67,83,5561,2,-90322082,30107361,27688644,True
67,83,5561,5,-632254580,30107361,27688644,True
67,83,5561,7,-1294616522,30107361,27688644,True
67,89,5963,0,-34645358,34645359,31945104,True
67,89,5963,1,-34645358,34645359,31945104,True
67,89,5963,2,-103936076,34645359,31945104,True
67,89,5963,5,-727552538,34645359,31945104,True
67,89,5963,7,-1489750436,34645359,31945104,True
67,97,6499,0,-41191398,41191399,38093584,True
67,97,6499,1,-41191398,41191399,38093584,True
67,97,6499,2,-123574196,41191399,38093584,True
67,97,6499,5,-865019378,41191399,38093584,True
67,97,6499,7,-1771230156,41191399,38093584,True
67,101,6767,0,-44676722,44676723,41370624,True
67,101,6767,1,-44676722,44676723,41370624,True
67,101,6767,2,-134030168,44676723,41370624,True
67,101,6767,5,-938211182,44676723,41370624,True
67,101,6767,7,-1921099088,44676723,41370624,True
67,103,6901,0,-46472460,46472461,43059844,True
67,103,6901,1,-46472460,46472461,43059844,True
67,103,6901,2,-139417382,46472461,43059844,True
67,103,6901,5,-975921680,46472461,43059844,True
67,103,6901,7,-1998315822,46472461,43059844,True
67,107,7169,0,-50170088,50170089,46539684,True
67,107,7169,1,-50170088,50170089,46539684,True
67,107,7169,2,-150510266,50170089,46539684,True
67,107,7169,5,-1053571868,50170089,46539684,True
67,107,7169,7,-2157313826,50170089,46539684,True
67,109,7303,0,-52071978,52071979,48330304,True
67,109,7303,1,-52071978,52071979,48330304,True
67,109,7303,2,-156215936,52071979,48330304,True
67,109,7303,5,-1093511558,52071979,48330304,True
67,109,7303,7,-2239095096,52071979,48330304,True
67,113,7571,0,-55981910,55981911,52012944,True
67,113,7571,1,-55981910,55981911,52012944,True
67,113,7571,2,-167945732,55981911,52012944,True
67,113,7571,5,-1175620130,55981911,52012944,True
67,113,7571,7,-2407222172,55981911,52012944,True
67,127,8509,0,-70781268,70781269,65966884,True
67,127,8509,1,-70781268,70781269,65966884,True
67,127,8509,2,-212343806,70781269,65966884,True
67,127,8509,5,-1486406648,70781269,65966884,True
67,127,8509,7,-3043594566,70781269,65966884,True
67,131,8777,0,-75328112,75328113,70257924,True
67,131,8777,1,-75328112,75328113,70257924,True
67,131,8777,2,-225984338,75328113,70257924,True
67,131,8777,5,-1581890372,75328113,70257924,True
67,131,8777,7,-3239108858,75328113,70257924,True
67,137,9179,0,-82413758,82413759,76947984,True
67,137,9179,1,-82413758,82413759,76947984,True
67,137,9179,2,-247241276,82413759,76947984,True
67,137,9179,5,-1730688938,82413759,76947984,True
67,137,9179,7,-3543791636,82413759,76947984,True
67,139,9313,0,-84846408,84846409,79245604,True
67,139,9313,1,-84846408,84846409,79245604,True
67,139,9313,2,-254539226,84846409,79245604,True
67,139,9313,5,-1781774588,84846409,79245604,True
67,139,9313,7,-3648395586,84846409,79245604,True
67,149,9983,0,-97540418,97540419,91240704,True
67,149,9983,1,-97540418,97540419,91240704,True
67,149,9983,2,-292621256,97540419,91240704,True
67,149,9983,5,-2048348798,97540419,91240704,True
67,149,9983,7,-4194238016,97540419,91240704,True
67,151,10117,0,-100185372,100185373,93741124,True
67,151,10117,1,-100185372,100185373,93741124,True
67,151,10117,2,-300556118,100185373,93741124,True
67,151,10117,5,-2103892832,100185373,93741124,True
67,151,10117,7,-4307971038,100185373,93741124,True
67,157,10519,0,-108332538,108332539,101445184,True
67,157,10519,1,-108332538,108332539,101445184,True
67,157,10519,2,-324997616,108332539,101445184,True
67,157,10519,5,-2274983318,108332539,101445184,True
67,157,10519,7,-4658299176,108332539,101445184,True
67,163,10921,0,-116798160,116798161,109453444,True
67,163,10921,1,-116798160,116798161,109453444,True
67,163,10921,2,-350394482,116798161,109453444,True
67,163,10921,5,-2452761380,116798161,109453444,True
67,163,10921,7,-5022320922,116798161,109453444,True
67,167,11189,0,-122618828,122618829,114961284,True
67,167,11189,1,-122618828,122618829,114961284,True
67,167,11189,2,-367856486,122618829,114961284,True
67,167,11189,5,-2574995408,122618829,114961284,True
67,167,11189,7,-5272609646,122618829,114961284,True
67,173,11591,0,-131615210,131615211,123476544,True
67,173,11591,1,-131615210,131615211,123476544,True
67,173,11591,2,-394845632,131615211,123476544,True
67,173,11591,5,-2763919430,131615211,123476544,True
67,173,11591,7,-5659454072,131615211,123476544,True
67,179,11993,0,-140930048,140930049,132296004,True
67,179,11993,1,-140930048,140930049,132296004,True
67,179,11993,2,-422790146,140930049,132296004,True
67,179,11993,5,-2959531028,140930049,132296004,True
67,179,11993,7,-6059992106,140930049,132296004,True
67,181,12127,0,-144105762,144105763,135303424,True
67,181,12127,1,-144105762,144105763,135303424,True
67,181,12127,2,-432317288,144105763,135303424,True
67,181,12127,5,-3026221022,144105763,135303424,True
67,181,12127,7,-6196547808,144105763,135303424,True
67,191,12797,0,-160515092,160515093,150847524,True
67,191,12797,1,-160515092,160515093,150847524,True
67,191,12797,2,-481545278,160515093,150847524,True
67,191,12797,5,-3370816952,160515093,150847524,True
67,191,12797,7,-6902148998,160515093,150847524,True
67,193,12931,0,-163903110,163903111,154057744,True
67,193,12931,1,-163903110,163903111,154057744,True
67,193,12931,2,-491709332,163903111,154057744,True
67,193,12931,5,-3441965330,163903111,154057744,True
67,193,12931,7,-7047833772,163903111,154057744,True
67,197,13199,0,-170785298,170785299,160579584,True
67,197,13199,1,-170785298,170785299,160579584,True
67,197,13199,2,-512355896,170785299,160579584,True
67,197,13199,5,-3586491278,170785299,160579584,True
67,197,13199,7,-7343767856,170785299,160579584,True
67,199,13333,0,-174279468,174279469,163891204,True
67,199,13333,1,-174279468,174279469,163891204,True
67,199,13333,2,-522838406,174279469,163891204,True
67,199,13333,5,-3659868848,174279469,163891204,True
67,199,13333,7,-7494017166,174279469,163891204,True
67,211,14137,0,-195987552,195987553,184470724,True
67,211,14137,1,-195987552,195987553,184470724,True
67,211,14137,2,-587962658,195987553,184470724,True
67,211,14137,5,-4115738612,195987553,184470724,True
67,211,14137,7,-8427464778,195987553,184470724,True
67,223,14941,0,-218969460,218969461,206267044,True
67,223,14941,1,-218969460,218969461,206267044,True
67,223,14941,2,-656908382,218969461,206267044,True
67,223,14941,5,-4598358680,218969461,206267044,True
67,223,14941,7,-9415686822,218969461,206267044,True
67,227,15209,0,-226913168,226913169,213802884,True
67,227,15209,1,-226913168,226913169,213802884,True
67,227,15209,2,-680739506,226913169,213802884,True
67,227,15209,5,-4765176548,226913169,213802884,True
67,227,15209,7,-9757266266,226913169,213802884,True
67,229,15343,0,-230938098,230938099,217621504,True
67,229,15343,1,-230938098,230938099,217621504,True
67,229,15343,2,-692814296,230938099,217621504,True
67,229,15343,5,-4849700078,230938099,217621504,True
67,229,15343,7,-9930338256,230938099,217621504,True
67,233,15611,0,-239094110,239094111,225360144,True
67,233,15611,1,-239094110,239094111,225360144,True
67,233,15611,2,-717282332,239094111,225360144,True
67,233,15611,5,-5020976330,239094111,225360144,True
67,233,15611,7,-10281046772,239094111,225360144,True
67,239,16013,0,-251593508,251593509,237221604,True
67,239,16013,1,-251593508,251593509,237221604,True
67,239,16013,2,-754780526,251593509,237221604,True
67,239,16013,5,-5283463688,251593509,237221604,True
67,239,16013,7,-10818520886,251593509,237221604,True
67,241,16147,0,-255830742,255830743,241243024,True
67,241,16147,1,-255830742,255830743,241243024,True
67,241,16147,2,-767492228,255830743,241243024,True
67,241,16147,5,-5372445602,255830743,241243024,True
67,241,16147,7,-11000721948,255830743,241243024,True
67,251,16817,0,-277547672,277547673,261857124,True
67,251,16817,1,-277547672,277547673,261857124,True
67,251,16817,2,-832643018,277547673,261857124,True
67,251,16817,5,-5828501132,277547673,261857124,True
67,251,16817,7,-11934549938,277547673,261857124,True
67,257,17219,0,-291002438,291002439,274631184,True
67,257,17219,1,-291002438,291002439,274631184,True
67,257,17219,2,-873007316,291002439,274631184,True
67,257,17219,5,-6111051218,291002439,274631184,True
67,257,17219,7,-12513104876,291002439,274631184,True
67,263,17621,0,-304775660,304775661,287709444,True
67,263,17621,1,-304775660,304775661,287709444,True
67,263,17621,2,-914326982,304775661,287709444,True
67,263,17621,5,-6400288880,304775661,287709444,True
67,263,17621,7,-13105353422,304775661,287709444,True
67,269,18023,0,-318867338,318867339,301091904,True
67,269,18023,1,-318867338,318867339,301091904,True
67,269,18023,2,-956602016,318867339,301091904,True
67,269,18023,5,-6696214118,318867339,301091904,True
67,269,18023,7,-13711295576,318867339,301091904,True
67,271,18157,0,-323635332,323635333,305620324,True
67,271,18157,1,-323635332,323635333,305620324,True
67,271,18157,2,-970905998,323635333,305620324,True
67,271,18157,5,-6796341992,323635333,305620324,True
67,271,18157,7,-13916319318,323635333,305620324,True
67,277,18559,0,-338151618,338151619,319408384,True
67,277,18559,1,-338151618,338151619,319408384,True
67,277,18559,2,-1014454856,338151619,319408384,True
67,277,18559,5,-7101183998,338151619,319408384,True
67,277,18559,7,-14540519616,338151619,319408384,True
67,281,18827,0,-348006062,348006063,328769424,True
67,281,18827,1,-348006062,348006063,328769424,True
67,281,18827,2,-1044018188,348006063,328769424,True
67,281,18827,5,-7308127322,348006063,328769424,True
67,281,18827,7,-14964260708,348006063,328769424,True
67,283,18961,0,-352986360,352986361,333500644,True
67,283,18961,1,-352986360,352986361,333500644,True
67,283,18961,2,-1058959082,352986361,333500644,True
67,283,18961,5,-7412713580,352986361,333500644,True
67,283,18961,7,-15178413522,352986361,333500644,True
67,293,19631,0,-378418610,378418611,357663744,True
67,293,19631,1,-378418610,378418611,357663744,True
67,293,19631,2,-1135255832,378418611,357663744,True
67,293,19631,5,-7946790830,378418611,357663744,True
67,293,19631,7,-16272000272,378418611,357663744,True
71,73,5183,0,-26132546,26132547,23970816,True
71,73,5183,1,-26132546,26132547,23970816,True
71,73,5183,2,-78397640,26132547,23970816,True
71,73,5183,5,-548783486,26132547,23970816,True
71,73,5183,7,-1123699520,26132547,23970816,True
71,79,5609,0,-30636272,30636273,28196100,True
71,79,5609,1,-30636272,30636273,28196100,True
71,79,5609,2,-91908818,30636273,28196100,True
71,79,5609,5,-643361732,30636273,28196100,True
71,79,5609,7,-1317359738,30636273,28196100,True
71,83,5893,0,-33837596,33837597,31203396,True
71,83,5893,1,-33837596,33837597,31203396,True
71,83,5893,2,-101512790,33837597,31203396,True
71,83,5893,5,-710589536,33837597,31203396,True
71,83,5893,7,-1455016670,33837597,31203396,True
71,89,6319,0,-38937842,38937843,36000000,True
71,89,6319,1,-38937842,38937843,36000000,True
71,89,6319,2,-116813528,38937843,36000000,True
71,89,6319,5,-817694702,38937843,36000000,True
71,89,6319,7,-1674327248,38937843,36000000,True
71,97,6887,0,-46294922,46294923,42928704,True
71,97,6887,1,-46294922,46294923,42928704,True
71,97,6887,2,-138884768,46294923,42928704,True
71,97,6887,5,-972193382,46294923,42928704,True
71,97,6887,7,-1990681688,46294923,42928704,True
71,101,7171,0,-50212070,50212071,46621584,True
71,101,7171,1,-50212070,50212071,46621584,True
71,101,7171,2,-150636212,50212071,46621584,True
71,101,7171,5,-1054453490,50212071,46621584,True
71,101,7171,7,-2159119052,50212071,46621584,True
71,103,7313,0,-52230296,52230297,48525156,True
71,103,7313,1,-52230296,52230297,48525156,True
71,103,7313,2,-156690890,52230297,48525156,True
71,103,7313,5,-1096836236,52230297,48525156,True
71,103,7313,7,-2245902770,52230297,48525156,True
71,107,7597,0,-56386052,56386053,52446564,True
71,107,7597,1,-56386052,56386053,52446564,True
71,107,7597,2,-169158158,56386053,52446564,True
71,107,7597,5,-1184107112,56386053,52446564,True
71,107,7597,7,-2424600278,56386053,52446564,True
71,109,7739,0,-58523582,58523583,54464400,True
71,109,7739,1,-58523582,58523583,54464400,True
71,109,7739,2,-175570748,58523583,54464400,True
71,109,7739,5,-1228995242,58523583,54464400,True
71,109,7739,7,-2516514068,58523583,54464400,True
71,113,8023,0,-62917946,62917947,58614336,True
71,113,8023,1,-62917946,62917947,58614336,True
71,113,8023,2,-188753840,62917947,58614336,True
71,113,8023,5,-1321276886,62917947,58614336,True
71,113,8023,7,-2705471720,62917947,58614336,True
71,127,9017,0,-79550912,79550913,74338884,True
71,127,9017,1,-79550912,79550913,74338884,True
71,127,9017,2,-238652738,79550913,74338884,True
71,127,9017,5,-1670569172,79550913,74338884,True
71,127,9017,7,-3420689258,79550913,74338884,True
71,131,9301,0,-84661100,84661101,79174404,True
71,131,9301,1,-84661100,84661101,79174404,True
71,131,9301,2,-253983302,84661101,79174404,True
71,131,9301,5,-1777883120,84661101,79174404,True
71,131,9301,7,-3640427342,84661101,79174404,True
71,137,9727,0,-92624642,92624643,86713344,True
71,137,9727,1,-92624642,92624643,86713344,True
71,137,9727,2,-277873928,92624643,86713344,True
71,137,9727,5,-1945117502,92624643,86713344,True
71,137,9727,7,-3982859648,92624643,86713344,True
71,139,9869,0,-95358692,95358693,89302500,True
71,139,9869,1,-95358692,95358693,89302500,True
71,139,9869,2,-286076078,95358693,89302500,True
71,139,9869,5,-2002532552,95358693,89302500,True
71,139,9869,7,-4100423798,95358693,89302500,True
71,149,10579,0,-109625462,109625463,102819600,True
71,149,10579,1,-109625462,109625463,102819600,True
71,149,10579,2,-328876388,109625463,102819600,True
71,149,10579,5,-2302134722,109625463,102819600,True
71,149,10579,7,-4713894908,109625463,102819600,True
71,151,10721,0,-112598120,112598121,105637284,True
71,151,10721,1,-112598120,112598121,105637284,True
71,151,10721,2,-337794362,112598121,105637284,True
71,151,10721,5,-2364560540,112598121,105637284,True
71,151,10721,7,-4841719202,112598121,105637284,True
71,157,11147,0,-121754702,121754703,114318864,True
71,157,11147,1,-121754702,121754703,114318864,True
71,157,11147,2,-365264108,121754703,114318864,True
71,157,11147,5,-2556848762,121754703,114318864,True
71,157,11147,7,-5235452228,121754703,114318864,True
71,163,11573,0,-131269196,131269197,123343236,True
71,163,11573,1,-131269196,131269197,123343236,True
71,163,11573,2,-393807590,131269197,123343236,True
71,163,11573,5,-2756653136,131269197,123343236,True
71,163,11573,7,-5644575470,131269197,123343236,True
71,167,11857,0,-137811032,137811033,129549924,True
71,167,11857,1,-137811032,137811033,129549924,True
71,167,11857,2,-413433098,137811033,129549924,True
71,167,11857,5,-2894031692,137811033,129549924,True
71,167,11857,7,-5925874418,137811033,129549924,True
71,173,12283,0,-147922046,147922047,139145616,True
71,173,12283,1,-147922046,147922047,139145616,True
71,173,12283,2,-443766140,147922047,139145616,True
71,173,12283,5,-3106362986,147922047,139145616,True
71,173,12283,7,-6360648020,147922047,139145616,True
71,179,12709,0,-158390972,158390973,149084100,True
71,179,12709,1,-158390972,158390973,149084100,True
71,179,12709,2,-475172918,158390973,149084100,True
71,179,12709,5,-3326210432,158390973,149084100,True
71,179,12709,7,-6810811838,158390973,149084100,True
71,181,12851,0,-161960150,161960151,152473104,True
71,181,12851,1,-161960150,161960151,152473104,True
71,181,12851,2,-485880452,161960151,152473104,True
71,181,12851,5,-3401163170,161960151,152473104,True
71,181,12851,7,-6964286492,161960151,152473104,True
71,191,13561,0,-180402560,180402561,169989444,True
71,191,13561,1,-180402560,180402561,169989444,True
71,191,13561,2,-541207682,180402561,169989444,True
71,191,13561,5,-3788453780,180402561,169989444,True
71,191,13561,7,-7757310122,180402561,169989444,True
71,193,13703,0,-184210346,184210347,173606976,True
71,193,13703,1,-184210346,184210347,173606976,True
71,193,13703,2,-552631040,184210347,173606976,True
71,193,13703,5,-3868417286,184210347,173606976,True
71,193,13703,7,-7921044920,184210347,173606976,True
71,197,13987,0,-191945222,191945223,180956304,True
71,197,13987,1,-191945222,191945223,180956304,True
71,197,13987,2,-575835668,191945223,180956304,True
71,197,13987,5,-4030849682,191945223,180956304,True
71,197,13987,7,-8253644588,191945223,180956304,True
71,199,14129,0,-195872312,195872313,184688100,True
71,199,14129,1,-195872312,195872313,184688100,True
71,199,14129,2,-587616938,195872313,184688100,True
71,199,14129,5,-4113318572,195872313,184688100,True
71,199,14129,7,-8422509458,195872313,184688100,True
71,211,14981,0,-220269980,220269981,207878724,True
71,211,14981,1,-220269980,220269981,207878724,True
71,211,14981,2,-660809942,220269981,207878724,True
71,211,14981,5,-4625669600,220269981,207878724,True
71,211,14981,7,-9471609182,220269981,207878724,True
71,223,15833,0,-246099296,246099297,232440516,True
71,223,15833,1,-246099296,246099297,232440516,True
71,223,15833,2,-738297890,246099297,232440516,True
71,223,15833,5,-5168085236,246099297,232440516,True
71,223,15833,7,-10582269770,246099297,232440516,True
71,227,16117,0,-255027212,255027213,240932484,True
71,227,16117,1,-255027212,255027213,240932484,True
71,227,16117,2,-765081638,255027213,240932484,True
71,227,16117,5,-5355571472,255027213,240932484,True
71,227,16117,7,-10966170158,255027213,240932484,True
71,229,16259,0,-259550822,259550823,245235600,True
71,229,16259,1,-259550822,259550823,245235600,True
71,229,16259,2,-778652468,259550823,245235600,True
71,229,16259,5,-5450567282,259550823,245235600,True
71,229,16259,7,-11160685388,259550823,245235600,True
71,233,16543,0,-268717346,268717347,253956096,True
71,233,16543,1,-268717346,268717347,253956096,True
71,233,16543,2,-806152040,268717347,253956096,True
71,233,16543,5,-5643064286,268717347,253956096,True
71,233,16543,7,-11554845920,268717347,253956096,True
71,239,16969,0,-282765392,282765393,267322500,True
71,239,16969,1,-282765392,282765393,267322500,True
71,239,16969,2,-848296178,282765393,267322500,True
71,239,16969,5,-5938073252,282765393,267322500,True
71,239,16969,7,-12158911898,282765393,267322500,True
71,241,17111,0,-287527610,287527611,271854144,True
71,241,17111,1,-287527610,287527611,271854144,True
71,241,17111,2,-862582832,287527611,271854144,True
71,241,17111,5,-6038079830,287527611,271854144,True
71,241,17111,7,-12363687272,287527611,271854144,True
71,251,17821,0,-311935220,311935221,295083684,True
71,251,17821,1,-311935220,311935221,295083684,True
71,251,17821,2,-935805662,311935221,295083684,True
71,251,17821,5,-6550639640,311935221,295083684,True
71,251,17821,7,-13413214502,311935221,295083684,True
71,257,18247,0,-327057002,327057003,309478464,True
71,257,18247,1,-327057002,327057003,309478464,True
71,257,18247,2,-981171008,327057003,309478464,True
71,257,18247,5,-6868197062,327057003,309478464,True
71,257,18247,7,-14063451128,327057003,309478464,True
71,263,18673,0,-342536696,342536697,324216036,True
71,263,18673,1,-342536696,342536697,324216036,True
71,263,18673,2,-1027610090,342536697,324216036,True
71,263,18673,5,-7193270636,342536697,324216036,True
71,263,18673,7,-14729077970,342536697,324216036,True
71,269,19099,0,-358374302,358374303,339296400,True
71,269,19099,1,-358374302,358374303,339296400,True
71,269,19099,2,-1075122908,358374303,339296400,True
71,269,19099,5,-7525860362,358374303,339296400,True
71,269,19099,7,-15410095028,358374303,339296400,True
71,271,19241,0,-363733040,363733041,344399364,True
71,271,19241,1,-363733040,363733041,344399364,True
71,271,19241,2,-1091199122,363733041,344399364,True
71,271,19241,5,-7638393860,363733041,344399364,True
71,271,19241,7,-15640520762,363733041,344399364,True
71,277,19667,0,-380047862,380047863,359936784,True
71,277,19667,1,-380047862,380047863,359936784,True
71,277,19667,2,-1140143588,380047863,359936784,True
71,277,19667,5,-7981005122,380047863,359936784,True
71,277,19667,7,-16342058108,380047863,359936784,True
71,281,19951,0,-391123250,391123251,370485504,True
71,281,19951,1,-391123250,391123251,370485504,True
71,281,19951,2,-1173369752,391123251,370485504,True
71,281,19951,5,-8213588270,391123251,370485504,True
71,281,19951,7,-16818299792,391123251,370485504,True
71,283,20093,0,-396720596,396720597,375816996,True
71,283,20093,1,-396720596,396720597,375816996,True
71,283,20093,2,-1190161790,396720597,375816996,True
71,283,20093,5,-8331132536,396720597,375816996,True
71,283,20093,7,-17058985670,396720597,375816996,True
71,293,20803,0,-425303846,425303847,403045776,True
71,293,20803,1,-425303846,425303847,403045776,True
71,293,20803,2,-1275911540,425303847,403045776,True
71,293,20803,5,-8931380786,425303847,403045776,True
71,293,20803,7,-18288065420,425303847,403045776,True
73,79,5767,0,-32398890,32398891,29855296,True
73,79,5767,1,-32398890,32398891,29855296,True
73,79,5767,2,-97196672,32398891,29855296,True
73,79,5767,5,-680376710,32398891,29855296,True
73,79,5767,7,-1393152312,32398891,29855296,True
73,83,6059,0,-35784398,35784399,33039504,True
73,83,6059,1,-35784398,35784399,33039504,True
73,83,6059,2,-107353196,35784399,33039504,True
73,83,6059,5,-751472378,35784399,33039504,True
73,83,6059,7,-1538729156,35784399,33039504,True
73,89,6497,0,-41178080,41178081,38118276,True
73,89,6497,1,-41178080,41178081,38118276,True
73,89,6497,2,-123534242,41178081,38118276,True
73,89,6497,5,-864739700,41178081,38118276,True
73,89,6497,7,-1770657482,41178081,38118276,True
73,97,7081,0,-48958440,48958441,45454564,True
73,97,7081,1,-48958440,48958441,45454564,True
73,97,7081,2,-146875322,48958441,45454564,True
73,97,7081,5,-1028127260,48958441,45454564,True
73,97,7081,7,-2105212962,48958441,45454564,True
73,101,7373,0,-53100956,53100957,49364676,True
73,101,7373,1,-53100956,53100957,49364676,True
73,101,7373,2,-159302870,53100957,49364676,True
73,101,7373,5,-1115120096,53100957,49364676,True
73,101,7373,7,-2283341150,53100957,49364676,True
73,103,7519,0,-55235298,55235299,51380224,True
73,103,7519,1,-55235298,55235299,51380224,True
73,103,7519,2,-165705896,55235299,51380224,True
73,103,7519,5,-1159941278,55235299,51380224,True
73,103,7519,7,-2375117856,55235299,51380224,True
73,107,7811,0,-59630150,59630151,55532304,True
73,107,7811,1,-59630150,59630151,55532304,True
73,107,7811,2,-178890452,59630151,55532304,True
73,107,7811,5,-1252233170,59630151,55532304,True
73,107,7811,7,-2564096492,59630151,55532304,True
73,109,7957,0,-61890660,61890661,57668836,True
73,109,7957,1,-61890660,61890661,57668836,True
73,109,7957,2,-185671982,61890661,57668836,True
73,109,7957,5,-1299703880,61890661,57668836,True
73,109,7957,7,-2661298422,61890661,57668836,True
73,113,8249,0,-66537848,66537849,62062884,True
73,113,8249,1,-66537848,66537849,62062884,True
73,113,8249,2,-199613546,66537849,62062884,True
73,113,8249,5,-1397294828,66537849,62062884,True
73,113,8249,7,-2861127506,66537849,62062884,True
73,127,9271,0,-84127770,84127771,78712384,True
73,127,9271,1,-84127770,84127771,78712384,True
73,127,9271,2,-252383312,84127771,78712384,True
73,127,9271,5,-1766683190,84127771,78712384,True
73,127,9271,7,-3617494152,84127771,78712384,True
73,131,9563,0,-89531966,89531967,83832336,True
73,131,9563,1,-89531966,89531967,83832336,True
73,131,9563,2,-268595900,89531967,83832336,True
73,131,9563,5,-1880171306,89531967,83832336,True
73,131,9563,7,-3849874580,89531967,83832336,True
73,137,10001,0,-97953680,97953681,91814724,True
73,137,10001,1,-97953680,97953681,91814724,True
73,137,10001,2,-293861042,97953681,91814724,True
73,137,10001,5,-2057027300,97953681,91814724,True
73,137,10001,7,-4212008282,97953681,91814724,True
73,139,10147,0,-100845030,100845031,94556176,True
73,139,10147,1,-100845030,100845031,94556176,True
73,139,10147,2,-302535092,100845031,94556176,True
73,139,10147,5,-2117745650,100845031,94556176,True
73,139,10147,7,-4336336332,100845031,94556176,True
73,149,10877,0,-115932620,115932621,108868356,True
73,149,10877,1,-115932620,115932621,108868356,True
73,149,10877,2,-347797862,115932621,108868356,True
73,149,10877,5,-2434585040,115932621,108868356,True
73,149,10877,7,-4985102702,115932621,108868356,True
73,151,11023,0,-119076306,119076307,111851776,True
73,151,11023,1,-119076306,119076307,111851776,True
73,151,11023,2,-357228920,119076307,111851776,True
73,151,11023,5,-2500602446,119076307,111851776,True
73,151,11023,7,-5120281200,119076307,111851776,True
73,157,11461,0,-128759700,128759701,121044004,True
73,157,11461,1,-128759700,128759701,121044004,True
73,157,11461,2,-386279102,128759701,121044004,True
73,157,11461,5,-2703953720,128759701,121044004,True
73,157,11461,7,-5536667142,128759701,121044004,True
73,163,11899,0,-138821598,138821599,130599184,True
73,163,11899,1,-138821598,138821599,130599184,True
73,163,11899,2,-416464796,138821599,130599184,True
73,163,11899,5,-2915253578,138821599,130599184,True
73,163,11899,7,-5969328756,138821599,130599184,True
73,167,12191,0,-145739810,145739811,137170944,True
73,167,12191,1,-145739810,145739811,137170944,True
73,167,12191,2,-437219432,145739811,137170944,True
73,167,12191,5,-3060536030,145739811,137170944,True
73,167,12191,7,-6266811872,145739811,137170944,True
73,173,12629,0,-156432548,156432549,147331044,True
73,173,12629,1,-156432548,156432549,147331044,True
73,173,12629,2,-469297646,156432549,147331044,True
73,173,12629,5,-3285083528,156432549,147331044,True
73,173,12629,7,-6726599606,156432549,147331044,True
73,179,13067,0,-167503790,167503791,157854096,True
73,179,13067,1,-167503790,167503791,157854096,True
73,179,13067,2,-502511372,167503791,157854096,True
73,179,13067,5,-3517579610,167503791,157854096,True
73,179,13067,7,-7202663012,167503791,157854096,True
73,181,13213,0,-171278316,171278317,161442436,True
73,181,13213,1,-171278316,171278317,161442436,True
73,181,13213,2,-513834950,171278317,161442436,True
73,181,13213,5,-3596844656,171278317,161442436,True
73,181,13213,7,-7364967630,171278317,161442436,True
73,191,13943,0,-190781786,190781787,179989056,True
73,191,13943,1,-190781786,190781787,179989056,True
73,191,13943,2,-572345360,190781787,179989056,True
73,191,13943,5,-4006417526,190781787,179989056,True
73,191,13943,7,-8203616840,190781787,179989056,True
73,193,14089,0,-194808648,194808649,183819364,True
73,193,14089,1,-194808648,194808649,183819364,True
73,193,14089,2,-584425946,194808649,183819364,True
73,193,14089,5,-4090981628,194808649,183819364,True
73,193,14089,7,-8376771906,194808649,183819364,True
73,197,14381,0,-202988540,202988541,191600964,True
73,197,14381,1,-202988540,202988541,191600964,True
73,197,14381,2,-608965622,202988541,191600964,True
73,197,14381,5,-4262759360,202988541,191600964,True
73,197,14381,7,-8728507262,202988541,191600964,True
73,199,14527,0,-207141570,207141571,195552256,True
73,199,14527,1,-207141570,207141571,195552256,True
73,199,14527,2,-621424712,207141571,195552256,True
73,199,14527,5,-4349972990,207141571,195552256,True
73,199,14527,7,-8907087552,207141571,195552256,True
73,211,15403,0,-232942926,232942927,220106896,True
73,211,15403,1,-232942926,232942927,220106896,True
73,211,15403,2,-698828780,232942927,220106896,True
73,211,15403,5,-4891801466,232942927,220106896,True
73,211,15403,7,-10016545860,232942927,220106896,True
73,223,16279,0,-260258298,260258299,246113344,True
73,223,16279,1,-260258298,260258299,246113344,True
73,223,16279,2,-780774896,260258299,246113344,True
73,223,16279,5,-5465424278,260258299,246113344,True
73,223,16279,7,-11191106856,260258299,246113344,True
73,227,16571,0,-269699870,269699871,255104784,True
73,227,16571,1,-269699870,269699871,255104784,True
73,227,16571,2,-809099612,269699871,255104784,True
73,227,16571,5,-5663697290,269699871,255104784,True
73,227,16571,7,-11597094452,269699871,255104784,True
73,229,16717,0,-274483740,274483741,259660996,True
73,229,16717,1,-274483740,274483741,259660996,True
73,229,16717,2,-823451222,274483741,259660996,True
73,229,16717,5,-5764158560,274483741,259660996,True
73,229,16717,7,-11802800862,274483741,259660996,True
73,233,17009,0,-284177648,284177649,268894404,True
73,233,17009,1,-284177648,284177649,268894404,True
73,233,17009,2,-852532946,284177649,268894404,True
73,233,17009,5,-5967730628,284177649,268894404,True
73,233,17009,7,-12219638906,284177649,268894404,True
73,239,17447,0,-299033930,299033931,283046976,True
73,239,17447,1,-299033930,299033931,283046976,True
73,239,17447,2,-897101792,299033931,283046976,True
73,239,17447,5,-6279712550,299033931,283046976,True
73,239,17447,7,-12858459032,299033931,283046976,True
73,241,17593,0,-304070136,304070137,287845156,True
73,241,17593,1,-304070136,304070137,287845156,True
73,241,17593,2,-912210410,304070137,287845156,True
73,241,17593,5,-6385472876,304070137,287845156,True
73,241,17593,7,-13075015890,304070137,287845156,True
73,251,18323,0,-329882006,329882007,312440976,True
73,251,18323,1,-329882006,329882007,312440976,True
73,251,18323,2,-989646020,329882007,312440976,True
73,251,18323,5,-6927522146,329882007,312440976,True
73,251,18323,7,-14184926300,329882007,312440976,True
73,257,18761,0,-345873800,345873801,327682404,True
73,257,18761,1,-345873800,345873801,327682404,True
73,257,18761,2,-1037621402,345873801,327682404,True
73,257,18761,5,-7263349820,345873801,327682404,True
73,257,18761,7,-14872573442,345873801,327682404,True
73,263,19199,0,-362244098,362244099,343286784,True
73,263,19199,1,-362244098,362244099,343286784,True
73,263,19199,2,-1086732296,362244099,343286784,True
73,263,19199,5,-7607126078,362244099,343286784,True
73,263,19199,7,-15576496256,362244099,343286784,True
73,269,19637,0,-378992900,378992901,359254116,True
73,269,19637,1,-378992900,378992901,359254116,True
73,269,19637,2,-1136978702,378992901,359254116,True
73,269,19637,5,-7958850920,378992901,359254116,True
73,269,19637,7,-16296694742,378992901,359254116,True
73,271,19783,0,-384659946,384659947,364657216,True
73,271,19783,1,-384659946,384659947,364657216,True
73,271,19783,2,-1153979840,384659947,364657216,True
73,271,19783,5,-8077858886,384659947,364657216,True
73,271,19783,7,-16540377720,384659947,364657216,True
73,277,20221,0,-401913420,401913421,381108484,True
73,277,20221,1,-401913420,401913421,381108484,True
73,277,20221,2,-1205740262,401913421,381108484,True
73,277,20221,5,-8440181840,401913421,381108484,True
73,277,20221,7,-17282277102,401913421,381108484,True
73,281,20513,0,-413626016,413626017,392277636,True
73,281,20513,1,-413626016,413626017,392277636,True
73,281,20513,2,-1240878050,413626017,392277636,True
73,281,20513,5,-8686146356,413626017,392277636,True
73,281,20513,7,-17785918730,413626017,392277636,True
73,283,20659,0,-419545398,419545399,397922704,True
73,283,20659,1,-419545398,419545399,397922704,True
73,283,20659,2,-1258636196,419545399,397922704,True
73,283,20659,5,-8810453378,419545399,397922704,True
73,283,20659,7,-18040452156,419545399,397922704,True
73,293,21389,0,-449773148,449773149,426752964,True
73,293,21389,1,-449773148,449773149,426752964,True
73,293,21389,2,-1349319446,449773149,426752964,True
73,293,21389,5,-9445236128,449773149,426752964,True
73,293,21389,7,-19340245406,449773149,426752964,True
79,83,6557,0,-41951540,41951541,38862756,True
79,83,6557,1,-41951540,41951541,38862756,True
79,83,6557,2,-125854622,41951541,38862756,True
79,83,6557,5,-880982360,41951541,38862756,True
79,83,6557,7,-1803916262,41951541,38862756,True
79,89,7031,0,-48274778,48274779,44836416,True
79,89,7031,1,-48274778,48274779,44836416,True
79,89,7031,2,-144824336,48274779,44836416,True
79,89,7031,5,-1013770358,48274779,44836416,True
79,89,7031,7,-2075815496,48274779,44836416,True
79,97,7663,0,-57396018,57396019,53465344,True
79,97,7663,1,-57396018,57396019,53465344,True
79,97,7663,2,-172188056,57396019,53465344,True
79,97,7663,5,-1205316398,57396019,53465344,True
79,97,7663,7,-2468028816,57396019,53465344,True
79,101,7979,0,-62252462,62252463,58064400,True
79,101,7979,1,-62252462,62252463,58064400,True
79,101,7979,2,-186757388,62252463,58064400,True
79,101,7979,5,-1307301722,62252463,58064400,True
79,101,7979,7,-2676855908,62252463,58064400,True
79,103,8137,0,-64754640,64754641,60435076,True
79,103,8137,1,-64754640,64754641,60435076,True
79,103,8137,2,-194263922,64754641,60435076,True
79,103,8137,5,-1359847460,64754641,60435076,True
79,103,8137,7,-2784449562,64754641,60435076,True
79,107,8453,0,-69906908,69906909,65318724,True
79,107,8453,1,-69906908,69906909,65318724,True
79,107,8453,2,-209720726,69906909,65318724,True
79,107,8453,5,-1468045088,69906909,65318724,True
79,107,8453,7,-3005997086,69906909,65318724,True
79,109,8611,0,-72556998,72556999,67831696,True
79,109,8611,1,-72556998,72556999,67831696,True
79,109,8611,2,-217670996,72556999,67831696,True
79,109,8611,5,-1523696978,72556999,67831696,True
79,109,8611,7,-3119950956,72556999,67831696,True
79,113,8927,0,-78005090,78005091,72999936,True
79,113,8927,1,-78005090,78005091,72999936,True
79,113,8927,2,-234015272,78005091,72999936,True
79,113,8927,5,-1638106910,78005091,72999936,True
79,113,8927,7,-3354218912,78005091,72999936,True
79,127,10033,0,-98626488,98626489,92582884,True
79,127,10033,1,-98626488,98626489,92582884,True
79,127,10033,2,-295879466,98626489,92582884,True
79,127,10033,5,-2071156268,98626489,92582884,True
79,127,10033,7,-4240939026,98626489,92582884,True
79,131,10349,0,-104962052,104962053,98604900,True
79,131,10349,1,-104962052,104962053,98604900,True
79,131,10349,2,-314886158,104962053,98604900,True
79,131,10349,5,-2204203112,104962053,98604900,True
79,131,10349,7,-4513368278,104962053,98604900,True
79,137,10823,0,-114835178,114835179,107993664,True
79,137,10823,1,-114835178,114835179,107993664,True
79,137,10823,2,-344505536,114835179,107993664,True
79,137,10823,5,-2411538758,114835179,107993664,True
79,137,10823,7,-4937912696,114835179,107993664,True
79,139,10981,0,-118224828,118224829,111218116,True
79,139,10981,1,-118224828,118224829,111218116,True
79,139,10981,2,-354674486,118224829,111218116,True
79,139,10981,5,-2482721408,118224829,111218116,True
79,139,10981,7,-5083667646,118224829,111218116,True
79,149,11771,0,-135912638,135912639,128051856,True
79,149,11771,1,-135912638,135912639,128051856,True
79,149,11771,2,-407737916,135912639,128051856,True
79,149,11771,5,-2854165418,135912639,128051856,True
79,149,11771,7,-5844243476,135912639,128051856,True
79,151,11929,0,-139598112,139598113,131560900,True
79,151,11929,1,-139598112,139598113,131560900,True
79,151,11929,2,-418794338,139598113,131560900,True
79,151,11929,5,-2931560372,139598113,131560900,True
79,151,11929,7,-6002718858,139598113,131560900,True
79,157,12403,0,-150950358,150950359,142372624,True
79,157,12403,1,-150950358,150950359,142372624,True
79,157,12403,2,-452851076,150950359,142372624,True
79,157,12403,5,-3169957538,150950359,142372624,True
79,157,12403,7,-6490865436,150950359,142372624,True
79,163,12877,0,-162746340,162746341,153611236,True
79,163,12877,1,-162746340,162746341,153611236,True
79,163,12877,2,-488239022,162746341,153611236,True
79,163,12877,5,-3417673160,162746341,153611236,True
79,163,12877,7,-6998092662,162746341,153611236,True
79,167,13193,0,-170856848,170856849,161340804,True
79,167,13193,1,-170856848,170856849,161340804,True
79,167,13193,2,-512570546,170856849,161340804,True
79,167,13193,5,-3587993828,170856849,161340804,True
79,167,13193,7,-7346844506,170856849,161340804,True
79,173,13667,0,-183392390,183392391,173290896,True
79,173,13667,1,-183392390,183392391,173290896,True
79,173,13667,2,-550177172,183392391,173290896,True
79,173,13667,5,-3851240210,183392391,173290896,True
79,173,13667,7,-7885872812,183392391,173290896,True
79,179,14141,0,-196371668,196371669,185667876,True
79,179,14141,1,-196371668,196371669,185667876,True
79,179,14141,2,-589115006,196371669,185667876,True
79,179,14141,5,-4123805048,196371669,185667876,True
79,179,14141,7,-8443981766,196371669,185667876,True
79,181,14299,0,-200796702,200796703,189888400,True
79,181,14299,1,-200796702,200796703,189888400,True
79,181,14299,2,-602390108,200796703,189888400,True
79,181,14299,5,-4216730762,200796703,189888400,True
79,181,14299,7,-8634258228,200796703,189888400,True
79,191,15089,0,-223661432,223661433,211702500,True
79,191,15089,1,-223661432,223661433,211702500,True
79,191,15089,2,-670984298,223661433,211702500,True
79,191,15089,5,-4696890092,223661433,211702500,True
79,191,15089,7,-9617441618,223661433,211702500,True
79,193,15247,0,-228382290,228382291,216207616,True
79,193,15247,1,-228382290,228382291,216207616,True
79,193,15247,2,-685146872,228382291,216207616,True
79,193,15247,5,-4796028110,228382291,216207616,True
79,193,15247,7,-9820438512,228382291,216207616,True
79,197,15563,0,-237971918,237971919,225360144,True
79,197,15563,1,-237971918,237971919,225360144,True
79,197,15563,2,-713915756,237971919,225360144,True
79,197,15563,5,-4997410298,237971919,225360144,True
79,197,15563,7,-10232792516,237971919,225360144,True
79,199,15721,0,-242840688,242840689,230007556,True
79,199,15721,1,-242840688,242840689,230007556,True
79,199,15721,2,-728522066,242840689,230007556,True
79,199,15721,5,-5099654468,242840689,230007556,True
79,199,15721,7,-10442149626,242840689,230007556,True
79,211,16669,0,-273088692,273088693,258888100,True
79,211,16669,1,-273088692,273088693,258888100,True
79,211,16669,2,-819266078,273088693,258888100,True
79,211,16669,5,-5734862552,273088693,258888100,True
79,211,16669,7,-11742813798,273088693,258888100,True
79,223,17617,0,-305111640,305111641,289476196,True
79,223,17617,1,-305111640,305111641,289476196,True
79,223,17617,2,-915334922,305111641,289476196,True
79,223,17617,5,-6407344460,305111641,289476196,True
79,223,17617,7,-13119800562,305111641,289476196,True
79,227,17933,0,-316180388,316180389,300051684,True
79,227,17933,1,-316180388,316180389,300051684,True
79,227,17933,2,-948541166,316180389,300051684,True
79,227,17933,5,-6639788168,316180389,300051684,True
79,227,17933,7,-13595756726,316180389,300051684,True
79,229,18091,0,-321788718,321788719,305410576,True
79,229,18091,1,-321788718,321788719,305410576,True
79,229,18091,2,-965366156,321788719,305410576,True
79,229,18091,5,-6757563098,321788719,305410576,True
79,229,18091,7,-13836914916,321788719,305410576,True
79,233,18407,0,-333153290,333153291,316270656,True
79,233,18407,1,-333153290,333153291,316270656,True
79,233,18407,2,-999459872,333153291,316270656,True
79,233,18407,5,-6996219110,333153291,316270656,True
79,233,18407,7,-14325591512,333153291,316270656,True
79,239,18881,0,-350569928,350569929,332916516,True
79,239,18881,1,-350569928,350569929,332916516,True
79,239,18881,2,-1051709786,350569929,332916516,True
79,239,18881,5,-7361968508,350569929,332916516,True
79,239,18881,7,-15074506946,350569929,332916516,True
79,241,19039,0,-356474082,356474083,338560000,True
79,241,19039,1,-356474082,356474083,338560000,True
79,241,19039,2,-1069422248,356474083,338560000,True
79,241,19039,5,-7485955742,356474083,338560000,True
79,241,19039,7,-15328385568,356474083,338560000,True
79,251,19829,0,-386734412,386734413,367488900,True
79,251,19829,1,-386734412,386734413,367488900,True
79,251,19829,2,-1160203238,386734413,367488900,True
79,251,19829,5,-8121422672,386734413,367488900,True
79,251,19829,7,-16629579758,386734413,367488900,True
79,257,20303,0,-405482258,405482259,385415424,True
79,257,20303,1,-405482258,405482259,385415424,True
79,257,20303,2,-1216446776,405482259,385415424,True
79,257,20303,5,-8515127438,405482259,385415424,True
79,257,20303,7,-17435737136,405482259,385415424,True
79,263,20777,0,-424673840,424673841,403768836,True
79,263,20777,1,-424673840,424673841,403768836,True
79,263,20777,2,-1274021522,424673841,403768836,True
79,263,20777,5,-8918150660,424673841,403768836,True
79,263,20777,7,-18260975162,424673841,403768836,True
79,269,21251,0,-444309158,444309159,422549136,True
79,269,21251,1,-444309158,444309159,422549136,True
79,269,21251,2,-1332927476,444309159,422549136,True
79,269,21251,5,-9330492338,444309159,422549136,True
79,269,21251,7,-19105293836,444309159,422549136,True
79,271,21409,0,-450952872,450952873,428904100,True
79,271,21409,1,-450952872,450952873,428904100,True
79,271,21409,2,-1352858618,450952873,428904100,True
79,271,21409,5,-9470010332,450952873,428904100,True
79,271,21409,7,-19390973538,450952873,428904100,True
79,277,21883,0,-471179838,471179839,448253584,True
79,277,21883,1,-471179838,471179839,448253584,True
79,277,21883,2,-1413539516,471179839,448253584,True
79,277,21883,5,-9894776618,471179839,448253584,True
79,277,21883,7,-20260733076,471179839,448253584,True
79,281,22199,0,-484911002,484911003,461390400,True
79,281,22199,1,-484911002,484911003,461390400,True
79,281,22199,2,-1454733008,484911003,461390400,True
79,281,22199,5,-10183131062,484911003,461390400,True
79,281,22199,7,-20851173128,484911003,461390400,True
79,283,22357,0,-491850540,491850541,468029956,True
79,283,22357,1,-491850540,491850541,468029956,True
79,283,22357,2,-1475551622,491850541,468029956,True
79,283,22357,5,-10328861360,491850541,468029956,True
79,283,22357,7,-21149573262,491850541,468029956,True
79,293,23147,0,-527287790,527287791,501939216,True
79,293,23147,1,-527287790,527287791,501939216,True
79,293,23147,2,-1581863372,527287791,501939216,True
79,293,23147,5,-11073043610,527287791,501939216,True
79,293,23147,7,-22673375012,527287791,501939216,True
83,89,7387,0,-53319230,53319231,49617936,True
83,89,7387,1,-53319230,53319231,49617936,True
83,89,7387,2,-159957692,53319231,49617936,True
83,89,7387,5,-1119703850,53319231,49617936,True
83,89,7387,7,-2292726932,53319231,49617936,True
83,97,8051,0,-63393590,63393591,59166864,True
83,97,8051,1,-63393590,63393591,59166864,True
83,97,8051,2,-190180772,63393591,59166864,True
83,97,8051,5,-1331265410,63393591,59166864,True
83,97,8051,7,-2725924412,63393591,59166864,True
83,101,8383,0,-68757506,68757507,64256256,True
83,101,8383,1,-68757506,68757507,64256256,True
83,101,8383,2,-206272520,68757507,64256256,True
83,101,8383,5,-1443907646,68757507,64256256,True
83,101,8383,7,-2956572800,68757507,64256256,True
83,103,8549,0,-71521148,71521149,66879684,True
83,103,8549,1,-71521148,71521149,66879684,True
83,103,8549,2,-214563446,71521149,66879684,True
83,103,8549,5,-1501944128,71521149,66879684,True
83,103,8549,7,-3075409406,71521149,66879684,True
83,107,8881,0,-77211800,77211801,72284004,True
83,107,8881,1,-77211800,77211801,72284004,True
83,107,8881,2,-231635402,77211801,72284004,True
83,107,8881,5,-1621447820,77211801,72284004,True
83,107,8881,7,-3320107442,77211801,72284004,True
83,109,9047,0,-80138810,80138811,75064896,True
83,109,9047,1,-80138810,80138811,75064896,True
83,109,9047,2,-240416432,80138811,75064896,True
83,109,9047,5,-1682915030,80138811,75064896,True
83,109,9047,7,-3445968872,80138811,75064896,True
83,113,9379,0,-86156198,86156199,80784144,True
83,113,9379,1,-86156198,86156199,80784144,True
83,113,9379,2,-258468596,86156199,80784144,True
83,113,9379,5,-1809280178,86156199,80784144,True
83,113,9379,7,-3704716556,86156199,80784144,True
83,127,10541,0,-108932420,108932421,102454884,True
83,127,10541,1,-108932420,108932421,102454884,True
83,127,10541,2,-326797262,108932421,102454884,True
83,127,10541,5,-2287580840,108932421,102454884,True
83,127,10541,7,-4684094102,108932421,102454884,True
83,131,10873,0,-115930016,115930017,109118916,True
83,131,10873,1,-115930016,115930017,109118916,True
83,131,10873,2,-347790050,115930017,109118916,True
83,131,10873,5,-2434530356,115930017,109118916,True
83,131,10873,7,-4984990730,115930017,109118916,True
83,137,11371,0,-126834830,126834831,119508624,True
83,137,11371,1,-126834830,126834831,119508624,True
83,137,11371,2,-380504492,126834831,119508624,True
83,137,11371,5,-2663531450,126834831,119508624,True
83,137,11371,7,-5453897732,126834831,119508624,True
83,139,11537,0,-130578680,130578681,123076836,True
83,139,11537,1,-130578680,130578681,123076836,True
83,139,11537,2,-391736042,130578681,123076836,True
83,139,11537,5,-2742152300,130578681,123076836,True
83,139,11537,7,-5614883282,130578681,123076836,True
83,149,12367,0,-150114770,150114771,141705216,True
83,149,12367,1,-150114770,150114771,141705216,True
83,149,12367,2,-450344312,150114771,141705216,True
83,149,12367,5,-3152410190,150114771,141705216,True
83,149,12367,7,-6454935152,150114771,141705216,True
83,151,12533,0,-154185356,154185357,145588356,True
83,151,12533,1,-154185356,154185357,145588356,True
83,151,12533,2,-462556070,154185357,145588356,True
83,151,12533,5,-3237892496,154185357,145588356,True
83,151,12533,7,-6629970350,154185357,145588356,True
83,157,13031,0,-166723850,166723851,157552704,True
83,157,13031,1,-166723850,166723851,157552704,True
83,157,13031,2,-500171552,166723851,157552704,True
83,157,13031,5,-3501200870,166723851,157552704,True
83,157,13031,7,-7169125592,166723851,157552704,True
83,163,13529,0,-179752448,179752449,169989444,True
83,163,13529,1,-179752448,179752449,169989444,True
83,163,13529,2,-539257346,179752449,169989444,True
83,163,13529,5,-3774801428,179752449,169989444,True
83,163,13529,7,-7729355306,179752449,169989444,True
83,167,13861,0,-188710460,188710461,178543044,True
83,167,13861,1,-188710460,188710461,178543044,True
83,167,13861,2,-566131382,188710461,178543044,True
83,167,13861,5,-3962919680,188710461,178543044,True
83,167,13861,7,-8114549822,188710461,178543044,True
83,173,14359,0,-202555898,202555899,191767104,True
83,173,14359,1,-202555898,202555899,191767104,True
83,173,14359,2,-607667696,202555899,191767104,True
83,173,14359,5,-4253673878,202555899,191767104,True
83,173,14359,7,-8709903656,202555899,191767104,True
83,179,14857,0,-216891440,216891441,205463556,True
83,179,14857,1,-216891440,216891441,205463556,True
83,179,14857,2,-650674322,216891441,205463556,True
83,179,14857,5,-4554720260,216891441,205463556,True
83,179,14857,7,-9326331962,216891441,205463556,True
83,181,15023,0,-221778866,221778867,210134016,True
83,181,15023,1,-221778866,221778867,210134016,True
83,181,15023,2,-665336600,221778867,210134016,True
83,181,15023,5,-4657356206,221778867,210134016,True
83,181,15023,7,-9536491280,221778867,210134016,True
83,191,15853,0,-247032836,247032837,234273636,True
83,191,15853,1,-247032836,247032837,234273636,True
83,191,15853,2,-741098510,247032837,234273636,True
83,191,15853,5,-5187689576,247032837,234273636,True
83,191,15853,7,-10622411990,247032837,234273636,True
83,193,16019,0,-252246998,252246999,239259024,True
83,193,16019,1,-252246998,252246999,239259024,True
83,193,16019,2,-756740996,252246999,239259024,True
83,193,16019,5,-5297186978,252246999,239259024,True
83,193,16019,7,-10846620956,252246999,239259024,True
83,197,16351,0,-262838690,262838691,249387264,True
83,197,16351,1,-262838690,262838691,249387264,True
83,197,16351,2,-788516072,262838691,249387264,True
83,197,16351,5,-5519612510,262838691,249387264,True
83,197,16351,7,-11302063712,262838691,249387264,True
83,199,16517,0,-268216220,268216221,254530116,True
83,199,16517,1,-268216220,268216221,254530116,True
83,199,16517,2,-804648662,268216221,254530116,True
83,199,16517,5,-5632540640,268216221,254530116,True
83,199,16517,7,-11533297502,268216221,254530116,True
83,211,17513,0,-301624976,301624977,286489476,True
83,211,17513,1,-301624976,301624977,286489476,True
83,211,17513,2,-904874930,301624977,286489476,True
83,211,17513,5,-6334124516,301624977,286489476,True
83,211,17513,7,-12969874010,301624977,286489476,True
83,223,18509,0,-336994148,336994149,320338404,True
83,223,18509,1,-336994148,336994149,320338404,True
83,223,18509,2,-1010982446,336994149,320338404,True
83,223,18509,5,-7076877128,336994149,320338404,True
83,223,18509,7,-14490748406,336994149,320338404,True
83,227,18841,0,-349219520,349219521,332041284,True
83,227,18841,1,-349219520,349219521,332041284,True
83,227,18841,2,-1047658562,349219521,332041284,True
83,227,18841,5,-7333609940,349219521,332041284,True
83,227,18841,7,-15016439402,349219521,332041284,True
83,229,19007,0,-355413890,355413891,337971456,True
83,229,19007,1,-355413890,355413891,337971456,True
83,229,19007,2,-1066241672,355413891,337971456,True
83,229,19007,5,-7463691710,355413891,337971456,True
83,229,19007,7,-15282797312,355413891,337971456,True
83,233,19339,0,-367965998,367965999,349989264,True
83,233,19339,1,-367965998,367965999,349989264,True
83,233,19339,2,-1103897996,367965999,349989264,True
83,233,19339,5,-7727285978,367965999,349989264,True
83,233,19339,7,-15822537956,367965999,349989264,True
83,239,19837,0,-387202580,387202581,368409636,True
83,239,19837,1,-387202580,387202581,368409636,True
83,239,19837,2,-1161607742,387202581,368409636,True
83,239,19837,5,-8131254200,387202581,368409636,True
83,239,19837,7,-16649710982,387202581,368409636,True
83,241,20003,0,-393723686,393723687,374654736,True
83,241,20003,1,-393723686,393723687,374654736,True
83,241,20003,2,-1181171060,393723687,374654736,True
83,241,20003,5,-8268197426,393723687,374654736,True
83,241,20003,7,-16930118540,393723687,374654736,True
83,251,20833,0,-427146056,427146057,406667556,True
83,251,20833,1,-427146056,427146057,406667556,True
83,251,20833,2,-1281438170,427146057,406667556,True
83,251,20833,5,-8970067196,427146057,406667556,True
83,251,20833,7,-18367280450,427146057,406667556,True
83,257,21331,0,-447852950,447852951,426505104,True
83,257,21331,1,-447852950,447852951,426505104,True
83,257,21331,2,-1343558852,447852951,426505104,True
83,257,21331,5,-9404911970,447852951,426505104,True
83,257,21331,7,-19257676892,447852951,426505104,True
83,263,21829,0,-469049948,469049949,446815044,True
83,263,21829,1,-469049948,469049949,446815044,True
83,263,21829,2,-1407149846,469049949,446815044,True
83,263,21829,5,-9850048928,469049949,446815044,True
83,263,21829,7,-20169147806,469049949,446815044,True
83,269,22327,0,-490737050,490737051,467597376,True
83,269,22327,1,-490737050,490737051,467597376,True
83,269,22327,2,-1472211152,490737051,467597376,True
83,269,22327,5,-10305478070,490737051,467597376,True
83,269,22327,7,-21101693192,490737051,467597376,True
83,271,22493,0,-498074996,498074997,474629796,True
83,271,22493,1,-498074996,498074997,474629796,True
83,271,22493,2,-1494224990,498074997,474629796,True
83,271,22493,5,-10459574936,498074997,474629796,True
83,271,22493,7,-21417224870,498074997,474629796,True
83,277,22991,0,-520415570,520415571,496041984,True
83,277,22991,1,-520415570,520415571,496041984,True
83,277,22991,2,-1561246712,520415571,496041984,True
83,277,22991,5,-10928726990,520415571,496041984,True
83,277,22991,7,-22377869552,520415571,496041984,True
83,281,23323,0,-535581566,535581567,510579216,True
83,281,23323,1,-535581566,535581567,510579216,True
83,281,23323,2,-1606744700,535581567,510579216,True
83,281,23323,5,-11247212906,535581567,510579216,True
83,281,23323,7,-23030007380,535581567,510579216,True
83,283,23489,0,-543246248,543246249,517926564,True
83,283,23489,1,-543246248,543246249,517926564,True
83,283,23489,2,-1629738746,543246249,517926564,True
83,283,23489,5,-11408171228,543246249,517926564,True
83,283,23489,7,-23359588706,543246249,517926564,True
83,293,24319,0,-582386498,582386499,555450624,True
83,293,24319,1,-582386498,582386499,555450624,True
83,293,24319,2,-1747159496,582386499,555450624,True
83,293,24319,5,-12230116478,582386499,555450624,True
83,293,24319,7,-25042619456,582386499,555450624,True
89,97,8633,0,-72948728,72948729,68260644,True
89,97,8633,1,-72948728,72948729,68260644,True
89,97,8633,2,-218846186,72948729,68260644,True
89,97,8633,5,-1531923308,72948729,68260644,True
89,97,8633,7,-3136795346,72948729,68260644,True
89,101,8989,0,-79121132,79121133,74132100,True
89,101,8989,1,-79121132,79121133,74132100,True
89,101,8989,2,-237363398,79121133,74132100,True
89,101,8989,5,-1661543792,79121133,74132100,True
89,101,8989,7,-3402208718,79121133,74132100,True
89,103,9167,0,-82301330,82301331,77158656,True
89,103,9167,1,-82301330,82301331,77158656,True
89,103,9167,2,-246903992,82301331,77158656,True
89,103,9167,5,-1728327950,82301331,77158656,True
89,103,9167,7,-3538957232,82301331,77158656,True
89,107,9523,0,-88849718,88849719,83393424,True
89,107,9523,1,-88849718,88849719,83393424,True
89,107,9523,2,-266549156,88849719,83393424,True
89,107,9523,5,-1865844098,88849719,83393424,True
89,107,9523,7,-3820537916,88849719,83393424,True
89,109,9701,0,-92217908,92217909,86601636,True
89,109,9701,1,-92217908,92217909,86601636,True
89,109,9701,2,-276653726,92217909,86601636,True
89,109,9701,5,-1936576088,92217909,86601636,True
89,109,9701,7,-3965370086,92217909,86601636,True
89,113,10057,0,-99142280,99142281,93199716,True
89,113,10057,1,-99142280,99142281,93199716,True
89,113,10057,2,-297426842,99142281,93199716,True
89,113,10057,5,-2081987900,99142281,93199716,True
89,113,10057,7,-4263118082,99142281,93199716,True
89,127,11303,0,-125351498,125351499,118200384,True
89,127,11303,1,-125351498,125351499,118200384,True
89,127,11303,2,-376054496,125351499,118200384,True
89,127,11303,5,-2632381478,125351499,118200384,True
89,127,11303,7,-5390114456,125351499,118200384,True
89,131,11659,0,-133403822,133403823,125888400,True
89,131,11659,1,-133403822,133403823,125888400,True
89,131,11659,2,-400211468,133403823,125888400,True
89,131,11659,5,-2801480282,133403823,125888400,True
89,131,11659,7,-5736364388,133403823,125888400,True
89,137,12193,0,-145952288,145952289,137874564,True
89,137,12193,1,-145952288,145952289,137874564,True
89,137,12193,2,-437856866,145952289,137874564,True
89,137,12193,5,-3064998068,145952289,137874564,True
89,137,12193,7,-6275948426,145952289,137874564,True
89,139,12371,0,-150260438,150260439,141991056,True
89,139,12371,1,-150260438,150260439,141991056,True
89,139,12371,2,-450781316,150260439,141991056,True
89,139,12371,5,-3155469218,150260439,141991056,True
89,139,12371,7,-6461198876,150260439,141991056,True
89,149,13261,0,-172741148,172741149,163481796,True
89,149,13261,1,-172741148,172741149,163481796,True
89,149,13261,2,-518223446,172741149,163481796,True
89,149,13261,5,-3627564128,172741149,163481796,True
89,149,13261,7,-7427869406,172741149,163481796,True
89,151,13439,0,-177425282,177425283,167961600,True
89,151,13439,1,-177425282,177425283,167961600,True
89,151,13439,2,-532275848,177425283,167961600,True
89,151,13439,5,-3725930942,177425283,167961600,True
89,151,13439,7,-7629287168,177425283,167961600,True
89,157,13973,0,-191853668,191853669,181764324,True
89,157,13973,1,-191853668,191853669,181764324,True
89,157,13973,2,-575561006,191853669,181764324,True
89,157,13973,5,-4028927048,191853669,181764324,True
89,157,13973,7,-8249707766,191853669,181764324,True
89,163,14507,0,-206846030,206846031,196112016,True
89,163,14507,1,-206846030,206846031,196112016,True
89,163,14507,2,-620538092,206846031,196112016,True
89,163,14507,5,-4343766650,206846031,196112016,True
89,163,14507,7,-8894379332,206846031,196112016,True
89,167,14863,0,-217154258,217154259,205979904,True
89,167,14863,1,-217154258,217154259,205979904,True
89,167,14863,2,-651462776,217154259,205979904,True
89,167,14863,5,-4560239438,217154259,205979904,True
89,167,14863,7,-9337633136,217154259,205979904,True
89,173,15397,0,-233086580,233086581,221235876,True
89,173,15397,1,-233086580,233086581,221235876,True
89,173,15397,2,-699259742,233086581,221235876,True
89,173,15397,5,-4894818200,233086581,221235876,True
89,173,15397,7,-10022722982,233086581,221235876,True
89,179,15931,0,-249582878,249582879,237036816,True
89,179,15931,1,-249582878,249582879,237036816,True
89,179,15931,2,-748748636,249582879,237036816,True
89,179,15931,5,-5241240458,249582879,237036816,True
89,179,15931,7,-10732063796,249582879,237036816,True
89,181,16109,0,-255206972,255206973,242424900,True
89,181,16109,1,-255206972,255206973,242424900,True
89,181,16109,2,-765620918,255206973,242424900,True
89,181,16109,5,-5359346432,255206973,242424900,True
89,181,16109,7,-10973899838,255206973,242424900,True
89,191,16999,0,-284267402,284267403,270273600,True
89,191,16999,1,-284267402,284267403,270273600,True
89,191,16999,2,-852802208,284267403,270273600,True
89,191,16999,5,-5969615462,284267403,270273600,True
89,191,16999,7,-12223498328,284267403,270273600,True
89,193,17177,0,-290267480,290267481,276024996,True
89,193,17177,1,-290267480,290267481,276024996,True
89,193,17177,2,-870802442,290267481,276024996,True
89,193,17177,5,-6095617100,290267481,276024996,True
89,193,17177,7,-12481501682,290267481,276024996,True
89,197,17533,0,-302455628,302455629,287709444,True
89,197,17533,1,-302455628,302455629,287709444,True
89,197,17533,2,-907366886,302455629,287709444,True
89,197,17533,5,-6351568208,302455629,287709444,True
89,197,17533,7,-13005592046,302455629,287709444,True
89,199,17711,0,-308643698,308643699,293642496,True
89,199,17711,1,-308643698,308643699,293642496,True
89,199,17711,2,-925931096,308643699,293642496,True
89,199,17711,5,-6481517678,308643699,293642496,True
89,199,17711,7,-13271679056,308643699,293642496,True
89,211,18779,0,-347088062,347088063,330512400,True
89,211,18779,1,-347088062,347088063,330512400,True
89,211,18779,2,-1041264188,347088063,330512400,True
89,211,18779,5,-7288849322,347088063,330512400,True
89,211,18779,7,-14924786708,347088063,330512400,True
89,223,19847,0,-387788330,387788331,369562176,True
89,223,19847,1,-387788330,387788331,369562176,True
89,223,19847,2,-1163364992,387788331,369562176,True
89,223,19847,5,-8143554950,387788331,369562176,True
89,223,19847,7,-16674898232,387788331,369562176,True
89,227,20203,0,-401856398,401856399,383063184,True
89,227,20203,1,-401856398,401856399,383063184,True
89,227,20203,2,-1205569196,401856399,383063184,True
89,227,20203,5,-8438984378,401856399,383063184,True
89,227,20203,7,-17279825156,401856399,383063184,True
89,229,20381,0,-408984428,408984429,389904516,True
89,229,20381,1,-408984428,408984429,389904516,True
89,229,20381,2,-1226953286,408984429,389904516,True
89,229,20381,5,-8588673008,408984429,389904516,True
89,229,20381,7,-17586330446,408984429,389904516,True
89,233,20737,0,-423428480,423428481,403768836,True
89,233,20737,1,-423428480,423428481,403768836,True
89,233,20737,2,-1270285442,423428481,403768836,True
89,233,20737,5,-8891998100,423428481,403768836,True
89,233,20737,7,-18207424682,423428481,403768836,True
89,239,21271,0,-445564538,445564539,425019456,True
89,239,21271,1,-445564538,445564539,425019456,True
89,239,21271,2,-1336693616,445564539,425019456,True
89,239,21271,5,-9356855318,445564539,425019456,True
89,239,21271,7,-19159275176,445564539,425019456,True
89,241,21449,0,-453068552,453068553,432224100,True
89,241,21449,1,-453068552,453068553,432224100,True
89,241,21449,2,-1359205658,453068553,432224100,True
89,241,21449,5,-9514439612,453068553,432224100,True
89,241,21449,7,-19481947778,453068553,432224100,True
89,251,22339,0,-491528582,491528583,469155600,True
89,251,22339,1,-491528582,491528583,469155600,True
89,251,22339,2,-1474585748,491528583,469155600,True
89,251,22339,5,-10322100242,491528583,469155600,True
89,251,22339,7,-21135729068,491528583,469155600,True
89,257,22873,0,-515356568,515356569,492041124,True
89,257,22873,1,-515356568,515356569,492041124,True
89,257,22873,2,-1546069706,515356569,492041124,True
89,257,22873,5,-10822487948,515356569,492041124,True
89,257,22873,7,-22160332466,515356569,492041124,True
89,263,23407,0,-539748530,539748531,515471616,True
89,263,23407,1,-539748530,539748531,515471616,True
89,263,23407,2,-1619245592,539748531,515471616,True
89,263,23407,5,-11334719150,539748531,515471616,True
89,263,23407,7,-23209186832,539748531,515471616,True
89,269,23941,0,-564704468,564704469,539447076,True
89,269,23941,1,-564704468,564704469,539447076,True
89,269,23941,2,-1694113406,564704469,539447076,True
89,269,23941,5,-11858793848,564704469,539447076,True
89,269,23941,7,-24282292166,564704469,539447076,True
89,271,24119,0,-573148442,573148443,547560000,True
89,271,24119,1,-573148442,573148443,547560000,True
89,271,24119,2,-1719445328,573148443,547560000,True
89,271,24119,5,-12036117302,573148443,547560000,True
89,271,24119,7,-24645383048,573148443,547560000,True
89,277,24653,0,-598856348,598856349,572262084,True
89,277,24653,1,-598856348,598856349,572262084,True
89,277,24653,2,-1796569046,598856349,572262084,True
89,277,24653,5,-12575983328,598856349,572262084,True
89,277,24653,7,-25750823006,598856349,572262084,True
89,281,25009,0,-616308272,616308273,589032900,True
89,281,25009,1,-616308272,616308273,589032900,True
89,281,25009,2,-1848924818,616308273,589032900,True
89,281,25009,5,-12942473732,616308273,589032900,True
89,281,25009,7,-26501255738,616308273,589032900,True
89,283,25187,0,-625128230,625128231,597509136,True
89,283,25187,1,-625128230,625128231,597509136,True
89,283,25187,2,-1875384692,625128231,597509136,True
89,283,25187,5,-13127692850,625128231,597509136,True
89,283,25187,7,-26880513932,625128231,597509136,True
89,293,26077,0,-670167980,670167981,640798596,True
89,293,26077,1,-670167980,670167981,640798596,True
89,293,26077,2,-2010503942,670167981,640798596,True
89,293,26077,5,-14073527600,670167981,640798596,True
89,293,26077,7,-28817223182,670167981,640798596,True
97,101,9797,0,-94070612,94070613,88397604,True
97,101,9797,1,-94070612,94070613,88397604,True
97,101,9797,2,-282211838,94070613,88397604,True
97,101,9797,5,-1975482872,94070613,88397604,True
97,101,9797,7,-4045036358,94070613,88397604,True
97,103,9991,0,-97851690,97851691,92006464,True
97,103,9991,1,-97851690,97851691,92006464,True
97,103,9991,2,-293555072,97851691,92006464,True
97,103,9991,5,-2054885510,97851691,92006464,True
97,103,9991,7,-4207622712,97851691,92006464,True
97,107,10379,0,-105637358,105637359,99440784,True
97,107,10379,1,-105637358,105637359,99440784,True
97,107,10379,2,-316912076,105637359,99440784,True
97,107,10379,5,-2218384538,105637359,99440784,True
97,107,10379,7,-4542406436,105637359,99440784,True
97,109,10573,0,-109641948,109641949,103266244,True
97,109,10573,1,-109641948,109641949,103266244,True
97,109,10573,2,-328925846,109641949,103266244,True
97,109,10573,5,-2302480928,109641949,103266244,True
97,109,10573,7,-4714603806,109641949,103266244,True
97,113,10961,0,-117874640,117874641,111133764,True
97,113,10961,1,-117874640,117874641,111133764,True
97,113,10961,2,-353623922,117874641,111133764,True
97,113,10961,5,-2475367460,117874641,111133764,True
97,113,10961,7,-5068609562,117874641,111133764,True
97,127,12319,0,-149035938,149035939,140944384,True
97,127,12319,1,-149035938,149035939,140944384,True
97,127,12319,2,-447107816,149035939,140944384,True
97,127,12319,5,-3129754718,149035939,140944384,True
97,127,12319,7,-6408545376,149035939,140944384,True
97,131,12707,0,-158609702,158609703,150111504,True
97,131,12707,1,-158609702,158609703,150111504,True
97,131,12707,2,-475829108,158609703,150111504,True
97,131,12707,5,-3330803762,158609703,150111504,True
97,131,12707,7,-6820217228,158609703,150111504,True
97,137,13289,0,-173529128,173529129,164403684,True
97,137,13289,1,-173529128,173529129,164403684,True
97,137,13289,2,-520587386,173529129,164403684,True
97,137,13289,5,-3644111708,173529129,164403684,True
97,137,13289,7,-7461752546,173529129,164403684,True
97,139,13483,0,-178651278,178651279,169312144,True
97,139,13483,1,-178651278,178651279,169312144,True
97,139,13483,2,-535953836,178651279,169312144,True
97,139,13483,5,-3751676858,178651279,169312144,True
97,139,13483,7,-7682004996,178651279,169312144,True
97,149,14453,0,-205379588,205379589,194937444,True
97,149,14453,1,-205379588,205379589,194937444,True
97,149,14453,2,-616138766,205379589,194937444,True
97,149,14453,5,-4312971368,205379589,194937444,True
97,149,14453,7,-8831322326,205379589,194937444,True
97,151,14647,0,-210948762,210948763,200279104,True
97,151,14647,1,-210948762,210948763,200279104,True
97,151,14647,2,-632846288,210948763,200279104,True
97,151,14647,5,-4429924022,210948763,200279104,True
97,151,14647,7,-9070796808,210948763,200279104,True
97,157,15229,0,-228103308,228103309,216737284,True
97,157,15229,1,-228103308,228103309,216737284,True
97,157,15229,2,-684309926,228103309,216737284,True
97,157,15229,5,-4790169488,228103309,216737284,True
97,157,15229,7,-9808442286,228103309,216737284,True
97,163,15811,0,-245928390,245928391,233845264,True
97,163,15811,1,-245928390,245928391,233845264,True
97,163,15811,2,-737785172,245928391,233845264,True
97,163,15811,5,-5164496210,245928391,233845264,True
97,163,15811,7,-10574920812,245928391,233845264,True
97,167,16199,0,-258184298,258184299,245611584,True
97,167,16199,1,-258184298,258184299,245611584,True
97,167,16199,2,-774552896,258184299,245611584,True
97,167,16199,5,-5421870278,258184299,245611584,True
97,167,16199,7,-11101924856,258184299,245611584,True
97,173,16781,0,-277126940,277126941,263802564,True
97,173,16781,1,-277126940,277126941,263802564,True
97,173,16781,2,-831380822,277126941,263802564,True
97,173,16781,5,-5819665760,277126941,263802564,True
97,173,16781,7,-11916458462,277126941,263802564,True
97,179,17363,0,-296740118,296740119,282643344,True
97,179,17363,1,-296740118,296740119,282643344,True
97,179,17363,2,-890220356,296740119,282643344,True
97,179,17363,5,-6231542498,296740119,282643344,True
97,179,17363,7,-12759825116,296740119,282643344,True
97,181,17557,0,-303426852,303426853,289068004,True
97,181,17557,1,-303426852,303426853,289068004,True
97,181,17557,2,-910280558,303426853,289068004,True
97,181,17557,5,-6371963912,303426853,289068004,True
97,181,17557,7,-13047354678,303426853,289068004,True
97,191,18527,0,-337978082,337978083,322274304,True
97,191,18527,1,-337978082,337978083,322274304,True
97,191,18527,2,-1013934248,337978083,322274304,True
97,191,18527,5,-7097539742,337978083,322274304,True
97,191,18527,7,-14533057568,337978083,322274304,True
97,193,18721,0,-345111840,345111841,329132164,True
97,193,18721,1,-345111840,345111841,329132164,True
97,193,18721,2,-1035335522,345111841,329132164,True
97,193,18721,5,-7247348660,345111841,329132164,True
97,193,18721,7,-14839809162,345111841,329132164,True
97,197,19109,0,-359602868,359602869,343064484,True
97,197,19109,1,-359602868,359602869,343064484,True
97,197,19109,2,-1078808606,359602869,343064484,True
97,197,19109,5,-7551660248,359602869,343064484,True
97,197,19109,7,-15462923366,359602869,343064484,True
97,199,19303,0,-366960138,366960139,350138944,True
97,199,19303,1,-366960138,366960139,350138944,True
97,199,19303,2,-1100880416,366960139,350138944,True
97,199,19303,5,-7706162918,366960139,350138944,True
97,199,19303,7,-15779285976,366960139,350138944,True
97,211,20467,0,-412668342,412668343,394101904,True
97,211,20467,1,-412668342,412668343,394101904,True
97,211,20467,2,-1238005028,412668343,394101904,True
97,211,20467,5,-8666035202,412668343,394101904,True
97,211,20467,7,-17744738748,412668343,394101904,True
97,223,21631,0,-461058690,461058691,440664064,True
97,223,21631,1,-461058690,461058691,440664064,True
97,223,21631,2,-1383176072,461058691,440664064,True
97,223,21631,5,-9682232510,461058691,440664064,True
97,223,21631,7,-19825523712,461058691,440664064,True
97,227,22019,0,-477784838,477784839,456762384,True
97,227,22019,1,-477784838,477784839,456762384,True
97,227,22019,2,-1433354516,477784839,456762384,True
97,227,22019,5,-10033481618,477784839,456762384,True
97,227,22019,7,-20544748076,477784839,456762384,True
97,229,22213,0,-486259668,486259669,464919844,True
97,229,22213,1,-486259668,486259669,464919844,True
97,229,22213,2,-1458779006,486259669,464919844,True
97,229,22213,5,-10211453048,486259669,464919844,True
97,229,22213,7,-20909165766,486259669,464919844,True
97,233,22601,0,-503432840,503432841,481451364,True
97,233,22601,1,-503432840,503432841,481451364,True
97,233,22601,2,-1510298522,503432841,481451364,True
97,233,22601,5,-10572089660,503432841,481451364,True
97,233,22601,7,-21647612162,503432841,481451364,True
97,239,23183,0,-529751378,529751379,506790144,True
97,239,23183,1,-529751378,529751379,506790144,True
97,239,23183,2,-1589254136,529751379,506790144,True
97,239,23183,5,-11124778958,529751379,506790144,True
97,239,23183,7,-22779309296,529751379,506790144,True
97,241,23377,0,-538673232,538673233,515380804,True
97,241,23377,1,-538673232,538673233,515380804,True
97,241,23377,2,-1616019698,538673233,515380804,True
97,241,23377,5,-11312137892,538673233,515380804,True
97,241,23377,7,-23162949018,538673233,515380804,True
97,251,24347,0,-584400062,584400063,559417104,True
97,251,24347,1,-584400062,584400063,559417104,True
97,251,24347,2,-1753200188,584400063,559417104,True
97,251,24347,5,-12272401322,584400063,559417104,True
97,251,24347,7,-25129202708,584400063,559417104,True
97,257,24929,0,-612730208,612730209,586705284,True
97,257,24929,1,-612730208,612730209,586705284,True
97,257,24929,2,-1838190626,612730209,586705284,True
97,257,24929,5,-12867334388,612730209,586705284,True
97,257,24929,7,-26347398986,612730209,586705284,True
97,263,25511,0,-641730890,641730891,614643264,True
97,263,25511,1,-641730890,641730891,614643264,True
97,263,25511,2,-1925192672,641730891,614643264,True
97,263,25511,5,-13476348710,641730891,614643264,True
97,263,25511,7,-27594428312,641730891,614643264,True
97,269,26093,0,-671402108,671402109,643231044,True
97,269,26093,1,-671402108,671402109,643231044,True
97,269,26093,2,-2014206326,671402109,643231044,True
97,269,26093,5,-14099444288,671402109,643231044,True
97,269,26093,7,-28870290686,671402109,643231044,True
97,271,26287,0,-681441522,681441523,652904704,True
97,271,26287,1,-681441522,681441523,652904704,True
97,271,26287,2,-2044324568,681441523,652904704,True
97,271,26287,5,-14310271982,681441523,652904704,True
97,271,26287,7,-29301985488,681441523,652904704,True
97,277,26869,0,-712006788,712006789,682358884,True
97,277,26869,1,-712006788,712006789,682358884,True
97,277,26869,2,-2136020366,712006789,682358884,True
97,277,26869,5,-14952142568,712006789,682358884,True
97,277,26869,7,-30616291926,712006789,682358884,True
97,281,27257,0,-732756152,732756153,702356004,True
97,281,27257,1,-732756152,732756153,702356004,True
97,281,27257,2,-2198268458,732756153,702356004,True
97,281,27257,5,-15387879212,732756153,702356004,True
97,281,27257,7,-31508514578,732756153,702356004,True
97,283,27451,0,-743242590,743242591,712462864,True
97,283,27451,1,-743242590,743242591,712462864,True
97,283,27451,2,-2229727772,743242591,712462864,True
97,283,27451,5,-15608094410,743242591,712462864,True
97,283,27451,7,-31959431412,743242591,712462864,True
97,293,28421,0,-796792340,796792341,764080164,True
97,293,28421,1,-796792340,796792341,764080164,True
97,293,28421,2,-2390377022,796792341,764080164,True
97,293,28421,5,-16732639160,796792341,764080164,True
97,293,28421,7,-34262070662,796792341,764080164,True
101,103,10403,0,-106131206,106131207,99920016,True
101,103,10403,1,-106131206,106131207,99920016,True
101,103,10403,2,-318393620,106131207,99920016,True
101,103,10403,5,-2228755346,106131207,99920016,True
101,103,10403,7,-4563641900,106131207,99920016,True
101,107,10807,0,-114575642,114575643,107993664,True
101,107,10807,1,-114575642,114575643,107993664,True
101,107,10807,2,-343726928,114575643,107993664,True
101,107,10807,5,-2406088502,114575643,107993664,True
101,107,10807,7,-4926752648,114575643,107993664,True
101,109,11009,0,-118919072,118919073,112148100,True
101,109,11009,1,-118919072,118919073,112148100,True
101,109,11009,2,-356757218,118919073,112148100,True
101,109,11009,5,-2497300532,118919073,112148100,True
101,109,11009,7,-5113520138,118919073,112148100,True
101,113,11413,0,-127848356,127848357,120692196,True
101,113,11413,1,-127848356,127848357,120692196,True
101,113,11413,2,-383545070,127848357,120692196,True
101,113,11413,5,-2684815496,127848357,120692196,True
101,113,11413,7,-5497479350,127848357,120692196,True
101,127,12827,0,-161646302,161646303,153066384,True
101,127,12827,1,-161646302,161646303,153066384,True
101,127,12827,2,-484938908,161646303,153066384,True
101,127,12827,5,-3394572362,161646303,153066384,True
101,127,12827,7,-6950791028,161646303,153066384,True
101,131,13231,0,-172030130,172030131,163021824,True
101,131,13231,1,-172030130,172030131,163021824,True
101,131,13231,2,-516090392,172030131,163021824,True
101,131,13231,5,-3612632750,172030131,163021824,True
101,131,13231,7,-7397295632,172030131,163021824,True
101,137,13837,0,-188211932,188211933,178543044,True
101,137,13837,1,-188211932,188211933,178543044,True
101,137,13837,2,-564635798,188211933,178543044,True
101,137,13837,5,-3952450592,188211933,178543044,True
101,137,13837,7,-8093113118,188211933,178543044,True
101,139,14039,0,-193767482,193767483,183873600,True
101,139,14039,1,-193767482,193767483,183873600,True
101,139,14039,2,-581302448,193767483,183873600,True
101,139,14039,5,-4069117142,193767483,183873600,True
101,139,14039,7,-8332001768,193767483,183873600,True
101,149,15049,0,-222757352,222757353,211702500,True
101,149,15049,1,-222757352,222757353,211702500,True
101,149,15049,2,-668272058,222757353,211702500,True
101,149,15049,5,-4677904412,222757353,211702500,True
101,149,15049,7,-9578566178,222757353,211702500,True
101,151,15251,0,-228797750,228797751,217503504,True
101,151,15251,1,-228797750,228797751,217503504,True
101,151,15251,2,-686393252,228797751,217503504,True
101,151,15251,5,-4804752770,228797751,217503504,True
101,151,15251,7,-9838303292,228797751,217503504,True
101,157,15857,0,-247403792,247403793,235376964,True
101,157,15857,1,-247403792,247403793,235376964,True
101,157,15857,2,-742211378,247403793,235376964,True
101,157,15857,5,-5195479652,247403793,235376964,True
101,157,15857,7,-10638363098,247403793,235376964,True
101,163,16463,0,-266737106,266737107,253956096,True
101,163,16463,1,-266737106,266737107,253956096,True
101,163,16463,2,-800211320,266737107,253956096,True
101,163,16463,5,-5601479246,266737107,253956096,True
101,163,16463,7,-11469695600,266737107,253956096,True
101,167,16867,0,-280030022,280030023,266734224,True
101,167,16867,1,-280030022,280030023,266734224,True
101,167,16867,2,-840090068,280030023,266734224,True
101,167,16867,5,-5880630482,280030023,266734224,True
101,167,16867,7,-12041290988,280030023,266734224,True
101,173,17473,0,-300575456,300575457,286489476,True
101,173,17473,1,-300575456,300575457,286489476,True
101,173,17473,2,-901726370,300575457,286489476,True
101,173,17473,5,-6312084596,300575457,286489476,True
101,173,17473,7,-12924744650,300575457,286489476,True
101,179,18079,0,-321848162,321848163,306950400,True
101,179,18079,1,-321848162,321848163,306950400,True
101,179,18079,2,-965544488,321848163,306950400,True
101,179,18079,5,-6758811422,321848163,306950400,True
101,179,18079,7,-13839471008,321848163,306950400,True
101,181,18281,0,-329100680,329100681,313927524,True
101,181,18281,1,-329100680,329100681,313927524,True
101,181,18281,2,-987302042,329100681,313927524,True
101,181,18281,5,-6911114300,329100681,313927524,True
101,181,18281,7,-14151329282,329100681,313927524,True
101,191,19291,0,-366575390,366575391,349989264,True
101,191,19291,1,-366575390,366575391,349989264,True
101,191,19291,2,-1099726172,366575391,349989264,True
101,191,19291,5,-7698083210,366575391,349989264,True
101,191,19291,7,-15762741812,366575391,349989264,True
101,193,19493,0,-374312756,374312757,357436836,True
101,193,19493,1,-374312756,374312757,357436836,True
101,193,19493,2,-1122938270,374312757,357436836,True
101,193,19493,5,-7860567896,374312757,357436836,True
101,193,19493,7,-16095448550,374312757,357436836,True
101,197,19897,0,-390029912,390029913,372567204,True
101,197,19897,1,-390029912,390029913,372567204,True
101,197,19897,2,-1170089738,390029913,372567204,True
101,197,19897,5,-8190628172,390029913,372567204,True
101,197,19897,7,-16771286258,390029913,372567204,True
101,199,20099,0,-398009702,398009703,380250000,True
101,199,20099,1,-398009702,398009703,380250000,True
101,199,20099,2,-1194029108,398009703,380250000,True
101,199,20099,5,-8358203762,398009703,380250000,True
101,199,20099,7,-17114417228,398009703,380250000,True
101,211,21311,0,-447585410,447585411,427993344,True
101,211,21311,1,-447585410,447585411,427993344,True
101,211,21311,2,-1342756232,447585411,427993344,True
101,211,21311,5,-9399293630,447585411,427993344,True
101,211,21311,7,-19246172672,447585411,427993344,True
101,223,22523,0,-500070206,500070207,478559376,True
101,223,22523,1,-500070206,500070207,478559376,True
101,223,22523,2,-1500210620,500070207,478559376,True
101,223,22523,5,-10501474346,500070207,478559376,True
101,223,22523,7,-21503018900,500070207,478559376,True
101,227,22927,0,-518211602,518211603,496041984,True
101,227,22927,1,-518211602,518211603,496041984,True
101,227,22927,2,-1554634808,518211603,496041984,True
101,227,22927,5,-10882443662,518211603,496041984,True
101,227,22927,7,-22283098928,518211603,496041984,True
101,229,23129,0,-527403512,527403513,504900900,True
101,229,23129,1,-527403512,527403513,504900900,True
101,229,23129,2,-1582210538,527403513,504900900,True
101,229,23129,5,-11075473772,527403513,504900900,True
101,229,23129,7,-22678351058,527403513,504900900,True
101,233,23533,0,-546029756,546029757,522853956,True
101,233,23533,1,-546029756,546029757,522853956,True
101,233,23533,2,-1638089270,546029757,522853956,True
101,233,23533,5,-11466624896,546029757,522853956,True
101,233,23533,7,-23479279550,546029757,522853956,True
101,239,24139,0,-574575182,574575183,550371600,True
101,239,24139,1,-574575182,574575183,550371600,True
101,239,24139,2,-1723725548,574575183,550371600,True
101,239,24139,5,-12066078842,574575183,550371600,True
101,239,24139,7,-24706732868,574575183,550371600,True
101,241,24341,0,-584251940,584251941,559700964,True
101,241,24341,1,-584251940,584251941,559700964,True
101,241,24341,2,-1752755822,584251941,559700964,True
101,241,24341,5,-12269290760,584251941,559700964,True
101,241,24341,7,-25122833462,584251941,559700964,True
101,251,25351,0,-633847850,633847851,607523904,True
101,251,25351,1,-633847850,633847851,607523904,True
101,251,25351,2,-1901543552,633847851,607523904,True
101,251,25351,5,-13310804870,633847851,607523904,True
101,251,25351,7,-27255457592,633847851,607523904,True
101,257,25957,0,-664575092,664575093,637158564,True
101,257,25957,1,-664575092,664575093,637158564,True
101,257,25957,2,-1993725278,664575093,637158564,True
101,257,25957,5,-13956076952,664575093,637158564,True
101,257,25957,7,-28576728998,664575093,637158564,True
101,263,26563,0,-696029606,696029607,667498896,True
101,263,26563,1,-696029606,696029607,667498896,True
101,263,26563,2,-2088088820,696029607,667498896,True
101,263,26563,5,-14616621746,696029607,667498896,True
101,263,26563,7,-29929273100,696029607,667498896,True
101,269,27169,0,-728211392,728211393,698544900,True
101,269,27169,1,-728211392,728211393,698544900,True
101,269,27169,2,-2184634178,728211393,698544900,True
101,269,27169,5,-15292439252,728211393,698544900,True
101,269,27169,7,-31313089898,728211393,698544900,True
101,271,27371,0,-739100270,739100271,709050384,True
101,271,27371,1,-739100270,739100271,709050384,True
101,271,27371,2,-2217300812,739100271,709050384,True
101,271,27371,5,-15521105690,739100271,709050384,True
101,271,27371,7,-31781311652,739100271,709050384,True
101,277,27977,0,-772251752,772251753,741037284,True
101,277,27977,1,-772251752,772251753,741037284,True
101,277,27977,2,-2316755258,772251753,741037284,True
101,277,27977,5,-16217286812,772251753,741037284,True
101,277,27977,7,-33206825378,772251753,741037284,True
101,281,28381,0,-794756780,794756781,762753924,True
101,281,28381,1,-794756780,794756781,762753924,True
101,281,28381,2,-2384270342,794756781,762753924,True
101,281,28381,5,-16689892400,794756781,762753924,True
101,281,28381,7,-34174541582,794756781,762753924,True
101,283,28583,0,-806130506,806130507,773729856,True
101,283,28583,1,-806130506,806130507,773729856,True
101,283,28583,2,-2418391520,806130507,773729856,True
101,283,28583,5,-16928740646,806130507,773729856,True
101,283,28583,7,-34663611800,806130507,773729856,True
101,293,29593,0,-864211256,864211257,829785636,True
101,293,29593,1,-864211256,864211257,829785636,True
101,293,29593,2,-2592633770,864211257,829785636,True
101,293,29593,5,-18148436396,864211257,829785636,True
101,293,29593,7,-37161084050,864211257,829785636,True
103,107,11021,0,-119180900,119180901,112402404,True
103,107,11021,1,-119180900,119180901,112402404,True
103,107,11021,2,-357542702,119180901,112402404,True
103,107,11021,5,-2502798920,119180901,112402404,True
103,107,11021,7,-5124778742,119180901,112402404,True
103,109,11227,0,-123698910,123698911,116726416,True
103,109,11227,1,-123698910,123698911,116726416,True
103,109,11227,2,-371096732,123698911,116726416,True
103,109,11227,5,-2597677130,123698911,116726416,True
103,109,11227,7,-5319053172,123698911,116726416,True
103,113,11639,0,-132987098,132987099,125619264,True
103,113,11639,1,-132987098,132987099,125619264,True
103,113,11639,2,-398961296,132987099,125619264,True
103,113,11639,5,-2792729078,132987099,125619264,True
103,113,11639,7,-5718445256,132987099,125619264,True
103,127,13081,0,-168143520,168143521,159314884,True
103,127,13081,1,-168143520,168143521,159314884,True
103,127,13081,2,-504430562,168143521,159314884,True
103,127,13081,5,-3531013940,168143521,159314884,True
103,127,13081,7,-7230171402,168143521,159314884,True
103,131,13493,0,-178944716,178944717,169676676,True
103,131,13493,1,-178944716,178944717,169676676,True
103,131,13493,2,-536834150,178944717,169676676,True
103,131,13493,5,-3757839056,178944717,169676676,True
103,131,13493,7,-7694622830,178944717,169676676,True
103,137,14111,0,-195776930,195776931,185831424,True
103,137,14111,1,-195776930,195776931,185831424,True
103,137,14111,2,-587330792,195776931,185831424,True
103,137,14111,5,-4111315550,195776931,185831424,True
103,137,14111,7,-8418408032,195776931,185831424,True
103,139,14317,0,-201555780,201555781,191379556,True
103,139,14317,1,-201555780,201555781,191379556,True
103,139,14317,2,-604667342,201555781,191379556,True
103,139,14317,5,-4232671400,201555781,191379556,True
103,139,14317,7,-8666898582,201555781,191379556,True
103,149,15347,0,-231710870,231710871,220344336,True
103,149,15347,1,-231710870,231710871,220344336,True
103,149,15347,2,-695132612,231710871,220344336,True
103,149,15347,5,-4865928290,231710871,220344336,True
103,149,15347,7,-9963567452,231710871,220344336,True
103,151,15553,0,-237994056,237994057,226382116,True
103,151,15553,1,-237994056,237994057,226382116,True
103,151,15553,2,-713982170,237994057,226382116,True
103,151,15553,5,-4997875196,237994057,226382116,True
103,151,15553,7,-10233744450,237994057,226382116,True
103,157,16171,0,-257347950,257347951,244985104,True
103,157,16171,1,-257347950,257347951,244985104,True
103,157,16171,2,-772043852,257347951,244985104,True
103,157,16171,5,-5404306970,257347951,244985104,True
103,157,16171,7,-11065961892,257347951,244985104,True
103,163,16789,0,-277458348,277458349,264322564,True
103,163,16789,1,-277458348,277458349,264322564,True
103,163,16789,2,-832375046,277458349,264322564,True
103,163,16789,5,-5826625328,277458349,264322564,True
103,163,16789,7,-11930709006,277458349,264322564,True
103,167,17201,0,-291285560,291285561,277622244,True
103,167,17201,1,-291285560,291285561,277622244,True
103,167,17201,2,-873856682,291285561,277622244,True
103,167,17201,5,-6116996780,291285561,277622244,True
103,167,17201,7,-12525279122,291285561,277622244,True
103,173,17819,0,-312656798,312656799,298183824,True
103,173,17819,1,-312656798,312656799,298183824,True
103,173,17819,2,-937970396,312656799,298183824,True
103,173,17819,5,-6565792778,312656799,298183824,True
103,173,17819,7,-13444242356,312656799,298183824,True
103,179,18437,0,-334784540,334784541,319479876,True
103,179,18437,1,-334784540,334784541,319479876,True
103,179,18437,2,-1004353622,334784541,319479876,True
103,179,18437,5,-7030475360,334784541,319479876,True
103,179,18437,7,-14395735262,334784541,319479876,True
103,181,18643,0,-342328566,342328567,326741776,True
103,181,18643,1,-342328566,342328567,326741776,True
103,181,18643,2,-1026985700,342328567,326741776,True
103,181,18643,5,-7188899906,342328567,326741776,True
103,181,18643,7,-14720128380,342328567,326741776,True
103,191,19673,0,-381309536,381309537,364275396,True
103,191,19673,1,-381309536,381309537,364275396,True
103,191,19673,2,-1143928610,381309537,364275396,True
103,191,19673,5,-8007500276,381309537,364275396,True
103,191,19673,7,-16396310090,381309537,364275396,True
103,193,19879,0,-389357898,389357899,372026944,True
103,193,19879,1,-389357898,389357899,372026944,True
103,193,19879,2,-1168073696,389357899,372026944,True
103,193,19879,5,-8176515878,389357899,372026944,True
103,193,19879,7,-16742389656,389357899,372026944,True
103,197,20291,0,-405706790,405706791,387774864,True
103,197,20291,1,-405706790,405706791,387774864,True
103,197,20291,2,-1217120372,405706791,387774864,True
103,197,20291,5,-8519842610,405706791,387774864,True
103,197,20291,7,-17445392012,405706791,387774864,True
103,199,20497,0,-414007320,414007321,395771236,True
103,199,20497,1,-414007320,414007321,395771236,True
103,199,20497,2,-1242021962,414007321,395771236,True
103,199,20497,5,-8694153740,414007321,395771236,True
103,199,20497,7,-17802314802,414007321,395771236,True
103,211,21733,0,-465575676,465575677,445463236,True
103,211,21733,1,-465575676,465575677,445463236,True
103,211,21733,2,-1396727030,465575677,445463236,True
103,211,21733,5,-9777089216,465575677,445463236,True
103,211,21733,7,-20019754110,465575677,445463236,True
103,223,22969,0,-520170048,520170049,498093124,True
103,223,22969,1,-520170048,520170049,498093124,True
103,223,22969,2,-1560510146,520170049,498093124,True
103,223,22969,5,-10923571028,520170049,498093124,True
103,223,22969,7,-22367312106,520170049,498093124,True
103,227,23381,0,-539040620,539040621,516289284,True
103,227,23381,1,-539040620,539040621,516289284,True
103,227,23381,2,-1617121862,539040621,516289284,True
103,227,23381,5,-11319853040,539040621,516289284,True
103,227,23381,7,-23178746702,539040621,516289284,True
103,229,23587,0,-548601990,548601991,525509776,True
103,229,23587,1,-548601990,548601991,525509776,True
103,229,23587,2,-1645805972,548601991,525509776,True
103,229,23587,5,-11520641810,548601991,525509776,True
103,229,23587,7,-23589885612,548601991,525509776,True
103,233,23999,0,-567976898,567976899,544195584,True
103,233,23999,1,-567976898,567976899,544195584,True
103,233,23999,2,-1703930696,567976899,544195584,True
103,233,23999,5,-11927514878,567976899,544195584,True
103,233,23999,7,-24423006656,567976899,544195584,True
103,239,24617,0,-597669680,597669681,572836356,True
103,239,24617,1,-597669680,597669681,572836356,True
103,239,24617,2,-1793009042,597669681,572836356,True
103,239,24617,5,-12551063300,597669681,572836356,True
103,239,24617,7,-25699796282,597669681,572836356,True
103,241,24823,0,-607735386,607735387,582546496,True
103,241,24823,1,-607735386,607735387,582546496,True
103,241,24823,2,-1823206160,607735387,582546496,True
103,241,24823,5,-12762443126,607735387,582546496,True
103,241,24823,7,-26132621640,607735387,582546496,True
103,251,25853,0,-659324756,659324757,632321316,True
103,251,25853,1,-659324756,659324757,632321316,True
103,251,25853,2,-1977974270,659324757,632321316,True
103,251,25853,5,-13845819896,659324757,632321316,True
103,251,25853,7,-28350964550,659324757,632321316,True
103,257,26471,0,-691287050,691287051,663165504,True
103,257,26471,1,-691287050,691287051,663165504,True
103,257,26471,2,-2073861152,691287051,663165504,True
103,257,26471,5,-14517028070,691287051,663165504,True
103,257,26471,7,-29725343192,691287051,663165504,True
103,263,27089,0,-724005848,724005849,694744164,True
103,263,27089,1,-724005848,724005849,694744164,True
103,263,27089,2,-2172017546,724005849,694744164,True
103,263,27089,5,-15204122828,724005849,694744164,True
103,263,27089,7,-31132251506,724005849,694744164,True
103,269,27707,0,-757481150,757481151,727057296,True
103,269,27707,1,-757481150,757481151,727057296,True
103,269,27707,2,-2272443452,757481151,727057296,True
103,269,27707,5,-15907104170,757481151,727057296,True
103,269,27707,7,-32571689492,757481151,727057296,True
103,271,27913,0,-768807696,768807697,737991556,True
103,271,27913,1,-768807696,768807697,737991556,True
103,271,27913,2,-2306423090,768807697,737991556,True
103,271,27913,5,-16144961636,768807697,737991556,True
103,271,27913,7,-33058730970,768807697,737991556,True
103,277,28531,0,-803291670,803291671,771283984,True
103,277,28531,1,-803291670,803291671,771283984,True
103,277,28531,2,-2409875012,803291671,771283984,True
103,277,28531,5,-16869125090,803291671,771283984,True
103,277,28531,7,-34541541852,803291671,771283984,True
103,281,28943,0,-826701266,826701267,793886976,True
103,281,28943,1,-826701266,826701267,793886976,True
103,281,28943,2,-2480103800,826701267,793886976,True
103,281,28943,5,-17360726606,826701267,793886976,True
103,281,28943,7,-35548154480,826701267,793886976,True
103,283,29149,0,-838532148,838532149,805310884,True
103,283,29149,1,-838532148,838532149,805310884,True
103,283,29149,2,-2515596446,838532149,805310884,True
103,283,29149,5,-17609175128,838532149,805310884,True
103,283,29149,7,-36056882406,838532149,805310884,True
103,293,30179,0,-898947398,898947399,863654544,True
103,293,30179,1,-898947398,898947399,863654544,True
103,293,30179,2,-2696842196,898947399,863654544,True
103,293,30179,5,-18877895378,898947399,863654544,True
103,293,30179,7,-38654738156,898947399,863654544,True
107,109,11663,0,-133541138,133541139,126157824,True
107,109,11663,1,-133541138,133541139,126157824,True
107,109,11663,2,-400623416,133541139,126157824,True
107,109,11663,5,-2804363918,133541139,126157824,True
107,109,11663,7,-5742268976,133541139,126157824,True
107,113,12091,0,-143568350,143568351,135769104,True
107,113,12091,1,-143568350,143568351,135769104,True
107,113,12091,2,-430705052,143568351,135769104,True
107,113,12091,5,-3014935370,143568351,135769104,True
107,113,12091,7,-6173439092,143568351,135769104,True
107,127,13589,0,-181522028,181522029,172186884,True
107,127,13589,1,-181522028,181522029,172186884,True
107,127,13589,2,-544566086,181522029,172186884,True
107,127,13589,5,-3811962608,181522029,172186884,True
107,127,13589,7,-7805447246,181522029,172186884,True
107,131,14017,0,-193182632,193182633,183385764,True
107,131,14017,1,-193182632,193182633,183385764,True
107,131,14017,2,-579547898,193182633,183385764,True
107,131,14017,5,-4056835292,193182633,183385764,True
107,131,14017,7,-8306853218,193182633,183385764,True
107,137,14659,0,-211354118,211354119,200845584,True
107,137,14659,1,-211354118,211354119,200845584,True
107,137,14659,2,-634062356,211354119,200845584,True
107,137,14659,5,-4438436498,211354119,200845584,True
107,137,14659,7,-9088227116,211354119,200845584,True
107,139,14873,0,-217592768,217592769,206841924,True
107,139,14873,1,-217592768,217592769,206841924,True
107,139,14873,2,-652778306,217592769,206841924,True
107,139,14873,5,-4569448148,217592769,206841924,True
107,139,14873,7,-9356489066,217592769,206841924,True
107,149,15943,0,-250147178,250147179,238146624,True
107,149,15943,1,-250147178,250147179,238146624,True
107,149,15943,2,-750441536,250147179,238146624,True
107,149,15943,5,-5253090758,250147179,238146624,True
107,149,15943,7,-10756328696,250147179,238146624,True
107,151,16157,0,-256930292,256930293,244672164,True
107,151,16157,1,-256930292,256930293,244672164,True
107,151,16157,2,-770790878,256930293,244672164,True
107,151,16157,5,-5395536152,256930293,244672164,True
107,151,16157,7,-11048002598,256930293,244672164,True
107,157,16799,0,-277824098,277824099,264777984,True
107,157,16799,1,-277824098,277824099,264777984,True
107,157,16799,2,-833472296,277824099,264777984,True
107,157,16799,5,-5834306078,277824099,264777984,True
107,157,16799,7,-11946436256,277824099,264777984,True
107,163,17441,0,-299534600,299534601,285677604,True
107,163,17441,1,-299534600,299534601,285677604,True
107,163,17441,2,-898603802,299534601,285677604,True
107,163,17441,5,-6290226620,299534601,285677604,True
107,163,17441,7,-12879987842,299534601,285677604,True
107,167,17869,0,-314461988,314461989,300051684,True
107,167,17869,1,-314461988,314461989,300051684,True
107,167,17869,2,-943385966,314461989,300051684,True
107,167,17869,5,-6603701768,314461989,300051684,True
107,167,17869,7,-13521865526,314461989,300051684,True
107,173,18511,0,-337533650,337533651,322274304,True
107,173,18511,1,-337533650,337533651,322274304,True
107,173,18511,2,-1012600952,337533651,322274304,True
107,173,18511,5,-7088206670,337533651,322274304,True
107,173,18511,7,-14513946992,337533651,322274304,True
107,179,19153,0,-361422008,361422009,345290724,True
107,179,19153,1,-361422008,361422009,345290724,True
107,179,19153,2,-1084266026,361422009,345290724,True
107,179,19153,5,-7589862188,361422009,345290724,True
107,179,19153,7,-15541146386,361422009,345290724,True
107,181,19367,0,-369566282,369566283,353139264,True
107,181,19367,1,-369566282,369566283,353139264,True
107,181,19367,2,-1108698848,369566283,353139264,True
107,181,19367,5,-7760891942,369566283,353139264,True
107,181,19367,7,-15891350168,369566283,353139264,True
107,191,20437,0,-411648812,411648813,393704964,True
107,191,20437,1,-411648812,411648813,393704964,True
107,191,20437,2,-1234946438,411648813,393704964,True
107,191,20437,5,-8644625072,411648813,393704964,True
107,191,20437,7,-17700898958,411648813,393704964,True
107,193,20651,0,-420337550,420337551,402082704,True
107,193,20651,1,-420337550,420337551,402082704,True
107,193,20651,2,-1261012652,420337551,402082704,True
107,193,20651,5,-8827088570,420337551,402082704,True
107,193,20651,7,-18074514692,420337551,402082704,True
107,197,21079,0,-437987258,437987259,419102784,True
107,197,21079,1,-437987258,437987259,419102784,True
107,197,21079,2,-1313961776,437987259,419102784,True
107,197,21079,5,-9197732438,437987259,419102784,True
107,197,21079,7,-18833452136,437987259,419102784,True
107,199,21293,0,-446948228,446948229,427745124,True
107,199,21293,1,-446948228,446948229,427745124,True
107,199,21293,2,-1340844686,446948229,427745124,True
107,199,21293,5,-9385912808,446948229,427745124,True
107,199,21293,7,-19218773846,446948229,427745124,True
107,211,22577,0,-502619672,502619673,481451364,True
107,211,22577,1,-502619672,502619673,481451364,True
107,211,22577,2,-1507859018,502619673,481451364,True
107,211,22577,5,-10555013132,502619673,481451364,True
107,211,22577,7,-21612645938,502619673,481451364,True
107,223,23861,0,-561557900,561557901,538332804,True
107,223,23861,1,-561557900,561557901,538332804,True
107,223,23861,2,-1684673702,561557901,538332804,True
107,223,23861,5,-11792715920,561557901,538332804,True
107,223,23861,7,-24146989742,561557901,538332804,True
107,227,24289,0,-581929928,581929929,557998884,True
107,227,24289,1,-581929928,581929929,557998884,True
107,227,24289,2,-1745789786,581929929,557998884,True
107,227,24289,5,-12220528508,581929929,557998884,True
107,227,24289,7,-25022986946,581929929,557998884,True
107,229,24503,0,-592252058,592252059,567964224,True
107,229,24503,1,-592252058,592252059,567964224,True
107,229,24503,2,-1776756176,592252059,567964224,True
107,229,24503,5,-12437293238,592252059,567964224,True
107,229,24503,7,-25466838536,592252059,567964224,True
107,233,24931,0,-613168550,613168551,588159504,True
107,233,24931,1,-613168550,613168551,588159504,True
107,233,24931,2,-1839505652,613168551,588159504,True
107,233,24931,5,-12876539570,613168551,588159504,True
107,233,24931,7,-26366247692,613168551,588159504,True
107,239,25573,0,-645223868,645223869,619113924,True
107,239,25573,1,-645223868,645223869,619113924,True
107,239,25573,2,-1935671606,645223869,619113924,True
107,239,25573,5,-13549701248,645223869,619113924,True
107,239,25573,7,-27744626366,645223869,619113924,True
107,241,25787,0,-656090462,656090463,629608464,True
107,241,25787,1,-656090462,656090463,629608464,True
107,241,25787,2,-1968271388,656090463,629608464,True
107,241,25787,5,-13777899722,656090463,629608464,True
107,241,25787,7,-28211889908,656090463,629608464,True
107,251,26857,0,-711784592,711784593,683404164,True
107,251,26857,1,-711784592,711784593,683404164,True
107,251,26857,2,-2135353778,711784593,683404164,True
107,251,26857,5,-14947476452,711784593,683404164,True
107,251,26857,7,-30606737498,711784593,683404164,True
107,257,27499,0,-746289998,746289999,716739984,True
107,257,27499,1,-746289998,746289999,716739984,True
107,257,27499,2,-2238869996,746289999,716739984,True
107,257,27499,5,-15672089978,746289999,716739984,True
107,257,27499,7,-32090469956,746289999,716739984,True
107,263,28141,0,-781612100,781612101,750869604,True
107,263,28141,1,-781612100,781612101,750869604,True
107,263,28141,2,-2344836302,781612101,750869604,True
107,263,28141,5,-16413854120,781612101,750869604,True
107,263,28141,7,-33609320342,781612101,750869604,True
107,269,28783,0,-817750898,817750899,785793024,True
107,269,28783,1,-817750898,817750899,785793024,True
107,269,28783,2,-2453252696,817750899,785793024,True
107,269,28783,5,-17172768878,817750899,785793024,True
107,269,28783,7,-35163288656,817750899,785793024,True
107,271,28997,0,-829978652,829978653,797610564,True
107,271,28997,1,-829978652,829978653,797610564,True
107,271,28997,2,-2489935958,829978653,797610564,True
107,271,28997,5,-17429551712,829978653,797610564,True
107,271,28997,7,-35689082078,829978653,797610564,True
107,277,29639,0,-867206378,867206379,833592384,True
107,277,29639,1,-867206378,867206379,833592384,True
107,277,29639,2,-2601619136,867206379,833592384,True
107,277,29639,5,-18211333958,867206379,833592384,True
107,277,29639,7,-37289874296,867206379,833592384,True
107,281,30067,0,-892478582,892478583,858021264,True
107,281,30067,1,-892478582,892478583,858021264,True
107,281,30067,2,-2677435748,892478583,858021264,True
107,281,30067,5,-18742050242,892478583,858021264,True
107,281,30067,7,-38376579068,892478583,858021264,True
107,283,30281,0,-905250800,905250801,870368004,True
107,283,30281,1,-905250800,905250801,870368004,True
107,283,30281,2,-2715752402,905250801,870368004,True
107,283,30281,5,-19010266820,905250801,870368004,True
107,283,30281,7,-38925784442,905250801,870368004,True
107,293,31351,0,-970473050,970473051,933424704,True
107,293,31351,1,-970473050,970473051,933424704,True
107,293,31351,2,-2911419152,970473051,933424704,True
107,293,31351,5,-20379934070,970473051,933424704,True
107,293,31351,7,-41730341192,970473051,933424704,True
109,113,12317,0,-149010860,149010861,140991876,True
109,113,12317,1,-149010860,149010861,140991876,True
109,113,12317,2,-447032582,149010861,140991876,True
109,113,12317,5,-3129228080,149010861,140991876,True
109,113,12317,7,-6407467022,149010861,140991876,True
109,127,13843,0,-188403318,188403319,178810384,True
109,127,13843,1,-188403318,188403319,178810384,True
109,127,13843,2,-565209956,188403319,178810384,True
109,127,13843,5,-3956469698,188403319,178810384,True
109,127,13843,7,-8101342716,188403319,178810384,True
109,131,14279,0,-200505962,200505963,190440000,True
109,131,14279,1,-200505962,200505963,190440000,True
109,131,14279,2,-601517888,200505963,190440000,True
109,131,14279,5,-4210625222,200505963,190440000,True
109,131,14279,7,-8621756408,200505963,190440000,True
109,137,14933,0,-219366308,219366309,208571364,True
109,137,14933,1,-219366308,219366309,208571364,True
109,137,14933,2,-658098926,219366309,208571364,True
109,137,14933,5,-4606692488,219366309,208571364,True
109,137,14933,7,-9432751286,219366309,208571364,True
109,139,15151,0,-225841458,225841459,214798336,True
109,139,15151,1,-225841458,225841459,214798336,True
109,139,15151,2,-677524376,225841459,214798336,True
109,139,15151,5,-4742670638,225841459,214798336,True
109,139,15151,7,-9711182736,225841459,214798336,True
109,149,16241,0,-259629968,259629969,247307076,True
109,149,16241,1,-259629968,259629969,247307076,True
109,149,16241,2,-778889906,259629969,247307076,True
109,149,16241,5,-5452229348,259629969,247307076,True
109,149,16241,7,-11164088666,259629969,247307076,True
109,151,16459,0,-266670222,266670223,254083600,True
109,151,16459,1,-266670222,266670223,254083600,True
109,151,16459,2,-800010668,266670223,254083600,True
109,151,16459,5,-5600074682,266670223,254083600,True
109,151,16459,7,-11466819588,266670223,254083600,True
109,157,17113,0,-288356088,288356089,274962724,True
109,157,17113,1,-288356088,288356089,274962724,True
109,157,17113,2,-865068266,288356089,274962724,True
109,157,17113,5,-6055477868,288356089,274962724,True
109,157,17113,7,-12399311826,288356089,274962724,True
109,163,17767,0,-310889610,310889611,296666176,True
109,163,17767,1,-310889610,310889611,296666176,True
109,163,17767,2,-932668832,310889611,296666176,True
109,163,17767,5,-6528681830,310889611,296666176,True
109,163,17767,7,-13368253272,310889611,296666176,True
109,167,18203,0,-326382878,326382879,311593104,True
109,167,18203,1,-326382878,326382879,311593104,True
109,167,18203,2,-979148636,326382879,311593104,True
109,167,18203,5,-6854040458,326382879,311593104,True
109,167,18203,7,-14034463796,326382879,311593104,True
109,173,18857,0,-350329160,350329161,334670436,True
109,173,18857,1,-350329160,350329161,334670436,True
109,173,18857,2,-1050987482,350329161,334670436,True
109,173,18857,5,-7356912380,350329161,334670436,True
109,173,18857,7,-15064153922,350329161,334670436,True
109,179,19511,0,-375123098,375123099,358572096,True
109,179,19511,1,-375123098,375123099,358572096,True
109,179,19511,2,-1125369296,375123099,358572096,True
109,179,19511,5,-7877585078,375123099,358572096,True
109,179,19511,7,-16130293256,375123099,358572096,True
109,181,19729,0,-383576112,383576113,366722500,True
109,181,19729,1,-383576112,383576113,366722500,True
109,181,19729,2,-1150728338,383576113,366722500,True
109,181,19729,5,-8055098372,383576113,366722500,True
109,181,19729,7,-16493772858,383576113,366722500,True
109,191,20819,0,-427253942,427253943,408848400,True
109,191,20819,1,-427253942,427253943,408848400,True
109,191,20819,2,-1281761828,427253943,408848400,True
109,191,20819,5,-8972332802,427253943,408848400,True
109,191,20819,7,-18371919548,427253943,408848400,True
109,193,21037,0,-436272060,436272061,417548356,True
109,193,21037,1,-436272060,436272061,417548356,True
109,193,21037,2,-1308816182,436272061,417548356,True
109,193,21037,5,-9161713280,436272061,417548356,True
109,193,21037,7,-18759698622,436272061,417548356,True
109,197,21473,0,-454590848,454590849,435223044,True
109,197,21473,1,-454590848,454590849,435223044,True
109,197,21473,2,-1363772546,454590849,435223044,True
109,197,21473,5,-9546407828,454590849,435223044,True
109,197,21473,7,-19547406506,454590849,435223044,True
109,199,21691,0,-463891518,463891519,444197776,True
109,199,21691,1,-463891518,463891519,444197776,True
109,199,21691,2,-1391674556,463891519,444197776,True
109,199,21691,5,-9741721898,463891519,444197776,True
109,199,21691,7,-19947335316,463891519,444197776,True
109,211,22999,0,-521673402,521673403,499969600,True
109,211,22999,1,-521673402,521673403,499969600,True
109,211,22999,2,-1565020208,521673403,499969600,True
109,211,22999,5,-10955141462,521673403,499969600,True
109,211,22999,7,-22431956328,521673403,499969600,True
109,223,24307,0,-582845910,582845911,559038736,True
109,223,24307,1,-582845910,582845911,559038736,True
109,223,24307,2,-1748537732,582845911,559038736,True
109,223,24307,5,-12239764130,582845911,559038736,True
109,223,24307,7,-25062374172,582845911,559038736,True
109,227,24743,0,-603990218,603990219,579461184,True
109,227,24743,1,-603990218,603990219,579461184,True
109,227,24743,2,-1811970656,603990219,579461184,True
109,227,24743,5,-12683794598,603990219,579461184,True
109,227,24743,7,-25971579416,603990219,579461184,True
109,229,24961,0,-614703648,614703649,589809796,True
109,229,24961,1,-614703648,614703649,589809796,True
109,229,24961,2,-1844110946,614703649,589809796,True
109,229,24961,5,-12908776628,614703649,589809796,True
109,229,24961,7,-26432256906,614703649,589809796,True
109,233,25397,0,-636413060,636413061,610781796,True
109,233,25397,1,-636413060,636413061,610781796,True
109,233,25397,2,-1909239182,636413061,610781796,True
109,233,25397,5,-13364674280,636413061,610781796,True
109,233,25397,7,-27365761622,636413061,610781796,True
109,239,26051,0,-669683558,669683559,642926736,True
109,239,26051,1,-669683558,669683559,642926736,True
109,239,26051,2,-2009050676,669683559,642926736,True
109,239,26051,5,-14063354738,669683559,642926736,True
109,239,26051,7,-28796393036,669683559,642926736,True
109,241,26269,0,-680962092,680962093,653824900,True
109,241,26269,1,-680962092,680962093,653824900,True
109,241,26269,2,-2042886278,680962093,653824900,True
109,241,26269,5,-14300203952,680962093,653824900,True
109,241,26269,7,-29281369998,680962093,653824900,True
109,251,27359,0,-738767522,738767523,709689600,True
109,251,27359,1,-738767522,738767523,709689600,True
109,251,27359,2,-2216302568,738767523,709689600,True
109,251,27359,5,-15514117982,738767523,709689600,True
109,251,27359,7,-31767003488,738767523,709689600,True
109,257,28013,0,-774580988,774580989,744307524,True
109,257,28013,1,-774580988,774580989,744307524,True
109,257,28013,2,-2323742966,774580989,744307524,True
109,257,28013,5,-16266200768,774580989,744307524,True
109,257,28013,7,-33306982526,774580989,744307524,True
109,263,28667,0,-811242110,811242111,779749776,True
109,263,28667,1,-811242110,811242111,779749776,True
109,263,28667,2,-2433726332,811242111,779749776,True
109,263,28667,5,-17036084330,811242111,779749776,True
109,263,28667,7,-34883410772,811242111,779749776,True
109,269,29321,0,-848750888,848750889,816016356,True
109,269,29321,1,-848750888,848750889,816016356,True
109,269,29321,2,-2546252666,848750889,816016356,True
109,269,29321,5,-17823768668,848750889,816016356,True
109,269,29321,7,-36496288226,848750889,816016356,True
109,271,29539,0,-861442182,861442183,828288400,True
109,271,29539,1,-861442182,861442183,828288400,True
109,271,29539,2,-2584326548,861442183,828288400,True
109,271,29539,5,-18090285842,861442183,828288400,True
109,271,29539,7,-37042013868,861442183,828288400,True
109,277,30193,0,-900081168,900081169,865654084,True
109,277,30193,1,-900081168,900081169,865654084,True
109,277,30193,2,-2700243506,900081169,865654084,True
109,277,30193,5,-18901704548,900081169,865654084,True
109,277,30193,7,-38703490266,900081169,865654084,True
109,281,30629,0,-926311412,926311413,891022500,True
109,281,30629,1,-926311412,926311413,891022500,True
109,281,30629,2,-2778934238,926311413,891022500,True
109,281,30629,5,-19452539672,926311413,891022500,True
109,281,30629,7,-39831390758,926311413,891022500,True
109,283,30847,0,-939567810,939567811,903844096,True
109,283,30847,1,-939567810,939567811,903844096,True
109,283,30847,2,-2818703432,939567811,903844096,True
109,283,30847,5,-19730924030,939567811,903844096,True
109,283,30847,7,-40401415872,939567811,903844096,True
109,293,31937,0,-1007262560,1007262561,969325956,True
109,293,31937,1,-1007262560,1007262561,969325956,True
109,293,31937,2,-3021787682,1007262561,969325956,True
109,293,31937,5,-21152513780,1007262561,969325956,True
109,293,31937,7,-43312290122,1007262561,969325956,True
113,127,14351,0,-202549970,202549971,192432384,True
113,127,14351,1,-202549970,202549971,192432384,True
113,127,14351,2,-607649912,202549971,192432384,True
113,127,14351,5,-4253549390,202549971,192432384,True
113,127,14351,7,-8709648752,202549971,192432384,True
113,131,14803,0,-215561366,215561367,204947856,True
113,131,14803,1,-215561366,215561367,204947856,True
113,131,14803,2,-646684100,215561367,204947856,True
113,131,14803,5,-4526788706,215561367,204947856,True
113,131,14803,7,-9269138780,215561367,204947856,True
113,137,15481,0,-235837880,235837881,224460324,True
113,137,15481,1,-235837880,235837881,224460324,True
113,137,15481,2,-707513642,235837881,224460324,True
113,137,15481,5,-4952595500,235837881,224460324,True
113,137,15481,7,-10141028882,235837881,224460324,True
113,139,15707,0,-242799230,242799231,231161616,True
113,139,15707,1,-242799230,242799231,231161616,True
113,139,15707,2,-728397692,242799231,231161616,True
113,139,15707,5,-5098783850,242799231,231161616,True
113,139,15707,7,-10440366932,242799231,231161616,True
113,149,16837,0,-279124820,279124821,266146596,True
113,149,16837,1,-279124820,279124821,266146596,True
113,149,16837,2,-837374462,279124821,266146596,True
113,149,16837,5,-5861621240,279124821,266146596,True
113,149,16837,7,-12002367302,279124821,266146596,True
113,151,17063,0,-286693706,286693707,273439296,True
113,151,17063,1,-286693706,286693707,273439296,True
113,151,17063,2,-860081120,286693707,273439296,True
113,151,17063,5,-6020567846,286693707,273439296,True
113,151,17063,7,-12327829400,286693707,273439296,True
113,157,17741,0,-310007900,310007901,295908804,True
113,157,17741,1,-310007900,310007901,295908804,True
113,157,17741,2,-930023702,310007901,295908804,True
113,157,17741,5,-6510165920,310007901,295908804,True
113,157,17741,7,-13330339742,310007901,295908804,True
113,163,18419,0,-334233398,334233399,319265424,True
113,163,18419,1,-334233398,334233399,319265424,True
113,163,18419,2,-1002700196,334233399,319265424,True
113,163,18419,5,-7018901378,334233399,319265424,True
113,163,18419,7,-14372036156,334233399,319265424,True
113,167,18871,0,-350890010,350890011,335329344,True
113,167,18871,1,-350890010,350890011,335329344,True
113,167,18871,2,-1052670032,350890011,335329344,True
113,167,18871,5,-7368690230,350890011,335329344,True
113,167,18871,7,-15088270472,350890011,335329344,True
113,173,19549,0,-376634348,376634349,360164484,True
113,173,19549,1,-376634348,376634349,360164484,True
113,173,19549,2,-1129903046,376634349,360164484,True
113,173,19549,5,-7909321328,376634349,360164484,True
113,173,19549,7,-16195277006,376634349,360164484,True
113,179,20227,0,-403289990,403289991,385886736,True
113,179,20227,1,-403289990,403289991,385886736,True
113,179,20227,2,-1209869972,403289991,385886736,True
113,179,20227,5,-8469089810,403289991,385886736,True
113,179,20227,7,-17341469612,403289991,385886736,True
113,181,20453,0,-412377716,412377717,394657956,True
113,181,20453,1,-412377716,412377717,394657956,True
113,181,20453,2,-1237133150,412377717,394657956,True
113,181,20453,5,-8659932056,412377717,394657956,True
113,181,20453,7,-17732241830,412377717,394657956,True
113,191,21583,0,-459335186,459335187,439992576,True
113,191,21583,1,-459335186,459335187,439992576,True
113,191,21583,2,-1378005560,459335187,439992576,True
113,191,21583,5,-9646038926,459335187,439992576,True
113,191,21583,7,-19751413040,459335187,439992576,True
113,193,21809,0,-469030448,469030449,449355204,True
113,193,21809,1,-469030448,469030449,449355204,True
113,193,21809,2,-1407091346,469030449,449355204,True
113,193,21809,5,-9849639428,469030449,449355204,True
113,193,21809,7,-20168309306,469030449,449355204,True
113,197,22261,0,-488724740,488724741,468376164,True
113,197,22261,1,-488724740,488724741,468376164,True
113,197,22261,2,-1466174222,488724741,468376164,True
113,197,22261,5,-10263219560,488724741,468376164,True
113,197,22261,7,-21015163862,488724741,468376164,True
113,199,22487,0,-498723770,498723771,478034496,True
113,199,22487,1,-498723770,498723771,478034496,True
113,199,22487,2,-1496171312,498723771,478034496,True
113,199,22487,5,-10473199190,498723771,478034496,True
113,199,22487,7,-21445122152,498723771,478034496,True
113,211,23843,0,-560844326,560844327,538054416,True
113,211,23843,1,-560844326,560844327,538054416,True
113,211,23843,2,-1682532980,560844327,538054416,True
113,211,23843,5,-11777730866,560844327,538054416,True
113,211,23843,7,-24116306060,560844327,538054416,True
113,223,25199,0,-626610098,626610099,601622784,True
113,223,25199,1,-626610098,626610099,601622784,True
113,223,25199,2,-1879830296,626610099,601622784,True
113,223,25199,5,-13158812078,626610099,601622784,True
113,223,25199,7,-26944234256,626610099,601622784,True
113,227,25651,0,-649342070,649342071,623600784,True
113,227,25651,1,-649342070,649342071,623600784,True
113,227,25651,2,-1948026212,649342071,623600784,True
113,227,25651,5,-13636183490,649342071,623600784,True
113,227,25651,7,-27921709052,649342071,623600784,True
113,229,25877,0,-660859940,660859941,634737636,True
113,229,25877,1,-660859940,660859941,634737636,True
113,229,25877,2,-1982579822,660859941,634737636,True
113,229,25877,5,-13878058760,660859941,634737636,True
113,229,25877,7,-28416977462,660859941,634737636,True
113,233,26329,0,-684199448,684199449,657307044,True
113,233,26329,1,-684199448,684199449,657307044,True
113,233,26329,2,-2052598346,684199449,657307044,True
113,233,26329,5,-14368188428,684199449,657307044,True
113,233,26329,7,-29420576306,684199449,657307044,True
113,239,27007,0,-719968130,719968131,691900416,True
113,239,27007,1,-719968130,719968131,691900416,True
113,239,27007,2,-2159904392,719968131,691900416,True
113,239,27007,5,-15119330750,719968131,691900416,True
113,239,27007,7,-30958629632,719968131,691900416,True
113,241,27233,0,-732093536,732093537,703628676,True
113,241,27233,1,-732093536,732093537,703628676,True
113,241,27233,2,-2196280610,732093537,703628676,True
113,241,27233,5,-15373964276,732093537,703628676,True
113,241,27233,7,-31480022090,732093537,703628676,True
113,251,28363,0,-794239406,794239407,763748496,True
113,251,28363,1,-794239406,794239407,763748496,True
113,251,28363,2,-2382718220,794239407,763748496,True
113,251,28363,5,-16679027546,794239407,763748496,True
113,251,28363,7,-34152294500,794239407,763748496,True
113,257,29041,0,-832742000,832742001,801003204,True
113,257,29041,1,-832742000,832742001,801003204,True
113,257,29041,2,-2498226002,832742001,801003204,True
113,257,29041,5,-17487582020,832742001,801003204,True
113,257,29041,7,-35807906042,832742001,801003204,True
113,263,29719,0,-872155898,872155899,839145024,True
113,263,29719,1,-872155898,872155899,839145024,True
113,263,29719,2,-2616467696,872155899,839145024,True
113,263,29719,5,-18315273878,872155899,839145024,True
113,263,29719,7,-37502703656,872155899,839145024,True
113,269,30397,0,-912481100,912481101,878173956,True
113,269,30397,1,-912481100,912481101,878173956,True
113,269,30397,2,-2737443302,912481101,878173956,True
113,269,30397,5,-19162103120,912481101,878173956,True
113,269,30397,7,-39236687342,912481101,878173956,True
113,271,30623,0,-926125346,926125347,891380736,True
113,271,30623,1,-926125346,926125347,891380736,True
113,271,30623,2,-2778376040,926125347,891380736,True
113,271,30623,5,-19448632286,926125347,891380736,True
113,271,30623,7,-39823389920,926125347,891380736,True
113,277,31301,0,-967665620,967665621,931592484,True
113,277,31301,1,-967665620,967665621,931592484,True
113,277,31301,2,-2902996862,967665621,931592484,True
113,277,31301,5,-20320978040,967665621,931592484,True
113,277,31301,7,-41609621702,967665621,931592484,True
113,281,31753,0,-995865416,995865417,958893156,True
113,281,31753,1,-995865416,995865417,958893156,True
113,281,31753,2,-2987596250,995865417,958893156,True
113,281,31753,5,-20913173756,995865417,958893156,True
113,281,31753,7,-42822212930,995865417,958893156,True
113,283,31979,0,-1010117198,1010117199,972691344,True
113,283,31979,1,-1010117198,1010117199,972691344,True
113,283,31979,2,-3030351596,1010117199,972691344,True
113,283,31979,5,-21212461178,1010117199,972691344,True
113,283,31979,7,-43435039556,1010117199,972691344,True
113,293,33109,0,-1082894948,1082894949,1043160804,True
113,293,33109,1,-1082894948,1082894949,1043160804,True
113,293,33109,2,-3248684846,1082894949,1043160804,True
113,293,33109,5,-22740793928,1082894949,1043160804,True
113,293,33109,7,-46564482806,1082894949,1043160804,True
127,131,16637,0,-272547092,272547093,259918884,True
127,131,16637,1,-272547092,272547093,259918884,True
127,131,16637,2,-817641278,272547093,259918884,True
127,131,16637,5,-5723488952,272547093,259918884,True
127,131,16637,7,-11719524998,272547093,259918884,True
127,137,17399,0,-298183898,298183899,284664384,True
127,137,17399,1,-298183898,298183899,284664384,True
127,137,17399,2,-894551696,298183899,284664384,True
127,137,17399,5,-6261861878,298183899,284664384,True
127,137,17399,7,-12821907656,298183899,284664384,True
127,139,17653,0,-306985548,306985549,293162884,True
127,139,17653,1,-306985548,306985549,293162884,True
127,139,17653,2,-920956646,306985549,293162884,True
127,139,17653,5,-6446696528,306985549,293162884,True
127,139,17653,7,-13200378606,306985549,293162884,True
127,149,18923,0,-352914158,352914159,337530384,True
127,149,18923,1,-352914158,352914159,337530384,True
127,149,18923,2,-1058742476,352914159,337530384,True
127,149,18923,5,-7411197338,352914159,337530384,True
127,149,18923,7,-15175308836,352914159,337530384,True
127,151,19177,0,-362483952,362483953,346778884,True
127,151,19177,1,-362483952,362483953,346778884,True
127,151,19177,2,-1087451858,362483953,346778884,True
127,151,19177,5,-7612163012,362483953,346778884,True
127,151,19177,7,-15586809978,362483953,346778884,True
127,157,19939,0,-391961478,391961479,375274384,True
127,157,19939,1,-391961478,391961479,375274384,True
127,157,19939,2,-1175884436,391961479,375274384,True
127,157,19939,5,-8231191058,391961479,375274384,True
127,157,19939,7,-16854343596,391961479,375274384,True
127,163,20701,0,-422591220,422591221,404894884,True
127,163,20701,1,-422591220,422591221,404894884,True
127,163,20701,2,-1267773662,422591221,404894884,True
127,163,20701,5,-8874415640,422591221,404894884,True
127,163,20701,7,-18171422502,422591221,404894884,True
127,167,21209,0,-443651168,443651169,425266884,True
127,167,21209,1,-443651168,443651169,425266884,True
127,167,21209,2,-1330953506,443651169,425266884,True
127,167,21209,5,-9316674548,443651169,425266884,True
127,167,21209,7,-19077000266,443651169,425266884,True
127,173,21971,0,-476201270,476201271,456762384,True
127,173,21971,1,-476201270,476201271,456762384,True
127,173,21971,2,-1428603812,476201271,456762384,True
127,173,21971,5,-10000226690,476201271,456762384,True
127,173,21971,7,-20476654652,476201271,456762384,True
127,179,22733,0,-509903588,509903589,489382884,True
127,179,22733,1,-509903588,509903589,489382884,True
127,179,22733,2,-1529710766,509903589,489382884,True
127,179,22733,5,-10707975368,509903589,489382884,True
127,179,22733,7,-21925854326,509903589,489382884,True
127,181,22987,0,-521393742,521393743,500506384,True
127,181,22987,1,-521393742,521393743,500506384,True
127,181,22987,2,-1564181228,521393743,500506384,True
127,181,22987,5,-10949268602,521393743,500506384,True
127,181,22987,7,-22419930948,521393743,500506384,True
127,191,24257,0,-580764872,580764873,557998884,True
127,191,24257,1,-580764872,580764873,557998884,True
127,191,24257,2,-1742294618,580764873,557998884,True
127,191,24257,5,-12196062332,580764873,557998884,True
127,191,24257,7,-24972889538,580764873,557998884,True
127,193,24511,0,-593023170,593023171,569872384,True
127,193,24511,1,-593023170,593023171,569872384,True
127,193,24511,2,-1779069512,593023171,569872384,True
127,193,24511,5,-12453486590,593023171,569872384,True
127,193,24511,7,-25499996352,593023171,569872384,True
127,197,25019,0,-617923838,617923839,593994384,True
127,197,25019,1,-617923838,617923839,593994384,True
127,197,25019,2,-1853771516,617923839,593994384,True
127,197,25019,5,-12976400618,617923839,593994384,True
127,197,25019,7,-26570725076,617923839,593994384,True
127,199,25273,0,-630566208,630566209,606242884,True
127,199,25273,1,-630566208,630566209,606242884,True
127,199,25273,2,-1891698626,630566209,606242884,True
127,199,25273,5,-13241890388,630566209,606242884,True
127,199,25273,7,-27114346986,630566209,606242884,True
127,211,26797,0,-709108932,709108933,682358884,True
127,211,26797,1,-709108932,709108933,682358884,True
127,211,26797,2,-2127326798,709108933,682358884,True
127,211,26797,5,-14891287592,709108933,682358884,True
127,211,26797,7,-30491684118,709108933,682358884,True
127,223,28321,0,-792260520,792260521,762974884,True
127,223,28321,1,-792260520,792260521,762974884,True
127,223,28321,2,-2376781562,792260521,762974884,True
127,223,28321,5,-16637470940,792260521,762974884,True
127,223,28321,7,-34067202402,792260521,762974884,True
127,227,28829,0,-821001908,821001909,790846884,True
127,227,28829,1,-821001908,821001909,790846884,True
127,227,28829,2,-2463005726,821001909,790846884,True
127,227,28829,5,-17241040088,821001909,790846884,True
127,227,28829,7,-35303082086,821001909,790846884,True
127,229,29083,0,-835564638,835564639,804970384,True
127,229,29083,1,-835564638,835564639,804970384,True
127,229,29083,2,-2506693916,835564639,804970384,True
127,229,29083,5,-17546857418,835564639,804970384,True
127,229,29083,7,-35929279476,835564639,804970384,True
127,233,29591,0,-865074170,865074171,833592384,True
127,233,29591,1,-865074170,865074171,833592384,True
127,233,29591,2,-2595222512,865074171,833592384,True
127,233,29591,5,-18166557590,865074171,833592384,True
127,233,29591,7,-37198189352,865074171,833592384,True
127,239,30353,0,-910298648,910298649,877462884,True
127,239,30353,1,-910298648,910298649,877462884,True
127,239,30353,2,-2730895946,910298649,877462884,True
127,239,30353,5,-19116271628,910298649,877462884,True
127,239,30353,7,-39142841906,910298649,877462884,True
127,241,30607,0,-925629522,925629523,892336384,True
127,241,30607,1,-925629522,925629523,892336384,True
127,241,30607,2,-2776888568,925629523,892336384,True
127,241,30607,5,-19438219982,925629523,892336384,True
127,241,30607,7,-39802069488,925629523,892336384,True
127,251,31877,0,-1004204252,1004204253,968578884,True
127,251,31877,1,-1004204252,1004204253,968578884,True
127,251,31877,2,-3012612758,1004204253,968578884,True
127,251,31877,5,-21088289312,1004204253,968578884,True
127,251,31877,7,-43180782878,1004204253,968578884,True
127,257,32639,0,-1052885378,1052885379,1015824384,True
127,257,32639,1,-1052885378,1052885379,1015824384,True
127,257,32639,2,-3158656136,1052885379,1015824384,True
127,257,32639,5,-22110592958,1052885379,1015824384,True
127,257,32639,7,-45274071296,1052885379,1015824384,True
127,263,33401,0,-1102718720,1102718721,1064194884,True
127,263,33401,1,-1102718720,1102718721,1064194884,True
127,263,33401,2,-3308156162,1102718721,1064194884,True
127,263,33401,5,-23157093140,1102718721,1064194884,True
127,263,33401,7,-47416905002,1102718721,1064194884,True
127,269,34163,0,-1153704278,1153704279,1113690384,True
127,269,34163,1,-1153704278,1153704279,1113690384,True
127,269,34163,2,-3461112836,1153704279,1113690384,True
127,269,34163,5,-24227789858,1153704279,1113690384,True
127,269,34163,7,-49609283996,1153704279,1113690384,True
127,271,34417,0,-1170955512,1170955513,1130438884,True
127,271,34417,1,-1170955512,1170955513,1130438884,True
127,271,34417,2,-3512866538,1170955513,1130438884,True
127,271,34417,5,-24590065772,1170955513,1130438884,True
127,271,34417,7,-50351087058,1170955513,1130438884,True
127,277,35179,0,-1223477358,1223477359,1181434384,True
127,277,35179,1,-1223477358,1223477359,1181434384,True
127,277,35179,2,-3670432076,1223477359,1181434384,True
127,277,35179,5,-25693024538,1223477359,1181434384,True
127,277,35179,7,-52609526436,1223477359,1181434384,True
127,281,35687,0,-1259132042,1259132043,1216056384,True
127,281,35687,1,-1259132042,1259132043,1216056384,True
127,281,35687,2,-3777396128,1259132043,1216056384,True
127,281,35687,5,-26441772902,1259132043,1216056384,True
127,281,35687,7,-54142677848,1259132043,1216056384,True
127,283,35941,0,-1277151420,1277151421,1233554884,True
127,283,35941,1,-1277151420,1277151421,1233554884,True
127,283,35941,2,-3831454262,1277151421,1233554884,True
127,283,35941,5,-26820179840,1277151421,1233554884,True
127,283,35941,7,-54917511102,1277151421,1233554884,True
127,293,37211,0,-1369168670,1369168671,1322922384,True
127,293,37211,1,-1369168670,1369168671,1322922384,True
127,293,37211,2,-4107506012,1369168671,1322922384,True
127,293,37211,5,-28752542090,1369168671,1322922384,True
127,293,37211,7,-58874252852,1369168671,1322922384,True
131,137,17947,0,-317338622,317338623,303177744,True
131,137,17947,1,-317338622,317338623,303177744,True
131,137,17947,2,-952015868,317338623,303177744,True
131,137,17947,5,-6664111082,317338623,303177744,True
131,137,17947,7,-13645560788,317338623,303177744,True
131,139,18209,0,-326705672,326705673,312228900,True
131,139,18209,1,-326705672,326705673,312228900,True
131,139,18209,2,-980117018,326705673,312228900,True
131,139,18209,5,-6860819132,326705673,312228900,True
131,139,18209,7,-14048343938,326705673,312228900,True
131,149,19519,0,-375584642,375584643,359481600,True
131,149,19519,1,-375584642,375584643,359481600,True
131,149,19519,2,-1126753928,375584643,359481600,True
131,149,19519,5,-7887277502,375584643,359481600,True
131,149,19519,7,-16150139648,375584643,359481600,True
131,151,19781,0,-385769180,385769181,369331524,True
131,151,19781,1,-385769180,385769181,369331524,True
131,151,19781,2,-1157307542,385769181,369331524,True
131,151,19781,5,-8101152800,385769181,369331524,True
131,151,19781,7,-16588074782,385769181,369331524,True
131,157,20567,0,-417140282,417140283,399680064,True
131,157,20567,1,-417140282,417140283,399680064,True
131,157,20567,2,-1251420848,417140283,399680064,True
131,157,20567,5,-8759945942,417140283,399680064,True
131,157,20567,7,-17937032168,417140283,399680064,True
131,163,21353,0,-449737616,449737617,431226756,True
131,163,21353,1,-449737616,449737617,431226756,True
131,163,21353,2,-1349212850,449737617,431226756,True
131,163,21353,5,-9444489956,449737617,431226756,True
131,163,21353,7,-19338717530,449737617,431226756,True
131,167,21877,0,-472150412,472150413,452923524,True
131,167,21877,1,-472150412,472150413,452923524,True
131,167,21877,2,-1416451238,472150413,452923524,True
131,167,21877,5,-9915158672,472150413,452923524,True
131,167,21877,7,-20302467758,472150413,452923524,True
131,173,22663,0,-506791466,506791467,486467136,True
131,173,22663,1,-506791466,506791467,486467136,True
131,173,22663,2,-1520374400,506791467,486467136,True
131,173,22663,5,-10642620806,506791467,486467136,True
131,173,22663,7,-21792033080,506791467,486467136,True
131,179,23449,0,-542658752,542658753,521208900,True
131,179,23449,1,-542658752,542658753,521208900,True
131,179,23449,2,-1627976258,542658753,521208900,True
131,179,23449,5,-11395833812,542658753,521208900,True
131,179,23449,7,-23334326378,542658753,521208900,True
131,181,23711,0,-554887010,554887011,533055744,True
131,181,23711,1,-554887010,554887011,533055744,True
131,181,23711,2,-1664661032,554887011,533055744,True
131,181,23711,5,-11652627230,554887011,533055744,True
131,181,23711,7,-23860141472,554887011,533055744,True
131,191,25021,0,-618072020,618072021,594286884,True
131,191,25021,1,-618072020,618072021,594286884,True
131,191,25021,2,-1854216062,618072021,594286884,True
131,191,25021,5,-12979512440,618072021,594286884,True
131,191,25021,7,-26577096902,618072021,594286884,True
131,193,25283,0,-631117766,631117767,606932496,True
131,193,25283,1,-631117766,631117767,606932496,True
131,193,25283,2,-1893353300,631117767,606932496,True
131,193,25283,5,-13253473106,631117767,606932496,True
131,193,25283,7,-27138063980,631117767,606932496,True
131,197,25807,0,-657618002,657618003,632623104,True
131,197,25807,1,-657618002,657618003,632623104,True
131,197,25807,2,-1972854008,657618003,632623104,True
131,197,25807,5,-13809978062,657618003,632623104,True
131,197,25807,7,-28277574128,657618003,632623104,True
131,199,26069,0,-671072492,671072493,645668100,True
131,199,26069,1,-671072492,671072493,645668100,True
131,199,26069,2,-2013217478,671072493,645668100,True
131,199,26069,5,-14092522352,671072493,645668100,True
131,199,26069,7,-28856117198,671072493,645668100,True
131,211,27641,0,-754660640,754660641,726733764,True
131,211,27641,1,-754660640,754660641,726733764,True
131,211,27641,2,-2263981922,754660641,726733764,True
131,211,27641,5,-15847873460,754660641,726733764,True
131,211,27641,7,-32450407562,754660641,726733764,True
131,223,29213,0,-843153716,843153717,812592036,True
131,223,29213,1,-843153716,843153717,812592036,True
131,223,29213,2,-2529461150,843153717,812592036,True
131,223,29213,5,-17706228056,843153717,812592036,True
131,223,29213,7,-36255609830,843153717,812592036,True
131,227,29737,0,-873741392,873741393,842276484,True
131,227,29737,1,-873741392,873741393,842276484,True
131,227,29737,2,-2621224178,873741393,842276484,True
131,227,29737,5,-18348569252,873741393,842276484,True
131,227,29737,7,-37570879898,873741393,842276484,True
131,229,29999,0,-889239602,889239603,857318400,True
131,229,29999,1,-889239602,889239603,857318400,True
131,229,29999,2,-2667718808,889239603,857318400,True
131,229,29999,5,-18674031662,889239603,857318400,True
131,229,29999,7,-38237302928,889239603,857318400,True
131,233,30523,0,-920644766,920644767,887801616,True
131,233,30523,1,-920644766,920644767,887801616,True
131,233,30523,2,-2761934300,920644767,887801616,True
131,233,30523,5,-19333540106,920644767,887801616,True
131,233,30523,7,-39587724980,920644767,887801616,True
131,239,31309,0,-968774372,968774373,934524900,True
131,239,31309,1,-968774372,968774373,934524900,True
131,239,31309,2,-2906323118,968774373,934524900,True
131,239,31309,5,-20344261832,968774373,934524900,True
131,239,31309,7,-41657298038,968774373,934524900,True
131,241,31571,0,-985090070,985090071,950365584,True
131,241,31571,1,-985090070,985090071,950365584,True
131,241,31571,2,-2955270212,985090071,950365584,True
131,241,31571,5,-20686891490,985090071,950365584,True
131,241,31571,7,-42358873052,985090071,950365584,True
131,251,32881,0,-1068712280,1068712281,1031565924,True
131,251,32881,1,-1068712280,1068712281,1031565924,True
131,251,32881,2,-3206136842,1068712281,1031565924,True
131,251,32881,5,-22442957900,1068712281,1031565924,True
131,251,32881,7,-45954628082,1068712281,1031565924,True
131,257,33667,0,-1120520582,1120520583,1081883664,True
131,257,33667,1,-1120520582,1120520583,1081883664,True
131,257,33667,2,-3361561748,1120520583,1081883664,True
131,257,33667,5,-23530932242,1120520583,1081883664,True
131,257,33667,7,-48182385068,1120520583,1081883664,True
131,263,34453,0,-1173555116,1173555117,1133399556,True
131,263,34453,1,-1173555116,1173555117,1133399556,True
131,263,34453,2,-3520665350,1173555117,1133399556,True
131,263,34453,5,-24644657456,1173555117,1133399556,True
131,263,34453,7,-50462870030,1173555117,1133399556,True
131,269,35239,0,-1227815882,1227815883,1186113600,True
131,269,35239,1,-1227815882,1227815883,1186113600,True
131,269,35239,2,-3683447648,1227815883,1186113600,True
131,269,35239,5,-25784133542,1227815883,1186113600,True
131,269,35239,7,-52796082968,1227815883,1186113600,True
131,271,35501,0,-1246175300,1246175301,1203951204,True
131,271,35501,1,-1246175300,1246175301,1203951204,True
131,271,35501,2,-3738525902,1246175301,1203951204,True
131,271,35501,5,-26169681320,1246175301,1203951204,True
131,271,35501,7,-53585537942,1246175301,1203951204,True
131,277,36287,0,-1302071042,1302071043,1258262784,True
131,277,36287,1,-1302071042,1302071043,1258262784,True
131,277,36287,2,-3906213128,1302071043,1258262784,True
131,277,36287,5,-27343491902,1302071043,1258262784,True
131,277,36287,7,-55989054848,1302071043,1258262784,True
131,281,36811,0,-1340016110,1340016111,1295136144,True
131,281,36811,1,-1340016110,1340016111,1295136144,True
131,281,36811,2,-4020048332,1340016111,1295136144,True
131,281,36811,5,-28140338330,1340016111,1295136144,True
131,281,36811,7,-57620692772,1340016111,1295136144,True
131,283,37073,0,-1359193016,1359193017,1313772516,True
131,283,37073,1,-1359193016,1359193017,1313772516,True
131,283,37073,2,-4077579050,1359193017,1313772516,True
131,283,37073,5,-28543053356,1359193017,1313772516,True
131,283,37073,7,-58445299730,1359193017,1313772516,True
131,293,38383,0,-1457121266,1457121267,1408951296,True
131,293,38383,1,-1457121266,1457121267,1408951296,True
131,293,38383,2,-4371363800,1457121267,1408951296,True
131,293,38383,5,-30599546606,1457121267,1408951296,True
131,293,38383,7,-62656214480,1457121267,1408951296,True
137,139,19043,0,-357436838,357436839,341954064,True
137,139,19043,1,-357436838,357436839,341954064,True
137,139,19043,2,-1072310516,357436839,341954064,True
137,139,19043,5,-7506173618,357436839,341954064,True
137,139,19043,7,-15369784076,357436839,341954064,True
137,149,20413,0,-410913548,410913549,393704964,True
137,149,20413,1,-410913548,410913549,393704964,True
137,149,20413,2,-1232740646,410913549,393704964,True
137,149,20413,5,-8629184528,410913549,393704964,True
137,149,20413,7,-17669282606,410913549,393704964,True
137,151,20687,0,-422056082,422056083,404492544,True
137,151,20687,1,-422056082,422056083,404492544,True
137,151,20687,2,-1266168248,422056083,404492544,True
137,151,20687,5,-8863177742,422056083,404492544,True
137,151,20687,7,-18148411568,422056083,404492544,True
137,157,21509,0,-456378068,456378069,437730084,True
137,157,21509,1,-456378068,456378069,437730084,True
137,157,21509,2,-1369134206,456378069,437730084,True
137,157,21509,5,-9583939448,456378069,437730084,True
137,157,21509,7,-19624256966,456378069,437730084,True
137,163,22331,0,-492041630,492041631,472279824,True
137,163,22331,1,-492041630,492041631,472279824,True
137,163,22331,2,-1476124892,492041631,472279824,True
137,163,22331,5,-10332874250,492041631,472279824,True
137,163,22331,7,-21157790132,492041631,472279824,True
137,167,22879,0,-516562658,516562659,496041984,True
137,167,22879,1,-516562658,516562659,496041984,True
137,167,22879,2,-1549687976,516562659,496041984,True
137,167,22879,5,-10847815838,516562659,496041984,True
137,167,22879,7,-22212194336,516562659,496041984,True
137,173,23701,0,-554462180,554462181,532778724,True
137,173,23701,1,-554462180,554462181,532778724,True
137,173,23701,2,-1663386542,554462181,532778724,True
137,173,23701,5,-11643705800,554462181,532778724,True
137,173,23701,7,-23841873782,554462181,532778724,True
137,179,24523,0,-593703278,593703279,570827664,True
137,179,24523,1,-593703278,593703279,570827664,True
137,179,24523,2,-1781109836,593703279,570827664,True
137,179,24523,5,-12467768858,593703279,570827664,True
137,179,24523,7,-25529240996,593703279,570827664,True
137,181,24797,0,-607081772,607081773,583802244,True
137,181,24797,1,-607081772,607081773,583802244,True
137,181,24797,2,-1821245318,607081773,583802244,True
137,181,24797,5,-12748717232,607081773,583802244,True
137,181,24797,7,-26104516238,607081773,583802244,True
137,191,26167,0,-676210202,676210203,650862144,True
137,191,26167,1,-676210202,676210203,650862144,True
137,191,26167,2,-2028630608,676210203,650862144,True
137,191,26167,5,-14200414262,676210203,650862144,True
137,191,26167,7,-29077038728,676210203,650862144,True
137,193,26441,0,-690483080,690483081,664711524,True
137,193,26441,1,-690483080,690483081,664711524,True
137,193,26441,2,-2071449242,690483081,664711524,True
137,193,26441,5,-14500144700,690483081,664711524,True
137,193,26441,7,-29690772482,690483081,664711524,True
137,197,26989,0,-719476028,719476029,692847684,True
137,197,26989,1,-719476028,719476029,692847684,True
137,197,26989,2,-2158428086,719476029,692847684,True
137,197,26989,5,-15108996608,719476029,692847684,True
137,197,26989,7,-30937469246,719476029,692847684,True
137,199,27263,0,-734196098,734196099,707134464,True
137,199,27263,1,-734196098,734196099,707134464,True
137,199,27263,2,-2202588296,734196099,707134464,True
137,199,27263,5,-15418118078,734196099,707134464,True
137,199,27263,7,-31570432256,734196099,707134464,True
137,211,28907,0,-825646862,825646863,795916944,True
137,211,28907,1,-825646862,825646863,795916944,True
137,211,28907,2,-2476940588,825646863,795916944,True
137,211,28907,5,-17338584122,825646863,795916944,True
137,211,28907,7,-35502815108,825646863,795916944,True
137,223,30551,0,-922463930,922463931,889948224,True
137,223,30551,1,-922463930,922463931,889948224,True
137,223,30551,2,-2767391792,922463931,889948224,True
137,223,30551,5,-19371742550,922463931,889948224,True
137,223,30551,7,-39665949032,922463931,889948224,True
137,227,31099,0,-955928798,955928799,922458384,True
137,227,31099,1,-955928798,955928799,922458384,True
137,227,31099,2,-2867786396,955928799,922458384,True
137,227,31099,5,-20074504778,955928799,922458384,True
137,227,31099,7,-41104938356,955928799,922458384,True
137,229,31373,0,-972884828,972884829,938932164,True
137,229,31373,1,-972884828,972884829,938932164,True
137,229,31373,2,-2918654486,972884829,938932164,True
137,229,31373,5,-20430581408,972884829,938932164,True
137,229,31373,7,-41834047646,972884829,938932164,True
137,233,31921,0,-1007244080,1007244081,972317124,True
137,233,31921,1,-1007244080,1007244081,972317124,True
137,233,31921,2,-3021732242,1007244081,972317124,True
137,233,31921,5,-21152125700,1007244081,972317124,True
137,233,31921,7,-43311495482,1007244081,972317124,True
137,239,32743,0,-1059900938,1059900939,1023488064,True
137,239,32743,1,-1059900938,1059900939,1023488064,True
137,239,32743,2,-3179702816,1059900939,1023488064,True
137,239,32743,5,-22257919718,1059900939,1023488064,True
137,239,32743,7,-45575740376,1059900939,1023488064,True
137,241,33017,0,-1077751352,1077751353,1040836644,True
137,241,33017,1,-1077751352,1077751353,1040836644,True
137,241,33017,2,-3233254058,1077751353,1040836644,True
137,241,33017,5,-22632778412,1077751353,1040836644,True
137,241,33017,7,-46343308178,1077751353,1040836644,True
137,251,34387,0,-1169239382,1169239383,1129766544,True
137,251,34387,1,-1169239382,1169239383,1129766544,True
137,251,34387,2,-3507718148,1169239383,1129766544,True
137,251,34387,5,-24554027042,1169239383,1129766544,True
137,251,34387,7,-50277293468,1169239383,1129766544,True
137,257,35209,0,-1225920968,1225920969,1184874084,True
137,257,35209,1,-1225920968,1225920969,1184874084,True
137,257,35209,2,-3677762906,1225920969,1184874084,True
137,257,35209,5,-25744340348,1225920969,1184874084,True
137,257,35209,7,-52714601666,1225920969,1184874084,True
137,263,36031,0,-1283944130,1283944131,1241293824,True
137,263,36031,1,-1283944130,1283944131,1241293824,True
137,263,36031,2,-3851832392,1283944131,1241293824,True
137,263,36031,5,-26962826750,1283944131,1241293824,True
137,263,36031,7,-55209597632,1283944131,1241293824,True
137,269,36853,0,-1343308868,1343308869,1299025764,True
137,269,36853,1,-1343308868,1343308869,1299025764,True
137,269,36853,2,-4029926606,1343308869,1299025764,True
137,269,36853,5,-28209486248,1343308869,1299025764,True
137,269,36853,7,-57762281366,1343308869,1299025764,True
137,271,37127,0,-1363395242,1363395243,1318561344,True
137,271,37127,1,-1363395242,1363395243,1318561344,True
137,271,37127,2,-4090185728,1363395243,1318561344,True
137,271,37127,5,-28631300102,1363395243,1318561344,True
137,271,37127,7,-58625995448,1363395243,1318561344,True
137,277,37949,0,-1424548748,1424548749,1378042884,True
137,277,37949,1,-1424548748,1424548749,1378042884,True
137,277,37949,2,-4273646246,1424548749,1378042884,True
137,277,37949,5,-29915523728,1424548749,1378042884,True
137,277,37949,7,-61255596206,1424548749,1378042884,True
137,281,38497,0,-1466063072,1466063073,1418426244,True
137,281,38497,1,-1466063072,1466063073,1418426244,True
137,281,38497,2,-4398189218,1466063073,1418426244,True
137,281,38497,5,-30787324532,1466063073,1418426244,True
137,281,38497,7,-63040712138,1466063073,1418426244,True
137,283,38771,0,-1487043830,1487043831,1438836624,True
137,283,38771,1,-1487043830,1487043831,1438836624,True
137,283,38771,2,-4461131492,1487043831,1438836624,True
137,283,38771,5,-31227920450,1487043831,1438836624,True
137,283,38771,7,-63942884732,1487043831,1438836624,True
137,293,40141,0,-1594183580,1594183581,1543075524,True
137,293,40141,1,-1594183580,1594183581,1543075524,True
137,293,40141,2,-4782550742,1594183581,1543075524,True
137,293,40141,5,-33477855200,1594183581,1543075524,True
137,293,40141,7,-68549893982,1594183581,1543075524,True
139,149,20711,0,-423042698,423042699,405458496,True
139,149,20711,1,-423042698,423042699,405458496,True
139,149,20711,2,-1269128096,423042699,405458496,True
139,149,20711,5,-8883896678,423042699,405458496,True
139,149,20711,7,-18190836056,423042699,405458496,True
139,151,20989,0,-434514132,434514133,416568100,True
139,151,20989,1,-434514132,434514133,416568100,True
139,151,20989,2,-1303542398,434514133,416568100,True
139,151,20989,5,-9124796792,434514133,416568100,True
139,151,20989,7,-18684107718,434514133,416568100,True
139,157,21823,0,-469849218,469849219,450797824,True
139,157,21823,1,-469849218,469849219,450797824,True
139,157,21823,2,-1409547656,469849219,450797824,True
139,157,21823,5,-9866833598,469849219,450797824,True
139,157,21823,7,-20203516416,469849219,450797824,True
139,163,22657,0,-506565480,506565481,486378916,True
139,163,22657,1,-506565480,506565481,486378916,True
139,163,22657,2,-1519696442,506565481,486378916,True
139,163,22657,5,-10637875100,506565481,486378916,True
139,163,22657,7,-21782315682,506565481,486378916,True
139,167,23213,0,-531810308,531810309,510850404,True
139,167,23213,1,-531810308,531810309,510850404,True
139,167,23213,2,-1595430926,531810309,510850404,True
139,167,23213,5,-11168016488,531810309,510850404,True
139,167,23213,7,-22867843286,531810309,510850404,True
139,173,24047,0,-570828530,570828531,548683776,True
139,173,24047,1,-570828530,570828531,548683776,True
139,173,24047,2,-1712485592,570828531,548683776,True
139,173,24047,5,-11987399150,570828531,548683776,True
139,173,24047,7,-24545626832,570828531,548683776,True
139,179,24881,0,-611227928,611227929,587868516,True
139,179,24881,1,-611227928,611227929,587868516,True
139,179,24881,2,-1833683786,611227929,587868516,True
139,179,24881,5,-12835786508,611227929,587868516,True
139,179,24881,7,-26282800946,611227929,587868516,True
139,181,25159,0,-625001322,625001323,601230400,True
139,181,25159,1,-625001322,625001323,601230400,True
139,181,25159,2,-1875003968,625001323,601230400,True
139,181,25159,5,-13125027782,625001323,601230400,True
139,181,25159,7,-26875056888,625001323,601230400,True
139,191,26549,0,-696170252,696170253,670292100,True
139,191,26549,1,-696170252,696170253,670292100,True
139,191,26549,2,-2088510758,696170253,670292100,True
139,191,26549,5,-14619575312,696170253,670292100,True
139,191,26549,7,-29935320878,696170253,670292100,True
139,193,26827,0,-710864430,710864431,684554896,True
139,193,26827,1,-710864430,710864431,684554896,True
139,193,26827,2,-2132593292,710864431,684554896,True
139,193,26827,5,-14928153050,710864431,684554896,True
139,193,26827,7,-30567170532,710864431,684554896,True
139,197,27383,0,-740713178,740713179,713530944,True
139,197,27383,1,-740713178,740713179,713530944,True
139,197,27383,2,-2222139536,740713179,713530944,True
139,197,27383,5,-15554976758,740713179,713530944,True
139,197,27383,7,-31850666696,740713179,713530944,True
139,199,27661,0,-755867748,755867749,728244196,True
139,199,27661,1,-755867748,755867749,728244196,True
139,199,27661,2,-2267603246,755867749,728244196,True
139,199,27661,5,-15873222728,755867749,728244196,True
139,199,27661,7,-32502313206,755867749,728244196,True
139,211,29329,0,-850017912,850017913,819676900,True
139,211,29329,1,-850017912,850017913,819676900,True
139,211,29329,2,-2550053738,850017913,819676900,True
139,211,29329,5,-17850376172,850017913,819676900,True
139,211,29329,7,-36550770258,850017913,819676900,True
139,223,30997,0,-949692780,949692781,916515076,True
139,223,30997,1,-949692780,949692781,916515076,True
139,223,30997,2,-2849078342,949692781,916515076,True
139,223,30997,5,-19943548400,949692781,916515076,True
139,223,30997,7,-40836789582,949692781,916515076,True
139,227,31553,0,-984145448,984145449,949995684,True
139,227,31553,1,-984145448,984145449,949995684,True
139,227,31553,2,-2952436346,984145449,949995684,True
139,227,31553,5,-20667054428,984145449,949995684,True
139,227,31553,7,-42318254306,984145449,949995684,True
139,229,31831,0,-1001601978,1001601979,966961216,True
139,229,31831,1,-1001601978,1001601979,966961216,True
139,229,31831,2,-3004805936,1001601979,966961216,True
139,229,31831,5,-21033641558,1001601979,966961216,True
139,229,31831,7,-43068885096,1001601979,966961216,True
139,233,32387,0,-1036975430,1036975431,1001342736,True
139,233,32387,1,-1036975430,1036975431,1001342736,True
139,233,32387,2,-3110926292,1036975431,1001342736,True
139,233,32387,5,-21776484050,1036975431,1001342736,True
139,233,32387,7,-44589943532,1036975431,1001342736,True
139,239,33221,0,-1091186588,1091186589,1054041156,True
139,239,33221,1,-1091186588,1091186589,1054041156,True
139,239,33221,2,-3273559766,1091186589,1054041156,True
139,239,33221,5,-22914918368,1091186589,1054041156,True
139,239,33221,7,-46921023326,1091186589,1054041156,True
139,241,33499,0,-1109563902,1109563903,1071907600,True
139,241,33499,1,-1109563902,1109563903,1071907600,True
139,241,33499,2,-3328691708,1109563903,1071907600,True
139,241,33499,5,-23300841962,1109563903,1071907600,True
139,241,33499,7,-47711247828,1109563903,1071907600,True
139,251,34889,0,-1203752432,1203752433,1163492100,True
139,251,34889,1,-1203752432,1203752433,1163492100,True
139,251,34889,2,-3611257298,1203752433,1163492100,True
139,251,34889,5,-25278801092,1203752433,1163492100,True
139,251,34889,7,-51761354618,1203752433,1163492100,True
139,257,35723,0,-1262107118,1262107119,1220244624,True
139,257,35723,1,-1262107118,1262107119,1220244624,True
139,257,35723,2,-3786321356,1262107119,1220244624,True
139,257,35723,5,-26504249498,1262107119,1220244624,True
139,257,35723,7,-54270606116,1262107119,1220244624,True
139,263,36557,0,-1321842980,1321842981,1278348516,True
139,263,36557,1,-1321842980,1321842981,1278348516,True
139,263,36557,2,-3965528942,1321842981,1278348516,True
139,263,36557,5,-27758702600,1321842981,1278348516,True
139,263,36557,7,-56839248182,1321842981,1278348516,True
139,269,37391,0,-1382960018,1382960019,1337803776,True
139,269,37391,1,-1382960018,1382960019,1337803776,True
139,269,37391,2,-4148880056,1382960019,1337803776,True
139,269,37391,5,-29042160398,1382960019,1337803776,True
139,269,37391,7,-59467280816,1382960019,1337803776,True
139,271,37669,0,-1403639292,1403639293,1357922500,True
139,271,37669,1,-1403639292,1403639293,1357922500,True
139,271,37669,2,-4210917878,1403639293,1357922500,True
139,271,37669,5,-29476425152,1403639293,1357922500,True
139,271,37669,7,-60356489598,1403639293,1357922500,True
139,277,38503,0,-1466597898,1466597899,1419179584,True
139,277,38503,1,-1466597898,1466597899,1419179584,True
139,277,38503,2,-4399793696,1466597899,1419179584,True
139,277,38503,5,-30798555878,1466597899,1419179584,True
139,277,38503,7,-63063709656,1466597899,1419179584,True
139,281,39059,0,-1509337622,1509337623,1460768400,True
139,281,39059,1,-1509337622,1509337623,1460768400,True
139,281,39059,2,-4528012868,1509337623,1460768400,True
139,281,39059,5,-31696090082,1509337623,1460768400,True
139,281,39059,7,-64901517788,1509337623,1460768400,True
139,283,39337,0,-1530937680,1530937681,1481788036,True
139,283,39337,1,-1530937680,1530937681,1481788036,True
139,283,39337,2,-4592813042,1530937681,1481788036,True
139,283,39337,5,-32149691300,1530937681,1481788036,True
139,283,39337,7,-65830320282,1530937681,1481788036,True
139,293,40727,0,-1641239930,1641239931,1589138496,True
139,293,40727,1,-1641239930,1641239931,1589138496,True
139,293,40727,2,-4923719792,1641239931,1589138496,True
139,293,40727,5,-34466038550,1641239931,1589138496,True
139,293,40727,7,-70573317032,1641239931,1589138496,True
149,151,22499,0,-499522502,499522503,479610000,True
149,151,22499,1,-499522502,499522503,479610000,True
149,151,22499,2,-1498567508,499522503,479610000,True
149,151,22499,5,-10489972562,499522503,479610000,True
149,151,22499,7,-21479467628,499522503,479610000,True
149,157,23393,0,-540144128,540144129,519019524,True
149,157,23393,1,-540144128,540144129,519019524,True
149,157,23393,2,-1620432386,540144129,519019524,True
149,157,23393,5,-11343026708,540144129,519019524,True
149,157,23393,7,-23226197546,540144129,519019524,True
149,163,24287,0,-582353570,582353571,559984896,True
149,163,24287,1,-582353570,582353571,559984896,True
149,163,24287,2,-1747060712,582353571,559984896,True
149,163,24287,5,-12229424990,582353571,559984896,True
149,163,24287,7,-25041203552,582353571,559984896,True
149,167,24883,0,-611375318,611375319,588159504,True
149,167,24883,1,-611375318,611375319,588159504,True
149,167,24883,2,-1834125956,611375319,588159504,True
149,167,24883,5,-12838881698,611375319,588159504,True
149,167,24883,7,-26289138716,611375319,588159504,True
149,173,25777,0,-656231120,656231121,631717956,True
149,173,25777,1,-656231120,656231121,631717956,True
149,173,25777,2,-1968693362,656231121,631717956,True
149,173,25777,5,-13780853540,656231121,631717956,True
149,173,25777,7,-28217938202,656231121,631717956,True
149,179,26671,0,-702674738,702674739,676832256,True
149,179,26671,1,-702674738,702674739,676832256,True
149,179,26671,2,-2108024216,702674739,676832256,True
149,179,26671,5,-14756169518,702674739,676832256,True
149,179,26671,7,-30215013776,702674739,676832256,True
149,181,26969,0,-718508792,718508793,692216100,True
149,181,26969,1,-718508792,718508793,692216100,True
149,181,26969,2,-2155526378,718508793,692216100,True
149,181,26969,5,-15088684652,718508793,692216100,True
149,181,26969,7,-30895878098,718508793,692216100,True
149,191,28459,0,-800325422,800325423,771728400,True
149,191,28459,1,-800325422,800325423,771728400,True
149,191,28459,2,-2400976268,800325423,771728400,True
149,191,28459,5,-16806833882,800325423,771728400,True
149,191,28459,7,-34413993188,800325423,771728400,True
149,193,28757,0,-817218020,817218021,788149476,True
149,193,28757,1,-817218020,817218021,788149476,True
149,193,28757,2,-2451654062,817218021,788149476,True
149,193,28757,5,-17161578440,817218021,788149476,True
149,193,28757,7,-35140374902,817218021,788149476,True
149,197,29353,0,-851532488,851532489,821510244,True
149,197,29353,1,-851532488,851532489,821510244,True
149,197,29353,2,-2554597466,851532489,821510244,True
149,197,29353,5,-17882182268,851532489,821510244,True
149,197,29353,7,-36615897026,851532489,821510244,True
149,199,29651,0,-868954358,868954359,838449936,True
149,199,29651,1,-868954358,868954359,838449936,True
149,199,29651,2,-2606863076,868954359,838449936,True
149,199,29651,5,-18248041538,868954359,838449936,True
149,199,29651,7,-37365037436,868954359,838449936,True
149,211,31439,0,-977190482,977190483,943718400,True
149,211,31439,1,-977190482,977190483,943718400,True
149,211,31439,2,-2931571448,977190483,943718400,True
149,211,31439,5,-20521000142,977190483,943718400,True
149,211,31439,7,-42019190768,977190483,943718400,True
149,223,33227,0,-1091777870,1091777871,1055210256,True
149,223,33227,1,-1091777870,1091777871,1055210256,True
149,223,33227,2,-3275333612,1091777871,1055210256,True
149,223,33227,5,-22927335290,1091777871,1055210256,True
149,223,33227,7,-46946448452,1091777871,1055210256,True
149,227,33823,0,-1131385058,1131385059,1093757184,True
149,227,33823,1,-1131385058,1131385059,1093757184,True
149,227,33823,2,-3394155176,1131385059,1093757184,True
149,227,33823,5,-23759086238,1131385059,1093757184,True
149,227,33823,7,-48649557536,1131385059,1093757184,True
149,229,34121,0,-1151453288,1151453289,1113289956,True
149,229,34121,1,-1151453288,1151453289,1113289956,True
149,229,34121,2,-3454359866,1151453289,1113289956,True
149,229,34121,5,-24180519068,1151453289,1113289956,True
149,229,34121,7,-49512491426,1151453289,1113289956,True
149,233,34717,0,-1192119020,1192119021,1152874116,True
149,233,34717,1,-1192119020,1192119021,1152874116,True
149,233,34717,2,-3576357062,1192119021,1152874116,True
149,233,34717,5,-25034499440,1192119021,1152874116,True
149,233,34717,7,-51261117902,1192119021,1152874116,True
149,239,35611,0,-1254440798,1254440799,1213546896,True
149,239,35611,1,-1254440798,1254440799,1213546896,True
149,239,35611,2,-3763322396,1254440799,1213546896,True
149,239,35611,5,-26343256778,1254440799,1213546896,True
149,239,35611,7,-53940954356,1254440799,1213546896,True
149,241,35909,0,-1275567572,1275567573,1234116900,True
149,241,35909,1,-1275567572,1275567573,1234116900,True
149,241,35909,2,-3826702718,1275567573,1234116900,True
149,241,35909,5,-26786919032,1275567573,1234116900,True
149,241,35909,7,-54849405638,1275567573,1234116900,True
149,251,37399,0,-1383847802,1383847803,1339560000,True
149,251,37399,1,-1383847802,1383847803,1339560000,True
149,251,37399,2,-4151543408,1383847803,1339560000,True
149,251,37399,5,-29060803862,1383847803,1339560000,True
149,251,37399,7,-59505455528,1383847803,1339560000,True
149,257,38293,0,-1450933028,1450933029,1404900324,True
149,257,38293,1,-1450933028,1450933029,1404900324,True
149,257,38293,2,-4352799086,1450933029,1404900324,True
149,257,38293,5,-30469593608,1450933029,1404900324,True
149,257,38293,7,-62390120246,1450933029,1404900324,True
149,263,39187,0,-1519606070,1519606071,1471796496,True
149,263,39187,1,-1519606070,1519606071,1471796496,True
149,263,39187,2,-4558818212,1519606071,1471796496,True
149,263,39187,5,-31911727490,1519606071,1471796496,True
149,263,39187,7,-65343061052,1519606071,1471796496,True
149,269,40081,0,-1589866928,1589866929,1540248516,True
149,269,40081,1,-1589866928,1589866929,1540248516,True
149,269,40081,2,-4769600786,1589866929,1540248516,True
149,269,40081,5,-33387205508,1589866929,1540248516,True
149,269,40081,7,-68364277946,1589866929,1540248516,True
149,271,40379,0,-1613640062,1613640063,1563411600,True
149,271,40379,1,-1613640062,1613640063,1563411600,True
149,271,40379,2,-4840920188,1613640063,1563411600,True
149,271,40379,5,-33886441322,1613640063,1563411600,True
149,271,40379,7,-69386522708,1613640063,1563411600,True
149,277,41273,0,-1686018008,1686018009,1633938084,True
149,277,41273,1,-1686018008,1686018009,1633938084,True
149,277,41273,2,-5058054026,1686018009,1633938084,True
149,277,41273,5,-35406378188,1686018009,1633938084,True
149,277,41273,7,-72498774386,1686018009,1633938084,True
149,281,41869,0,-1735152092,1735152093,1681820100,True
149,281,41869,1,-1735152092,1735152093,1681820100,True
149,281,41869,2,-5205456278,1735152093,1681820100,True
149,281,41869,5,-36438193952,1735152093,1681820100,True
149,281,41869,7,-74611539998,1735152093,1681820100,True
149,283,42167,0,-1759983770,1759983771,1706020416,True
149,283,42167,1,-1759983770,1759983771,1706020416,True
149,283,42167,2,-5279951312,1759983771,1706020416,True
149,283,42167,5,-36959659190,1759983771,1706020416,True
149,283,42167,7,-75679302152,1759983771,1706020416,True
149,293,43657,0,-1886788520,1886788521,1829615076,True
149,293,43657,1,-1886788520,1886788521,1829615076,True
149,293,43657,2,-5660365562,1886788521,1829615076,True
149,293,43657,5,-39622558940,1886788521,1829615076,True
149,293,43657,7,-81131906402,1886788521,1829615076,True
151,157,23707,0,-554790942,554790943,533240464,True
151,157,23707,1,-554790942,554790943,533240464,True
151,157,23707,2,-1664372828,554790943,533240464,True
151,157,23707,5,-11650609802,554790943,533240464,True
151,157,23707,7,-23856010548,554790943,533240464,True
151,163,24613,0,-598144956,598144957,575328196,True
151,163,24613,1,-598144956,598144957,575328196,True
151,163,24613,2,-1794434870,598144957,575328196,True
151,163,24613,5,-12561044096,598144957,575328196,True
151,163,24613,7,-25720233150,598144957,575328196,True
151,167,25217,0,-627953672,627953673,604274724,True
151,167,25217,1,-627953672,627953673,604274724,True
151,167,25217,2,-1883861018,627953673,604274724,True
151,167,25217,5,-13187027132,627953673,604274724,True
151,167,25217,7,-27002007938,627953673,604274724,True
151,173,26123,0,-674025806,674025807,649026576,True
151,173,26123,1,-674025806,674025807,649026576,True
151,173,26123,2,-2022077420,674025807,649026576,True
151,173,26123,5,-14154541946,674025807,649026576,True
151,173,26123,7,-28983109700,674025807,649026576,True
151,179,27029,0,-721728812,721728813,695376900,True
151,179,27029,1,-721728812,721728813,695376900,True
151,179,27029,2,-2165186438,721728813,695376900,True
151,179,27029,5,-15156305072,721728813,695376900,True
151,179,27029,7,-31034338958,721728813,695376900,True
151,181,27331,0,-737992230,737992231,711182224,True
151,181,27331,1,-737992230,737992231,711182224,True
151,181,27331,2,-2213976692,737992231,711182224,True
151,181,27331,5,-15497836850,737992231,711182224,True
151,181,27331,7,-31733665932,737992231,711182224,True
151,191,28841,0,-822027440,822027441,792872964,True
151,191,28841,1,-822027440,822027441,792872964,True
151,191,28841,2,-2466082322,822027441,792872964,True
151,191,28841,5,-17262576260,822027441,792872964,True
151,191,28841,7,-35347179962,822027441,792872964,True
151,193,29143,0,-839378106,839378107,809743936,True
151,193,29143,1,-839378106,839378107,809743936,True
151,193,29143,2,-2518134320,839378107,809743936,True
151,193,29143,5,-17626940246,839378107,809743936,True
151,193,29143,7,-36093258600,839378107,809743936,True
151,197,29747,0,-874623062,874623063,844018704,True
151,197,29747,1,-874623062,874623063,844018704,True
151,197,29747,2,-2623869188,874623063,844018704,True
151,197,29747,5,-18367084322,874623063,844018704,True
151,197,29747,7,-37608791708,874623063,844018704,True
151,199,30049,0,-892517352,892517353,861422500,True
151,199,30049,1,-892517352,892517353,861422500,True
151,199,30049,2,-2677552058,892517353,861422500,True
151,199,30049,5,-18742864412,892517353,861422500,True
151,199,30049,7,-38378246178,892517353,861422500,True
151,211,31861,0,-1003688460,1003688461,969575044,True
151,211,31861,1,-1003688460,1003688461,969575044,True
151,211,31861,2,-3011065382,1003688461,969575044,True
151,211,31861,5,-21077457680,1003688461,969575044,True
151,211,31861,7,-43158603822,1003688461,969575044,True
151,223,33673,0,-1121383056,1121383057,1084121476,True
151,223,33673,1,-1121383056,1121383057,1084121476,True
151,223,33673,2,-3364149170,1121383057,1084121476,True
151,223,33673,5,-23549044196,1121383057,1084121476,True
151,223,33673,7,-48219471450,1121383057,1084121476,True
151,227,34277,0,-1162064252,1162064253,1123724484,True
151,227,34277,1,-1162064252,1162064253,1123724484,True
151,227,34277,2,-3486192758,1162064253,1123724484,True
151,227,34277,5,-24403349312,1162064253,1123724484,True
151,227,34277,7,-49968762878,1162064253,1123724484,True
151,229,34579,0,-1182676662,1182676663,1143792400,True
151,229,34579,1,-1182676662,1182676663,1143792400,True
151,229,34579,2,-3548029988,1182676663,1143792400,True
151,229,34579,5,-24836209922,1182676663,1143792400,True
151,229,34579,7,-50855096508,1182676663,1143792400,True
151,233,35183,0,-1224445106,1224445107,1184461056,True
151,233,35183,1,-1224445106,1224445107,1184461056,True
151,233,35183,2,-3673335320,1224445107,1184461056,True
151,233,35183,5,-25713347246,1224445107,1184461056,True
151,233,35183,7,-52651139600,1224445107,1184461056,True
151,239,36089,0,-1288456832,1288456833,1246796100,True
151,239,36089,1,-1288456832,1288456833,1246796100,True
151,239,36089,2,-3865370498,1288456833,1246796100,True
151,239,36089,5,-27057593492,1288456833,1246796100,True
151,239,36089,7,-55403643818,1288456833,1246796100,True
151,241,36391,0,-1310156490,1310156491,1267929664,True
151,241,36391,1,-1310156490,1310156491,1267929664,True
151,241,36391,2,-3930469472,1310156491,1267929664,True
151,241,36391,5,-27513286310,1310156491,1267929664,True
151,241,36391,7,-56336729112,1310156491,1267929664,True
151,251,37901,0,-1421372900,1421372901,1376261604,True
151,251,37901,1,-1421372900,1421372901,1376261604,True
151,251,37901,2,-4264118702,1421372901,1376261604,True
151,251,37901,5,-29848830920,1421372901,1376261604,True
151,251,37901,7,-61119034742,1421372901,1376261604,True
151,257,38807,0,-1490277242,1490277243,1443392064,True
151,257,38807,1,-1490277242,1490277243,1443392064,True
151,257,38807,2,-4470831728,1490277243,1443392064,True
151,257,38807,5,-31295822102,1490277243,1443392064,True
151,257,38807,7,-64081921448,1490277243,1443392064,True
151,263,39713,0,-1560812456,1560812457,1512120996,True
151,263,39713,1,-1560812456,1560812457,1512120996,True
151,263,39713,2,-4682437370,1560812457,1512120996,True
151,263,39713,5,-32777061596,1560812457,1512120996,True
151,263,39713,7,-67114935650,1560812457,1512120996,True
151,269,40619,0,-1632978542,1632978543,1582448400,True
151,269,40619,1,-1632978542,1632978543,1582448400,True
151,269,40619,2,-4898935628,1632978543,1582448400,True
151,269,40619,5,-34292549402,1632978543,1582448400,True
151,269,40619,7,-70218077348,1632978543,1582448400,True
151,271,40921,0,-1657396320,1657396321,1606246084,True
151,271,40921,1,-1657396320,1657396321,1606246084,True
151,271,40921,2,-4972188962,1657396321,1606246084,True
151,271,40921,5,-34805322740,1657396321,1606246084,True
151,271,40921,7,-71268041802,1657396321,1606246084,True
151,277,41827,0,-1731736902,1731736903,1678704784,True
151,277,41827,1,-1731736902,1731736903,1678704784,True
151,277,41827,2,-5195210708,1731736903,1678704784,True
151,277,41827,5,-36366474962,1731736903,1678704784,True
151,277,41827,7,-74464686828,1731736903,1678704784,True
151,281,42431,0,-1782203330,1782203331,1727898624,True
151,281,42431,1,-1782203330,1782203331,1727898624,True
151,281,42431,2,-5346609992,1782203331,1727898624,True
151,281,42431,5,-37426269950,1782203331,1727898624,True
151,281,42431,7,-76634743232,1782203331,1727898624,True
151,283,42733,0,-1807708356,1807708357,1752761956,True
151,283,42733,1,-1807708356,1807708357,1752761956,True
151,283,42733,2,-5423125070,1807708357,1752761956,True
151,283,42733,5,-37961875496,1807708357,1752761956,True
151,283,42733,7,-77731459350,1807708357,1752761956,True
151,293,44243,0,-1937951606,1937951607,1879742736,True
151,293,44243,1,-1937951606,1937951607,1879742736,True
151,293,44243,2,-5813854820,1937951607,1879742736,True
151,293,44243,5,-40696983746,1937951607,1879742736,True
151,293,44243,7,-83331919100,1937951607,1879742736,True
157,163,25591,0,-646786650,646786651,622602304,True
157,163,25591,1,-646786650,646786651,622602304,True
157,163,25591,2,-1940359952,646786651,622602304,True
157,163,25591,5,-13582519670,646786651,622602304,True
157,163,25591,7,-27811825992,646786651,622602304,True
157,167,26219,0,-679019438,679019439,653927184,True
157,167,26219,1,-679019438,679019439,653927184,True
157,167,26219,2,-2037058316,679019439,653927184,True
157,167,26219,5,-14259408218,679019439,653927184,True
157,167,26219,7,-29197835876,679019439,653927184,True
157,173,27161,0,-728838200,728838201,702356004,True
157,173,27161,1,-728838200,728838201,702356004,True
157,173,27161,2,-2186514602,728838201,702356004,True
157,173,27161,5,-15305602220,728838201,702356004,True
157,173,27161,7,-31340042642,728838201,702356004,True
157,179,28103,0,-780420458,780420459,752514624,True
157,179,28103,1,-780420458,780420459,752514624,True
157,179,28103,2,-2341261376,780420459,752514624,True
157,179,28103,5,-16388829638,780420459,752514624,True
157,179,28103,7,-33558079736,780420459,752514624,True
157,181,28417,0,-798006432,798006433,769618564,True
157,181,28417,1,-798006432,798006433,769618564,True
157,181,28417,2,-2394019298,798006433,769618564,True
157,181,28417,5,-16758135092,798006433,769618564,True
157,181,28417,7,-34314276618,798006433,769618564,True
157,191,29987,0,-888875462,888875463,858021264,True
157,191,29987,1,-888875462,888875463,858021264,True
157,191,29987,2,-2666626388,888875463,858021264,True
157,191,29987,5,-18666384722,888875463,858021264,True
157,191,29987,7,-38221644908,888875463,858021264,True
157,193,30301,0,-907637100,907637101,876278404,True
157,193,30301,1,-907637100,907637101,876278404,True
157,193,30301,2,-2722911302,907637101,876278404,True
157,193,30301,5,-19060379120,907637101,876278404,True
157,193,30301,7,-39028395342,907637101,876278404,True
157,197,30929,0,-945748208,945748209,913369284,True
157,197,30929,1,-945748208,945748209,913369284,True
157,197,30929,2,-2837244626,945748209,913369284,True
157,197,30929,5,-19860712388,945748209,913369284,True
157,197,30929,7,-40667172986,945748209,913369284,True
157,199,31243,0,-965097678,965097679,932203024,True
157,199,31243,1,-965097678,965097679,932203024,True
157,199,31243,2,-2895293036,965097679,932203024,True
157,199,31243,5,-20267051258,965097679,932203024,True
157,199,31243,7,-41499200196,965097679,932203024,True
157,211,33127,0,-1085309322,1085309323,1049241664,True
157,211,33127,1,-1085309322,1085309323,1049241664,True
157,211,33127,2,-3255927968,1085309323,1049241664,True
157,211,33127,5,-22791495782,1085309323,1049241664,True
157,211,33127,7,-46668300888,1085309323,1049241664,True
157,223,35011,0,-1212574950,1212574951,1173199504,True
157,223,35011,1,-1212574950,1212574951,1173199504,True
157,223,35011,2,-3637724852,1212574951,1173199504,True
157,223,35011,5,-25464073970,1212574951,1173199504,True
157,223,35011,7,-52140722892,1212574951,1173199504,True
157,227,35639,0,-1256564378,1256564379,1216056384,True
157,227,35639,1,-1256564378,1256564379,1216056384,True
157,227,35639,2,-3769693136,1256564379,1216056384,True
157,227,35639,5,-26387851958,1256564379,1216056384,True
157,227,35639,7,-54032268296,1256564379,1216056384,True
157,229,35953,0,-1278853008,1278853009,1237773124,True
157,229,35953,1,-1278853008,1278853009,1237773124,True
157,229,35953,2,-3836559026,1278853009,1237773124,True
157,229,35953,5,-26855913188,1278853009,1237773124,True
157,229,35953,7,-54990679386,1278853009,1237773124,True
157,233,36581,0,-1324018100,1324018101,1281783204,True
157,233,36581,1,-1324018100,1324018101,1281783204,True
157,233,36581,2,-3972054302,1324018101,1281783204,True
157,233,36581,5,-27804380120,1324018101,1281783204,True
157,233,36581,7,-56932778342,1324018101,1281783204,True
157,239,37523,0,-1393235318,1393235319,1349239824,True
157,239,37523,1,-1393235318,1393235319,1349239824,True
157,239,37523,2,-4179705956,1393235319,1349239824,True
157,239,37523,5,-29257941698,1393235319,1349239824,True
157,239,37523,7,-59909118716,1393235319,1349239824,True
157,241,37837,0,-1416699612,1416699613,1372109764,True
157,241,37837,1,-1416699612,1416699613,1372109764,True
157,241,37837,2,-4250098838,1416699613,1372109764,True
157,241,37837,5,-29750691872,1416699613,1372109764,True
157,241,37837,7,-60918083358,1416699613,1372109764,True
157,251,39407,0,-1536960242,1536960243,1489342464,True
157,251,39407,1,-1536960242,1536960243,1489342464,True
157,251,39407,2,-4610880728,1536960243,1489342464,True
157,251,39407,5,-32276165102,1536960243,1489342464,True
157,251,39407,7,-66089290448,1536960243,1489342464,True
157,257,40349,0,-1611467948,1611467949,1561988484,True
157,257,40349,1,-1611467948,1611467949,1561988484,True
157,257,40349,2,-4834403846,1611467949,1561988484,True
157,257,40349,5,-33840826928,1611467949,1561988484,True
157,257,40349,7,-69293121806,1611467949,1561988484,True
157,263,41291,0,-1687739150,1687739151,1636364304,True
157,263,41291,1,-1687739150,1687739151,1636364304,True
157,263,41291,2,-5063217452,1687739151,1636364304,True
157,263,41291,5,-35442522170,1687739151,1636364304,True
157,263,41291,7,-72572783492,1687739151,1636364304,True
157,269,42233,0,-1765773848,1765773849,1712469924,True
157,269,42233,1,-1765773848,1765773849,1712469924,True
157,269,42233,2,-5297321546,1765773849,1712469924,True
157,269,42233,5,-37081250828,1765773849,1712469924,True
157,269,42233,7,-75928275506,1765773849,1712469924,True
157,271,42547,0,-1792177302,1792177303,1738222864,True
157,271,42547,1,-1792177302,1792177303,1738222864,True
157,271,42547,2,-5376531908,1792177303,1738222864,True
157,271,42547,5,-37635723362,1792177303,1738222864,True
157,271,42547,7,-77063624028,1792177303,1738222864,True
157,277,43489,0,-1872563328,1872563329,1816634884,True
157,277,43489,1,-1872563328,1872563329,1816634884,True
157,277,43489,2,-5617689986,1872563329,1816634884,True
157,277,43489,5,-39323829908,1872563329,1816634884,True
157,277,43489,7,-80520223146,1872563329,1816634884,True
157,281,44117,0,-1927133732,1927133733,1869870564,True
157,281,44117,1,-1927133732,1927133733,1869870564,True
157,281,44117,2,-5781401198,1927133733,1869870564,True
157,281,44117,5,-40469808392,1927133733,1869870564,True
157,281,44117,7,-82866750518,1927133733,1869870564,True
157,283,44431,0,-1954712850,1954712851,1896776704,True
157,283,44431,1,-1954712850,1954712851,1896776704,True
157,283,44431,2,-5864138552,1954712851,1896776704,True
157,283,44431,5,-41048969870,1954712851,1896776704,True
157,283,44431,7,-84052652592,1954712851,1896776704,True
157,293,46001,0,-2095547600,2095547601,2034190404,True
157,293,46001,1,-2095547600,2095547601,2034190404,True
157,293,46001,2,-6286642802,2095547601,2034190404,True
157,293,46001,5,-44006499620,2095547601,2034190404,True
157,293,46001,7,-90108546842,2095547601,2034190404,True
163,167,27221,0,-732081260,732081261,705539844,True
163,167,27221,1,-732081260,732081261,705539844,True
163,167,27221,2,-2196243782,732081261,705539844,True
163,167,27221,5,-15373706480,732081261,705539844,True
163,167,27221,7,-31479494222,732081261,705539844,True
163,173,28199,0,-785793098,785793099,757790784,True
163,173,28199,1,-785793098,785793099,757790784,True
163,173,28199,2,-2357379296,785793099,757790784,True
163,173,28199,5,-16501655078,785793099,757790784,True
163,173,28199,7,-33789103256,785793099,757790784,True
163,179,29177,0,-841406240,841406241,811908036,True
163,179,29177,1,-841406240,841406241,811908036,True
163,179,29177,2,-2524218722,841406241,811908036,True
163,179,29177,5,-17669531060,841406241,811908036,True
163,179,29177,7,-36180468362,841406241,811908036,True
163,181,29503,0,-860366466,860366467,830361856,True
163,181,29503,1,-860366466,860366467,830361856,True
163,181,29503,2,-2581099400,860366467,830361856,True
163,181,29503,5,-18067695806,860366467,830361856,True
163,181,29503,7,-36995758080,860366467,830361856,True
163,191,31133,0,-958336436,958336437,925741476,True
163,191,31133,1,-958336436,958336437,925741476,True
163,191,31133,2,-2875009310,958336437,925741476,True
163,191,31133,5,-20125065176,958336437,925741476,True
163,191,31133,7,-41208466790,958336437,925741476,True
163,193,31459,0,-978564198,978564199,945439504,True
163,193,31459,1,-978564198,978564199,945439504,True
163,193,31459,2,-2935692596,978564199,945439504,True
163,193,31459,5,-20549848178,978564199,945439504,True
163,193,31459,7,-42078260556,978564199,945439504,True
163,197,32111,0,-1019653490,1019653491,985457664,True
163,197,32111,1,-1019653490,1019653491,985457664,True
163,197,32111,2,-3058960472,1019653491,985457664,True
163,197,32111,5,-21412723310,1019653491,985457664,True
163,197,32111,7,-43845100112,1019653491,985457664,True
163,199,32437,0,-1040515020,1040515021,1005777796,True
163,199,32437,1,-1040515020,1040515021,1005777796,True
163,199,32437,2,-3121545062,1040515021,1005777796,True
163,199,32437,5,-21850815440,1040515021,1005777796,True
163,199,32437,7,-44742145902,1040515021,1005777796,True
163,211,34393,0,-1170120576,1170120577,1132053316,True
163,211,34393,1,-1170120576,1170120577,1132053316,True
163,211,34393,2,-3510361730,1170120577,1132053316,True
163,211,34393,5,-24572532116,1170120577,1132053316,True
163,211,34393,7,-50315184810,1170120577,1132053316,True
163,223,36349,0,-1307331348,1307331349,1265794084,True
163,223,36349,1,-1307331348,1307331349,1265794084,True
163,223,36349,2,-3921994046,1307331349,1265794084,True
163,223,36349,5,-27453958328,1307331349,1265794084,True
163,223,36349,7,-56215248006,1307331349,1265794084,True
163,227,37001,0,-1354758320,1354758321,1312033284,True
163,227,37001,1,-1354758320,1354758321,1312033284,True
163,227,37001,2,-4064274962,1354758321,1312033284,True
163,227,37001,5,-28449924740,1354758321,1312033284,True
163,227,37001,7,-58254607802,1354758321,1312033284,True
163,229,37327,0,-1378788690,1378788691,1335463936,True
163,229,37327,1,-1378788690,1378788691,1335463936,True
163,229,37327,2,-4136366072,1378788691,1335463936,True
163,229,37327,5,-28954562510,1378788691,1335463936,True
163,229,37327,7,-59287913712,1378788691,1335463936,True
163,233,37979,0,-1427483198,1427483199,1382947344,True
163,233,37979,1,-1427483198,1427483199,1382947344,True
163,233,37979,2,-4282449596,1427483199,1382947344,True
163,233,37979,5,-29977147178,1427483199,1382947344,True
163,233,37979,7,-61381777556,1427483199,1382947344,True
163,239,38957,0,-1502109380,1502109381,1455727716,True
163,239,38957,1,-1502109380,1502109381,1455727716,True
163,239,38957,2,-4506328142,1502109381,1455727716,True
163,239,38957,5,-31544297000,1502109381,1455727716,True
163,239,38957,7,-64590703382,1502109381,1455727716,True
163,241,39283,0,-1527407286,1527407287,1480402576,True
163,241,39283,1,-1527407286,1527407287,1480402576,True
163,241,39283,2,-4582221860,1527407287,1480402576,True
163,241,39283,5,-32075553026,1527407287,1480402576,True
163,241,39283,7,-65678513340,1527407287,1480402576,True
163,251,40913,0,-1657065656,1657065657,1606887396,True
163,251,40913,1,-1657065656,1657065657,1606887396,True
163,251,40913,2,-4971196970,1657065657,1606887396,True
163,251,40913,5,-34798378796,1657065657,1606887396,True
163,251,40913,7,-71253823250,1657065657,1606887396,True
163,257,41891,0,-1737395750,1737395751,1685266704,True
163,257,41891,1,-1737395750,1737395751,1685266704,True
163,257,41891,2,-5212187252,1737395751,1685266704,True
163,257,41891,5,-36485310770,1737395751,1685266704,True
163,257,41891,7,-74708017292,1737395751,1685266704,True
163,263,42869,0,-1819627148,1819627149,1765512324,True
163,263,42869,1,-1819627148,1819627149,1765512324,True
163,263,42869,2,-5458881446,1819627149,1765512324,True
163,263,42869,5,-38212170128,1819627149,1765512324,True
163,263,42869,7,-78243967406,1819627149,1765512324,True
163,269,43847,0,-1903759850,1903759851,1847624256,True
163,269,43847,1,-1903759850,1903759851,1847624256,True
163,269,43847,2,-5711279552,1903759851,1847624256,True
163,269,43847,5,-39978956870,1903759851,1847624256,True
163,269,43847,7,-81861673592,1903759851,1847624256,True
163,271,44173,0,-1932226596,1932226597,1875409636,True
163,271,44173,1,-1932226596,1932226597,1875409636,True
163,271,44173,2,-5796679790,1932226597,1875409636,True
163,271,44173,5,-40576758536,1932226597,1875409636,True
163,271,44173,7,-83085743670,1932226597,1875409636,True
163,277,45151,0,-2018894370,2018894371,1960009984,True
163,277,45151,1,-2018894370,2018894371,1960009984,True
163,277,45151,2,-6056683112,2018894371,1960009984,True
163,277,45151,5,-42396781790,2018894371,1960009984,True
163,277,45151,7,-86812457952,2018894371,1960009984,True
163,281,45803,0,-2077729166,2077729167,2017447056,True
163,281,45803,1,-2077729166,2077729167,2017447056,True
163,281,45803,2,-6233187500,2077729167,2017447056,True
163,281,45803,5,-43632312506,2077729167,2017447056,True
163,281,45803,7,-89342354180,2077729167,2017447056,True
163,283,46129,0,-2107463448,2107463449,2046476644,True
163,283,46129,1,-2107463448,2107463449,2046476644,True
163,283,46129,2,-6322390346,2107463449,2046476644,True
163,283,46129,5,-44256732428,2107463449,2046476644,True
163,283,46129,7,-90620928306,2107463449,2046476644,True
163,293,47759,0,-2259303698,2259303699,2194735104,True
163,293,47759,1,-2259303698,2259303699,2194735104,True
163,293,47759,2,-6777911096,2259303699,2194735104,True
163,293,47759,5,-47445377678,2259303699,2194735104,True
163,293,47759,7,-97150059056,2259303699,2194735104,True
167,173,28891,0,-824953310,824953311,795916944,True
167,173,28891,1,-824953310,824953311,795916944,True
167,173,28891,2,-2474859932,824953311,795916944,True
167,173,28891,5,-17324019530,824953311,795916944,True
167,173,28891,7,-35472992372,824953311,795916944,True
167,179,29893,0,-883337948,883337949,852756804,True
167,179,29893,1,-883337948,883337949,852756804,True
167,179,29893,2,-2650013846,883337949,852756804,True
167,179,29893,5,-18550096928,883337949,852756804,True
167,179,29893,7,-37983531806,883337949,852756804,True
167,181,30227,0,-903243062,903243063,872139024,True
167,181,30227,1,-903243062,903243063,872139024,True
167,181,30227,2,-2709729188,903243063,872139024,True
167,181,30227,5,-18968104322,903243063,872139024,True
167,181,30227,7,-38839451708,903243063,872139024,True
167,191,31897,0,-1006095392,1006095393,972317124,True
167,191,31897,1,-1006095392,1006095393,972317124,True
167,191,31897,2,-3018286178,1006095393,972317124,True
167,191,31897,5,-21128003252,1006095393,972317124,True
167,191,31897,7,-43262101898,1006095393,972317124,True
167,193,32231,0,-1027331210,1027331211,993006144,True
167,193,32231,1,-1027331210,1027331211,993006144,True
167,193,32231,2,-3081993632,1027331211,993006144,True
167,193,32231,5,-21573955430,1027331211,993006144,True
167,193,32231,7,-44175242072,1027331211,993006144,True
167,197,32899,0,-1070468198,1070468199,1035037584,True
167,197,32899,1,-1070468198,1070468199,1035037584,True
167,197,32899,2,-3211404596,1070468199,1035037584,True
167,197,32899,5,-22479832178,1070468199,1035037584,True
167,197,32899,7,-46030132556,1070468199,1035037584,True
167,199,33233,0,-1092369368,1092369369,1056380004,True
167,199,33233,1,-1092369368,1092369369,1056380004,True
167,199,33233,2,-3277108106,1092369369,1056380004,True
167,199,33233,5,-22939756748,1092369369,1056380004,True
167,199,33233,7,-46971882866,1092369369,1056380004,True
167,211,35237,0,-1228433852,1228433853,1189008324,True
167,211,35237,1,-1228433852,1228433853,1189008324,True
167,211,35237,2,-3685301558,1228433853,1189008324,True
167,211,35237,5,-25797110912,1228433853,1189008324,True
167,211,35237,7,-52822655678,1228433853,1189008324,True
167,223,37241,0,-1372482560,1372482561,1329477444,True
167,223,37241,1,-1372482560,1372482561,1329477444,True
167,223,37241,2,-4117447682,1372482561,1329477444,True
167,223,37241,5,-28822133780,1372482561,1329477444,True
167,223,37241,7,-59016750122,1372482561,1329477444,True
167,227,37909,0,-1422273068,1422273069,1378042884,True
167,227,37909,1,-1422273068,1422273069,1378042884,True
167,227,37909,2,-4266819206,1422273069,1378042884,True
167,227,37909,5,-29867734448,1422273069,1378042884,True
167,227,37909,7,-61157741966,1422273069,1378042884,True
167,229,38243,0,-1447500998,1447500999,1402652304,True
167,229,38243,1,-1447500998,1447500999,1402652304,True
167,229,38243,2,-4342502996,1447500999,1402652304,True
167,229,38243,5,-30397520978,1447500999,1402652304,True
167,229,38243,7,-62242542956,1447500999,1402652304,True
167,233,38911,0,-1498622210,1498622211,1452524544,True
167,233,38911,1,-1498622210,1498622211,1452524544,True
167,233,38911,2,-4495866632,1498622211,1452524544,True
167,233,38911,5,-31471066430,1498622211,1452524544,True
167,233,38911,7,-64440755072,1498622211,1452524544,True
167,239,39913,0,-1576967408,1576967409,1528966404,True
167,239,39913,1,-1576967408,1576967409,1528966404,True
167,239,39913,2,-4730902226,1576967409,1528966404,True
167,239,39913,5,-33116315588,1576967409,1528966404,True
167,239,39913,7,-67809598586,1576967409,1528966404,True
167,241,40247,0,-1603526042,1603526043,1554882624,True
167,241,40247,1,-1603526042,1603526043,1554882624,True
167,241,40247,2,-4810578128,1603526043,1554882624,True
167,241,40247,5,-33674046902,1603526043,1554882624,True
167,241,40247,7,-68951619848,1603526043,1554882624,True
167,251,41917,0,-1739645972,1739645973,1687730724,True
167,251,41917,1,-1739645972,1739645973,1687730724,True
167,251,41917,2,-5218937918,1739645973,1687730724,True
167,251,41917,5,-36532565432,1739645973,1687730724,True
167,251,41917,7,-74804776838,1739645973,1687730724,True
167,257,42919,0,-1823979338,1823979339,1770053184,True
167,257,42919,1,-1823979338,1823979339,1770053184,True
167,257,42919,2,-5471938016,1823979339,1770053184,True
167,257,42919,5,-38303566118,1823979339,1770053184,True
167,257,42919,7,-78431111576,1823979339,1770053184,True
167,263,43921,0,-1910308760,1910308761,1854335844,True
167,263,43921,1,-1910308760,1910308761,1854335844,True
167,263,43921,2,-5730926282,1910308761,1854335844,True
167,263,43921,5,-40116483980,1910308761,1854335844,True
167,263,43921,7,-82143276722,1910308761,1854335844,True
167,269,44923,0,-1998634238,1998634239,1940578704,True
167,269,44923,1,-1998634238,1998634239,1940578704,True
167,269,44923,2,-5995902716,1998634239,1940578704,True
167,269,44923,5,-41971319018,1998634239,1940578704,True
167,269,44923,7,-85941272276,1998634239,1940578704,True
167,271,45257,0,-2028519632,2028519633,1969761924,True
167,271,45257,1,-2028519632,2028519633,1969761924,True
167,271,45257,2,-6085558898,2028519633,1969761924,True
167,271,45257,5,-42598912292,2028519633,1969761924,True
167,271,45257,7,-87226344218,2028519633,1969761924,True
167,277,46259,0,-2119506518,2119506519,2058618384,True
167,277,46259,1,-2119506518,2119506519,2058618384,True
167,277,46259,2,-6358519556,2119506519,2058618384,True
167,277,46259,5,-44509636898,2119506519,2058618384,True
167,277,46259,7,-91138780316,2119506519,2058618384,True
167,281,46927,0,-2181273362,2181273363,2118945024,True
167,281,46927,1,-2181273362,2181273363,2118945024,True
167,281,46927,2,-6543820088,2181273363,2118945024,True
167,281,46927,5,-45806740622,2181273363,2118945024,True
167,281,46927,7,-93794754608,2181273363,2118945024,True
167,283,47261,0,-2212489460,2212489461,2149435044,True
167,283,47261,1,-2212489460,2212489461,2149435044,True
167,283,47261,2,-6637468382,2212489461,2149435044,True
167,283,47261,5,-46462278680,2212489461,2149435044,True
167,283,47261,7,-95137046822,2212489461,2149435044,True
167,293,48931,0,-2371896710,2371896711,2305152144,True
167,293,48931,1,-2371896710,2371896711,2305152144,True
167,293,48931,2,-7115690132,2371896711,2305152144,True
167,293,48931,5,-49809830930,2371896711,2305152144,True
167,293,48931,7,-101991558572,2371896711,2305152144,True
173,179,30967,0,-948147290,948147291,915909696,True
173,179,30967,1,-948147290,948147291,915909696,True
173,179,30967,2,-2844441872,948147291,915909696,True
173,179,30967,5,-19911093110,948147291,915909696,True
173,179,30967,7,-40770333512,948147291,915909696,True
173,181,31313,0,-969512816,969512817,936727236,True
173,181,31313,1,-969512816,969512817,936727236,True
173,181,31313,2,-2908538450,969512817,936727236,True
173,181,31313,5,-20359769156,969512817,936727236,True
173,181,31313,7,-41689051130,969512817,936727236,True
173,191,33043,0,-1079911286,1079911287,1044323856,True
173,191,33043,1,-1079911286,1079911287,1044323856,True
173,191,33043,2,-3239733860,1079911287,1044323856,True
173,191,33043,5,-22678137026,1079911287,1044323856,True
173,191,33043,7,-46436185340,1079911287,1044323856,True
173,193,33389,0,-1102705148,1102705149,1066544964,True
173,193,33389,1,-1102705148,1102705149,1066544964,True
173,193,33389,2,-3308115446,1102705149,1066544964,True
173,193,33389,5,-23156808128,1102705149,1066544964,True
173,193,33389,7,-47416321406,1102705149,1066544964,True
173,197,34081,0,-1149007040,1149007041,1111688964,True
173,197,34081,1,-1149007040,1149007041,1111688964,True
173,197,34081,2,-3447021122,1149007041,1111688964,True
173,197,34081,5,-24129147860,1149007041,1111688964,True
173,197,34081,7,-49407302762,1149007041,1111688964,True
173,199,34427,0,-1172515070,1172515071,1134611856,True
173,199,34427,1,-1172515070,1172515071,1134611856,True
173,199,34427,2,-3517545212,1172515071,1134611856,True
173,199,34427,5,-24622816490,1172515071,1134611856,True
173,199,34427,7,-50418148052,1172515071,1134611856,True
173,211,36503,0,-1318562426,1318562427,1277061696,True
173,211,36503,1,-1318562426,1318562427,1277061696,True
173,211,36503,2,-3955687280,1318562427,1277061696,True
173,211,36503,5,-27689810966,1318562427,1277061696,True
173,211,36503,7,-56698184360,1318562427,1277061696,True
173,223,38579,0,-1473179798,1473179799,1427932944,True
173,223,38579,1,-1473179798,1473179799,1427932944,True
173,223,38579,2,-4419539396,1473179799,1427932944,True
173,223,38579,5,-30936775778,1473179799,1427932944,True
173,223,38579,7,-63346731356,1473179799,1427932944,True
173,227,39271,0,-1526623370,1526623371,1480094784,True
173,227,39271,1,-1526623370,1526623371,1480094784,True
173,227,39271,2,-4579870112,1526623371,1480094784,True
173,227,39271,5,-32059090790,1526623371,1480094784,True
173,227,39271,7,-65644804952,1526623371,1480094784,True
173,229,39617,0,-1553702240,1553702241,1506526596,True
173,229,39617,1,-1553702240,1553702241,1506526596,True
173,229,39617,2,-4661106722,1553702241,1506526596,True
173,229,39617,5,-32627747060,1553702241,1506526596,True
173,229,39617,7,-66809196362,1553702241,1506526596,True
173,233,40309,0,-1608574148,1608574149,1560092004,True
173,233,40309,1,-1608574148,1608574149,1560092004,True
173,233,40309,2,-4825722446,1608574149,1560092004,True
173,233,40309,5,-33780057128,1608574149,1560092004,True
173,233,40309,7,-69168688406,1608574149,1560092004,True
173,239,41347,0,-1692667430,1692667431,1642194576,True
173,239,41347,1,-1692667430,1692667431,1642194576,True
173,239,41347,2,-5078002292,1692667431,1642194576,True
173,239,41347,5,-35546016050,1692667431,1642194576,True
173,239,41347,7,-72784699532,1692667431,1642194576,True
173,241,41693,0,-1721174636,1721174637,1670029956,True
173,241,41693,1,-1721174636,1721174637,1670029956,True
173,241,41693,2,-5163523910,1721174637,1670029956,True
173,241,41693,5,-36144667376,1721174637,1670029956,True
173,241,41693,7,-74010509390,1721174637,1670029956,True
173,251,43423,0,-1867281506,1867281507,1812715776,True
173,251,43423,1,-1867281506,1867281507,1812715776,True
173,251,43423,2,-5601844520,1867281507,1812715776,True
173,251,43423,5,-39212911646,1867281507,1812715776,True
173,251,43423,7,-80293104800,1867281507,1812715776,True
173,257,44461,0,-1957802300,1957802301,1901134404,True
173,257,44461,1,-1957802300,1957802301,1901134404,True
173,257,44461,2,-5873406902,1957802301,1901134404,True
173,257,44461,5,-41113848320,1957802301,1901134404,True
173,257,44461,7,-84185498942,1957802301,1901134404,True
173,263,45499,0,-2050465598,2050465599,1991658384,True
173,263,45499,1,-2050465598,2050465599,1991658384,True
173,263,45499,2,-6151396796,2050465599,1991658384,True
173,263,45499,5,-43059777578,2050465599,1991658384,True
173,263,45499,7,-88170020756,2050465599,1991658384,True
173,269,46537,0,-2145271400,2145271401,2084287716,True
173,269,46537,1,-2145271400,2145271401,2084287716,True
173,269,46537,2,-6435814202,2145271401,2084287716,True
173,269,46537,5,-45050699420,2145271401,2084287716,True
173,269,46537,7,-92246670242,2145271401,2084287716,True
173,271,46883,0,-2177349446,2177349447,2115632016,True
173,271,46883,1,-2177349446,2177349447,2115632016,True
173,271,46883,2,-6532048340,2177349447,2115632016,True
173,271,46883,5,-45724338386,2177349447,2115632016,True
173,271,46883,7,-93626026220,2177349447,2115632016,True
173,277,47921,0,-2275011920,2275011921,2211068484,True
173,277,47921,1,-2275011920,2275011921,2211068484,True
173,277,47921,2,-6825035762,2275011921,2211068484,True
173,277,47921,5,-47775250340,2275011921,2211068484,True
173,277,47921,7,-97825512602,2275011921,2211068484,True
173,281,48613,0,-2341310516,2341310517,2275862436,True
173,281,48613,1,-2341310516,2341310517,2275862436,True
173,281,48613,2,-7023931550,2341310517,2275862436,True
173,281,48613,5,-49167520856,2341310517,2275862436,True
173,281,48613,7,-100676352230,2341310517,2275862436,True
173,283,48959,0,-2374816898,2374816899,2308610304,True
173,283,48959,1,-2374816898,2374816899,2308610304,True
173,283,48959,2,-7124450696,2374816899,2308610304,True
173,283,48959,5,-49871154878,2374816899,2308610304,True
173,283,48959,7,-102117126656,2374816899,2308610304,True
173,293,50689,0,-2545919648,2545919649,2475858564,True
173,293,50689,1,-2545919648,2545919649,2475858564,True
173,293,50689,2,-7637758946,2545919649,2475858564,True
173,293,50689,5,-53464312628,2545919649,2475858564,True
173,293,50689,7,-109474544906,2545919649,2475858564,True
179,181,32399,0,-1038128402,1038128403,1003622400,True
179,181,32399,1,-1038128402,1038128403,1003622400,True
179,181,32399,2,-3114385208,1038128403,1003622400,True
179,181,32399,5,-21800696462,1038128403,1003622400,True
179,181,32399,7,-44639521328,1038128403,1003622400,True
179,191,34189,0,-1156340132,1156340133,1118902500,True
179,191,34189,1,-1156340132,1156340133,1118902500,True
179,191,34189,2,-3469020398,1156340133,1118902500,True
179,191,34189,5,-24283142792,1156340133,1118902500,True
179,191,34189,7,-49722625718,1156340133,1118902500,True
179,193,34547,0,-1180747190,1180747191,1142710416,True
179,193,34547,1,-1180747190,1180747191,1142710416,True
179,193,34547,2,-3542241572,1180747191,1142710416,True
179,193,34547,5,-24795691010,1180747191,1142710416,True
179,193,34547,7,-50772129212,1180747191,1142710416,True
179,197,35263,0,-1230326018,1230326019,1191078144,True
179,197,35263,1,-1230326018,1230326019,1191078144,True
179,197,35263,2,-3690978056,1230326019,1191078144,True
179,197,35263,5,-25836846398,1230326019,1191078144,True
179,197,35263,7,-52904018816,1230326019,1191078144,True
179,199,35621,0,-1255497788,1255497789,1215637956,True
179,199,35621,1,-1255497788,1255497789,1215637956,True
179,199,35621,2,-3766493366,1255497789,1215637956,True
179,199,35621,5,-26365453568,1255497789,1215637956,True
179,199,35621,7,-53986404926,1255497789,1215637956,True
179,211,37769,0,-1411881392,1411881393,1368260100,True
179,211,37769,1,-1411881392,1411881393,1368260100,True
179,211,37769,2,-4235644178,1411881393,1368260100,True
179,211,37769,5,-29649509252,1411881393,1368260100,True
179,211,37769,7,-60710899898,1411881393,1368260100,True
179,223,39917,0,-1577441540,1577441541,1529904996,True
179,223,39917,1,-1577441540,1577441541,1529904996,True
179,223,39917,2,-4732324622,1577441541,1529904996,True
179,223,39917,5,-33126272360,1577441541,1529904996,True
179,223,39917,7,-67829986262,1577441541,1529904996,True
179,227,40633,0,-1634667488,1634667489,1585791684,True
179,227,40633,1,-1634667488,1634667489,1585791684,True
179,227,40633,2,-4904002466,1634667489,1585791684,True
179,227,40633,5,-34328017268,1634667489,1585791684,True
179,227,40633,7,-70290702026,1634667489,1585791684,True
179,229,40991,0,-1663662818,1663662819,1614110976,True
179,229,40991,1,-1663662818,1663662819,1614110976,True
179,229,40991,2,-4990988456,1663662819,1614110976,True
179,229,40991,5,-34936919198,1663662819,1614110976,True
179,229,40991,7,-71537501216,1663662819,1614110976,True
179,233,41707,0,-1722418190,1722418191,1671501456,True
179,233,41707,1,-1722418190,1722418191,1671501456,True
179,233,41707,2,-5167254572,1722418191,1671501456,True
179,233,41707,5,-36170782010,1722418191,1671501456,True
179,233,41707,7,-74063982212,1722418191,1671501456,True
179,239,42781,0,-1812463028,1812463029,1759466916,True
179,239,42781,1,-1812463028,1812463029,1759466916,True
179,239,42781,2,-5437389086,1812463029,1759466916,True
179,239,42781,5,-38061723608,1812463029,1759466916,True
179,239,42781,7,-77935910246,1812463029,1759466916,True
179,241,43139,0,-1842987782,1842987783,1789290000,True
179,241,43139,1,-1842987782,1842987783,1789290000,True
179,241,43139,2,-5528963348,1842987783,1789290000,True
179,241,43139,5,-38702743442,1842987783,1789290000,True
179,241,43139,7,-79248474668,1842987783,1789290000,True
179,251,44929,0,-1999435112,1999435113,1942164900,True
179,251,44929,1,-1999435112,1999435113,1942164900,True
179,251,44929,2,-5998305338,1999435113,1942164900,True
179,251,44929,5,-41988137372,1999435113,1942164900,True
179,251,44929,7,-85975709858,1999435113,1942164900,True
179,257,46003,0,-2096362358,2096362359,2036897424,True
179,257,46003,1,-2096362358,2096362359,2036897424,True
179,257,46003,2,-6289087076,2096362359,2036897424,True
179,257,46003,5,-44023609538,2096362359,2036897424,True
179,257,46003,7,-90143581436,2096362359,2036897424,True
179,263,47077,0,-2195583740,2195583741,2133885636,True
179,263,47077,1,-2195583740,2195583741,2133885636,True
179,263,47077,2,-6586751222,2195583741,2133885636,True
179,263,47077,5,-46107258560,2195583741,2133885636,True
179,263,47077,7,-94410100862,2195583741,2133885636,True
179,269,48151,0,-2297099258,2297099259,2233129536,True
179,269,48151,1,-2297099258,2297099259,2233129536,True
179,269,48151,2,-6891297776,2297099259,2233129536,True
179,269,48151,5,-48239084438,2297099259,2233129536,True
179,269,48151,7,-98775268136,2297099259,2233129536,True
179,271,48509,0,-2331447572,2331447573,2266712100,True
179,271,48509,1,-2331447572,2331447573,2266712100,True
179,271,48509,2,-6994342718,2331447573,2266712100,True
179,271,48509,5,-48960399032,2331447573,2266712100,True
179,271,48509,7,-100252245638,2331447573,2266712100,True
179,277,49583,0,-2436021938,2436021939,2368963584,True
179,277,49583,1,-2436021938,2436021939,2368963584,True
179,277,49583,2,-7308065816,2436021939,2368963584,True
179,277,49583,5,-51156460718,2436021939,2368963584,True
179,277,49583,7,-104748943376,2436021939,2368963584,True
179,281,50299,0,-2507012702,2507012703,2438384400,True
179,281,50299,1,-2507012702,2507012703,2438384400,True
179,281,50299,2,-7521038108,2507012703,2438384400,True
179,281,50299,5,-52647266762,2507012703,2438384400,True
179,281,50299,7,-107801546228,2507012703,2438384400,True
179,283,50657,0,-2542890440,2542890441,2473470756,True
179,283,50657,1,-2542890440,2542890441,2473470756,True
179,283,50657,2,-7628671322,2542890441,2473470756,True
179,283,50657,5,-53400699260,2542890441,2473470756,True
179,283,50657,7,-109344288962,2542890441,2473470756,True
179,293,52447,0,-2726102690,2726102691,2652662016,True
179,293,52447,1,-2726102690,2726102691,2652662016,True
179,293,52447,2,-8178308072,2726102691,2652662016,True
179,293,52447,5,-57248156510,2726102691,2652662016,True
179,293,52447,7,-117222415712,2726102691,2652662016,True
181,191,34571,0,-1182397070,1182397071,1144333584,True
181,191,34571,1,-1182397070,1182397071,1144333584,True
181,191,34571,2,-3547191212,1182397071,1144333584,True
181,191,34571,5,-24830338490,1182397071,1144333584,True
181,191,34571,7,-50843074052,1182397071,1144333584,True
181,193,34933,0,-1207354116,1207354117,1168682596,True
181,193,34933,1,-1207354116,1207354117,1168682596,True
181,193,34933,2,-3622062350,1207354117,1168682596,True
181,193,34933,5,-25354436456,1207354117,1168682596,True
181,193,34933,7,-51916227030,1207354117,1168682596,True
181,197,35657,0,-1258050152,1258050153,1218149604,True
181,197,35657,1,-1258050152,1258050153,1218149604,True
181,197,35657,2,-3774150458,1258050153,1218149604,True
181,197,35657,5,-26419053212,1258050153,1218149604,True
181,197,35657,7,-54096156578,1258050153,1218149604,True
181,199,36019,0,-1283789142,1283789143,1243267600,True
181,199,36019,1,-1283789142,1283789143,1243267600,True
181,199,36019,2,-3851367428,1283789143,1243267600,True
181,199,36019,5,-26959572002,1283789143,1243267600,True
181,199,36019,7,-55202933148,1283789143,1243267600,True
181,211,38191,0,-1443696690,1443696691,1399358464,True
181,211,38191,1,-1443696690,1443696691,1399358464,True
181,211,38191,2,-4331090072,1443696691,1399358464,True
181,211,38191,5,-30317630510,1443696691,1399358464,True
181,211,38191,7,-62078957712,1443696691,1399358464,True
181,223,40363,0,-1612987566,1612987567,1564677136,True
181,223,40363,1,-1612987566,1612987567,1564677136,True
181,223,40363,2,-4838962700,1612987567,1564677136,True
181,223,40363,5,-33872738906,1612987567,1564677136,True
181,223,40363,7,-69358465380,1612987567,1564677136,True
181,227,41087,0,-1671503042,1671503043,1621833984,True
181,227,41087,1,-1671503042,1671503043,1621833984,True
181,227,41087,2,-5014509128,1671503043,1621833984,True
181,227,41087,5,-35101563902,1671503043,1621833984,True
181,227,41087,7,-71874630848,1671503043,1621833984,True
181,229,41449,0,-1701151752,1701151753,1650796900,True
181,229,41449,1,-1701151752,1701151753,1650796900,True
181,229,41449,2,-5103455258,1701151753,1650796900,True
181,229,41449,5,-35724186812,1701151753,1650796900,True
181,229,41449,7,-73149525378,1701151753,1650796900,True
181,233,42173,0,-1761231116,1761231117,1709491716,True
181,233,42173,1,-1761231116,1761231117,1709491716,True
181,233,42173,2,-5283693350,1761231117,1709491716,True
181,233,42173,5,-36985853456,1761231117,1709491716,True
181,233,42173,7,-75732938030,1761231117,1709491716,True
181,239,43259,0,-1853305022,1853305023,1799456400,True
181,239,43259,1,-1853305022,1853305023,1799456400,True
181,239,43259,2,-5559915068,1853305023,1799456400,True
181,239,43259,5,-38919405482,1853305023,1799456400,True
181,239,43259,7,-79692115988,1853305023,1799456400,True
181,241,43621,0,-1884517620,1884517621,1829957284,True
181,241,43621,1,-1884517620,1884517621,1829957284,True
181,241,43621,2,-5653552862,1884517621,1829957284,True
181,241,43621,5,-39574870040,1884517621,1829957284,True
181,241,43621,7,-81034257702,1884517621,1829957284,True
181,251,45431,0,-2044490330,2044490331,1986306624,True
181,251,45431,1,-2044490330,2044490331,1986306624,True
181,251,45431,2,-6133470992,2044490331,1986306624,True
181,251,45431,5,-42934296950,2044490331,1986306624,True
181,251,45431,7,-87913084232,2044490331,1986306624,True
181,257,46517,0,-2143601732,2143601733,2083192164,True
181,257,46517,1,-2143601732,2143601733,2083192164,True
181,257,46517,2,-6430805198,2143601733,2083192164,True
181,257,46517,5,-45015636392,2143601733,2083192164,True
181,257,46517,7,-92174874518,2143601733,2083192164,True
181,263,47603,0,-2245058966,2245058967,2182384656,True
181,263,47603,1,-2245058966,2245058967,2182384656,True
181,263,47603,2,-6735176900,2245058967,2182384656,True
181,263,47603,5,-47146238306,2245058967,2182384656,True
181,263,47603,7,-96537535580,2245058967,2182384656,True
181,269,48689,0,-2348862032,2348862033,2283884100,True
181,269,48689,1,-2348862032,2348862033,2283884100,True
181,269,48689,2,-7046586098,2348862033,2283884100,True
181,269,48689,5,-49326102692,2348862033,2283884100,True
181,269,48689,7,-101001067418,2348862033,2283884100,True
181,271,49051,0,-2383984350,2383984351,2318229904,True
181,271,49051,1,-2383984350,2383984351,2318229904,True
181,271,49051,2,-7151953052,2383984351,2318229904,True
181,271,49051,5,-50063671370,2383984351,2318229904,True
181,271,49051,7,-102511327092,2383984351,2318229904,True
181,277,50137,0,-2490915192,2490915193,2422805284,True
181,277,50137,1,-2490915192,2490915193,2422805284,True
181,277,50137,2,-7472745578,2490915193,2422805284,True
181,277,50137,5,-52309219052,2490915193,2422805284,True
181,277,50137,7,-107109353298,2490915193,2422805284,True
181,281,50861,0,-2563505660,2563505661,2493803844,True
181,281,50861,1,-2563505660,2563505661,2493803844,True
181,281,50861,2,-7690516982,2563505661,2493803844,True
181,281,50861,5,-53833618880,2563505661,2493803844,True
181,281,50861,7,-110230743422,2563505661,2493803844,True
181,283,51223,0,-2600191866,2600191867,2529687616,True
181,283,51223,1,-2600191866,2600191867,2529687616,True
181,283,51223,2,-7800575600,2600191867,2529687616,True
181,283,51223,5,-54604029206,2600191867,2529687616,True
181,283,51223,7,-111808250280,2600191867,2529687616,True
181,293,53033,0,-2787532616,2787532617,2712951396,True
181,293,53033,1,-2787532616,2787532617,2712951396,True
181,293,53033,2,-8362597850,2787532617,2712951396,True
181,293,53033,5,-58538184956,2787532617,2712951396,True
181,293,53033,7,-119863902530,2787532617,2712951396,True
191,193,36863,0,-1344835586,1344835587,1302921216,True
191,193,36863,1,-1344835586,1344835587,1302921216,True
191,193,36863,2,-4034506760,1344835587,1302921216,True
191,193,36863,5,-28241547326,1344835587,1302921216,True
191,193,36863,7,-57827930240,1344835587,1302921216,True
191,197,37627,0,-1401304382,1401304383,1358069904,True
191,197,37627,1,-1401304382,1401304383,1358069904,True
191,197,37627,2,-4203913148,1401304383,1358069904,True
191,197,37627,5,-29427392042,1401304383,1358069904,True
191,197,37627,7,-60256088468,1401304383,1358069904,True
191,199,38009,0,-1429974272,1429974273,1386072900,True
191,199,38009,1,-1429974272,1429974273,1386072900,True
191,199,38009,2,-4289922818,1429974273,1386072900,True
191,199,38009,5,-30029459732,1429974273,1386072900,True
191,199,38009,7,-61488893738,1429974273,1386072900,True
191,211,40301,0,-1608090500,1608090501,1560092004,True
191,211,40301,1,-1608090500,1608090501,1560092004,True
191,211,40301,2,-4824271502,1608090501,1560092004,True
191,211,40301,5,-33769900520,1608090501,1560092004,True
191,211,40301,7,-69147891542,1608090501,1560092004,True
191,223,42593,0,-1796658536,1796658537,1744398756,True
191,223,42593,1,-1796658536,1796658537,1744398756,True
191,223,42593,2,-5389975610,1796658537,1744398756,True
191,223,42593,5,-37729829276,1796658537,1744398756,True
191,223,42593,7,-77256317090,1796658537,1744398756,True
191,227,43357,0,-1861837172,1861837173,1808120484,True
191,227,43357,1,-1861837172,1861837173,1808120484,True
191,227,43357,2,-5585511518,1861837173,1808120484,True
191,227,43357,5,-39098580632,1861837173,1808120484,True
191,227,43357,7,-80058998438,1861837173,1808120484,True
191,229,43739,0,-1894861982,1894861983,1840410000,True
191,229,43739,1,-1894861982,1894861983,1840410000,True
191,229,43739,2,-5684585948,1894861983,1840410000,True
191,229,43739,5,-39792101642,1894861983,1840410000,True
191,229,43739,7,-81479065268,1894861983,1840410000,True
191,233,44503,0,-1961782586,1961782587,1905846336,True
191,233,44503,1,-1961782586,1961782587,1905846336,True
191,233,44503,2,-5885347760,1961782587,1905846336,True
191,233,44503,5,-41197434326,1961782587,1905846336,True
191,233,44503,7,-84356651240,1961782587,1905846336,True
191,239,45649,0,-2064340952,2064340953,2006144100,True
191,239,45649,1,-2064340952,2064340953,2006144100,True
191,239,45649,2,-6193022858,2064340953,2006144100,True
191,239,45649,5,-43351160012,2064340953,2006144100,True
191,239,45649,7,-88766660978,2064340953,2006144100,True
191,241,46031,0,-2099107730,2099107731,2040148224,True
191,241,46031,1,-2099107730,2099107731,2040148224,True
191,241,46031,2,-6297323192,2099107731,2040148224,True
191,241,46031,5,-44081262350,2099107731,2040148224,True
191,241,46031,7,-90261632432,2099107731,2040148224,True
191,251,47941,0,-2277296540,2277296541,2214455364,True
191,251,47941,1,-2277296540,2277296541,2214455364,True
191,251,47941,2,-6831889622,2277296541,2214455364,True
191,251,47941,5,-47823227360,2277296541,2214455364,True
191,251,47941,7,-97923751262,2277296541,2214455364,True
191,257,49087,0,-2387693762,2387693763,2322468864,True
191,257,49087,1,-2387693762,2387693763,2322468864,True
191,257,49087,2,-7163081288,2387693763,2322468864,True
191,257,49087,5,-50141569022,2387693763,2322468864,True
191,257,49087,7,-102670831808,2387693763,2322468864,True
191,263,50233,0,-2500703936,2500703937,2433054276,True
191,263,50233,1,-2500703936,2500703937,2433054276,True
191,263,50233,2,-7502111810,2500703937,2433054276,True
191,263,50233,5,-52514782676,2500703937,2433054276,True
191,263,50233,7,-107530269290,2500703937,2433054276,True
191,269,51379,0,-2616327062,2616327063,2546211600,True
191,269,51379,1,-2616327062,2616327063,2546211600,True
191,269,51379,2,-7848981188,2616327063,2546211600,True
191,269,51379,5,-54942868322,2616327063,2546211600,True
191,269,51379,7,-112502063708,2616327063,2546211600,True
191,271,51761,0,-2655448760,2655448761,2584502244,True
191,271,51761,1,-2655448760,2655448761,2584502244,True
191,271,51761,2,-7966346282,2655448761,2584502244,True
191,271,51761,5,-55764423980,2655448761,2584502244,True
191,271,51761,7,-114184296722,2655448761,2584502244,True
191,277,52907,0,-2774555822,2774555823,2701088784,True
191,277,52907,1,-2774555822,2774555823,2701088784,True
191,277,52907,2,-8323667468,2774555823,2701088784,True
191,277,52907,5,-58265672282,2774555823,2701088784,True
191,277,52907,7,-119305900388,2774555823,2701088784,True
191,281,53671,0,-2855412170,2855412171,2780241984,True
191,281,53671,1,-2855412170,2855412171,2780241984,True
191,281,53671,2,-8566236512,2855412171,2780241984,True
191,281,53671,5,-59963655590,2855412171,2780241984,True
191,281,53671,7,-122782723352,2855412171,2780241984,True
191,283,54053,0,-2896275836,2896275837,2820247236,True
191,283,54053,1,-2896275836,2896275837,2820247236,True
191,283,54053,2,-8688827510,2896275837,2820247236,True
191,283,54053,5,-60821792576,2896275837,2820247236,True
191,283,54053,7,-124539860990,2896275837,2820247236,True
191,293,55963,0,-3104949086,3104949087,3024560016,True
191,293,55963,1,-3104949086,3104949087,3024560016,True
191,293,55963,2,-9314847260,3104949087,3024560016,True
191,293,55963,5,-65203930826,3104949087,3024560016,True
191,293,55963,7,-133512810740,3104949087,3024560016,True
193,197,38021,0,-1430881940,1430881941,1386966564,True
193,197,38021,1,-1430881940,1430881941,1386966564,True
193,197,38021,2,-4292645822,1430881941,1386966564,True
193,197,38021,5,-30048520760,1430881941,1386966564,True
193,197,38021,7,-61527923462,1430881941,1386966564,True
193,199,38407,0,-1460156970,1460156971,1415565376,True
193,199,38407,1,-1460156970,1460156971,1415565376,True
193,199,38407,2,-4380470912,1460156971,1415565376,True
193,199,38407,5,-30663296390,1460156971,1415565376,True
193,199,38407,7,-62786749752,1460156971,1415565376,True
193,211,40723,0,-1642032726,1642032727,1593287056,True
193,211,40723,1,-1642032726,1642032727,1593287056,True
193,211,40723,2,-4926098180,1642032727,1593287056,True
193,211,40723,5,-34482687266,1642032727,1593287056,True
193,211,40723,7,-70607407260,1642032727,1593287056,True
193,223,43039,0,-1834580898,1834580899,1781515264,True
193,223,43039,1,-1834580898,1834580899,1781515264,True
193,223,43039,2,-5503742696,1834580899,1781515264,True
193,223,43039,5,-38526198878,1834580899,1781515264,True
193,223,43039,7,-78886978656,1834580899,1781515264,True
193,227,43811,0,-1901135270,1901135271,1846592784,True
193,227,43811,1,-1901135270,1901135271,1846592784,True
193,227,43811,2,-5703405812,1901135271,1846592784,True
193,227,43811,5,-39923840690,1901135271,1846592784,True
193,227,43811,7,-81748816652,1901135271,1846592784,True
193,229,44197,0,-1934857140,1934857141,1879569316,True
193,229,44197,1,-1934857140,1934857141,1879569316,True
193,229,44197,2,-5804571422,1934857141,1879569316,True
193,229,44197,5,-40631999960,1934857141,1879569316,True
193,229,44197,7,-83198857062,1934857141,1879569316,True
193,233,44969,0,-2003190248,2003190249,1946397924,True
193,233,44969,1,-2003190248,2003190249,1946397924,True
193,233,44969,2,-6009570746,2003190249,1946397924,True
193,233,44969,5,-42066995228,2003190249,1946397924,True
193,233,44969,7,-86137180706,2003190249,1946397924,True
193,239,46127,0,-2107913330,2107913331,2048829696,True
193,239,46127,1,-2107913330,2107913331,2048829696,True
193,239,46127,2,-6323739992,2107913331,2048829696,True
193,239,46127,5,-44266179950,2107913331,2048829696,True
193,239,46127,7,-90640273232,2107913331,2048829696,True
193,241,46513,0,-2143413936,2143413937,2083557316,True
193,241,46513,1,-2143413936,2143413937,2083557316,True
193,241,46513,2,-6430241810,2143413937,2083557316,True
193,241,46513,5,-45011692676,2143413937,2083557316,True
193,241,46513,7,-92166799290,2143413937,2083557316,True
193,251,48443,0,-2325363806,2325363807,2261573136,True
193,251,48443,1,-2325363806,2325363807,2261573136,True
193,251,48443,2,-6976091420,2325363807,2261573136,True
193,251,48443,5,-48832639946,2325363807,2261573136,True
193,251,48443,7,-99990643700,2325363807,2261573136,True
193,257,49601,0,-2438091200,2438091201,2371884804,True
193,257,49601,1,-2438091200,2438091201,2371884804,True
193,257,49601,2,-7314273602,2438091201,2371884804,True
193,257,49601,5,-51199915220,2438091201,2371884804,True
193,257,49601,7,-104837921642,2438091201,2371884804,True
193,263,50759,0,-2553486698,2553486699,2484823104,True
193,263,50759,1,-2553486698,2553486699,2484823104,True
193,263,50759,2,-7660460096,2553486699,2484823104,True
193,263,50759,5,-53623220678,2553486699,2484823104,True
193,263,50759,7,-109799928056,2553486699,2484823104,True
193,269,51917,0,-2671550300,2671550301,2600388036,True
193,269,51917,1,-2671550300,2671550301,2600388036,True
193,269,51917,2,-8014650902,2671550301,2600388036,True
193,269,51917,5,-56102556320,2671550301,2600388036,True
193,269,51917,7,-114876662942,2671550301,2600388036,True
193,271,52303,0,-2711497746,2711497747,2639493376,True
193,271,52303,1,-2711497746,2711497747,2639493376,True
193,271,52303,2,-8134493240,2711497747,2639493376,True
193,271,52303,5,-56941452686,2711497747,2639493376,True
193,271,52303,7,-116594403120,2711497747,2639493376,True
193,277,53461,0,-2833118820,2833118821,2758560484,True
193,277,53461,1,-2833118820,2833118821,2758560484,True
193,277,53461,2,-8499356462,2833118821,2758560484,True
193,277,53461,5,-59495495240,2833118821,2758560484,True
193,277,53461,7,-121824109302,2833118821,2758560484,True
193,281,54233,0,-2915681816,2915681817,2839397796,True
193,281,54233,1,-2915681816,2915681817,2839397796,True
193,281,54233,2,-8747045450,2915681817,2839397796,True
193,281,54233,5,-61229318156,2915681817,2839397796,True
193,281,54233,7,-125374318130,2915681817,2839397796,True
193,283,54619,0,-2957407998,2957407999,2880254224,True
193,283,54619,1,-2957407998,2957407999,2880254224,True
193,283,54619,2,-8872223996,2957407999,2880254224,True
193,283,54619,5,-62105567978,2957407999,2880254224,True
193,283,54619,7,-127168543956,2957407999,2880254224,True
193,293,56549,0,-3170485748,3170485749,3088914084,True
193,293,56549,1,-3170485748,3170485749,3088914084,True
193,293,56549,2,-9511457246,3170485749,3088914084,True
193,293,56549,5,-66580200728,3170485749,3088914084,True
193,293,56549,7,-136330887206,3170485749,3088914084,True
197,199,39203,0,-1521468038,1521468039,1475481744,True
197,199,39203,1,-1521468038,1521468039,1475481744,True
197,199,39203,2,-4564404116,1521468039,1475481744,True
197,199,39203,5,-31950828818,1521468039,1475481744,True
197,199,39203,7,-65423125676,1521468039,1475481744,True
197,211,41567,0,-1710980642,1710980643,1660725504,True
197,211,41567,1,-1710980642,1710980643,1660725504,True
197,211,41567,2,-5132941928,1710980643,1660725504,True
197,211,41567,5,-35930593502,1710980643,1660725504,True
197,211,41567,7,-73572167648,1710980643,1660725504,True
197,223,43931,0,-1911613790,1911613791,1856920464,True
197,223,43931,1,-1911613790,1911613791,1856920464,True
197,223,43931,2,-5734841372,1911613791,1856920464,True
197,223,43931,5,-40143889610,1911613791,1856920464,True
197,223,43931,7,-82199393012,1911613791,1856920464,True
197,227,44719,0,-1980962738,1980962739,1924752384,True
197,227,44719,1,-1980962738,1980962739,1924752384,True
197,227,44719,2,-5942888216,1980962739,1924752384,True
197,227,44719,5,-41600217518,1980962739,1924752384,True
197,227,44719,7,-85181397776,1980962739,1924752384,True
197,229,45113,0,-2016100568,2016100569,1959124644,True
197,229,45113,1,-2016100568,2016100569,1959124644,True
197,229,45113,2,-6048301706,2016100569,1959124644,True
197,229,45113,5,-42338111948,2016100569,1959124644,True
197,229,45113,7,-86692324466,2016100569,1959124644,True
197,233,45901,0,-2087302940,2087302941,2028781764,True
197,233,45901,1,-2087302940,2087302941,2028781764,True
197,233,45901,2,-6261908822,2087302941,2028781764,True
197,233,45901,5,-43833361760,2087302941,2028781764,True
197,233,45901,7,-89754026462,2087302941,2028781764,True
197,239,47083,0,-2196423278,2196423279,2135548944,True
197,239,47083,1,-2196423278,2196423279,2135548944,True
197,239,47083,2,-6589269836,2196423279,2135548944,True
197,239,47083,5,-46124888858,2196423279,2135548944,True
197,239,47083,7,-94446200996,2196423279,2135548944,True
197,241,47477,0,-2233414532,2233414533,2171746404,True
197,241,47477,1,-2233414532,2233414533,2171746404,True
197,241,47477,2,-6700243598,2233414533,2171746404,True
197,241,47477,5,-46901705192,2233414533,2171746404,True
197,241,47477,7,-96036824918,2233414533,2171746404,True
197,251,49447,0,-2423004362,2423004363,2357296704,True
197,251,49447,1,-2423004362,2423004363,2357296704,True
197,251,49447,2,-7269013088,2423004363,2357296704,True
197,251,49447,5,-50883091622,2423004363,2357296704,True
197,251,49447,7,-104189187608,2423004363,2357296704,True
197,257,50629,0,-2540465108,2540465109,2472277284,True
197,257,50629,1,-2540465108,2540465109,2472277284,True
197,257,50629,2,-7621395326,2540465109,2472277284,True
197,257,50629,5,-53349767288,2540465109,2472277284,True
197,257,50629,7,-109239999686,2540465109,2472277284,True
197,263,51811,0,-2660705990,2660705991,2589995664,True
197,263,51811,1,-2660705990,2660705991,2589995664,True
197,263,51811,2,-7982117972,2660705991,2589995664,True
197,263,51811,5,-55874825810,2660705991,2589995664,True
197,263,51811,7,-114410357612,2660705991,2589995664,True
197,269,52993,0,-2783727008,2783727009,2710451844,True
197,269,52993,1,-2783727008,2783727009,2710451844,True
197,269,52993,2,-8351181026,2783727009,2710451844,True
197,269,52993,5,-58458267188,2783727009,2710451844,True
197,269,52993,7,-119700261386,2783727009,2710451844,True
197,271,53387,0,-2825351822,2825351823,2751212304,True
197,271,53387,1,-2825351822,2825351823,2751212304,True
197,271,53387,2,-8476055468,2825351823,2751212304,True
197,271,53387,5,-59332388282,2825351823,2751212304,True
197,271,53387,7,-121490128388,2825351823,2751212304,True
197,277,54569,0,-2952079688,2952079689,2875318884,True
197,277,54569,1,-2952079688,2952079689,2875318884,True
197,277,54569,2,-8856239066,2952079689,2875318884,True
197,277,54569,5,-61993673468,2952079689,2875318884,True
197,277,54569,7,-126939426626,2952079689,2875318884,True
197,281,55357,0,-3038109452,3038109453,2959577604,True
197,281,55357,1,-3038109452,3038109453,2959577604,True
197,281,55357,2,-9114328358,3038109453,2959577604,True
197,281,55357,5,-63800298512,3038109453,2959577604,True
197,281,55357,7,-130638706478,3038109453,2959577604,True
197,283,55751,0,-3081587690,3081587691,3002163264,True
197,283,55751,1,-3081587690,3081587691,3002163264,True
197,283,55751,2,-9244763072,3081587691,3002163264,True
197,283,55751,5,-64713341510,3081587691,3002163264,True
197,283,55751,7,-132508270712,3081587691,3002163264,True
197,293,57721,0,-3303612440,3303612441,3219654564,True
197,293,57721,1,-3303612440,3303612441,3219654564,True
197,293,57721,2,-9910837322,3303612441,3219654564,True
197,293,57721,5,-69375861260,3303612441,3219654564,True
197,293,57721,7,-142055334962,3303612441,3219654564,True
199,211,41989,0,-1745986332,1745986333,1694968900,True
199,211,41989,1,-1745986332,1745986333,1694968900,True
199,211,41989,2,-5237958998,1745986333,1694968900,True
199,211,41989,5,-36665712992,1745986333,1694968900,True
199,211,41989,7,-75077412318,1745986333,1694968900,True
199,223,44377,0,-1950724320,1950724321,1895209156,True
199,223,44377,1,-1950724320,1950724321,1895209156,True
199,223,44377,2,-5852172962,1950724321,1895209156,True
199,223,44377,5,-40965210740,1950724321,1895209156,True
199,223,44377,7,-83881145802,1950724321,1895209156,True
199,227,45173,0,-2021492108,2021492109,1964439684,True
199,227,45173,1,-2021492108,2021492109,1964439684,True
199,227,45173,2,-6064476326,2021492109,1964439684,True
199,227,45173,5,-42451334288,2021492109,1964439684,True
199,227,45173,7,-86924160686,2021492109,1964439684,True
199,229,45571,0,-2057348838,2057348839,1999520656,True
199,229,45571,1,-2057348838,2057348839,1999520656,True
199,229,45571,2,-6172046516,2057348839,1999520656,True
199,229,45571,5,-43204325618,2057348839,1999520656,True
199,229,45571,7,-88466000076,2057348839,1999520656,True
199,233,46367,0,-2130007970,2130007971,2070614016,True
199,233,46367,1,-2130007970,2130007971,2070614016,True
199,233,46367,2,-6390023912,2130007971,2070614016,True
199,233,46367,5,-44730167390,2130007971,2070614016,True
199,233,46367,7,-91590342752,2130007971,2070614016,True
199,239,47561,0,-2241360848,2241360849,2179582596,True
199,239,47561,1,-2241360848,2241360849,2179582596,True
199,239,47561,2,-6724082546,2241360849,2179582596,True
199,239,47561,5,-47068577828,2241360849,2179582596,True
199,239,47561,7,-96378516506,2241360849,2179582596,True
199,241,47959,0,-2279108922,2279108923,2216526400,True
199,241,47959,1,-2279108922,2279108923,2216526400,True
199,241,47959,2,-6837326768,2279108923,2216526400,True
199,241,47959,5,-47861287382,2279108923,2216526400,True
199,241,47959,7,-98001683688,2279108923,2216526400,True
199,251,49949,0,-2472577652,2472577653,2405902500,True
199,251,49949,1,-2472577652,2472577653,2405902500,True
199,251,49949,2,-7417732958,2472577653,2405902500,True
199,251,49949,5,-51924130712,2472577653,2405902500,True
199,251,49949,7,-106320839078,2472577653,2405902500,True
199,257,51143,0,-2592441578,2592441579,2523253824,True
199,257,51143,1,-2592441578,2592441579,2523253824,True
199,257,51143,2,-7777324736,2592441579,2523253824,True
199,257,51143,5,-54441273158,2592441579,2523253824,True
199,257,51143,7,-111474987896,2592441579,2523253824,True
199,263,52337,0,-2715142520,2715142521,2643399396,True
199,263,52337,1,-2715142520,2715142521,2643399396,True
199,263,52337,2,-8145427562,2715142521,2643399396,True
199,263,52337,5,-57017992940,2715142521,2643399396,True
199,263,52337,7,-116751128402,2715142521,2643399396,True
199,269,53531,0,-2840680478,2840680479,2766339216,True
199,269,53531,1,-2840680478,2840680479,2766339216,True
199,269,53531,2,-8522041436,2840680479,2766339216,True
199,269,53531,5,-59654290058,2840680479,2766339216,True
199,269,53531,7,-122149260596,2840680479,2766339216,True
199,271,53929,0,-2883156912,2883156913,2807940100,True
199,271,53929,1,-2883156912,2883156913,2807940100,True
199,271,53929,2,-8649470738,2883156913,2807940100,True
199,271,53929,5,-60546295172,2883156913,2807940100,True
199,271,53929,7,-123975747258,2883156913,2807940100,True
199,277,55123,0,-3012477558,3012477559,2934605584,True
199,277,55123,1,-3012477558,3012477559,2934605584,True
199,277,55123,2,-9037432676,3012477559,2934605584,True
199,277,55123,5,-63262028738,3012477559,2934605584,True
199,277,55123,7,-129536535036,3012477559,2934605584,True
199,281,55919,0,-3100267442,3100267443,3020601600,True
199,281,55919,1,-3100267442,3100267443,3020601600,True
199,281,55919,2,-9300802328,3100267443,3020601600,True
199,281,55919,5,-65105616302,3100267443,3020601600,True
199,281,55919,7,-133311500048,3100267443,3020601600,True
199,283,56317,0,-3144635220,3144635221,3064065316,True
199,283,56317,1,-3144635220,3144635221,3064065316,True
199,283,56317,2,-9433905662,3144635221,3064065316,True
199,283,56317,5,-66037339640,3144635221,3064065316,True
199,283,56317,7,-135219314502,3144635221,3064065316,True
199,293,58307,0,-3371202470,3371202471,3286040976,True
199,293,58307,1,-3371202470,3371202471,3286040976,True
199,293,58307,2,-10113607412,3371202471,3286040976,True
199,293,58307,5,-70795251890,3371202471,3286040976,True
199,293,58307,7,-144961706252,3371202471,3286040976,True
211,223,47053,0,-2193704676,2193704677,2133146596,True
211,223,47053,1,-2193704676,2193704677,2133146596,True
211,223,47053,2,-6581114030,2193704677,2133146596,True
211,223,47053,5,-46067798216,2193704677,2133146596,True
211,223,47053,7,-94329301110,2193704677,2133146596,True
211,227,47897,0,-2273287232,2273287233,2211068484,True
211,227,47897,1,-2273287232,2273287233,2211068484,True
211,227,47897,2,-6819861698,2273287233,2211068484,True
211,227,47897,5,-47739031892,2273287233,2211068484,True
211,227,47897,7,-97751351018,2273287233,2211068484,True
211,229,48319,0,-2313610242,2313610243,2250553600,True
211,229,48319,1,-2313610242,2313610243,2250553600,True
211,229,48319,2,-6940830728,2313610243,2250553600,True
211,229,48319,5,-48585815102,2313610243,2250553600,True
211,229,48319,7,-99485240448,2313610243,2250553600,True
211,233,49163,0,-2395319726,2395319727,2330572176,True
211,233,49163,1,-2395319726,2395319727,2330572176,True
211,233,49163,2,-7185959180,2395319727,2330572176,True
211,233,49163,5,-50301714266,2395319727,2330572176,True
211,233,49163,7,-102998748260,2395319727,2330572176,True
211,239,50429,0,-2520542612,2520542613,2453220900,True
211,239,50429,1,-2520542612,2520542613,2453220900,True
211,239,50429,2,-7561627838,2520542613,2453220900,True
211,239,50429,5,-52931394872,2520542613,2453220900,True
211,239,50429,7,-108383332358,2520542613,2453220900,True
211,241,50851,0,-2562992550,2562992551,2494802704,True
211,241,50851,1,-2562992550,2562992551,2494802704,True
211,241,50851,2,-7688977652,2562992551,2494802704,True
211,241,50851,5,-53822843570,2562992551,2494802704,True
211,241,50851,7,-110208679692,2562992551,2494802704,True
211,251,52961,0,-2780559560,2780559561,2707953444,True
211,251,52961,1,-2780559560,2780559561,2707953444,True
211,251,52961,2,-8341678682,2780559561,2707953444,True
211,251,52961,5,-58391750780,2780559561,2707953444,True
211,251,52961,7,-119564061122,2780559561,2707953444,True
211,257,54227,0,-2915353622,2915353623,2840037264,True
211,257,54227,1,-2915353622,2915353623,2840037264,True
211,257,54227,2,-8746060868,2915353623,2840037264,True
211,257,54227,5,-61222426082,2915353623,2840037264,True
211,257,54227,7,-125360205788,2915353623,2840037264,True
211,263,55493,0,-3053338076,3053338077,2975266116,True
211,263,55493,1,-3053338076,3053338077,2975266116,True
211,263,55493,2,-9160014230,3053338077,2975266116,True
211,263,55493,5,-64120099616,3053338077,2975266116,True
211,263,55493,7,-131293537310,3053338077,2975266116,True
211,269,56759,0,-3194512922,3194512923,3113640000,True
211,269,56759,1,-3194512922,3194512923,3113640000,True
211,269,56759,2,-9583538768,3194512923,3113640000,True
211,269,56759,5,-67084771382,3194512923,3113640000,True
211,269,56759,7,-137364055688,3194512923,3113640000,True
211,271,57181,0,-3242280180,3242280181,3160463524,True
211,271,57181,1,-3242280180,3242280181,3160463524,True
211,271,57181,2,-9726840542,3242280181,3160463524,True
211,271,57181,5,-68087883800,3242280181,3160463524,True
211,271,57181,7,-139418047782,3242280181,3160463524,True
211,277,58447,0,-3387708882,3387708883,3303030784,True
211,277,58447,1,-3387708882,3387708883,3303030784,True
211,277,58447,2,-10163126648,3387708883,3303030784,True
211,277,58447,5,-71141886542,3387708883,3303030784,True
211,277,58447,7,-145671481968,3387708883,3303030784,True
211,281,59291,0,-3486433790,3486433791,3399822864,True
211,281,59291,1,-3486433790,3486433791,3399822864,True
211,281,59291,2,-10459301372,3486433791,3399822864,True
211,281,59291,5,-73215109610,3486433791,3399822864,True
211,281,59291,7,-149916653012,3486433791,3399822864,True
211,283,59713,0,-3536327976,3536327977,3448743076,True
211,283,59713,1,-3536327976,3536327977,3448743076,True
211,283,59713,2,-10608983930,3536327977,3448743076,True
211,283,59713,5,-74262887516,3536327977,3448743076,True
211,283,59713,7,-152062103010,3536327977,3448743076,True
211,293,61823,0,-3791116226,3791116227,3698585856,True
211,293,61823,1,-3791116226,3791116227,3698585856,True
211,293,61823,2,-11373348680,3791116227,3698585856,True
211,293,61823,5,-79613440766,3791116227,3698585856,True
211,293,61823,7,-163017997760,3791116227,3698585856,True
223,227,50621,0,-2539857620,2539857621,2472277284,True
223,227,50621,1,-2539857620,2539857621,2472277284,True
223,227,50621,2,-7619572862,2539857621,2472277284,True
223,227,50621,5,-53337010040,2539857621,2472277284,True
223,227,50621,7,-109213877702,2539857621,2472277284,True
223,229,51067,0,-2584908990,2584908991,2516426896,True
223,229,51067,1,-2584908990,2584908991,2516426896,True
223,229,51067,2,-7754726972,2584908991,2516426896,True
223,229,51067,5,-54283088810,2584908991,2516426896,True
223,229,51067,7,-111151086612,2584908991,2516426896,True
223,233,51959,0,-2676199898,2676199899,2605898304,True
223,233,51959,1,-2676199898,2676199899,2605898304,True
223,233,51959,2,-8028599696,2676199899,2605898304,True
223,233,51959,5,-56200197878,2676199899,2605898304,True
223,233,51959,7,-115076595656,2676199899,2605898304,True
223,239,53297,0,-2816106680,2816106681,2743035876,True
223,239,53297,1,-2816106680,2816106681,2743035876,True
223,239,53297,2,-8448320042,2816106681,2743035876,True
223,239,53297,5,-59138240300,2816106681,2743035876,True
223,239,53297,7,-121092587282,2816106681,2743035876,True
223,241,53743,0,-2863534386,2863534387,2789529856,True
223,241,53743,1,-2863534386,2863534387,2789529856,True
223,241,53743,2,-8590603160,2863534387,2789529856,True
223,241,53743,5,-60134222126,2863534387,2789529856,True
223,241,53743,7,-123131978640,2863534387,2789529856,True
223,251,55973,0,-3106613756,3106613757,3027860676,True
223,251,55973,1,-3106613756,3106613757,3027860676,True
223,251,55973,2,-9319841270,3106613757,3027860676,True
223,251,55973,5,-65238888896,3106613757,3027860676,True
223,251,55973,7,-133584391550,3106613757,3027860676,True
223,257,57311,0,-3257214050,3257214051,3175547904,True
223,257,57311,1,-3257214050,3257214051,3175547904,True
223,257,57311,2,-9771642152,3257214051,3175547904,True
223,257,57311,5,-68401495070,3257214051,3175547904,True
223,257,57311,7,-140060204192,3257214051,3175547904,True
223,263,58649,0,-3411378848,3411378849,3326751684,True
223,263,58649,1,-3411378848,3411378849,3326751684,True
223,263,58649,2,-10234136546,3411378849,3326751684,True
223,263,58649,5,-71638955828,3411378849,3326751684,True
223,263,58649,7,-146689290506,3411378849,3326751684,True
223,269,59987,0,-3569108150,3569108151,3481472016,True
223,269,59987,1,-3569108150,3569108151,3481472016,True
223,269,59987,2,-10707324452,3569108151,3481472016,True
223,269,59987,5,-74951271170,3569108151,3481472016,True
223,269,59987,7,-153471650492,3569108151,3481472016,True
223,271,60433,0,-3622476696,3622476697,3533826916,True
223,271,60433,1,-3622476696,3622476697,3533826916,True
223,271,60433,2,-10867430090,3622476697,3533826916,True
223,271,60433,5,-76072010636,3622476697,3533826916,True
223,271,60433,7,-155766497970,3622476697,3533826916,True
223,277,61771,0,-3784958670,3784958671,3693235984,True
223,277,61771,1,-3784958670,3784958671,3693235984,True
223,277,61771,2,-11354876012,3784958671,3693235984,True
223,277,61771,5,-79484132090,3784958671,3693235984,True
223,277,61771,7,-162753222852,3784958671,3693235984,True
223,281,62663,0,-3895260266,3895260267,3801462336,True
223,281,62663,1,-3895260266,3895260267,3801462336,True
223,281,62663,2,-11685780800,3895260267,3801462336,True
223,281,62663,5,-81800465606,3895260267,3801462336,True
223,281,62663,7,-167496191480,3895260267,3801462336,True
223,283,63109,0,-3951005148,3951005149,3856161604,True
223,283,63109,1,-3951005148,3951005149,3856161604,True
223,283,63109,2,-11853015446,3951005149,3856161604,True
223,283,63109,5,-82971108128,3951005149,3856161604,True
223,283,63109,7,-169893221406,3951005149,3856161604,True
223,293,65339,0,-4235670398,4235670399,4135518864,True
223,293,65339,1,-4235670398,4235670399,4135518864,True
223,293,65339,2,-12707011196,4235670399,4135518864,True
223,293,65339,5,-88949078378,4235670399,4135518864,True
223,293,65339,7,-182133827156,4235670399,4135518864,True
227,229,51983,0,-2678683538,2678683539,2608349184,True
227,229,51983,1,-2678683538,2678683539,2608349184,True
227,229,51983,2,-8036050616,2678683539,2608349184,True
227,229,51983,5,-56252354318,2678683539,2608349184,True
227,229,51983,7,-115183392176,2678683539,2608349184,True
227,233,52891,0,-2773286270,2773286271,2701088784,True
227,233,52891,1,-2773286270,2773286271,2701088784,True
227,233,52891,2,-8319858812,2773286271,2701088784,True
227,233,52891,5,-58239011690,2773286271,2701088784,True
227,233,52891,7,-119251309652,2773286271,2701088784,True
227,239,54253,0,-2918268548,2918268549,2843235684,True
227,239,54253,1,-2918268548,2918268549,2843235684,True
227,239,54253,2,-8754805646,2918268549,2843235684,True
227,239,54253,5,-61283639528,2918268549,2843235684,True
227,239,54253,7,-125485547606,2918268549,2843235684,True
227,241,54707,0,-2967416822,2967416823,2891427984,True
227,241,54707,1,-2967416822,2967416823,2891427984,True
227,241,54707,2,-8902250468,2967416823,2891427984,True
227,241,54707,5,-62315753282,2967416823,2891427984,True
227,241,54707,7,-127598923388,2967416823,2891427984,True
227,251,56977,0,-3219314552,3219314553,3138464484,True
227,251,56977,1,-3219314552,3219314553,3138464484,True
227,251,56977,2,-9657943658,3219314553,3138464484,True
227,251,56977,5,-67605605612,3219314553,3138464484,True
227,251,56977,7,-138430525778,3219314553,3138464484,True
227,257,58339,0,-3375378278,3375378279,3291546384,True
227,257,58339,1,-3375378278,3375378279,3291546384,True
227,257,58339,2,-10126134836,3375378279,3291546384,True
227,257,58339,5,-70882943858,3375378279,3291546384,True
227,257,58339,7,-145141265996,3375378279,3291546384,True
227,263,59701,0,-3535135820,3535135821,3448273284,True
227,263,59701,1,-3535135820,3535135821,3448273284,True
227,263,59701,2,-10605407462,3535135821,3448273284,True
227,263,59701,5,-74237852240,3535135821,3448273284,True
227,263,59701,7,-152010840302,3535135821,3448273284,True
227,269,61063,0,-3698587178,3698587179,3608645184,True
227,269,61063,1,-3698587178,3698587179,3608645184,True
227,269,61063,2,-11095761536,3698587179,3608645184,True
227,269,61063,5,-77670330758,3698587179,3608645184,True
227,269,61063,7,-159039248696,3698587179,3608645184,True
227,271,61517,0,-3753891812,3753891813,3662912484,True
227,271,61517,1,-3753891812,3753891813,3662912484,True
227,271,61517,2,-11261675438,3753891813,3662912484,True
227,271,61517,5,-78831728072,3753891813,3662912484,True
227,271,61517,7,-161417347958,3753891813,3662912484,True
227,277,62879,0,-3922268258,3922268259,3828144384,True
227,277,62879,1,-3922268258,3922268259,3828144384,True
227,277,62879,2,-11766804776,3922268259,3828144384,True
227,277,62879,5,-82367633438,3922268259,3828144384,True
227,277,62879,7,-168657535136,3922268259,3828144384,True
227,281,63787,0,-4036571342,4036571343,3940323984,True
227,281,63787,1,-4036571342,4036571343,3940323984,True
227,281,63787,2,-12109714028,4036571343,3940323984,True
227,281,63787,5,-84767998202,4036571343,3940323984,True
227,281,63787,7,-173572567748,4036571343,3940323984,True
227,283,64241,0,-4094338520,4094338521,3997021284,True
227,283,64241,1,-4094338520,4094338521,3997021284,True
227,283,64241,2,-12283015562,4094338521,3997021284,True
227,283,64241,5,-85981108940,4094338521,3997021284,True
227,283,64241,7,-176056556402,4094338521,3997021284,True
227,293,66511,0,-4389330770,4389330771,4286582784,True
227,293,66511,1,-4389330770,4389330771,4286582784,True
227,293,66511,2,-13167992312,4389330771,4286582784,True
227,293,66511,5,-92175946190,4389330771,4286582784,True
227,293,66511,7,-188741223152,4389330771,4286582784,True
229,233,53357,0,-2822478140,2822478141,2749324356,True
229,233,53357,1,-2822478140,2822478141,2749324356,True
229,233,53357,2,-8467434422,2822478141,2749324356,True
229,233,53357,5,-59272040960,2822478141,2749324356,True
229,233,53357,7,-121366560062,2822478141,2749324356,True
229,239,54731,0,-2970032078,2970032079,2894009616,True
229,239,54731,1,-2970032078,2970032079,2894009616,True
229,239,54731,2,-8910096236,2970032079,2894009616,True
229,239,54731,5,-62370673658,2970032079,2894009616,True
229,239,54731,7,-127711379396,2970032079,2894009616,True
229,241,55189,0,-3020052132,3020052133,2943062500,True
229,241,55189,1,-3020052132,3020052133,2943062500,True
229,241,55189,2,-9060156398,3020052133,2943062500,True
229,241,55189,5,-63421094792,3020052133,2943062500,True
229,241,55189,7,-129862241718,3020052133,2943062500,True
229,251,57479,0,-3276417962,3276417963,3194510400,True
229,251,57479,1,-3276417962,3276417963,3194510400,True
229,251,57479,2,-9829253888,3276417963,3194510400,True
229,251,57479,5,-68804777222,3276417963,3194510400,True
229,251,57479,7,-140885972408,3276417963,3194510400,True
229,257,58853,0,-3435249908,3435249909,3350325924,True
229,257,58853,1,-3435249908,3435249909,3350325924,True
229,257,58853,2,-10305749726,3435249909,3350325924,True
229,257,58853,5,-72140248088,3435249909,3350325924,True
229,257,58853,7,-147715746086,3435249909,3350325924,True
229,263,60227,0,-3597841190,3597841191,3509851536,True
229,263,60227,1,-3597841190,3597841191,3509851536,True
229,263,60227,2,-10793523572,3597841191,3509851536,True
229,263,60227,5,-75554665010,3597841191,3509851536,True
229,263,60227,7,-154707171212,3597841191,3509851536,True
229,269,61601,0,-3764191808,3764191809,3673087236,True
229,269,61601,1,-3764191808,3764191809,3673087236,True
229,269,61601,2,-11292575426,3764191809,3673087236,True
229,269,61601,5,-79048027988,3764191809,3673087236,True
229,269,61601,7,-161860247786,3764191809,3673087236,True
229,271,62059,0,-3820477422,3820477423,3728323600,True
229,271,62059,1,-3820477422,3820477423,3728323600,True
229,271,62059,2,-11461432268,3820477423,3728323600,True
229,271,62059,5,-80230025882,3820477423,3728323600,True
229,271,62059,7,-164280529188,3820477423,3728323600,True
229,277,63433,0,-3991840488,3991840489,3896506084,True
229,277,63433,1,-3991840488,3991840489,3896506084,True
229,277,63433,2,-11975521466,3991840489,3896506084,True
229,277,63433,5,-83828650268,3991840489,3896506084,True
229,277,63433,7,-171649141026,3991840489,3896506084,True
229,281,64349,0,-4108171052,4108171053,4010688900,True
229,281,64349,1,-4108171052,4108171053,4010688900,True
229,281,64349,2,-12324513158,4108171053,4010688900,True
229,281,64349,5,-86271592112,4108171053,4010688900,True
229,281,64349,7,-176651355278,4108171053,4010688900,True
229,283,64807,0,-4166962890,4166962891,4068398656,True
229,283,64807,1,-4166962890,4166962891,4068398656,True
229,283,64807,2,-12500888672,4166962891,4068398656,True
229,283,64807,5,-87506220710,4166962891,4068398656,True
229,283,64807,7,-179179404312,4166962891,4068398656,True
229,293,67097,0,-4467187640,4467187641,4363130916,True
229,293,67097,1,-4467187640,4467187641,4363130916,True
229,293,67097,2,-13401562922,4467187641,4363130916,True
229,293,67097,5,-93810940460,4467187641,4363130916,True
229,293,67097,7,-192089068562,4467187641,4363130916,True
233,239,55687,0,-3074924330,3074924331,2996905536,True
233,239,55687,1,-3074924330,3074924331,2996905536,True
233,239,55687,2,-9224772992,3074924331,2996905536,True
233,239,55687,5,-64573410950,3074924331,2996905536,True
233,239,55687,7,-132221746232,3074924331,2996905536,True
233,241,56153,0,-3126710936,3126710937,3047702436,True
233,241,56153,1,-3126710936,3126710937,3047702436,True
233,241,56153,2,-9380132810,3126710937,3047702436,True
233,241,56153,5,-65660929676,3126710937,3047702436,True
233,241,56153,7,-134448570290,3126710937,3047702436,True
233,251,58483,0,-3392130806,3392130807,3308090256,True
233,251,58483,1,-3392130806,3392130807,3308090256,True
233,251,58483,2,-10176392420,3392130807,3308090256,True
233,251,58483,5,-71234746946,3392130807,3308090256,True
233,251,58483,7,-145861624700,3392130807,3308090256,True
233,257,59881,0,-3556572200,3556572201,3469445604,True
233,257,59881,1,-3556572200,3556572201,3469445604,True
233,257,59881,2,-10669716602,3556572201,3469445604,True
233,257,59881,5,-74688016220,3556572201,3469445604,True
233,257,59881,7,-152932604642,3556572201,3469445604,True
233,263,61279,0,-3724905698,3724905699,3634642944,True
233,263,61279,1,-3724905698,3724905699,3634642944,True
233,263,61279,2,-11174717096,3724905699,3634642944,True
233,263,61279,5,-78223019678,3724905699,3634642944,True
233,263,61279,7,-160170945056,3724905699,3634642944,True
233,269,62677,0,-3897131300,3897131301,3803682276,True
233,269,62677,1,-3897131300,3897131301,3803682276,True
233,269,62677,2,-11691393902,3897131301,3803682276,True
233,269,62677,5,-81839757320,3897131301,3803682276,True
233,269,62677,7,-167576645942,3897131301,3803682276,True
233,271,63143,0,-3955404746,3955404747,3860882496,True
233,271,63143,1,-3955404746,3955404747,3860882496,True
233,271,63143,2,-11866214240,3955404747,3860882496,True
233,271,63143,5,-83063499686,3955404747,3860882496,True
233,271,63143,7,-170082404120,3955404747,3860882496,True
233,277,64541,0,-4132819820,4132819821,4035044484,True
233,277,64541,1,-4132819820,4132819821,4035044484,True
233,277,64541,2,-12398459462,4132819821,4035044484,True
233,277,64541,5,-86789216240,4132819821,4035044484,True
233,277,64541,7,-177711252302,4132819821,4035044484,True
233,281,65473,0,-4253258816,4253258817,4153286916,True
233,281,65473,1,-4253258816,4253258817,4153286916,True
233,281,65473,2,-12759776450,4253258817,4153286916,True
233,281,65473,5,-89318435156,4253258817,4153286916,True
233,281,65473,7,-182890129130,4253258817,4153286916,True
233,283,65939,0,-4314126998,4314126999,4213048464,True
233,283,65939,1,-4314126998,4314126999,4213048464,True
233,283,65939,2,-12942380996,4314126999,4213048464,True
233,283,65939,5,-90596666978,4314126999,4213048464,True
233,283,65939,7,-185507460956,4314126999,4213048464,True
233,293,68269,0,-4624954748,4624954749,4518259524,True
233,293,68269,1,-4624954748,4624954749,4518259524,True
233,293,68269,2,-13874864246,4624954749,4518259524,True
233,293,68269,5,-97124049728,4624954749,4518259524,True
233,293,68269,7,-198873054206,4624954749,4518259524,True
239,241,57599,0,-3290169602,3290169603,3208089600,True
239,241,57599,1,-3290169602,3290169603,3208089600,True
239,241,57599,2,-9870508808,3290169603,3208089600,True
239,241,57599,5,-69093561662,3290169603,3208089600,True
239,241,57599,7,-141477292928,3290169603,3208089600,True
239,251,59989,0,-3569465132,3569465133,3482180100,True
239,251,59989,1,-3569465132,3569465133,3482180100,True
239,251,59989,2,-10708395398,3569465133,3482180100,True
239,251,59989,5,-74958767792,3569465133,3482180100,True
239,251,59989,7,-153487000718,3569465133,3482180100,True
239,257,61423,0,-3742503218,3742503219,3652026624,True
239,257,61423,1,-3742503218,3742503219,3652026624,True
239,257,61423,2,-11227509656,3742503219,3652026624,True
239,257,61423,5,-78592567598,3742503219,3652026624,True
239,257,61423,7,-160927638416,3742503219,3652026624,True
239,263,62857,0,-3919636880,3919636881,3825917316,True
239,263,62857,1,-3919636880,3919636881,3825917316,True
239,263,62857,2,-11758910642,3919636881,3825917316,True
239,263,62857,5,-82312374500,3919636881,3825917316,True
239,263,62857,7,-168544385882,3919636881,3825917316,True
239,269,64291,0,-4100866118,4100866119,4003852176,True
239,269,64291,1,-4100866118,4100866119,4003852176,True
239,269,64291,2,-12302598356,4100866119,4003852176,True
239,269,64291,5,-86118188498,4100866119,4003852176,True
239,269,64291,7,-176337243116,4100866119,4003852176,True
239,271,64769,0,-4162185992,4162185993,4064062500,True
239,271,64769,1,-4162185992,4162185993,4064062500,True
239,271,64769,2,-12486557978,4162185993,4064062500,True
239,271,64769,5,-87405905852,4162185993,4064062500,True
239,271,64769,7,-178973997698,4162185993,4064062500,True
239,277,66203,0,-4348875998,4348875999,4247389584,True
239,277,66203,1,-4348875998,4348875999,4247389584,True
239,277,66203,2,-13046627996,4348875999,4247389584,True
239,277,66203,5,-91326395978,4348875999,4247389584,True
239,277,66203,7,-187001667956,4348875999,4247389584,True
239,281,67159,0,-4475611322,4475611323,4371854400,True
239,281,67159,1,-4475611322,4475611323,4371854400,True
239,281,67159,2,-13426833968,4475611323,4371854400,True
239,281,67159,5,-93987837782,4475611323,4371854400,True
239,281,67159,7,-192451286888,4475611323,4371854400,True
239,283,67637,0,-4539661580,4539661581,4434760836,True
239,283,67637,1,-4539661580,4539661581,4434760836,True
239,283,67637,2,-13618984742,4539661581,4434760836,True
239,283,67637,5,-95332893200,4539661581,4434760836,True
239,283,67637,7,-195205447982,4539661581,4434760836,True
239,293,70027,0,-4866738830,4866738831,4756033296,True
239,293,70027,1,-4866738830,4866738831,4756033296,True
239,293,70027,2,-14600216492,4866738831,4756033296,True
239,293,70027,5,-102201515450,4866738831,4756033296,True
239,293,70027,7,-209269769732,4866738831,4756033296,True
241,251,60491,0,-3629580590,3629580591,3541202064,True
241,251,60491,1,-3629580590,3629580591,3541202064,True
241,251,60491,2,-10888741772,3629580591,3541202064,True
241,251,60491,5,-76221192410,3629580591,3541202064,True
241,251,60491,7,-156071965412,3629580591,3541202064,True
241,257,61937,0,-3805532912,3805532913,3713927364,True
241,257,61937,1,-3805532912,3805532913,3713927364,True
241,257,61937,2,-11416598738,3805532913,3713927364,True
241,257,61937,5,-79916191172,3805532913,3713927364,True
241,257,61937,7,-163637915258,3805532913,3713927364,True
241,263,63383,0,-3985649786,3985649787,3890765376,True
241,263,63383,1,-3985649786,3985649787,3890765376,True
241,263,63383,2,-11956949360,3985649787,3890765376,True
241,263,63383,5,-83698645526,3985649787,3890765376,True
241,263,63383,7,-171382940840,3985649787,3890765376,True
241,269,64829,0,-4169931212,4169931213,4071716100,True
241,269,64829,1,-4169931212,4169931213,4071716100,True
241,269,64829,2,-12509793638,4169931213,4071716100,True
241,269,64829,5,-87568555472,4169931213,4071716100,True
241,269,64829,7,-179307042158,4169931213,4071716100,True
241,271,65311,0,-4232283810,4232283811,4132946944,True
241,271,65311,1,-4232283810,4232283811,4132946944,True
241,271,65311,2,-12696851432,4232283811,4132946944,True
241,271,65311,5,-88877960030,4232283811,4132946944,True
241,271,65311,7,-181988203872,4232283811,4132946944,True
241,277,66757,0,-4422117972,4422117973,4319381284,True
241,277,66757,1,-4422117972,4422117973,4319381284,True
241,277,66757,2,-13266353918,4422117973,4319381284,True
241,277,66757,5,-92864477432,4422117973,4319381284,True
241,277,66757,7,-190151072838,4422117973,4319381284,True
241,281,67721,0,-4550987720,4550987721,4445955684,True
241,281,67721,1,-4550987720,4550987721,4445955684,True
241,281,67721,2,-13652963162,4550987721,4445955684,True
241,281,67721,5,-95570742140,4550987721,4445955684,True
241,281,67721,7,-195692472002,4550987721,4445955684,True
241,283,68203,0,-4616116686,4616116687,4509928336,True
241,283,68203,1,-4616116686,4616116687,4509928336,True
241,283,68203,2,-13848350060,4616116687,4509928336,True
241,283,68203,5,-96938450426,4616116687,4509928336,True
241,283,68203,7,-198493017540,4616116687,4509928336,True
241,293,70613,0,-4948702436,4948702437,4836646116,True
241,293,70613,1,-4948702436,4948702437,4836646116,True
241,293,70613,2,-14846107310,4948702437,4836646116,True
241,293,70613,5,-103922751176,4948702437,4836646116,True
241,293,70613,7,-212794204790,4948702437,4836646116,True
251,257,64507,0,-4128576542,4128576543,4031234064,True
251,257,64507,1,-4128576542,4128576543,4031234064,True
251,257,64507,2,-12385729628,4128576543,4031234064,True
251,257,64507,5,-86700107402,4128576543,4031234064,True
251,257,64507,7,-177528791348,4128576543,4031234064,True
251,263,66013,0,-4323983156,4323983157,4223180196,True
251,263,66013,1,-4323983156,4323983157,4223180196,True
251,263,66013,2,-12971949470,4323983157,4223180196,True
251,263,66013,5,-90803646296,4323983157,4223180196,True
251,263,66013,7,-185931275750,4323983157,4223180196,True
251,269,67519,0,-4523907842,4523907843,4419590400,True
251,269,67519,1,-4523907842,4523907843,4419590400,True
251,269,67519,2,-13571723528,4523907843,4419590400,True
251,269,67519,5,-95002064702,4523907843,4419590400,True
251,269,67519,7,-194528037248,4523907843,4419590400,True
251,271,68021,0,-4591553420,4591553421,4486052484,True
251,271,68021,1,-4591553420,4591553421,4486052484,True
251,271,68021,2,-13774660262,4591553421,4486052484,True
251,271,68021,5,-96422621840,4591553421,4486052484,True
251,271,68021,7,-197436797102,4591553421,4486052484,True
251,277,69527,0,-4797502202,4797502203,4688414784,True
251,277,69527,1,-4797502202,4797502203,4688414784,True
251,277,69527,2,-14392506608,4797502203,4688414784,True
251,277,69527,5,-100747546262,4797502203,4688414784,True
251,277,69527,7,-206292594728,4797502203,4688414784,True
251,281,70531,0,-4937311430,4937311431,4825803024,True
251,281,70531,1,-4937311430,4937311431,4825803024,True
251,281,70531,2,-14811934292,4937311431,4825803024,True
251,281,70531,5,-103683540050,4937311431,4825803024,True
251,281,70531,7,-212304391532,4937311431,4825803024,True
251,283,71033,0,-5007969056,5007969057,4895241156,True
251,283,71033,1,-5007969056,5007969057,4895241156,True
251,283,71033,2,-15023907170,5007969057,4895241156,True
251,283,71033,5,-105167350196,5007969057,4895241156,True
251,283,71033,7,-215342669450,5007969057,4895241156,True
251,293,73543,0,-5368787306,5368787307,5249871936,True
251,293,73543,1,-5368787306,5368787307,5249871936,True
251,293,73543,2,-16106361920,5368787307,5249871936,True
251,293,73543,5,-112744533446,5368787307,5249871936,True
251,293,73543,7,-230857854200,5368787307,5249871936,True
257,263,67591,0,-4533598250,4533598251,4429168704,True
257,263,67591,1,-4533598250,4533598251,4429168704,True
257,263,67591,2,-13600794752,4533598251,4429168704,True
257,263,67591,5,-95205563270,4533598251,4429168704,True
257,263,67591,7,-194944724792,4533598251,4429168704,True
257,269,69133,0,-4743214748,4743214749,4635158724,True
257,269,69133,1,-4743214748,4743214749,4635158724,True
257,269,69133,2,-14229644246,4743214749,4635158724,True
257,269,69133,5,-99607509728,4743214749,4635158724,True
257,269,69133,7,-203958234206,4743214749,4635158724,True
257,271,69647,0,-4814139602,4814139603,4704862464,True
257,271,69647,1,-4814139602,4814139603,4704862464,True
257,271,69647,2,-14442418808,4814139603,4704862464,True
257,271,69647,5,-101096931662,4814139603,4704862464,True
257,271,69647,7,-207008002928,4814139603,4704862464,True
257,277,71189,0,-5030072228,5030072229,4917094884,True
257,277,71189,1,-5030072228,5030072229,4917094884,True
257,277,71189,2,-15090216686,5030072229,4917094884,True
257,277,71189,5,-105631516808,5030072229,4917094884,True
257,277,71189,7,-216293105846,5030072229,4917094884,True
257,281,72217,0,-5176659032,5176659033,5061184164,True
257,281,72217,1,-5176659032,5176659033,5061184164,True
257,281,72217,2,-15529977098,5176659033,5061184164,True
257,281,72217,5,-108709839692,5176659033,5061184164,True
257,281,72217,7,-222596338418,5176659033,5061184164,True
257,283,72731,0,-5250741950,5250741951,5134009104,True
257,283,72731,1,-5250741950,5250741951,5134009104,True
257,283,72731,2,-15752225852,5250741951,5134009104,True
257,283,72731,5,-110265580970,5250741951,5134009104,True
257,283,72731,7,-225781903892,5250741951,5134009104,True
257,293,75301,0,-5629051700,5629051701,5505936804,True
257,293,75301,1,-5629051700,5629051701,5505936804,True
257,293,75301,2,-16887155102,5629051701,5505936804,True
257,293,75301,5,-118210085720,5629051701,5505936804,True
257,293,75301,7,-242049223142,5629051701,5505936804,True
263,269,70747,0,-4967712350,4967712351,4855859856,True
263,269,70747,1,-4967712350,4967712351,4855859856,True
263,269,70747,2,-14903137052,4967712351,4855859856,True
263,269,70747,5,-104321959370,4967712351,4855859856,True
263,269,70747,7,-213611631092,4967712351,4855859856,True
263,271,71273,0,-5041994096,5041994097,4928882436,True
263,271,71273,1,-5041994096,5041994097,4928882436,True
263,271,71273,2,-15125982290,5041994097,4928882436,True
263,271,71273,5,-105881876036,5041994097,4928882436,True
263,271,71273,7,-216805746170,5041994097,4928882436,True
263,277,72851,0,-5268146870,5268146871,5151219984,True
263,277,72851,1,-5268146870,5268146871,5151219984,True
263,277,72851,2,-15804440612,5268146871,5151219984,True
263,277,72851,5,-110631084290,5268146871,5151219984,True
263,277,72851,7,-226530315452,5268146871,5151219984,True
263,281,73903,0,-5421671666,5421671667,5302169856,True
263,281,73903,1,-5421671666,5421671667,5302169856,True
263,281,73903,2,-16265015000,5421671667,5302169856,True
263,281,73903,5,-113855105006,5421671667,5302169856,True
263,281,73903,7,-233131881680,5421671667,5302169856,True
263,283,74429,0,-5499260948,5499260949,5378462244,True
263,283,74429,1,-5499260948,5499260949,5378462244,True
263,283,74429,2,-16497782846,5499260949,5378462244,True
263,283,74429,5,-115484479928,5499260949,5378462244,True
263,283,74429,7,-236468220806,5499260949,5378462244,True
263,293,77059,0,-5895476198,5895476199,5768098704,True
263,293,77059,1,-5895476198,5895476199,5768098704,True
263,293,77059,2,-17686428596,5895476199,5768098704,True
263,293,77059,5,-123805000178,5895476199,5768098704,True
263,293,77059,7,-253505476556,5895476199,5768098704,True
269,271,72899,0,-5275116902,5275116903,5158112400,True
269,271,72899,1,-5275116902,5275116903,5158112400,True
269,271,72899,2,-15825350708,5275116903,5158112400,True
269,271,72899,5,-110777454962,5275116903,5158112400,True
269,271,72899,7,-226830026828,5275116903,5158112400,True
269,277,74513,0,-5511726128,5511726129,5390790084,True
269,277,74513,1,-5511726128,5511726129,5390790084,True
269,277,74513,2,-16535178386,5511726129,5390790084,True
269,277,74513,5,-115746248708,5511726129,5390790084,True
269,277,74513,7,-237004223546,5511726129,5390790084,True
269,281,75589,0,-5672349332,5672349333,5548760100,True
269,281,75589,1,-5672349332,5672349333,5548760100,True
269,281,75589,2,-17017047998,5672349333,5548760100,True
269,281,75589,5,-119119335992,5672349333,5548760100,True
269,281,75589,7,-243911021318,5672349333,5548760100,True
269,283,76127,0,-5753526050,5753526051,5628600576,True
269,283,76127,1,-5753526050,5753526051,5628600576,True
269,283,76127,2,-17260578152,5753526051,5628600576,True
269,283,76127,5,-120824047070,5753526051,5628600576,True
269,283,76127,7,-247401620192,5753526051,5628600576,True
269,293,78817,0,-6168060800,6168060801,6036357636,True
269,293,78817,1,-6168060800,6168060801,6036357636,True
269,293,78817,2,-18504182402,6168060801,6036357636,True
269,293,78817,5,-129529276820,6168060801,6036357636,True
269,293,78817,7,-265226614442,6168060801,6036357636,True
271,277,75067,0,-5594142462,5594142463,5471856784,True
271,277,75067,1,-5594142462,5594142463,5471856784,True
271,277,75067,2,-16782427388,5594142463,5471856784,True
271,277,75067,5,-117476991722,5594142463,5471856784,True
271,277,75067,7,-240548125908,5594142463,5471856784,True
271,281,76151,0,-5757167450,5757167451,5632202304,True
271,281,76151,1,-5757167450,5757167451,5632202304,True
271,281,76151,2,-17271502352,5757167451,5632202304,True
271,281,76151,5,-120900516470,5757167451,5632202304,True
271,281,76151,7,-247558200392,5757167451,5632202304,True
271,283,76693,0,-5839557996,5839557997,5713243396,True
271,283,76693,1,-5839557996,5839557997,5713243396,True
271,283,76693,2,-17518673990,5839557997,5713243396,True
271,283,76693,5,-122630717936,5839557997,5713243396,True
271,283,76693,7,-251100993870,5839557997,5713243396,True
271,293,79403,0,-6260291246,6260291247,6127132176,True
271,293,79403,1,-6260291246,6260291247,6127132176,True
271,293,79403,2,-18780873740,6260291247,6127132176,True
271,293,79403,5,-131466116186,6260291247,6127132176,True
271,293,79403,7,-269192523620,6260291247,6127132176,True
277,281,77837,0,-6015398492,6015398493,5886265284,True
277,281,77837,1,-6015398492,6015398493,5886265284,True
277,281,77837,2,-18046195478,6015398493,5886265284,True
277,281,77837,5,-126323368352,6015398493,5886265284,True
277,281,77837,7,-258662135198,6015398493,5886265284,True
277,283,78391,0,-6101484570,6101484571,5970961984,True
277,283,78391,1,-6101484570,6101484571,5970961984,True
277,283,78391,2,-18304453712,6101484571,5970961984,True
277,283,78391,5,-128131175990,6101484571,5970961984,True
277,283,78391,7,-262363836552,6101484571,5970961984,True
277,293,81161,0,-6541089320,6541089321,6403520484,True
277,293,81161,1,-6541089320,6541089321,6403520484,True
277,293,81161,2,-19623267962,6541089321,6403520484,True
277,293,81161,5,-137362875740,6541089321,6403520484,True
277,293,81161,7,-281266840802,6541089321,6403520484,True
281,283,79523,0,-6279294566,6279294567,6145932816,True
281,283,79523,1,-6279294566,6279294567,6145932816,True
281,283,79523,2,-18837883700,6279294567,6145932816,True
281,283,79523,5,-131865185906,6279294567,6145932816,True
281,283,79523,7,-270009666380,6279294567,6145932816,True
281,293,82333,0,-6731710316,6731710317,6591166596,True
281,293,82333,1,-6731710316,6731710317,6591166596,True
281,293,82333,2,-20195130950,6731710317,6591166596,True
281,293,82333,5,-141365916656,6731710317,6591166596,True
281,293,82333,7,-289463543630,6731710317,6591166596,True
283,293,82919,0,-6828047498,6828047499,6686005824,True
283,293,82919,1,-6828047498,6828047499,6686005824,True
283,293,82919,2,-20484142496,6828047499,6686005824,True
283,293,82919,5,-143388997478,6828047499,6686005824,True
283,293,82919,7,-293606042456,6828047499,6686005824,True
