p,q,n,u,A,A-n^2,A-n(n-1),A-(n^2-n+1),A-(n+1)^2,A-u^2,A-nu
2,3,6,5,21,-15,-9,-10,-28,-4,-9
2,5,10,7,63,-37,-27,-28,-58,14,-7
2,7,14,9,129,-67,-53,-54,-96,48,3
2,11,22,13,333,-151,-129,-130,-196,164,47
2,13,26,15,471,-205,-179,-180,-258,246,81
2,17,34,19,819,-337,-303,-304,-406,458,173
2,19,38,21,1029,-415,-377,-378,-492,588,231
2,23,46,25,1521,-595,-549,-550,-688,896,371
2,29,58,31,2439,-925,-867,-868,-1042,1478,641
2,31,62,33,2793,-1051,-989,-990,-1176,1704,747
2,37,74,39,3999,-1477,-1403,-1404,-1626,2478,1113
2,41,82,43,4923,-1801,-1719,-1720,-1966,3074,1397
2,43,86,45,5421,-1975,-1889,-1890,-2148,3396,1551
2,47,94,49,6489,-2347,-2253,-2254,-2536,4088,1883
2,53,106,55,8271,-2965,-2859,-2860,-3178,5246,2441
2,59,118,61,10269,-3655,-3537,-3538,-3892,6548,3071
2,61,122,63,10983,-3901,-3779,-3780,-4146,7014,3297
2,67,134,69,13269,-4687,-4553,-4554,-4956,8508,4023
2,71,142,73,14913,-5251,-5109,-5110,-5536,9584,4547
2,73,146,75,15771,-5545,-5399,-5400,-5838,10146,4821
2,79,158,81,18489,-6475,-6317,-6318,-6792,11928,5691
2,83,166,85,20421,-7135,-6969,-6970,-7468,13196,6311
2,89,178,91,23499,-8185,-8007,-8008,-8542,15218,7301
2,97,194,99,27939,-9697,-9503,-9504,-10086,18138,8733
2,101,202,103,30303,-10501,-10299,-10300,-10906,19694,9497
2,103,206,105,31521,-10915,-10709,-10710,-11328,20496,9891
2,107,214,109,34029,-11767,-11553,-11554,-12196,22148,10703
2,109,218,111,35319,-12205,-11987,-11988,-12642,22998,11121
2,113,226,115,37971,-13105,-12879,-12880,-13558,24746,11981
2,127,254,129,48009,-16507,-16253,-16254,-17016,31368,15243
2,131,262,133,51093,-17551,-17289,-17290,-18076,33404,16247
2,137,274,139,55899,-19177,-18903,-18904,-19726,36578,17813
2,139,278,141,57549,-19735,-19457,-19458,-20292,37668,18351
2,149,298,151,66159,-22645,-22347,-22348,-23242,43358,21161
2,151,302,153,67953,-23251,-22949,-22950,-23856,44544,21747
2,157,314,159,73479,-25117,-24803,-24804,-25746,48198,23553
2,163,326,165,79221,-27055,-26729,-26730,-27708,51996,25431
2,167,334,169,83169,-28387,-28053,-28054,-29056,54608,26723
2,173,346,175,89271,-30445,-30099,-30100,-31138,58646,28721
2,179,358,181,95589,-32575,-32217,-32218,-33292,62828,30791
2,181,362,183,97743,-33301,-32939,-32940,-34026,64254,31497
2,191,382,193,108873,-37051,-36669,-36670,-37816,71624,35147
2,193,386,195,111171,-37825,-37439,-37440,-38598,73146,35901
2,197,394,199,115839,-39397,-39003,-39004,-40186,76238,37433
2,199,398,201,118209,-40195,-39797,-39798,-40992,77808,38211
2,211,422,213,132933,-45151,-44729,-44730,-45996,87564,43047
2,223,446,225,148521,-50395,-49949,-49950,-51288,97896,48171
2,227,454,229,153909,-52207,-51753,-51754,-53116,101468,49943
2,229,458,231,156639,-53125,-52667,-52668,-54042,103278,50841
2,233,466,235,162171,-54985,-54519,-54520,-55918,106946,52661
2,239,478,241,170649,-57835,-57357,-57358,-58792,112568,55451
2,241,482,243,173523,-58801,-58319,-58320,-59766,114474,56397
2,251,502,253,188253,-63751,-63249,-63250,-64756,124244,61247
2,257,514,259,197379,-66817,-66303,-66304,-67846,130298,64253
2,263,526,265,206721,-69955,-69429,-69430,-71008,136496,67331
2,269,538,271,216279,-73165,-72627,-72628,-74242,142838,70481
2,271,542,273,219513,-74251,-73709,-73710,-75336,144984,71547
2,277,554,279,229359,-77557,-77003,-77004,-78666,151518,74793
2,281,562,283,236043,-79801,-79239,-79240,-80926,155954,76997
2,283,566,285,239421,-80935,-80369,-80370,-82068,158196,78111
2,293,586,295,256671,-86725,-86139,-86140,-87898,169646,83801
3,5,15,8,147,-78,-63,-64,-109,83,27
3,7,21,10,301,-140,-119,-120,-183,201,91
3,11,33,14,777,-312,-279,-280,-379,581,315
3,13,39,16,1099,-422,-383,-384,-501,843,475
3,17,51,20,1911,-690,-639,-640,-793,1511,891
3,19,57,22,2401,-848,-791,-792,-963,1917,1147
3,23,69,26,3549,-1212,-1143,-1144,-1351,2873,1755
3,29,87,32,5691,-1878,-1791,-1792,-2053,4667,2907
3,31,93,34,6517,-2132,-2039,-2040,-2319,5361,3355
3,37,111,40,9331,-2990,-2879,-2880,-3213,7731,4891
3,41,123,44,11487,-3642,-3519,-3520,-3889,9551,6075
3,43,129,46,12649,-3992,-3863,-3864,-4251,10533,6715
3,47,141,50,15141,-4740,-4599,-4600,-5023,12641,8091
3,53,159,56,19299,-5982,-5823,-5824,-6301,16163,10395
3,59,177,62,23961,-7368,-7191,-7192,-7723,20117,12987
3,61,183,64,25627,-7862,-7679,-7680,-8229,21531,13915
3,67,201,70,30961,-9440,-9239,-9240,-9843,26061,16891
3,71,213,74,34797,-10572,-10359,-10360,-10999,29321,19035
3,73,219,76,36799,-11162,-10943,-10944,-11601,31023,20155
3,79,237,82,43141,-13028,-12791,-12792,-13503,36417,23707
3,83,249,86,47649,-14352,-14103,-14104,-14851,40253,26235
3,89,267,92,54831,-16458,-16191,-16192,-16993,46367,30267
3,97,291,100,65191,-19490,-19199,-19200,-20073,55191,36091
3,101,303,104,70707,-21102,-20799,-20800,-21709,59891,39195
3,103,309,106,73549,-21932,-21623,-21624,-22551,62313,40795
3,107,321,110,79401,-23640,-23319,-23320,-24283,67301,44091
3,109,327,112,82411,-24518,-24191,-24192,-25173,69867,45787
3,113,339,116,88599,-26322,-25983,-25984,-27001,75143,49275
3,127,381,130,112021,-33140,-32759,-32760,-33903,95121,62491
3,131,393,134,119217,-35232,-34839,-34840,-36019,101261,66555
3,137,411,140,130431,-38490,-38079,-38080,-39313,110831,72891
3,139,417,142,134281,-39608,-39191,-39192,-40443,114117,75067
3,149,447,152,154371,-45438,-44991,-44992,-46333,131267,86427
3,151,453,154,158557,-46652,-46199,-46200,-47559,134841,88795
3,157,471,160,171451,-50390,-49919,-49920,-51333,145851,96091
3,163,489,166,184849,-54272,-53783,-53784,-55251,157293,103675
3,167,501,170,194061,-56940,-56439,-56440,-57943,165161,108891
3,173,519,176,208299,-61062,-60543,-60544,-62101,177323,116955
3,179,537,182,223041,-65328,-64791,-64792,-66403,189917,125307
3,181,543,184,228067,-66782,-66239,-66240,-67869,194211,128155
3,191,573,194,254037,-74292,-73719,-73720,-75439,216401,142875
3,193,579,196,259399,-75842,-75263,-75264,-77001,220983,145915
3,197,591,200,270291,-78990,-78399,-78400,-80173,230291,152091
3,199,597,202,275821,-80588,-79991,-79992,-81783,235017,155227
3,211,633,214,310177,-90512,-89879,-89880,-91779,264381,174715
3,223,669,226,346549,-101012,-100343,-100344,-102351,295473,195355
3,227,681,230,359121,-104640,-103959,-103960,-106003,306221,202491
3,229,687,232,365491,-106478,-105791,-105792,-107853,311667,206107
3,233,699,236,378399,-110202,-109503,-109504,-111601,322703,213435
3,239,717,242,398181,-115908,-115191,-115192,-117343,339617,224667
3,241,723,244,404887,-117842,-117119,-117120,-119289,345351,228475
3,251,753,254,439257,-127752,-126999,-127000,-129259,374741,247995
3,257,771,260,460551,-133890,-133119,-133120,-135433,392951,260091
3,263,789,266,482349,-140172,-139383,-139384,-141751,411593,272475
3,269,807,272,504651,-146598,-145791,-145792,-148213,430667,285147
3,271,813,274,512197,-148772,-147959,-147960,-150399,437121,289435
3,277,831,280,535171,-155390,-154559,-154560,-157053,456771,302491
3,281,843,284,550767,-159882,-159039,-159040,-161569,470111,311355
3,283,849,286,558649,-162152,-161303,-161304,-163851,476853,315835
3,293,879,296,598899,-173742,-172863,-172864,-175501,511283,338715
5,7,35,12,903,-322,-287,-288,-393,759,483
5,11,55,16,2331,-694,-639,-640,-805,2075,1451
5,13,65,18,3297,-928,-863,-864,-1059,2973,2127
5,17,85,22,5733,-1492,-1407,-1408,-1663,5249,3863
5,19,95,24,7203,-1822,-1727,-1728,-2013,6627,4923
5,23,115,28,10647,-2578,-2463,-2464,-2809,9863,7427
5,29,145,34,17073,-3952,-3807,-3808,-4243,15917,12143
5,31,155,36,19551,-4474,-4319,-4320,-4785,18255,13971
5,37,185,42,27993,-6232,-6047,-6048,-6603,26229,20223
5,41,205,46,34461,-7564,-7359,-7360,-7975,32345,25031
5,43,215,48,37947,-8278,-8063,-8064,-8709,35643,27627
5,47,235,52,45423,-9802,-9567,-9568,-10273,42719,33203
5,53,265,58,57897,-12328,-12063,-12064,-12859,54533,42527
5,59,295,64,71883,-15142,-14847,-14848,-15733,67787,53003
5,61,305,66,76881,-16144,-15839,-15840,-16755,72525,56751
5,67,335,72,92883,-19342,-19007,-19008,-20013,87699,68763
5,71,355,76,104391,-21634,-21279,-21280,-22345,98615,77411
5,73,365,78,110397,-22828,-22463,-22464,-23559,104313,81927
5,79,395,84,129423,-26602,-26207,-26208,-27393,122367,96243
5,83,415,88,142947,-29278,-28863,-28864,-30109,135203,106427
5,89,445,94,164493,-33532,-33087,-33088,-34423,155657,122663
5,97,485,102,195573,-39652,-39167,-39168,-40623,185169,146103
5,101,505,106,212121,-42904,-42399,-42400,-43915,200885,158591
5,103,515,108,220647,-44578,-44063,-44064,-45609,208983,165027
5,107,535,112,238203,-48022,-47487,-47488,-49093,225659,178283
5,109,545,114,247233,-49792,-49247,-49248,-50883,234237,185103
5,113,565,118,265797,-53428,-52863,-52864,-54559,251873,199127
5,127,635,132,336063,-67162,-66527,-66528,-68433,318639,252243
5,131,655,136,357651,-71374,-70719,-70720,-72685,339155,268571
5,137,685,142,391293,-77932,-77247,-77248,-79303,371129,294023
5,139,695,144,402843,-80182,-79487,-79488,-81573,382107,302763
5,149,745,154,463113,-91912,-91167,-91168,-93403,439397,348383
5,151,755,156,475671,-94354,-93599,-93600,-95865,451335,357891
5,157,785,162,514353,-101872,-101087,-101088,-103443,488109,387183
5,163,815,168,554547,-109678,-108863,-108864,-111309,526323,417627
5,167,835,172,582183,-115042,-114207,-114208,-116713,552599,438563
5,173,865,178,624897,-123328,-122463,-122464,-125059,593213,470927
5,179,895,184,669123,-131902,-131007,-131008,-133693,635267,504443
5,181,905,186,684201,-134824,-133919,-133920,-136635,649605,515871
5,191,955,196,762111,-149914,-148959,-148960,-151825,723695,574931
5,193,965,198,778197,-153028,-152063,-152064,-154959,738993,587127
5,197,985,202,810873,-159352,-158367,-158368,-161323,770069,611903
5,199,995,204,827463,-162562,-161567,-161568,-164553,785847,624483
5,211,1055,216,930531,-182494,-181439,-181440,-184605,883875,702651
5,223,1115,228,1039647,-203578,-202463,-202464,-205809,987663,785427
5,227,1135,232,1077363,-210862,-209727,-209728,-213133,1023539,814043
5,229,1145,234,1096473,-214552,-213407,-213408,-216843,1041717,828543
5,233,1165,238,1135197,-222028,-220863,-220864,-224359,1078553,857927
5,239,1195,244,1194543,-233482,-232287,-232288,-235873,1135007,902963
5,241,1205,246,1214661,-237364,-236159,-236160,-239775,1154145,918231
5,251,1255,256,1317771,-257254,-255999,-256000,-259765,1252235,996491
5,257,1285,262,1381653,-269572,-268287,-268288,-272143,1313009,1044983
5,263,1315,268,1447047,-282178,-280863,-280864,-284809,1375223,1094627
5,269,1345,274,1513953,-295072,-293727,-293728,-297763,1438877,1145423
5,271,1355,276,1536591,-299434,-298079,-298080,-302145,1460415,1162611
5,277,1385,282,1605513,-312712,-311327,-311328,-315483,1525989,1214943
5,281,1405,286,1652301,-321724,-320319,-320320,-324535,1570505,1250471
5,283,1415,288,1675947,-326278,-324863,-324864,-329109,1593003,1268427
5,293,1465,298,1796697,-349528,-348063,-348064,-352459,1707893,1360127
7,11,77,18,4773,-1156,-1079,-1080,-1311,4449,3387
7,13,91,20,6751,-1530,-1439,-1440,-1713,6351,4931
7,17,119,24,11739,-2422,-2303,-2304,-2661,11163,8883
7,19,133,26,14749,-2940,-2807,-2808,-3207,14073,11291
7,23,161,30,21801,-4120,-3959,-3960,-4443,20901,16971
7,29,203,36,34959,-6250,-6047,-6048,-6657,33663,27651
7,31,217,38,40033,-7056,-6839,-6840,-7491,38589,31787
7,37,259,44,57319,-9762,-9503,-9504,-10281,55383,45923
7,41,287,48,70563,-11806,-11519,-11520,-12381,68259,56787
7,43,301,50,77701,-12900,-12599,-12600,-13503,75201,62651
7,47,329,54,93009,-15232,-14903,-14904,-15891,90093,75243
7,53,371,60,118551,-19090,-18719,-18720,-19833,114951,96291
7,59,413,66,147189,-23380,-22967,-22968,-24207,142833,119931
7,61,427,68,157423,-24906,-24479,-24480,-25761,152799,128387
7,67,469,74,190189,-29772,-29303,-29304,-30711,184713,155483
7,71,497,78,213753,-33256,-32759,-32760,-34251,207669,174987
7,73,511,80,226051,-35070,-34559,-34560,-36093,219651,185171
7,79,553,86,265009,-40800,-40247,-40248,-41907,257613,217451
7,83,581,90,292701,-44860,-44279,-44280,-46023,284601,240411
7,89,623,96,336819,-51310,-50687,-50688,-52557,327603,277011
7,97,679,104,400459,-60582,-59903,-59904,-61941,389643,329843
7,101,707,108,434343,-65506,-64799,-64800,-66921,422679,357987
7,103,721,110,451801,-68040,-67319,-67320,-69483,439701,372491
7,107,749,114,487749,-73252,-72503,-72504,-74751,474753,402363
7,109,763,116,506239,-75930,-75167,-75168,-77457,492783,417731
7,113,791,120,544251,-81430,-80639,-80640,-83013,529851,449331
7,127,889,134,688129,-102192,-101303,-101304,-103971,670173,569003
7,131,917,138,732333,-108556,-107639,-107640,-110391,713289,605787
7,137,959,144,801219,-118462,-117503,-117504,-120381,780483,663123
7,139,973,146,824869,-121860,-120887,-120888,-123807,803553,682811
7,149,1043,156,948279,-139570,-138527,-138528,-141657,923943,785571
7,151,1057,158,973993,-143256,-142199,-142200,-145371,949029,806987
7,157,1099,164,1053199,-154602,-153503,-153504,-156801,1026303,872963
7,163,1141,170,1135501,-166380,-165239,-165240,-168663,1106601,941531
7,167,1169,174,1192089,-174472,-173303,-173304,-176811,1161813,988683
7,173,1211,180,1279551,-186970,-185759,-185760,-189393,1247151,1061571
7,179,1253,186,1370109,-199900,-198647,-198648,-202407,1335513,1137051
7,181,1267,188,1400983,-204306,-203039,-203040,-206841,1365639,1162787
7,191,1337,198,1560513,-227056,-225719,-225720,-229731,1521309,1295787
7,193,1351,200,1593451,-231750,-230399,-230400,-234453,1553451,1323251
7,197,1379,204,1660359,-241282,-239903,-239904,-244041,1618743,1379043
7,199,1393,206,1694329,-246120,-244727,-244728,-248907,1651893,1407371
7,211,1477,218,1905373,-276156,-274679,-274680,-279111,1857849,1583387
7,223,1561,230,2128801,-307920,-306359,-306360,-311043,2075901,1769771
7,227,1589,234,2206029,-318892,-317303,-317304,-322071,2151273,1834203
7,229,1603,236,2245159,-324450,-322847,-322848,-327657,2189463,1866851
7,233,1631,240,2324451,-335710,-334079,-334080,-338973,2266851,1933011
7,239,1673,246,2445969,-352960,-351287,-351288,-356307,2385453,2034411
7,241,1687,248,2487163,-358806,-357119,-357120,-362181,2425659,2068787
7,251,1757,258,2698293,-388756,-386999,-387000,-392271,2631729,2244987
7,257,1799,264,2829099,-407302,-405503,-405504,-410901,2759403,2354163
7,263,1841,270,2963001,-426280,-424439,-424440,-429963,2890101,2465931
7,269,1883,276,3099999,-445690,-443807,-443808,-449457,3023823,2580291
7,271,1897,278,3146353,-452256,-450359,-450360,-456051,3069069,2618987
7,277,1939,284,3287479,-472242,-470303,-470304,-476121,3206823,2736803
7,281,1967,288,3383283,-485806,-483839,-483840,-489741,3300339,2816787
7,283,1981,290,3431701,-492660,-490679,-490680,-496623,3347601,2857211
7,293,2051,300,3678951,-527650,-525599,-525600,-531753,3588951,3063651
11,13,143,24,17427,-3022,-2879,-2880,-3309,16851,13995
11,17,187,28,30303,-4666,-4479,-4480,-5041,29519,25067
11,19,209,30,38073,-5608,-5399,-5400,-6027,37173,31803
11,23,253,34,56277,-7732,-7479,-7480,-8239,55121,47675
11,29,319,40,90243,-11518,-11199,-11200,-12157,88643,77483
11,31,341,42,103341,-12940,-12599,-12600,-13623,101577,89019
11,37,407,48,147963,-17686,-17279,-17280,-18501,145659,128427
11,41,451,52,182151,-21250,-20799,-20800,-22153,179447,158699
11,43,473,54,200577,-23152,-22679,-22680,-24099,197661,175035
11,47,517,58,240093,-27196,-26679,-26680,-28231,236729,210107
11,53,583,64,306027,-33862,-33279,-33280,-35029,301931,268715
11,59,649,70,379953,-41248,-40599,-40600,-42547,375053,334523
11,61,671,72,406371,-43870,-43199,-43200,-45213,401187,358059
11,67,737,78,490953,-52216,-51479,-51480,-53691,484869,433467
11,71,781,82,551781,-58180,-57399,-57400,-59743,545057,487739
11,73,803,84,583527,-61282,-60479,-60480,-62889,576471,516075
11,79,869,90,684093,-71068,-70199,-70200,-72807,675993,605883
11,83,913,94,755577,-77992,-77079,-77080,-79819,746741,669755
11,89,979,100,869463,-88978,-87999,-88000,-90937,859463,771563
11,97,1067,108,1033743,-104746,-103679,-103680,-106881,1022079,918507
11,101,1111,112,1121211,-113110,-111999,-112000,-115333,1108667,996779
11,103,1133,114,1166277,-117412,-116279,-116280,-119679,1153281,1037115
11,107,1177,118,1259073,-126256,-125079,-125080,-128611,1245149,1120187
11,109,1199,120,1306803,-130798,-129599,-129600,-133197,1292403,1162923
11,113,1243,124,1404927,-140122,-138879,-138880,-142609,1389551,1250795
11,127,1397,138,1776333,-175276,-173879,-173880,-178071,1757289,1583547
11,131,1441,142,1890441,-186040,-184599,-184600,-188923,1870277,1685819
11,137,1507,148,2068263,-202786,-201279,-201280,-205801,2046359,1845227
11,139,1529,150,2129313,-208528,-206999,-207000,-211587,2106813,1899963
11,149,1639,160,2447883,-238438,-236799,-236800,-241717,2422283,2185643
11,151,1661,162,2514261,-244660,-242999,-243000,-247983,2488017,2245179
11,157,1727,168,2718723,-263806,-262079,-262080,-267261,2690499,2428587
11,163,1793,174,2931177,-283672,-281879,-281880,-287259,2900901,2619195
11,167,1837,178,3077253,-297316,-295479,-295480,-300991,3045569,2750267
11,173,1903,184,3303027,-318382,-316479,-316480,-322189,3269171,2952875
11,179,1969,190,3536793,-340168,-338199,-338200,-344107,3500693,3162683
11,181,1991,192,3616491,-347590,-345599,-345600,-351573,3579627,3234219
11,191,2101,202,4028301,-385900,-383799,-383800,-390103,3987497,3603899
11,193,2123,204,4113327,-393802,-391679,-391680,-398049,4071711,3680235
11,197,2167,208,4286043,-409846,-407679,-407680,-414181,4242779,3835307
11,199,2189,210,4373733,-417988,-415799,-415800,-422367,4329633,3914043
11,211,2321,222,4918521,-468520,-466199,-466200,-473163,4869237,4403259
11,223,2453,234,5495277,-521932,-519479,-519480,-526839,5440521,4921275
11,227,2497,238,5694633,-540376,-537879,-537880,-545371,5637989,5100347
11,229,2519,240,5795643,-549718,-547199,-547200,-554757,5738043,5191083
11,233,2563,244,6000327,-568642,-566079,-566080,-573769,5940791,5374955
11,239,2629,250,6314013,-597628,-594999,-595000,-602887,6251513,5656763
11,241,2651,252,6420351,-607450,-604799,-604800,-612753,6356847,5752299
11,251,2761,262,6965361,-657760,-654999,-655000,-663283,6896717,6241979
11,257,2827,268,7303023,-688906,-686079,-686080,-694561,7231199,6545387
11,263,2893,274,7648677,-720772,-717879,-717880,-726559,7573601,6855995
11,269,2959,280,8002323,-753358,-750399,-750400,-759277,7923923,7173803
11,271,2981,282,8121981,-764380,-761399,-761400,-770343,8042457,7281339
11,277,3047,288,8486283,-797926,-794879,-794880,-804021,8403339,7608747
11,281,3091,292,8733591,-820690,-817599,-817600,-826873,8648327,7831019
11,283,3113,294,8858577,-832192,-829079,-829080,-838419,8772141,7943355
11,293,3223,304,9496827,-890902,-887679,-887680,-897349,9404411,8517035
13,17,221,30,42861,-5980,-5759,-5760,-6423,41961,36231
13,19,247,32,53851,-7158,-6911,-6912,-7653,52827,45947
13,23,299,36,79599,-9802,-9503,-9504,-10401,78303,68835
13,29,377,42,127641,-14488,-14111,-14112,-15243,125877,111807
13,31,403,44,146167,-16242,-15839,-15840,-17049,144231,128435
13,37,481,50,209281,-22080,-21599,-21600,-23043,206781,185231
13,41,533,54,257637,-26452,-25919,-25920,-27519,254721,228855
13,43,559,56,283699,-28782,-28223,-28224,-29901,280563,252395
13,47,611,60,339591,-33730,-33119,-33120,-34953,335991,302931
13,53,689,66,432849,-41872,-41183,-41184,-43251,428493,387375
13,59,767,72,537411,-50878,-50111,-50112,-52413,532227,482187
13,61,793,74,574777,-54072,-53279,-53280,-55659,569301,516095
13,67,871,80,694411,-64230,-63359,-63360,-65973,688011,624731
13,71,923,84,780447,-71482,-70559,-70560,-73329,773391,702915
13,73,949,86,825349,-75252,-74303,-74304,-77151,817953,743735
13,79,1027,92,967591,-87138,-86111,-86112,-89193,959127,873107
13,83,1079,96,1068699,-95542,-94463,-94464,-97701,1059483,965115
13,89,1157,102,1229781,-108868,-107711,-107712,-111183,1219377,1111767
13,97,1261,110,1462141,-127980,-126719,-126720,-130503,1450041,1323431
13,101,1313,114,1585857,-138112,-136799,-136800,-140739,1572861,1436175
13,103,1339,116,1649599,-143322,-141983,-141984,-146001,1636143,1494275
13,107,1391,120,1780851,-154030,-152639,-152640,-156813,1766451,1613931
13,109,1417,122,1848361,-159528,-158111,-158112,-162363,1833477,1675487
13,113,1469,126,1987149,-170812,-169343,-169344,-173751,1971273,1802055
13,127,1651,140,2512471,-213330,-211679,-211680,-216633,2492871,2281331
13,131,1703,144,2673867,-226342,-224639,-224640,-229749,2653131,2428635
13,137,1781,150,2925381,-246580,-244799,-244800,-250143,2902881,2658231
13,139,1807,152,3011731,-253518,-251711,-251712,-257133,2988627,2737067
13,149,1937,162,3462321,-289648,-287711,-287712,-293523,3436077,3148527
13,151,1963,164,3556207,-297162,-295199,-295200,-301089,3529311,3234275
13,157,2041,170,3845401,-320280,-318239,-318240,-324363,3816501,3498431
13,163,2119,176,4145899,-344262,-342143,-342144,-348501,4114923,3772955
13,167,2171,180,4352511,-360730,-358559,-358560,-365073,4320111,3961731
13,173,2249,186,4671849,-386152,-383903,-383904,-390651,4637253,4253535
13,179,2327,192,5002491,-412438,-410111,-410112,-417093,4965627,4555707
13,181,2353,194,5115217,-421392,-419039,-419040,-426099,5077581,4658735
13,191,2483,204,5697687,-467602,-465119,-465120,-472569,5656071,5191155
13,193,2509,206,5817949,-477132,-474623,-474624,-482151,5775513,5301095
13,197,2561,210,6062241,-496480,-493919,-493920,-501603,6018141,5524431
13,199,2587,212,6186271,-506298,-503711,-503712,-511473,6141327,5637827
13,211,2743,224,6956827,-567222,-564479,-564480,-572709,6906651,6342395
13,223,2899,236,7772599,-631602,-628703,-628704,-637401,7716903,7088435
13,227,2951,240,8054571,-653830,-650879,-650880,-659733,7996971,7346331
13,229,2977,242,8197441,-665088,-662111,-662112,-671043,8138877,7477007
13,233,3029,246,8486949,-687892,-684863,-684864,-693951,8426433,7741815
13,239,3107,252,8930631,-722818,-719711,-719712,-729033,8867127,8147667
13,241,3133,254,9081037,-734652,-731519,-731520,-740919,9016521,8285255
13,251,3263,264,9851907,-795262,-791999,-792000,-801789,9782211,8990475
13,257,3341,270,10329501,-832780,-829439,-829440,-839463,10256601,9427431
13,263,3419,276,10818399,-871162,-867743,-867744,-878001,10742223,9874755
13,269,3497,282,11318601,-910408,-906911,-906912,-917403,11239077,10332447
13,271,3523,284,11487847,-923682,-920159,-920160,-930729,11407191,10487315
13,277,3601,290,12003121,-964080,-960479,-960480,-971283,11919021,10958831
13,281,3653,294,12352917,-991492,-987839,-987840,-998799,12266481,11278935
13,283,3679,296,12529699,-1005342,-1001663,-1001664,-1012701,12442083,11440715
13,293,3809,306,13432449,-1076032,-1072223,-1072224,-1083651,13338813,12266895
17,19,323,36,93639,-10690,-10367,-10368,-11337,92343,82011
17,23,391,40,138411,-14470,-14079,-14080,-15253,136811,122771
17,29,493,46,221949,-21100,-20607,-20608,-22087,219833,199271
17,31,527,48,254163,-23566,-23039,-23040,-24621,251859,228867
17,37,629,54,363909,-31732,-31103,-31104,-32991,360993,329943
17,41,697,58,447993,-37816,-37119,-37120,-39211,444629,407567
17,43,731,60,493311,-41050,-40319,-40320,-42513,489711,449451
17,47,799,64,590499,-47902,-47103,-47104,-49501,586403,539363
17,53,901,70,752661,-59140,-58239,-58240,-60943,747761,689591
17,59,1003,76,934479,-71530,-70527,-70528,-73537,928703,858251
17,61,1037,78,999453,-75916,-74879,-74880,-77991,993369,918567
17,67,1139,84,1207479,-89842,-88703,-88704,-92121,1200423,1111803
17,71,1207,88,1357083,-99766,-98559,-98560,-102181,1349339,1250867
17,73,1241,90,1435161,-104920,-103679,-103680,-107403,1427061,1323471
17,79,1343,96,1682499,-121150,-119807,-119808,-123837,1673283,1553571
17,83,1411,100,1858311,-132610,-131199,-131200,-135433,1848311,1717211
17,89,1513,106,2138409,-150760,-149247,-149248,-153787,2127173,1978031
17,97,1649,114,2542449,-176752,-175103,-175104,-180051,2529453,2354463
17,101,1717,118,2757573,-190516,-188799,-188800,-193951,2743649,2554967
17,103,1751,120,2868411,-197590,-195839,-195840,-201093,2854011,2658291
17,107,1819,124,3096639,-212122,-210303,-210304,-215761,3081263,2871083
17,109,1853,126,3214029,-219580,-217727,-217728,-223287,3198153,2980551
17,113,1921,130,3455361,-234880,-232959,-232960,-238723,3438461,3205631
17,127,2159,144,4368819,-292462,-290303,-290304,-296781,4348083,4057923
17,131,2227,148,4649463,-310066,-307839,-307840,-314521,4627559,4319867
17,137,2329,154,5086809,-337432,-335103,-335104,-342091,5063093,4728143
17,139,2363,156,5236959,-346810,-344447,-344448,-351537,5212623,4868331
17,149,2533,166,6020469,-395620,-393087,-393088,-400687,5992913,5599991
17,151,2567,168,6183723,-405766,-403199,-403200,-410901,6155499,5752467
17,157,2669,174,6686589,-436972,-434303,-434304,-442311,6656313,6222183
17,163,2771,180,7209111,-469330,-466559,-466560,-474873,7176711,6710331
17,167,2839,184,7568379,-491542,-488703,-488704,-497221,7534523,7046003
17,173,2941,190,8123661,-525820,-522879,-522880,-531703,8087561,7564871
17,179,3043,196,8698599,-561250,-558207,-558208,-567337,8660183,8102171
17,181,3077,198,8894613,-573316,-570239,-570240,-579471,8855409,8285367
17,191,3247,208,9907443,-635566,-632319,-632320,-642061,9864179,9232067
17,193,3281,210,10116561,-648400,-645119,-645120,-654963,10072461,9427551
17,197,3349,214,10541349,-674452,-671103,-671104,-681151,10495553,9824663
17,199,3383,216,10757019,-687670,-684287,-684288,-694437,10710363,10026291
17,211,3587,228,12096903,-769666,-766079,-766080,-776841,12044919,11279067
17,223,3791,240,13515411,-856270,-852479,-852480,-863853,13457811,12605571
17,227,3859,244,14005719,-886162,-882303,-882304,-893881,13946183,13064123
17,229,3893,246,14254149,-901300,-897407,-897408,-909087,14193633,13296471
17,233,3961,250,14757561,-931960,-927999,-928000,-939883,14695061,13767311
17,239,4063,256,15529059,-978910,-974847,-974848,-987037,15463523,14488931
17,241,4097,258,15790593,-994816,-990719,-990720,-1003011,15724029,14733567
17,251,4267,268,17131023,-1076266,-1071999,-1072000,-1084801,17059199,15987467
17,257,4369,274,17961489,-1126672,-1122303,-1122304,-1135411,17886413,16764383
17,263,4471,280,18811611,-1178230,-1173759,-1173760,-1187173,18733211,17559731
17,269,4573,286,19681389,-1230940,-1226367,-1226368,-1240087,19599593,18373511
17,271,4607,288,19975683,-1248766,-1244159,-1244160,-1257981,19892739,18648867
17,277,4709,294,20871669,-1303012,-1298303,-1298304,-1312431,20785233,19487223
17,281,4777,298,21479913,-1339816,-1335039,-1335040,-1349371,21391109,20056367
17,283,4811,300,21787311,-1358410,-1353599,-1353600,-1368033,21697311,20344011
17,293,4981,310,23357061,-1453300,-1448319,-1448320,-1463263,23260961,21812951
19,23,437,42,173901,-17068,-16631,-16632,-17943,172137,155547
19,29,551,48,278859,-24742,-24191,-24192,-25845,276555,252411
19,31,589,50,319333,-27588,-26999,-27000,-28767,316833,289883
19,37,703,56,457219,-36990,-36287,-36288,-38397,454083,417851
19,41,779,60,562863,-43978,-43199,-43200,-45537,559263,516123
19,43,817,62,619801,-47688,-46871,-46872,-49323,615957,569147
19,47,893,66,741909,-55540,-54647,-54648,-57327,737553,682971
19,53,1007,72,945651,-68398,-67391,-67392,-70413,940467,873147
19,59,1121,78,1174089,-82552,-81431,-81432,-84795,1168005,1086651
19,61,1159,80,1255723,-87558,-86399,-86400,-89877,1249323,1163003
19,67,1273,86,1517089,-103440,-102167,-102168,-105987,1509693,1407611
19,71,1349,90,1705053,-114748,-113399,-113400,-117447,1696953,1583643
19,73,1387,92,1803151,-120618,-119231,-119232,-123393,1794687,1675547
19,79,1501,98,2113909,-139092,-137591,-137592,-142095,2104305,1966811
19,83,1577,102,2334801,-152128,-150551,-150552,-155283,2324397,2173947
19,89,1691,108,2686719,-172762,-171071,-171072,-176145,2675055,2504091
19,97,1843,116,3194359,-202290,-200447,-200448,-205977,3180903,2980571
19,101,1919,120,3464643,-217918,-215999,-216000,-221757,3450243,3234363
19,103,1957,122,3603901,-225948,-223991,-223992,-229863,3589017,3365147
19,107,2033,126,3890649,-242440,-240407,-240408,-246507,3874773,3634491
19,109,2071,128,4038139,-250902,-248831,-248832,-255045,4021755,3773051
19,113,2147,132,4341351,-268258,-266111,-266112,-272553,4323927,4057947
19,127,2413,146,5489029,-333540,-331127,-331128,-338367,5467713,5136731
19,131,2489,150,5841633,-353488,-350999,-351000,-358467,5819133,5468283
19,137,2603,156,6391119,-384490,-381887,-381888,-389697,6366783,5985051
19,139,2641,158,6579769,-395112,-392471,-392472,-400395,6554805,6162491
19,149,2831,168,7564179,-450382,-447551,-447552,-456045,7535955,7088571
19,151,2869,170,7769293,-461868,-458999,-459000,-467607,7740393,7281563
19,157,2983,176,8401099,-497190,-494207,-494208,-503157,8370123,7876091
19,163,3097,182,9057601,-533808,-530711,-530712,-540003,9024477,8493947
19,167,3173,186,9508989,-558940,-555767,-555768,-565287,9474393,8918811
19,173,3287,192,10206651,-597718,-594431,-594432,-604293,10169787,9575547
19,179,3401,198,10929009,-637792,-634391,-634392,-644595,10889805,10255611
19,181,3439,200,11175283,-651438,-647999,-648000,-658317,11135283,10487483
19,191,3629,210,12447813,-721828,-718199,-718200,-729087,12403713,11685723
19,193,3667,212,12710551,-736338,-732671,-732672,-743673,12665607,11933147
19,197,3743,216,13244259,-765790,-762047,-762048,-773277,13197603,12435771
19,199,3781,218,13515229,-780732,-776951,-776952,-788295,13467705,12690971
19,211,4009,230,15198673,-873408,-869399,-869400,-881427,15145773,14276603
19,223,4237,242,16980901,-971268,-967031,-967032,-979743,16922337,15955547
19,227,4313,246,17596929,-1005040,-1000727,-1000728,-1013667,17536413,16535931
19,229,4351,248,17909059,-1022142,-1017791,-1017792,-1030845,17847555,16830011
19,233,4427,252,18541551,-1056778,-1052351,-1052352,-1065633,18478047,17425947
19,239,4541,258,19510869,-1109812,-1105271,-1105272,-1118895,19444305,18339291
19,241,4579,260,19839463,-1127778,-1123199,-1123200,-1136937,19771863,18648923
19,251,4769,270,21523593,-1219768,-1214999,-1215000,-1229307,21450693,20235963
19,257,4883,276,22566999,-1276690,-1271807,-1271808,-1286457,22490823,21219291
19,263,4997,282,23635101,-1334908,-1329911,-1329912,-1344903,23555577,22225947
19,269,5111,288,24727899,-1394422,-1389311,-1389312,-1404645,24644955,23255931
19,271,5149,290,25097653,-1414548,-1409399,-1409400,-1424847,25013553,23604443
19,277,5263,296,26223379,-1475790,-1470527,-1470528,-1486317,26135763,24665531
19,281,5339,300,26987583,-1517338,-1511999,-1512000,-1528017,26897583,25385883
19,283,5377,302,27373801,-1538328,-1532951,-1532952,-1549083,27282597,25749947
19,293,5567,312,29346051,-1645438,-1639871,-1639872,-1656573,29248707,27609147
23,29,667,52,412191,-32698,-32031,-32032,-34033,409487,377507
23,31,713,54,472017,-36352,-35639,-35640,-37779,469101,433515
23,37,851,60,675831,-48370,-47519,-47520,-50073,672231,624771
23,41,943,64,831987,-57262,-56319,-56320,-59149,827891,771635
23,43,989,66,916149,-61972,-60983,-60984,-63951,911793,850875
23,47,1081,70,1096641,-71920,-70839,-70840,-74083,1091741,1020971
23,53,1219,76,1397799,-88162,-86943,-86944,-90601,1392023,1305155
23,59,1357,82,1735461,-105988,-104631,-104632,-108703,1728737,1624187
23,61,1403,84,1856127,-112282,-110879,-110880,-115089,1849071,1738275
23,67,1541,90,2242461,-132220,-130679,-130680,-135303,2234361,2103771
23,71,1633,94,2520297,-146392,-144759,-144760,-149659,2511461,2366795
23,73,1679,96,2665299,-153742,-152063,-152064,-157101,2656083,2504115
23,79,1817,102,3124641,-176848,-175031,-175032,-180483,3114237,2939307
23,83,1909,106,3451149,-193132,-191223,-191224,-196951,3439913,3248795
23,89,2047,112,3971331,-218878,-216831,-216832,-222973,3958787,3742067
23,97,2231,120,4721691,-255670,-253439,-253440,-260133,4707291,4453971
23,101,2323,124,5121207,-275122,-272799,-272800,-279769,5105831,4833155
23,103,2369,126,5327049,-285112,-282743,-282744,-289851,5311173,5028555
23,107,2461,130,5750901,-305620,-303159,-303160,-310543,5734001,5430971
23,109,2507,132,5968911,-316138,-313631,-313632,-321153,5951487,5637987
23,113,2599,136,6417099,-337702,-335103,-335104,-342901,6398603,6063635
23,127,2921,150,8113521,-418720,-415799,-415800,-424563,8091021,7675371
23,131,3013,154,8634717,-443452,-440439,-440440,-449479,8611001,8170715
23,137,3151,160,9446931,-481870,-478719,-478720,-488173,9421331,8942771
23,139,3197,162,9725781,-495028,-491831,-491832,-501423,9699537,9207867
23,149,3427,172,11180871,-563458,-560031,-560032,-570313,11151287,10591427
23,151,3473,174,11484057,-577672,-574199,-574200,-584619,11453781,10879755
23,157,3611,180,12417951,-621370,-617759,-617760,-628593,12385551,11767971
23,163,3749,186,13388349,-666652,-662903,-662904,-674151,13353753,12691035
23,167,3841,190,14055561,-697720,-693879,-693880,-705403,14019461,13325771
23,173,3979,196,15086799,-745642,-741663,-741664,-753601,15048383,14306915
23,179,4117,202,16154541,-795148,-791031,-791032,-803383,16113737,15322907
23,181,4163,204,16518567,-812002,-807839,-807840,-820329,16476951,15669315
23,191,4393,214,18399537,-898912,-894519,-894520,-907699,18353741,17459435
23,193,4439,216,18787899,-916822,-912383,-912384,-925701,18741243,17829075
23,197,4531,220,19576791,-953170,-948639,-948640,-962233,19528391,18579971
23,199,4577,222,19977321,-971608,-967031,-967032,-980763,19928037,18961227
23,211,4853,234,22465677,-1085932,-1081079,-1081080,-1095639,22410921,21330075
23,223,5129,246,25100049,-1206592,-1201463,-1201464,-1216851,25039533,23838315
23,227,5221,250,26010621,-1248220,-1242999,-1243000,-1258663,25948121,24705371
23,229,5267,252,26471991,-1269298,-1264031,-1264032,-1279833,26408487,25144707
23,233,5359,256,27406899,-1311982,-1306623,-1306624,-1322701,27341363,26034995
23,239,5497,262,28839681,-1377328,-1371831,-1371832,-1388323,28771037,27399467
23,241,5543,264,29325387,-1399462,-1393919,-1393920,-1410549,29255691,27862035
23,251,5773,274,31814757,-1512772,-1506999,-1507000,-1524319,31739681,30232955
23,257,5911,280,33357051,-1582870,-1576959,-1576960,-1594693,33278651,31701971
23,263,6049,286,34935849,-1654552,-1648503,-1648504,-1666651,34854053,33205835
23,269,6187,292,36551151,-1727818,-1721631,-1721632,-1740193,36465887,34744547
23,271,6233,294,37097697,-1752592,-1746359,-1746360,-1765059,37011261,35265195
23,277,6371,300,38761671,-1827970,-1821599,-1821600,-1840713,38671671,36850371
23,281,6463,304,39891267,-1879102,-1872639,-1872640,-1892029,39798851,37926515
23,283,6509,306,40462149,-1904932,-1898423,-1898424,-1917951,40368513,38470395
23,293,6739,316,43377399,-2036722,-2029983,-2029984,-2050201,43277543,41247875
29,31,899,60,756903,-51298,-50399,-50400,-53097,753303,702963
29,37,1073,66,1083729,-67600,-66527,-66528,-69747,1079373,1012911
29,41,1189,70,1334133,-79588,-78399,-78400,-81967,1329233,1250903
29,43,1247,72,1469091,-85918,-84671,-84672,-88413,1463907,1379307
29,47,1363,76,1758519,-99250,-97887,-97888,-101977,1752743,1654931
29,53,1537,82,2241441,-120928,-119391,-119392,-124003,2234717,2115407
29,59,1711,88,2782899,-144622,-142911,-142912,-148045,2775155,2632331
29,61,1769,90,2976393,-152968,-151199,-151200,-156507,2968293,2817183
29,67,1943,96,3595899,-179350,-177407,-177408,-183237,3586683,3409371
29,71,2059,100,4041423,-198058,-195999,-196000,-202177,4031423,3835523
29,73,2117,102,4273941,-207748,-205631,-205632,-211983,4263537,4058007
29,79,2291,108,5010519,-238162,-235871,-235872,-242745,4998855,4763091
29,83,2407,112,5534091,-259558,-257151,-257152,-264373,5521547,5264507
29,89,2581,118,6368229,-293332,-290751,-290752,-298495,6354305,6063671
29,97,2813,126,7571469,-341500,-338687,-338688,-347127,7555593,7217031
29,101,2929,130,8212113,-366928,-363999,-364000,-372787,8195213,7831343
29,103,2987,132,8542191,-379978,-376991,-376992,-385953,8524767,8147907
29,107,3103,136,9221859,-406750,-403647,-403648,-412957,9203363,8799851
29,109,3161,138,9571449,-420472,-417311,-417312,-426795,9552405,9135231
29,113,3277,142,10290141,-448588,-445311,-445312,-455143,10269977,9824807
29,127,3683,156,13010439,-554050,-550367,-550368,-561417,12986103,12435891
29,131,3799,160,13846203,-586198,-582399,-582400,-593797,13820603,13238363
29,137,3973,166,15148629,-636100,-632127,-632128,-644047,15121073,14489111
29,139,4031,168,15595779,-653182,-649151,-649152,-661245,15567555,14918571
29,149,4321,178,17929089,-741952,-737631,-737632,-750595,17897405,17159951
29,151,4379,180,18415263,-760378,-755999,-756000,-769137,18382863,17627043
29,157,4553,186,19912809,-817000,-812447,-812448,-826107,19878213,19065951
29,163,4727,192,21468891,-875638,-870911,-870912,-885093,21432027,20561307
29,167,4843,196,22538799,-915850,-911007,-911008,-925537,22500383,21589571
29,173,5017,202,24192441,-977848,-972831,-972832,-987883,24151637,23179007
29,179,5191,208,25904619,-1041862,-1036671,-1036672,-1052245,25861355,24824891
29,181,5249,210,26488353,-1063648,-1058399,-1058400,-1074147,26444253,25386063
29,191,5539,220,29504583,-1175938,-1170399,-1170400,-1187017,29456183,28286003
29,193,5597,222,30127341,-1199068,-1193471,-1193472,-1210263,30078057,28884807
29,197,5713,226,31392369,-1246000,-1240287,-1240288,-1257427,31341293,30101231
29,199,5771,228,32034639,-1269802,-1264031,-1264032,-1281345,31982655,30718851
29,211,6119,240,36024843,-1417318,-1411199,-1411200,-1429557,35967243,34556283
29,223,6467,252,40249191,-1572898,-1566431,-1566432,-1585833,40185687,38619507
29,227,6583,256,41709339,-1626550,-1619967,-1619968,-1639717,41643803,40024091
29,229,6641,258,42449169,-1653712,-1647071,-1647072,-1666995,42382605,40735791
29,233,6757,262,43948341,-1708708,-1701951,-1701952,-1722223,43879697,42178007
29,239,6931,268,46245879,-1792882,-1785951,-1785952,-1806745,46174055,44388371
29,241,6989,270,47024733,-1821388,-1814399,-1814400,-1835367,46951833,45137703
29,251,7279,280,51016563,-1967278,-1959999,-1960000,-1981837,50938163,48978443
29,257,7453,286,53489709,-2057500,-2050047,-2050048,-2072407,53407913,51358151
29,263,7627,292,56021391,-2149738,-2142111,-2142112,-2164993,55936127,53794307
29,269,7801,298,58611609,-2243992,-2236191,-2236192,-2259595,58522805,56286911
29,271,7859,300,59488023,-2275858,-2267999,-2268000,-2291577,59398023,57130323
29,277,8033,306,62156289,-2372800,-2364767,-2364768,-2388867,62062653,59698191
29,281,8149,310,63967653,-2438548,-2430399,-2430400,-2454847,63871553,61441463
29,283,8207,312,64883091,-2471758,-2463551,-2463552,-2488173,64785747,62322507
29,293,8497,322,69557841,-2641168,-2632671,-2632672,-2658163,69454157,66821807
31,37,1147,68,1241023,-74586,-73439,-73440,-76881,1236399,1163027
31,41,1271,72,1527771,-87670,-86399,-86400,-90213,1522587,1436259
31,43,1333,74,1682317,-94572,-93239,-93240,-97239,1676841,1583675
31,47,1457,78,2013753,-109096,-107639,-107640,-112011,2007669,1900107
31,53,1643,84,2566767,-132682,-131039,-131040,-135969,2559711,2428755
31,59,1829,90,3186813,-158428,-156599,-156600,-162087,3178713,3022203
31,61,1891,92,3408391,-167490,-165599,-165600,-171273,3399927,3234419
31,67,2077,98,4117813,-196116,-194039,-194040,-200271,4108209,3914267
31,71,2201,102,4628001,-216400,-214199,-214200,-220803,4617597,4403499
31,73,2263,104,4894267,-226902,-224639,-224640,-231429,4883451,4658915
31,79,2449,110,5737753,-259848,-257399,-257400,-264747,5725653,5468363
31,83,2573,114,6337317,-283012,-280439,-280440,-288159,6324321,6043995
31,89,2759,120,7292523,-319558,-316799,-316800,-325077,7278123,6961443
31,97,3007,128,8670403,-371646,-368639,-368640,-377661,8654019,8285507
31,101,3131,132,9404031,-399130,-395999,-396000,-405393,9386607,8990739
31,103,3193,134,9782017,-413232,-410039,-410040,-419619,9764061,9354155
31,107,3317,138,10560333,-442156,-438839,-438840,-448791,10541289,10102587
31,109,3379,140,10960663,-456978,-453599,-453600,-463737,10941063,10487603
31,113,3503,144,11783667,-487342,-483839,-483840,-494349,11762931,11279235
31,127,3937,158,14898793,-601176,-597239,-597240,-609051,14873829,14276747
31,131,4061,162,15855861,-635860,-631799,-631800,-643983,15829617,15197979
31,137,4247,168,17347323,-689686,-685439,-685440,-698181,17319099,16633827
31,139,4309,170,17859373,-708108,-703799,-703800,-716727,17830473,17126843
31,149,4619,180,20531343,-803818,-799199,-799200,-813057,20498943,19699923
31,151,4681,182,21088081,-823680,-818999,-819000,-833043,21054957,20236139
31,157,4867,188,22802983,-884706,-879839,-879840,-894441,22767639,21887987
31,163,5053,194,24584917,-947892,-942839,-942840,-957999,24547281,23604635
31,167,5177,198,25810113,-991216,-986039,-986040,-1001571,25770909,24785067
31,173,5363,204,27703767,-1058002,-1052639,-1052640,-1068729,27662151,26609715
31,179,5549,210,29664453,-1126948,-1121399,-1121400,-1138047,29620353,28499163
31,181,5611,212,30332911,-1150410,-1144799,-1144800,-1161633,30287967,29143379
31,191,5921,222,33786921,-1271320,-1265399,-1265400,-1283163,33737637,32472459
31,193,5983,224,34500067,-1296222,-1290239,-1290240,-1308189,34449891,33159875
31,197,6107,228,35948703,-1346746,-1340639,-1340640,-1358961,35896719,34556307
31,199,6169,230,36684193,-1372368,-1366199,-1366200,-1384707,36631293,35265323
31,211,6541,242,41253541,-1531140,-1524599,-1524600,-1544223,41194977,39670619
31,223,6913,254,46091017,-1698552,-1691639,-1691640,-1712379,46026501,44335115
31,227,7037,258,47763093,-1756276,-1749239,-1749240,-1770351,47696529,45947547
31,229,7099,260,48610303,-1785498,-1778399,-1778400,-1799697,48542703,46764563
31,233,7223,264,50327067,-1844662,-1837439,-1837440,-1859109,50257371,48420195
31,239,7409,270,52958073,-1935208,-1927799,-1927800,-1950027,52885173,50957643
31,241,7471,272,53849971,-1965870,-1958399,-1958400,-1980813,53775987,51817859
31,251,7781,282,58421181,-2122780,-2114999,-2115000,-2138343,58341657,56226939
31,257,7967,288,61253283,-2219806,-2211839,-2211840,-2235741,61170339,58958787
31,263,8153,294,64152417,-2318992,-2310839,-2310840,-2335299,64065981,61755435
31,269,8339,300,67118583,-2420338,-2411999,-2412000,-2437017,67028583,64616883
31,271,8401,302,68122201,-2454600,-2446199,-2446200,-2471403,68030997,65585099
31,277,8587,308,71177743,-2558826,-2550239,-2550240,-2576001,71082879,68532947
31,281,8711,312,73252011,-2629510,-2620799,-2620800,-2646933,73154667,70534179
31,283,8773,314,74300317,-2665212,-2656439,-2656440,-2682759,74201721,71545595
31,293,9083,324,79653567,-2847322,-2838239,-2838240,-2865489,79548591,76710675
37,41,1517,78,2187453,-113836,-112319,-112320,-116871,2181369,2069127
37,43,1591,80,2408731,-122550,-120959,-120960,-125733,2402331,2281451
37,47,1739,84,2883279,-140842,-139103,-139104,-144321,2876223,2737203
37,53,1961,90,3675081,-170440,-168479,-168480,-174363,3666981,3498591
37,59,2183,96,4562859,-202630,-200447,-200448,-206997,4553643,4353291
37,61,2257,98,4880113,-213936,-211679,-211680,-218451,4870509,4658927
37,67,2479,104,5895859,-249582,-247103,-247104,-254541,5885043,5638043
37,71,2627,108,6626343,-274786,-272159,-272160,-280041,6614679,6342627
37,73,2701,110,7007581,-287820,-285119,-285120,-293223,6995481,6710471
37,79,2923,116,8215279,-328650,-325727,-325728,-334497,8201823,7876211
37,83,3071,120,9073731,-357310,-354239,-354240,-363453,9059331,8705211
37,89,3293,126,10441389,-402460,-399167,-399168,-409047,10425513,10026471
37,97,3589,134,12414229,-466692,-463103,-463104,-473871,12396273,11933303
37,101,3737,138,13464633,-500536,-496799,-496800,-508011,13445589,12948927
37,103,3811,140,14005831,-517890,-514079,-514080,-525513,13986231,13472291
37,107,3959,144,15120219,-553462,-549503,-549504,-561381,15099483,14550123
37,109,4033,146,15693409,-571680,-567647,-567648,-579747,15672093,15104591
37,113,4181,150,16871781,-608980,-604799,-604800,-617343,16849281,16244631
37,127,4699,164,21331999,-748602,-743903,-743904,-758001,21305103,20561363
37,131,4847,168,22702323,-791086,-786239,-786240,-800781,22674099,21888027
37,137,5069,174,24837789,-856972,-851903,-851904,-867111,24807513,23955783
37,139,5143,176,25570939,-879510,-874367,-874368,-889797,25539963,24665771
37,149,5513,186,29396649,-996520,-991007,-991008,-1007547,29362053,28371231
37,151,5587,188,30193783,-1020786,-1015199,-1015200,-1031961,30158439,29143427
37,157,5809,194,32649169,-1095312,-1089503,-1089504,-1106931,32611533,31522223
37,163,6031,200,35200531,-1172430,-1166399,-1166400,-1184493,35160531,33994331
37,167,6179,204,36954759,-1225282,-1219103,-1219104,-1237641,36913143,35694243
37,173,6401,210,39666081,-1306720,-1300319,-1300320,-1319523,39621981,38321871
37,179,6623,216,42473379,-1390750,-1384127,-1384128,-1403997,42426723,41042811
37,181,6697,218,43430473,-1419336,-1412639,-1412640,-1432731,43382949,41970527
37,191,7067,228,48375903,-1566586,-1559519,-1559520,-1580721,48323919,46764627
37,193,7141,230,49396981,-1596900,-1589759,-1589760,-1611183,49344081,47754551
37,197,7289,234,51471129,-1658392,-1651103,-1651104,-1672971,51416373,49765503
37,199,7363,236,52524199,-1689570,-1682207,-1682208,-1704297,52468503,50786531
37,211,7807,248,59066563,-1882686,-1874879,-1874880,-1898301,59005059,57130427
37,223,8251,260,65992831,-2086170,-2077919,-2077920,-2102673,65925231,63847571
37,227,8399,264,68386899,-2156302,-2147903,-2147904,-2173101,68317203,66169563
37,229,8473,266,69599929,-2191800,-2183327,-2183328,-2208747,69529173,67346111
37,233,8621,270,72057981,-2263660,-2255039,-2255040,-2280903,71985081,69730311
37,239,8843,276,75825039,-2373610,-2364767,-2364768,-2391297,75748863,73384371
37,241,8917,278,77102053,-2410836,-2401919,-2401920,-2428671,77024769,74623127
37,251,9287,288,83647083,-2601286,-2591999,-2592000,-2619861,83564139,80972427
37,257,9509,294,87702069,-2719012,-2709503,-2709504,-2738031,87615633,84906423
37,263,9731,300,91853031,-2839330,-2829599,-2829600,-2858793,91763031,88933731
37,269,9953,306,96099969,-2962240,-2952287,-2952288,-2982147,96006333,93054351
37,271,10027,308,97536943,-3003786,-2993759,-2993760,-3023841,97442079,94448627
37,277,10249,314,101911849,-3130152,-3119903,-3119904,-3150651,101813253,98693663
37,281,10397,318,104881773,-3215836,-3205439,-3205440,-3236631,104780649,101575527
37,283,10471,320,106382731,-3259110,-3248639,-3248640,-3280053,106280331,103032011
37,293,10841,330,114047481,-3479800,-3468959,-3468960,-3501483,113938581,110469951
41,43,1763,84,2965287,-142882,-141119,-141120,-146409,2958231,2817195
41,47,1927,88,3549483,-163846,-161919,-161920,-167701,3541739,3379907
41,53,2173,94,4524237,-197692,-195519,-195520,-202039,4515401,4319975
41,59,2419,100,5617143,-234418,-231999,-232000,-239257,5607143,5375243
41,61,2501,102,6007701,-247300,-244799,-244800,-252303,5997297,5752599
41,67,2747,108,7258143,-287866,-285119,-285120,-293361,7246479,6961467
41,71,2911,112,8157411,-316510,-313599,-313600,-322333,8144867,7831379
41,73,2993,114,8626737,-331312,-328319,-328320,-337299,8613741,8285535
41,79,3239,120,10113483,-377638,-374399,-374400,-384117,10099083,9724803
41,83,3403,124,11170287,-410122,-406719,-406720,-416929,11154911,10748315
41,89,3649,130,12853953,-461248,-457599,-457600,-468547,12837053,12379583
41,97,3977,138,15282633,-533896,-529919,-529920,-541851,15263589,14733807
41,101,4141,142,16575741,-572140,-567999,-568000,-580423,16555577,15987719
41,103,4223,144,17241987,-591742,-587519,-587520,-600189,17221251,16633875
41,107,4387,148,18613863,-631906,-627519,-627520,-640681,18591959,17964587
41,109,4469,150,19319493,-652468,-647999,-648000,-661407,19296993,18649143
41,113,4633,154,20770137,-694552,-689919,-689920,-703819,20746421,20056655
41,127,5207,168,26260923,-851926,-846719,-846720,-862341,26232699,25386147
41,131,5371,172,27947871,-899770,-894399,-894400,-910513,27918287,27024059
41,137,5617,178,30576753,-973936,-968319,-968320,-985171,30545069,29576927
41,139,5699,180,31479303,-999298,-993599,-993600,-1010697,31446903,30453483
41,149,6109,190,36188973,-1130908,-1124799,-1124800,-1143127,36152873,35028263
41,151,6191,192,37170291,-1158190,-1151999,-1152000,-1170573,37133427,35981619
41,157,6437,198,40193013,-1241956,-1235519,-1235520,-1254831,40153809,38918487
41,163,6683,204,43333887,-1328602,-1321919,-1321920,-1341969,43292271,41970555
41,167,6847,208,45493443,-1387966,-1381119,-1381120,-1401661,45450179,44069267
41,173,7093,214,48831237,-1479412,-1472319,-1472320,-1493599,48785441,47313335
41,179,7339,220,52287183,-1573738,-1566399,-1566400,-1588417,52238783,50672603
41,181,7421,222,53465421,-1605820,-1598399,-1598400,-1620663,53416137,51817959
41,191,7831,232,59553531,-1771030,-1763199,-1763200,-1786693,59499707,57736739
41,193,7913,234,60810537,-1805032,-1797119,-1797120,-1820859,60755781,58958895
41,197,8077,238,63363933,-1873996,-1865919,-1865920,-1890151,63307289,61441607
41,199,8159,240,64660323,-1908958,-1900799,-1900800,-1925277,64602723,62702163
41,211,8651,252,72714351,-2125450,-2116799,-2116800,-2142753,72650847,70534299
41,223,9143,264,81240987,-2353462,-2344319,-2344320,-2371749,81171291,78827235
41,227,9307,268,84188223,-2432026,-2422719,-2422720,-2450641,84116399,81693947
41,229,9389,270,85681533,-2471788,-2462399,-2462400,-2490567,85608633,83146503
41,233,9553,274,88707537,-2552272,-2542719,-2542720,-2571379,88632461,86090015
41,239,9799,280,93345003,-2675398,-2665599,-2665600,-2694997,93266603,90601283
41,241,9881,282,94917081,-2717080,-2707199,-2707200,-2736843,94837557,92130639
41,251,10291,292,102974391,-2930290,-2919999,-2920000,-2950873,102889127,99969419
41,257,10537,298,107966313,-3062056,-3051519,-3051520,-3083131,107877509,104826287
41,263,10783,304,113076387,-3196702,-3185919,-3185920,-3218269,112983971,109798355
41,269,11029,310,118304613,-3334228,-3323199,-3323200,-3356287,118208513,114885623
41,271,11111,312,120073611,-3380710,-3369599,-3369600,-3402933,119976267,116606979
41,277,11357,318,125459373,-3522076,-3510719,-3510720,-3544791,125358249,121847847
41,281,11521,322,129115521,-3617920,-3606399,-3606400,-3640963,129011837,125405759
41,283,11603,324,130963287,-3666322,-3654719,-3654720,-3689529,130858311,127203915
41,293,12013,334,140399037,-3913132,-3901119,-3901120,-3937159,140287481,136386695
43,47,2021,90,3908541,-175900,-173879,-173880,-179943,3900441,3726651
43,53,2279,96,4981899,-211942,-209663,-209664,-216501,4972683,4763115
43,59,2537,102,6185361,-251008,-248471,-248472,-256083,6174957,5926587
43,61,2623,104,6615427,-264702,-262079,-262080,-269949,6604611,6342635
43,67,2881,110,7992361,-307800,-304919,-304920,-313563,7980261,7675451
43,71,3053,114,8982597,-338212,-335159,-335160,-344319,8969601,8634555
43,73,3139,116,9499399,-353922,-350783,-350784,-360201,9485943,9135275
43,79,3397,122,11136541,-403068,-399671,-399672,-409863,11121657,10722107
43,83,3569,126,12300249,-437512,-433943,-433944,-444651,12284373,11850555
43,89,3827,132,14154231,-491698,-487871,-487872,-499353,14136807,13649067
43,97,4171,140,16828591,-568650,-564479,-564480,-576993,16808991,16244651
43,101,4343,144,18252507,-609142,-604799,-604800,-617829,18231771,17627115
43,103,4429,146,18986149,-629892,-625463,-625464,-638751,18964833,18339515
43,107,4601,150,20496801,-672400,-667799,-667800,-681603,20474301,19806651
43,109,4687,152,21273811,-694158,-689471,-689472,-703533,21250707,20561387
43,113,4859,156,22871199,-738682,-733823,-733824,-748401,22846863,22113195
43,127,5461,170,28917421,-905100,-899639,-899640,-916023,28888521,27989051
43,131,5633,174,30775017,-955672,-950039,-950040,-966939,30744741,29794875
43,137,5891,180,33669831,-1034050,-1028159,-1028160,-1045833,33637431,32609451
43,139,5977,182,34663681,-1060848,-1054871,-1054872,-1072803,34630557,33575867
43,149,6407,192,39849771,-1199878,-1193471,-1193472,-1212693,39812907,38619627
43,151,6493,194,40930357,-1228692,-1222199,-1222200,-1241679,40892721,39670715
43,157,6751,200,44258851,-1317150,-1310399,-1310400,-1330653,44218851,42908651
43,163,7009,206,47717449,-1408632,-1401623,-1401624,-1422651,47675013,46273595
43,167,7181,210,50095461,-1471300,-1464119,-1464120,-1485663,50051361,48587451
43,173,7439,216,53770899,-1567822,-1560383,-1560384,-1582701,53724243,52164075
43,179,7697,222,57576441,-1667368,-1659671,-1659672,-1682763,57527157,55867707
43,181,7783,224,58873867,-1701222,-1693439,-1693440,-1716789,58823691,57130475
43,191,8213,234,65577837,-1875532,-1867319,-1867320,-1891959,65523081,63655995
43,193,8299,236,66961999,-1911402,-1903103,-1903104,-1928001,66906303,65003435
43,197,8471,240,69773691,-1984150,-1975679,-1975680,-2001093,69716091,67740651
43,199,8557,242,71201221,-2021028,-2012471,-2012472,-2038143,71142657,69130427
43,211,9073,254,80069977,-2249352,-2240279,-2240280,-2267499,80005461,77765435
43,223,9589,266,89459149,-2489772,-2480183,-2480184,-2508951,89388393,86908475
43,227,9761,270,92704521,-2572600,-2562839,-2562840,-2592123,92631621,90069051
43,229,9847,272,94348891,-2614518,-2604671,-2604672,-2634213,94274907,91670507
43,233,10019,276,97680999,-2699362,-2689343,-2689344,-2719401,97604823,94915755
43,239,10277,282,102787581,-2829148,-2818871,-2818872,-2849703,102708057,99889467
43,241,10363,284,104518687,-2873082,-2862719,-2862720,-2893809,104438031,101575595
43,251,10793,294,113391057,-3097792,-3086999,-3087000,-3119379,113304621,110217915
43,257,11051,300,118887951,-3236650,-3225599,-3225600,-3258753,118797951,115572651
43,263,11309,306,124514949,-3378532,-3367223,-3367224,-3401151,124421313,121054395
43,269,11567,312,130272051,-3523438,-3511871,-3511872,-3546573,130174707,126663147
43,271,11653,314,132219997,-3572412,-3560759,-3560760,-3595719,132121401,128560955
43,277,11911,320,138150571,-3721350,-3709439,-3709440,-3745173,138048171,134339051
43,281,12083,324,142176567,-3822322,-3810239,-3810240,-3846489,142071591,138261675
43,283,12169,326,144211249,-3873312,-3861143,-3861144,-3897651,144104973,140244155
43,293,12599,336,154601499,-4133302,-4120703,-4120704,-4158501,154488603,150368235
47,53,2491,100,5963391,-241690,-239199,-239200,-246673,5953391,5714291
47,59,2773,106,7403949,-285580,-282807,-282808,-291127,7392713,7110011
47,61,2867,108,7918743,-300946,-298079,-298080,-306681,7907079,7609107
47,67,3149,114,9566949,-349252,-346103,-346104,-355551,9553953,9207963
47,71,3337,118,10752273,-383296,-379959,-379960,-389971,10738349,10358507
47,73,3431,120,11370891,-400870,-397439,-397440,-407733,11356491,10959171
47,79,3713,126,13330569,-455800,-452087,-452088,-463227,13314693,12862731
47,83,3901,130,14723541,-494260,-490359,-490360,-502063,14706641,14216411
47,89,4183,136,16942779,-554710,-550527,-550528,-563077,16924283,16373891
47,97,4559,144,20144019,-640462,-635903,-635904,-649581,20123283,19487523
47,101,4747,148,21848463,-685546,-680799,-680800,-695041,21826559,21145907
47,103,4841,150,22726641,-708640,-703799,-703800,-718323,22704141,22000491
47,107,5029,154,24534909,-755932,-750903,-750904,-765991,24511193,23760443
47,109,5123,156,25464999,-780130,-775007,-775008,-790377,25440663,24665811
47,113,5311,160,27377091,-829630,-824319,-824320,-840253,27351491,26527331
47,127,5969,174,34614489,-1014472,-1008503,-1008504,-1026411,34584213,33575883
47,131,6157,178,36838053,-1070596,-1064439,-1064440,-1082911,36806369,35742107
47,137,6439,184,40303179,-1157542,-1151103,-1151104,-1170421,40269323,39118403
47,139,6533,186,41492829,-1187260,-1180727,-1180728,-1200327,41458233,40277691
47,149,7003,196,47700639,-1341370,-1334367,-1334368,-1355377,47662223,46328051
47,151,7097,198,48994113,-1373296,-1366199,-1366200,-1387491,48954909,47588907
47,157,7379,204,52978359,-1471282,-1463903,-1463904,-1486041,52936743,51473043
47,163,7661,210,57118341,-1572580,-1564919,-1564920,-1587903,57074241,55509531
47,167,7849,214,59964849,-1641952,-1634103,-1634104,-1657651,59919053,58285163
47,173,8131,220,64364391,-1748770,-1740639,-1740640,-1765033,64315991,62575571
47,179,8413,226,68919669,-1858900,-1850487,-1850488,-1875727,68868593,67018331
47,181,8507,228,70472703,-1896346,-1887839,-1887840,-1913361,70420719,68533107
47,191,8977,238,78497433,-2089096,-2080119,-2080120,-2107051,78440789,76360907
47,193,9071,240,80154291,-2128750,-2119679,-2119680,-2146893,80096691,77977251
47,197,9259,244,83519919,-2209162,-2199903,-2199904,-2227681,83460383,81260723
47,199,9353,246,85228689,-2249920,-2240567,-2240568,-2268627,85168173,82927851
47,211,9917,258,95844693,-2502196,-2492279,-2492280,-2522031,95778129,93286107
47,223,10481,270,107083641,-2767720,-2757239,-2757240,-2788683,107010741,104253771
47,227,10669,274,110968389,-2859172,-2848503,-2848504,-2880511,110893313,108045083
47,229,10763,276,112936719,-2905450,-2894687,-2894688,-2926977,112860543,109966131
47,233,10951,280,116925291,-2999110,-2988159,-2988160,-3021013,116846891,113859011
47,239,11233,286,123037929,-3142360,-3131127,-3131128,-3164827,122956133,119825291
47,241,11327,288,125110083,-3190846,-3179519,-3179520,-3213501,125027139,121847907
47,251,11797,298,135730413,-3438796,-3426999,-3427000,-3462391,135641609,132214907
47,257,12079,304,142310259,-3591982,-3579903,-3579904,-3616141,142217843,138638243
47,263,12361,310,149045841,-3748480,-3736119,-3736120,-3773203,148949741,145213931
47,269,12643,316,155937159,-3908290,-3895647,-3895648,-3933577,155837303,151941971
47,271,12737,318,158268873,-3962296,-3949559,-3949560,-3987771,158167749,154218507
47,277,13019,324,165367839,-4126522,-4113503,-4113504,-4152561,165262863,161149683
47,281,13207,328,170187003,-4237846,-4224639,-4224640,-4264261,170079419,165855107
47,283,13301,330,172622541,-4294060,-4280759,-4280760,-4320663,172513641,168233211
47,293,13771,340,185059791,-4580650,-4566879,-4566880,-4608193,184944191,180377651
53,59,3127,112,9437211,-340918,-337791,-337792,-347173,9424667,9086987
53,61,3233,114,10093377,-358912,-355679,-355680,-365379,10080381,9724815
53,67,3551,120,12194211,-415390,-411839,-411840,-422493,12179811,11768091
53,71,3763,124,13705047,-455122,-451359,-451360,-462649,13689671,13238435
53,73,3869,126,14493549,-475612,-471743,-471744,-483351,14477673,14006055
53,79,4187,132,16991391,-539578,-535391,-535392,-547953,16973967,16438707
53,83,4399,136,18766899,-584302,-579903,-579904,-593101,18748403,18168635
53,89,4717,142,21595581,-654508,-649791,-649792,-663943,21575417,20925767
53,97,5141,150,25675941,-753940,-748799,-748800,-764223,25653441,24904791
53,101,5353,154,27848457,-806152,-800799,-800800,-816859,27824741,27024095
53,103,5459,156,28967799,-832882,-827423,-827424,-843801,28943463,28116195
53,107,5671,160,31272651,-887590,-881919,-881920,-898933,31247051,30365291
53,109,5777,162,32458161,-915568,-909791,-909792,-927123,32431917,31522287
53,113,5989,166,34895349,-972772,-966783,-966784,-984751,34867793,33901175
53,127,6731,180,44120271,-1186090,-1179359,-1179360,-1199553,44087871,42908691
53,131,6943,184,46954467,-1250782,-1243839,-1243840,-1264669,46920611,45676955
53,137,7261,190,51371181,-1350940,-1343679,-1343680,-1365463,51335081,49991591
53,139,7367,192,52887531,-1385158,-1377791,-1377792,-1399893,52850667,51473067
53,149,7897,202,60800121,-1562488,-1554591,-1554592,-1578283,60759317,59204927
53,151,8003,204,62448807,-1599202,-1591199,-1591200,-1615209,62407191,60816195
53,157,8321,210,67527201,-1711840,-1703519,-1703520,-1728483,67483101,65779791
53,163,8639,216,72804099,-1828222,-1819583,-1819584,-1845501,72757443,70938075
53,167,8851,220,76432311,-1907890,-1899039,-1899040,-1925593,76383911,74485091
53,173,9169,226,82040049,-2030512,-2021343,-2021344,-2048851,81988973,79967855
53,179,9487,232,87846291,-2156878,-2147391,-2147392,-2175853,87792467,85645307
53,181,9593,234,89825817,-2199832,-2190239,-2190240,-2219019,89771061,87581055
53,191,10123,244,100054287,-2420842,-2410719,-2410720,-2441089,99994751,97584275
53,193,10229,246,102166149,-2466292,-2456063,-2456064,-2486751,102105633,99649815
53,197,10441,250,106456041,-2558440,-2547999,-2548000,-2579323,106393541,103845791
53,199,10547,252,108634071,-2605138,-2594591,-2594592,-2626233,108570567,105976227
53,211,11183,264,122165427,-2894062,-2882879,-2882880,-2916429,122095731,119213115
53,223,11819,276,136490799,-3197962,-3186143,-3186144,-3221601,136414623,133228755
53,227,12031,280,141442371,-3302590,-3290559,-3290560,-3326653,141363971,138073691
53,229,12137,282,143951241,-3355528,-3343391,-3343392,-3379803,143871717,140528607
53,233,12349,286,149035149,-3462652,-3450303,-3450304,-3487351,148953353,145503335
53,239,12667,292,156826431,-3626458,-3613791,-3613792,-3651793,156741167,153127667
53,241,12773,294,159467637,-3681892,-3669119,-3669120,-3707439,159381201,155712375
53,251,13303,304,173004507,-3965302,-3951999,-3952000,-3991909,172912091,168960395
53,257,13621,310,181391301,-4140340,-4126719,-4126720,-4167583,181295201,177168791
53,263,13939,316,189976599,-4319122,-4305183,-4305184,-4347001,189876743,185571875
53,269,14257,322,198760401,-4501648,-4487391,-4487392,-4530163,198656717,194169647
53,271,14363,324,201732447,-4563322,-4548959,-4548960,-4592049,201627471,197078835
53,277,14681,330,210780921,-4750840,-4736159,-4736160,-4780203,210672021,205936191
53,281,14893,334,216923517,-4877932,-4863039,-4863040,-4907719,216811961,211949255
53,283,14999,336,220027899,-4942102,-4927103,-4927104,-4972101,219915003,214988235
53,293,15529,346,235880649,-5269192,-5253663,-5253664,-5300251,235760933,230507615
59,61,3599,120,12531603,-421198,-417599,-417600,-428397,12517203,12099723
59,67,3953,126,15139929,-486280,-482327,-482328,-494187,15124053,14641851
59,71,4189,130,17015733,-531988,-527799,-527800,-540367,16998833,16471163
59,73,4307,132,17994711,-555538,-551231,-551232,-564153,17977287,17426187
59,79,4661,138,21095949,-628972,-624311,-624312,-638295,21076905,20452731
59,83,4897,142,23300361,-680248,-675351,-675352,-690043,23280197,22604987
59,89,5251,148,26812359,-760642,-755391,-755392,-771145,26790455,26035211
59,97,5723,156,31878399,-874330,-868607,-868608,-885777,31854063,30985611
59,101,5959,160,34575723,-933958,-927999,-928000,-945877,34550123,33622283
59,103,6077,162,35965461,-964468,-958391,-958392,-976623,35939217,34980987
59,107,6313,166,38827089,-1026880,-1020567,-1020568,-1039507,38799533,37779131
59,109,6431,168,40298979,-1058782,-1052351,-1052352,-1071645,40270755,39218571
59,113,6667,172,43324911,-1123978,-1117311,-1117312,-1137313,43295327,42178187
59,127,7493,186,54778269,-1366780,-1359287,-1359288,-1381767,54743673,53384571
59,131,7729,190,58297113,-1440328,-1432599,-1432600,-1455787,58261013,56828603
59,137,8083,196,63780759,-1554130,-1546047,-1546048,-1570297,63742343,62196491
59,139,8201,198,65663409,-1592992,-1584791,-1584792,-1609395,65624205,64039611
59,149,8791,208,75487419,-1794262,-1785471,-1785472,-1811845,75444155,73658891
59,151,8909,210,77534373,-1835908,-1826999,-1827000,-1853727,77490273,75663483
59,157,9263,216,83839539,-1963630,-1954367,-1954368,-1982157,83792883,81838731
59,163,9617,222,90391161,-2095528,-2085911,-2085912,-2114763,90341877,88256187
59,167,9853,226,94895829,-2185780,-2175927,-2175928,-2205487,94844753,92669051
59,173,10207,232,101858211,-2324638,-2314431,-2314432,-2345053,101804387,99490187
59,179,10561,238,109067049,-2467672,-2457111,-2457112,-2488795,109010405,106553531
59,181,10679,240,111524763,-2516278,-2505599,-2505600,-2537637,111467163,108961803
59,191,11269,250,124224093,-2766268,-2754999,-2755000,-2788807,124161593,121406843
59,193,11387,252,126846111,-2817658,-2806271,-2806272,-2840433,126782607,123976587
59,197,11623,256,132172299,-2921830,-2910207,-2910208,-2945077,132106763,129196811
59,199,11741,258,134876469,-2974612,-2962871,-2962872,-2998095,134809905,131847291
59,211,12449,270,151676553,-3301048,-3288599,-3288600,-3325947,151603653,148315323
59,223,13157,282,169462461,-3644188,-3631031,-3631032,-3670503,169382937,165752187
59,227,13393,286,175610169,-3762280,-3748887,-3748888,-3789067,175528373,171779771
59,229,13511,288,178725099,-3822022,-3808511,-3808512,-3849045,178642155,174833931
59,233,13747,292,185037111,-3942898,-3929151,-3929152,-3970393,184951847,181022987
59,239,14101,298,194710509,-4127692,-4113591,-4113592,-4155895,194621705,190508411
59,241,14219,300,197989743,-4190218,-4175999,-4176000,-4218657,197899743,193724043
59,251,14809,310,214796673,-4509808,-4494999,-4495000,-4539427,214700573,210205883
59,257,15163,316,225209439,-4707130,-4691967,-4691968,-4737457,225109583,220417931
59,263,15517,322,235868661,-4908628,-4893111,-4893112,-4939663,235764977,230872187
59,269,15871,328,246774339,-5114302,-5098431,-5098432,-5146045,246666755,241568651
59,271,15989,330,250464333,-5183788,-5167799,-5167800,-5215767,250355433,245187963
59,277,16343,336,261698619,-5395030,-5378687,-5378688,-5427717,261585723,256207371
59,281,16579,340,269325063,-5538178,-5521599,-5521600,-5571337,269209463,263688203
59,283,16697,342,273179361,-5610448,-5593751,-5593752,-5643843,273062397,267468987
59,293,17287,352,292861611,-5978758,-5961471,-5961472,-6013333,292737707,286776587
61,67,4087,128,16192603,-510966,-506879,-506880,-519141,16176219,15669467
61,71,4331,132,18198831,-558730,-554399,-554400,-567393,18181407,17627139
61,73,4453,134,19245877,-583332,-578879,-578880,-592239,19227921,18649175
61,79,4819,140,22562743,-660018,-655199,-655200,-669657,22543143,21888083
61,83,5063,144,24920427,-713542,-708479,-708480,-723669,24899691,24191355
61,89,5429,150,28676613,-797428,-791999,-792000,-808287,28654113,27862263
61,97,5917,158,34094893,-915996,-910079,-910080,-927831,34069929,33160007
61,101,6161,162,36979761,-978160,-971999,-972000,-990483,36953517,35981679
61,103,6283,164,38466127,-1009962,-1003679,-1003680,-1022529,38439231,37435715
61,107,6527,168,41526723,-1075006,-1068479,-1068480,-1088061,41498499,40430187
61,109,6649,170,43100953,-1108248,-1101599,-1101600,-1121547,43072053,41970623
61,113,6893,174,46337277,-1176172,-1169279,-1169280,-1189959,46307001,45137895
61,127,7747,188,58586983,-1429026,-1421279,-1421280,-1444521,58551639,57130547
61,131,7991,192,62350491,-1505590,-1497599,-1497600,-1521573,62313627,60816219
61,137,8357,198,68215413,-1624036,-1615679,-1615680,-1640751,68176209,66560727
61,139,8479,200,70228963,-1664478,-1655999,-1656000,-1681437,70188963,68533163
61,149,9089,210,80736033,-1873888,-1864799,-1864800,-1892067,80691933,78827343
61,151,9211,212,82925311,-1917210,-1907999,-1908000,-1935633,82880367,80972579
61,157,9577,218,89668873,-2050056,-2040479,-2040480,-2069211,89621349,87581087
61,163,9943,224,96676027,-2187222,-2177279,-2177280,-2207109,96625851,94448795
61,167,10187,228,101493903,-2281066,-2270879,-2270880,-2301441,101441919,99171267
61,173,10553,234,108940377,-2425432,-2414879,-2414880,-2446539,108885621,106470975
61,179,10919,240,116650443,-2574118,-2563199,-2563200,-2595957,116592843,114029883
61,181,11041,242,119279041,-2624640,-2613599,-2613600,-2646723,119220477,116607119
61,191,11651,252,132861351,-2884450,-2872799,-2872800,-2907753,132797847,129925299
61,193,11773,254,135665677,-2937852,-2926079,-2926080,-2961399,135601161,132675335
61,197,12017,258,141362193,-3046096,-3034079,-3034080,-3070131,141295629,138261807
61,199,12139,260,144254383,-3100938,-3088799,-3088800,-3125217,144186783,141098243
61,211,12871,272,162222571,-3440070,-3427199,-3427200,-3465813,162148587,158721659
61,223,13603,284,181245127,-3796482,-3782879,-3782880,-3823689,181164471,177381875
61,227,13847,288,187820283,-3919126,-3905279,-3905280,-3946821,187737339,183832347
61,229,13969,290,191151793,-3981168,-3967199,-3967200,-4009107,191067693,187100783
61,233,14213,294,197902677,-4106692,-4092479,-4092480,-4135119,197816241,193724055
61,239,14579,300,208248663,-4298578,-4283999,-4284000,-4327737,208158663,203874963
61,241,14701,302,211755901,-4363500,-4348799,-4348800,-4392903,211664697,207316199
61,251,15311,312,229731411,-4695310,-4679999,-4680000,-4725933,229634067,224954379
61,257,15677,318,240868173,-4900156,-4884479,-4884480,-4931511,240767049,235882887
61,263,16043,324,252268527,-5109322,-5093279,-5093280,-5141409,252163551,247070595
61,269,16409,330,263932473,-5322808,-5306399,-5306400,-5355627,263823573,258517503
61,271,16531,332,267879031,-5394930,-5378399,-5378400,-5427993,267768807,262390739
61,277,16897,338,279894433,-5614176,-5597279,-5597280,-5647971,279780189,274183247
61,281,17141,342,288051141,-5762740,-5745599,-5745600,-5797023,287934177,282188919
61,283,17263,344,292173427,-5837742,-5820479,-5820480,-5872269,292055091,286234955
61,293,17873,354,313224177,-6219952,-6202079,-6202080,-6255699,313098861,306897135
67,71,4757,138,21986733,-642316,-637559,-637560,-651831,21967689,21330267
67,73,4891,140,23251711,-670170,-665279,-665280,-679953,23232111,22566971
67,79,5293,146,27258949,-756900,-751607,-751608,-767487,27237633,26486171
67,83,5561,150,30107361,-817360,-811799,-811800,-828483,30084861,29273211
67,89,5963,156,34645359,-912010,-906047,-906048,-923937,34621023,33715131
67,97,6499,164,41191399,-1045602,-1039103,-1039104,-1058601,41164503,40125563
67,101,6767,168,44676723,-1115566,-1108799,-1108800,-1129101,44648499,43539867
67,103,6901,170,46472461,-1151340,-1144439,-1144440,-1165143,46443561,45299291
67,107,7169,174,50170089,-1224472,-1217303,-1217304,-1238811,50139813,48922683
67,109,7303,176,52071979,-1261830,-1254527,-1254528,-1276437,52041003,50786651
67,113,7571,180,55981911,-1338130,-1330559,-1330560,-1353273,55949511,54619131
67,127,8509,194,70781269,-1621812,-1613303,-1613304,-1638831,70743633,69130523
67,131,8777,198,75328113,-1707616,-1698839,-1698840,-1725171,75288909,73590267
67,137,9179,204,82413759,-1840282,-1831103,-1831104,-1858641,82372143,80541243
67,139,9313,206,84846409,-1885560,-1876247,-1876248,-1904187,84803973,82927931
67,149,9983,216,97540419,-2119870,-2109887,-2109888,-2139837,97493763,95384091
67,151,10117,218,100185373,-2168316,-2158199,-2158200,-2188551,100137849,97979867
67,157,10519,224,108332539,-2316822,-2306303,-2306304,-2337861,108282363,105976283
67,163,10921,230,116798161,-2470080,-2459159,-2459160,-2491923,116745261,114286331
67,167,11189,234,122618829,-2574892,-2563703,-2563704,-2597271,122564073,120000603
67,173,11591,240,131615211,-2736070,-2724479,-2724480,-2759253,131557611,128833371
67,179,11993,246,140930049,-2902000,-2890007,-2890008,-2925987,140869533,137979771
67,181,12127,248,144105763,-2958366,-2946239,-2946240,-2982621,144044259,141098267
67,191,12797,258,160515093,-3248116,-3235319,-3235320,-3273711,160448529,157213467
67,193,12931,260,163903111,-3307650,-3294719,-3294720,-3333513,163835511,160541051
67,197,13199,264,170785299,-3428302,-3415103,-3415104,-3454701,170715603,167300763
67,199,13333,266,174279469,-3489420,-3476087,-3476088,-3516087,174208713,170732891
67,211,14137,278,195987553,-3867216,-3853079,-3853080,-3895491,195910269,192057467
67,223,14941,290,218969461,-4264020,-4249079,-4249080,-4293903,218885361,214636571
67,227,15209,294,226913169,-4400512,-4385303,-4385304,-4430931,226826733,222441723
67,229,15343,296,230938099,-4469550,-4454207,-4454208,-4500237,230850483,226396571
67,233,15611,300,239094111,-4609210,-4593599,-4593600,-4640433,239004111,234410811
67,239,16013,306,251593509,-4822660,-4806647,-4806648,-4854687,251499873,246693531
67,241,16147,308,255830743,-4894866,-4878719,-4878720,-4927161,255735879,250857467
67,251,16817,318,277547673,-5263816,-5246999,-5247000,-5297451,277446549,272199867
67,257,17219,324,291002439,-5491522,-5474303,-5474304,-5525961,290897463,285423483
67,263,17621,330,304775661,-5723980,-5706359,-5706360,-5759223,304666761,298960731
67,269,18023,336,318867339,-5961190,-5943167,-5943168,-5997237,318754443,312811611
67,271,18157,338,323635333,-6041316,-6023159,-6023160,-6077631,323521089,317498267
67,277,18559,344,338151619,-6284862,-6266303,-6266304,-6321981,338033283,331767323
67,281,18827,348,348006063,-6449866,-6431039,-6431040,-6487521,347884959,341454267
67,283,18961,350,352986361,-6533160,-6514199,-6514200,-6571083,352863861,346350011
67,293,19631,360,378418611,-6957550,-6937919,-6937920,-6996813,378289011,371351451
71,73,5183,144,26132547,-730942,-725759,-725760,-741309,26111811,25386195
71,79,5609,150,30636273,-824608,-818999,-819000,-835827,30613773,29794923
71,83,5893,154,33837597,-889852,-883959,-883960,-901639,33813881,32930075
71,89,6319,160,38937843,-991918,-985599,-985600,-1004557,38912243,37926803
71,97,6887,168,46294923,-1135846,-1128959,-1128960,-1149621,46266699,45137907
71,101,7171,172,50212071,-1211170,-1203999,-1204000,-1225513,50182487,48978659
71,103,7313,174,52230297,-1249672,-1242359,-1242360,-1264299,52200021,50957835
71,107,7597,178,56386053,-1328356,-1320759,-1320760,-1343551,56354369,55033787
71,109,7739,180,58523583,-1368538,-1360799,-1360800,-1384017,58491183,57130563
71,113,8023,184,62917947,-1450582,-1442559,-1442560,-1466629,62884091,61441715
71,127,9017,198,79550913,-1755376,-1746359,-1746360,-1773411,79511709,77765547
71,131,9301,202,84661101,-1847500,-1838199,-1838200,-1866103,84620297,82782299
71,137,9727,208,92624643,-1989886,-1980159,-1980160,-2009341,92581379,90601427
71,139,9869,210,95358693,-2038468,-2028599,-2028600,-2058207,95314593,93286203
71,149,10579,220,109625463,-2289778,-2279199,-2279200,-2310937,109577063,107298083
71,151,10721,222,112598121,-2341720,-2330999,-2331000,-2363163,112548837,110218059
71,157,11147,228,121754703,-2500906,-2489759,-2489760,-2523201,121702719,119213187
71,163,11573,234,131269197,-2665132,-2653559,-2653560,-2688279,131214441,128561115
71,167,11857,238,137811033,-2777416,-2765559,-2765560,-2801131,137754389,134989067
71,173,12283,244,147922047,-2950042,-2937759,-2937760,-2974609,147862511,144924995
71,179,12709,250,158390973,-3127708,-3114999,-3115000,-3153127,158328473,155213723
71,181,12851,252,161960151,-3188050,-3175199,-3175200,-3213753,161896647,158721699
71,191,13561,262,180402561,-3498160,-3484599,-3484600,-3525283,180333917,176849579
71,193,13703,264,184210347,-3561862,-3548159,-3548160,-3589269,184140651,180592755
71,197,13987,268,191945223,-3690946,-3676959,-3676960,-3718921,191873399,188196707
71,199,14129,270,195872313,-3756328,-3742199,-3742200,-3784587,195799413,192057483
71,211,14981,282,220269981,-4160380,-4145399,-4145400,-4190343,220190457,216045339
71,223,15833,294,246099297,-4584592,-4568759,-4568760,-4616259,246012861,241444395
71,227,16117,298,255027213,-4730476,-4714359,-4714360,-4762711,254938409,250224347
71,229,16259,300,259550823,-4804258,-4787999,-4788000,-4836777,259460823,254673123
71,233,16543,304,268717347,-4953502,-4936959,-4936960,-4986589,268624931,263688275
71,239,16969,310,282765393,-5181568,-5164599,-5164600,-5215507,282669293,277505003
71,241,17111,312,287527611,-5258710,-5241599,-5241600,-5292933,287430267,282188979
71,251,17821,322,311935221,-5652820,-5634999,-5635000,-5688463,311831537,306196859
71,257,18247,328,327057003,-5896006,-5877759,-5877760,-5932501,326949419,321071987
71,263,18673,334,342536697,-6144232,-6125559,-6125560,-6181579,342425141,336299915
71,269,19099,340,358374303,-6397498,-6378399,-6378400,-6435697,358258703,351880643
71,271,19241,342,363733041,-6483040,-6463799,-6463800,-6521523,363616077,357152619
71,277,19667,348,380047863,-6743026,-6723359,-6723360,-6782361,379926759,373203747
71,281,19951,352,391123251,-6919150,-6899199,-6899200,-6959053,390999347,384100499
71,283,20093,354,396720597,-7008052,-6987959,-6987960,-7048239,396595281,389607675
71,293,20803,364,425303847,-7460962,-7440159,-7440160,-7502569,425171351,417731555
73,79,5767,152,32398891,-859398,-853631,-853632,-870933,32375787,31522307
73,83,6059,156,35784399,-927082,-921023,-921024,-939201,35760063,34839195
73,89,6497,162,41178081,-1032928,-1026431,-1026432,-1045923,41151837,40125567
73,97,7081,170,48958441,-1182120,-1175039,-1175040,-1196283,48929541,47754671
73,101,7373,174,53100957,-1260172,-1252799,-1252800,-1274919,53070681,51818055
73,103,7519,176,55235299,-1300062,-1292543,-1292544,-1315101,55204323,53911955
73,107,7811,180,59630151,-1381570,-1373759,-1373760,-1397193,59597751,58224171
73,109,7957,182,61890661,-1423188,-1415231,-1415232,-1439103,61857537,60442487
73,113,8249,186,66537849,-1508152,-1499903,-1499904,-1524651,66503253,65003535
73,127,9271,200,84127771,-1823670,-1814399,-1814400,-1842213,84087771,82273571
73,131,9563,204,89531967,-1919002,-1909439,-1909440,-1938129,89490351,87581115
73,137,10001,210,97953681,-2066320,-2056319,-2056320,-2086323,97909581,95853471
73,139,10147,212,100845031,-2116578,-2106431,-2106432,-2136873,100800087,98693867
73,149,10877,222,115932621,-2376508,-2365631,-2365632,-2398263,115883337,113517927
73,151,11023,224,119076307,-2430222,-2419199,-2419200,-2452269,119026131,116607155
73,157,11461,230,128759701,-2594820,-2583359,-2583360,-2617743,128706801,126123671
73,163,11899,236,138821599,-2764602,-2752703,-2752704,-2788401,138765903,136013435
73,167,12191,240,145739811,-2880670,-2868479,-2868480,-2905053,145682211,142813971
73,173,12629,246,156432549,-3059092,-3046463,-3046464,-3084351,156372033,153325815
73,179,13067,252,167503791,-3242698,-3229631,-3229632,-3268833,167440287,164210907
73,181,13213,254,171278317,-3305052,-3291839,-3291840,-3331479,171213801,167922215
73,191,13943,264,190781787,-3625462,-3611519,-3611520,-3653349,190712091,187100835
73,193,14089,266,194808649,-3691272,-3677183,-3677184,-3719451,194737893,191060975
73,197,14381,270,202988541,-3824620,-3810239,-3810240,-3853383,202915641,199105671
73,199,14527,272,207141571,-3892158,-3877631,-3877632,-3921213,207067587,203190227
73,211,15403,284,232942927,-4309482,-4294079,-4294080,-4340289,232862271,228568475
73,223,16279,296,260258299,-4747542,-4731263,-4731264,-4780101,260170683,255439715
73,227,16571,300,269699871,-4898170,-4881599,-4881600,-4931313,269609871,264728571
73,229,16717,302,274483741,-4974348,-4957631,-4957632,-5007783,274392537,269435207
73,233,17009,306,284177649,-5128432,-5111423,-5111424,-5162451,284084013,278972895
73,239,17447,312,299033931,-5363878,-5346431,-5346432,-5398773,298936587,293590467
73,241,17593,314,304070137,-5443512,-5425919,-5425920,-5478699,303971541,298545935
73,251,18323,324,329882007,-5850322,-5831999,-5832000,-5886969,329777031,323945355
73,257,18761,330,345873801,-6101320,-6082559,-6082560,-6138843,345764901,339682671
73,263,19199,336,362244099,-6357502,-6338303,-6338304,-6395901,362131203,355793235
73,269,19637,342,378992901,-6618868,-6599231,-6599232,-6658143,378875937,372277047
73,271,19783,344,384659947,-6707142,-6687359,-6687360,-6746709,384541611,377854595
73,277,20221,350,401913421,-6975420,-6955199,-6955200,-7015863,401790921,394836071
73,281,20513,354,413626017,-7157152,-7136639,-7136640,-7198179,413500701,406364415
73,283,20659,356,419545399,-7248882,-7228223,-7228224,-7290201,419418663,412190795
73,293,21389,366,449773149,-7716172,-7694783,-7694784,-7758951,449639193,441944775
79,83,6557,162,41951541,-1042708,-1036151,-1036152,-1055823,41925297,40889307
79,89,7031,168,48274779,-1160182,-1153151,-1153152,-1174245,48246555,47093571
79,97,7663,176,57396019,-1325550,-1317887,-1317888,-1340877,57365043,56047331
79,101,7979,180,62252463,-1411978,-1403999,-1404000,-1427937,62220063,60816243
79,103,8137,182,64754641,-1456128,-1447991,-1447992,-1472403,64721517,63273707
79,107,8453,186,69906909,-1546300,-1537847,-1537848,-1563207,69872313,68334651
79,109,8611,188,72556999,-1592322,-1583711,-1583712,-1609545,72521655,70938131
79,113,8927,192,78005091,-1686238,-1677311,-1677312,-1704093,77968227,76291107
79,127,10033,206,98626489,-2034600,-2024567,-2024568,-2054667,98584053,96559691
79,131,10349,210,104962053,-2139748,-2129399,-2129400,-2160447,104917953,102788763
79,137,10823,216,114835179,-2302150,-2291327,-2291328,-2323797,114788523,112497411
79,139,10981,218,118224829,-2357532,-2346551,-2346552,-2379495,118177305,115830971
79,149,11771,228,135912639,-2643802,-2632031,-2632032,-2667345,135860655,133228851
79,151,11929,230,139598113,-2702928,-2690999,-2691000,-2726787,139545213,136854443
79,157,12403,236,150950359,-2884050,-2871647,-2871648,-2908857,150894663,148023251
79,163,12877,242,162746341,-3070788,-3057911,-3057912,-3096543,162687777,159630107
79,167,13193,246,170856849,-3198400,-3185207,-3185208,-3224787,170796333,167611371
79,173,13667,252,183392391,-3394498,-3380831,-3380832,-3421833,183328887,179948307
79,179,14141,258,196371669,-3596212,-3582071,-3582072,-3624495,196305105,192723291
79,181,14299,260,200796703,-3664698,-3650399,-3650400,-3693297,200729103,197078963
79,191,15089,270,223661433,-4016488,-4001399,-4001400,-4046667,223588533,219587403
79,193,15247,272,228382291,-4088718,-4073471,-4073472,-4119213,228308307,224235107
79,197,15563,276,237971919,-4235050,-4219487,-4219488,-4266177,237895743,233676531
79,199,15721,278,242840689,-4309152,-4293431,-4293432,-4340595,242763405,238470251
79,211,16669,290,273088693,-4766868,-4750199,-4750200,-4800207,273004593,268254683
79,223,17617,302,305111641,-5247048,-5229431,-5229432,-5282283,305020437,299791307
79,227,17933,306,316180389,-5412100,-5394167,-5394168,-5447967,316086753,310692891
79,229,18091,308,321788719,-5495562,-5477471,-5477472,-5531745,321693855,316216691
79,233,18407,312,333153291,-5664358,-5645951,-5645952,-5701173,333055947,327410307
79,239,18881,318,350569929,-5922232,-5903351,-5903352,-5959995,350468805,344565771
79,241,19039,320,356474083,-6009438,-5990399,-5990400,-6047517,356371683,350381603
79,251,19829,330,386734413,-6454828,-6434999,-6435000,-6494487,386625513,380190843
79,257,20303,336,405482259,-6729550,-6709247,-6709248,-6770157,405369363,398660451
79,263,20777,342,424673841,-7009888,-6989111,-6989112,-7051443,424556877,417568107
79,269,21251,348,444309159,-7295842,-7274591,-7274592,-7338345,444188055,436913811
79,271,21409,350,450952873,-7392408,-7370999,-7371000,-7435227,450830373,443459723
79,277,21883,356,471179839,-7685850,-7663967,-7663968,-7729617,471053103,463389491
79,281,22199,360,484911003,-7884598,-7862399,-7862400,-7928997,484781403,476919363
79,283,22357,362,491850541,-7984908,-7962551,-7962552,-8029623,491719497,483757307
79,293,23147,372,527287791,-8495818,-8472671,-8472672,-8542113,527149407,518677107
83,89,7387,172,53319231,-1248538,-1241151,-1241152,-1263313,53289647,52048667
83,97,8051,180,63393591,-1425010,-1416959,-1416960,-1441113,63361191,61944411
83,101,8383,184,68757507,-1517182,-1508799,-1508800,-1533949,68723651,67215035
83,103,8549,186,71521149,-1564252,-1555703,-1555704,-1581351,71486553,69931035
83,107,8881,190,77211801,-1660360,-1651479,-1651480,-1678123,77175701,75524411
83,109,9047,192,80138811,-1709398,-1700351,-1700352,-1727493,80101947,78401787
83,113,9379,196,86156199,-1809442,-1800063,-1800064,-1828201,86117783,84317915
83,127,10541,210,108932421,-2180260,-2169719,-2169720,-2201343,108888321,106718811
83,131,10873,214,115930017,-2292112,-2281239,-2281240,-2313859,115884221,113603195
83,137,11371,220,126834831,-2464810,-2453439,-2453440,-2487553,126786431,124333211
83,139,11537,222,130578681,-2523688,-2512151,-2512152,-2546763,130529397,128017467
83,149,12367,232,150114771,-2827918,-2815551,-2815552,-2852653,150060947,147245627
83,151,12533,234,154185357,-2890732,-2878199,-2878200,-2915799,154130601,151252635
83,157,13031,240,166723851,-3083110,-3070079,-3070080,-3109173,166666251,163596411
83,163,13529,246,179752449,-3281392,-3267863,-3267864,-3308451,179691933,176424315
83,167,13861,250,188710461,-3416860,-3402999,-3403000,-3444583,188647961,185245211
83,173,14359,256,202555899,-3624982,-3610623,-3610624,-3653701,202490363,198879995
83,179,14857,262,216891441,-3839008,-3824151,-3824152,-3868723,216822797,212998907
83,181,15023,264,221778867,-3911662,-3896639,-3896640,-3941709,221709171,217812795
83,191,15853,274,247032837,-4284772,-4268919,-4268920,-4316479,246957761,242689115
83,193,16019,276,252246999,-4361362,-4345343,-4345344,-4393401,252170823,247825755
83,197,16351,280,262838691,-4516510,-4500159,-4500160,-4549213,262760291,258260411
83,199,16517,282,268216221,-4595068,-4578551,-4578552,-4628103,268136697,263558427
83,211,17513,294,301624977,-5080192,-5062679,-5062680,-5115219,301538541,296476155
83,223,18509,306,336994149,-5588932,-5570423,-5570424,-5625951,336900513,331330395
83,227,18841,310,349219521,-5763760,-5744919,-5744920,-5801443,349123421,343378811
83,229,19007,312,355413891,-5852158,-5833151,-5833152,-5890173,355316547,349483707
83,233,19339,316,367965999,-6030922,-6011583,-6011584,-6069601,367866143,361854875
83,239,19837,322,387202581,-6303988,-6284151,-6284152,-6343663,387098897,380815067
83,241,20003,324,393723687,-6396322,-6376319,-6376320,-6436329,393618711,387242715
83,251,20833,334,427146057,-6867832,-6846999,-6847000,-6909499,427034501,420187835
83,257,21331,340,447852951,-7158610,-7137279,-7137280,-7201273,447737351,440600411
83,263,21829,346,469049949,-7455292,-7433463,-7433464,-7498951,468930233,461497115
83,269,22327,352,490737051,-7757878,-7735551,-7735552,-7802533,490613147,482877947
83,271,22493,354,498074997,-7860052,-7837559,-7837560,-7905039,497949681,490112475
83,277,22991,360,520415571,-8170510,-8147519,-8147520,-8216493,520285971,512138811
83,281,23323,364,535581567,-8380762,-8357439,-8357440,-8427409,535449071,527091995
83,283,23489,366,543246249,-8486872,-8463383,-8463384,-8533851,543112293,534649275
83,293,24319,376,582386499,-9027262,-9002943,-9002944,-9075901,582245123,573242555
89,97,8633,186,72948729,-1579960,-1571327,-1571328,-1597227,72914133,71342991
89,101,8989,190,79121133,-1680988,-1671999,-1672000,-1698967,79085033,77413223
89,103,9167,192,82301331,-1732558,-1723391,-1723392,-1750893,82264467,80541267
89,107,9523,196,88849719,-1837810,-1828287,-1828288,-1856857,88811303,86983211
89,109,9701,198,92217909,-1891492,-1881791,-1881792,-1910895,92178705,90297111
89,113,10057,202,99142281,-2000968,-1990911,-1990912,-2021083,99101477,97110767
89,127,11303,216,125351499,-2406310,-2395007,-2395008,-2428917,125304843,122910051
89,131,11659,220,133403823,-2528458,-2516799,-2516800,-2551777,133355423,130838843
89,137,12193,226,145952289,-2716960,-2704767,-2704768,-2741347,145901213,143196671
89,139,12371,228,150260439,-2781202,-2768831,-2768832,-2805945,150208455,147439851
89,149,13261,238,172741149,-3112972,-3099711,-3099712,-3139495,172684505,169585031
89,151,13439,240,177425283,-3181438,-3167999,-3168000,-3208317,177367683,174199923
89,157,13973,246,191853669,-3391060,-3377087,-3377088,-3419007,191793153,188416311
89,163,14507,252,206846031,-3607018,-3592511,-3592512,-3636033,206782527,203190267
89,167,14863,256,217154259,-3754510,-3739647,-3739648,-3784237,217088723,213349331
89,173,15397,262,233086581,-3981028,-3965631,-3965632,-4011823,233017937,229052567
89,179,15931,268,249582879,-4213882,-4197951,-4197952,-4245745,249511055,245313371
89,181,16109,270,255206973,-4292908,-4276799,-4276800,-4325127,255134073,250857543
89,191,16999,280,284267403,-4698598,-4681599,-4681600,-4732597,284189003,279507683
89,193,17177,282,290267481,-4781848,-4764671,-4764672,-4816203,290187957,285423567
89,197,17533,286,302455629,-4950460,-4932927,-4932928,-4985527,302373833,297441191
89,199,17711,288,308643699,-5035822,-5018111,-5018112,-5071245,308560755,303542931
89,211,18779,300,347088063,-5562778,-5543999,-5544000,-5600337,346998063,341454363
89,223,19847,312,387788331,-6115078,-6095231,-6095232,-6154773,387690987,381596067
89,227,20203,316,401856399,-6304810,-6284607,-6284608,-6345217,401756543,395472251
89,229,20381,318,408984429,-6400732,-6380351,-6380352,-6441495,408883305,402503271
89,233,20737,322,423428481,-6594688,-6573951,-6573952,-6636163,423324797,416751167
89,239,21271,328,445564539,-6890902,-6869631,-6869632,-6933445,445456955,438587651
89,241,21449,330,453068553,-6991048,-6969599,-6969600,-7033947,452959653,445990383
89,251,22339,340,491528583,-7502338,-7479999,-7480000,-7547017,491412983,483933323
89,257,22873,346,515356569,-7817560,-7794687,-7794688,-7863307,515236853,507442511
89,263,23407,352,539748531,-8139118,-8115711,-8115712,-8185933,539624627,531509267
89,269,23941,358,564704469,-8467012,-8443071,-8443072,-8514895,564576305,556133591
89,271,24119,360,573148443,-8577718,-8553599,-8553600,-8625957,573018843,564465603
89,277,24653,366,598856349,-8914060,-8889407,-8889408,-8963367,598722393,589833351
89,281,25009,370,616308273,-9141808,-9116799,-9116800,-9191827,616171373,607054943
89,283,25187,372,625128231,-9256738,-9231551,-9231552,-9307113,624989847,615758667
89,293,26077,382,670167981,-9841948,-9815871,-9815872,-9894103,670022057,660206567
97,101,9797,198,94070613,-1910596,-1900799,-1900800,-1930191,94031409,92130807
97,103,9991,200,97851691,-1968390,-1958399,-1958400,-1988373,97811691,95853491
97,107,10379,204,105637359,-2086282,-2075903,-2075904,-2107041,105595743,103520043
97,109,10573,206,109641949,-2146380,-2135807,-2135808,-2167527,109599513,107463911
97,113,10961,210,117874641,-2268880,-2257919,-2257920,-2290803,117830541,115572831
97,127,12319,224,149035939,-2721822,-2709503,-2709504,-2746461,148985763,146276483
97,131,12707,228,158609703,-2858146,-2845439,-2845440,-2883561,158557719,155712507
97,137,13289,234,173529129,-3068392,-3055103,-3055104,-3094971,173474373,170419503
97,139,13483,236,178651279,-3140010,-3126527,-3126528,-3166977,178595583,175469291
97,149,14453,246,205379589,-3509620,-3495167,-3495168,-3538527,205319073,201824151
97,151,14647,248,210948763,-3585846,-3571199,-3571200,-3615141,210887259,207316307
97,157,15229,254,228103309,-3819132,-3803903,-3803904,-3849591,228038793,224235143
97,163,15811,260,245928391,-4059330,-4043519,-4043520,-4090953,245860791,241817531
97,167,16199,264,258184299,-4223302,-4207103,-4207104,-4255701,258114603,253907763
97,173,16781,270,277126941,-4475020,-4458239,-4458240,-4508583,277054041,272596071
97,179,17363,276,296740119,-4733650,-4716287,-4716288,-4768377,296663943,291947931
97,181,17557,278,303426853,-4821396,-4803839,-4803840,-4856511,303349569,298546007
97,191,18527,288,337978083,-5271646,-5253119,-5253120,-5308701,337895139,332642307
97,193,18721,290,345111841,-5364000,-5345279,-5345280,-5401443,345027741,339682751
97,197,19109,294,359602869,-5551012,-5531903,-5531904,-5589231,359516433,353984823
97,199,19303,296,366960139,-5645670,-5626367,-5626368,-5684277,366872523,361246451
97,211,20467,308,412668343,-6229746,-6209279,-6209280,-6270681,412573479,406364507
97,223,21631,320,461058691,-6841470,-6819839,-6819840,-6884733,460956291,454136771
97,227,22019,324,477784839,-7051522,-7029503,-7029504,-7095561,477679863,470650683
97,229,22213,326,486259669,-7157700,-7135487,-7135488,-7202127,486153393,479018231
97,233,22601,330,503432841,-7372360,-7349759,-7349760,-7417563,503323941,495974511
97,239,23183,336,529751379,-7700110,-7676927,-7676928,-7746477,529638483,521961891
97,241,23377,338,538673233,-7810896,-7787519,-7787520,-7857651,538558989,530771807
97,251,24347,348,584400063,-8376346,-8351999,-8352000,-8425041,584278959,575927307
97,257,24929,354,612730209,-8724832,-8699903,-8699904,-8774691,612604893,603905343
97,263,25511,360,641730891,-9080230,-9054719,-9054720,-9131253,641601291,632546931
97,269,26093,366,671402109,-9442540,-9416447,-9416448,-9494727,671268153,661852071
97,271,26287,368,681441523,-9564846,-9538559,-9538560,-9617421,681306099,671767907
97,277,26869,374,712006789,-9936372,-9909503,-9909504,-9990111,711866913,701957783
97,281,27257,378,732756153,-10187896,-10160639,-10160640,-10242411,732613269,722453007
97,283,27451,380,743242591,-10314810,-10287359,-10287360,-10369713,743098191,732811211
97,293,28421,390,796792341,-10960900,-10932479,-10932480,-11017743,796640241,785708151
101,103,10403,204,106131207,-2091202,-2080799,-2080800,-2112009,106089591,104008995
101,107,10807,208,114575643,-2215606,-2204799,-2204800,-2237221,114532379,112327787
101,109,11009,210,118919073,-2279008,-2267999,-2268000,-2301027,118874973,116607183
101,113,11413,214,127848357,-2408212,-2396799,-2396800,-2431039,127802561,125405975
101,127,12827,228,161646303,-2885626,-2872799,-2872800,-2911281,161594319,158721747
101,131,13231,232,172030131,-3029230,-3015999,-3016000,-3055693,171976307,168960539
101,137,13837,238,188211933,-3250636,-3236799,-3236800,-3278311,188155289,184918727
101,139,14039,240,193767483,-3326038,-3311999,-3312000,-3354117,193709883,190398123
101,149,15049,250,222757353,-3715048,-3699999,-3700000,-3745147,222694853,218995103
101,151,15251,252,228797751,-3795250,-3779999,-3780000,-3825753,228734247,224954499
101,157,15857,258,247403793,-4040656,-4024799,-4024800,-4072371,247337229,243312687
101,163,16463,264,266737107,-4293262,-4276799,-4276800,-4326189,266667411,262390875
101,167,16867,268,280030023,-4465666,-4448799,-4448800,-4499401,279958199,275509667
101,173,17473,274,300575457,-4730272,-4712799,-4712800,-4765219,300500381,295787855
101,179,18079,280,321848163,-5002078,-4983999,-4984000,-5038237,321769763,316786043
101,181,18281,282,329100681,-5094280,-5075999,-5076000,-5130843,329021157,323945439
101,191,19291,292,366575391,-5567290,-5547999,-5548000,-5605873,366490127,360942419
101,193,19493,294,374312757,-5664292,-5644799,-5644800,-5703279,374226321,368581815
101,197,19897,298,390029913,-5860696,-5840799,-5840800,-5900491,389941109,384100607
101,199,20099,300,398009703,-5960098,-5939999,-5940000,-6000297,397919703,391980003
101,211,21311,312,447585411,-6573310,-6551999,-6552000,-6615933,447488067,440936379
101,223,22523,324,500070207,-7215322,-7192799,-7192800,-7260369,499965231,492772755
101,227,22927,328,518211603,-7435726,-7412799,-7412800,-7481581,518104019,510691547
101,229,23129,330,527403513,-7547128,-7523999,-7524000,-7593387,527294613,519770943
101,233,23533,334,546029757,-7772332,-7748799,-7748800,-7819399,545918201,538169735
101,239,24139,340,574575183,-8116138,-8091999,-8092000,-8164417,574459583,566367923
101,241,24341,342,584251941,-8232340,-8207999,-8208000,-8281023,584134977,575927319
101,251,25351,352,633847851,-8825350,-8799999,-8800000,-8876053,633723947,624924299
101,257,25957,358,664575093,-9190756,-9164799,-9164800,-9242671,664446929,655282487
101,263,26563,364,696029607,-9563362,-9536799,-9536800,-9616489,695897111,686360675
101,269,27169,370,728211393,-9943168,-9915999,-9916000,-9997507,728074493,718158863
101,271,27371,372,739100271,-10071370,-10043999,-10044000,-10126113,738961887,728918259
101,277,27977,378,772251753,-10460776,-10432799,-10432800,-10516731,772108869,761676447
101,281,28381,382,794756781,-10724380,-10695999,-10696000,-10781143,794610857,783915239
101,283,28583,384,806130507,-10857382,-10828799,-10828800,-10914549,805983051,795154635
101,293,29593,394,864211257,-11534392,-11504799,-11504800,-11593579,864056021,852551615
103,107,11021,210,119180901,-2281540,-2270519,-2270520,-2303583,119136801,116866491
103,109,11227,212,123698911,-2346618,-2335391,-2335392,-2369073,123653967,121318787
103,113,11639,216,132987099,-2479222,-2467583,-2467584,-2502501,132940443,130473075
103,127,13081,230,168143521,-2969040,-2955959,-2955960,-2995203,168090621,165134891
103,131,13493,234,178944717,-3116332,-3102839,-3102840,-3143319,178889961,175787355
103,137,14111,240,195776931,-3343390,-3329279,-3329280,-3371613,195719331,192390291
103,139,14317,242,201555781,-3420708,-3406391,-3406392,-3449343,201497217,198091067
103,149,15347,252,231710871,-3819538,-3804191,-3804192,-3850233,231647367,227843427
103,151,15553,254,237994057,-3901752,-3886199,-3886200,-3932859,237929541,234043595
103,157,16171,260,257347951,-4153290,-4137119,-4137120,-4185633,257280351,253143491
103,163,16789,266,277458349,-4412172,-4395383,-4395384,-4445751,277387593,272992475
103,167,17201,270,291285561,-4588840,-4571639,-4571640,-4623243,291212661,286641291
103,173,17819,276,312656799,-4859962,-4842143,-4842144,-4895601,312580623,307738755
103,179,18437,282,334784541,-5138428,-5119991,-5119992,-5175303,334705017,329585307
103,181,18643,284,342328567,-5232882,-5214239,-5214240,-5270169,342247911,337033955
103,191,19673,294,381309537,-5717392,-5697719,-5697720,-5756739,381223101,375525675
103,193,19879,296,389357899,-5816742,-5796863,-5796864,-5856501,389270283,383473715
103,197,20291,300,405706791,-6017890,-5997599,-5997600,-6058473,405616791,399619491
103,199,20497,302,414007321,-6119688,-6099191,-6099192,-6160683,413916117,407817227
103,211,21733,314,465575677,-6747612,-6725879,-6725880,-6791079,465477081,458751515
103,223,22969,326,520170049,-7404912,-7381943,-7381944,-7450851,520063773,512682155
103,227,23381,330,539040621,-7630540,-7607159,-7607160,-7677303,538931721,531324891
103,229,23587,332,548601991,-7744578,-7720991,-7720992,-7791753,548491767,540771107
103,233,23999,336,567976899,-7975102,-7951103,-7951104,-8023101,567864003,559913235
103,239,24617,342,597669681,-8327008,-8302391,-8302392,-8376243,597552717,589250667
103,241,24823,344,607735387,-8445942,-8421119,-8421120,-8495589,607617051,599196275
103,251,25853,354,659324757,-9052852,-9026999,-9027000,-9104559,659199441,650172795
103,257,26471,360,691287051,-9426790,-9400319,-9400320,-9479733,691157451,681757491
103,263,27089,366,724005849,-9808072,-9780983,-9780984,-9862251,723871893,714091275
103,269,27707,372,757481151,-10196698,-10168991,-10168992,-10252113,757342767,747174147
103,271,27913,374,768807697,-10327872,-10299959,-10299960,-10383699,768667821,758368235
103,277,28531,380,803291671,-10726290,-10697759,-10697760,-10783353,803147271,792449891
103,281,28943,384,826701267,-10995982,-10967039,-10967040,-11053869,826553811,815587155
103,283,29149,386,838532149,-11132052,-11102903,-11102904,-11190351,838383153,827280635
103,293,30179,396,898947399,-11824642,-11794463,-11794464,-11885001,898790583,886996515
107,109,11663,216,133541139,-2484430,-2472767,-2472768,-2507757,133494483,131021931
107,113,12091,220,143568351,-2623930,-2611839,-2611840,-2648113,143519951,140908331
107,127,13589,234,181522029,-3138892,-3125303,-3125304,-3166071,181467273,178342203
107,131,14017,238,193182633,-3293656,-3279639,-3279640,-3321691,193125989,189846587
107,137,14659,244,211354119,-3532162,-3517503,-3517504,-3561481,211294583,207777323
107,139,14873,246,217592769,-3613360,-3598487,-3598488,-3643107,217532253,213934011
107,149,15943,256,250147179,-4032070,-4016127,-4016128,-4063957,250081643,246065771
107,151,16157,258,256930293,-4118356,-4102199,-4102200,-4150671,256863729,252761787
107,157,16799,264,277824099,-4382302,-4365503,-4365504,-4415901,277754403,273389163
107,163,17441,270,299534601,-4653880,-4636439,-4636440,-4688763,299461701,294825531
107,167,17869,274,314461989,-4839172,-4821303,-4821304,-4874911,314386913,309565883
107,173,18511,280,337533651,-5123470,-5104959,-5104960,-5160493,337455251,332350571
107,179,19153,286,361422009,-5415400,-5396247,-5396248,-5453707,361340213,355944251
107,181,19367,288,369566283,-5514406,-5495039,-5495040,-5553141,369483339,363988587
107,191,20437,298,411648813,-6022156,-6001719,-6001720,-6063031,411560009,405558587
107,193,20651,300,420337551,-6126250,-6105599,-6105600,-6167553,420247551,414142251
107,197,21079,304,437987259,-6336982,-6315903,-6315904,-6379141,437894843,431579243
107,199,21293,306,446948229,-6443620,-6422327,-6422328,-6486207,446854593,440432571
107,211,22577,318,502619673,-7101256,-7078679,-7078680,-7146411,502518549,495440187
107,223,23861,330,561557901,-7789420,-7765559,-7765560,-7837143,561449001,553683771
107,227,24289,334,581929929,-8025592,-8001303,-8001304,-8074171,581818373,573817403
107,229,24503,336,592252059,-8144950,-8120447,-8120448,-8193957,592139163,584019051
107,233,24931,340,613168551,-8386210,-8361279,-8361280,-8436073,613052951,604692011
107,239,25573,346,645223869,-8754460,-8728887,-8728888,-8805607,645104153,636375611
107,241,25787,348,656090463,-8878906,-8853119,-8853120,-8930481,655969359,647116587
107,251,26857,358,711784593,-9513856,-9486999,-9487000,-9567571,711656429,702169787
107,257,27499,364,746289999,-9905002,-9877503,-9877504,-9960001,746157503,736280363
107,263,28141,370,781612101,-10303780,-10275639,-10275640,-10360063,781475201,771199931
107,269,28783,376,817750899,-10710190,-10681407,-10681408,-10767757,817609523,806928491
107,271,28997,378,829978653,-10847356,-10818359,-10818360,-10905351,829835769,819017787
107,277,29639,384,867206379,-11263942,-11234303,-11234304,-11323221,867058923,855825003
107,281,30067,388,892478583,-11545906,-11515839,-11515840,-11606041,892328039,880812587
107,283,30281,390,905250801,-11688160,-11657879,-11657880,-11748723,905098701,893441211
107,293,31351,400,970473051,-12412150,-12380799,-12380800,-12474853,970313051,957932651
109,113,12317,222,149010861,-2697628,-2685311,-2685312,-2722263,148961577,146276487
109,127,13843,236,188403319,-3225330,-3211487,-3211488,-3253017,188347623,185136371
109,131,14279,240,200505963,-3383878,-3369599,-3369600,-3412437,200448363,197079003
109,137,14933,246,219366309,-3628180,-3613247,-3613248,-3658047,219305793,215692791
109,139,15151,248,225841459,-3711342,-3696191,-3696192,-3741645,225779955,222084011
109,149,16241,258,259629969,-4140112,-4123871,-4123872,-4172595,259563405,255439791
109,151,16459,260,266670223,-4228458,-4211999,-4212000,-4261377,266602623,262390883
109,157,17113,266,288356089,-4498680,-4481567,-4481568,-4532907,288285333,283804031
109,163,17767,272,310889611,-4776678,-4758911,-4758912,-4812213,310815627,306056987
109,167,18203,276,326382879,-4966330,-4948127,-4948128,-5002737,326306703,321358851
109,173,18857,282,350329161,-5257288,-5238431,-5238432,-5295003,350249637,345011487
109,179,19511,288,375123099,-5556022,-5536511,-5536512,-5595045,375040155,369503931
109,181,19729,290,383576113,-5657328,-5637599,-5637600,-5696787,383492013,377854703
109,191,20819,300,427253943,-6176818,-6155999,-6156000,-6218457,427163943,421008243
109,193,21037,302,436272061,-6283308,-6262271,-6262272,-6325383,436180857,429918887
109,197,21473,306,454590849,-6498880,-6477407,-6477408,-6541827,454497213,448020111
109,199,21691,308,463891519,-6607962,-6586271,-6586272,-6651345,463796655,457210691
109,211,22999,320,521673403,-7280598,-7257599,-7257600,-7326597,521571003,514313723
109,223,24307,332,582845911,-7984338,-7960031,-7960032,-8032953,582735687,574775987
109,227,24743,336,603990219,-8225830,-8201087,-8201088,-8275317,603877323,595676571
109,229,24961,338,614703649,-8347872,-8322911,-8322912,-8397795,614589405,606266831
109,233,25397,342,636413061,-8594548,-8569151,-8569152,-8645343,636296097,627727287
109,239,26051,348,669683559,-8971042,-8944991,-8944992,-9023145,669562455,660617811
109,241,26269,350,680962093,-9098268,-9071999,-9072000,-9150807,680839593,671767943
109,251,27359,360,738767523,-9747358,-9719999,-9720000,-9802077,738637923,728918283
109,257,28013,366,774580989,-10147180,-10119167,-10119168,-10203207,774447033,764328231
109,263,28667,372,811242111,-10554778,-10526111,-10526112,-10612113,811103727,800577987
109,269,29321,378,848750889,-10970152,-10940831,-10940832,-11028795,848608005,837667551
109,271,29539,380,861442183,-11110338,-11080799,-11080800,-11169417,861297783,850217363
109,277,30193,386,900081169,-11536080,-11505887,-11505888,-11596467,899932173,888426671
109,281,30629,390,926311413,-11824228,-11793599,-11793600,-11885487,926159313,914366103
109,283,30847,392,939567811,-11969598,-11938751,-11938752,-12031293,939414147,927475787
109,293,31937,402,1007262561,-12709408,-12677471,-12677472,-12773283,1007100957,994423887
113,127,14351,240,202549971,-3401230,-3386879,-3386880,-3429933,202492371,199105731
113,131,14803,244,215561367,-3567442,-3552639,-3552640,-3597049,215501831,211949435
113,137,15481,250,235837881,-3823480,-3807999,-3808000,-3854443,235775381,231967631
113,139,15707,252,242799231,-3910618,-3894911,-3894912,-3942033,242735727,238841067
113,149,16837,262,279124821,-4359748,-4342911,-4342912,-4393423,279056177,274713527
113,151,17063,264,286693707,-4452262,-4435199,-4435200,-4486389,286624011,282189075
113,157,17741,270,310007901,-4735180,-4717439,-4717440,-4770663,309935001,305217831
113,163,18419,276,334233399,-5026162,-5007743,-5007744,-5063001,334157223,329149755
113,167,18871,280,350890011,-5224630,-5205759,-5205760,-5262373,350811611,345606131
113,173,19549,286,376634349,-5529052,-5509503,-5509504,-5568151,376552553,371043335
113,179,20227,292,403289991,-5841538,-5821311,-5821312,-5881993,403204727,397383707
113,181,20453,294,412377717,-5947492,-5927039,-5927040,-5988399,412291281,406364535
113,191,21583,304,459335187,-6490702,-6469119,-6469120,-6533869,459242771,452773955
113,193,21809,306,469030449,-6602032,-6580223,-6580224,-6645651,468936813,462356895
113,197,22261,310,488724741,-6827380,-6805119,-6805120,-6871903,488628641,481823831
113,199,22487,312,498723771,-6941398,-6918911,-6918912,-6986373,498626427,491707827
113,211,23843,324,560844327,-7644322,-7620479,-7620480,-7692009,560739351,553119195
113,223,25199,336,626610099,-8379502,-8354303,-8354304,-8429901,626497203,618143235
113,227,25651,340,649342071,-8631730,-8606079,-8606080,-8683033,649226471,640620731
113,229,25877,342,660859941,-8759188,-8733311,-8733312,-8810943,660742977,652010007
113,233,26329,346,684199449,-9016792,-8990463,-8990464,-9069451,684079733,675089615
113,239,27007,352,719968131,-9409918,-9382911,-9382912,-9463933,719844227,710461667
113,241,27233,354,732093537,-9542752,-9515519,-9515520,-9597219,731968221,722453055
113,251,28363,364,794239407,-10220362,-10191999,-10192000,-10277089,794106911,783915275
113,257,29041,370,832742001,-10637680,-10608639,-10608640,-10695763,832605101,821996831
113,263,29719,376,872155899,-11063062,-11033343,-11033344,-11122501,872014523,860981555
113,269,30397,382,912481101,-11496508,-11466111,-11466112,-11557303,912335177,900869447
113,271,30623,384,926125347,-11642782,-11612159,-11612160,-11704029,925977891,914366115
113,277,31301,390,967665621,-12086980,-12055679,-12055680,-12149583,967513521,955458231
113,281,31753,394,995865417,-12387592,-12355839,-12355840,-12451099,995710181,983354735
113,283,31979,396,1010117199,-12539242,-12507263,-12507264,-12603201,1009960383,997453515
113,293,33109,406,1082894949,-13310932,-13277823,-13277824,-13377151,1082730113,1069452695
127,131,16637,258,272547093,-4242676,-4226039,-4226040,-4275951,272480529,268254747
127,137,17399,264,298183899,-4541302,-4523903,-4523904,-4576101,298114203,293590563
127,139,17653,266,306985549,-4642860,-4625207,-4625208,-4678167,306914793,302289851
127,149,18923,276,352914159,-5165770,-5146847,-5146848,-5203617,352837983,347691411
127,151,19177,278,362483953,-5273376,-5254199,-5254200,-5311731,362406669,357152747
127,157,19939,284,391961479,-5602242,-5582303,-5582304,-5642121,391880823,386298803
127,163,20701,290,422591221,-5940180,-5919479,-5919480,-5981583,422507121,416587931
127,167,21209,294,443651169,-6170512,-6149303,-6149304,-6212931,443564733,437415723
127,173,21971,300,476201271,-6523570,-6501599,-6501600,-6567513,476111271,469609971
127,179,22733,306,509903589,-6885700,-6862967,-6862968,-6931167,509809953,502947291
127,181,22987,308,521393743,-7008426,-6985439,-6985440,-7054401,521298879,514313747
127,191,24257,318,580764873,-7637176,-7612919,-7612920,-7685691,580663749,573051147
127,193,24511,320,593023171,-7765950,-7741439,-7741440,-7814973,592920771,585179651
127,197,25019,324,617923839,-8026522,-8001503,-8001504,-8076561,617818863,609817683
127,199,25273,326,630566209,-8158320,-8133047,-8133048,-8208867,630459933,622327211
127,211,26797,338,709108933,-8970276,-8943479,-8943480,-9023871,708994689,700051547
127,223,28321,350,792260521,-9818520,-9790199,-9790200,-9875163,792138021,782348171
127,227,28829,354,821001909,-10109332,-10080503,-10080504,-10166991,820876593,810796443
127,229,29083,356,835564639,-10256250,-10227167,-10227168,-10314417,835437903,825211091
127,233,29591,360,865074171,-10553110,-10523519,-10523520,-10612293,864944571,854421411
127,239,30353,366,910298649,-11005960,-10975607,-10975608,-11066667,910164693,899189451
127,241,30607,368,925629523,-11158926,-11128319,-11128320,-11220141,925494099,914366147
127,251,31877,378,1004204253,-11938876,-11906999,-11907000,-12002631,1004061369,992154747
127,257,32639,384,1052885379,-12418942,-12386303,-12386304,-12484221,1052737923,1040352003
127,263,33401,390,1102718721,-12908080,-12874679,-12874680,-12974883,1102566621,1089692331
127,269,34163,396,1153704279,-13406290,-13372127,-13372128,-13474617,1153547463,1140175731
127,271,34417,398,1170955513,-13574376,-13539959,-13539960,-13643211,1170797109,1157257547
127,277,35179,404,1223477359,-14084682,-14049503,-14049504,-14155041,1223314143,1209265043
127,281,35687,408,1259132043,-14429926,-14394239,-14394240,-14501301,1258965579,1244571747
127,283,35941,410,1277151421,-14604060,-14568119,-14568120,-14675943,1276983321,1262415611
127,293,37211,420,1369168671,-15489850,-15452639,-15452640,-15564273,1368992271,1353540051
131,137,17947,268,317338623,-4756186,-4738239,-4738240,-4792081,317266799,312528827
131,139,18209,270,326705673,-4862008,-4843799,-4843800,-4898427,326632773,321789243
131,149,19519,280,375584643,-5406718,-5387199,-5387200,-5445757,375506243,370119323
131,151,19781,282,385769181,-5518780,-5498999,-5499000,-5558343,385689657,380190939
131,157,20567,288,417140283,-5861206,-5840639,-5840640,-5902341,417057339,411216987
131,163,21353,294,449737617,-6212992,-6191639,-6191640,-6255699,449651181,443459835
131,167,21877,298,472150413,-6452716,-6430839,-6430840,-6496471,472061609,465631067
131,173,22663,304,506791467,-6820102,-6797439,-6797440,-6865429,506699051,499901915
131,179,23449,310,542658753,-7196848,-7173399,-7173400,-7243747,542562653,535389563
131,181,23711,312,554887011,-7324510,-7300799,-7300800,-7371933,554789667,547489179
131,191,25021,322,618072021,-7978420,-7953399,-7953400,-8028463,617968337,610015259
131,193,25283,324,631117767,-8112322,-8087039,-8087040,-8162889,631012791,622926075
131,197,25807,328,657618003,-8383246,-8357439,-8357440,-8434861,657510419,649153307
131,199,26069,330,671072493,-8520268,-8494199,-8494200,-8572407,670963593,662469723
131,211,27641,342,754660641,-9364240,-9336599,-9336600,-9419523,754543677,745207419
131,223,29213,354,843153717,-10245652,-10216439,-10216440,-10304079,843028401,832812315
131,227,29737,358,873741393,-10547776,-10518039,-10518040,-10607251,873613229,863095547
131,229,29999,360,889239603,-10700398,-10670399,-10670400,-10760397,889110003,878439963
131,233,30523,364,920644767,-11008762,-10978239,-10978240,-11069809,920512271,909534395
131,239,31309,370,968774373,-11479108,-11447799,-11447800,-11541727,968637473,957190043
131,241,31571,372,985090071,-11637970,-11606399,-11606400,-11701113,984951687,973345659
131,251,32881,382,1068712281,-12447880,-12414999,-12415000,-12513643,1068566357,1056151739
131,257,33667,388,1120520583,-12946306,-12912639,-12912640,-13013641,1120370039,1107457787
131,263,34453,394,1173555117,-13454092,-13419639,-13419640,-13522999,1173399881,1159980635
131,269,35239,400,1227815883,-13971238,-13935999,-13936000,-14041717,1227655883,1213720283
131,271,35501,402,1246175301,-14145700,-14110199,-14110200,-14216703,1246013697,1231903899
131,277,36287,408,1302071043,-14675326,-14639039,-14639040,-14747901,1301904579,1287265947
131,281,36811,412,1340016111,-15033610,-14996799,-14996800,-15107233,1339846367,1324849979
131,283,37073,414,1359193017,-15214312,-15177239,-15177240,-15288459,1359021621,1343844795
131,293,38383,424,1457121267,-16133422,-16095039,-16095040,-16210189,1456941491,1440846875
137,139,19043,276,357436839,-5199010,-5179967,-5179968,-5237097,357360663,352180971
137,149,20413,286,410913549,-5777020,-5756607,-5756608,-5817847,410831753,405075431
137,151,20687,288,422056083,-5895886,-5875199,-5875200,-5937261,421973139,416098227
137,157,21509,294,456378069,-6259012,-6237503,-6237504,-6302031,456291633,450054423
137,163,22331,300,492041631,-6631930,-6609599,-6609600,-6676593,491951631,485342331
137,167,22879,304,516562659,-6885982,-6863103,-6863104,-6931741,516470243,509607443
137,173,23701,310,554462181,-7275220,-7251519,-7251520,-7322623,554366081,547114871
137,179,24523,316,593703279,-7674250,-7649727,-7649728,-7723297,593603423,585954011
137,181,24797,318,607081773,-7809436,-7784639,-7784640,-7859031,606980649,599196327
137,191,26167,328,676210203,-8501686,-8475519,-8475520,-8554021,676102619,667627427
137,193,26441,330,690483081,-8643400,-8616959,-8616960,-8696283,690374181,681757551
137,197,26989,334,719476029,-8930092,-8903103,-8903104,-8984071,719364473,710461703
137,199,27263,336,734196099,-9075070,-9047807,-9047808,-9129597,734083203,725035731
137,211,28907,348,825646863,-9967786,-9938879,-9938880,-10025601,825525759,815587227
137,223,30551,360,922463931,-10899670,-10869119,-10869120,-10960773,922334331,911465571
137,227,31099,364,955928799,-11219002,-11187903,-11187904,-11281201,955796303,944608763
137,229,31373,366,972884829,-11380300,-11348927,-11348928,-11443047,972750873,961402311
137,233,31921,370,1007244081,-11706160,-11674239,-11674240,-11770003,1007107181,995433311
137,239,32743,376,1059900939,-12203110,-12170367,-12170368,-12268597,1059759563,1047589571
137,241,33017,378,1077751353,-12370936,-12337919,-12337920,-12436971,1077608469,1065270927
137,251,34387,388,1169239383,-13226386,-13191999,-13192000,-13295161,1169088839,1155897227
137,257,35209,394,1225920969,-13752712,-13717503,-13717504,-13823131,1225765733,1212048623
137,263,36031,400,1283944131,-14288830,-14252799,-14252800,-14360893,1283784131,1269531731
137,269,36853,406,1343308869,-14834740,-14797887,-14797888,-14908447,1343144033,1328346551
137,271,37127,408,1363395243,-15018886,-14981759,-14981760,-15093141,1363228779,1348247427
137,277,37949,414,1424548749,-15577852,-15539903,-15539904,-15653751,1424377353,1408837863
137,281,38497,418,1466063073,-15955936,-15917439,-15917440,-16032931,1465888349,1449971327
137,283,38771,420,1487043831,-16146610,-16107839,-16107840,-16224153,1486867431,1470760011
137,293,40141,430,1594183581,-17116300,-17076159,-17076160,-17196583,1593998681,1576922951
139,149,20711,288,423042699,-5902822,-5882111,-5882112,-5944245,422959755,417077931
139,151,20989,290,434514133,-6023988,-6002999,-6003000,-6065967,434430033,428427323
139,157,21823,296,469849219,-6394110,-6372287,-6372288,-6437757,469761603,463389611
139,163,22657,302,506565481,-6774168,-6751511,-6751512,-6819483,506474277,499723067
139,167,23213,306,531810309,-7033060,-7009847,-7009848,-7079487,531716673,524707131
139,173,24047,312,570828531,-7429678,-7405631,-7405632,-7477773,570731187,563325867
139,179,24881,318,611227929,-7836232,-7811351,-7811352,-7885995,611126805,603315771
139,181,25159,320,625001323,-7973958,-7948799,-7948800,-8024277,624898923,616950443
139,191,26549,330,696170253,-8679148,-8652599,-8652600,-8732247,696061353,687409083
139,193,26827,332,710864431,-8823498,-8796671,-8796672,-8877153,710754207,701957867
139,197,27383,336,740713179,-9115510,-9088127,-9088128,-9170277,740600283,731512491
139,199,27661,338,755867749,-9263172,-9235511,-9235512,-9318495,755753505,746518331
139,211,29329,350,850017913,-10172328,-10142999,-10143000,-10230987,849895413,839752763
139,223,30997,362,949692781,-11121228,-11090231,-11090232,-11183223,949561737,938471867
139,227,31553,366,984145449,-11446360,-11414807,-11414808,-11509467,984011493,972597051
139,229,31831,368,1001601979,-11610582,-11578751,-11578752,-11674245,1001466555,989888171
139,233,32387,372,1036975431,-11942338,-11909951,-11909952,-12007113,1036837047,1024927467
139,239,33221,378,1091186589,-12448252,-12415031,-12415032,-12514695,1091043705,1078629051
139,241,33499,380,1109563903,-12619098,-12585599,-12585600,-12686097,1109419503,1096834283
139,251,34889,390,1203752433,-13489888,-13454999,-13455000,-13559667,1203600333,1190145723
139,257,35723,396,1262107119,-14025610,-13989887,-13989888,-14097057,1261950303,1247960811
139,263,36557,402,1321842981,-14571268,-14534711,-14534712,-14644383,1321681377,1307147067
139,269,37391,408,1382960019,-15126862,-15089471,-15089472,-15201645,1382793555,1367704491
139,271,37669,410,1403639293,-15314268,-15276599,-15276600,-15389607,1403471193,1388195003
139,277,38503,416,1466597899,-15883110,-15844607,-15844608,-15960117,1466424843,1450580651
139,281,39059,420,1509337623,-16267858,-16228799,-16228800,-16345977,1509161223,1492932843
139,283,39337,422,1530937681,-16461888,-16422551,-16422552,-16540563,1530759597,1514337467
139,293,40727,432,1641239931,-17448598,-17407871,-17407872,-17530053,1641053307,1623645867
149,151,22499,300,499522503,-6682498,-6659999,-6660000,-6727497,499432503,492772803
149,157,23393,306,540144129,-7088320,-7064927,-7064928,-7135107,540050493,532985871
149,163,24287,312,582353571,-7504798,-7480511,-7480512,-7553373,582256227,574776027
149,167,24883,316,611375319,-7788370,-7763487,-7763488,-7838137,611275463,603512291
149,173,25777,322,656231121,-8222608,-8196831,-8196832,-8274163,656127437,647930927
149,179,26671,328,702674739,-8667502,-8640831,-8640832,-8720845,702567155,693926651
149,181,26969,330,718508793,-8818168,-8791199,-8791200,-8872107,718399893,709609023
149,191,28459,340,800325423,-9589258,-9560799,-9560800,-9646177,800209823,790649363
149,193,28757,342,817218021,-9747028,-9718271,-9718272,-9804543,817101057,807383127
149,197,29353,346,851532489,-10066120,-10036767,-10036768,-10124827,851412773,841376351
149,199,29651,348,868954359,-10227442,-10197791,-10197792,-10286745,868833255,858635811
149,211,31439,360,977190483,-11220238,-11188799,-11188800,-11283117,977060883,965872443
149,223,33227,372,1091777871,-12255658,-12222431,-12222432,-12322113,1091639487,1079417427
149,227,33823,376,1131385059,-12610270,-12576447,-12576448,-12677917,1131243683,1118667611
149,229,34121,378,1151453289,-12789352,-12755231,-12755232,-12857595,1151310405,1138555551
149,233,34717,382,1192119021,-13151068,-13116351,-13116352,-13220503,1191973097,1178857127
149,239,35611,388,1254440799,-13702522,-13666911,-13666912,-13773745,1254290255,1240623731
149,241,35909,390,1275567573,-13888708,-13852799,-13852800,-13960527,1275415473,1261563063
149,251,37399,400,1383847803,-14837398,-14799999,-14800000,-14912197,1383687803,1368888203
149,257,38293,406,1450933029,-15420820,-15382527,-15382528,-15497407,1450768193,1435386071
149,263,39187,412,1519606071,-16014898,-15975711,-15975712,-16093273,1519436327,1503461027
149,269,40081,418,1589866929,-16619632,-16579551,-16579552,-16699795,1589692205,1573113071
149,271,40379,420,1613640063,-16823578,-16783199,-16783200,-16904337,1613463663,1596680883
149,277,41273,426,1686018009,-17442520,-17401247,-17401248,-17525067,1685836533,1668435711
149,281,41869,430,1735152093,-17861068,-17819199,-17819200,-17944807,1734967193,1717148423
149,283,42167,432,1759983771,-18072118,-18029951,-18029952,-18156453,1759797147,1741767627
149,293,43657,442,1886788521,-19145128,-19101471,-19101472,-19232443,1886593157,1867492127
151,157,23707,308,554790943,-7230906,-7207199,-7207200,-7278321,554696079,547489187
151,163,24613,314,598144957,-7654812,-7630199,-7630200,-7704039,598046361,590416475
151,167,25217,318,627953673,-7943416,-7918199,-7918200,-7993851,627852549,619934667
151,173,26123,324,674025807,-8385322,-8359199,-8359200,-8437569,673920831,665561955
151,179,27029,330,721728813,-8838028,-8810999,-8811000,-8892087,721619913,712809243
151,181,27331,332,737992231,-8991330,-8963999,-8964000,-9045993,737882007,728918339
151,191,28841,342,822027441,-9775840,-9746999,-9747000,-9833523,821910477,812163819
151,193,29143,344,839378107,-9936342,-9907199,-9907200,-9994629,839259771,829352915
151,197,29747,348,874623063,-10260946,-10231199,-10231200,-10320441,874501959,864271107
151,199,30049,350,892517353,-10425048,-10394999,-10395000,-10485147,892394853,882000203
151,211,31861,362,1003688461,-11434860,-11402999,-11403000,-11498583,1003557417,992154779
151,223,33673,374,1121383057,-12487872,-12454199,-12454200,-12555219,1121243181,1108789355
151,227,34277,378,1162064253,-12848476,-12814199,-12814200,-12917031,1161921369,1149107547
151,229,34579,380,1182676663,-13030578,-12995999,-12996000,-13099737,1182532263,1169536643
151,233,35183,384,1224445107,-13398382,-13363199,-13363200,-13468749,1224297651,1210934835
151,239,36089,390,1288456833,-13959088,-13922999,-13923000,-14031267,1288304733,1274382123
151,241,36391,392,1310156491,-14148390,-14111999,-14112000,-14221173,1310002827,1295891219
151,251,37901,402,1421372901,-15112900,-15074999,-15075000,-15188703,1421211297,1406136699
151,257,38807,408,1490277243,-15706006,-15667199,-15667200,-15783621,1490110779,1474443987
151,263,39713,414,1560812457,-16309912,-16270199,-16270200,-16389339,1560641061,1544371275
151,269,40619,420,1632978543,-16924618,-16883999,-16884000,-17005857,1632802143,1615918563
151,271,40921,422,1657396321,-17131920,-17090999,-17091000,-17213763,1657218237,1640127659
151,277,41827,428,1731736903,-17761026,-17719199,-17719200,-17844681,1731553719,1713834947
151,281,42431,432,1782203331,-18186430,-18143999,-18144000,-18271293,1782016707,1763873139
151,283,42733,434,1807708357,-18400932,-18358199,-18358200,-18486399,1807520001,1789162235
151,293,44243,444,1937951607,-19491442,-19447199,-19447200,-19579929,1937754471,1918307715
157,163,25591,320,646786651,-8112630,-8087039,-8087040,-8163813,646684251,638597531
157,167,26219,324,679019439,-8416522,-8390303,-8390304,-8468961,678914463,670524483
157,173,27161,330,728838201,-8881720,-8854559,-8854560,-8936043,728729301,719875071
157,179,28103,336,780420459,-9358150,-9330047,-9330048,-9414357,780307563,770977851
157,181,28417,338,798006433,-9519456,-9491039,-9491040,-9576291,797892189,788401487
157,191,29987,348,888875463,-10344706,-10314719,-10314720,-10404681,888754359,878439987
157,193,30301,350,907637101,-10513500,-10483199,-10483200,-10574103,907514601,897031751
157,197,30929,354,945748209,-10854832,-10823903,-10823904,-10916691,945622893,934799343
157,199,31243,356,965097679,-11027370,-10996127,-10996128,-11089857,964970943,953975171
157,211,33127,368,1085309323,-12088806,-12055679,-12055680,-12155061,1085173899,1073118587
157,223,35011,380,1212574951,-13195170,-13160159,-13160160,-13265193,1212430551,1199270771
157,227,35639,384,1256564379,-13573942,-13538303,-13538304,-13645221,1256416923,1242879003
157,229,35953,386,1278853009,-13765200,-13729247,-13729248,-13837107,1278704013,1264975151
157,233,36581,390,1324018101,-14151460,-14114879,-14114880,-14224623,1323866001,1309751511
157,239,37523,396,1393235319,-14740210,-14702687,-14702688,-14815257,1393078503,1378376211
157,241,37837,398,1416699613,-14938956,-14901119,-14901120,-15014631,1416541209,1401640487
157,251,39407,408,1536960243,-15951406,-15911999,-15912000,-16030221,1536793779,1520882187
157,257,40349,414,1611467949,-16573852,-16533503,-16533504,-16654551,1611296553,1594763463
157,263,41291,420,1687739151,-17207530,-17166239,-17166240,-17290113,1687562751,1670396931
157,269,42233,426,1765773849,-17852440,-17810207,-17810208,-17936907,1765592373,1747782591
157,271,42547,428,1792177303,-18069906,-18027359,-18027360,-18155001,1791994119,1773967187
157,277,43489,434,1872563329,-18729792,-18686303,-18686304,-18816771,1872374973,1853689103
157,281,44117,438,1927133733,-19175956,-19131839,-19131840,-19264191,1926941889,1907810487
157,283,44431,440,1954712851,-19400910,-19356479,-19356480,-19489773,1954519251,1935163211
157,293,46001,450,2095547601,-20544400,-20498399,-20498400,-20636403,2095345101,2074847151
163,167,27221,330,732081261,-8901580,-8874359,-8874360,-8956023,731972361,723098331
163,173,28199,336,785793099,-9390502,-9362303,-9362304,-9446901,785680203,776318235
163,179,29177,342,841406241,-9891088,-9861911,-9861912,-9949443,841289277,831427707
163,181,29503,344,860366467,-10060542,-10031039,-10031040,-10119549,860248131,850217435
163,191,31133,354,958336437,-10927252,-10896119,-10896120,-10989519,958211121,947315355
163,193,31459,356,978564199,-11104482,-11073023,-11073024,-11167401,978437463,967364795
163,197,32111,360,1019653491,-11462830,-11430719,-11430720,-11527053,1019523891,1008093531
163,199,32437,362,1040515021,-11643948,-11611511,-11611512,-11708823,1040383977,1028772827
163,211,34393,374,1170120577,-12757872,-12723479,-12723480,-12826659,1169980701,1157257595
163,223,36349,386,1307331349,-13918452,-13882103,-13882104,-13991151,1307182353,1293300635
163,227,37001,390,1354758321,-14315680,-14278679,-14278680,-14389683,1354606221,1340327931
163,229,37327,392,1378788691,-14516238,-14478911,-14478912,-14590893,1378635027,1364156507
163,233,37979,396,1427483199,-14921242,-14883263,-14883264,-14997201,1427326383,1412443515
163,239,38957,402,1502109381,-15538468,-15499511,-15499512,-15616383,1501947777,1486448667
163,241,39283,404,1527407287,-15746802,-15707519,-15707520,-15825369,1527244071,1511536955
163,251,40913,414,1657065657,-16807912,-16766999,-16767000,-16889739,1656894261,1640127675
163,257,41891,420,1737395751,-17460130,-17418239,-17418240,-17543913,1737219351,1719801531
163,263,42869,426,1819627149,-18124012,-18081143,-18081144,-18209751,1819445673,1801364955
163,269,43847,432,1903759851,-18799558,-18755711,-18755712,-18887253,1903573227,1884817947
163,271,44173,434,1932226597,-19027332,-18983159,-18983160,-19115679,1932038241,1913055515
163,277,45151,440,2018894371,-19718430,-19673279,-19673280,-19808733,2018700771,1999027931
163,281,45803,444,2077729167,-20185642,-20139839,-20139840,-20277249,2077532031,2057392635
163,283,46129,446,2107463449,-20421192,-20375063,-20375064,-20513451,2107264533,2086889915
163,293,47759,456,2259303699,-21618382,-21570623,-21570624,-21713901,2259095763,2237525595
167,173,28891,340,824953311,-9736570,-9707679,-9707680,-9794353,824837711,815130371
167,179,29893,346,883337949,-10253500,-10223607,-10223608,-10313287,883218233,872994971
167,181,30227,348,903243063,-10428466,-10398239,-10398240,-10488921,903121959,892724067
167,191,31897,358,1006095393,-11323216,-11291319,-11291320,-11387011,1005967229,994676267
167,193,32231,360,1027331211,-11506150,-11473919,-11473920,-11570613,1027201611,1015728051
167,197,32899,364,1070468199,-11876002,-11843103,-11843104,-11941801,1070335703,1058492963
167,199,33233,366,1092369369,-12062920,-12029687,-12029688,-12129387,1092235413,1080206091
167,211,35237,378,1228433853,-13212316,-13177079,-13177080,-13282791,1228290969,1215114267
167,223,37241,390,1372482561,-14409520,-14372279,-14372280,-14484003,1372330461,1357958571
167,227,37909,394,1422273069,-14819212,-14781303,-14781304,-14895031,1422117833,1407336923
167,229,38243,396,1447500999,-15026050,-14987807,-14987808,-15102537,1447344183,1432356771
167,233,38911,400,1498622211,-15443710,-15404799,-15404800,-15521533,1498462211,1483057811
167,239,39913,406,1576967409,-16080160,-16040247,-16040248,-16159987,1576802573,1560762731
167,241,40247,408,1603526043,-16294966,-16254719,-16254720,-16375461,1603359579,1587105267
167,251,41917,418,1739645973,-17388916,-17346999,-17347000,-17472751,1739471249,1722124667
167,257,42919,424,1823979339,-18061222,-18018303,-18018304,-18147061,1823799563,1805781683
167,263,43921,430,1910308761,-18745480,-18701559,-18701560,-18833323,1910123861,1891422731
167,269,44923,436,1998634239,-19441690,-19396767,-19396768,-19531537,1998444143,1979047811
167,271,45257,438,2028519633,-19676416,-19631159,-19631160,-19766931,2028327789,2008697067
167,277,46259,444,2119506519,-20388562,-20342303,-20342304,-20481081,2119309383,2098967523
167,281,46927,448,2181273363,-20869966,-20823039,-20823040,-20963821,2181072659,2160250067
167,283,47261,450,2212489461,-21112660,-21065399,-21065400,-21207183,2212286961,2191222011
167,293,48931,460,2371896711,-22346050,-22297119,-22297120,-22443913,2371685111,2349388451
173,179,30967,352,948147291,-10807798,-10776831,-10776832,-10869733,948023387,937246907
173,181,31313,354,969512817,-10991152,-10959839,-10959840,-11053779,969387501,958428015
173,191,33043,364,1079911287,-11928562,-11895519,-11895520,-11994649,1079778791,1067883635
173,193,33389,366,1102705149,-12120172,-12086783,-12086784,-12186951,1102571193,1090484775
173,197,34081,370,1149007041,-12507520,-12473439,-12473440,-12575683,1148870141,1136397071
173,199,34427,372,1172515071,-12703258,-12668831,-12668832,-12772113,1172376687,1159708227
173,211,36503,384,1318562427,-13906582,-13870079,-13870080,-13979589,1318414971,1304545275
173,223,38579,396,1473179799,-15159442,-15120863,-15120864,-15236601,1473022983,1457902515
173,227,39271,400,1526623371,-15588070,-15548799,-15548800,-15666613,1526463371,1510914971
173,229,39617,402,1553702241,-15804448,-15764831,-15764832,-15883683,1553540637,1537776207
173,233,40309,406,1608574149,-16241332,-16201023,-16201024,-16321951,1608409313,1592208695
173,239,41347,412,1692667431,-16906978,-16865631,-16865632,-16989673,1692497687,1675632467
173,241,41693,414,1721174637,-17131612,-17089919,-17089920,-17214999,1721003241,1703913735
173,251,43423,424,1867281507,-18275422,-18231999,-18232000,-18362269,1867101731,1848870155
173,257,44461,430,1957802301,-18978220,-18933759,-18933760,-19067143,1957617401,1938684071
173,263,45499,436,2050465599,-19693402,-19647903,-19647904,-19784401,2050275503,2030628035
173,269,46537,442,2145271401,-20420968,-20374431,-20374432,-20514043,2145076037,2124702047
173,271,46883,444,2177349447,-20666242,-20619359,-20619360,-20760009,2177152311,2156533395
173,277,47921,450,2275011921,-21410320,-21362399,-21362400,-21506163,2274809421,2253447471
173,281,48613,454,2341310517,-21913252,-21864639,-21864640,-22010479,2341104401,2319240215
173,283,48959,456,2374816899,-22166782,-22117823,-22117824,-22264701,2374608963,2352491595
173,293,50689,466,2545919649,-23455072,-23404383,-23404384,-23556451,2545702493,2522298575
179,181,32399,360,1038128403,-11566798,-11534399,-11534400,-11631597,1037998803,1026464763
179,191,34189,370,1156340133,-12547588,-12513399,-12513400,-12615967,1156203233,1143690203
179,193,34547,372,1180747191,-12748018,-12713471,-12713472,-12817113,1180608807,1167895707
179,197,35263,376,1230326019,-13153150,-13117887,-13117888,-13223677,1230184643,1217067131
179,199,35621,378,1255497789,-13357852,-13322231,-13322232,-13429095,1255354905,1242033051
179,211,37769,390,1411881393,-14615968,-14578199,-14578200,-14691507,1411729293,1397151483
179,223,39917,402,1577441541,-15925348,-15885431,-15885432,-16005183,1577279937,1561394907
179,227,40633,406,1634667489,-16373200,-16332567,-16332568,-16454467,1634502653,1618170491
179,229,40991,408,1663662819,-16599262,-16558271,-16558272,-16681245,1663496355,1646938491
179,233,41707,412,1722418191,-17055658,-17013951,-17013952,-17139073,1722248447,1705234907
179,239,42781,418,1812463029,-17750932,-17708151,-17708152,-17836495,1812288305,1794580571
179,241,43139,420,1842987783,-17985538,-17942399,-17942400,-18071817,1842811383,1824869403
179,251,44929,430,1999435113,-19179928,-19134999,-19135000,-19269787,1999250213,1980115643
179,257,46003,436,2096362359,-19913650,-19867647,-19867648,-20005657,2096172263,2076305051
179,263,47077,442,2195583741,-20660188,-20613111,-20613112,-20754343,2195388377,2174775707
179,269,48151,448,2297099259,-21419542,-21371391,-21371392,-21515845,2296898555,2275527611
179,271,48509,450,2331447573,-21675508,-21626999,-21627000,-21772527,2331245073,2309618523
179,277,49583,456,2436021939,-22451950,-22402367,-22402368,-22551117,2435814003,2413412091
179,281,50299,460,2507012703,-22976698,-22926399,-22926400,-23077297,2506801103,2483875163
179,283,50657,462,2542890441,-23241208,-23190551,-23190552,-23342523,2542676997,2519486907
179,293,52447,472,2726102691,-24585118,-24532671,-24532672,-24690013,2725879907,2701347707
181,191,34571,372,1182397071,-12756970,-12722399,-12722400,-12826113,1182258687,1169536659
181,193,34933,374,1207354117,-12960372,-12925439,-12925440,-13030239,1207214241,1194289175
181,197,35657,378,1258050153,-13371496,-13335839,-13335840,-13442811,1257907269,1244571807
181,199,36019,380,1283789143,-13579218,-13543199,-13543200,-13651257,1283644743,1270101923
181,211,38191,392,1443696691,-14855790,-14817599,-14817600,-14932173,1443543027,1428725819
181,223,40363,404,1612987567,-16184202,-16143839,-16143840,-16264929,1612824351,1596680915
181,227,41087,408,1671503043,-16638526,-16597439,-16597440,-16720701,1671336579,1654739547
181,229,41449,410,1701151753,-16867848,-16826399,-16826400,-16950747,1700983653,1684157663
181,233,42173,414,1761231117,-17330812,-17288639,-17288640,-17415159,1761059721,1743771495
181,239,43259,420,1853305023,-18036058,-17992799,-17992800,-18122577,1853128623,1835136243
181,241,43621,422,1884517621,-18274020,-18230399,-18230400,-18361263,1884339537,1866109559
181,251,45431,432,2044490331,-19485430,-19439999,-19440000,-19576293,2044303707,2024864139
181,257,46517,438,2143601733,-20229556,-20183039,-20183040,-20322591,2143409889,2123227287
181,263,47603,444,2245058967,-20986642,-20939039,-20939040,-21081849,2244861831,2223923235
181,269,48689,450,2348862033,-21756688,-21707999,-21708000,-21854067,2348659533,2326951983
181,271,49051,452,2383984351,-22016250,-21967199,-21967200,-22114353,2383780047,2361813299
181,277,50137,458,2490915193,-22803576,-22753439,-22753440,-22903851,2490705429,2467952447
181,281,50861,462,2563505661,-23335660,-23284799,-23284800,-23437383,2563292217,2540007879
181,283,51223,464,2600191867,-23603862,-23552639,-23552640,-23706309,2599976571,2576424395
181,293,53033,474,2787532617,-24966472,-24913439,-24913440,-25072539,2787307941,2762394975
191,193,36863,384,1344835587,-14045182,-14008319,-14008320,-14118909,1344688131,1330680195
191,197,37627,388,1401304383,-14486746,-14449119,-14449120,-14562001,1401153839,1386705107
191,199,38009,390,1429974273,-14709808,-14671799,-14671800,-14785827,1429822173,1415150763
191,211,40301,402,1608090501,-16080100,-16039799,-16039800,-16160703,1607928897,1591889499
191,223,42593,414,1796658537,-17505112,-17462519,-17462520,-17590299,1796487141,1779025035
191,227,43357,418,1861837173,-17992276,-17948919,-17948920,-18078991,1861662449,1843713947
191,229,43739,420,1894861983,-18238138,-18194399,-18194400,-18325617,1894685583,1876491603
191,233,44503,424,1961782587,-18734422,-18689919,-18689920,-18823429,1961602811,1942913315
191,239,45649,430,2064340953,-19490248,-19444599,-19444600,-19581547,2064156053,2044711883
191,241,46031,432,2099107731,-19745230,-19699199,-19699200,-19837293,2098921107,2079222339
191,251,47941,442,2277296541,-21042940,-20994999,-20995000,-21138823,2277101177,2256106619
191,257,49087,448,2387693763,-21839806,-21790719,-21790720,-21937981,2387493059,2365702787
191,263,50233,454,2500703937,-22650352,-22600119,-22600120,-22750819,2500497821,2477898155
191,269,51379,460,2616327063,-23474578,-23423199,-23423200,-23577337,2616115463,2592692723
191,271,51761,462,2655448761,-23752360,-23700599,-23700600,-23855883,2655235317,2631535179
191,277,52907,468,2774555823,-24594826,-24541919,-24541920,-24700641,2774336799,2749795347
191,281,53671,472,2855412171,-25164070,-25110399,-25110400,-25271413,2855189387,2830079459
191,283,54053,474,2896275837,-25450972,-25396919,-25396920,-25559079,2896051161,2870654715
191,293,55963,484,3104949087,-26908282,-26852319,-26852320,-27020209,3104714831,3077862995
193,197,38021,390,1430881941,-14714500,-14676479,-14676480,-14790543,1430729841,1416053751
193,199,38407,392,1460156971,-14940678,-14902271,-14902272,-15017493,1460003307,1445101427
193,211,40723,404,1642032727,-16330002,-16289279,-16289280,-16411449,1641869511,1625580635
193,223,43039,416,1834580899,-17774622,-17731583,-17731584,-17860701,1834407843,1816676675
193,227,43811,420,1901135271,-18268450,-18224639,-18224640,-18356073,1900958871,1882734651
193,229,44197,422,1934857141,-18517668,-18473471,-18473472,-18606063,1934679057,1916206007
193,233,44969,426,2003190249,-19020712,-18975743,-18975744,-19110651,2003008773,1984033455
193,239,46127,432,2107913331,-19786798,-19740671,-19740672,-19879053,2107726707,2087986467
193,241,46513,434,2143413937,-20045232,-19998719,-19998720,-20138259,2143225581,2123227295
193,251,48443,444,2325363807,-21360442,-21311999,-21312000,-21457329,2325166671,2303855115
193,257,49601,450,2438091201,-22168000,-22118399,-22118400,-22267203,2437888701,2415770751
193,263,50759,456,2553486699,-22989382,-22938623,-22938624,-23090901,2553278763,2530340595
193,269,51917,462,2671550301,-23824588,-23772671,-23772672,-23928423,2671336857,2647564647
193,271,52303,464,2711497747,-24106062,-24053759,-24053760,-24210669,2711282451,2687229155
193,277,53461,470,2833118821,-24959700,-24906239,-24906240,-25066623,2832897921,2807992151
193,281,54233,474,2915681817,-25536472,-25482239,-25482240,-25644939,2915457141,2889975375
193,283,54619,476,2957407999,-25827162,-25772543,-25772544,-25936401,2957181423,2931409355
193,293,56549,486,3170485749,-27303652,-27247103,-27247104,-27416751,3170249553,3143002935
197,199,39203,396,1521468039,-15407170,-15367967,-15367968,-15485577,1521311223,1505943651
197,211,41567,408,1710980643,-16834846,-16793279,-16793280,-16917981,1710814179,1694021307
197,223,43931,420,1911613791,-18318970,-18275039,-18275040,-18406833,1911437391,1893162771
197,227,44719,424,1980962739,-18826222,-18781503,-18781504,-18915661,1980782963,1962001883
197,229,45113,426,2016100569,-19082200,-19037087,-19037088,-19172427,2015919093,1996882431
197,233,45901,430,2087302941,-19598860,-19552959,-19552960,-19690663,2087118041,2067565511
197,239,47083,436,2196423279,-20385610,-20338527,-20338528,-20479777,2196233183,2175895091
197,241,47477,438,2233414533,-20650996,-20603519,-20603520,-20745951,2233222689,2212619607
197,251,49447,448,2423004363,-22001446,-21951999,-21952000,-22100341,2422803659,2400852107
197,257,50629,454,2540465109,-22830532,-22779903,-22779904,-22931791,2540258993,2517479543
197,263,51811,460,2660705991,-23673730,-23621919,-23621920,-23777353,2660494391,2636872931
197,269,52993,466,2783727009,-24531040,-24478047,-24478048,-24637027,2783509853,2759032271
197,271,53387,468,2825351823,-24819946,-24766559,-24766560,-24926721,2825132799,2800366707
197,277,54569,474,2952079689,-25696072,-25641503,-25641504,-25805211,2951855013,2926213983
197,281,55357,478,3038109453,-26287996,-26232639,-26232640,-26398711,3037880969,3011648807
197,283,55751,480,3081587691,-26586310,-26530559,-26530560,-26697813,3081357291,3054827211
197,293,57721,490,3303612441,-28101400,-28043679,-28043680,-28216843,3303372341,3275329151
199,211,41989,410,1745986333,-17089788,-17047799,-17047800,-17173767,1745818233,1728770843
199,223,44377,422,1950724321,-18593808,-18549431,-18549432,-18682563,1950546237,1931997227
199,227,45173,426,2021492109,-19107820,-19062647,-19062648,-19198167,2021310633,2002248411
199,229,45571,428,2057348839,-19367202,-19321631,-19321632,-19458345,2057165655,2037844451
199,233,46367,432,2130007971,-19890718,-19844351,-19844352,-19983453,2129821347,2109977427
199,239,47561,438,2241360849,-20687872,-20640311,-20640312,-20782995,2241169005,2220529131
199,241,47959,440,2279108923,-20956758,-20908799,-20908800,-21052677,2278915323,2258006963
199,251,49949,450,2472577653,-22324948,-22274999,-22275000,-22424847,2472375153,2450100603
199,257,51143,456,2592441579,-23164870,-23113727,-23113728,-23267157,2592233643,2569120371
199,263,52337,462,2715142521,-24019048,-23966711,-23966712,-24123723,2714929077,2690962827
199,269,53531,468,2840680479,-24887482,-24833951,-24833952,-24994545,2840461455,2815627971
199,271,53929,470,2883156913,-25180128,-25126199,-25126200,-25287987,2882936013,2857810283
199,277,55123,476,3012477559,-26067570,-26012447,-26012448,-26177817,3012250983,2986239011
199,281,55919,480,3100267443,-26667118,-26611199,-26611200,-26778957,3100037043,3073426323
199,283,56317,482,3144635221,-26969268,-26912951,-26912952,-27081903,3144402897,3117490427
199,293,58307,492,3371202471,-28503778,-28445471,-28445472,-28620393,3370960407,3342515427
211,223,47053,434,2193704677,-20280132,-20233079,-20233080,-20374239,2193516321,2173283675
211,227,47897,438,2273287233,-20835376,-20787479,-20787480,-20931171,2273095389,2252308347
211,229,48319,440,2313610243,-21115518,-21067199,-21067200,-21212157,2313416643,2292349883
211,233,49163,444,2395319727,-21680842,-21631679,-21631680,-21779169,2395122591,2373491355
211,239,50429,450,2520542613,-22541428,-22490999,-22491000,-22642287,2520340113,2497849563
211,241,50851,452,2562992551,-22831650,-22780799,-22780800,-22933353,2562788247,2540007899
211,251,52961,462,2780559561,-24307960,-24254999,-24255000,-24413883,2780346117,2756091579
211,257,54227,468,2915353623,-25213906,-25159679,-25159680,-25322361,2915134599,2889975387
211,263,55493,474,3053338077,-26134972,-26079479,-26079480,-26245959,3053113401,3027034395
211,269,56759,480,3194512923,-27071158,-27014399,-27014400,-27184677,3194282523,3167268603
211,271,57181,482,3242280181,-27386580,-27329399,-27329400,-27500943,3242047857,3214718939
211,277,58447,488,3387708883,-28342926,-28284479,-28284480,-28459821,3387470739,3359186747
211,281,59291,492,3486433791,-28988890,-28929599,-28929600,-29107473,3486191727,3457262619
211,283,59713,494,3536327977,-29314392,-29254679,-29254680,-29433819,3536083941,3506829755
211,293,61823,504,3791116227,-30967102,-30905279,-30905280,-31090749,3790862211,3759957435
223,227,50621,450,2539857621,-22628020,-22577399,-22577400,-22729263,2539655121,2517078171
223,229,51067,452,2584908991,-22929498,-22878431,-22878432,-23031633,2584704687,2561826707
223,233,51959,456,2676199899,-23537782,-23485823,-23485824,-23641701,2675991963,2652506595
223,239,53297,462,2816106681,-24463528,-24410231,-24410232,-24570123,2815893237,2791483467
223,241,53743,464,2863534387,-24775662,-24721919,-24721920,-24883149,2863319091,2838597635
223,251,55973,474,3106613757,-26362972,-26306999,-26307000,-26474919,3106389081,3080082555
223,257,57311,480,3257214051,-27336670,-27279359,-27279360,-27451293,3256983651,3229704771
223,263,58649,486,3411378849,-28326352,-28267703,-28267704,-28443651,3411142653,3382875435
223,269,59987,492,3569108151,-29332018,-29272031,-29272032,-29451993,3568866087,3539594547
223,271,60433,494,3622476697,-29670792,-29610359,-29610360,-29791659,3622232661,3592622795
223,277,61771,500,3784958671,-30697770,-30635999,-30636000,-30821313,3784708671,3754073171
223,281,62663,504,3895260267,-31391302,-31328639,-31328640,-31516629,3895006251,3863678115
223,283,63109,506,3951005149,-31740732,-31677623,-31677624,-31866951,3950749113,3919071995
223,293,65339,516,4235670399,-33514522,-33449183,-33449184,-33645201,4235404143,4201955475
227,229,51983,456,2678683539,-23548750,-23496767,-23496768,-23652717,2678475603,2654979291
227,233,52891,460,2773286271,-24171610,-24118719,-24118720,-24277393,2773074671,2748956411
227,239,54253,466,2918268549,-25119460,-25065207,-25065208,-25227967,2918051393,2892986651
227,241,54707,468,2967416823,-25439026,-25384319,-25384320,-25548441,2967197799,2941813947
227,251,56977,478,3219314553,-27063976,-27006999,-27007000,-27177931,3219086069,3192079547
227,257,58339,484,3375378279,-28060642,-28002303,-28002304,-28177321,3375144023,3347142203
227,263,59701,490,3535135821,-29073580,-29013879,-29013880,-29192983,3534895721,3505882331
227,269,61063,496,3698587179,-30102790,-30041727,-30041728,-30224917,3698341163,3668299931
227,271,61517,498,3753891813,-30449476,-30387959,-30387960,-30572511,3753643809,3723256347
227,277,62879,504,3922268259,-31500382,-31437503,-31437504,-31626141,3922014243,3890577243
227,281,63787,508,4036571343,-32210026,-32146239,-32146240,-32337601,4036313279,4004167547
227,283,64241,510,4094338521,-32567560,-32503319,-32503320,-32696043,4094078421,4061575611
227,293,66511,520,4389330771,-34382350,-34315839,-34315840,-34515373,4389060371,4354745051
229,233,53357,462,2822478141,-24491308,-24437951,-24437952,-24598023,2822264697,2797827207
229,239,54731,468,2970032079,-25450282,-25395551,-25395552,-25559745,2969813055,2944417971
229,241,55189,470,3020052133,-25773588,-25718399,-25718400,-25883967,3019831233,2994113303
229,251,57479,480,3276417963,-27417478,-27359999,-27360000,-27532437,3276187563,3248828043
229,257,58853,486,3435249909,-28425700,-28366847,-28366848,-28543407,3435013713,3406647351
229,263,60227,492,3597841191,-29450338,-29390111,-29390112,-29570793,3597599127,3568209507
229,269,61601,498,3764191809,-30491392,-30429791,-30429792,-30614595,3763943805,3733514511
229,271,62059,500,3820477423,-30842058,-30779999,-30780000,-30966177,3820227423,3789447923
229,277,63433,506,3991840489,-31905000,-31841567,-31841568,-32031867,3991584453,3959743391
229,281,64349,510,4108171053,-32622748,-32558399,-32558400,-32751447,4107910953,4075353063
229,283,64807,512,4166962891,-32984358,-32919551,-32919552,-33113973,4166700747,4133781707
229,293,67097,522,4467187641,-34819768,-34752671,-34752672,-34953963,4466915157,4432163007
233,239,55687,472,3074924331,-26117638,-26061951,-26061952,-26229013,3074701547,3048640067
233,241,56153,474,3126710937,-26448472,-26392319,-26392320,-26560779,3126486261,3100094415
233,251,58483,484,3392130807,-28130482,-28071999,-28072000,-28247449,3391896551,3363825035
233,257,59881,490,3556572201,-29161960,-29102079,-29102080,-29281723,3556332101,3527230511
233,263,61279,496,3724905699,-30210142,-30148863,-30148864,-30332701,3724659683,3694511315
233,269,62677,502,3897131301,-31275028,-31212351,-31212352,-31400383,3896879297,3865667447
233,271,63143,504,3955404747,-31633702,-31570559,-31570560,-31759989,3955150731,3923580675
233,277,64541,510,4132819821,-32720860,-32656319,-32656320,-32849943,4132559721,4099903911
233,281,65473,514,4253258817,-33454912,-33389439,-33389440,-33585859,4252994621,4219605695
233,283,65939,516,4314126999,-33824722,-33758783,-33758784,-33956601,4313860743,4280102475
233,293,68269,526,4624954749,-35701612,-35633343,-35633344,-35838151,4624678073,4589045255
239,241,57599,480,3290169603,-27475198,-27417599,-27417600,-27590397,3289939203,3262522083
239,251,59989,490,3569465133,-29214988,-29154999,-29155000,-29334967,3569225033,3540070523
239,257,61423,496,3742503219,-30281710,-30220287,-30220288,-30404557,3742257203,3712037411
239,263,62857,502,3919636881,-31365568,-31302711,-31302712,-31491283,3919384877,3888082667
239,269,64291,508,4100866119,-32466562,-32402271,-32402272,-32595145,4100608055,4068206291
239,271,64769,510,4162185993,-32837368,-32772599,-32772600,-32966907,4161925893,4129153803
239,277,66203,516,4348875999,-33961210,-33895007,-33895008,-34093617,4348609743,4314715251
239,281,67159,520,4475611323,-34719958,-34652799,-34652800,-34854277,4475340923,4440688643
239,283,67637,522,4539661581,-35102188,-35034551,-35034552,-35237463,4539389097,4504355067
239,293,70027,532,4866738831,-37041898,-36971871,-36971872,-37181953,4866455807,4829484467
241,251,60491,492,3629580591,-29580490,-29519999,-29520000,-29701473,3629338527,3599819019
241,257,61937,498,3805532913,-30659056,-30597119,-30597120,-30782931,3805284909,3774688287
241,263,63383,504,3985649787,-31754902,-31691519,-31691520,-31881669,3985395771,3953704755
241,269,64829,510,4169931213,-32868028,-32803199,-32803200,-32997687,4169671113,4136868423
241,271,65311,512,4232283811,-33242910,-33177599,-33177600,-33373533,4232021667,4198844579
241,277,66757,518,4422117973,-34379076,-34312319,-34312320,-34512591,4421849649,4387537847
241,281,67721,522,4550987721,-35146120,-35078399,-35078400,-35281563,4550715237,4515637359
241,283,68203,524,4616116687,-35532522,-35464319,-35464320,-35668929,4615842111,4580378315
241,293,70613,534,4948702437,-37493332,-37422719,-37422720,-37634559,4948417281,4910995095
251,257,64507,508,4128576543,-32576506,-32511999,-32512000,-32705521,4128318479,4095806987
251,263,66013,514,4323983157,-33733012,-33666999,-33667000,-33865039,4323718961,4290052475
251,269,67519,520,4523907843,-34907518,-34839999,-34840000,-35042557,4523637443,4488797963
251,271,68021,522,4591553421,-35303020,-35234999,-35235000,-35439063,4591280937,4556046459
251,277,69527,528,4797502203,-36501526,-36431999,-36432000,-36640581,4797223419,4760791947
251,281,70531,532,4937311431,-37310530,-37239999,-37240000,-37451593,4937028407,4899788939
251,283,71033,534,5007969057,-37718032,-37646999,-37647000,-37860099,5007683901,4970037435
251,293,73543,544,5368787307,-39785542,-39711999,-39712000,-39932629,5368491371,5328779915
257,263,67591,520,4533598251,-34945030,-34877439,-34877440,-35080213,4533327851,4498450931
257,269,69133,526,4743214749,-36156940,-36087807,-36087808,-36295207,4742938073,4706850791
257,271,69647,528,4814139603,-36565006,-36495359,-36495360,-36704301,4813860819,4777365987
257,277,71189,534,5030072229,-37801492,-37730303,-37730304,-37943871,5029787073,4992057303
257,281,72217,538,5176659033,-38636056,-38563839,-38563840,-38780491,5176369589,5137806287
257,283,72731,540,5250741951,-39056410,-38983679,-38983680,-39201873,5250450351,5211467211
257,293,75301,550,5629051701,-41188900,-41113599,-41113600,-41339503,5628749201,5587636151
263,269,70747,532,4967712351,-37425658,-37354911,-37354912,-37567153,4967429327,4930074947
263,271,71273,534,5041994097,-37846432,-37775159,-37775160,-37988979,5041708941,5003934315
263,277,72851,540,5268146871,-39121330,-39048479,-39048480,-39267033,5267855271,5228807331
263,281,73903,544,5421671667,-39981742,-39907839,-39907840,-40129549,5421375731,5381468435
263,283,74429,546,5499260949,-40415092,-40340663,-40340664,-40563951,5498962833,5458622715
263,293,77059,556,5895476199,-42613282,-42536223,-42536224,-42767401,5895167063,5852631395
269,271,72899,540,5275116903,-39147298,-39074399,-39074400,-39293097,5274825303,5235751443
269,277,74513,546,5511726129,-40461040,-40386527,-40386528,-40610067,5511428013,5471042031
269,281,75589,550,5672349333,-41347588,-41271999,-41272000,-41498767,5672046833,5630775383
269,283,76127,552,5753526051,-41794078,-41717951,-41717952,-41946333,5753221347,5711503947
269,293,78817,562,6168060801,-44058688,-43979871,-43979872,-44216323,6167744957,6123765647
271,277,75067,548,5594142463,-40912026,-40836959,-40836960,-41062161,5593842159,5553005747
271,281,76151,552,5757167451,-41807350,-41731199,-41731200,-41959653,5756862747,5715132099
271,283,76693,554,5839557997,-42258252,-42181559,-42181560,-42411639,5839251081,5797070075
271,293,79403,564,6260291247,-44545162,-44465759,-44465760,-44703969,6259973151,6215507955
277,281,77837,558,6015398493,-43200076,-43122239,-43122240,-43355751,6015087129,5971965447
277,283,78391,560,6101484571,-43664310,-43585919,-43585920,-43821093,6101170971,6057585611
277,293,81161,570,6541089321,-46018600,-45937439,-45937440,-46180923,6540764421,6494827551
281,283,79523,564,6279294567,-44612962,-44533439,-44533440,-44772009,6278976471,6234443595
281,293,82333,574,6731710317,-47012572,-46930239,-46930240,-47177239,6731380841,6684451175
283,293,82919,576,6828047499,-47513062,-47430143,-47430144,-47678901,6827715723,6780286155
