2038373 3620933 7380812062009 51383090346587379769098194057664 126984421286624931116965723784817730772719344 9885308215609
3155597 3429341 10821618171577 128524183176888605380221966755520 350117673938162032796987182688593313947963440 10896553949113
2745503 3044491 8358659173973 67421761907911084763349529167360 142395654456114696423918176830378996664465280 8448052998117
2621603 3698417 9695781102451 99022253677149353438477430919680 268729302591116894870585566735065615943866240 10855309493047
2476987 3447407 8539182322709 71998799625083468752692518036736 170653306226135985176521872831510652410517056 9480897299109
3008311 3685519 11087187348409 137140649064753893561011179456000 395849558734266990019713669002635884815472000 11545798023673
2670467 4199491 11214602132297 144002679257514621638191897926720 487899672565863324978753477706233917002826640 13552516524873
2718389 4163941 11319211411049 146965902222375988782574792248000 492660273001025521920249773082184798330686000 13408831995753
2349871 3376567 7934496872857 60085834775701440020340477903360 135021906888557866055532376078773729693064320 8988601549273
3603619 4075271 14685724005749 276018327612872656143004847376000 1028732701261011262435739277511011931918932000 14908179614853
2640551 3967499 10476383451949 120877325357534544374008950000000 369799229261245608358586361747879886087500000 12237174446653
2569297 2792659 7175170390723 46008326135595960435431604426240 83103240407659666496122768301194180431611520 7225060973767
2297597 2731061 6274877560417 32999804102729380086794733775680 53317524437949917036229737001478514763594960 6462768599713
3246589 3323659 10790554749151 127502311305839458783125757420800 344144501773091184227533335956554137883915200 10796494534051
2089489 3788159 7915316560751 61374631855130019414977096908800 165723724618642414713168249637698594470707200 10800796329651
2102417 3315401 6970355424217 43871553059198925439187450611200 92587464520299796371513718192878376937174400 8441685608473
3616397 3994733 14446540437001 264743681951568669913629664297920 965631305506363468568750052867008751740008560 14589678565897
2013071 2025241 4076953925111 11187169696699187615529054566400 11402808081309619945021202355634311914457600 4077102034011
2629873 2688019 7069148591587 44291713672681907946964535554560 78313613430398452951588614373457785436161920 7072529548903
2381339 3108367 7402075563413 50130826476101725460098093320960 99392450546136912182841977552029475042297280 7930645276197
2405831 3612689 8691519189559 75775680357092136422934476544000 192243382653031793739329172504905462891328000 10148025421723
2698649 3455051 9323969926099 89163436351711569669177804000000 220592880723854462254512341893565860053000000 9896113911703
2897051 4045583 11720260275733 158945242425983250152854897171200 518137093436162712393400207789235738873649600 13039386030757
2153377 3277397 7057471319669 45082576011565485440741115127296 93781814675064784065778290209179910154665856 8320892280069
2459591 2895887 7122697602217 45283084575607660163360244779520 82789385812050932319634693303187166954215040 7313051801833
2833447 3948277 11187233620819 141460202550380356799445581757696 439590392705147600214458774220886474060721856 12430079549719
2714743 4171591 11324797466113 147196580182305554507459567420160 494845594306615734915587550351003465329983680 13447203561217
2995427 3688519 11048689402613 135988822130307081112177414001280 391956023785475693420008802334514496814884640 11529065923077
2498653 4024729 10056401190037 109952913608343717296259368557440 340450206685527984028231677110191173385219680 12385309147813
2158097 2631049 5678058953753 25733959986376976545983528691200 37968801645399334642063139361788713578249600 5901742548057
2035097 3166169 6443461033393 35991191748436590255412014017280 69488058065144999741926034554858770798632640 7722784902577
2577343 2883259 7431147400837 50257516643072431969034034017280 94543585929820538218601163659557181830037760 7524731999893
3355991 4107517 13784790084347 236369842784948249206197046398720 847952075656515514840047737787578407764632640 14349581413023
2603219 3325121 8656018164499 74031776502075678264504489216000 169850376765112537223923206054180595845312000 9177160662103
3253463 3499651 11385985041413 145913020783798513868590593225600 417551761471346656831174353028585696228744800 11446593572757
2048749 2188061 4482787785689 14190055627203287306598123000000 15971601569657302292465521911335218764750000 4502195619033
2232749 3733031 8334921232219 69074696179470207530524365600000 182802165221303702859089307063168126310200000 10585767311743
2300201 3508031 8069176414231 63030554196680225270454248448000 150139248462847144225747225608650031612672000 9528029723131
2044169 2690299 5499425816531 23864625929162611419400802592000 35301209719207408393093831142606582343288000 5916909793431
2829583 3426691 9696106599853 98030061140108667214672277832960 246365340295338129078546952133579083459030080 10052644563517
2466011 4002043 9869082060473 104996762201227920639940300299840 320987606257856098084403978446411545632655120 12228476365497
2235043 3875323 8661513543889 76401793177749162280838981006784 216828900678527436581032044328506058187052144 11352032022289
2052569 3919169 8044364795161 64406990785654127276001605068800 185629970141677999993181640400992746460019200 11528560355161
3261173 3637367 11862083051491 161781127275028451838694438613760 485489186140937043867871494477466177596866880 12003604977127
2776493 4150753 11524536649229 153340299391458510538188879711744 514193235034368376500238241070631167067714944 13413127196829
2458063 3412957 8389263322291 68866809299399173249433195066880 160134026782379871549741490049065537996621440 9301085873527
2575091 4177741 10758063249431 130257542845118289501340918732800 433970923255918756092489100731933302982259200 13326550271931
2306027 3931087 9065192761349 85425301109185288630245850104576 249997416308433739274824709173075175639326656 11706012764949
2633899 3299927 8691674425373 74712016258256741841155825193600 170628567645330454070735992383107486383648800 9135267722157
2783009 2889247 8040800404223 61122785308955992393830595952640 123041494977178754709255926549046556587294720 8052086916867
2625619 2628889 6902460907291 41724267254804622625288091001600 72000142441267051566359043219547394985326400 6902471600191
2576801 3115171 8027175747971 61127558197803556187482435968000 127099750531233018314200979204732592400032000 8317018004871
2347183 4099309 9621828396547 99468922124089499230922163079680 315609267827307443911752457043915232152396160 12691773916423
2012611 4030219 8111263091809 66262238375271588554512632696000 201801732010742527697910100800575025958302000 12182005133473
2012009 2563063 5156905823567 20277998349892651102042373345280 27682338780031409081204683253245348032322560 5460566334483
2710969 3935917 10670148973573 126126965126962710798343533866880 383761679074669322699426656954956067671001440 12170646576277
2367289 3020911 7151369380279 45927296179967004638452404480000 87016049509530198186000431870835866362560000 7578591099163
3580153 3972359 14221652990927 254589406624420698161175947182080 914961137692335330269801227207285884961013760 14375478537363
2252951 3796543 8553425348393 73764590982248960885480265676800 201674265566295149258078779642534201833254400 10936101610857
2699701 3621263 9776327342363 100689349677874415421791327884800 267471285705083384960024574130787493992438400 10625603862207
2708843 2938561 7960100394923 59639596586101878799694761175040 119471094822948221793128578942489062256350720 8012870754447
2103973 3446719 7251803714587 48650573056385974923874292828160 110129943856709907088188392540386009606725120 9054770535103
2676721 3279541 8778416265061 76498846092959376314155229702400 174834444959725085071198431196937086378401600 9141808217461
2684141 3534803 9487909659223 93305335194987035273880254760960 238197685611666779672519570972962092192622080 10211535497467
2684701 4024849 10805516135149 130566924850575754731705876000000 411335193594096933271651353263718895857000000 12601512797053
2961187 3607837 10683480022519 124961169959820138487646134327296 346818363411479676336152098053328310748934656 11101636245019
3624239 4004837 14514486444043 267869976218314175625241897935360 981699350122733284395960452911035756390084480 14659341281647
2460803 3258163 8017697284889 61272496312381170064614688305984 132555084245610130393078375383948459155390544 8653480254489
2258621 3795073 8571631574333 74130376540437516208978419886080 202604181364063000332203260122870254516298240 10932316322637
2751103 2777603 7641471946109 53805452950576216174377446590464 102797661037212604237689491565254825536326144 7642174196109
2518667 4074977 10263510095659 115762013640612023735929141748736 367127965851635522343879557326550310161446656 12685610911759
2899601 3278771 9507127670371 93072516244301488456122998976000 224558329964334933625867458198211808076624000 9650897559271
2481187 3130679 7767800035973 56435466109032221944413916609920 115546536171275837703367163532333345765761760 8189639894037
3993107 4104187 16388457839009 362463962681068951243776492793536 1486174432180692528516599307861434195074459056 16400796605409
2226319 3003743 6687290112017 38981263853615615140506433320960 71059707843503171059633720696508900880760320 7291678187793
2167873 3661979 7938705400667 61235835972730562370370098493440 155708311981051532083643905136094687261934080 10171058139903
3411757 4018643 13710633385751 232796249771126746166644512153600 819381341144299393575921981559406568321484800 14078944002747
2412551 4094561 9878337235111 105829008734591892352501753344000 336205396535871657032241653333442995488896000 12707494875211
2259629 2599871 5874743907859 27952342894828891690466515200000 41862187111242959506845708352043982782400000 5990508526423
2134721 3440089 7343630230169 50107233107626934263173289728000 113337749060846907505270707035472575242176000 9047615845593
3063059 3729191 11422732055269 147707446827481225224091952400000 438191271262751740097744037904761568353300000 11866463896693
3430499 3562903 12222535178597 174124480951330371029215078704000 532823784669804072340380242522815271718588000 12240065997813
3189269 3749461 11958039734009 165366952302809011028164666776000 507339807294158171964419469518672636663862000 12271854810873
3021107 3206911 9688421270477 97432677565871944767599764500480 236833126603344231824519824824582086252252160 9722944396893
3873839 3921959 15193037730601 299915257308828855503572081804800 1139329571092831894514931520317729586188451200 15195353265001
2192053 3024449 6629752503797 38214022928135608980819762969600 69956841222265834929530019433319061084691200 7322635604613
2111789 3734999 7887529803211 60624493476279324021208648800000 159477890860166348066516190534393207844200000 10522340507311
2845981 3337591 9498720571771 92986177637852015164529159289600 226430663572603448620659882948576283406510400 9740400963871
2007659 2522743 5064807688637 19369187779317718963122752100480 25810019993726850141594409153973531482208160 5330119215693
2116579 2318077 4906393098583 17792352250537836394683279774720 22004667370799050995013213206969478701500160 4946994542587
2425837 2722999 6605551725163 37443462638499724343827537632000 62660295928971655795593886539571535386056000 6693856979407
3543613 3914087 13870009576331 239115198041542436386246026220800 837337220766168903796801530745071860013086400 14007260561007
2699371 3053909 8243633391239 65163079439100812487860695296000 136342838435448594667701875200381646937792000 8369330584683
2803637 3353477 9401932195849 90711045821475132865140374544576 220070807691798843269295592092229929494452656 9704256221449
3161617 3220289 10181320447313 110257303267276291382767910645760 280736121589159998547934144971849693466311680 10184762850897
2288467 3508721 8029592220707 62294989210516618116145118876160 148240458664065076116737335835618450214145920 9518612045223
3164419 3429331 10851840173689 129416009467508866749746925000000 353371013740600127955516415302594210881250000 10922018541433
2154143 3630961 7821609221423 58986434936406274800196212080640 147504437763167813604246222049086438622187520 10002600626547
2616869 2730041 7144159661629 45483505305931333427250109968000 81380993033944232868582507837290810351796000 7156967563213
2312929 2548849 5895306768721 28161558895708029361878832896000 41897112939907016253378595196478618055104000 5950965015121
2895523 3186401 9226297382723 86286854183010190863410052633600 200852227145919670398388224527698815538348800 9310907393607
3288997 3651607 12010124468179 166855694271605044459001334003456 506474211565587128231513583668600774501461056 12141610480279
2052737 2773697 5693670458689 26077129021532773824195455778816 40507258974481701299763820450724901461139456 6213453780289
2435957 2575939 6274876638623 32889796361264887857983220744960 51755972272783055282712072335306307922889280 6294471598947
2120143 4007933 8497391094419 73746957331904454059633518523904 222368134403318456694991892287038157934204544 12061142178519
3321559 3524239 11705967768601 156346253144224690610116993420800 459151694074573790335909345501926454243555200 11747046951001
2155487 3236041 6975244306967 43719930332878076513693096325120 89001113082862580534730476424770210057610240 8142841253883
2381773 2931127 6981279148171 43156915636998809623905642105600 78578698230491663507257231098633665102356800 7283068965487
2570699 3890633 10001646362467 107724328567198827048548867769600 316275184910262236321538132902305237085995200 11743872126823
2794763 3000887 8386767954781 67942285875786529203466158057600 143175714220305624974770077255949110538960800 8429255058157
3392021 4080413 13840846584673 238581160726163011947396341378880 853806232494395049394915329503572962174770640 14314730130337
2608777 3098699 8083814681123 62162080491296384678411597548800 129356775779853237015171400628376022411550400 8323838247207
2144717 2351743 5043823191731 19065104602165255427197597347840 24244535660487665762498444058069488383902720 5086682956407
2360101 4061641 9585882985741 98348071783413757146221698032000 306873554797317803790865774587715417113228000 12481121357341
2798981 4149553 11614520005493 156222818641002909238239814744320 524852615257094178354591382433880175976036160 13438564732677
3595939 3968597 14270832727583 256761364530722363133886901410560 924963989500269308164294142634716208687574080 14409706712547
2057849 4046953 8328018184097 70567326150668837447368335724800 216722012899319157420817739817480686696385600 12284552906913
2582161 4031681 10410449442641 119465230152215559612578373734400 373674029243140404314246174288652424343577600 12511557673041
3259783 4077583 13292035744489 216058787008677754264922943158784 754090138458979257336231153733969718055625344 13960832584489
2629537 3782699 9946746980363 105735394294247188940578713676800 298082075316188061417099598225139902898054400 11276529578607
3612883 3711959 13410873567797 219564006603309560747882025578880 736675096173005565490716419181866933365294560 13420689621573
2093453 3442183 7206048327899 47908284010985186569639040903424 108094514316322079066058310092037513445098944 9025120940799
2104177 3509419 7384438743163 51018171348702391598157844154880 119371600793504358816081985199171717924269440 9359143821727
3370957 4114699 13870473396943 240027599881982378203904372908800 865517056161220101747401173107153593270990400 14423625559507
2064581 3235607 6680172735667 39419890111705420254439816554240 79347061271616324824253611621677650725206080 8051474628343
3703939 3833129 14197675995131 253212828772991376511836636422400 899814959261744192863042623098706729738993600 14214366051231
2174243 3234779 7033195597297 44593636414052978872795452795840 90947965655528475225510765084878169184823280 8157932204593
3212023 3513403 11285131244269 142751860301021027519803813951104 405984904171159947084427513875182056810170144 11375961148669
2481649 3154799 7829103783551 57580887529676954681004349440000 119224606275877426072854226639412721615360000 8282234706051
2216609 3474059 7700630445931 56242492987066873300782176947200 130508046793602760372188682336107824052460800 9281810948431
2421061 3896381 9433376080241 93696703299280611390908535566400 271953397274706506274682935750843423095715600 11609945182641
2369291 2455379 5817507366289 27213866312047879392739813464000 39629638402652796567328819770090308121078000 5824918510033
2126801 2669389 5677259194589 25764550712330744742951912480000 38464290231984468607789114027725554553960000 5971660932333
2195243 3195427 7014738753761 44209387604687913118309178278080 88585740666681239400879667793757186081633840 8015106787617
2833769 4051363 11480626877147 151248900237808694008085183842560 490166000008613200078555211090741276625309120 12963162025983
2369473 3794899 8991910718227 83069493202928435209387703347200 228934331417777674539554487379126963026470400 11023749999703
3828661 3948383 15117020005163 296207248039190203274012644439040 1120504134649743307485303163881665540029182720 15131353362447
2225101 3647551 8116169377651 64474089765195113139860739840000 163434296332261949862259760560823707728960000 10139533380151
2847599 2855467 8131224973733 62844764289572845181315640326400 127752201822879515132748294709251538209211200 8131286879157
2623279 3275989 8593833147931 72614058520768409322402701222400 163742223864920383712049100791776004089673600 9019863492031
3488473 4124443 14388008045539 262664349463489448759652736752384 971363357255589930678144997405416575151630144 14792465886439
2932511 3838613 11256774847243 143000473662804533153742508784640 431782625819524036832831778633925238580875520 12077795681647
2693989 2803253 7551932746217 52252831953744581039075820630720 98808424876824535131661377574851778207521840 7563871367913
4156043 4165933 17313796683119 415776400525268142221003052328704 1799677183074102556928533886059636196136116544 17313894495219
2612677 2823607 7377173065939 49309526301958783837595385398016 91489690596930067024190592984969451980353856 7421664530839
2054947 3774809 7757032430123 58464244502052928339662060675840 156610477126795327427996993329845583925056320 10714957729167
2279393 2750557 6269600371901 32952785897816777840013778060800 53479042348192395442142344945324329745814400 6491595886797
2266469 4193279 9503936861851 97245924782102913592880300851200 321313509009078981890946722685348424480972800 13216533637951
2362049 2469331 5832680819219 27394057896867147127467121920000 40024021494896010054390640731566215976640000 5844190246743
2909087 3024877 8799630357299 76581261385438077600374393035776 168728385569732991469272844623586812974182656 8813037681399
2822539 3073747 8675770783633 73967923868431315994531613312960 161599133157562097215847451986412977959511280 8738876242897
2868067 3942311 11306812082837 145110993577868310542254708375680 452050211754835786951937433687282696451712160 12460812254373
3436067 3739531 12849279064577 197453289119147671694678260827840 638828991586956142114518655419202949488156080 12941369463873
3569597 4199929 14992053958613 291048621884953741791187782030720 1119763906361341830774073299096437277329768160 15389372388837
2961949 3754963 11122008902887 138479308085958664249979697369600 406813436657477424082628267526765295357219200 11750880107083
2415859 3969529 9589822360411 97871707749045620402363135481600 293705968483448931810015924810570487145294400 12003712829311
2114857 4024303 8510825369671 74114137823265637170761833482240 225247861777454921065925310693579956845278720 12156809396587
4003453 4111693 16460969675929 366484757859356457928269331940544 1509247045927022481121745814839850429792064944 16472685573529
2921213 3427579 10012688333327 106081888983072193269943098474240 272341245204774143129109125614935656200092480 10269094859283
3554689 3924611 13950771550979 242608580691778077949991877120000 854443999585927055911288045266041299424640000 14087613837063
2315107 3640037 8427075138959 70484682806449466186796883220736 179427828711107091704333182029090960980965056 10182514643859
2425733 3814813 9253717782929 89064336965964361905693890977344 249007432173623878691150234809319791814630544 11183261029329
2962241 3268963 9683456226083 97382631632052735987002664744960 238040512832099617224781788700076466442990080 9777534611367
3175433 3729589 11843059987037 161414176339482676390627028507520 490301567634449431243117566752227120638246240 12150148859373
2478331 3653029 9053415014599 83758795680765663019778673024000 218470797432393344648973943259183692289568000 10433330405803
2658049 2839337 7547096873513 52187300288899306701316376371200 98894441040000756025250871678241817274009600 7579962212457
3012571 3494863 10528522922773 120224620742538040620087941902080 323438148049441774812076942282852195880514240 10761128496037
2021009 2676907 5410053139163 22916962738929929416466080458240 33460228420464005737340859764312716936955520 5840255325567
3068581 4017989 12329524703609 179546730523378748417312866584000 593891220624937086675258388279544387899158000 13230900254073
2090351 3869351 8088301732201 64981238187328395022335833280000 182810787059289152954619116834371305862320000 11253142732201
2776667 3286951 9126768372317 84181108565382371636223714249600 197555344478053050557135158147855647928015200 9387158132973
2107033 3169693 6678647750869 39227476387328250089117065720704 76570994639518498099377013586782512484328544 7807894026469
3424019 3546589 12143588121191 171322130833228121487084176601600 520759808655839433901503422203939482528086400 12158611526091
2829679 4195951 11873194429729 165070392206994448912679652480000 567012406676890209735850575105918571894560000 13739893607713
2888449 2966861 8569626688589 71667532116115588432367377920000 153651159893431405919569584384406366611840000 8575775130333
2353699 2785891 6557148860809 36830474272847290975537873320000 62095615985846606794434144236425426236090000 6743938785673
2970091 4189847 12444226866077 184796546663859976733454405371520 643647830334293230923899633215482435630385440 13932031565613
2021879 2062891 4170915992189 11843477594914974858031435344000 12354517661321862505954885272118432928388000 4172597976333
2511851 2581223 6483647573773 35683507479702198151721315414400 57882753165039798579884110651540302602815200 6488460048157
2820947 3271657 9229170999179 86492228369291177862475090227456 203955388524917767833124280437984109485957056 9432310503279
2493083 3186389 7943932247287 59734849706924501957414023057920 125810635202357856612501043402838944823495040 8424605456923
3105491 3992683 12399241122353 181880274919527003870154414964160 599584275681685947604489999502727750389485680 13186350767217
2110391 2809493 5929128741763 28826065806863650305719997807360 46250502662078120723292087439882903628777280 6417872348167
3529087 3669227 12949021305749 201165466052128486021332212606976 652211659663418259136264553792110483255558656 12968660525349
3561847 3714013 13228746062011 212212246670978535569910150224640 703053897283209302108116829897589736350822720 13251900553567
3082591 3959803 12206453089573 174883179847408178079167227445760 567319023504053226176711281071409654401444480 12975953982517
3092057 4099597 12676187601029 192599364662399814997447621789056 659235097740781078111870106355786238225657056 13691324452629
2279051 3861251 8799987952801 79250614158036954015784107000000 223949254217382052764611092955365953426750000 11303344792801
2609813 3882481 10132549386053 111092409499061174405049742475520 326395976469963132020680990550912232335549760 11752233224277
2180999 3641887 7942951905113 61228116941181698200168370304000 154251163128857919882835248098639626950432000 10077145653657
2376859 2457461 5841038294999 27489336097146490640175867072000 40186213583412744089595384965703362943504000 5847534977403
3029071 3217873 9747165785983 98917485540549419921715551354880 241922790673744674082210429848475413730160640 9782811981187
3525133 3605881 12711210107173 192032100956948438266589464475520 610553119469081131312041640747672686394961760 12717730346677
2355209 3859231 9089295584279 85567964833737948607371735552000 242828573261860851164471136446249689436544000 11351377760763
2464789 3514499 8662498475711 74779845628463502663064088160000 182544885984711818355118894509276124234440000 9764389559811
2886239 3677477 10614077539003 123243221843262209240299579560960 346317616278238015348477647440039572210625280 11240135111647
2027561 3788221 7680849158981 57184106691917143715880779625600 154122215426659412165589858808526179722218400 10780772794581
2054519 2597359 5336323415321 22078082481288041528113111718400 31080413332349500127464100306098776901161600 5630998680921
2615383 3380627 8841634385141 78122512558920074803270861357440 184119777513585437661278702299293564075786720 9427232764677
2554963 3043063 7774913371669 56399438262037600556433453458304 112984359918194951576344063486673588443957344 8013154981669
2616379 3504577 9169301666683 85771011039868879980451181905920 213531163794358736220191836985978559345077760 9958197353887
3207397 3248369 10418808985493 116797267295911297583821429966080 304271121528759026711276345887613073413951040 10420487690277
3223751 3673697 11843084377447 161237788028900774459505968640000 485548886212177317469045071876369651454080000 12045535780363
2149331 3373717 7251234533327 48400680921060898574074498602240 105880792460264655231699114910368501403730880 8750355610323
2946679 3784159 11150701857961 139483326304552715785413980697600 413291697495980299588422336948190383393158400 11852074608361
2101871 3344521 7029751698791 44857763457950827466347110451200 96151839050132350121836943684957715114124800 8573930721291
3524317 3942839 13895814515963 240310081626871573697081529864960 845349298545725635256596659652219088885609280 14070975180447
2526473 3451003 8718865902419 75733248715014594391678382056704 181260366875564897992209086332665507596670144 9573621623319
3155723 4141513 13069467828899 207741350089810280665700415546624 729237045159056847466009206271341474892081344 14041249752999
2507957 3946997 9898898755129 105418216894222943139917300446656 315457026850340661384280396115277103200067056 11969734876729
2042189 3758263 7675083357707 56947778716284169358844045208320 151196257548155765799219577243522341496760640 10619993331183
3426139 3817559 13079487774701 206533525200498544962966019228800 683248910023882433468996746827964290000727200 13232697391101
2889637 3593371 10383537796327 116497338426875273100280762767360 316837209584112690605686871190009933721182720 10878779339083
2868479 3839519 11013579621601 135612170105939141533535961907200 405361670441266680539573328395287542956236800 11956498303201
3317557 3984499 13218802548943 212656244463820369215152237088000 726413219346671990207845607720842611156504000 13663614180307
3143243 3918311 12316203622573 178526526419253999157317475655040 576503840965536543843894116291080458187530720 12916934027197
2881273 3616117 10419020276941 117555093639390752602977010220160 322072037468649367454438410412339600051986080 10959015981277
2373337 3237029 7682560695773 55188926145415207495100050312320 116290304955736777649266896464900956125516960 8428524566637
2576137 2714281 6992359712497 43110817736552540892256091907840 75567265454283009459850369362158230643551680 7011443477233
2176373 4086427 8893589389271 82560334056384317292726413299200 258865774099019863872716006842764890087337600 12541895672187
2471737 3503623 8660034603151 74688214935848335488325886730240 181582423587072341133906219087675101636536320 9724823320147
2480497 3437387 8526428141339 71705004966238781841653840841216 169260858352050222848262302134636866012675456 9442066613439
2245189 2771801 6223217115389 32383358728914340502150233680000 52627307941946399027272957614253867465860000 6500537313933
2004433 2828599 5669737179367 25893709749629498030870070220800 41099705188523107124290286556700883628249600 6348986774923
2366407 3305959 7823244519313 57861115738498750268476538231040 125934754278980197570452971603953288532281920 8706002480017
2961521 3007349 8906327217829 78911112086652478833165716640000 175743478731187996000021996444330214923080000 8908427423413
3070861 4104203 12603436928783 189955780338573428127780100688640 649232415023572330445731726787382766146323520 13671232617747
3201817 3343757 10706098006469 125042865107839776450035499712896 335310100726495716851389669922984903403327456 10726244970069
3218911 3522341 11338102190651 144434201811970579265997175219200 412726940743394885902425296618821315270444800 11430171955551
2081581 2464403 5129854461143 19938236372031456697761996318720 26300563212159085348117015219211269972815360 5276407144827
3706039 3714419 13765781676341 234358773100227781119357062601600 806537040534274835505488583200524471606946400 13765851900741
2908951 3221123 9370088971973 89701952484092963172529428604800 212314213195788961838668482685592273678018400 9467540329557
2381143 2985007 7107728523001 45182808382498458625493291481600 84405781288730052200543831896987779677788800 7472380253497
2658049 3121367 8296746432983 66305314618715025934476108595200 141087929509645639197647963775553098202521600 8511410002107
2232437 3952771 8824312232927 80272130821870877961376980130560 236478914055060348720135059193056983313325120 11783861304483
2494103 2541457 6338655528071 33720253149078575432486323107840 53454170842849451296704053551924926676523520 6340897929387
2758373 4062557 11206047539761 142756950866078726476983983200320 460638972824300732560106734893414865884249360 12906943445617
2812643 3036127 8539541353661 71085722995458656679913599444480 152647463648554218517403523613620714357767040 8589486451917
2985373 3390239 10121127974147 108850007033465426647061371038720 279881790237729028848654613812486983599607040 10285044452103
2179693 2304157 5022354883801 18850141703364255409934508638400 23741028551232373920107733119873377726081200 5037846171097
2543027 2899717 7374058623359 49326446422545371196028692615936 92502950174138427592554324048018941261614656 7501286379459
2170109 2535097 5501436815573 23734476143227172006550294215040 33433884631569305425103244409655130974845920 5634653055717
2074817 2136383 4432603766911 13790259530252228614334762188800 15294756639745469877725043849594628236902400 4436394139267
2553139 3467279 8852445238781 78632465477757005066432917766400 190449741731049757975216468017319211222049600 9688097178381
3637481 3651997 13284069699557 214391454369757039033774757389440 712009049543261736401965731944205920699083680 13284280413813
2093821 2665547 5581178285087 24708696080222116036751222856960 36495046200013221547141272708678181524381120 5908048904163
2593223 3992089 10352377012847 117626524452080530978457394155520 361972194821744130900133348443958791326960640 12309203098803
2554337 4018627 10264927635299 115430821754145982123926921163776 358097368764720035073726334075438468456102656 12409072839399
2401447 3919583 9412670836601 93338828186921744447042851691520 273422277218936997887088132162680766396399360 11717407751097
2286091 3382453 7732595361223 56489904538741682333990024693760 126178745832621828761639061106551700654548480 8934604996267
2085493 2599087 5420377744891 22939213130997797635121206571520 32597519595157757307625984135512677372453760 5684156541727
2274121 3374333 7673641536293 55434656609022711388865170826880 123121868804337770119103760318793505703812640 8884107981237
2507317 3399901 8524629575617 71545575423985087634738725627200 166725082894016609106146729260172914636376400 9321335772673
2816017 3325433 9364475860361 89760780236148072796166854924800 215964000144970269505118390404527424581110400 9623980521417
2754053 3139597 8646616536641 73438786029946845385534054305600 161478317387135031051751372689892817730382800 8795260712577
3283901 4117007 13519843404307 225463932641317879991545905139200 801180955987088040187871638428408878955446400 14213909011543
2270117 3578573 8123779403041 64331487913316525312037152343360 158188499341487076722129577369241008134905680 9835836506977
2624653 3283939 8619200348167 73158821891294479240271780344320 165592403125599862431175959433876825210055040 9053858377963
2970161 3842197 11411943683717 147865021912991528061076049460480 449967695858524117183314261050428333202026560 12172390469013
2651821 4160237 11032203841577 138182053384272557771662963008960 459715202021456630949383523227642317176967920 13307522670633
2506759 4181479 10481960116561 122474443398335232814247596089600 406818679958225146362139926134905288106126400 13286647194961
2093617 3494149 7315409746933 49838420914703497456248953145600 115586507135313521253062401058421317785684800 9276899629957
2563747 3730093 9563014738471 95929923481690858010704762037760 261969697454611219207450172424054698396465280 10923377730187
2523707 2989201 7543867488107 52289874198700795126659382617600 101449573937003545808680449511779841197379200 7760552152143
2593517 4173311 10823553024787 132121527327354326449441663303680 439941634335187914901903547453128773942620160 13319302107223
2976397 2987021 8890560343337 78560143759055547305012669146560 174613141426379379836220384032603481763054320 8890673212713
2008427 3120899 6268097815873 33587724476108312520954163281600 63024776765267489998370881783097886145402800 7505691766657
3429791 4022099 13794958951309 236350219595899024783378935360000 835840008386789983984747471410732116074320000 14145787718173
3559967 4163479 14821847845193 282790336962555380771215719275520 1073618786857301671591451403183768566600482560 15186074579337
2779507 3462079 9622872815053 96328145645654067378728263941120 242958303495051412855976898755687947046511360 10088777350237
2386471 2417843 5770112202053 26659294385494153274899109182080 38463339493238202343564004361159044988222240 5771096404437
2652961 4107911 10898127674471 133830544926675612839982624460800 435451375679655738515093404285062064763059200 13015007176971
3808579 3958727 15077124518933 294276923930389746666211324974720 1110871032069189641289998977289161187050160160 15099668940837
2286659 2710451 6197877173209 31992898621910081221012602120000 51008492441222227905602402504468261160690000 6377476832473
2413427 2418077 5835852319879 27424560698893864010804155424256 40011569790966479427306087891457080010736256 5835873942379
2584007 3604151 9313151413057 89454763321554500593053338131200 231550192819691851641723418293155005114910400 10353845193793
2172983 3749533 8147671466939 65527260250150795727707109155584 174190810720571046955549057371617133008449344 10633181369439
2464457 3572003 8803047797371 77964553605789672513580025437440 195490386592360320200084552448944128336048320 10029705939487
2996803 3104677 9304105347631 88030502297952653999019729265920 205017365130812338833559546046140829367015360 9315742147507
2508113 4046953 10150215429689 112557992342069285633037555869184 352257102376683558423796117064021587453148544 12518243975289
2867497 4036171 11573708233987 154125219169806226461968759957760 498576093947952525600108865758376130442102720 12939507152263
2375267 2678219 6361485209473 34084494704250056581800433202880 54989070234124685598827906524623905938219440 6453265123777
2566127 3661909 9396923556443 91658184687020626364914066967040 242840609436433281004944604033417005144001920 10597661747967
2941201 3076709 9049219587509 82132811942740110548564087520000 186186501909775354511265120482481074937240000 9067582005573
2459329 3215291 7907458399739 59137010416413785492173764864000 125354745611850688280775216502545074862528000 8478936945183
3540203 4184107 14812588153721 282468706089298443610672064523840 1075301906704138342013374579616514334428149520 15227200514937
2822159 3017249 8515156420591 70567191052290439218543237120000 150894116222936556499389028329355124052480000 8553216528691
3449261 3517573 12133027363553 170931682077526201033875567263040 518679108413750339895594140046005537296656720 12137693892897
2019739 3198883 6460908751537 36307120395046876655974496886720 71264426688181512259111296387514252756838640 7851289324273
3128233 3686951 11533641787583 151098186931084147670300105164800 447470012437685274083557988702502064312358400 11845807591107
3627947 3756209 13627327172923 228544607432210429543715246973440 779552989641569017168754971413736526010165120 13643778313567
2403019 3893431 9355988668189 91859458897213818007294743120000 265871509541964431856172847198708389492740000 11577316597933
3849767 3850219 14822446048973 281954117844397214291776031210880 1044812439409676804166417927723935317369513440 14822446253277
2175469 2847863 6195437672747 32135467065354920782004529980160 53405541980632719462103781567624355982144320 6647551363983
2671679 3358321 8972355690959 80905682478291267816350208000000 191014937044961359161363327303777472896000000 9443832927123
2729819 3980461 10865938066559 132045572125917998626587084576000 410333050674503640559565115259991414369112000 12430043478723
2294311 2842649 6521920869839 36417152440851688211846077440000 62114874473106250459054996587711369626880000 6822595432083
2803891 4169771 11691583378961 158875271650901994134693240894400 538476417092243967704894265861798998241519600 13557211553361
2506813 2682509 6724548433817 39109802358172490026494439769280 66050760996257183385028753180790798678320560 6755417518233
2017469 2674531 5395783382039 22767522035195818481299171200000 33169512519672526931130562331101450442400000 5827513853883
2390711 2495291 5965519641901 28980037960027111207751727811200 43299484916204559915739486762928541148192800 5976456618301
2054713 2224459 4570624825267 14899086484889167322621130458880 17131858109292099299014904678930116834205760 4599438529783
2468143 3009719 7428416881817 50379328367174907432916536476160 97253785066846564628094059677702227345390720 7721721445593
3155363 4083691 12885527484833 200324915926854432847148694893760 688482698855017426344339579939418972681074480 13747320360417
2049287 3878423 7948001834401 62409631109604235169836494032640 176209542130759437819436040701984744961219520 11293740340897
2865949 3311309 9490042717241 92721580262066764002857446584000 224580667109883021258234536106100391060286000 9688388246841
2095523 2357027 4939204290121 18103874628575281744260425563200 22664189196921758510717612974181548961139600 5007588632137
2049589 3602891 7384445761799 51371659337952572686707130368000 125824513582288420953153708926013636427776000 9797192865003
2382449 3196499 7615495846051 53925903999622481513236065600000 111601993973401050416509335868121535236400000 8278173248551
2267203 3727397 8450765660591 71351166353979822406409096582400 188776138590390178917466410335011413347851200 10582932178227
2280407 3490177 7959024062039 60923963916225919625446137839616 143515040819586542466209991173156446816505856 9422567514939
2599199 3757177 9765650701223 101032407403467544417962344140800 280530718403245439441209857446192802291686400 11106563749707
3269923 3830357 12524972452511 185642660504722312229859785214720 595869254829526697667734541110416580534890560 12839058720867
2552359 4045313 10325091043367 117226891847213149847614810030080 367916678882411662276330054182561611032412160 12554002689483
2959669 3456107 10228932748583 111881579467380767970193766292480 293000611098472908383124677263493215392042240 10475383436427
2553869 3598477 9190038857513 86601257171997067944418277983680 222592179753224809517610725601491334798297840 10281244731177
3385339 3684103 12471937565917 183274372655607371277763415003520 575536397611277563731112333445650745893129440 12561197493613
2867819 3516157 10083701851583 108188223061447969850480615758080 284103464203795684822690722048140287401743040 10504044013827
2052709 3799727 7799733810443 59339650679995885104093299274240 160985589912345258845173343119757413564955520 10851805702767
2454527 3332617 8179998407159 64538590563171946726417945460736 144421883764087205806283345314793449487302656 8951040455259
3427507 3864059 13244089270913 213163950188362432087331177653440 715946667512619685603067978003966437790883120 13434666919617
2459497 3056639 7517794450583 51959457630794692422466863759360 102287037809164411689821441056342294044180480 7874373018747
2290069 4055347 9287024448943 91214110362772491627366672410880 282837417271743957135157559286437421214837440 12403230866227
2100377 2779949 5838940940773 27731013864223830276431876668800 43681609100776313264596885567236905482610400 6300759043957
2398553 3565553 8552167844809 72702029529180892261166598987264 180193013371320466131238174488292976653878144 9914056844809
3252121 4182433 13601778190393 229242452795922591402778618106880 829127462117638503172047029096543391865232640 14467258607737
2700967 3929477 10613387704259 124479954065680702541026216494336 377255935986925673721743225103349828104382656 12122624524359
2925511 3036427 8883100589197 78408900664695602418049587857280 174369691535502468285080554911900015247332960 8895402948253
2093503 3664691 7672041602573 56488096530601520915589535964160 143206833542900061529130536501299340056103680 10140673333917
2466691 2566129 6329847309139 33608305440089439793549617984000 53266939462630701854300430110491985723568000 6339735224983
2656663 3481193 9248356638959 87497286062936552119389449355264 217172777990112229923329939139249007979986944 9928206359859
2417747 2900633 7012996733851 43594870054310579862817334833920 78974021167181998688658034264092201325642560 7246175622847
2724119 3586651 9770464135469 100406422128702320075940359760000 263928963469561156323369756367006854180420000 10514425586493
2048663 2722919 5578343407297 24746947316895639176021066453760 37324364037908171870614190790641126775395520 6032964560833
3637279 3740081 13603718079599 227543782170633988535518132224000 774461550816219423658875079949589189523968000 13614286330803
3282691 3961193 13003372610363 204141946524964605989062606690560 687128398983146197262427415284015609939218880 13463737574367
3514799 3634637 12775018492963 194465966945664702397101535603200 621774769543396404829059366363849920278665600 12789379639207
3054319 3587657 10957848940583 132921939621093830820902395054080 373587026046503129738195177341811691531671040 11242298362827
2205887 2710699 5979495685013 29298238054842848534422639948800 45663727268356963239294690688452185863430400 6234330840357
2371819 3421603 8115423005857 63592549599221569030688914080960 146540595834560658366071245242261216939363120 9217469452513
2043869 3725251 7613925036119 55741097496169339060766601600000 145497788175581871115134887051100327367200000 10440970466043
2186221 3190249 6974589359029 43589637984361064237659155600000 86990332147518749493060617120389052075700000 7982661583813
3799051 4132409 15699232543859 325805741129001933106920758880000 1287776522476098662015624011129882966363560000 15810360100023
2398289 4023619 9649801187891 99666581108229780917052667737600 306262915443019740872476599517671776027510400 12291498796791
3691351 3740689 13808196080839 236173235371702896004923144960000 815425311245091407190386724854454165817920000 13810630319083
2159231 2504687 5408197815697 22735514811465864809254540861440 31417853605615873211919669497410047195002880 5527537663633
2327251 2635907 6134417201657 31128161329445583608368050888000 48479665593177690307093767225723187526946000 6229685727993
2594167 3708539 9620569492013 97224867684327463888444439045760 264023715696480449364445610358490351537531680 10862394446397
2104507 3706891 7801178057737 58945377086357545042034688601920 152798391294593652704872164381432636894722640 10368812541193
3231737 3603007 11643971033159 154444780134160770606179293863936 454909858203375289730187413604844293421357056 11781812446059
3265127 3331093 10876441693811 130052155210864516606295532545280 353767651742448140941290148726280572834741440 10880793206967
3607939 4196747 15141607174433 298227806689424525453008603834560 1154760586332493537284875384925717001667116080 15488302035297
3906373 4138969 16168356749437 350529865534189904687095650476160 1421613974554106656742347972433797523358153120 16222457648653
3020161 3250979 9818479987619 100758980468642366493950925312000 248667041095118183607078831824339875384704000 9871756936743
2304691 3650203 8412590002273 70239632717714575998425584916160 179514810398946123498828272132021503505269680 10222992544417
2690263 2959969 7963095081847 59714366978526478425477506396160 119963721065903798844600413519431383425848320 8035836408283
3880007 3907847 15162473714929 298405396436179364022733782195456 1131198815903542386023408199677015021081269056 15163248780529
2340773 4093933 9582967830209 98486684855971925199372225094464 311625112808318056978171817163766923314395344 12656537815809
3039041 3311431 10063574577671 107191239730296237904965696921600 271670057444065464452809497555030486907238400 10137770889771
3238979 4126579 13365902722841 219306243198677168571580347220800 776000693818979491370532021905490835309573200 14153736482841
3342809 3882733 12979234816997 202869780225267684574225823287680 673058673087556710715382591774515844054984160 13270752742773
3199249 4156549 13297835231701 216790595829212249787220792800000 770379393547504372482965344516654306138200000 14214258521701
3369341 4077497 13738477819477 234259865533059679913706531035520 833962939156093371328206314274148823805289440 14239962739813
2699999 3312193 8942917787807 80138289341489401843675545600000 186676120253316756301553877662787745075200000 9317699281443
2285237 2391583 5465333960171 23282671697119258026393016212480 31877722756702383972296029683441424399837440 5476643431887
3688453 3785459 13962487604927 242841177937748410509729237338880 848238028060193478525121348195077246794295360 13971897768963
3756209 3791167 14240415605903 255088021177642671499052436848640 908217792743538319703225050330399544275230720 14241637667667
2785859 3662759 10203930124981 111905221894705151259595921411200 306980747296962459415283862712840601081296800 10972883734981
2860177 2935279 8395417484383 68080221094190545392264720875520 142986468023542955872481069961558533782978560 8401057794787
3369679 3790333 12772205513107 194667878436825385750569803159040 630196147490046205755010684267389626727972480 12949155300823
3237029 3696421 11965421973209 165445201572175786854172408920000 503634343159390082699765507845959778106790000 12176462982873
3582973 4051877 14517765890321 268193863264550268986338188110400 988135940650927827682020897772516175841421200 14737636851537
2093279 2372431 4966159991249 18356111205993881181394815744000 23147450108634413597373272446700919369408000 5044085830353
3367823 3704291 12475396428493 183445351990083924687048143381760 577330367126840251615930421605929000510012480 12588607143517
2085739 2936837 6125475467543 31409055460966011173174686671360 53786776816299769217243867298038684175492480 6849843273147
2143733 2549993 5466504143869 23376842275318648834832185144704 32911971810277886080511309429208133408472544 5631551331469
2000693 3448079 6898547518747 43217804985747937877470317258240 97169548686817959376954667596646043545278080 8993473751743
2098781 2751677 5775167405737 26962530751426075118584696635840 41801633169963050908292742712020338814224880 6201440592553
3124871 3541147 11065627567037 136040221389897753372872284671360 382236062535459344607774641635237178234749920 11238913275213
2693239 3956297 10655253375983 125825207165736259734872251637760 385357592037139855710571839240294530422855680 12250568887347
2773223 3283429 9105680821667 83696291768156158887455303159040 195974678525851180124024481113990813580185280 9365990984103
3229189 3322577 10729229100053 125702572394965509383748804437760 337446997466809897075650701530385820808255680 10737950418597
2944913 3643147 10728750961211 126387645773026961150665927165440 354399858964540237547444017236991756385685120 11216281679967
2744263 3820067 10483268525621 120235461804941539696317272085120 349903913673246855301118909734932883354947360 11640622772037
2008739 2899339 5824015323521 27746309320679042999909525995200 45900606328681001243782616823663659841274800 6617183683521
2881867 2893717 8339307529639 66942917150313843727704151151616 139566743334848881429036013315348342425126656 8339447952139
2679119 3726511 9983766423809 106414160402663380401732614016000 294788412052385710976098398031104304807392000 11080796425473
2156303 3818351 8233521716353 67504508580175506704438783462400 185568632945008534335892037036769633895699200 10995925270657
2521843 2532349 6386186599207 34354504881554440406795312140800 54849517652760500188488100096955768732553600 6386296975243
3817657 4018321 15340571293897 307344201787641759619938620520960 1181802793371878467049351375168962855898440320 15380837334793
2875823 3367531 9684423103013 97592000392096953460323048817920 242179425164046427163224004709930038503440960 9926199860277
2112829 3247073 6860509999517 42045391637330507754548987082240 85636155874118197537198862100587028241399680 8147019451053
2377559 2609413 6204033362867 31991450287892412869902043815680 50048941546500648523639997289945111893367360 6257789640183
2470463 2515039 6213310793057 32077742736055311831687591813120 49843181067006058209399919104857403218442240 6215297812833
2461171 3271733 8052294379343 61953052048130358866510278606080 134892008585822305589622781525562652080034240 8709305135187
3286331 3692107 12133485689417 171229322563903714463492776338240 526450538896104188312700125003197603892704080 12298139851593
3353237 3984473 13360882289101 218312985552498138506751514880640 750960712885494049076159572271861908648127520 13759341176797
2811973 3498191 9836818640843 101765067545104940971205993295360 262241297375429255391114969382606613695409280 10307713784367
2328973 3660359 8524877281307 72544319120253568697817452110080 186755664224814459292060177027138141271578560 10297465962303
2761169 3730889 10301615049241 114826406836092749759020788825600 322718810550809827485270793895580706142102400 11241971927641
2448553 2798713 6852797112289 41069326245331665883685931235584 71618838394657759208148468737410781499860544 6975409137889
2613727 2676683 6996118627541 43157115496139521082740418327040 75525837761347023070857389148246388655099520 7000082085477
3443411 4176239 14380507311229 262622654696469926689721758560000 979421264104492019318818737285652759747320000 14917544188813
2428073 2477173 6014756877629 29576426262087869384948393871744 44491579104944223234160327402684839720363744 6017167687629
2547973 3063023 7804499902379 56961165605322331926149568735744 114915967549058848889743997530392128375823744 8069776404879
2856803 3319957 9484463117471 92605116123509602393086290000640 224543670639257272772657946242365132516729920 9698974745187
3864409 3976367 15366308422103 308565159741131112498757193533440 1186343787956194852786562984122292349928773120 15378843015867
2111959 3025301 6389311674659 34953320840359619240683267680000 63121374442626907022122018850782207301160000 7223505283623
3075379 3900367 11995106764093 167281395954345336124579038117120 530102698023190516435776938146578812314359360 12675711964237
2001413 3288091 6580828072583 38179021106599342215669990927360 78614120252553138694556631814784739694721280 8236368348267
3270277 3975353 13000505482781 204101116320404073267411026555520 688720727939699392924305628084015614002096160 13497637648557
2099593 4195211 8808235649123 81397077389775334811770171280640 268607312174333379660284984055814087404707520 13199850451047
2937421 3418769 10042363854749 106835976938030431085525317536000 274409802677228440389278715326016297348552000 10274059751853
2084443 2240647 4670500954621 15724282186643302818104651621760 18455985642059006369310251631571867711949280 4694900644237
2661557 2842579 7565686035503 52509095256650225662542848037120 99746999349421893049585140862070398143879360 7598454999987
3130987 3403919 10657626138053 123711210778684316643314871310080 331920828453855352891042206357131378914511040 10732118014677
3747719 3804331 14257563570989 255861086408113237595389525680000 912193929686625352924906358784085728676860000 14260768489533
2122151 2139953 4541303398903 14649871909978003619372898969600 16633538951705532296341278452796583191436800 4541620310107
2269039 4023829 9130224930331 87429969191685581839289963174400 266869333614247700487151972542389170338441600 12209512874431
2353423 3241633 7628933659759 54272629547869785989339876081664 114214722667227314252413233242804024524345344 8417850663859
2842351 3657259 10395213775909 117058484636881650588364198560000 323645897735675937833031515311446184875720000 11059288824373
3256601 4021309 13095798910709 208026865770829763300188086960000 711481901083806131815002243343564841053020000 13680577235973
2060101 2413993 4973069393293 18441782368614980274495167510400 23505475984273228769536725656940434570863200 5098308940957
2773871 4171031 11569901931001 154943808604128095094875387404800 523785917944601180761869902123488289152771200 13521957996601
2525801 3168271 8002422060071 60773550592398276789587144448000 127855240170750757576649534837284892434752000 8415189760971
2513039 3635761 9136809187679 85551617928910342894656491520000 222376756072224024451017651435481633213440000 10397313876963
2745433 3827393 10507851046169 120956357734985355016530223355904 353146857832623826193089911539293777309484544 11678488487769
2632129 3277033 8625573593257 73274120742884181734662259312640 165626528359796669838588604032407319061639680 9041474762473
3435251 3630167 12470534816917 183128850133572748743052736112000 572668044522512565927935166855034927823244000 12508527063973
2506129 3390287 8496496569023 70944157950453890580127259934720 164559088027373908780884547663301311177052160 9278231937987
2866543 3740609 10722616544687 126609005731443219646266275758080 363577001900934562467806050264414088644239360 11486607917043
3668701 3931231 14422511100931 263475489411468908429361518208000 954534357194620920086629522039956206159712000 14491433101831
2963951 3168313 9390724484663 90129672057539871806157813196800 212536769555182459593175680041772779133734400 9432488311707
2321999 3673013 8528732512987 72678807691387502657288999616000 188128572986994199211663889941226972996432000 10353971341183
2952659 3609581 10657861825879 124234160718442250177718511872000 344420834494849304245643946117292556885184000 11089408339963
2706653 4119937 11151239840861 141481248401530718918132525660160 465070492636818868950367465422640502976775680 13148611505517
2036803 4000853 8148949392959 66822136350074299731814081668864 200574022683848046060023496223873685814222144 12006441795459
3063257 3315007 10154718397799 109619296205559972544295941349376 280025135634624989334507495821292753818105856 10218096460299
2045441 3891263 7959348881983 62682921333966268390341617909760 178119910517491515614688250724737922739732480 11366407737667
3211363 3666127 11773264601101 158881205658747465076576669436160 475852185871300492519388651199365624044994880 11980074896797
2993299 3886777 11634285707323 155210620344786591585731088019200 482417448974208373356420616292306068494273600 12432588643807
2417033 2986799 7219191747367 46938341754611236881334738790400 88523659491040970948956041751988120517004800 7543825042123
2830237 3307141 9359992822417 89615401164028524207637026745920 214795351943443157573975248611103907443101840 9587430247633
2027713 4134931 8384453342803 72204677851984961061546468280320 231503017967644754936817721432339796405276160 12824821042327
2034139 3450977 7019766903803 45048459974406056239490318914560 101665328679767457460369340612134641629326080 9027196822047
2515951 2612507 6572939599157 36927919094412482152729133241600 60767315744368044051622062025274518673947200 6582262660293
2710907 3191893 8652925076951 73660167966635511174175225075200 163604253162786785625633450111153270820713600 8884272609147
3565841 3984793 14209138255913 254078343278111443947016661660160 913707584008593489280647005708711149366423680 14384659034217
2351617 3765241 8854404744697 79927437330752724391581388062720 216857875259996515835120744530659911241584640 10852737558073
2323691 3391237 7880186895767 59146976432225351516214738424320 133374086054279328334867834780359041157728640 9019841357883
2420807 3477431 8418189306817 69664001729376311726069359799040 166055356784551976813580203777508912950143680 9534643584193
2288861 3636329 8323051631269 68409467252009508531382740432000 173396136541420761510438153150720493072644000 10138721642293
2416013 4181987 10103734957831 112259977621180802911149532992000 371086557509999104038575126941170444554736000 13222399126507
2136731 2645087 5651839390597 25457831985764822929958848381440 37615634698085500553325050786510620839434880 5910265213333
2628649 3214891 8450820012259 69554058294530112844319079840000 152923286111236557314886975040529042917080000 8794499694823
2217503 2762351 6125521629553 31142359608606516920192005478400 50002024448489097991572915046890516151027200 6422380972657
2960171 3983249 11791098175579 160890609353102334872863012800000 516369834029068819433738732723506455171600000 12837786769663
2422727 2813669 6816751855363 40554233940035721381056023322880 70661570512785027311342052289248171900373440 6969587502727
2575921 3556219 9160539202699 85763577038648896619795309376000 217014512355095714162765380021279116778032000 10121523371503
3433613 3471847 11920978993211 163555521043579683563330627063040 487495255595903084641663549113740605839049920 11922440831967
2275853 3096571 7047340400063 44470245672051689709332800001280 85837784911106722389795437234857282299387840 7720918435587
2094473 3269897 6848710979281 41935821282733335984981340404480 86286438823518915371248515272399477466843840 8230332559057
3229309 3775507 12192278734663 173546255267329677625630527229440 541924690823092951838325730491832163856021120 12490610989867
2384401 3188551 7602784192951 53688266093297980056982460160000 110724551458451504656498138944547653983040000 8249441415451
2006437 2763413 5544614089481 24439714025366315876123779934400 37378262095770768088408916486808215098465200 6117626754057
3070621 3453767 10605209479307 122300162070962144872335626799360 328743151689413287025572869015805603420240320 10752010336623
2113667 3032551 6409802974517 35239220224144108328817214646400 63907654218653824829960500794932979849136800 7254150779973
2023753 3404491 6889848874723 42946472960644859288362756527360 94442367927463924384891217185579679571545280 8796286299367
3641777 3726889 13572498641753 226233667010933149631325393922560 768048746698934913982661739274264950942910080 13579742694297
3889657 4006403 15583533473771 319588442900148132757970333187840 1246168267379886552424788722827390392176147520 15597163102287
2045093 3999727 8179813689611 67409164856142894063862393735680 202234366318806240158673477120906704832992640 12000407763567
2270269 2441773 5543481546937 24133655821258337599011929722560 33623583483866258820726375114267143403919920 5572895168953
2362963 4054621 9580919402023 98182635358521997630958524193280 305412457553018027128235924898202603345491840 12442626190987
3091213 3541337 10947026971781 132471257365367220109331611555200 369251660702526075540572187132979515879141600 11149638587157
2392571 3453829 8263531104359 66537826087086130685107530240000 156194213974886332139228230885460136362880000 9389799646923
2356141 3695639 8707446569099 76473949123949122614241927008000 200776645812823246951854835974158969292456000 10501701461103
3338371 3620923 12087984336433 169481270390024950007577526918080 515554396561613234788465487875121743081824240 12167819969137
2263307 3274001 7410069381307 50674792508823695445409563072000 106817037149224371378337530104865782350224000 8431571742943
2013439 4104563 8264287222157 69641668774476627914480523448320 220016953396309531213943133494168972603888640 12637086805533
3304627 4038721 13346466462067 218009519842065800042059359836160 756785191837871885180948597391006615959493120 13885360462903
2074207 2757329 5719271113103 26339973738344512959414014853120 40734287233044903980774432229690098090127360 6185926779987
3593321 4085657 14681077096897 275846839019127013430318734920960 1029148133135693469129735517613845699528000320 14923471833793
2350123 3221599 7571153906677 53230719709891009344019562764800 110861282116485589406673522052086020784873600 8330624325253
3029861 4140883 12546299907263 188124040224267683532583707267840 648118819554990797400638104630887465787629120 13780669791747
3160247 3287441 10389125557927 115987384056755460284167197112320 301720994094555542954796255066007362441239040 10405303871563
2029301 3893861 7901816021161 61639085672847078261639077304000 175338543332444434727282449853972005021086000 11378400014761
2186837 2701583 5907921662971 28437192511163180738610565178880 43884880537725010595263721671316122045568640 6172885107487
3115559 3498893 10901007576187 131001389389533613189382880871680 361824282891987114765410263913515005677434560 11047952531743
2332333 2699051 6295085715983 33230701546520438231804993299200 53414762221095222051707812650478042614273600 6429567807507
2334583 2920877 6819029789291 40729085601034242211826281194240 72933272635778751394431031519176680069133120 7162770443727
3043769 4038053 12290900541757 178304032410628263910535134930560 591947153732918235622063296173769084106540320 13279501214413
2041159 3530299 7205901576541 48216342387000226148606564976000 113590946543360550016570656154703379319404000 9423439516141
3499259 3959359 13854822614981 238621215827151698586552991411200 839142205565844259290155899937499920490796800 14066514624981
3095321 3504439 10847363629919 129427120879725619370188194048000 356401559147326524560748302661739655399616000 11014741167843
2200193 2281661 5020094560573 18824794766786848571534251837440 23656797658709127705195897483288100065937920 5026731595597
2361473 2441071 5764523257583 26597872114599203833312785530880 38373143077886747066264704702685971092848640 5770859099187
2322409 2899829 6734588968061 39475496353618287129700056585600 69753229931093489967445221146693080955090400 7068002824461
2006791 2580323 5178168973493 20499379685582096236072340741760 28223074099037372193494722758628324209192480 5507107928517
2763643 2954621 8165517644303 63544855244484680234073096871680 130298570641871490546699474833077354910303040 8201990240787
2711941 3367571 9132653865311 84510654542056687505668505798400 202033379903463710810984362155154876756065600 9562504562211
2282521 3235901 7386011986421 50174571733940174146110589104000 104048833386089028035361395853644401573596000 8294945410821
2078977 2915681 6061633738337 30586789104458434136837125079040 51704728960662209464949198040985812963041280 6761707321953
3385969 3486341 11804642549429 159608925239634158546953382688000 471433574099043329708344948283759172495336000 11814717087813
2299919 3810589 8764046042291 78223162040208626964081954393600 216016584330576822619693167707289784096694400 11046169891191
2757257 3014887 8312818284959 66478694291608311755397539444736 139259427565731694969569248297382659192941056 8379191501859
3834991 4138999 15873023914009 334844968462655813754204110400000 1336487213301531658102793116083968097814800000 15965444778073
2798141 3643859 10196031266119 111617370526689704065182340800000 304471822253403753097148529129094686483600000 10911270201643
2473453 2775719 6865610487707 41238026595969303839018607740160 71722982312857164548643929630674037424803520 6956975222463
3650593 3728113 13609823221009 227789617019917174083183679678464 775386321712142541991308883335420765859858944 13615832571409
3203099 3809089 12200889166811 173974366930322123888670551808000 546632377711265776625288017159180639966272000 12568113046911
2943559 3576467 10527541626053 120434804447481126341872735271040 329031323035620968975919608558969334150901920 10928114162517
3420913 4016473 13740004699849 234014535627620365904104945319424 824590959001388500382784254765047428118633344 14094696413449
2980993 3528541 10518556021213 120035829495328545165723342120960 324647849143576248662749604814825066019054080 10818364833517
3625003 4173571 15129207395713 297506391132736549849079224601280 1147640888580342155833473923096618980531377840 15430134246337
2039437 2347883 4788359461871 16765694656668315847053101940480 20468810744215023209475792306197339674309440 4883498396787
2441357 3284857 8019508630949 61377874141877313287798330107776 133972568300876917432111120935910841528789856 8731000880949
2974001 3070619 9132023976619 84014034262593196050925473600000 192000612363620194084946221647807890641200000 9141359014543
3051481 4008077 12230570812037 176002855177950023864114671021440 578417838937294903678823020747594531605946080 13145646719253
2524477 3972601 10028739854677 108907944667058655838113394492800 330149069835454852465397992562362367873829600 12125802974053
3671939 3768839 13838946908821 237505233215855580073432051651200 822263098638557800653799908428315718231808800 13848336518821
2333689 3009593 7023454078577 43929710314775243548621574296320 82151856265428514363766894296545955457845440 7480300295793
2998133 3505267 10509256666511 119710767192353469803006711481600 322214744783785959944031385463107887389476800 10766441560467
2992007 3585173 10726862712211 126134509241458445794485855064320 349351868569721991794019897480273503487783360 11078708615767
2074643 3993127 8284312978661 69405015588454015584022443300480 207605910816355440781332601055530307086955040 11964893836917
4072139 4084999 16634683742861 376197284426521947611102218800000 1564496266678684960463225089926537504116700000 16634849122461
3244211 3499253 11352315074383 144844051845523487921926020599040 413434225121749921646177788618126318897974720 11417361496147
2611937 3115993 8138777408441 63236058611739154519161033169920 132682686409934476142473345549003327795080960 8392849859577
2649473 3296651 8734387814923 75604501377241403590002199449600 173006294207799094585715108265246674073676800 9153227178607
2611403 2924503 7637055907709 53813271677868160526515623732864 104062591510640315820002918613711211571322144 7735087517709
2449991 3414577 8365682918807 68404957162446254284910482974720 158974985681166073537364823634803000188567040 9296109070203
2731349 3395569 9274483992581 87835550904682562048386755744000 213345355045618973338944962749909631046216000 9715672200981
2960603 3598867 10654816436801 124110762491738990072592050316480 343234437621623187916469541539987743166222640 11062197370497
2547989 3370951 8589146067539 72776751127912829395526562720000 168594849472038777534517421019243966388440000 9266412520983
2222477 3725503 8279844730931 67961449732885803104658447697920 179060272429477605714287548793014627331919360 10538931887607
2287393 3393563 7762412251259 57051042251030902142805210430464 128165513289545586861175411847893300335730944 8986024320159
2103667 4023473 8464047375491 73158151650615878036578931612160 222212443643931204400350021411756280235806080 12149702453127
3890969 3939829 15329752504301 306707967129710346718047920323200 1175622357750747887290145490010417130135200800 15332139803901
2324809 2615147 6079717281923 30432567839413440562950834627840 46896689264802044204549598256858152260272320 6164013436167
2740603 3174001 8698676662603 74590032837961201528083195456000 165711277297479696246054968223769430088048000 8886510489007
3150677 4094317 12899870402609 200935871201271395638784560527936 692742835049725505224528034844980272521952656 13790326852209
2850317 3170969 9038266847173 81980077440046424537939669354880 187346704870420139739371727261222665556265440 9141084552277
2485027 4105979 10203468676433 114365788285245640052272882384320 366855543959173036465681667320016015856270960 12830954062737
2598397 3714437 9651581957489 98009940336541406829388812695616 267006697635703269025466410438770433453533456 10897127239089
2321531 3390217 7870493862227 58968727624547184251433316803840 132865147300379136633242419799738822815270080 9012583628823
2080877 2284223 4753187103571 16436629555684043017401983846400 19701505904328130244527456883241087099379200 4794536699287
2491871 2689187 6701107098877 38775760268833247299368828495360 65337550622838295281408063309805292357454720 6740040702733
2198723 2341817 5149006899691 20063338624629880271432628053760 25929270945166623221842801703573441470562880 5169482792527
2710957 4010183 10871433675131 132393094304407779528570503266560 415695181150182312836977549259909052727404480 12559421874207
3250573 3328901 10820835710273 128398967464779090906948297633600 347542973838790035450380558570346513041998800 10826970985857
2066017 2314583 4781967825911 16695354611896799541086600294400 20217043005461193486272735766263042684851200 4843752882267
2301389 3144019 7235610742391 47514872081236834094988040473600 94383970240318648519944381070607279330054400 7945636059291
2507689 3484861 8738947596229 76274379993298575209012467920000 184847388629310413525115858835831950844740000 9693812713813
3188429 3716123 11848594340767 161554074627020315680501996919040 489793799171050096325388351063966503458073280 12127055298403
3661289 3801143 13917083053327 240893773288068397535578071429120 839312581308314710519132736518899093054551040 13936642194643
2984873 3848687 11487841911751 150304735090548850599805176023040 459707653722409827202832048550501206278878720 12234016538347
2494441 2604799 6497517422359 35879725176299388795875143680000 58391528650683831741742086593664630236160000 6509696310523
2330687 3561097 8299802483639 67644280362623136888689336918016 165960358827615540386355544629201175945107456 9813711251739
3497003 4135531 14461964313593 266055394027928405760054001235520 989039797204505871226147538347152564618047760 14869682320377
3327229 3576421 11899571667409 162925916629848918344961051240000 487216443875675937048284048239894770947130000 11961668320273
2209003 3504101 7740569621303 57051454616158517108221066790400 134325488369694876159703507786617905614723200 9417848450907
2004803 2969779 5953821848537 29389825982278566143775221163840 50587241859631730715312841436094248915718480 6885000529113
2971139 3084617 9164825868763 84774561757289614780247364476160 194508940095330426463193240019147179756402880 9177703125247
2029549 2711119 5502348855331 23921286621855608684580560832000 35683900672633096514016831472159723548048000 5966886520231
3606529 3702943 13354771314847 217273953929499154174794100899840 725915918018103685368292090387512598100705280 13364066974243
2610649 3615793 9439566379657 92468281440807382184829790963200 241570630643090172957511868111546733234134400 10449880840393
2163467 2164901 4683691871767 15825212835944339746954866547200 18530113317741666349400679681511603496726400 4683693928123
3209419 4106153 13178365455107 211748397648104619160536697493760 740192850755851101327560981991057446038518720 13982497321863
3652969 3920243 14320526151467 258849191848374249527875485692160 931336903600034301400490716134943589910390720 14391961542543
2786479 3838657 10696337118703 126332098978496200554427938078720 372787568936251694284076459345823362237276160 11803415662387
2881181 3998131 11519339072711 152141915617498070455869445363200 485595778463251574107308857433948588842908800 12766916375211
3030581 3498853 10603557423593 122356619946307583137473774678720 331061410538388680695909623088556891078925360 10822836089577
3094747 4128097 12775415806459 196474898462273886681188409947136 679961705344955849085710988564051689666777856 13843228028959
2365621 3589783 8492066050243 71579177664002708614874538458880 178780424770804897310707066288347735214808640 9990638652487
2258803 3313319 7484134897157 52017871780425698951287724472960 111788212665063036084084534134946441023673120 8596138891413
2427779 3951737 9593944102123 97865776921915940555958972952320 291551742446808318762482831314702171325136960 11916392087887
2595421 3529177 9159700098517 85642403460465556998478615973760 214782591475916248874934154991615907260692320 10031600366053
2239751 2993363 6704387772613 39203712530365453217336646864000 71275474103849444311792192550636596793412000 7272318819157
2497879 3336899 8335169937221 67561923213429486122004769584000 152675158806224845425768638594834965289916000 9039124497621
2179399 2544623 5545748821577 24214809249920326326595947763200 34379807161347235094370682603749670619222400 5679137391753
2443097 4187663 10230866912311 115674313024808280130734631434240 383876122820291990220042791246147574678059520 13274377440667
3018919 3202873 9669214154287 96949728233802949241564619509760 235177093382948796458126580412279771791928320 9703053228403
2809141 3643919 10236282263579 112693523725149526938653396928000 308023421441059120029073674033401783091216000 10933136572863
2205613 3106027 6850693529551 41547649705200212086814467541760 79578694923585015360248784888360184806511680 7661438900947
2660417 3344401 8897501275217 79229098862210681654042812723200 185501770822964624426456124507990261574118400 9365335387473
2826643 3178423 8984267123989 80785207855914101673206331533184 183948247333924368112014578258167618400034144 9108016292389
3830843 4156969 15924695594867 337612768520147623511008908284160 1353072110783748504922997172958243937966262720 16031053762743
2556161 3283727 8393734892047 68574676003609772298210373140480 152974453018450220832973941639042678715023360 8923087176403
3998993 4170977 16679707826161 378831504997856789110902180833280 1582501021240333955797435658084185568950909440 16709286322417
2735339 3448117 9431768906663 91678252610408055680279839656960 227816363934957216357089147593821850232705280 9939821383947
3982763 4157897 16559918329411 372070079719221128957356788675840 1543215558981693069943301742857995272494128320 16590590247367
2189267 3669893 8034375638431 63035960254876806017693521616640 161161344643590743274349550136838550382477120 10226628990307
2086243 2170243 4527654267049 14542747781426584797933719682624 16486786918884800157806515421348446641264144 4534710267049
2164619 4115141 8907712396279 83047042114152929738441016768000 263928658487734238829576785376950201804496000 12712248468763
2671489 3062237 8180732460893 63954346377054334658104928655360 133239550703118958566472663930742586975444480 8333416460397
2977313 3564629 10613016261877 122809821006201304708461682736640 336436164353309367518727906971160916356689280 10957956345733
3008389 3194573 9610518272897 95486392927137643442661260761920 230245927593599207747873056419272903320351440 9645182754753
2330423 3948179 9200927149717 88587998138639486256896579207040 261734605315059876442855036085871797094845280 11818061625253
2805973 3535069 9919308167137 103985346931579047946430796336960 271684833354755002607014126727575075267296720 10450889144353
2663711 2889079 7695671512169 54809146883865291646081756032000 106144246789660499818037231630869751307744000 7746462247593
2163181 2979091 6444313048471 35592381917081682798297365913600 63265656186858851993486411891477573982566400 7110022176571
2574703 4029667 10375195713901 118487555924943586135601086606080 370040071965571150839168253493965545516949440 12492115955197
3253321 3718993 12099078025753 170110155658826884008113583828480 523766125889592403318162821427473610058989440 12315928437337
3658747 4076459 14914732136873 286781775843351491557185932677440 1081828000838754648223151048509623588530727120 15089215451817
2184319 2190521 4784796640199 16693134508432827333273839616000 19968474002121597540544375213694085299712000 4784835105003
2255833 2747617 6198165099961 32036465424400253884839906892800 51578842305575777519559738287178114204614400 6440016602617
3099073 4042253 12527237131469 186783369375258076044645460859904 626509975020554548101435625047877430801382144 13416825643869
3724667 3982819 14834674496273 282694615811545628980508634233280 1053130517663898343199540715506971476858806640 14901316951377
2047571 2629639 5384372556869 22599863875757779869966756048000 32335748015496177028335655451800768238916000 5723175713493
2181731 3877063 8458708536053 72250866099085182686426580347520 204702221813108755692173315756126111555945760 11332859126277
2294807 2313163 5308262644541 21640296080764116740169013207680 28719916710724117696413167540378602471671840 5308599587277
2180863 2731241 5956462440983 29046453795508682303209770024960 45453186253899655984557978391379716262830080 6259378383867
2440237 3575581 8725265052697 76330954956179027060378657154240 191099718128841881444412380832738042398082480 10014271051033
3011741 3326107 10017372822287 105998139832816118327862318462720 268074563857179181039904395665726431493330240 10116198804243
2478257 3253223 8062322672311 62092033354745181747592252139520 134474190910291835058463568947330471095528960 8662894973467
2222501 2812639 6251092990139 32792325707442963346279056000000 54102056616431944649405340723041902812000000 6599355849183
2139757 2468357 5281684169249 21424802153275557862681474656576 28868111198040425812502035063557158799947856 5389662129249
3499673 4006477 14021359382021 245949662131592778331167690633600 877930211440929698802826924228490592880120800 14278209676437
2660533 3623143 9639491515219 97312982712077988441307651663104 257054908441479093280462384222074427418084544 10566109527319
2076649 2215639 4601104513711 15144739252176171925250675712000 17493774384598647004464868553678514724608000 4620422733811
3934477 4192499 16495290888023 368551076416799254086657669120000 1525973407602475782714578726614388486760960000 16561866240507
2064187 3717599 7673819527013 56745826422591484137395625638400 147646834810312546886419727612451108724867200 10407590768757
3211001 3216119 10326961325119 114237912733066495827779270400000 294933374748975277814515989557080161556800000 10326987519043
2178619 2714273 5913366728987 28515697978981265611370328591360 44201413062133893586119346999868247068171520 6200291936703
3138593 3923281 12313582283633 178458627177365691331416695224320 576837064675747250669449527760857230451740160 12929317540977
2181671 3580373 7811195943283 58594976484192741620626286849280 143082534414405877318064803570050448307931840 9767563228087
2388359 3726889 8901148885151 80752309987548722757908286412800 215867306132479866999451849208421860878963200 10692811446051
3952037 4001059 15812333207183 331418608346640288551856991914240 1310324479253880923002268613416504229778979520 15814736363667
3017617 4059403 12249723502651 176991228874629429001342177543680 590046348750416322783619934026394399806746240 13335041572447
2847179 3413639 9719241274381 98569954368507405235788117398400 247413498354491900805163589887665305259957600 10040118205981
2317891 2570137 5957297421067 28912190758521514962060010801920 43519536400943915599415917779584046297579840 6020925465583
2529643 3529937 8929480422491 80527395328344406009629120683520 199910638113977000340889835107519895365445760 9930068508927
2308223 3923641 9056638399943 85192384291603934913318074204160 248468140501972830216153635777956045836103680 11666213714667
3342071 3378187 11290140805277 142768834024327516181270344440960 403016615368793537605733486140746326159605920 11291445170733
3827071 3857911 14764499308681 279208767718639447585349051289600 1030660803745518082648690283617503659326694400 14765450414281
3135841 3406531 10682339577571 124427605374170554304581391385600 334573781707102634116111917748419668904134400 10755612653671
2313539 2574149 5955394103311 28891709415451600992038992032000 43505942661167886555635162692326399831288000 6023311675411
2625653 2932301 7699204917553 54910507180957041607933293211200 106982661602446817516240397560823717805779600 7793237913457
3081697 3361091 10357864051427 115202791797964870975838833259520 300561925438079480345636025509872432875805440 10435925058663
2204023 2565047 5653422584081 25404189612805896416817346817280 36732939725068427728580625977795166754578240 5783760912657
2859503 3084101 8818996061803 77043661287415549810032185510400 170833539021378585021573146216610298840483200 8869440323407
3609041 4192261 15130041831701 297643290819673907439680592787200 1151149371840779231838725007803120015287876800 15470187400101
2530193 3916183 9908698813319 105486683469473671216581383829504 311968087058184669698600885121008347784108544 11829667093419
2241361 3444029 7719312283469 56463296773727761024688314272000 129381728851263996727326484873392565815624000 9165722601693
4123349 4128193 17021980478357 398477716872194764940322976588800 1695722316918451064199593018587842783956409600 17022003942693
2061013 2110847 4350483108011 13159926052805495963220365168640 14321179429599661215979139155178874628254720 4352966535567
2413469 3682199 8886873138331 80235768369813560814557970528000 210549667583344993581762525905632551829992000 10496548951231
2063389 2999107 6188324393623 32311683457848233832879092597760 57061565168631045292538175112553249164327680 7063892569147
3067553 3600887 11045911719511 135605134390320362020988252098560 384113641683437697820286150178639671622650880 11330356875067
2153551 2508559 5402309743009 22677241642079974044637476480000 31341877913426264237408001427588571705760000 5528340423073
2443409 3493337 8535651065833 72089252762880011099726503088640 173699052207587364466152891273072193029486720 9637999871017
3286607 4044847 13293822464129 215942742554745585166481581894656 748713997229720038965801803896931634293005056 13868750361729
2043739 2286793 4673608039027 15765021778873341473636158782720 18652713768850311215463169463055947141826240 4732683285943
2176753 3174571 6910256947963 42589092750119854998177251105280 84176252701316580543690539018498072662419840 7905897709087
2741483 2814403 7715637979649 55124639204626425918303616031424 106403718890249282565692230396701668180320944 7720955306049
2921873 3199979 9349932240667 89196641583703049696766876157440 210220321511580177833160524899679126652862080 9427275187903
2019709 3749881 7573668404629 55157716103337183397445323632000 145715151835203043925127235163865290515404000 10567163554213
3620369 4131971 14959259717299 289135731901703171151179687616000 1100233478081750046264110757908675989090512000 15220996323703
2585507 4146253 10720166155271 128937844930482534477308514992640 424079609487241987960866727283872478189761920 13156094231787
2611573 3438833 8980763414309 81331686694515593243332658628864 196520179204002302661781146566706953434945344 9665122521909
2011951 2920249 5875397895799 28376837633385352710012960000000 47534063084909667705433486707246933720000000 6700403152603
2574487 3638953 9368437192111 90889802061805479863893295554560 238620383450522021650271613991044515130746880 10501525057267
2778527 2892419 8036664286813 61045817722066274508147875258880 122849148028291238831622388322892242445901440 8049635674477
2859743 4196077 11999701828211 169331264718631907203458686407680 583578630531782374145986611862443253861712640 13785490387767
2146367 3639161 7810975078087 58830461282806559367456973332480 147655765685712473438703978301466898675701760 10039409004523
2914507 3485563 10158697762441 110080286900479346044378342582080 288542522811450420387514457887038870795305040 10484802717577
2545163 2840281 7228978110803 46905533863707751013344418046720 85791074469285402772295753035712825629911360 7316072744727
2253067 2260087 5092127436829 19504168055864026231500723709056 24829667615748101044679524811729627744631456 5092176717229
3147061 3496657 11004192875077 134083805491568581478226803239680 372967856552668960661877368006276893298266560 11126410238293
2700281 3389437 9152432331797 85019585802099214358370039315840 204628716820509428482684224072403965670291680 9627368324133
2738387 2835121 7763658489827 55989968732997332959250210511360 108802730092542881142258507304100767997070720 7773015956583
3719981 3792307 14107309986167 249177828974677432623382514365440 879133084194227712749098242439822488514932480 14112541036443
3197107 3899983 12468662949181 183894539194766071789872297903360 595942326413355033394702869530693632983842880 12962697620557
3414017 3928313 13411327363321 220103108751245033935273872261120 752523050021635997506671578923161323313807360 13675827738937
2139307 3236923 6924772032361 42967249237266525858023892659520 87325916744117777304337650964500062100906960 8129532915817
3032917 4121291 12499533535847 186293595336185101356540934917120 637314651098181715497889250956413289376989440 13684091499723
2625149 3041053 7983217241897 60186168664566290838466858699200 122722507594028472575596935574522586907452400 8156193379113
2868409 3411823 9786503799607 100248890587344452585320902420480 252672380816170827789603928645468739860815360 10081802575003
2742241 3912551 10729157766791 127677537617680487018134457856000 386185713793982179404091695776693752055424000 12098783262891
2401423 3759377 9027854393471 83686412702345529705635388211200 227457440728732200655216099617369740855193600 10871893459587
2576653 3288631 8473660932043 70190762347412716286374426417920 157588326904700562333110395058082986826480960 8980573604527
2631529 2876759 7570274734511 52612467507230324896478514585600 100363707265168939505157075888406634970470400 7630412487411
2761303 3634291 10035378641173 107348792256366064699084087858560 289774288875592106561235317913529442639750880 10797486689317
2164739 3096229 6702527669231 39390513359636377402104735878400 74548528755632321175685845944941223708337600 7570201289331
2174611 2523379 5487367730569 23577023024663946360143927592000 33060920902514879520361223762170178389914000 5609006848393
2654893 3454201 9170534055493 85627805365834134361165437436800 209989933634153588457061914013887219664034400 9809427334357
3089591 3580133 11061146695603 136005639397262267851723529122560 384276390882666574721897351432024071532354880 11301778149367
2383573 3936019 9381788615887 92706263485815521629520174818560 273295218646152793879181154248114037893545920 11791877198803
3145823 3674813 11560311256099 151919204428452650447943570023424 449686225942079477110654702342426892263321344 11840141676199
3616477 3971167 14361634118659 260833526150221612520738666996736 944702457297308768837279926080993671245606656 14487439114759
2769941 3777377 10463111424757 119463128831280188986339174648320 342800604550189536896160055224732077407194240 11478038718853
2979671 4041979 12043767608909 169751125107344841925582985040000 559001739005143573752125111160790714558980000 13172265895773
2026447 3900287 7903724890289 61706059804691465994770776252416 176093687233098407572659906933147132955539456 11415001235889
2164681 2234471 4836916918751 17153587936359908984195523532800 20763507182134589552243055740684932390003200 4841787562851
2324159 3403453 7910165921027 59730139129233276946739944212480 135513372244321300397732233961485924844674560 9075041459463
2335813 2678167 6255697294771 32702638837500519261793323390720 52102690835233973733547927687388371133828160 6372903556087
2466049 3221573 7944556875077 59829976469379992589560087654400 127368647382730884215165576197441981499980800 8515373389653
2535059 3492631 8854025650229 78755557464436179098696242032000 192379543104590790816755413938870137769804000 9770969785413
2003119 2464621 4936929152899 18148905150083250282391020096000 23366321771374405070677607628405930738672000 5149913248903
2686603 2709599 7279616802197 47659994252574831353125563148800 86742924580484855617086129559933586727273600 7280145618213
3773617 4128139 15578015508763 319592536225116502649455259804160 1254696436221093259146737108712947598854186880 15703701357247
2562979 2710997 6948228380063 42436061317787119893879022897920 73946297796632732804756687822479702157213760 6970137708387
3087059 3261743 10069193083837 107282743305223535396416658983680 270881084039788891265944537948678678480282560 10099707583693
2014267 2534647 5105455808749 19761755365199408973400792258176 26561040017600440029394816911542227930849056 5376251153149
2013227 3428267 6901879687609 43201783204669601801139100815936 96169522714186997345496337209767474887408656 8904217889209
2847749 4110331 11705190994919 158889491945116297212414873600000 528279925927888992695743304543108529331200000 13299304301643
3093973 3684859 11400854254807 146851507173773739473095598446080 431376321406423855564496095268737839766930560 11750000519803
2716781 3530069 9590424387889 95760295744652709093412041960000 245430328489785891925286367345306899158170000 10251861758833
2824967 4011911 11333516181937 146364555430171909678121084724480 466257180224826091212164585503707858686141760 12742352241073
2180467 3771323 8223245347841 67078423176621737457182096237760 180341483736354533331268021746336168812696880 10754068160577
2480911 3278609 8133937132799 63509203074434707493579999232000 139248043645178576046503218279370412455424000 8770259232003
3509567 3760639 13198214533313 211069670976008242394449432412160 699762007338669378143583084877435871290490880 13261251682497
2590381 3139303 8131990844443 63149974906365952789441977457920 133140768829970073835489724223206190492960960 8433306206527
2569549 3590407 9225726716443 87383116835464588001942656723200 224309790763996844089352975675987707335345600 10267877772607
3229927 3949433 12756380281391 194710510641803100732991095459840 646150196373726071871308980619005209398737920 13274069165427
2261851 3015301 6820161582151 40910772593802967645553370240000 75560647328257228818367061901482490046560000 7387848484651
3001597 3955267 11872117561399 163425055063980468619569061656576 522208585614402189253325653862565356759149056 12781604030299
2959739 3311669 9801675894391 100418673699451987555235970009600 249177155138125635011610525619756047803798400 9925530619291
2039561 2192563 4471865984843 14105376842629536408783946947840 15851889076250835418226793522355959994365120 4495275596847
2317109 3750833 8691088901797 76390359758386411063940218318080 205235180046631890211119610531353127689552960 10746653409973
2785463 3258631 9076796081153 82993698179765280058620626277120 192974540965856880215454698409163174609978560 9300684037377
2225653 2409833 5363452045949 22224542384540233216288676490624 29988543575844075072882895789297273372414944 5397374318349
2738779 3942047 10796395540613 129788581148772504694956094533120 397290939877549571071294255491078886025343360 12244249420437
3518833 4165061 14656154093813 275087058663080335113367755920640 1036649400074610541593803860445209052302547520 15073764721797
2291917 3873629 8878036156793 80994235543205530423544862909120 230425542744691078145656943379613231801965360 11379849007737
3418109 4056719 13866307724371 239536456806997223634859163942400 854793658385977313737470476908231883987817600 14274130456471
2249921 2953609 6645386914889 38298993102153506573432499456000 68369100128373818973305340555578277717312000 7140563716233
2781143 3029263 8424813587609 68734666469472463812792570084864 145827075253862560077020252468521645303042944 8486377122009
3758761 3897241 14648797478401 273813424939704544499907852883200 1004072062390696567111912273653426292250260800 14667974188801
2558599 3398399 8695140283001 75063600176682919402509511680000 176407047900227185737946918391173375537920000 9400404323001
3082477 4192789 12924175658353 202536513881152949678454338756160 716825756497532261233516773036865851419060880 14156968395697
2154791 3605741 7769618255131 57957641655043650550123524076800 143081104454157131352171541140221886737515200 9874874157631
2442827 3095621 7562066560567 52785886967298045107142106959360 105416142229312078958009172887574345109499520 7988206567003
2362279 3059921 7228387119959 47217945767693905485562417920000 91072692775311279197253555969378874751040000 7715091480123
3726461 3865349 14404072299889 262521371992951113750212712360000 946610206827107146688709844915358449952970000 14423362176433
2954213 4045763 11952045649519 166659389670606952870432079080704 547623049152149595678888653607593631176785344 13143527052019
2803687 3047699 8544794066213 71205034112923899333928557916800 153168008217621677167386799081848055616474400 8604335922357
2270441 3022309 6861974268269 41536347173441037705125991600000 77125517642451868992887662918721088344700000 7427279757693
2333497 3159641 7373012794577 49769036636258230828684362673920 100228950905385296227788382031919311800674240 8055526703313
2761091 3271441 9032746302131 82032889480866290745288916876800 190587082363990737225681275912251613178115200 9293203424631
2147051 3202187 6875258800537 42142352167478446656645197582400 84164290771209082673778215079277844052454800 7988570779033
2334911 4081303 9529479269033 97110441673318493227008170403840 305396905462678677662365614796872947007429120 12579364286697
3009443 3190129 9600511388147 95235571430635843631053116080640 229354846196264645498577723904116820082858880 9633158818743
3238931 3881071 12570521175101 187514749107516863931617580076800 608619666169382827456538463631359818025259200 12982864954701
2057537 3829817 7879990180729 60928467189991973927205045651456 167872650154614840049368787910368827394515456 11020966579129
2321623 3986699 9255612092477 90068492201375702286560784297600 270837986604356002821945490922109766850023200 12028090178253
2041079 3062177 6250145168983 33225866339753488932671942430720 60577285667083443742076482140147572689628160 7292786294587
2009977 3814799 7667658249623 57075992756497526288433094195200 155889385983059746670798440042118949688281600 10925040701307
2238749 4077757 9129074405993 87736267824293926830301165080000 274417656311568090764521456630784025702390000 12511024830057
2388103 3721301 8886850082003 80416154667241680547503910867200 214394835904207469390937107720703158102577600 10664266989207
3290873 3645709 11997565313957 166410421255437724103062353194880 504368099730063142642441431922655370226808160 12123473900853
2884493 3536081 10199800891933 111328406682934833110166990347520 295698485177529067149132934329714056209757760 10624367813677
2955283 3618523 10693759507009 125292899306135698562935567721664 348741721999988728393242904211764428976087344 11133646804609
2954461 3055687 9027908069707 81640973065649314096119868442880 184470937591986674846694017147072484603533760 9038154772783
3870667 3953627 15303173559209 305391480931076841997340427913536 1168890162698365456217381901952203372778792656 15310055920809
2282807 3071587 7011840304709 43875603973063476908353680356736 83736745865399053310340918772529619578233056 7634014193109
3753349 4013497 15064054951453 293749560993159179496144460022400 1111234903122446636052111450795528886881799200 15131731933357
2087161 2285743 4770713645623 16587670193813496537029041981440 19947289044291283169201219103132968556049920 4810148456347
3369563 3652081 12305917010603 177221137714644873367974764689920 548753442514798700828329383007109583723288960 12385733430927
2476489 2488799 6163483346711 31437329512973746067820301824000 48442055202147181762212314522794222386816000 6163634882811
2336489 3040391 7103840127199 45223633385832458108673209088000 85917194531166099036210842579948588068416000 7599318152803
2516123 4062809 10222527169507 114583133354322100366994850343680 361359817955905005324917019654692504888189760 12614764752103
2446891 3115381 7622997730471 53870691831920960258433223449600 108682459002424293398574173367598981111430400 8069876610571
2252231 3783539 8521403825509 73047225547269945964750524624000 198438413134526503970446792251707132917188000 10866308016373
3948883 4132673 16319442154259 358718978938430237746669858289664 1466552677547079727860362791693420876779385344 16353220918359
3546661 3801827 13483791549647 222674660545115711079102050484480 754249245938369077059609716501866309387527360 13548901237203
3878753 4021769 15599448574057 320422518645815910906934448194560 1251242097001121820903893554344285461147224320 15619902150313
2147081 3518479 7554459409799 53888783146537094236133662464000 127112752348445549305114635437365843914048000 9435191884203
2391751 2570333 6147596523083 31255292970976505625502637472000 48285427383096803421014720104498687613976000 6179488053807
2798687 3200137 8956181820119 80197471009224187793442527440896 182796981228840897267159897815928071080006656 9117343922619
2430257 4036397 9809482064029 103709974871407805936945508109056 321220069360904808483670202421677602040581056 12389167763629
2902063 3404213 9879240591419 102581453363094487753744252322304 259823311409927649933913868762536461653737344 10131395213919
3676093 3726197 13697846708321 231483184648410471481021153354560 792850574189588777821496716585909181280553680 13700357119137
2366083 3937363 9316127659129 91179592813941941117429563086144 268638980824313119602450264950712066899534544 11785048497529
2445419 3939191 9632972516029 98742419775081640598128910928000 292878096750453574708642947640657513488516000 11864327304013
3702529 4189609 15512148821161 316509934116361256847752441241600 1246210052608258063688211397422727889752934400 15749395747561
2459311 3656669 8992886295059 82435259751533766351750805056000 214878890402001334881377776734079935781872000 10426552475223
2238113 2937677 6574853083501 37290439550458567249901691087360 65857180461906662497133248965680452491108480 7064242873597
2869859 3912809 11229210123931 142543601122812415183387378387200 438925773956619921992417749049437774178020800 12316954826431
2777491 3863173 10729928238943 127424779618055216464969371682560 379363754411848820219711676637906962987842880 11908633644067
2417917 3299137 7977039437629 60632366926625287143058471289856 132687691795485141356922307733436020379315456 8753588126029
2299169 3734837 8587021450453 74154853772671049952014417518080 197403262142573676303729686556827486698055040 10648164056677
2006461 2069267 4151903534087 11709772338617027242513082426880 12166008862376036959231519768270705262098560 4155848127723
3218641 3617623 11643829710343 154475377787736847274209261148160 455818852296554600927104482672053196252295680 11803016346667
3178363 4157191 13213062058333 213446293466165076339735390437760 756195730842817049824718682657388351833696480 14171166311917
2166949 3158513 6844336586837 41578494251722204003264398009600 81364287577118693636161604115986830640539200 7827535752933
2488667 3243937 8073078961979 62270032527750334763546117139456 134557939221226764435757880800545871835571456 8643511734879
3105811 3169693 9844467386023 101363549348564768850584970263040 249570952801986799048397138684548065088974720 9848548295947
2581079 2594531 6696689478949 38683932413300778370471733424000 64765320824489804583066181374529066999068000 6696870435253
2139811 3046657 6519270161827 36738245324699285698859306311680 67429741285833545136476823804905394807490560 7341639829543
3686957 3914269 14431741489433 263857763287391721807417028850880 955390189259375700912542938860782346270763440 14483412234777
2248853 3213281 7226196616693 47536877136884705149653641003520 96931471472231028614705146188670646365061760 8156317983877
2511917 3223069 8096081813273 62651415569813736390773257049280 134729033898977724105172469495559254310494640 8601818980377
3746107 4026857 15085037195699 294800473441806393460200189163776 1117578111580318533805094143745693016954449856 15163857758199
2926117 3030803 8868484181951 78085304601595478775463000769280 173338509484805247250992256121844108503999040 8879443340547
2428169 2485393 6034954235417 29825872169598635580380724917760 45023860240904755890075736562614264159297920 6038228821593
2237747 3422047 7657675408109 55315046432356132589781542401536 125291925320569448852077198896436548719273856 9060241898109
3920797 4117657 16144497212629 349196859458773941189288274678656 1412785112563800701093318414660684295605161056 16183251072229
2111779 4032851 8516490051929 74278952985189416575991295240000 226680937408809652267590216314226438700530000 12207007681113
2859673 3226541 9226852181093 86358103129758537293001600101760 202109143302779597483394448968499600059552480 9361444310517
2150651 3025999 6507867775349 36540542715787876656669660000000 66449907766583612143086705744286678995000000 7274101896453
2084249 2446517 5099150610733 19634328901968341862110408592000 25673793076688887214818097934680232068436000 5230388714557
2692933 4049921 10906165908293 133670848825897773040855691182080 425995037981059586799464358555007667378442240 12747582340437
4017359 4113833 16526744027047 370149840799539603558307365550080 1530204185309873690734694131346507459210856960 16536051259723
2325677 3815557 8873753157089 80597038223919436761658666372416 223525721653044982416942900648153655106411856 11093495571489
2195399 2255399 4951500709201 18186968936412677039323497120000 22529565668758753167589707386143870250280000 4955100709201
2727451 3929311 10717003216261 127426132349864727788018465856000 387422292977815656791019429872929167975504000 12161470675861
3379021 3811579 12879405484159 198795025516284379404845398560000 649389392016217116059133676051783699341720000 13066511907523
2159359 3035407 6554533424113 37196176848659458828808820080640 68087541486140434418613720484630718896926720 7321993522417
2297039 3935117 9039117218563 84867049187725226046565981877760 248711729786476790851427504822327607627607680 11722416752647
3059527 4181761 12794210687047 197556610551673559867301243617280 694096375284530253193126428382004685652008960 14053619837803
2047049 2307083 4722711948067 16185765931635945443988288902400 19383788528495970926129869023046999408708800 4790329629223
3125257 3599837 11250415783109 141867937433085603549752352491136 407006413879028671771954503128265601148353056 11475641959509
2740469 3283879 8999368599251 81317287066748017916843693395200 188954195395947612754412297956825418913028800 9294663027351
3276397 3934519 12891046248043 199717223170471704217513045543680 665266599051565373456713824726747102843627840 13324170814927
3990619 4170499 16642872548881 376751492659282655546957911320000 1570604388263004065432626453594277315560230000 16675229363281
2817469 3017303 8501157666107 70279519170329740063391540924160 150065947327131312001078843974806185242899520 8541091293663
2721533 3914189 10652594531737 125501156101517491767010693936320 378857332411105178695257912661645832137617840 12075022866073
2882647 3335099 9613913127053 95781605688378472800199729334400 235110939531294214278999535403297587093495200 9818625939357
2025643 3222833 6528309106619 37280642137379262804753110536704 74203138491246773869440213020290445735324544 7961573002719
2914319 3167501 9231108346819 86375387514433033509605112000000 200719330041726268174963039282993343154000000 9295209471943
3065521 4130023 12660672236983 192232101803847862676205976135680 662904557356999603312328502148536302967959040 13793836744987
3148051 3416353 10754853478003 126547347662758833410362058419200 342526953713822951351161887674721404439993600 10826839441207
3218417 4171177 13424586966809 221958199368981876334369658651136 795295016235501075631429082856335769654934656 14332338584409
3892657 4032157 15695804171149 325390575975138794554481246174976 1278399735399819818604790838628490094752241856 15715264421149
3053971 3496859 10679305977089 124517713880926184443632606456000 338546722088404299496543586656910001769662000 10875455757633
2187697 3312833 7247474815601 48153373389581649090259435499520 102487302486578910850786222679228859360783360 8513405834097
2088221 4149679 8665446831059 78067286044090779066011634240000 252060841133512057357957305621866934704880000 12915055916823
3222031 3788713 12207350736103 174122824753655638342766859294720 545373548141004072250136963899051437312975360 12528479225227
2995303 3738923 11199207278669 140770289050781049000017085112704 413589372913212040739037211666589550317202144 11752177983069
2751967 2915323 8022872690341 60797257267836737368820956469760 122347760225450766943862365913986527017162880 8049557873077
3117223 4117781 12836041642163 198677991019218488198104199281920 687284685905586245270540575974229282532832960 13837157953527
2371679 3866543 9170198835697 87431329128977950941838408919040 249284581877485401912454735844503334318983680 11404817214193
2506631 3551099 8901294837469 79995403777533941271613017840000 199832683206859877229052976999755054848780000 9992208240493
2916293 3687427 10753617548111 127276016388150638483399252609280 361090496704287744457010694492473413831285440 11348265194067
2661181 4123369 10973031238789 136151687417226100731960428880000 446272043907855346983644285801576683180260000 13111024986133
2655199 3712349 9857025352451 103112834200360326793049639040000 282905307793327588868849750461837937921760000 10974591474951
3177077 3627931 11526216137687 150678368099928511456110125207040 441844932204959978491921626875473594115825280 11729485467003
2172679 3996199 8682457647121 77506884124954919585537307552000 232669520574237509483768248604851455564648000 12007682837521
2392561 2905621 6951875485381 42675595717519752678491996217600 76977237201336106627234669701699883083566400 7215106048981
2177789 3762299 8193493376911 66462985002518725563744108384000 177857694732245798164374665902075725730056000 10704165317011
3213853 3234719 10395911362307 116154874188305621117234041052160 301896587256777128099255778067572707845259520 10396346752263
2174287 3569453 7761015255011 57660791077349325158493605045760 139935581682822327301581107677924385162916480 9707503422567
3317243 3548983 11772839013869 158609521285705189731606898264704 468950558776618294614450528860003685897152544 11826542441469
2522473 3518887 8876297447551 79331772848676403015700357130240 195734059594722554822059716906950013293944320 9869138306947
2344117 3212509 7530496959553 52517880582720828889732841835840 108772429707140326506919516789535018479594320 8284601625217
2808397 3193921 8969798154637 80488362263673096382828428149760 183481812085890234099673918575121780271934720 9118426909213
3426041 3652487 12513570213967 184737122000673999199062279045120 580298464699499016054407604206134762584330240 12564848004883
2576251 2725543 7021682879293 43566635475759171454693141680000 76720529002938178288925183324803131578940000 7043970980557
2790001 3729097 10404184359097 117612190226644464552604845120000 331845313281122023984973429337474728810640000 11286085656313
2059207 2986787 6150412697909 31812953886631398920612910903936 55758702300056840726224741587059931293665056 7010817354309
2256029 3100649 6995154062821 43685655673383133591783153104000 84188123360746980021425734836278749140996000 7708537007221
2278747 3898487 8883665555789 81250717222485266946584950348416 233742535034898762645660852508454020537575456 11507223223389
3526483 4081711 14394084452413 262723197171551280171864145386240 965662926037042820028305589721505317540624320 14702362584397
2474903 3098519 7668533968657 54625492871404311309047377378560 110035283330486904771684373571783664272704320 8057430884113
2219671 2397191 5320975344161 21786031948917439230979673030400 29152372426481335736648359461903078716913600 5352488694561
2388613 3770449 9006143497237 83260890284244187631453995257600 227210939658429129286001331979071616625515200 10915614228133
3473647 3957007 13745245494529 233981106667829899255581734317056 817698592554483970243124069130208108217101056 13978882384129
2047349 2313403 4736343318647 16304087166133328983003763980800 19593958684709912425618775580527674145097600 4807128049563
3365563 3572287 12022756952581 167140536121505569220794358246400 504158190532773833639401485714936502960531200 12065491764757
3561133 3825677 13623744612041 228506556506112688815450313928640 782276665749249939510888659693424040677310320 13693728139977
2483521 2929643 7275829913003 47760076146465960952581013985280 89249908033474011907023996366301752867555840 7474854751887
2574853 3259519 8392782275707 68494354889594428437586172866560 151741534342622257241332599097654642054456320 8861549807263
3192221 3856109 12309552128089 177999786994268529575577092856000 567387644534455712307702239804812439400462000 12750299404633
2158931 2724151 5881254042581 28150275238463359624472262576000 43638047794969131770706428995890304756764000 6200727690981
2239723 2577347 5772543354881 26752607247725697483366139673280 39370028491871558129685107799940432896408240 5886533320257
2147059 3829381 8221906940479 67334312038200077536784593632000 186046627434245434558507168543187883006504000 11052114252163
2010601 2522867 5072478913067 19441053918704702011205847916800 25928997124123724193947907472466333575281600 5334895367823
3275413 3444851 11283309748463 142596250120776790215597245702400 403262872114304098133124992719962392198059200 11312018984307
2279243 4084859 9310386281737 91943552755828964725530057142080 288947220255687713469595667375603044661025360 12570635421193
2033797 2527489 5140399545733 20087681173524051802925090549760 27038678421485111630602533853986640584391680 5384131336597
2660963 3173039 8443339376557 69317647482461020959235179237120 150862255709394751520382550944138465463170240 8705561206333
2395739 3371969 8078357640091 62733304844341294430101409433600 141642120283995057995996079634898670663974400 9031382652991
2290889 3106069 7115659305341 45543675882777676919789999817600 88584473299519641880266787473422492659010400 7780177737741
2377601 3023353 7188327116153 46513057911355020821470119014400 88436704511874634813228965575325268737715200 7605322761657
2076043 2206331 4580438028233 14974328854962559819315519859520 17210793502990370884816039204523647509863760 4597412991177
2409157 3163103 7620411734171 53930816577648215146025511920640 110407792015549828307657860861192634193073920 8188846305087
3554723 3649153 12971728099619 202027575530012251781391538581504 655612065830511890861614186974349995677574144 12980645124519
2113667 2413573 5101489602191 19637051511511532660962158178560 25486110345877229964110240641064407606745280 5191433211027
2102021 2211029 4647629389609 15527309907457427063385917880000 18087422229274717037632023209215090193310000 4659512133673
3117901 3727753 11622764806453 154128372939471401075078216937600 462180292551134589962637566438681195280880800 11994684268357
2978299 3163837 9422852573263 90893530092123438574332985747200 214901321140903313844863799680600726760417600 9457276922707
2698687 2876161 7761858300607 55977461565690896032725184020480 109063061991222939315246781648493302012968960 7793355321283
3136649 4158887 13044968749663 206915031063581162800133468313600 728855055863716313903758108953450509088268800 14089939278307
3086437 3761897 11610858090989 153872963097900579877184179871616 464200273762698627467231822530695180809103456 12067104302589
2234117 2723351 6084284766067 30586355638811229915299957548800 48354234758220493261524019264002919264065600 6323634672823
3176801 3281137 10423519302737 116942229879006141685131385190400 305055655917042791170578792392283397879180800 10434405303633
2259823 2760949 6239256052027 32575033232564136374942154201600 52856113084480043333642775591640792088611200 6490383319903
2342101 3816103 8937698652403 81988744577654713773494112902400 227731538235971206603160534622288221616619200 11110380548407
4014457 4052959 16270429628263 355943644944553069162207932887040 1447970919745561503040813773074196047736529920 16271912032267
3281849 3559063 11680307347487 155550458190297534520093019596800 457207709843823755358316046890514357277273600 11757154949283
2203963 3513017 7742559486371 57119516683519479475531212414720 135033134397044270186212533696222682839236160 9456181861287
3215911 3923477 12617552842547 189434902614730858486870286388480 621261352646697491271119488618633541592519360 13118202486903
2511791 3219967 8087884130897 62489411841459331841050942341120 134186597553964195326322385441357959976509440 8589397377873
3362473 3453731 11613077236763 153209592823490521133104874430720 445127691954565234471549256779557333273831360 11621405259327
2026669 3242311 6571091192059 37918424850022053854450487456000 76300181229859004473998174759391396371672000 8048876664223
2576909 3763313 9697715139517 99378413756524527406058185332480 275906019066403468893788006483003708282976960 11105269590733
2579209 4070819 10499493002171 122182464360713232520799833478400 388674435601802834214451163680497439140561600 12724393394271
2398243 4112197 9862047669871 105534215302266585297557470844160 337701204108871997616439340847403788283116480 12799685983987
2664187 3710417 9885244735979 103818993066125541493208001363456 284979033789455813306616030358061304062691456 10979841948879
2647891 3175763 8409074265833 68634218038804420945282391338560 149068770620482635521534029958581847599076880 8687723114217
2375249 3702529 8794428304721 78344553153687038645941463040000 206753244240606418971649812145314706536960000 10556100503121
2304553 3555977 8194937463281 65595935561439268578299868645120 160070473407654117036799837449836568036672960 9760999491057
2713981 4148489 11258920324709 144984875550416318249565949584000 482681238279309999322988082445048258053108000 13316733526773
3071701 3940427 12103813556327 171215483028351881371494225177600 550393504474345959612864963576627941740243200 12858498419403
2247521 3423683 7694799439843 55965273267301005939811377300480 127015377182760277657570597933238695485085440 9078156490087
3100697 3910763 12126091101811 171829950027426115298245019831040 549095407767985770273046469876360090959705920 12782298026167
2002303 2761901 5530162658003 24283702836790394500388524953600 37076064748788003011272841455824991775308800 6107151779607
3560411 4170053 14847102571783 284012679656890809443474360355840 1080580623918842016258890684436559982747685120 15218765939947
2275447 2352157 5352208589179 22093829526209622828744818547456 29595198405240264722468848147074151724917056 5358093013279
2277809 3812737 8684686653233 76562002562982135182233948938240 211324345856083792269215407673627246534891520 11040690618417
3115417 3945017 12290373027089 177750272880384688714172897154816 576737831153234361831563454353865621685342656 12978609187089
2418329 2717873 6572711094217 36981109063474988889828161226240 61596083822981946700083484738794909092023680 6662437702153
3329087 3629459 12082784773933 169317298819036166791378693923840 515275213019932215524618079417934119040984320 12173008112317
3364423 4079527 13725254467921 233718455211076218188756326252800 831840687505814557820952993421653392225678400 14236628198737
3742573 3777379 14137116656167 250487178880852366594982771504640 885367480829589024168437863372619546865636480 14138328113803
2228519 3806909 8483769037771 72399321555270868356401527430400 198647159443687139285486202487753544868369600 10975084029871
2707931 3276799 8873345592869 78535878223652989581093765120000 180572761852610434221146502645294662615040000 9196956394293
2129107 2538097 5403880089379 22715219654463013430591994118656 31637490516854045580309110264878707688285056 5571152909479
2103953 2380223 5007877321519 18742985202318844601712545071104 23823282748477190741966569526739804062982144 5084202434419
2356169 2962429 6979983374501 43187164599454583358558980419200 79329796133409335300216765016191926353184800 7347534562101
2858183 3147061 8994876250163 80978512171840825505293616912640 183787348286912660206756250578931827050563520 9078326749047
2066963 2793191 5773422448933 27000105018577331913822786437760 42530764935228769574068017774572414399496480 6300829556917
2258987 2814787 6358567240769 34189945201642205695765015279296 56990201486622304734400798131914309152564656 6667480880769
2715793 2941403 7988241677579 60166170000045344652753484998144 120921089283103672878001576880586808649698944 8039141549679
3708301 4038247 14975035388347 289529406836825378646471065222400 1091808136942328565148517673080221502443972800 15083899751263
2263243 2366731 5356487368633 22140502432745726262361733997120 29708110304889015034084965021616973892460560 5367197134777
3921413 4029709 15802153258817 330909858494923605368520509570880 1308242304356356265921375779865152616228087760 15813881282433
3117013 3855169 12016611890197 167795973155201126531959076981760 526941699065046367047836552238469442572619520 12561486170533
2121479 3585251 7606034706229 55024066149958790931212931600000 134102771842890838214655473977462313207700000 9748663174213
2589281 4064107 10523115037067 122794873575496028789834210595840 389819287632215827429417632088830910270913280 12698226767343
2741143 3756581 10297325712083 114830937310648719952184302667520 325213847127905992074997265762610033019037760 11328440043927
2502571 3791563 9488655608473 94448290706142622340663148118080 263278293461596619539598968928506040282532240 11150155984537
2694053 3932647 10594759448291 123973328272405282850966271724800 375914236389462468446301328174638170431262400 12128874545127
2645543 2775733 7343321008019 48723142876830058209133843586304 89653877115229865962457544178819805446436544 7360270444119
2981711 3136123 9351012446453 89158696091581892440657930755840 208962473378615906069183691965927640637245120 9374855512197
2433161 3371833 8204212554113 65121490455870370248672525815040 147912357109173885522135258158736623738790720 9085317677697
2132957 2419091 5159817082087 20198736070250114545337056043520 26468876945714094714784920698317429810707840 5241689748043
3271493 3703639 12116429063027 170667359163505091429116118449920 524937777054147550184006127318307532722520640 12303179228343
2104499 3133463 6594369750037 37962751515852953101602241776000 72633531366743664338367678490432344999852000 7653136663333
2968631 3129769 9291129276239 87740814592702211852211632640000 204372370340036084907505369780306877969280000 9317094731283
2287381 3126139 7150670951959 46134103211066725296366208704000 90586456135548160734387338761466174172048000 7854185934523
2673899 3329713 8903316260987 79316760405484065826588161139200 185073926752294470454277769662871417788438400 9333408263583
2134399 3813617 8139780311183 65681981326575393042820954521600 179961295486051745657456081671340744332492800 10959553402707
3332341 4068877 13558885651057 226777488994201131611858789075520 799468372740318807374880642748381363794314640 14101370930353
2806157 3554401 9974207246957 105463150904891856936001246963200 277739220421608181188847186488744528952214400 10534076330493
2912561 4027957 11731670467877 159206335278909557557911736423680 516456543741072131912574419896420224663082560 12975778704693
3485789 3886357 13547020480673 225491539612658148405842879511360 772729921948443695363486180323154823005238480 13707475203297
2129587 2453861 5225710485407 20860837918436419782970675726080 27801573053929319522352498682931062704164160 5330864112483
2995789 4185229 12538063000681 188146290604499420209033627646400 656293326173810030911944248838885592904559600 13952830514281
2818171 3418843 9634884196153 96498034321104386820567640802880 241141134446920223447356673929504464771770640 9995691047737
2116187 3039353 6431839307011 35546208281956044129287401608960 64730309733978941846754514289997224662870080 7284074770567
4025279 4169623 16783895899817 384749503766056808499265371555840 1616402986964598402642496930811303430228410880 16804731090153
2139953 3969061 8493603994133 73452044248884832036053586141440 217404096369974897818485420202403564378521920 11839240069797
3899201 3969001 15475932668201 314078287095861108183247046400000 1215546156404328006645894071345261776881600000 15480804708201
3157993 3601043 11372068586699 145684198792708145461174748500224 421331883293013969153167802666481251128670144 11568361889199
2339371 2800379 6551125421609 36763984389611480030055318600000 62164715658596643938570463957290488404450000 6763653797673
2902927 3419837 9927537162899 103857715268450647952186947493376 264700422169995054158074041956196643356310656 10194733110999
2515427 3518521 8850582723467 78776021609608954088839919650560 194119484405683219368939366649695377254969920 9856780296303
2576771 2696003 6946982346313 42411174268000680620115163606080 73808151905787870473629947975053360649828240 6961198616137
2339369 2700079 6316481110151 33510593626608013798445894707200 54007288018644144987038190162661518408076800 6446592814251
2184811 2308931 5044577847041 19059282221557024558641480350400 24109913969375045210981823103644558408231600 5059983621441
2454437 3822253 9381479186561 92070832104786715858730698954560 259004453107961457284996835562079764683452880 11252399796417
2264699 3086107 6989103436793 43562308964554762298334327988800 83463364201540084091888563058507997864080400 7663814539257
2178439 2221657 4839744253423 17177332691580614713661998632960 20791495232081976604959711228734144651873280 4841612048947
2231681 3855913 8605167779753 75129952591524927547217866936320 211177099587184233058715037447415863941084160 11243297369577
2726683 3846529 10488265233307 120512948478041416742286029475840 353775410241948196108643953669692220450606080 11742320297023
2243053 2958947 6637074945191 38192012238935241242927921088000 68264203737758094890444068743832808184144000 7149579164427
2628487 4013027 10548189300149 123160564937414152507760379893376 383803430704785401916127212991476896005018656 12465140311749
2670049 3868003 10327757542147 116227577892834755875716189926400 341791929749380650705759882105541955052460800 11762851328263
3814627 3855949 14709007166023 276594440100174403154485300492800 1017225472161851862873631924688117049575702400 14710714673707
2975341 4063159 12089283562219 171447040708388170210086386400000 568888350986976260437296513867828393433800000 13272631563343
3251023 3286511 10684522850753 124386421756850064216725712215040 332291554403291002230160536968758538616702720 10685782248897
2715683 3140981 8529908705023 71021170329530779335462865585920 154662573473741444311025750309263402092528960 8710787093827
3002473 3537979 10622686422067 123005699559318015946886247901440 335481227535432187723395334066122472548742080 10909453098103
2304097 2666891 6144775552427 31282648353026743572622994641920 49085564731358212792292858979605229792234240 6276395038863
2426027 3772709 9152693897143 86546551166896798036133020362240 237272699263532482527133308536921174580539520 10966246306267
2859707 3690737 10554426434059 121615453073753600982734373198336 341892576364423848778843195013361160659997056 11245037294959
3932119 4029253 15843502277107 333072707897913443322608508399360 1320045187917541456834190978281856300140729920 15852937291063
3585229 3765661 13500757021369 223308325965726801742110057912000 755525352514695064876367633176272983382654000 13533312727993
3255793 3969503 12923880080879 201136196081367716609076173881344 675478807172822704773827586766322022284242944 13433262044979
3539573 3977293 14077918915889 248291857161513725026639584734784 885751263519983551260359035699825779988032144 14269517714289
2019019 2403469 4852649576911 17356944488545647966407579308800 21698139252527059815715896736233585482779200 5000451379411
3808403 3966503 15106041924709 295695876310175942594802253620864 1118546350826985497462424249036198846831642144 15131037534709
2156023 3981209 8583578171807 75362973198603995153152962938880 224485235212343901057362594412015781936412160 11914882106403
2536087 3429191 8696726715617 75195367073547192397656058648320 178482998974538178417457133962713690406280640 9494361470433
2204393 3950809 8709135703937 77811031949072197162665415783680 228747014938543633190320069581677307512458560 11759104548993
2025929 3687703 7471024451087 53152210452110297433155149271040 135970227955943655087543273363047548590074880 10232517278163
2504167 2929061 7334857897187 48718071512100131003961613159680 91533861070568688443162320615753247486996160 7515392808423
2509937 4179257 10489671776809 122672252465040855179739415758336 407158438220932679391354118978553686901149056 13276301039209
2431661 2752613 6693421680193 38710882186728354488962614162240 65773968318522914795333412088981312294618320 6796431866497
3075797 3501887 10771093528939 127186597518736773971753368098816 348257451542913547840934831537350981483731456 10952646217039
2151403 2497333 5372769708199 22365575869583610194547008154624 30710380635106149908380386587087989676914944 5492437273099
3636019 3844433 13978431432227 243609079687199586914290551682560 853963579245697892031576558953842948673838720 14021867827623
3371299 3667073 12362799537827 179289402966197671112194663526400 558050897531914399716057197481348716644684800 12450281796903
2543621 3491821 8881869223841 79353589967967062771112710779200 194038422827953975719262693384232169733726800 9780952463841
2776981 3832729 10643415611149 124793853974276208099151632144000 366832140587872460286818695784285804147508000 11758019450653
4080541 4178497 17050528326877 400178631814475704463936579589120 1706774240694442680930617950582552282926608640 17060123704813
2834467 4010221 11366839087207 147394687348678637172431088668160 469792434016284017734858732135554853423969920 12749236555723
2850619 3670001 10461774580619 118945593450050646095282088000000 331060123689624765824639975266147267446000000 11133161442543
3452723 4010543 13847294058589 238510498497501924472490299171584 844235171837134293137608781566065854450334144 14158457210989
