p,q,n,aux,r_count,B_bits,B_mod_n,B_mod_n_minus_1,B_mod_n_plus_1,gcd_B_n,gcd_B_n_minus_1,gcd_B_n_plus_1,gcd_B_n2_minus_1,gcd_A_B
2,3,6,first,15,117,3,2,0,3,1,7,7,21
2,3,6,odd_first,15,127,3,3,0,3,1,7,7,21
2,3,6,every_other,15,151,3,2,0,3,1,7,7,21
2,3,6,to_target_bits,14,106,3,4,0,3,1,7,7,21
2,5,10,first,15,117,7,0,6,1,9,1,9,63
2,5,10,odd_first,15,127,3,0,3,1,9,1,9,63
2,5,10,every_other,15,151,7,0,4,1,9,1,9,63
2,5,10,to_target_bits,14,106,9,0,4,1,9,1,9,63
2,7,14,first,15,117,7,0,12,7,13,3,39,129
2,7,14,odd_first,15,127,7,0,3,7,13,3,39,129
2,7,14,every_other,15,151,7,0,12,7,13,3,39,3
2,7,14,to_target_bits,14,106,7,0,9,7,13,3,39,129
2,11,22,first,15,117,17,0,19,1,21,1,21,333
2,11,22,odd_first,15,127,3,0,4,1,21,1,21,333
2,11,22,every_other,15,151,15,0,2,1,21,1,21,333
2,11,22,to_target_bits,14,106,15,0,19,1,21,1,21,333
2,13,26,first,15,117,13,12,0,13,1,27,27,471
2,13,26,odd_first,15,127,13,3,0,13,1,27,27,471
2,13,26,every_other,15,151,13,12,0,13,1,27,27,3
2,13,26,to_target_bits,14,106,13,24,0,13,1,27,27,471
2,17,34,first,15,117,29,6,7,1,3,7,21,819
2,17,34,odd_first,15,127,29,3,28,1,3,7,21,819
2,17,34,every_other,15,151,21,15,7,1,3,7,21,819
2,17,34,to_target_bits,14,106,3,15,14,1,3,7,21,819
2,19,38,first,15,117,19,0,0,19,37,39,1443,1029
2,19,38,odd_first,15,127,19,0,0,19,37,39,1443,1029
2,19,38,every_other,15,151,19,0,0,19,37,39,1443,1029
2,19,38,to_target_bits,14,106,19,0,0,19,37,39,1443,1029
2,23,46,first,15,117,19,27,25,1,9,1,9,1521
2,23,46,odd_first,15,127,27,18,39,1,9,1,9,1521
2,23,46,every_other,15,151,25,27,30,1,9,1,9,1521
2,23,46,to_target_bits,14,106,19,9,25,1,9,1,9,1521
2,29,58,first,15,117,17,0,20,1,57,1,57,2439
2,29,58,odd_first,15,127,21,0,31,1,57,1,57,2439
2,29,58,every_other,15,151,33,0,7,1,57,1,57,9
2,29,58,to_target_bits,14,106,1,0,58,1,57,1,57,2439
2,31,62,first,15,117,31,4,0,31,1,63,63,2793
2,31,62,odd_first,15,127,31,16,0,31,1,63,63,2793
2,31,62,every_other,15,151,49,0,0,1,61,63,3843,2793
2,31,62,to_target_bits,14,106,31,35,0,31,1,63,63,2793
2,37,74,first,15,117,37,46,12,37,1,3,3,3999
2,37,74,odd_first,15,127,37,7,3,37,1,3,3,3999
2,37,74,every_other,15,151,37,39,12,37,1,3,3,3
2,37,74,to_target_bits,14,106,37,1,24,37,1,3,3,3999
2,41,82,first,15,117,77,0,24,1,81,1,81,4923
2,41,82,odd_first,15,127,79,0,61,1,81,1,81,4923
2,41,82,every_other,15,151,57,0,79,1,81,1,81,4923
2,41,82,to_target_bits,14,106,21,0,38,1,81,1,81,4923
2,43,86,first,15,117,43,12,75,43,1,3,3,5421
2,43,86,odd_first,15,127,43,63,21,43,1,3,3,5421
2,43,86,every_other,15,151,65,72,33,1,1,3,3,5421
2,43,86,to_target_bits,14,106,43,54,30,43,1,3,3,5421
2,47,94,first,15,117,25,0,57,1,93,19,1767,6489
2,47,94,odd_first,15,127,39,0,38,1,93,19,1767,6489
2,47,94,every_other,15,151,77,18,57,1,3,19,57,6489
2,47,94,to_target_bits,14,106,25,0,19,1,93,19,1767,63
2,53,106,first,15,117,27,42,20,1,21,1,21,9
2,53,106,odd_first,15,127,9,63,83,1,21,1,21,8271
2,53,106,every_other,15,151,79,42,22,1,21,1,21,9
2,53,106,to_target_bits,14,106,45,84,66,1,21,1,21,9
2,59,118,first,15,117,79,0,63,1,117,7,819,63
2,59,118,odd_first,15,127,31,0,63,1,117,7,819,63
2,59,118,every_other,15,151,7,0,21,1,117,7,819,10269
2,59,118,to_target_bits,14,106,117,0,105,1,117,7,819,63
2,61,122,first,15,117,65,116,36,1,1,3,3,21
2,61,122,odd_first,15,127,77,3,120,1,1,3,3,21
2,61,122,every_other,15,151,61,70,57,61,1,3,3,21
2,61,122,to_target_bits,14,106,35,81,21,1,1,3,3,21
2,67,134,first,15,117,97,0,27,1,133,27,3591,3
2,67,134,odd_first,15,127,33,0,108,1,133,27,3591,3
2,67,134,every_other,15,151,67,0,27,67,133,27,3591,13269
2,67,134,to_target_bits,14,106,125,0,54,1,133,27,3591,3
2,71,142,first,15,117,21,72,39,1,3,13,39,9
2,71,142,odd_first,15,127,129,39,91,1,3,13,39,9
2,71,142,every_other,15,151,59,30,26,1,3,13,39,9
2,71,142,to_target_bits,14,106,91,72,26,1,3,13,39,9
2,73,146,first,15,117,119,17,0,1,1,147,147,21
2,73,146,odd_first,15,127,7,108,0,1,1,147,147,21
2,73,146,every_other,15,151,39,62,0,1,1,147,147,15771
2,73,146,to_target_bits,14,106,1,59,0,1,1,147,147,21
2,79,158,first,15,117,81,0,27,1,157,3,471,3
2,79,158,odd_first,15,127,21,0,9,1,157,3,471,3
2,79,158,every_other,15,151,79,126,132,79,1,3,3,3
2,79,158,to_target_bits,14,106,137,0,45,1,157,3,471,3
2,83,166,first,15,117,107,72,105,1,3,1,3,9
2,83,166,odd_first,15,127,61,3,136,1,3,1,3,9
2,83,166,every_other,15,151,79,147,1,1,3,1,3,20421
2,83,166,to_target_bits,14,106,121,114,133,1,3,1,3,9
2,89,178,first,15,117,53,138,66,1,3,1,3,63
2,89,178,odd_first,15,127,113,90,152,1,3,1,3,63
2,89,178,every_other,15,151,115,66,119,1,3,1,3,63
2,89,178,to_target_bits,14,106,147,117,76,1,3,1,3,63
2,97,194,first,15,117,161,124,117,1,1,39,39,417
2,97,194,odd_first,15,127,131,86,78,1,1,39,39,417
2,97,194,every_other,15,151,145,0,117,1,193,39,7527,27939
2,97,194,to_target_bits,14,106,39,61,39,1,1,39,39,417
2,101,202,first,15,117,73,30,133,1,3,7,21,30303
2,101,202,odd_first,15,127,23,33,21,1,3,7,21,30303
2,101,202,every_other,15,151,157,0,91,1,201,7,1407,30303
2,101,202,to_target_bits,14,106,33,192,175,1,3,7,21,30303
2,103,206,first,15,117,103,77,180,103,1,9,9,399
2,103,206,odd_first,15,127,103,38,27,103,1,9,9,399
2,103,206,every_other,15,151,103,57,117,103,1,9,9,31521
2,103,206,to_target_bits,14,106,71,144,180,1,1,9,9,399
2,107,214,first,15,117,127,21,172,1,3,43,129,171
2,107,214,odd_first,15,127,83,129,43,1,3,43,129,171
2,107,214,every_other,15,151,129,201,22,1,3,1,3,171
2,107,214,to_target_bits,14,106,173,162,129,1,3,43,129,171
2,109,218,first,15,117,75,0,192,1,217,3,651,3
2,109,218,odd_first,15,127,37,0,153,1,217,3,651,3
2,109,218,every_other,15,151,97,49,39,1,7,3,21,35319
2,109,218,to_target_bits,14,106,111,0,147,1,217,3,651,3
2,113,226,first,15,117,127,162,205,1,9,1,9,9
2,113,226,odd_first,15,127,97,153,212,1,9,1,9,9
2,113,226,every_other,15,151,155,162,161,1,9,1,9,9
2,113,226,to_target_bits,14,106,15,99,49,1,9,1,9,9
2,127,254,first,15,117,29,226,12,1,1,3,3,39
2,127,254,odd_first,15,127,235,234,63,1,1,3,3,39
2,127,254,every_other,15,151,107,48,72,1,1,3,3,39
2,127,254,to_target_bits,14,106,39,180,54,1,1,3,3,39
2,131,262,first,15,117,259,162,137,1,9,1,9,63
2,131,262,odd_first,15,127,125,108,189,1,9,1,9,63
2,131,262,every_other,15,151,173,207,62,1,9,1,9,63
2,131,262,to_target_bits,14,106,129,117,194,1,9,1,9,63
2,137,274,first,15,117,163,0,237,1,273,1,273,9
2,137,274,odd_first,15,127,193,0,3,1,273,1,273,9
2,137,274,every_other,15,151,59,0,37,1,273,1,273,9
2,137,274,to_target_bits,14,106,155,0,224,1,273,1,273,9
2,139,278,first,15,117,139,33,0,139,1,279,279,3
2,139,278,odd_first,15,127,139,134,0,139,1,279,279,3
2,139,278,every_other,15,151,139,104,18,139,1,9,9,3
2,139,278,to_target_bits,14,106,139,83,0,139,1,279,279,3
2,149,298,first,15,117,181,270,65,1,27,13,351,9
2,149,298,odd_first,15,127,55,135,234,1,27,13,351,9
2,149,298,every_other,15,151,287,81,117,1,27,13,351,9
2,149,298,to_target_bits,14,106,281,81,65,1,27,13,351,9
2,151,302,first,15,117,111,0,174,1,301,3,903,3
2,151,302,odd_first,15,127,235,0,225,1,301,3,903,3
2,151,302,every_other,15,151,291,280,258,1,7,3,21,3
2,151,302,to_target_bits,14,106,181,0,33,1,301,3,903,3
2,157,314,first,15,117,157,96,252,157,1,63,63,21
2,157,314,odd_first,15,127,157,271,63,157,1,63,63,21
2,157,314,every_other,15,151,283,2,252,1,1,63,63,21
2,157,314,to_target_bits,14,106,157,86,189,157,1,63,63,21
2,163,326,first,15,117,133,312,75,1,13,3,39,3
2,163,326,odd_first,15,127,303,78,255,1,13,3,39,3
2,163,326,every_other,15,151,163,312,315,163,13,3,39,3
2,163,326,to_target_bits,14,106,229,299,111,1,13,3,39,3
2,167,334,first,15,117,105,0,97,1,333,1,333,9
2,167,334,odd_first,15,127,303,0,33,1,333,1,333,9
2,167,334,every_other,15,151,1,0,67,1,333,67,22311,9
2,167,334,to_target_bits,14,106,133,0,259,1,333,1,333,9
2,173,346,first,15,117,283,42,212,1,3,1,3,819
2,173,346,odd_first,15,127,231,303,161,1,3,1,3,819
2,173,346,every_other,15,151,153,117,76,1,3,1,3,819
2,173,346,to_target_bits,14,106,47,249,114,1,3,1,3,819
2,179,358,first,15,117,245,63,157,1,21,1,21,95589
2,179,358,odd_first,15,127,331,63,324,1,21,1,21,95589
2,179,358,every_other,15,151,119,21,262,1,21,1,21,2223
2,179,358,to_target_bits,14,106,255,105,177,1,21,1,21,95589
2,181,362,first,15,117,177,133,237,1,19,3,57,93
2,181,362,odd_first,15,127,125,209,3,1,19,3,57,93
2,181,362,every_other,15,151,319,0,312,1,361,3,1083,3
2,181,362,to_target_bits,14,106,101,76,81,1,19,3,57,93
2,191,382,first,15,117,315,156,48,1,3,1,3,9
2,191,382,odd_first,15,127,311,108,67,1,3,1,3,9
2,191,382,every_other,15,151,293,234,203,1,3,1,3,9
2,191,382,to_target_bits,14,106,193,39,272,1,3,1,3,9
2,193,386,first,15,117,317,182,0,1,7,387,2709,3
2,193,386,odd_first,15,127,279,168,0,1,7,387,2709,3
2,193,386,every_other,15,151,193,147,108,193,7,9,63,3
2,193,386,to_target_bits,14,106,61,224,0,1,7,387,2709,3
2,197,394,first,15,117,229,390,2,1,3,1,3,9
2,197,394,odd_first,15,127,55,387,258,1,3,1,3,9
2,197,394,every_other,15,151,281,42,237,1,3,79,237,549
2,197,394,to_target_bits,14,106,189,129,374,1,3,1,3,9
2,199,398,first,15,117,19,222,0,1,1,399,399,273
2,199,398,odd_first,15,127,347,357,0,1,1,399,399,273
2,199,398,every_other,15,151,209,161,0,1,1,399,399,273
2,199,398,to_target_bits,14,106,359,86,0,1,1,399,399,273
2,211,422,first,15,117,241,54,72,1,1,9,9,3
2,211,422,odd_first,15,127,351,369,180,1,1,9,9,3
2,211,422,every_other,15,151,191,169,171,1,1,9,9,3
2,211,422,to_target_bits,14,106,331,59,72,1,1,9,9,3
2,223,446,first,15,117,409,142,330,1,1,3,3,93
2,223,446,odd_first,15,127,339,113,204,1,1,3,3,93
2,223,446,every_other,15,151,307,382,138,1,1,3,3,3
2,223,446,to_target_bits,14,106,147,414,132,1,1,3,3,93
2,227,454,first,15,117,205,111,182,1,3,91,273,441
2,227,454,odd_first,15,127,439,84,273,1,3,91,273,441
2,227,454,every_other,15,151,161,291,182,1,3,91,273,441
2,227,454,to_target_bits,14,106,49,30,364,1,3,91,273,441
2,229,458,first,15,117,315,345,216,1,1,27,27,21
2,229,458,odd_first,15,127,29,354,216,1,1,27,27,21
2,229,458,every_other,15,151,249,125,378,1,1,27,27,21
2,229,458,to_target_bits,14,106,387,383,54,1,1,27,27,21
2,233,466,first,15,117,331,372,204,1,93,1,93,333
2,233,466,odd_first,15,127,357,93,209,1,93,1,93,333
2,233,466,every_other,15,151,83,297,219,1,3,1,3,333
2,233,466,to_target_bits,14,106,411,279,140,1,93,1,93,333
2,239,478,first,15,117,251,27,157,1,9,1,9,9
2,239,478,odd_first,15,127,273,9,104,1,9,1,9,9
2,239,478,every_other,15,151,177,450,119,1,9,1,9,603
2,239,478,to_target_bits,14,106,1,45,468,1,9,1,9,9
2,241,482,first,15,117,369,0,42,1,481,21,10101,21
2,241,482,odd_first,15,127,265,0,441,1,481,21,10101,21
2,241,482,every_other,15,151,177,0,462,1,481,21,10101,21
2,241,482,to_target_bits,14,106,59,0,42,1,481,21,10101,21
2,251,502,first,15,117,455,105,288,1,3,1,3,117
2,251,502,odd_first,15,127,481,303,94,1,3,1,3,117
2,251,502,every_other,15,151,211,168,140,1,3,1,3,117
2,251,502,to_target_bits,14,106,343,300,365,1,3,1,3,117
2,257,514,first,15,117,23,0,412,1,513,103,52839,819
2,257,514,odd_first,15,127,63,0,103,1,513,103,52839,819
2,257,514,every_other,15,151,337,0,412,1,513,103,52839,819
2,257,514,to_target_bits,14,106,495,0,174,1,513,1,513,819
2,263,526,first,15,117,137,462,403,1,21,31,651,927
2,263,526,odd_first,15,127,189,378,403,1,21,31,651,927
2,263,526,every_other,15,151,325,462,514,1,21,1,21,927
2,263,526,to_target_bits,14,106,457,399,496,1,21,31,651,9
2,269,538,first,15,117,265,66,490,1,3,49,147,63
2,269,538,odd_first,15,127,359,510,245,1,3,49,147,63
2,269,538,every_other,15,151,65,477,147,1,3,49,147,63
2,269,538,to_target_bits,14,106,73,255,147,1,3,49,147,63
2,271,542,first,15,117,271,477,177,271,1,3,3,21
2,271,542,odd_first,15,127,271,153,306,271,1,3,3,21
2,271,542,every_other,15,151,391,488,138,1,1,3,3,21
2,271,542,to_target_bits,14,106,271,64,282,271,1,3,3,21
2,277,554,first,15,117,33,476,222,1,7,111,777,39
2,277,554,odd_first,15,127,411,21,333,1,7,111,777,39
2,277,554,every_other,15,151,381,0,222,1,553,111,61383,39
2,277,554,to_target_bits,14,106,83,532,444,1,7,111,777,39
2,281,562,first,15,117,131,369,264,1,3,1,3,9
2,281,562,odd_first,15,127,121,267,526,1,3,1,3,9
2,281,562,every_other,15,151,273,378,187,1,3,1,3,9
2,281,562,to_target_bits,14,106,415,411,307,1,3,1,3,9
2,283,566,first,15,117,347,127,0,1,1,567,567,273
2,283,566,odd_first,15,127,235,323,0,1,1,567,567,273
2,283,566,every_other,15,151,513,42,0,1,1,567,567,273
2,283,566,to_target_bits,14,106,47,354,0,1,1,567,567,273
2,293,586,first,15,117,415,117,369,1,117,1,117,171
2,293,586,odd_first,15,127,485,468,412,1,117,1,117,171
2,293,586,every_other,15,151,127,117,437,1,117,1,117,256671
2,293,586,to_target_bits,14,106,247,234,163,1,117,1,117,171
2,307,614,first,15,117,407,39,282,1,1,3,3,111
2,307,614,odd_first,15,127,107,287,243,1,1,3,3,111
2,307,614,every_other,15,151,233,451,57,1,1,3,3,111
2,307,614,to_target_bits,14,106,51,335,144,1,1,3,3,111
2,311,622,first,15,117,593,594,231,1,27,7,189,63
2,311,622,odd_first,15,127,95,27,469,1,27,7,189,63
2,311,622,every_other,15,151,123,324,560,1,27,7,189,63
2,311,622,to_target_bits,14,106,513,594,147,1,27,7,189,63
2,313,626,first,15,117,409,337,171,1,1,57,57,147
2,313,626,odd_first,15,127,271,328,399,1,1,57,57,147
2,313,626,every_other,15,151,315,262,114,1,1,57,57,147
2,313,626,to_target_bits,14,106,399,624,114,1,1,57,57,147
2,317,634,first,15,117,231,30,537,1,3,1,3,9
2,317,634,odd_first,15,127,533,351,108,1,3,1,3,9
2,317,634,every_other,15,151,141,402,107,1,3,1,3,9
2,317,634,to_target_bits,14,106,511,120,39,1,3,1,3,9
2,331,662,first,15,117,475,309,624,1,1,39,39,57
2,331,662,odd_first,15,127,267,402,624,1,1,39,39,57
2,331,662,every_other,15,151,517,24,429,1,1,39,39,57
2,331,662,to_target_bits,14,106,545,189,156,1,1,39,39,57
2,337,674,first,15,117,147,53,162,1,1,27,27,3
2,337,674,odd_first,15,127,293,251,378,1,1,27,27,3
2,337,674,every_other,15,151,203,616,162,1,1,27,27,3
2,337,674,to_target_bits,14,106,589,650,324,1,1,27,27,3
2,347,694,first,15,117,559,567,417,1,63,139,8757,279
2,347,694,odd_first,15,127,161,630,278,1,63,139,8757,279
2,347,694,every_other,15,151,423,378,417,1,63,139,8757,9
2,347,694,to_target_bits,14,106,461,378,139,1,63,139,8757,279
2,349,698,first,15,117,621,692,564,1,1,3,3,3
2,349,698,odd_first,15,127,433,284,357,1,1,3,3,3
2,349,698,every_other,15,151,593,344,549,1,1,3,3,3
2,349,698,to_target_bits,14,106,9,513,411,1,1,3,3,3
2,353,706,first,15,117,279,72,679,1,3,7,21,63
2,353,706,odd_first,15,127,123,603,427,1,3,7,21,63
2,353,706,every_other,15,151,85,312,56,1,3,7,21,3843
2,353,706,to_target_bits,14,106,571,354,336,1,3,7,21,63
2,359,718,first,15,117,157,12,609,1,3,1,3,9
2,359,718,odd_first,15,127,683,273,289,1,3,1,3,9
2,359,718,every_other,15,151,621,177,471,1,3,1,3,9
2,359,718,to_target_bits,14,106,177,240,461,1,3,1,3,9
2,367,734,first,15,117,527,588,147,1,1,147,147,651
2,367,734,odd_first,15,127,607,151,588,1,1,147,147,651
2,367,734,every_other,15,151,443,648,147,1,1,147,147,21
2,367,734,to_target_bits,14,106,457,228,294,1,1,147,147,651
2,373,746,first,15,117,689,32,522,1,1,9,9,57
2,373,746,odd_first,15,127,583,353,144,1,1,9,9,57
2,373,746,every_other,15,151,733,287,162,1,1,9,9,3819
2,373,746,to_target_bits,14,106,329,579,702,1,1,9,9,57
2,379,758,first,15,117,415,369,732,1,1,3,3,3
2,379,758,odd_first,15,127,111,732,234,1,1,3,3,3
2,379,758,every_other,15,151,207,56,48,1,1,3,3,3
2,379,758,to_target_bits,14,106,645,312,180,1,1,3,3,3
2,383,766,first,15,117,431,522,728,1,9,13,117,63
2,383,766,odd_first,15,127,67,63,208,1,9,13,117,63
2,383,766,every_other,15,151,203,72,715,1,9,13,117,63
2,383,766,to_target_bits,14,106,655,54,117,1,9,13,117,63
2,389,778,first,15,117,81,0,323,1,777,19,14763,9
2,389,778,odd_first,15,127,529,0,38,1,777,19,14763,9
2,389,778,every_other,15,151,413,0,57,1,777,19,14763,9
2,389,778,to_target_bits,14,106,409,0,513,1,777,19,14763,9
2,397,794,first,15,117,619,65,27,1,13,3,39,777
2,397,794,odd_first,15,127,357,260,168,1,13,3,39,777
2,397,794,every_other,15,151,161,0,132,1,793,3,2379,777
2,397,794,to_target_bits,14,106,483,767,204,1,13,3,39,777
2,401,802,first,15,117,451,765,776,1,9,1,9,9
2,401,802,odd_first,15,127,637,558,80,1,9,1,9,9
2,401,802,every_other,15,151,191,738,477,1,9,1,9,9
2,401,802,to_target_bits,14,106,447,414,147,1,9,1,9,9
2,409,818,first,15,117,541,0,0,1,817,819,669123,651
2,409,818,odd_first,15,127,653,0,0,1,817,819,669123,651
2,409,818,every_other,15,151,399,323,0,1,19,819,15561,21
2,409,818,to_target_bits,14,106,729,0,0,1,817,819,669123,651
2,419,838,first,15,117,193,0,678,1,837,1,837,9
2,419,838,odd_first,15,127,549,0,544,1,837,1,837,9
2,419,838,every_other,15,151,809,297,551,1,27,1,27,711
2,419,838,to_target_bits,14,106,9,0,638,1,837,1,837,9
2,421,842,first,15,117,475,365,693,1,1,3,3,3
2,421,842,odd_first,15,127,369,717,402,1,1,3,3,3
2,421,842,every_other,15,151,169,613,273,1,1,3,3,3
2,421,842,to_target_bits,14,106,59,291,696,1,1,3,3,3
2,431,862,first,15,117,853,651,660,1,21,1,21,9
2,431,862,odd_first,15,127,349,735,714,1,21,1,21,9
2,431,862,every_other,15,151,685,672,641,1,21,1,21,1467
2,431,862,to_target_bits,14,106,807,21,120,1,21,1,21,9
2,433,866,first,15,117,459,802,216,1,1,3,3,39
2,433,866,odd_first,15,127,79,58,828,1,1,3,3,39
2,433,866,every_other,15,151,571,672,531,1,1,3,3,39
2,433,866,to_target_bits,14,106,853,739,819,1,1,3,3,39
2,439,878,first,15,117,129,604,708,1,1,3,3,273
2,439,878,odd_first,15,127,21,812,192,1,1,3,3,273
2,439,878,every_other,15,151,537,74,420,1,1,3,3,273
2,439,878,to_target_bits,14,106,531,366,540,1,1,3,3,273
2,443,886,first,15,117,765,492,379,1,3,1,3,9
2,443,886,odd_first,15,127,437,798,597,1,3,1,3,9
2,443,886,every_other,15,151,11,597,56,1,3,1,3,9
2,443,886,to_target_bits,14,106,79,294,286,1,3,1,3,9
2,449,898,first,15,117,237,663,713,1,39,31,1209,171
2,449,898,odd_first,15,127,487,234,775,1,39,31,1209,171
2,449,898,every_other,15,151,697,117,700,1,39,1,39,171
2,449,898,to_target_bits,14,106,583,663,465,1,39,31,1209,171
2,457,914,first,15,117,345,688,492,1,1,3,3,3
2,457,914,odd_first,15,127,811,476,138,1,1,3,3,3
2,457,914,every_other,15,151,125,411,732,1,1,183,183,3
2,457,914,to_target_bits,14,106,383,785,279,1,1,3,3,3
2,461,922,first,15,117,543,714,234,1,3,13,39,9
2,461,922,odd_first,15,127,215,414,910,1,3,13,39,9
2,461,922,every_other,15,151,431,540,130,1,3,13,39,9
2,461,922,to_target_bits,14,106,389,51,91,1,3,13,39,9
2,463,926,first,15,117,623,37,0,1,37,927,34299,3
2,463,926,odd_first,15,127,269,703,0,1,37,927,34299,3
2,463,926,every_other,15,151,469,37,0,1,37,927,34299,3
2,463,926,to_target_bits,14,106,267,74,792,1,37,9,333,3
2,467,934,first,15,117,671,282,182,1,3,1,3,2709
2,467,934,odd_first,15,127,209,717,828,1,3,1,3,2709
2,467,934,every_other,15,151,219,123,752,1,3,1,3,63
2,467,934,to_target_bits,14,106,607,513,224,1,3,1,3,2709
2,479,958,first,15,117,157,336,574,1,3,7,21,63
2,479,958,odd_first,15,127,583,630,56,1,3,7,21,63
2,479,958,every_other,15,151,119,642,196,1,3,7,21,63
2,479,958,to_target_bits,14,106,947,378,840,1,3,7,21,63
2,487,974,first,15,117,801,0,312,1,973,39,37947,57
2,487,974,odd_first,15,127,749,0,78,1,973,39,37947,57
2,487,974,every_other,15,151,817,0,312,1,973,39,37947,57
2,487,974,to_target_bits,14,106,869,0,624,1,973,39,37947,57
2,491,982,first,15,117,113,729,357,1,9,1,9,3627
2,491,982,odd_first,15,127,737,909,744,1,9,1,9,3627
2,491,982,every_other,15,151,283,315,137,1,9,1,9,117
2,491,982,to_target_bits,14,106,119,765,401,1,9,1,9,3627
2,499,998,first,15,117,963,858,0,1,1,999,999,3
2,499,998,odd_first,15,127,769,872,0,1,1,999,999,3
2,499,998,every_other,15,151,555,331,0,1,1,999,999,201
2,499,998,to_target_bits,14,106,197,772,0,1,1,999,999,3
3,5,15,first,15,117,12,7,11,3,7,1,7,147
3,5,15,odd_first,15,127,3,7,13,3,7,1,7,147
3,5,15,every_other,15,151,12,7,3,3,7,1,7,147
3,5,15,to_target_bits,14,106,9,7,9,3,7,1,7,147
3,7,21,first,15,117,0,7,17,21,1,1,1,301
3,7,21,odd_first,15,127,0,13,3,21,1,1,1,301
3,7,21,every_other,15,151,0,7,15,21,1,1,1,7
3,7,21,to_target_bits,14,106,0,9,15,21,1,1,1,301
3,11,33,first,15,117,6,27,29,3,1,1,1,777
3,11,33,odd_first,15,127,3,13,29,3,1,1,1,777
3,11,33,every_other,15,151,15,19,21,3,1,1,1,777
3,11,33,to_target_bits,14,106,15,25,3,3,1,1,1,777
3,13,39,first,15,117,0,19,27,39,19,1,19,1099
3,13,39,odd_first,15,127,0,19,13,39,19,1,19,1099
3,13,39,every_other,15,151,0,19,27,39,19,1,19,7
3,13,39,to_target_bits,14,106,0,19,9,39,19,1,19,1099
3,17,51,first,15,117,12,37,39,3,1,13,13,1911
3,17,51,odd_first,15,127,12,3,13,3,1,13,13,1911
3,17,51,every_other,15,151,21,37,39,3,1,13,13,1911
3,17,51,to_target_bits,14,106,3,49,13,3,1,13,13,1911
3,19,57,first,15,117,0,35,17,57,7,1,7,2401
3,19,57,odd_first,15,127,0,21,21,57,7,1,7,2401
3,19,57,every_other,15,151,0,35,33,57,7,1,7,2401
3,19,57,to_target_bits,14,106,0,49,1,57,7,1,7,2401
3,23,69,first,15,117,42,63,7,3,1,7,7,3549
3,23,69,odd_first,15,127,27,29,63,3,1,7,7,3549
3,23,69,every_other,15,151,48,55,7,3,1,7,7,3549
3,23,69,to_target_bits,14,106,42,37,49,3,1,7,7,3549
3,29,87,first,15,117,75,43,83,3,43,1,43,5691
3,29,87,odd_first,15,127,21,43,69,3,43,1,43,5691
3,29,87,every_other,15,151,33,65,59,3,1,1,1,21
3,29,87,to_target_bits,14,106,30,43,81,3,43,1,43,5691
3,31,93,first,15,117,0,19,25,93,1,1,1,6517
3,31,93,odd_first,15,127,0,73,39,93,1,1,1,6517
3,31,93,every_other,15,151,18,71,77,3,1,1,1,6517
3,31,93,to_target_bits,14,106,0,65,25,93,1,1,1,6517
3,37,111,first,15,117,0,17,91,111,1,7,7,9331
3,37,111,odd_first,15,127,0,3,77,111,1,7,7,9331
3,37,111,every_other,15,151,0,37,35,111,1,7,7,7
3,37,111,to_target_bits,14,106,0,59,105,111,1,7,7,9331
3,41,123,first,15,117,36,65,31,3,1,31,31,11487
3,41,123,odd_first,15,127,120,77,93,3,1,31,31,11487
3,41,123,every_other,15,151,57,61,111,3,61,1,61,11487
3,41,123,to_target_bits,14,106,21,35,93,3,1,31,31,11487
3,43,129,first,15,117,0,123,117,129,1,13,13,12649
3,43,129,odd_first,15,127,0,13,13,129,1,13,13,12649
3,43,129,every_other,15,151,108,19,117,3,1,13,13,12649
3,43,129,to_target_bits,14,106,0,89,39,129,1,13,13,12649
3,47,141,first,15,117,72,7,21,3,7,1,7,15141
3,47,141,odd_first,15,127,39,133,129,3,7,1,7,15141
3,47,141,every_other,15,151,30,7,59,3,7,1,7,15141
3,47,141,to_target_bits,14,106,72,49,91,3,7,1,7,147
3,53,159,first,15,117,27,81,27,3,1,1,1,21
3,53,159,odd_first,15,127,9,21,13,3,1,1,1,19299
3,53,159,every_other,15,151,132,79,147,3,79,1,79,21
3,53,159,to_target_bits,14,106,45,137,89,3,1,1,1,21
3,59,177,first,15,117,138,171,53,3,1,1,1,147
3,59,177,odd_first,15,127,90,157,113,3,1,1,1,147
3,59,177,every_other,15,151,66,147,115,3,1,1,1,23961
3,59,177,to_target_bits,14,106,117,169,147,3,1,1,1,147
3,61,183,first,15,117,126,91,19,3,91,1,91,49
3,61,183,odd_first,15,127,138,91,165,3,91,1,91,49
3,61,183,every_other,15,151,0,91,163,183,91,1,91,49
3,61,183,to_target_bits,14,106,96,91,65,3,91,1,91,49
3,67,201,first,15,117,30,187,73,3,1,1,1,7
3,67,201,odd_first,15,127,33,53,23,3,1,1,1,7
3,67,201,every_other,15,151,0,187,157,201,1,1,1,30961
3,67,201,to_target_bits,14,106,192,49,33,3,1,1,1,7
3,71,213,first,15,117,21,27,127,3,1,1,1,21
3,71,213,odd_first,15,127,129,9,83,3,1,1,1,21
3,71,213,every_other,15,151,201,79,129,3,1,1,1,21
3,71,213,to_target_bits,14,106,162,45,173,3,1,1,1,21
3,73,219,first,15,117,192,75,127,3,1,1,1,49
3,73,219,odd_first,15,127,153,37,113,3,1,1,1,49
3,73,219,every_other,15,151,39,97,147,3,1,1,1,36799
3,73,219,to_target_bits,14,106,147,111,169,3,1,1,1,49
3,79,237,first,15,117,81,79,63,3,1,7,7,7
3,79,237,odd_first,15,127,21,149,63,3,1,7,7,7
3,79,237,every_other,15,151,0,7,21,237,1,7,7,7
3,79,237,to_target_bits,14,106,216,117,105,3,1,7,7,7
3,83,249,first,15,117,24,155,87,3,31,1,31,21
3,83,249,odd_first,15,127,144,93,203,3,31,1,31,21
3,83,249,every_other,15,151,162,235,137,3,1,1,1,47649
3,83,249,to_target_bits,14,106,204,217,249,3,31,1,31,21
3,89,267,first,15,117,231,133,231,3,133,1,133,147
3,89,267,odd_first,15,127,24,133,33,3,133,1,133,147
3,89,267,every_other,15,151,204,133,67,3,133,67,8911,147
3,89,267,to_target_bits,14,106,147,133,125,3,133,1,133,147
3,97,291,first,15,117,258,17,119,3,1,1,1,973
3,97,291,odd_first,15,127,228,253,153,3,1,1,1,973
3,97,291,every_other,15,151,48,207,39,3,1,1,1,65191
3,97,291,to_target_bits,14,106,39,59,1,3,1,1,1,973
3,101,303,first,15,117,174,111,171,3,1,19,19,70707
3,101,303,odd_first,15,127,225,235,285,3,1,19,19,70707
3,101,303,every_other,15,151,258,291,19,3,1,19,19,70707
3,101,303,to_target_bits,14,106,33,181,57,3,1,19,19,70707
3,103,309,first,15,117,0,259,217,309,7,31,217,931
3,103,309,odd_first,15,127,0,245,93,309,7,31,217,931
3,103,309,every_other,15,151,0,147,297,309,7,1,7,73549
3,103,309,to_target_bits,14,106,174,301,279,3,7,31,217,931
3,107,321,first,15,117,234,187,203,3,1,7,7,399
3,107,321,odd_first,15,127,297,13,119,3,1,7,7,399
3,107,321,every_other,15,151,129,147,301,3,1,7,7,399
3,107,321,to_target_bits,14,106,66,89,203,3,1,7,7,399
3,109,327,first,15,117,75,133,323,3,1,1,1,7
3,109,327,odd_first,15,127,255,303,325,3,1,1,1,7
3,109,327,every_other,15,151,315,163,139,3,163,1,163,82411
3,109,327,to_target_bits,14,106,111,229,185,3,1,1,1,7
3,113,339,first,15,117,240,169,267,3,169,1,169,21
3,113,339,odd_first,15,127,210,169,233,3,169,1,169,21
3,113,339,every_other,15,151,42,169,327,3,169,1,169,21
3,113,339,to_target_bits,14,106,15,169,309,3,169,1,169,21
3,127,381,first,15,117,156,247,315,3,19,1,19,91
3,127,381,odd_first,15,127,108,133,311,3,19,1,19,91
3,127,381,every_other,15,151,234,247,293,3,19,1,19,91
3,127,381,to_target_bits,14,106,39,209,193,3,19,1,19,91
3,131,393,first,15,117,390,147,229,3,49,1,49,147
3,131,393,odd_first,15,127,387,245,55,3,49,1,49,147
3,131,393,every_other,15,151,42,147,281,3,49,1,49,147
3,131,393,to_target_bits,14,106,129,49,189,3,49,1,49,147
3,137,411,first,15,117,300,77,103,3,1,103,103,21
3,137,411,odd_first,15,127,330,243,309,3,1,103,103,21
3,137,411,every_other,15,151,333,57,103,3,1,103,103,21
3,137,411,to_target_bits,14,106,18,349,277,3,1,1,1,21
3,139,417,first,15,117,0,91,171,417,13,19,247,7
3,139,417,odd_first,15,127,0,13,399,417,13,19,247,7
3,139,417,every_other,15,151,0,403,323,417,13,19,247,7
3,139,417,to_target_bits,14,106,0,377,323,417,13,19,247,7
3,149,447,first,15,117,330,409,315,3,1,7,7,21
3,149,447,odd_first,15,127,204,339,77,3,1,7,7,21
3,149,447,every_other,15,151,138,307,147,3,1,7,7,21
3,149,447,to_target_bits,14,106,132,147,217,3,1,7,7,21
3,151,453,first,15,117,111,127,205,3,1,1,1,7
3,151,453,odd_first,15,127,84,97,439,3,1,1,1,7
3,151,453,every_other,15,151,291,155,161,3,1,1,1,7
3,151,453,to_target_bits,14,106,30,241,49,3,1,1,1,7
3,157,471,first,15,117,0,307,315,471,1,1,1,49
3,157,471,odd_first,15,127,0,133,149,471,1,1,1,49
3,157,471,every_other,15,151,126,77,243,3,1,1,1,49
3,157,471,to_target_bits,14,106,0,119,353,471,1,1,1,49
3,163,489,first,15,117,459,187,147,3,1,49,49,7
3,163,489,odd_first,15,127,303,77,343,3,1,49,49,7
3,163,489,every_other,15,151,0,427,147,489,61,49,2989,7
3,163,489,to_target_bits,14,106,66,401,49,3,1,49,49,7
3,167,501,first,15,117,105,87,455,3,1,1,1,21
3,167,501,odd_first,15,127,303,453,481,3,1,1,1,21
3,167,501,every_other,15,151,168,387,211,3,1,1,1,21
3,167,501,to_target_bits,14,106,300,249,343,3,1,1,1,21
3,173,519,first,15,117,456,259,507,3,259,13,3367,1911
3,173,519,odd_first,15,127,231,259,13,3,259,13,3367,1911
3,173,519,every_other,15,151,153,259,507,3,259,13,3367,1911
3,173,519,to_target_bits,14,106,393,259,169,3,259,13,3367,1911
3,179,537,first,15,117,66,499,265,3,1,1,1,223041
3,179,537,odd_first,15,127,510,301,359,3,1,1,1,223041
3,179,537,every_other,15,151,477,67,65,3,67,1,67,5187
3,179,537,to_target_bits,14,106,255,393,73,3,1,1,1,223041
3,181,543,first,15,117,177,271,539,3,271,1,271,217
3,181,543,odd_first,15,127,306,271,301,3,271,1,271,217
3,181,543,every_other,15,151,138,391,531,3,1,1,1,7
3,181,543,to_target_bits,14,106,282,271,377,3,271,1,271,217
3,191,573,first,15,117,315,39,77,3,13,7,91,21
3,191,573,odd_first,15,127,120,377,161,3,13,7,91,21
3,191,573,every_other,15,151,102,455,385,3,13,7,91,21
3,191,573,to_target_bits,14,106,384,169,21,3,13,7,91,21
3,193,579,first,15,117,510,505,307,3,1,1,1,7
3,193,579,odd_first,15,127,279,539,253,3,1,1,1,7
3,193,579,every_other,15,151,0,531,207,579,1,1,1,7
3,193,579,to_target_bits,14,106,447,241,349,3,1,1,1,7
3,197,591,first,15,117,426,197,555,3,1,37,37,21
3,197,591,odd_first,15,127,252,503,333,3,1,37,37,21
3,197,591,every_other,15,151,84,7,259,3,1,37,37,1281
3,197,591,to_target_bits,14,106,189,589,185,3,1,37,37,21
3,199,597,first,15,117,417,479,65,3,1,13,13,637
3,199,597,odd_first,15,127,546,353,533,3,1,13,13,637
3,199,597,every_other,15,151,408,287,117,3,1,13,13,637
3,199,597,to_target_bits,14,106,558,281,65,3,1,13,13,637
3,211,633,first,15,117,30,555,231,3,1,1,1,7
3,211,633,odd_first,15,127,351,21,533,3,1,1,1,7
3,211,633,every_other,15,151,402,395,141,3,79,1,79,7
3,211,633,to_target_bits,14,106,120,137,511,3,1,1,1,7
3,223,669,first,15,117,186,439,97,3,1,1,1,217
3,223,669,odd_first,15,127,339,637,33,3,1,1,1,217
3,223,669,every_other,15,151,84,335,67,3,1,67,67,7
3,223,669,to_target_bits,14,106,147,133,259,3,1,1,1,217
3,227,681,first,15,117,432,267,589,3,1,31,31,1029
3,227,681,odd_first,15,127,666,573,465,3,1,31,31,1029
3,227,681,every_other,15,151,615,667,235,3,1,1,1,1029
3,227,681,to_target_bits,14,106,276,649,279,3,1,31,31,1029
3,229,687,first,15,117,315,343,43,3,343,43,14749,49
3,229,687,odd_first,15,127,258,343,301,3,343,43,14749,49
3,229,687,every_other,15,151,249,343,323,3,343,1,343,49
3,229,687,to_target_bits,14,106,387,343,473,3,343,43,14749,49
3,233,699,first,15,117,564,621,287,3,1,7,7,777
3,233,699,odd_first,15,127,357,433,553,3,1,7,7,777
3,233,699,every_other,15,151,549,593,287,3,1,7,7,777
3,233,699,to_target_bits,14,106,411,9,49,3,1,7,7,777
3,239,717,first,15,117,12,603,157,3,1,1,1,21
3,239,717,odd_first,15,127,273,689,683,3,1,1,1,21
3,239,717,every_other,15,151,177,119,621,3,1,1,1,1407
3,239,717,to_target_bits,14,106,240,613,177,3,1,1,1,21
3,241,723,first,15,117,369,133,539,3,19,1,19,49
3,241,723,odd_first,15,127,24,209,125,3,19,1,19,49
3,241,723,every_other,15,151,177,361,319,3,361,1,361,49
3,241,723,to_target_bits,14,106,300,437,101,3,19,1,19,49
3,251,753,first,15,117,204,683,481,3,1,13,13,273
3,251,753,odd_first,15,127,732,509,195,3,1,13,13,273
3,251,753,every_other,15,151,462,547,91,3,1,13,13,273
3,251,753,to_target_bits,14,106,594,25,117,3,1,13,13,273
3,257,771,first,15,117,537,567,703,3,7,1,7,1911
3,257,771,odd_first,15,127,63,553,665,3,7,1,7,1911
3,257,771,every_other,15,151,594,147,579,3,7,193,1351,1911
3,257,771,to_target_bits,14,106,495,609,61,3,7,1,7,1911
3,263,789,first,15,117,663,623,397,3,1,1,1,2163
3,263,789,odd_first,15,127,189,449,653,3,1,1,1,2163
3,263,789,every_other,15,151,588,675,237,3,1,79,79,2163
3,263,789,to_target_bits,14,106,720,189,769,3,1,1,1,21
3,269,807,first,15,117,534,403,275,3,403,1,403,147
3,269,807,odd_first,15,127,90,403,629,3,403,1,403,147
3,269,807,every_other,15,151,603,793,763,3,13,1,13,147
3,269,807,to_target_bits,14,106,342,403,33,3,403,1,403,147
3,271,813,first,15,117,0,539,259,813,7,37,259,49
3,271,813,odd_first,15,127,0,21,333,813,7,37,259,49
3,271,813,every_other,15,151,120,91,37,3,7,37,259,49
3,271,813,to_target_bits,14,106,0,581,37,813,7,37,259,49
3,277,831,first,15,117,33,107,507,3,1,13,13,91
3,277,831,odd_first,15,127,411,393,13,3,1,13,13,91
3,277,831,every_other,15,151,381,577,403,3,1,13,13,91
3,277,831,to_target_bits,14,106,360,619,793,3,1,13,13,91
3,281,843,first,15,117,693,475,663,3,1,1,1,21
3,281,843,odd_first,15,127,402,369,773,3,1,1,1,21
3,281,843,every_other,15,151,273,169,191,3,1,1,1,21
3,281,843,to_target_bits,14,106,696,59,753,3,1,1,1,21
3,283,849,first,15,117,630,27,437,3,1,1,1,637
3,283,849,odd_first,15,127,801,221,403,3,1,1,1,637
3,283,849,every_other,15,151,513,291,837,3,1,1,1,637
3,283,849,to_target_bits,14,106,330,681,649,3,1,1,1,637
3,293,879,first,15,117,708,129,347,3,1,1,1,399
3,293,879,odd_first,15,127,192,21,333,3,1,1,1,399
3,293,879,every_other,15,151,420,537,147,3,1,1,1,598899
3,293,879,to_target_bits,14,106,540,531,169,3,1,1,1,399
3,307,921,first,15,117,714,387,543,3,1,1,1,259
3,307,921,odd_first,15,127,414,533,215,3,1,1,1,259
3,307,921,every_other,15,151,540,347,431,3,1,1,1,259
3,307,921,to_target_bits,14,106,51,249,389,3,1,1,1,259
3,311,933,first,15,117,282,331,671,3,1,1,1,147
3,311,933,odd_first,15,127,717,357,209,3,1,1,1,147
3,311,933,every_other,15,151,123,83,219,3,1,1,1,147
3,311,933,to_target_bits,14,106,513,877,607,3,1,1,1,147
3,313,939,first,15,117,96,231,307,3,7,1,7,343
3,313,939,odd_first,15,127,897,301,133,3,7,1,7,343
3,313,939,every_other,15,151,315,469,547,3,469,1,469,343
3,313,939,to_target_bits,14,106,399,259,589,3,7,1,7,343
3,317,951,first,15,117,231,437,539,3,19,7,133,21
3,317,951,odd_first,15,127,216,703,301,3,19,7,133,21
3,317,951,every_other,15,151,141,437,259,3,19,7,133,21
3,317,951,to_target_bits,14,106,828,399,105,3,19,7,133,21
3,331,993,first,15,117,144,155,21,3,31,7,217,133
3,331,993,odd_first,15,127,267,589,413,3,31,7,217,133
3,331,993,every_other,15,151,186,979,343,3,1,7,7,133
3,331,993,to_target_bits,14,106,876,217,91,3,31,7,217,133
3,337,1011,first,15,117,147,477,479,3,1,1,1,7
3,337,1011,odd_first,15,127,630,23,993,3,1,1,1,7
3,337,1011,every_other,15,151,540,157,807,3,1,1,1,7
3,337,1011,to_target_bits,14,106,252,639,433,3,1,1,1,7
3,347,1041,first,15,117,906,507,893,3,13,1,13,651
3,347,1041,odd_first,15,127,855,13,613,3,13,1,13,651
3,347,1041,every_other,15,151,423,1027,141,3,13,1,13,21
3,347,1041,to_target_bits,14,106,114,169,407,3,13,1,13,651
3,349,1047,first,15,117,621,81,259,3,1,1,1,7
3,349,1047,odd_first,15,127,84,173,125,3,1,1,1,7
3,349,1047,every_other,15,151,942,345,435,3,1,1,1,7
3,349,1047,to_target_bits,14,106,9,119,129,3,1,1,1,7
3,353,1059,first,15,117,279,111,27,3,1,1,1,147
3,353,1059,odd_first,15,127,123,441,433,3,1,1,1,147
3,353,1059,every_other,15,151,438,1037,927,3,1,1,1,8967
3,353,1059,to_target_bits,14,106,924,295,469,3,1,1,1,147
3,359,1077,first,15,117,516,803,1029,3,1,49,49,21
3,359,1077,odd_first,15,127,324,897,245,3,1,49,49,21
3,359,1077,every_other,15,151,621,603,147,3,1,49,49,21
3,359,1077,to_target_bits,14,106,177,73,147,3,1,49,49,21
3,367,1101,first,15,117,894,787,133,3,1,19,19,1519
3,367,1101,odd_first,15,127,240,553,1007,3,1,19,19,1519
3,367,1101,every_other,15,151,810,587,323,3,1,19,19,49
3,367,1101,to_target_bits,14,106,90,1049,1045,3,1,19,19,1519
3,373,1119,first,15,117,1062,559,987,3,559,7,3913,133
3,373,1119,odd_first,15,127,210,559,973,3,559,7,3913,133
3,373,1119,every_other,15,151,360,65,147,3,13,7,91,8911
3,373,1119,to_target_bits,14,106,702,559,889,3,559,7,3913,133
3,379,1137,first,15,117,36,731,717,3,1,1,1,7
3,379,1137,odd_first,15,127,111,413,21,3,1,1,1,7
3,379,1137,every_other,15,151,207,627,675,3,1,1,1,7
3,379,1137,to_target_bits,14,106,645,233,185,3,1,1,1,7
3,383,1149,first,15,117,48,651,387,3,7,1,7,147
3,383,1149,odd_first,15,127,450,161,303,3,7,1,7,147
3,383,1149,every_other,15,151,969,959,1037,3,7,1,7,147
3,383,1149,to_target_bits,14,106,1038,21,249,3,7,1,7,147
3,389,1167,first,15,117,81,875,411,3,1,1,1,21
3,389,1167,odd_first,15,127,918,751,445,3,1,1,1,21
3,389,1167,every_other,15,151,24,609,915,3,1,1,1,21
3,389,1167,to_target_bits,14,106,798,257,585,3,1,1,1,21
3,397,1191,first,15,117,222,777,1075,3,7,1,7,1813
3,397,1191,odd_first,15,127,357,63,949,3,7,1,7,1813
3,397,1191,every_other,15,151,558,497,883,3,7,1,7,1813
3,397,1191,to_target_bits,14,106,483,819,281,3,7,1,7,1813
3,401,1203,first,15,117,852,395,903,3,1,301,301,21
3,401,1203,odd_first,15,127,1038,1,301,3,1,301,301,21
3,401,1203,every_other,15,151,993,577,1183,3,1,7,7,21
3,401,1203,to_target_bits,14,106,447,143,301,3,1,301,301,21
3,409,1227,first,15,117,132,39,407,3,1,1,1,1519
3,409,1227,odd_first,15,127,1062,287,721,3,1,1,1,1519
3,409,1227,every_other,15,151,399,451,847,3,1,1,1,49
3,409,1227,to_target_bits,14,106,729,335,665,3,1,1,1,1519
3,419,1257,first,15,117,612,1099,777,3,157,37,5809,21
3,419,1257,odd_first,15,127,549,157,777,3,157,37,5809,21
3,419,1257,every_other,15,151,390,283,259,3,1,37,37,1659
3,419,1257,to_target_bits,14,106,9,785,37,3,157,37,5809,21
3,421,1263,first,15,117,54,309,555,3,1,1,1,7
3,421,1263,odd_first,15,127,369,21,653,3,1,1,1,7
3,421,1263,every_other,15,151,1011,19,1027,3,1,79,79,7
3,421,1263,to_target_bits,14,106,480,541,137,3,1,1,1,7
3,431,1293,first,15,117,1284,1083,767,3,19,1,19,21
3,431,1293,odd_first,15,127,780,437,937,3,19,1,19,21
3,431,1293,every_other,15,151,1116,1007,225,3,19,1,19,3423
3,431,1293,to_target_bits,14,106,807,513,53,3,19,1,19,21
3,433,1299,first,15,117,459,787,1287,3,1,13,13,91
3,433,1299,odd_first,15,127,945,267,1053,3,1,13,13,91
3,433,1299,every_other,15,151,138,125,1287,3,1,13,13,91
3,433,1299,to_target_bits,14,106,420,235,949,3,1,13,13,91
3,439,1317,first,15,117,129,119,205,3,7,1,7,637
3,439,1317,odd_first,15,127,21,133,1239,3,7,1,7,637
3,439,1317,every_other,15,151,537,735,229,3,7,1,7,637
3,439,1317,to_target_bits,14,106,531,777,281,3,7,1,7,637
3,443,1329,first,15,117,765,107,1197,3,1,133,133,21
3,443,1329,odd_first,15,127,1323,61,133,3,1,133,133,21
3,443,1329,every_other,15,151,897,1075,1197,3,1,133,133,21
3,443,1329,to_target_bits,14,106,522,121,399,3,1,133,133,21
3,449,1347,first,15,117,237,53,147,3,1,1,1,399
3,449,1347,odd_first,15,127,936,251,293,3,1,1,1,399
3,449,1347,every_other,15,151,1146,1289,203,3,1,1,1,399
3,449,1347,to_target_bits,14,106,1032,1323,589,3,1,1,1,399
3,457,1371,first,15,117,345,437,343,3,1,343,343,7
3,457,1371,odd_first,15,127,354,193,1029,3,1,343,343,7
3,457,1371,every_other,15,151,582,607,343,3,1,343,343,7
3,457,1371,to_target_bits,14,106,840,429,1029,3,1,343,343,7
3,461,1383,first,15,117,543,69,283,3,1,1,1,21
3,461,1383,odd_first,15,127,1137,1221,1269,3,1,1,1,21
3,461,1383,every_other,15,151,1353,95,499,3,1,1,1,21
3,461,1383,to_target_bits,14,106,1311,853,393,3,1,1,1,21
3,463,1389,first,15,117,1086,559,417,3,1,139,139,7
3,463,1389,odd_first,15,127,732,161,973,3,1,139,139,7
3,463,1389,every_other,15,151,6,423,417,3,1,139,139,7
3,463,1389,to_target_bits,14,106,267,461,139,3,1,139,139,7
3,467,1401,first,15,117,204,987,969,3,7,1,7,6321
3,467,1401,odd_first,15,127,1143,1253,241,3,7,1,7,6321
3,467,1401,every_other,15,151,219,987,1371,3,7,1,7,147
3,467,1401,to_target_bits,14,106,1074,49,1313,3,7,1,7,6321
3,479,1437,first,15,117,636,875,609,3,1,1,1,147
3,479,1437,odd_first,15,127,1062,1401,289,3,1,1,1,147
3,479,1437,every_other,15,151,1077,1339,471,3,1,1,1,147
3,479,1437,to_target_bits,14,106,468,177,461,3,1,1,1,147
3,487,1461,first,15,117,801,1287,301,3,1,43,43,133
3,487,1461,odd_first,15,127,1236,153,301,3,1,43,43,133
3,487,1461,every_other,15,151,330,1207,667,3,1,1,1,133
3,487,1461,to_target_bits,14,106,1356,1169,989,3,1,43,43,133
3,491,1473,first,15,117,1095,571,633,3,1,1,1,8463
3,491,1473,odd_first,15,127,246,717,971,3,1,1,1,8463
3,491,1473,every_other,15,151,774,531,1005,3,1,67,67,273
3,491,1473,to_target_bits,14,106,1101,985,125,3,1,1,1,8463
3,499,1497,first,15,117,963,1491,1197,3,1,7,7,7
3,499,1497,odd_first,15,127,270,1389,511,3,1,7,7,7
3,499,1497,every_other,15,151,555,939,343,3,1,7,7,469
3,499,1497,to_target_bits,14,106,696,785,1029,3,1,7,7,7
5,7,35,first,15,117,7,29,27,7,1,9,9,903
5,7,35,odd_first,15,127,28,29,9,7,1,9,9,903
5,7,35,every_other,15,151,7,21,27,7,1,9,9,21
5,7,35,to_target_bits,14,106,14,3,9,7,1,9,9,903
5,11,55,first,15,117,17,27,35,1,27,7,189,2331
5,11,55,odd_first,15,127,3,27,21,1,27,7,189,2331
5,11,55,every_other,15,151,37,27,35,1,27,7,189,2331
5,11,55,to_target_bits,14,106,4,27,49,1,27,7,189,2331
5,13,65,first,15,117,52,59,39,13,1,3,3,3297
5,13,65,odd_first,15,127,13,13,3,13,1,3,3,3297
5,13,65,every_other,15,151,52,19,15,13,1,3,3,21
5,13,65,to_target_bits,14,106,39,25,15,13,1,3,3,3297
5,17,85,first,15,117,12,63,43,1,21,43,903,5733
5,17,85,odd_first,15,127,63,21,43,1,21,43,903,5733
5,17,85,every_other,15,151,72,63,65,1,21,1,21,5733
5,17,85,to_target_bits,14,106,54,21,43,1,21,43,903,5733
5,19,95,first,15,117,57,25,27,19,1,3,3,7203
5,19,95,odd_first,15,127,38,39,45,19,1,3,3,7203
5,19,95,every_other,15,151,57,77,51,19,1,3,3,7203
5,19,95,to_target_bits,14,106,19,25,57,19,1,3,3,7203
5,23,115,first,15,117,42,57,75,1,57,1,57,10647
5,23,115,odd_first,15,127,73,57,21,1,57,1,57,10647
5,23,115,every_other,15,151,2,57,91,1,57,1,57,10647
5,23,115,to_target_bits,14,106,19,57,1,1,57,1,57,10647
5,29,145,first,15,117,17,27,119,1,9,1,9,17073
5,29,145,odd_first,15,127,108,45,7,1,9,1,9,17073
5,29,145,every_other,15,151,62,99,39,1,9,1,9,63
5,29,145,to_target_bits,14,106,59,9,1,1,9,1,9,17073
5,31,155,first,15,117,62,105,39,31,7,39,273,19551
5,31,155,odd_first,15,127,93,91,117,31,7,39,273,19551
5,31,155,every_other,15,151,142,147,39,1,7,39,273,19551
5,31,155,to_target_bits,14,106,124,147,117,31,7,39,273,19551
5,37,185,first,15,117,37,19,93,37,1,93,93,27993
5,37,185,odd_first,15,127,148,165,93,37,1,93,93,27993
5,37,185,every_other,15,151,37,163,111,37,1,3,3,21
5,37,185,to_target_bits,14,106,74,65,93,37,1,93,93,27993
5,41,205,first,15,117,77,63,103,1,3,103,309,34461
5,41,205,odd_first,15,127,38,165,103,1,3,103,309,34461
5,41,205,every_other,15,151,57,123,103,1,3,103,309,34461
5,41,205,to_target_bits,14,106,144,105,71,1,3,1,3,34461
5,43,215,first,15,117,172,127,27,43,1,27,27,37947
5,43,215,odd_first,15,127,43,83,189,43,1,27,27,37947
5,43,215,every_other,15,151,22,129,27,1,1,27,27,37947
5,43,215,to_target_bits,14,106,129,173,81,43,1,27,27,37947
5,47,235,first,15,117,72,117,79,1,117,1,117,45423
5,47,235,odd_first,15,127,133,117,149,1,117,1,117,45423
5,47,235,every_other,15,151,77,117,7,1,117,1,117,45423
5,47,235,to_target_bits,14,106,119,117,117,1,117,1,117,441
5,53,265,first,15,117,27,171,133,1,3,133,399,63
5,53,265,odd_first,15,127,168,69,133,1,3,133,399,57897
5,53,265,every_other,15,151,132,147,133,1,3,133,399,63
5,53,265,to_target_bits,14,106,204,81,133,1,3,133,399,63
5,59,295,first,15,117,197,147,259,1,147,37,5439,441
5,59,295,odd_first,15,127,208,147,37,1,147,37,5439,441
5,59,295,every_other,15,151,7,147,259,1,147,37,5439,71883
5,59,295,to_target_bits,14,106,294,147,185,1,147,37,5439,441
5,61,305,first,15,117,187,171,63,1,19,9,171,147
5,61,305,odd_first,15,127,138,285,63,1,19,9,171,147
5,61,305,every_other,15,151,122,19,225,61,19,9,171,147
5,61,305,to_target_bits,14,106,279,57,207,1,19,9,171,147
5,67,335,first,15,117,97,105,315,1,1,21,21,21
5,67,335,odd_first,15,127,33,303,189,1,1,21,21,21
5,67,335,every_other,15,151,67,1,147,67,1,21,21,92883
5,67,335,to_target_bits,14,106,259,133,105,1,1,21,21,21
5,71,355,first,15,117,92,315,231,1,3,1,3,63
5,71,355,odd_first,15,127,58,267,113,1,3,1,3,63
5,71,355,every_other,15,151,272,243,115,1,3,1,3,63
5,71,355,to_target_bits,14,106,304,117,325,1,3,1,3,63
5,73,365,first,15,117,192,91,309,1,91,3,273,147
5,73,365,odd_first,15,127,153,273,321,1,91,3,273,147
5,73,365,every_other,15,151,112,91,183,1,91,183,16653,110397
5,73,365,to_target_bits,14,106,74,273,279,1,91,3,273,147
5,79,395,first,15,117,2,229,171,1,1,9,9,21
5,79,395,odd_first,15,127,258,55,333,1,1,9,9,21
5,79,395,every_other,15,151,237,281,279,79,1,9,9,21
5,79,395,to_target_bits,14,106,374,189,81,1,1,9,9,21
5,83,415,first,15,117,107,387,91,1,9,13,117,63
5,83,415,odd_first,15,127,393,27,13,1,9,13,117,63
5,83,415,every_other,15,151,162,117,403,1,9,13,117,142947
5,83,415,to_target_bits,14,106,204,387,377,1,9,13,117,63
5,89,445,first,15,117,142,111,409,1,111,1,111,441
5,89,445,odd_first,15,127,113,333,339,1,111,1,111,441
5,89,445,every_other,15,151,382,111,307,1,111,1,111,441
5,89,445,to_target_bits,14,106,414,333,147,1,111,1,111,441
5,97,485,first,15,117,452,479,243,1,1,243,243,2919
5,97,485,odd_first,15,127,228,245,243,1,1,243,243,2919
5,97,485,every_other,15,151,242,191,243,1,1,243,243,195573
5,97,485,to_target_bits,14,106,39,81,243,1,1,243,243,2919
5,101,505,first,15,117,477,315,479,1,63,1,63,212121
5,101,505,odd_first,15,127,23,189,487,1,63,1,63,212121
5,101,505,every_other,15,151,157,315,301,1,63,1,63,212121
5,101,505,to_target_bits,14,106,134,441,433,1,63,1,63,212121
5,103,515,first,15,117,412,23,387,103,1,129,129,2793
5,103,515,odd_first,15,127,103,63,129,103,1,129,129,2793
5,103,515,every_other,15,151,412,337,495,103,1,3,3,220647
5,103,515,to_target_bits,14,106,174,495,129,1,1,129,129,2793
5,107,535,first,15,117,127,231,499,1,3,1,3,1197
5,107,535,odd_first,15,127,83,291,301,1,3,1,3,1197
5,107,535,every_other,15,151,22,471,67,1,3,67,201,1197
5,107,535,to_target_bits,14,106,494,147,393,1,3,1,3,1197
5,109,545,first,15,117,402,539,273,1,1,273,273,21
5,109,545,odd_first,15,127,473,301,273,1,1,273,273,21
5,109,545,every_other,15,151,97,531,273,1,1,273,273,247233
5,109,545,to_target_bits,14,106,329,377,273,1,1,273,273,21
5,113,565,first,15,117,127,495,347,1,3,1,3,63
5,113,565,odd_first,15,127,323,321,235,1,3,1,3,63
5,113,565,every_other,15,151,42,171,513,1,3,1,3,63
5,113,565,to_target_bits,14,106,354,213,47,1,3,1,3,63
5,127,635,first,15,117,537,231,27,1,1,3,3,273
5,127,635,odd_first,15,127,108,533,9,1,1,3,3,273
5,127,635,every_other,15,151,107,141,291,1,1,3,3,273
5,127,635,to_target_bits,14,106,39,511,45,1,1,3,3,273
5,131,655,first,15,117,652,75,651,1,3,1,3,441
5,131,655,odd_first,15,127,518,255,653,1,3,1,3,441
5,131,655,every_other,15,151,42,315,467,1,3,1,3,441
5,131,655,to_target_bits,14,106,129,111,185,1,3,1,3,441
5,137,685,first,15,117,437,171,343,1,171,343,58653,63
5,137,685,odd_first,15,127,193,513,343,1,171,343,58653,63
5,137,685,every_other,15,151,607,171,343,1,171,343,58653,63
5,137,685,to_target_bits,14,106,429,513,343,1,171,343,58653,63
5,139,695,first,15,117,417,559,75,139,1,3,3,21
5,139,695,odd_first,15,127,278,161,21,139,1,3,3,21
5,139,695,every_other,15,151,417,423,555,139,1,3,3,21
5,139,695,to_target_bits,14,106,139,461,465,139,1,3,3,21
5,149,745,first,15,117,32,651,689,1,93,1,93,63
5,149,745,odd_first,15,127,353,93,583,1,93,1,93,63
5,149,745,every_other,15,151,287,483,733,1,3,1,3,63
5,149,745,to_target_bits,14,106,579,465,329,1,93,1,93,63
5,151,755,first,15,117,262,481,567,1,13,189,2457,21
5,151,755,odd_first,15,127,688,195,189,1,13,189,2457,21
5,151,755,every_other,15,151,442,91,567,1,13,189,2457,21
5,151,755,to_target_bits,14,106,634,117,189,1,13,189,2457,21
5,157,785,first,15,117,157,539,783,157,49,3,147,147
5,157,785,odd_first,15,127,628,637,387,157,49,3,147,147
5,157,785,every_other,15,151,597,147,435,1,49,3,147,147
5,157,785,to_target_bits,14,106,314,441,129,157,49,3,147,147
5,163,815,first,15,117,622,259,267,1,37,3,111,21
5,163,815,odd_first,15,127,303,333,573,1,37,3,111,21
5,163,815,every_other,15,151,652,37,531,163,37,3,111,21
5,163,815,to_target_bits,14,106,229,37,105,1,37,3,111,21
5,167,835,first,15,117,272,417,171,1,417,19,7923,63
5,167,835,odd_first,15,127,303,417,817,1,417,19,7923,63
5,167,835,every_other,15,151,502,417,323,1,417,19,7923,63
5,167,835,to_target_bits,14,106,634,417,741,1,417,19,7923,63
5,173,865,first,15,117,802,27,459,1,27,1,27,5733
5,173,865,odd_first,15,127,58,621,79,1,27,1,27,5733
5,173,865,every_other,15,151,672,243,571,1,27,1,27,5733
5,173,865,to_target_bits,14,106,739,729,853,1,27,1,27,5733
5,179,895,first,15,117,782,777,763,1,3,7,21,669123
5,179,895,odd_first,15,127,868,651,525,1,3,7,21,669123
5,179,895,every_other,15,151,477,585,147,1,3,7,21,15561
5,179,895,to_target_bits,14,106,434,579,217,1,3,7,21,669123
5,181,905,first,15,117,177,579,111,1,1,3,3,651
5,181,905,odd_first,15,127,668,549,537,1,1,3,3,651
5,181,905,every_other,15,151,862,155,291,1,1,3,3,21
5,181,905,to_target_bits,14,106,644,241,483,1,1,3,3,651
5,191,955,first,15,117,697,27,251,1,9,1,9,63
5,191,955,odd_first,15,127,693,9,273,1,9,1,9,63
5,191,955,every_other,15,151,102,927,655,1,9,1,9,63
5,191,955,to_target_bits,14,106,384,45,1,1,9,1,9,63
5,193,965,first,15,117,317,851,525,1,1,21,21,21
5,193,965,odd_first,15,127,858,265,441,1,1,21,21,21
5,193,965,every_other,15,151,772,659,945,193,1,21,21,21
5,193,965,to_target_bits,14,106,254,541,525,1,1,21,21,21
5,197,985,first,15,117,32,651,539,1,3,1,3,63
5,197,985,odd_first,15,127,843,981,369,1,3,1,3,63
5,197,985,every_other,15,151,872,795,497,1,3,1,3,3843
5,197,985,to_target_bits,14,106,189,513,581,1,3,1,3,63
5,199,995,first,15,117,417,21,771,1,7,3,21,1911
5,199,995,odd_first,15,127,148,413,393,1,7,3,21,1911
5,199,995,every_other,15,151,607,343,411,1,7,3,21,1911
5,199,995,to_target_bits,14,106,359,91,453,1,7,3,21,1911
5,211,1055,first,15,117,452,403,699,1,31,3,93,21
5,211,1055,odd_first,15,127,773,403,333,1,31,3,93,21
5,211,1055,every_other,15,151,402,1041,147,1,1,3,3,21
5,211,1055,to_target_bits,14,106,964,1023,345,1,31,3,93,21
5,223,1115,first,15,117,632,7,279,1,1,279,279,651
5,223,1115,odd_first,15,127,1008,863,837,1,1,279,279,651
5,223,1115,every_other,15,151,307,409,855,1,1,9,9,21
5,223,1115,to_target_bits,14,106,1039,137,837,1,1,279,279,651
5,227,1135,first,15,117,432,567,731,1,567,1,567,3087
5,227,1135,odd_first,15,127,893,567,413,1,567,1,567,3087
5,227,1135,every_other,15,151,842,567,627,1,567,1,567,3087
5,227,1135,to_target_bits,14,106,49,567,233,1,567,1,567,3087
5,229,1145,first,15,117,1002,611,315,1,13,3,39,147
5,229,1145,odd_first,15,127,258,949,693,1,13,3,39,147
5,229,1145,every_other,15,151,707,1027,675,1,13,3,39,147
5,229,1145,to_target_bits,14,106,1074,169,957,1,13,3,39,147
5,233,1165,first,15,117,797,1131,875,1,3,1,3,2331
5,233,1165,odd_first,15,127,823,1101,751,1,3,1,3,2331
5,233,1165,every_other,15,151,782,339,609,1,3,1,3,2331
5,233,1165,to_target_bits,14,106,644,621,257,1,3,1,3,2331
5,239,1195,first,15,117,12,417,663,1,3,13,39,63
5,239,1195,odd_first,15,127,273,1143,533,1,3,13,39,63
5,239,1195,every_other,15,151,177,1005,715,1,3,13,39,4221
5,239,1195,to_target_bits,14,106,479,1155,65,1,3,13,39,63
5,241,1205,first,15,117,1092,903,1035,1,301,9,2709,147
5,241,1205,odd_first,15,127,988,301,837,1,301,9,2709,147
5,241,1205,every_other,15,151,177,1183,603,1,7,603,4221,147
5,241,1205,to_target_bits,14,106,59,301,1197,1,301,9,2709,147
5,251,1255,first,15,117,957,171,1099,1,57,157,8949,819
5,251,1255,odd_first,15,127,983,399,157,1,57,157,8949,819
5,251,1255,every_other,15,151,462,741,283,1,57,1,57,819
5,251,1255,to_target_bits,14,106,594,741,785,1,57,157,8949,819
5,257,1285,first,15,117,537,555,603,1,3,1,3,5733
5,257,1285,odd_first,15,127,63,297,1177,1,3,1,3,5733
5,257,1285,every_other,15,151,337,771,1103,1,3,1,3,5733
5,257,1285,to_target_bits,14,106,1009,1029,423,1,3,1,3,5733
5,263,1315,first,15,117,137,1287,119,1,9,7,63,6489
5,263,1315,odd_first,15,127,978,153,133,1,9,7,63,6489
5,263,1315,every_other,15,151,62,477,735,1,9,7,63,6489
5,263,1315,to_target_bits,14,106,194,585,777,1,9,7,63,63
5,269,1345,first,15,117,1072,315,53,1,21,1,21,441
5,269,1345,odd_first,15,127,628,525,251,1,21,1,21,441
5,269,1345,every_other,15,151,872,147,1289,1,21,1,21,441
5,269,1345,to_target_bits,14,106,1149,1113,1323,1,21,1,21,441
5,271,1355,first,15,117,542,541,579,271,1,3,3,147
5,271,1355,odd_first,15,127,813,261,549,271,1,3,3,147
5,271,1355,every_other,15,151,662,1023,1059,1,1,3,3,147
5,271,1355,to_target_bits,14,106,1084,717,693,271,1,3,3,147
5,277,1385,first,15,117,587,283,567,1,1,63,63,273
5,277,1385,odd_first,15,127,688,1269,1323,1,1,63,63,273
5,277,1385,every_other,15,151,1212,499,1071,1,1,63,63,273
5,277,1385,to_target_bits,14,106,914,393,1071,1,1,63,63,273
5,281,1405,first,15,117,412,351,703,1,351,703,246753,63
5,281,1405,odd_first,15,127,683,1053,703,1,351,703,246753,63
5,281,1405,every_other,15,151,1397,351,703,1,351,703,246753,63
5,281,1405,to_target_bits,14,106,134,1053,703,1,351,703,246753,63
5,283,1415,first,15,117,347,679,315,1,7,3,21,1911
5,283,1415,odd_first,15,127,518,427,621,1,7,3,21,1911
5,283,1415,every_other,15,151,1362,763,243,1,7,3,21,1911
5,283,1415,to_target_bits,14,106,1179,1043,825,1,7,3,21,1911
5,293,1465,first,15,117,122,675,1321,1,3,1,3,1197
5,293,1465,odd_first,15,127,778,1053,151,1,3,1,3,1197
5,293,1465,every_other,15,151,127,915,1381,1,183,1,183,1796697
5,293,1465,to_target_bits,14,106,1419,1377,961,1,3,1,3,1197
5,307,1535,first,15,117,407,1495,1275,1,13,3,39,777
5,307,1535,odd_first,15,127,1028,975,1293,1,13,3,39,777
5,307,1535,every_other,15,151,847,715,147,1,13,3,39,777
5,307,1535,to_target_bits,14,106,1279,117,345,1,13,3,39,777
5,311,1555,first,15,117,282,777,859,1,777,1,777,441
5,311,1555,odd_first,15,127,1028,777,529,1,777,1,777,441
5,311,1555,every_other,15,151,1367,777,1191,1,777,1,777,441
5,311,1555,to_target_bits,14,106,824,777,409,1,777,1,777,441
5,313,1565,first,15,117,722,1491,945,1,1,27,27,1029
5,313,1565,odd_first,15,127,1523,165,891,1,1,27,27,1029
5,313,1565,every_other,15,151,2,531,729,1,1,27,27,1029
5,313,1565,to_target_bits,14,106,399,1261,1161,1,1,27,27,1029
5,317,1585,first,15,117,1182,171,65,1,9,13,117,63
5,317,1585,odd_first,15,127,533,333,1053,1,9,13,117,63
5,317,1585,every_other,15,151,1092,675,793,1,9,793,7137,63
5,317,1585,to_target_bits,14,106,194,873,767,1,9,13,117,63
5,331,1655,first,15,117,1137,1629,387,1,1,9,9,399
5,331,1655,odd_first,15,127,598,181,1269,1,1,9,9,399
5,331,1655,every_other,15,151,517,845,531,1,1,9,9,399
5,331,1655,to_target_bits,14,106,214,1329,801,1,1,9,9,399
5,337,1685,first,15,117,147,475,693,1,1,3,3,21
5,337,1685,odd_first,15,127,293,369,1245,1,1,3,3,21
5,337,1685,every_other,15,151,877,1011,273,1,1,3,3,21
5,337,1685,to_target_bits,14,106,589,901,1539,1,1,3,3,21
5,347,1735,first,15,117,212,1083,651,1,3,217,651,1953
5,347,1735,odd_first,15,127,508,1695,1085,1,3,217,651,1953
5,347,1735,every_other,15,151,1117,531,483,1,3,7,21,63
5,347,1735,to_target_bits,14,106,114,819,217,1,3,217,651,1953
5,349,1745,first,15,117,272,75,549,1,1,9,9,21
5,349,1745,odd_first,15,127,433,909,1683,1,1,9,9,21
5,349,1745,every_other,15,151,942,1187,1503,1,1,9,9,21
5,349,1745,to_target_bits,14,106,9,329,621,1,1,9,9,21
5,353,1765,first,15,117,632,1323,1623,1,441,1,441,441
5,353,1765,odd_first,15,127,123,441,1033,1,441,1,441,441
5,353,1765,every_other,15,151,1497,1323,971,1,441,1,441,26901
5,353,1765,to_target_bits,14,106,924,441,787,1,441,1,441,441
5,359,1795,first,15,117,157,663,1135,1,39,1,39,63
5,359,1795,odd_first,15,127,683,1131,1385,1,39,1,39,63
5,359,1795,every_other,15,151,262,117,1595,1,39,1,39,63
5,359,1795,to_target_bits,14,106,1254,663,1481,1,39,1,39,63
5,367,1835,first,15,117,527,259,675,1,7,27,189,4557
5,367,1835,odd_first,15,127,1708,1435,1593,1,7,27,189,4557
5,367,1835,every_other,15,151,1177,959,1755,1,7,27,189,147
5,367,1835,to_target_bits,14,106,824,1701,513,1,7,27,189,4557
5,373,1865,first,15,117,1062,331,1215,1,1,3,3,399
5,373,1865,odd_first,15,127,583,357,717,1,1,3,3,399
5,373,1865,every_other,15,151,1852,83,123,1,1,3,3,26733
5,373,1865,to_target_bits,14,106,329,1809,513,1,1,3,3,399
5,379,1895,first,15,117,1552,631,555,1,1,3,3,21
5,379,1895,odd_first,15,127,1248,325,21,1,1,3,3,21
5,379,1895,every_other,15,151,207,1731,1659,1,1,237,237,21
5,379,1895,to_target_bits,14,106,1024,115,1401,1,1,3,3,21
5,383,1915,first,15,117,1197,1293,1115,1,3,1,3,441
5,383,1915,odd_first,15,127,833,1587,1541,1,3,1,3,441
5,383,1915,every_other,15,151,1352,1599,119,1,3,1,3,441
5,383,1915,to_target_bits,14,106,1804,1335,1905,1,3,1,3,441
5,389,1945,first,15,117,1637,243,973,1,243,973,236439,63
5,389,1945,odd_first,15,127,918,1701,973,1,243,973,236439,63
5,389,1945,every_other,15,151,802,243,973,1,243,973,236439,63
5,389,1945,to_target_bits,14,106,409,729,973,1,243,973,236439,63
5,397,1985,first,15,117,222,1147,1137,1,31,3,93,5439
5,397,1985,odd_first,15,127,1548,589,267,1,31,3,93,5439
5,397,1985,every_other,15,151,1352,979,1179,1,1,3,3,5439
5,397,1985,to_target_bits,14,106,1674,217,1869,1,31,3,93,5439
5,401,2005,first,15,117,852,1107,1967,1,3,1,3,63
5,401,2005,odd_first,15,127,1038,1305,267,1,3,1,3,63
5,401,2005,every_other,15,151,592,1671,361,1,3,1,3,63
5,401,2005,to_target_bits,14,106,1249,801,1533,1,3,1,3,63
5,409,2045,first,15,117,132,119,1953,1,7,93,651,4557
5,409,2045,odd_first,15,127,653,1029,465,1,7,93,651,4557
5,409,2045,every_other,15,151,1217,623,1599,1,7,3,21,147
5,409,2045,to_target_bits,14,106,729,1169,279,1,7,93,651,4557
5,419,2095,first,15,117,612,621,1307,1,3,1,3,63
5,419,2095,odd_first,15,127,968,1131,125,1,3,1,3,63
5,419,2095,every_other,15,151,1647,1989,435,1,3,1,3,4977
5,419,2095,to_target_bits,14,106,9,9,1177,1,3,1,3,63
5,421,2105,first,15,117,1317,1715,1053,1,1,1053,1053,21
5,421,2105,odd_first,15,127,2053,189,1053,1,1,1053,1053,21
5,421,2105,every_other,15,151,1432,851,1053,1,1,1053,1053,21
5,421,2105,to_target_bits,14,106,59,457,1053,1,1,1053,1053,21
5,431,2155,first,15,117,422,1593,2107,1,3,49,147,63
5,431,2155,odd_first,15,127,2073,1401,245,1,3,49,147,63
5,431,2155,every_other,15,151,1547,621,147,1,3,49,147,10269
5,431,2155,to_target_bits,14,106,1669,177,1225,1,3,49,147,63
5,433,2165,first,15,117,892,1559,855,1,1,57,57,273
5,433,2165,odd_first,15,127,1378,153,1653,1,1,57,57,273
5,433,2165,every_other,15,151,1437,2111,1083,1,1,1083,1083,273
5,433,2165,to_target_bits,14,106,1719,605,1881,1,1,57,57,273
5,439,2195,first,15,117,1007,53,675,1,1,9,9,1911
5,439,2195,odd_first,15,127,1338,439,1053,1,1,9,9,1911
5,439,2195,every_other,15,151,537,1417,1647,1,1,549,549,1911
5,439,2195,to_target_bits,14,106,1409,1343,1377,1,1,9,9,1911
5,443,2215,first,15,117,322,405,587,1,27,1,27,63
5,443,2215,odd_first,15,127,1323,243,965,1,27,1,27,63
5,443,2215,every_other,15,151,897,2025,2043,1,27,1,27,63
5,443,2215,to_target_bits,14,106,79,513,1745,1,27,1,27,63
5,449,2245,first,15,117,237,1491,2011,1,3,1,3,1197
5,449,2245,odd_first,15,127,38,1389,1897,1,3,1,3,1197
5,449,2245,every_other,15,151,697,939,959,1,3,1,3,1197
5,449,2245,to_target_bits,14,106,134,1533,977,1,3,1,3,1197
5,457,2285,first,15,117,802,1435,2061,1,1,9,9,21
5,457,2285,odd_first,15,127,1268,897,1251,1,1,9,9,21
5,457,2285,every_other,15,151,582,1311,1377,1,1,9,9,21
5,457,2285,to_target_bits,14,106,1754,1989,801,1,1,9,9,21
5,461,2305,first,15,117,82,2043,1457,1,9,1,9,63
5,461,2305,odd_first,15,127,1598,2061,1503,1,9,1,9,63
5,461,2305,every_other,15,151,892,1683,2043,1,9,1,9,63
5,461,2305,to_target_bits,14,106,389,1881,1167,1,9,1,9,63
5,463,2315,first,15,117,2012,1833,2247,1,13,3,39,21
5,463,2315,odd_first,15,127,1658,2249,1437,1,13,3,39,21
5,463,2315,every_other,15,151,932,1183,579,1,13,579,7527,21
5,463,2315,to_target_bits,14,106,2119,325,1605,1,13,3,39,21
5,467,2335,first,15,117,2072,81,411,1,3,1,3,18963
5,467,2335,odd_first,15,127,1143,2085,1613,1,3,1,3,18963
5,467,2335,every_other,15,151,2087,1191,915,1,3,1,3,441
5,467,2335,to_target_bits,14,106,1074,1965,1753,1,3,1,3,18963
5,479,2395,first,15,117,157,1197,2319,1,1197,1,1197,441
5,479,2395,odd_first,15,127,583,1197,1117,1,1197,1,1197,441
5,479,2395,every_other,15,151,1077,1197,379,1,1197,1,1197,441
5,479,2395,to_target_bits,14,106,2384,1197,1985,1,1197,1,1197,441
5,487,2435,first,15,117,2262,879,2163,1,1,21,21,399
5,487,2435,odd_first,15,127,1723,2147,21,1,1,21,21,399
5,487,2435,every_other,15,151,817,663,903,1,1,21,21,399
5,487,2435,to_target_bits,14,106,869,365,2205,1,1,21,21,399
5,491,2455,first,15,117,2077,1359,1635,1,3,1,3,25389
5,491,2455,odd_first,15,127,1228,2289,1949,1,3,1,3,25389
5,491,2455,every_other,15,151,2247,399,2075,1,3,1,3,819
5,491,2455,to_target_bits,14,106,119,729,665,1,3,1,3,25389
5,499,2495,first,15,117,1462,2279,507,1,43,39,1677,21
5,499,2495,odd_first,15,127,1268,1935,1677,1,43,39,1677,21
5,499,2495,every_other,15,151,2052,323,2067,1,1,39,39,1407
5,499,2495,to_target_bits,14,106,1694,1161,2457,1,43,39,1677,21
7,11,77,first,15,117,28,19,39,7,19,39,741,4773
7,11,77,odd_first,15,127,14,57,39,7,19,39,741,4773
7,11,77,every_other,15,151,70,19,39,7,19,39,741,111
7,11,77,to_target_bits,14,106,70,57,39,7,19,39,741,4773
7,13,91,first,15,117,0,27,19,91,9,1,9,6751
7,13,91,odd_first,15,127,0,63,73,91,9,1,9,6751
7,13,91,every_other,15,151,0,27,71,91,9,1,9,1
7,13,91,to_target_bits,14,106,0,9,65,91,9,1,9,6751
7,17,119,first,15,117,63,79,27,7,1,3,3,11739
7,17,119,odd_first,15,127,63,31,93,7,1,3,3,11739
7,17,119,every_other,15,151,21,7,27,7,1,3,3,273
7,17,119,to_target_bits,14,106,105,117,9,7,1,3,3,11739
7,19,133,first,15,117,0,39,97,133,3,1,3,14749
7,19,133,odd_first,15,127,0,69,33,133,3,1,3,14749
7,19,133,every_other,15,151,0,15,67,133,3,67,201,343
7,19,133,to_target_bits,14,106,0,81,125,133,3,1,3,14749
7,23,161,first,15,117,42,27,81,7,1,81,81,21801
7,23,161,odd_first,15,127,119,13,81,7,1,81,81,21801
7,23,161,every_other,15,151,140,147,81,7,1,81,81,507
7,23,161,to_target_bits,14,106,42,89,81,7,1,81,81,21801
7,29,203,first,15,117,133,73,63,7,1,3,3,34959
7,29,203,odd_first,15,127,21,23,165,7,1,3,3,34959
7,29,203,every_other,15,151,91,157,123,7,1,3,3,3
7,29,203,to_target_bits,14,106,175,33,105,7,1,3,3,34959
7,31,217,first,15,117,0,27,75,217,27,1,27,40033
7,31,217,odd_first,15,127,0,189,37,217,27,1,27,40033
7,31,217,every_other,15,151,49,27,97,7,27,1,27,931
7,31,217,to_target_bits,14,106,0,81,111,217,27,1,27,40033
7,37,259,first,15,117,0,129,247,259,129,13,1677,57319
7,37,259,odd_first,15,127,0,129,13,259,129,13,1677,57319
7,37,259,every_other,15,151,0,237,247,259,3,13,39,1
7,37,259,to_target_bits,14,106,0,129,169,259,129,13,1677,57319
7,41,287,first,15,117,77,39,27,7,13,9,117,70563
7,41,287,odd_first,15,127,161,91,45,7,13,9,117,70563
7,41,287,every_other,15,151,98,169,243,7,13,9,117,1641
7,41,287,to_target_bits,14,106,21,169,153,7,13,9,117,70563
7,43,301,first,15,117,0,87,111,301,3,1,3,77701
7,43,301,odd_first,15,127,0,153,235,301,3,1,3,77701
7,43,301,every_other,15,151,280,87,291,7,3,1,3,1807
7,43,301,to_target_bits,14,106,0,249,181,301,3,1,3,77701
7,47,329,first,15,117,119,323,237,7,1,3,3,93009
7,47,329,odd_first,15,127,133,325,3,7,1,3,3,93009
7,47,329,every_other,15,151,77,139,147,7,1,3,3,2163
7,47,329,to_target_bits,14,106,119,185,279,7,1,3,3,903
7,53,371,first,15,117,133,37,279,7,37,93,3441,129
7,53,371,odd_first,15,127,168,333,93,7,37,93,3441,118551
7,53,371,every_other,15,151,238,37,111,7,37,3,111,3
7,53,371,to_target_bits,14,106,98,259,93,7,37,93,3441,129
7,59,413,first,15,117,315,103,387,7,103,9,927,903
7,59,413,odd_first,15,127,385,309,27,7,103,9,927,903
7,59,413,every_other,15,151,7,103,117,7,103,9,927,3423
7,59,413,to_target_bits,14,106,294,277,387,7,1,9,9,903
7,61,427,first,15,117,126,21,127,7,3,1,3,301
7,61,427,odd_first,15,127,77,129,297,7,3,1,3,301
7,61,427,every_other,15,151,0,201,343,427,3,1,3,7
7,61,427,to_target_bits,14,106,35,375,173,7,3,1,3,301
7,67,469,first,15,117,231,351,307,7,117,1,117,43
7,67,469,odd_first,15,127,301,117,133,7,117,1,117,43
7,67,469,every_other,15,151,0,351,77,469,117,1,117,4423
7,67,469,to_target_bits,14,106,259,117,119,7,117,1,117,43
7,71,497,first,15,117,21,155,273,7,31,3,93,129
7,71,497,odd_first,15,127,413,93,393,7,31,3,93,129
7,71,497,every_other,15,151,343,483,411,7,1,3,3,3
7,71,497,to_target_bits,14,106,91,217,453,7,31,3,93,129
7,73,511,first,15,117,119,267,251,7,3,1,3,301
7,73,511,odd_first,15,127,7,63,269,7,3,1,3,301
7,73,511,every_other,15,151,112,327,147,7,3,1,3,5257
7,73,511,to_target_bits,14,106,147,309,345,7,3,1,3,301
7,79,553,first,15,117,476,387,33,7,3,1,3,43
7,79,553,odd_first,15,127,21,165,411,7,3,1,3,43
7,79,553,every_other,15,151,0,531,381,553,3,1,3,1
7,79,553,to_target_bits,14,106,532,249,83,7,3,1,3,43
7,83,581,first,15,117,273,307,549,7,1,3,3,129
7,83,581,odd_first,15,127,476,253,519,7,1,3,3,129
7,83,581,every_other,15,151,245,207,339,7,1,3,3,6807
7,83,581,to_target_bits,14,106,287,349,39,7,1,3,3,129
7,89,623,first,15,117,231,593,507,7,1,39,39,903
7,89,623,odd_first,15,127,469,95,429,7,1,39,39,903
7,89,623,every_other,15,151,560,123,195,7,1,39,39,21
7,89,623,to_target_bits,14,106,147,513,585,7,1,39,39,903
7,97,679,first,15,117,161,579,267,7,3,1,3,5977
7,97,679,odd_first,15,127,616,549,573,7,3,1,3,5977
7,97,679,every_other,15,151,630,381,667,7,3,1,3,9313
7,97,679,to_target_bits,14,106,427,15,649,7,3,1,3,5977
7,101,707,first,15,117,679,279,315,7,1,3,3,434343
7,101,707,odd_first,15,127,427,123,621,7,1,3,3,434343
7,101,707,every_other,15,151,56,85,243,7,1,3,3,10101
7,101,707,to_target_bits,14,106,336,571,117,7,1,3,3,434343
7,103,721,first,15,117,0,27,133,721,9,19,171,5719
7,103,721,odd_first,15,127,0,333,209,721,9,19,171,5719
7,103,721,every_other,15,151,0,387,361,721,9,361,3249,10507
7,103,721,to_target_bits,14,106,483,9,437,7,9,19,171,5719
7,107,749,first,15,117,448,743,87,7,1,3,3,2451
7,107,749,odd_first,15,127,511,641,453,7,1,3,3,2451
7,107,749,every_other,15,151,343,191,387,7,1,3,3,57
7,107,749,to_target_bits,14,106,280,37,249,7,1,3,3,2451
7,109,763,first,15,117,511,537,315,7,3,1,3,43
7,109,763,odd_first,15,127,364,489,693,7,3,1,3,43
7,109,763,every_other,15,151,315,615,675,7,3,1,3,11773
7,109,763,to_target_bits,14,106,329,39,193,7,3,1,3,43
7,113,791,first,15,117,14,397,171,7,1,9,9,129
7,113,791,odd_first,15,127,210,653,333,7,1,9,9,129
7,113,791,every_other,15,151,42,237,675,7,79,9,711,3
7,113,791,to_target_bits,14,106,693,769,81,7,1,9,9,129
7,127,889,first,15,117,791,555,587,7,111,1,111,559
7,127,889,odd_first,15,127,616,333,113,7,111,1,111,559
7,127,889,every_other,15,151,742,555,827,7,111,1,111,13
7,127,889,to_target_bits,14,106,420,777,859,7,111,1,111,559
7,131,917,first,15,117,259,315,675,7,1,27,27,903
7,131,917,odd_first,15,127,518,29,675,7,1,27,27,903
7,131,917,every_other,15,151,42,707,837,7,1,27,27,21
7,131,917,to_target_bits,14,106,784,845,513,7,1,27,27,903
7,137,959,first,15,117,574,157,507,7,1,3,3,129
7,137,959,odd_first,15,127,56,583,333,7,1,3,3,129
7,137,959,every_other,15,151,196,119,147,7,1,3,3,3
7,137,959,to_target_bits,14,106,840,947,729,7,1,3,3,129
7,139,973,first,15,117,0,243,801,973,243,1,243,43
7,139,973,odd_first,15,127,0,729,749,973,243,1,243,43
7,139,973,every_other,15,151,0,243,817,973,243,1,243,1
7,139,973,to_target_bits,14,106,0,729,869,973,243,1,243,43
7,149,1043,first,15,117,777,893,423,7,1,9,9,129
7,149,1043,odd_first,15,127,651,613,369,7,1,9,9,129
7,149,1043,every_other,15,151,287,141,207,7,1,9,9,3
7,149,1043,to_target_bits,14,106,728,407,117,7,1,9,9,129
7,151,1057,first,15,117,413,699,111,7,3,1,3,43
7,151,1057,odd_first,15,127,84,333,441,7,3,1,3,43
7,151,1057,every_other,15,151,140,147,1037,7,3,1,3,1
7,151,1057,to_target_bits,14,106,483,345,295,7,3,1,3,43
7,157,1099,first,15,117,0,675,787,1099,9,1,9,301
7,157,1099,odd_first,15,127,0,1053,553,1099,9,1,9,301
7,157,1099,every_other,15,151,126,549,587,7,549,1,549,7
7,157,1099,to_target_bits,14,106,0,279,1049,1099,9,1,9,301
7,163,1141,first,15,117,133,627,293,7,57,1,57,43
7,163,1141,odd_first,15,127,140,513,897,7,57,1,57,43
7,163,1141,every_other,15,151,0,627,169,1141,57,1,57,1
7,163,1141,to_target_bits,14,106,392,969,847,7,57,1,57,43
7,167,1169,first,15,117,105,411,117,7,1,117,117,129
7,167,1169,odd_first,15,127,637,445,1053,7,1,117,117,129
7,167,1169,every_other,15,151,168,915,117,7,1,117,117,3
7,167,1169,to_target_bits,14,106,133,585,819,7,1,117,117,129
7,173,1211,first,15,117,1148,237,1083,7,1,3,3,11739
7,173,1211,odd_first,15,127,231,3,225,7,1,3,3,11739
7,173,1211,every_other,15,151,672,917,1167,7,1,3,3,273
7,173,1211,to_target_bits,14,106,1085,1049,33,7,1,3,3,11739
7,179,1253,first,15,117,245,1035,171,7,1,57,57,1370109
7,179,1253,odd_first,15,127,868,897,399,7,1,57,57,1370109
7,179,1253,every_other,15,151,119,315,741,7,1,57,57,741
7,179,1253,to_target_bits,14,106,434,1025,741,7,1,57,57,1370109
7,181,1267,first,15,117,539,663,231,7,3,1,3,1333
7,181,1267,odd_first,15,127,1211,351,533,7,3,1,3,1333
7,181,1267,every_other,15,151,1043,1035,775,7,3,1,3,1
7,181,1267,to_target_bits,14,106,644,753,1145,7,3,1,3,1333
7,191,1337,first,15,117,315,1107,855,7,1,3,3,129
7,191,1337,odd_first,15,127,693,637,339,7,1,3,3,129
7,191,1337,every_other,15,151,1057,1003,753,7,1,3,3,3
7,191,1337,to_target_bits,14,106,1148,801,147,7,1,3,3,129
7,193,1351,first,15,117,896,837,507,7,27,169,4563,43
7,193,1351,odd_first,15,127,665,1053,845,7,27,169,4563,43
7,193,1351,every_other,15,151,0,837,507,1351,27,169,4563,1
7,193,1351,to_target_bits,14,106,833,999,169,7,27,169,4563,43
7,197,1379,first,15,117,623,663,387,7,13,3,39,129
7,197,1379,odd_first,15,127,252,221,993,7,13,3,39,129
7,197,1379,every_other,15,151,84,715,807,7,13,3,39,183
7,197,1379,to_target_bits,14,106,189,1105,249,7,13,3,39,129
7,199,1393,first,15,117,616,75,1389,7,3,1,3,3913
7,199,1393,odd_first,15,127,546,717,981,7,3,1,3,3913
7,199,1393,every_other,15,151,1204,1251,1041,7,3,1,3,91
7,199,1393,to_target_bits,14,106,1155,1161,513,7,3,1,3,3913
7,211,1477,first,15,117,1085,1143,1103,7,9,1,9,43
7,211,1477,odd_first,15,127,140,981,1227,7,9,1,9,43
7,211,1477,every_other,15,151,1246,1287,547,7,9,1,9,1
7,211,1477,to_target_bits,14,106,1386,513,787,7,9,1,9,43
7,223,1561,first,15,117,1078,507,589,7,39,1,39,1333
7,223,1561,odd_first,15,127,1008,1053,839,7,39,1,39,1333
7,223,1561,every_other,15,151,84,507,59,7,39,1,39,1
7,223,1561,to_target_bits,14,106,147,1209,1511,7,39,1,39,1333
7,227,1589,first,15,117,1113,619,27,7,1,3,3,6321
7,227,1589,odd_first,15,127,1120,357,963,7,1,3,3,6321
7,227,1589,every_other,15,151,161,955,927,7,1,3,3,147
7,227,1589,to_target_bits,14,106,49,1277,999,7,1,3,3,6321
7,229,1603,first,15,117,315,765,451,7,9,1,9,301
7,229,1603,odd_first,15,127,945,1359,637,7,9,1,9,301
7,229,1603,every_other,15,151,707,1539,191,7,9,1,9,7
7,229,1603,to_target_bits,14,106,616,1215,1249,7,9,1,9,301
7,233,1631,first,15,117,98,1437,1083,7,1,3,3,4773
7,233,1631,odd_first,15,127,357,303,1389,7,1,3,3,4773
7,233,1631,every_other,15,151,1015,1467,531,7,163,3,489,111
7,233,1631,to_target_bits,14,106,644,229,921,7,1,3,3,4773
7,239,1673,first,15,117,490,171,837,7,19,837,15903,129
7,239,1673,odd_first,15,127,273,1653,837,7,19,837,15903,129
7,239,1673,every_other,15,151,1372,323,297,7,19,27,513,201
7,239,1673,to_target_bits,14,106,1435,1577,837,7,19,837,15903,129
7,241,1687,first,15,117,1092,693,1507,7,3,1,3,301
7,241,1687,odd_first,15,127,1470,1245,773,7,3,1,3,301
7,241,1687,every_other,15,151,1141,273,1035,7,3,1,3,7
7,241,1687,to_target_bits,14,106,1505,1539,753,7,3,1,3,301
7,251,1757,first,15,117,455,1007,1587,7,1,3,3,1677
7,251,1757,odd_first,15,127,1736,21,1071,7,1,3,3,1677
7,251,1757,every_other,15,151,462,1415,1299,7,1,3,3,39
7,251,1757,to_target_bits,14,106,343,1409,1419,7,1,3,3,1677
7,257,1799,first,15,117,280,713,387,7,31,9,279,11739
7,257,1799,odd_first,15,127,63,775,1053,7,31,9,279,11739
7,257,1799,every_other,15,151,1365,1599,387,7,1,9,9,273
7,257,1799,to_target_bits,14,106,238,465,1449,7,31,9,279,11739
7,263,1841,first,15,117,1715,1307,1635,7,1,3,3,13287
7,263,1841,odd_first,15,127,189,1453,1335,7,1,3,3,13287
7,263,1841,every_other,15,151,588,1267,1461,7,1,3,3,309
7,263,1841,to_target_bits,14,106,1246,249,51,7,1,3,3,129
7,269,1883,first,15,117,1610,593,471,7,1,471,471,903
7,269,1883,odd_first,15,127,1435,1069,1413,7,1,471,471,903
7,269,1883,every_other,15,151,1141,921,1539,7,1,3,3,21
7,269,1883,to_target_bits,14,106,1687,1643,1413,7,1,471,471,903
7,271,1897,first,15,117,0,555,1287,1897,3,13,39,301
7,271,1897,odd_first,15,127,0,21,299,1897,3,13,39,301
7,271,1897,every_other,15,151,1204,1659,39,7,237,13,3081,7
7,271,1897,to_target_bits,14,106,0,1401,585,1897,3,13,39,301
7,277,1939,first,15,117,1141,1083,1907,7,57,1,57,559
7,277,1939,odd_first,15,127,1519,1083,713,7,57,1,57,559
7,277,1939,every_other,15,151,658,1653,727,7,57,1,57,13
7,277,1939,to_target_bits,14,106,637,513,1009,7,57,1,57,559
7,281,1967,first,15,117,693,357,651,7,1,3,3,129
7,281,1967,odd_first,15,127,1526,1727,1965,7,1,3,3,129
7,281,1967,every_other,15,151,273,137,1779,7,1,3,3,3
7,281,1967,to_target_bits,14,106,1820,401,1497,7,1,3,3,129
7,283,1981,first,15,117,630,567,1103,7,9,1,9,3913
7,283,1981,odd_first,15,127,518,333,855,7,9,1,9,3913
7,283,1981,every_other,15,151,1645,1467,1175,7,9,1,9,91
7,283,1981,to_target_bits,14,106,896,1269,247,7,9,1,9,3913
7,293,2051,first,15,117,1001,487,1539,7,1,513,513,2451
7,293,2051,odd_first,15,127,1071,653,513,7,1,513,513,2451
7,293,2051,every_other,15,151,420,1287,1539,7,1,513,513,85557
7,293,2051,to_target_bits,14,106,833,349,513,7,1,513,513,2451
7,307,2149,first,15,117,714,603,387,7,3,43,129,1591
7,307,2149,odd_first,15,127,721,2121,903,7,3,43,129,1591
7,307,2149,every_other,15,151,847,1551,237,7,3,1,3,37
7,307,2149,to_target_bits,14,106,665,1329,1849,7,3,43,129,1591
7,311,2177,first,15,117,1526,2171,963,7,1,9,9,903
7,311,2177,odd_first,15,127,406,1933,729,7,1,9,9,903
7,311,2177,every_other,15,151,434,531,675,7,1,9,9,21
7,311,2177,to_target_bits,14,106,1757,2009,81,7,1,9,9,903
7,313,2191,first,15,117,1974,1287,1259,7,3,1,3,2107
7,313,2191,odd_first,15,127,2149,153,1837,7,3,1,3,2107
7,313,2191,every_other,15,151,315,477,1155,7,3,1,3,49
7,313,2191,to_target_bits,14,106,399,1899,2073,7,3,1,3,2107
7,317,2219,first,15,117,231,1905,1887,7,1,111,111,129
7,317,2219,odd_first,15,127,1484,693,333,7,1,111,111,129
7,317,2219,every_other,15,151,1092,1795,1887,7,1,111,111,3
7,317,2219,to_target_bits,14,106,511,167,2109,7,1,111,111,129
7,331,2317,first,15,117,1799,2247,2261,7,3,19,57,817
7,331,2317,odd_first,15,127,1260,1437,931,7,3,19,57,817
7,331,2317,every_other,15,151,1841,579,1159,7,579,1159,671061,19
7,331,2317,to_target_bits,14,106,1869,1605,2109,7,3,19,57,817
7,337,2359,first,15,117,147,783,787,7,9,1,9,43
7,337,2359,odd_first,15,127,630,387,1093,7,9,1,9,43
7,337,2359,every_other,15,151,203,2007,1187,7,9,1,9,1
7,337,2359,to_target_bits,14,106,252,1701,1769,7,9,1,9,43
7,347,2429,first,15,117,1253,1631,2187,7,1,243,243,3999
7,347,2429,odd_first,15,127,161,813,243,7,1,243,243,3999
7,347,2429,every_other,15,151,770,1803,2187,7,1,243,243,3
7,347,2429,to_target_bits,14,106,1155,1753,729,7,1,243,243,3999
7,349,2443,first,15,117,2366,1887,871,7,111,13,1443,43
7,349,2443,odd_first,15,127,84,333,1261,7,111,13,1443,43
7,349,2443,every_other,15,151,2338,1665,923,7,111,13,1443,1
7,349,2443,to_target_bits,14,106,707,1665,2093,7,111,13,1443,43
7,353,2471,first,15,117,2044,247,2163,7,247,309,76323,903
7,353,2471,odd_first,15,127,476,2223,309,7,247,309,76323,903
7,353,2471,every_other,15,151,791,247,2163,7,247,309,76323,1281
7,353,2471,to_target_bits,14,106,924,1729,2337,7,247,3,741,903
7,359,2513,first,15,117,875,1099,1869,7,157,3,471,129
7,359,2513,odd_first,15,127,2478,157,549,7,157,3,471,129
7,359,2513,every_other,15,151,980,1539,1647,7,1,3,3,3
7,359,2513,to_target_bits,14,106,2331,2041,9,7,157,3,471,129
7,367,2569,first,15,117,1995,555,537,7,3,1,3,9331
7,367,2569,odd_first,15,127,1708,1581,63,7,3,1,3,9331
7,367,2569,every_other,15,151,1911,771,337,7,3,1,3,7
7,367,2569,to_target_bits,14,106,1925,2313,1009,7,3,1,3,9331
7,373,2611,first,15,117,1435,1467,1067,7,9,1,9,817
7,373,2611,odd_first,15,127,210,1413,1073,7,9,1,9,817
7,373,2611,every_other,15,151,1106,207,1315,7,9,1,9,1273
7,373,2611,to_target_bits,14,106,329,639,1865,7,9,1,9,817
7,379,2653,first,15,117,2310,1287,2145,7,39,1,39,43
7,379,2653,odd_first,15,127,490,2613,1987,7,39,1,39,43
7,379,2653,every_other,15,151,1344,1755,1383,7,39,1,39,1
7,379,2653,to_target_bits,14,106,266,2145,1801,7,39,1,39,43
7,383,2681,first,15,117,1197,2107,2565,7,1,9,9,903
7,383,2681,odd_first,15,127,833,1373,2439,7,1,9,9,903
7,383,2681,every_other,15,151,203,67,585,7,67,9,603,21
7,383,2681,to_target_bits,14,106,1421,929,2367,7,1,9,9,903
7,389,2723,first,15,117,2415,923,2475,7,1,3,3,129
7,389,2723,odd_first,15,127,140,1695,2709,7,1,3,3,129
7,389,2723,every_other,15,151,413,321,615,7,1,3,3,3
7,389,2723,to_target_bits,14,106,798,1391,957,7,1,3,3,129
7,397,2779,first,15,117,2604,2475,1807,7,3,139,417,11137
7,397,2779,odd_first,15,127,357,2121,973,7,3,139,417,11137
7,397,2779,every_other,15,151,161,1395,1807,7,3,139,417,259
7,397,2779,to_target_bits,14,106,483,267,1529,7,3,139,417,11137
7,401,2807,first,15,117,1253,65,1755,7,1,351,351,129
7,401,2807,odd_first,15,127,637,809,1053,7,1,351,351,129
7,401,2807,every_other,15,151,2597,1037,1755,7,61,351,21411,3
7,401,2807,to_target_bits,14,106,2051,157,2457,7,1,351,351,129
7,409,2863,first,15,117,2177,27,603,7,27,1,27,9331
7,409,2863,odd_first,15,127,2289,1917,1405,7,27,1,27,9331
7,409,2863,every_other,15,151,399,2835,835,7,27,1,27,7
7,409,2863,to_target_bits,14,106,1547,999,2761,7,27,1,27,9331
7,419,2933,first,15,117,1869,2787,459,7,1,9,9,129
7,419,2933,odd_first,15,127,1806,1617,2259,7,1,9,9,129
7,419,2933,every_other,15,151,2485,2847,1467,7,1,1467,1467,237
7,419,2933,to_target_bits,14,106,847,961,2511,7,1,9,9,129
7,421,2947,first,15,117,896,1095,2107,7,3,1,3,43
7,421,2947,odd_first,15,127,1211,1719,2445,7,3,1,3,43
7,421,2947,every_other,15,151,2695,2247,2479,7,3,67,201,1
7,421,2947,to_target_bits,14,106,1743,1101,125,7,3,1,3,43
7,431,3017,first,15,117,1715,1235,1797,7,13,3,39,129
7,431,3017,odd_first,15,127,1211,949,597,7,13,3,39,129
7,431,3017,every_other,15,151,1547,91,2655,7,13,3,39,489
7,431,3017,to_target_bits,14,106,2100,1625,1371,7,13,3,39,129
7,433,3031,first,15,117,2191,477,1931,7,3,1,3,559
7,433,3031,odd_first,15,127,945,2043,869,7,3,1,3,559
7,433,3031,every_other,15,151,2303,1167,1723,7,3,1,3,13
7,433,3031,to_target_bits,14,106,420,639,2161,7,3,1,3,559
7,439,3073,first,15,117,2324,1275,133,7,3,1,3,3913
7,439,3073,odd_first,15,127,21,1293,2341,7,3,1,3,3913
7,439,3073,every_other,15,151,98,1683,2411,7,3,1,3,91
7,439,3073,to_target_bits,14,106,1848,1881,1741,7,3,1,3,3913
7,443,3101,first,15,117,322,2387,1623,7,31,3,93,129
7,443,3101,odd_first,15,127,1323,1953,2577,7,31,3,93,129
7,443,3101,every_other,15,151,2226,3087,1863,7,1,3,3,3
7,443,3101,to_target_bits,14,106,2737,2449,213,7,31,3,93,129
7,449,3143,first,15,117,686,1443,2355,7,1,3,3,2451
7,449,3143,odd_first,15,127,1834,193,1173,7,1,3,3,2451
7,449,3143,every_other,15,151,2044,931,435,7,1,3,3,57
7,449,3143,to_target_bits,14,106,2828,297,129,7,1,3,3,2451
7,457,3199,first,15,117,3087,897,1787,7,39,1,39,43
7,457,3199,odd_first,15,127,2639,2457,653,7,39,1,39,43
7,457,3199,every_other,15,151,1953,1287,787,7,39,1,39,1
7,457,3199,to_target_bits,14,106,840,1989,2649,7,39,1,39,43
7,461,3227,first,15,117,2387,1935,2955,7,1,3,3,129
7,461,3227,odd_first,15,127,2520,739,897,7,1,3,3,129
7,461,3227,every_other,15,151,2275,2393,603,7,1,3,3,3
7,461,3227,to_target_bits,14,106,2233,2511,1149,7,1,3,3,129
7,463,3241,first,15,117,623,2187,1535,7,81,1,81,43
7,463,3241,odd_first,15,127,2121,1053,395,7,81,1,81,43
7,463,3241,every_other,15,151,469,2187,2711,7,81,1,81,1
7,463,3241,to_target_bits,14,106,3045,729,921,7,81,1,81,43
7,467,3269,first,15,117,2072,2451,2037,7,817,3,2451,38829
7,467,3269,odd_first,15,127,1610,817,1563,7,817,3,2451,38829
7,467,3269,every_other,15,151,686,323,2277,7,19,3,57,21
7,467,3269,to_target_bits,14,106,140,817,1419,7,817,3,2451,38829
7,479,3353,first,15,117,3031,2707,1677,7,1,1677,1677,903
7,479,3353,odd_first,15,127,2499,549,1677,7,1,1677,1677,903
7,479,3353,every_other,15,151,119,3323,2301,7,1,39,39,21
7,479,3353,to_target_bits,14,106,2863,9,1677,7,1,1677,1677,903
7,487,3409,first,15,117,1288,3003,3317,7,3,31,93,817
7,487,3409,odd_first,15,127,749,2685,3193,7,3,31,93,817
7,487,3409,every_other,15,151,2765,627,917,7,3,1,3,19
7,487,3409,to_target_bits,14,106,3304,2505,279,7,3,31,93,817
7,491,3437,first,15,117,3059,2879,315,7,1,9,9,51987
7,491,3437,odd_first,15,127,3192,81,693,7,1,9,9,51987
7,491,3437,every_other,15,151,2247,1847,675,7,1,9,9,39
7,491,3437,to_target_bits,14,106,119,2929,3249,7,1,9,9,51987
7,499,3493,first,15,117,3458,2295,2631,7,9,1,9,43
7,499,3493,odd_first,15,127,2765,3429,41,7,9,1,9,43
7,499,3493,every_other,15,151,56,1503,2971,7,9,1,9,67
7,499,3493,to_target_bits,14,106,1694,621,2841,7,9,1,9,43
11,13,143,first,15,117,39,21,27,13,1,9,9,17427
11,13,143,odd_first,15,127,91,129,45,13,1,9,9,17427
11,13,143,every_other,15,151,26,59,99,13,1,9,9,111
11,13,143,to_target_bits,14,106,26,91,9,13,1,9,9,17427
11,17,187,first,15,117,182,93,119,1,93,1,93,30303
11,17,187,odd_first,15,127,80,93,133,1,93,1,93,30303
11,17,187,every_other,15,151,4,111,171,1,3,1,3,30303
11,17,187,to_target_bits,14,106,37,93,25,1,93,1,93,30303
11,19,209,first,15,117,171,91,147,19,13,21,273,38073
11,19,209,odd_first,15,127,190,13,63,19,13,21,273,38073
11,19,209,every_other,15,151,114,195,147,19,13,21,273,38073
11,19,209,to_target_bits,14,106,114,169,189,19,13,21,273,38073
11,23,253,first,15,117,226,63,29,1,63,1,63,56277
11,23,253,odd_first,15,127,234,189,235,1,63,1,63,56277
11,23,253,every_other,15,151,48,63,107,1,63,1,63,56277
11,23,253,to_target_bits,14,106,180,189,39,1,63,1,63,56277
11,29,319,first,15,117,17,27,187,1,3,1,3,90243
11,29,319,odd_first,15,127,311,9,13,1,3,1,3,90243
11,29,319,every_other,15,151,4,291,147,1,3,1,3,333
11,29,319,to_target_bits,14,106,59,45,89,1,3,1,3,90243
11,31,341,first,15,117,248,267,171,31,1,171,171,103341
11,31,341,odd_first,15,127,124,233,171,31,1,171,171,103341
11,31,341,every_other,15,151,235,327,171,1,1,171,171,103341
11,31,341,to_target_bits,14,106,279,309,171,31,1,171,171,103341
11,37,407,first,15,117,259,133,267,37,7,3,21,147963
11,37,407,odd_first,15,127,333,21,165,37,7,3,21,147963
11,37,407,every_other,15,151,37,91,123,37,7,3,21,111
11,37,407,to_target_bits,14,106,37,175,105,37,7,3,21,147963
11,41,451,first,15,117,446,387,127,1,9,1,9,182151
11,41,451,odd_first,15,127,366,153,97,1,9,1,9,182151
11,41,451,every_other,15,151,180,387,155,1,9,1,9,182151
11,41,451,to_target_bits,14,106,103,99,241,1,9,1,9,182151
11,43,473,first,15,117,215,315,81,43,1,3,3,200577
11,43,473,odd_first,15,127,344,149,21,43,1,3,3,200577
11,43,473,every_other,15,151,323,243,237,1,1,237,237,200577
11,43,473,to_target_bits,14,106,301,353,453,43,1,3,3,200577
11,47,517,first,15,117,72,387,259,1,129,259,33411,240093
11,47,517,odd_first,15,127,509,129,259,1,129,259,33411,240093
11,47,517,every_other,15,151,312,495,259,1,3,259,777,240093
11,47,517,to_target_bits,14,106,213,129,259,1,129,259,33411,2331
11,53,583,first,15,117,292,549,411,1,3,1,3,333
11,53,583,odd_first,15,127,168,519,445,1,3,1,3,306027
11,53,583,every_other,15,151,26,339,331,1,3,1,3,333
11,53,583,to_target_bits,14,106,257,39,1,1,3,1,3,333
11,59,649,first,15,117,138,243,637,1,81,13,1053,2331
11,59,649,odd_first,15,127,267,405,403,1,81,13,1053,2331
11,59,649,every_other,15,151,125,243,637,1,81,13,1053,379953
11,59,649,to_target_bits,14,106,235,81,299,1,81,13,1053,2331
11,61,671,first,15,117,248,97,315,1,1,21,21,777
11,61,671,odd_first,15,127,443,33,525,1,1,21,21,777
11,61,671,every_other,15,151,488,67,147,61,67,21,1407,777
11,61,671,to_target_bits,14,106,279,259,441,1,1,21,21,777
11,67,737,first,15,117,633,571,405,1,1,9,9,111
11,67,737,odd_first,15,127,234,717,243,1,1,9,9,111
11,67,737,every_other,15,151,268,531,549,67,1,9,9,490953
11,67,737,to_target_bits,14,106,125,249,513,1,1,9,9,111
11,71,781,first,15,117,589,507,709,1,39,1,39,333
11,71,781,odd_first,15,127,58,273,165,1,39,1,39,333
11,71,781,every_other,15,151,59,507,531,1,39,1,39,333
11,71,781,to_target_bits,14,106,730,429,479,1,39,1,39,333
11,73,803,first,15,117,776,451,231,1,1,3,3,777
11,73,803,odd_first,15,127,80,637,33,1,1,3,3,777
11,73,803,every_other,15,151,477,191,603,1,1,201,201,583527
11,73,803,to_target_bits,14,106,147,447,393,1,1,3,3,777
11,79,869,first,15,117,160,651,597,1,217,3,651,111
11,79,869,odd_first,15,127,179,217,543,1,217,3,651,111
11,79,869,every_other,15,151,158,483,207,79,7,3,21,111
11,79,869,to_target_bits,14,106,532,217,639,1,217,3,651,111
11,83,913,first,15,117,688,171,345,1,57,1,57,333
11,83,913,odd_first,15,127,476,285,811,1,57,1,57,333
11,83,913,every_other,15,151,411,627,125,1,57,1,57,755577
11,83,913,to_target_bits,14,106,785,57,383,1,57,1,57,333
11,89,979,first,15,117,765,459,147,1,3,49,147,2331
11,89,979,odd_first,15,127,113,303,833,1,3,49,147,2331
11,89,979,every_other,15,151,26,489,147,1,489,49,23961,2331
11,89,979,to_target_bits,14,106,147,555,49,1,3,49,147,2331
11,97,1067,first,15,117,743,897,231,1,13,3,39,15429
11,97,1067,odd_first,15,127,1004,325,825,1,13,3,39,15429
11,97,1067,every_other,15,151,48,221,471,1,13,3,39,1033743
11,97,1067,to_target_bits,14,106,136,923,681,1,13,3,39,15429
11,101,1111,first,15,117,578,777,139,1,111,139,15429,30303
11,101,1111,odd_first,15,127,124,333,973,1,111,139,15429,30303
11,101,1111,every_other,15,151,763,777,139,1,111,139,15429,30303
11,101,1111,to_target_bits,14,106,235,999,417,1,111,139,15429,30303
11,103,1133,first,15,117,721,347,567,103,1,567,567,14763
11,103,1133,odd_first,15,127,927,801,567,103,1,567,567,14763
11,103,1133,every_other,15,151,103,1079,567,103,1,567,567,1166277
11,103,1133,to_target_bits,14,106,895,613,567,1,1,567,567,14763
11,107,1177,first,15,117,127,147,589,1,147,589,86583,6327
11,107,1177,odd_first,15,127,190,1029,589,1,147,589,86583,6327
11,107,1177,every_other,15,151,664,147,855,1,147,19,2793,6327
11,107,1177,to_target_bits,14,106,708,441,589,1,147,589,86583,6327
11,109,1199,first,15,117,402,1121,987,1,1,3,3,111
11,109,1199,odd_first,15,127,146,1117,1053,1,1,3,3,111
11,109,1199,every_other,15,151,642,379,387,1,1,3,3,1306803
11,109,1199,to_target_bits,14,106,983,787,249,1,1,3,3,111
11,113,1243,first,15,117,127,1215,1215,1,27,1,27,333
11,113,1243,odd_first,15,127,1114,27,717,1,27,1,27,333
11,113,1243,every_other,15,151,268,945,123,1,27,1,27,333
11,113,1243,to_target_bits,14,106,15,1215,513,1,27,1,27,333
11,127,1397,first,15,117,1172,1319,1263,1,1,3,3,1443
11,127,1397,odd_first,15,127,1378,433,357,1,1,3,3,1443
11,127,1397,every_other,15,151,488,1291,549,1,1,3,3,1443
11,127,1397,to_target_bits,14,106,928,9,411,1,1,3,3,1443
11,131,1441,first,15,117,259,27,721,1,9,721,6489,2331
11,131,1441,odd_first,15,127,256,333,721,1,9,721,6489,2331
11,131,1441,every_other,15,151,697,1107,721,1,9,721,6489,2331
11,131,1441,to_target_bits,14,106,653,729,483,1,9,7,63,2331
11,137,1507,first,15,117,985,957,1235,1,3,13,39,333
11,137,1507,odd_first,15,127,1015,1485,949,1,3,13,39,333
11,137,1507,every_other,15,151,59,1215,91,1,3,13,39,333
11,137,1507,to_target_bits,14,106,840,1347,117,1,3,13,39,333
11,139,1529,first,15,117,556,315,1287,139,1,9,9,111
11,139,1529,odd_first,15,127,278,693,63,139,1,9,9,111
11,139,1529,every_other,15,151,1390,675,837,139,1,9,9,111
11,139,1529,to_target_bits,14,106,1390,193,819,139,1,9,9,111
11,149,1639,first,15,117,479,819,1307,1,819,1,819,333
11,149,1639,odd_first,15,127,949,819,653,1,819,1,819,333
11,149,1639,every_other,15,151,1181,819,467,1,819,1,819,333
11,149,1639,to_target_bits,14,106,1324,819,1169,1,819,1,819,333
11,151,1661,first,15,117,413,107,33,1,1,3,3,111
11,151,1661,odd_first,15,127,839,393,411,1,1,3,3,111
11,151,1661,every_other,15,151,895,1407,381,1,1,3,3,111
11,151,1661,to_target_bits,14,106,785,1449,1191,1,1,3,3,111
11,157,1727,first,15,117,314,1523,891,157,1,27,27,777
11,157,1727,odd_first,15,127,157,1577,1485,157,1,27,27,777
11,157,1727,every_other,15,151,1225,641,1107,1,1,27,27,777
11,157,1727,to_target_bits,14,106,785,983,729,157,1,27,27,777
11,163,1793,first,15,117,622,763,663,1,7,39,273,111
11,163,1793,odd_first,15,127,1444,525,1131,1,7,39,273,111
11,163,1793,every_other,15,151,1467,147,117,163,7,39,273,111
11,163,1793,to_target_bits,14,106,1533,1113,663,1,7,39,273,111
11,167,1837,first,15,117,105,675,527,1,27,1,27,333
11,167,1837,odd_first,15,127,971,1593,919,1,27,919,24813,333
11,167,1837,every_other,15,151,1170,1755,887,1,27,1,27,333
11,167,1837,to_target_bits,14,106,1302,513,1817,1,27,1,27,333
11,173,1903,first,15,117,1667,231,539,1,3,7,21,30303
11,173,1903,odd_first,15,127,58,1167,301,1,3,7,21,30303
11,173,1903,every_other,15,151,499,141,259,1,3,7,21,30303
11,173,1903,to_target_bits,14,106,1258,1779,105,1,3,7,21,30303
11,179,1969,first,15,117,424,651,1017,1,3,1,3,3536793
11,179,1969,odd_first,15,127,1763,1965,843,1,3,1,3,3536793
11,179,1969,every_other,15,151,477,1779,1857,1,3,1,3,82251
11,179,1969,to_target_bits,14,106,1687,1497,189,1,3,1,3,3536793
11,181,1991,first,15,117,358,417,771,1,1,3,3,3441
11,181,1991,odd_first,15,127,487,1143,1389,1,1,3,3,3441
11,181,1991,every_other,15,151,862,607,411,1,1,3,3,111
11,181,1991,to_target_bits,14,106,1368,359,1449,1,1,3,3,3441
11,191,2101,first,15,117,1843,987,1243,1,21,1,21,333
11,191,2101,odd_first,15,127,311,1953,931,1,21,1,21,333
11,191,2101,every_other,15,151,675,987,1439,1,21,1,21,333
11,191,2101,to_target_bits,14,106,1148,1449,2019,1,21,1,21,333
11,193,2123,first,15,117,1282,803,315,1,1,9,9,111
11,193,2123,odd_first,15,127,2016,1623,621,1,1,9,9,111
11,193,2123,every_other,15,151,1544,85,243,193,1,9,9,111
11,193,2123,to_target_bits,14,106,1412,1417,117,1,1,9,9,111
11,197,2167,first,15,117,820,855,1355,1,57,271,15447,333
11,197,2167,odd_first,15,127,1631,1653,813,1,57,271,15447,333
11,197,2167,every_other,15,151,675,1083,1475,1,1083,1,1083,20313
11,197,2167,to_target_bits,14,106,1962,1881,1897,1,57,271,15447,333
11,199,2189,first,15,117,1810,547,1287,1,547,3,1641,10101
11,199,2189,odd_first,15,127,1939,1641,153,1,547,3,1641,10101
11,199,2189,every_other,15,151,1005,547,477,1,547,3,1641,10101
11,199,2189,to_target_bits,14,106,1951,1641,1899,1,547,3,1641,10101
11,211,2321,first,15,117,2140,1467,1161,1,1,1161,1161,111
11,211,2321,odd_first,15,127,773,253,1161,1,1,1161,1161,111
11,211,2321,every_other,15,151,191,787,1269,1,1,27,27,111
11,211,2321,to_target_bits,14,106,1808,2089,1161,1,1,1161,1161,111
11,223,2453,first,15,117,1524,39,1359,1,1,3,3,3441
11,223,2453,odd_first,15,127,2346,1513,2289,1,1,3,3,3441
11,223,2453,every_other,15,151,2314,451,399,1,1,3,3,111
11,223,2453,to_target_bits,14,106,147,1561,729,1,1,3,3,3441
11,227,2497,first,15,117,886,507,1357,1,39,1,39,16317
11,227,2497,odd_first,15,127,212,1677,581,1,39,1,39,16317
11,227,2497,every_other,15,151,2204,2067,1621,1,39,1,39,16317
11,227,2497,to_target_bits,14,106,730,2457,1107,1,39,1,39,16317
11,229,2519,first,15,117,1689,2185,1827,1,1,63,63,777
11,229,2519,odd_first,15,127,487,1169,693,1,1,63,63,777
11,229,2519,every_other,15,151,1852,2381,1827,1,1,63,63,777
11,229,2519,to_target_bits,14,106,158,845,1449,1,1,63,63,777
11,233,2563,first,15,117,2195,1407,715,1,21,1,21,333
11,233,2563,odd_first,15,127,124,1785,701,1,21,1,21,333
11,233,2563,every_other,15,151,2413,1281,2267,1,1281,1,1281,333
11,233,2563,to_target_bits,14,106,411,1743,2153,1,21,1,21,333
11,239,2629,first,15,117,490,1287,137,1,9,1,9,333
11,239,2629,odd_first,15,127,751,153,2293,1,9,1,9,333
11,239,2629,every_other,15,151,2567,1791,1377,1,9,1,9,22311
11,239,2629,to_target_bits,14,106,2391,585,1509,1,9,1,9,333
11,241,2651,first,15,117,369,1087,1287,1,1,39,39,777
11,241,2651,odd_first,15,127,2434,2553,2613,1,1,39,39,777
11,241,2651,every_other,15,151,2105,1987,1755,1,1,39,39,777
11,241,2651,to_target_bits,14,106,59,999,2145,1,1,39,39,777
11,251,2761,first,15,117,204,387,487,1,3,1,3,4329
11,251,2761,odd_first,15,127,2489,2373,109,1,3,1,3,4329
11,251,2761,every_other,15,151,2721,2187,1981,1,3,1,3,4329
11,251,2761,to_target_bits,14,106,92,249,1009,1,3,1,3,4329
11,257,2827,first,15,117,1051,1413,679,1,1413,7,9891,30303
11,257,2827,odd_first,15,127,1862,1413,1841,1,1413,7,9891,30303
11,257,2827,every_other,15,151,851,1539,763,1,9,7,63,30303
11,257,2827,to_target_bits,14,106,752,1413,2457,1,1413,7,9891,30303
11,263,2893,first,15,117,2767,1815,1787,1,3,1,3,34299
11,263,2893,odd_first,15,127,2819,2193,1355,1,3,1,3,34299
11,263,2893,every_other,15,151,851,1623,2801,1,3,1,3,34299
11,263,2893,to_target_bits,14,106,983,2469,437,1,3,1,3,333
11,269,2959,first,15,117,534,2511,1147,1,3,37,111,2331
11,269,2959,odd_first,15,127,2511,369,333,1,3,37,111,2331
11,269,2959,every_other,15,151,334,2469,2627,1,3,37,111,2331
11,269,2959,to_target_bits,14,106,1687,2553,1369,1,3,37,111,2331
11,271,2981,first,15,117,1084,2267,21,271,1,21,21,777
11,271,2981,odd_first,15,127,542,353,1407,271,1,21,21,777
11,271,2981,every_other,15,151,2017,287,2331,1,1,21,21,777
11,271,2981,to_target_bits,14,106,2710,2069,2079,271,1,21,21,777
11,277,3047,first,15,117,864,429,1299,1,1,3,3,1443
11,277,3047,odd_first,15,127,1796,1317,2013,1,1,3,3,1443
11,277,3047,every_other,15,151,1489,2543,2139,1,1,3,3,1443
11,277,3047,to_target_bits,14,106,2853,993,801,1,1,3,3,1443
11,281,3091,first,15,117,974,927,2483,1,309,1,309,333
11,281,3091,odd_first,15,127,1807,2163,3073,1,309,1,309,333
11,281,3091,every_other,15,151,554,927,1795,1,309,1,309,333
11,281,3091,to_target_bits,14,106,1258,1719,1981,1,3,1,3,333
11,283,3113,first,15,117,347,859,3051,1,1,9,9,10101
11,283,3113,odd_first,15,127,1367,2085,1269,1,1,9,9,10101
11,283,3113,every_other,15,151,796,2747,153,1,1,9,9,10101
11,283,3113,to_target_bits,14,106,2028,409,1431,1,1,9,9,10101
11,293,3223,first,15,117,2173,603,403,1,9,403,3627,6327
11,293,3223,odd_first,15,127,1950,3195,2821,1,9,403,3627,6327
11,293,3223,every_other,15,151,1885,477,3211,1,9,13,117,9496827
11,293,3223,to_target_bits,14,106,1126,2403,1209,1,9,403,3627,6327
11,307,3377,first,15,117,1942,3195,1953,1,1,3,3,111
11,307,3377,odd_first,15,127,1642,2461,1089,1,1,3,3,111
11,307,3377,every_other,15,151,2996,2723,2439,1,1,3,3,111
11,307,3377,to_target_bits,14,106,972,2441,2559,1,1,3,3,111
11,311,3421,first,15,117,2459,2907,3265,1,171,1,171,2331
11,311,3421,odd_first,15,127,1961,513,2863,1,171,1,171,2331
11,311,3421,every_other,15,151,2611,2907,1541,1,171,1,171,2331
11,311,3421,to_target_bits,14,106,202,3249,117,1,171,1,171,2331
11,313,3443,first,15,117,1348,2707,651,1,1,21,21,5439
11,313,3443,odd_first,15,127,2775,2609,2457,1,1,21,21,5439
11,313,3443,every_other,15,151,2193,3237,3255,1,1,21,21,5439
11,313,3443,to_target_bits,14,106,3216,267,21,1,1,21,21,5439
11,317,3487,first,15,117,2767,273,1819,1,21,1,21,333
11,317,3487,odd_first,15,127,850,3381,909,1,21,1,21,333
11,317,3487,every_other,15,151,2677,1407,2931,1,21,1,21,333
11,317,3487,to_target_bits,14,106,2413,1449,2073,1,21,1,21,333
11,331,3641,first,15,117,1799,1547,417,1,91,3,273,2109
11,331,3641,odd_first,15,127,267,2093,813,1,91,3,273,2109
11,331,3641,every_other,15,151,1841,1547,1803,1,91,3,273,2109
11,331,3641,to_target_bits,14,106,3524,1729,2967,1,91,3,273,2109
11,337,3707,first,15,117,1832,947,927,1,1,927,927,111
11,337,3707,odd_first,15,127,630,3089,2781,1,1,927,927,111
11,337,3707,every_other,15,151,1214,3149,927,1,1,927,927,111
11,337,3707,to_target_bits,14,106,2611,547,3573,1,1,9,9,111
11,347,3817,first,15,117,2294,27,1767,1,9,1,9,10323
11,347,3817,odd_first,15,127,1202,1917,1223,1,9,1,9,10323
11,347,3817,every_other,15,151,3546,2835,577,1,9,1,9,333
11,347,3817,to_target_bits,14,106,114,1953,3607,1,9,1,9,10323
11,349,3839,first,15,117,3064,1083,507,1,19,3,57,111
11,349,3839,odd_first,15,127,1829,1235,1293,1,19,3,57,111
11,349,3839,every_other,15,151,1291,3591,147,1,19,3,57,111
11,349,3839,to_target_bits,14,106,3150,437,2649,1,19,3,57,111
11,353,3883,first,15,117,985,2061,3287,1,3,1,3,2331
11,353,3883,odd_first,15,127,476,3525,2885,1,3,1,3,2331
11,353,3883,every_other,15,151,2556,225,2563,1,3,1,3,142191
11,353,3883,to_target_bits,14,106,2336,1347,1869,1,3,1,3,2331
11,359,3949,first,15,117,875,2751,1187,1,21,1,21,333
11,359,3949,odd_first,15,127,2478,1449,653,1,21,1,21,333
11,359,3949,every_other,15,151,1698,735,237,1,21,79,1659,333
11,359,3949,to_target_bits,14,106,895,777,2349,1,21,1,21,333
11,367,4037,first,15,117,160,3103,2745,1,1,3,3,24087
11,367,4037,odd_first,15,127,1708,2241,2943,1,1,3,3,24087
11,367,4037,every_other,15,151,1544,3675,3981,1,1,3,3,777
11,367,4037,to_target_bits,14,106,2292,425,1323,1,1,3,3,24087
11,373,4103,first,15,117,1062,1001,1539,1,7,513,3591,2109
11,373,4103,odd_first,15,127,3567,1071,2565,1,7,513,3591,2109
11,373,4103,every_other,15,151,1852,2471,1539,1,7,513,3591,141303
11,373,4103,to_target_bits,14,106,2567,833,513,1,7,513,3591,2109
11,379,4169,first,15,117,1931,4019,417,1,1,417,417,111
11,379,4169,odd_first,15,127,2764,613,3753,1,1,417,417,111
11,379,4169,every_other,15,151,3997,3267,417,1,1,417,417,111
11,379,4169,to_target_bits,14,106,2919,1449,2919,1,1,417,417,111
11,383,4213,first,15,117,3878,3159,2107,1,1053,2107,2218671,2331
11,383,4213,odd_first,15,127,3897,1053,2107,1,1053,2107,2218671,2331
11,383,4213,every_other,15,151,2501,3159,2989,1,1053,49,51597,2331
11,383,4213,to_target_bits,14,106,1038,1053,2107,1,1053,2107,2218671,2331
11,389,4279,first,15,117,2415,1767,2267,1,93,1,93,333
11,389,4279,odd_first,15,127,2863,2511,3293,1,93,1,93,333
11,389,4279,every_other,15,151,2358,669,1627,1,3,1,3,333
11,389,4279,to_target_bits,14,106,2743,1767,3169,1,93,1,93,333
11,397,4367,first,15,117,1810,3737,3003,1,37,273,10101,777
11,397,4367,odd_first,15,127,3930,2627,3549,1,37,273,10101,777
11,397,4367,every_other,15,151,3337,4255,819,1,37,273,10101,777
11,397,4367,to_target_bits,14,106,2468,1887,2457,1,37,273,10101,777
11,401,4411,first,15,117,50,3087,1487,1,441,1,441,333
11,401,4411,odd_first,15,127,1840,1323,3245,1,441,1,441,333
11,401,4411,every_other,15,151,191,3087,3211,1,441,1,441,333
11,401,4411,to_target_bits,14,106,2853,3969,1761,1,441,1,441,333
11,409,4499,first,15,117,1359,975,3087,1,13,9,117,24087
11,409,4499,odd_first,15,127,2698,923,1953,1,13,9,117,24087
11,409,4499,every_other,15,151,2853,845,387,1,13,9,117,777
11,409,4499,to_target_bits,14,106,3183,4199,3249,1,13,9,117,24087
11,419,4609,first,15,117,193,4347,2387,1,9,1,9,333
11,419,4609,odd_first,15,127,2225,4365,3903,1,9,1,9,333
11,419,4609,every_other,15,151,4580,1683,3197,1,9,1,9,26307
11,419,4609,to_target_bits,14,106,2523,1881,389,1,9,1,9,333
11,421,4631,first,15,117,2580,4327,4563,1,1,3,3,111
11,421,4631,odd_first,15,127,4579,3973,1437,1,1,3,3,111
11,421,4631,every_other,15,151,169,3247,579,1,1,579,579,111
11,421,4631,to_target_bits,14,106,59,2119,3921,1,1,3,3,111
11,431,4741,first,15,117,853,4347,2311,1,3,1,3,333
11,431,4741,odd_first,15,127,1642,3813,4135,1,3,1,3,333
11,431,4741,every_other,15,151,3271,2607,2849,1,237,1,237,54279
11,431,4741,to_target_bits,14,106,807,2349,1049,1,3,1,3,333
11,433,4763,first,15,117,2624,4147,3795,1,1,3,3,1443
11,433,4763,odd_first,15,127,1378,1493,357,1,1,3,3,1443
11,433,4763,every_other,15,151,2303,1521,4131,1,1,3,3,1443
11,433,4763,to_target_bits,14,106,3018,2919,2865,1,1,3,3,1443
11,439,4829,first,15,117,1007,1015,2457,1,1,21,21,10101
11,439,4829,odd_first,15,127,3094,981,2373,1,1,21,21,10101
11,439,4829,every_other,15,151,2732,3183,2877,1,1,21,21,10101
11,439,4829,to_target_bits,14,106,92,3641,4389,1,1,21,21,10101
11,443,4873,first,15,117,765,2163,3181,1,21,1,21,333
11,443,4873,odd_first,15,127,1323,21,3813,1,21,1,21,333
11,443,4873,every_other,15,151,2226,3339,3501,1,21,1,21,333
11,443,4873,to_target_bits,14,106,3623,4641,4391,1,21,1,21,333
11,449,4939,first,15,117,237,255,247,1,3,247,741,6327
11,449,4939,odd_first,15,127,487,2259,4693,1,3,247,741,6327
11,449,4939,every_other,15,151,697,4155,247,1,3,247,741,6327
11,449,4939,to_target_bits,14,106,4624,2331,1729,1,3,247,741,6327
11,457,5027,first,15,117,2173,875,4383,1,7,3,21,111
11,457,5027,odd_first,15,127,1268,4991,549,1,7,3,21,111
11,457,5027,every_other,15,151,125,3493,1647,1,7,3,21,111
11,457,5027,to_target_bits,14,106,840,2331,9,1,7,3,21,111
11,461,5071,first,15,117,4692,507,1499,1,507,1,507,333
11,461,5071,odd_first,15,127,1598,4563,3069,1,507,1,507,333
11,461,5071,every_other,15,151,4580,507,4579,1,507,1,507,333
11,461,5071,to_target_bits,14,106,389,3549,1145,1,507,1,507,333
11,463,5093,first,15,117,160,2375,3177,1,19,9,171,111
11,463,5093,odd_first,15,127,4436,3249,801,1,19,9,171,111
11,463,5093,every_other,15,151,4173,3819,513,1,1273,9,11457,111
11,463,5093,to_target_bits,14,106,730,1197,1179,1,19,9,171,111
11,467,5137,first,15,117,204,555,1995,1,3,7,21,100233
11,467,5137,odd_first,15,127,2544,1581,4277,1,3,7,21,100233
11,467,5137,every_other,15,151,686,771,1911,1,3,7,21,2331
11,467,5137,to_target_bits,14,106,3876,2313,1925,1,3,7,21,100233
11,479,5269,first,15,117,3031,2763,1457,1,3,31,93,2331
11,479,5269,odd_first,15,127,3457,21,403,1,3,31,93,2331
11,479,5269,every_other,15,151,598,3171,5257,1,3,1,3,2331
11,479,5269,to_target_bits,14,106,3821,3165,5239,1,3,31,93,2331
11,487,5357,first,15,117,314,1339,4161,1,1339,57,76323,2109
11,487,5357,odd_first,15,127,4645,4017,3705,1,1339,57,76323,2109
11,487,5357,every_other,15,151,2765,1339,171,1,1339,57,76323,2109
11,487,5357,to_target_bits,14,106,3304,689,4161,1,13,57,741,2109
11,491,5401,first,15,117,1095,2187,703,1,27,37,999,134199
11,491,5401,odd_first,15,127,1719,1053,3219,1,27,37,999,134199
11,491,5401,every_other,15,151,774,2187,185,1,27,37,999,4329
11,491,5401,to_target_bits,14,106,2083,5049,2775,1,27,37,999,134199
11,499,5489,first,15,117,963,4459,5067,1,343,9,3087,111
11,499,5489,odd_first,15,127,1268,3773,1053,1,343,9,3087,111
11,499,5489,every_other,15,151,4547,1715,1647,1,343,549,188307,7437
11,499,5489,to_target_bits,14,106,2193,5145,279,1,343,9,3087,111
13,17,221,first,15,117,182,127,111,13,1,111,111,42861
13,17,221,odd_first,15,127,182,113,111,13,1,111,111,42861
13,17,221,every_other,15,151,208,147,111,13,1,111,111,273
13,17,221,to_target_bits,14,106,156,169,111,13,1,111,111,42861
13,19,247,first,15,117,0,159,155,247,3,31,93,53851
13,19,247,odd_first,15,127,0,243,93,247,3,31,93,53851
13,19,247,every_other,15,151,0,57,235,247,3,1,3,343
13,19,247,to_target_bits,14,106,0,21,217,247,3,31,93,53851
13,23,299,first,15,117,65,181,87,13,1,3,3,79599
13,23,299,odd_first,15,127,234,55,153,13,1,3,3,79599
13,23,299,every_other,15,151,117,287,87,13,1,3,3,507
13,23,299,to_target_bits,14,106,65,281,249,13,1,3,3,79599
13,29,377,first,15,117,104,307,189,13,1,189,189,127641
13,29,377,odd_first,15,127,195,133,189,13,1,189,189,127641
13,29,377,every_other,15,151,91,171,189,13,1,189,189,3
13,29,377,to_target_bits,14,106,117,25,189,13,1,189,189,127641
13,31,403,first,15,117,0,231,275,403,3,1,3,146167
13,31,403,odd_first,15,127,0,33,225,403,3,1,3,146167
13,31,403,every_other,15,151,390,201,359,13,201,1,201,931
13,31,403,to_target_bits,14,106,0,393,33,403,3,1,3,146167
13,37,481,first,15,117,0,27,369,481,3,1,3,209281
13,37,481,odd_first,15,127,0,333,265,481,3,1,3,209281
13,37,481,every_other,15,151,0,147,177,481,3,1,3,1
13,37,481,to_target_bits,14,106,0,249,59,481,3,1,3,209281
13,41,533,first,15,117,364,399,231,13,133,3,399,257637
13,41,533,odd_first,15,127,325,133,291,13,133,3,399,257637
13,41,533,every_other,15,151,221,399,471,13,133,3,399,1641
13,41,533,to_target_bits,14,106,390,133,147,13,133,3,399,257637
13,43,559,first,15,117,0,279,427,559,279,7,1953,283699
13,43,559,odd_first,15,127,0,279,413,559,279,7,1953,283699
13,43,559,every_other,15,151,65,297,147,13,9,7,63,1807
13,43,559,to_target_bits,14,106,0,279,329,559,279,7,1953,283699
13,47,611,first,15,117,260,187,63,13,1,9,9,339591
13,47,611,odd_first,15,127,39,443,369,13,1,9,9,339591
13,47,611,every_other,15,151,312,427,531,13,61,9,549,2163
13,47,611,to_target_bits,14,106,260,279,513,13,1,9,9,3297
13,53,689,first,15,117,663,43,387,13,43,3,129,471
13,53,689,odd_first,15,127,221,301,303,13,43,3,129,432849
13,53,689,every_other,15,151,26,323,117,13,1,3,3,3
13,53,689,to_target_bits,14,106,416,473,249,13,43,3,129,471
13,59,767,first,15,117,728,431,507,13,1,3,3,3297
13,59,767,odd_first,15,127,208,67,525,13,1,3,3,3297
13,59,767,every_other,15,151,715,203,147,13,1,3,3,3423
13,59,767,to_target_bits,14,106,117,655,345,13,1,3,3,3297
13,61,793,first,15,117,65,171,619,13,9,1,9,1099
13,61,793,odd_first,15,127,260,333,357,13,9,1,9,1099
13,61,793,every_other,15,151,0,675,161,793,9,1,9,7
13,61,793,to_target_bits,14,106,767,81,483,13,9,1,9,1099
13,67,871,first,15,117,767,597,75,13,3,1,3,157
13,67,871,odd_first,15,127,234,543,37,13,3,1,3,157
13,67,871,every_other,15,151,0,207,315,871,3,1,3,4423
13,67,871,to_target_bits,14,106,728,639,329,13,3,1,3,157
13,71,923,first,15,117,234,543,567,13,1,21,21,471
13,71,923,odd_first,15,127,910,215,861,13,1,21,21,471
13,71,923,every_other,15,151,130,431,147,13,1,21,21,3
13,71,923,to_target_bits,14,106,91,389,609,13,1,21,21,471
13,73,949,first,15,117,338,555,437,13,3,19,57,1099
13,73,949,odd_first,15,127,299,21,703,13,3,19,57,1099
13,73,949,every_other,15,151,39,711,437,13,237,19,4503,5257
13,73,949,to_target_bits,14,106,585,453,399,13,3,19,57,1099
13,79,1027,first,15,117,871,513,23,13,513,1,513,157
13,79,1027,odd_first,15,127,416,513,577,13,513,1,513,157
13,79,1027,every_other,15,151,0,513,851,1027,513,1,513,1
13,79,1027,to_target_bits,14,106,611,513,1009,13,513,1,513,157
13,83,1079,first,15,117,273,1029,27,13,49,27,1323,471
13,83,1079,odd_first,15,127,559,245,1053,13,49,27,1323,471
13,83,1079,every_other,15,151,494,147,27,13,49,27,1323,6807
13,83,1079,to_target_bits,14,106,702,147,729,13,49,27,1323,471
13,89,1157,first,15,117,676,1083,1089,13,1,3,3,3297
13,89,1157,odd_first,15,127,1092,1117,279,13,1,3,3,3297
13,89,1157,every_other,15,151,26,531,579,13,1,579,579,21
13,89,1157,to_target_bits,14,106,325,241,447,13,1,3,3,3297
13,97,1261,first,15,117,1131,567,309,13,63,1,63,21823
13,97,1261,odd_first,15,127,325,693,21,13,63,1,63,21823
13,97,1261,every_other,15,151,533,567,19,13,63,1,63,9313
13,97,1261,to_target_bits,14,106,39,189,541,13,63,1,63,21823
13,101,1313,first,15,117,780,1307,1287,13,1,9,9,1585857
13,101,1313,odd_first,15,127,1235,653,153,13,1,9,9,1585857
13,101,1313,every_other,15,151,1066,467,477,13,1,9,9,10101
13,101,1313,to_target_bits,14,106,1144,185,585,13,1,9,9,1585857
13,103,1339,first,15,117,0,855,767,1339,3,1,3,20881
13,103,1339,odd_first,15,127,0,339,33,1339,3,1,3,20881
13,103,1339,every_other,15,151,0,753,67,1339,3,67,201,10507
13,103,1339,to_target_bits,14,106,689,147,929,13,3,1,3,20881
13,107,1391,first,15,117,234,417,75,13,139,3,417,8949
13,107,1391,odd_first,15,127,832,973,717,13,139,3,417,8949
13,107,1391,every_other,15,151,1092,417,1251,13,139,3,417,57
13,107,1391,to_target_bits,14,106,494,139,1161,13,139,3,417,8949
13,109,1417,first,15,117,1274,315,1029,13,3,1,3,157
13,109,1417,odd_first,15,127,364,621,1263,13,3,1,3,157
13,109,1417,every_other,15,151,533,243,153,13,3,1,3,11773
13,109,1417,to_target_bits,14,106,1092,825,1033,13,3,1,3,157
13,113,1469,first,15,117,1144,527,147,13,1,147,147,471
13,113,1469,odd_first,15,127,1001,1341,1323,13,1,147,147,471
13,113,1469,every_other,15,151,494,443,147,13,1,147,147,3
13,113,1469,to_target_bits,14,106,806,457,1029,13,1,147,147,471
13,127,1651,first,15,117,156,237,315,13,3,7,21,2041
13,127,1651,odd_first,15,127,1378,3,385,13,3,7,21,2041
13,127,1651,every_other,15,151,234,1137,7,13,3,7,21,13
13,127,1651,to_target_bits,14,106,39,1599,1533,13,3,7,21,2041
13,131,1703,first,15,117,390,111,1299,13,37,3,111,3297
13,131,1703,odd_first,15,127,780,1591,981,13,37,3,111,3297
13,131,1703,every_other,15,151,1352,1221,627,13,37,3,111,21
13,131,1703,to_target_bits,14,106,260,111,801,13,37,3,111,3297
13,137,1781,first,15,117,26,587,567,13,1,81,81,471
13,137,1781,odd_first,15,127,741,113,729,13,1,81,81,471
13,137,1781,every_other,15,151,1703,827,81,13,1,81,81,3
13,137,1781,to_target_bits,14,106,429,1749,81,13,1,81,81,471
13,139,1807,first,15,117,0,903,1483,1807,903,1,903,157
13,139,1807,odd_first,15,127,0,903,1453,1807,903,1,903,157
13,139,1807,every_other,15,151,0,1785,1059,1807,21,1,21,1
13,139,1807,to_target_bits,14,106,0,903,1145,1807,903,1,903,157
13,149,1937,first,15,117,1820,1931,1083,13,1,57,57,471
13,149,1937,odd_first,15,127,949,1213,1083,13,1,57,57,471
13,149,1937,every_other,15,151,585,675,1653,13,1,57,57,3
13,149,1937,to_target_bits,14,106,728,1049,513,13,1,57,57,471
13,151,1963,first,15,117,715,729,1095,13,9,1,9,157
13,151,1963,odd_first,15,127,1443,909,737,13,9,1,9,157
13,151,1963,every_other,15,151,442,315,283,13,9,1,9,1
13,151,1963,to_target_bits,14,106,936,765,1101,13,9,1,9,157
13,157,2041,first,15,117,0,267,1187,2041,3,1,3,1099
13,157,2041,odd_first,15,127,0,573,425,2041,3,1,3,1099
13,157,2041,every_other,15,151,754,1347,2015,13,3,1,3,7
13,157,2041,to_target_bits,14,106,0,1329,1073,2041,3,1,3,1099
13,163,2119,first,15,117,1274,279,27,13,3,1,3,157
13,163,2119,odd_first,15,127,1118,123,1493,13,3,1,3,157
13,163,2119,every_other,15,151,0,1497,1987,2119,3,1,3,1
13,163,2119,to_target_bits,14,106,1859,1983,1529,13,3,1,3,157
13,167,2171,first,15,117,1274,217,1263,13,217,3,651,471
13,167,2171,odd_first,15,127,637,1953,849,13,217,3,651,471
13,167,2171,every_other,15,151,1170,917,1767,13,7,3,21,3
13,167,2171,to_target_bits,14,106,1469,1519,825,13,217,3,651,471
13,173,2249,first,15,117,975,131,837,13,1,9,9,42861
13,173,2249,odd_first,15,127,923,1245,1953,13,1,9,9,42861
13,173,2249,every_other,15,151,845,835,387,13,1,9,9,273
13,173,2249,to_target_bits,14,106,1950,977,999,13,1,9,9,42861
13,179,2327,first,15,117,1677,45,1131,13,1,3,3,5002491
13,179,2327,odd_first,15,127,689,1813,1101,13,1,3,3,5002491
13,179,2327,every_other,15,151,1014,1919,339,13,1,3,3,741
13,179,2327,to_target_bits,14,106,1508,913,1785,13,1,3,3,5002491
13,181,2353,first,15,117,1625,1323,127,13,147,1,147,4867
13,181,2353,odd_first,15,127,1573,2205,1367,13,147,1,147,4867
13,181,2353,every_other,15,151,1586,147,1841,13,147,1,147,1
13,181,2353,to_target_bits,14,106,1911,441,1885,13,147,1,147,4867
13,191,2483,first,15,117,1079,1287,1215,13,1,27,27,471
13,191,2483,odd_first,15,127,884,1321,1269,13,1,27,27,471
13,191,2483,every_other,15,151,1248,769,2187,13,1,27,27,3
13,191,2483,to_target_bits,14,106,1339,1023,2457,13,1,27,27,471
13,193,2509,first,15,117,2054,171,957,13,57,1,57,157
13,193,2509,odd_first,15,127,858,1653,983,13,57,1,57,157
13,193,2509,every_other,15,151,0,1995,1717,2509,57,1,57,1
13,193,2509,to_target_bits,14,106,2184,741,1849,13,57,1,57,157
13,197,2561,first,15,117,2002,1787,1407,13,1,21,21,471
13,197,2561,odd_first,15,127,1040,1293,1785,13,1,21,21,471
13,197,2561,every_other,15,151,2054,147,1281,13,1,1281,1281,183
13,197,2561,to_target_bits,14,106,780,1369,1743,13,1,21,21,471
13,199,2587,first,15,117,1014,2577,767,13,3,1,3,14287
13,199,2587,odd_first,15,127,546,2073,937,13,3,1,3,14287
13,199,2587,every_other,15,151,806,2409,1519,13,3,1,3,91
13,199,2587,to_target_bits,14,106,2548,807,53,13,3,1,3,14287
13,211,2743,first,15,117,663,345,1715,13,3,343,1029,157
13,211,2743,odd_first,15,127,351,1725,1029,13,3,343,1029,157
13,211,2743,every_other,15,151,2301,1953,1715,13,3,343,1029,1
13,211,2743,to_target_bits,14,106,2652,2211,2401,13,3,343,1029,157
13,223,2899,first,15,117,2639,2457,887,13,63,1,63,4867
13,223,2899,odd_first,15,127,1677,441,253,13,63,1,63,4867
13,223,2899,every_other,15,151,2314,945,787,13,63,1,63,1
13,223,2899,to_target_bits,14,106,2600,2457,349,13,63,1,63,4867
13,227,2951,first,15,117,1794,787,2619,13,1,9,9,23079
13,227,2951,odd_first,15,127,2028,503,981,13,1,9,9,23079
13,227,2951,every_other,15,151,2431,1187,2763,13,1,9,9,147
13,227,2951,to_target_bits,14,106,1638,2949,513,13,1,9,9,23079
13,229,2977,first,15,117,2834,2139,2487,13,93,1,93,1099
13,229,2977,odd_first,15,127,2548,1581,1427,13,93,1,93,1099
13,229,2977,every_other,15,151,936,1971,49,13,3,1,3,7
13,229,2977,to_target_bits,14,106,845,1209,1327,13,93,1,93,1099
13,233,3029,first,15,117,1729,1883,477,13,1,3,3,17427
13,233,3029,odd_first,15,127,1755,1489,2043,13,1,3,3,17427
13,233,3029,every_other,15,151,1248,2327,1167,13,1,3,3,111
13,233,3029,to_target_bits,14,106,2275,1069,639,13,1,3,3,17427
13,239,3107,first,15,117,1924,1319,2331,13,1,777,777,471
13,239,3107,odd_first,15,127,273,821,777,13,1,777,777,471
13,239,3107,every_other,15,151,416,2057,2331,13,1,777,777,201
13,239,3107,to_target_bits,14,106,1196,631,777,13,1,777,777,471
13,241,3133,first,15,117,1092,2511,2261,13,27,1,27,1099
13,241,3133,odd_first,15,127,988,2457,17,13,27,1,27,1099
13,241,3133,every_other,15,151,2587,2295,653,13,27,1,27,7
13,241,3133,to_target_bits,14,106,2951,1161,995,13,27,1,27,1099
13,251,3263,first,15,117,455,1729,1083,13,7,3,21,6123
13,251,3263,odd_first,15,127,481,357,3021,13,7,3,21,6123
13,251,3263,every_other,15,151,2470,1015,531,13,7,3,21,39
13,251,3263,to_target_bits,14,106,845,2275,921,13,7,3,21,6123
13,257,3341,first,15,117,3107,1107,2235,13,1,3,3,42861
13,257,3341,odd_first,15,127,2119,1973,1977,13,1,3,3,42861
13,257,3341,every_other,15,151,1365,3007,2637,13,1,3,3,273
13,257,3341,to_target_bits,14,106,2808,1469,1251,13,1,3,3,42861
13,263,3419,first,15,117,663,241,2907,13,1,171,171,48513
13,263,3419,odd_first,15,127,715,2727,513,13,1,171,171,48513
13,263,3419,every_other,15,151,325,1707,2907,13,1,171,171,309
13,263,3419,to_target_bits,14,106,2561,2293,3249,13,1,171,171,471
13,269,3497,first,15,117,3224,19,3207,13,19,3,57,3297
13,269,3497,odd_first,15,127,897,3477,1917,13,19,3,57,3297
13,269,3497,every_other,15,151,65,1083,609,13,19,3,57,21
13,269,3497,to_target_bits,14,106,611,2641,2589,13,19,3,57,3297
13,271,3523,first,15,117,0,369,1647,3523,3,1,3,1099
13,271,3523,odd_first,15,127,0,999,1797,3523,3,1,3,1099
13,271,3523,every_other,15,151,2288,1611,3475,13,3,1,3,7
13,271,3523,to_target_bits,14,106,0,2511,817,3523,3,1,3,1099
13,277,3601,first,15,117,2249,2187,1681,13,9,1,9,2041
13,277,3601,odd_first,15,127,3458,1053,3183,13,9,1,9,2041
13,277,3601,every_other,15,151,104,387,1203,13,9,1,9,13
13,277,3601,to_target_bits,14,106,637,1449,2935,13,9,1,9,2041
13,281,3653,first,15,117,2379,3427,945,13,1,63,63,471
13,281,3653,odd_first,15,127,1807,1389,2457,13,1,63,63,471
13,281,3653,every_other,15,151,273,411,3339,13,1,63,63,3
13,281,3653,to_target_bits,14,106,1820,785,2205,13,1,63,63,471
13,283,3679,first,15,117,1196,39,1307,13,3,1,3,14287
13,283,3679,odd_first,15,127,2782,2739,1453,13,3,1,3,14287
13,283,3679,every_other,15,151,1079,1677,1267,13,3,1,3,91
13,283,3679,to_target_bits,14,106,2028,2787,249,13,3,1,3,14287
13,293,3809,first,15,117,1001,539,537,13,7,3,21,8949
13,293,3809,odd_first,15,127,1950,301,2013,13,7,3,21,8949
13,293,3809,every_other,15,151,1885,2163,1377,13,7,3,21,85557
13,293,3809,to_target_bits,14,106,247,2009,39,13,7,3,21,8949
13,307,3991,first,15,117,2249,1197,963,13,399,1,399,5809
13,307,3991,odd_first,15,127,3484,2793,2765,13,399,1,399,5809
13,307,3991,every_other,15,151,1768,1197,555,13,399,1,399,37
13,307,3991,to_target_bits,14,106,1586,399,2193,13,399,1,399,5809
13,311,4043,first,15,117,3081,1247,147,13,43,3,129,3297
13,311,4043,odd_first,15,127,1339,2107,1641,13,43,3,129,3297
13,311,4043,every_other,15,151,1989,1957,1551,13,1,3,3,21
13,311,4043,to_target_bits,14,106,2379,1247,3285,13,43,3,129,3297
13,313,4069,first,15,117,2600,1935,1887,13,9,37,333,7693
13,313,4069,odd_first,15,127,897,549,333,13,9,37,333,7693
13,313,4069,every_other,15,151,3445,3771,37,13,9,37,333,49
13,313,4069,to_target_bits,14,106,1651,693,2479,13,9,37,333,7693
13,317,4121,first,15,117,3718,2987,315,13,103,9,927,471
13,317,4121,odd_first,15,127,533,1133,945,13,103,9,927,471
13,317,4121,every_other,15,151,1092,2987,2997,13,103,9,927,3
13,317,4121,to_target_bits,14,106,2730,689,387,13,1,9,9,471
13,331,4303,first,15,117,806,729,2955,13,9,1,9,2983
13,331,4303,odd_first,15,127,598,3141,4125,13,9,1,9,2983
13,331,4303,every_other,15,151,2834,1611,2755,13,9,1,9,19
13,331,4303,to_target_bits,14,106,4186,3825,73,13,9,1,9,2983
13,337,4381,first,15,117,1495,1287,4165,13,3,7,21,157
13,337,4381,odd_first,15,127,2652,153,2149,13,3,7,21,157
13,337,4381,every_other,15,151,2899,2667,315,13,3,7,21,1
13,337,4381,to_target_bits,14,106,1937,4089,399,13,3,7,21,157
13,347,4511,first,15,117,559,897,4443,13,1,3,3,14601
13,347,4511,odd_first,15,127,3978,3523,4269,13,1,3,3,14601
13,347,4511,every_other,15,151,2158,3337,1299,13,1,3,3,3
13,347,4511,to_target_bits,14,106,3237,2809,3033,13,1,3,3,14601
13,349,4537,first,15,117,2366,2835,3523,13,567,1,567,157
13,349,4537,odd_first,15,127,1131,1701,2043,13,567,1,567,157
13,349,4537,every_other,15,151,1989,2835,2269,13,567,2269,1286523,1
13,349,4537,to_target_bits,14,106,3848,3969,1615,13,567,1,567,157
13,353,4589,first,15,117,3809,1147,4347,13,1147,27,30969,3297
13,353,4589,odd_first,15,127,3653,3441,1593,13,1147,27,30969,3297
13,353,4589,every_other,15,151,1144,111,837,13,37,27,999,1281
13,353,4589,to_target_bits,14,106,3042,3441,2349,13,1147,27,30969,3297
13,359,4667,first,15,117,3029,1789,2415,13,1,3,3,471
13,359,4667,odd_first,15,127,2119,1659,2085,13,1,3,3,471
13,359,4667,every_other,15,151,1339,3139,1191,13,1,3,3,3
13,359,4667,to_target_bits,14,106,4485,1403,1965,13,1,3,3,471
13,367,4771,first,15,117,1261,27,4563,13,9,1,9,34069
13,367,4771,odd_first,15,127,4277,963,3581,13,9,1,9,34069
13,367,4771,every_other,15,151,1911,927,4591,13,9,1,9,7
13,367,4771,to_target_bits,14,106,3393,999,889,13,9,1,9,34069
13,373,4849,first,15,117,689,1083,937,13,3,1,3,2983
13,373,4849,odd_first,15,127,2821,1437,2653,13,3,1,3,2983
13,373,4849,every_other,15,151,4836,4803,3637,13,3,1,3,1273
13,373,4849,to_target_bits,14,106,702,2457,2949,13,3,1,3,2983
13,379,4927,first,15,117,3068,3873,2107,13,3,7,21,157
13,379,4927,odd_first,15,127,1248,2715,4557,13,3,7,21,157
13,379,4927,every_other,15,151,2860,3615,147,13,3,7,21,1
13,379,4927,to_target_bits,14,106,4056,3033,2457,13,3,7,21,157
13,383,4979,first,15,117,1963,1045,1767,13,19,3,57,3297
13,383,4979,odd_first,15,127,1599,4579,393,13,19,3,57,3297
13,383,4979,every_other,15,151,1352,2793,1407,13,19,3,57,21
13,383,4979,to_target_bits,14,106,4485,4845,1449,13,19,3,57,3297
13,389,5057,first,15,117,1248,4347,693,13,1,9,9,471
13,389,5057,odd_first,15,127,4030,653,4617,13,1,9,9,471
13,389,5057,every_other,15,151,4303,4819,3645,13,79,9,711,3
13,389,5057,to_target_bits,14,106,2743,3929,1539,13,1,9,9,471
13,397,5161,first,15,117,4589,387,3613,13,129,1,129,40663
13,397,5161,odd_first,15,127,754,4773,1181,13,129,1,129,40663
13,397,5161,every_other,15,151,1352,4107,4209,13,3,1,3,259
13,397,5161,to_target_bits,14,106,4056,129,1393,13,129,1,129,40663
13,401,5213,first,15,117,4862,1579,1029,13,1,3,3,471
13,401,5213,odd_first,15,127,637,2165,1917,13,1,3,3,471
13,401,5213,every_other,15,151,4602,67,4503,13,1,237,237,3
13,401,5213,to_target_bits,14,106,4056,2073,1401,13,1,3,3,471
13,409,5317,first,15,117,1768,3423,2435,13,3,1,3,34069
13,409,5317,odd_first,15,127,3107,3981,4205,13,3,1,3,34069
13,409,5317,every_other,15,151,2444,3555,4225,13,3,1,3,7
13,409,5317,to_target_bits,14,106,1547,4509,2831,13,3,1,3,34069
13,419,5447,first,15,117,2288,2415,2475,13,7,3,21,471
13,419,5447,odd_first,15,127,130,2863,2709,13,7,3,21,471
13,419,5447,every_other,15,151,390,413,3339,13,7,3,21,237
13,419,5447,to_target_bits,14,106,4199,3521,3681,13,7,3,21,471
13,421,5473,first,15,117,4264,2907,1491,13,171,7,1197,157
13,421,5473,odd_first,15,127,5421,1197,1729,13,171,7,1197,157
13,421,5473,every_other,15,151,169,4275,2877,13,171,7,1197,1
13,421,5473,to_target_bits,14,106,3848,1881,4389,13,171,7,1197,157
13,431,5603,first,15,117,4732,1039,4407,13,1,3,3,471
13,431,5603,odd_first,15,127,780,2501,3945,13,1,3,3,471
13,431,5603,every_other,15,151,1547,5153,219,13,1,3,3,489
13,431,5603,to_target_bits,14,106,3393,4955,5277,13,1,3,3,471
13,433,5629,first,15,117,26,231,827,13,21,1,21,2041
13,433,5629,odd_first,15,127,1378,4053,5593,13,21,1,21,2041
13,433,5629,every_other,15,151,4901,1407,187,13,1407,1,1407,13
13,433,5629,to_target_bits,14,106,5616,1197,2559,13,21,1,21,2041
13,439,5707,first,15,117,1885,2133,4399,13,9,1,9,14287
13,439,5707,odd_first,15,127,3094,3069,1417,13,9,1,9,14287
13,439,5707,every_other,15,151,4927,2043,4555,13,9,1,9,91
13,439,5707,to_target_bits,14,106,4043,3681,5301,13,9,1,9,14287
13,443,5759,first,15,117,1651,4859,4347,13,1,9,9,471
13,443,5759,odd_first,15,127,2652,2971,3213,13,1,9,9,471
13,443,5759,every_other,15,151,897,1735,3987,13,1,9,9,3
13,443,5759,to_target_bits,14,106,5395,3407,729,13,1,9,9,471
13,449,5837,first,15,117,3380,3891,2919,13,1,2919,2919,8949
13,449,5837,odd_first,15,127,936,4197,2919,13,1,2919,2919,8949
13,449,5837,every_other,15,151,5187,4735,2919,13,1,2919,2919,57
13,449,5837,to_target_bits,14,106,2379,1993,2919,13,1,2919,2919,8949
13,457,5941,first,15,117,1716,567,2099,13,27,1,27,157
13,457,5941,odd_first,15,127,2639,4293,3773,13,27,1,27,157
13,457,5941,every_other,15,151,4238,5427,681,13,27,1,27,1
13,457,5941,to_target_bits,14,106,4953,1269,2825,13,27,1,27,157
13,461,5993,first,15,117,3770,5691,2997,13,7,2997,20979,471
13,461,5993,odd_first,15,127,676,5005,2997,13,7,2997,20979,471
13,461,5993,every_other,15,151,2275,3339,2997,13,7,2997,20979,3
13,461,5993,to_target_bits,14,106,5460,4025,2997,13,7,2997,20979,471
13,463,6019,first,15,117,2938,5979,2107,13,3,301,903,157
13,463,6019,odd_first,15,127,3510,267,3913,13,3,301,903,157
13,463,6019,every_other,15,151,4173,2367,2387,13,3,7,21,1
13,463,6019,to_target_bits,14,106,2119,1533,2709,13,3,301,903,157
13,467,6071,first,15,117,4407,417,1491,13,1,3,3,141771
13,467,6071,odd_first,15,127,676,813,4029,13,1,3,3,141771
13,467,6071,every_other,15,151,5356,3017,3843,13,1,3,3,21
13,467,6071,to_target_bits,14,106,4810,539,2457,13,1,3,3,141771
13,479,6227,first,15,117,3510,347,3051,13,1,9,9,3297
13,479,6227,odd_first,15,127,104,1367,1269,13,1,9,9,3297
13,479,6227,every_other,15,151,598,3909,3267,13,1,9,9,21
13,479,6227,to_target_bits,14,106,468,5141,4545,13,1,9,9,3297
13,487,6331,first,15,117,2262,5727,3335,13,3,1,3,2983
13,487,6331,odd_first,15,127,2210,2883,177,13,3,1,3,2983
13,487,6331,every_other,15,151,5200,3567,4991,13,3,1,3,19
13,487,6331,to_target_bits,14,106,5252,2019,1193,13,3,1,3,2983
13,491,6383,first,15,117,1586,2959,1995,13,1,399,399,189813
13,491,6383,odd_first,15,127,2210,589,1197,13,1,399,399,189813
13,491,6383,every_other,15,151,6175,2497,5187,13,1,399,399,39
13,491,6383,to_target_bits,14,106,2574,5451,2793,13,1,399,399,189813
13,499,6487,first,15,117,3458,1905,5051,13,3,1,3,157
13,499,6487,odd_first,15,127,5759,5961,2949,13,3,1,3,157
13,499,6487,every_other,15,151,3549,4119,6219,13,3,1,3,67
13,499,6487,to_target_bits,14,106,5187,1905,2177,13,3,1,3,157
17,19,323,first,15,117,114,203,243,19,7,81,567,93639
17,19,323,odd_first,15,127,114,119,81,19,7,81,567,93639
17,19,323,every_other,15,151,38,301,243,19,7,81,567,93639
17,19,323,to_target_bits,14,106,190,203,81,19,7,81,567,93639
17,23,391,first,15,117,318,117,147,1,39,49,1911,138411
17,23,391,odd_first,15,127,165,273,245,1,39,49,1911,138411
17,23,391,every_other,15,151,140,117,147,1,39,49,1911,138411
17,23,391,to_target_bits,14,106,88,39,49,1,39,49,1911,138411
17,29,493,first,15,117,46,159,247,1,3,247,741,221949
17,29,493,odd_first,15,127,369,489,247,1,3,247,741,221949
17,29,493,every_other,15,151,4,303,247,1,3,247,741,819
17,29,493,to_target_bits,14,106,88,21,247,1,3,247,741,221949
17,31,527,first,15,117,403,137,171,31,1,3,3,254163
17,31,527,odd_first,15,127,403,189,333,31,1,3,3,254163
17,31,527,every_other,15,151,514,325,147,1,1,3,3,254163
17,31,527,to_target_bits,14,106,496,457,345,31,1,3,3,254163
17,37,629,first,15,117,148,471,567,37,157,63,9891,363909
17,37,629,odd_first,15,127,148,157,63,37,157,63,9891,363909
17,37,629,every_other,15,151,259,283,567,37,1,63,63,273
17,37,629,to_target_bits,14,106,37,157,189,37,157,63,9891,363909
17,41,697,first,15,117,692,75,621,1,3,1,3,447993
17,41,697,odd_first,15,127,284,21,433,1,3,1,3,447993
17,41,697,every_other,15,151,344,555,593,1,3,1,3,447993
17,41,697,to_target_bits,14,106,513,465,9,1,3,1,3,447993
17,43,731,first,15,117,301,557,675,43,1,3,3,493311
17,43,731,odd_first,15,127,301,153,321,43,1,3,3,493311
17,43,731,every_other,15,151,667,477,183,1,1,183,183,493311
17,43,731,to_target_bits,14,106,258,439,645,43,1,3,3,493311
17,47,799,first,15,117,777,399,187,1,399,1,399,590499
17,47,799,odd_first,15,127,556,399,653,1,399,1,399,590499
17,47,799,every_other,15,151,735,399,787,1,399,1,399,590499
17,47,799,to_target_bits,14,106,683,399,249,1,399,1,399,5733
17,53,901,first,15,117,80,387,897,1,9,1,9,819
17,53,901,odd_first,15,127,539,153,817,1,9,1,9,752661
17,53,901,every_other,15,151,344,387,631,1,9,1,9,819
17,53,901,to_target_bits,14,106,734,549,103,1,9,1,9,819
17,59,1003,first,15,117,964,105,455,1,3,1,3,5733
17,59,1003,odd_first,15,127,267,303,481,1,3,1,3,5733
17,59,1003,every_other,15,151,361,669,211,1,3,1,3,934479
17,59,1003,to_target_bits,14,106,530,801,845,1,3,1,3,5733
17,61,1037,first,15,117,675,259,975,1,259,3,777,1911
17,61,1037,odd_first,15,127,199,777,231,1,259,3,777,1911
17,61,1037,every_other,15,151,854,259,153,61,259,3,777,1911
17,61,1037,to_target_bits,14,106,462,777,393,1,259,3,777,1911
17,67,1139,first,15,117,97,717,627,1,1,57,57,273
17,67,1139,odd_first,15,127,301,21,513,1,1,57,57,273
17,67,1139,every_other,15,151,871,675,627,67,1,57,57,1207479
17,67,1139,to_target_bits,14,106,326,185,969,1,1,57,57,273
17,71,1207,first,15,117,1015,1035,715,1,9,1,9,819
17,71,1207,odd_first,15,127,981,837,1141,1,9,1,9,819
17,71,1207,every_other,15,151,769,603,291,1,603,1,603,819
17,71,1207,to_target_bits,14,106,20,1197,785,1,9,1,9,819
17,73,1241,first,15,117,46,1147,1215,1,31,27,837,1911
17,73,1241,odd_first,15,127,80,93,27,1,31,27,837,1911
17,73,1241,every_other,15,151,769,1227,945,1,1,27,27,1435161
17,73,1241,to_target_bits,14,106,1023,1209,1215,1,31,27,837,1911
17,79,1343,first,15,117,318,919,315,1,1,21,21,273
17,79,1343,odd_first,15,127,811,443,525,1,1,21,21,273
17,79,1343,every_other,15,151,395,1159,147,79,61,21,1281,273
17,79,1343,to_target_bits,14,106,1006,279,1113,1,1,21,21,273
17,83,1411,first,15,117,522,777,279,1,3,1,3,819
17,83,1411,odd_first,15,127,1389,603,829,1,3,1,3,819
17,83,1411,every_other,15,151,1075,1017,791,1,3,1,3,1858311
17,83,1411,to_target_bits,14,106,785,1059,1277,1,3,1,3,819
17,89,1513,first,15,117,1032,1323,369,1,189,1,189,5733
17,89,1513,odd_first,15,127,1270,189,1489,1,189,1,189,5733
17,89,1513,every_other,15,151,293,1323,813,1,189,1,189,5733
17,89,1513,to_target_bits,14,106,1482,945,1069,1,189,1,189,5733
17,97,1649,first,15,117,743,1339,237,1,103,3,309,37947
17,97,1649,odd_first,15,127,131,1133,3,1,103,3,309,37947
17,97,1649,every_other,15,151,242,515,1137,1,103,3,309,2542449
17,97,1649,to_target_bits,14,106,1397,1513,1599,1,1,3,3,37947
17,101,1717,first,15,117,1083,39,1161,1,39,1,39,2757573
17,101,1717,odd_first,15,127,1134,1521,81,1,39,1,39,2757573
17,101,1717,every_other,15,151,157,1599,129,1,39,1,39,2757573
17,101,1717,to_target_bits,14,106,1346,741,1211,1,39,1,39,2757573
17,103,1751,first,15,117,1236,1337,411,103,7,3,21,36309
17,103,1751,odd_first,15,127,1236,203,1029,103,7,3,21,36309
17,103,1751,every_other,15,151,412,637,915,103,7,3,21,2868411
17,103,1751,to_target_bits,14,106,71,749,585,1,7,3,21,36309
17,107,1819,first,15,117,1304,477,1547,1,9,91,819,15561
17,107,1819,odd_first,15,127,1474,225,273,1,9,91,819,15561
17,107,1819,every_other,15,151,1092,1773,1547,1,9,91,819,15561
17,107,1819,to_target_bits,14,106,173,639,1729,1,9,91,819,15561
17,109,1853,first,15,117,947,623,927,1,1,927,927,273
17,109,1853,odd_first,15,127,1236,269,927,1,1,927,927,273
17,109,1853,every_other,15,151,1296,1395,927,1,1,927,927,3214029
17,109,1853,to_target_bits,14,106,547,1193,1719,1,1,9,9,273
17,113,1921,first,15,117,692,507,1891,1,3,31,93,819
17,113,1921,odd_first,15,127,97,1293,341,1,3,31,93,819
17,113,1921,every_other,15,151,1398,147,1165,1,3,1,3,819
17,113,1921,to_target_bits,14,106,241,729,279,1,3,31,93,819
17,127,2159,first,15,117,29,273,27,1,13,27,351,3549
17,127,2159,odd_first,15,127,743,559,1053,1,13,27,351,3549
17,127,2159,every_other,15,151,361,1573,1107,1,13,27,351,3549
17,127,2159,to_target_bits,14,106,547,1781,729,1,13,27,351,3549
17,131,2227,first,15,117,1831,1617,7,1,21,1,21,5733
17,131,2227,odd_first,15,127,1304,1281,1977,1,21,1,21,5733
17,131,2227,every_other,15,151,1483,609,1523,1,21,1,21,5733
17,131,2227,to_target_bits,14,106,2094,1953,137,1,21,1,21,5733
17,137,2329,first,15,117,437,1131,797,1,3,1,3,819
17,137,2329,odd_first,15,127,1015,1101,823,1,3,1,3,819
17,137,2329,every_other,15,151,1840,339,1947,1,3,1,3,819
17,137,2329,to_target_bits,14,106,292,1785,1809,1,3,1,3,819
17,139,2363,first,15,117,556,2109,2199,139,1,3,3,273
17,139,2363,odd_first,15,127,556,1331,2025,139,1,3,3,273
17,139,2363,every_other,15,151,973,1623,675,139,1,3,3,273
17,139,2363,to_target_bits,14,106,139,571,189,139,1,3,3,273
17,149,2533,first,15,117,777,663,539,1,3,7,21,819
17,149,2533,odd_first,15,127,2290,1617,1211,1,3,7,21,819
17,149,2533,every_other,15,151,1330,1035,1043,1,3,7,21,819
17,149,2533,to_target_bits,14,106,1771,753,1911,1,3,7,21,819
17,151,2567,first,15,117,1168,861,555,1,1,3,3,273
17,151,2567,odd_first,15,127,386,931,1581,1,1,3,3,273
17,151,2567,every_other,15,151,140,1939,771,1,1,3,3,273
17,151,2567,to_target_bits,14,106,785,399,2313,1,1,3,3,273
17,157,2669,first,15,117,471,1583,2367,157,1,3,3,1911
17,157,2669,odd_first,15,127,471,717,1893,157,1,3,3,1911
17,157,2669,every_other,15,151,2010,439,2607,1,1,3,3,1911
17,157,2669,to_target_bits,14,106,785,2089,1749,157,1,3,3,1911
17,163,2771,first,15,117,1763,587,567,1,1,63,63,273
17,163,2771,odd_first,15,127,1933,2073,2709,1,1,63,63,273
17,163,2771,every_other,15,151,2282,2597,1071,163,1,63,63,273
17,163,2771,to_target_bits,14,106,1533,2299,2457,1,1,63,63,273
17,167,2839,first,15,117,2443,1161,1867,1,129,1,129,819
17,167,2839,odd_first,15,127,2307,2709,413,1,129,1,129,819
17,167,2839,every_other,15,151,2673,1269,627,1,3,1,3,819
17,167,2839,to_target_bits,14,106,2638,2193,1369,1,129,1,129,819
17,173,2941,first,15,117,1321,147,2165,1,147,1,147,74529
17,173,2941,odd_first,15,127,2307,2793,843,1,147,1,147,74529
17,173,2941,every_other,15,151,1364,147,481,1,147,1,147,74529
17,173,2941,to_target_bits,14,106,1431,1029,2199,1,147,1,147,74529
17,179,3043,first,15,117,2035,1521,2915,1,1521,1,1521,8698599
17,179,3043,odd_first,15,127,1763,1521,165,1,1521,1,1521,8698599
17,179,3043,every_other,15,151,1551,1521,1519,1,1521,1,1521,202293
17,179,3043,to_target_bits,14,106,1329,1521,705,1,1521,1,1521,8698599
17,181,3077,first,15,117,539,19,1539,1,1,1539,1539,8463
17,181,3077,odd_first,15,127,3021,2081,1539,1,1,1539,1539,8463
17,181,3077,every_other,15,151,2129,2719,1539,1,1,1539,1539,273
17,181,3077,to_target_bits,14,106,1006,2921,1539,1,1,1539,1539,8463
17,191,3247,first,15,117,1270,477,539,1,3,7,21,819
17,191,3247,odd_first,15,127,1457,153,1645,1,3,7,21,819
17,191,3247,every_other,15,151,293,1029,1715,1,3,7,21,819
17,191,3247,to_target_bits,14,106,2485,2769,3017,1,3,7,21,819
17,193,3281,first,15,117,896,1307,1641,1,1,1641,1641,273
17,193,3281,odd_first,15,127,3174,653,1641,1,1,1641,1641,273
17,193,3281,every_other,15,151,2316,467,1641,193,1,1641,1641,273
17,193,3281,to_target_bits,14,106,2570,2809,1641,1,1,1641,1641,273
17,197,3349,first,15,117,2987,2511,1437,1,837,1,837,819
17,197,3349,odd_first,15,127,2222,837,703,1,837,1,837,819
17,197,3349,every_other,15,151,1857,1971,737,1,27,67,1809,49959
17,197,3349,to_target_bits,14,106,2553,837,1599,1,837,1,837,819
17,199,3383,first,15,117,3004,1121,2187,1,19,9,171,24843
17,199,3383,odd_first,15,127,148,2071,3141,1,19,9,171,24843
17,199,3383,every_other,15,151,1602,1539,171,1,19,9,171,24843
17,199,3383,to_target_bits,14,106,2349,3173,3033,1,19,9,171,24843
17,211,3587,first,15,117,2562,2415,663,1,1,39,39,273
17,211,3587,odd_first,15,127,1406,3237,2925,1,1,39,39,273
17,211,3587,every_other,15,151,191,1467,1911,1,163,39,6357,273
17,211,3587,to_target_bits,14,106,2230,1533,2457,1,1,39,39,273
17,223,3791,first,15,117,3531,3447,555,1,1,3,3,8463
17,223,3791,odd_first,15,127,3684,3143,1917,1,1,3,3,8463
17,223,3791,every_other,15,151,2537,207,3555,1,1,237,237,273
17,223,3791,to_target_bits,14,106,3046,2919,1401,1,1,3,3,8463
17,227,3859,first,15,117,3837,603,2247,1,3,1,3,40131
17,227,3859,odd_first,15,127,2936,2463,3753,1,3,1,3,40131
17,227,3859,every_other,15,151,1296,3675,3667,1,3,193,579,40131
17,227,3859,to_target_bits,14,106,3454,423,3149,1,3,1,3,40131
17,229,3893,first,15,117,2834,2919,2085,1,973,3,2919,1911
17,229,3893,odd_first,15,127,29,973,267,1,973,3,2919,1911
17,229,3893,every_other,15,151,3455,2919,2721,1,973,3,2919,1911
17,229,3893,to_target_bits,14,106,1074,973,1533,1,973,3,2919,1911
17,233,3961,first,15,117,1729,2547,2611,1,9,7,63,30303
17,233,3961,odd_first,15,127,590,333,2499,1,9,7,63,30303
17,233,3961,every_other,15,151,2180,1467,1645,1,9,7,63,30303
17,233,3961,to_target_bits,14,106,411,3249,2877,1,9,7,63,30303
17,239,4063,first,15,117,12,3249,283,1,3,1,3,819
17,239,4063,odd_first,15,127,2902,261,4045,1,3,1,3,819
17,239,4063,every_other,15,151,3523,1023,3155,1,3,1,3,54873
17,239,4063,to_target_bits,14,106,479,717,1817,1,3,1,3,819
17,241,4097,first,15,117,369,2299,3369,1,1,3,3,1911
17,241,4097,odd_first,15,127,3157,3341,2121,1,1,3,3,1911
17,241,4097,every_other,15,151,4033,659,2751,1,1,3,3,1911
17,241,4097,to_target_bits,14,106,1023,857,1773,1,1,3,3,1911
17,251,4267,first,15,117,3718,81,743,1,27,1,27,10647
17,251,4267,odd_first,15,127,3242,1917,4205,1,27,1,27,10647
17,251,4267,every_other,15,151,1466,2133,1115,1,2133,1,2133,10647
17,251,4267,to_target_bits,14,106,343,2349,3337,1,27,1,27,10647
17,257,4369,first,15,117,794,3003,1767,1,273,19,5187,74529
17,257,4369,odd_first,15,127,63,3549,2603,1,273,19,5187,74529
17,257,4369,every_other,15,151,3421,819,1957,1,273,19,5187,74529
17,257,4369,to_target_bits,14,106,2808,2457,19,1,273,19,5187,74529
17,263,4471,first,15,117,3293,777,2795,1,3,559,1677,84357
17,263,4471,odd_first,15,127,3871,3333,1677,1,3,559,1677,84357
17,263,4471,every_other,15,151,3744,3267,3419,1,3,13,39,84357
17,263,4471,to_target_bits,14,106,2298,579,3913,1,3,559,1677,819
17,269,4573,first,15,117,1610,4347,4203,1,9,1,9,5733
17,269,4573,odd_first,15,127,2511,3537,2101,1,9,1,9,5733
17,269,4573,every_other,15,151,2486,3663,1265,1,9,1,9,5733
17,269,4573,to_target_bits,14,106,3301,801,4411,1,9,1,9,5733
17,271,4607,first,15,117,1355,4067,4347,271,49,9,441,1911
17,271,4607,odd_first,15,127,1355,2107,4365,271,49,9,441,1911
17,271,4607,every_other,15,151,3914,735,1683,1,49,9,441,1911
17,271,4607,to_target_bits,14,106,3794,4067,1881,271,49,9,441,1911
17,277,4709,first,15,117,1695,127,3297,1,1,471,471,3549
17,277,4709,odd_first,15,127,3735,3721,1413,1,1,471,471,3549
17,277,4709,every_other,15,151,3982,4195,597,1,1,3,3,3549
17,277,4709,to_target_bits,14,106,360,1885,4239,1,1,471,471,3549
17,281,4777,first,15,117,131,1611,243,1,3,1,3,819
17,281,4777,odd_first,15,127,964,4725,3529,1,3,1,3,819
17,281,4777,every_other,15,151,1959,4587,3721,1,3,1,3,819
17,281,4777,to_target_bits,14,106,2944,4737,3519,1,3,1,3,819
17,283,4811,first,15,117,913,3367,2055,1,481,3,1443,24843
17,283,4811,odd_first,15,127,1933,1443,2241,1,481,3,1443,24843
17,283,4811,every_other,15,151,4475,3367,3399,1,481,3,1443,24843
17,283,4811,to_target_bits,14,106,3726,4329,2853,1,481,3,1443,24843
17,293,4981,first,15,117,4517,1767,4161,1,3,1,3,15561
17,293,4981,odd_first,15,127,1950,393,2765,1,3,1,3,15561
17,293,4981,every_other,15,151,4815,1407,4213,1,3,1,3,23357061
17,293,4981,to_target_bits,14,106,2298,1449,1529,1,3,1,3,15561
17,307,5219,first,15,117,4398,2419,1467,1,1,9,9,10101
17,307,5219,odd_first,15,127,2256,193,1413,1,1,9,9,10101
17,307,5219,every_other,15,151,2996,3677,207,1,1,9,9,10101
17,307,5219,to_target_bits,14,106,972,679,3249,1,1,9,9,10101
17,311,5287,first,15,117,4636,1647,4275,1,3,1,3,5733
17,311,5287,odd_first,15,127,4449,1797,5029,1,3,1,3,5733
17,311,5287,every_other,15,151,123,1713,4651,1,3,1,3,5733
17,311,5287,to_target_bits,14,106,513,4341,2833,1,3,1,3,5733
17,313,5321,first,15,117,1661,5187,3927,1,133,3,399,13377
17,313,5321,odd_first,15,127,4653,133,597,1,133,3,399,13377
17,313,5321,every_other,15,151,3132,5187,4491,1,133,3,399,13377
17,313,5321,to_target_bits,14,106,3216,1729,1173,1,133,3,399,13377
17,317,5389,first,15,117,3718,2931,2107,1,3,49,147,819
17,317,5389,odd_first,15,127,216,4977,1323,1,3,49,147,819
17,317,5389,every_other,15,151,1092,5187,147,1,3,49,147,819
17,317,5389,to_target_bits,14,106,3998,5073,4459,1,3,49,147,819
17,331,5627,first,15,117,3123,3265,231,1,1,21,21,5187
17,331,5627,odd_first,15,127,267,1877,4053,1,1,21,21,5187
17,331,5627,every_other,15,151,2503,1309,1407,1,1,1407,1407,5187
17,331,5627,to_target_bits,14,106,4848,233,1197,1,1,21,21,5187
17,337,5729,first,15,117,3854,603,2607,1,1,3,3,273
17,337,5729,odd_first,15,127,1304,4269,693,1,1,3,3,273
17,337,5729,every_other,15,151,1551,3699,2967,1,1,3,3,273
17,337,5729,to_target_bits,14,106,5307,5625,3249,1,1,3,3,273
17,347,5899,first,15,117,1253,357,787,1,3,1,3,25389
17,347,5899,odd_first,15,127,1202,3693,3453,1,3,1,3,25389
17,347,5899,every_other,15,151,4934,2103,1187,1,3,1,3,819
17,347,5899,to_target_bits,14,106,2196,2367,2949,1,3,1,3,25389
17,349,5933,first,15,117,2715,1427,387,1,1,129,129,273
17,349,5933,odd_first,15,127,3225,441,5547,1,1,129,129,273
17,349,5933,every_other,15,151,4781,3747,5913,1,1,3,3,273
17,349,5933,to_target_bits,14,106,1754,4257,387,1,1,129,129,273
17,353,6001,first,15,117,1338,4587,4539,1,3,1,3,5733
17,353,6001,odd_first,15,127,5418,3453,5953,1,3,1,3,5733
17,353,6001,every_other,15,151,5733,387,1265,1,3,1,3,349713
17,353,6001,to_target_bits,14,106,2689,249,1359,1,3,1,3,5733
17,359,6103,first,15,117,1593,3969,3563,1,27,7,189,819
17,359,6103,odd_first,15,127,5350,4617,2653,1,27,7,189,819
17,359,6103,every_other,15,151,2775,5805,315,1,27,7,189,819
17,359,6103,to_target_bits,14,106,5562,2727,329,1,27,7,189,819
17,367,6239,first,15,117,3463,3275,507,1,1,39,39,59241
17,367,6239,odd_first,15,127,607,3009,4173,1,1,39,39,59241
17,367,6239,every_other,15,151,1177,6091,2067,1,1,39,39,1911
17,367,6239,to_target_bits,14,106,3760,3941,1209,1,1,39,39,59241
17,373,6341,first,15,117,5911,2767,4641,1,1,21,21,5187
17,373,6341,odd_first,15,127,4313,533,3255,1,1,21,21,5187
17,373,6341,every_other,15,151,6328,5847,1197,1,1,21,21,347529
17,373,6341,to_target_bits,14,106,1448,4949,483,1,1,21,21,5187
17,379,6443,first,15,117,794,4825,603,1,1,9,9,273
17,379,6443,odd_first,15,127,1627,2079,6417,1,1,9,9,273
17,379,6443,every_other,15,151,2860,6335,3699,1,1,9,9,273
17,379,6443,to_target_bits,14,106,4814,2501,5625,1,1,9,9,273
17,383,6511,first,15,117,5027,4557,3515,1,651,37,24087,5733
17,383,6511,odd_first,15,127,3514,1953,333,1,651,37,24087,5733
17,383,6511,every_other,15,151,4033,3087,851,1,21,37,777,5733
17,383,6511,to_target_bits,14,106,2570,5859,4921,1,651,37,24087,5733
17,389,6613,first,15,117,3582,5643,1545,1,57,1,57,819
17,389,6613,odd_first,15,127,5197,2109,4459,1,57,1,57,819
17,389,6613,every_other,15,151,3914,4731,4249,1,57,1,57,819
17,389,6613,to_target_bits,14,106,20,3249,4725,1,57,1,57,819
17,397,6749,first,15,117,6574,2779,837,1,7,27,189,70707
17,397,6749,odd_first,15,127,1151,3157,6453,1,7,27,189,70707
17,397,6749,every_other,15,151,2146,4515,4887,1,7,27,189,70707
17,397,6749,to_target_bits,14,106,2468,1505,999,1,7,27,189,70707
17,401,6817,first,15,117,1253,3003,4697,1,3,7,21,819
17,401,6817,odd_first,15,127,6251,6093,749,1,3,7,21,819
17,401,6817,every_other,15,151,191,627,2765,1,3,7,21,819
17,401,6817,to_target_bits,14,106,4457,5913,6713,1,3,7,21,819
17,409,6953,first,15,117,6676,6243,6897,1,1,57,57,59241
17,409,6953,odd_first,15,127,2698,1917,3249,1,1,57,57,59241
17,409,6953,every_other,15,151,5716,1027,3477,1,79,3477,274683,1911
17,409,6953,to_target_bits,14,106,2774,1401,2109,1,1,57,57,59241
17,419,7123,first,15,117,6897,825,1807,1,3,13,39,819
17,419,7123,odd_first,15,127,5996,3243,741,1,3,13,39,819
17,419,7123,every_other,15,151,1228,1719,1703,1,3,13,39,64701
17,419,7123,to_target_bits,14,106,428,1515,429,1,3,13,39,819
17,421,7157,first,15,117,896,5835,4563,1,1,3,3,273
17,421,7157,odd_first,15,127,369,2521,5967,1,1,3,3,273
17,421,7157,every_other,15,151,1432,5031,2205,1,1,3,3,273
17,421,7157,to_target_bits,14,106,5953,2613,5661,1,1,3,3,273
17,431,7327,first,15,117,5163,4329,315,1,333,1,333,819
17,431,7327,odd_first,15,127,4228,333,3693,1,333,1,333,819
17,431,7327,every_other,15,151,6719,1665,4371,1,333,1,333,133497
17,431,7327,to_target_bits,14,106,1669,1665,7257,1,333,1,333,819
17,433,7361,first,15,117,4789,4987,1359,1,1,9,9,3549
17,433,7361,odd_first,15,127,6574,5133,4743,1,1,9,9,3549
17,433,7361,every_other,15,151,5767,4947,2853,1,1,9,9,3549
17,433,7361,to_target_bits,14,106,853,3929,729,1,1,9,9,3549
17,439,7463,first,15,117,2324,4095,4947,1,91,3,273,24843
17,439,7463,odd_first,15,127,1338,2457,717,1,91,3,273,24843
17,439,7463,every_other,15,151,1415,5551,123,1,91,3,273,24843
17,439,7463,to_target_bits,14,106,3165,5187,513,1,91,3,273,24843
17,443,7531,first,15,117,6081,957,7259,1,3,7,21,819
17,443,7531,odd_first,15,127,437,6003,5201,1,3,7,21,819
17,443,7531,every_other,15,151,4441,4227,4907,1,3,7,21,819
17,443,7531,to_target_bits,14,106,4066,4359,5453,1,3,7,21,819
17,449,7633,first,15,117,6523,27,6111,1,9,1,9,15561
17,449,7633,odd_first,15,127,2732,1917,5019,1,9,1,9,15561
17,449,7633,every_other,15,151,2044,2835,7363,1,9,1,9,15561
17,449,7633,to_target_bits,14,106,3726,5769,3931,1,9,1,9,15561
17,457,7769,first,15,117,2630,7171,777,1,1,777,777,273
17,457,7769,odd_first,15,127,811,2885,6993,1,1,777,777,273
17,457,7769,every_other,15,151,582,2563,777,1,1,777,777,273
17,457,7769,to_target_bits,14,106,1754,5753,5439,1,1,777,777,273
17,461,7837,first,15,117,7458,6291,4325,1,3,1,3,819
17,461,7837,odd_first,15,127,4364,6297,809,1,3,1,3,819
17,461,7837,every_other,15,151,7807,3927,7245,1,3,1,3,819
17,461,7837,to_target_bits,14,106,5460,7089,2727,1,3,1,3,819
17,463,7871,first,15,117,6642,4117,2619,1,1,3,3,273
17,463,7871,odd_first,15,127,3973,5923,5901,1,1,3,3,273
17,463,7871,every_other,15,151,3710,5427,5715,1,1,3,3,273
17,463,7871,to_target_bits,14,106,1193,4419,1497,1,1,3,3,273
17,467,7939,first,15,117,4874,3969,2207,1,3969,1,3969,246519
17,467,7939,odd_first,15,127,1610,3969,3533,1,3969,1,3969,246519
17,467,7939,every_other,15,151,2554,3969,7307,1,3969,1,3969,5733
17,467,7939,to_target_bits,14,106,1074,3969,7629,1,3969,1,3969,246519
17,479,8143,first,15,117,6863,3147,59,1,3,1,3,5733
17,479,8143,odd_first,15,127,4415,1683,5357,1,3,1,3,5733
17,479,8143,every_other,15,151,3472,3429,4339,1,3,1,3,5733
17,479,8143,to_target_bits,14,106,7653,2595,4345,1,3,1,3,5733
17,487,8279,first,15,117,2749,1145,387,1,1,9,9,5187
17,487,8279,odd_first,15,127,1236,949,7893,1,1,9,9,5187
17,487,8279,every_other,15,151,4713,4701,2187,1,1,9,9,5187
17,487,8279,to_target_bits,14,106,7687,5435,5769,1,1,9,9,5187
17,491,8347,first,15,117,4041,4407,5955,1,39,1,39,330057
17,491,8347,odd_first,15,127,7611,2223,4705,1,39,1,39,330057
17,491,8347,every_other,15,151,6175,5265,7883,1,39,1,39,10647
17,491,8347,to_target_bits,14,106,3556,7449,1369,1,39,1,39,330057
17,499,8483,first,15,117,2460,3579,3507,1,1,21,21,273
17,499,8483,odd_first,15,127,4262,6567,7497,1,1,21,21,273
17,499,8483,every_other,15,151,7042,3313,3591,1,1,21,21,18291
17,499,8483,to_target_bits,14,106,6684,4425,2457,1,1,21,21,273
19,23,437,first,15,117,19,75,411,19,1,3,3,173901
19,23,437,odd_first,15,127,418,37,153,19,1,3,3,173901
19,23,437,every_other,15,151,209,315,39,19,1,3,3,173901
19,23,437,to_target_bits,14,106,19,329,147,19,1,3,3,173901
19,29,551,first,15,117,133,237,387,19,1,3,3,278859
19,29,551,odd_first,15,127,456,3,165,19,1,3,3,278859
19,29,551,every_other,15,151,323,37,531,19,1,3,3,1029
19,29,551,to_target_bits,14,106,494,499,249,19,1,3,3,278859
19,31,589,first,15,117,0,147,197,589,147,1,147,319333
19,31,589,odd_first,15,127,0,441,503,589,147,1,147,319333
19,31,589,every_other,15,151,266,147,7,19,147,1,147,319333
19,31,589,to_target_bits,14,106,0,441,589,589,147,1,147,319333
19,37,703,first,15,117,0,351,699,703,351,1,351,457219
19,37,703,odd_first,15,127,0,351,333,703,351,1,351,457219
19,37,703,every_other,15,151,0,351,147,703,351,1,351,343
19,37,703,to_target_bits,14,106,0,351,345,703,351,1,351,457219
19,41,779,first,15,117,323,81,507,19,1,39,39,562863
19,41,779,odd_first,15,127,38,529,273,19,1,39,39,562863
19,41,779,every_other,15,151,57,413,507,19,1,39,39,562863
19,41,779,to_target_bits,14,106,513,409,429,19,1,39,39,562863
19,43,817,first,15,117,0,267,541,817,3,1,3,619801
19,43,817,odd_first,15,127,0,573,653,817,3,1,3,619801
19,43,817,every_other,15,151,323,531,399,19,3,1,3,619801
19,43,817,to_target_bits,14,106,0,105,729,817,3,1,3,619801
19,47,893,first,15,117,589,855,777,19,1,3,3,741909
19,47,893,odd_first,15,127,133,785,651,19,1,3,3,741909
19,47,893,every_other,15,151,171,307,585,19,1,3,3,741909
19,47,893,to_target_bits,14,106,589,593,579,19,1,3,3,7203
19,53,1007,first,15,117,133,791,315,19,1,63,63,1029
19,53,1007,odd_first,15,127,380,597,189,19,1,63,63,945651
19,53,1007,every_other,15,151,874,643,819,19,1,63,63,1029
19,53,1007,to_target_bits,14,106,893,365,441,19,1,63,63,1029
19,59,1121,first,15,117,551,987,369,19,7,3,21,7203
19,59,1121,odd_first,15,127,798,973,267,19,7,3,21,7203
19,59,1121,every_other,15,151,361,147,939,19,7,3,21,1174089
19,59,1121,to_target_bits,14,106,589,889,411,19,7,3,21,7203
19,61,1159,first,15,117,1102,1089,307,19,3,1,3,2401
19,61,1159,odd_first,15,127,931,279,253,19,3,1,3,2401
19,61,1159,every_other,15,151,0,579,787,1159,579,1,579,2401
19,61,1159,to_target_bits,14,106,950,447,929,19,3,1,3,2401
19,67,1273,first,15,117,1102,27,637,19,3,637,1911,343
19,67,1273,odd_first,15,127,703,645,637,19,3,637,1911,343
19,67,1273,every_other,15,151,0,291,637,1273,3,637,1911,1517089
19,67,1273,to_target_bits,14,106,1197,681,637,19,3,637,1911,343
19,71,1349,first,15,117,589,147,837,19,1,27,27,1029
19,71,1349,odd_first,15,127,342,293,1053,19,1,27,27,1029
19,71,1349,every_other,15,151,627,203,837,19,1,27,27,1029
19,71,1349,to_target_bits,14,106,304,589,999,19,1,27,27,1029
19,73,1387,first,15,117,703,567,559,19,63,1,63,2401
19,73,1387,odd_first,15,127,1102,1323,161,19,63,1,63,2401
19,73,1387,every_other,15,151,988,1071,423,19,63,1,63,1803151
19,73,1387,to_target_bits,14,106,950,1071,461,19,63,1,63,2401
19,79,1501,first,15,117,950,87,323,19,3,1,3,343
19,79,1501,odd_first,15,127,969,453,943,19,3,1,3,343
19,79,1501,every_other,15,151,0,387,751,1501,3,751,2253,343
19,79,1501,to_target_bits,14,106,532,249,689,19,3,1,3,343
19,83,1577,first,15,117,190,1411,663,19,1,3,3,1029
19,83,1577,odd_first,15,127,1140,1237,189,19,1,3,3,1029
19,83,1577,every_other,15,151,494,675,1377,19,1,3,3,2334801
19,83,1577,to_target_bits,14,106,38,977,1509,19,1,3,3,1029
19,89,1691,first,15,117,1121,507,495,19,169,9,1521,7203
19,89,1691,odd_first,15,127,380,1183,1449,19,169,9,1521,7203
19,89,1691,every_other,15,151,1539,507,171,19,169,9,1521,7203
19,89,1691,to_target_bits,14,106,1482,169,1341,19,169,9,1521,7203
19,97,1843,first,15,117,646,1635,543,19,3,1,3,47677
19,97,1843,odd_first,15,127,228,1335,1137,19,3,1,3,47677
19,97,1843,every_other,15,151,1406,1461,431,19,3,1,3,3194359
19,97,1843,to_target_bits,14,106,912,51,389,19,3,1,3,47677
19,101,1919,first,15,117,1083,1533,507,19,7,3,21,3464643
19,101,1919,odd_first,15,127,1235,1015,1293,19,7,3,21,3464643
19,101,1919,every_other,15,151,1672,1155,147,19,7,3,21,3464643
19,101,1919,to_target_bits,14,106,437,1799,729,19,7,3,21,3464643
19,103,1957,first,15,117,0,459,765,1957,3,1,3,45619
19,103,1957,odd_first,15,127,0,1281,113,1957,3,1,3,45619
19,103,1957,every_other,15,151,0,1467,1005,1957,489,1,489,3603901
19,103,1957,to_target_bits,14,106,380,1533,147,19,3,1,3,45619
19,107,2033,first,15,117,1197,283,1935,19,1,9,9,19551
19,107,2033,odd_first,15,127,190,2013,549,19,1,9,9,19551
19,107,2033,every_other,15,151,1520,1123,1737,19,1,9,9,19551
19,107,2033,to_target_bits,14,106,494,1817,693,19,1,9,9,19551
19,109,2071,first,15,117,1710,387,259,19,9,259,2331,343
19,109,2071,odd_first,15,127,1672,1683,1813,19,9,259,2331,343
19,109,2071,every_other,15,151,969,117,259,19,9,259,2331,4038139
19,109,2071,to_target_bits,14,106,874,1629,777,19,9,259,2331,343
19,113,2147,first,15,117,1596,481,603,19,37,3,111,1029
19,113,2147,odd_first,15,127,323,2109,2121,19,37,3,111,1029
19,113,2147,every_other,15,151,494,555,1551,19,37,3,111,1029
19,113,2147,to_target_bits,14,106,1710,407,1329,19,37,3,111,1029
19,127,2413,first,15,117,1045,1035,1015,19,9,1,9,4459
19,127,2413,odd_first,15,127,2394,837,981,19,9,1,9,4459
19,127,2413,every_other,15,151,361,603,769,19,603,1,603,4459
19,127,2413,to_target_bits,14,106,2071,1197,1227,19,9,1,9,4459
19,131,2489,first,15,117,1045,2459,1767,19,1,3,3,7203
19,131,2489,odd_first,15,127,2090,717,393,19,1,3,3,7203
19,131,2489,every_other,15,151,304,123,1407,19,1,3,3,7203
19,131,2489,to_target_bits,14,106,2356,513,1449,19,1,3,3,7203
19,137,2603,first,15,117,437,953,651,19,1,651,651,1029
19,137,2603,odd_first,15,127,741,1535,1953,19,1,651,651,1029
19,137,2603,every_other,15,151,1292,2047,483,19,1,21,21,1029
19,137,2603,to_target_bits,14,106,703,1041,1953,19,1,651,651,1029
19,139,2641,first,15,117,0,1227,1465,2641,3,1,3,343
19,139,2641,odd_first,15,127,0,333,1557,2641,3,1,3,343
19,139,2641,every_other,15,151,0,147,1391,2641,3,1,3,343
19,139,2641,to_target_bits,14,106,0,1929,1955,2641,3,1,3,343
19,149,2831,first,15,117,2565,347,315,19,1,3,3,1029
19,149,2831,odd_first,15,127,1843,1933,621,19,1,3,3,1029
19,149,2831,every_other,15,151,1330,2777,243,19,1,3,3,1029
19,149,2831,to_target_bits,14,106,1026,1179,825,19,1,3,3,1029
19,151,2869,first,15,117,2527,2163,77,19,3,7,21,343
19,151,2869,odd_first,15,127,1292,273,1883,19,3,7,21,343
19,151,2869,every_other,15,151,1197,1611,2107,19,3,7,21,343
19,151,2869,to_target_bits,14,106,1691,957,1169,19,3,7,21,343
19,157,2983,first,15,117,0,21,1435,2983,21,1,21,2401
19,157,2983,odd_first,15,127,0,1407,2821,2983,21,1,21,2401
19,157,2983,every_other,15,151,1539,2331,2971,19,21,1,21,2401
19,157,2983,to_target_bits,14,106,0,2079,329,2983,21,1,21,2401
19,163,3097,first,15,117,133,387,2691,19,387,1,387,343
19,163,3097,odd_first,15,127,1444,2709,825,19,387,1,387,343
19,163,3097,every_other,15,151,0,2043,2443,3097,9,1,9,343
19,163,3097,to_target_bits,14,106,2185,1161,1677,19,387,1,387,343
19,167,3173,first,15,117,2109,1651,111,19,13,3,39,1029
19,167,3173,odd_first,15,127,2641,1053,441,19,13,3,39,1029
19,167,3173,every_other,15,151,836,2379,3153,19,793,3,2379,1029
19,167,3173,to_target_bits,14,106,133,2353,1353,19,13,3,39,1029
19,173,3287,first,15,117,456,1829,2355,19,31,3,93,93639
19,173,3287,odd_first,15,127,1615,1705,741,19,31,3,93,93639
19,173,3287,every_other,15,151,1710,1351,1155,19,1,3,3,93639
19,173,3287,to_target_bits,14,106,912,1953,2073,19,31,3,93,93639
19,179,3401,first,15,117,1140,2987,1701,19,1,1701,1701,10929009
19,179,3401,odd_first,15,127,152,1253,1701,19,1,1701,1701,10929009
19,179,3401,every_other,15,151,2983,3387,1701,19,1,1701,1701,254163
19,179,3401,to_target_bits,14,106,76,649,1701,19,1,1701,1701,10929009
19,181,3439,first,15,117,1444,315,2107,19,9,43,387,10633
19,181,3439,odd_first,15,127,3021,693,3053,19,9,43,387,10633
19,181,3439,every_other,15,151,1767,675,2387,19,9,1,9,343
19,181,3439,to_target_bits,14,106,1368,3249,1849,19,9,43,387,10633
19,191,3629,first,15,117,1843,1679,237,19,1,3,3,1029
19,191,3629,odd_first,15,127,2603,1101,3,19,1,3,3,1029
19,191,3629,every_other,15,151,2394,1823,2127,19,1,3,3,1029
19,191,3629,to_target_bits,14,106,3249,2297,2259,19,1,3,3,1029
19,193,3667,first,15,117,703,3315,259,19,39,7,273,343
19,193,3667,odd_first,15,127,665,39,3269,19,39,7,273,343
19,193,3667,every_other,15,151,0,2145,959,3667,39,7,273,343
19,193,3667,to_target_bits,14,106,1026,3315,1701,19,39,7,273,343
19,197,3743,first,15,117,1805,2985,1755,19,1,117,117,1029
19,197,3743,odd_first,15,127,646,329,2925,19,1,117,117,1029
19,197,3743,every_other,15,151,1463,1625,819,19,1,117,117,62769
19,197,3743,to_target_bits,14,106,2356,3733,2457,19,1,117,117,1029
19,199,3781,first,15,117,19,567,2139,19,189,31,5859,31213
19,199,3781,odd_first,15,127,2337,3213,2883,19,189,31,5859,31213
19,199,3781,every_other,15,151,209,567,793,19,189,61,11529,31213
19,199,3781,to_target_bits,14,106,3344,189,279,19,189,31,5859,31213
19,211,4009,first,15,117,874,1107,2857,19,3,1,3,343
19,211,4009,odd_first,15,127,1406,3309,3043,19,3,1,3,343
19,211,4009,every_other,15,151,2090,3675,2597,19,3,1,3,343
19,211,4009,to_target_bits,14,106,3496,801,1249,19,3,1,3,343
19,223,4237,first,15,117,855,279,3393,19,3,13,39,10633
19,223,4237,odd_first,15,127,1900,2241,3237,19,3,13,39,10633
19,223,4237,every_other,15,151,2983,3615,2119,19,3,2119,6357,343
19,223,4237,to_target_bits,14,106,4161,4101,1859,19,3,13,39,10633
19,227,4313,first,15,117,3610,2107,609,19,49,3,147,50421
19,227,4313,odd_first,15,127,893,245,3165,19,49,3,147,50421
19,227,4313,every_other,15,151,2204,147,471,19,49,3,147,50421
19,227,4313,to_target_bits,14,106,2546,1225,1899,19,49,3,147,50421
19,229,4351,first,15,117,2147,2337,4347,19,3,1,3,2401
19,229,4351,odd_first,15,127,2090,3153,4109,19,3,1,3,2401
19,229,4351,every_other,15,151,4142,3687,2707,19,3,1,3,2401
19,229,4351,to_target_bits,14,106,3135,3249,4185,19,3,1,3,2401
19,233,4427,first,15,117,1729,3473,2619,19,1,27,27,38073
19,233,4427,odd_first,15,127,4085,541,2457,19,1,27,27,38073
19,233,4427,every_other,15,151,2413,1855,4239,19,1,27,27,38073
19,233,4427,to_target_bits,14,106,2508,3073,513,19,1,27,27,38073
19,239,4541,first,15,117,2641,1567,369,19,1,3,3,1029
19,239,4541,odd_first,15,127,2185,893,3003,19,1,3,3,1029
19,239,4541,every_other,15,151,3762,4247,813,19,1,3,3,68943
19,239,4541,to_target_bits,14,106,2869,49,2583,19,1,3,3,1029
19,241,4579,first,15,117,3743,2037,2147,19,21,1,21,2401
19,241,4579,odd_first,15,127,988,4179,3693,19,21,1,21,2401
19,241,4579,every_other,15,151,418,315,707,19,21,1,21,2401
19,241,4579,to_target_bits,14,106,3192,3381,4509,19,21,1,21,2401
19,251,4769,first,15,117,1710,2267,27,19,1,9,9,13377
19,251,4769,odd_first,15,127,2489,4525,963,19,1,9,9,13377
19,251,4769,every_other,15,151,2470,883,927,19,1,9,9,13377
19,251,4769,to_target_bits,14,106,3857,281,999,19,1,9,9,13377
19,257,4883,first,15,117,2850,4069,1887,19,1,111,111,93639
19,257,4883,odd_first,15,127,1862,4681,333,19,1,111,111,93639
19,257,4883,every_other,15,151,2907,2019,4107,19,1,111,111,93639
19,257,4883,to_target_bits,14,106,4864,2681,1665,19,1,111,111,93639
19,263,4997,first,15,117,3819,3855,2205,19,1,147,147,105987
19,263,4997,odd_first,15,127,1767,581,2205,19,1,147,147,105987
19,263,4997,every_other,15,151,2166,4119,735,19,1,147,147,105987
19,263,4997,to_target_bits,14,106,3876,3605,3675,19,1,147,147,1029
19,269,5111,first,15,117,3762,4207,4707,19,7,9,63,7203
19,269,5111,odd_first,15,127,2242,3073,981,19,7,9,63,7203
19,269,5111,every_other,15,151,2755,2667,2331,19,7,9,63,7203
19,269,5111,to_target_bits,14,106,342,1169,801,19,7,9,63,7203
19,271,5149,first,15,117,0,1755,2987,5149,117,103,12051,2401
19,271,5149,odd_first,15,127,0,1521,103,5149,117,103,12051,2401
19,271,5149,every_other,15,151,3914,5031,2987,19,117,103,12051,2401
19,271,5149,to_target_bits,14,106,0,2457,2749,5149,117,1,117,2401
19,277,5263,first,15,117,4465,4989,1435,19,3,7,21,4459
19,277,5263,odd_first,15,127,3458,1689,2765,19,3,7,21,4459
19,277,5263,every_other,15,151,3705,951,2051,19,3,7,21,4459
19,277,5263,to_target_bits,14,106,2299,2997,777,19,3,7,21,4459
19,281,5339,first,15,117,2660,471,2367,19,157,3,471,1029
19,281,5339,odd_first,15,127,4617,471,1893,19,157,3,471,1029
19,281,5339,every_other,15,151,4769,4679,2607,19,1,3,3,1029
19,281,5339,to_target_bits,14,106,1539,785,1749,19,157,3,471,1029
19,283,5377,first,15,117,3743,4347,3155,19,21,1,21,31213
19,283,5377,odd_first,15,127,3914,525,703,19,21,1,21,31213
19,283,5377,every_other,15,151,513,147,2337,19,21,1,21,31213
19,283,5377,to_target_bits,14,106,4009,1113,4825,19,21,1,21,31213
19,293,5567,first,15,117,5396,479,1467,19,1,3,3,19551
19,293,5567,odd_first,15,127,4294,487,717,19,1,3,3,19551
19,293,5567,every_other,15,151,4522,3337,2643,19,1,3,3,29346051
19,293,5567,to_target_bits,14,106,247,3469,5337,19,1,3,3,19551
19,307,5833,first,15,117,3477,2187,2583,19,729,1,729,12691
19,307,5833,odd_first,15,127,4712,3645,5173,19,729,1,729,12691
19,307,5833,every_other,15,151,3610,2187,5281,19,729,1,729,12691
19,307,5833,to_target_bits,14,106,665,729,3343,19,729,1,729,12691
19,311,5909,first,15,117,4636,4039,1017,19,7,3,21,7203
19,311,5909,odd_first,15,127,95,1617,843,19,7,3,21,7203
19,311,5909,every_other,15,151,4788,2723,1857,19,7,3,21,7203
19,311,5909,to_target_bits,14,106,513,5817,189,19,7,3,21,7203
19,313,5947,first,15,117,722,5067,3759,19,3,1,3,16807
19,313,5947,odd_first,15,127,3401,855,4681,19,3,1,3,16807
19,313,5947,every_other,15,151,1254,5139,887,19,3,1,3,16807
19,313,5947,to_target_bits,14,106,399,2229,5661,19,3,1,3,16807
19,317,6023,first,15,117,3401,1069,5475,19,1,3,3,1029
19,317,6023,odd_first,15,127,5605,825,1485,19,1,3,3,1029
19,317,6023,every_other,15,151,4579,5297,4227,19,1,3,3,1029
19,317,6023,to_target_bits,14,106,2413,3063,5865,19,1,3,3,1029
19,331,6289,first,15,117,475,5499,777,19,3,37,111,6517
19,331,6289,odd_first,15,127,2584,4317,3293,19,3,37,111,6517
19,331,6289,every_other,15,151,3496,435,1517,19,3,37,111,6517
19,331,6289,to_target_bits,14,106,5510,3273,5069,19,3,37,111,6517
19,337,6403,first,15,117,6213,2877,2855,19,3,1,3,343
19,337,6403,odd_first,15,127,4674,6339,4509,19,3,1,3,343
19,337,6403,every_other,15,151,4921,3249,2519,19,3,1,3,343
19,337,6403,to_target_bits,14,106,589,1203,2361,19,3,1,3,343
19,347,6593,first,15,117,2641,1339,3297,19,103,3297,339591,31899
19,347,6593,odd_first,15,127,855,4429,3297,19,103,3297,339591,31899
19,347,6593,every_other,15,151,76,5459,3423,19,103,21,2163,1029
19,347,6593,to_target_bits,14,106,114,3161,3297,19,1,3297,3297,31899
19,349,6631,first,15,117,3762,1287,1275,19,39,1,39,343
19,349,6631,odd_first,15,127,2527,2613,4493,19,39,1,39,343
19,349,6631,every_other,15,151,5130,4407,5931,19,39,1,39,343
19,349,6631,to_target_bits,14,106,5244,819,2153,19,39,1,39,343
19,353,6707,first,15,117,1691,3031,5031,19,7,1677,11739,7203
19,353,6707,odd_first,15,127,4712,2499,1677,19,7,1677,11739,7203
19,353,6707,every_other,15,151,4674,119,5655,19,7,39,273,439383
19,353,6707,to_target_bits,14,106,4807,2863,1677,19,7,1677,11739,7203
19,359,6821,first,15,117,4465,6727,3447,19,31,9,279,1029
19,359,6821,odd_first,15,127,3914,3193,2385,19,31,9,279,1029
19,359,6821,every_other,15,151,6365,4327,207,19,1,9,9,1029
19,359,6821,to_target_bits,14,106,1254,3689,5193,19,31,9,279,1029
19,367,6973,first,15,117,1995,3759,2767,19,21,1,21,74431
19,367,6973,odd_first,15,127,6479,3381,4337,19,21,1,21,74431
19,367,6973,every_other,15,151,76,1407,2677,19,21,1,21,2401
19,367,6973,to_target_bits,14,106,1558,1449,2413,19,21,1,21,74431
19,373,7087,first,15,117,7030,2109,5195,19,3,1,3,6517
19,373,7087,odd_first,15,127,4313,3693,3981,19,3,1,3,6517
19,373,7087,every_other,15,151,3344,1623,3555,19,3,1,3,436639
19,373,7087,to_target_bits,14,106,3686,5295,6281,19,3,1,3,6517
19,379,7201,first,15,117,6479,5787,2249,19,9,13,117,343
19,379,7201,odd_first,15,127,6175,4653,7059,19,9,13,117,343
19,379,7201,every_other,15,151,6650,3987,3705,19,9,13,117,343
19,379,7201,to_target_bits,14,106,266,5049,637,19,9,13,117,343
19,383,7277,first,15,117,1197,3123,1203,19,1,3,3,7203
19,383,7277,odd_first,15,127,1216,3293,6579,19,1,3,3,7203
19,383,7277,every_other,15,151,969,2911,4425,19,1,3,3,7203
19,383,7277,to_target_bits,14,106,6783,173,1047,19,1,3,3,7203
19,389,7391,first,15,117,3971,5537,7035,19,1,21,21,1029
19,389,7391,odd_first,15,127,5586,4183,4557,19,1,21,21,1029
19,389,7391,every_other,15,151,3914,547,147,19,1,21,21,1029
19,389,7391,to_target_bits,14,106,798,6699,2457,19,1,21,21,1029
19,397,7543,first,15,117,6574,4383,1307,19,9,1,9,88837
19,397,7543,odd_first,15,127,7106,549,1637,19,9,1,9,88837
19,397,7543,every_other,15,151,5719,1647,1451,19,9,1,9,88837
19,397,7543,to_target_bits,14,106,2071,9,1169,19,9,1,9,88837
19,401,7619,first,15,117,5263,1001,4347,19,13,3,39,1029
19,401,7619,odd_first,15,127,6251,5759,2013,19,13,3,39,1029
19,401,7619,every_other,15,151,3800,1885,5187,19,13,3,39,1029
19,401,7619,to_target_bits,14,106,6061,247,3849,19,13,3,39,1029
19,409,7771,first,15,117,950,777,4251,19,777,1,777,74431
19,409,7771,odd_first,15,127,2698,6993,5125,19,777,1,777,74431
19,409,7771,every_other,15,151,399,777,5427,19,777,67,52059,2401
19,409,7771,to_target_bits,14,106,2774,5439,929,19,777,1,777,74431
19,419,7961,first,15,117,6897,6387,2145,19,1,3,3,1029
19,419,7961,odd_first,15,127,1387,3133,4641,19,1,3,3,1029
19,419,7961,every_other,15,151,4161,4587,1383,19,1,3,3,81291
19,419,7961,to_target_bits,14,106,4199,6329,4455,19,1,3,3,1029
19,421,7999,first,15,117,475,3999,6587,19,3999,1,3999,343
19,421,7999,odd_first,15,127,4579,3999,5453,19,3999,1,3999,343
19,421,7999,every_other,15,151,3116,1785,2387,19,3,1,3,343
19,421,7999,to_target_bits,14,106,5111,3999,4249,19,3999,1,3999,343
19,431,8189,first,15,117,3439,3791,2457,19,1,819,819,1029
19,431,8189,odd_first,15,127,7676,4029,5733,19,1,819,819,1029
19,431,8189,every_other,15,151,7581,6879,2457,19,1,819,819,167727
19,431,8189,to_target_bits,14,106,5548,5309,819,19,1,819,819,1029
19,433,8227,first,15,117,6954,3087,8223,19,9,1,9,4459
19,433,8227,odd_first,15,127,6574,7209,3633,19,9,1,9,4459
19,433,8227,every_other,15,151,2736,1953,191,19,9,1,9,4459
19,433,8227,to_target_bits,14,106,4750,7695,1533,19,9,1,9,4459
19,439,8341,first,15,117,1007,4587,4429,19,417,43,17931,31213
19,439,8341,odd_first,15,127,7923,3753,7697,19,417,43,17931,31213
19,439,8341,every_other,15,151,3610,4587,2473,19,417,1,417,31213
19,439,8341,to_target_bits,14,106,4921,7089,1591,19,417,43,17931,31213
19,443,8417,first,15,117,7410,8027,2871,19,1,3,3,1029
19,443,8417,odd_first,15,127,437,4397,3615,19,1,3,3,1029
19,443,8417,every_other,15,151,6213,851,3843,19,1,183,183,1029
19,443,8417,to_target_bits,14,106,4066,4665,5769,19,1,3,3,1029
19,449,8531,first,15,117,2033,3087,4347,19,1,27,27,19551
19,449,8531,odd_first,15,127,38,4993,1917,19,1,27,27,19551
19,449,8531,every_other,15,151,5187,1677,6399,19,1,2133,2133,19551
19,449,8531,to_target_bits,14,106,5073,1989,2349,19,1,27,27,19551
19,457,8683,first,15,117,7657,7575,7787,19,3,13,39,343
19,457,8683,odd_first,15,127,3553,7143,637,19,3,13,39,343
19,457,8683,every_other,15,151,3781,8589,7683,19,3,13,39,343
19,457,8683,to_target_bits,14,106,7695,6225,1469,19,3,13,39,343
19,461,8759,first,15,117,6536,7963,5667,19,1,3,3,1029
19,461,8759,odd_first,15,127,6669,5067,4533,19,1,3,3,1029
19,461,8759,every_other,15,151,2736,6935,2667,19,1,3,3,1029
19,461,8759,to_target_bits,14,106,1311,4409,4089,19,1,3,3,1029
19,463,8797,first,15,117,3401,2787,5751,19,3,1,3,343
19,463,8797,odd_first,15,127,2584,1617,6369,19,3,1,3,343
19,463,8797,every_other,15,151,4636,2847,79,19,3,1,3,343
19,463,8797,to_target_bits,14,106,3971,6825,4603,19,3,1,3,343
19,467,8873,first,15,117,7676,4123,2511,19,1,9,9,309729
19,467,8873,odd_first,15,127,209,693,369,19,1,9,9,309729
19,467,8873,every_other,15,151,3021,1795,5427,19,1,9,9,7203
19,467,8873,to_target_bits,14,106,3876,2385,8469,19,1,9,9,309729
19,479,9101,first,15,117,6384,5187,8769,19,91,111,10101,7203
19,479,9101,odd_first,15,127,5852,7553,3441,19,91,111,10101,7203
19,479,9101,every_other,15,151,6346,5187,7437,19,91,111,10101,7203
19,479,9101,to_target_bits,14,106,8132,3549,3219,19,91,111,10101,7203
19,487,9253,first,15,117,7619,2079,1631,19,9,7,63,6517
19,487,9253,odd_first,15,127,6593,4689,8995,19,9,7,63,6517
19,487,9253,every_other,15,151,817,2907,8617,19,9,7,63,6517
19,487,9253,to_target_bits,14,106,1843,5121,189,19,9,7,63,6517
19,491,9329,first,15,117,3059,875,4947,19,1,3,3,414687
19,491,9329,odd_first,15,127,3192,1917,2583,19,1,3,3,414687
19,491,9329,every_other,15,151,6175,8771,7587,19,1,3,3,13377
19,491,9329,to_target_bits,14,106,4047,4921,2379,19,1,3,3,414687
19,499,9481,first,15,117,3458,4347,853,19,3,1,3,343
19,499,9481,odd_first,15,127,1767,3813,6383,19,3,1,3,343
19,499,9481,every_other,15,151,2052,7347,3271,19,237,1,237,22981
19,499,9481,to_target_bits,14,106,5187,7089,807,19,3,1,3,343
23,29,667,first,15,117,249,333,439,1,333,1,333,412191
23,29,667,odd_first,15,127,50,333,637,1,333,1,333,412191
23,29,667,every_other,15,151,439,333,335,1,333,1,333,1521
23,29,667,to_target_bits,14,106,88,333,133,1,333,1,333,412191
23,31,713,first,15,117,341,587,63,31,1,21,21,472017
23,31,713,odd_first,15,127,372,469,63,31,1,21,21,472017
23,31,713,every_other,15,151,669,115,21,1,1,21,21,472017
23,31,713,to_target_bits,14,106,341,681,105,31,1,21,21,472017
23,37,851,first,15,117,111,437,447,37,1,3,3,675831
23,37,851,odd_first,15,127,740,403,129,37,1,3,3,675831
23,37,851,every_other,15,151,370,837,627,37,1,3,3,507
23,37,851,to_target_bits,14,106,111,649,801,37,1,3,3,675831
23,41,943,first,15,117,364,471,315,1,471,1,471,831987
23,41,943,odd_first,15,127,694,471,621,1,471,1,471,831987
23,41,943,every_other,15,151,508,597,243,1,3,1,3,831987
23,41,943,to_target_bits,14,106,226,471,825,1,471,1,471,831987
23,43,989,first,15,117,387,247,567,43,247,9,2223,916149
23,43,989,odd_first,15,127,602,741,333,43,247,9,2223,916149
23,43,989,every_other,15,151,968,247,477,1,247,9,2223,916149
23,43,989,to_target_bits,14,106,387,741,279,43,247,9,2223,916149
23,47,1081,first,15,117,824,27,477,1,27,1,27,1096641
23,47,1081,odd_first,15,127,556,1053,153,1,27,1,27,1096641
23,47,1081,every_other,15,151,876,27,1029,1,27,1,27,1096641
23,47,1081,to_target_bits,14,106,824,729,605,1,27,1,27,10647
23,53,1219,first,15,117,663,945,187,1,21,1,21,1521
23,53,1219,odd_first,15,127,1016,21,1053,1,21,1,21,1397799
23,53,1219,every_other,15,151,715,903,427,1,21,61,1281,1521
23,53,1219,to_target_bits,14,106,893,987,889,1,21,1,21,1521
23,59,1357,first,15,117,433,579,161,1,3,7,21,10647
23,59,1357,odd_first,15,127,326,549,1295,1,3,7,21,10647
23,59,1357,every_other,15,151,715,1059,1309,1,3,7,21,1735461
23,59,1357,to_target_bits,14,106,1238,693,427,1,3,7,21,10647
23,61,1403,first,15,117,65,969,351,1,1,351,351,3549
23,61,1403,odd_first,15,127,809,241,1053,1,1,351,351,3549
23,61,1403,every_other,15,151,1037,1371,351,61,1,351,351,3549
23,61,1403,to_target_bits,14,106,157,1313,1053,1,1,351,351,3549
23,67,1541,first,15,117,1169,567,537,1,7,3,21,507
23,67,1541,odd_first,15,127,234,553,63,1,7,3,21,507
23,67,1541,every_other,15,151,1474,147,1365,67,7,3,21,2242461
23,67,1541,to_target_bits,14,106,594,609,495,1,7,3,21,507
23,71,1633,first,15,117,1583,1083,817,1,3,817,2451,1521
23,71,1633,odd_first,15,127,1407,1389,817,1,3,817,2451,1521
23,71,1633,every_other,15,151,485,531,323,1,3,19,57,1521
23,71,1633,to_target_bits,14,106,801,921,817,1,3,817,2451,1521
23,73,1679,first,15,117,1652,1517,987,1,1,21,21,3549
23,73,1679,odd_first,15,127,372,1383,1533,1,1,21,21,3549
23,73,1679,every_other,15,151,623,551,147,1,1,21,21,2665299
23,73,1679,to_target_bits,14,106,1169,1477,1449,1,1,21,21,3549
23,79,1817,first,15,117,318,659,477,1,1,9,9,507
23,79,1817,odd_first,15,127,1522,893,225,1,1,9,9,507
23,79,1817,every_other,15,151,1106,1523,1773,79,1,9,9,507
23,79,1817,to_target_bits,14,106,295,49,639,1,1,9,9,507
23,83,1909,first,15,117,1767,27,697,1,9,1,9,1521
23,83,1909,odd_first,15,127,1223,9,693,1,9,1,9,1521
23,83,1909,every_other,15,151,577,927,1057,1,9,1,9,3451149
23,83,1909,to_target_bits,14,106,1698,45,1339,1,9,1,9,1521
23,89,2047,first,15,117,1744,1953,251,1,93,1,93,10647
23,89,2047,odd_first,15,127,1982,465,1293,1,93,1,93,10647
23,89,2047,every_other,15,151,738,1599,659,1,3,1,3,10647
23,89,2047,to_target_bits,14,106,1215,279,857,1,93,1,93,10647
23,97,2231,first,15,117,1422,1747,1395,1,1,279,279,70473
23,97,2231,odd_first,15,127,1683,2123,837,1,1,279,279,70473
23,97,2231,every_other,15,151,48,307,1971,1,1,9,9,4721691
23,97,2231,to_target_bits,14,106,1882,1039,1953,1,1,279,279,70473
23,101,2323,first,15,117,1790,1161,1435,1,1161,7,8127,5121207
23,101,2323,odd_first,15,127,326,1161,1057,1,1161,7,8127,5121207
23,101,2323,every_other,15,151,1773,1269,1407,1,27,7,189,5121207
23,101,2323,to_target_bits,14,106,134,1161,1449,1,1161,7,8127,5121207
23,103,2369,first,15,117,824,1147,1977,103,37,3,111,67431
23,103,2369,odd_first,15,127,1545,333,1443,103,37,3,111,67431
23,103,2369,every_other,15,151,1957,851,237,103,37,237,8769,5327049
23,103,2369,to_target_bits,14,106,1307,1369,2349,1,37,3,111,67431
23,107,2461,first,15,117,341,2127,1729,1,3,1,3,28899
23,107,2461,odd_first,15,127,832,1473,961,1,3,1,3,28899
23,107,2461,every_other,15,151,1520,1287,907,1,3,1,3,28899
23,107,2461,to_target_bits,14,106,387,1989,1921,1,3,1,3,28899
23,109,2507,first,15,117,1928,245,171,1,7,57,399,507
23,109,2507,odd_first,15,127,1890,2121,1653,1,7,57,399,507
23,109,2507,every_other,15,151,1405,119,1995,1,7,57,399,5968911
23,109,2507,to_target_bits,14,106,111,1687,741,1,7,57,399,507
23,113,2599,first,15,117,1031,459,2587,1,3,13,39,1521
23,113,2599,odd_first,15,127,1453,945,1053,1,3,13,39,1521
23,113,2599,every_other,15,151,2302,1437,2587,1,3,13,39,1521
23,113,2599,to_target_bits,14,106,2388,1719,2249,1,3,13,39,1521
23,127,2921,first,15,117,410,2747,801,1,1,3,3,6591
23,127,2921,odd_first,15,127,2902,1613,2697,1,1,3,3,6591
23,127,2921,every_other,15,151,2647,2667,1791,1,1,3,3,6591
23,127,2921,to_target_bits,14,106,801,1169,2817,1,1,3,3,6591
23,131,3013,first,15,117,1307,2463,985,1,3,1,3,10647
23,131,3013,odd_first,15,127,1959,1485,1015,1,3,1,3,10647
23,131,3013,every_other,15,151,1221,1215,59,1,3,1,3,10647
23,131,3013,to_target_bits,14,106,2618,2853,2347,1,3,1,3,10647
23,137,3151,first,15,117,985,3087,2987,1,63,1,63,1521
23,137,3151,odd_first,15,127,878,1953,2813,1,63,1,63,1521
23,137,3151,every_other,15,151,1566,3087,675,1,63,1,63,1521
23,137,3151,to_target_bits,14,106,3032,1449,2553,1,63,1,63,1521
23,139,3197,first,15,117,2641,2375,897,139,1,39,39,507
23,139,3197,odd_first,15,127,556,2953,2457,139,1,39,39,507
23,139,3197,every_other,15,151,278,735,1287,139,1,39,39,507
23,139,3197,to_target_bits,14,106,2641,2281,1989,139,1,39,39,507
23,149,3427,first,15,117,479,2577,1755,1,3,1,3,1521
23,149,3427,odd_first,15,127,1545,897,1685,1,3,1,3,1521
23,149,3427,every_other,15,151,2969,1311,1447,1,3,1,3,1521
23,149,3427,to_target_bits,14,106,2963,1989,2573,1,3,1,3,1521
23,151,3473,first,15,117,111,651,1089,1,217,9,1953,507
23,151,3473,odd_first,15,127,1292,1085,279,1,217,9,1953,507
23,151,3473,every_other,15,151,140,483,1737,1,7,1737,12159,507
23,151,3473,to_target_bits,14,106,1238,217,2763,1,217,9,1953,507
23,157,3611,first,15,117,157,1577,903,157,19,903,17157,3549
23,157,3611,odd_first,15,127,3454,1653,2709,157,19,903,17157,3549
23,157,3611,every_other,15,151,1382,2527,3591,1,361,21,7581,3549
23,157,3611,to_target_bits,14,106,157,1159,2709,157,19,903,17157,3549
23,163,3749,first,15,117,2089,2231,1587,1,1,3,3,507
23,163,3749,odd_first,15,127,303,133,3453,1,1,3,3,507
23,163,3749,every_other,15,151,163,2367,3387,163,1,3,3,507
23,163,3749,to_target_bits,14,106,1859,1765,2499,1,1,3,3,507
23,167,3841,first,15,117,272,507,2613,1,3,1,3,1521
23,167,3841,odd_first,15,127,303,1293,97,1,3,1,3,1521
23,167,3841,every_other,15,151,669,147,3319,1,3,1,3,1521
23,167,3841,to_target_bits,14,106,801,2649,241,1,3,1,3,1521
23,173,3979,first,15,117,456,1287,2407,1,117,1,117,138411
23,173,3979,odd_first,15,127,1269,1287,3133,1,117,1,117,138411
23,173,3979,every_other,15,151,3613,1755,607,1,117,1,117,138411
23,173,3979,to_target_bits,14,106,2296,819,2349,1,117,1,117,138411
23,179,4117,first,15,117,2572,3087,1583,1,1029,1,1029,16154541
23,179,4117,odd_first,15,127,510,1029,1123,1,1029,1,1029,16154541
23,179,4117,every_other,15,151,1014,3087,4035,1,1029,1,1029,375687
23,179,4117,to_target_bits,14,106,2940,1029,233,1,1029,1,1029,16154541
23,181,4163,first,15,117,4159,4065,1947,1,1,3,3,15717
23,181,4163,odd_first,15,127,487,2421,2937,1,1,3,3,15717
23,181,4163,every_other,15,151,1405,2933,423,1,1,3,3,507
23,181,4163,to_target_bits,14,106,2273,481,3237,1,1,3,3,15717
23,191,4393,first,15,117,1652,675,2197,1,9,2197,19773,1521
23,191,4393,odd_first,15,127,2603,1053,2197,1,9,2197,19773,1521
23,191,4393,every_other,15,151,2394,3843,2197,1,549,2197,1206153,1521
23,191,4393,to_target_bits,14,106,1721,1377,2197,1,9,2197,19773,1521
23,193,4439,first,15,117,3791,231,4107,1,7,111,777,507
23,193,4439,odd_first,15,127,3753,3703,333,1,7,111,777,507
23,193,4439,every_other,15,151,2509,3311,4107,193,7,111,777,507
23,193,4439,to_target_bits,14,106,640,511,4329,1,7,111,777,507
23,197,4531,first,15,117,4366,1017,2987,1,3,103,309,1521
23,197,4531,odd_first,15,127,2419,1443,3193,1,3,103,309,1521
23,197,4531,every_other,15,151,4418,1197,103,1,3,103,309,92781
23,197,4531,to_target_bits,14,106,3538,1389,3161,1,3,1,3,1521
23,199,4577,first,15,117,19,1755,2037,1,13,21,273,46137
23,199,4577,odd_first,15,127,3730,2093,4179,1,13,21,273,46137
23,199,4577,every_other,15,151,209,3315,315,1,13,21,273,46137
23,199,4577,to_target_bits,14,106,1951,2457,3381,1,13,21,273,46137
23,211,4853,first,15,117,663,1203,3627,1,1,3,3,507
23,211,4853,odd_first,15,127,2672,4153,3369,1,1,3,3,507
23,211,4853,every_other,15,151,3567,1999,2679,1,1,3,3,507
23,211,4853,to_target_bits,14,106,3285,3473,69,1,1,3,3,507
23,223,5129,first,15,117,3308,715,4617,1,1,513,513,15717
23,223,5129,odd_first,15,127,3684,701,513,1,1,513,513,15717
23,223,5129,every_other,15,151,3429,2267,4617,1,1,513,513,507
23,223,5129,to_target_bits,14,106,3492,2153,1539,1,1,513,513,15717
23,227,5221,first,15,117,3837,1467,1435,1,9,7,63,74529
23,227,5221,odd_first,15,127,2028,1413,2821,1,9,7,63,74529
23,227,5221,every_other,15,151,1750,207,3717,1,9,7,63,74529
23,227,5221,to_target_bits,14,106,2319,3249,329,1,9,7,63,74529
23,229,5267,first,15,117,4895,863,2763,1,1,3,3,3549
23,229,5267,odd_first,15,127,487,3197,21,1,1,3,3,3549
23,229,5267,every_other,15,151,4142,369,3171,1,1,3,3,3549
23,229,5267,to_target_bits,14,106,387,3253,3165,1,1,3,3,3549
23,233,5359,first,15,117,2894,4161,2107,1,57,1,57,56277
23,233,5359,odd_first,15,127,1522,3705,1373,1,57,1,57,56277
23,233,5359,every_other,15,151,4510,171,67,1,57,67,3819,56277
23,233,5359,to_target_bits,14,106,3906,4161,3609,1,57,1,57,56277
23,239,5497,first,15,117,2641,315,199,1,3,1,3,1521
23,239,5497,odd_first,15,127,2902,3693,1447,1,3,1,3,1521
23,239,5497,every_other,15,151,416,4371,965,1,3,1,3,101907
23,239,5497,to_target_bits,14,106,479,1761,5371,1,3,1,3,1521
23,241,5543,first,15,117,2779,1763,3339,1,1,63,63,3549
23,241,5543,odd_first,15,127,4121,1933,2709,1,1,63,63,3549
23,241,5543,every_other,15,151,1382,5053,3843,1,163,63,10269,3549
23,241,5543,to_target_bits,14,106,2710,1533,2457,1,1,63,63,3549
23,251,5773,first,15,117,3216,1443,4115,1,1443,1,1443,19773
23,251,5773,odd_first,15,127,5501,4329,5489,1,1443,1,1443,19773
23,251,5773,every_other,15,151,462,1443,3133,1,1443,1,1443,19773
23,251,5773,to_target_bits,14,106,594,4329,5549,1,1443,1,1443,19773
23,257,5911,first,15,117,5677,1017,4059,1,3,1,3,138411
23,257,5911,odd_first,15,127,3661,843,5661,1,3,1,3,138411
23,257,5911,every_other,15,151,3935,1857,547,1,3,1,3,138411
23,257,5911,to_target_bits,14,106,5378,189,2265,1,3,1,3,138411
23,263,6049,first,15,117,663,4347,237,1,189,1,189,156663
23,263,6049,odd_first,15,127,4397,3213,3,1,189,1,189,156663
23,263,6049,every_other,15,151,4533,2835,3337,1,189,1,189,156663
23,263,6049,to_target_bits,14,106,4665,2457,1049,1,189,1,189,1521
23,269,6187,first,15,117,6183,5043,4823,1,3,91,273,10647
23,269,6187,odd_first,15,127,2511,1203,1729,1,3,91,273,10647
23,269,6187,every_other,15,151,2486,5127,2639,1,3,91,273,10647
23,269,6187,to_target_bits,14,106,3032,4521,3913,1,3,91,273,10647
23,271,6233,first,15,117,2710,323,3957,271,19,3,57,3549
23,271,6233,odd_first,15,127,3523,3933,2061,271,19,3,57,3549
23,271,6233,every_other,15,151,5269,4731,2835,1,19,3,57,3549
23,271,6233,to_target_bits,14,106,2710,513,4227,271,19,3,57,3549
23,277,6371,first,15,117,2526,637,4563,1,637,27,17199,6591
23,277,6371,odd_first,15,127,2350,5733,621,1,637,27,17199,6591
23,277,6371,every_other,15,151,3705,637,243,1,637,27,17199,6591
23,277,6371,to_target_bits,14,106,1468,4459,2241,1,637,27,17199,6591
23,281,6463,first,15,117,5470,1593,1083,1,9,1,9,1521
23,281,6463,odd_first,15,127,5179,3555,6285,1,9,1,9,1521
23,281,6463,every_other,15,151,554,621,6419,1,9,1,9,1521
23,281,6463,to_target_bits,14,106,134,2331,2457,1,9,1,9,1521
23,283,6509,first,15,117,2894,4779,4557,1,1,651,651,46137
23,283,6509,odd_first,15,127,3914,5509,1953,1,1,651,651,46137
23,283,6509,every_other,15,151,5890,6403,3087,1,1,21,21,46137
23,283,6509,to_target_bits,14,106,5424,273,5859,1,1,651,651,46137
23,293,6739,first,15,117,6275,4257,147,1,3,1,3,28899
23,293,6739,odd_first,15,127,4880,4143,293,1,3,1,3,28899
23,293,6739,every_other,15,151,5108,5451,4247,1,3,1,3,43377399
23,293,6739,to_target_bits,14,106,4642,5469,589,1,3,1,3,28899
23,307,7061,first,15,117,3170,5927,2481,1,1,3,3,18759
23,307,7061,odd_first,15,127,4098,3653,6075,1,1,3,3,18759
23,307,7061,every_other,15,151,6373,5027,6549,1,1,3,3,18759
23,307,7061,to_target_bits,14,106,5884,2689,4239,1,1,3,3,18759
23,311,7153,first,15,117,1215,7035,3185,1,3,49,147,10647
23,311,7153,odd_first,15,127,717,6909,1029,1,3,49,147,10647
23,311,7153,every_other,15,151,3544,3267,5733,1,3,49,147,10647
23,311,7153,to_target_bits,14,106,824,5049,147,1,3,49,147,10647
23,313,7199,first,15,117,1974,4091,5787,1,1,9,9,24843
23,313,7199,odd_first,15,127,7157,2273,4653,1,1,9,9,24843
23,313,7199,every_other,15,151,2,2013,3987,1,61,9,549,24843
23,313,7199,to_target_bits,14,106,3216,6135,5049,1,1,9,9,24843
23,317,7291,first,15,117,548,2187,227,1,729,1,729,1521
23,317,7291,odd_first,15,127,533,5103,4437,1,729,1,729,1521
23,317,7291,every_other,15,151,4579,2187,3043,1,729,1,729,1521
23,317,7291,to_target_bits,14,106,3998,729,6601,1,729,1,729,1521
23,331,7613,first,15,117,1468,1667,2187,1,1,81,81,9633
23,331,7613,odd_first,15,127,1591,1961,7371,1,1,81,81,9633
23,331,7613,every_other,15,151,186,499,1863,1,1,81,81,9633
23,331,7613,to_target_bits,14,106,3193,3161,2187,1,1,81,81,9633
23,337,7751,first,15,117,5539,837,1083,1,31,57,1767,507
23,337,7751,odd_first,15,127,5685,1953,3021,1,31,57,1767,507
23,337,7751,every_other,15,151,1888,4637,7467,1,1,57,57,507
23,337,7751,to_target_bits,14,106,3285,3999,513,1,31,57,1767,507
23,347,7981,first,15,117,2641,5187,2249,1,399,13,5187,47151
23,347,7981,odd_first,15,127,855,2793,7475,1,399,13,5187,47151
23,347,7981,every_other,15,151,3199,5187,5759,1,399,13,5187,1521
23,347,7981,to_target_bits,14,106,3584,4389,5577,1,399,13,5187,47151
23,349,8027,first,15,117,272,5695,855,1,1,9,9,507
23,349,8027,odd_first,15,127,1131,753,7029,1,1,9,9,507
23,349,8027,every_other,15,151,7224,3465,7443,1,1,9,9,507
23,349,8027,to_target_bits,14,106,4895,7947,1485,1,1,9,9,507
23,353,8119,first,15,117,985,6309,3787,1,9,7,63,10647
23,353,8119,odd_first,15,127,4006,1719,4893,1,9,7,63,10647
23,353,8119,every_other,15,151,1497,4239,6587,1,9,7,63,649467
23,353,8119,to_target_bits,14,106,571,6417,7889,1,9,7,63,10647
23,359,8257,first,15,117,157,7611,1139,1,129,1,129,1521
23,359,8257,odd_first,15,127,3914,1677,6233,1,129,1,129,1521
23,359,8257,every_other,15,151,4211,5139,6069,1,3,1,3,1521
23,359,8257,to_target_bits,14,106,5562,3225,2883,1,129,1,129,1521
23,367,8441,first,15,117,1261,1507,5859,1,1,63,63,110019
23,367,8441,odd_first,15,127,2442,773,6867,1,1,63,63,110019
23,367,8441,every_other,15,151,1911,7787,4221,1,1,4221,4221,3549
23,367,8441,to_target_bits,14,106,824,4129,1197,1,1,63,63,110019
23,373,8579,first,15,117,2181,4471,5187,1,1,39,39,9633
23,373,8579,odd_first,15,127,5432,8565,4953,1,1,39,39,9633
23,373,8579,every_other,15,151,1106,5731,6747,1,1,39,39,645411
23,373,8579,to_target_bits,14,106,2940,4067,5889,1,1,39,39,9633
23,379,8717,first,15,117,4205,7655,7491,1,1,3,3,507
23,379,8717,odd_first,15,127,2764,1133,5727,1,1,3,3,507
23,379,8717,every_other,15,151,7408,815,1101,1,1,3,3,507
23,379,8717,to_target_bits,14,106,4435,7829,999,1,1,3,3,507
23,383,8809,first,15,117,6942,1995,1647,1,3,1,3,10647
23,383,8809,odd_first,15,127,1982,1341,7083,1,3,1,3,10647
23,383,8809,every_other,15,151,2118,6315,5237,1,3,1,3,10647
23,383,8809,to_target_bits,14,106,272,3393,2579,1,3,1,3,10647
23,389,8947,first,15,117,3193,5985,7439,1,63,1,63,1521
23,389,8947,odd_first,15,127,8698,7371,169,1,63,1,63,1521
23,389,8947,every_other,15,151,4303,2331,5175,1,63,1,63,1521
23,389,8947,to_target_bits,14,106,4688,2079,2469,1,63,1,63,1521
23,397,9131,first,15,117,6574,3427,9003,1,1,3,3,131313
23,397,9131,odd_first,15,127,5915,8693,165,1,1,3,3,131313
23,397,9131,every_other,15,151,3337,2237,4563,1,1,3,3,131313
23,397,9131,to_target_bits,14,106,3262,8089,705,1,1,3,3,131313
23,401,9223,first,15,117,5263,3207,3763,1,3,1,3,1521
23,401,9223,odd_first,15,127,3845,5415,8421,1,3,1,3,1521
23,401,9223,every_other,15,151,4602,8559,2043,1,3,1,3,1521
23,401,9223,to_target_bits,14,106,7264,4815,3473,1,3,1,3,1521
23,409,9407,first,15,117,7494,6823,8379,1,1,147,147,110019
23,409,9407,odd_first,15,127,1062,5941,4557,1,1,147,147,110019
23,409,9407,every_other,15,151,6534,7219,147,1,1,147,147,3549
23,409,9407,to_target_bits,14,106,2365,8035,5145,1,1,147,147,110019
23,419,9637,first,15,117,1031,4791,7507,1,3,1,3,1521
23,419,9637,odd_first,15,127,3063,8913,7763,1,3,1,3,1521
23,419,9637,every_other,15,151,8351,5295,4819,1,3,4819,14457,120159
23,419,9637,to_target_bits,14,106,847,4965,7721,1,3,1,3,1521
23,421,9683,first,15,117,7632,5665,6183,1,103,9,927,507
23,421,9683,odd_first,15,127,3316,6901,7353,1,103,9,927,507
23,421,9683,every_other,15,151,3958,1957,603,1,103,9,927,507
23,421,9683,to_target_bits,14,106,5953,7075,7605,1,1,9,9,507
23,431,9913,first,15,117,1284,315,9133,1,21,1,21,1521
23,431,9913,odd_first,15,127,349,2037,5983,1,21,1,21,1521
23,431,9913,every_other,15,151,8443,1659,2085,1,21,1,21,247923
23,431,9913,to_target_bits,14,106,1238,6489,7709,1,21,1,21,1521
23,433,9959,first,15,117,8253,1963,6747,1,13,3,39,6591
23,433,9959,odd_first,15,127,5708,1599,5373,1,13,3,39,6591
23,433,9959,every_other,15,151,4901,6331,6387,1,13,3,39,6591
23,433,9959,to_target_bits,14,106,6482,4485,1449,1,13,3,39,6591
23,439,10097,first,15,117,6275,6619,7101,1,1,27,27,46137
23,439,10097,odd_first,15,127,1338,5069,2511,1,1,27,27,46137
23,439,10097,every_other,15,151,9317,19,5427,1,1,27,27,46137
23,439,10097,to_target_bits,14,106,9311,3065,6021,1,1,27,27,46137
23,443,10189,first,15,117,3423,8271,5197,1,9,1,9,1521
23,443,10189,odd_first,15,127,7525,801,7123,1,9,1,9,1521
23,443,10189,every_other,15,151,4441,5607,5077,1,9,1,9,1521
23,443,10189,to_target_bits,14,106,5838,6273,8699,1,9,1,9,1521
23,449,10327,first,15,117,686,9591,8115,1,3,1,3,28899
23,449,10327,odd_first,15,127,487,6051,869,1,3,1,3,28899
23,449,10327,every_other,15,151,6534,3237,8771,1,3,1,3,28899
23,449,10327,to_target_bits,14,106,134,267,7209,1,3,1,3,28899
23,457,10511,first,15,117,4458,5447,3915,1,1,9,9,507
23,457,10511,odd_first,15,127,8123,3033,2781,1,1,9,9,507
23,457,10511,every_other,15,151,8351,9847,4419,1,1,9,9,507
23,457,10511,to_target_bits,14,106,6781,2019,585,1,1,9,9,507
23,461,10603,first,15,117,2848,5301,5671,1,5301,1,5301,1521
23,461,10603,odd_first,15,127,8974,5301,5085,1,5301,1,5301,1521
23,461,10603,every_other,15,151,4119,855,7407,1,171,1,171,1521
23,461,10603,to_target_bits,14,106,10070,5301,5361,1,5301,1,5301,1521
23,463,10649,first,15,117,10346,4835,6837,1,1,3,3,507
23,463,10649,odd_first,15,127,9066,3149,10353,1,1,3,3,507
23,463,10649,every_other,15,151,6488,6483,4887,1,1,3,3,507
23,463,10649,to_target_bits,14,106,8138,81,10599,1,1,3,3,507
23,467,10741,first,15,117,6275,7047,1307,1,3,1,3,457821
23,467,10741,odd_first,15,127,9549,10713,8771,1,3,1,3,457821
23,467,10741,every_other,15,151,7224,5847,959,1,3,1,3,10647
23,467,10741,to_target_bits,14,106,4343,1329,6417,1,3,1,3,457821
23,479,11017,first,15,117,157,8019,5691,1,81,7,567,10647
23,479,11017,odd_first,15,127,1062,10773,7497,1,81,7,567,10647
23,479,11017,every_other,15,151,5867,5427,8575,1,81,7,567,10647
23,479,11017,to_target_bits,14,106,1905,7857,7567,1,81,7,567,10647
23,487,11201,first,15,117,801,6587,9849,1,7,3,21,9633
23,487,11201,odd_first,15,127,8054,5453,15,1,7,3,21,9633
23,487,11201,every_other,15,151,5200,2387,8343,1,7,3,21,9633
23,487,11201,to_target_bits,14,106,3791,4249,6675,1,7,3,21,9633
23,491,11293,first,15,117,8460,2475,5793,1,3,1,3,612963
23,491,11293,odd_first,15,127,5156,4833,4293,1,3,1,3,612963
23,491,11293,every_other,15,151,4211,6567,9105,1,3,1,3,19773
23,491,11293,to_target_bits,14,106,10921,3525,81,1,3,1,3,612963
23,499,11477,first,15,117,5953,2527,6153,1,19,3,57,507
23,499,11477,odd_first,15,127,7755,4161,7431,1,19,3,57,507
23,499,11477,every_other,15,151,5545,6935,4365,1,19,3,57,33969
23,499,11477,to_target_bits,14,106,4688,7429,9735,1,19,3,57,507
29,31,899,first,15,117,713,237,387,31,1,9,9,756903
29,31,899,odd_first,15,127,775,487,153,31,1,9,9,756903
29,31,899,every_other,15,151,700,697,387,1,1,9,9,2793
29,31,899,to_target_bits,14,106,465,583,549,31,1,9,9,756903
29,37,1073,first,15,117,481,1035,603,37,1,3,3,1083729
29,37,1073,odd_first,15,127,1036,301,1047,37,1,3,3,1083729
29,37,1073,every_other,15,151,555,67,477,37,67,3,201,3
29,37,1073,to_target_bits,14,106,407,393,255,37,1,3,3,1083729
29,41,1189,first,15,117,1061,567,777,1,27,7,189,1334133
29,41,1189,odd_first,15,127,79,729,63,1,27,7,189,1334133
29,41,1189,every_other,15,151,1164,675,497,1,27,7,189,4923
29,41,1189,to_target_bits,14,106,349,81,819,1,27,7,189,1334133
29,43,1247,first,15,117,1032,231,507,43,7,39,273,1469091
29,43,1247,odd_first,15,127,688,469,429,43,7,39,273,1469091
29,43,1247,every_other,15,151,323,1183,819,1,7,39,273,5421
29,43,1247,to_target_bits,14,106,1161,147,1209,43,7,39,273,1469091
29,47,1363,first,15,117,307,1113,1271,1,3,31,93,1758519
29,47,1363,odd_first,15,127,1355,1347,465,1,3,31,93,1758519
29,47,1363,every_other,15,151,265,615,235,1,3,1,3,6489
29,47,1363,to_target_bits,14,106,871,957,961,1,3,31,93,17073
29,53,1537,first,15,117,133,1275,19,1,3,1,3,2439
29,53,1537,odd_first,15,127,804,1293,543,1,3,1,3,2241441
29,53,1537,every_other,15,151,874,147,1181,1,3,1,3,9
29,53,1537,to_target_bits,14,106,204,345,1383,1,3,1,3,2439
29,59,1711,first,15,117,1554,1197,555,1,171,1,171,17073
29,59,1711,odd_first,15,127,1152,513,1581,1,171,1,171,17073
29,59,1711,every_other,15,151,1541,1197,771,1,171,1,171,10269
29,59,1711,to_target_bits,14,106,117,1539,601,1,171,1,171,17073
29,61,1769,first,15,117,858,403,1377,1,13,3,39,5691
29,61,1769,odd_first,15,127,1297,845,1683,1,13,3,39,5691
29,61,1769,every_other,15,151,671,1755,597,61,13,3,39,21
29,61,1769,to_target_bits,14,106,523,377,1179,1,13,3,39,5691
29,67,1943,first,15,117,365,1345,243,1,1,243,243,813
29,67,1943,odd_first,15,127,1239,943,1701,1,1,243,243,813
29,67,1943,every_other,15,151,1541,621,243,67,1,243,243,13269
29,67,1943,to_target_bits,14,106,929,1869,729,1,1,243,243,813
29,71,2059,first,15,117,1583,1029,927,1,1029,103,105987,2439
29,71,2059,odd_first,15,127,1123,1029,1133,1,1029,103,105987,2439
29,71,2059,every_other,15,151,1976,1029,927,1,1029,103,105987,9
29,71,2059,to_target_bits,14,106,233,1029,689,1,1029,1,1029,2439
29,73,2117,first,15,117,46,111,279,1,1,3,3,5691
29,73,2117,odd_first,15,127,2051,441,123,1,1,3,3,5691
29,73,2117,every_other,15,151,1280,2095,1497,1,1,3,3,15771
29,73,2117,to_target_bits,14,106,1,1353,1983,1,1,3,3,5691
29,79,2291,first,15,117,713,2147,315,1,1,3,3,813
29,79,2291,odd_first,15,127,21,1403,693,1,1,3,3,813
29,79,2291,every_other,15,151,1106,707,675,79,1,3,3,3
29,79,2291,to_target_bits,14,106,1480,2219,957,1,1,3,3,813
29,83,2407,first,15,117,771,2055,2107,1,3,301,903,2439
29,83,2407,odd_first,15,127,891,2241,301,1,3,301,903,2439
29,83,2407,every_other,15,151,2237,993,2387,1,3,7,21,20421
29,83,2407,to_target_bits,14,106,204,447,1505,1,3,301,903,2439
29,89,2581,first,15,117,1032,387,369,1,129,1,129,17073
29,89,2581,odd_first,15,127,1181,2193,869,1,129,1,129,17073
29,89,2581,every_other,15,151,1628,1527,1025,1,3,1,3,63
29,89,2581,to_target_bits,14,106,1393,129,2045,1,129,1,129,17073
29,97,2813,first,15,117,452,703,231,1,703,21,14763,113007
29,97,2813,odd_first,15,127,1877,2109,1239,1,703,21,14763,113007
29,97,2813,every_other,15,151,1309,703,1407,1,703,1407,989121,27939
29,97,2813,to_target_bits,14,106,233,2109,1197,1,703,21,14763,113007
29,101,2929,first,15,117,2598,2139,1587,1,3,1,3,8212113
29,101,2929,odd_first,15,127,427,1053,2243,1,3,1,3,8212113
29,101,2929,every_other,15,151,1773,915,127,1,183,1,183,30303
29,101,2929,to_target_bits,14,106,639,2841,1419,1,3,1,3,8212113
29,103,2987,first,15,117,2163,1567,2763,103,1,9,9,108129
29,103,2987,odd_first,15,127,1442,821,2385,103,1,9,9,108129
29,103,2987,every_other,15,151,2266,105,2403,103,1,9,9,31521
29,103,2987,to_target_bits,14,106,2234,1453,1449,1,1,9,9,108129
29,107,3103,first,15,117,1090,1623,2683,1,3,1,3,46341
29,107,3103,odd_first,15,127,2544,2577,1101,1,3,1,3,46341
29,107,3103,every_other,15,151,236,1863,339,1,3,1,3,171
29,107,3103,to_target_bits,14,106,494,213,1785,1,3,1,3,46341
29,109,3161,first,15,117,75,1187,2511,1,1,93,93,813
29,109,3161,odd_first,15,127,2544,653,2511,1,1,93,93,813
29,109,3161,every_other,15,151,642,1027,1041,1,79,3,237,35319
29,109,3161,to_target_bits,14,106,2727,769,1023,1,1,93,93,813
29,113,3277,first,15,117,3178,819,479,1,819,1,819,2439
29,113,3277,odd_first,15,127,775,2457,949,1,819,1,819,2439
29,113,3277,every_other,15,151,381,819,1181,1,819,1,819,9
29,113,3277,to_target_bits,14,106,2727,2457,2963,1,819,1,819,2439
29,127,3683,first,15,117,2569,1715,1635,1,7,3,21,10569
29,127,3683,odd_first,15,127,108,189,3177,1,7,3,21,10569
29,127,3683,every_other,15,151,2266,2429,3303,1,7,3,21,39
29,127,3683,to_target_bits,14,106,1944,3087,1893,1,7,3,21,10569
29,131,3799,first,15,117,1438,3195,1387,1,9,19,171,17073
29,131,3799,odd_first,15,127,3269,351,1653,1,9,19,171,17073
29,131,3799,every_other,15,151,1483,1035,1387,1,9,19,171,63
29,131,3799,to_target_bits,14,106,784,3285,3249,1,9,19,171,17073
29,137,3973,first,15,117,1670,3123,2525,1,3,1,3,2439
29,137,3973,odd_first,15,127,1152,2253,3633,1,3,1,3,2439
29,137,3973,every_other,15,151,3484,1179,3497,1,3,1,3,9
29,137,3973,to_target_bits,14,106,1799,1869,3819,1,3,1,3,2439
29,139,4031,first,15,117,278,3627,315,139,403,63,25389,813
29,139,4031,odd_first,15,127,1529,403,3213,139,403,63,25389,813
29,139,4031,every_other,15,151,1251,4017,2835,139,13,63,819,3
29,139,4031,to_target_bits,14,106,3336,1209,2457,139,403,63,25389,813
29,149,4321,first,15,117,2714,27,2069,1,27,1,27,2439
29,149,4321,odd_first,15,127,949,3213,4053,1,27,1,27,2439
29,149,4321,every_other,15,151,1628,1107,2779,1,27,1,27,9
29,149,4321,to_target_bits,14,106,2814,729,2115,1,27,1,27,2439
29,151,4379,first,15,117,3584,3999,1287,1,1,3,3,813
29,151,4379,odd_first,15,127,688,1939,153,1,1,3,3,813
29,151,4379,every_other,15,151,2556,1005,2667,1,1,3,3,3
29,151,4379,to_target_bits,14,106,30,1951,4089,1,1,3,3,813
29,157,4553,first,15,117,4396,4131,4527,157,1,9,9,5691
29,157,4553,odd_first,15,127,1413,21,2511,157,1,9,9,5691
29,157,4553,every_other,15,151,2324,675,3843,1,1,9,9,21
29,157,4553,to_target_bits,14,106,2669,185,2457,157,1,9,9,5691
29,163,4727,first,15,117,133,2919,4563,1,139,3,417,813
29,163,4727,odd_first,15,127,4052,2919,4389,1,139,3,417,813
29,163,4727,every_other,15,151,4238,973,675,163,139,3,417,3
29,163,4727,to_target_bits,14,106,4467,139,2553,1,139,3,417,813
29,167,4843,first,15,117,4280,1341,2359,1,9,7,63,2439
29,167,4843,odd_first,15,127,804,2511,2653,1,9,7,63,2439
29,167,4843,every_other,15,151,2005,603,1883,1,9,7,63,9
29,167,4843,to_target_bits,14,106,3974,2763,1085,1,9,7,63,2439
29,173,5017,first,15,117,1148,171,4563,1,57,13,741,221949
29,173,5017,odd_first,15,127,1442,1653,3367,1,57,13,741,221949
29,173,5017,every_other,15,151,845,1995,2509,1,57,2509,143013,819
29,173,5017,to_target_bits,14,106,2988,3249,4693,1,57,13,741,221949
29,179,5191,first,15,117,4541,5127,787,1,3,1,3,25904619
29,179,5191,odd_first,15,127,4806,4383,1565,1,3,1,3,25904619
29,179,5191,every_other,15,151,1193,3267,4019,1,3,1,3,2223
29,179,5191,to_target_bits,14,106,2582,2469,4129,1,3,1,3,25904619
29,181,5249,first,15,117,539,5243,3087,1,1,21,21,25203
29,181,5249,odd_first,15,127,1935,653,1953,1,1,21,21,25203
29,181,5249,every_other,15,151,2672,3091,4137,1,1,21,21,3
29,181,5249,to_target_bits,14,106,4264,1497,2499,1,1,21,21,25203
29,191,5539,first,15,117,4135,3003,587,1,39,1,39,2439
29,191,5539,odd_first,15,127,311,1833,2073,1,39,1,39,2439
29,191,5539,every_other,15,151,2585,1053,5367,1,39,1,39,9
29,191,5539,to_target_bits,14,106,3249,3783,5069,1,39,1,39,2439
29,193,5597,first,15,117,510,31,1215,1,1,9,9,813
29,193,5597,odd_first,15,127,4139,509,2583,1,1,9,9,813
29,193,5597,every_other,15,151,3281,1171,1989,193,1,9,9,3
29,193,5597,to_target_bits,14,106,1219,1573,513,1,1,9,9,813
29,197,5713,first,15,117,3381,4347,3305,1,21,1,21,2439
29,197,5713,odd_first,15,127,4980,2205,3161,1,21,1,21,2439
29,197,5713,every_other,15,151,4615,2163,4195,1,21,1,21,549
29,197,5713,to_target_bits,14,106,2553,105,1045,1,21,1,21,2439
29,199,5771,first,15,117,3004,1537,1443,1,1,1443,1443,73983
29,199,5771,odd_first,15,127,2138,4623,4329,1,1,1443,1443,73983
29,199,5771,every_other,15,151,3194,527,1443,1,1,1443,1443,273
29,199,5771,to_target_bits,14,106,3742,2759,4329,1,1,1443,1443,73983
29,211,6119,first,15,117,452,4389,4347,1,133,9,1197,813
29,211,6119,odd_first,15,127,5415,1729,4653,1,133,9,1197,813
29,211,6119,every_other,15,151,613,5453,5427,1,133,9,1197,3
29,211,6119,to_target_bits,14,106,5395,4389,5409,1,133,9,1197,813
29,223,6467,first,15,117,5092,5433,4263,1,1,147,147,25203
29,223,6467,odd_first,15,127,3907,1175,4557,1,1,147,147,25203
29,223,6467,every_other,15,151,5659,2623,147,1,61,147,8967,3
29,223,6467,to_target_bits,14,106,3046,5769,3381,1,1,147,147,25203
29,227,6583,first,15,117,6107,2247,3547,1,3,1,3,119511
29,227,6583,odd_first,15,127,3617,4827,613,1,3,1,3,119511
29,227,6583,every_other,15,151,3339,5805,4155,1,3,1,3,441
29,227,6583,to_target_bits,14,106,6178,3537,3977,1,3,1,3,119511
29,229,6641,first,15,117,5353,107,405,1,1,81,81,5691
29,229,6641,odd_first,15,127,5067,5373,243,1,1,81,81,5691
29,229,6641,every_other,15,151,3455,6387,2025,1,1,81,81,21
29,229,6641,to_target_bits,14,106,1074,1449,4941,1,1,81,81,5691
29,233,6757,first,15,117,1496,5331,3999,1,3,31,93,90243
29,233,6757,odd_first,15,127,3153,1089,5487,1,3,31,93,90243
29,233,6757,every_other,15,151,1947,2439,3149,1,3,1,3,333
29,233,6757,to_target_bits,14,106,6236,5937,2945,1,3,31,93,90243
29,239,6931,first,15,117,2163,567,6783,1,63,1,63,2439
29,239,6931,odd_first,15,127,5531,1323,1709,1,63,1,63,2439
29,239,6931,every_other,15,151,6152,2457,3039,1,63,1,63,603
29,239,6931,to_target_bits,14,106,1,5229,4445,1,63,1,63,2439
29,241,6989,first,15,117,1815,2631,5457,1,1,3,3,5691
29,241,6989,odd_first,15,127,4603,41,3153,1,1,3,3,5691
29,241,6989,every_other,15,151,3310,2971,1947,1,1,3,3,21
29,241,6989,to_target_bits,14,106,59,2841,1809,1,1,3,3,5691
29,251,7279,first,15,117,2714,1203,1547,1,3,91,273,31707
29,251,7279,odd_first,15,127,4748,6579,2093,1,3,91,273,31707
29,251,7279,every_other,15,151,3223,4425,5187,1,3,91,273,117
29,251,7279,to_target_bits,14,106,3104,1047,5369,1,3,91,273,31707
29,257,7453,first,15,117,4135,1215,5335,1,81,1,81,221949
29,257,7453,odd_first,15,127,6488,6237,5587,1,81,1,81,221949
29,257,7453,every_other,15,151,4963,2187,715,1,81,1,81,819
29,257,7453,to_target_bits,14,106,6149,4941,4927,1,81,1,81,221949
29,263,7627,first,15,117,7238,651,3003,1,93,1,93,251217
29,263,7627,odd_first,15,127,978,3441,6049,1,93,1,93,251217
29,263,7627,every_other,15,151,62,1041,5723,1,3,1,3,927
29,263,7627,to_target_bits,14,106,1509,6417,4593,1,93,1,93,2439
29,269,7801,first,15,117,7528,5187,1435,1,39,1,39,17073
29,269,7801,odd_first,15,127,6546,1053,227,1,39,1,39,17073
29,269,7801,every_other,15,151,6790,5187,5059,1,39,1,39,63
29,269,7801,to_target_bits,14,106,5453,7449,5101,1,39,1,39,17073
29,271,7859,first,15,117,5962,2599,3927,271,1,3,3,5691
29,271,7859,odd_first,15,127,1355,7507,1173,271,1,3,3,5691
29,271,7859,every_other,15,151,120,7661,2007,1,1,3,3,21
29,271,7859,to_target_bits,14,106,813,597,129,271,1,3,3,5691
29,277,8033,first,15,117,7789,7483,4017,1,1,4017,4017,10569
29,277,8033,odd_first,15,127,688,1485,4017,1,1,4017,4017,10569
29,277,8033,every_other,15,151,381,211,4017,1,1,4017,4017,39
29,277,8033,to_target_bits,14,106,3684,1849,6045,1,1,39,39,10569
29,281,8149,first,15,117,974,6951,1437,1,21,1,21,2439
29,281,8149,odd_first,15,127,6865,8085,303,1,21,1,21,2439
29,281,8149,every_other,15,151,5050,2667,7987,1,21,163,3423,9
29,281,8149,to_target_bits,14,106,5192,1785,6749,1,21,1,21,2439
29,283,8207,first,15,117,4309,5165,5643,1,1,513,513,73983
29,283,8207,odd_first,15,127,4197,3567,6669,1,1,513,513,73983
29,283,8207,every_other,15,151,7022,5955,1539,1,1,513,513,273
29,283,8207,to_target_bits,14,106,5424,2567,4617,1,1,513,513,73983
29,293,8497,first,15,117,6861,315,1631,1,9,7,63,46341
29,293,8497,odd_first,15,127,485,621,3241,1,9,7,63,46341
29,293,8497,every_other,15,151,5108,243,3017,1,9,7,63,256671
29,293,8497,to_target_bits,14,106,1712,6489,539,1,9,7,63,46341
29,307,8903,first,15,117,5933,805,3843,1,1,21,21,30081
29,307,8903,odd_first,15,127,3791,929,5733,1,1,21,21,30081
29,307,8903,every_other,15,151,2382,1383,2835,1,1,21,21,111
29,307,8903,to_target_bits,14,106,2814,8355,1953,1,1,21,21,30081
29,311,9019,first,15,117,4947,1107,5407,1,27,1,27,17073
29,311,9019,odd_first,15,127,717,7317,8033,1,27,1,27,17073
29,311,9019,every_other,15,151,1367,2673,7847,1,27,1,27,63
29,311,9019,to_target_bits,14,106,2379,3807,2809,1,27,1,27,17073
29,313,9077,first,15,117,5730,3523,5571,1,1,3,3,39837
29,313,9077,odd_first,15,127,1210,6581,8835,1,1,3,3,39837
29,313,9077,every_other,15,151,5949,6807,6345,1,2269,3,6807,147
29,313,9077,to_target_bits,14,106,6033,6153,6021,1,1,3,3,39837
29,317,9193,first,15,117,6571,8091,1755,1,3,1,3,2439
29,317,9193,odd_first,15,127,8141,8493,3895,1,3,1,3,2439
29,317,9193,every_other,15,151,8066,3267,7777,1,3,1,3,9
29,317,9193,to_target_bits,14,106,7802,9081,3227,1,3,1,3,2439
29,331,9599,first,15,117,5440,2241,8187,1,1,3,3,15447
29,331,9599,odd_first,15,127,7880,5507,7053,1,1,3,3,15447
29,331,9599,every_other,15,151,3165,1625,3987,1,1,3,3,57
29,331,9599,to_target_bits,14,106,1538,8787,2649,1,1,3,3,15447
29,337,9773,first,15,117,8572,9695,2349,1,7,27,189,813
29,337,9773,odd_first,15,127,630,7413,8451,1,7,27,189,813
29,337,9773,every_other,15,151,8965,9667,9369,1,7,27,189,3
29,337,9773,to_target_bits,14,106,2611,5593,2997,1,7,27,189,813
29,347,10063,first,15,117,7499,5031,7067,1,5031,37,186147,75609
29,347,10063,odd_first,15,127,8489,5031,3293,1,5031,37,186147,75609
29,347,10063,every_other,15,151,4934,9009,259,1,117,37,4329,9
29,347,10063,to_target_bits,14,106,9136,5031,2553,1,5031,37,186147,75609
29,349,10121,first,15,117,2366,9587,6153,1,1,21,21,813
29,349,10121,odd_first,15,127,8460,6053,6531,1,1,21,21,813
29,349,10121,every_other,15,151,7573,5867,4515,1,1,21,21,3
29,349,10121,to_target_bits,14,106,7338,8529,8253,1,1,21,21,813
29,353,10237,first,15,117,8398,3087,4793,1,3,1,3,17073
29,353,10237,odd_first,15,127,9301,1581,2427,1,3,1,3,17073
29,353,10237,every_other,15,151,2556,6795,3735,1,3,1,3,3843
29,353,10237,to_target_bits,14,106,1277,1989,4229,1,3,1,3,17073
29,359,10411,first,15,117,4106,1947,5643,1,3,19,57,2439
29,359,10411,odd_first,15,127,4632,9183,741,1,3,19,57,2439
29,359,10411,every_other,15,151,8878,4587,3895,1,3,19,57,9
29,359,10411,to_target_bits,14,106,4844,5319,5909,1,3,19,57,2439
29,367,10643,first,15,117,8601,1661,3927,1,1,3,3,176421
29,367,10643,odd_first,15,127,7213,4653,597,1,1,3,3,176421
29,367,10643,every_other,15,151,4847,8453,4491,1,1,3,3,21
29,367,10643,to_target_bits,14,106,2292,8537,1173,1,1,3,3,176421
29,373,10817,first,15,117,9268,507,2799,1,169,9,1521,15447
29,373,10817,odd_first,15,127,4313,845,8415,1,169,9,1521,15447
29,373,10817,every_other,15,151,1106,4563,8991,1,169,9,1521,3819
29,373,10817,to_target_bits,14,106,9281,8281,2547,1,169,9,1521,15447
29,379,10991,first,15,117,1931,3297,315,1,1099,3,3297,813
29,379,10991,odd_first,15,127,5038,7693,3693,1,1099,3,3297,813
29,379,10991,every_other,15,151,207,10017,4371,1,7,3,21,3
29,379,10991,to_target_bits,14,106,10499,1099,7257,1,1099,3,3297,813
29,383,11107,first,15,117,7325,6669,663,1,9,1,9,17073
29,383,11107,odd_first,15,127,833,9405,9465,1,9,1,9,17073
29,383,11107,every_other,15,151,7863,7605,10367,1,9,1,9,63
29,383,11107,to_target_bits,14,106,3336,9045,709,1,9,1,9,17073
29,389,11281,first,15,117,5527,2187,8605,1,3,1,3,2439
29,389,11281,odd_first,15,127,2863,2013,10595,1,3,1,3,2439
29,389,11281,every_other,15,151,3136,8067,8359,1,3,1,3,9
29,389,11281,to_target_bits,14,106,9745,5289,995,1,3,1,3,2439
29,397,11513,first,15,117,10544,5923,1083,1,1,57,57,210567
29,397,11513,odd_first,15,127,7503,9573,5073,1,1,57,57,210567
29,397,11513,every_other,15,151,4528,2643,3591,1,1,57,57,777
29,397,11513,to_target_bits,14,106,1277,5953,4275,1,1,57,57,210567
29,401,11629,first,15,117,9674,4959,4697,1,171,1,171,2439
29,401,11629,odd_first,15,127,5850,10773,1813,1,171,1,171,2439
29,401,11629,every_other,15,151,8211,3591,8897,1,171,1,171,9
29,401,11629,to_target_bits,14,106,3655,513,3239,1,171,1,171,2439
29,409,11861,first,15,117,4222,10627,6795,1,1,9,9,176421
29,409,11861,odd_first,15,127,1471,5433,5193,1,1,9,9,176421
29,409,11861,every_other,15,151,9806,4007,10773,1,1,9,9,21
29,409,11861,to_target_bits,14,106,320,789,5553,1,1,9,9,176421
29,419,12151,first,15,117,4802,2187,7595,1,243,1519,369117,2439
29,419,12151,odd_first,15,127,2225,5103,4557,1,243,1519,369117,2439
29,419,12151,every_other,15,151,2904,2187,9163,1,243,49,11907,711
29,419,12151,to_target_bits,14,106,6294,10449,10633,1,243,1519,369117,2439
29,421,12209,first,15,117,5527,3563,1887,1,7,111,777,813
29,421,12209,odd_first,15,127,369,2653,333,1,7,111,777,813
29,421,12209,every_other,15,151,7747,6419,4107,1,7,111,777,3
29,421,12209,to_target_bits,14,106,59,329,6549,1,7,111,777,813
29,431,12499,first,15,117,3439,3585,6587,1,3,1,3,2439
29,431,12499,odd_first,15,127,10693,7641,3453,1,3,1,3,2439
29,431,12499,every_other,15,151,8443,10515,8387,1,3,1,3,1467
29,431,12499,to_target_bits,14,106,6410,4341,11249,1,3,1,3,2439
29,433,12557,first,15,117,8253,5375,2457,1,43,273,11739,10569
29,433,12557,odd_first,15,127,79,5117,10101,1,43,273,11739,10569
29,433,12557,every_other,15,151,4035,6171,1911,1,1,273,273,39
29,433,12557,to_target_bits,14,106,9513,7009,2457,1,43,273,11739,10569
29,439,12731,first,15,117,568,7467,9291,1,19,3,57,73983
29,439,12731,odd_first,15,127,21,703,7989,1,19,3,57,73983
29,439,12731,every_other,15,151,8878,11457,10695,1,1273,3,3819,273
29,439,12731,to_target_bits,14,106,12384,6289,5661,1,19,3,57,73983
29,443,12847,first,15,117,4309,6147,1579,1,3,1,3,2439
29,443,12847,odd_first,15,127,3095,9699,12125,1,3,1,3,2439
29,443,12847,every_other,15,151,4441,2481,2083,1,3,1,3,9
29,443,12847,to_target_bits,14,106,5395,2907,1753,1,3,1,3,2439
29,449,13021,first,15,117,2482,11067,5027,1,651,1,651,46341
29,449,13021,odd_first,15,127,2283,1953,10025,1,651,1,651,46341
29,449,13021,every_other,15,151,11024,3087,4033,1,21,1,21,171
29,449,13021,to_target_bits,14,106,2379,12369,9081,1,651,1,651,46341
29,457,13253,first,15,117,10399,12587,4443,1,1,3,3,813
29,457,13253,odd_first,15,127,1268,11709,885,1,1,3,3,813
29,457,13253,every_other,15,151,4238,4975,12297,1,1,3,3,3
29,457,13253,to_target_bits,14,106,4496,9349,7827,1,1,3,3,813
29,461,13369,first,15,117,5614,2235,8337,1,3,7,21,2439
29,461,13369,odd_first,15,127,12201,8661,693,1,3,7,21,2439
29,461,13369,every_other,15,151,3658,5979,1057,1,3,7,21,9
29,461,13369,to_target_bits,14,106,10992,4593,5159,1,3,7,21,2439
29,463,13427,first,15,117,12661,11123,4419,1,49,9,441,813
29,463,13427,odd_first,15,127,7677,4851,5805,1,49,9,441,813
29,463,13427,every_other,15,151,932,6909,10431,1,49,9,441,3
29,463,13427,to_target_bits,14,106,2582,5635,10773,1,49,9,441,813
29,467,13543,first,15,117,7209,11655,4019,1,111,1,111,734139
29,467,13543,odd_first,15,127,2544,12765,9493,1,111,1,111,734139
29,467,13543,every_other,15,151,11894,6771,1315,1,6771,1,6771,63
29,467,13543,to_target_bits,14,106,1074,2109,12281,1,111,1,111,734139
29,479,13891,first,15,117,4947,13587,111,1,3,1,3,17073
29,479,13891,odd_first,15,127,3936,13233,4765,1,3,1,3,17073
29,479,13891,every_other,15,151,1077,12507,10559,1,3,1,3,63
29,479,13891,to_target_bits,14,106,11485,11379,11657,1,3,1,3,17073
29,487,14123,first,15,117,3236,10231,9543,1,1,3,3,15447
29,487,14123,odd_first,15,127,8054,11159,13137,1,1,3,3,15447
29,487,14123,every_other,15,151,3252,6373,13611,1,1,3,3,57
29,487,14123,to_target_bits,14,106,10122,12945,11301,1,1,3,3,15447
29,491,14239,first,15,117,9442,3969,7707,1,63,1,63,982917
29,491,14239,odd_first,15,127,5647,2583,5453,1,63,1,63,982917
29,491,14239,every_other,15,151,4702,11907,11507,1,63,1,63,117
29,491,14239,to_target_bits,14,106,610,693,10649,1,63,1,63,982917
29,499,14471,first,15,117,13937,1787,5859,1,1,27,27,813
29,499,14471,odd_first,15,127,1268,7143,837,1,1,27,27,813
29,499,14471,every_other,15,151,555,14377,5427,1,1,1809,1809,201
29,499,14471,to_target_bits,14,106,3191,9119,13257,1,1,27,27,813
31,37,1147,first,15,117,0,315,651,1147,3,7,21,1241023
31,37,1147,odd_first,15,127,0,693,161,1147,3,7,21,1241023
31,37,1147,every_other,15,151,111,675,959,37,3,7,21,931
31,37,1147,to_target_bits,14,106,0,957,21,1147,3,7,21,1241023
31,41,1271,first,15,117,651,537,27,31,1,3,3,1527771
31,41,1271,odd_first,15,127,899,743,645,31,1,3,3,1527771
31,41,1271,every_other,15,151,1041,107,291,1,1,3,3,1527771
31,41,1271,to_target_bits,14,106,62,39,681,31,1,3,3,1527771
31,43,1333,first,15,117,0,999,249,1333,333,1,333,1682317
31,43,1333,odd_first,15,127,0,333,717,1333,333,1,333,1682317
31,43,1333,every_other,15,151,452,999,439,1,333,1,333,1682317
31,43,1333,to_target_bits,14,106,0,333,755,1333,333,1,333,1682317
31,47,1457,first,15,117,589,91,729,31,91,729,66339,2013753
31,47,1457,odd_first,15,127,744,637,729,31,91,729,66339,2013753
31,47,1457,every_other,15,151,359,819,729,1,91,729,66339,2013753
31,47,1457,to_target_bits,14,106,589,1001,729,31,91,729,66339,19551
31,53,1643,first,15,117,186,589,711,31,1,3,3,2793
31,53,1643,odd_first,15,127,62,1073,741,31,1,3,3,2566767
31,53,1643,every_other,15,151,1351,331,1155,1,1,3,3,2793
31,53,1643,to_target_bits,14,106,310,1391,429,31,1,3,3,2793
31,59,1829,first,15,117,1023,1259,1407,31,1,3,3,19551
31,59,1829,odd_first,15,127,31,1725,1053,31,1,3,3,19551
31,59,1829,every_other,15,151,1010,1039,1647,1,1,183,183,3186813
31,59,1829,to_target_bits,14,106,589,1297,279,31,1,3,3,19551
31,61,1891,first,15,117,248,567,215,31,189,43,8127,6517
31,61,1891,odd_first,15,127,992,1323,817,31,189,43,8127,6517
31,61,1891,every_other,15,151,793,567,323,61,189,1,189,6517
31,61,1891,to_target_bits,14,106,279,189,301,31,189,43,8127,6517
31,67,2077,first,15,117,1705,975,1879,31,3,1,3,931
31,67,2077,odd_first,15,127,837,1269,2061,31,3,1,3,931
31,67,2077,every_other,15,151,1072,1191,757,67,3,1,3,4117813
31,67,2077,to_target_bits,14,106,527,393,71,31,3,1,3,931
31,71,2201,first,15,117,589,787,1995,31,1,3,3,2793
31,71,2201,odd_first,15,127,2046,1653,1341,31,1,3,3,2793
31,71,2201,every_other,15,151,1692,587,1911,1,1,3,3,2793
31,71,2201,to_target_bits,14,106,1085,1049,1191,31,1,3,3,2793
31,73,2263,first,15,117,1798,1989,347,31,39,1,39,6517
31,73,2263,odd_first,15,127,372,195,1933,31,39,1,39,6517
31,73,2263,every_other,15,151,1134,1599,2211,1,39,1,39,4894267
31,73,2263,to_target_bits,14,106,1023,117,1745,31,39,1,39,6517
31,79,2449,first,15,117,713,1899,637,31,9,49,441,931
31,79,2449,odd_first,15,127,1364,2205,2303,31,9,49,441,931
31,79,2449,every_other,15,151,948,531,637,79,9,49,441,931
31,79,2449,to_target_bits,14,106,1085,1737,49,31,9,49,441,931
31,83,2573,first,15,117,1767,603,1755,31,1,117,117,2793
31,83,2573,odd_first,15,127,310,1177,1521,31,1,117,117,2793
31,83,2573,every_other,15,151,328,1103,2457,1,1,117,117,6337317
31,83,2573,to_target_bits,14,106,868,1709,2457,31,1,117,117,2793
31,89,2759,first,15,117,1922,623,387,31,7,3,21,19551
31,89,2759,odd_first,15,127,558,1631,2373,31,7,3,21,19551
31,89,2759,every_other,15,151,204,1463,2187,1,7,3,21,19551
31,89,2759,to_target_bits,14,106,2728,189,249,31,7,3,21,19551
31,97,3007,first,15,117,1519,1107,2939,31,9,1,9,129409
31,97,3007,odd_first,15,127,713,1305,2765,31,9,1,9,129409
31,97,3007,every_other,15,151,824,2673,1299,1,9,1,9,8670403
31,97,3007,to_target_bits,14,106,2852,801,25,31,9,1,9,129409
31,101,3131,first,15,117,1891,2287,2511,31,1,27,27,9404031
31,101,3131,odd_first,15,127,124,1523,2457,31,1,27,27,9404031
31,101,3131,every_other,15,151,359,1567,2295,1,1,27,27,9404031
31,101,3131,to_target_bits,14,106,2356,399,1161,31,1,27,27,9404031
31,103,3193,first,15,117,0,1995,1799,3193,399,1,399,6517
31,103,3193,odd_first,15,127,0,1197,1983,3193,399,1,399,6517
31,103,3193,every_other,15,151,824,1995,3005,103,399,1,399,9782017
31,103,3193,to_target_bits,14,106,2852,2793,1603,31,399,1,399,6517
31,107,3317,first,15,117,341,1275,1029,31,1,21,21,2793
31,107,3317,odd_first,15,127,1581,1177,21,31,1,21,21,2793
31,107,3317,every_other,15,151,1413,2615,1659,1,1,1659,1659,53067
31,107,3317,to_target_bits,14,106,1457,2153,3297,31,1,21,21,2793
31,109,3379,first,15,117,620,1953,507,31,3,169,507,931
31,109,3379,odd_first,15,127,2108,1089,2873,31,3,169,507,931
31,109,3379,every_other,15,151,3149,2439,507,1,3,169,507,10960663
31,109,3379,to_target_bits,14,106,2945,2559,169,31,3,169,507,931
31,113,3503,first,15,117,2387,2987,411,31,103,3,309,2793
31,113,3503,odd_first,15,127,775,2987,2781,31,103,3,309,2793
31,113,3503,every_other,15,151,607,2163,915,1,103,3,309,2793
31,113,3503,to_target_bits,14,106,806,71,585,31,1,3,3,2793
31,127,3937,first,15,117,1426,2619,2393,31,3,1,3,12103
31,127,3937,odd_first,15,127,3410,1965,1763,31,3,1,3,12103
31,127,3937,every_other,15,151,2901,1779,477,1,3,1,3,12103
31,127,3937,to_target_bits,14,106,2325,1497,1687,31,3,1,3,12103
31,131,4061,first,15,117,3534,3787,3249,31,7,3,21,19551
31,131,4061,odd_first,15,127,3007,833,261,31,7,3,21,19551
31,131,4061,every_other,15,151,173,2527,1023,1,7,3,21,19551
31,131,4061,to_target_bits,14,106,2356,3829,717,31,7,3,21,19551
31,137,4247,first,15,117,3999,3405,315,31,1,9,9,2793
31,137,4247,odd_first,15,127,1426,4139,621,31,1,9,9,2793
31,137,4247,every_other,15,151,607,3667,243,1,193,9,1737,2793
31,137,4247,to_target_bits,14,106,155,3535,2241,31,1,9,9,2793
31,139,4309,first,15,117,0,3747,2577,4309,3,1,3,931
31,139,4309,odd_first,15,127,0,1401,2073,4309,3,1,3,931
31,139,4309,every_other,15,151,3614,2775,1547,139,3,1,3,931
31,139,4309,to_target_bits,14,106,0,177,1669,4309,3,1,3,931
31,149,4619,first,15,117,3906,3613,567,31,1,21,21,2793
31,149,4619,odd_first,15,127,651,5,3633,31,1,21,21,2793
31,149,4619,every_other,15,151,3118,1265,147,1,1,21,21,2793
31,149,4619,to_target_bits,14,106,3410,339,609,31,1,21,21,2793
31,151,4681,first,15,117,3131,3627,4485,31,117,1,117,931
31,151,4681,odd_first,15,127,3255,1053,1555,31,117,1,117,931
31,151,4681,every_other,15,151,2405,3627,2535,1,117,1,117,931
31,151,4681,to_target_bits,14,106,3503,4329,1119,31,117,1,117,931
31,157,4867,first,15,117,0,3429,879,4867,3,1,3,6517
31,157,4867,odd_first,15,127,0,2949,4581,4867,3,1,3,6517
31,157,4867,every_other,15,151,1382,1353,663,1,3,1,3,6517
31,157,4867,to_target_bits,14,106,0,555,365,4867,3,1,3,6517
31,163,5053,first,15,117,4371,3843,133,31,3,133,399,931
31,163,5053,odd_first,15,127,4867,369,931,31,3,133,399,931
31,163,5053,every_other,15,151,1630,1011,2527,163,3,2527,7581,931
31,163,5053,to_target_bits,14,106,2511,4269,3325,31,3,133,399,931
31,167,5177,first,15,117,5115,3355,3249,31,1,3,3,2793
31,167,5177,odd_first,15,127,5146,3525,3303,31,1,3,3,2793
31,167,5177,every_other,15,151,669,4107,2367,1,1,3,3,2793
31,167,5177,to_target_bits,14,106,1302,2641,2709,31,1,3,3,2793
31,173,5363,first,15,117,3224,1197,5247,31,7,9,63,254163
31,173,5363,odd_first,15,127,2480,833,5121,31,7,9,63,254163
31,173,5363,every_other,15,151,1537,203,3267,1,7,9,63,254163
31,173,5363,to_target_bits,14,106,1085,1421,5049,31,7,9,63,254163
31,179,5549,first,15,117,961,703,1887,31,19,111,2109,1561287
31,179,5549,odd_first,15,127,868,2489,2553,31,19,111,2109,1561287
31,179,5549,every_other,15,151,1909,2375,1887,1,19,111,2109,689871
31,179,5549,to_target_bits,14,106,434,2337,999,31,19,111,2109,1561287
31,181,5611,first,15,117,4340,4857,2871,31,3,1,3,28861
31,181,5611,odd_first,15,127,4650,3633,809,31,3,1,3,28861
31,181,5611,every_other,15,151,4482,5427,3843,1,3,61,183,931
31,181,5611,to_target_bits,14,106,2635,4899,157,31,3,1,3,28861
31,191,5921,first,15,117,124,1147,4725,31,37,63,2331,2793
31,191,5921,odd_first,15,127,1457,333,1449,31,37,63,2331,2793
31,191,5921,every_other,15,151,1630,5587,2709,1,37,63,2331,2793
31,191,5921,to_target_bits,14,106,2294,1369,4725,31,37,63,2331,2793
31,193,5983,first,15,117,124,3849,5979,31,3,1,3,931
31,193,5983,odd_first,15,127,279,1869,1389,31,3,1,3,931
31,193,5983,every_other,15,151,1351,2325,5427,193,3,1,3,931
31,193,5983,to_target_bits,14,106,1798,5757,5273,31,3,1,3,931
31,197,6107,first,15,117,2790,731,4131,31,43,3,129,2793
31,197,6107,odd_first,15,127,5177,129,3321,31,43,3,129,2793
31,197,6107,every_other,15,151,5009,2473,267,1,1,3,3,170373
31,197,6107,to_target_bits,14,106,2356,5203,273,31,43,3,129,2793
31,199,6169,first,15,117,3999,5163,2967,31,3,1,3,84721
31,199,6169,odd_first,15,127,4526,1605,5703,31,3,1,3,84721
31,199,6169,every_other,15,151,607,2907,5137,1,3,1,3,84721
31,199,6169,to_target_bits,14,106,558,5121,4109,31,3,1,3,84721
31,211,6541,first,15,117,1085,5307,1497,31,3,1,3,931
31,211,6541,odd_first,15,127,2883,4833,1923,31,3,1,3,931
31,211,6541,every_other,15,151,824,5547,3651,1,3,1,3,931
31,211,6541,to_target_bits,14,106,4340,4689,409,31,3,1,3,931
31,223,6913,first,15,117,186,4347,677,31,27,1,27,28861
31,223,6913,odd_first,15,127,5022,6669,6817,31,27,1,27,28861
31,223,6913,every_other,15,151,4544,6291,1553,1,27,1,27,931
31,223,6913,to_target_bits,14,106,5053,4185,467,31,27,1,27,28861
31,227,7037,first,15,117,6107,4655,6183,31,1,9,9,136857
31,227,7037,odd_first,15,127,3844,57,2511,31,1,9,9,136857
31,227,7037,every_other,15,151,6063,267,531,1,1,9,9,136857
31,227,7037,to_target_bits,14,106,5270,1801,2043,31,1,9,9,136857
31,229,7099,first,15,117,6727,3549,3287,31,3549,1,3549,6517
31,229,7099,odd_first,15,127,5983,3549,3253,31,3549,1,3549,6517
31,229,7099,every_other,15,151,1165,3549,4887,1,3549,1,3549,6517
31,229,7099,to_target_bits,14,106,5425,3549,7049,31,3549,1,3549,6517
31,233,7223,first,15,117,4991,157,4515,31,157,903,141771,103341
31,233,7223,odd_first,15,127,124,7065,2709,31,157,903,141771,103341
31,233,7223,every_other,15,151,5908,4993,7203,1,1,21,21,103341
31,233,7223,to_target_bits,14,106,3906,157,6321,31,157,903,141771,103341
31,239,7409,first,15,117,5270,2475,5187,31,1,741,741,2793
31,239,7409,odd_first,15,127,5053,269,2223,31,1,741,741,2793
31,239,7409,every_other,15,151,6869,1395,5187,1,1,741,741,187131
31,239,7409,to_target_bits,14,106,1674,1193,6669,31,1,741,741,2793
31,241,7471,first,15,117,1333,4257,2539,31,9,1,9,6517
31,241,7471,odd_first,15,127,7254,5373,2077,31,9,1,9,6517
31,241,7471,every_other,15,151,1382,3897,3955,1,9,1,9,6517
31,241,7471,to_target_bits,14,106,1023,1449,7145,31,9,1,9,6517
31,251,7781,first,15,117,6479,5527,621,31,1,3,3,36309
31,251,7781,odd_first,15,127,1736,6753,2613,31,1,3,3,36309
31,251,7781,every_other,15,151,2219,2747,6603,1,1,3,3,36309
31,251,7781,to_target_bits,14,106,5363,409,7275,31,1,3,3,36309
31,257,7967,first,15,117,6448,1855,6747,31,7,3,21,254163
31,257,7967,odd_first,15,127,6231,21,1389,31,7,3,21,254163
31,257,7967,every_other,15,151,80,1813,6387,1,7,3,21,254163
31,257,7967,to_target_bits,14,106,2294,1323,5433,31,7,3,21,254163
31,263,8153,first,15,117,6975,7235,6453,31,1,27,27,287679
31,263,8153,odd_first,15,127,1767,5085,2349,31,1,27,27,287679
31,263,8153,every_other,15,151,6900,7115,3915,1,1,27,27,287679
31,263,8153,to_target_bits,14,106,4402,2585,2295,31,1,27,27,2793
31,269,8339,first,15,117,3224,1931,4587,31,1,417,417,19551
31,269,8339,odd_first,15,127,2511,6933,3753,31,1,417,417,19551
31,269,8339,every_other,15,151,3831,3997,4587,1,1,417,417,19551
31,269,8339,to_target_bits,14,106,7874,2919,7089,31,1,417,417,19551
31,271,8401,first,15,117,0,987,2895,8401,21,1,21,6517
31,271,8401,odd_first,15,127,0,8253,5473,8401,21,1,21,6517
31,271,8401,every_other,15,151,1475,5187,2957,1,21,1,21,6517
31,271,8401,to_target_bits,14,106,0,1449,2903,8401,21,1,21,6517
31,277,8587,first,15,117,310,5751,3743,31,81,19,1539,12103
31,277,8587,odd_first,15,127,1519,4779,4617,31,81,19,1539,12103
31,277,8587,every_other,15,151,3428,2835,6935,1,81,19,1539,12103
31,277,8587,to_target_bits,14,106,7285,6723,3857,31,81,19,1539,12103
31,281,8711,first,15,117,3503,767,963,31,13,9,117,2793
31,281,8711,odd_first,15,127,4898,8073,5085,31,13,9,117,2793
31,281,8711,every_other,15,151,3645,6097,675,1,871,9,7839,2793
31,281,8711,to_target_bits,14,106,7440,1599,81,31,13,9,117,2793
31,283,8773,first,15,117,4309,7611,8687,31,129,1,129,84721
31,283,8773,odd_first,15,127,3348,3225,7787,31,129,1,129,84721
31,283,8773,every_other,15,151,2777,3591,7191,1,3,1,3,84721
31,283,8773,to_target_bits,14,106,7688,6837,3383,31,129,1,129,84721
31,293,9083,first,15,117,2759,2641,4911,31,19,3,57,2793
31,293,9083,odd_first,15,127,1364,2185,7545,31,19,3,57,2793
31,293,9083,every_other,15,151,6280,8303,5355,1,19,3,57,4192293
31,293,9083,to_target_bits,14,106,6107,2869,7125,31,19,3,57,2793
31,307,9517,first,15,117,7161,7995,5695,31,39,1,39,34447
31,307,9517,odd_first,15,127,4712,1053,8323,31,39,1,39,34447
31,307,9517,every_other,15,151,6373,2379,1219,1,2379,1,2379,34447
31,307,9517,to_target_bits,14,106,5270,8697,9129,31,39,1,39,34447
31,311,9641,first,15,117,8990,4707,5211,31,1,3,3,19551
31,311,9641,odd_first,15,127,9114,7013,6477,31,1,3,3,19551
31,311,9641,every_other,15,151,6032,2587,7563,1,1,3,3,19551
31,311,9641,to_target_bits,14,106,4867,7289,1995,31,1,3,3,19551
31,313,9703,first,15,117,9486,7497,1203,31,441,1,441,45619
31,313,9703,odd_first,15,127,4340,1323,9005,31,441,1,441,45619
31,313,9703,every_other,15,151,8140,6615,6851,1,441,1,441,45619
31,313,9703,to_target_bits,14,106,7285,6615,3473,31,441,1,441,45619
31,317,9827,first,15,117,9424,8019,7371,31,1,2457,2457,2793
31,317,9827,odd_first,15,127,3069,9787,2457,31,1,2457,2457,2793
31,317,9827,every_other,15,151,2994,8623,7371,1,1,2457,2457,2793
31,317,9827,to_target_bits,14,106,6851,9489,2457,31,1,2457,2457,2793
31,331,10261,first,15,117,806,9747,5719,31,513,7,3591,931
31,331,10261,odd_first,15,127,1922,513,1617,31,513,7,3591,931
31,331,10261,every_other,15,151,7799,9747,7245,1,513,7,3591,17689
31,331,10261,to_target_bits,14,106,3193,6669,6825,31,513,7,3591,931
31,337,10447,first,15,117,9920,3123,1067,31,3,1,3,931
31,337,10447,odd_first,15,127,6696,7833,8909,31,3,1,3,931
31,337,10447,every_other,15,151,7954,9225,1315,1,3,1,3,931
31,337,10447,to_target_bits,14,106,589,8535,1865,31,3,1,3,931
31,347,10757,first,15,117,2294,3155,2415,31,1,3,3,86583
31,347,10757,odd_first,15,127,10571,6081,3237,31,1,3,3,86583
31,347,10757,every_other,15,151,3893,7715,1467,1,1,489,489,2793
31,347,10757,to_target_bits,14,106,4278,4825,1533,31,1,3,3,86583
31,349,10819,first,15,117,10044,2799,5887,31,9,1,9,931
31,349,10819,odd_first,15,127,1829,8415,153,31,9,1,9,931
31,349,10819,every_other,15,151,9318,8991,10767,1,9,1,9,931
31,349,10819,to_target_bits,14,106,9083,2547,2769,31,9,1,9,931
31,353,10943,first,15,117,279,9801,8379,31,1,171,171,19551
31,353,10943,odd_first,15,127,4712,1853,6669,31,1,171,171,19551
31,353,10943,every_other,15,151,9969,5913,9747,1,1,171,171,1192611
31,353,10943,to_target_bits,14,106,6572,5559,1881,31,1,171,171,19551
31,359,11129,first,15,117,8773,9971,1617,31,13,21,273,2793
31,359,11129,odd_first,15,127,4991,5005,5733,31,13,21,273,2793
31,359,11129,every_other,15,151,5288,2483,7287,1,13,21,273,2793
31,359,11129,to_target_bits,14,106,5921,7449,4179,31,13,21,273,2793
31,367,11377,first,15,117,527,4347,7947,31,9,1,9,202027
31,367,11377,odd_first,15,127,6479,1917,9995,31,9,1,9,202027
31,367,11377,every_other,15,151,8884,3555,6369,1,711,1,711,6517
31,367,11377,to_target_bits,14,106,6696,5193,4517,31,9,1,9,202027
31,373,11563,first,15,117,9641,5571,8575,31,3,49,147,931
31,373,11563,odd_first,15,127,2821,9345,5341,31,3,49,147,931
31,373,11563,every_other,15,151,11550,8913,6615,1,3,49,147,1185163
31,373,11563,to_target_bits,14,106,4805,6417,3185,31,3,49,147,931
31,379,11749,first,15,117,6479,6639,11587,31,3,1,3,931
31,379,11749,odd_first,15,127,9207,4029,2953,31,3,1,3,931
31,379,11749,every_other,15,151,1723,6879,10887,1,3,1,3,931
31,379,11749,to_target_bits,14,106,9362,6021,1999,31,3,1,3,931
31,383,11873,first,15,117,8091,6811,4317,31,7,3,21,19551
31,383,11873,odd_first,15,127,3131,2765,1407,31,7,3,21,19551
31,383,11873,every_other,15,151,6714,2835,6507,1,7,3,21,19551
31,383,11873,to_target_bits,14,106,10230,4921,5541,31,7,3,21,19551
31,389,12059,first,15,117,3193,10867,3447,31,1,9,9,2793
31,389,12059,odd_first,15,127,4030,2749,8073,31,1,9,9,2793
31,389,12059,every_other,15,151,10527,7447,5427,1,1,603,603,2793
31,389,12059,to_target_bits,14,106,10912,4147,3609,31,1,9,9,2793
31,397,12307,first,15,117,2604,5103,539,31,21,1,21,241129
31,397,12307,odd_first,15,127,5518,1071,3021,31,21,1,21,241129
31,397,12307,every_other,15,151,11674,6573,8283,1,21,1,21,241129
31,397,12307,to_target_bits,14,106,1674,4935,10237,31,21,1,21,241129
31,401,12431,first,15,117,10075,127,2331,31,1,777,777,2793
31,401,12431,odd_first,15,127,10261,4843,3885,31,1,777,777,2793
31,401,12431,every_other,15,151,3800,3997,8547,1,1,777,777,2793
31,401,12431,to_target_bits,14,106,9269,9959,777,31,1,777,777,2793
31,409,12679,first,15,117,3813,993,9107,31,3,1,3,202027
31,409,12679,odd_first,15,127,4743,12429,533,31,3,1,3,202027
31,409,12679,every_other,15,151,6125,10173,12187,1,3,1,3,6517
31,409,12679,to_target_bits,14,106,8091,8007,11289,31,3,1,3,202027
31,419,12989,first,15,117,7316,11011,3057,31,1,3,3,2793
31,419,12989,odd_first,15,127,8091,1457,3543,31,1,3,3,2793
31,419,12989,every_other,15,151,390,6787,1437,1,1,3,3,220647
31,419,12989,to_target_bits,14,106,5456,2485,1719,31,1,3,3,2793
31,421,13051,first,15,117,11842,6687,455,31,9,13,117,931
31,421,13051,odd_first,15,127,11315,11853,481,31,9,13,117,931
31,421,13051,every_other,15,151,6063,8037,12259,1,9,13,117,931
31,421,13051,to_target_bits,14,106,11005,3249,845,31,9,13,117,931
31,431,13361,first,15,117,12059,7787,6285,31,1,3,3,2793
31,431,13361,odd_first,15,127,5952,8653,3531,31,1,3,3,2793
31,431,13361,every_other,15,151,11891,13027,5937,1,1,3,3,455259
31,431,13361,to_target_bits,14,106,9858,4809,8775,31,1,3,3,2793
31,433,13423,first,15,117,11284,11913,3195,31,3,1,3,12103
31,433,13423,odd_first,15,127,7440,9117,9773,31,3,1,3,12103
31,433,13423,every_other,15,151,11829,5175,3907,1,3,1,3,12103
31,433,13423,to_target_bits,14,106,7781,2469,11545,31,3,1,3,12103
31,439,13609,first,15,117,13299,11907,6367,31,1701,1,1701,84721
31,439,13609,odd_first,15,127,899,1701,12583,31,1701,1,1701,84721
31,439,13609,every_other,15,151,6683,11907,8487,1,1701,1,1701,84721
31,439,13609,to_target_bits,14,106,11067,8505,12279,31,1701,1,1701,84721
31,443,13733,first,15,117,4309,10499,6615,31,1,63,63,2793
31,443,13733,odd_first,15,127,4867,8717,8757,31,1,63,63,2793
31,443,13733,every_other,15,151,7985,491,315,1,1,63,63,2793
31,443,13733,to_target_bits,14,106,2294,7001,12537,31,1,63,63,2793
31,449,13919,first,15,117,4278,345,1467,31,1,3,3,2793
31,449,13919,odd_first,15,127,6324,10859,11853,31,1,3,3,2793
31,449,13919,every_other,15,151,11922,8245,5427,1,1,3,3,53067
31,449,13919,to_target_bits,14,106,9114,12065,13689,31,1,3,3,2793
31,457,14167,first,15,117,7657,10413,1491,31,9,7,63,931
31,457,14167,odd_first,15,127,9951,7497,10101,31,9,7,63,931
31,457,14167,every_other,15,151,11550,5427,3843,1,9,7,63,931
31,457,14167,to_target_bits,14,106,6324,4419,2457,31,9,7,63,931
31,461,14291,first,15,117,2387,11047,8559,31,1,9,9,2793
31,461,14291,odd_first,15,127,7130,6293,5121,31,1,9,9,2793
31,461,14291,every_other,15,151,8729,1587,4131,1,1,9,9,2793
31,461,14291,to_target_bits,14,106,5921,6539,12393,31,1,9,9,2793
31,463,14353,first,15,117,8494,4251,8909,31,39,1,39,931
31,463,14353,odd_first,15,127,12307,2925,5591,31,39,1,39,931
31,463,14353,every_other,15,151,11581,12675,6211,1,39,1,39,931
31,463,14353,to_target_bits,14,106,11842,2457,6627,31,39,1,39,931
31,467,14477,first,15,117,10478,11963,5871,31,7,57,399,840693
31,467,14477,odd_first,15,127,2077,6713,9633,31,7,57,399,840693
31,467,14477,every_other,15,151,3955,5999,5187,1,7,57,399,19551
31,467,14477,to_target_bits,14,106,10881,12621,6897,31,7,57,399,840693
31,479,14849,first,15,117,10695,3323,3537,31,1,27,27,19551
31,479,14849,odd_first,15,127,13516,9997,13203,31,1,27,27,19551
31,479,14849,every_other,15,151,12573,11923,14337,1,1,27,27,19551
31,479,14849,to_target_bits,14,106,1426,9049,13149,31,1,27,27,19551
31,487,15097,first,15,117,13950,12099,4759,31,111,1,111,931
31,487,15097,odd_first,15,127,2697,8325,10199,31,111,1,111,931
31,487,15097,every_other,15,151,7148,10323,13045,1,111,1,111,17689
31,487,15097,to_target_bits,14,106,4278,2553,4637,31,111,1,111,931
31,491,15221,first,15,117,2077,12047,11997,31,1,129,129,1125579
31,491,15221,odd_first,15,127,6138,6253,4515,31,1,129,129,1125579
31,491,15221,every_other,15,151,11085,7607,3075,1,1,3,3,36309
31,491,15221,to_target_bits,14,106,14849,3749,9675,31,1,129,129,1125579
31,499,15469,first,15,117,10943,5955,7917,31,3,91,273,931
31,499,15469,odd_first,15,127,1767,12441,4823,31,3,91,273,931
31,499,15469,every_other,15,151,4048,3903,8827,1,3,91,273,62377
31,499,15469,to_target_bits,14,106,8680,1197,819,31,3,91,273,931
37,41,1517,first,15,117,1184,415,1491,37,1,3,3,2187453
37,41,1517,odd_first,15,127,407,869,993,37,1,3,3,2187453
37,41,1517,every_other,15,151,1369,207,807,37,1,3,3,1641
37,41,1517,to_target_bits,14,106,185,645,939,37,1,3,3,2187453
37,43,1591,first,15,117,0,27,19,1591,3,1,3,2408731
37,43,1591,odd_first,15,127,0,963,1541,1591,3,1,3,2408731
37,43,1591,every_other,15,151,925,927,1403,37,3,1,3,1807
37,43,1591,to_target_bits,14,106,0,999,1553,1591,3,1,3,2408731
37,47,1739,first,15,117,777,1029,1467,37,1,3,3,2883279
37,47,1739,odd_first,15,127,1073,179,1413,37,1,3,3,2883279
37,47,1739,every_other,15,151,1628,1027,207,37,79,3,237,2163
37,47,1739,to_target_bits,14,106,777,1401,1509,37,1,3,3,27993
37,53,1961,first,15,117,1776,147,729,37,49,9,441,3999
37,53,1961,odd_first,15,127,592,1813,909,37,49,9,441,3675081
37,53,1961,every_other,15,151,185,147,315,37,49,9,441,3
37,53,1961,to_target_bits,14,106,999,49,765,37,49,9,441,3999
37,59,2183,first,15,117,1554,121,819,37,1,273,273,27993
37,59,2183,odd_first,15,127,444,2099,1365,37,1,273,273,27993
37,59,2183,every_other,15,151,2072,1527,819,37,1,273,273,3423
37,59,2183,to_target_bits,14,106,1887,453,273,37,1,273,273,27993
37,61,2257,first,15,117,370,2187,333,37,3,1,3,9331
37,61,2257,odd_first,15,127,1480,2013,1197,37,3,1,3,9331
37,61,2257,every_other,15,151,0,1299,2239,2257,3,1,3,7
37,61,2257,to_target_bits,14,106,2109,777,971,37,3,1,3,9331
37,67,2479,first,15,117,2442,315,1147,37,21,31,651,1333
37,67,2479,odd_first,15,127,703,2037,93,37,21,31,651,1333
37,67,2479,every_other,15,151,0,1659,2467,2479,21,1,21,4423
37,67,2479,to_target_bits,14,106,259,1533,1209,37,21,31,651,1333
37,71,2627,first,15,117,518,2093,1287,37,13,9,117,3999
37,71,2627,odd_first,15,127,555,1235,153,37,13,9,117,3999
37,71,2627,every_other,15,151,2331,2379,1791,37,13,9,117,3
37,71,2627,to_target_bits,14,106,1369,2457,585,37,13,9,117,3999
37,73,2701,first,15,117,703,2187,2247,37,27,7,189,9331
37,73,2701,odd_first,15,127,518,1053,665,37,27,7,189,9331
37,73,2701,every_other,15,151,185,2187,1351,37,27,1351,36477,5257
37,73,2701,to_target_bits,14,106,74,2349,833,37,27,7,189,9331
37,79,2923,first,15,117,555,801,1763,37,3,43,129,1333
37,79,2923,odd_first,15,127,1443,2697,301,37,3,43,129,1333
37,79,2923,every_other,15,151,0,1791,667,2923,3,1,3,1
37,79,2923,to_target_bits,14,106,1480,2817,989,37,3,43,129,1333
37,83,3071,first,15,117,1850,407,1275,37,1,3,3,3999
37,83,3071,odd_first,15,127,1887,2563,1293,37,1,3,3,3999
37,83,3071,every_other,15,151,1739,847,1683,37,1,3,3,6807
37,83,3071,to_target_bits,14,106,370,1279,1881,37,1,3,3,3999
37,89,3293,first,15,117,2812,255,675,37,1,27,27,27993
37,89,3293,odd_first,15,127,2516,613,1053,37,1,27,27,27993
37,89,3293,every_other,15,151,1628,863,1647,37,1,1647,1647,21
37,89,3293,to_target_bits,14,106,592,685,1377,37,1,27,27,27993
37,97,3589,first,15,117,3071,663,157,37,39,1,39,185287
37,97,3589,odd_first,15,127,1295,2925,683,37,39,1,39,185287
37,97,3589,every_other,15,151,1406,1911,2057,37,39,1,39,9313
37,97,3589,to_target_bits,14,106,1591,2457,3049,37,39,1,39,185287
37,101,3737,first,15,117,1184,2539,231,37,1,21,21,13464633
37,101,3737,odd_first,15,127,629,2077,2961,37,1,21,21,13464633
37,101,3737,every_other,15,151,1369,219,3675,37,1,21,21,10101
37,101,3737,to_target_bits,14,106,740,3409,147,37,1,21,21,13464633
37,103,3811,first,15,117,0,537,179,3811,3,1,3,177289
37,103,3811,odd_first,15,127,0,2013,585,3811,3,1,3,177289
37,103,3811,every_other,15,151,0,1377,87,3811,3,1,3,10507
37,103,3811,to_target_bits,14,106,3367,39,2589,37,3,1,3,177289
37,107,3959,first,15,117,555,359,2547,37,1,9,9,75981
37,107,3959,odd_first,15,127,3293,1407,333,37,1,9,9,75981
37,107,3959,every_other,15,151,2590,2549,1467,37,1,9,9,57
37,107,3959,to_target_bits,14,106,3811,1583,3249,37,1,9,9,75981
37,109,4033,first,15,117,2146,315,57,37,63,1,63,1333
37,109,4033,odd_first,15,127,37,3213,3975,37,63,1,63,1333
37,109,4033,every_other,15,151,3367,2835,3315,37,63,1,63,11773
37,109,4033,to_target_bits,14,106,111,2457,2943,37,63,1,63,1333
37,113,4181,first,15,117,3404,1007,1389,37,19,3,57,3999
37,113,4181,odd_first,15,127,888,1653,981,37,19,3,57,3999
37,113,4181,every_other,15,151,1850,3667,1041,37,19,3,57,3
37,113,4181,to_target_bits,14,106,1258,3249,513,37,19,3,57,3999
37,127,4699,first,15,117,2442,2511,2187,37,81,1,81,17329
37,127,4699,odd_first,15,127,2775,891,2953,37,81,1,81,17329
37,127,4699,every_other,15,151,3663,729,1487,37,81,1,81,13
37,127,4699,to_target_bits,14,106,2960,4293,4349,37,81,1,81,17329
37,131,4847,first,15,117,259,2797,1083,37,1,3,3,27993
37,131,4847,odd_first,15,127,518,2063,1437,37,1,3,3,27993
37,131,4847,every_other,15,151,1221,2515,4803,37,1,3,3,21
37,131,4847,to_target_bits,14,106,3404,1471,2457,37,1,3,3,27993
37,137,5069,first,15,117,4958,539,507,37,7,507,3549,3999
37,137,5069,odd_first,15,127,4440,3745,4563,37,7,507,3549,3999
37,137,5069,every_other,15,151,333,1043,507,37,7,507,3549,3
37,137,5069,to_target_bits,14,106,703,4445,3549,37,7,507,3549,3999
