15	3	5	2	2	4
39	3	13	4	4	8
87	3	29	8	8	16
111	3	37	10	10	20
159	3	53	14	14	28
183	3	61	16	16	32
303	3	101	26	26	52
327	3	109	28	28	56
447	3	149	38	38	76
471	3	157	40	40	80
519	3	173	44	44	88
543	3	181	46	46	92
591	3	197	50	50	100
687	3	229	58	58	116
807	3	269	68	68	136
831	3	277	70	70	140
879	3	293	74	74	148
951	3	317	80	80	160
1047	3	349	88	88	176
1119	3	373	94	94	188
1167	3	389	98	98	196
1191	3	397	100	100	200
1263	3	421	106	106	212
1383	3	461	116	116	232
1527	3	509	128	128	256
1623	3	541	136	136	272
1671	3	557	140	140	280
1839	3	613	154	154	308
1959	3	653	164	164	328
1983	3	661	166	166	332
2031	3	677	170	170	340
2103	3	701	176	176	352
2127	3	709	178	178	356
2199	3	733	184	184	368
2271	3	757	190	190	380
2319	3	773	194	194	388
2391	3	797	200	200	400
2463	3	821	206	206	412
2487	3	829	208	208	416
2559	3	853	214	214	428
2631	3	877	220	220	440
2823	3	941	236	236	472
2991	3	997	250	250	500
3039	3	1013	254	254	508
3063	3	1021	256	256	512
3183	3	1061	266	266	532
3207	3	1069	268	268	536
3279	3	1093	274	274	548
3327	3	1109	278	278	556
3351	3	1117	280	280	560
3543	3	1181	296	296	592
3639	3	1213	304	304	608
3687	3	1229	308	308	616
3711	3	1237	310	310	620
3831	3	1277	320	320	640
3903	3	1301	326	326	652
4119	3	1373	344	344	688
4143	3	1381	346	346	692
4287	3	1429	358	358	716
4359	3	1453	364	364	728
4479	3	1493	374	374	748
4647	3	1549	388	388	776
4791	3	1597	400	400	800
4839	3	1613	404	404	808
4863	3	1621	406	406	812
4911	3	1637	410	410	820
5007	3	1669	418	418	836
5079	3	1693	424	424	848
5127	3	1709	428	428	856
5199	3	1733	434	434	868
5223	3	1741	436	436	872
5367	3	1789	448	448	896
5583	3	1861	466	466	932
5631	3	1877	470	470	940
5703	3	1901	476	476	952
5799	3	1933	484	484	968
5847	3	1949	488	488	976
5919	3	1973	494	494	988
5991	3	1997	500	500	1000
6087	3	2029	508	508	1016
6159	3	2053	514	514	1028
6207	3	2069	518	518	1036
6423	3	2141	536	536	1072
6639	3	2213	554	554	1108
6663	3	2221	556	556	1112
6711	3	2237	560	560	1120
6807	3	2269	568	568	1136
6879	3	2293	574	574	1148
6927	3	2309	578	578	1156
6999	3	2333	584	584	1168
7023	3	2341	586	586	1172
7071	3	2357	590	590	1180
7143	3	2381	596	596	1192
7167	3	2389	598	598	1196
7311	3	2437	610	610	1220
7431	3	2477	620	620	1240
7647	3	2549	638	638	1276
7671	3	2557	640	640	1280
7863	3	2621	656	656	1312
8031	3	2677	670	670	1340
8079	3	2693	674	674	1348
8223	3	2741	686	686	1372
8247	3	2749	688	688	1376
8367	3	2789	698	698	1396
8391	3	2797	700	700	1400
8511	3	2837	710	710	1420
8583	3	2861	716	716	1432
8727	3	2909	728	728	1456
8751	3	2917	730	730	1460
8871	3	2957	740	740	1480
9111	3	3037	760	760	1520
9183	3	3061	766	766	1532
9327	3	3109	778	778	1556
9543	3	3181	796	796	1592
9663	3	3221	806	806	1612
9687	3	3229	808	808	1616
9759	3	3253	814	814	1628
9903	3	3301	826	826	1652
10119	3	3373	844	844	1688
10167	3	3389	848	848	1696
10239	3	3413	854	854	1708
10383	3	3461	866	866	1732
10407	3	3469	868	868	1736
10551	3	3517	880	880	1760
10599	3	3533	884	884	1768
10623	3	3541	886	886	1772
10671	3	3557	890	890	1780
10743	3	3581	896	896	1792
10839	3	3613	904	904	1808
10911	3	3637	910	910	1820
11031	3	3677	920	920	1840
11103	3	3701	926	926	1852
11127	3	3709	928	928	1856
11199	3	3733	934	934	1868
11391	3	3797	950	950	1900
11463	3	3821	956	956	1912
11559	3	3853	964	964	1928
11631	3	3877	970	970	1940
11751	3	3917	980	980	1960
11967	3	3989	998	998	1996
12039	3	4013	1004	1004	2008
12063	3	4021	1006	1006	2012
12279	3	4093	1024	1024	2048
12399	3	4133	1034	1034	2068
12471	3	4157	1040	1040	2080
12687	3	4229	1058	1058	2116
12759	3	4253	1064	1064	2128
12783	3	4261	1066	1066	2132
13047	3	4349	1088	1088	2176
13071	3	4357	1090	1090	2180
13119	3	4373	1094	1094	2188
13191	3	4397	1100	1100	2200
13263	3	4421	1106	1106	2212
13479	3	4493	1124	1124	2248
13551	3	4517	1130	1130	2260
13647	3	4549	1138	1138	2276
13791	3	4597	1150	1150	2300
13863	3	4621	1156	1156	2312
13911	3	4637	1160	1160	2320
14199	3	4733	1184	1184	2368
14367	3	4789	1198	1198	2396
14439	3	4813	1204	1204	2408
14583	3	4861	1216	1216	2432
14631	3	4877	1220	1220	2440
14727	3	4909	1228	1228	2456
14799	3	4933	1234	1234	2468
14871	3	4957	1240	1240	2480
14919	3	4973	1244	1244	2488
15063	3	5021	1256	1256	2512
15231	3	5077	1270	1270	2540
15303	3	5101	1276	1276	2552
15567	3	5189	1298	1298	2596
15591	3	5197	1300	1300	2600
15711	3	5237	1310	1310	2620
15783	3	5261	1316	1316	2632
15927	3	5309	1328	1328	2656
15999	3	5333	1334	1334	2668
16143	3	5381	1346	1346	2692
16239	3	5413	1354	1354	2708
16311	3	5437	1360	1360	2720
16431	3	5477	1370	1370	2740
16503	3	5501	1376	1376	2752
16671	3	5557	1390	1390	2780
16719	3	5573	1394	1394	2788
16743	3	5581	1396	1396	2792
16959	3	5653	1414	1414	2828
17007	3	5669	1418	1418	2836
17079	3	5693	1424	1424	2848
17103	3	5701	1426	1426	2852
17151	3	5717	1430	1430	2860
17223	3	5741	1436	1436	2872
17247	3	5749	1438	1438	2876
17439	3	5813	1454	1454	2908
17463	3	5821	1456	1456	2912
17583	3	5861	1466	1466	2932
17607	3	5869	1468	1468	2936
17943	3	5981	1496	1496	2992
18087	3	6029	1508	1508	3016
18111	3	6037	1510	1510	3020
18159	3	6053	1514	1514	3028
18303	3	6101	1526	1526	3052
18399	3	6133	1534	1534	3068
18519	3	6173	1544	1544	3088
18591	3	6197	1550	1550	3100
18663	3	6221	1556	1556	3112
18687	3	6229	1558	1558	3116
18807	3	6269	1568	1568	3136
18831	3	6277	1570	1570	3140
18903	3	6301	1576	1576	3152
18951	3	6317	1580	1580	3160
19119	3	6373	1594	1594	3188
19167	3	6389	1598	1598	3196
19191	3	6397	1600	1600	3200
19263	3	6421	1606	1606	3212
19407	3	6469	1618	1618	3236
19743	3	6581	1646	1646	3292
19911	3	6637	1660	1660	3320
19959	3	6653	1664	1664	3328
19983	3	6661	1666	1666	3332
20103	3	6701	1676	1676	3352
20127	3	6709	1678	1678	3356
20199	3	6733	1684	1684	3368
20343	3	6781	1696	1696	3392
20487	3	6829	1708	1708	3416
20607	3	6869	1718	1718	3436
20751	3	6917	1730	1730	3460
20847	3	6949	1738	1738	3476
20991	3	6997	1750	1750	3500
21039	3	7013	1754	1754	3508
21207	3	7069	1768	1768	3536
21327	3	7109	1778	1778	3556
21639	3	7213	1804	1804	3608
21687	3	7229	1808	1808	3616
21711	3	7237	1810	1810	3620
21759	3	7253	1814	1814	3628
21927	3	7309	1828	1828	3656
21999	3	7333	1834	1834	3668
22047	3	7349	1838	1838	3676
22431	3	7477	1870	1870	3740
22551	3	7517	1880	1880	3760
22623	3	7541	1886	1886	3772
22647	3	7549	1888	1888	3776
22719	3	7573	1894	1894	3788
22767	3	7589	1898	1898	3796
22863	3	7621	1906	1906	3812
23007	3	7669	1918	1918	3836
23151	3	7717	1930	1930	3860
23223	3	7741	1936	1936	3872
23271	3	7757	1940	1940	3880
23367	3	7789	1948	1948	3896
23487	3	7829	1958	1958	3916
23559	3	7853	1964	1964	3928
23631	3	7877	1970	1970	3940
23703	3	7901	1976	1976	3952
23799	3	7933	1984	1984	3968
23847	3	7949	1988	1988	3976
24159	3	8053	2014	2014	4028
24207	3	8069	2018	2018	4036
24279	3	8093	2024	2024	4048
24303	3	8101	2026	2026	4052
24351	3	8117	2030	2030	4060
24663	3	8221	2056	2056	4112
24711	3	8237	2060	2060	4120
24807	3	8269	2068	2068	4136
24879	3	8293	2074	2074	4148
24951	3	8317	2080	2080	4160
25167	3	8389	2098	2098	4196
25287	3	8429	2108	2108	4216
25383	3	8461	2116	2116	4232
25503	3	8501	2126	2126	4252
25719	3	8573	2144	2144	4288
25743	3	8581	2146	2146	4292
25791	3	8597	2150	2150	4300
25887	3	8629	2158	2158	4316
26007	3	8669	2168	2168	4336
26031	3	8677	2170	2170	4340
26079	3	8693	2174	2174	4348
26223	3	8741	2186	2186	4372
26463	3	8821	2206	2206	4412
26511	3	8837	2210	2210	4420
26583	3	8861	2216	2216	4432
26679	3	8893	2224	2224	4448
26799	3	8933	2234	2234	4468
26823	3	8941	2236	2236	4472
27039	3	9013	2254	2254	4508
27087	3	9029	2258	2258	4516
27327	3	9109	2278	2278	4556
27399	3	9133	2284	2284	4568
27471	3	9157	2290	2290	4580
27519	3	9173	2294	2294	4588
27543	3	9181	2296	2296	4592
27663	3	9221	2306	2306	4612
27831	3	9277	2320	2320	4640
27879	3	9293	2324	2324	4648
28023	3	9341	2336	2336	4672
28047	3	9349	2338	2338	4676
28191	3	9397	2350	2350	4700
28239	3	9413	2354	2354	4708
28263	3	9421	2356	2356	4712
28311	3	9437	2360	2360	4720
28383	3	9461	2366	2366	4732
28599	3	9533	2384	2384	4768
28839	3	9613	2404	2404	4808
28887	3	9629	2408	2408	4816
28983	3	9661	2416	2416	4832
29031	3	9677	2420	2420	4840
29199	3	9733	2434	2434	4868
29247	3	9749	2438	2438	4876
29343	3	9781	2446	2446	4892
29487	3	9829	2458	2458	4916
29703	3	9901	2476	2476	4952
29823	3	9941	2486	2486	4972
29847	3	9949	2488	2488	4976
29919	3	9973	2494	2494	4988
30111	3	10037	2510	2510	5020
30183	3	10061	2516	2516	5032
30207	3	10069	2518	2518	5036
30279	3	10093	2524	2524	5048
30399	3	10133	2534	2534	5068
30423	3	10141	2536	2536	5072
30543	3	10181	2546	2546	5092
30759	3	10253	2564	2564	5128
30903	3	10301	2576	2576	5152
30999	3	10333	2584	2584	5168
31071	3	10357	2590	2590	5180
31287	3	10429	2608	2608	5216
31359	3	10453	2614	2614	5228
31431	3	10477	2620	2620	5240
31503	3	10501	2626	2626	5252
31767	3	10589	2648	2648	5296
31791	3	10597	2650	2650	5300
31839	3	10613	2654	2654	5308
32127	3	10709	2678	2678	5356
32199	3	10733	2684	2684	5368
32343	3	10781	2696	2696	5392
32367	3	10789	2698	2698	5396
32511	3	10837	2710	2710	5420
32559	3	10853	2714	2714	5428
32583	3	10861	2716	2716	5432
32727	3	10909	2728	2728	5456
32847	3	10949	2738	2738	5476
32871	3	10957	2740	2740	5480
32919	3	10973	2744	2744	5488
33207	3	11069	2768	2768	5536
33279	3	11093	2774	2774	5548
33351	3	11117	2780	2780	5560
33447	3	11149	2788	2788	5576
33519	3	11173	2794	2794	5588
33591	3	11197	2800	2800	5600
33639	3	11213	2804	2804	5608
33783	3	11261	2816	2816	5632
33951	3	11317	2830	2830	5660
34311	3	11437	2860	2860	5720
34647	3	11549	2888	2888	5776
34791	3	11597	2900	2900	5800
34863	3	11621	2906	2906	5812
35031	3	11677	2920	2920	5840
35103	3	11701	2926	2926	5852
35151	3	11717	2930	2930	5860
35367	3	11789	2948	2948	5896
35439	3	11813	2954	2954	5908
35463	3	11821	2956	2956	5912
35727	3	11909	2978	2978	5956
35799	3	11933	2984	2984	5968
35823	3	11941	2986	2986	5972
35943	3	11981	2996	2996	5992
36111	3	12037	3010	3010	6020
36303	3	12101	3026	3026	6052
36327	3	12109	3028	3028	6056
36447	3	12149	3038	3038	6076
36471	3	12157	3040	3040	6080
36591	3	12197	3050	3050	6100
36759	3	12253	3064	3064	6128
36807	3	12269	3068	3068	6136
36831	3	12277	3070	3070	6140
36903	3	12301	3076	3076	6152
37119	3	12373	3094	3094	6188
37239	3	12413	3104	3104	6208
37263	3	12421	3106	3106	6212
37311	3	12437	3110	3110	6220
37551	3	12517	3130	3130	6260
37623	3	12541	3136	3136	6272
37767	3	12589	3148	3148	6296
37839	3	12613	3154	3154	6308
37911	3	12637	3160	3160	6320
37959	3	12653	3164	3164	6328
38271	3	12757	3190	3190	6380
38343	3	12781	3196	3196	6392
38463	3	12821	3206	3206	6412
38487	3	12829	3208	3208	6416
38559	3	12853	3214	3214	6428
38679	3	12893	3224	3224	6448
38751	3	12917	3230	3230	6460
38823	3	12941	3236	3236	6472
38919	3	12973	3244	3244	6488
39111	3	13037	3260	3260	6520
39279	3	13093	3274	3274	6548
39327	3	13109	3278	3278	6556
39687	3	13229	3308	3308	6616
39927	3	13309	3328	3328	6656
40143	3	13381	3346	3346	6692
40191	3	13397	3350	3350	6700
40263	3	13421	3356	3356	6712
40407	3	13469	3368	3368	6736
40431	3	13477	3370	3370	6740
40791	3	13597	3400	3400	6800
40839	3	13613	3404	3404	6808
41007	3	13669	3418	3418	6836
41079	3	13693	3424	3424	6848
41127	3	13709	3428	3428	6856
41271	3	13757	3440	3440	6880
41343	3	13781	3446	3446	6892
41367	3	13789	3448	3448	6896
41487	3	13829	3458	3458	6916
41631	3	13877	3470	3470	6940
41703	3	13901	3476	3476	6952
41799	3	13933	3484	3484	6968
41991	3	13997	3500	3500	7000
42087	3	14029	3508	3508	7016
42447	3	14149	3538	3538	7076
42519	3	14173	3544	3544	7088
42591	3	14197	3550	3550	7100
42663	3	14221	3556	3556	7112
42879	3	14293	3574	3574	7148
43023	3	14341	3586	3586	7172
43167	3	14389	3598	3598	7196
43311	3	14437	3610	3610	7220
43383	3	14461	3616	3616	7232
43599	3	14533	3634	3634	7268
43647	3	14549	3638	3638	7276
43671	3	14557	3640	3640	7280
43863	3	14621	3656	3656	7312
43887	3	14629	3658	3658	7316
43959	3	14653	3664	3664	7328
44007	3	14669	3668	3668	7336
44151	3	14717	3680	3680	7360
44223	3	14741	3686	3686	7372
44391	3	14797	3700	3700	7400
44439	3	14813	3704	3704	7408
44463	3	14821	3706	3706	7412
44607	3	14869	3718	3718	7436
44871	3	14957	3740	3740	7480
45039	3	15013	3754	3754	7508
45159	3	15053	3764	3764	7528
45183	3	15061	3766	3766	7532
45231	3	15077	3770	3770	7540
45303	3	15101	3776	3776	7552
45447	3	15149	3788	3788	7576
45519	3	15173	3794	3794	7588
45807	3	15269	3818	3818	7636
45831	3	15277	3820	3820	7640
46047	3	15349	3838	3838	7676
46119	3	15373	3844	3844	7688
46239	3	15413	3854	3854	7708
46383	3	15461	3866	3866	7732
46479	3	15493	3874	3874	7748
46623	3	15541	3886	3886	7772
46743	3	15581	3896	3896	7792
46887	3	15629	3908	3908	7816
46983	3	15661	3916	3916	7832
47199	3	15733	3934	3934	7868
47247	3	15749	3938	3938	7876
47319	3	15773	3944	3944	7888
47391	3	15797	3950	3950	7900
47631	3	15877	3970	3970	7940
47703	3	15901	3976	3976	7952
47919	3	15973	3994	3994	7988
48183	3	16061	4016	4016	8032
48207	3	16069	4018	4018	8036
48423	3	16141	4036	4036	8072
48567	3	16189	4048	4048	8096
48687	3	16229	4058	4058	8116
48759	3	16253	4064	4064	8128
48903	3	16301	4076	4076	8152
48999	3	16333	4084	4084	8168
49047	3	16349	4088	4088	8176
49143	3	16381	4096	4096	8192
49263	3	16421	4106	4106	8212
49359	3	16453	4114	4114	8228
49431	3	16477	4120	4120	8240
49479	3	16493	4124	4124	8248
49719	3	16573	4144	4144	8288
49983	3	16661	4166	4166	8332
50079	3	16693	4174	4174	8348
50223	3	16741	4186	4186	8372
50487	3	16829	4208	4208	8416
50703	3	16901	4226	4226	8452
50943	3	16981	4246	4246	8492
51063	3	17021	4256	4256	8512
51087	3	17029	4258	4258	8516
51159	3	17053	4264	4264	8528
51231	3	17077	4270	4270	8540
51279	3	17093	4274	4274	8548
51351	3	17117	4280	4280	8560
51567	3	17189	4298	4298	8596
51879	3	17293	4324	4324	8648
51951	3	17317	4330	4330	8660
51999	3	17333	4334	4334	8668
52023	3	17341	4336	4336	8672
52167	3	17389	4348	4348	8696
52431	3	17477	4370	4370	8740
52527	3	17509	4378	4378	8756
52719	3	17573	4394	4394	8788
52743	3	17581	4396	4396	8792
52791	3	17597	4400	4400	8800
53007	3	17669	4418	4418	8836
53247	3	17749	4438	4438	8876
53367	3	17789	4448	4448	8896
53511	3	17837	4460	4460	8920
53727	3	17909	4478	4478	8956
53871	3	17957	4490	4490	8980
53943	3	17981	4496	4496	8992
53967	3	17989	4498	4498	8996
54039	3	18013	4504	4504	9008
54183	3	18061	4516	4516	9032
54231	3	18077	4520	4520	9040
54399	3	18133	4534	4534	9068
54447	3	18149	4538	4538	9076
54543	3	18181	4546	4546	9092
54687	3	18229	4558	4558	9116
54759	3	18253	4564	4564	9128
54807	3	18269	4568	4568	9136
54903	3	18301	4576	4576	9152
55023	3	18341	4586	4586	9172
55191	3	18397	4600	4600	9200
55239	3	18413	4604	4604	9208
55383	3	18461	4616	4616	9232
55479	3	18493	4624	4624	9248
55551	3	18517	4630	4630	9260
55623	3	18541	4636	4636	9272
55911	3	18637	4660	4660	9320
55983	3	18661	4666	4666	9332
56103	3	18701	4676	4676	9352
56247	3	18749	4688	4688	9376
56271	3	18757	4690	4690	9380
56319	3	18773	4694	4694	9388
56391	3	18797	4700	4700	9400
56607	3	18869	4718	4718	9436
56751	3	18917	4730	4730	9460
56919	3	18973	4744	4744	9488
57039	3	19013	4754	4754	9508
57111	3	19037	4760	4760	9520
57207	3	19069	4768	4768	9536
57423	3	19141	4786	4786	9572
57471	3	19157	4790	4790	9580
57543	3	19181	4796	4796	9592
57639	3	19213	4804	4804	9608
57711	3	19237	4810	4810	9620
57903	3	19301	4826	4826	9652
57927	3	19309	4828	4828	9656
57999	3	19333	4834	4834	9668
58119	3	19373	4844	4844	9688
58143	3	19381	4846	4846	9692
58263	3	19421	4856	4856	9712
58287	3	19429	4858	4858	9716
58407	3	19469	4868	4868	9736
58431	3	19477	4870	4870	9740
58503	3	19501	4876	4876	9752
58623	3	19541	4886	4886	9772
58791	3	19597	4900	4900	9800
58983	3	19661	4916	4916	9832
59127	3	19709	4928	4928	9856
59151	3	19717	4930	4930	9860
59439	3	19813	4954	4954	9908
59559	3	19853	4964	4964	9928
59583	3	19861	4966	4966	9932
59847	3	19949	4988	4988	9976
59919	3	19973	4994	4994	9988
59991	3	19997	5000	5000	10000
60063	3	20021	5006	5006	10012
60087	3	20029	5008	5008	10016
60303	3	20101	5026	5026	10052
60351	3	20117	5030	5030	10060
60447	3	20149	5038	5038	10076
60519	3	20173	5044	5044	10088
60783	3	20261	5066	5066	10132
60807	3	20269	5068	5068	10136
60999	3	20333	5084	5084	10168
61023	3	20341	5086	5086	10172
61071	3	20357	5090	5090	10180
61167	3	20389	5098	5098	10196
61431	3	20477	5120	5120	10240
61527	3	20509	5128	5128	10256
61599	3	20533	5134	5134	10268
61647	3	20549	5138	5138	10276
62079	3	20693	5174	5174	10348
62151	3	20717	5180	5180	10360
62247	3	20749	5188	5188	10376
62319	3	20773	5194	5194	10388
62367	3	20789	5198	5198	10396
62943	3	20981	5246	5246	10492
63039	3	21013	5254	5254	10508
63183	3	21061	5266	5266	10532
63303	3	21101	5276	5276	10552
63447	3	21149	5288	5288	10576
63471	3	21157	5290	5290	10580
63663	3	21221	5306	5306	10612
63807	3	21269	5318	5318	10636
63831	3	21277	5320	5320	10640
63951	3	21317	5330	5330	10660
64023	3	21341	5336	5336	10672
64191	3	21397	5350	5350	10700
64479	3	21493	5374	5374	10748
64551	3	21517	5380	5380	10760
64671	3	21557	5390	5390	10780
64767	3	21589	5398	5398	10796
64839	3	21613	5404	5404	10808
64983	3	21661	5416	5416	10832
65103	3	21701	5426	5426	10852
65271	3	21757	5440	5440	10880
65319	3	21773	5444	5444	10888
65463	3	21821	5456	5456	10912
65679	3	21893	5474	5474	10948
65991	3	21997	5500	5500	11000
66039	3	22013	5504	5504	11008
66111	3	22037	5510	5510	11020
66279	3	22093	5524	5524	11048
66327	3	22109	5528	5528	11056
66399	3	22133	5534	5534	11068
66471	3	22157	5540	5540	11080
66567	3	22189	5548	5548	11096
66687	3	22229	5558	5558	11116
66831	3	22277	5570	5570	11140
67047	3	22349	5588	5588	11176
67143	3	22381	5596	5596	11192
67191	3	22397	5600	5600	11200
67359	3	22453	5614	5614	11228
67407	3	22469	5618	5618	11236
67503	3	22501	5626	5626	11252
67623	3	22541	5636	5636	11272
67647	3	22549	5638	5638	11276
67719	3	22573	5644	5644	11288
67839	3	22613	5654	5654	11308
67863	3	22621	5656	5656	11312
67911	3	22637	5660	5660	11320
68007	3	22669	5668	5668	11336
68127	3	22709	5678	5678	11356
68151	3	22717	5680	5680	11360
68223	3	22741	5686	5686	11372
68559	3	22853	5714	5714	11428
68583	3	22861	5716	5716	11432
68631	3	22877	5720	5720	11440
68703	3	22901	5726	5726	11452
68919	3	22973	5744	5744	11488
69063	3	23021	5756	5756	11512
69087	3	23029	5758	5758	11516
69159	3	23053	5764	5764	11528
69351	3	23117	5780	5780	11560
69519	3	23173	5794	5794	11588
69567	3	23189	5798	5798	11596
69591	3	23197	5800	5800	11600
69807	3	23269	5818	5818	11636
69879	3	23293	5824	5824	11648
69999	3	23333	5834	5834	11668
70071	3	23357	5840	5840	11680
70527	3	23509	5878	5878	11756
70647	3	23549	5888	5888	11776
70671	3	23557	5890	5890	11780
70743	3	23581	5896	5896	11792
70887	3	23629	5908	5908	11816
71007	3	23669	5918	5918	11836
71031	3	23677	5920	5920	11840
71223	3	23741	5936	5936	11872
71319	3	23773	5944	5944	11888
71367	3	23789	5948	5948	11896
71439	3	23813	5954	5954	11908
71607	3	23869	5968	5968	11936
71679	3	23893	5974	5974	11948
71727	3	23909	5978	5978	11956
71751	3	23917	5980	5980	11960
71871	3	23957	5990	5990	11980
71943	3	23981	5996	5996	11992
72087	3	24029	6008	6008	12016
72183	3	24061	6016	6016	12032
72231	3	24077	6020	6020	12040
72327	3	24109	6028	6028	12056
72399	3	24133	6034	6034	12068
72543	3	24181	6046	6046	12092
72591	3	24197	6050	6050	12100
72687	3	24229	6058	6058	12116
72951	3	24317	6080	6080	12160
73119	3	24373	6094	6094	12188
73239	3	24413	6104	6104	12208
73263	3	24421	6106	6106	12212
73407	3	24469	6118	6118	12236
73527	3	24509	6128	6128	12256
73551	3	24517	6130	6130	12260
73599	3	24533	6134	6134	12268
74031	3	24677	6170	6170	12340
74127	3	24709	6178	6178	12356
74199	3	24733	6184	6184	12368
74247	3	24749	6188	6188	12376
74343	3	24781	6196	6196	12392
74463	3	24821	6206	6206	12412
74631	3	24877	6220	6220	12440
74751	3	24917	6230	6230	12460
74967	3	24989	6248	6248	12496
75039	3	25013	6254	6254	12508
75111	3	25037	6260	6260	12520
75351	3	25117	6280	6280	12560
75567	3	25189	6298	6298	12596
75687	3	25229	6308	6308	12616
75711	3	25237	6310	6310	12620
75759	3	25253	6314	6314	12628
75783	3	25261	6316	6316	12632
75903	3	25301	6326	6326	12652
75927	3	25309	6328	6328	12656
76047	3	25349	6338	6338	12676
76071	3	25357	6340	6340	12680
76119	3	25373	6344	6344	12688
76359	3	25453	6364	6364	12728
76407	3	25469	6368	6368	12736
76623	3	25541	6386	6386	12772
76767	3	25589	6398	6398	12796
76863	3	25621	6406	6406	12812
77079	3	25693	6424	6424	12848
77151	3	25717	6430	6430	12860
77199	3	25733	6434	6434	12868
77223	3	25741	6436	6436	12872
77799	3	25933	6484	6484	12968
77943	3	25981	6496	6496	12992
77991	3	25997	6500	6500	13000
78063	3	26021	6506	6506	13012
78087	3	26029	6508	6508	13016
78159	3	26053	6514	6514	13028
78423	3	26141	6536	6536	13072
78567	3	26189	6548	6548	13096
78711	3	26237	6560	6560	13120
78783	3	26261	6566	6566	13132
78879	3	26293	6574	6574	13148
78927	3	26309	6578	6578	13156
78951	3	26317	6580	6580	13160
79071	3	26357	6590	6590	13180
79311	3	26437	6610	6610	13220
79503	3	26501	6626	6626	13252
79671	3	26557	6640	6640	13280
79719	3	26573	6644	6644	13288
79791	3	26597	6650	6650	13300
80007	3	26669	6668	6668	13336
80079	3	26693	6674	6674	13348
80103	3	26701	6676	6676	13352
80151	3	26717	6680	6680	13360
80439	3	26813	6704	6704	13408
80463	3	26821	6706	6706	13412
80583	3	26861	6716	6716	13432
80679	3	26893	6724	6724	13448
80943	3	26981	6746	6746	13492
81183	3	27061	6766	6766	13532
81231	3	27077	6770	6770	13540
81327	3	27109	6778	6778	13556
81591	3	27197	6800	6800	13600
81759	3	27253	6814	6814	13628
81831	3	27277	6820	6820	13640
82191	3	27397	6850	6850	13700
82311	3	27437	6860	6860	13720
82527	3	27509	6878	6878	13756
82623	3	27541	6886	6886	13772
82743	3	27581	6896	6896	13792
82959	3	27653	6914	6914	13828
83103	3	27701	6926	6926	13852
83199	3	27733	6934	6934	13868
83247	3	27749	6938	6938	13876
83319	3	27773	6944	6944	13888
83679	3	27893	6974	6974	13948
83703	3	27901	6976	6976	13952
83751	3	27917	6980	6980	13960
83823	3	27941	6986	6986	13972
83991	3	27997	7000	7000	14000
84207	3	28069	7018	7018	14036
84327	3	28109	7028	7028	14056
84543	3	28181	7046	7046	14092
84687	3	28229	7058	7058	14116
84831	3	28277	7070	7070	14140
84927	3	28309	7078	7078	14156
85047	3	28349	7088	7088	14176
85287	3	28429	7108	7108	14216
85431	3	28477	7120	7120	14240
85479	3	28493	7124	7124	14248
85551	3	28517	7130	7130	14260
85623	3	28541	7136	7136	14272
85647	3	28549	7138	7138	14276
85719	3	28573	7144	7144	14288
85791	3	28597	7150	7150	14300
85863	3	28621	7156	7156	14312
85983	3	28661	7166	7166	14332
86007	3	28669	7168	7168	14336
86367	3	28789	7198	7198	14396
86439	3	28813	7204	7204	14408
86511	3	28837	7210	7210	14420
86703	3	28901	7226	7226	14452
86727	3	28909	7228	7228	14456
86799	3	28933	7234	7234	14468
86847	3	28949	7238	7238	14476
87063	3	29021	7256	7256	14512
87231	3	29077	7270	7270	14540
87303	3	29101	7276	7276	14552
87519	3	29173	7294	7294	14588
87663	3	29221	7306	7306	14612
87807	3	29269	7318	7318	14636
87999	3	29333	7334	7334	14668
88167	3	29389	7348	7348	14696
88287	3	29429	7358	7358	14716
88311	3	29437	7360	7360	14720
88359	3	29453	7364	7364	14728
88503	3	29501	7376	7376	14752
88719	3	29573	7394	7394	14788
88743	3	29581	7396	7396	14792
88887	3	29629	7408	7408	14816
89007	3	29669	7418	7418	14836
89151	3	29717	7430	7430	14860
89223	3	29741	7436	7436	14872
89367	3	29789	7448	7448	14896
89511	3	29837	7460	7460	14920
89751	3	29917	7480	7480	14960
89967	3	29989	7498	7498	14996
90039	3	30013	7504	7504	15008
90087	3	30029	7508	7508	15016
90327	3	30109	7528	7528	15056
90399	3	30133	7534	7534	15068
90543	3	30181	7546	7546	15092
90591	3	30197	7550	7550	15100
90759	3	30253	7564	7564	15128
90807	3	30269	7568	7568	15136
90879	3	30293	7574	7574	15148
91023	3	30341	7586	7586	15172
91167	3	30389	7598	7598	15196
91407	3	30469	7618	7618	15236
91479	3	30493	7624	7624	15248
91527	3	30509	7628	7628	15256
91551	3	30517	7630	7630	15260
91671	3	30557	7640	7640	15280
91911	3	30637	7660	7660	15320
91983	3	30661	7666	7666	15332
92031	3	30677	7670	7670	15340
92271	3	30757	7690	7690	15380
92319	3	30773	7694	7694	15388
92343	3	30781	7696	7696	15392
92487	3	30829	7708	7708	15416
92559	3	30853	7714	7714	15428
92607	3	30869	7718	7718	15436
92679	3	30893	7724	7724	15448
92823	3	30941	7736	7736	15472
92847	3	30949	7738	7738	15476
93039	3	31013	7754	7754	15508
93207	3	31069	7768	7768	15536
93543	3	31181	7796	7796	15592
93567	3	31189	7798	7798	15596
93711	3	31237	7810	7810	15620
93759	3	31253	7814	7814	15628
93831	3	31277	7820	7820	15640
93999	3	31333	7834	7834	15668
94071	3	31357	7840	7840	15680
94191	3	31397	7850	7850	15700
94407	3	31469	7868	7868	15736
94431	3	31477	7870	7870	15740
94551	3	31517	7880	7880	15760
94623	3	31541	7886	7886	15772
94719	3	31573	7894	7894	15788
95223	3	31741	7936	7936	15872
95871	3	31957	7990	7990	15980
95919	3	31973	7994	7994	15988
95943	3	31981	7996	7996	15992
96087	3	32029	8008	8008	16016
96207	3	32069	8018	8018	16036
96231	3	32077	8020	8020	16040
96351	3	32117	8030	8030	16060
96423	3	32141	8036	8036	16072
96519	3	32173	8044	8044	16088
96567	3	32189	8048	8048	16096
96639	3	32213	8054	8054	16108
96711	3	32237	8060	8060	16120
96783	3	32261	8066	8066	16132
96927	3	32309	8078	8078	16156
97023	3	32341	8086	8086	16172
97143	3	32381	8096	8096	16192
97239	3	32413	8104	8104	16208
97287	3	32429	8108	8108	16216
97599	3	32533	8134	8134	16268
97719	3	32573	8144	8144	16288
97863	3	32621	8156	8156	16312
97959	3	32653	8164	8164	16328
98079	3	32693	8174	8174	16348
98151	3	32717	8180	8180	16360
98247	3	32749	8188	8188	16376
98367	3	32789	8198	8198	16396
98391	3	32797	8200	8200	16400
98607	3	32869	8218	8218	16436
98727	3	32909	8228	8228	16456
98751	3	32917	8230	8230	16460
98799	3	32933	8234	8234	16468
98823	3	32941	8236	8236	16472
98871	3	32957	8240	8240	16480
99039	3	33013	8254	8254	16508
99087	3	33029	8258	8258	16516
99111	3	33037	8260	8260	16520
99159	3	33053	8264	8264	16528
99447	3	33149	8288	8288	16576
99543	3	33181	8296	8296	16592
99903	3	33301	8326	8326	16652
99951	3	33317	8330	8330	16660
100047	3	33349	8338	8338	16676
100239	3	33413	8354	8354	16708
100383	3	33461	8366	8366	16732
100407	3	33469	8368	8368	16736
100479	3	33493	8374	8374	16748
100599	3	33533	8384	8384	16768
100743	3	33581	8396	8396	16792
100767	3	33589	8398	8398	16796
100839	3	33613	8404	8404	16808
100887	3	33629	8408	8408	16816
100911	3	33637	8410	8410	16820
101247	3	33749	8438	8438	16876
101271	3	33757	8440	8440	16880
101319	3	33773	8444	8444	16888
101391	3	33797	8450	8450	16900
101487	3	33829	8458	8458	16916
101679	3	33893	8474	8474	16948
101823	3	33941	8486	8486	16972
101991	3	33997	8500	8500	17000
102183	3	34061	8516	8516	17032
102423	3	34141	8536	8536	17072
102471	3	34157	8540	8540	17080
102639	3	34213	8554	8554	17108
102759	3	34253	8564	8564	17128
102783	3	34261	8566	8566	17132
102903	3	34301	8576	8576	17152
103143	3	34381	8596	8596	17192
103263	3	34421	8606	8606	17212
103287	3	34429	8608	8608	17216
103407	3	34469	8618	8618	17236
103503	3	34501	8626	8626	17252
103647	3	34549	8638	8638	17276
103767	3	34589	8648	8648	17296
103839	3	34613	8654	8654	17308
104079	3	34693	8674	8674	17348
104271	3	34757	8690	8690	17380
104343	3	34781	8696	8696	17392
104631	3	34877	8720	8720	17440
104847	3	34949	8738	8738	17476
104943	3	34981	8746	8746	17492
105159	3	35053	8764	8764	17528
105207	3	35069	8768	8768	17536
105351	3	35117	8780	8780	17560
105423	3	35141	8786	8786	17572
105447	3	35149	8788	8788	17576
105663	3	35221	8806	8806	17612
105951	3	35317	8830	8830	17660
106143	3	35381	8846	8846	17692
106311	3	35437	8860	8860	17720
106383	3	35461	8866	8866	17732
106527	3	35509	8878	8878	17756
106599	3	35533	8884	8884	17768
106719	3	35573	8894	8894	17788
106791	3	35597	8900	8900	17800
107031	3	35677	8920	8920	17840
107391	3	35797	8950	8950	17900
107511	3	35837	8960	8960	17920
107607	3	35869	8968	8968	17936
107799	3	35933	8984	8984	17968
108039	3	36013	9004	9004	18008
108111	3	36037	9010	9010	18020
108183	3	36061	9016	9016	18032
108327	3	36109	9028	9028	18056
108687	3	36229	9058	9058	18116
108807	3	36269	9068	9068	18136
108831	3	36277	9070	9070	18140
108879	3	36293	9074	9074	18148
109023	3	36341	9086	9086	18172
109119	3	36373	9094	9094	18188
109167	3	36389	9098	9098	18196
109407	3	36469	9118	9118	18236
109479	3	36493	9124	9124	18248
109623	3	36541	9136	9136	18272
109887	3	36629	9158	9158	18316
109911	3	36637	9160	9160	18320
109959	3	36653	9164	9164	18328
110031	3	36677	9170	9170	18340
110127	3	36709	9178	9178	18356
110247	3	36749	9188	9188	18376
110343	3	36781	9196	9196	18392
110463	3	36821	9206	9206	18412
110631	3	36877	9220	9220	18440
110703	3	36901	9226	9226	18452
110919	3	36973	9244	9244	18488
110991	3	36997	9250	9250	18500
111039	3	37013	9254	9254	18508
111063	3	37021	9256	9256	18512
111183	3	37061	9266	9266	18532
111351	3	37117	9280	9280	18560
111543	3	37181	9296	9296	18592
111567	3	37189	9298	9298	18596
111759	3	37253	9314	9314	18628
111831	3	37277	9320	9320	18640
111927	3	37309	9328	9328	18656
112071	3	37357	9340	9340	18680
112191	3	37397	9350	9350	18700
112479	3	37493	9374	9374	18748
112503	3	37501	9376	9376	18752
112551	3	37517	9380	9380	18760
112647	3	37549	9388	9388	18776
112719	3	37573	9394	9394	18788
112767	3	37589	9398	9398	18796
113079	3	37693	9424	9424	18848
113151	3	37717	9430	9430	18860
113343	3	37781	9446	9446	18892
113439	3	37813	9454	9454	18908
113559	3	37853	9464	9464	18928
113583	3	37861	9466	9466	18932
113871	3	37957	9490	9490	18980
113991	3	37997	9500	9500	19000
114159	3	38053	9514	9514	19028
114207	3	38069	9518	9518	19036
114447	3	38149	9538	9538	19076
114567	3	38189	9548	9548	19096
114591	3	38197	9550	9550	19100
114711	3	38237	9560	9560	19120
114783	3	38261	9566	9566	19132
114951	3	38317	9580	9580	19160
114999	3	38333	9584	9584	19168
115359	3	38453	9614	9614	19228
115383	3	38461	9616	9616	19232
115503	3	38501	9626	9626	19252
115671	3	38557	9640	9640	19280
115887	3	38629	9658	9658	19316
115959	3	38653	9664	9664	19328
116007	3	38669	9668	9668	19336
116031	3	38677	9670	9670	19340
116079	3	38693	9674	9674	19348
116247	3	38749	9688	9688	19376
116463	3	38821	9706	9706	19412
116583	3	38861	9716	9716	19432
116751	3	38917	9730	9730	19460
116799	3	38933	9734	9734	19468
117399	3	39133	9784	9784	19568
117471	3	39157	9790	9790	19580
117543	3	39181	9796	9796	19592
117687	3	39229	9808	9808	19616
117879	3	39293	9824	9824	19648
117903	3	39301	9826	9826	19652
117951	3	39317	9830	9830	19660
118023	3	39341	9836	9836	19672
118119	3	39373	9844	9844	19688
118191	3	39397	9850	9850	19700
118383	3	39461	9866	9866	19732
118527	3	39509	9878	9878	19756
118623	3	39541	9886	9886	19772
118743	3	39581	9896	9896	19792
119127	3	39709	9928	9928	19856
119199	3	39733	9934	9934	19868
119247	3	39749	9938	9938	19876
119463	3	39821	9956	9956	19912
119487	3	39829	9958	9958	19916
119607	3	39869	9968	9968	19936
119631	3	39877	9970	9970	19940
119703	3	39901	9976	9976	19952
119967	3	39989	9998	9998	19996
120039	3	40013	10004	10004	20008
120111	3	40037	10010	10010	20020
120279	3	40093	10024	10024	20048
120567	3	40189	10048	10048	20096
120639	3	40213	10054	10054	20108
120711	3	40237	10060	10060	20120
120759	3	40253	10064	10064	20128
120831	3	40277	10070	10070	20140
121071	3	40357	10090	10090	20180
121287	3	40429	10108	10108	20216
121479	3	40493	10124	10124	20248
121791	3	40597	10150	10150	20300
121911	3	40637	10160	10160	20320
122079	3	40693	10174	10174	20348
122127	3	40709	10178	10178	20356
122439	3	40813	10204	10204	20408
122487	3	40829	10208	10208	20416
122559	3	40853	10214	10214	20428
122799	3	40933	10234	10234	20468
122847	3	40949	10238	10238	20476
122919	3	40973	10244	10244	20488
123231	3	41077	10270	10270	20540
123351	3	41117	10280	10280	20560
123423	3	41141	10286	10286	20572
123447	3	41149	10288	10288	20576
123567	3	41189	10298	10298	20596
123639	3	41213	10304	10304	20608
123663	3	41221	10306	10306	20612
123807	3	41269	10318	10318	20636
123999	3	41333	10334	10334	20668
124023	3	41341	10336	10336	20672
124071	3	41357	10340	10340	20680
124143	3	41381	10346	10346	20692
124167	3	41389	10348	10348	20696
124239	3	41413	10354	10354	20708
124359	3	41453	10364	10364	20728
124647	3	41549	10388	10388	20776
124791	3	41597	10400	10400	20800
124863	3	41621	10406	10406	20812
125007	3	41669	10418	10418	20836
125439	3	41813	10454	10454	20908
125679	3	41893	10474	10474	20948
125823	3	41941	10486	10486	20972
125871	3	41957	10490	10490	20980
125943	3	41981	10496	10496	20992
126039	3	42013	10504	10504	21008
126183	3	42061	10516	10516	21032
126303	3	42101	10526	10526	21052
126471	3	42157	10540	10540	21080
126543	3	42181	10546	10546	21092
126591	3	42197	10550	10550	21100
126663	3	42221	10556	10556	21112
126879	3	42293	10574	10574	21148
127047	3	42349	10588	10588	21176
127119	3	42373	10594	10594	21188
127191	3	42397	10600	10600	21200
127311	3	42437	10610	10610	21220
127383	3	42461	10616	10616	21232
127527	3	42509	10628	10628	21256
127599	3	42533	10634	10634	21268
127671	3	42557	10640	10640	21280
127767	3	42589	10648	10648	21296
128031	3	42677	10670	10670	21340
128103	3	42701	10676	10676	21352
128127	3	42709	10678	10678	21356
128319	3	42773	10694	10694	21388
128391	3	42797	10700	10700	21400
128463	3	42821	10706	10706	21412
128487	3	42829	10708	10708	21416
128559	3	42853	10714	10714	21428
128703	3	42901	10726	10726	21452
128967	3	42989	10748	10748	21496
129039	3	43013	10754	10754	21508
129111	3	43037	10760	10760	21520
129279	3	43093	10774	10774	21548
129351	3	43117	10780	10780	21560
129399	3	43133	10784	10784	21568
129567	3	43189	10798	10798	21596
129711	3	43237	10810	10810	21620
129783	3	43261	10816	10816	21632
130191	3	43397	10850	10850	21700
130551	3	43517	10880	10880	21760
130623	3	43541	10886	10886	21772
130719	3	43573	10894	10894	21788
130791	3	43597	10900	10900	21800
130839	3	43613	10904	10904	21808
130983	3	43661	10916	10916	21832
131007	3	43669	10918	10918	21836
131151	3	43717	10930	10930	21860
131343	3	43781	10946	10946	21892
131367	3	43789	10948	10948	21896
131559	3	43853	10964	10964	21928
131799	3	43933	10984	10984	21968
131919	3	43973	10994	10994	21988
131991	3	43997	11000	11000	22000
132063	3	44021	11006	11006	22012
132087	3	44029	11008	11008	22016
132159	3	44053	11014	11014	22028
132303	3	44101	11026	11026	22052
132567	3	44189	11048	11048	22096
132663	3	44221	11056	11056	22112
132807	3	44269	11068	11068	22136
132879	3	44293	11074	11074	22148
133071	3	44357	11090	11090	22180
133143	3	44381	11096	11096	22192
133167	3	44389	11098	11098	22196
133359	3	44453	11114	11114	22228
133503	3	44501	11126	11126	22252
133599	3	44533	11134	11134	22268
133647	3	44549	11138	11138	22276
133863	3	44621	11156	11156	22312
134103	3	44701	11176	11176	22352
134223	3	44741	11186	11186	22372
134319	3	44773	11194	11194	22388
134367	3	44789	11198	11198	22396
134391	3	44797	11200	11200	22400
134679	3	44893	11224	11224	22448
134727	3	44909	11228	11228	22456
134751	3	44917	11230	11230	22460
135039	3	45013	11254	11254	22508
135159	3	45053	11264	11264	22528
135183	3	45061	11266	11266	22532
135231	3	45077	11270	11270	22540
135543	3	45181	11296	11296	22592
135591	3	45197	11300	11300	22600
135879	3	45293	11324	11324	22648
135951	3	45317	11330	11330	22660
136023	3	45341	11336	11336	22672
136167	3	45389	11348	11348	22696
136239	3	45413	11354	11354	22708
136599	3	45533	11384	11384	22768
136623	3	45541	11386	11386	22772
136671	3	45557	11390	11390	22780
136767	3	45589	11398	11398	22796
136839	3	45613	11404	11404	22808
137031	3	45677	11420	11420	22840
137271	3	45757	11440	11440	22880
137463	3	45821	11456	11456	22912
137559	3	45853	11464	11464	22928
137607	3	45869	11468	11468	22936
137679	3	45893	11474	11474	22948
137847	3	45949	11488	11488	22976
137967	3	45989	11498	11498	22996
138063	3	46021	11506	11506	23012
138183	3	46061	11516	11516	23032
138279	3	46093	11524	11524	23048
138399	3	46133	11534	11534	23068
138423	3	46141	11536	11536	23072
138543	3	46181	11546	11546	23092
138687	3	46229	11558	11558	23116
138711	3	46237	11560	11560	23120
138783	3	46261	11566	11566	23132
138903	3	46301	11576	11576	23152
138927	3	46309	11578	11578	23156
139047	3	46349	11588	11588	23176
139143	3	46381	11596	11596	23192
139431	3	46477	11620	11620	23240
139647	3	46549	11638	11638	23276
139719	3	46573	11644	11644	23288
139767	3	46589	11648	11648	23296
140271	3	46757	11690	11690	23380
140487	3	46829	11708	11708	23416
140559	3	46853	11714	11714	23428
140583	3	46861	11716	11716	23432
140631	3	46877	11720	11720	23440
140703	3	46901	11726	11726	23452
140799	3	46933	11734	11734	23468
140871	3	46957	11740	11740	23480
140991	3	46997	11750	11750	23500
141279	3	47093	11774	11774	23548
141447	3	47149	11788	11788	23576
141567	3	47189	11798	11798	23596
141663	3	47221	11806	11806	23612
141711	3	47237	11810	11810	23620
141807	3	47269	11818	11818	23636
141879	3	47293	11824	11824	23648
141927	3	47309	11828	11828	23656
141951	3	47317	11830	11830	23660
142143	3	47381	11846	11846	23692
142167	3	47389	11848	11848	23696
142503	3	47501	11876	11876	23752
142599	3	47533	11884	11884	23768
142743	3	47581	11896	11896	23792
142887	3	47629	11908	11908	23816
142959	3	47653	11914	11914	23828
143103	3	47701	11926	11926	23852
143151	3	47717	11930	11930	23860
143223	3	47741	11936	11936	23872
143391	3	47797	11950	11950	23900
143511	3	47837	11960	11960	23920
143607	3	47869	11968	11968	23936
143751	3	47917	11980	11980	23960
143799	3	47933	11984	11984	23968
143943	3	47981	11996	11996	23992
144087	3	48029	12008	12008	24016
144327	3	48109	12028	12028	24056
144471	3	48157	12040	12040	24080
144591	3	48197	12050	12050	24100
144663	3	48221	12056	12056	24112
145023	3	48341	12086	12086	24172
145191	3	48397	12100	12100	24200
145239	3	48413	12104	12104	24208
145311	3	48437	12110	12110	24220
145599	3	48533	12134	12134	24268
145623	3	48541	12136	12136	24272
145767	3	48589	12148	12148	24296
145983	3	48661	12166	12166	24332
146031	3	48677	12170	12170	24340
146199	3	48733	12184	12184	24368
146271	3	48757	12190	12190	24380
146343	3	48781	12196	12196	24392
146463	3	48821	12206	12206	24412
146607	3	48869	12218	12218	24436
146919	3	48973	12244	12244	24488
146967	3	48989	12248	12248	24496
147111	3	49037	12260	12260	24520
147207	3	49069	12268	12268	24536
147327	3	49109	12278	12278	24556
147351	3	49117	12280	12280	24560
147471	3	49157	12290	12290	24580
147759	3	49253	12314	12314	24628
147783	3	49261	12316	12316	24632
147831	3	49277	12320	12320	24640
147999	3	49333	12334	12334	24668
148287	3	49429	12358	12358	24716
148431	3	49477	12370	12370	24740
148647	3	49549	12388	12388	24776
148791	3	49597	12400	12400	24800
148839	3	49613	12404	12404	24808
149007	3	49669	12418	12418	24836
149223	3	49741	12436	12436	24872
149271	3	49757	12440	12440	24880
149367	3	49789	12448	12448	24896
149559	3	49853	12464	12464	24928
149631	3	49877	12470	12470	24940
149871	3	49957	12490	12490	24980
150063	3	50021	12506	12506	25012
150159	3	50053	12514	12514	25028
150207	3	50069	12518	12518	25036
150231	3	50077	12520	12520	25040
150279	3	50093	12524	12524	25048
150303	3	50101	12526	12526	25052
150663	3	50221	12556	12556	25112
150783	3	50261	12566	12566	25132
150999	3	50333	12584	12584	25168
151023	3	50341	12586	12586	25172
151383	3	50461	12616	12616	25232
151647	3	50549	12638	12638	25276
151743	3	50581	12646	12646	25292
152223	3	50741	12686	12686	25372
152319	3	50773	12694	12694	25388
152367	3	50789	12698	12698	25396
152463	3	50821	12706	12706	25412
152679	3	50893	12724	12724	25448
152727	3	50909	12728	12728	25456
152871	3	50957	12740	12740	25480
152967	3	50989	12748	12748	25496
153183	3	51061	12766	12766	25532
153327	3	51109	12778	12778	25556
153399	3	51133	12784	12784	25568
153471	3	51157	12790	12790	25580
153591	3	51197	12800	12800	25600
153687	3	51229	12808	12808	25616
154023	3	51341	12836	12836	25672
154047	3	51349	12838	12838	25676
154239	3	51413	12854	12854	25708
154263	3	51421	12856	12856	25712
154311	3	51437	12860	12860	25720
154383	3	51461	12866	12866	25732
154551	3	51517	12880	12880	25760
154743	3	51581	12896	12896	25792
154839	3	51613	12904	12904	25808
154911	3	51637	12910	12910	25820
155247	3	51749	12938	12938	25876
155391	3	51797	12950	12950	25900
155487	3	51829	12958	12958	25916
155559	3	51853	12964	12964	25928
155607	3	51869	12968	12968	25936
155679	3	51893	12974	12974	25948
155823	3	51941	12986	12986	25972
155847	3	51949	12988	12988	25976
155919	3	51973	12994	12994	25988
156063	3	52021	13006	13006	26012
156207	3	52069	13018	13018	26036
156543	3	52181	13046	13046	26092
156567	3	52189	13048	13048	26096
156711	3	52237	13060	13060	26120
156759	3	52253	13064	13064	26128
156903	3	52301	13076	13076	26152
157359	3	52453	13114	13114	26228
157503	3	52501	13126	13126	26252
157551	3	52517	13130	13130	26260
157623	3	52541	13136	13136	26272
158127	3	52709	13178	13178	26356
158199	3	52733	13184	13184	26368
158271	3	52757	13190	13190	26380
158439	3	52813	13204	13204	26408
158511	3	52837	13210	13210	26420
158583	3	52861	13216	13216	26432
158703	3	52901	13226	13226	26452
158871	3	52957	13240	13240	26480
158919	3	52973	13244	13244	26488
158943	3	52981	13246	13246	26492
159207	3	53069	13268	13268	26536
159231	3	53077	13270	13270	26540
159279	3	53093	13274	13274	26548
159303	3	53101	13276	13276	26552
159351	3	53117	13280	13280	26560
159447	3	53149	13288	13288	26576
159519	3	53173	13294	13294	26588
159567	3	53189	13298	13298	26596
159591	3	53197	13300	13300	26600
159807	3	53269	13318	13318	26636
159927	3	53309	13328	13328	26656
160143	3	53381	13346	13346	26692
160311	3	53437	13360	13360	26720
160359	3	53453	13364	13364	26728
160647	3	53549	13388	13388	26776
160791	3	53597	13400	13400	26800
160887	3	53629	13408	13408	26816
160959	3	53653	13414	13414	26828
161079	3	53693	13424	13424	26848
161151	3	53717	13430	13430	26860
161319	3	53773	13444	13444	26888
161439	3	53813	13454	13454	26908
161583	3	53861	13466	13466	26932
161751	3	53917	13480	13480	26960
162039	3	54013	13504	13504	27008
162111	3	54037	13510	13510	27020
162303	3	54101	13526	13526	27052
162399	3	54133	13534	13534	27068
162543	3	54181	13546	13546	27092
162807	3	54269	13568	13568	27136
162831	3	54277	13570	13570	27140
162879	3	54293	13574	13574	27148
163239	3	54413	13604	13604	27208
163263	3	54421	13606	13606	27212
163311	3	54437	13610	13610	27220
163407	3	54469	13618	13618	27236
163479	3	54493	13624	13624	27248
163551	3	54517	13630	13630	27260
163623	3	54541	13636	13636	27272
163743	3	54581	13646	13646	27292
163887	3	54629	13658	13658	27316
164127	3	54709	13678	13678	27356
164319	3	54773	13694	13694	27388
164487	3	54829	13708	13708	27416
164607	3	54869	13718	13718	27436
164631	3	54877	13720	13720	27440
164751	3	54917	13730	13730	27460
164823	3	54941	13736	13736	27472
164847	3	54949	13738	13738	27476
164919	3	54973	13744	13744	27488
165063	3	55021	13756	13756	27512
165183	3	55061	13766	13766	27532
165327	3	55109	13778	13778	27556
165351	3	55117	13780	13780	27560
165639	3	55213	13804	13804	27608
165687	3	55229	13808	13808	27616
165999	3	55333	13834	13834	27668
166119	3	55373	13844	13844	27688
166143	3	55381	13846	13846	27692
166407	3	55469	13868	13868	27736
166503	3	55501	13876	13876	27752
166623	3	55541	13886	13886	27772
166767	3	55589	13898	13898	27796
166863	3	55621	13906	13906	27812
166983	3	55661	13916	13916	27832
167151	3	55717	13930	13930	27860
167199	3	55733	13934	13934	27868
167439	3	55813	13954	13954	27908
167487	3	55829	13958	13958	27916
167511	3	55837	13960	13960	27920
167703	3	55901	13976	13976	27952
167799	3	55933	13984	13984	27968
167847	3	55949	13988	13988	27976
167991	3	55997	14000	14000	28000
168159	3	56053	14014	14014	28028
168279	3	56093	14024	14024	28048
168303	3	56101	14026	14026	28052
168447	3	56149	14038	14038	28076
168591	3	56197	14050	14050	28100
168711	3	56237	14060	14060	28120
168807	3	56269	14068	14068	28136
168999	3	56333	14084	14084	28168
169311	3	56437	14110	14110	28220
169359	3	56453	14114	14114	28228
169431	3	56477	14120	14120	28240
169503	3	56501	14126	14126	28252
169527	3	56509	14128	14128	28256
169599	3	56533	14134	14134	28268
169791	3	56597	14150	14150	28300
169887	3	56629	14158	14158	28316
170103	3	56701	14176	14176	28352
170319	3	56773	14194	14194	28388
170439	3	56813	14204	14204	28408
170463	3	56821	14206	14206	28412
170679	3	56893	14224	14224	28448
170727	3	56909	14228	14228	28456
170823	3	56941	14236	14236	28472
170871	3	56957	14240	14240	28480
170967	3	56989	14248	14248	28496
171111	3	57037	14260	14260	28520
171231	3	57077	14270	14270	28540
171447	3	57149	14288	14288	28576
171519	3	57173	14294	14294	28588
171663	3	57221	14306	14306	28612
171807	3	57269	14318	14318	28636
171903	3	57301	14326	14326	28652
172047	3	57349	14338	14338	28676
172119	3	57373	14344	14344	28688
172167	3	57389	14348	14348	28696
172191	3	57397	14350	14350	28700
172239	3	57413	14354	14354	28708
172479	3	57493	14374	14374	28748
172671	3	57557	14390	14390	28780
172911	3	57637	14410	14410	28820
172959	3	57653	14414	14414	28828
173127	3	57709	14428	14428	28856
173319	3	57773	14444	14444	28888
173343	3	57781	14446	14446	28892
173487	3	57829	14458	14458	28916
173559	3	57853	14464	14464	28928
173703	3	57901	14476	14476	28952
173751	3	57917	14480	14480	28960
173919	3	57973	14494	14494	28988
174039	3	58013	14504	14504	29008
174183	3	58061	14516	14516	29032
174327	3	58109	14528	14528	29056
174567	3	58189	14548	14548	29096
174687	3	58229	14558	14558	29116
174711	3	58237	14560	14560	29120
174927	3	58309	14578	14578	29156
175359	3	58453	14614	14614	29228
175431	3	58477	14620	14620	29240
175647	3	58549	14638	14638	29276
175719	3	58573	14644	14644	29288
175839	3	58613	14654	14654	29308
175983	3	58661	14666	14666	29332
176079	3	58693	14674	14674	29348
176199	3	58733	14684	14684	29368
176223	3	58741	14686	14686	29372
176271	3	58757	14690	14690	29380
176367	3	58789	14698	14698	29396
176703	3	58901	14726	14726	29452
176727	3	58909	14728	14728	29456
176991	3	58997	14750	14750	29500
177063	3	59021	14756	14756	29512
177087	3	59029	14758	14758	29516
177159	3	59053	14764	14764	29528
177207	3	59069	14768	14768	29536
177231	3	59077	14770	14770	29540
177279	3	59093	14774	14774	29548
177423	3	59141	14786	14786	29572
177447	3	59149	14788	14788	29576
177591	3	59197	14800	14800	29600
177663	3	59221	14806	14806	29612
177999	3	59333	14834	14834	29668
178023	3	59341	14836	14836	29672
178071	3	59357	14840	14840	29680
178359	3	59453	14864	14864	29728
178527	3	59509	14878	14878	29756
178671	3	59557	14890	14890	29780
178743	3	59581	14896	14896	29792
178863	3	59621	14906	14906	29812
178887	3	59629	14908	14908	29816
179007	3	59669	14918	14918	29836
179079	3	59693	14924	14924	29848
179391	3	59797	14950	14950	29900
179871	3	59957	14990	14990	29980
179943	3	59981	14996	14996	29992
180039	3	60013	15004	15004	30008
180087	3	60029	15008	15008	30016
180111	3	60037	15010	15010	30020
180231	3	60077	15020	15020	30040
180303	3	60101	15026	15026	30052
180399	3	60133	15034	15034	30068
180447	3	60149	15038	15038	30076
180879	3	60293	15074	15074	30148
180951	3	60317	15080	15080	30160
181119	3	60373	15094	15094	30188
181191	3	60397	15100	15100	30200
181239	3	60413	15104	15104	30208
181479	3	60493	15124	15124	30248
181527	3	60509	15128	15128	30256
181767	3	60589	15148	15148	30296
181911	3	60637	15160	15160	30320
181983	3	60661	15166	15166	30332
182199	3	60733	15184	15184	30368
182271	3	60757	15190	15190	30380
182319	3	60773	15194	15194	30388
182463	3	60821	15206	15206	30412
182607	3	60869	15218	15218	30436
182703	3	60901	15226	15226	30452
182751	3	60917	15230	15230	30460
183423	3	61141	15286	15286	30572
183759	3	61253	15314	15314	30628
183783	3	61261	15316	15316	30632
183999	3	61333	15334	15334	30668
184071	3	61357	15340	15340	30680
184143	3	61381	15346	15346	30692
184407	3	61469	15368	15368	30736
184479	3	61493	15374	15374	30748
184839	3	61613	15404	15404	30808
184911	3	61637	15410	15410	30820
185151	3	61717	15430	15430	30860
185271	3	61757	15440	15440	30880
185343	3	61781	15446	15446	30892
185439	3	61813	15454	15454	30908
185511	3	61837	15460	15460	30920
185583	3	61861	15466	15466	30932
185727	3	61909	15478	15478	30956
185799	3	61933	15484	15484	30968
185847	3	61949	15488	15488	30976
185943	3	61981	15496	15496	30992
186159	3	62053	15514	15514	31028
186423	3	62141	15536	15536	31072
186567	3	62189	15548	15548	31096
186639	3	62213	15554	15554	31108
187431	3	62477	15620	15620	31240
187503	3	62501	15626	15626	31252
187599	3	62533	15634	15634	31268
187647	3	62549	15638	15638	31276
187743	3	62581	15646	15646	31292
187791	3	62597	15650	15650	31300
187959	3	62653	15664	15664	31328
188103	3	62701	15676	15676	31352
188319	3	62773	15694	15694	31388
188583	3	62861	15716	15716	31432
188607	3	62869	15718	15718	31436
188943	3	62981	15746	15746	31492
188967	3	62989	15748	15748	31496
189087	3	63029	15758	15758	31516
189447	3	63149	15788	15788	31576
189591	3	63197	15800	15800	31600
189831	3	63277	15820	15820	31640
189951	3	63317	15830	15830	31660
190167	3	63389	15848	15848	31696
190191	3	63397	15850	15850	31700
190263	3	63421	15856	15856	31712
190479	3	63493	15874	15874	31748
190599	3	63533	15884	15884	31768
190623	3	63541	15886	15886	31772
190767	3	63589	15898	15898	31796
190887	3	63629	15908	15908	31816
191127	3	63709	15928	15928	31856
191319	3	63773	15944	15944	31888
191343	3	63781	15946	15946	31892
191559	3	63853	15964	15964	31928
191703	3	63901	15976	15976	31952
191847	3	63949	15988	15988	31976
191991	3	63997	16000	16000	32000
192039	3	64013	16004	16004	32008
192111	3	64037	16010	16010	32020
192327	3	64109	16028	16028	32056
192471	3	64157	16040	16040	32080
192567	3	64189	16048	16048	32096
192711	3	64237	16060	16060	32120
192903	3	64301	16076	16076	32152
192999	3	64333	16084	16084	32168
193119	3	64373	16094	16094	32188
193143	3	64381	16096	16096	32192
193359	3	64453	16114	16114	32228
193839	3	64613	16154	16154	32308
193863	3	64621	16156	16156	32312
193983	3	64661	16166	16166	32332
194079	3	64693	16174	16174	32348
194127	3	64709	16178	16178	32356
194151	3	64717	16180	16180	32360
194343	3	64781	16196	16196	32392
194559	3	64853	16214	16214	32428
194631	3	64877	16220	16220	32440
194703	3	64901	16226	16226	32452
194991	3	64997	16250	16250	32500
195087	3	65029	16258	16258	32516
195159	3	65053	16264	16264	32528
195303	3	65101	16276	16276	32552
195423	3	65141	16286	16286	32572
195519	3	65173	16294	16294	32588
195639	3	65213	16304	16304	32608
195807	3	65269	16318	16318	32636
195879	3	65293	16324	16324	32648
195927	3	65309	16328	16328	32656
196071	3	65357	16340	16340	32680
196143	3	65381	16346	16346	32692
196239	3	65413	16354	16354	32708
196311	3	65437	16360	16360	32720
196671	3	65557	16390	16390	32780
196743	3	65581	16396	16396	32792
196887	3	65629	16408	16408	32816
197031	3	65677	16420	16420	32840
197103	3	65701	16426	16426	32852
197151	3	65717	16430	16430	32860
197367	3	65789	16448	16448	32896
197511	3	65837	16460	16460	32920
197871	3	65957	16490	16490	32980
197943	3	65981	16496	16496	32992
198087	3	66029	16508	16508	33016
198111	3	66037	16510	16510	33020
198327	3	66109	16528	16528	33056
198519	3	66173	16544	16544	33088
198663	3	66221	16556	16556	33112
198879	3	66293	16574	16574	33148
198903	3	66301	16576	16576	33152
199119	3	66373	16594	16594	33188
199239	3	66413	16604	16604	33208
199527	3	66509	16628	16628	33256
199599	3	66533	16634	16634	33268
199623	3	66541	16636	16636	33272
199887	3	66629	16658	16658	33316
199959	3	66653	16664	16664	33328
200103	3	66701	16676	16676	33352
200199	3	66733	16684	16684	33368
200247	3	66749	16688	16688	33376
200391	3	66797	16700	16700	33400
200463	3	66821	16706	16706	33412
200559	3	66853	16714	16714	33428
200631	3	66877	16720	16720	33440
200847	3	66949	16738	16738	33476
200919	3	66973	16744	16744	33488
201063	3	67021	16756	16756	33512
201183	3	67061	16766	16766	33532
201423	3	67141	16786	16786	33572
201471	3	67157	16790	16790	33580
201543	3	67181	16796	16796	33592
201567	3	67189	16798	16798	33596
201639	3	67213	16804	16804	33608
201783	3	67261	16816	16816	33632
202047	3	67349	16838	16838	33676
202263	3	67421	16856	16856	33712
202287	3	67429	16858	16858	33716
202359	3	67453	16864	16864	33728
202431	3	67477	16870	16870	33740
202479	3	67493	16874	16874	33748
202767	3	67589	16898	16898	33796
203127	3	67709	16928	16928	33856
203199	3	67733	16934	16934	33868
203223	3	67741	16936	16936	33872
203271	3	67757	16940	16940	33880
203367	3	67789	16948	16948	33896
203487	3	67829	16958	16958	33916
203559	3	67853	16964	16964	33928
203703	3	67901	16976	16976	33952
203799	3	67933	16984	16984	33968
203871	3	67957	16990	16990	33980
204159	3	68053	17014	17014	34028
204423	3	68141	17036	17036	34072
204639	3	68213	17054	17054	34108
204783	3	68261	17066	17066	34132
205167	3	68389	17098	17098	34196
205311	3	68437	17110	17110	34220
205431	3	68477	17120	17120	34240
205503	3	68501	17126	17126	34252
205743	3	68581	17146	17146	34292
205791	3	68597	17150	17150	34300
206007	3	68669	17168	17168	34336
206247	3	68749	17188	17188	34376
206439	3	68813	17204	17204	34408
206463	3	68821	17206	17206	34412
206727	3	68909	17228	17228	34456
206751	3	68917	17230	17230	34460
207087	3	69029	17258	17258	34516
207183	3	69061	17266	17266	34532
207327	3	69109	17278	17278	34556
207447	3	69149	17288	17288	34576
207591	3	69197	17300	17300	34600
207663	3	69221	17306	17306	34612
207951	3	69317	17330	17330	34660
208023	3	69341	17336	17336	34672
208167	3	69389	17348	17348	34696
208479	3	69493	17374	17374	34748
208671	3	69557	17390	17390	34780
208959	3	69653	17414	17414	34828
208983	3	69661	17416	17416	34832
209031	3	69677	17420	17420	34840
209127	3	69709	17428	17428	34856
209463	3	69821	17456	17456	34912
209487	3	69829	17458	17458	34916
209631	3	69877	17470	17470	34940
209823	3	69941	17486	17486	34972
209991	3	69997	17500	17500	35000
210183	3	70061	17516	17516	35032
210351	3	70117	17530	17530	35060
210423	3	70141	17536	17536	35072
210471	3	70157	17540	17540	35080
210543	3	70181	17546	17546	35092
210687	3	70229	17558	17558	35116
210711	3	70237	17560	17560	35120
210927	3	70309	17578	17578	35156
211119	3	70373	17594	17594	35188
211143	3	70381	17596	17596	35192
211287	3	70429	17608	17608	35216
211503	3	70501	17626	17626	35252
211647	3	70549	17638	17638	35276
211719	3	70573	17644	17644	35288
211767	3	70589	17648	17648	35296
211863	3	70621	17656	17656	35312
212127	3	70709	17678	17678	35356
212151	3	70717	17680	17680	35360
212559	3	70853	17714	17714	35428
212631	3	70877	17720	17720	35440
212703	3	70901	17726	17726	35452
212847	3	70949	17738	17738	35476
212871	3	70957	17740	17740	35480
212943	3	70981	17746	17746	35492
212991	3	70997	17750	17750	35500
213207	3	71069	17768	17768	35536
213711	3	71237	17810	17810	35620
213783	3	71261	17816	17816	35632
213879	3	71293	17824	17824	35648
213951	3	71317	17830	17830	35660
213999	3	71333	17834	17834	35668
214023	3	71341	17836	17836	35672
214167	3	71389	17848	17848	35696
214239	3	71413	17854	17854	35708
214287	3	71429	17858	17858	35716
214311	3	71437	17860	17860	35720
214359	3	71453	17864	17864	35728
214647	3	71549	17888	17888	35776
214791	3	71597	17900	17900	35800
215079	3	71693	17924	17924	35848
215223	3	71741	17936	17936	35872
215367	3	71789	17948	17948	35896
215463	3	71821	17956	17956	35912
215511	3	71837	17960	17960	35920
215583	3	71861	17966	17966	35932
215727	3	71909	17978	17978	35956
215751	3	71917	17980	17980	35960
215799	3	71933	17984	17984	35968
215823	3	71941	17986	17986	35972
216159	3	72053	18014	18014	36028
216231	3	72077	18020	18020	36040
216303	3	72101	18026	18026	36052
216327	3	72109	18028	18028	36056
216519	3	72173	18044	18044	36088
216663	3	72221	18056	18056	36112
216687	3	72229	18058	18058	36116
216759	3	72253	18064	18064	36128
216807	3	72269	18068	18068	36136
216831	3	72277	18070	18070	36140
217023	3	72341	18086	18086	36172
217263	3	72421	18106	18106	36212
217383	3	72461	18116	18116	36232
217407	3	72469	18118	18118	36236
217479	3	72493	18124	18124	36248
217599	3	72533	18134	18134	36268
217839	3	72613	18154	18154	36308
217983	3	72661	18166	18166	36332
218103	3	72701	18176	18176	36352
218199	3	72733	18184	18184	36368
218391	3	72797	18200	18200	36400
218607	3	72869	18218	18218	36436
218679	3	72893	18224	18224	36448
218703	3	72901	18226	18226	36452
218847	3	72949	18238	18238	36476
218919	3	72973	18244	18244	36488
218991	3	72997	18250	18250	36500
219039	3	73013	18254	18254	36508
219111	3	73037	18260	18260	36520
219183	3	73061	18266	18266	36532
219399	3	73133	18284	18284	36568
219423	3	73141	18286	18286	36572
219543	3	73181	18296	18296	36592
219567	3	73189	18298	18298	36596
219711	3	73237	18310	18310	36620
219831	3	73277	18320	18320	36640
219927	3	73309	18328	18328	36656
220263	3	73421	18356	18356	36712
220359	3	73453	18364	18364	36728
220431	3	73477	18370	18370	36740
220551	3	73517	18380	18380	36760
220767	3	73589	18398	18398	36796
220791	3	73597	18400	18400	36800
220839	3	73613	18404	18404	36808
220911	3	73637	18410	18410	36820
221079	3	73693	18424	18424	36848
221127	3	73709	18428	18428	36856
221271	3	73757	18440	18440	36880
221631	3	73877	18470	18470	36940
221919	3	73973	18494	18494	36988
222063	3	74021	18506	18506	37012
222231	3	74077	18520	18520	37040
222279	3	74093	18524	18524	37048
222303	3	74101	18526	18526	37052
222447	3	74149	18538	18538	37076
222567	3	74189	18548	18548	37096
222591	3	74197	18550	18550	37100
222879	3	74293	18574	18574	37148
222951	3	74317	18580	18580	37160
223071	3	74357	18590	18590	37180
223143	3	74381	18596	18596	37192
223239	3	74413	18604	18604	37208
223359	3	74453	18614	18614	37228
223527	3	74509	18628	18628	37256
223719	3	74573	18644	18644	37288
223791	3	74597	18650	18650	37300
223959	3	74653	18664	18664	37328
224151	3	74717	18680	18680	37360
224391	3	74797	18700	18700	37400
224463	3	74821	18706	18706	37412
224583	3	74861	18716	18716	37432
224607	3	74869	18718	18718	37436
224799	3	74933	18734	18734	37468
224823	3	74941	18736	18736	37472
225039	3	75013	18754	18754	37508
225087	3	75029	18758	18758	37516
225111	3	75037	18760	18760	37520
225327	3	75109	18778	18778	37556
225399	3	75133	18784	18784	37568
225447	3	75149	18788	18788	37576
225543	3	75181	18796	18796	37592
225759	3	75253	18814	18814	37628
225807	3	75269	18818	18818	37636
225831	3	75277	18820	18820	37640
226167	3	75389	18848	18848	37696
226311	3	75437	18860	18860	37720
226599	3	75533	18884	18884	37768
226623	3	75541	18886	18886	37772
226671	3	75557	18890	18890	37780
226887	3	75629	18908	18908	37816
226959	3	75653	18914	18914	37828
227127	3	75709	18928	18928	37856
227319	3	75773	18944	18944	37888
227343	3	75781	18946	18946	37892
227391	3	75797	18950	18950	37900
227463	3	75821	18956	18956	37912
227559	3	75853	18964	18964	37928
227607	3	75869	18968	18968	37936
227823	3	75941	18986	18986	37972
227967	3	75989	18998	18998	37996
227991	3	75997	19000	19000	38000
228471	3	76157	19040	19040	38080
228639	3	76213	19054	19054	38108
228759	3	76253	19064	19064	38128
228783	3	76261	19066	19066	38132
228999	3	76333	19084	19084	38168
229263	3	76421	19106	19106	38212
229479	3	76493	19124	19124	38248
229623	3	76541	19136	19136	38272
229791	3	76597	19150	19150	38300
230151	3	76717	19180	19180	38360
230199	3	76733	19184	19184	38368
230271	3	76757	19190	19190	38380
230343	3	76781	19196	19196	38392
230487	3	76829	19208	19208	38416
230511	3	76837	19210	19210	38420
230847	3	76949	19238	19238	38476
231087	3	77029	19258	19258	38516
231207	3	77069	19268	19268	38536
231279	3	77093	19274	19274	38548
231303	3	77101	19276	19276	38552
231423	3	77141	19286	19286	38572
231639	3	77213	19304	19304	38608
231711	3	77237	19310	19310	38620
231783	3	77261	19316	19316	38632
231807	3	77269	19318	19318	38636
231951	3	77317	19330	19330	38660
232431	3	77477	19370	19370	38740
232527	3	77509	19378	19378	38756
232647	3	77549	19388	19388	38776
232671	3	77557	19390	19390	38780
232719	3	77573	19394	19394	38788
232863	3	77621	19406	19406	38812
233319	3	77773	19444	19444	38888
233391	3	77797	19450	19450	38900
233439	3	77813	19454	19454	38908
233679	3	77893	19474	19474	38948
233799	3	77933	19484	19484	38968
234303	3	78101	19526	19526	39052
234471	3	78157	19540	19540	39080
234519	3	78173	19544	19544	39088
234687	3	78229	19558	19558	39116
234831	3	78277	19570	19570	39140
234903	3	78301	19576	19576	39152
234951	3	78317	19580	19580	39160
235023	3	78341	19586	19586	39172
235311	3	78437	19610	19610	39220
235527	3	78509	19628	19628	39256
235551	3	78517	19630	19630	39260
235623	3	78541	19636	19636	39272
235959	3	78653	19664	19664	39328
236343	3	78781	19696	19696	39392
236391	3	78797	19700	19700	39400
236559	3	78853	19714	19714	39428
236631	3	78877	19720	19720	39440
236679	3	78893	19724	19724	39448
236703	3	78901	19726	19726	39452
236823	3	78941	19736	19736	39472
236967	3	78989	19748	19748	39496
237399	3	79133	19784	19784	39568
237543	3	79181	19796	19796	39592
237687	3	79229	19808	19808	39616
237903	3	79301	19826	19826	39652
237927	3	79309	19828	19828	39656
237999	3	79333	19834	19834	39668
238047	3	79349	19838	19838	39676
238071	3	79357	19840	19840	39680
238191	3	79397	19850	19850	39700
238479	3	79493	19874	19874	39748
238647	3	79549	19888	19888	39776
238767	3	79589	19898	19898	39796
238839	3	79613	19904	19904	39808
238863	3	79621	19906	19906	39812
239007	3	79669	19918	19918	39836
239079	3	79693	19924	19924	39848
239271	3	79757	19940	19940	39880
239439	3	79813	19954	19954	39908
239487	3	79829	19958	19958	39916
239583	3	79861	19966	19966	39932
239703	3	79901	19976	19976	39952
239919	3	79973	19994	19994	39988
239991	3	79997	20000	20000	40000
240063	3	80021	20006	20006	40012
240231	3	80077	20020	20020	40040
240423	3	80141	20036	20036	40072
240447	3	80149	20038	20038	40076
240519	3	80173	20044	20044	40088
240663	3	80221	20056	20056	40112
240927	3	80309	20078	20078	40156
240951	3	80317	20080	20080	40160
241023	3	80341	20086	20086	40172
241287	3	80429	20108	20108	40216
241671	3	80557	20140	20140	40280
241863	3	80621	20156	20156	40312
241887	3	80629	20158	20158	40316
242007	3	80669	20168	20168	40336
242031	3	80677	20170	20170	40340
242103	3	80701	20176	20176	40352
242247	3	80749	20188	20188	40376
242367	3	80789	20198	20198	40396
242727	3	80909	20228	20228	40456
242751	3	80917	20230	20230	40460
242799	3	80933	20234	20234	40468
242967	3	80989	20248	20248	40496
243039	3	81013	20254	20254	40508
243231	3	81077	20270	20270	40540
243303	3	81101	20276	20276	40552
243471	3	81157	20290	20290	40580
243519	3	81173	20294	20294	40588
243543	3	81181	20296	20296	40592
243591	3	81197	20300	20300	40600
243879	3	81293	20324	20324	40648
244047	3	81349	20338	20338	40676
244119	3	81373	20344	20344	40688
244263	3	81421	20356	20356	40712
244527	3	81509	20378	20378	40756
244551	3	81517	20380	20380	40760
244599	3	81533	20384	20384	40768
244887	3	81629	20408	20408	40816
244911	3	81637	20410	20410	40820
245031	3	81677	20420	20420	40840
245103	3	81701	20426	20426	40852
245247	3	81749	20438	20438	40876
245319	3	81773	20444	20444	40888
245559	3	81853	20464	20464	40928
245607	3	81869	20468	20468	40936
245703	3	81901	20476	20476	40952
245919	3	81973	20494	20494	40988
246039	3	82013	20504	20504	41008
246063	3	82021	20506	20506	41012
246111	3	82037	20510	20510	41020
246423	3	82141	20536	20536	41072
246567	3	82189	20548	20548	41096
246711	3	82237	20560	20560	41120
246783	3	82261	20566	20566	41132
246903	3	82301	20576	20576	41152
247047	3	82349	20588	20588	41176
247119	3	82373	20594	20594	41188
247263	3	82421	20606	20606	41212
247407	3	82469	20618	20618	41236
247479	3	82493	20624	20624	41248
247647	3	82549	20638	20638	41276
247839	3	82613	20654	20654	41308
248271	3	82757	20690	20690	41380
248343	3	82781	20696	20696	41392
248439	3	82813	20704	20704	41408
248511	3	82837	20710	20710	41420
248943	3	82981	20746	20746	41492
248991	3	82997	20750	20750	41500
249231	3	83077	20770	20770	41540
249279	3	83093	20774	20774	41548
249303	3	83101	20776	20776	41552
249351	3	83117	20780	20780	41560
249663	3	83221	20806	20806	41612
249807	3	83269	20818	20818	41636
250023	3	83341	20836	20836	41672
250071	3	83357	20840	20840	41680
250167	3	83389	20848	20848	41696
250311	3	83437	20860	20860	41720
250431	3	83477	20870	20870	41740
250671	3	83557	20890	20890	41780
250791	3	83597	20900	20900	41800
250863	3	83621	20906	20906	41812
250959	3	83653	20914	20914	41828
251103	3	83701	20926	20926	41852
251151	3	83717	20930	20930	41860
251319	3	83773	20944	20944	41888
251439	3	83813	20954	20954	41908
251607	3	83869	20968	20968	41936
251799	3	83933	20984	20984	41968
252159	3	84053	21014	21014	42028
252183	3	84061	21016	21016	42032
252543	3	84181	21046	21046	42092
252663	3	84221	21056	21056	42112
252687	3	84229	21058	21058	42116
252951	3	84317	21080	21080	42160
253047	3	84349	21088	21088	42176
253167	3	84389	21098	21098	42196
253263	3	84421	21106	21106	42212
253311	3	84437	21110	21110	42220
253527	3	84509	21128	21128	42256
253599	3	84533	21134	21134	42268
253767	3	84589	21148	21148	42296
253887	3	84629	21158	21158	42316
253959	3	84653	21164	21164	42328
254103	3	84701	21176	21176	42352
254607	3	84869	21218	21218	42436
255063	3	85021	21256	21256	42512
255111	3	85037	21260	21260	42520
255183	3	85061	21266	21266	42532
255279	3	85093	21274	21274	42548
255327	3	85109	21278	21278	42556
255399	3	85133	21284	21284	42568
255639	3	85213	21304	21304	42608
255687	3	85229	21308	21308	42616
255711	3	85237	21310	21310	42620
255999	3	85333	21334	21334	42668
256143	3	85381	21346	21346	42692
256287	3	85429	21358	21358	42716
256359	3	85453	21364	21364	42728
256407	3	85469	21368	21368	42736
256551	3	85517	21380	21380	42760
256647	3	85549	21388	21388	42776
256791	3	85597	21400	21400	42800
256863	3	85621	21406	21406	42812
256983	3	85661	21416	21416	42832
257007	3	85669	21418	21418	42836
257151	3	85717	21430	21430	42860
257199	3	85733	21434	21434	42868
257343	3	85781	21446	21446	42892
257487	3	85829	21458	21458	42916
257511	3	85837	21460	21460	42920
257559	3	85853	21464	21464	42928
257727	3	85909	21478	21478	42956
257799	3	85933	21484	21484	42968
258087	3	86029	21508	21508	43016
258207	3	86069	21518	21518	43036
258231	3	86077	21520	21520	43040
258351	3	86117	21530	21530	43060
258591	3	86197	21550	21550	43100
258807	3	86269	21568	21568	43136
258879	3	86293	21574	21574	43148
259023	3	86341	21586	21586	43172
259071	3	86357	21590	21590	43180
259143	3	86381	21596	21596	43192
259167	3	86389	21598	21598	43196
259239	3	86413	21604	21604	43208
259359	3	86453	21614	21614	43228
259383	3	86461	21616	21616	43232
259431	3	86477	21620	21620	43240
259503	3	86501	21626	21626	43252
259527	3	86509	21628	21628	43256
259599	3	86533	21634	21634	43268
259719	3	86573	21644	21644	43288
259887	3	86629	21658	21658	43316
260031	3	86677	21670	21670	43340
260079	3	86693	21674	21674	43348
260439	3	86813	21704	21704	43408
260511	3	86837	21710	21710	43420
260583	3	86861	21716	21716	43432
260607	3	86869	21718	21718	43436
260943	3	86981	21746	21746	43492
261039	3	87013	21754	21754	43508
261111	3	87037	21760	21760	43520
261399	3	87133	21784	21784	43568
261447	3	87149	21788	21788	43576
261543	3	87181	21796	21796	43592
261663	3	87221	21806	21806	43612
261759	3	87253	21814	21814	43628
261831	3	87277	21820	21820	43640
261879	3	87293	21824	21824	43648
261951	3	87317	21830	21830	43660
262263	3	87421	21856	21856	43712
262527	3	87509	21878	21878	43756
262551	3	87517	21880	21880	43760
262623	3	87541	21886	21886	43772
262671	3	87557	21890	21890	43780
262767	3	87589	21898	21898	43796
262839	3	87613	21904	21904	43808
262887	3	87629	21908	21908	43816
263103	3	87701	21926	21926	43852
263391	3	87797	21950	21950	43900
263559	3	87853	21964	21964	43928
263607	3	87869	21968	21968	43936
263631	3	87877	21970	21970	43940
263751	3	87917	21980	21980	43960
263919	3	87973	21994	21994	43988
264111	3	88037	22010	22010	44020
264207	3	88069	22018	22018	44036
264279	3	88093	22024	22024	44048
264351	3	88117	22030	22030	44060
264711	3	88237	22060	22060	44120
264783	3	88261	22066	22066	44132
264903	3	88301	22076	22076	44152
265191	3	88397	22100	22100	44200
265407	3	88469	22118	22118	44236
265479	3	88493	22124	22124	44248
265767	3	88589	22148	22148	44296
265983	3	88661	22166	22166	44332
266223	3	88741	22186	22186	44372
266367	3	88789	22198	22198	44396
266439	3	88813	22204	22204	44408
266559	3	88853	22214	22214	44428
266583	3	88861	22216	22216	44432
266991	3	88997	22250	22250	44500
267063	3	89021	22256	22256	44512
267207	3	89069	22268	22268	44536
267303	3	89101	22276	22276	44552
267567	3	89189	22298	22298	44596
267639	3	89213	22304	22304	44608
267711	3	89237	22310	22310	44620
267783	3	89261	22316	22316	44632
267807	3	89269	22318	22318	44636
267879	3	89293	22324	22324	44648
267951	3	89317	22330	22330	44660
268143	3	89381	22346	22346	44692
268239	3	89413	22354	22354	44708
268431	3	89477	22370	22370	44740
268503	3	89501	22376	22376	44752
268599	3	89533	22384	22384	44768
268791	3	89597	22400	22400	44800
268959	3	89653	22414	22414	44828
269007	3	89669	22418	22418	44836
269391	3	89797	22450	22450	44900
269463	3	89821	22456	22456	44912
269727	3	89909	22478	22478	44956
269751	3	89917	22480	22480	44960
269967	3	89989	22498	22498	44996
270159	3	90053	22514	22514	45028
270447	3	90149	22538	22538	45076
270519	3	90173	22544	22544	45088
270591	3	90197	22550	22550	45100
271119	3	90373	22594	22594	45188
271191	3	90397	22600	22600	45200
271311	3	90437	22610	22610	45220
271407	3	90469	22618	22618	45236
271599	3	90533	22634	22634	45268
272031	3	90677	22670	22670	45340
272127	3	90709	22678	22678	45356
272247	3	90749	22688	22688	45376
272463	3	90821	22706	22706	45412
272703	3	90901	22726	22726	45452
272751	3	90917	22730	22730	45460
272967	3	90989	22748	22748	45496
272991	3	90997	22750	22750	45500
273423	3	91141	22786	22786	45572
273687	3	91229	22808	22808	45616
273711	3	91237	22810	22810	45620
273759	3	91253	22814	22814	45628
273927	3	91309	22828	22828	45656
274119	3	91373	22844	22844	45688
274143	3	91381	22846	22846	45692
274191	3	91397	22850	22850	45700
274359	3	91453	22864	22864	45728
274479	3	91493	22874	22874	45748
274623	3	91541	22886	22886	45772
274719	3	91573	22894	22894	45788
274863	3	91621	22906	22906	45812
275199	3	91733	22934	22934	45868
275271	3	91757	22940	22940	45880
275343	3	91781	22946	22946	45892
275439	3	91813	22954	22954	45908
275511	3	91837	22960	22960	45920
275727	3	91909	22978	22978	45956
275871	3	91957	22990	22990	45980
275991	3	91997	23000	23000	46000
276231	3	92077	23020	23020	46040
276519	3	92173	23044	23044	46088
276567	3	92189	23048	23048	46096
276663	3	92221	23056	23056	46112
276711	3	92237	23060	23060	46120
276807	3	92269	23068	23068	46136
276951	3	92317	23080	23080	46160
276999	3	92333	23084	23084	46168
277071	3	92357	23090	23090	46180
277143	3	92381	23096	23096	46192
277239	3	92413	23104	23104	46208
277383	3	92461	23116	23116	46232
277671	3	92557	23140	23140	46280
277743	3	92581	23146	23146	46292
278007	3	92669	23168	23168	46336
278079	3	92693	23174	23174	46348
278151	3	92717	23180	23180	46360
278367	3	92789	23198	23198	46396
278463	3	92821	23206	23206	46412
278583	3	92861	23216	23216	46432
278679	3	92893	23224	23224	46448
278823	3	92941	23236	23236	46472
278871	3	92957	23240	23240	46480
279159	3	93053	23264	23264	46528
279231	3	93077	23270	23270	46540
279399	3	93133	23284	23284	46568
279687	3	93229	23308	23308	46616
279759	3	93253	23314	23314	46628
280479	3	93493	23374	23374	46748
280671	3	93557	23390	23390	46780
280743	3	93581	23396	23396	46792
280887	3	93629	23408	23408	46816
280911	3	93637	23410	23410	46820
281103	3	93701	23426	23426	46852
281679	3	93893	23474	23474	46948
281703	3	93901	23476	23476	46952
281823	3	93941	23486	23486	46972
281847	3	93949	23488	23488	46976
281991	3	93997	23500	23500	47000
282327	3	94109	23528	23528	47056
282351	3	94117	23530	23530	47060
282687	3	94229	23558	23558	47116
282759	3	94253	23564	23564	47128
282783	3	94261	23566	23566	47132
282927	3	94309	23578	23578	47156
283047	3	94349	23588	23588	47176
283191	3	94397	23600	23600	47200
283263	3	94421	23606	23606	47212
283431	3	94477	23620	23620	47240
283623	3	94541	23636	23636	47272
283719	3	94573	23644	23644	47288
283791	3	94597	23650	23650	47300
283839	3	94613	23654	23654	47308
283863	3	94621	23656	23656	47312
284079	3	94693	23674	23674	47348
284127	3	94709	23678	23678	47356
284343	3	94781	23696	23696	47392
284367	3	94789	23698	23698	47396
284511	3	94837	23710	23710	47420
284799	3	94933	23734	23734	47468
284847	3	94949	23738	23738	47476
285063	3	95021	23756	23756	47512
285279	3	95093	23774	23774	47548
285303	3	95101	23776	23776	47552
285567	3	95189	23798	23798	47596
285639	3	95213	23804	23804	47608
285783	3	95261	23816	23816	47632
285951	3	95317	23830	23830	47660
286239	3	95413	23854	23854	47708
286287	3	95429	23858	23858	47716
286383	3	95461	23866	23866	47732
286647	3	95549	23888	23888	47776
286743	3	95581	23896	23896	47792
286791	3	95597	23900	23900	47800
286863	3	95621	23906	23906	47812
286887	3	95629	23908	23908	47816
287103	3	95701	23926	23926	47852
287151	3	95717	23930	23930	47860
287319	3	95773	23944	23944	47888
287367	3	95789	23948	23948	47896
287439	3	95813	23954	23954	47908
287607	3	95869	23968	23968	47936
287751	3	95917	23980	23980	47960
287871	3	95957	23990	23990	47980
287967	3	95989	23998	23998	47996
288039	3	96013	24004	24004	48008
288159	3	96053	24014	24014	48028
288447	3	96149	24038	24038	48076
288471	3	96157	24040	24040	48080
288543	3	96181	24046	24046	48092
288663	3	96221	24056	24056	48112
288807	3	96269	24068	24068	48136
288879	3	96293	24074	24074	48148
289383	3	96461	24116	24116	48232
289407	3	96469	24118	24118	48236
289479	3	96493	24124	24124	48248
289551	3	96517	24130	24130	48260
289671	3	96557	24140	24140	48280
289743	3	96581	24146	24146	48292
289767	3	96589	24148	24148	48296
289983	3	96661	24166	24166	48332
290247	3	96749	24188	24188	48376
290271	3	96757	24190	24190	48380
290391	3	96797	24200	24200	48400
290463	3	96821	24206	24206	48412
290679	3	96893	24224	24224	48448
290919	3	96973	24244	24244	48488
290967	3	96989	24248	24248	48496
290991	3	96997	24250	24250	48500
291063	3	97021	24256	24256	48512
291351	3	97117	24280	24280	48560
291471	3	97157	24290	24290	48580
291639	3	97213	24304	24304	48608
291903	3	97301	24326	24326	48652
292119	3	97373	24344	24344	48688
292143	3	97381	24346	24346	48692
292191	3	97397	24350	24350	48700
292287	3	97429	24358	24358	48716
292359	3	97453	24364	24364	48728
292503	3	97501	24376	24376	48752
292647	3	97549	24388	24388	48776
292839	3	97613	24404	24404	48808
293367	3	97789	24448	24448	48896
293439	3	97813	24454	24454	48908
293487	3	97829	24458	24458	48916
293583	3	97861	24466	24466	48932
293919	3	97973	24494	24494	48988
294303	3	98101	24526	24526	49052
294639	3	98213	24554	24554	49108
294663	3	98221	24556	24556	49112
294807	3	98269	24568	24568	49136
294951	3	98317	24580	24580	49160
295167	3	98389	24598	24598	49196
295287	3	98429	24608	24608	49216
295359	3	98453	24614	24614	49228
295599	3	98533	24634	24634	49268
295719	3	98573	24644	24644	49288
295791	3	98597	24650	24650	49300
295863	3	98621	24656	24656	49312
296007	3	98669	24668	24668	49336
296151	3	98717	24680	24680	49360
296319	3	98773	24694	24694	49388
296511	3	98837	24710	24710	49420
296607	3	98869	24718	24718	49436
296679	3	98893	24724	24724	49448
296727	3	98909	24728	24728	49456
296943	3	98981	24746	24746	49492
297039	3	99013	24754	24754	49508
297159	3	99053	24764	24764	49528
297327	3	99109	24778	24778	49556
297399	3	99133	24784	24784	49568
297447	3	99149	24788	24788	49576
297519	3	99173	24794	24794	49588
297543	3	99181	24796	24796	49592
297831	3	99277	24820	24820	49640
297951	3	99317	24830	24830	49660
298047	3	99349	24838	24838	49676
298191	3	99397	24850	24850	49700
298407	3	99469	24868	24868	49736
298743	3	99581	24896	24896	49792
298983	3	99661	24916	24916	49832
299127	3	99709	24928	24928	49856
299199	3	99733	24934	24934	49868
299487	3	99829	24958	24958	49916
299631	3	99877	24970	24970	49940
299703	3	99901	24976	24976	49952
299967	3	99989	24998	24998	49996
300207	3	100069	25018	25018	50036
300327	3	100109	25028	25028	50056
300567	3	100189	25048	25048	50096
300639	3	100213	25054	25054	50108
300711	3	100237	25060	25060	50120
300999	3	100333	25084	25084	50168
301071	3	100357	25090	25090	50180
301407	3	100469	25118	25118	50236
301479	3	100493	25124	25124	50248
301503	3	100501	25126	25126	50252
301551	3	100517	25130	25130	50260
301647	3	100549	25138	25138	50276
301839	3	100613	25154	25154	50308
301863	3	100621	25156	25156	50312
302007	3	100669	25168	25168	50336
302079	3	100693	25174	25174	50348
302199	3	100733	25184	25184	50368
302223	3	100741	25186	25186	50372
302487	3	100829	25208	25208	50416
302559	3	100853	25214	25214	50428
302871	3	100957	25240	25240	50480
302943	3	100981	25246	25246	50492
303063	3	101021	25256	25256	50512
303351	3	101117	25280	25280	50560
303423	3	101141	25286	25286	50572
303447	3	101149	25288	25288	50576
303519	3	101173	25294	25294	50588
303591	3	101197	25300	25300	50600
303663	3	101221	25306	25306	50612
303879	3	101293	25324	25324	50648
303999	3	101333	25334	25334	50668
304023	3	101341	25336	25336	50672
304287	3	101429	25358	25358	50716
304431	3	101477	25370	25370	50740
304503	3	101501	25376	25376	50752
304599	3	101533	25384	25384	50768
304719	3	101573	25394	25394	50788
304743	3	101581	25396	25396	50792
304959	3	101653	25414	25414	50828
305079	3	101693	25424	25424	50848
305103	3	101701	25426	25426	50852
305223	3	101741	25436	25436	50872
305247	3	101749	25438	25438	50876
305367	3	101789	25448	25448	50896
305391	3	101797	25450	25450	50900
305511	3	101837	25460	25460	50920
305607	3	101869	25468	25468	50936
305751	3	101917	25480	25480	50960
305871	3	101957	25490	25490	50980
306039	3	102013	25504	25504	51008
306183	3	102061	25516	25516	51032
306231	3	102077	25520	25520	51040
306303	3	102101	25526	25526	51052
306447	3	102149	25538	25538	51076
306543	3	102181	25546	25546	51092
306591	3	102197	25550	25550	51100
306687	3	102229	25558	25558	51116
306759	3	102253	25564	25564	51128
306879	3	102293	25574	25574	51148
306903	3	102301	25576	25576	51152
306951	3	102317	25580	25580	51160
307191	3	102397	25600	25600	51200
307311	3	102437	25610	25610	51220
307383	3	102461	25616	25616	51232
307599	3	102533	25634	25634	51268
307959	3	102653	25664	25664	51328
308031	3	102677	25670	25670	51340
308103	3	102701	25676	25676	51352
308391	3	102797	25700	25700	51400
308487	3	102829	25708	25708	51416
308631	3	102877	25720	25720	51440
309207	3	103069	25768	25768	51536
309279	3	103093	25774	25774	51548
309423	3	103141	25786	25786	51572
309711	3	103237	25810	25810	51620
309999	3	103333	25834	25834	51668
310047	3	103349	25838	25838	51676
310071	3	103357	25840	25840	51680
310263	3	103421	25856	25856	51712
310647	3	103549	25888	25888	51776
310719	3	103573	25894	25894	51788
310839	3	103613	25904	25904	51808
311007	3	103669	25918	25918	51836
311439	3	103813	25954	25954	51908
311511	3	103837	25960	25960	51920
311943	3	103981	25996	25996	51992
311991	3	103997	26000	26000	52000
312063	3	104021	26006	26006	52012
312159	3	104053	26014	26014	52028
312447	3	104149	26038	26038	52076
312519	3	104173	26044	26044	52088
312927	3	104309	26078	26078	52156
313143	3	104381	26096	26096	52192
313647	3	104549	26138	26138	52276
313791	3	104597	26150	26150	52300
314031	3	104677	26170	26170	52340
314079	3	104693	26174	26174	52348
314103	3	104701	26176	26176	52352
314151	3	104717	26180	26180	52360
314319	3	104773	26194	26194	52388
314367	3	104789	26198	26198	52396
314607	3	104869	26218	26218	52436
314751	3	104917	26230	26230	52460
314799	3	104933	26234	26234	52468
315111	3	105037	26260	26260	52520
315519	3	105173	26294	26294	52588
315687	3	105229	26308	26308	52616
315759	3	105253	26314	26314	52628
315807	3	105269	26318	26318	52636
315831	3	105277	26320	26320	52640
316023	3	105341	26336	26336	52672
316119	3	105373	26344	26344	52688
316167	3	105389	26348	26348	52696
316191	3	105397	26350	26350	52700
316311	3	105437	26360	26360	52720
316527	3	105509	26378	26378	52756
316551	3	105517	26380	26380	52760
316599	3	105533	26384	26384	52768
316623	3	105541	26386	26386	52772
316671	3	105557	26390	26390	52780
316839	3	105613	26404	26404	52808
316959	3	105653	26414	26414	52828
317103	3	105701	26426	26426	52852
317199	3	105733	26434	26434	52868
317487	3	105829	26458	26458	52916
317991	3	105997	26500	26500	53000
318039	3	106013	26504	26504	53008
318327	3	106109	26528	26528	53056
318543	3	106181	26546	26546	53092
318567	3	106189	26548	26548	53096
318639	3	106213	26554	26554	53108
318783	3	106261	26566	26566	53132
318831	3	106277	26570	26570	53140
319047	3	106349	26588	26588	53176
319071	3	106357	26590	26590	53180
319119	3	106373	26594	26594	53188
319191	3	106397	26600	26600	53200
319359	3	106453	26614	26614	53228
319503	3	106501	26626	26626	53252
319623	3	106541	26636	26636	53272
319863	3	106621	26656	26656	53312
319911	3	106637	26660	26660	53320
319983	3	106661	26666	26666	53332
320007	3	106669	26668	26668	53336
320079	3	106693	26674	26674	53348
320343	3	106781	26696	26696	53392
320559	3	106853	26714	26714	53428
320583	3	106861	26716	26716	53432
320631	3	106877	26720	26720	53440
320847	3	106949	26738	26738	53476
320871	3	106957	26740	26740	53480
321063	3	107021	26756	26756	53512
321159	3	107053	26764	26764	53528
321207	3	107069	26768	26768	53536
321231	3	107077	26770	26770	53540
321303	3	107101	26776	26776	53552
321591	3	107197	26800	26800	53600
321807	3	107269	26818	26818	53636
321927	3	107309	26828	26828	53656
322071	3	107357	26840	26840	53680
322359	3	107453	26864	26864	53728
322527	3	107509	26878	26878	53756
322743	3	107581	26896	26896	53792
322863	3	107621	26906	26906	53812
323079	3	107693	26924	26924	53848
323151	3	107717	26930	26930	53860
323223	3	107741	26936	26936	53872
323319	3	107773	26944	26944	53888
323511	3	107837	26960	26960	53920
323823	3	107941	26986	26986	53972
323943	3	107981	26996	26996	53992
324039	3	108013	27004	27004	54008
324111	3	108037	27010	27010	54020
324183	3	108061	27016	27016	54032
324327	3	108109	27028	27028	54056
324879	3	108293	27074	27074	54148
324903	3	108301	27076	27076	54152
325239	3	108413	27104	27104	54208
325263	3	108421	27106	27106	54212
325383	3	108461	27116	27116	54232
325551	3	108517	27130	27130	54260
325599	3	108533	27134	27134	54268
325623	3	108541	27136	27136	54272
325671	3	108557	27140	27140	54280
325911	3	108637	27160	27160	54320
326031	3	108677	27170	27170	54340
326127	3	108709	27178	27178	54356
326463	3	108821	27206	27206	54412
326607	3	108869	27218	27218	54436
326631	3	108877	27220	27220	54440
326679	3	108893	27224	27224	54448
326751	3	108917	27230	27230	54460
326847	3	108949	27238	27238	54476
327039	3	109013	27254	27254	54508
327111	3	109037	27260	27260	54520
327399	3	109133	27284	27284	54568
327423	3	109141	27286	27286	54572
327687	3	109229	27308	27308	54616
327759	3	109253	27314	27314	54628
328071	3	109357	27340	27340	54680
328191	3	109397	27350	27350	54700
328359	3	109453	27364	27364	54728
328407	3	109469	27368	27368	54736
328551	3	109517	27380	27380	54760
328623	3	109541	27386	27386	54772
328767	3	109589	27398	27398	54796
328791	3	109597	27400	27400	54800
328863	3	109621	27406	27406	54812
328983	3	109661	27416	27416	54832
329151	3	109717	27430	27430	54860
329223	3	109741	27436	27436	54872
329367	3	109789	27448	27448	54896
329487	3	109829	27458	27458	54916
330207	3	110069	27518	27518	55036
330663	3	110221	27556	27556	55112
330711	3	110237	27560	27560	55120
330783	3	110261	27566	27566	55132
330807	3	110269	27568	27568	55136
331311	3	110437	27610	27610	55220
331431	3	110477	27620	27620	55240
331503	3	110501	27626	27626	55252
331599	3	110533	27634	27634	55268
331671	3	110557	27640	27640	55280
331719	3	110573	27644	27644	55288
331743	3	110581	27646	27646	55292
331791	3	110597	27650	27650	55300
331887	3	110629	27658	27658	55316
332247	3	110749	27688	27688	55376
332439	3	110813	27704	27704	55408
332463	3	110821	27706	27706	55412
332727	3	110909	27728	27728	55456
332751	3	110917	27730	27730	55460
332799	3	110933	27734	27734	55468
332967	3	110989	27748	27748	55496
333087	3	111029	27758	27758	55516
333159	3	111053	27764	27764	55528
333327	3	111109	27778	27778	55556
333447	3	111149	27788	27788	55576
333687	3	111229	27808	27808	55616
333759	3	111253	27814	27814	55628
333807	3	111269	27818	27818	55636
333903	3	111301	27826	27826	55652
333951	3	111317	27830	27830	55660
334023	3	111341	27836	27836	55672
334119	3	111373	27844	27844	55688
334479	3	111493	27874	27874	55748
334527	3	111509	27878	27878	55756
334599	3	111533	27884	27884	55768
334743	3	111581	27896	27896	55792
334911	3	111637	27910	27910	55820
334959	3	111653	27914	27914	55828
335199	3	111733	27934	27934	55868
335319	3	111773	27944	27944	55888
335343	3	111781	27946	27946	55892
335463	3	111821	27956	27956	55912
335487	3	111829	27958	27958	55916
335607	3	111869	27968	27968	55936
335679	3	111893	27974	27974	55948
335847	3	111949	27988	27988	55976
335919	3	111973	27994	27994	55988
335991	3	111997	28000	28000	56000
336183	3	112061	28016	28016	56032
336207	3	112069	28018	28018	56036
336543	3	112181	28046	28046	56092
336639	3	112213	28054	28054	56108
336711	3	112237	28060	28060	56120
336759	3	112253	28064	28064	56128
336783	3	112261	28066	28066	56132
337047	3	112349	28088	28088	56176
337191	3	112397	28100	28100	56200
337287	3	112429	28108	28108	56216
337503	3	112501	28126	28126	56252
337719	3	112573	28144	28144	56288
337767	3	112589	28148	28148	56296
337863	3	112621	28156	28156	56312
338223	3	112741	28186	28186	56372
338271	3	112757	28190	28190	56380
338631	3	112877	28220	28220	56440
338703	3	112901	28226	28226	56452
338727	3	112909	28228	28228	56456
338991	3	112997	28250	28250	56500
339063	3	113021	28256	28256	56512
339279	3	113093	28274	28274	56548
339351	3	113117	28280	28280	56560
339447	3	113149	28288	28288	56576
339519	3	113173	28294	28294	56588
339567	3	113189	28298	28298	56596
339639	3	113213	28304	28304	56608
340023	3	113341	28336	28336	56672
340071	3	113357	28340	28340	56680
340143	3	113381	28346	28346	56692
340311	3	113437	28360	28360	56720
340359	3	113453	28364	28364	56728
340503	3	113501	28376	28376	56752
340671	3	113557	28390	28390	56780
340863	3	113621	28406	28406	56812
341151	3	113717	28430	28430	56860
341247	3	113749	28438	28438	56876
341391	3	113797	28450	28450	56900
341511	3	113837	28460	28460	56920
341727	3	113909	28478	28478	56956
341799	3	113933	28484	28484	56968
341871	3	113957	28490	28490	56980
341967	3	113989	28498	28498	56996
342039	3	114013	28504	28504	57008
342231	3	114077	28520	28520	57040
342471	3	114157	28540	28540	57080
342591	3	114197	28550	28550	57100
342663	3	114221	28556	28556	57112
342687	3	114229	28558	28558	57116
342807	3	114269	28568	28568	57136
342831	3	114277	28570	28570	57140
343479	3	114493	28624	28624	57248
343839	3	114613	28654	28654	57308
343983	3	114661	28666	28666	57332
344247	3	114749	28688	28688	57376
344271	3	114757	28690	28690	57380
344319	3	114773	28694	28694	57388
344343	3	114781	28696	28696	57392
344391	3	114797	28700	28700	57400
344703	3	114901	28726	28726	57452
344823	3	114941	28736	28736	57472
344919	3	114973	28744	28744	57488
344991	3	114997	28750	28750	57500
345039	3	115013	28754	28754	57508
345063	3	115021	28756	28756	57512
345183	3	115061	28766	28766	57532
345351	3	115117	28780	28780	57560
345399	3	115133	28784	28784	57568
345711	3	115237	28810	28810	57620
345903	3	115301	28826	28826	57652
345927	3	115309	28828	28828	57656
346263	3	115421	28856	28856	57712
346287	3	115429	28858	28858	57716
346407	3	115469	28868	28868	57736
346767	3	115589	28898	28898	57796
346791	3	115597	28900	28900	57800
346839	3	115613	28904	28904	57808
346911	3	115637	28910	28910	57820
347079	3	115693	28924	28924	57848
347199	3	115733	28934	28934	57868
347223	3	115741	28936	28936	57872
347271	3	115757	28940	28940	57880
347343	3	115781	28946	28946	57892
347511	3	115837	28960	28960	57920
347559	3	115853	28964	28964	57928
347583	3	115861	28966	28966	57932
347631	3	115877	28970	28970	57940
347703	3	115901	28976	28976	57952
347799	3	115933	28984	28984	57968
347943	3	115981	28996	28996	57992
348303	3	116101	29026	29026	58052
348423	3	116141	29036	29036	58072
348567	3	116189	29048	29048	58096
348807	3	116269	29068	29068	58136
348879	3	116293	29074	29074	58148
349023	3	116341	29086	29086	58172
349143	3	116381	29096	29096	58192
349311	3	116437	29110	29110	58220
349383	3	116461	29116	29116	58232
349599	3	116533	29134	29134	58268
349647	3	116549	29138	29138	58276
350223	3	116741	29186	29186	58372
350367	3	116789	29198	29198	58396
350391	3	116797	29200	29200	58400
350799	3	116933	29234	29234	58468
350943	3	116981	29246	29246	58492
350967	3	116989	29248	29248	58496
351111	3	117037	29260	29260	58520
351159	3	117053	29264	29264	58528
351303	3	117101	29276	29276	58552
351327	3	117109	29278	29278	58556
351399	3	117133	29284	29284	58568
351807	3	117269	29318	29318	58636
352119	3	117373	29344	29344	58688
352167	3	117389	29348	29348	58696
352239	3	117413	29354	29354	58708
352311	3	117437	29360	29360	58720
352551	3	117517	29380	29380	58760
352623	3	117541	29386	29386	58772
353103	3	117701	29426	29426	58852
353127	3	117709	29428	29428	58856
353271	3	117757	29440	29440	58880
353319	3	117773	29444	29444	58888
353391	3	117797	29450	29450	58900
353631	3	117877	29470	29470	58940
353751	3	117917	29480	29480	58960
353919	3	117973	29494	29494	58988
353967	3	117989	29498	29498	58996
354111	3	118037	29510	29510	59020
354183	3	118061	29516	29516	59032
354279	3	118093	29524	29524	59048
354567	3	118189	29548	29548	59096
354639	3	118213	29554	29554	59108
354759	3	118253	29564	29564	59128
354831	3	118277	29570	29570	59140
355119	3	118373	29594	29594	59188
355287	3	118429	29608	29608	59216
355359	3	118453	29614	29614	59228
355479	3	118493	29624	29624	59248
355647	3	118549	29638	29638	59276
355767	3	118589	29648	29648	59296
355863	3	118621	29656	29656	59312
355983	3	118661	29666	29666	59332
356007	3	118669	29668	29668	59336
356127	3	118709	29678	29678	59356
356151	3	118717	29680	29680	59360
356271	3	118757	29690	29690	59380
356583	3	118861	29716	29716	59432
356703	3	118901	29726	29726	59452
356919	3	118973	29744	29744	59488
357207	3	119069	29768	29768	59536
357303	3	119101	29776	29776	59552
357519	3	119173	29794	29794	59588
357711	3	119237	29810	29810	59620
357879	3	119293	29824	29824	59648
358167	3	119389	29848	29848	59696
358287	3	119429	29858	29858	59716
358599	3	119533	29884	29884	59768
358647	3	119549	29888	29888	59776
358671	3	119557	29890	29890	59780
358959	3	119653	29914	29914	59828
359031	3	119677	29920	29920	59840
359103	3	119701	29926	29926	59852
359319	3	119773	29944	29944	59888
359391	3	119797	29950	29950	59900
359439	3	119813	29954	29954	59908
359607	3	119869	29968	29968	59936
359943	3	119981	29996	29996	59992
360231	3	120077	30020	30020	60040
360471	3	120157	30040	30040	60080
360543	3	120181	30046	30046	60092
360831	3	120277	30070	30070	60140
360879	3	120293	30074	30074	60148
361047	3	120349	30088	30088	60176
361191	3	120397	30100	30100	60200
361239	3	120413	30104	30104	60208
361671	3	120557	30140	30140	60280
361983	3	120661	30166	30166	60332
362031	3	120677	30170	30170	60340
362127	3	120709	30178	30178	60356
362247	3	120749	30188	30188	60376
362487	3	120829	30208	30208	60416
362631	3	120877	30220	30220	60440
362751	3	120917	30230	30230	60460
362823	3	120941	30236	30236	60472
362991	3	120997	30250	30250	60500
363039	3	121013	30254	30254	60508
363063	3	121021	30256	30256	60512
363183	3	121061	30266	30266	60532
363471	3	121157	30290	30290	60580
363543	3	121181	30296	30296	60592
363567	3	121189	30298	30298	60596
363687	3	121229	30308	30308	60616
363927	3	121309	30328	30328	60656
363999	3	121333	30334	30334	60668
364047	3	121349	30338	30338	60676
364071	3	121357	30340	30340	60680
364263	3	121421	30356	30356	60712
364359	3	121453	30364	30364	60728
364407	3	121469	30368	30368	60736
364479	3	121493	30374	30374	60748
364503	3	121501	30376	30376	60752
364863	3	121621	30406	30406	60812
364911	3	121637	30410	30410	60820
364983	3	121661	30416	30416	60832
365367	3	121789	30448	30448	60896
365559	3	121853	30464	30464	60928
365727	3	121909	30478	30478	60956
365847	3	121949	30488	30488	60976
365991	3	121997	30500	30500	61000
366063	3	122021	30506	30506	61012
366087	3	122029	30508	30508	61016
366159	3	122053	30514	30514	61028
366207	3	122069	30518	30518	61036
366351	3	122117	30530	30530	61060
366447	3	122149	30538	30538	61076
366519	3	122173	30544	30544	61088
367167	3	122389	30598	30598	61196
367359	3	122453	30614	30614	61228
367431	3	122477	30620	30620	61240
367503	3	122501	30626	30626	61252
367527	3	122509	30628	30628	61256
367599	3	122533	30634	30634	61268
367671	3	122557	30640	30640	61280
367791	3	122597	30650	30650	61300
367959	3	122653	30664	30664	61328
368079	3	122693	30674	30674	61348
368103	3	122701	30676	30676	61352
368223	3	122741	30686	30686	61372
368367	3	122789	30698	30698	61396
368583	3	122861	30716	30716	61432
368607	3	122869	30718	30718	61436
368871	3	122957	30740	30740	61480
369231	3	123077	30770	30770	61540
369687	3	123229	30808	30808	61616
369807	3	123269	30818	30818	61636
370023	3	123341	30836	30836	61672
370119	3	123373	30844	30844	61688
370191	3	123397	30850	30850	61700
370479	3	123493	30874	30874	61748
370551	3	123517	30880	30880	61760
370743	3	123581	30896	30896	61792
370911	3	123637	30910	30910	61820
370959	3	123653	30914	30914	61828
370983	3	123661	30916	30916	61832
371031	3	123677	30920	30920	61840
371103	3	123701	30926	30926	61852
371199	3	123733	30934	30934	61868
371271	3	123757	30940	30940	61880
371463	3	123821	30956	30956	61912
371487	3	123829	30958	30958	61916
371559	3	123853	30964	30964	61928
371823	3	123941	30986	30986	61972
371919	3	123973	30994	30994	61988
371967	3	123989	30998	30998	61996
371991	3	123997	31000	31000	62000
372063	3	124021	31006	31006	62012
372399	3	124133	31034	31034	62068
372543	3	124181	31046	31046	62092
372639	3	124213	31054	31054	62108
372831	3	124277	31070	31070	62140
372903	3	124301	31076	31076	62152
372927	3	124309	31078	31078	62156
373047	3	124349	31088	31088	62176
373287	3	124429	31108	31108	62216
373431	3	124477	31120	31120	62240
373479	3	124493	31124	31124	62248
373623	3	124541	31136	31136	62272
374007	3	124669	31168	31168	62336
374079	3	124693	31174	31174	62348
374151	3	124717	31180	31180	62360
374343	3	124781	31196	31196	62392
374559	3	124853	31214	31214	62428
374727	3	124909	31228	31228	62456
374943	3	124981	31246	31246	62492
375087	3	125029	31258	31258	62516
375159	3	125053	31264	31264	62528
375279	3	125093	31274	31274	62548
375303	3	125101	31276	31276	62552
375351	3	125117	31280	31280	62560
375423	3	125141	31286	31286	62572
375447	3	125149	31288	31288	62576
375591	3	125197	31300	31300	62600
375663	3	125221	31306	31306	62612
375783	3	125261	31316	31316	62632
375807	3	125269	31318	31318	62636
376287	3	125429	31358	31358	62716
376359	3	125453	31364	31364	62728
376527	3	125509	31378	31378	62756
376791	3	125597	31400	31400	62800
376863	3	125621	31406	31406	62812
377007	3	125669	31418	31418	62836
377079	3	125693	31424	31424	62848
377151	3	125717	31430	31430	62860
377367	3	125789	31448	31448	62896
377439	3	125813	31454	31454	62908
377463	3	125821	31456	31456	62912
377799	3	125933	31484	31484	62968
377823	3	125941	31486	31486	62972
378039	3	126013	31504	31504	63008
378111	3	126037	31510	31510	63020
378519	3	126173	31544	31544	63088
378687	3	126229	31558	31558	63116
378951	3	126317	31580	31580	63160
379023	3	126341	31586	31586	63172
379047	3	126349	31588	31588	63176
379191	3	126397	31600	31600	63200
379263	3	126421	31606	31606	63212
379383	3	126461	31616	31616	63232
379479	3	126493	31624	31624	63248
379551	3	126517	31630	31630	63260
379623	3	126541	31636	31636	63272
379839	3	126613	31654	31654	63308
379959	3	126653	31664	31664	63328
380199	3	126733	31684	31684	63368
380271	3	126757	31690	31690	63380
380343	3	126781	31696	31696	63392
380847	3	126949	31738	31738	63476
380967	3	126989	31748	31748	63496
381111	3	127037	31760	31760	63520
381399	3	127133	31784	31784	63568
381471	3	127157	31790	31790	63580
381567	3	127189	31798	31798	63596
381783	3	127261	31816	31816	63632
381831	3	127277	31820	31820	63640
381903	3	127301	31826	31826	63652
382119	3	127373	31844	31844	63688
382359	3	127453	31864	31864	63728
382479	3	127493	31874	31874	63748
382623	3	127541	31886	31886	63772
382647	3	127549	31888	31888	63776
382791	3	127597	31900	31900	63800
382911	3	127637	31910	31910	63820
383007	3	127669	31918	31918	63836
383127	3	127709	31928	31928	63856
383151	3	127717	31930	31930	63860
383199	3	127733	31934	31934	63868
383343	3	127781	31946	31946	63892
383511	3	127837	31960	31960	63920
383631	3	127877	31970	31970	63940
383919	3	127973	31994	31994	63988
383991	3	127997	32000	32000	64000
384063	3	128021	32006	32006	64012
384159	3	128053	32014	32014	64028
384519	3	128173	32044	32044	64088
384567	3	128189	32048	32048	64096
384639	3	128213	32054	32054	64108
384663	3	128221	32056	32056	64112
384711	3	128237	32060	32060	64120
385023	3	128341	32086	32086	64172
385167	3	128389	32098	32098	64196
385239	3	128413	32104	32104	64208
385311	3	128437	32110	32110	64220
385383	3	128461	32116	32116	64232
385431	3	128477	32120	32120	64240
385527	3	128509	32128	32128	64256
385647	3	128549	32138	32138	64276
385863	3	128621	32156	32156	64312
385887	3	128629	32158	32158	64316
386007	3	128669	32168	32168	64336
386031	3	128677	32170	32170	64340
386079	3	128693	32174	32174	64348
386151	3	128717	32180	32180	64360
386247	3	128749	32188	32188	64376
386439	3	128813	32204	32204	64408
386511	3	128837	32210	32210	64420
386583	3	128861	32216	32216	64432
386823	3	128941	32236	32236	64472
386943	3	128981	32246	32246	64492
387111	3	129037	32260	32260	64520
387183	3	129061	32266	32266	64532
387591	3	129197	32300	32300	64600
387663	3	129221	32306	32306	64612
387687	3	129229	32308	32308	64616
387831	3	129277	32320	32320	64640
387879	3	129293	32324	32324	64648
388023	3	129341	32336	32336	64672
388383	3	129461	32366	32366	64732
388407	3	129469	32368	32368	64736
388527	3	129509	32378	32378	64756
388551	3	129517	32380	32380	64760
388599	3	129533	32384	32384	64768
388743	3	129581	32396	32396	64792
388767	3	129589	32398	32398	64796
388887	3	129629	32408	32408	64816
389199	3	129733	32434	32434	64868
389247	3	129749	32438	32438	64876
389271	3	129757	32440	32440	64880
389559	3	129853	32464	32464	64928
389679	3	129893	32474	32474	64948
389703	3	129901	32476	32476	64952
389751	3	129917	32480	32480	64960
390063	3	130021	32506	32506	65012
390207	3	130069	32518	32518	65036
390759	3	130253	32564	32564	65128
390783	3	130261	32566	32566	65132
391047	3	130349	32588	32588	65176
391407	3	130469	32618	32618	65236
391431	3	130477	32620	32620	65240
391551	3	130517	32630	32630	65260
391767	3	130589	32648	32648	65296
391863	3	130621	32656	32656	65312
392079	3	130693	32674	32674	65348
392487	3	130829	32708	32708	65416
392871	3	130957	32740	32740	65480
392919	3	130973	32744	32744	65488
392943	3	130981	32746	32746	65492
393303	3	131101	32776	32776	65552
393447	3	131149	32788	32788	65576
393639	3	131213	32804	32804	65608
393663	3	131221	32806	32806	65612
393879	3	131293	32824	32824	65648
393951	3	131317	32830	32830	65660
394071	3	131357	32840	32840	65680
394143	3	131381	32846	32846	65692
394239	3	131413	32854	32854	65708
394311	3	131437	32860	32860	65720
394431	3	131477	32870	32870	65740
394503	3	131501	32876	32876	65752
394743	3	131581	32896	32896	65792
395103	3	131701	32926	32926	65852
395247	3	131749	32938	32938	65876
395391	3	131797	32950	32950	65900
395511	3	131837	32960	32960	65920
395583	3	131861	32966	32966	65932
395679	3	131893	32974	32974	65948
395727	3	131909	32978	32978	65956
395799	3	131933	32984	32984	65968
395823	3	131941	32986	32986	65972
396327	3	132109	33028	33028	66056
396471	3	132157	33040	33040	66080
396519	3	132173	33044	33044	66088
396687	3	132229	33058	33058	66116
397263	3	132421	33106	33106	66212
397311	3	132437	33110	33110	66220
397407	3	132469	33118	33118	66236
397599	3	132533	33134	33134	66268
397623	3	132541	33136	33136	66272
397767	3	132589	33148	33148	66296
397911	3	132637	33160	33160	66320
397983	3	132661	33166	33166	66332
398103	3	132701	33176	33176	66352
398127	3	132709	33178	33178	66356
398247	3	132749	33188	33188	66376
398271	3	132757	33190	33190	66380
398679	3	132893	33224	33224	66448
398847	3	132949	33238	33238	66476
398967	3	132989	33248	33248	66496
399039	3	133013	33254	33254	66508
399207	3	133069	33268	33268	66536
399327	3	133109	33278	33278	66556
399351	3	133117	33280	33280	66560
399471	3	133157	33290	33290	66580
399639	3	133213	33304	33304	66608
399759	3	133253	33314	33314	66628
399783	3	133261	33316	33316	66632
399831	3	133277	33320	33320	66640
400047	3	133349	33338	33338	66676
400479	3	133493	33374	33374	66748
400623	3	133541	33386	33386	66772
400791	3	133597	33400	33400	66800
401007	3	133669	33418	33418	66836
401127	3	133709	33428	33428	66856
401151	3	133717	33430	33430	66860
401199	3	133733	33434	33434	66868
401343	3	133781	33446	33446	66892
401439	3	133813	33454	33454	66908
401559	3	133853	33464	33464	66928
401631	3	133877	33470	33470	66940
401847	3	133949	33488	33488	66976
401943	3	133981	33496	33496	66992
402159	3	134053	33514	33514	67028
402231	3	134077	33520	33520	67040
402279	3	134093	33524	33524	67048
402639	3	134213	33554	33554	67108
402807	3	134269	33568	33568	67136
402879	3	134293	33574	33574	67148
402999	3	134333	33584	33584	67168
403023	3	134341	33586	33586	67172
403311	3	134437	33610	33610	67220
403743	3	134581	33646	33646	67292
403791	3	134597	33650	33650	67300
404007	3	134669	33668	33668	67336
404031	3	134677	33670	33670	67340
404223	3	134741	33686	33686	67372
404367	3	134789	33698	33698	67396
404511	3	134837	33710	33710	67420
404727	3	134909	33728	33728	67456
404751	3	134917	33730	33730	67460
404967	3	134989	33748	33748	67496
405087	3	135029	33758	33758	67516
405231	3	135077	33770	33770	67540
405303	3	135101	33776	33776	67552
405519	3	135173	33794	33794	67588
405543	3	135181	33796	33796	67592
405591	3	135197	33800	33800	67600
405663	3	135221	33806	33806	67612
405831	3	135277	33820	33820	67640
405903	3	135301	33826	33826	67652
406047	3	135349	33838	33838	67676
406167	3	135389	33848	33848	67696
406383	3	135461	33866	33866	67732
406407	3	135469	33868	33868	67736
406599	3	135533	33884	33884	67768
406743	3	135581	33896	33896	67792
406767	3	135589	33898	33898	67796
406839	3	135613	33904	33904	67808
406911	3	135637	33910	33910	67820
406983	3	135661	33916	33916	67832
407103	3	135701	33926	33926	67852
407271	3	135757	33940	33940	67880
407343	3	135781	33946	33946	67892
407487	3	135829	33958	33958	67916
407679	3	135893	33974	33974	67948
408039	3	136013	34004	34004	68008
408207	3	136069	34018	34018	68036
408279	3	136093	34024	34024	68048
408399	3	136133	34034	34034	68068
408567	3	136189	34048	34048	68096
408711	3	136237	34060	34060	68120
408783	3	136261	34066	34066	68132
408831	3	136277	34070	34070	68140
408927	3	136309	34078	34078	68156
408999	3	136333	34084	34084	68168
409119	3	136373	34094	34094	68188
409191	3	136397	34100	34100	68200
409263	3	136421	34106	34106	68212
409287	3	136429	34108	34108	68216
409359	3	136453	34114	34114	68228
409503	3	136501	34126	34126	68252
409623	3	136541	34136	34136	68272
409719	3	136573	34144	34144	68288
409863	3	136621	34156	34156	68312
410079	3	136693	34174	34174	68348
410127	3	136709	34178	34178	68356
410199	3	136733	34184	34184	68368
410439	3	136813	34204	34204	68408
410583	3	136861	34216	34216	68432
410847	3	136949	34238	34238	68476
410919	3	136973	34244	34244	68488
411087	3	137029	34258	34258	68516
411231	3	137077	34270	34270	68540
411351	3	137117	34280	34280	68560
411591	3	137197	34300	34300	68600
412023	3	137341	34336	34336	68672
412239	3	137413	34354	34354	68708
412311	3	137437	34360	34360	68720
412359	3	137453	34364	34364	68728
412431	3	137477	34370	34370	68740
412719	3	137573	34394	34394	68788
412791	3	137597	34400	34400	68800
412959	3	137653	34414	34414	68828
413607	3	137869	34468	34468	68936
413727	3	137909	34478	34478	68956
413799	3	137933	34484	34484	68968
413823	3	137941	34486	34486	68972
413871	3	137957	34490	34490	68980
414159	3	138053	34514	34514	69028
414231	3	138077	34520	34520	69040
414303	3	138101	34526	34526	69052
414471	3	138157	34540	34540	69080
414543	3	138181	34546	34546	69092
414591	3	138197	34550	34550	69100
415047	3	138349	34588	34588	69176
415119	3	138373	34594	34594	69188
415167	3	138389	34598	34598	69196
415383	3	138461	34616	34616	69232
415407	3	138469	34618	34618	69236
415479	3	138493	34624	34624	69248
415551	3	138517	34630	34630	69260
415743	3	138581	34646	34646	69292
415887	3	138629	34658	34658	69316
415911	3	138637	34660	34660	69320
415983	3	138661	34666	34666	69332
416391	3	138797	34700	34700	69400
416463	3	138821	34706	34706	69412
416487	3	138829	34708	34708	69416
416607	3	138869	34718	34718	69436
416679	3	138893	34724	34724	69448
416751	3	138917	34730	34730	69460
417063	3	139021	34756	34756	69512
417327	3	139109	34778	34778	69556
417399	3	139133	34784	34784	69568
417903	3	139301	34826	34826	69652
417927	3	139309	34828	34828	69656
417999	3	139333	34834	34834	69668
418191	3	139397	34850	34850	69700
418287	3	139429	34858	34858	69716
418479	3	139493	34874	34874	69748
418503	3	139501	34876	34876	69752
418767	3	139589	34898	34898	69796
418791	3	139597	34900	34900	69800
418983	3	139661	34916	34916	69832
419127	3	139709	34928	34928	69856
419439	3	139813	34954	34954	69908
419511	3	139837	34960	34960	69920
419583	3	139861	34966	34966	69932
419703	3	139901	34976	34976	69952
419943	3	139981	34996	34996	69992
420159	3	140053	35014	35014	70028
420207	3	140069	35018	35018	70036
420591	3	140197	35050	35050	70100
420663	3	140221	35056	35056	70112
420711	3	140237	35060	35060	70120
420807	3	140269	35068	35068	70136
420951	3	140317	35080	35080	70160
420999	3	140333	35084	35084	70168
421143	3	140381	35096	35096	70192
421359	3	140453	35114	35114	70228
421431	3	140477	35120	35120	70240
421599	3	140533	35134	35134	70268
421647	3	140549	35138	35138	70276
421671	3	140557	35140	35140	70280
421887	3	140629	35158	35158	70316
422031	3	140677	35170	35170	70340
422151	3	140717	35180	35180	70360
422223	3	140741	35186	35186	70372
422319	3	140773	35194	35194	70388
422391	3	140797	35200	35200	70400
422439	3	140813	35204	35204	70408
422511	3	140837	35210	35210	70420
422607	3	140869	35218	35218	70436
422679	3	140893	35224	35224	70448
422727	3	140909	35228	35228	70456
422967	3	140989	35248	35248	70496
423183	3	141061	35266	35266	70532
423303	3	141101	35276	35276	70552
423471	3	141157	35290	35290	70580
423543	3	141181	35296	35296	70592
423663	3	141221	35306	35306	70612
423807	3	141269	35318	35318	70636
423831	3	141277	35320	35320	70640
423903	3	141301	35326	35326	70652
424191	3	141397	35350	35350	70700
424239	3	141413	35354	35354	70708
424383	3	141461	35366	35366	70732
424527	3	141509	35378	35378	70756
424839	3	141613	35404	35404	70808
424887	3	141629	35408	35408	70816
424911	3	141637	35410	35410	70820
424959	3	141653	35414	35414	70828
425031	3	141677	35420	35420	70840
425127	3	141709	35428	35428	70856
425319	3	141773	35444	35444	70888
425487	3	141829	35458	35458	70916
425559	3	141853	35464	35464	70928
425751	3	141917	35480	35480	70960
425823	3	141941	35486	35486	70972
426183	3	142061	35516	35516	71032
426471	3	142157	35540	35540	71080
426567	3	142189	35548	35548	71096
426711	3	142237	35560	35560	71120
427071	3	142357	35590	35590	71180
427143	3	142381	35596	35596	71192
427263	3	142421	35606	35606	71212
427359	3	142453	35614	35614	71228
427407	3	142469	35618	35618	71236
427503	3	142501	35626	35626	71252
427719	3	142573	35644	35644	71288
427767	3	142589	35648	35648	71296
428199	3	142733	35684	35684	71368
428271	3	142757	35690	35690	71380
428367	3	142789	35698	35698	71396
428511	3	142837	35710	35710	71420
428847	3	142949	35738	35738	71476
428919	3	142973	35744	35744	71488
428943	3	142981	35746	35746	71492
429159	3	143053	35764	35764	71528
429279	3	143093	35774	35774	71548
429423	3	143141	35786	35786	71572
429591	3	143197	35800	35800	71600
429783	3	143261	35816	35816	71632
429999	3	143333	35834	35834	71668
430071	3	143357	35840	35840	71680
430239	3	143413	35854	35854	71708
430383	3	143461	35866	35866	71732
430431	3	143477	35870	35870	71740
430503	3	143501	35876	35876	71752
430527	3	143509	35878	35878	71756
430719	3	143573	35894	35894	71788
430887	3	143629	35908	35908	71816
430959	3	143653	35914	35914	71828
431007	3	143669	35918	35918	71836
431031	3	143677	35920	35920	71840
431391	3	143797	35950	35950	71900
431439	3	143813	35954	35954	71908
431463	3	143821	35956	35956	71912
431727	3	143909	35978	35978	71956
431943	3	143981	35996	35996	71992
432039	3	144013	36004	36004	72008
432111	3	144037	36010	36010	72020
432183	3	144061	36016	36016	72032
432519	3	144173	36044	36044	72088
432759	3	144253	36064	36064	72128
433023	3	144341	36086	36086	72172
433047	3	144349	36088	36088	72176
433239	3	144413	36104	36104	72208
433383	3	144461	36116	36116	72232
433623	3	144541	36136	36136	72272
433767	3	144589	36148	36148	72296
433887	3	144629	36158	36158	72316
434103	3	144701	36176	36176	72352
434127	3	144709	36178	36178	72356
434271	3	144757	36190	36190	72380
434319	3	144773	36194	36194	72388
434487	3	144829	36208	36208	72416
434751	3	144917	36230	36230	72460
434823	3	144941	36236	36236	72472
434919	3	144973	36244	36244	72488
435063	3	145021	36256	36256	72512
435111	3	145037	36260	36260	72520
435207	3	145069	36268	36268	72536
435327	3	145109	36278	36278	72556
435399	3	145133	36284	36284	72568
435639	3	145213	36304	36304	72608
435759	3	145253	36314	36314	72628
436047	3	145349	36338	36338	72676
436143	3	145381	36346	36346	72692
436431	3	145477	36370	36370	72740
436503	3	145501	36376	36376	72752
436551	3	145517	36380	36380	72760
436647	3	145549	36388	36388	72776
436767	3	145589	36398	36398	72796
436911	3	145637	36410	36410	72820
436983	3	145661	36416	36416	72832
437127	3	145709	36428	36428	72856
437271	3	145757	36440	36440	72880
437487	3	145829	36458	36458	72916
437583	3	145861	36466	36466	72932
437799	3	145933	36484	36484	72968
437847	3	145949	36488	36488	72976
438063	3	146021	36506	36506	73012
438231	3	146077	36520	36520	73040
438279	3	146093	36524	36524	73048
438351	3	146117	36530	36530	73060
438423	3	146141	36536	36536	73072
438519	3	146173	36544	36544	73088
438591	3	146197	36550	36550	73100
438639	3	146213	36554	36554	73108
438663	3	146221	36556	36556	73112
438927	3	146309	36578	36578	73156
438951	3	146317	36580	36580	73160
439143	3	146381	36596	36596	73192
439167	3	146389	36598	36598	73196
439311	3	146437	36610	36610	73220
439431	3	146477	36620	36620	73240
439743	3	146581	36646	36646	73292
440007	3	146669	36668	36668	73336
440031	3	146677	36670	36670	73340
440103	3	146701	36676	36676	73352
440247	3	146749	36688	36688	73376
440511	3	146837	36710	36710	73420
440679	3	146893	36724	36724	73448
440751	3	146917	36730	36730	73460
440799	3	146933	36734	36734	73468
440823	3	146941	36736	36736	73472
440967	3	146989	36748	36748	73496
441087	3	147029	36758	36758	73516
441591	3	147197	36800	36800	73600
441663	3	147221	36806	36806	73612
441687	3	147229	36808	36808	73616
441759	3	147253	36814	36814	73628
441879	3	147293	36824	36824	73648
442023	3	147341	36836	36836	73672
442191	3	147397	36850	36850	73700
442551	3	147517	36880	36880	73760
442623	3	147541	36886	36886	73772
442671	3	147557	36890	36890	73780
442839	3	147613	36904	36904	73808
442887	3	147629	36908	36908	73816
442983	3	147661	36916	36916	73832
443127	3	147709	36928	36928	73856
443319	3	147773	36944	36944	73888
443559	3	147853	36964	36964	73928
443847	3	147949	36988	36988	73976
443991	3	147997	37000	37000	74000
444039	3	148013	37004	37004	74008
444063	3	148021	37006	37006	74012
444183	3	148061	37016	37016	74032
444471	3	148157	37040	37040	74080
444687	3	148229	37058	37058	74116
444903	3	148301	37076	37076	74152
445143	3	148381	37096	37096	74192
445287	3	148429	37108	37108	74216
445407	3	148469	37118	37118	74236
445503	3	148501	37126	37126	74252
445551	3	148517	37130	37130	74260
445647	3	148549	37138	37138	74276
445719	3	148573	37144	37144	74288
446007	3	148669	37168	37168	74336
446079	3	148693	37174	37174	74348
446343	3	148781	37196	37196	74392
446487	3	148829	37208	37208	74416
446559	3	148853	37214	37214	74428
446583	3	148861	37216	37216	74432
446799	3	148933	37234	37234	74468
446847	3	148949	37238	37238	74476
446871	3	148957	37240	37240	74480
446991	3	148997	37250	37250	74500
447063	3	149021	37256	37256	74512
447159	3	149053	37264	37264	74528
447207	3	149069	37268	37268	74536
447231	3	149077	37270	37270	74540
447303	3	149101	37276	37276	74552
447519	3	149173	37294	37294	74588
447591	3	149197	37300	37300	74600
447639	3	149213	37304	37304	74608
447807	3	149269	37318	37318	74636
447927	3	149309	37328	37328	74656
447999	3	149333	37334	37334	74668
448023	3	149341	37336	37336	74672
448143	3	149381	37346	37346	74692
448599	3	149533	37384	37384	74768
448887	3	149629	37408	37408	74816
449151	3	149717	37430	37430	74860
449247	3	149749	37438	37438	74876
449511	3	149837	37460	37460	74920
449583	3	149861	37466	37466	74932
449679	3	149893	37474	37474	74948
449727	3	149909	37478	37478	74956
450159	3	150053	37514	37514	75028
450183	3	150061	37516	37516	75032
450231	3	150077	37520	37520	75040
450591	3	150197	37550	37550	75100
450663	3	150221	37556	37556	75112
450903	3	150301	37576	37576	75152
451119	3	150373	37594	37594	75188
451239	3	150413	37604	37604	75208
451551	3	150517	37630	37630	75260
451599	3	150533	37634	37634	75268
451767	3	150589	37648	37648	75296
452391	3	150797	37700	37700	75400
452607	3	150869	37718	37718	75436
452679	3	150893	37724	37724	75448
452703	3	150901	37726	37726	75452
452967	3	150989	37748	37748	75496
453039	3	151013	37754	37754	75508
453423	3	151141	37786	37786	75572
453471	3	151157	37790	37790	75580
453567	3	151189	37798	37798	75596
453639	3	151213	37804	37804	75608
453711	3	151237	37810	37810	75620
453759	3	151253	37814	37814	75628
454071	3	151357	37840	37840	75680
454143	3	151381	37846	37846	75692
454191	3	151397	37850	37850	75700
454287	3	151429	37858	37858	75716
454431	3	151477	37870	37870	75740
454551	3	151517	37880	37880	75760
454647	3	151549	37888	37888	75776
454719	3	151573	37894	37894	75788
454791	3	151597	37900	37900	75800
454911	3	151637	37910	37910	75820
455079	3	151693	37924	37924	75848
455151	3	151717	37930	37930	75860
455199	3	151733	37934	37934	75868
455439	3	151813	37954	37954	75908
455703	3	151901	37976	37976	75952
455727	3	151909	37978	37978	75956
456087	3	152029	38008	38008	76016
456231	3	152077	38020	38020	76040
456279	3	152093	38024	38024	76048
456567	3	152189	38048	38048	76096
456591	3	152197	38050	38050	76100
456639	3	152213	38054	38054	76108
456879	3	152293	38074	38074	76148
457143	3	152381	38096	38096	76192
457167	3	152389	38098	38098	76196
457287	3	152429	38108	38108	76216
457383	3	152461	38116	38116	76232
457503	3	152501	38126	38126	76252
457599	3	152533	38134	38134	76268
457791	3	152597	38150	38150	76300
457887	3	152629	38158	38158	76316
458151	3	152717	38180	38180	76360
458463	3	152821	38206	38206	76412
458511	3	152837	38210	38210	76420
458727	3	152909	38228	38228	76456
458823	3	152941	38236	38236	76472
458943	3	152981	38246	38246	76492
458967	3	152989	38248	38248	76496
459231	3	153077	38270	38270	76540
459399	3	153133	38284	38284	76568
459807	3	153269	38318	38318	76636
459831	3	153277	38320	38320	76640
460263	3	153421	38356	38356	76712
460311	3	153437	38360	38360	76720
460407	3	153469	38368	38368	76736
460527	3	153509	38378	38378	76756
460599	3	153533	38384	38384	76768
460671	3	153557	38390	38390	76780
460767	3	153589	38398	38398	76796
461103	3	153701	38426	38426	76852
461199	3	153733	38434	38434	76868
461247	3	153749	38438	38438	76876
461271	3	153757	38440	38440	76880
461631	3	153877	38470	38470	76940
461823	3	153941	38486	38486	76972
461847	3	153949	38488	38488	76976
461991	3	153997	38500	38500	77000
462183	3	154061	38516	38516	77032
462471	3	154157	38540	38540	77080
462543	3	154181	38546	38546	77092
462639	3	154213	38554	38554	77108
462687	3	154229	38558	38558	77116
462831	3	154277	38570	38570	77140
462999	3	154333	38584	38584	77168
463119	3	154373	38594	38594	77188
463479	3	154493	38624	38624	77248
463503	3	154501	38626	38626	77252
463719	3	154573	38644	38644	77288
463767	3	154589	38648	38648	77296
463839	3	154613	38654	38654	77308
463863	3	154621	38656	38656	77312
464007	3	154669	38668	38668	77336
464199	3	154733	38684	38684	77368
464367	3	154789	38698	38698	77396
464631	3	154877	38720	38720	77440
464799	3	154933	38734	38734	77468
464943	3	154981	38746	38746	77492
465207	3	155069	38768	38768	77536
465807	3	155269	38818	38818	77636
465951	3	155317	38830	38830	77660
465999	3	155333	38834	38834	77668
466143	3	155381	38846	38846	77692
466239	3	155413	38854	38854	77708
466359	3	155453	38864	38864	77728
466383	3	155461	38866	38866	77732
466503	3	155501	38876	38876	77752
466527	3	155509	38878	38878	77756
466671	3	155557	38890	38890	77780
466743	3	155581	38896	38896	77792
466863	3	155621	38906	38906	77812
466959	3	155653	38914	38914	77828
467079	3	155693	38924	38924	77848
467151	3	155717	38930	38930	77860
467223	3	155741	38936	38936	77872
467319	3	155773	38944	38944	77888
467391	3	155797	38950	38950	77900
467463	3	155821	38956	38956	77912
467583	3	155861	38966	38966	77932
467679	3	155893	38974	38974	77948
468183	3	156061	39016	39016	78032
468327	3	156109	39028	39028	78056
468471	3	156157	39040	39040	78080
468687	3	156229	39058	39058	78116
468759	3	156253	39064	39064	78128
468807	3	156269	39068	39068	78136
469263	3	156421	39106	39106	78212
469311	3	156437	39110	39110	78220
469479	3	156493	39124	39124	78248
469767	3	156589	39148	39148	78296
470031	3	156677	39170	39170	78340
470199	3	156733	39184	39184	78368
470247	3	156749	39188	39188	78376
470343	3	156781	39196	39196	78392
470391	3	156797	39200	39200	78400
470703	3	156901	39226	39226	78452
470823	3	156941	39236	39236	78472
471039	3	157013	39254	39254	78508
471111	3	157037	39260	39260	78520
471183	3	157061	39266	39266	78532
471327	3	157109	39278	39278	78556
471399	3	157133	39284	39284	78568
471423	3	157141	39286	39286	78572
471543	3	157181	39296	39296	78592
471567	3	157189	39298	39298	78596
471687	3	157229	39308	39308	78616
471759	3	157253	39314	39314	78628
471831	3	157277	39320	39320	78640
472047	3	157349	39338	39338	78676
472287	3	157429	39358	39358	78716
472431	3	157477	39370	39370	78740
472911	3	157637	39410	39410	78820
473007	3	157669	39418	39418	78836
473199	3	157733	39434	39434	78868
473439	3	157813	39454	39454	78908
473511	3	157837	39460	39460	78920
473631	3	157877	39470	39470	78940
473703	3	157901	39476	39476	78952
473799	3	157933	39484	39484	78968
474087	3	158029	39508	39508	79016
474231	3	158077	39520	39520	79040
474423	3	158141	39536	39536	79072
474567	3	158189	39548	39548	79096
474783	3	158261	39566	39566	79132
474807	3	158269	39568	39568	79136
474879	3	158293	39574	39574	79148
475023	3	158341	39586	39586	79172
475071	3	158357	39590	39590	79180
475287	3	158429	39608	39608	79216
475719	3	158573	39644	39644	79288
475743	3	158581	39646	39646	79292
475791	3	158597	39650	39650	79300
475863	3	158621	39656	39656	79312
476247	3	158749	39688	39688	79376
476727	3	158909	39728	39728	79456
476823	3	158941	39736	39736	79472
476943	3	158981	39746	39746	79492
477039	3	159013	39754	39754	79508
477471	3	159157	39790	39790	79580
477879	3	159293	39824	39824	79648
478047	3	159349	39838	39838	79676
478167	3	159389	39848	39848	79696
478263	3	159421	39856	39856	79712
478311	3	159437	39860	39860	79720
478407	3	159469	39868	39868	79736
478623	3	159541	39886	39886	79772
478767	3	159589	39898	39898	79796
478887	3	159629	39908	39908	79816
479103	3	159701	39926	39926	79852
479319	3	159773	39944	39944	79888
479559	3	159853	39964	39964	79928
479607	3	159869	39968	39968	79936
480279	3	160093	40024	40024	80048
480351	3	160117	40030	40030	80060
480423	3	160141	40036	40036	80072
480759	3	160253	40064	40064	80128
480927	3	160309	40078	40078	80156
481071	3	160357	40090	40090	80180
481119	3	160373	40094	40094	80188
481191	3	160397	40100	40100	80200
481359	3	160453	40114	40114	80228
481623	3	160541	40136	40136	80272
481863	3	160621	40156	40156	80312
481911	3	160637	40160	40160	80320
482007	3	160669	40168	40168	80336
482127	3	160709	40178	40178	80356
482271	3	160757	40190	40190	80380
482343	3	160781	40196	40196	80392
482367	3	160789	40198	40198	80396
482439	3	160813	40204	40204	80408
482487	3	160829	40208	40208	80416
482583	3	160861	40216	40216	80432
482631	3	160877	40220	40220	80440
482799	3	160933	40234	40234	80468
482943	3	160981	40246	40246	80492
482991	3	160997	40250	40250	80500
483159	3	161053	40264	40264	80528
483279	3	161093	40274	40274	80548
483423	3	161141	40286	40286	80572
483447	3	161149	40288	40288	80576
483663	3	161221	40306	40306	80612
483711	3	161237	40310	40310	80620
483927	3	161309	40328	40328	80656
483999	3	161333	40334	40334	80668
484023	3	161341	40336	40336	80672
484359	3	161453	40364	40364	80728
484383	3	161461	40366	40366	80732
484719	3	161573	40394	40394	80788
485151	3	161717	40430	40430	80860
485223	3	161741	40436	40436	80872
485319	3	161773	40444	40444	80888
485607	3	161869	40468	40468	80936
485871	3	161957	40490	40490	80980
486159	3	162053	40514	40514	81028
486327	3	162109	40528	40528	81056
486663	3	162221	40556	40556	81112
486687	3	162229	40558	40558	81116
486807	3	162269	40568	40568	81136
486831	3	162277	40570	40570	81140
486879	3	162293	40574	40574	81148
487167	3	162389	40598	40598	81196
487239	3	162413	40604	40604	81208
487479	3	162493	40624	40624	81248
487551	3	162517	40630	40630	81260
487671	3	162557	40640	40640	81280
487887	3	162629	40658	40658	81316
488031	3	162677	40670	40670	81340
488127	3	162709	40678	40678	81356
488247	3	162749	40688	40688	81376
488463	3	162821	40706	40706	81412
488487	3	162829	40708	40708	81416
488559	3	162853	40714	40714	81428
488703	3	162901	40726	40726	81452
488751	3	162917	40730	40730	81460
488919	3	162973	40744	40744	81488
488967	3	162989	40748	40748	81496
488991	3	162997	40750	40750	81500
489063	3	163021	40756	40756	81512
489183	3	163061	40766	40766	81532
489327	3	163109	40778	40778	81556
489351	3	163117	40780	40780	81560
489543	3	163181	40796	40796	81592
489927	3	163309	40828	40828	81656
490407	3	163469	40868	40868	81736
490431	3	163477	40870	40870	81740
490551	3	163517	40880	40880	81760
490719	3	163573	40894	40894	81788
490839	3	163613	40904	40904	81808
490863	3	163621	40906	40906	81812
490911	3	163637	40910	40910	81820
490983	3	163661	40916	40916	81832
491199	3	163733	40934	40934	81868
491223	3	163741	40936	40936	81872
491343	3	163781	40946	40946	81892
491367	3	163789	40948	40948	81896
491559	3	163853	40964	40964	81928
491583	3	163861	40966	40966	81932
491703	3	163901	40976	40976	81952
491727	3	163909	40978	40978	81956
491919	3	163973	40994	40994	81988
491943	3	163981	40996	40996	81992
491991	3	163997	41000	41000	82000
492279	3	164093	41024	41024	82048
492351	3	164117	41030	41030	82060
492447	3	164149	41038	41038	82076
492519	3	164173	41044	41044	82088
492927	3	164309	41078	41078	82156
493023	3	164341	41086	41086	82172
493071	3	164357	41090	41090	82180
493239	3	164413	41104	41104	82208
493287	3	164429	41108	41108	82216
493431	3	164477	41120	41120	82240
493743	3	164581	41146	41146	82292
493863	3	164621	41156	41156	82312
493959	3	164653	41164	41164	82328
494031	3	164677	41170	41170	82340
494103	3	164701	41176	41176	82352
494367	3	164789	41198	41198	82396
494463	3	164821	41206	41206	82412
494511	3	164837	41210	41210	82420
494679	3	164893	41224	41224	82448
495111	3	165037	41260	41260	82520
495399	3	165133	41284	41284	82568
495519	3	165173	41294	41294	82588
495543	3	165181	41296	41296	82592
495687	3	165229	41308	41308	82616
495879	3	165293	41324	41324	82648
495951	3	165317	41330	41330	82660
496047	3	165349	41338	41338	82676
496191	3	165397	41350	41350	82700
496311	3	165437	41360	41360	82720
496407	3	165469	41368	41368	82736
496599	3	165533	41384	41384	82768
496623	3	165541	41386	41386	82772
496767	3	165589	41398	41398	82796
496959	3	165653	41414	41414	82828
497103	3	165701	41426	41426	82852
497127	3	165709	41428	41428	82856
497247	3	165749	41438	41438	82876
497487	3	165829	41458	41458	82916
497631	3	165877	41470	41470	82940
497703	3	165901	41476	41476	82952
497823	3	165941	41486	41486	82972
498039	3	166013	41504	41504	83008
498063	3	166021	41506	41506	83012
498471	3	166157	41540	41540	83080
498567	3	166189	41548	41548	83096
498711	3	166237	41560	41560	83120
498903	3	166301	41576	41576	83152
499047	3	166349	41588	41588	83176
499071	3	166357	41590	41590	83180
499287	3	166429	41608	41608	83216
499623	3	166541	41636	41636	83272
499791	3	166597	41650	41650	83300
499839	3	166613	41654	41654	83308
55	5	11	3	4	7
95	5	19	5	6	11
215	5	43	11	12	23
295	5	59	15	16	31
335	5	67	17	18	35
415	5	83	21	22	43
535	5	107	27	28	55
655	5	131	33	34	67
695	5	139	35	36	71
815	5	163	41	42	83
895	5	179	45	46	91
1055	5	211	53	54	107
1135	5	227	57	58	115
1255	5	251	63	64	127
1415	5	283	71	72	143
1535	5	307	77	78	155
1655	5	331	83	84	167
1735	5	347	87	88	175
1895	5	379	95	96	191
2095	5	419	105	106	211
2215	5	443	111	112	223
2335	5	467	117	118	235
2455	5	491	123	124	247
2495	5	499	125	126	251
2615	5	523	131	132	263
2735	5	547	137	138	275
2815	5	563	141	142	283
2855	5	571	143	144	287
2935	5	587	147	148	295
3095	5	619	155	156	311
3215	5	643	161	162	323
3295	5	659	165	166	331
3415	5	683	171	172	343
3455	5	691	173	174	347
3695	5	739	185	186	371
3935	5	787	197	198	395
4055	5	811	203	204	407
4135	5	827	207	208	415
4295	5	859	215	216	431
4415	5	883	221	222	443
4535	5	907	227	228	455
4735	5	947	237	238	475
4855	5	971	243	244	487
5095	5	1019	255	256	511
5255	5	1051	263	264	527
5455	5	1091	273	274	547
5615	5	1123	281	282	563
5815	5	1163	291	292	583
5855	5	1171	293	294	587
5935	5	1187	297	298	595
6295	5	1259	315	316	631
6415	5	1283	321	322	643
6455	5	1291	323	324	647
6535	5	1307	327	328	655
7135	5	1427	357	358	715
7255	5	1451	363	364	727
7295	5	1459	365	366	731
7415	5	1483	371	372	743
7495	5	1499	375	376	751
7615	5	1523	381	382	763
7655	5	1531	383	384	767
7855	5	1571	393	394	787
7895	5	1579	395	396	791
8095	5	1619	405	406	811
8135	5	1627	407	408	815
8335	5	1667	417	418	835
8495	5	1699	425	426	851
8615	5	1723	431	432	863
8735	5	1747	437	438	875
8935	5	1787	447	448	895
9055	5	1811	453	454	907
9335	5	1867	467	468	935
9535	5	1907	477	478	955
9655	5	1931	483	484	967
9895	5	1979	495	496	991
9935	5	1987	497	498	995
10015	5	2003	501	502	1003
10055	5	2011	503	504	1007
10135	5	2027	507	508	1015
10415	5	2083	521	522	1043
10495	5	2099	525	526	1051
10655	5	2131	533	534	1067
10895	5	2179	545	546	1091
11015	5	2203	551	552	1103
11215	5	2243	561	562	1123
11255	5	2251	563	564	1127
11335	5	2267	567	568	1135
11695	5	2339	585	586	1171
11735	5	2347	587	588	1175
11855	5	2371	593	594	1187
12055	5	2411	603	604	1207
12295	5	2459	615	616	1231
12335	5	2467	617	618	1235
12655	5	2531	633	634	1267
12695	5	2539	635	636	1271
12895	5	2579	645	646	1291
13295	5	2659	665	666	1331
13415	5	2683	671	672	1343
13495	5	2699	675	676	1351
13535	5	2707	677	678	1355
13655	5	2731	683	684	1367
14015	5	2803	701	702	1403
14095	5	2819	705	706	1411
14215	5	2843	711	712	1423
14255	5	2851	713	714	1427
14695	5	2939	735	736	1471
14815	5	2963	741	742	1483
14855	5	2971	743	744	1487
15055	5	3011	753	754	1507
15095	5	3019	755	756	1511
15335	5	3067	767	768	1535
15415	5	3083	771	772	1543
15815	5	3163	791	792	1583
15935	5	3187	797	798	1595
16015	5	3203	801	802	1603
16255	5	3251	813	814	1627
16295	5	3259	815	816	1631
16495	5	3299	825	826	1651
16535	5	3307	827	828	1655
16615	5	3323	831	832	1663
16655	5	3331	833	834	1667
16735	5	3347	837	838	1675
16855	5	3371	843	844	1687
17335	5	3467	867	868	1735
17455	5	3491	873	874	1747
17495	5	3499	875	876	1751
17695	5	3539	885	886	1771
17735	5	3547	887	888	1775
17855	5	3571	893	894	1787
18215	5	3643	911	912	1823
18295	5	3659	915	916	1831
18455	5	3691	923	924	1847
18695	5	3739	935	936	1871
18895	5	3779	945	946	1891
19015	5	3803	951	952	1903
19255	5	3851	963	964	1927
19535	5	3907	977	978	1955
19615	5	3923	981	982	1963
19655	5	3931	983	984	1967
19735	5	3947	987	988	1975
20015	5	4003	1001	1002	2003
20095	5	4019	1005	1006	2011
20135	5	4027	1007	1008	2015
20255	5	4051	1013	1014	2027
20455	5	4091	1023	1024	2047
20495	5	4099	1025	1026	2051
20695	5	4139	1035	1036	2071
21055	5	4211	1053	1054	2107
21095	5	4219	1055	1056	2111
21215	5	4243	1061	1062	2123
21295	5	4259	1065	1066	2131
21415	5	4283	1071	1072	2143
21695	5	4339	1085	1086	2171
21815	5	4363	1091	1092	2183
22255	5	4451	1113	1114	2227
22415	5	4483	1121	1122	2243
22535	5	4507	1127	1128	2255
22615	5	4523	1131	1132	2263
22735	5	4547	1137	1138	2275
23015	5	4603	1151	1152	2303
23215	5	4643	1161	1162	2323
23255	5	4651	1163	1164	2327
23455	5	4691	1173	1174	2347
23615	5	4723	1181	1182	2363
23935	5	4787	1197	1198	2395
24655	5	4931	1233	1234	2467
24935	5	4987	1247	1248	2495
25015	5	5003	1251	1252	2503
25055	5	5011	1253	1254	2507
25255	5	5051	1263	1264	2527
25295	5	5059	1265	1266	2531
25495	5	5099	1275	1276	2551
25535	5	5107	1277	1278	2555
25735	5	5147	1287	1288	2575
25855	5	5171	1293	1294	2587
25895	5	5179	1295	1296	2591
26135	5	5227	1307	1308	2615
26615	5	5323	1331	1332	2663
26735	5	5347	1337	1338	2675
26935	5	5387	1347	1348	2695
27095	5	5419	1355	1356	2711
27215	5	5443	1361	1362	2723
27415	5	5483	1371	1372	2743
27535	5	5507	1377	1378	2755
27655	5	5531	1383	1384	2767
27815	5	5563	1391	1392	2783
28255	5	5651	1413	1414	2827
28295	5	5659	1415	1416	2831
28415	5	5683	1421	1422	2843
28895	5	5779	1445	1446	2891
29135	5	5827	1457	1458	2915
29215	5	5843	1461	1462	2923
29255	5	5851	1463	1464	2927
29335	5	5867	1467	1468	2935
29615	5	5923	1481	1482	2963
29695	5	5939	1485	1486	2971
29935	5	5987	1497	1498	2995
30055	5	6011	1503	1504	3007
30215	5	6043	1511	1512	3023
30335	5	6067	1517	1518	3035
30455	5	6091	1523	1524	3047
30655	5	6131	1533	1534	3067
30815	5	6163	1541	1542	3083
31015	5	6203	1551	1552	3103
31055	5	6211	1553	1554	3107
31495	5	6299	1575	1576	3151
31615	5	6323	1581	1582	3163
31895	5	6379	1595	1596	3191
32135	5	6427	1607	1608	3215
32255	5	6451	1613	1614	3227
32455	5	6491	1623	1624	3247
32735	5	6547	1637	1638	3275
32815	5	6563	1641	1642	3283
32855	5	6571	1643	1644	3287
33095	5	6619	1655	1656	3311
33295	5	6659	1665	1666	3331
33455	5	6691	1673	1674	3347
33815	5	6763	1691	1692	3383
33895	5	6779	1695	1696	3391
34015	5	6803	1701	1702	3403
34135	5	6827	1707	1708	3415
34415	5	6883	1721	1722	3443
34495	5	6899	1725	1726	3451
34535	5	6907	1727	1728	3455
34735	5	6947	1737	1738	3475
34855	5	6971	1743	1744	3487
35095	5	7019	1755	1756	3511
35135	5	7027	1757	1758	3515
35215	5	7043	1761	1762	3523
35935	5	7187	1797	1798	3595
36055	5	7211	1803	1804	3607
36095	5	7219	1805	1806	3611
36215	5	7243	1811	1812	3623
36415	5	7283	1821	1822	3643
36535	5	7307	1827	1828	3655
36655	5	7331	1833	1834	3667
37055	5	7411	1853	1854	3707
37255	5	7451	1863	1864	3727
37295	5	7459	1865	1866	3731
37495	5	7499	1875	1876	3751
37535	5	7507	1877	1878	3755
37615	5	7523	1881	1882	3763
37735	5	7547	1887	1888	3775
38015	5	7603	1901	1902	3803
38215	5	7643	1911	1912	3823
38455	5	7691	1923	1924	3847
38495	5	7699	1925	1926	3851
38615	5	7723	1931	1932	3863
39335	5	7867	1967	1968	3935
39415	5	7883	1971	1972	3943
39535	5	7907	1977	1978	3955
39815	5	7963	1991	1992	3983
40055	5	8011	2003	2004	4007
40295	5	8059	2015	2016	4031
40615	5	8123	2031	2032	4063
40735	5	8147	2037	2038	4075
40855	5	8171	2043	2044	4087
40895	5	8179	2045	2046	4091
41095	5	8219	2055	2056	4111
41215	5	8243	2061	2062	4123
41455	5	8291	2073	2074	4147
41815	5	8363	2091	2092	4183
41935	5	8387	2097	2098	4195
42095	5	8419	2105	2106	4211
42215	5	8443	2111	2112	4223
42335	5	8467	2117	2118	4235
42695	5	8539	2135	2136	4271
42815	5	8563	2141	2142	4283
43135	5	8627	2157	2158	4315
43495	5	8699	2175	2176	4351
43535	5	8707	2177	2178	4355
43655	5	8731	2183	2184	4367
43735	5	8747	2187	2188	4375
43895	5	8779	2195	2196	4391
44015	5	8803	2201	2202	4403
44095	5	8819	2205	2206	4411
44335	5	8867	2217	2218	4435
44615	5	8923	2231	2232	4463
44815	5	8963	2241	2242	4483
44855	5	8971	2243	2244	4487
45055	5	9011	2253	2254	4507
45215	5	9043	2261	2262	4523
45295	5	9059	2265	2266	4531
45335	5	9067	2267	2268	4535
45455	5	9091	2273	2274	4547
45935	5	9187	2297	2298	4595
46015	5	9203	2301	2302	4603
46135	5	9227	2307	2308	4615
46415	5	9283	2321	2322	4643
46615	5	9323	2331	2332	4663
46855	5	9371	2343	2344	4687
47015	5	9403	2351	2352	4703
47095	5	9419	2355	2356	4711
47335	5	9467	2367	2368	4735
47455	5	9491	2373	2374	4747
47695	5	9539	2385	2386	4771
47735	5	9547	2387	2388	4775
47935	5	9587	2397	2398	4795
48095	5	9619	2405	2406	4811
48215	5	9643	2411	2412	4823
48695	5	9739	2435	2436	4871
48935	5	9787	2447	2448	4895
49015	5	9803	2451	2452	4903
49055	5	9811	2453	2454	4907
49255	5	9851	2463	2464	4927
49295	5	9859	2465	2466	4931
49415	5	9883	2471	2472	4943
49535	5	9907	2477	2478	4955
49615	5	9923	2481	2482	4963
49655	5	9931	2483	2484	4967
50335	5	10067	2517	2518	5035
50455	5	10091	2523	2524	5047
50495	5	10099	2525	2526	5051
50695	5	10139	2535	2536	5071
50815	5	10163	2541	2542	5083
51055	5	10211	2553	2554	5107
51215	5	10243	2561	2562	5123
51295	5	10259	2565	2566	5131
51335	5	10267	2567	2568	5135
51655	5	10331	2583	2584	5167
52135	5	10427	2607	2608	5215
52295	5	10459	2615	2616	5231
52495	5	10499	2625	2626	5251
52655	5	10531	2633	2634	5267
53135	5	10627	2657	2658	5315
53255	5	10651	2663	2664	5327
53335	5	10667	2667	2668	5335
53455	5	10691	2673	2674	5347
53615	5	10723	2681	2682	5363
53695	5	10739	2685	2686	5371
53855	5	10771	2693	2694	5387
54295	5	10859	2715	2716	5431
54335	5	10867	2717	2718	5435
54415	5	10883	2721	2722	5443
54455	5	10891	2723	2724	5447
54695	5	10939	2735	2736	5471
54895	5	10979	2745	2746	5491
54935	5	10987	2747	2748	5495
55015	5	11003	2751	2752	5503
55135	5	11027	2757	2758	5515
55295	5	11059	2765	2766	5531
55415	5	11083	2771	2772	5543
55655	5	11131	2783	2784	5567
55855	5	11171	2793	2794	5587
56215	5	11243	2811	2812	5623
56255	5	11251	2813	2814	5627
56495	5	11299	2825	2826	5651
57055	5	11411	2853	2854	5707
57215	5	11443	2861	2862	5723
57335	5	11467	2867	2868	5735
57415	5	11483	2871	2872	5743
57455	5	11491	2873	2874	5747
57895	5	11579	2895	2896	5791
57935	5	11587	2897	2898	5795
58495	5	11699	2925	2926	5851
58655	5	11731	2933	2934	5867
58895	5	11779	2945	2946	5891
59135	5	11827	2957	2958	5915
59335	5	11867	2967	2968	5935
59615	5	11923	2981	2982	5963
59695	5	11939	2985	2986	5971
59855	5	11971	2993	2994	5987
59935	5	11987	2997	2998	5995
60055	5	12011	3003	3004	6007
60215	5	12043	3011	3012	6023
60535	5	12107	3027	3028	6055
60815	5	12163	3041	3042	6083
61015	5	12203	3051	3052	6103
61055	5	12211	3053	3054	6107
61135	5	12227	3057	3058	6115
61255	5	12251	3063	3064	6127
61615	5	12323	3081	3082	6163
61735	5	12347	3087	3088	6175
61895	5	12379	3095	3096	6191
62255	5	12451	3113	3114	6227
62455	5	12491	3123	3124	6247
62695	5	12539	3135	3136	6271
62735	5	12547	3137	3138	6275
63055	5	12611	3153	3154	6307
63095	5	12619	3155	3156	6311
63295	5	12659	3165	3166	6331
63695	5	12739	3185	3186	6371
63815	5	12763	3191	3192	6383
64495	5	12899	3225	3226	6451
64535	5	12907	3227	3228	6455
64615	5	12923	3231	3232	6463
64895	5	12979	3245	3246	6491
65015	5	13003	3251	3252	6503
65215	5	13043	3261	3262	6523
65495	5	13099	3275	3276	6551
65735	5	13147	3287	3288	6575
65815	5	13163	3291	3292	6583
65855	5	13171	3293	3294	6587
65935	5	13187	3297	3298	6595
66095	5	13219	3305	3306	6611
66295	5	13259	3315	3316	6631
66335	5	13267	3317	3318	6635
66455	5	13291	3323	3324	6647
66655	5	13331	3333	3334	6667
66695	5	13339	3335	3336	6671
67055	5	13411	3353	3354	6707
67255	5	13451	3363	3364	6727
67495	5	13499	3375	3376	6751
67615	5	13523	3381	3382	6763
68095	5	13619	3405	3406	6811
68135	5	13627	3407	3408	6815
68455	5	13691	3423	3424	6847
68615	5	13723	3431	3432	6863
68815	5	13763	3441	3442	6883
69295	5	13859	3465	3466	6931
69415	5	13883	3471	3472	6943
69535	5	13907	3477	3478	6955
69655	5	13931	3483	3484	6967
69815	5	13963	3491	3492	6983
70055	5	14011	3503	3504	7007
70255	5	14051	3513	3514	7027
70415	5	14083	3521	3522	7043
70535	5	14107	3527	3528	7055
71215	5	14243	3561	3562	7123
71255	5	14251	3563	3564	7127
71615	5	14323	3581	3582	7163
71735	5	14347	3587	3588	7175
71935	5	14387	3597	3598	7195
72055	5	14411	3603	3604	7207
72095	5	14419	3605	3606	7211
72815	5	14563	3641	3642	7283
73135	5	14627	3657	3658	7315
73415	5	14683	3671	3672	7343
73495	5	14699	3675	3676	7351
73615	5	14723	3681	3682	7363
73655	5	14731	3683	3684	7367
73735	5	14747	3687	3688	7375
73855	5	14771	3693	3694	7387
73895	5	14779	3695	3696	7391
74135	5	14827	3707	3708	7415
74215	5	14843	3711	3712	7423
74255	5	14851	3713	3714	7427
74335	5	14867	3717	3718	7435
74455	5	14891	3723	3724	7447
74615	5	14923	3731	3732	7463
74695	5	14939	3735	3736	7471
74735	5	14947	3737	3738	7475
75415	5	15083	3771	3772	7543
75455	5	15091	3773	3774	7547
75535	5	15107	3777	3778	7555
75655	5	15131	3783	3784	7567
75695	5	15139	3785	3786	7571
75935	5	15187	3797	3798	7595
76135	5	15227	3807	3808	7615
76295	5	15259	3815	3816	7631
76495	5	15299	3825	3826	7651
76535	5	15307	3827	3828	7655
76655	5	15331	3833	3834	7667
77135	5	15427	3857	3858	7715
77215	5	15443	3861	3862	7723
77255	5	15451	3863	3864	7727
77335	5	15467	3867	3868	7735
78095	5	15619	3905	3906	7811
78215	5	15643	3911	3912	7823
78335	5	15667	3917	3918	7835
78415	5	15683	3921	3922	7843
78655	5	15731	3933	3934	7867
78695	5	15739	3935	3936	7871
78935	5	15787	3947	3948	7895
79015	5	15803	3951	3952	7903
79295	5	15859	3965	3966	7931
79535	5	15907	3977	3978	7955
79615	5	15923	3981	3982	7963
79855	5	15971	3993	3994	7987
80335	5	16067	4017	4018	8035
80455	5	16091	4023	4024	8047
80695	5	16139	4035	4036	8071
80935	5	16187	4047	4048	8095
81335	5	16267	4067	4068	8135
81695	5	16339	4085	4086	8171
81815	5	16363	4091	4092	8183
82055	5	16411	4103	4104	8207
82135	5	16427	4107	4108	8215
82255	5	16451	4113	4114	8227
82735	5	16547	4137	4138	8275
83015	5	16603	4151	4152	8303
83095	5	16619	4155	4156	8311
83255	5	16651	4163	4164	8327
83455	5	16691	4173	4174	8347
83495	5	16699	4175	4176	8351
83735	5	16747	4187	4188	8375
83815	5	16763	4191	4192	8383
83935	5	16787	4197	4198	8395
84055	5	16811	4203	4204	8407
84215	5	16843	4211	4212	8423
84415	5	16883	4221	4222	8443
84655	5	16931	4233	4234	8467
84815	5	16963	4241	4242	8483
84895	5	16979	4245	4246	8491
84935	5	16987	4247	4248	8495
85055	5	17011	4253	4254	8507
85135	5	17027	4257	4258	8515
85495	5	17099	4275	4276	8551
85535	5	17107	4277	4278	8555
85615	5	17123	4281	4282	8563
86015	5	17203	4301	4302	8603
86455	5	17291	4323	4324	8647
86495	5	17299	4325	4326	8651
86935	5	17387	4347	4348	8695
87095	5	17419	4355	4356	8711
87215	5	17443	4361	4362	8723
87335	5	17467	4367	4368	8735
87415	5	17483	4371	4372	8743
87455	5	17491	4373	4374	8747
87695	5	17539	4385	4386	8771
87895	5	17579	4395	4396	8791
88135	5	17627	4407	4408	8815
88295	5	17659	4415	4416	8831
88415	5	17683	4421	4422	8843
88535	5	17707	4427	4428	8855
88735	5	17747	4437	4438	8875
89135	5	17827	4457	4458	8915
89255	5	17851	4463	4464	8927
89455	5	17891	4473	4474	8947
89615	5	17923	4481	4482	8963
89695	5	17939	4485	4486	8971
89855	5	17971	4493	4494	8987
89935	5	17987	4497	4498	8995
90215	5	18043	4511	4512	9023
90295	5	18059	4515	4516	9031
90655	5	18131	4533	4534	9067
91055	5	18211	4553	4554	9107
91255	5	18251	4563	4564	9127
91535	5	18307	4577	4578	9155
91855	5	18371	4593	4594	9187
91895	5	18379	4595	4596	9191
92135	5	18427	4607	4608	9215
92215	5	18443	4611	4612	9223
92255	5	18451	4613	4614	9227
92615	5	18523	4631	4632	9263
92695	5	18539	4635	4636	9271
92935	5	18587	4647	4648	9295
93455	5	18691	4673	4674	9347
93655	5	18731	4683	4684	9367
93935	5	18787	4697	4698	9395
94015	5	18803	4701	4702	9403
94295	5	18859	4715	4716	9431
94495	5	18899	4725	4726	9451
94735	5	18947	4737	4738	9475
94895	5	18979	4745	4746	9491
95255	5	19051	4763	4764	9527
95695	5	19139	4785	4786	9571
95815	5	19163	4791	4792	9583
96055	5	19211	4803	4804	9607
96095	5	19219	4805	4806	9611
96295	5	19259	4815	4816	9631
96335	5	19267	4817	4818	9635
96895	5	19379	4845	4846	9691
96935	5	19387	4847	4848	9695
97015	5	19403	4851	4852	9703
97135	5	19427	4857	4858	9715
97415	5	19483	4871	4872	9743
97535	5	19507	4877	4878	9755
97655	5	19531	4883	4884	9767
97855	5	19571	4893	4894	9787
98015	5	19603	4901	4902	9803
98495	5	19699	4925	4926	9851
98695	5	19739	4935	4936	9871
98815	5	19763	4941	4942	9883
99095	5	19819	4955	4956	9911
99215	5	19843	4961	4962	9923
99335	5	19867	4967	4968	9935
99455	5	19891	4973	4974	9947
99815	5	19963	4991	4992	9983
99895	5	19979	4995	4996	9991
100055	5	20011	5003	5004	10007
100255	5	20051	5013	5014	10027
100535	5	20107	5027	5028	10055
100615	5	20123	5031	5032	10063
100735	5	20147	5037	5038	10075
101095	5	20219	5055	5056	10111
101615	5	20323	5081	5082	10163
101735	5	20347	5087	5088	10175
102055	5	20411	5103	5104	10207
102215	5	20443	5111	5112	10223
102415	5	20483	5121	5122	10243
102535	5	20507	5127	5128	10255
102815	5	20563	5141	5142	10283
103055	5	20611	5153	5154	10307
103135	5	20627	5157	5158	10315
103535	5	20707	5177	5178	10355
103655	5	20731	5183	5184	10367
103735	5	20747	5187	5188	10375
103855	5	20771	5193	5194	10387
104495	5	20899	5225	5226	10451
104695	5	20939	5235	5236	10471
104735	5	20947	5237	5238	10475
104815	5	20963	5241	5242	10483
105055	5	21011	5253	5254	10507
105095	5	21019	5255	5256	10511
105295	5	21059	5265	5266	10531
105335	5	21067	5267	5268	10535
105535	5	21107	5277	5278	10555
105695	5	21139	5285	5286	10571
105815	5	21163	5291	5292	10583
105895	5	21179	5295	5296	10591
105935	5	21187	5297	5298	10595
106055	5	21211	5303	5304	10607
106135	5	21227	5307	5308	10615
106415	5	21283	5321	5322	10643
106615	5	21323	5331	5332	10663
106735	5	21347	5337	5338	10675
106895	5	21379	5345	5346	10691
107095	5	21419	5355	5356	10711
107335	5	21467	5367	5368	10735
107455	5	21491	5373	5374	10747
107495	5	21499	5375	5376	10751
107615	5	21523	5381	5382	10763
107815	5	21563	5391	5392	10783
107935	5	21587	5397	5398	10795
108055	5	21611	5403	5404	10807
108415	5	21683	5421	5422	10843
108695	5	21739	5435	5436	10871
108935	5	21787	5447	5448	10895
109015	5	21803	5451	5452	10903
109255	5	21851	5463	5464	10927
109295	5	21859	5465	5466	10931
110015	5	22003	5501	5502	11003
110135	5	22027	5507	5508	11015
110255	5	22051	5513	5514	11027
110335	5	22067	5517	5518	11035
110455	5	22091	5523	5524	11047
110615	5	22123	5531	5532	11063
110735	5	22147	5537	5538	11075
110855	5	22171	5543	5544	11087
111295	5	22259	5565	5566	11131
111415	5	22283	5571	5572	11143
111455	5	22291	5573	5574	11147
111535	5	22307	5577	5578	11155
112415	5	22483	5621	5622	11243
112655	5	22531	5633	5634	11267
112855	5	22571	5643	5644	11287
113095	5	22619	5655	5656	11311
113215	5	22643	5661	5662	11323
113255	5	22651	5663	5664	11327
113455	5	22691	5673	5674	11347
113495	5	22699	5675	5676	11351
113695	5	22739	5685	5686	11371
113935	5	22787	5697	5698	11395
114055	5	22811	5703	5704	11407
114295	5	22859	5715	5716	11431
114535	5	22907	5727	5728	11455
114815	5	22963	5741	5742	11483
115015	5	23003	5751	5752	11503
115055	5	23011	5753	5754	11507
115135	5	23027	5757	5758	11515
115295	5	23059	5765	5766	11531
115495	5	23099	5775	5776	11551
115655	5	23131	5783	5784	11567
116015	5	23203	5801	5802	11603
116135	5	23227	5807	5808	11615
116255	5	23251	5813	5814	11627
116455	5	23291	5823	5824	11647
116695	5	23339	5835	5836	11671
116855	5	23371	5843	5844	11687
117295	5	23459	5865	5866	11731
117655	5	23531	5883	5884	11767
117695	5	23539	5885	5886	11771
117815	5	23563	5891	5892	11783
118015	5	23603	5901	5902	11803
118135	5	23627	5907	5908	11815
118735	5	23747	5937	5938	11875
119095	5	23819	5955	5956	11911
119135	5	23827	5957	5958	11915
119495	5	23899	5975	5976	11951
119855	5	23971	5993	5994	11987
120095	5	24019	6005	6006	12011
120215	5	24043	6011	6012	12023
120415	5	24083	6021	6022	12043
120455	5	24091	6023	6024	12047
120535	5	24107	6027	6028	12055
120895	5	24179	6045	6046	12091
121015	5	24203	6051	6052	12103
121255	5	24251	6063	6064	12127
121855	5	24371	6093	6094	12187
121895	5	24379	6095	6096	12191
122095	5	24419	6105	6106	12211
122215	5	24443	6111	6112	12223
122495	5	24499	6125	6126	12251
122735	5	24547	6137	6138	12275
122855	5	24571	6143	6144	12287
123055	5	24611	6153	6154	12307
123295	5	24659	6165	6166	12331
123415	5	24683	6171	6172	12343
123455	5	24691	6173	6174	12347
123815	5	24763	6191	6192	12383
124255	5	24851	6213	6214	12427
124295	5	24859	6215	6216	12431
124535	5	24907	6227	6228	12455
124615	5	24923	6231	6232	12463
124855	5	24971	6243	6244	12487
124895	5	24979	6245	6246	12491
125735	5	25147	6287	6288	12575
125815	5	25163	6291	6292	12583
125855	5	25171	6293	6294	12587
126095	5	25219	6305	6306	12611
126215	5	25243	6311	6312	12623
126535	5	25307	6327	6328	12655
126695	5	25339	6335	6336	12671
127055	5	25411	6353	6354	12707
127615	5	25523	6381	6382	12763
127895	5	25579	6395	6396	12791
128015	5	25603	6401	6402	12803
128215	5	25643	6411	6412	12823
128335	5	25667	6417	6418	12835
128735	5	25747	6437	6438	12875
128815	5	25763	6441	6442	12883
128855	5	25771	6443	6444	12887
129095	5	25819	6455	6456	12911
129335	5	25867	6467	6468	12935
129655	5	25931	6483	6484	12967
129695	5	25939	6485	6486	12971
130015	5	26003	6501	6502	13003
130415	5	26083	6521	6522	13043
130495	5	26099	6525	6526	13051
130535	5	26107	6527	6528	13055
130855	5	26171	6543	6544	13087
131015	5	26203	6551	6552	13103
131135	5	26227	6557	6558	13115
131255	5	26251	6563	6564	13127
131335	5	26267	6567	6568	13135
131695	5	26339	6585	6586	13171
131735	5	26347	6587	6588	13175
131855	5	26371	6593	6594	13187
131935	5	26387	6597	6598	13195
132295	5	26459	6615	6616	13231
132695	5	26539	6635	6636	13271
133135	5	26627	6657	6658	13315
133415	5	26683	6671	6672	13343
133495	5	26699	6675	6676	13351
133615	5	26723	6681	6682	13363
133655	5	26731	6683	6684	13367
134455	5	26891	6723	6724	13447
134735	5	26947	6737	6738	13475
134935	5	26987	6747	6748	13495
135055	5	27011	6753	6754	13507
135215	5	27043	6761	6762	13523
135295	5	27059	6765	6766	13531
135335	5	27067	6767	6768	13535
135455	5	27091	6773	6774	13547
135535	5	27107	6777	6778	13555
135895	5	27179	6795	6796	13591
136055	5	27211	6803	6804	13607
136295	5	27259	6815	6816	13631
136415	5	27283	6821	6822	13643
136495	5	27299	6825	6826	13651
137135	5	27427	6857	6858	13715
137695	5	27539	6885	6886	13771
138055	5	27611	6903	6904	13807
138455	5	27691	6923	6924	13847
138695	5	27739	6935	6936	13871
138815	5	27763	6941	6942	13883
138895	5	27779	6945	6946	13891
139015	5	27803	6951	6952	13903
139135	5	27827	6957	6958	13915
139255	5	27851	6963	6964	13927
139415	5	27883	6971	6972	13943
139735	5	27947	6987	6988	13975
140095	5	28019	7005	7006	14011
140135	5	28027	7007	7008	14015
140255	5	28051	7013	7014	14027
140495	5	28099	7025	7026	14051
140615	5	28123	7031	7032	14063
140815	5	28163	7041	7042	14083
141055	5	28211	7053	7054	14107
141095	5	28219	7055	7056	14111
141415	5	28283	7071	7072	14143
141535	5	28307	7077	7078	14155
141935	5	28387	7097	7098	14195
142015	5	28403	7101	7102	14203
142055	5	28411	7103	7104	14207
142495	5	28499	7125	7126	14251
142735	5	28547	7137	7138	14275
142855	5	28571	7143	7144	14287
142895	5	28579	7145	7146	14291
143015	5	28603	7151	7152	14303
143095	5	28619	7155	7156	14311
143135	5	28627	7157	7158	14315
143215	5	28643	7161	7162	14323
143615	5	28723	7181	7182	14363
143855	5	28771	7193	7194	14387
144215	5	28843	7211	7212	14423
144295	5	28859	7215	7216	14431
144335	5	28867	7217	7218	14435
144895	5	28979	7245	7246	14491
145135	5	29027	7257	7258	14515
145295	5	29059	7265	7266	14531
145615	5	29123	7281	7282	14563
145655	5	29131	7283	7284	14567
145735	5	29147	7287	7288	14575
145895	5	29179	7295	7296	14591
146215	5	29243	7311	7312	14623
146255	5	29251	7313	7314	14627
146695	5	29339	7335	7336	14671
146735	5	29347	7337	7338	14675
146815	5	29363	7341	7342	14683
146935	5	29387	7347	7348	14695
147055	5	29411	7353	7354	14707
147215	5	29443	7361	7362	14723
147415	5	29483	7371	7372	14743
147655	5	29531	7383	7384	14767
147935	5	29587	7397	7398	14795
148055	5	29611	7403	7404	14807
148415	5	29683	7421	7422	14843
148615	5	29723	7431	7432	14863
149015	5	29803	7451	7452	14903
149095	5	29819	7455	7456	14911
149255	5	29851	7463	7464	14927
149335	5	29867	7467	7468	14935
149735	5	29947	7487	7488	14975
150055	5	30011	7503	7504	15007
150295	5	30059	7515	7516	15031
150455	5	30091	7523	7524	15047
150695	5	30139	7535	7536	15071
150935	5	30187	7547	7548	15095
151015	5	30203	7551	7552	15103
151055	5	30211	7553	7554	15107
151295	5	30259	7565	7566	15131
151535	5	30307	7577	7578	15155
151615	5	30323	7581	7582	15163
151735	5	30347	7587	7588	15175
152015	5	30403	7601	7602	15203
152135	5	30427	7607	7608	15215
152335	5	30467	7617	7618	15235
152455	5	30491	7623	7624	15247
152695	5	30539	7635	7636	15271
153215	5	30643	7661	7662	15323
153535	5	30707	7677	7678	15355
153815	5	30763	7691	7692	15383
154015	5	30803	7701	7702	15403
154255	5	30851	7713	7714	15427
154295	5	30859	7715	7716	15431
154655	5	30931	7733	7734	15467
154855	5	30971	7743	7744	15487
155095	5	31019	7755	7756	15511
155255	5	31051	7763	7764	15527
155455	5	31091	7773	7774	15547
155615	5	31123	7781	7782	15563
155695	5	31139	7785	7786	15571
155735	5	31147	7787	7788	15575
156095	5	31219	7805	7806	15611
156295	5	31259	7815	7816	15631
156335	5	31267	7817	7818	15635
156535	5	31307	7827	7828	15655
156895	5	31379	7845	7846	15691
156935	5	31387	7847	7848	15695
157655	5	31531	7883	7884	15767
157735	5	31547	7887	7888	15775
158135	5	31627	7907	7908	15815
158215	5	31643	7911	7912	15823
158335	5	31667	7917	7918	15835
158495	5	31699	7925	7926	15851
158615	5	31723	7931	7932	15863
158855	5	31771	7943	7944	15887
159295	5	31859	7965	7966	15931
159415	5	31883	7971	7972	15943
159455	5	31891	7973	7974	15947
159535	5	31907	7977	7978	15955
159815	5	31963	7991	7992	15983
160015	5	32003	8001	8002	16003
160135	5	32027	8007	8008	16015
160255	5	32051	8013	8014	16027
160295	5	32059	8015	8016	16031
160415	5	32083	8021	8022	16043
160495	5	32099	8025	8026	16051
161015	5	32203	8051	8052	16103
161255	5	32251	8063	8064	16127
161495	5	32299	8075	8076	16151
161615	5	32323	8081	8082	16163
161815	5	32363	8091	8092	16183
161855	5	32371	8093	8094	16187
162055	5	32411	8103	8104	16207
162215	5	32443	8111	8112	16223
162335	5	32467	8117	8118	16235
162455	5	32491	8123	8124	16247
162535	5	32507	8127	8128	16255
162655	5	32531	8133	8134	16267
162815	5	32563	8141	8142	16283
162895	5	32579	8145	8146	16291
162935	5	32587	8147	8148	16295
163015	5	32603	8151	8152	16303
163055	5	32611	8153	8154	16307
163535	5	32707	8177	8178	16355
163855	5	32771	8193	8194	16387
163895	5	32779	8195	8196	16391
164015	5	32803	8201	8202	16403
164215	5	32843	8211	8212	16423
164695	5	32939	8235	8236	16471
164855	5	32971	8243	8244	16487
164935	5	32987	8247	8248	16495
165415	5	33083	8271	8272	16543
165455	5	33091	8273	8274	16547
165535	5	33107	8277	8278	16555
165895	5	33179	8295	8296	16591
166015	5	33203	8301	8302	16603
166055	5	33211	8303	8304	16607
166655	5	33331	8333	8334	16667
166735	5	33347	8337	8338	16675
167015	5	33403	8351	8352	16703
167135	5	33427	8357	8358	16715
167735	5	33547	8387	8388	16775
167815	5	33563	8391	8392	16783
167935	5	33587	8397	8398	16795
168095	5	33619	8405	8406	16811
168695	5	33739	8435	8436	16871
169055	5	33811	8453	8454	16907
169135	5	33827	8457	8458	16915
169255	5	33851	8463	8464	16927
169615	5	33923	8481	8482	16963
169655	5	33931	8483	8484	16967
170095	5	34019	8505	8506	17011
170615	5	34123	8531	8532	17063
170735	5	34147	8537	8538	17075
170855	5	34171	8543	8544	17087
171055	5	34211	8553	8554	17107
171295	5	34259	8565	8566	17131
171335	5	34267	8567	8568	17135
171415	5	34283	8571	8572	17143
172015	5	34403	8601	8602	17203
172415	5	34483	8621	8622	17243
172495	5	34499	8625	8626	17251
173015	5	34603	8651	8652	17303
173255	5	34651	8663	8664	17327
173335	5	34667	8667	8668	17335
173695	5	34739	8685	8686	17371
173735	5	34747	8687	8688	17375
173815	5	34763	8691	8692	17383
174095	5	34819	8705	8706	17411
174215	5	34843	8711	8712	17423
174415	5	34883	8721	8722	17443
174695	5	34939	8735	8736	17471
174815	5	34963	8741	8742	17483
175135	5	35027	8757	8758	17515
175255	5	35051	8763	8764	17527
175295	5	35059	8765	8766	17531
175415	5	35083	8771	8772	17543
175495	5	35099	8775	8776	17551
175535	5	35107	8777	8778	17555
175855	5	35171	8793	8794	17587
176135	5	35227	8807	8808	17615
176255	5	35251	8813	8814	17627
176335	5	35267	8817	8818	17635
176455	5	35291	8823	8824	17647
176615	5	35323	8831	8832	17663
176695	5	35339	8835	8836	17671
176815	5	35363	8841	8842	17683
177095	5	35419	8855	8856	17711
177455	5	35491	8873	8874	17747
177535	5	35507	8877	8878	17755
177655	5	35531	8883	8884	17767
178015	5	35603	8901	8902	17803
178655	5	35731	8933	8934	17867
178735	5	35747	8937	8938	17875
178855	5	35771	8943	8944	17887
179015	5	35803	8951	8952	17903
179255	5	35851	8963	8964	17927
179495	5	35899	8975	8976	17951
179615	5	35923	8981	8982	17963
179815	5	35963	8991	8992	17983
180055	5	36011	9003	9004	18007
180335	5	36067	9017	9018	18035
180415	5	36083	9021	9022	18043
180535	5	36107	9027	9028	18055
180655	5	36131	9033	9034	18067
180935	5	36187	9047	9048	18095
181255	5	36251	9063	9064	18127
181495	5	36299	9075	9076	18151
181535	5	36307	9077	9078	18155
182255	5	36451	9113	9114	18227
182335	5	36467	9117	9118	18235
182615	5	36523	9131	9132	18263
182815	5	36563	9141	9142	18283
182855	5	36571	9143	9144	18287
182935	5	36587	9147	9148	18295
183215	5	36643	9161	9162	18323
183415	5	36683	9171	9172	18343
183455	5	36691	9173	9174	18347
183695	5	36739	9185	9186	18371
183895	5	36779	9195	9196	18391
183935	5	36787	9197	9198	18395
184495	5	36899	9225	9226	18451
184615	5	36923	9231	9232	18463
184655	5	36931	9233	9234	18467
184735	5	36947	9237	9238	18475
184895	5	36979	9245	9246	18491
185015	5	37003	9251	9252	18503
185095	5	37019	9255	9256	18511
185615	5	37123	9281	9282	18563
185695	5	37139	9285	9286	18571
185855	5	37171	9293	9294	18587
186215	5	37243	9311	9312	18623
186535	5	37307	9327	9328	18655
186695	5	37339	9335	9336	18671
186815	5	37363	9341	9342	18683
186895	5	37379	9345	9346	18691
187415	5	37483	9371	9372	18743
187535	5	37507	9377	9378	18755
187735	5	37547	9387	9388	18775
187855	5	37571	9393	9394	18787
187895	5	37579	9395	9396	18791
188095	5	37619	9405	9406	18811
188215	5	37643	9411	9412	18823
188455	5	37691	9423	9424	18847
188495	5	37699	9425	9426	18851
188735	5	37747	9437	9438	18875
189055	5	37811	9453	9454	18907
189535	5	37907	9477	9478	18955
189815	5	37963	9491	9492	18983
189935	5	37987	9497	9498	18995
190055	5	38011	9503	9504	19007
190415	5	38083	9521	9522	19043
191095	5	38219	9555	9556	19111
191495	5	38299	9575	9576	19151
191855	5	38371	9593	9594	19187
192295	5	38459	9615	9616	19231
193015	5	38603	9651	9652	19303
193055	5	38611	9653	9654	19307
193255	5	38651	9663	9664	19327
193495	5	38699	9675	9676	19351
193535	5	38707	9677	9678	19355
193615	5	38723	9681	9682	19363
193735	5	38747	9687	9688	19375
194015	5	38803	9701	9702	19403
194255	5	38851	9713	9714	19427
194335	5	38867	9717	9718	19435
194455	5	38891	9723	9724	19447
194615	5	38923	9731	9732	19463
194855	5	38971	9743	9744	19487
195095	5	39019	9755	9756	19511
195215	5	39043	9761	9762	19523
195535	5	39107	9777	9778	19555
195695	5	39139	9785	9786	19571
195815	5	39163	9791	9792	19583
196135	5	39227	9807	9808	19615
196255	5	39251	9813	9814	19627
196615	5	39323	9831	9832	19663
196855	5	39371	9843	9844	19687
197095	5	39419	9855	9856	19711
197215	5	39443	9861	9862	19723
197255	5	39451	9863	9864	19727
197495	5	39499	9875	9876	19751
197815	5	39563	9891	9892	19783
198095	5	39619	9905	9906	19811
198295	5	39659	9915	9916	19831
198335	5	39667	9917	9918	19835
198895	5	39779	9945	9946	19891
199135	5	39827	9957	9958	19915
199415	5	39883	9971	9972	19943
199855	5	39971	9993	9994	19987
199895	5	39979	9995	9996	19991
200495	5	40099	10025	10026	20051
200615	5	40123	10031	10032	20063
200815	5	40163	10041	10042	20083
201415	5	40283	10071	10072	20143
201935	5	40387	10097	10098	20195
202135	5	40427	10107	10108	20215
202295	5	40459	10115	10116	20231
202415	5	40483	10121	10122	20243
202495	5	40499	10125	10126	20251
202535	5	40507	10127	10128	20255
202655	5	40531	10133	10134	20267
203135	5	40627	10157	10158	20315
203495	5	40699	10175	10176	20351
203695	5	40739	10185	10186	20371
203815	5	40763	10191	10192	20383
203855	5	40771	10193	10194	20387
203935	5	40787	10197	10198	20395
204095	5	40819	10205	10206	20411
204335	5	40867	10217	10218	20435
204415	5	40883	10221	10222	20443
204695	5	40939	10235	10236	20471
205055	5	41011	10253	10254	20507
205255	5	41051	10263	10264	20527
205655	5	41131	10283	10284	20567
205895	5	41179	10295	10296	20591
206015	5	41203	10301	10302	20603
206135	5	41227	10307	10308	20615
206215	5	41243	10311	10312	20623
206495	5	41299	10325	10326	20651
206935	5	41387	10347	10348	20695
207055	5	41411	10353	10354	20707
207215	5	41443	10361	10362	20723
207335	5	41467	10367	10368	20735
207455	5	41491	10373	10374	20747
207535	5	41507	10377	10378	20755
207695	5	41539	10385	10386	20771
207895	5	41579	10395	10396	20791
208015	5	41603	10401	10402	20803
208055	5	41611	10403	10404	20807
208135	5	41627	10407	10408	20815
208255	5	41651	10413	10414	20827
208295	5	41659	10415	10416	20831
208855	5	41771	10443	10444	20887
209215	5	41843	10461	10462	20923
209255	5	41851	10463	10464	20927
209735	5	41947	10487	10488	20975
210095	5	42019	10505	10506	21011
210215	5	42043	10511	10512	21023
210415	5	42083	10521	10522	21043
210655	5	42131	10533	10534	21067
210695	5	42139	10535	10536	21071
210895	5	42179	10545	10546	21091
210935	5	42187	10547	10548	21095
211135	5	42227	10557	10558	21115
211415	5	42283	10571	10572	21143
211495	5	42299	10575	10576	21151
211535	5	42307	10577	10578	21155
211615	5	42323	10581	10582	21163
211655	5	42331	10583	10584	21167
211895	5	42379	10595	10596	21191
212015	5	42403	10601	10602	21203
212215	5	42443	10611	10612	21223
212255	5	42451	10613	10614	21227
212335	5	42467	10617	10618	21235
212455	5	42491	10623	10624	21247
212495	5	42499	10625	10626	21251
212855	5	42571	10643	10644	21287
213055	5	42611	10653	10654	21307
213215	5	42643	10661	10662	21323
213335	5	42667	10667	10668	21335
213415	5	42683	10671	10672	21343
213935	5	42787	10697	10698	21395
214295	5	42859	10715	10716	21431
214495	5	42899	10725	10726	21451
214615	5	42923	10731	10732	21463
214895	5	42979	10745	10746	21491
215015	5	43003	10751	10752	21503
215095	5	43019	10755	10756	21511
215255	5	43051	10763	10764	21527
215335	5	43067	10767	10768	21535
216415	5	43283	10821	10822	21643
216455	5	43291	10823	10824	21647
216655	5	43331	10833	10834	21667
217015	5	43403	10851	10852	21703
217055	5	43411	10853	10854	21707
217135	5	43427	10857	10858	21715
217255	5	43451	10863	10864	21727
217495	5	43499	10875	10876	21751
217895	5	43579	10895	10896	21791
218135	5	43627	10907	10908	21815
218255	5	43651	10913	10914	21827
218455	5	43691	10923	10924	21847
218935	5	43787	10947	10948	21895
219335	5	43867	10967	10968	21935
219455	5	43891	10973	10974	21947
219815	5	43963	10991	10992	21983
219935	5	43987	10997	10998	21995
220135	5	44027	11007	11008	22015
220295	5	44059	11015	11016	22031
220615	5	44123	11031	11032	22063
220655	5	44131	11033	11034	22067
220855	5	44171	11043	11044	22087
220895	5	44179	11045	11046	22091
221015	5	44203	11051	11052	22103
221335	5	44267	11067	11068	22135
221855	5	44371	11093	11094	22187
222415	5	44483	11121	11122	22243
222455	5	44491	11123	11124	22247
222535	5	44507	11127	11128	22255
222655	5	44531	11133	11134	22267
222815	5	44563	11141	11142	22283
222895	5	44579	11145	11146	22291
222935	5	44587	11147	11148	22295
223255	5	44651	11163	11164	22327
223415	5	44683	11171	11172	22343
223495	5	44699	11175	11176	22351
223855	5	44771	11193	11194	22387
224095	5	44819	11205	11206	22411
224215	5	44843	11211	11212	22423
224255	5	44851	11213	11214	22427
224335	5	44867	11217	11218	22435
224695	5	44939	11235	11236	22471
224815	5	44963	11241	11242	22483
224855	5	44971	11243	11244	22487
224935	5	44987	11247	11248	22495
225415	5	45083	11271	11272	22543
225655	5	45131	11283	11284	22567
225695	5	45139	11285	11286	22571
225895	5	45179	11295	11296	22591
226295	5	45259	11315	11316	22631
226535	5	45307	11327	11328	22655
227015	5	45403	11351	11352	22703
227135	5	45427	11357	11358	22715
227455	5	45491	11373	11374	22747
227615	5	45523	11381	11382	22763
227935	5	45587	11397	11398	22795
228295	5	45659	11415	11416	22831
228335	5	45667	11417	11418	22835
228455	5	45691	11423	11424	22847
228535	5	45707	11427	11428	22855
228815	5	45763	11441	11442	22883
228895	5	45779	11445	11446	22891
229135	5	45827	11457	11458	22915
229855	5	45971	11493	11494	22987
229895	5	45979	11495	11496	22991
230135	5	46027	11507	11508	23015
230255	5	46051	11513	11514	23027
230455	5	46091	11523	11524	23047
230495	5	46099	11525	11526	23051
230735	5	46147	11537	11538	23075
230855	5	46171	11543	11544	23087
230935	5	46187	11547	11548	23095
231095	5	46219	11555	11556	23111
231535	5	46307	11577	11578	23155
232055	5	46411	11603	11604	23207
232255	5	46451	11613	11614	23227
232495	5	46499	11625	11626	23251
232535	5	46507	11627	11628	23255
232615	5	46523	11631	11632	23263
233095	5	46619	11655	11656	23311
233215	5	46643	11661	11662	23323
233455	5	46691	11673	11674	23347
233615	5	46723	11681	11682	23363
233735	5	46747	11687	11688	23375
233855	5	46771	11693	11694	23387
234055	5	46811	11703	11704	23407
234095	5	46819	11705	11706	23411
234335	5	46867	11717	11718	23435
235255	5	47051	11763	11764	23527
235295	5	47059	11765	11766	23531
235615	5	47123	11781	11782	23563
235735	5	47147	11787	11788	23575
236255	5	47251	11813	11814	23627
236695	5	47339	11835	11836	23671
236815	5	47363	11841	11842	23683
236935	5	47387	11847	11848	23695
237095	5	47419	11855	11856	23711
237295	5	47459	11865	11866	23731
237455	5	47491	11873	11874	23747
237535	5	47507	11877	11878	23755
237815	5	47563	11891	11892	23783
238295	5	47659	11915	11916	23831
238495	5	47699	11925	11926	23851
238895	5	47779	11945	11946	23891
239095	5	47819	11955	11956	23911
239215	5	47843	11961	11962	23923
239695	5	47939	11985	11986	23971
239735	5	47947	11987	11988	23975
239815	5	47963	11991	11992	23983
240455	5	48091	12023	12024	24047
240655	5	48131	12033	12034	24067
240815	5	48163	12041	12042	24083
240895	5	48179	12045	12046	24091
240935	5	48187	12047	12048	24095
241295	5	48259	12065	12066	24131
241495	5	48299	12075	12076	24151
241855	5	48371	12093	12094	24187
242455	5	48491	12123	12124	24247
242615	5	48523	12131	12132	24263
242695	5	48539	12135	12136	24271
242815	5	48563	12141	12142	24283
242855	5	48571	12143	12144	24287
243055	5	48611	12153	12154	24307
243095	5	48619	12155	12156	24311
243655	5	48731	12183	12184	24367
243895	5	48779	12195	12196	24391
243935	5	48787	12197	12198	24395
244295	5	48859	12215	12216	24431
244415	5	48883	12221	12222	24443
244535	5	48907	12227	12228	24455
244735	5	48947	12237	12238	24475
245015	5	49003	12251	12252	24503
245095	5	49019	12255	12256	24511
245215	5	49043	12261	12262	24523
245615	5	49123	12281	12282	24563
245695	5	49139	12285	12286	24571
245855	5	49171	12293	12294	24587
246055	5	49211	12303	12304	24607
246535	5	49307	12327	12328	24655
246655	5	49331	12333	12334	24667
246695	5	49339	12335	12336	24671
246815	5	49363	12341	12342	24683
247055	5	49411	12353	12354	24707
247255	5	49451	12363	12364	24727
247295	5	49459	12365	12366	24731
247495	5	49499	12375	12376	24751
247615	5	49523	12381	12382	24763
247655	5	49531	12383	12384	24767
247735	5	49547	12387	12388	24775
248015	5	49603	12401	12402	24803
248135	5	49627	12407	12408	24815
248335	5	49667	12417	12418	24835
248695	5	49739	12435	12436	24871
248735	5	49747	12437	12438	24875
248935	5	49787	12447	12448	24895
249055	5	49811	12453	12454	24907
249215	5	49843	12461	12462	24923
249455	5	49891	12473	12474	24947
249695	5	49939	12485	12486	24971
250255	5	50051	12513	12514	25027
250615	5	50123	12531	12532	25063
250655	5	50131	12533	12534	25067
250735	5	50147	12537	12538	25075
251135	5	50227	12557	12558	25115
251455	5	50291	12573	12574	25147
251815	5	50363	12591	12592	25183
251935	5	50387	12597	12598	25195
252055	5	50411	12603	12604	25207
252295	5	50459	12615	12616	25231
252695	5	50539	12635	12636	25271
252935	5	50587	12647	12648	25295
253135	5	50627	12657	12658	25315
253255	5	50651	12663	12664	25327
253415	5	50683	12671	12672	25343
253535	5	50707	12677	12678	25355
253615	5	50723	12681	12682	25363
254335	5	50867	12717	12718	25435
254455	5	50891	12723	12724	25447
254615	5	50923	12731	12732	25463
254855	5	50971	12743	12744	25487
255215	5	51043	12761	12762	25523
255295	5	51059	12765	12766	25531
255655	5	51131	12783	12784	25567
256015	5	51203	12801	12802	25603
256415	5	51283	12821	12822	25643
256535	5	51307	12827	12828	25655
256735	5	51347	12837	12838	25675
257095	5	51419	12855	12856	25711
257135	5	51427	12857	12858	25715
257695	5	51539	12885	12886	25771
257815	5	51563	12891	12892	25783
258295	5	51659	12915	12916	25831
258415	5	51683	12921	12922	25843
258455	5	51691	12923	12924	25847
258935	5	51787	12947	12948	25895
259015	5	51803	12951	12952	25903
259135	5	51827	12957	12958	25915
259295	5	51859	12965	12966	25931
259495	5	51899	12975	12976	25951
259535	5	51907	12977	12978	25955
259855	5	51971	12993	12994	25987
260135	5	52027	13007	13008	26015
260255	5	52051	13013	13014	26027
260335	5	52067	13017	13018	26035
260735	5	52147	13037	13038	26075
260815	5	52163	13041	13042	26083
261295	5	52259	13065	13066	26131
261335	5	52267	13067	13068	26135
261455	5	52291	13073	13074	26147
261815	5	52363	13091	13092	26183
261895	5	52379	13095	13096	26191
261935	5	52387	13097	13098	26195
262855	5	52571	13143	13144	26287
262895	5	52579	13145	13146	26291
263135	5	52627	13157	13158	26315
263335	5	52667	13167	13168	26335
263455	5	52691	13173	13174	26347
263735	5	52747	13187	13188	26375
264295	5	52859	13215	13216	26431
264415	5	52883	13221	13222	26443
264815	5	52963	13241	13242	26483
265015	5	53003	13251	13252	26503
265255	5	53051	13263	13264	26527
265735	5	53147	13287	13288	26575
265855	5	53171	13293	13294	26587
266335	5	53267	13317	13318	26635
266495	5	53299	13325	13326	26651
266615	5	53323	13331	13332	26663
267055	5	53411	13353	13354	26707
267095	5	53419	13355	13356	26711
267535	5	53507	13377	13378	26755
268055	5	53611	13403	13404	26807
268495	5	53699	13425	13426	26851
268655	5	53731	13433	13434	26867
269095	5	53819	13455	13456	26911
269455	5	53891	13473	13474	26947
269495	5	53899	13475	13476	26951
269615	5	53923	13481	13482	26963
269695	5	53939	13485	13486	26971
269935	5	53987	13497	13498	26995
270055	5	54011	13503	13504	27007
270295	5	54059	13515	13516	27031
270415	5	54083	13521	13522	27043
270455	5	54091	13523	13524	27047
270695	5	54139	13535	13536	27071
270815	5	54163	13541	13542	27083
271255	5	54251	13563	13564	27127
271615	5	54323	13581	13582	27163
271655	5	54331	13583	13584	27167
271735	5	54347	13587	13588	27175
271855	5	54371	13593	13594	27187
272015	5	54403	13601	13602	27203
272095	5	54419	13605	13606	27211
272215	5	54443	13611	13612	27223
272495	5	54499	13625	13626	27251
272695	5	54539	13635	13636	27271
272735	5	54547	13637	13638	27275
272815	5	54563	13641	13642	27283
273335	5	54667	13667	13668	27335
273895	5	54779	13695	13696	27391
273935	5	54787	13697	13698	27395
274255	5	54851	13713	13714	27427
274535	5	54907	13727	13728	27455
274895	5	54979	13745	13746	27491
275255	5	55051	13763	13764	27527
275735	5	55147	13787	13788	27575
275815	5	55163	13791	13792	27583
275855	5	55171	13793	13794	27587
276095	5	55219	13805	13806	27611
276215	5	55243	13811	13812	27623
276295	5	55259	13815	13816	27631
276455	5	55291	13823	13824	27647
276655	5	55331	13833	13834	27667
276695	5	55339	13835	13836	27671
277055	5	55411	13853	13854	27707
277735	5	55547	13887	13888	27775
277895	5	55579	13895	13896	27791
278015	5	55603	13901	13902	27803
278095	5	55619	13905	13906	27811
278335	5	55667	13917	13918	27835
278455	5	55691	13923	13924	27847
278815	5	55763	13941	13942	27883
278935	5	55787	13947	13948	27895
279095	5	55819	13955	13956	27911
279215	5	55843	13961	13962	27923
279655	5	55931	13983	13984	27967
279935	5	55987	13997	13998	27995
280015	5	56003	14001	14002	28003
280495	5	56099	14025	14026	28051
280615	5	56123	14031	14032	28063
280655	5	56131	14033	14034	28067
280855	5	56171	14043	14044	28087
280895	5	56179	14045	14046	28091
281335	5	56267	14067	14068	28135
281495	5	56299	14075	14076	28151
282215	5	56443	14111	14112	28223
282335	5	56467	14117	14118	28235
282655	5	56531	14133	14134	28267
283055	5	56611	14153	14154	28307
283295	5	56659	14165	14166	28331
283655	5	56731	14183	14184	28367
283735	5	56747	14187	14188	28375
283895	5	56779	14195	14196	28391
284135	5	56827	14207	14208	28415
284215	5	56843	14211	14212	28423
284455	5	56891	14223	14224	28447
284615	5	56923	14231	14232	28463
284815	5	56963	14241	14242	28483
285295	5	57059	14265	14266	28531
285535	5	57107	14277	14278	28555
285655	5	57131	14283	14284	28567
285695	5	57139	14285	14286	28571
285815	5	57163	14291	14292	28583
285895	5	57179	14295	14296	28591
286015	5	57203	14301	14302	28603
286255	5	57251	14313	14314	28627
286295	5	57259	14315	14316	28631
286415	5	57283	14321	14322	28643
286655	5	57331	14333	14334	28667
286735	5	57347	14337	14338	28675
287135	5	57427	14357	14358	28715
287335	5	57467	14367	14368	28735
287855	5	57571	14393	14394	28787
287935	5	57587	14397	14398	28795
288335	5	57667	14417	14418	28835
288655	5	57731	14433	14434	28867
288935	5	57787	14447	14448	28895
289015	5	57803	14451	14452	28903
289295	5	57859	14465	14466	28931
289495	5	57899	14475	14476	28951
289615	5	57923	14481	14482	28963
289735	5	57947	14487	14488	28975
290135	5	58027	14507	14508	29015
290215	5	58043	14511	14512	29023
290335	5	58067	14517	14518	29035
290495	5	58099	14525	14526	29051
290735	5	58147	14537	14538	29075
290855	5	58171	14543	14544	29087
291055	5	58211	14553	14554	29107
291215	5	58243	14561	14562	29123
291815	5	58363	14591	14592	29183
291895	5	58379	14595	14596	29191
292015	5	58403	14601	14602	29203
292055	5	58411	14603	14604	29207
292135	5	58427	14607	14608	29215
292255	5	58451	14613	14614	29227
292895	5	58579	14645	14646	29291
293015	5	58603	14651	14652	29303
293495	5	58699	14675	14676	29351
293815	5	58763	14691	14692	29383
293855	5	58771	14693	14694	29387
293935	5	58787	14697	14698	29395
294535	5	58907	14727	14728	29455
294815	5	58963	14741	14742	29483
294895	5	58979	14745	14746	29491
295055	5	59011	14753	14754	29507
295255	5	59051	14763	14764	29527
295415	5	59083	14771	14772	29543
295535	5	59107	14777	14778	29555
295615	5	59123	14781	14782	29563
296095	5	59219	14805	14806	29611
296215	5	59243	14811	14812	29623
296935	5	59387	14847	14848	29695
297095	5	59419	14855	14856	29711
297215	5	59443	14861	14862	29723
297335	5	59467	14867	14868	29735
297695	5	59539	14885	14886	29771
298055	5	59611	14903	14904	29807
298135	5	59627	14907	14908	29815
298255	5	59651	14913	14914	29827
298295	5	59659	14915	14916	29831
298495	5	59699	14925	14926	29851
298535	5	59707	14927	14928	29855
298615	5	59723	14931	14932	29863
298735	5	59747	14937	14938	29875
298855	5	59771	14943	14944	29887
298895	5	59779	14945	14946	29891
299855	5	59971	14993	14994	29987
300415	5	60083	15021	15022	30043
300455	5	60091	15023	15024	30047
300535	5	60107	15027	15028	30055
300695	5	60139	15035	15036	30071
301255	5	60251	15063	15064	30127
301295	5	60259	15065	15066	30131
301655	5	60331	15083	15084	30167
302135	5	60427	15107	15108	30215
302215	5	60443	15111	15112	30223
302695	5	60539	15135	15136	30271
303055	5	60611	15153	15154	30307
303295	5	60659	15165	15166	30331
303815	5	60763	15191	15192	30383
303895	5	60779	15195	15196	30391
304055	5	60811	15203	15204	30407
304295	5	60859	15215	15216	30431
304495	5	60899	15225	15226	30451
304615	5	60923	15231	15232	30463
305135	5	61027	15257	15258	30515
305215	5	61043	15261	15262	30523
305255	5	61051	15263	15264	30527
305455	5	61091	15273	15274	30547
305495	5	61099	15275	15276	30551
306055	5	61211	15303	15304	30607
306415	5	61283	15321	15322	30643
306455	5	61291	15323	15324	30647
306655	5	61331	15333	15334	30667
306695	5	61339	15335	15336	30671
306815	5	61363	15341	15342	30683
306895	5	61379	15345	15346	30691
307015	5	61403	15351	15352	30703
307415	5	61483	15371	15372	30743
307535	5	61507	15377	15378	30755
307735	5	61547	15387	15388	30775
308015	5	61603	15401	15402	30803
308135	5	61627	15407	15408	30815
308215	5	61643	15411	15412	30823
308255	5	61651	15413	15414	30827
308335	5	61667	15417	15418	30835
308615	5	61723	15431	15432	30863
309095	5	61819	15455	15456	30911
309215	5	61843	15461	15462	30923
309895	5	61979	15495	15496	30991
309935	5	61987	15497	15498	30995
310015	5	62003	15501	15502	31003
310055	5	62011	15503	15504	31007
310495	5	62099	15525	15526	31051
310655	5	62131	15533	15534	31067
310855	5	62171	15543	15544	31087
311095	5	62219	15555	15556	31111
311495	5	62299	15575	15576	31151
311615	5	62323	15581	15582	31163
311735	5	62347	15587	15588	31175
312295	5	62459	15615	15616	31231
312335	5	62467	15617	15618	31235
312415	5	62483	15621	15622	31243
312535	5	62507	15627	15628	31255
312695	5	62539	15635	15636	31271
312815	5	62563	15641	15642	31283
313015	5	62603	15651	15652	31303
313135	5	62627	15657	15658	31315
313295	5	62659	15665	15666	31331
313415	5	62683	15671	15672	31343
313615	5	62723	15681	15682	31363
313655	5	62731	15683	15684	31367
314095	5	62819	15705	15706	31411
314135	5	62827	15707	15708	31415
314255	5	62851	15713	15714	31427
314695	5	62939	15735	15736	31471
314855	5	62971	15743	15744	31487
314935	5	62987	15747	15748	31495
315295	5	63059	15765	15766	31531
315335	5	63067	15767	15768	31535
315655	5	63131	15783	15784	31567
315895	5	63179	15795	15796	31591
316055	5	63211	15803	15804	31607
316495	5	63299	15825	15826	31651
316655	5	63331	15833	15834	31667
316735	5	63347	15837	15838	31675
317095	5	63419	15855	15856	31711
317215	5	63443	15861	15862	31723
317335	5	63467	15867	15868	31735
317495	5	63499	15875	15876	31751
317935	5	63587	15897	15898	31795
318055	5	63611	15903	15904	31807
318295	5	63659	15915	15916	31831
318335	5	63667	15917	15918	31835
318455	5	63691	15923	15924	31847
319015	5	63803	15951	15952	31903
319535	5	63907	15977	15978	31955
320095	5	64019	16005	16006	32011
320335	5	64067	16017	16018	32035
320455	5	64091	16023	16024	32047
320615	5	64123	16031	16032	32063
320855	5	64171	16043	16044	32087
320935	5	64187	16047	16048	32095
321415	5	64283	16071	16072	32143
322015	5	64403	16101	16102	32203
322255	5	64451	16113	16114	32227
322415	5	64483	16121	16122	32243
322495	5	64499	16125	16126	32251
322895	5	64579	16145	16146	32291
323135	5	64627	16157	16158	32315
323335	5	64667	16167	16168	32335
323735	5	64747	16187	16188	32375
323815	5	64763	16191	16192	32383
324055	5	64811	16203	16204	32407
324455	5	64891	16223	16224	32447
325015	5	65003	16251	16252	32503
325055	5	65011	16253	16254	32507
325135	5	65027	16257	16258	32515
325495	5	65099	16275	16276	32551
325615	5	65123	16281	16282	32563
325735	5	65147	16287	16288	32575
325855	5	65171	16293	16294	32587
325895	5	65179	16295	16296	32591
326015	5	65203	16301	16302	32603
326335	5	65267	16317	16318	32635
326615	5	65323	16331	16332	32663
326855	5	65371	16343	16344	32687
327095	5	65419	16355	16356	32711
327695	5	65539	16385	16386	32771
327815	5	65563	16391	16392	32783
327895	5	65579	16395	16396	32791
327935	5	65587	16397	16398	32795
328255	5	65651	16413	16414	32827
328495	5	65699	16425	16426	32851
328535	5	65707	16427	16428	32855
328655	5	65731	16433	16434	32867
329135	5	65827	16457	16458	32915
329215	5	65843	16461	16462	32923
329255	5	65851	16463	16464	32927
329335	5	65867	16467	16468	32935
329495	5	65899	16475	16476	32951
329815	5	65963	16491	16492	32983
330335	5	66067	16517	16518	33035
330415	5	66083	16521	16522	33043
330535	5	66107	16527	16528	33055
330895	5	66179	16545	16546	33091
331735	5	66347	16587	16588	33175
332015	5	66403	16601	16602	33203
332335	5	66467	16617	16618	33235
332455	5	66491	16623	16624	33247
332495	5	66499	16625	16626	33251
332615	5	66523	16631	16632	33263
332855	5	66571	16643	16644	33287
332935	5	66587	16647	16648	33295
333215	5	66643	16661	16662	33323
333415	5	66683	16671	16672	33343
333695	5	66739	16685	16686	33371
333815	5	66763	16691	16692	33383
334255	5	66851	16713	16714	33427
334415	5	66883	16721	16722	33443
334615	5	66923	16731	16732	33463
334655	5	66931	16733	16734	33467
334735	5	66947	16737	16738	33475
335015	5	67003	16751	16752	33503
335215	5	67043	16761	16762	33523
335695	5	67139	16785	16786	33571
335935	5	67187	16797	16798	33595
336055	5	67211	16803	16804	33607
336095	5	67219	16805	16806	33611
336535	5	67307	16827	16828	33655
336695	5	67339	16835	16836	33671
337055	5	67411	16853	16854	33707
337135	5	67427	16857	16858	33715
337495	5	67499	16875	16876	33751
337615	5	67523	16881	16882	33763
337655	5	67531	16883	16884	33767
337735	5	67547	16887	16888	33775
337895	5	67579	16895	16896	33791
338095	5	67619	16905	16906	33811
338255	5	67651	16913	16914	33827
338495	5	67699	16925	16926	33851
338615	5	67723	16931	16932	33863
338815	5	67763	16941	16942	33883
339095	5	67819	16955	16956	33911
339215	5	67843	16961	16962	33923
339335	5	67867	16967	16968	33935
339415	5	67883	16971	16972	33943
339455	5	67891	16973	16974	33947
339655	5	67931	16983	16984	33967
339695	5	67939	16985	16986	33971
339895	5	67979	16995	16996	33991
339935	5	67987	16997	16998	33995
340295	5	68059	17015	17016	34031
340495	5	68099	17025	17026	34051
340735	5	68147	17037	17038	34075
340855	5	68171	17043	17044	34087
341095	5	68219	17055	17056	34111
341135	5	68227	17057	17058	34115
341855	5	68371	17093	17094	34187
342215	5	68443	17111	17112	34223
342415	5	68483	17121	17122	34243
342455	5	68491	17123	17124	34247
342535	5	68507	17127	17128	34255
342655	5	68531	17133	17134	34267
342695	5	68539	17135	17136	34271
343055	5	68611	17153	17154	34307
343295	5	68659	17165	17166	34331
343415	5	68683	17171	17172	34343
343495	5	68699	17175	17176	34351
343855	5	68771	17193	17194	34387
344095	5	68819	17205	17206	34411
344455	5	68891	17223	17224	34447
344495	5	68899	17225	17226	34451
344735	5	68947	17237	17238	34475
344815	5	68963	17241	17242	34483
345055	5	69011	17253	17254	34507
345095	5	69019	17255	17256	34511
345335	5	69067	17267	17268	34535
345815	5	69163	17291	17292	34583
346015	5	69203	17301	17302	34603
346295	5	69259	17315	17316	34631
346855	5	69371	17343	17344	34687
346895	5	69379	17345	17346	34691
347015	5	69403	17351	17352	34703
347135	5	69427	17357	17358	34715
347335	5	69467	17367	17368	34735
347455	5	69491	17373	17374	34747
347495	5	69499	17375	17376	34751
347695	5	69539	17385	17386	34771
348455	5	69691	17423	17424	34847
348695	5	69739	17435	17436	34871
348815	5	69763	17441	17442	34883
348895	5	69779	17445	17446	34891
349135	5	69827	17457	17458	34915
349295	5	69859	17465	17466	34931
349495	5	69899	17475	17476	34951
349655	5	69931	17483	17484	34967
350015	5	70003	17501	17502	35003
350095	5	70019	17505	17506	35011
350255	5	70051	17513	17514	35027
350335	5	70067	17517	17518	35035
350495	5	70099	17525	17526	35051
350615	5	70123	17531	17532	35063
350695	5	70139	17535	17536	35071
350815	5	70163	17541	17542	35083
351895	5	70379	17595	17596	35191
352255	5	70451	17613	17614	35227
352295	5	70459	17615	17616	35231
352535	5	70507	17627	17628	35255
352855	5	70571	17643	17644	35287
353095	5	70619	17655	17656	35311
353135	5	70627	17657	17658	35315
353335	5	70667	17667	17668	35335
354215	5	70843	17711	17712	35423
354335	5	70867	17717	17718	35435
354455	5	70891	17723	17724	35447
354895	5	70979	17745	17746	35491
355055	5	71011	17753	17754	35507
355295	5	71059	17765	17766	35531
355735	5	71147	17787	17788	35575
355855	5	71171	17793	17794	35587
356695	5	71339	17835	17836	35671
356735	5	71347	17837	17838	35675
356815	5	71363	17841	17842	35683
356935	5	71387	17847	17848	35695
357055	5	71411	17853	17854	35707
357095	5	71419	17855	17856	35711
357215	5	71443	17861	17862	35723
357415	5	71483	17871	17872	35743
357815	5	71563	17891	17892	35783
358495	5	71699	17925	17926	35851
358535	5	71707	17927	17928	35855
359215	5	71843	17961	17962	35923
359335	5	71867	17967	17968	35935
359495	5	71899	17975	17976	35951
359735	5	71947	17987	17988	35975
359815	5	71963	17991	17992	35983
359855	5	71971	17993	17994	35987
359935	5	71987	17997	17998	35995
360095	5	72019	18005	18006	36011
360215	5	72043	18011	18012	36023
360455	5	72091	18023	18024	36047
360695	5	72139	18035	18036	36071
361055	5	72211	18053	18054	36107
361135	5	72227	18057	18058	36115
361255	5	72251	18063	18064	36127
361535	5	72307	18077	18078	36155
361895	5	72379	18095	18096	36191
362335	5	72467	18117	18118	36235
362735	5	72547	18137	18138	36275
363215	5	72643	18161	18162	36323
363535	5	72707	18177	18178	36355
363695	5	72739	18185	18186	36371
363815	5	72763	18191	18192	36383
364295	5	72859	18215	18216	36431
364415	5	72883	18221	18222	36443
364535	5	72907	18227	18228	36455
364615	5	72923	18231	18232	36463
364655	5	72931	18233	18234	36467
365095	5	73019	18255	18256	36511
365215	5	73043	18261	18262	36523
365455	5	73091	18273	18274	36547
366215	5	73243	18311	18312	36623
366295	5	73259	18315	18316	36631
366455	5	73291	18323	18324	36647
366655	5	73331	18333	18334	36667
366815	5	73363	18341	18342	36683
366895	5	73379	18345	18346	36691
366935	5	73387	18347	18348	36695
367295	5	73459	18365	18366	36731
367415	5	73483	18371	18372	36743
367615	5	73523	18381	18382	36763
367735	5	73547	18387	18388	36775
367855	5	73571	18393	18394	36787
368215	5	73643	18411	18412	36823
368255	5	73651	18413	18414	36827
368495	5	73699	18425	18426	36851
368855	5	73771	18443	18444	36887
369095	5	73819	18455	18456	36911
369295	5	73859	18465	18466	36931
369335	5	73867	18467	18468	36935
369415	5	73883	18471	18472	36943
369535	5	73907	18477	18478	36955
369695	5	73939	18485	18486	36971
370135	5	74027	18507	18508	37015
370255	5	74051	18513	18514	37027
370495	5	74099	18525	18526	37051
370655	5	74131	18533	18534	37067
371015	5	74203	18551	18552	37103
371095	5	74219	18555	18556	37111
371615	5	74323	18581	18582	37163
371815	5	74363	18591	18592	37183
372055	5	74411	18603	18604	37207
372095	5	74419	18605	18606	37211
372535	5	74507	18627	18628	37255
372655	5	74531	18633	18634	37267
372935	5	74587	18647	18648	37295
373055	5	74611	18653	18654	37307
373495	5	74699	18675	18676	37351
373535	5	74707	18677	18678	37355
373655	5	74731	18683	18684	37367
373735	5	74747	18687	18688	37375
373855	5	74771	18693	18694	37387
373895	5	74779	18695	18696	37391
374135	5	74827	18707	18708	37415
374215	5	74843	18711	18712	37423
374455	5	74891	18723	18724	37447
374615	5	74923	18731	18732	37463
375055	5	75011	18753	18754	37507
375415	5	75083	18771	18772	37543
376055	5	75211	18803	18804	37607
376135	5	75227	18807	18808	37615
376535	5	75307	18827	18828	37655
376615	5	75323	18831	18832	37663
376735	5	75347	18837	18838	37675
377015	5	75403	18851	18852	37703
377695	5	75539	18885	18886	37771
377855	5	75571	18893	18894	37787
378055	5	75611	18903	18904	37807
378095	5	75619	18905	18906	37811
378295	5	75659	18915	18916	37831
378415	5	75683	18921	18922	37843
378535	5	75707	18927	18928	37855
378655	5	75731	18933	18934	37867
378935	5	75787	18947	18948	37895
379415	5	75883	18971	18972	37943
379655	5	75931	18983	18984	37967
379895	5	75979	18995	18996	37991
380015	5	76003	19001	19002	38003
380455	5	76091	19023	19024	38047
380495	5	76099	19025	19026	38051
380615	5	76123	19031	19032	38063
380735	5	76147	19037	19038	38075
380815	5	76163	19041	19042	38083
381215	5	76243	19061	19062	38123
381295	5	76259	19065	19066	38131
381415	5	76283	19071	19072	38143
381895	5	76379	19095	19096	38191
381935	5	76387	19097	19098	38195
382015	5	76403	19101	19102	38203
382535	5	76507	19127	19128	38255
382895	5	76579	19145	19146	38291
383015	5	76603	19151	19152	38303
383255	5	76651	19163	19164	38327
383335	5	76667	19167	19168	38335
383855	5	76771	19193	19194	38387
384095	5	76819	19205	19206	38411
384415	5	76883	19221	19222	38443
384535	5	76907	19227	19228	38455
384815	5	76963	19241	19242	38483
385015	5	77003	19251	19252	38503
385855	5	77171	19293	19294	38587
386215	5	77243	19311	19312	38623
386335	5	77267	19317	19318	38635
386455	5	77291	19323	19324	38647
386615	5	77323	19331	19332	38663
386695	5	77339	19335	19336	38671
386735	5	77347	19337	19338	38675
387095	5	77419	19355	19356	38711
387455	5	77491	19373	19374	38747
387815	5	77563	19391	19392	38783
387935	5	77587	19397	19398	38795
388055	5	77611	19403	19404	38807
388295	5	77659	19415	19416	38831
388495	5	77699	19425	19426	38851
388615	5	77723	19431	19432	38863
388655	5	77731	19433	19434	38867
388735	5	77747	19437	19438	38875
389335	5	77867	19467	19468	38935
389495	5	77899	19475	19476	38951
390295	5	78059	19515	19516	39031
390695	5	78139	19535	19536	39071
390815	5	78163	19541	19542	39083
390895	5	78179	19545	19546	39091
391015	5	78203	19551	19552	39103
391295	5	78259	19565	19566	39131
391415	5	78283	19571	19572	39143
391535	5	78307	19577	19578	39155
391735	5	78347	19587	19588	39175
392135	5	78427	19607	19608	39215
392335	5	78467	19617	19618	39235
392695	5	78539	19635	19636	39271
392855	5	78571	19643	19644	39287
393215	5	78643	19661	19662	39323
393455	5	78691	19673	19674	39347
393535	5	78707	19677	19678	39355
393895	5	78779	19695	19696	39391
393935	5	78787	19697	19698	39395
394015	5	78803	19701	19702	39403
394895	5	78979	19745	19746	39491
395215	5	79043	19761	19762	39523
395695	5	79139	19785	19786	39571
395735	5	79147	19787	19788	39575
395935	5	79187	19797	19798	39595
396295	5	79259	19815	19816	39631
396415	5	79283	19821	19822	39643
396895	5	79379	19845	19846	39691
397055	5	79411	19853	19854	39707
397135	5	79427	19857	19858	39715
397255	5	79451	19863	19864	39727
397655	5	79531	19883	19884	39767
397895	5	79579	19895	19896	39791
398135	5	79627	19907	19908	39815
398455	5	79691	19923	19924	39847
398495	5	79699	19925	19926	39851
399055	5	79811	19953	19954	39907
399215	5	79843	19961	19962	39923
399335	5	79867	19967	19968	39935
399535	5	79907	19977	19978	39955
399695	5	79939	19985	19986	39971
399895	5	79979	19995	19996	39991
399935	5	79987	19997	19998	39995
400255	5	80051	20013	20014	40027
400535	5	80107	20027	20028	40055
400735	5	80147	20037	20038	40075
401255	5	80251	20063	20064	40127
401735	5	80347	20087	20088	40175
401815	5	80363	20091	20092	40183
401935	5	80387	20097	20098	40195
402455	5	80491	20123	20124	40247
403015	5	80603	20151	20152	40303
403055	5	80611	20153	20154	40307
403135	5	80627	20157	20158	40315
403255	5	80651	20163	20164	40327
403415	5	80683	20171	20172	40343
403735	5	80747	20187	20188	40375
403895	5	80779	20195	20196	40391
404015	5	80803	20201	20202	40403
404095	5	80819	20205	20206	40411
404615	5	80923	20231	20232	40463
404815	5	80963	20241	20242	40483
405095	5	81019	20255	20256	40511
405215	5	81043	20261	20262	40523
405415	5	81083	20271	20272	40543
405655	5	81131	20283	20284	40567
405815	5	81163	20291	20292	40583
406015	5	81203	20301	20302	40603
406415	5	81283	20321	20322	40643
406495	5	81299	20325	20326	40651
406535	5	81307	20327	20328	40655
406655	5	81331	20333	20334	40667
406855	5	81371	20343	20344	40687
407735	5	81547	20387	20388	40775
407815	5	81563	20391	20392	40783
408055	5	81611	20403	20404	40807
408095	5	81619	20405	20406	40811
408335	5	81667	20417	20418	40835
408535	5	81707	20427	20428	40855
409415	5	81883	20471	20472	40943
409495	5	81899	20475	20476	40951
409655	5	81931	20483	20484	40967
409855	5	81971	20493	20494	40987
410015	5	82003	20501	20502	41003
410255	5	82051	20513	20514	41027
410335	5	82067	20517	20518	41035
410695	5	82139	20535	20536	41071
410815	5	82163	20541	20542	41083
410855	5	82171	20543	20544	41087
411095	5	82219	20555	20556	41111
411335	5	82267	20567	20568	41135
411535	5	82307	20577	20578	41155
411695	5	82339	20585	20586	41171
411935	5	82387	20597	20598	41195
412415	5	82483	20621	20622	41243
412495	5	82499	20625	20626	41251
412535	5	82507	20627	20628	41255
412655	5	82531	20633	20634	41267
412855	5	82571	20643	20644	41287
413095	5	82619	20655	20656	41311
413255	5	82651	20663	20664	41327
413495	5	82699	20675	20676	41351
413615	5	82723	20681	20682	41363
413815	5	82763	20691	20692	41383
413935	5	82787	20697	20698	41395
414055	5	82811	20703	20704	41407
414415	5	82883	20721	20722	41443
414455	5	82891	20723	20724	41447
414695	5	82939	20735	20736	41471
414815	5	82963	20741	20742	41483
415015	5	83003	20751	20752	41503
415295	5	83059	20765	20766	41531
416015	5	83203	20801	20802	41603
416095	5	83219	20805	20806	41611
416135	5	83227	20807	20808	41615
416215	5	83243	20811	20812	41623
416335	5	83267	20817	20818	41635
416495	5	83299	20825	20826	41651
416695	5	83339	20835	20836	41671
417215	5	83443	20861	20862	41723
417295	5	83459	20865	20866	41731
417815	5	83563	20891	20892	41783
417895	5	83579	20895	20896	41791
419215	5	83843	20961	20962	41923
419455	5	83891	20973	20974	41947
419695	5	83939	20985	20986	41971
419935	5	83987	20997	20998	41995
420055	5	84011	21003	21004	42007
420295	5	84059	21015	21016	42031
420335	5	84067	21017	21018	42035
420655	5	84131	21033	21034	42067
420815	5	84163	21041	21042	42083
420895	5	84179	21045	21046	42091
421055	5	84211	21053	21054	42107
421495	5	84299	21075	21076	42151
421535	5	84307	21077	21078	42155
421735	5	84347	21087	21088	42175
422215	5	84443	21111	21112	42223
422335	5	84467	21117	21118	42235
422495	5	84499	21125	21126	42251
422615	5	84523	21131	21132	42263
423295	5	84659	21165	21166	42331
423455	5	84691	21173	21174	42347
423655	5	84731	21183	21184	42367
423935	5	84787	21197	21198	42395
424055	5	84811	21203	21204	42407
424135	5	84827	21207	21208	42415
424295	5	84859	21215	21216	42431
424735	5	84947	21237	21238	42475
424895	5	84979	21245	21246	42491
425135	5	85027	21257	21258	42515
425455	5	85091	21273	21274	42547
425735	5	85147	21287	21288	42575
426215	5	85243	21311	21312	42623
426295	5	85259	21315	21316	42631
426655	5	85331	21333	21334	42667
426815	5	85363	21341	21342	42683
427055	5	85411	21353	21354	42707
427135	5	85427	21357	21358	42715
427255	5	85451	21363	21364	42727
427615	5	85523	21381	21382	42763
427655	5	85531	21383	21384	42767
427855	5	85571	21393	21394	42787
428095	5	85619	21405	21406	42811
428135	5	85627	21407	21408	42815
428215	5	85643	21411	21412	42823
428335	5	85667	21417	21418	42835
428455	5	85691	21423	21424	42847
429095	5	85819	21455	21456	42911
429215	5	85843	21461	21462	42923
429655	5	85931	21483	21484	42967
430055	5	86011	21503	21504	43007
430135	5	86027	21507	21508	43015
430415	5	86083	21521	21522	43043
430655	5	86131	21533	21534	43067
430855	5	86171	21543	21544	43087
430895	5	86179	21545	21546	43091
431215	5	86243	21561	21562	43123
431455	5	86291	21573	21574	43147
431615	5	86323	21581	21582	43163
431855	5	86371	21593	21594	43187
432335	5	86467	21617	21618	43235
432455	5	86491	21623	21624	43247
432655	5	86531	21633	21634	43267
432695	5	86539	21635	21636	43271
432895	5	86579	21645	21646	43291
432935	5	86587	21647	21648	43295
433135	5	86627	21657	21658	43315
433855	5	86771	21693	21694	43387
434215	5	86843	21711	21712	43423
434255	5	86851	21713	21714	43427
434615	5	86923	21731	21732	43463
434695	5	86939	21735	21736	43471
435055	5	87011	21753	21754	43507
435415	5	87083	21771	21772	43543
435535	5	87107	21777	21778	43555
435895	5	87179	21795	21796	43591
435935	5	87187	21797	21798	43595
436055	5	87211	21803	21804	43607
436255	5	87251	21813	21814	43627
436495	5	87299	21825	21826	43651
436615	5	87323	21831	21832	43663
437015	5	87403	21851	21852	43703
437135	5	87427	21857	21858	43715
437215	5	87443	21861	21862	43723
437455	5	87491	21873	21874	43747
437615	5	87523	21881	21882	43763
437695	5	87539	21885	21886	43771
437735	5	87547	21887	21888	43775
437935	5	87587	21897	21898	43795
438215	5	87643	21911	21912	43823
438415	5	87683	21921	21922	43843
438455	5	87691	21923	21924	43847
438695	5	87739	21935	21936	43871
439015	5	87803	21951	21952	43903
439055	5	87811	21953	21954	43907
439655	5	87931	21983	21984	43967
440015	5	88003	22001	22002	44003
440095	5	88019	22005	22006	44011
441055	5	88211	22053	22054	44107
441295	5	88259	22065	22066	44131
441695	5	88339	22085	22086	44171
441895	5	88379	22095	22096	44191
442055	5	88411	22103	22104	44207
442135	5	88427	22107	22108	44215
442495	5	88499	22125	22126	44251
442615	5	88523	22131	22132	44263
442735	5	88547	22137	22138	44275
443215	5	88643	22161	22162	44323
443255	5	88651	22163	22164	44327
443335	5	88667	22167	22168	44335
443735	5	88747	22187	22188	44375
443855	5	88771	22193	22194	44387
444055	5	88811	22203	22204	44407
444095	5	88819	22205	22206	44411
444215	5	88843	22211	22212	44423
444335	5	88867	22217	22218	44435
444415	5	88883	22221	22222	44443
445015	5	89003	22251	22252	44503
445255	5	89051	22263	22264	44527
445415	5	89083	22271	22272	44543
445535	5	89107	22277	22278	44555
445615	5	89123	22281	22282	44563
446015	5	89203	22301	22302	44603
446135	5	89227	22307	22308	44615
446815	5	89363	22341	22342	44683
446855	5	89371	22343	22344	44687
446935	5	89387	22347	22348	44695
447215	5	89443	22361	22362	44723
447295	5	89459	22365	22366	44731
447455	5	89491	22373	22374	44747
447815	5	89563	22391	22392	44783
448015	5	89603	22401	22402	44803
448055	5	89611	22403	22404	44807
448135	5	89627	22407	22408	44815
448295	5	89659	22415	22416	44831
448895	5	89779	22445	22446	44891
449095	5	89819	22455	22456	44911
449335	5	89867	22467	22468	44935
449455	5	89891	22473	22474	44947
449495	5	89899	22475	22476	44951
449615	5	89923	22481	22482	44963
449695	5	89939	22485	22486	44971
449815	5	89963	22491	22492	44983
450055	5	90011	22503	22504	45007
450095	5	90019	22505	22506	45011
450295	5	90059	22515	22516	45031
450335	5	90067	22517	22518	45035
450535	5	90107	22527	22528	45055
450815	5	90163	22541	22542	45083
450935	5	90187	22547	22548	45095
451015	5	90203	22551	22552	45103
451135	5	90227	22557	22558	45115
451855	5	90371	22593	22594	45187
451895	5	90379	22595	22596	45191
452015	5	90403	22601	22602	45203
452495	5	90499	22625	22626	45251
452615	5	90523	22631	22632	45263
452735	5	90547	22637	22638	45275
453095	5	90619	22655	22656	45311
453295	5	90659	22665	22666	45331
453655	5	90731	22683	22684	45367
453935	5	90787	22697	22698	45395
454015	5	90803	22701	22702	45403
454535	5	90907	22727	22728	45455
454655	5	90931	22733	22734	45467
454735	5	90947	22737	22738	45475
454855	5	90971	22743	22744	45487
455095	5	91019	22755	22756	45511
455495	5	91099	22775	22776	45551
455695	5	91139	22785	22786	45571
455815	5	91163	22791	22792	45583
456215	5	91243	22811	22812	45623
456415	5	91283	22821	22822	45643
456455	5	91291	22823	22824	45647
456655	5	91331	22833	22834	45667
456935	5	91387	22847	22848	45695
457055	5	91411	22853	22854	45707
457295	5	91459	22865	22866	45731
457495	5	91499	22875	22876	45751
457855	5	91571	22893	22894	45787
458455	5	91691	22923	22924	45847
458855	5	91771	22943	22944	45887
459055	5	91811	22953	22954	45907
459335	5	91867	22967	22968	45935
459695	5	91939	22985	22986	45971
460015	5	92003	23001	23002	46003
460255	5	92051	23013	23014	46027
460415	5	92083	23021	23022	46043
460535	5	92107	23027	23028	46055
460895	5	92179	23045	23046	46091
461015	5	92203	23051	23052	46103
461095	5	92219	23055	23056	46111
461135	5	92227	23057	23058	46115
461215	5	92243	23061	23062	46123
461255	5	92251	23063	23064	46127
461735	5	92347	23087	23088	46175
461815	5	92363	23091	23092	46183
461935	5	92387	23097	23098	46195
462095	5	92419	23105	23106	46211
462295	5	92459	23115	23116	46231
462335	5	92467	23117	23118	46235
462535	5	92507	23127	23128	46255
463135	5	92627	23157	23158	46315
463415	5	92683	23171	23172	46343
463495	5	92699	23175	23176	46351
463535	5	92707	23177	23178	46355
463615	5	92723	23181	23182	46363
463895	5	92779	23195	23196	46391
464335	5	92867	23217	23218	46435
464495	5	92899	23225	23226	46451
464935	5	92987	23247	23248	46495
465295	5	93059	23265	23266	46531
465415	5	93083	23271	23272	46543
465655	5	93131	23283	23284	46567
465695	5	93139	23285	23286	46571
465895	5	93179	23295	23296	46591
465935	5	93187	23297	23298	46595
466255	5	93251	23313	23314	46627
466415	5	93283	23321	23322	46643
466535	5	93307	23327	23328	46655
466615	5	93323	23331	23332	46663
466855	5	93371	23343	23344	46687
467095	5	93419	23355	23356	46711
467135	5	93427	23357	23358	46715
467455	5	93491	23373	23374	46747
467615	5	93523	23381	23382	46763
467815	5	93563	23391	23392	46783
468415	5	93683	23421	23422	46843
468695	5	93739	23435	23436	46871
468815	5	93763	23441	23442	46883
468935	5	93787	23447	23448	46895
469055	5	93811	23453	23454	46907
469135	5	93827	23457	23458	46915
469255	5	93851	23463	23464	46927
469615	5	93923	23481	23482	46963
469855	5	93971	23493	23494	46987
469895	5	93979	23495	23496	46991
470495	5	94099	23525	23526	47051
471095	5	94219	23555	23556	47111
471455	5	94291	23573	23574	47147
471535	5	94307	23577	23578	47155
471655	5	94331	23583	23584	47167
471895	5	94379	23595	23596	47191
472135	5	94427	23607	23608	47215
472415	5	94483	23621	23622	47243
472655	5	94531	23633	23634	47267
472735	5	94547	23637	23638	47275
473015	5	94603	23651	23652	47303
473255	5	94651	23663	23664	47327
473615	5	94723	23681	23682	47363
473735	5	94747	23687	23688	47375
473855	5	94771	23693	23694	47387
474055	5	94811	23703	23704	47407
474095	5	94819	23705	23706	47411
474535	5	94907	23727	23728	47455
475015	5	95003	23751	23752	47503
475135	5	95027	23757	23758	47515
475415	5	95083	23771	23772	47543
475535	5	95107	23777	23778	47555
475655	5	95131	23783	23784	47567
476015	5	95203	23801	23802	47603
476095	5	95219	23805	23806	47611
476335	5	95267	23817	23818	47635
476695	5	95339	23835	23836	47671
477095	5	95419	23855	23856	47711
477215	5	95443	23861	23862	47723
477335	5	95467	23867	23868	47735
477415	5	95483	23871	23872	47743
477535	5	95507	23877	23878	47755
477655	5	95531	23883	23884	47767
477695	5	95539	23885	23886	47771
478015	5	95603	23901	23902	47803
478255	5	95651	23913	23914	47827
478535	5	95707	23927	23928	47855
478615	5	95723	23931	23932	47863
478655	5	95731	23933	23934	47867
478735	5	95747	23937	23938	47875
479015	5	95803	23951	23952	47903
479095	5	95819	23955	23956	47911
479455	5	95891	23973	23974	47947
479615	5	95923	23981	23982	47963
479735	5	95947	23987	23988	47975
479855	5	95971	23993	23994	47987
479935	5	95987	23997	23998	47995
480215	5	96043	24011	24012	48023
480295	5	96059	24015	24016	48031
480895	5	96179	24045	24046	48091
481055	5	96211	24053	24054	48107
481295	5	96259	24065	24066	48131
481615	5	96323	24081	24082	48163
481655	5	96331	24083	24084	48167
482095	5	96419	24105	24106	48211
482215	5	96443	24111	24112	48223
482255	5	96451	24113	24114	48227
482935	5	96587	24147	24148	48295
483215	5	96643	24161	24162	48323
483335	5	96667	24167	24168	48335
483655	5	96731	24183	24184	48367
483695	5	96739	24185	24186	48371
483815	5	96763	24191	24192	48383
483895	5	96779	24195	24196	48391
483935	5	96787	24197	24198	48395
484135	5	96827	24207	24208	48415
484255	5	96851	24213	24214	48427
484535	5	96907	24227	24228	48455
484655	5	96931	24233	24234	48467
484895	5	96979	24245	24246	48491
485015	5	97003	24251	24252	48503
485855	5	97171	24293	24294	48587
485935	5	97187	24297	24298	48595
486295	5	97259	24315	24316	48631
486415	5	97283	24321	24322	48643
486895	5	97379	24345	24346	48691
486935	5	97387	24347	24348	48695
487295	5	97459	24365	24366	48731
487495	5	97499	24375	24376	48751
487615	5	97523	24381	24382	48763
487735	5	97547	24387	24388	48775
487855	5	97571	24393	24394	48787
487895	5	97579	24395	24396	48791
488255	5	97651	24413	24414	48827
488855	5	97771	24443	24444	48887
488935	5	97787	24447	24448	48895
489215	5	97843	24461	24462	48923
489295	5	97859	24465	24466	48931
489415	5	97883	24471	24472	48943
489655	5	97931	24483	24484	48967
489935	5	97987	24497	24498	48995
490055	5	98011	24503	24504	49007
490615	5	98123	24531	24532	49063
490895	5	98179	24545	24546	49091
491135	5	98227	24557	24558	49115
491255	5	98251	24563	24564	49127
491495	5	98299	24575	24576	49151
491615	5	98323	24581	24582	49163
491735	5	98347	24587	24588	49175
491935	5	98387	24597	24598	49195
492055	5	98411	24603	24604	49207
492095	5	98419	24605	24606	49211
492215	5	98443	24611	24612	49223
492295	5	98459	24615	24616	49231
492335	5	98467	24617	24618	49235
492455	5	98491	24623	24624	49247
492535	5	98507	24627	24628	49255
492815	5	98563	24641	24642	49283
493135	5	98627	24657	24658	49315
493655	5	98731	24683	24684	49367
493895	5	98779	24695	24696	49391
494335	5	98867	24717	24718	49435
494495	5	98899	24725	24726	49451
494695	5	98939	24735	24736	49471
494735	5	98947	24737	24738	49475
494815	5	98963	24741	24742	49483
495415	5	99083	24771	24772	49543
495655	5	99131	24783	24784	49567
495695	5	99139	24785	24786	49571
496255	5	99251	24813	24814	49627
496295	5	99259	24815	24816	49631
496735	5	99347	24837	24838	49675
496855	5	99371	24843	24844	49687
497615	5	99523	24881	24882	49763
497815	5	99563	24891	24892	49783
497855	5	99571	24893	24894	49787
498055	5	99611	24903	24904	49807
498215	5	99643	24911	24912	49823
498335	5	99667	24917	24918	49835
498535	5	99707	24927	24928	49855
498935	5	99787	24947	24948	49895
499295	5	99859	24965	24966	49931
499535	5	99907	24977	24978	49955
499615	5	99923	24981	24982	49963
499855	5	99971	24993	24994	49987
119	7	17	4	6	10
287	7	41	10	12	22
511	7	73	18	20	38
623	7	89	22	24	46
679	7	97	24	26	50
791	7	113	28	30	58
959	7	137	34	36	70
1351	7	193	48	50	98
1631	7	233	58	60	118
1687	7	241	60	62	122
1799	7	257	64	66	130
1967	7	281	70	72	142
2191	7	313	78	80	158
2359	7	337	84	86	170
2471	7	353	88	90	178
2807	7	401	100	102	202
2863	7	409	102	104	206
3031	7	433	108	110	218
3143	7	449	112	114	226
3199	7	457	114	116	230
3647	7	521	130	132	262
3983	7	569	142	144	286
4039	7	577	144	146	290
4151	7	593	148	150	298
4207	7	601	150	152	302
4319	7	617	154	156	310
4487	7	641	160	162	322
4711	7	673	168	170	338
5327	7	761	190	192	382
5383	7	769	192	194	386
5663	7	809	202	204	406
5999	7	857	214	216	430
6167	7	881	220	222	442
6503	7	929	232	234	466
6559	7	937	234	236	470
6671	7	953	238	240	478
6839	7	977	244	246	490
7063	7	1009	252	254	506
7231	7	1033	258	260	518
7343	7	1049	262	264	526
7679	7	1097	274	276	550
7903	7	1129	282	284	566
8071	7	1153	288	290	578
8351	7	1193	298	300	598
8407	7	1201	300	302	602
8519	7	1217	304	306	610
8743	7	1249	312	314	626
9023	7	1289	322	324	646
9079	7	1297	324	326	650
9247	7	1321	330	332	662
9527	7	1361	340	342	682
9863	7	1409	352	354	706
10031	7	1433	358	360	718
10367	7	1481	370	372	742
10423	7	1489	372	374	746
10871	7	1553	388	390	778
11207	7	1601	400	402	802
11263	7	1609	402	404	806
11599	7	1657	414	416	830
11879	7	1697	424	426	850
12047	7	1721	430	432	862
12271	7	1753	438	440	878
12439	7	1777	444	446	890
12607	7	1801	450	452	902
13111	7	1873	468	470	938
13223	7	1889	472	474	946
13391	7	1913	478	480	958
13951	7	1993	498	500	998
14119	7	2017	504	506	1010
14567	7	2081	520	522	1042
14623	7	2089	522	524	1046
14791	7	2113	528	530	1058
14903	7	2129	532	534	1066
14959	7	2137	534	536	1070
15071	7	2153	538	540	1078
15127	7	2161	540	542	1082
15911	7	2273	568	570	1138
15967	7	2281	570	572	1142
16079	7	2297	574	576	1150
16639	7	2377	594	596	1190
16751	7	2393	598	600	1198
16919	7	2417	604	606	1210
17087	7	2441	610	612	1222
17311	7	2473	618	620	1238
17647	7	2521	630	632	1262
18151	7	2593	648	650	1298
18263	7	2609	652	654	1306
18319	7	2617	654	656	1310
18431	7	2633	658	660	1318
18599	7	2657	664	666	1330
18823	7	2689	672	674	1346
18991	7	2713	678	680	1358
19103	7	2729	682	684	1366
19271	7	2753	688	690	1378
19439	7	2777	694	696	1390
19607	7	2801	700	702	1402
19831	7	2833	708	710	1418
19999	7	2857	714	716	1430
20279	7	2897	724	726	1450
20671	7	2953	738	740	1478
20783	7	2969	742	744	1486
21007	7	3001	750	752	1502
21287	7	3041	760	762	1522
21343	7	3049	762	764	1526
21623	7	3089	772	774	1546
21847	7	3121	780	782	1562
21959	7	3137	784	786	1570
22183	7	3169	792	794	1586
22463	7	3209	802	804	1606
22519	7	3217	804	806	1610
22799	7	3257	814	816	1630
23191	7	3313	828	830	1658
23303	7	3329	832	834	1666
23527	7	3361	840	842	1682
24031	7	3433	858	860	1718
24143	7	3449	862	864	1726
24199	7	3457	864	866	1730
24703	7	3529	882	884	1766
25151	7	3593	898	900	1798
25319	7	3617	904	906	1810
25711	7	3673	918	920	1838
25879	7	3697	924	926	1850
26327	7	3761	940	942	1882
26383	7	3769	942	944	1886
26551	7	3793	948	950	1898
26831	7	3833	958	960	1918
27167	7	3881	970	972	1942
27223	7	3889	972	974	1946
27503	7	3929	982	984	1966
28007	7	4001	1000	1002	2002
28343	7	4049	1012	1014	2026
28399	7	4057	1014	1016	2030
28511	7	4073	1018	1020	2038
28903	7	4129	1032	1034	2066
29071	7	4153	1038	1040	2078
29239	7	4177	1044	1046	2090
29407	7	4201	1050	1052	2102
29519	7	4217	1054	1056	2110
29687	7	4241	1060	1062	2122
29911	7	4273	1068	1070	2138
30023	7	4289	1072	1074	2146
30079	7	4297	1074	1076	2150
30359	7	4337	1084	1086	2170
30863	7	4409	1102	1104	2206
31087	7	4441	1110	1112	2222
31199	7	4457	1114	1116	2230
31367	7	4481	1120	1122	2242
31591	7	4513	1128	1130	2258
31927	7	4561	1140	1142	2282
32543	7	4649	1162	1164	2326
32599	7	4657	1164	1166	2330
32711	7	4673	1168	1170	2338
33047	7	4721	1180	1182	2362
33103	7	4729	1182	1184	2366
33551	7	4793	1198	1200	2398
33607	7	4801	1200	1202	2402
33719	7	4817	1204	1206	2410
34223	7	4889	1222	1224	2446
34559	7	4937	1234	1236	2470
34783	7	4969	1242	1244	2486
34951	7	4993	1248	1250	2498
35063	7	5009	1252	1254	2506
35567	7	5081	1270	1272	2542
35791	7	5113	1278	1280	2558
36071	7	5153	1288	1290	2578
36463	7	5209	1302	1304	2606
36631	7	5233	1308	1310	2618
36911	7	5273	1318	1320	2638
36967	7	5281	1320	1322	2642
37079	7	5297	1324	1326	2650
37751	7	5393	1348	1350	2698
37919	7	5417	1354	1356	2710
38087	7	5441	1360	1362	2722
38143	7	5449	1362	1364	2726
38647	7	5521	1380	1382	2762
38983	7	5569	1392	1394	2786
39487	7	5641	1410	1412	2822
39599	7	5657	1414	1416	2830
39823	7	5689	1422	1424	2846
40159	7	5737	1434	1436	2870
40607	7	5801	1450	1452	2902
40943	7	5849	1462	1464	2926
40999	7	5857	1464	1466	2930
41167	7	5881	1470	1472	2942
41279	7	5897	1474	1476	2950
41671	7	5953	1488	1490	2978
42511	7	6073	1518	1520	3038
42623	7	6089	1522	1524	3046
42791	7	6113	1528	1530	3058
42847	7	6121	1530	1532	3062
43519	7	6217	1554	1556	3110
43799	7	6257	1564	1566	3130
44303	7	6329	1582	1584	3166
44359	7	6337	1584	1586	3170
44471	7	6353	1588	1590	3178
44527	7	6361	1590	1592	3182
45143	7	6449	1612	1614	3226
45311	7	6473	1618	1620	3238
45367	7	6481	1620	1622	3242
45647	7	6521	1630	1632	3262
45703	7	6529	1632	1634	3266
45871	7	6553	1638	1640	3278
45983	7	6569	1642	1644	3286
46039	7	6577	1644	1646	3290
46711	7	6673	1668	1670	3338
46823	7	6689	1672	1674	3346
47159	7	6737	1684	1686	3370
47327	7	6761	1690	1692	3382
47551	7	6793	1698	1700	3398
47831	7	6833	1708	1710	3418
47887	7	6841	1710	1712	3422
47999	7	6857	1714	1716	3430
48727	7	6961	1740	1742	3482
48839	7	6977	1744	1746	3490
49007	7	7001	1750	1752	3502
49399	7	7057	1764	1766	3530
49847	7	7121	1780	1782	3562
49903	7	7129	1782	1784	3566
50239	7	7177	1794	1796	3590
50351	7	7193	1798	1800	3598
51079	7	7297	1824	1826	3650
51247	7	7321	1830	1832	3662
51583	7	7369	1842	1844	3686
51751	7	7393	1848	1850	3698
51919	7	7417	1854	1856	3710
52031	7	7433	1858	1860	3718
52199	7	7457	1864	1866	3730
52367	7	7481	1870	1872	3742
52423	7	7489	1872	1874	3746
52703	7	7529	1882	1884	3766
52759	7	7537	1884	1886	3770
52927	7	7561	1890	1892	3782
53039	7	7577	1894	1896	3790
53543	7	7649	1912	1914	3826
53711	7	7673	1918	1920	3838
53767	7	7681	1920	1922	3842
54271	7	7753	1938	1940	3878
54551	7	7793	1948	1950	3898
54719	7	7817	1954	1956	3910
54887	7	7841	1960	1962	3922
55111	7	7873	1968	1970	3938
55559	7	7937	1984	1986	3970
55951	7	7993	1998	2000	3998
56063	7	8009	2002	2004	4006
56119	7	8017	2004	2006	4010
56567	7	8081	2020	2022	4042
56623	7	8089	2022	2024	4046
57127	7	8161	2040	2042	4082
57463	7	8209	2052	2054	4106
57631	7	8233	2058	2060	4118
57911	7	8273	2068	2070	4138
58079	7	8297	2074	2076	4150
58303	7	8329	2082	2084	4166
58471	7	8353	2088	2090	4178
58583	7	8369	2092	2094	4186
58639	7	8377	2094	2096	4190
59591	7	8513	2128	2130	4258
59647	7	8521	2130	2132	4262
59759	7	8537	2134	2136	4270
60263	7	8609	2152	2154	4306
60487	7	8641	2160	2162	4322
60767	7	8681	2170	2172	4342
60823	7	8689	2172	2174	4346
60991	7	8713	2178	2180	4358
61159	7	8737	2184	2186	4370
61271	7	8753	2188	2190	4378
61327	7	8761	2190	2192	4382
61943	7	8849	2212	2214	4426
62503	7	8929	2232	2234	4466
62783	7	8969	2242	2244	4486
63007	7	9001	2250	2252	4502
63287	7	9041	2260	2262	4522
63343	7	9049	2262	2264	4526
63959	7	9137	2284	2286	4570
64127	7	9161	2290	2292	4582
64463	7	9209	2302	2304	4606
64687	7	9241	2310	2312	4622
64799	7	9257	2314	2316	4630
64967	7	9281	2320	2322	4642
65359	7	9337	2334	2336	4670
65639	7	9377	2344	2346	4690
66031	7	9433	2358	2360	4718
66311	7	9473	2368	2370	4738
66479	7	9497	2374	2376	4750
66647	7	9521	2380	2382	4762
67207	7	9601	2400	2402	4802
67543	7	9649	2412	2414	4826
67823	7	9689	2422	2424	4846
67879	7	9697	2424	2426	4850
68047	7	9721	2430	2432	4862
68383	7	9769	2442	2444	4886
68719	7	9817	2454	2456	4910
68831	7	9833	2458	2460	4918
68999	7	9857	2464	2466	4930
69503	7	9929	2482	2484	4966
70063	7	10009	2502	2504	5006
71183	7	10169	2542	2544	5086
71239	7	10177	2544	2546	5090
71351	7	10193	2548	2550	5098
71911	7	10273	2568	2570	5138
72023	7	10289	2572	2574	5146
72191	7	10313	2578	2580	5158
72247	7	10321	2580	2582	5162
72359	7	10337	2584	2586	5170
72583	7	10369	2592	2594	5186
73031	7	10433	2608	2610	5218
73199	7	10457	2614	2616	5230
73591	7	10513	2628	2630	5258
73703	7	10529	2632	2634	5266
74207	7	10601	2650	2652	5302
74599	7	10657	2664	2666	5330
75103	7	10729	2682	2684	5366
75271	7	10753	2688	2690	5378
76223	7	10889	2722	2724	5446
76559	7	10937	2734	2736	5470
76951	7	10993	2748	2750	5498
77399	7	11057	2764	2766	5530
77791	7	11113	2778	2780	5558
78127	7	11161	2790	2792	5582
78239	7	11177	2794	2796	5590
78799	7	11257	2814	2816	5630
78911	7	11273	2818	2820	5638
79247	7	11321	2830	2832	5662
79303	7	11329	2832	2834	5666
79471	7	11353	2838	2840	5678
79583	7	11369	2842	2844	5686
79751	7	11393	2848	2850	5698
80423	7	11489	2872	2874	5746
80479	7	11497	2874	2876	5750
81151	7	11593	2898	2900	5798
81319	7	11617	2904	2906	5810
81431	7	11633	2908	2910	5818
81599	7	11657	2914	2916	5830
81767	7	11681	2920	2922	5842
81823	7	11689	2922	2924	5846
82439	7	11777	2944	2946	5890
82607	7	11801	2950	2952	5902
82831	7	11833	2958	2960	5918
83279	7	11897	2974	2976	5950
83671	7	11953	2988	2990	5978
83783	7	11969	2992	2994	5986
84287	7	12041	3010	3012	6022
84343	7	12049	3012	3014	6026
84511	7	12073	3018	3020	6038
84679	7	12097	3024	3026	6050
84791	7	12113	3028	3030	6058
85127	7	12161	3040	3042	6082
85687	7	12241	3060	3062	6122
85967	7	12281	3070	3072	6142
86023	7	12289	3072	3074	6146
86303	7	12329	3082	3084	6166
86639	7	12377	3094	3096	6190
86807	7	12401	3100	3102	6202
86863	7	12409	3102	3104	6206
87031	7	12433	3108	3110	6218
87199	7	12457	3114	3116	6230
87311	7	12473	3118	3120	6238
87479	7	12497	3124	3126	6250
87871	7	12553	3138	3140	6278
87983	7	12569	3142	3144	6286
88039	7	12577	3144	3146	6290
88207	7	12601	3150	3152	6302
88487	7	12641	3160	3162	6322
88823	7	12689	3172	3174	6346
88879	7	12697	3174	3176	6350
88991	7	12713	3178	3180	6358
89047	7	12721	3180	3182	6362
89663	7	12809	3202	3204	6406
89887	7	12841	3210	3212	6422
90223	7	12889	3222	3224	6446
90671	7	12953	3238	3240	6478
91007	7	13001	3250	3252	6502
91063	7	13009	3252	3254	6506
91231	7	13033	3258	3260	6518
91343	7	13049	3262	3264	6526
91847	7	13121	3280	3282	6562
92239	7	13177	3294	3296	6590
92519	7	13217	3304	3306	6610
92687	7	13241	3310	3312	6622
92743	7	13249	3312	3314	6626
93079	7	13297	3324	3326	6650
93191	7	13313	3328	3330	6658
93359	7	13337	3334	3336	6670
93919	7	13417	3354	3356	6710
94087	7	13441	3360	3362	6722
94199	7	13457	3364	3366	6730
94591	7	13513	3378	3380	6758
94759	7	13537	3384	3386	6770
94871	7	13553	3388	3390	6778
95039	7	13577	3394	3396	6790
95431	7	13633	3408	3410	6818
95543	7	13649	3412	3414	6826
95767	7	13681	3420	3422	6842
95879	7	13697	3424	3426	6850
96047	7	13721	3430	3432	6862
96103	7	13729	3432	3434	6866
96887	7	13841	3460	3462	6922
97111	7	13873	3468	3470	6938
97391	7	13913	3478	3480	6958
97447	7	13921	3480	3482	6962
98063	7	14009	3502	3504	7006
98231	7	14033	3508	3510	7018
98399	7	14057	3514	3516	7030
98567	7	14081	3520	3522	7042
99071	7	14153	3538	3540	7078
99239	7	14177	3544	3546	7090
99743	7	14249	3562	3564	7126
99967	7	14281	3570	3572	7142
100247	7	14321	3580	3582	7162
100583	7	14369	3592	3594	7186
100807	7	14401	3600	3602	7202
101143	7	14449	3612	3614	7226
101423	7	14489	3622	3624	7246
101759	7	14537	3634	3636	7270
101927	7	14561	3640	3642	7282
102151	7	14593	3648	3650	7298
102431	7	14633	3658	3660	7318
102599	7	14657	3664	3666	7330
102991	7	14713	3678	3680	7358
103159	7	14737	3684	3686	7370
103271	7	14753	3688	3690	7378
104279	7	14897	3724	3726	7450
104503	7	14929	3732	3734	7466
104783	7	14969	3742	3744	7486
105119	7	15017	3754	3756	7510
105511	7	15073	3768	3770	7538
105847	7	15121	3780	3782	7562
105959	7	15137	3784	3786	7570
106127	7	15161	3790	3792	7582
106351	7	15193	3798	3800	7598
106519	7	15217	3804	3806	7610
106631	7	15233	3808	3810	7618
106687	7	15241	3810	3812	7622
107023	7	15289	3822	3824	7646
107191	7	15313	3828	3830	7658
107303	7	15329	3832	3834	7666
107527	7	15361	3840	3842	7682
107639	7	15377	3844	3846	7690
107807	7	15401	3850	3852	7702
108311	7	15473	3868	3870	7738
108479	7	15497	3874	3876	7750
108983	7	15569	3892	3894	7786
109207	7	15601	3900	3902	7802
109487	7	15641	3910	3912	7822
109543	7	15649	3912	3914	7826
110159	7	15737	3934	3936	7870
110327	7	15761	3940	3942	7882
110663	7	15809	3952	3954	7906
110719	7	15817	3954	3956	7910
111167	7	15881	3970	3972	7942
111223	7	15889	3972	3974	7946
111391	7	15913	3978	3980	7958
111559	7	15937	3984	3986	7970
112007	7	16001	4000	4002	8002
112231	7	16033	4008	4010	8018
112399	7	16057	4014	4016	8030
112511	7	16073	4018	4020	8038
112679	7	16097	4024	4026	8050
113351	7	16193	4048	4050	8098
113519	7	16217	4054	4056	8110
113743	7	16249	4062	4064	8126
113911	7	16273	4068	4070	8138
114527	7	16361	4090	4092	8182
114583	7	16369	4092	4094	8186
114919	7	16417	4104	4106	8210
115031	7	16433	4108	4110	8218
115367	7	16481	4120	4122	8242
115703	7	16529	4132	4134	8266
115871	7	16553	4138	4140	8278
115927	7	16561	4140	4142	8282
116431	7	16633	4158	4160	8318
116543	7	16649	4162	4164	8326
116599	7	16657	4164	4166	8330
116711	7	16673	4168	4170	8338
117103	7	16729	4182	4184	8366
118223	7	16889	4222	4224	8446
118447	7	16921	4230	4232	8462
118559	7	16937	4234	4236	8470
118951	7	16993	4248	4250	8498
119231	7	17033	4258	4260	8518
119287	7	17041	4260	4262	8522
119959	7	17137	4284	4286	8570
120463	7	17209	4302	4304	8606
120799	7	17257	4314	4316	8630
121247	7	17321	4330	4332	8662
121639	7	17377	4344	4346	8690
121751	7	17393	4348	4350	8698
121807	7	17401	4350	4352	8702
121919	7	17417	4354	4356	8710
122143	7	17449	4362	4364	8726
122423	7	17489	4372	4374	8746
122479	7	17497	4374	4376	8750
122983	7	17569	4392	4394	8786
123263	7	17609	4402	4404	8806
123599	7	17657	4414	4416	8830
123767	7	17681	4420	4422	8842
123991	7	17713	4428	4430	8858
124103	7	17729	4432	4434	8866
124159	7	17737	4434	4436	8870
124327	7	17761	4440	4442	8882
125167	7	17881	4470	4472	8942
125447	7	17921	4480	4482	8962
125503	7	17929	4482	4484	8966
125839	7	17977	4494	4496	8990
126287	7	18041	4510	4512	9022
126343	7	18049	4512	4514	9026
126623	7	18089	4522	4524	9046
126679	7	18097	4524	4526	9050
126847	7	18121	4530	4532	9062
127183	7	18169	4542	4544	9086
127519	7	18217	4554	4556	9110
127631	7	18233	4558	4560	9118
127799	7	18257	4564	4566	9130
128023	7	18289	4572	4574	9146
128191	7	18313	4578	4580	9158
128303	7	18329	4582	4584	9166
128471	7	18353	4588	4590	9178
128807	7	18401	4600	4602	9202
129031	7	18433	4608	4610	9218
129199	7	18457	4614	4616	9230
129367	7	18481	4620	4622	9242
129647	7	18521	4630	4632	9262
129871	7	18553	4638	4640	9278
130151	7	18593	4648	4650	9298
130319	7	18617	4654	4656	9310
130991	7	18713	4678	4680	9358
131551	7	18793	4698	4700	9398
132391	7	18913	4728	4730	9458
133007	7	19001	4750	4752	9502
133063	7	19009	4752	4754	9506
133511	7	19073	4768	4770	9538
133567	7	19081	4770	4772	9542
133847	7	19121	4780	4782	9562
134743	7	19249	4812	4814	9626
134911	7	19273	4818	4820	9638
135023	7	19289	4822	4824	9646
135919	7	19417	4854	4856	9710
136031	7	19433	4858	4860	9718
136087	7	19441	4860	4862	9722
136199	7	19457	4864	4866	9730
136423	7	19489	4872	4874	9746
136871	7	19553	4888	4890	9778
137039	7	19577	4894	4896	9790
137263	7	19609	4902	4904	9806
137767	7	19681	4920	4922	9842
137879	7	19697	4924	4926	9850
138271	7	19753	4938	4940	9878
138439	7	19777	4944	4946	9890
138551	7	19793	4948	4950	9898
138607	7	19801	4950	4952	9902
138887	7	19841	4960	4962	9922
139223	7	19889	4972	4974	9946
139391	7	19913	4978	4980	9958
139559	7	19937	4984	4986	9970
139727	7	19961	4990	4992	9982
139951	7	19993	4998	5000	9998
140623	7	20089	5022	5024	10046
140791	7	20113	5028	5030	10058
140903	7	20129	5032	5034	10066
141127	7	20161	5040	5042	10082
141239	7	20177	5044	5046	10090
141407	7	20201	5050	5052	10102
141631	7	20233	5058	5060	10118
141743	7	20249	5062	5064	10126
142079	7	20297	5074	5076	10150
142471	7	20353	5088	5090	10178
142583	7	20369	5092	5094	10186
142751	7	20393	5098	5100	10198
143087	7	20441	5110	5112	10222
143647	7	20521	5130	5132	10262
144151	7	20593	5148	5150	10298
144487	7	20641	5160	5162	10322
144767	7	20681	5170	5172	10342
145271	7	20753	5188	5190	10378
145663	7	20809	5202	5204	10406
145943	7	20849	5212	5214	10426
145999	7	20857	5214	5216	10430
146111	7	20873	5218	5220	10438
146279	7	20897	5224	5226	10450
146447	7	20921	5230	5232	10462
146503	7	20929	5232	5234	10466
147007	7	21001	5250	5252	10502
147119	7	21017	5254	5256	10510
147623	7	21089	5272	5274	10546
147847	7	21121	5280	5282	10562
148183	7	21169	5292	5294	10586
148351	7	21193	5298	5300	10598
149191	7	21313	5328	5330	10658
149639	7	21377	5344	5346	10690
149807	7	21401	5350	5352	10702
150031	7	21433	5358	5360	10718
150367	7	21481	5370	5372	10742
150647	7	21521	5380	5382	10762
150703	7	21529	5382	5384	10766
150983	7	21569	5392	5394	10786
151039	7	21577	5394	5396	10790
151207	7	21601	5400	5402	10802
151319	7	21617	5404	5406	10810
151543	7	21649	5412	5414	10826
151711	7	21673	5418	5420	10838
151991	7	21713	5428	5430	10858
152159	7	21737	5434	5436	10870
152719	7	21817	5454	5456	10910
152887	7	21841	5460	5462	10922
153167	7	21881	5470	5472	10942
153503	7	21929	5482	5484	10966
153559	7	21937	5484	5486	10970
153727	7	21961	5490	5492	10982
153839	7	21977	5494	5496	10990
154511	7	22073	5518	5520	11038
154903	7	22129	5532	5534	11066
155071	7	22153	5538	5540	11078
155351	7	22193	5548	5550	11098
155911	7	22273	5568	5570	11138
156583	7	22369	5592	5594	11186
156863	7	22409	5602	5604	11206
157031	7	22433	5608	5610	11218
157087	7	22441	5610	5612	11222
157367	7	22481	5620	5622	11242
158879	7	22697	5674	5676	11350
159047	7	22721	5680	5682	11362
159383	7	22769	5692	5694	11386
159439	7	22777	5694	5696	11390
159719	7	22817	5704	5706	11410
160447	7	22921	5730	5732	11462
160559	7	22937	5734	5736	11470
160727	7	22961	5740	5742	11482
160951	7	22993	5748	5750	11498
161119	7	23017	5754	5756	11510
161287	7	23041	5760	5762	11522
161399	7	23057	5764	5766	11530
161567	7	23081	5770	5772	11542
162407	7	23201	5800	5802	11602
162463	7	23209	5802	5804	11606
163079	7	23297	5824	5826	11650
163247	7	23321	5830	5832	11662
163583	7	23369	5842	5844	11686
163919	7	23417	5854	5856	11710
164311	7	23473	5868	5870	11738
164479	7	23497	5874	5876	11750
164759	7	23537	5884	5886	11770
164927	7	23561	5890	5892	11782
165151	7	23593	5898	5900	11798
165263	7	23609	5902	5904	11806
165431	7	23633	5908	5910	11818
165823	7	23689	5922	5924	11846
166271	7	23753	5938	5940	11878
166327	7	23761	5940	5942	11882
166607	7	23801	5950	5952	11902
166831	7	23833	5958	5960	11918
166999	7	23857	5964	5966	11930
167111	7	23873	5968	5970	11938
167503	7	23929	5982	5984	11966
167839	7	23977	5994	5996	11990
167951	7	23993	5998	6000	11998
168007	7	24001	6000	6002	12002
168343	7	24049	6012	6014	12026
168679	7	24097	6024	6026	12050
168791	7	24113	6028	6030	12058
168847	7	24121	6030	6032	12062
168959	7	24137	6034	6036	12070
169183	7	24169	6042	6044	12086
169967	7	24281	6070	6072	12142
170303	7	24329	6082	6084	12166
170359	7	24337	6084	6086	12170
171311	7	24473	6118	6120	12238
171367	7	24481	6120	6122	12242
172151	7	24593	6148	6150	12298
172879	7	24697	6174	6176	12350
173551	7	24793	6198	6200	12398
173663	7	24809	6202	6204	12406
173887	7	24841	6210	6212	12422
174223	7	24889	6222	6224	12446
174671	7	24953	6238	6240	12478
174839	7	24977	6244	6246	12490
175231	7	25033	6258	6260	12518
175399	7	25057	6264	6266	12530
175511	7	25073	6268	6270	12538
175679	7	25097	6274	6276	12550
175847	7	25121	6280	6282	12562
176071	7	25153	6288	6290	12578
176183	7	25169	6292	6294	12586
177247	7	25321	6330	6332	12662
177863	7	25409	6352	6354	12706
178199	7	25457	6364	6366	12730
178759	7	25537	6384	6386	12770
178927	7	25561	6390	6392	12782
179039	7	25577	6394	6396	12790
179207	7	25601	6400	6402	12802
179263	7	25609	6402	6404	12806
179431	7	25633	6408	6410	12818
179599	7	25657	6414	6416	12830
179711	7	25673	6418	6420	12838
180551	7	25793	6448	6450	12898
180607	7	25801	6450	6452	12902
180887	7	25841	6460	6462	12922
180943	7	25849	6462	6464	12926
181111	7	25873	6468	6470	12938
181223	7	25889	6472	6474	12946
181391	7	25913	6478	6480	12958
181783	7	25969	6492	6494	12986
182119	7	26017	6504	6506	13010
182287	7	26041	6510	6512	13022
182791	7	26113	6528	6530	13058
183071	7	26153	6538	6540	13078
183127	7	26161	6540	6542	13082
183239	7	26177	6544	6546	13090
183463	7	26209	6552	6554	13106
183743	7	26249	6562	6564	13126
184079	7	26297	6574	6576	13150
184247	7	26321	6580	6582	13162
184751	7	26393	6598	6600	13198
184919	7	26417	6604	6606	13210
185143	7	26449	6612	6614	13226
185423	7	26489	6622	6624	13246
185479	7	26497	6624	6626	13250
185591	7	26513	6628	6630	13258
185927	7	26561	6640	6642	13282
186431	7	26633	6658	6660	13318
186487	7	26641	6660	6662	13322
186767	7	26681	6670	6672	13342
186991	7	26713	6678	6680	13358
187103	7	26729	6682	6684	13366
187159	7	26737	6684	6686	13370
187439	7	26777	6694	6696	13390
187607	7	26801	6700	6702	13402
187831	7	26833	6708	6710	13418
187943	7	26849	6712	6714	13426
188167	7	26881	6720	6722	13442
188447	7	26921	6730	6732	13462
188671	7	26953	6738	6740	13478
188951	7	26993	6748	6750	13498
189119	7	27017	6754	6756	13510
189511	7	27073	6768	6770	13538
190687	7	27241	6810	6812	13622
190967	7	27281	6820	6822	13642
191303	7	27329	6832	6834	13666
191359	7	27337	6834	6836	13670
191527	7	27361	6840	6842	13682
191863	7	27409	6852	6854	13706
192143	7	27449	6862	6864	13726
192199	7	27457	6864	6866	13730
192367	7	27481	6870	6872	13742
192703	7	27529	6882	6884	13766
193319	7	27617	6904	6906	13810
193711	7	27673	6918	6920	13838
193823	7	27689	6922	6924	13846
193879	7	27697	6924	6926	13850
194159	7	27737	6934	6936	13870
194551	7	27793	6948	6950	13898
194663	7	27809	6952	6954	13906
194719	7	27817	6954	6956	13910
195671	7	27953	6988	6990	13978
195727	7	27961	6990	6992	13982
196007	7	28001	7000	7002	14002
196399	7	28057	7014	7016	14030
196567	7	28081	7020	7022	14042
196679	7	28097	7024	7026	14050
197407	7	28201	7050	7052	14102
198023	7	28289	7072	7074	14146
198079	7	28297	7074	7076	14150
198751	7	28393	7098	7100	14198
198863	7	28409	7102	7104	14206
199031	7	28433	7108	7110	14218
199591	7	28513	7128	7130	14258
199759	7	28537	7134	7136	14270
200543	7	28649	7162	7164	14326
200599	7	28657	7164	7166	14330
200879	7	28697	7174	7176	14350
201103	7	28729	7182	7184	14366
201271	7	28753	7188	7190	14378
201551	7	28793	7198	7200	14398
201719	7	28817	7204	7206	14410
202447	7	28921	7230	7232	14462
202727	7	28961	7240	7242	14482
203063	7	29009	7252	7254	14506
203119	7	29017	7254	7256	14510
203231	7	29033	7258	7260	14518
203903	7	29129	7282	7284	14566
203959	7	29137	7284	7286	14570
204071	7	29153	7288	7290	14578
204407	7	29201	7300	7302	14602
204463	7	29209	7302	7304	14606
205079	7	29297	7324	7326	14650
205807	7	29401	7350	7352	14702
206311	7	29473	7368	7370	14738
206759	7	29537	7384	7386	14770
206983	7	29569	7392	7394	14786
207431	7	29633	7408	7410	14818
207487	7	29641	7410	7412	14822
208271	7	29753	7438	7440	14878
208327	7	29761	7440	7442	14882
208831	7	29833	7458	7460	14918
209111	7	29873	7468	7470	14938
209167	7	29881	7470	7472	14942
209447	7	29921	7480	7482	14962
210623	7	30089	7522	7524	15046
210679	7	30097	7524	7526	15050
210791	7	30113	7528	7530	15058
210959	7	30137	7534	7536	15070
211127	7	30161	7540	7542	15082
211183	7	30169	7542	7544	15086
211687	7	30241	7560	7562	15122
212191	7	30313	7578	7580	15158
213143	7	30449	7612	7614	15226
213479	7	30497	7624	7626	15250
213703	7	30529	7632	7634	15266
213871	7	30553	7638	7640	15278
214039	7	30577	7644	7646	15290
214151	7	30593	7648	7650	15298
214543	7	30649	7662	7664	15326
214823	7	30689	7672	7674	15346
214879	7	30697	7674	7676	15350
214991	7	30713	7678	7680	15358
215663	7	30809	7702	7704	15406
215719	7	30817	7704	7706	15410
215887	7	30841	7710	7712	15422
216167	7	30881	7720	7722	15442
216559	7	30937	7734	7736	15470
216839	7	30977	7744	7746	15490
217231	7	31033	7758	7760	15518
217567	7	31081	7770	7772	15542
217847	7	31121	7780	7782	15562
218071	7	31153	7788	7790	15578
218239	7	31177	7794	7796	15590
218351	7	31193	7798	7800	15598
218743	7	31249	7812	7814	15626
219247	7	31321	7830	7832	15662
219359	7	31337	7834	7836	15670
219751	7	31393	7848	7850	15698
220367	7	31481	7870	7872	15742
220423	7	31489	7872	7874	15746
220591	7	31513	7878	7880	15758
221207	7	31601	7900	7902	15802
221543	7	31649	7912	7914	15826
221599	7	31657	7914	7916	15830
222047	7	31721	7930	7932	15862
222103	7	31729	7932	7934	15866
222383	7	31769	7942	7944	15886
222551	7	31793	7948	7950	15898
222719	7	31817	7954	7956	15910
222943	7	31849	7962	7964	15926
223111	7	31873	7968	7970	15938
224063	7	32009	8002	8004	16006
224399	7	32057	8014	8016	16030
224623	7	32089	8022	8024	16046
225631	7	32233	8058	8060	16118
225799	7	32257	8064	8066	16130
226079	7	32297	8074	8076	16150
226247	7	32321	8080	8082	16162
226471	7	32353	8088	8090	16178
226583	7	32369	8092	8094	16186
226639	7	32377	8094	8096	16190
226807	7	32401	8100	8102	16202
227087	7	32441	8110	8112	16222
227479	7	32497	8124	8126	16250
227759	7	32537	8134	8136	16270
227927	7	32561	8140	8142	16282
227983	7	32569	8142	8144	16286
228263	7	32609	8152	8154	16306
228431	7	32633	8158	8160	16318
228991	7	32713	8178	8180	16358
229607	7	32801	8200	8202	16402
229831	7	32833	8208	8210	16418
230783	7	32969	8242	8244	16486
230951	7	32993	8248	8250	16498
231343	7	33049	8262	8264	16526
231511	7	33073	8268	8270	16538
231791	7	33113	8278	8280	16558
232127	7	33161	8290	8292	16582
233023	7	33289	8322	8324	16646
233303	7	33329	8332	8334	16666
233471	7	33353	8338	8340	16678
233639	7	33377	8344	8346	16690
233863	7	33409	8352	8354	16706
234199	7	33457	8364	8366	16730
234647	7	33521	8380	8382	16762
234703	7	33529	8382	8384	16766
234983	7	33569	8392	8394	16786
235039	7	33577	8394	8396	16790
235207	7	33601	8400	8402	16802
235319	7	33617	8404	8406	16810
235487	7	33641	8410	8412	16822
235991	7	33713	8428	8430	16858
236047	7	33721	8430	8432	16862
236383	7	33769	8442	8444	16886
236663	7	33809	8452	8454	16906
236999	7	33857	8464	8466	16930
237223	7	33889	8472	8474	16946
237559	7	33937	8484	8486	16970
237727	7	33961	8490	8492	16982
238231	7	34033	8508	8510	17018
238399	7	34057	8514	8516	17030
238903	7	34129	8532	8534	17066
239519	7	34217	8554	8556	17110
239911	7	34273	8568	8570	17138
240079	7	34297	8574	8576	17150
240191	7	34313	8578	8580	17158
240359	7	34337	8584	8586	17170
240527	7	34361	8590	8592	17182
240583	7	34369	8592	8594	17186
241199	7	34457	8614	8616	17230
241591	7	34513	8628	8630	17258
241759	7	34537	8634	8636	17270
242543	7	34649	8662	8664	17326
242711	7	34673	8668	8670	17338
243047	7	34721	8680	8682	17362
243103	7	34729	8682	8684	17366
243887	7	34841	8710	8712	17422
243943	7	34849	8712	8714	17426
244279	7	34897	8724	8726	17450
244391	7	34913	8728	8730	17458
244727	7	34961	8740	8742	17482
245567	7	35081	8770	8772	17542
245623	7	35089	8772	8774	17546
245903	7	35129	8782	8784	17566
246071	7	35153	8788	8790	17578
246407	7	35201	8800	8802	17602
246799	7	35257	8814	8816	17630
246967	7	35281	8820	8822	17642
247471	7	35353	8838	8840	17678
247751	7	35393	8848	8850	17698
247807	7	35401	8850	8852	17702
248143	7	35449	8862	8864	17726
248647	7	35521	8880	8882	17762
248759	7	35537	8884	8886	17770
248983	7	35569	8892	8894	17786
249151	7	35593	8898	8900	17798
249319	7	35617	8904	8906	17810
250103	7	35729	8932	8934	17866
250271	7	35753	8938	8940	17878
250607	7	35801	8950	8952	17902
250663	7	35809	8952	8954	17906
251279	7	35897	8974	8976	17950
251783	7	35969	8992	8994	17986
251839	7	35977	8994	8996	17990
251951	7	35993	8998	9000	17998
252119	7	36017	9004	9006	18010
252511	7	36073	9018	9020	18038
252679	7	36097	9024	9026	18050
252959	7	36137	9034	9036	18070
253127	7	36161	9040	9042	18082
253463	7	36209	9052	9054	18106
253519	7	36217	9054	9056	18110
253687	7	36241	9060	9062	18122
254191	7	36313	9078	9080	18158
254471	7	36353	9088	9090	18178
255031	7	36433	9108	9110	18218
255199	7	36457	9114	9116	18230
255311	7	36473	9118	9120	18238
255479	7	36497	9124	9126	18250
255703	7	36529	9132	9134	18266
256879	7	36697	9174	9176	18350
256991	7	36713	9178	9180	18358
257047	7	36721	9180	9182	18362
257327	7	36761	9190	9192	18382
257551	7	36793	9198	9200	18398
257663	7	36809	9202	9204	18406
257831	7	36833	9208	9210	18418
257999	7	36857	9214	9216	18430
258391	7	36913	9228	9230	18458
258503	7	36929	9232	9234	18466
259343	7	37049	9262	9264	18526
259399	7	37057	9264	9266	18530
259679	7	37097	9274	9276	18550
260407	7	37201	9300	9302	18602
260519	7	37217	9304	9306	18610
260911	7	37273	9318	9320	18638
261191	7	37313	9328	9330	18658
261247	7	37321	9330	9332	18662
261359	7	37337	9334	9336	18670
261527	7	37361	9340	9342	18682
261583	7	37369	9342	9344	18686
261863	7	37409	9352	9354	18706
262087	7	37441	9360	9362	18722
262423	7	37489	9372	9374	18746
262703	7	37529	9382	9384	18766
262759	7	37537	9384	9386	18770
262927	7	37561	9390	9392	18782
263431	7	37633	9408	9410	18818
263543	7	37649	9412	9414	18826
263599	7	37657	9414	9416	18830
265223	7	37889	9472	9474	18946
265279	7	37897	9474	9476	18950
265951	7	37993	9498	9500	18998
266791	7	38113	9528	9530	19058
267071	7	38153	9538	9540	19078
267239	7	38177	9544	9546	19090
267407	7	38201	9550	9552	19102
267911	7	38273	9568	9570	19138
267967	7	38281	9570	9572	19142
268247	7	38321	9580	9582	19162
268303	7	38329	9582	9584	19166
268639	7	38377	9594	9596	19190
268751	7	38393	9598	9600	19198
269143	7	38449	9612	9614	19226
269927	7	38561	9640	9642	19282
269983	7	38569	9642	9644	19286
270151	7	38593	9648	9650	19298
270263	7	38609	9652	9654	19306
270991	7	38713	9678	9680	19358
271103	7	38729	9682	9684	19366
271159	7	38737	9684	9686	19370
271831	7	38833	9708	9710	19418
272111	7	38873	9718	9720	19438
272447	7	38921	9730	9732	19462
272671	7	38953	9738	9740	19478
272839	7	38977	9744	9746	19490
272951	7	38993	9748	9750	19498
273287	7	39041	9760	9762	19522
273623	7	39089	9772	9774	19546
273679	7	39097	9774	9776	19550
273791	7	39113	9778	9780	19558
274127	7	39161	9790	9792	19582
274463	7	39209	9802	9804	19606
274519	7	39217	9804	9806	19610
274631	7	39233	9808	9810	19618
274687	7	39241	9810	9812	19622
275191	7	39313	9828	9830	19658
275863	7	39409	9852	9854	19706
276647	7	39521	9880	9882	19762
276983	7	39569	9892	9894	19786
278327	7	39761	9940	9942	19882
278383	7	39769	9942	9944	19886
278887	7	39841	9960	9962	19922
278999	7	39857	9964	9966	19930
279503	7	39929	9982	9984	19966
279559	7	39937	9984	9986	19970
279671	7	39953	9988	9990	19978
280063	7	40009	10002	10004	20006
280903	7	40129	10032	10034	20066
281071	7	40153	10038	10040	20078
281183	7	40169	10042	10044	20086
281239	7	40177	10044	10046	20090
281351	7	40193	10048	10050	20098
281687	7	40241	10060	10062	20122
282023	7	40289	10072	10074	20146
282527	7	40361	10090	10092	20182
283031	7	40433	10108	10110	20218
283703	7	40529	10132	10134	20266
284039	7	40577	10144	10146	20290
284263	7	40609	10152	10154	20306
284879	7	40697	10174	10176	20350
285607	7	40801	10200	10202	20402
285887	7	40841	10210	10212	20422
285943	7	40849	10212	10214	20426
286279	7	40897	10224	10226	20450
286727	7	40961	10240	10242	20482
286951	7	40993	10248	10250	20498
287119	7	41017	10254	10256	20510
287399	7	41057	10264	10266	20530
287567	7	41081	10270	10272	20542
287791	7	41113	10278	10280	20558
288127	7	41161	10290	10292	20582
288239	7	41177	10294	10296	20590
288407	7	41201	10300	10302	20602
288631	7	41233	10308	10310	20618
288799	7	41257	10314	10316	20630
288967	7	41281	10320	10322	20642
290591	7	41513	10378	10380	20758
290647	7	41521	10380	10382	20762
291151	7	41593	10398	10400	20798
291263	7	41609	10402	10404	20806
291319	7	41617	10404	10406	20810
291487	7	41641	10410	10412	20822
291767	7	41681	10420	10422	20842
292103	7	41729	10432	10434	20866
292159	7	41737	10434	10436	20870
292327	7	41761	10440	10442	20882
292439	7	41777	10444	10446	20890
292607	7	41801	10450	10452	20902
292663	7	41809	10452	10454	20906
292943	7	41849	10462	10464	20926
293279	7	41897	10474	10476	20950
293671	7	41953	10488	10490	20978
293783	7	41969	10492	10494	20986
294119	7	42017	10504	10506	21010
294511	7	42073	10518	10520	21038
294623	7	42089	10522	10524	21046
295183	7	42169	10542	10544	21086
295351	7	42193	10548	10550	21098
295463	7	42209	10552	10554	21106
295799	7	42257	10564	10566	21130
295967	7	42281	10570	10572	21142
296359	7	42337	10584	10586	21170
296863	7	42409	10602	10604	21206
297031	7	42433	10608	10610	21218
297199	7	42457	10614	10616	21230
297311	7	42473	10618	10620	21238
297983	7	42569	10642	10644	21286
298039	7	42577	10644	10646	21290
298487	7	42641	10660	10662	21322
298543	7	42649	10662	10664	21326
298823	7	42689	10672	10674	21346
298879	7	42697	10674	10676	21350
299159	7	42737	10684	10686	21370
299551	7	42793	10698	10700	21398
299887	7	42841	10710	10712	21422
300503	7	42929	10732	10734	21466
300559	7	42937	10734	10736	21470
300671	7	42953	10738	10740	21478
300727	7	42961	10740	10742	21482
301343	7	43049	10762	10764	21526
302239	7	43177	10794	10796	21590
302407	7	43201	10800	10802	21602
303191	7	43313	10828	10830	21658
303247	7	43321	10830	10832	21662
304087	7	43441	10860	10862	21722
304199	7	43457	10864	10866	21730
304367	7	43481	10870	10872	21742
305039	7	43577	10894	10896	21790
305263	7	43609	10902	10904	21806
305431	7	43633	10908	10910	21818
305543	7	43649	10912	10914	21826
306047	7	43721	10930	10932	21862
306271	7	43753	10938	10940	21878
306439	7	43777	10944	10946	21890
306551	7	43793	10948	10950	21898
306607	7	43801	10950	10952	21902
307223	7	43889	10972	10974	21946
307391	7	43913	10978	10980	21958
307727	7	43961	10990	10992	21982
307783	7	43969	10992	10994	21986
308119	7	44017	11004	11006	22010
308287	7	44041	11010	11012	22022
308623	7	44089	11022	11024	22046
308903	7	44129	11032	11034	22066
309407	7	44201	11050	11052	22102
309743	7	44249	11062	11064	22126
309799	7	44257	11064	11066	22130
309911	7	44273	11068	11070	22138
309967	7	44281	11070	11072	22142
310919	7	44417	11104	11106	22210
311143	7	44449	11112	11114	22226
311479	7	44497	11124	11126	22250
311759	7	44537	11134	11136	22270
312319	7	44617	11154	11156	22310
312431	7	44633	11158	11160	22318
312487	7	44641	11160	11162	22322
312599	7	44657	11164	11166	22330
313103	7	44729	11182	11184	22366
313271	7	44753	11188	11190	22378
313439	7	44777	11194	11196	22390
313663	7	44809	11202	11204	22406
314671	7	44953	11238	11240	22478
315847	7	45121	11280	11282	22562
315959	7	45137	11284	11286	22570
316127	7	45161	11290	11292	22582
316631	7	45233	11308	11310	22618
316967	7	45281	11320	11322	22642
317023	7	45289	11322	11324	22646
317303	7	45329	11332	11334	22666
317359	7	45337	11334	11336	22670
317527	7	45361	11340	11342	22682
317639	7	45377	11344	11346	22690
318031	7	45433	11358	11360	22718
318367	7	45481	11370	11372	22742
318479	7	45497	11374	11376	22750
318871	7	45553	11388	11390	22778
318983	7	45569	11392	11394	22786
319487	7	45641	11410	11412	22822
319711	7	45673	11418	11420	22838
319879	7	45697	11424	11426	22850
320159	7	45737	11434	11436	22870
320719	7	45817	11454	11456	22910
320831	7	45833	11458	11460	22918
320887	7	45841	11460	11462	22922
321671	7	45953	11488	11490	22978
322343	7	46049	11512	11514	23026
322511	7	46073	11518	11520	23038
323071	7	46153	11538	11540	23078
323911	7	46273	11568	11570	23138
324359	7	46337	11584	11586	23170
325087	7	46441	11610	11612	23222
325199	7	46457	11614	11616	23230
325423	7	46489	11622	11624	23246
326207	7	46601	11650	11652	23302
326431	7	46633	11658	11660	23318
326543	7	46649	11662	11664	23326
326767	7	46681	11670	11672	23342
327383	7	46769	11692	11694	23386
327719	7	46817	11704	11706	23410
328223	7	46889	11722	11724	23446
328951	7	46993	11748	11750	23498
329119	7	47017	11754	11756	23510
329287	7	47041	11760	11762	23522
329399	7	47057	11764	11766	23530
329903	7	47129	11782	11784	23566
329959	7	47137	11784	11786	23570
330127	7	47161	11790	11792	23582
331079	7	47297	11824	11826	23650
331471	7	47353	11838	11840	23678
331919	7	47417	11854	11856	23710
332087	7	47441	11860	11862	23722
332479	7	47497	11874	11876	23750
332591	7	47513	11878	11880	23758
332647	7	47521	11880	11882	23762
332983	7	47569	11892	11894	23786
333263	7	47609	11902	11904	23806
333599	7	47657	11914	11916	23830
333767	7	47681	11920	11922	23842
333991	7	47713	11928	11930	23858
334159	7	47737	11934	11936	23870
334439	7	47777	11944	11946	23890
334663	7	47809	11952	11954	23906
334999	7	47857	11964	11966	23930
335167	7	47881	11970	11972	23942
335783	7	47969	11992	11994	23986
335839	7	47977	11994	11996	23990
336119	7	48017	12004	12006	24010
336343	7	48049	12012	12014	24026
336511	7	48073	12018	12020	24038
336847	7	48121	12030	12032	24062
337351	7	48193	12048	12050	24098
337967	7	48281	12070	12072	24142
338191	7	48313	12078	12080	24158
338359	7	48337	12084	12086	24170
338471	7	48353	12088	12090	24178
338863	7	48409	12102	12104	24206
339143	7	48449	12112	12114	24226
339311	7	48473	12118	12120	24238
339367	7	48481	12120	12122	24242
339479	7	48497	12124	12126	24250
340151	7	48593	12148	12150	24298
340543	7	48649	12162	12164	24326
340711	7	48673	12168	12170	24338
341327	7	48761	12190	12192	24382
341663	7	48809	12202	12204	24406
341719	7	48817	12204	12206	24410
341999	7	48857	12214	12216	24430
342223	7	48889	12222	12224	24446
342671	7	48953	12238	12240	24478
343063	7	49009	12252	12254	24506
343231	7	49033	12258	12260	24518
343399	7	49057	12264	12266	24530
343567	7	49081	12270	12272	24542
343847	7	49121	12280	12282	24562
344183	7	49169	12292	12294	24586
344239	7	49177	12294	12296	24590
344351	7	49193	12298	12300	24598
344407	7	49201	12300	12302	24602
345079	7	49297	12324	12326	24650
345583	7	49369	12342	12344	24686
345751	7	49393	12348	12350	24698
345863	7	49409	12352	12354	24706
345919	7	49417	12354	12356	24710
346031	7	49433	12358	12360	24718
346367	7	49481	12370	12372	24742
346703	7	49529	12382	12384	24766
346759	7	49537	12384	12386	24770
347431	7	49633	12408	12410	24818
347767	7	49681	12420	12422	24842
347879	7	49697	12424	12426	24850
348607	7	49801	12450	12452	24902
349447	7	49921	12480	12482	24962
349559	7	49937	12484	12486	24970
349951	7	49993	12498	12500	24998
350231	7	50033	12508	12510	25018
350903	7	50129	12532	12534	25066
351071	7	50153	12538	12540	25078
351239	7	50177	12544	12546	25090
351911	7	50273	12568	12570	25138
352247	7	50321	12580	12582	25162
352303	7	50329	12582	12584	25166
352639	7	50377	12594	12596	25190
352919	7	50417	12604	12606	25210
353087	7	50441	12610	12612	25222
353479	7	50497	12624	12626	25250
353591	7	50513	12628	12630	25258
354151	7	50593	12648	12650	25298
355271	7	50753	12688	12690	25378
355439	7	50777	12694	12696	25390
355831	7	50833	12708	12710	25418
355943	7	50849	12712	12714	25426
355999	7	50857	12714	12716	25430
356111	7	50873	12718	12720	25438
356503	7	50929	12732	12734	25466
356783	7	50969	12742	12744	25486
356951	7	50993	12748	12750	25498
357007	7	51001	12750	12752	25502
357959	7	51137	12784	12786	25570
358183	7	51169	12792	12794	25586
358351	7	51193	12798	12800	25598
358519	7	51217	12804	12806	25610
358687	7	51241	12810	12812	25622
358799	7	51257	12814	12816	25630
359303	7	51329	12832	12834	25666
359527	7	51361	12840	12842	25682
360143	7	51449	12862	12864	25726
360311	7	51473	12868	12870	25738
360367	7	51481	12870	12872	25742
360647	7	51521	12880	12882	25762
361039	7	51577	12894	12896	25790
361151	7	51593	12898	12900	25798
361711	7	51673	12918	12920	25838
361991	7	51713	12928	12930	25858
362047	7	51721	12930	12932	25862
362383	7	51769	12942	12944	25886
362719	7	51817	12954	12956	25910
363391	7	51913	12978	12980	25958
363503	7	51929	12982	12984	25966
363839	7	51977	12994	12996	25990
364063	7	52009	13002	13004	26006
364399	7	52057	13014	13016	26030
364567	7	52081	13020	13022	26042
364847	7	52121	13030	13032	26062
365071	7	52153	13038	13040	26078
365239	7	52177	13044	13046	26090
365407	7	52201	13050	13052	26102
365743	7	52249	13062	13064	26126
366023	7	52289	13072	13074	26146
366191	7	52313	13078	13080	26158
366247	7	52321	13080	13082	26162
366527	7	52361	13090	13092	26182
366583	7	52369	13092	13094	26186
367031	7	52433	13108	13110	26218
367199	7	52457	13114	13116	26230
367423	7	52489	13122	13124	26246
367703	7	52529	13132	13134	26266
367871	7	52553	13138	13140	26278
367927	7	52561	13140	13142	26282
368263	7	52609	13152	13154	26306
368711	7	52673	13168	13170	26338
368879	7	52697	13174	13176	26350
369047	7	52721	13180	13182	26362
369383	7	52769	13192	13194	26386
369719	7	52817	13204	13206	26410
370223	7	52889	13222	13224	26446
370559	7	52937	13234	13236	26470
371119	7	53017	13254	13256	26510
371623	7	53089	13272	13274	26546
371791	7	53113	13278	13280	26558
371903	7	53129	13282	13284	26566
372127	7	53161	13290	13292	26582
372407	7	53201	13300	13302	26602
372631	7	53233	13308	13310	26618
372967	7	53281	13320	13322	26642
373471	7	53353	13338	13340	26678
373639	7	53377	13344	13346	26690
373807	7	53401	13350	13352	26702
374087	7	53441	13360	13362	26722
374983	7	53569	13392	13394	26786
375151	7	53593	13398	13400	26798
375263	7	53609	13402	13404	26806
375319	7	53617	13404	13406	26810
375431	7	53633	13408	13410	26818
375599	7	53657	13414	13416	26830
375767	7	53681	13420	13422	26842
376439	7	53777	13444	13446	26890
376943	7	53849	13462	13464	26926
376999	7	53857	13464	13466	26930
377167	7	53881	13470	13472	26942
377279	7	53897	13474	13476	26950
377951	7	53993	13498	13500	26998
378007	7	54001	13500	13502	27002
378343	7	54049	13512	13514	27026
378847	7	54121	13530	13532	27062
379351	7	54193	13548	13550	27098
379519	7	54217	13554	13556	27110
380527	7	54361	13590	13592	27182
380639	7	54377	13594	13596	27190
380807	7	54401	13600	13602	27202
380863	7	54409	13602	13604	27206
381143	7	54449	13612	13614	27226
381479	7	54497	13624	13626	27250
381647	7	54521	13630	13632	27262
382039	7	54577	13644	13646	27290
382207	7	54601	13650	13652	27302
382319	7	54617	13654	13656	27310
382711	7	54673	13668	13670	27338
382991	7	54713	13678	13680	27358
383047	7	54721	13680	13682	27362
383831	7	54833	13708	13710	27418
384167	7	54881	13720	13722	27442
385007	7	55001	13750	13752	27502
385063	7	55009	13752	13754	27506
385343	7	55049	13762	13764	27526
385399	7	55057	13764	13766	27530
385511	7	55073	13768	13770	27538
386407	7	55201	13800	13802	27602
386519	7	55217	13804	13806	27610
386743	7	55249	13812	13814	27626
387191	7	55313	13828	13830	27658
387359	7	55337	13834	13836	27670
388087	7	55441	13860	13862	27722
388199	7	55457	13864	13866	27730
388703	7	55529	13882	13884	27766
389263	7	55609	13902	13904	27806
389431	7	55633	13908	13910	27818
389711	7	55673	13918	13920	27838
389767	7	55681	13920	13922	27842
389879	7	55697	13924	13926	27850
390047	7	55721	13930	13932	27862
390551	7	55793	13948	13950	27898
390719	7	55817	13954	13956	27910
390943	7	55849	13962	13964	27926
391223	7	55889	13972	13974	27946
391279	7	55897	13974	13976	27950
391447	7	55921	13980	13982	27962
392063	7	56009	14002	14004	28006
392287	7	56041	14010	14012	28022
392567	7	56081	14020	14022	28042
392791	7	56113	14028	14030	28058
393463	7	56209	14052	14054	28106
393743	7	56249	14062	14064	28126
394583	7	56369	14092	14094	28186
394639	7	56377	14094	14096	28190
394751	7	56393	14098	14100	28198
394807	7	56401	14100	14102	28202
394919	7	56417	14104	14106	28210
395311	7	56473	14118	14120	28238
395423	7	56489	14122	14124	28246
395983	7	56569	14142	14144	28286
396431	7	56633	14158	14160	28318
396767	7	56681	14170	14172	28342
396991	7	56713	14178	14180	28358
397159	7	56737	14184	14186	28370
397663	7	56809	14202	14204	28406
397999	7	56857	14214	14216	28430
398111	7	56873	14218	14220	28438
398279	7	56897	14224	14226	28450
398447	7	56921	14230	14232	28462
398503	7	56929	14232	14234	28466
398951	7	56993	14248	14250	28498
399287	7	57041	14260	14262	28522
399511	7	57073	14268	14270	28538
399623	7	57089	14272	14274	28546
399679	7	57097	14274	14276	28550
400351	7	57193	14298	14300	28598
400687	7	57241	14310	14312	28622
401303	7	57329	14332	14334	28666
402199	7	57457	14364	14366	28730
402703	7	57529	14382	14384	28766
403151	7	57593	14398	14400	28798
403207	7	57601	14400	14402	28802
403487	7	57641	14410	14412	28822
403543	7	57649	14412	14414	28826
403823	7	57689	14422	14424	28846
403879	7	57697	14424	14426	28850
403991	7	57713	14428	14430	28858
404159	7	57737	14434	14436	28870
404551	7	57793	14448	14450	28898
404663	7	57809	14452	14454	28906
405167	7	57881	14470	14472	28942
405839	7	57977	14494	14496	28990
406343	7	58049	14512	14514	29026
406399	7	58057	14514	14516	29030
406511	7	58073	14518	14520	29038
406903	7	58129	14532	14534	29066
407071	7	58153	14538	14540	29078
407183	7	58169	14542	14544	29086
407351	7	58193	14548	14550	29098
407519	7	58217	14554	14556	29110
408191	7	58313	14578	14580	29158
408247	7	58321	14580	14582	29162
408359	7	58337	14584	14586	29170
408583	7	58369	14592	14594	29186
408751	7	58393	14598	14600	29198
408919	7	58417	14604	14606	29210
409087	7	58441	14610	14612	29222
409367	7	58481	14620	14622	29242
409759	7	58537	14634	14636	29270
410207	7	58601	14650	14652	29302
410599	7	58657	14664	14666	29330
412223	7	58889	14722	14724	29446
412279	7	58897	14724	14726	29450
412391	7	58913	14728	14730	29458
412447	7	58921	14730	14732	29462
412559	7	58937	14734	14736	29470
413063	7	59009	14752	14754	29506
413791	7	59113	14778	14780	29558
414463	7	59209	14802	14804	29606
414631	7	59233	14808	14810	29618
414911	7	59273	14818	14820	29638
414967	7	59281	14820	14822	29642
415583	7	59369	14842	14844	29686
415639	7	59377	14844	14846	29690
415751	7	59393	14848	14850	29698
415919	7	59417	14854	14856	29710
416087	7	59441	14860	14862	29722
416311	7	59473	14868	14870	29738
416479	7	59497	14874	14876	29750
416591	7	59513	14878	14880	29758
416927	7	59561	14890	14892	29782
417319	7	59617	14904	14906	29810
418103	7	59729	14932	14934	29866
418271	7	59753	14938	14940	29878
418663	7	59809	14952	14954	29906
418831	7	59833	14958	14960	29918
419447	7	59921	14980	14982	29962
419503	7	59929	14982	14984	29966
420119	7	60017	15004	15006	30010
420287	7	60041	15010	15012	30022
420623	7	60089	15022	15024	30046
421127	7	60161	15040	15042	30082
421183	7	60169	15042	15044	30086
421463	7	60209	15052	15054	30106
421519	7	60217	15054	15056	30110
421799	7	60257	15064	15066	30130
422023	7	60289	15072	15074	30146
422359	7	60337	15084	15086	30170
422471	7	60353	15088	15090	30178
423143	7	60449	15112	15114	30226
423199	7	60457	15114	15116	30230
423479	7	60497	15124	15126	30250
423647	7	60521	15130	15132	30262
424207	7	60601	15150	15152	30302
424319	7	60617	15154	15156	30310
424543	7	60649	15162	15164	30326
424823	7	60689	15172	15174	30346
425159	7	60737	15184	15186	30370
425327	7	60761	15190	15192	30382
425551	7	60793	15198	15200	30398
426223	7	60889	15222	15224	30446
426391	7	60913	15228	15230	30458
426559	7	60937	15234	15236	30470
426671	7	60953	15238	15240	30478
426727	7	60961	15240	15242	30482
427007	7	61001	15250	15252	30502
427399	7	61057	15264	15266	30530
427847	7	61121	15280	15282	30562
427903	7	61129	15282	15284	30566
428071	7	61153	15288	15290	30578
428183	7	61169	15292	15294	30586
429079	7	61297	15324	15326	30650
429863	7	61409	15352	15354	30706
429919	7	61417	15354	15356	30710
430087	7	61441	15360	15362	30722
430871	7	61553	15388	15390	30778
430927	7	61561	15390	15392	30782
431263	7	61609	15402	15404	30806
431599	7	61657	15414	15416	30830
431711	7	61673	15418	15420	30838
431767	7	61681	15420	15422	30842
432103	7	61729	15432	15434	30866
433727	7	61961	15490	15492	30982
434119	7	62017	15504	15506	31010
434399	7	62057	15514	15516	31030
434567	7	62081	15520	15522	31042
434903	7	62129	15532	15534	31066
434959	7	62137	15534	15536	31070
435407	7	62201	15550	15552	31102
435631	7	62233	15558	15560	31118
435911	7	62273	15568	15570	31138
436079	7	62297	15574	15576	31150
436807	7	62401	15600	15602	31202
436919	7	62417	15604	15606	31210
437311	7	62473	15618	15620	31238
437479	7	62497	15624	15626	31250
438319	7	62617	15654	15656	31310
438431	7	62633	15658	15660	31318
439271	7	62753	15688	15690	31378
439327	7	62761	15690	15692	31382
439607	7	62801	15700	15702	31402
440111	7	62873	15718	15720	31438
440279	7	62897	15724	15726	31450
440447	7	62921	15730	15732	31462
440503	7	62929	15732	15734	31466
440783	7	62969	15742	15744	31486
441511	7	63073	15768	15770	31538
441679	7	63097	15774	15776	31550
441791	7	63113	15778	15780	31558
442687	7	63241	15810	15812	31622
442967	7	63281	15820	15822	31642
443191	7	63313	15828	15830	31658
443359	7	63337	15834	15836	31670
443471	7	63353	15838	15840	31678
443527	7	63361	15840	15842	31682
443639	7	63377	15844	15846	31690
443863	7	63409	15852	15854	31706
444311	7	63473	15868	15870	31738
444647	7	63521	15880	15882	31762
445039	7	63577	15894	15896	31790
445207	7	63601	15900	15902	31802
445319	7	63617	15904	15906	31810
445543	7	63649	15912	15914	31826
445823	7	63689	15922	15924	31846
445879	7	63697	15924	15926	31850
446159	7	63737	15934	15936	31870
446327	7	63761	15940	15942	31882
446551	7	63793	15948	15950	31898
446663	7	63809	15952	15954	31906
446887	7	63841	15960	15962	31922
446999	7	63857	15964	15966	31930
447391	7	63913	15978	15980	31958
447503	7	63929	15982	15984	31966
447839	7	63977	15994	15996	31990
448231	7	64033	16008	16010	32018
448567	7	64081	16020	16022	32042
449071	7	64153	16038	16040	32078
449519	7	64217	16054	16056	32110
451031	7	64433	16108	16110	32218
451423	7	64489	16122	16124	32246
451591	7	64513	16128	16130	32258
451871	7	64553	16138	16140	32278
452039	7	64577	16144	16146	32290
452207	7	64601	16150	16152	32302
452263	7	64609	16152	16154	32306
452431	7	64633	16158	16160	32318
453551	7	64793	16198	16200	32398
453719	7	64817	16204	16206	32410
453943	7	64849	16212	16214	32426
454447	7	64921	16230	16232	32462
454559	7	64937	16234	16236	32470
454783	7	64969	16242	16244	32486
455231	7	65033	16258	16260	32518
455623	7	65089	16272	16274	32546
455903	7	65129	16282	16284	32566
456799	7	65257	16314	16316	32630
457471	7	65353	16338	16340	32678
457751	7	65393	16348	16350	32698
458143	7	65449	16362	16364	32726
458479	7	65497	16374	16376	32750
458647	7	65521	16380	16382	32762
458759	7	65537	16384	16386	32770
459263	7	65609	16402	16404	32806
459319	7	65617	16404	16406	32810
459431	7	65633	16408	16410	32818
459599	7	65657	16414	16416	32830
459991	7	65713	16428	16430	32858
460103	7	65729	16432	16434	32866
460327	7	65761	16440	16442	32882
460439	7	65777	16444	16446	32890
460663	7	65809	16452	16454	32906
461167	7	65881	16470	16472	32942
461447	7	65921	16480	16482	32962
461503	7	65929	16482	16484	32966
461951	7	65993	16498	16500	32998
462287	7	66041	16510	16512	33022
462623	7	66089	16522	16524	33046
462959	7	66137	16534	16536	33070
463127	7	66161	16540	16542	33082
463183	7	66169	16542	16544	33086
464359	7	66337	16584	16586	33170
464527	7	66361	16590	16592	33182
464639	7	66377	16594	16596	33190
465143	7	66449	16612	16614	33226
465199	7	66457	16614	16616	33230
465703	7	66529	16632	16634	33266
465871	7	66553	16638	16640	33278
465983	7	66569	16642	16644	33286
466151	7	66593	16648	16650	33298
466207	7	66601	16650	16652	33302
466319	7	66617	16654	16656	33310
466879	7	66697	16674	16676	33350
466991	7	66713	16678	16680	33358
467047	7	66721	16680	16682	33362
467663	7	66809	16702	16704	33406
467887	7	66841	16710	16712	33422
468223	7	66889	16722	16724	33446
468839	7	66977	16744	16746	33490
469231	7	67033	16758	16760	33518
469343	7	67049	16762	16764	33526
469399	7	67057	16764	16766	33530
469511	7	67073	16768	16770	33538
469847	7	67121	16780	16782	33562
469903	7	67129	16782	16784	33566
470071	7	67153	16788	16790	33578
470183	7	67169	16792	16794	33586
470519	7	67217	16804	16806	33610
470911	7	67273	16818	16820	33638
471023	7	67289	16822	16824	33646
471583	7	67369	16842	16844	33686
471863	7	67409	16852	16854	33706
472031	7	67433	16858	16860	33718
472367	7	67481	16870	16872	33742
472423	7	67489	16872	16874	33746
472759	7	67537	16884	16886	33770
473039	7	67577	16894	16896	33790
473207	7	67601	16900	16902	33802
474439	7	67777	16944	16946	33890
474607	7	67801	16950	16952	33902
475727	7	67961	16990	16992	33982
475951	7	67993	16998	17000	33998
476287	7	68041	17010	17012	34022
476791	7	68113	17028	17030	34058
477127	7	68161	17040	17042	34082
477463	7	68209	17052	17054	34106
477967	7	68281	17070	17072	34142
478303	7	68329	17082	17084	34166
479143	7	68449	17112	17114	34226
479311	7	68473	17118	17120	34238
479423	7	68489	17122	17124	34246
479647	7	68521	17130	17132	34262
480431	7	68633	17158	17160	34318
480991	7	68713	17178	17180	34358
481103	7	68729	17182	17184	34366
481159	7	68737	17184	17186	34370
481439	7	68777	17194	17196	34390
482167	7	68881	17220	17222	34442
482279	7	68897	17224	17226	34450
482951	7	68993	17248	17250	34498
483007	7	69001	17250	17252	34502
483511	7	69073	17268	17270	34538
484351	7	69193	17298	17300	34598
484631	7	69233	17308	17310	34618
484799	7	69257	17314	17316	34630
485191	7	69313	17328	17330	34658
485359	7	69337	17334	17336	34670
485807	7	69401	17350	17352	34702
486199	7	69457	17364	17366	34730
486311	7	69473	17368	17370	34738
486367	7	69481	17370	17372	34742
486479	7	69497	17374	17376	34750
487151	7	69593	17398	17400	34798
487879	7	69697	17424	17426	34850
488159	7	69737	17434	17436	34870
488327	7	69761	17440	17442	34882
488663	7	69809	17452	17454	34906
488831	7	69833	17458	17460	34918
488999	7	69857	17464	17466	34930
489503	7	69929	17482	17484	34966
490007	7	70001	17500	17502	35002
490063	7	70009	17502	17504	35006
490847	7	70121	17530	17532	35062
491239	7	70177	17544	17546	35090
491407	7	70201	17550	17552	35102
491687	7	70241	17560	17562	35122
491743	7	70249	17562	17564	35126
492023	7	70289	17572	17574	35146
492079	7	70297	17574	17576	35150
492191	7	70313	17578	17580	35158
492247	7	70321	17580	17582	35162
492751	7	70393	17598	17600	35198
493199	7	70457	17614	17616	35230
493367	7	70481	17620	17622	35242
493423	7	70489	17622	17624	35246
493703	7	70529	17632	17634	35266
493759	7	70537	17634	17636	35270
494599	7	70657	17664	17666	35330
495103	7	70729	17682	17684	35366
495271	7	70753	17688	17690	35378
495383	7	70769	17692	17694	35386
495551	7	70793	17698	17700	35398
495887	7	70841	17710	17712	35422
495943	7	70849	17712	17714	35426
496391	7	70913	17728	17730	35458
496447	7	70921	17730	17732	35462
496559	7	70937	17734	17736	35470
496783	7	70969	17742	17744	35486
497567	7	71081	17770	17772	35542
497623	7	71089	17772	17774	35546
497903	7	71129	17782	17784	35566
498071	7	71153	17788	17790	35578
498127	7	71161	17790	17792	35582
498463	7	71209	17802	17804	35606
498631	7	71233	17808	17810	35618
498743	7	71249	17812	17814	35626
498799	7	71257	17814	17816	35630
499303	7	71329	17832	17834	35666
499471	7	71353	17838	17840	35678
143	11	13	2	6	8
319	11	29	6	10	16
407	11	37	8	12	20
583	11	53	12	16	28
671	11	61	14	18	32
1111	11	101	24	28	52
1199	11	109	26	30	56
1639	11	149	36	40	76
1727	11	157	38	42	80
1903	11	173	42	46	88
1991	11	181	44	48	92
2167	11	197	48	52	100
2519	11	229	56	60	116
2959	11	269	66	70	136
3047	11	277	68	72	140
3223	11	293	72	76	148
3487	11	317	78	82	160
3839	11	349	86	90	176
4103	11	373	92	96	188
4279	11	389	96	100	196
4367	11	397	98	102	200
4631	11	421	104	108	212
5071	11	461	114	118	232
5599	11	509	126	130	256
5951	11	541	134	138	272
6127	11	557	138	142	280
6743	11	613	152	156	308
7183	11	653	162	166	328
7271	11	661	164	168	332
7447	11	677	168	172	340
7711	11	701	174	178	352
7799	11	709	176	180	356
8063	11	733	182	186	368
8327	11	757	188	192	380
8503	11	773	192	196	388
8767	11	797	198	202	400
9031	11	821	204	208	412
9119	11	829	206	210	416
9383	11	853	212	216	428
9647	11	877	218	222	440
10351	11	941	234	238	472
10967	11	997	248	252	500
11143	11	1013	252	256	508
11231	11	1021	254	258	512
11671	11	1061	264	268	532
11759	11	1069	266	270	536
12023	11	1093	272	276	548
12199	11	1109	276	280	556
12287	11	1117	278	282	560
12991	11	1181	294	298	592
13343	11	1213	302	306	608
13519	11	1229	306	310	616
13607	11	1237	308	312	620
14047	11	1277	318	322	640
14311	11	1301	324	328	652
15103	11	1373	342	346	688
15191	11	1381	344	348	692
15719	11	1429	356	360	716
15983	11	1453	362	366	728
16423	11	1493	372	376	748
17039	11	1549	386	390	776
17567	11	1597	398	402	800
17743	11	1613	402	406	808
17831	11	1621	404	408	812
18007	11	1637	408	412	820
18359	11	1669	416	420	836
18623	11	1693	422	426	848
18799	11	1709	426	430	856
19063	11	1733	432	436	868
19151	11	1741	434	438	872
19679	11	1789	446	450	896
20471	11	1861	464	468	932
20647	11	1877	468	472	940
20911	11	1901	474	478	952
21263	11	1933	482	486	968
21439	11	1949	486	490	976
21703	11	1973	492	496	988
21967	11	1997	498	502	1000
22319	11	2029	506	510	1016
22583	11	2053	512	516	1028
22759	11	2069	516	520	1036
23551	11	2141	534	538	1072
24343	11	2213	552	556	1108
24431	11	2221	554	558	1112
24607	11	2237	558	562	1120
24959	11	2269	566	570	1136
25223	11	2293	572	576	1148
25399	11	2309	576	580	1156
25663	11	2333	582	586	1168
25751	11	2341	584	588	1172
25927	11	2357	588	592	1180
26191	11	2381	594	598	1192
26279	11	2389	596	600	1196
26807	11	2437	608	612	1220
27247	11	2477	618	622	1240
28039	11	2549	636	640	1276
28127	11	2557	638	642	1280
28831	11	2621	654	658	1312
29447	11	2677	668	672	1340
29623	11	2693	672	676	1348
30151	11	2741	684	688	1372
30239	11	2749	686	690	1376
30679	11	2789	696	700	1396
30767	11	2797	698	702	1400
31207	11	2837	708	712	1420
31471	11	2861	714	718	1432
31999	11	2909	726	730	1456
32087	11	2917	728	732	1460
32527	11	2957	738	742	1480
33407	11	3037	758	762	1520
33671	11	3061	764	768	1532
34199	11	3109	776	780	1556
34991	11	3181	794	798	1592
35431	11	3221	804	808	1612
35519	11	3229	806	810	1616
35783	11	3253	812	816	1628
36311	11	3301	824	828	1652
37103	11	3373	842	846	1688
37279	11	3389	846	850	1696
37543	11	3413	852	856	1708
38071	11	3461	864	868	1732
38159	11	3469	866	870	1736
38687	11	3517	878	882	1760
38863	11	3533	882	886	1768
38951	11	3541	884	888	1772
39127	11	3557	888	892	1780
39391	11	3581	894	898	1792
39743	11	3613	902	906	1808
40007	11	3637	908	912	1820
40447	11	3677	918	922	1840
40711	11	3701	924	928	1852
40799	11	3709	926	930	1856
41063	11	3733	932	936	1868
41767	11	3797	948	952	1900
42031	11	3821	954	958	1912
42383	11	3853	962	966	1928
42647	11	3877	968	972	1940
43087	11	3917	978	982	1960
43879	11	3989	996	1000	1996
44143	11	4013	1002	1006	2008
44231	11	4021	1004	1008	2012
45023	11	4093	1022	1026	2048
45463	11	4133	1032	1036	2068
45727	11	4157	1038	1042	2080
46519	11	4229	1056	1060	2116
46783	11	4253	1062	1066	2128
46871	11	4261	1064	1068	2132
47839	11	4349	1086	1090	2176
47927	11	4357	1088	1092	2180
48103	11	4373	1092	1096	2188
48367	11	4397	1098	1102	2200
48631	11	4421	1104	1108	2212
49423	11	4493	1122	1126	2248
49687	11	4517	1128	1132	2260
50039	11	4549	1136	1140	2276
50567	11	4597	1148	1152	2300
50831	11	4621	1154	1158	2312
51007	11	4637	1158	1162	2320
52063	11	4733	1182	1186	2368
52679	11	4789	1196	1200	2396
52943	11	4813	1202	1206	2408
53471	11	4861	1214	1218	2432
53647	11	4877	1218	1222	2440
53999	11	4909	1226	1230	2456
54263	11	4933	1232	1236	2468
54527	11	4957	1238	1242	2480
54703	11	4973	1242	1246	2488
55231	11	5021	1254	1258	2512
55847	11	5077	1268	1272	2540
56111	11	5101	1274	1278	2552
57079	11	5189	1296	1300	2596
57167	11	5197	1298	1302	2600
57607	11	5237	1308	1312	2620
57871	11	5261	1314	1318	2632
58399	11	5309	1326	1330	2656
58663	11	5333	1332	1336	2668
59191	11	5381	1344	1348	2692
59543	11	5413	1352	1356	2708
59807	11	5437	1358	1362	2720
60247	11	5477	1368	1372	2740
60511	11	5501	1374	1378	2752
61127	11	5557	1388	1392	2780
61303	11	5573	1392	1396	2788
61391	11	5581	1394	1398	2792
62183	11	5653	1412	1416	2828
62359	11	5669	1416	1420	2836
62623	11	5693	1422	1426	2848
62711	11	5701	1424	1428	2852
62887	11	5717	1428	1432	2860
63151	11	5741	1434	1438	2872
63239	11	5749	1436	1440	2876
63943	11	5813	1452	1456	2908
64031	11	5821	1454	1458	2912
64471	11	5861	1464	1468	2932
64559	11	5869	1466	1470	2936
65791	11	5981	1494	1498	2992
66319	11	6029	1506	1510	3016
66407	11	6037	1508	1512	3020
66583	11	6053	1512	1516	3028
67111	11	6101	1524	1528	3052
67463	11	6133	1532	1536	3068
67903	11	6173	1542	1546	3088
68167	11	6197	1548	1552	3100
68431	11	6221	1554	1558	3112
68519	11	6229	1556	1560	3116
68959	11	6269	1566	1570	3136
69047	11	6277	1568	1572	3140
69311	11	6301	1574	1578	3152
69487	11	6317	1578	1582	3160
70103	11	6373	1592	1596	3188
70279	11	6389	1596	1600	3196
70367	11	6397	1598	1602	3200
70631	11	6421	1604	1608	3212
71159	11	6469	1616	1620	3236
72391	11	6581	1644	1648	3292
73007	11	6637	1658	1662	3320
73183	11	6653	1662	1666	3328
73271	11	6661	1664	1668	3332
73711	11	6701	1674	1678	3352
73799	11	6709	1676	1680	3356
74063	11	6733	1682	1686	3368
74591	11	6781	1694	1698	3392
75119	11	6829	1706	1710	3416
75559	11	6869	1716	1720	3436
76087	11	6917	1728	1732	3460
76439	11	6949	1736	1740	3476
76967	11	6997	1748	1752	3500
77143	11	7013	1752	1756	3508
77759	11	7069	1766	1770	3536
78199	11	7109	1776	1780	3556
79343	11	7213	1802	1806	3608
79519	11	7229	1806	1810	3616
79607	11	7237	1808	1812	3620
79783	11	7253	1812	1816	3628
80399	11	7309	1826	1830	3656
80663	11	7333	1832	1836	3668
80839	11	7349	1836	1840	3676
82247	11	7477	1868	1872	3740
82687	11	7517	1878	1882	3760
82951	11	7541	1884	1888	3772
83039	11	7549	1886	1890	3776
83303	11	7573	1892	1896	3788
83479	11	7589	1896	1900	3796
83831	11	7621	1904	1908	3812
84359	11	7669	1916	1920	3836
84887	11	7717	1928	1932	3860
85151	11	7741	1934	1938	3872
85327	11	7757	1938	1942	3880
85679	11	7789	1946	1950	3896
86119	11	7829	1956	1960	3916
86383	11	7853	1962	1966	3928
86647	11	7877	1968	1972	3940
86911	11	7901	1974	1978	3952
87263	11	7933	1982	1986	3968
87439	11	7949	1986	1990	3976
88583	11	8053	2012	2016	4028
88759	11	8069	2016	2020	4036
89023	11	8093	2022	2026	4048
89111	11	8101	2024	2028	4052
89287	11	8117	2028	2032	4060
90431	11	8221	2054	2058	4112
90607	11	8237	2058	2062	4120
90959	11	8269	2066	2070	4136
91223	11	8293	2072	2076	4148
91487	11	8317	2078	2082	4160
92279	11	8389	2096	2100	4196
92719	11	8429	2106	2110	4216
93071	11	8461	2114	2118	4232
93511	11	8501	2124	2128	4252
94303	11	8573	2142	2146	4288
94391	11	8581	2144	2148	4292
94567	11	8597	2148	2152	4300
94919	11	8629	2156	2160	4316
95359	11	8669	2166	2170	4336
95447	11	8677	2168	2172	4340
95623	11	8693	2172	2176	4348
96151	11	8741	2184	2188	4372
97031	11	8821	2204	2208	4412
97207	11	8837	2208	2212	4420
97471	11	8861	2214	2218	4432
97823	11	8893	2222	2226	4448
98263	11	8933	2232	2236	4468
98351	11	8941	2234	2238	4472
99143	11	9013	2252	2256	4508
99319	11	9029	2256	2260	4516
100199	11	9109	2276	2280	4556
100463	11	9133	2282	2286	4568
100727	11	9157	2288	2292	4580
100903	11	9173	2292	2296	4588
100991	11	9181	2294	2298	4592
101431	11	9221	2304	2308	4612
102047	11	9277	2318	2322	4640
102223	11	9293	2322	2326	4648
102751	11	9341	2334	2338	4672
102839	11	9349	2336	2340	4676
103367	11	9397	2348	2352	4700
103543	11	9413	2352	2356	4708
103631	11	9421	2354	2358	4712
103807	11	9437	2358	2362	4720
104071	11	9461	2364	2368	4732
104863	11	9533	2382	2386	4768
105743	11	9613	2402	2406	4808
105919	11	9629	2406	2410	4816
106271	11	9661	2414	2418	4832
106447	11	9677	2418	2422	4840
107063	11	9733	2432	2436	4868
107239	11	9749	2436	2440	4876
107591	11	9781	2444	2448	4892
108119	11	9829	2456	2460	4916
108911	11	9901	2474	2478	4952
109351	11	9941	2484	2488	4972
109439	11	9949	2486	2490	4976
109703	11	9973	2492	2496	4988
110407	11	10037	2508	2512	5020
110671	11	10061	2514	2518	5032
110759	11	10069	2516	2520	5036
111023	11	10093	2522	2526	5048
111463	11	10133	2532	2536	5068
111551	11	10141	2534	2538	5072
111991	11	10181	2544	2548	5092
112783	11	10253	2562	2566	5128
113311	11	10301	2574	2578	5152
113663	11	10333	2582	2586	5168
113927	11	10357	2588	2592	5180
114719	11	10429	2606	2610	5216
114983	11	10453	2612	2616	5228
115247	11	10477	2618	2622	5240
115511	11	10501	2624	2628	5252
116479	11	10589	2646	2650	5296
116567	11	10597	2648	2652	5300
116743	11	10613	2652	2656	5308
117799	11	10709	2676	2680	5356
118063	11	10733	2682	2686	5368
118591	11	10781	2694	2698	5392
118679	11	10789	2696	2700	5396
119207	11	10837	2708	2712	5420
119383	11	10853	2712	2716	5428
119471	11	10861	2714	2718	5432
119999	11	10909	2726	2730	5456
120439	11	10949	2736	2740	5476
120527	11	10957	2738	2742	5480
120703	11	10973	2742	2746	5488
121759	11	11069	2766	2770	5536
122023	11	11093	2772	2776	5548
122287	11	11117	2778	2782	5560
122639	11	11149	2786	2790	5576
122903	11	11173	2792	2796	5588
123167	11	11197	2798	2802	5600
123343	11	11213	2802	2806	5608
123871	11	11261	2814	2818	5632
124487	11	11317	2828	2832	5660
125807	11	11437	2858	2862	5720
127039	11	11549	2886	2890	5776
127567	11	11597	2898	2902	5800
127831	11	11621	2904	2908	5812
128447	11	11677	2918	2922	5840
128711	11	11701	2924	2928	5852
128887	11	11717	2928	2932	5860
129679	11	11789	2946	2950	5896
129943	11	11813	2952	2956	5908
130031	11	11821	2954	2958	5912
130999	11	11909	2976	2980	5956
131263	11	11933	2982	2986	5968
131351	11	11941	2984	2988	5972
131791	11	11981	2994	2998	5992
132407	11	12037	3008	3012	6020
133111	11	12101	3024	3028	6052
133199	11	12109	3026	3030	6056
133639	11	12149	3036	3040	6076
133727	11	12157	3038	3042	6080
134167	11	12197	3048	3052	6100
134783	11	12253	3062	3066	6128
134959	11	12269	3066	3070	6136
135047	11	12277	3068	3072	6140
135311	11	12301	3074	3078	6152
136103	11	12373	3092	3096	6188
136543	11	12413	3102	3106	6208
136631	11	12421	3104	3108	6212
136807	11	12437	3108	3112	6220
137687	11	12517	3128	3132	6260
137951	11	12541	3134	3138	6272
138479	11	12589	3146	3150	6296
138743	11	12613	3152	3156	6308
139007	11	12637	3158	3162	6320
139183	11	12653	3162	3166	6328
140327	11	12757	3188	3192	6380
140591	11	12781	3194	3198	6392
141031	11	12821	3204	3208	6412
141119	11	12829	3206	3210	6416
141383	11	12853	3212	3216	6428
141823	11	12893	3222	3226	6448
142087	11	12917	3228	3232	6460
142351	11	12941	3234	3238	6472
142703	11	12973	3242	3246	6488
143407	11	13037	3258	3262	6520
144023	11	13093	3272	3276	6548
144199	11	13109	3276	3280	6556
145519	11	13229	3306	3310	6616
146399	11	13309	3326	3330	6656
147191	11	13381	3344	3348	6692
147367	11	13397	3348	3352	6700
147631	11	13421	3354	3358	6712
148159	11	13469	3366	3370	6736
148247	11	13477	3368	3372	6740
149567	11	13597	3398	3402	6800
149743	11	13613	3402	3406	6808
150359	11	13669	3416	3420	6836
150623	11	13693	3422	3426	6848
150799	11	13709	3426	3430	6856
151327	11	13757	3438	3442	6880
151591	11	13781	3444	3448	6892
151679	11	13789	3446	3450	6896
152119	11	13829	3456	3460	6916
152647	11	13877	3468	3472	6940
152911	11	13901	3474	3478	6952
153263	11	13933	3482	3486	6968
153967	11	13997	3498	3502	7000
154319	11	14029	3506	3510	7016
155639	11	14149	3536	3540	7076
155903	11	14173	3542	3546	7088
156167	11	14197	3548	3552	7100
156431	11	14221	3554	3558	7112
157223	11	14293	3572	3576	7148
157751	11	14341	3584	3588	7172
158279	11	14389	3596	3600	7196
158807	11	14437	3608	3612	7220
159071	11	14461	3614	3618	7232
159863	11	14533	3632	3636	7268
160039	11	14549	3636	3640	7276
160127	11	14557	3638	3642	7280
160831	11	14621	3654	3658	7312
160919	11	14629	3656	3660	7316
161183	11	14653	3662	3666	7328
161359	11	14669	3666	3670	7336
161887	11	14717	3678	3682	7360
162151	11	14741	3684	3688	7372
162767	11	14797	3698	3702	7400
162943	11	14813	3702	3706	7408
163031	11	14821	3704	3708	7412
163559	11	14869	3716	3720	7436
164527	11	14957	3738	3742	7480
165143	11	15013	3752	3756	7508
165583	11	15053	3762	3766	7528
165671	11	15061	3764	3768	7532
165847	11	15077	3768	3772	7540
166111	11	15101	3774	3778	7552
166639	11	15149	3786	3790	7576
166903	11	15173	3792	3796	7588
167959	11	15269	3816	3820	7636
168047	11	15277	3818	3822	7640
168839	11	15349	3836	3840	7676
169103	11	15373	3842	3846	7688
169543	11	15413	3852	3856	7708
170071	11	15461	3864	3868	7732
170423	11	15493	3872	3876	7748
170951	11	15541	3884	3888	7772
171391	11	15581	3894	3898	7792
171919	11	15629	3906	3910	7816
172271	11	15661	3914	3918	7832
173063	11	15733	3932	3936	7868
173239	11	15749	3936	3940	7876
173503	11	15773	3942	3946	7888
173767	11	15797	3948	3952	7900
174647	11	15877	3968	3972	7940
174911	11	15901	3974	3978	7952
175703	11	15973	3992	3996	7988
176671	11	16061	4014	4018	8032
176759	11	16069	4016	4020	8036
177551	11	16141	4034	4038	8072
178079	11	16189	4046	4050	8096
178519	11	16229	4056	4060	8116
178783	11	16253	4062	4066	8128
179311	11	16301	4074	4078	8152
179663	11	16333	4082	4086	8168
179839	11	16349	4086	4090	8176
180191	11	16381	4094	4098	8192
180631	11	16421	4104	4108	8212
180983	11	16453	4112	4116	8228
181247	11	16477	4118	4122	8240
181423	11	16493	4122	4126	8248
182303	11	16573	4142	4146	8288
183271	11	16661	4164	4168	8332
183623	11	16693	4172	4176	8348
184151	11	16741	4184	4188	8372
185119	11	16829	4206	4210	8416
185911	11	16901	4224	4228	8452
186791	11	16981	4244	4248	8492
187231	11	17021	4254	4258	8512
187319	11	17029	4256	4260	8516
187583	11	17053	4262	4266	8528
187847	11	17077	4268	4272	8540
188023	11	17093	4272	4276	8548
188287	11	17117	4278	4282	8560
189079	11	17189	4296	4300	8596
190223	11	17293	4322	4326	8648
190487	11	17317	4328	4332	8660
190663	11	17333	4332	4336	8668
190751	11	17341	4334	4338	8672
191279	11	17389	4346	4350	8696
192247	11	17477	4368	4372	8740
192599	11	17509	4376	4380	8756
193303	11	17573	4392	4396	8788
193391	11	17581	4394	4398	8792
193567	11	17597	4398	4402	8800
194359	11	17669	4416	4420	8836
195239	11	17749	4436	4440	8876
195679	11	17789	4446	4450	8896
196207	11	17837	4458	4462	8920
196999	11	17909	4476	4480	8956
197527	11	17957	4488	4492	8980
197791	11	17981	4494	4498	8992
197879	11	17989	4496	4500	8996
198143	11	18013	4502	4506	9008
198671	11	18061	4514	4518	9032
198847	11	18077	4518	4522	9040
199463	11	18133	4532	4536	9068
199639	11	18149	4536	4540	9076
199991	11	18181	4544	4548	9092
200519	11	18229	4556	4560	9116
200783	11	18253	4562	4566	9128
200959	11	18269	4566	4570	9136
201311	11	18301	4574	4578	9152
201751	11	18341	4584	4588	9172
202367	11	18397	4598	4602	9200
202543	11	18413	4602	4606	9208
203071	11	18461	4614	4618	9232
203423	11	18493	4622	4626	9248
203687	11	18517	4628	4632	9260
203951	11	18541	4634	4638	9272
205007	11	18637	4658	4662	9320
205271	11	18661	4664	4668	9332
205711	11	18701	4674	4678	9352
206239	11	18749	4686	4690	9376
206327	11	18757	4688	4692	9380
206503	11	18773	4692	4696	9388
206767	11	18797	4698	4702	9400
207559	11	18869	4716	4720	9436
208087	11	18917	4728	4732	9460
208703	11	18973	4742	4746	9488
209143	11	19013	4752	4756	9508
209407	11	19037	4758	4762	9520
209759	11	19069	4766	4770	9536
210551	11	19141	4784	4788	9572
210727	11	19157	4788	4792	9580
210991	11	19181	4794	4798	9592
211343	11	19213	4802	4806	9608
211607	11	19237	4808	4812	9620
212311	11	19301	4824	4828	9652
212399	11	19309	4826	4830	9656
212663	11	19333	4832	4836	9668
213103	11	19373	4842	4846	9688
213191	11	19381	4844	4848	9692
213631	11	19421	4854	4858	9712
213719	11	19429	4856	4860	9716
214159	11	19469	4866	4870	9736
214247	11	19477	4868	4872	9740
214511	11	19501	4874	4878	9752
214951	11	19541	4884	4888	9772
215567	11	19597	4898	4902	9800
216271	11	19661	4914	4918	9832
216799	11	19709	4926	4930	9856
216887	11	19717	4928	4932	9860
217943	11	19813	4952	4956	9908
218383	11	19853	4962	4966	9928
218471	11	19861	4964	4968	9932
219439	11	19949	4986	4990	9976
219703	11	19973	4992	4996	9988
219967	11	19997	4998	5002	10000
220231	11	20021	5004	5008	10012
220319	11	20029	5006	5010	10016
221111	11	20101	5024	5028	10052
221287	11	20117	5028	5032	10060
221639	11	20149	5036	5040	10076
221903	11	20173	5042	5046	10088
222871	11	20261	5064	5068	10132
222959	11	20269	5066	5070	10136
223663	11	20333	5082	5086	10168
223751	11	20341	5084	5088	10172
223927	11	20357	5088	5092	10180
224279	11	20389	5096	5100	10196
225247	11	20477	5118	5122	10240
225599	11	20509	5126	5130	10256
225863	11	20533	5132	5136	10268
226039	11	20549	5136	5140	10276
227623	11	20693	5172	5176	10348
227887	11	20717	5178	5182	10360
228239	11	20749	5186	5190	10376
228503	11	20773	5192	5196	10388
228679	11	20789	5196	5200	10396
230791	11	20981	5244	5248	10492
231143	11	21013	5252	5256	10508
231671	11	21061	5264	5268	10532
232111	11	21101	5274	5278	10552
232639	11	21149	5286	5290	10576
232727	11	21157	5288	5292	10580
233431	11	21221	5304	5308	10612
233959	11	21269	5316	5320	10636
234047	11	21277	5318	5322	10640
234487	11	21317	5328	5332	10660
234751	11	21341	5334	5338	10672
235367	11	21397	5348	5352	10700
236423	11	21493	5372	5376	10748
236687	11	21517	5378	5382	10760
237127	11	21557	5388	5392	10780
237479	11	21589	5396	5400	10796
237743	11	21613	5402	5406	10808
238271	11	21661	5414	5418	10832
238711	11	21701	5424	5428	10852
239327	11	21757	5438	5442	10880
239503	11	21773	5442	5446	10888
240031	11	21821	5454	5458	10912
240823	11	21893	5472	5476	10948
241967	11	21997	5498	5502	11000
242143	11	22013	5502	5506	11008
242407	11	22037	5508	5512	11020
243023	11	22093	5522	5526	11048
243199	11	22109	5526	5530	11056
243463	11	22133	5532	5536	11068
243727	11	22157	5538	5542	11080
244079	11	22189	5546	5550	11096
244519	11	22229	5556	5560	11116
245047	11	22277	5568	5572	11140
245839	11	22349	5586	5590	11176
246191	11	22381	5594	5598	11192
246367	11	22397	5598	5602	11200
246983	11	22453	5612	5616	11228
247159	11	22469	5616	5620	11236
247511	11	22501	5624	5628	11252
247951	11	22541	5634	5638	11272
248039	11	22549	5636	5640	11276
248303	11	22573	5642	5646	11288
248743	11	22613	5652	5656	11308
248831	11	22621	5654	5658	11312
249007	11	22637	5658	5662	11320
249359	11	22669	5666	5670	11336
249799	11	22709	5676	5680	11356
249887	11	22717	5678	5682	11360
250151	11	22741	5684	5688	11372
251383	11	22853	5712	5716	11428
251471	11	22861	5714	5718	11432
251647	11	22877	5718	5722	11440
251911	11	22901	5724	5728	11452
252703	11	22973	5742	5746	11488
253231	11	23021	5754	5758	11512
253319	11	23029	5756	5760	11516
253583	11	23053	5762	5766	11528
254287	11	23117	5778	5782	11560
254903	11	23173	5792	5796	11588
255079	11	23189	5796	5800	11596
255167	11	23197	5798	5802	11600
255959	11	23269	5816	5820	11636
256223	11	23293	5822	5826	11648
256663	11	23333	5832	5836	11668
256927	11	23357	5838	5842	11680
258599	11	23509	5876	5880	11756
259039	11	23549	5886	5890	11776
259127	11	23557	5888	5892	11780
259391	11	23581	5894	5898	11792
259919	11	23629	5906	5910	11816
260359	11	23669	5916	5920	11836
260447	11	23677	5918	5922	11840
261151	11	23741	5934	5938	11872
261503	11	23773	5942	5946	11888
261679	11	23789	5946	5950	11896
261943	11	23813	5952	5956	11908
262559	11	23869	5966	5970	11936
262823	11	23893	5972	5976	11948
262999	11	23909	5976	5980	11956
263087	11	23917	5978	5982	11960
263527	11	23957	5988	5992	11980
263791	11	23981	5994	5998	11992
264319	11	24029	6006	6010	12016
264671	11	24061	6014	6018	12032
264847	11	24077	6018	6022	12040
265199	11	24109	6026	6030	12056
265463	11	24133	6032	6036	12068
265991	11	24181	6044	6048	12092
266167	11	24197	6048	6052	12100
266519	11	24229	6056	6060	12116
267487	11	24317	6078	6082	12160
268103	11	24373	6092	6096	12188
268543	11	24413	6102	6106	12208
268631	11	24421	6104	6108	12212
269159	11	24469	6116	6120	12236
269599	11	24509	6126	6130	12256
269687	11	24517	6128	6132	12260
269863	11	24533	6132	6136	12268
271447	11	24677	6168	6172	12340
271799	11	24709	6176	6180	12356
272063	11	24733	6182	6186	12368
272239	11	24749	6186	6190	12376
272591	11	24781	6194	6198	12392
273031	11	24821	6204	6208	12412
273647	11	24877	6218	6222	12440
274087	11	24917	6228	6232	12460
274879	11	24989	6246	6250	12496
275143	11	25013	6252	6256	12508
275407	11	25037	6258	6262	12520
276287	11	25117	6278	6282	12560
277079	11	25189	6296	6300	12596
277519	11	25229	6306	6310	12616
277607	11	25237	6308	6312	12620
277783	11	25253	6312	6316	12628
277871	11	25261	6314	6318	12632
278311	11	25301	6324	6328	12652
278399	11	25309	6326	6330	12656
278839	11	25349	6336	6340	12676
278927	11	25357	6338	6342	12680
279103	11	25373	6342	6346	12688
279983	11	25453	6362	6366	12728
280159	11	25469	6366	6370	12736
280951	11	25541	6384	6388	12772
281479	11	25589	6396	6400	12796
281831	11	25621	6404	6408	12812
282623	11	25693	6422	6426	12848
282887	11	25717	6428	6432	12860
283063	11	25733	6432	6436	12868
283151	11	25741	6434	6438	12872
285263	11	25933	6482	6486	12968
285791	11	25981	6494	6498	12992
285967	11	25997	6498	6502	13000
286231	11	26021	6504	6508	13012
286319	11	26029	6506	6510	13016
286583	11	26053	6512	6516	13028
287551	11	26141	6534	6538	13072
288079	11	26189	6546	6550	13096
288607	11	26237	6558	6562	13120
288871	11	26261	6564	6568	13132
289223	11	26293	6572	6576	13148
289399	11	26309	6576	6580	13156
289487	11	26317	6578	6582	13160
289927	11	26357	6588	6592	13180
290807	11	26437	6608	6612	13220
291511	11	26501	6624	6628	13252
292127	11	26557	6638	6642	13280
292303	11	26573	6642	6646	13288
292567	11	26597	6648	6652	13300
293359	11	26669	6666	6670	13336
293623	11	26693	6672	6676	13348
293711	11	26701	6674	6678	13352
293887	11	26717	6678	6682	13360
294943	11	26813	6702	6706	13408
295031	11	26821	6704	6708	13412
295471	11	26861	6714	6718	13432
295823	11	26893	6722	6726	13448
296791	11	26981	6744	6748	13492
297671	11	27061	6764	6768	13532
297847	11	27077	6768	6772	13540
298199	11	27109	6776	6780	13556
299167	11	27197	6798	6802	13600
299783	11	27253	6812	6816	13628
300047	11	27277	6818	6822	13640
301367	11	27397	6848	6852	13700
301807	11	27437	6858	6862	13720
302599	11	27509	6876	6880	13756
302951	11	27541	6884	6888	13772
303391	11	27581	6894	6898	13792
304183	11	27653	6912	6916	13828
304711	11	27701	6924	6928	13852
305063	11	27733	6932	6936	13868
305239	11	27749	6936	6940	13876
305503	11	27773	6942	6946	13888
306823	11	27893	6972	6976	13948
306911	11	27901	6974	6978	13952
307087	11	27917	6978	6982	13960
307351	11	27941	6984	6988	13972
307967	11	27997	6998	7002	14000
308759	11	28069	7016	7020	14036
309199	11	28109	7026	7030	14056
309991	11	28181	7044	7048	14092
310519	11	28229	7056	7060	14116
311047	11	28277	7068	7072	14140
311399	11	28309	7076	7080	14156
311839	11	28349	7086	7090	14176
312719	11	28429	7106	7110	14216
313247	11	28477	7118	7122	14240
313423	11	28493	7122	7126	14248
313687	11	28517	7128	7132	14260
313951	11	28541	7134	7138	14272
314039	11	28549	7136	7140	14276
314303	11	28573	7142	7146	14288
314567	11	28597	7148	7152	14300
314831	11	28621	7154	7158	14312
315271	11	28661	7164	7168	14332
315359	11	28669	7166	7170	14336
316679	11	28789	7196	7200	14396
316943	11	28813	7202	7206	14408
317207	11	28837	7208	7212	14420
317911	11	28901	7224	7228	14452
317999	11	28909	7226	7230	14456
318263	11	28933	7232	7236	14468
318439	11	28949	7236	7240	14476
319231	11	29021	7254	7258	14512
319847	11	29077	7268	7272	14540
320111	11	29101	7274	7278	14552
320903	11	29173	7292	7296	14588
321431	11	29221	7304	7308	14612
321959	11	29269	7316	7320	14636
322663	11	29333	7332	7336	14668
323279	11	29389	7346	7350	14696
323719	11	29429	7356	7360	14716
323807	11	29437	7358	7362	14720
323983	11	29453	7362	7366	14728
324511	11	29501	7374	7378	14752
325303	11	29573	7392	7396	14788
325391	11	29581	7394	7398	14792
325919	11	29629	7406	7410	14816
326359	11	29669	7416	7420	14836
326887	11	29717	7428	7432	14860
327151	11	29741	7434	7438	14872
327679	11	29789	7446	7450	14896
328207	11	29837	7458	7462	14920
329087	11	29917	7478	7482	14960
329879	11	29989	7496	7500	14996
330143	11	30013	7502	7506	15008
330319	11	30029	7506	7510	15016
331199	11	30109	7526	7530	15056
331463	11	30133	7532	7536	15068
331991	11	30181	7544	7548	15092
332167	11	30197	7548	7552	15100
332783	11	30253	7562	7566	15128
332959	11	30269	7566	7570	15136
333223	11	30293	7572	7576	15148
333751	11	30341	7584	7588	15172
334279	11	30389	7596	7600	15196
335159	11	30469	7616	7620	15236
335423	11	30493	7622	7626	15248
335599	11	30509	7626	7630	15256
335687	11	30517	7628	7632	15260
336127	11	30557	7638	7642	15280
337007	11	30637	7658	7662	15320
337271	11	30661	7664	7668	15332
337447	11	30677	7668	7672	15340
338327	11	30757	7688	7692	15380
338503	11	30773	7692	7696	15388
338591	11	30781	7694	7698	15392
339119	11	30829	7706	7710	15416
339383	11	30853	7712	7716	15428
339559	11	30869	7716	7720	15436
339823	11	30893	7722	7726	15448
340351	11	30941	7734	7738	15472
340439	11	30949	7736	7740	15476
341143	11	31013	7752	7756	15508
341759	11	31069	7766	7770	15536
342991	11	31181	7794	7798	15592
343079	11	31189	7796	7800	15596
343607	11	31237	7808	7812	15620
343783	11	31253	7812	7816	15628
344047	11	31277	7818	7822	15640
344663	11	31333	7832	7836	15668
344927	11	31357	7838	7842	15680
345367	11	31397	7848	7852	15700
346159	11	31469	7866	7870	15736
346247	11	31477	7868	7872	15740
346687	11	31517	7878	7882	15760
346951	11	31541	7884	7888	15772
347303	11	31573	7892	7896	15788
349151	11	31741	7934	7938	15872
351527	11	31957	7988	7992	15980
351703	11	31973	7992	7996	15988
351791	11	31981	7994	7998	15992
352319	11	32029	8006	8010	16016
352759	11	32069	8016	8020	16036
352847	11	32077	8018	8022	16040
353287	11	32117	8028	8032	16060
353551	11	32141	8034	8038	16072
353903	11	32173	8042	8046	16088
354079	11	32189	8046	8050	16096
354343	11	32213	8052	8056	16108
354607	11	32237	8058	8062	16120
354871	11	32261	8064	8068	16132
355399	11	32309	8076	8080	16156
355751	11	32341	8084	8088	16172
356191	11	32381	8094	8098	16192
356543	11	32413	8102	8106	16208
356719	11	32429	8106	8110	16216
357863	11	32533	8132	8136	16268
358303	11	32573	8142	8146	16288
358831	11	32621	8154	8158	16312
359183	11	32653	8162	8166	16328
359623	11	32693	8172	8176	16348
359887	11	32717	8178	8182	16360
360239	11	32749	8186	8190	16376
360679	11	32789	8196	8200	16396
360767	11	32797	8198	8202	16400
361559	11	32869	8216	8220	16436
361999	11	32909	8226	8230	16456
362087	11	32917	8228	8232	16460
362263	11	32933	8232	8236	16468
362351	11	32941	8234	8238	16472
362527	11	32957	8238	8242	16480
363143	11	33013	8252	8256	16508
363319	11	33029	8256	8260	16516
363407	11	33037	8258	8262	16520
363583	11	33053	8262	8266	16528
364639	11	33149	8286	8290	16576
364991	11	33181	8294	8298	16592
366311	11	33301	8324	8328	16652
366487	11	33317	8328	8332	16660
366839	11	33349	8336	8340	16676
367543	11	33413	8352	8356	16708
368071	11	33461	8364	8368	16732
368159	11	33469	8366	8370	16736
368423	11	33493	8372	8376	16748
368863	11	33533	8382	8386	16768
369391	11	33581	8394	8398	16792
369479	11	33589	8396	8400	16796
369743	11	33613	8402	8406	16808
369919	11	33629	8406	8410	16816
370007	11	33637	8408	8412	16820
371239	11	33749	8436	8440	16876
371327	11	33757	8438	8442	16880
371503	11	33773	8442	8446	16888
371767	11	33797	8448	8452	16900
372119	11	33829	8456	8460	16916
372823	11	33893	8472	8476	16948
373351	11	33941	8484	8488	16972
373967	11	33997	8498	8502	17000
374671	11	34061	8514	8518	17032
375551	11	34141	8534	8538	17072
375727	11	34157	8538	8542	17080
376343	11	34213	8552	8556	17108
376783	11	34253	8562	8566	17128
376871	11	34261	8564	8568	17132
377311	11	34301	8574	8578	17152
378191	11	34381	8594	8598	17192
378631	11	34421	8604	8608	17212
378719	11	34429	8606	8610	17216
379159	11	34469	8616	8620	17236
379511	11	34501	8624	8628	17252
380039	11	34549	8636	8640	17276
380479	11	34589	8646	8650	17296
380743	11	34613	8652	8656	17308
381623	11	34693	8672	8676	17348
382327	11	34757	8688	8692	17380
382591	11	34781	8694	8698	17392
383647	11	34877	8718	8722	17440
384439	11	34949	8736	8740	17476
384791	11	34981	8744	8748	17492
385583	11	35053	8762	8766	17528
385759	11	35069	8766	8770	17536
386287	11	35117	8778	8782	17560
386551	11	35141	8784	8788	17572
386639	11	35149	8786	8790	17576
387431	11	35221	8804	8808	17612
388487	11	35317	8828	8832	17660
389191	11	35381	8844	8848	17692
389807	11	35437	8858	8862	17720
390071	11	35461	8864	8868	17732
390599	11	35509	8876	8880	17756
390863	11	35533	8882	8886	17768
391303	11	35573	8892	8896	17788
391567	11	35597	8898	8902	17800
392447	11	35677	8918	8922	17840
393767	11	35797	8948	8952	17900
394207	11	35837	8958	8962	17920
394559	11	35869	8966	8970	17936
395263	11	35933	8982	8986	17968
396143	11	36013	9002	9006	18008
396407	11	36037	9008	9012	18020
396671	11	36061	9014	9018	18032
397199	11	36109	9026	9030	18056
398519	11	36229	9056	9060	18116
398959	11	36269	9066	9070	18136
399047	11	36277	9068	9072	18140
399223	11	36293	9072	9076	18148
399751	11	36341	9084	9088	18172
400103	11	36373	9092	9096	18188
400279	11	36389	9096	9100	18196
401159	11	36469	9116	9120	18236
401423	11	36493	9122	9126	18248
401951	11	36541	9134	9138	18272
402919	11	36629	9156	9160	18316
403007	11	36637	9158	9162	18320
403183	11	36653	9162	9166	18328
403447	11	36677	9168	9172	18340
403799	11	36709	9176	9180	18356
404239	11	36749	9186	9190	18376
404591	11	36781	9194	9198	18392
405031	11	36821	9204	9208	18412
405647	11	36877	9218	9222	18440
405911	11	36901	9224	9228	18452
406703	11	36973	9242	9246	18488
406967	11	36997	9248	9252	18500
407143	11	37013	9252	9256	18508
407231	11	37021	9254	9258	18512
407671	11	37061	9264	9268	18532
408287	11	37117	9278	9282	18560
408991	11	37181	9294	9298	18592
409079	11	37189	9296	9300	18596
409783	11	37253	9312	9316	18628
410047	11	37277	9318	9322	18640
410399	11	37309	9326	9330	18656
410927	11	37357	9338	9342	18680
411367	11	37397	9348	9352	18700
412423	11	37493	9372	9376	18748
412511	11	37501	9374	9378	18752
412687	11	37517	9378	9382	18760
413039	11	37549	9386	9390	18776
413303	11	37573	9392	9396	18788
413479	11	37589	9396	9400	18796
414623	11	37693	9422	9426	18848
414887	11	37717	9428	9432	18860
415591	11	37781	9444	9448	18892
415943	11	37813	9452	9456	18908
416383	11	37853	9462	9466	18928
416471	11	37861	9464	9468	18932
417527	11	37957	9488	9492	18980
417967	11	37997	9498	9502	19000
418583	11	38053	9512	9516	19028
418759	11	38069	9516	9520	19036
419639	11	38149	9536	9540	19076
420079	11	38189	9546	9550	19096
420167	11	38197	9548	9552	19100
420607	11	38237	9558	9562	19120
420871	11	38261	9564	9568	19132
421487	11	38317	9578	9582	19160
421663	11	38333	9582	9586	19168
422983	11	38453	9612	9616	19228
423071	11	38461	9614	9618	19232
423511	11	38501	9624	9628	19252
424127	11	38557	9638	9642	19280
424919	11	38629	9656	9660	19316
425183	11	38653	9662	9666	19328
425359	11	38669	9666	9670	19336
425447	11	38677	9668	9672	19340
425623	11	38693	9672	9676	19348
426239	11	38749	9686	9690	19376
427031	11	38821	9704	9708	19412
427471	11	38861	9714	9718	19432
428087	11	38917	9728	9732	19460
428263	11	38933	9732	9736	19468
430463	11	39133	9782	9786	19568
430727	11	39157	9788	9792	19580
430991	11	39181	9794	9798	19592
431519	11	39229	9806	9810	19616
432223	11	39293	9822	9826	19648
432311	11	39301	9824	9828	19652
432487	11	39317	9828	9832	19660
432751	11	39341	9834	9838	19672
433103	11	39373	9842	9846	19688
433367	11	39397	9848	9852	19700
434071	11	39461	9864	9868	19732
434599	11	39509	9876	9880	19756
434951	11	39541	9884	9888	19772
435391	11	39581	9894	9898	19792
436799	11	39709	9926	9930	19856
437063	11	39733	9932	9936	19868
437239	11	39749	9936	9940	19876
438031	11	39821	9954	9958	19912
438119	11	39829	9956	9960	19916
438559	11	39869	9966	9970	19936
438647	11	39877	9968	9972	19940
438911	11	39901	9974	9978	19952
439879	11	39989	9996	10000	19996
440143	11	40013	10002	10006	20008
440407	11	40037	10008	10012	20020
441023	11	40093	10022	10026	20048
442079	11	40189	10046	10050	20096
442343	11	40213	10052	10056	20108
442607	11	40237	10058	10062	20120
442783	11	40253	10062	10066	20128
443047	11	40277	10068	10072	20140
443927	11	40357	10088	10092	20180
444719	11	40429	10106	10110	20216
445423	11	40493	10122	10126	20248
446567	11	40597	10148	10152	20300
447007	11	40637	10158	10162	20320
447623	11	40693	10172	10176	20348
447799	11	40709	10176	10180	20356
448943	11	40813	10202	10206	20408
449119	11	40829	10206	10210	20416
449383	11	40853	10212	10216	20428
450263	11	40933	10232	10236	20468
450439	11	40949	10236	10240	20476
450703	11	40973	10242	10246	20488
451847	11	41077	10268	10272	20540
452287	11	41117	10278	10282	20560
452551	11	41141	10284	10288	20572
452639	11	41149	10286	10290	20576
453079	11	41189	10296	10300	20596
453343	11	41213	10302	10306	20608
453431	11	41221	10304	10308	20612
453959	11	41269	10316	10320	20636
454663	11	41333	10332	10336	20668
454751	11	41341	10334	10338	20672
454927	11	41357	10338	10342	20680
455191	11	41381	10344	10348	20692
455279	11	41389	10346	10350	20696
455543	11	41413	10352	10356	20708
455983	11	41453	10362	10366	20728
457039	11	41549	10386	10390	20776
457567	11	41597	10398	10402	20800
457831	11	41621	10404	10408	20812
458359	11	41669	10416	10420	20836
459943	11	41813	10452	10456	20908
460823	11	41893	10472	10476	20948
461351	11	41941	10484	10488	20972
461527	11	41957	10488	10492	20980
461791	11	41981	10494	10498	20992
462143	11	42013	10502	10506	21008
462671	11	42061	10514	10518	21032
463111	11	42101	10524	10528	21052
463727	11	42157	10538	10542	21080
463991	11	42181	10544	10548	21092
464167	11	42197	10548	10552	21100
464431	11	42221	10554	10558	21112
465223	11	42293	10572	10576	21148
465839	11	42349	10586	10590	21176
466103	11	42373	10592	10596	21188
466367	11	42397	10598	10602	21200
466807	11	42437	10608	10612	21220
467071	11	42461	10614	10618	21232
467599	11	42509	10626	10630	21256
467863	11	42533	10632	10636	21268
468127	11	42557	10638	10642	21280
468479	11	42589	10646	10650	21296
469447	11	42677	10668	10672	21340
469711	11	42701	10674	10678	21352
469799	11	42709	10676	10680	21356
470503	11	42773	10692	10696	21388
470767	11	42797	10698	10702	21400
471031	11	42821	10704	10708	21412
471119	11	42829	10706	10710	21416
471383	11	42853	10712	10716	21428
471911	11	42901	10724	10728	21452
472879	11	42989	10746	10750	21496
473143	11	43013	10752	10756	21508
473407	11	43037	10758	10762	21520
474023	11	43093	10772	10776	21548
474287	11	43117	10778	10782	21560
474463	11	43133	10782	10786	21568
475079	11	43189	10796	10800	21596
475607	11	43237	10808	10812	21620
475871	11	43261	10814	10818	21632
477367	11	43397	10848	10852	21700
478687	11	43517	10878	10882	21760
478951	11	43541	10884	10888	21772
479303	11	43573	10892	10896	21788
479567	11	43597	10898	10902	21800
479743	11	43613	10902	10906	21808
480271	11	43661	10914	10918	21832
480359	11	43669	10916	10920	21836
480887	11	43717	10928	10932	21860
481591	11	43781	10944	10948	21892
481679	11	43789	10946	10950	21896
482383	11	43853	10962	10966	21928
483263	11	43933	10982	10986	21968
483703	11	43973	10992	10996	21988
483967	11	43997	10998	11002	22000
484231	11	44021	11004	11008	22012
484319	11	44029	11006	11010	22016
484583	11	44053	11012	11016	22028
485111	11	44101	11024	11028	22052
486079	11	44189	11046	11050	22096
486431	11	44221	11054	11058	22112
486959	11	44269	11066	11070	22136
487223	11	44293	11072	11076	22148
487927	11	44357	11088	11092	22180
488191	11	44381	11094	11098	22192
488279	11	44389	11096	11100	22196
488983	11	44453	11112	11116	22228
489511	11	44501	11124	11128	22252
489863	11	44533	11132	11136	22268
490039	11	44549	11136	11140	22276
490831	11	44621	11154	11158	22312
491711	11	44701	11174	11178	22352
492151	11	44741	11184	11188	22372
492503	11	44773	11192	11196	22388
492679	11	44789	11196	11200	22396
492767	11	44797	11198	11202	22400
493823	11	44893	11222	11226	22448
493999	11	44909	11226	11230	22456
494087	11	44917	11228	11232	22460
495143	11	45013	11252	11256	22508
495583	11	45053	11262	11266	22528
495671	11	45061	11264	11268	22532
495847	11	45077	11268	11272	22540
496991	11	45181	11294	11298	22592
497167	11	45197	11298	11302	22600
498223	11	45293	11322	11326	22648
498487	11	45317	11328	11332	22660
498751	11	45341	11334	11338	22672
499279	11	45389	11346	11350	22696
499543	11	45413	11352	11356	22708
247	13	19	3	8	11
559	13	43	9	14	23
767	13	59	13	18	31
871	13	67	15	20	35
1079	13	83	19	24	43
1391	13	107	25	30	55
1703	13	131	31	36	67
1807	13	139	33	38	71
2119	13	163	39	44	83
2327	13	179	43	48	91
2743	13	211	51	56	107
2951	13	227	55	60	115
3263	13	251	61	66	127
3679	13	283	69	74	143
3991	13	307	75	80	155
4303	13	331	81	86	167
4511	13	347	85	90	175
4927	13	379	93	98	191
5447	13	419	103	108	211
5759	13	443	109	114	223
6071	13	467	115	120	235
6383	13	491	121	126	247
6487	13	499	123	128	251
6799	13	523	129	134	263
7111	13	547	135	140	275
7319	13	563	139	144	283
7423	13	571	141	146	287
7631	13	587	145	150	295
8047	13	619	153	158	311
8359	13	643	159	164	323
8567	13	659	163	168	331
8879	13	683	169	174	343
8983	13	691	171	176	347
9607	13	739	183	188	371
10231	13	787	195	200	395
10543	13	811	201	206	407
10751	13	827	205	210	415
11167	13	859	213	218	431
11479	13	883	219	224	443
11791	13	907	225	230	455
12311	13	947	235	240	475
12623	13	971	241	246	487
13247	13	1019	253	258	511
13663	13	1051	261	266	527
14183	13	1091	271	276	547
14599	13	1123	279	284	563
15119	13	1163	289	294	583
15223	13	1171	291	296	587
15431	13	1187	295	300	595
16367	13	1259	313	318	631
16679	13	1283	319	324	643
16783	13	1291	321	326	647
16991	13	1307	325	330	655
18551	13	1427	355	360	715
18863	13	1451	361	366	727
18967	13	1459	363	368	731
19279	13	1483	369	374	743
19487	13	1499	373	378	751
19799	13	1523	379	384	763
19903	13	1531	381	386	767
20423	13	1571	391	396	787
20527	13	1579	393	398	791
21047	13	1619	403	408	811
21151	13	1627	405	410	815
21671	13	1667	415	420	835
22087	13	1699	423	428	851
22399	13	1723	429	434	863
22711	13	1747	435	440	875
23231	13	1787	445	450	895
23543	13	1811	451	456	907
24271	13	1867	465	470	935
24791	13	1907	475	480	955
25103	13	1931	481	486	967
25727	13	1979	493	498	991
25831	13	1987	495	500	995
26039	13	2003	499	504	1003
26143	13	2011	501	506	1007
26351	13	2027	505	510	1015
27079	13	2083	519	524	1043
27287	13	2099	523	528	1051
27703	13	2131	531	536	1067
28327	13	2179	543	548	1091
28639	13	2203	549	554	1103
29159	13	2243	559	564	1123
29263	13	2251	561	566	1127
29471	13	2267	565	570	1135
30407	13	2339	583	588	1171
30511	13	2347	585	590	1175
30823	13	2371	591	596	1187
31343	13	2411	601	606	1207
31967	13	2459	613	618	1231
32071	13	2467	615	620	1235
32903	13	2531	631	636	1267
33007	13	2539	633	638	1271
33527	13	2579	643	648	1291
34567	13	2659	663	668	1331
34879	13	2683	669	674	1343
35087	13	2699	673	678	1351
35191	13	2707	675	680	1355
35503	13	2731	681	686	1367
36439	13	2803	699	704	1403
36647	13	2819	703	708	1411
36959	13	2843	709	714	1423
37063	13	2851	711	716	1427
38207	13	2939	733	738	1471
38519	13	2963	739	744	1483
38623	13	2971	741	746	1487
39143	13	3011	751	756	1507
39247	13	3019	753	758	1511
39871	13	3067	765	770	1535
40079	13	3083	769	774	1543
41119	13	3163	789	794	1583
41431	13	3187	795	800	1595
41639	13	3203	799	804	1603
42263	13	3251	811	816	1627
42367	13	3259	813	818	1631
42887	13	3299	823	828	1651
42991	13	3307	825	830	1655
43199	13	3323	829	834	1663
43303	13	3331	831	836	1667
43511	13	3347	835	840	1675
43823	13	3371	841	846	1687
45071	13	3467	865	870	1735
45383	13	3491	871	876	1747
45487	13	3499	873	878	1751
46007	13	3539	883	888	1771
46111	13	3547	885	890	1775
46423	13	3571	891	896	1787
47359	13	3643	909	914	1823
47567	13	3659	913	918	1831
47983	13	3691	921	926	1847
48607	13	3739	933	938	1871
49127	13	3779	943	948	1891
49439	13	3803	949	954	1903
50063	13	3851	961	966	1927
50791	13	3907	975	980	1955
50999	13	3923	979	984	1963
51103	13	3931	981	986	1967
51311	13	3947	985	990	1975
52039	13	4003	999	1004	2003
52247	13	4019	1003	1008	2011
52351	13	4027	1005	1010	2015
52663	13	4051	1011	1016	2027
53183	13	4091	1021	1026	2047
53287	13	4099	1023	1028	2051
53807	13	4139	1033	1038	2071
54743	13	4211	1051	1056	2107
54847	13	4219	1053	1058	2111
55159	13	4243	1059	1064	2123
55367	13	4259	1063	1068	2131
55679	13	4283	1069	1074	2143
56407	13	4339	1083	1088	2171
56719	13	4363	1089	1094	2183
57863	13	4451	1111	1116	2227
58279	13	4483	1119	1124	2243
58591	13	4507	1125	1130	2255
58799	13	4523	1129	1134	2263
59111	13	4547	1135	1140	2275
59839	13	4603	1149	1154	2303
60359	13	4643	1159	1164	2323
60463	13	4651	1161	1166	2327
60983	13	4691	1171	1176	2347
61399	13	4723	1179	1184	2363
62231	13	4787	1195	1200	2395
64103	13	4931	1231	1236	2467
64831	13	4987	1245	1250	2495
65039	13	5003	1249	1254	2503
65143	13	5011	1251	1256	2507
65663	13	5051	1261	1266	2527
65767	13	5059	1263	1268	2531
66287	13	5099	1273	1278	2551
66391	13	5107	1275	1280	2555
66911	13	5147	1285	1290	2575
67223	13	5171	1291	1296	2587
67327	13	5179	1293	1298	2591
67951	13	5227	1305	1310	2615
69199	13	5323	1329	1334	2663
69511	13	5347	1335	1340	2675
70031	13	5387	1345	1350	2695
70447	13	5419	1353	1358	2711
70759	13	5443	1359	1364	2723
71279	13	5483	1369	1374	2743
71591	13	5507	1375	1380	2755
71903	13	5531	1381	1386	2767
72319	13	5563	1389	1394	2783
73463	13	5651	1411	1416	2827
73567	13	5659	1413	1418	2831
73879	13	5683	1419	1424	2843
75127	13	5779	1443	1448	2891
75751	13	5827	1455	1460	2915
75959	13	5843	1459	1464	2923
76063	13	5851	1461	1466	2927
76271	13	5867	1465	1470	2935
76999	13	5923	1479	1484	2963
77207	13	5939	1483	1488	2971
77831	13	5987	1495	1500	2995
78143	13	6011	1501	1506	3007
78559	13	6043	1509	1514	3023
78871	13	6067	1515	1520	3035
79183	13	6091	1521	1526	3047
79703	13	6131	1531	1536	3067
80119	13	6163	1539	1544	3083
80639	13	6203	1549	1554	3103
80743	13	6211	1551	1556	3107
81887	13	6299	1573	1578	3151
82199	13	6323	1579	1584	3163
82927	13	6379	1593	1598	3191
83551	13	6427	1605	1610	3215
83863	13	6451	1611	1616	3227
84383	13	6491	1621	1626	3247
85111	13	6547	1635	1640	3275
85319	13	6563	1639	1644	3283
85423	13	6571	1641	1646	3287
86047	13	6619	1653	1658	3311
86567	13	6659	1663	1668	3331
86983	13	6691	1671	1676	3347
87919	13	6763	1689	1694	3383
88127	13	6779	1693	1698	3391
88439	13	6803	1699	1704	3403
88751	13	6827	1705	1710	3415
89479	13	6883	1719	1724	3443
89687	13	6899	1723	1728	3451
89791	13	6907	1725	1730	3455
90311	13	6947	1735	1740	3475
90623	13	6971	1741	1746	3487
91247	13	7019	1753	1758	3511
91351	13	7027	1755	1760	3515
91559	13	7043	1759	1764	3523
93431	13	7187	1795	1800	3595
93743	13	7211	1801	1806	3607
93847	13	7219	1803	1808	3611
94159	13	7243	1809	1814	3623
94679	13	7283	1819	1824	3643
94991	13	7307	1825	1830	3655
95303	13	7331	1831	1836	3667
96343	13	7411	1851	1856	3707
96863	13	7451	1861	1866	3727
96967	13	7459	1863	1868	3731
97487	13	7499	1873	1878	3751
97591	13	7507	1875	1880	3755
97799	13	7523	1879	1884	3763
98111	13	7547	1885	1890	3775
98839	13	7603	1899	1904	3803
99359	13	7643	1909	1914	3823
99983	13	7691	1921	1926	3847
100087	13	7699	1923	1928	3851
100399	13	7723	1929	1934	3863
102271	13	7867	1965	1970	3935
102479	13	7883	1969	1974	3943
102791	13	7907	1975	1980	3955
103519	13	7963	1989	1994	3983
104143	13	8011	2001	2006	4007
104767	13	8059	2013	2018	4031
105599	13	8123	2029	2034	4063
105911	13	8147	2035	2040	4075
106223	13	8171	2041	2046	4087
106327	13	8179	2043	2048	4091
106847	13	8219	2053	2058	4111
107159	13	8243	2059	2064	4123
107783	13	8291	2071	2076	4147
108719	13	8363	2089	2094	4183
109031	13	8387	2095	2100	4195
109447	13	8419	2103	2108	4211
109759	13	8443	2109	2114	4223
110071	13	8467	2115	2120	4235
111007	13	8539	2133	2138	4271
111319	13	8563	2139	2144	4283
112151	13	8627	2155	2160	4315
113087	13	8699	2173	2178	4351
113191	13	8707	2175	2180	4355
113503	13	8731	2181	2186	4367
113711	13	8747	2185	2190	4375
114127	13	8779	2193	2198	4391
114439	13	8803	2199	2204	4403
114647	13	8819	2203	2208	4411
115271	13	8867	2215	2220	4435
115999	13	8923	2229	2234	4463
116519	13	8963	2239	2244	4483
116623	13	8971	2241	2246	4487
117143	13	9011	2251	2256	4507
117559	13	9043	2259	2264	4523
117767	13	9059	2263	2268	4531
117871	13	9067	2265	2270	4535
118183	13	9091	2271	2276	4547
119431	13	9187	2295	2300	4595
119639	13	9203	2299	2304	4603
119951	13	9227	2305	2310	4615
120679	13	9283	2319	2324	4643
121199	13	9323	2329	2334	4663
121823	13	9371	2341	2346	4687
122239	13	9403	2349	2354	4703
122447	13	9419	2353	2358	4711
123071	13	9467	2365	2370	4735
123383	13	9491	2371	2376	4747
124007	13	9539	2383	2388	4771
124111	13	9547	2385	2390	4775
124631	13	9587	2395	2400	4795
125047	13	9619	2403	2408	4811
125359	13	9643	2409	2414	4823
126607	13	9739	2433	2438	4871
127231	13	9787	2445	2450	4895
127439	13	9803	2449	2454	4903
127543	13	9811	2451	2456	4907
128063	13	9851	2461	2466	4927
128167	13	9859	2463	2468	4931
128479	13	9883	2469	2474	4943
128791	13	9907	2475	2480	4955
128999	13	9923	2479	2484	4963
129103	13	9931	2481	2486	4967
130871	13	10067	2515	2520	5035
131183	13	10091	2521	2526	5047
131287	13	10099	2523	2528	5051
131807	13	10139	2533	2538	5071
132119	13	10163	2539	2544	5083
132743	13	10211	2551	2556	5107
133159	13	10243	2559	2564	5123
133367	13	10259	2563	2568	5131
133471	13	10267	2565	2570	5135
134303	13	10331	2581	2586	5167
135551	13	10427	2605	2610	5215
135967	13	10459	2613	2618	5231
136487	13	10499	2623	2628	5251
136903	13	10531	2631	2636	5267
138151	13	10627	2655	2660	5315
138463	13	10651	2661	2666	5327
138671	13	10667	2665	2670	5335
138983	13	10691	2671	2676	5347
139399	13	10723	2679	2684	5363
139607	13	10739	2683	2688	5371
140023	13	10771	2691	2696	5387
141167	13	10859	2713	2718	5431
141271	13	10867	2715	2720	5435
141479	13	10883	2719	2724	5443
141583	13	10891	2721	2726	5447
142207	13	10939	2733	2738	5471
142727	13	10979	2743	2748	5491
142831	13	10987	2745	2750	5495
143039	13	11003	2749	2754	5503
143351	13	11027	2755	2760	5515
143767	13	11059	2763	2768	5531
144079	13	11083	2769	2774	5543
144703	13	11131	2781	2786	5567
145223	13	11171	2791	2796	5587
146159	13	11243	2809	2814	5623
146263	13	11251	2811	2816	5627
146887	13	11299	2823	2828	5651
148343	13	11411	2851	2856	5707
148759	13	11443	2859	2864	5723
149071	13	11467	2865	2870	5735
149279	13	11483	2869	2874	5743
149383	13	11491	2871	2876	5747
150527	13	11579	2893	2898	5791
150631	13	11587	2895	2900	5795
152087	13	11699	2923	2928	5851
152503	13	11731	2931	2936	5867
153127	13	11779	2943	2948	5891
153751	13	11827	2955	2960	5915
154271	13	11867	2965	2970	5935
154999	13	11923	2979	2984	5963
155207	13	11939	2983	2988	5971
155623	13	11971	2991	2996	5987
155831	13	11987	2995	3000	5995
156143	13	12011	3001	3006	6007
156559	13	12043	3009	3014	6023
157391	13	12107	3025	3030	6055
158119	13	12163	3039	3044	6083
158639	13	12203	3049	3054	6103
158743	13	12211	3051	3056	6107
158951	13	12227	3055	3060	6115
159263	13	12251	3061	3066	6127
160199	13	12323	3079	3084	6163
160511	13	12347	3085	3090	6175
160927	13	12379	3093	3098	6191
161863	13	12451	3111	3116	6227
162383	13	12491	3121	3126	6247
163007	13	12539	3133	3138	6271
163111	13	12547	3135	3140	6275
163943	13	12611	3151	3156	6307
164047	13	12619	3153	3158	6311
164567	13	12659	3163	3168	6331
165607	13	12739	3183	3188	6371
165919	13	12763	3189	3194	6383
167687	13	12899	3223	3228	6451
167791	13	12907	3225	3230	6455
167999	13	12923	3229	3234	6463
168727	13	12979	3243	3248	6491
169039	13	13003	3249	3254	6503
169559	13	13043	3259	3264	6523
170287	13	13099	3273	3278	6551
170911	13	13147	3285	3290	6575
171119	13	13163	3289	3294	6583
171223	13	13171	3291	3296	6587
171431	13	13187	3295	3300	6595
171847	13	13219	3303	3308	6611
172367	13	13259	3313	3318	6631
172471	13	13267	3315	3320	6635
172783	13	13291	3321	3326	6647
173303	13	13331	3331	3336	6667
173407	13	13339	3333	3338	6671
174343	13	13411	3351	3356	6707
174863	13	13451	3361	3366	6727
175487	13	13499	3373	3378	6751
175799	13	13523	3379	3384	6763
177047	13	13619	3403	3408	6811
177151	13	13627	3405	3410	6815
177983	13	13691	3421	3426	6847
178399	13	13723	3429	3434	6863
178919	13	13763	3439	3444	6883
180167	13	13859	3463	3468	6931
180479	13	13883	3469	3474	6943
180791	13	13907	3475	3480	6955
181103	13	13931	3481	3486	6967
181519	13	13963	3489	3494	6983
182143	13	14011	3501	3506	7007
182663	13	14051	3511	3516	7027
183079	13	14083	3519	3524	7043
183391	13	14107	3525	3530	7055
185159	13	14243	3559	3564	7123
185263	13	14251	3561	3566	7127
186199	13	14323	3579	3584	7163
186511	13	14347	3585	3590	7175
187031	13	14387	3595	3600	7195
187343	13	14411	3601	3606	7207
187447	13	14419	3603	3608	7211
189319	13	14563	3639	3644	7283
190151	13	14627	3655	3660	7315
190879	13	14683	3669	3674	7343
191087	13	14699	3673	3678	7351
191399	13	14723	3679	3684	7363
191503	13	14731	3681	3686	7367
191711	13	14747	3685	3690	7375
192023	13	14771	3691	3696	7387
192127	13	14779	3693	3698	7391
192751	13	14827	3705	3710	7415
192959	13	14843	3709	3714	7423
193063	13	14851	3711	3716	7427
193271	13	14867	3715	3720	7435
193583	13	14891	3721	3726	7447
193999	13	14923	3729	3734	7463
194207	13	14939	3733	3738	7471
194311	13	14947	3735	3740	7475
196079	13	15083	3769	3774	7543
196183	13	15091	3771	3776	7547
196391	13	15107	3775	3780	7555
196703	13	15131	3781	3786	7567
196807	13	15139	3783	3788	7571
197431	13	15187	3795	3800	7595
197951	13	15227	3805	3810	7615
198367	13	15259	3813	3818	7631
198887	13	15299	3823	3828	7651
198991	13	15307	3825	3830	7655
199303	13	15331	3831	3836	7667
200551	13	15427	3855	3860	7715
200759	13	15443	3859	3864	7723
200863	13	15451	3861	3866	7727
201071	13	15467	3865	3870	7735
203047	13	15619	3903	3908	7811
203359	13	15643	3909	3914	7823
203671	13	15667	3915	3920	7835
203879	13	15683	3919	3924	7843
204503	13	15731	3931	3936	7867
204607	13	15739	3933	3938	7871
205231	13	15787	3945	3950	7895
205439	13	15803	3949	3954	7903
206167	13	15859	3963	3968	7931
206791	13	15907	3975	3980	7955
206999	13	15923	3979	3984	7963
207623	13	15971	3991	3996	7987
208871	13	16067	4015	4020	8035
209183	13	16091	4021	4026	8047
209807	13	16139	4033	4038	8071
210431	13	16187	4045	4050	8095
211471	13	16267	4065	4070	8135
212407	13	16339	4083	4088	8171
212719	13	16363	4089	4094	8183
213343	13	16411	4101	4106	8207
213551	13	16427	4105	4110	8215
213863	13	16451	4111	4116	8227
215111	13	16547	4135	4140	8275
215839	13	16603	4149	4154	8303
216047	13	16619	4153	4158	8311
216463	13	16651	4161	4166	8327
216983	13	16691	4171	4176	8347
217087	13	16699	4173	4178	8351
217711	13	16747	4185	4190	8375
217919	13	16763	4189	4194	8383
218231	13	16787	4195	4200	8395
218543	13	16811	4201	4206	8407
218959	13	16843	4209	4214	8423
219479	13	16883	4219	4224	8443
220103	13	16931	4231	4236	8467
220519	13	16963	4239	4244	8483
220727	13	16979	4243	4248	8491
220831	13	16987	4245	4250	8495
221143	13	17011	4251	4256	8507
221351	13	17027	4255	4260	8515
222287	13	17099	4273	4278	8551
222391	13	17107	4275	4280	8555
222599	13	17123	4279	4284	8563
223639	13	17203	4299	4304	8603
224783	13	17291	4321	4326	8647
224887	13	17299	4323	4328	8651
226031	13	17387	4345	4350	8695
226447	13	17419	4353	4358	8711
226759	13	17443	4359	4364	8723
227071	13	17467	4365	4370	8735
227279	13	17483	4369	4374	8743
227383	13	17491	4371	4376	8747
228007	13	17539	4383	4388	8771
228527	13	17579	4393	4398	8791
229151	13	17627	4405	4410	8815
229567	13	17659	4413	4418	8831
229879	13	17683	4419	4424	8843
230191	13	17707	4425	4430	8855
230711	13	17747	4435	4440	8875
231751	13	17827	4455	4460	8915
232063	13	17851	4461	4466	8927
232583	13	17891	4471	4476	8947
232999	13	17923	4479	4484	8963
233207	13	17939	4483	4488	8971
233623	13	17971	4491	4496	8987
233831	13	17987	4495	4500	8995
234559	13	18043	4509	4514	9023
234767	13	18059	4513	4518	9031
235703	13	18131	4531	4536	9067
236743	13	18211	4551	4556	9107
237263	13	18251	4561	4566	9127
237991	13	18307	4575	4580	9155
238823	13	18371	4591	4596	9187
238927	13	18379	4593	4598	9191
239551	13	18427	4605	4610	9215
239759	13	18443	4609	4614	9223
239863	13	18451	4611	4616	9227
240799	13	18523	4629	4634	9263
241007	13	18539	4633	4638	9271
241631	13	18587	4645	4650	9295
242983	13	18691	4671	4676	9347
243503	13	18731	4681	4686	9367
244231	13	18787	4695	4700	9395
244439	13	18803	4699	4704	9403
245167	13	18859	4713	4718	9431
245687	13	18899	4723	4728	9451
246311	13	18947	4735	4740	9475
246727	13	18979	4743	4748	9491
247663	13	19051	4761	4766	9527
248807	13	19139	4783	4788	9571
249119	13	19163	4789	4794	9583
249743	13	19211	4801	4806	9607
249847	13	19219	4803	4808	9611
250367	13	19259	4813	4818	9631
250471	13	19267	4815	4820	9635
251927	13	19379	4843	4848	9691
252031	13	19387	4845	4850	9695
252239	13	19403	4849	4854	9703
252551	13	19427	4855	4860	9715
253279	13	19483	4869	4874	9743
253591	13	19507	4875	4880	9755
253903	13	19531	4881	4886	9767
254423	13	19571	4891	4896	9787
254839	13	19603	4899	4904	9803
256087	13	19699	4923	4928	9851
256607	13	19739	4933	4938	9871
256919	13	19763	4939	4944	9883
257647	13	19819	4953	4958	9911
257959	13	19843	4959	4964	9923
258271	13	19867	4965	4970	9935
258583	13	19891	4971	4976	9947
259519	13	19963	4989	4994	9983
259727	13	19979	4993	4998	9991
260143	13	20011	5001	5006	10007
260663	13	20051	5011	5016	10027
261391	13	20107	5025	5030	10055
261599	13	20123	5029	5034	10063
261911	13	20147	5035	5040	10075
262847	13	20219	5053	5058	10111
264199	13	20323	5079	5084	10163
264511	13	20347	5085	5090	10175
265343	13	20411	5101	5106	10207
265759	13	20443	5109	5114	10223
266279	13	20483	5119	5124	10243
266591	13	20507	5125	5130	10255
267319	13	20563	5139	5144	10283
267943	13	20611	5151	5156	10307
268151	13	20627	5155	5160	10315
269191	13	20707	5175	5180	10355
269503	13	20731	5181	5186	10367
269711	13	20747	5185	5190	10375
270023	13	20771	5191	5196	10387
271687	13	20899	5223	5228	10451
272207	13	20939	5233	5238	10471
272311	13	20947	5235	5240	10475
272519	13	20963	5239	5244	10483
273143	13	21011	5251	5256	10507
273247	13	21019	5253	5258	10511
273767	13	21059	5263	5268	10531
273871	13	21067	5265	5270	10535
274391	13	21107	5275	5280	10555
274807	13	21139	5283	5288	10571
275119	13	21163	5289	5294	10583
275327	13	21179	5293	5298	10591
275431	13	21187	5295	5300	10595
275743	13	21211	5301	5306	10607
275951	13	21227	5305	5310	10615
276679	13	21283	5319	5324	10643
277199	13	21323	5329	5334	10663
277511	13	21347	5335	5340	10675
277927	13	21379	5343	5348	10691
278447	13	21419	5353	5358	10711
279071	13	21467	5365	5370	10735
279383	13	21491	5371	5376	10747
279487	13	21499	5373	5378	10751
279799	13	21523	5379	5384	10763
280319	13	21563	5389	5394	10783
280631	13	21587	5395	5400	10795
280943	13	21611	5401	5406	10807
281879	13	21683	5419	5424	10843
282607	13	21739	5433	5438	10871
283231	13	21787	5445	5450	10895
283439	13	21803	5449	5454	10903
284063	13	21851	5461	5466	10927
284167	13	21859	5463	5468	10931
286039	13	22003	5499	5504	11003
286351	13	22027	5505	5510	11015
286663	13	22051	5511	5516	11027
286871	13	22067	5515	5520	11035
287183	13	22091	5521	5526	11047
287599	13	22123	5529	5534	11063
287911	13	22147	5535	5540	11075
288223	13	22171	5541	5546	11087
289367	13	22259	5563	5568	11131
289679	13	22283	5569	5574	11143
289783	13	22291	5571	5576	11147
289991	13	22307	5575	5580	11155
292279	13	22483	5619	5624	11243
292903	13	22531	5631	5636	11267
293423	13	22571	5641	5646	11287
294047	13	22619	5653	5658	11311
294359	13	22643	5659	5664	11323
294463	13	22651	5661	5666	11327
294983	13	22691	5671	5676	11347
295087	13	22699	5673	5678	11351
295607	13	22739	5683	5688	11371
296231	13	22787	5695	5700	11395
296543	13	22811	5701	5706	11407
297167	13	22859	5713	5718	11431
297791	13	22907	5725	5730	11455
298519	13	22963	5739	5744	11483
299039	13	23003	5749	5754	11503
299143	13	23011	5751	5756	11507
299351	13	23027	5755	5760	11515
299767	13	23059	5763	5768	11531
300287	13	23099	5773	5778	11551
300703	13	23131	5781	5786	11567
301639	13	23203	5799	5804	11603
301951	13	23227	5805	5810	11615
302263	13	23251	5811	5816	11627
302783	13	23291	5821	5826	11647
303407	13	23339	5833	5838	11671
303823	13	23371	5841	5846	11687
304967	13	23459	5863	5868	11731
305903	13	23531	5881	5886	11767
306007	13	23539	5883	5888	11771
306319	13	23563	5889	5894	11783
306839	13	23603	5899	5904	11803
307151	13	23627	5905	5910	11815
308711	13	23747	5935	5940	11875
309647	13	23819	5953	5958	11911
309751	13	23827	5955	5960	11915
310687	13	23899	5973	5978	11951
311623	13	23971	5991	5996	11987
312247	13	24019	6003	6008	12011
312559	13	24043	6009	6014	12023
313079	13	24083	6019	6024	12043
313183	13	24091	6021	6026	12047
313391	13	24107	6025	6030	12055
314327	13	24179	6043	6048	12091
314639	13	24203	6049	6054	12103
315263	13	24251	6061	6066	12127
316823	13	24371	6091	6096	12187
316927	13	24379	6093	6098	12191
317447	13	24419	6103	6108	12211
317759	13	24443	6109	6114	12223
318487	13	24499	6123	6128	12251
319111	13	24547	6135	6140	12275
319423	13	24571	6141	6146	12287
319943	13	24611	6151	6156	12307
320567	13	24659	6163	6168	12331
320879	13	24683	6169	6174	12343
320983	13	24691	6171	6176	12347
321919	13	24763	6189	6194	12383
323063	13	24851	6211	6216	12427
323167	13	24859	6213	6218	12431
323791	13	24907	6225	6230	12455
323999	13	24923	6229	6234	12463
324623	13	24971	6241	6246	12487
324727	13	24979	6243	6248	12491
326911	13	25147	6285	6290	12575
327119	13	25163	6289	6294	12583
327223	13	25171	6291	6296	12587
327847	13	25219	6303	6308	12611
328159	13	25243	6309	6314	12623
328991	13	25307	6325	6330	12655
329407	13	25339	6333	6338	12671
330343	13	25411	6351	6356	12707
331799	13	25523	6379	6384	12763
332527	13	25579	6393	6398	12791
332839	13	25603	6399	6404	12803
333359	13	25643	6409	6414	12823
333671	13	25667	6415	6420	12835
334711	13	25747	6435	6440	12875
334919	13	25763	6439	6444	12883
335023	13	25771	6441	6446	12887
335647	13	25819	6453	6458	12911
336271	13	25867	6465	6470	12935
337103	13	25931	6481	6486	12967
337207	13	25939	6483	6488	12971
338039	13	26003	6499	6504	13003
339079	13	26083	6519	6524	13043
339287	13	26099	6523	6528	13051
339391	13	26107	6525	6530	13055
340223	13	26171	6541	6546	13087
340639	13	26203	6549	6554	13103
340951	13	26227	6555	6560	13115
341263	13	26251	6561	6566	13127
341471	13	26267	6565	6570	13135
342407	13	26339	6583	6588	13171
342511	13	26347	6585	6590	13175
342823	13	26371	6591	6596	13187
343031	13	26387	6595	6600	13195
343967	13	26459	6613	6618	13231
345007	13	26539	6633	6638	13271
346151	13	26627	6655	6660	13315
346879	13	26683	6669	6674	13343
347087	13	26699	6673	6678	13351
347399	13	26723	6679	6684	13363
347503	13	26731	6681	6686	13367
349583	13	26891	6721	6726	13447
350311	13	26947	6735	6740	13475
350831	13	26987	6745	6750	13495
351143	13	27011	6751	6756	13507
351559	13	27043	6759	6764	13523
351767	13	27059	6763	6768	13531
351871	13	27067	6765	6770	13535
352183	13	27091	6771	6776	13547
352391	13	27107	6775	6780	13555
353327	13	27179	6793	6798	13591
353743	13	27211	6801	6806	13607
354367	13	27259	6813	6818	13631
354679	13	27283	6819	6824	13643
354887	13	27299	6823	6828	13651
356551	13	27427	6855	6860	13715
358007	13	27539	6883	6888	13771
358943	13	27611	6901	6906	13807
359983	13	27691	6921	6926	13847
360607	13	27739	6933	6938	13871
360919	13	27763	6939	6944	13883
361127	13	27779	6943	6948	13891
361439	13	27803	6949	6954	13903
361751	13	27827	6955	6960	13915
362063	13	27851	6961	6966	13927
362479	13	27883	6969	6974	13943
363311	13	27947	6985	6990	13975
364247	13	28019	7003	7008	14011
364351	13	28027	7005	7010	14015
364663	13	28051	7011	7016	14027
365287	13	28099	7023	7028	14051
365599	13	28123	7029	7034	14063
366119	13	28163	7039	7044	14083
366743	13	28211	7051	7056	14107
366847	13	28219	7053	7058	14111
367679	13	28283	7069	7074	14143
367991	13	28307	7075	7080	14155
369031	13	28387	7095	7100	14195
369239	13	28403	7099	7104	14203
369343	13	28411	7101	7106	14207
370487	13	28499	7123	7128	14251
371111	13	28547	7135	7140	14275
371423	13	28571	7141	7146	14287
371527	13	28579	7143	7148	14291
371839	13	28603	7149	7154	14303
372047	13	28619	7153	7158	14311
372151	13	28627	7155	7160	14315
372359	13	28643	7159	7164	14323
373399	13	28723	7179	7184	14363
374023	13	28771	7191	7196	14387
374959	13	28843	7209	7214	14423
375167	13	28859	7213	7218	14431
375271	13	28867	7215	7220	14435
376727	13	28979	7243	7248	14491
377351	13	29027	7255	7260	14515
377767	13	29059	7263	7268	14531
378599	13	29123	7279	7284	14563
378703	13	29131	7281	7286	14567
378911	13	29147	7285	7290	14575
379327	13	29179	7293	7298	14591
380159	13	29243	7309	7314	14623
380263	13	29251	7311	7316	14627
381407	13	29339	7333	7338	14671
381511	13	29347	7335	7340	14675
381719	13	29363	7339	7344	14683
382031	13	29387	7345	7350	14695
382343	13	29411	7351	7356	14707
382759	13	29443	7359	7364	14723
383279	13	29483	7369	7374	14743
383903	13	29531	7381	7386	14767
384631	13	29587	7395	7400	14795
384943	13	29611	7401	7406	14807
385879	13	29683	7419	7424	14843
386399	13	29723	7429	7434	14863
387439	13	29803	7449	7454	14903
387647	13	29819	7453	7458	14911
388063	13	29851	7461	7466	14927
388271	13	29867	7465	7470	14935
389311	13	29947	7485	7490	14975
390143	13	30011	7501	7506	15007
390767	13	30059	7513	7518	15031
391183	13	30091	7521	7526	15047
391807	13	30139	7533	7538	15071
392431	13	30187	7545	7550	15095
392639	13	30203	7549	7554	15103
392743	13	30211	7551	7556	15107
393367	13	30259	7563	7568	15131
393991	13	30307	7575	7580	15155
394199	13	30323	7579	7584	15163
394511	13	30347	7585	7590	15175
395239	13	30403	7599	7604	15203
395551	13	30427	7605	7610	15215
396071	13	30467	7615	7620	15235
396383	13	30491	7621	7626	15247
397007	13	30539	7633	7638	15271
398359	13	30643	7659	7664	15323
399191	13	30707	7675	7680	15355
399919	13	30763	7689	7694	15383
400439	13	30803	7699	7704	15403
401063	13	30851	7711	7716	15427
401167	13	30859	7713	7718	15431
402103	13	30931	7731	7736	15467
402623	13	30971	7741	7746	15487
403247	13	31019	7753	7758	15511
403663	13	31051	7761	7766	15527
404183	13	31091	7771	7776	15547
404599	13	31123	7779	7784	15563
404807	13	31139	7783	7788	15571
404911	13	31147	7785	7790	15575
405847	13	31219	7803	7808	15611
406367	13	31259	7813	7818	15631
406471	13	31267	7815	7820	15635
406991	13	31307	7825	7830	15655
407927	13	31379	7843	7848	15691
408031	13	31387	7845	7850	15695
409903	13	31531	7881	7886	15767
410111	13	31547	7885	7890	15775
411151	13	31627	7905	7910	15815
411359	13	31643	7909	7914	15823
411671	13	31667	7915	7920	15835
412087	13	31699	7923	7928	15851
412399	13	31723	7929	7934	15863
413023	13	31771	7941	7946	15887
414167	13	31859	7963	7968	15931
414479	13	31883	7969	7974	15943
414583	13	31891	7971	7976	15947
414791	13	31907	7975	7980	15955
415519	13	31963	7989	7994	15983
416039	13	32003	7999	8004	16003
416351	13	32027	8005	8010	16015
416663	13	32051	8011	8016	16027
416767	13	32059	8013	8018	16031
417079	13	32083	8019	8024	16043
417287	13	32099	8023	8028	16051
418639	13	32203	8049	8054	16103
419263	13	32251	8061	8066	16127
419887	13	32299	8073	8078	16151
420199	13	32323	8079	8084	16163
420719	13	32363	8089	8094	16183
420823	13	32371	8091	8096	16187
421343	13	32411	8101	8106	16207
421759	13	32443	8109	8114	16223
422071	13	32467	8115	8120	16235
422383	13	32491	8121	8126	16247
422591	13	32507	8125	8130	16255
422903	13	32531	8131	8136	16267
423319	13	32563	8139	8144	16283
423527	13	32579	8143	8148	16291
423631	13	32587	8145	8150	16295
423839	13	32603	8149	8154	16303
423943	13	32611	8151	8156	16307
425191	13	32707	8175	8180	16355
426023	13	32771	8191	8196	16387
426127	13	32779	8193	8198	16391
426439	13	32803	8199	8204	16403
426959	13	32843	8209	8214	16423
428207	13	32939	8233	8238	16471
428623	13	32971	8241	8246	16487
428831	13	32987	8245	8250	16495
430079	13	33083	8269	8274	16543
430183	13	33091	8271	8276	16547
430391	13	33107	8275	8280	16555
431327	13	33179	8293	8298	16591
431639	13	33203	8299	8304	16603
431743	13	33211	8301	8306	16607
433303	13	33331	8331	8336	16667
433511	13	33347	8335	8340	16675
434239	13	33403	8349	8354	16703
434551	13	33427	8355	8360	16715
436111	13	33547	8385	8390	16775
436319	13	33563	8389	8394	16783
436631	13	33587	8395	8400	16795
437047	13	33619	8403	8408	16811
438607	13	33739	8433	8438	16871
439543	13	33811	8451	8456	16907
439751	13	33827	8455	8460	16915
440063	13	33851	8461	8466	16927
440999	13	33923	8479	8484	16963
441103	13	33931	8481	8486	16967
442247	13	34019	8503	8508	17011
443599	13	34123	8529	8534	17063
443911	13	34147	8535	8540	17075
444223	13	34171	8541	8546	17087
444743	13	34211	8551	8556	17107
445367	13	34259	8563	8568	17131
445471	13	34267	8565	8570	17135
445679	13	34283	8569	8574	17143
447239	13	34403	8599	8604	17203
448279	13	34483	8619	8624	17243
448487	13	34499	8623	8628	17251
449839	13	34603	8649	8654	17303
450463	13	34651	8661	8666	17327
450671	13	34667	8665	8670	17335
451607	13	34739	8683	8688	17371
451711	13	34747	8685	8690	17375
451919	13	34763	8689	8694	17383
452647	13	34819	8703	8708	17411
452959	13	34843	8709	8714	17423
453479	13	34883	8719	8724	17443
454207	13	34939	8733	8738	17471
454519	13	34963	8739	8744	17483
455351	13	35027	8755	8760	17515
455663	13	35051	8761	8766	17527
455767	13	35059	8763	8768	17531
456079	13	35083	8769	8774	17543
456287	13	35099	8773	8778	17551
456391	13	35107	8775	8780	17555
457223	13	35171	8791	8796	17587
457951	13	35227	8805	8810	17615
458263	13	35251	8811	8816	17627
458471	13	35267	8815	8820	17635
458783	13	35291	8821	8826	17647
459199	13	35323	8829	8834	17663
459407	13	35339	8833	8838	17671
459719	13	35363	8839	8844	17683
460447	13	35419	8853	8858	17711
461383	13	35491	8871	8876	17747
461591	13	35507	8875	8880	17755
461903	13	35531	8881	8886	17767
462839	13	35603	8899	8904	17803
464503	13	35731	8931	8936	17867
464711	13	35747	8935	8940	17875
465023	13	35771	8941	8946	17887
465439	13	35803	8949	8954	17903
466063	13	35851	8961	8966	17927
466687	13	35899	8973	8978	17951
466999	13	35923	8979	8984	17963
467519	13	35963	8989	8994	17983
468143	13	36011	9001	9006	18007
468871	13	36067	9015	9020	18035
469079	13	36083	9019	9024	18043
469391	13	36107	9025	9030	18055
469703	13	36131	9031	9036	18067
470431	13	36187	9045	9050	18095
471263	13	36251	9061	9066	18127
471887	13	36299	9073	9078	18151
471991	13	36307	9075	9080	18155
473863	13	36451	9111	9116	18227
474071	13	36467	9115	9120	18235
474799	13	36523	9129	9134	18263
475319	13	36563	9139	9144	18283
475423	13	36571	9141	9146	18287
475631	13	36587	9145	9150	18295
476359	13	36643	9159	9164	18323
476879	13	36683	9169	9174	18343
476983	13	36691	9171	9176	18347
477607	13	36739	9183	9188	18371
478127	13	36779	9193	9198	18391
478231	13	36787	9195	9200	18395
479687	13	36899	9223	9228	18451
479999	13	36923	9229	9234	18463
480103	13	36931	9231	9236	18467
480311	13	36947	9235	9240	18475
480727	13	36979	9243	9248	18491
481039	13	37003	9249	9254	18503
481247	13	37019	9253	9258	18511
482599	13	37123	9279	9284	18563
482807	13	37139	9283	9288	18571
483223	13	37171	9291	9296	18587
484159	13	37243	9309	9314	18623
484991	13	37307	9325	9330	18655
485407	13	37339	9333	9338	18671
485719	13	37363	9339	9344	18683
485927	13	37379	9343	9348	18691
487279	13	37483	9369	9374	18743
487591	13	37507	9375	9380	18755
488111	13	37547	9385	9390	18775
488423	13	37571	9391	9396	18787
488527	13	37579	9393	9398	18791
489047	13	37619	9403	9408	18811
489359	13	37643	9409	9414	18823
489983	13	37691	9421	9426	18847
490087	13	37699	9423	9428	18851
490711	13	37747	9435	9440	18875
491543	13	37811	9451	9456	18907
492791	13	37907	9475	9480	18955
493519	13	37963	9489	9494	18983
493831	13	37987	9495	9500	18995
494143	13	38011	9501	9506	19007
495079	13	38083	9519	9524	19043
496847	13	38219	9553	9558	19111
497887	13	38299	9573	9578	19151
498823	13	38371	9591	9596	19187
499967	13	38459	9613	9618	19231
391	17	23	3	10	13
527	17	31	5	12	17
799	17	47	9	16	25
1207	17	71	15	22	37
1343	17	79	17	24	41
1751	17	103	23	30	53
2159	17	127	29	36	65
2567	17	151	35	42	77
2839	17	167	39	46	85
3247	17	191	45	52	97
3383	17	199	47	54	101
3791	17	223	53	60	113
4063	17	239	57	64	121
4471	17	263	63	70	133
4607	17	271	65	72	137
5287	17	311	75	82	157
6103	17	359	87	94	181
6239	17	367	89	96	185
6511	17	383	93	100	193
7327	17	431	105	112	217
7463	17	439	107	114	221
7871	17	463	113	120	233
8143	17	479	117	124	241
8279	17	487	119	126	245
8551	17	503	123	130	253
10183	17	599	147	154	301
10319	17	607	149	156	305
10727	17	631	155	162	317
10999	17	647	159	166	325
12223	17	719	177	184	361
12359	17	727	179	186	365
12631	17	743	183	190	373
12767	17	751	185	192	377
13991	17	823	203	210	413
14263	17	839	207	214	421
14671	17	863	213	220	433
15079	17	887	219	226	445
15487	17	911	225	232	457
15623	17	919	227	234	461
16439	17	967	239	246	485
16711	17	983	243	250	493
16847	17	991	245	252	497
17527	17	1031	255	262	517
17663	17	1039	257	264	521
18071	17	1063	263	270	533
18479	17	1087	269	276	545
18751	17	1103	273	280	553
19567	17	1151	285	292	577
20791	17	1223	303	310	613
20927	17	1231	305	312	617
21743	17	1279	317	324	641
22151	17	1303	323	330	653
22423	17	1319	327	334	661
22559	17	1327	329	336	665
23239	17	1367	339	346	685
23783	17	1399	347	354	701
24191	17	1423	353	360	713
24463	17	1439	357	364	721
24599	17	1447	359	366	725
25007	17	1471	365	372	737
25279	17	1487	369	376	745
25687	17	1511	375	382	757
26231	17	1543	383	390	773
26503	17	1559	387	394	781
26639	17	1567	389	396	785
26911	17	1583	393	400	793
27319	17	1607	399	406	805
28271	17	1663	413	420	833
29903	17	1759	437	444	881
30311	17	1783	443	450	893
30991	17	1823	453	460	913
31127	17	1831	455	462	917
31399	17	1847	459	466	925
31807	17	1871	465	472	937
31943	17	1879	467	474	941
33167	17	1951	485	492	977
33983	17	1999	497	504	1001
34663	17	2039	507	514	1021
35071	17	2063	513	520	1033
35479	17	2087	519	526	1045
35887	17	2111	525	532	1057
36431	17	2143	533	540	1073
37519	17	2207	549	556	1105
38063	17	2239	557	564	1121
38879	17	2287	569	576	1145
39287	17	2311	575	582	1157
39967	17	2351	585	592	1177
40511	17	2383	593	600	1193
40783	17	2399	597	604	1201
41191	17	2423	603	610	1213
41599	17	2447	609	616	1225
42551	17	2503	623	630	1253
43231	17	2543	633	640	1273
43367	17	2551	635	642	1277
44047	17	2591	645	652	1297
44999	17	2647	659	666	1325
45271	17	2663	663	670	1333
45407	17	2671	665	672	1337
45679	17	2687	669	676	1345
46087	17	2711	675	682	1357
46223	17	2719	677	684	1361
47039	17	2767	689	696	1385
47447	17	2791	695	702	1397
48943	17	2879	717	724	1441
49079	17	2887	719	726	1445
49351	17	2903	723	730	1453
49759	17	2927	729	736	1465
50983	17	2999	747	754	1501
51391	17	3023	753	760	1513
52343	17	3079	767	774	1541
53023	17	3119	777	784	1561
53839	17	3167	789	796	1585
54247	17	3191	795	802	1597
55607	17	3271	815	822	1637
56423	17	3319	827	834	1661
56831	17	3343	833	840	1673
57103	17	3359	837	844	1681
57647	17	3391	845	852	1697
57919	17	3407	849	856	1705
58871	17	3463	863	870	1733
59687	17	3511	875	882	1757
59959	17	3527	879	886	1765
60503	17	3559	887	894	1781
60911	17	3583	893	900	1793
61319	17	3607	899	906	1805
61591	17	3623	903	910	1813
61727	17	3631	905	912	1817
62407	17	3671	915	922	1837
63223	17	3719	927	934	1861
63359	17	3727	929	936	1865
64039	17	3767	939	946	1885
64991	17	3823	953	960	1913
65399	17	3847	959	966	1925
65671	17	3863	963	970	1933
66487	17	3911	975	982	1957
66623	17	3919	977	984	1961
67031	17	3943	983	990	1973
67439	17	3967	989	996	1985
68119	17	4007	999	1006	2005
69343	17	4079	1017	1024	2041
69887	17	4111	1025	1032	2057
70159	17	4127	1029	1036	2065
70703	17	4159	1037	1044	2081
71927	17	4231	1055	1062	2117
72607	17	4271	1065	1072	2137
73559	17	4327	1079	1086	2165
74647	17	4391	1095	1102	2197
75191	17	4423	1103	1110	2213
75599	17	4447	1109	1116	2225
75871	17	4463	1113	1120	2233
76823	17	4519	1127	1134	2261
77639	17	4567	1139	1146	2285
77911	17	4583	1143	1150	2293
78047	17	4591	1145	1152	2297
78863	17	4639	1157	1164	2321
79271	17	4663	1163	1170	2333
79543	17	4679	1167	1174	2341
79951	17	4703	1173	1180	2353
80767	17	4751	1185	1192	2377
80903	17	4759	1187	1194	2381
81311	17	4783	1193	1200	2393
81583	17	4799	1197	1204	2401
82127	17	4831	1205	1212	2417
82807	17	4871	1215	1222	2437
83351	17	4903	1223	1230	2453
83623	17	4919	1227	1234	2461
84031	17	4943	1233	1240	2473
84167	17	4951	1235	1242	2477
84439	17	4967	1239	1246	2485
84983	17	4999	1247	1254	2501
85391	17	5023	1253	1260	2513
85663	17	5039	1257	1264	2521
86479	17	5087	1269	1276	2545
87023	17	5119	1277	1284	2561
87839	17	5167	1289	1296	2585
88927	17	5231	1305	1312	2617
89743	17	5279	1317	1324	2641
90151	17	5303	1323	1330	2653
90967	17	5351	1335	1342	2677
91783	17	5399	1347	1354	2701
91919	17	5407	1349	1356	2705
92327	17	5431	1355	1362	2717
93007	17	5471	1365	1372	2737
93143	17	5479	1367	1374	2741
93551	17	5503	1373	1380	2753
93823	17	5519	1377	1384	2761
93959	17	5527	1379	1386	2765
95047	17	5591	1395	1402	2797
95591	17	5623	1403	1410	2813
95863	17	5639	1407	1414	2821
95999	17	5647	1409	1416	2825
97087	17	5711	1425	1432	2857
97631	17	5743	1433	1440	2873
98311	17	5783	1443	1450	2893
98447	17	5791	1445	1452	2897
98719	17	5807	1449	1456	2905
99263	17	5839	1457	1464	2921
99943	17	5879	1467	1474	2941
100351	17	5903	1473	1480	2953
100759	17	5927	1479	1486	2965
102119	17	6007	1499	1506	3005
102799	17	6047	1509	1516	3025
103343	17	6079	1517	1524	3041
104431	17	6143	1533	1540	3073
104567	17	6151	1535	1542	3077
105383	17	6199	1547	1554	3101
106199	17	6247	1559	1566	3125
106471	17	6263	1563	1570	3133
106607	17	6271	1565	1572	3137
106879	17	6287	1569	1576	3145
107287	17	6311	1575	1582	3157
107831	17	6343	1583	1590	3173
108103	17	6359	1587	1594	3181
108239	17	6367	1589	1596	3185
111367	17	6551	1635	1642	3277
112183	17	6599	1647	1654	3301
112319	17	6607	1649	1656	3305
113543	17	6679	1667	1674	3341
113951	17	6703	1673	1680	3353
114223	17	6719	1677	1684	3361
115447	17	6791	1695	1702	3397
115991	17	6823	1703	1710	3413
116671	17	6863	1713	1720	3433
116807	17	6871	1715	1722	3437
117487	17	6911	1725	1732	3457
118303	17	6959	1737	1744	3481
118439	17	6967	1739	1746	3485
118711	17	6983	1743	1750	3493
118847	17	6991	1745	1752	3497
119663	17	7039	1757	1764	3521
120343	17	7079	1767	1774	3541
120751	17	7103	1773	1780	3553
121159	17	7127	1779	1786	3565
121567	17	7151	1785	1792	3577
121703	17	7159	1787	1794	3581
122519	17	7207	1799	1806	3605
123199	17	7247	1809	1816	3625
124967	17	7351	1835	1842	3677
127279	17	7487	1869	1876	3745
128503	17	7559	1887	1894	3781
128911	17	7583	1893	1900	3793
129047	17	7591	1895	1902	3797
129319	17	7607	1899	1906	3805
129863	17	7639	1907	1914	3821
130679	17	7687	1919	1926	3845
130951	17	7703	1923	1930	3853
131359	17	7727	1929	1936	3865
131903	17	7759	1937	1944	3881
132991	17	7823	1953	1960	3913
133943	17	7879	1967	1974	3941
134623	17	7919	1977	1984	3961
134759	17	7927	1979	1986	3965
135167	17	7951	1985	1992	3977
136663	17	8039	2007	2014	4021
137479	17	8087	2019	2026	4045
137887	17	8111	2025	2032	4057
138839	17	8167	2039	2046	4085
139247	17	8191	2045	2052	4097
139927	17	8231	2055	2062	4117
140471	17	8263	2063	2070	4133
140879	17	8287	2069	2076	4145
141287	17	8311	2075	2082	4157
143191	17	8423	2103	2110	4213
143327	17	8431	2105	2112	4217
143599	17	8447	2109	2116	4225
144959	17	8527	2129	2136	4265
145231	17	8543	2133	2140	4273
146183	17	8599	2147	2154	4301
146591	17	8623	2153	2160	4313
146999	17	8647	2159	2166	4325
147271	17	8663	2163	2170	4333
148223	17	8719	2177	2184	4361
149311	17	8783	2193	2200	4393
149719	17	8807	2199	2206	4405
150127	17	8831	2205	2212	4417
150263	17	8839	2207	2214	4421
150671	17	8863	2213	2220	4433
151079	17	8887	2219	2226	4445
152167	17	8951	2235	2242	4477
152983	17	8999	2247	2254	4501
153119	17	9007	2249	2256	4505
154751	17	9103	2273	2280	4553
155159	17	9127	2279	2286	4565
155567	17	9151	2285	2292	4577
156383	17	9199	2297	2304	4601
157063	17	9239	2307	2314	4621
158287	17	9311	2325	2332	4657
158423	17	9319	2327	2334	4661
158831	17	9343	2333	2340	4673
159647	17	9391	2345	2352	4697
160327	17	9431	2355	2362	4717
160463	17	9439	2357	2364	4721
160871	17	9463	2363	2370	4733
161143	17	9479	2367	2374	4741
161687	17	9511	2375	2382	4757
162367	17	9551	2385	2392	4777
163591	17	9623	2403	2410	4813
163727	17	9631	2405	2412	4817
164543	17	9679	2417	2424	4841
165223	17	9719	2427	2434	4861
165631	17	9743	2433	2440	4873
166039	17	9767	2439	2446	4885
166447	17	9791	2445	2452	4897
167263	17	9839	2457	2464	4921
167807	17	9871	2465	2472	4937
168079	17	9887	2469	2476	4945
169439	17	9967	2489	2496	4985
170119	17	10007	2499	2506	5005
170663	17	10039	2507	2514	5021
171343	17	10079	2517	2524	5041
171751	17	10103	2523	2530	5053
171887	17	10111	2525	2532	5057
172567	17	10151	2535	2542	5077
172703	17	10159	2537	2544	5081
173791	17	10223	2553	2560	5113
174199	17	10247	2559	2566	5125
174607	17	10271	2565	2572	5137
175151	17	10303	2573	2580	5153
175831	17	10343	2583	2590	5173
176647	17	10391	2595	2602	5197
176783	17	10399	2597	2604	5201
177871	17	10463	2613	2620	5233
178279	17	10487	2619	2626	5245
179503	17	10559	2637	2644	5281
179639	17	10567	2639	2646	5285
180319	17	10607	2649	2656	5305
180727	17	10631	2655	2662	5317
180863	17	10639	2657	2664	5321
181271	17	10663	2663	2670	5333
181679	17	10687	2669	2676	5345
182087	17	10711	2675	2682	5357
183583	17	10799	2697	2704	5401
184127	17	10831	2705	2712	5417
184399	17	10847	2709	2716	5425
185351	17	10903	2723	2730	5453
187799	17	11047	2759	2766	5525
188207	17	11071	2765	2772	5537
188479	17	11087	2769	2776	5545
189023	17	11119	2777	2784	5561
189703	17	11159	2787	2794	5581
191063	17	11239	2807	2814	5621
191743	17	11279	2817	2824	5641
191879	17	11287	2819	2826	5645
192287	17	11311	2825	2832	5657
192967	17	11351	2835	2842	5677
193511	17	11383	2843	2850	5693
193783	17	11399	2847	2854	5701
194191	17	11423	2853	2860	5713
194599	17	11447	2859	2866	5725
195007	17	11471	2865	2872	5737
195551	17	11503	2873	2880	5753
195823	17	11519	2877	2884	5761
195959	17	11527	2879	2886	5765
196367	17	11551	2885	2892	5777
199223	17	11719	2927	2934	5861
199631	17	11743	2933	2940	5873
200311	17	11783	2943	2950	5893
200719	17	11807	2949	2956	5905
201127	17	11831	2955	2962	5917
201263	17	11839	2957	2964	5921
201671	17	11863	2963	2970	5933
202079	17	11887	2969	2976	5945
202351	17	11903	2973	2980	5953
202759	17	11927	2979	2986	5965
203303	17	11959	2987	2994	5981
204119	17	12007	2999	3006	6005
205207	17	12071	3015	3022	6037
206023	17	12119	3027	3034	6061
206431	17	12143	3033	3040	6073
208063	17	12239	3057	3064	6121
208471	17	12263	3063	3070	6133
209831	17	12343	3083	3090	6173
210647	17	12391	3095	3102	6197
212143	17	12479	3117	3124	6241
212279	17	12487	3119	3126	6245
212551	17	12503	3123	3130	6253
212687	17	12511	3125	3132	6257
212959	17	12527	3129	3136	6265
213911	17	12583	3143	3150	6293
214999	17	12647	3159	3166	6325
215407	17	12671	3165	3172	6337
215951	17	12703	3173	3180	6353
216631	17	12743	3183	3190	6373
217447	17	12791	3195	3202	6397
217583	17	12799	3197	3204	6401
217991	17	12823	3203	3210	6413
219487	17	12911	3225	3232	6457
219623	17	12919	3227	3234	6461
220303	17	12959	3237	3244	6481
220439	17	12967	3239	3246	6485
220711	17	12983	3243	3250	6493
221119	17	13007	3249	3256	6505
222071	17	13063	3263	3270	6533
222751	17	13103	3273	3280	6553
223159	17	13127	3279	3286	6565
223567	17	13151	3285	3292	6577
223703	17	13159	3287	3294	6581
224111	17	13183	3293	3300	6593
226559	17	13327	3329	3336	6665
227239	17	13367	3339	3346	6685
227783	17	13399	3347	3354	6701
228871	17	13463	3363	3370	6733
229279	17	13487	3369	3376	6745
230639	17	13567	3389	3396	6785
231047	17	13591	3395	3402	6797
232543	17	13679	3417	3424	6841
232679	17	13687	3419	3426	6845
233087	17	13711	3425	3432	6857
233767	17	13751	3435	3442	6877
233903	17	13759	3437	3444	6881
234583	17	13799	3447	3454	6901
234719	17	13807	3449	3456	6905
235127	17	13831	3455	3462	6917
235943	17	13879	3467	3474	6941
236351	17	13903	3473	3480	6953
237439	17	13967	3489	3496	6985
237983	17	13999	3497	3504	7001
239207	17	14071	3515	3522	7037
239479	17	14087	3519	3526	7045
240431	17	14143	3533	3540	7073
240703	17	14159	3537	3544	7081
241519	17	14207	3549	3556	7105
243151	17	14303	3573	3580	7153
243559	17	14327	3579	3586	7165
244919	17	14407	3599	3606	7205
245191	17	14423	3603	3610	7213
245327	17	14431	3605	3612	7217
245599	17	14447	3609	3616	7225
246143	17	14479	3617	3624	7241
246551	17	14503	3623	3630	7253
246823	17	14519	3627	3634	7261
247231	17	14543	3633	3640	7273
247367	17	14551	3635	3642	7277
248047	17	14591	3645	3652	7297
248863	17	14639	3657	3664	7321
250903	17	14759	3687	3694	7381
251039	17	14767	3689	3696	7385
251311	17	14783	3693	3700	7393
252127	17	14831	3705	3712	7417
252943	17	14879	3717	3724	7441
253079	17	14887	3719	3726	7445
254167	17	14951	3735	3742	7477
254711	17	14983	3743	3750	7493
255527	17	15031	3755	3762	7517
258383	17	15199	3797	3804	7601
259471	17	15263	3813	3820	7633
259607	17	15271	3815	3822	7637
259879	17	15287	3819	3826	7645
260423	17	15319	3827	3834	7661
261103	17	15359	3837	3844	7681
261511	17	15383	3843	3850	7693
261647	17	15391	3845	3852	7697
262463	17	15439	3857	3864	7721
263687	17	15511	3875	3882	7757
263959	17	15527	3879	3886	7765
264367	17	15551	3885	3892	7777
264503	17	15559	3887	3894	7781
264911	17	15583	3893	3900	7793
265319	17	15607	3899	3906	7805
265999	17	15647	3909	3916	7825
266407	17	15671	3915	3922	7837
266543	17	15679	3917	3924	7841
267359	17	15727	3929	3936	7865
268039	17	15767	3939	3946	7885
268447	17	15791	3945	3952	7897
268991	17	15823	3953	3960	7913
270079	17	15887	3969	3976	7945
270623	17	15919	3977	3984	7961
271303	17	15959	3987	3994	7981
271847	17	15991	3995	4002	7997
272119	17	16007	3999	4006	8005
273071	17	16063	4013	4020	8033
273479	17	16087	4019	4026	8045
273751	17	16103	4023	4030	8053
273887	17	16111	4025	4032	8057
274159	17	16127	4029	4036	8065
275111	17	16183	4043	4050	8093
275791	17	16223	4053	4060	8113
275927	17	16231	4055	4062	8117
277423	17	16319	4077	4084	8161
279599	17	16447	4109	4116	8225
280279	17	16487	4119	4126	8245
280823	17	16519	4127	4134	8261
281639	17	16567	4139	4146	8285
282319	17	16607	4149	4156	8305
282727	17	16631	4155	4162	8317
283951	17	16703	4173	4180	8353
284903	17	16759	4187	4194	8381
285991	17	16823	4203	4210	8413
286127	17	16831	4205	4212	8417
286807	17	16871	4215	4222	8437
286943	17	16879	4217	4224	8441
287351	17	16903	4223	4230	8453
287759	17	16927	4229	4236	8465
288031	17	16943	4233	4240	8473
289799	17	17047	4259	4266	8525
291703	17	17159	4287	4294	8581
291839	17	17167	4289	4296	8585
292111	17	17183	4293	4300	8593
292247	17	17191	4295	4302	8597
292519	17	17207	4299	4306	8605
292927	17	17231	4305	4312	8617
293063	17	17239	4307	4314	8621
294559	17	17327	4329	4336	8665
294967	17	17351	4335	4342	8677
295103	17	17359	4337	4344	8681
295511	17	17383	4343	4350	8693
296327	17	17431	4355	4362	8717
297007	17	17471	4365	4372	8737
297823	17	17519	4377	4384	8761
298367	17	17551	4385	4392	8777
299183	17	17599	4397	4404	8801
299591	17	17623	4403	4410	8813
302311	17	17783	4443	4450	8893
302447	17	17791	4445	4452	8897
302719	17	17807	4449	4456	8905
303263	17	17839	4457	4464	8921
303671	17	17863	4463	4470	8933
304351	17	17903	4473	4480	8953
304487	17	17911	4475	4482	8957
305303	17	17959	4487	4494	8981
306799	17	18047	4509	4516	9025
308023	17	18119	4527	4534	9061
308159	17	18127	4529	4536	9065
308431	17	18143	4533	4540	9073
309247	17	18191	4545	4552	9097
309383	17	18199	4547	4554	9101
309791	17	18223	4553	4560	9113
310879	17	18287	4569	4576	9145
311287	17	18311	4575	4582	9157
312239	17	18367	4589	4596	9185
313463	17	18439	4607	4614	9221
314551	17	18503	4623	4630	9253
315911	17	18583	4643	4650	9293
317407	17	18671	4665	4672	9337
317543	17	18679	4667	4674	9341
318223	17	18719	4677	4684	9361
318631	17	18743	4683	4690	9373
320263	17	18839	4707	4714	9421
321487	17	18911	4725	4732	9457
321623	17	18919	4727	4734	9461
322303	17	18959	4737	4744	9481
323527	17	19031	4755	4762	9517
324343	17	19079	4767	4774	9541
324479	17	19087	4769	4776	9545
326111	17	19183	4793	4800	9593
326519	17	19207	4799	4806	9605
326927	17	19231	4805	4812	9617
328423	17	19319	4827	4834	9661
329647	17	19391	4845	4852	9697
330191	17	19423	4853	4860	9713
330599	17	19447	4859	4866	9725
330871	17	19463	4863	4870	9733
331007	17	19471	4865	4872	9737
332231	17	19543	4883	4890	9773
332503	17	19559	4887	4894	9781
332911	17	19583	4893	4900	9793
334679	17	19687	4919	4926	9845
335359	17	19727	4929	4936	9865
335767	17	19751	4935	4942	9877
335903	17	19759	4937	4944	9881
338623	17	19919	4977	4984	9961
338759	17	19927	4979	4986	9965
339847	17	19991	4995	5002	9997
340391	17	20023	5003	5010	10013
340799	17	20047	5009	5016	10025
341071	17	20063	5013	5020	10033
341207	17	20071	5015	5022	10037
342431	17	20143	5033	5040	10073
343111	17	20183	5043	5050	10093
343927	17	20231	5055	5062	10117
344879	17	20287	5069	5076	10145
345559	17	20327	5079	5086	10165
346103	17	20359	5087	5094	10181
346783	17	20399	5097	5104	10201
346919	17	20407	5099	5106	10205
347327	17	20431	5105	5112	10217
348143	17	20479	5117	5124	10241
349231	17	20543	5133	5140	10273
349367	17	20551	5135	5142	10277
350183	17	20599	5147	5154	10301
350863	17	20639	5157	5164	10321
351271	17	20663	5163	5170	10333
352223	17	20719	5177	5184	10361
352631	17	20743	5183	5190	10373
352903	17	20759	5187	5194	10381
353719	17	20807	5199	5206	10405
354943	17	20879	5217	5224	10441
355079	17	20887	5219	5226	10445
355351	17	20903	5223	5230	10453
356303	17	20959	5237	5244	10481
356711	17	20983	5243	5250	10493
357391	17	21023	5253	5260	10513
357527	17	21031	5255	5262	10517
359431	17	21143	5283	5290	10573
360247	17	21191	5295	5302	10597
361199	17	21247	5309	5316	10625
362423	17	21319	5327	5334	10661
363511	17	21383	5343	5350	10693
363647	17	21391	5345	5352	10697
363919	17	21407	5349	5356	10705
365279	17	21487	5369	5376	10745
365551	17	21503	5373	5380	10753
366503	17	21559	5387	5394	10781
367183	17	21599	5397	5404	10801
367999	17	21647	5409	5416	10825
369359	17	21727	5429	5436	10865
369767	17	21751	5435	5442	10877
370039	17	21767	5439	5446	10885
370583	17	21799	5447	5454	10901
371263	17	21839	5457	5464	10921
371671	17	21863	5463	5470	10933
371807	17	21871	5465	5472	10937
372487	17	21911	5475	5482	10957
373031	17	21943	5483	5490	10973
373847	17	21991	5495	5502	10997
374527	17	22031	5505	5512	11017
374663	17	22039	5507	5514	11021
375071	17	22063	5513	5520	11033
375343	17	22079	5517	5524	11041
375887	17	22111	5525	5532	11057
376703	17	22159	5537	5544	11081
378199	17	22247	5559	5566	11125
378607	17	22271	5565	5572	11137
378743	17	22279	5567	5574	11141
379151	17	22303	5573	5580	11153
379831	17	22343	5583	5590	11173
380239	17	22367	5589	5596	11185
380647	17	22391	5595	5602	11197
381599	17	22447	5609	5616	11225
382687	17	22511	5625	5632	11257
383231	17	22543	5633	5640	11273
383639	17	22567	5639	5646	11285
384863	17	22639	5657	5664	11321
385543	17	22679	5667	5674	11341
386359	17	22727	5679	5686	11365
386767	17	22751	5685	5692	11377
387311	17	22783	5693	5700	11393
387719	17	22807	5699	5706	11405
388807	17	22871	5715	5722	11437
390031	17	22943	5733	5740	11473
391663	17	23039	5757	5764	11521
392071	17	23063	5763	5770	11533
392207	17	23071	5765	5772	11537
392479	17	23087	5769	5776	11545
393431	17	23143	5783	5790	11573
393703	17	23159	5787	5794	11581
393839	17	23167	5789	5796	11585
395743	17	23279	5817	5824	11641
396287	17	23311	5825	5832	11657
396559	17	23327	5829	5836	11665
397783	17	23399	5847	5854	11701
398327	17	23431	5855	5862	11717
398599	17	23447	5859	5866	11725
400639	17	23567	5889	5896	11785
401183	17	23599	5897	5904	11801
401591	17	23623	5903	5910	11813
402271	17	23663	5913	5920	11833
402407	17	23671	5915	5922	11837
402679	17	23687	5919	5926	11845
403223	17	23719	5927	5934	11861
403631	17	23743	5933	5940	11873
404039	17	23767	5939	5946	11885
405127	17	23831	5955	5962	11917
405943	17	23879	5967	5974	11941
406079	17	23887	5969	5976	11945
406487	17	23911	5975	5982	11957
408119	17	24007	5999	6006	12005
408391	17	24023	6003	6010	12013
409207	17	24071	6015	6022	12037
409751	17	24103	6023	6030	12053
410567	17	24151	6035	6042	12077
411791	17	24223	6053	6060	12113
412063	17	24239	6057	6064	12121
412199	17	24247	6059	6066	12125
414103	17	24359	6087	6094	12181
414647	17	24391	6095	6102	12197
414919	17	24407	6099	6106	12205
415463	17	24439	6107	6114	12221
416959	17	24527	6129	6136	12265
417367	17	24551	6135	6142	12277
418591	17	24623	6153	6160	12313
418727	17	24631	6155	6162	12317
419407	17	24671	6165	6172	12337
421039	17	24767	6189	6196	12385
421583	17	24799	6197	6204	12401
422399	17	24847	6209	6216	12425
423623	17	24919	6227	6234	12461
424031	17	24943	6233	6240	12473
424439	17	24967	6239	6246	12485
425527	17	25031	6255	6262	12517
426479	17	25087	6269	6276	12545
426887	17	25111	6275	6282	12557
427159	17	25127	6279	6286	12565
428111	17	25183	6293	6300	12593
429199	17	25247	6309	6316	12625
430151	17	25303	6323	6330	12653
430831	17	25343	6333	6340	12673
431239	17	25367	6339	6346	12685
431647	17	25391	6345	6352	12697
432191	17	25423	6353	6360	12713
432463	17	25439	6357	6364	12721
432599	17	25447	6359	6366	12725
432871	17	25463	6363	6370	12733
433007	17	25471	6365	6372	12737
434911	17	25583	6393	6400	12793
435863	17	25639	6407	6414	12821
436543	17	25679	6417	6424	12841
436951	17	25703	6423	6430	12853
437903	17	25759	6437	6444	12881
438583	17	25799	6447	6454	12901
439399	17	25847	6459	6466	12925
440351	17	25903	6473	6480	12953
440623	17	25919	6477	6484	12961
441031	17	25943	6483	6490	12973
441167	17	25951	6485	6492	12977
441983	17	25999	6497	6504	13001
443887	17	26111	6525	6532	13057
444023	17	26119	6527	6534	13061
445111	17	26183	6543	6550	13093
446471	17	26263	6563	6570	13133
448783	17	26399	6597	6604	13201
448919	17	26407	6599	6606	13205
449191	17	26423	6603	6610	13213
449327	17	26431	6605	6612	13217
450143	17	26479	6617	6624	13241
452047	17	26591	6645	6652	13297
452999	17	26647	6659	6666	13325
453679	17	26687	6669	6676	13345
454087	17	26711	6675	6682	13357
454903	17	26759	6687	6694	13381
455311	17	26783	6693	6700	13393
456263	17	26839	6707	6714	13421
456671	17	26863	6713	6720	13433
456943	17	26879	6717	6724	13441
457351	17	26903	6723	6730	13453
457759	17	26927	6729	6736	13465
458167	17	26951	6735	6742	13477
458303	17	26959	6737	6744	13481
459527	17	27031	6755	6762	13517
460751	17	27103	6773	6780	13553
461159	17	27127	6779	6786	13565
461431	17	27143	6783	6790	13573
462247	17	27191	6795	6802	13597
463063	17	27239	6807	6814	13621
463607	17	27271	6815	6822	13637
465239	17	27367	6839	6846	13685
465919	17	27407	6849	6856	13705
466327	17	27431	6855	6862	13717
467143	17	27479	6867	6874	13741
467279	17	27487	6869	6876	13745
467959	17	27527	6879	6886	13765
468367	17	27551	6885	6892	13777
468911	17	27583	6893	6900	13793
469727	17	27631	6905	6912	13817
469999	17	27647	6909	6916	13825
471631	17	27743	6933	6940	13873
471767	17	27751	6935	6942	13877
472039	17	27767	6939	6946	13885
472447	17	27791	6945	6952	13897
472583	17	27799	6947	6954	13901
472991	17	27823	6953	6960	13913
473399	17	27847	6959	6966	13925
474623	17	27919	6977	6984	13961
475031	17	27943	6983	6990	13973
475439	17	27967	6989	6996	13985
475711	17	27983	6993	7000	13993
476527	17	28031	7005	7012	14017
477479	17	28087	7019	7026	14045
477887	17	28111	7025	7032	14057
478567	17	28151	7035	7042	14077
479111	17	28183	7043	7050	14093
480743	17	28279	7067	7074	14141
481423	17	28319	7077	7084	14161
481967	17	28351	7085	7092	14177
483463	17	28439	7107	7114	14221
483599	17	28447	7109	7116	14225
483871	17	28463	7113	7120	14233
485503	17	28559	7137	7144	14281
486047	17	28591	7145	7152	14297
486319	17	28607	7149	7156	14305
486727	17	28631	7155	7162	14317
487271	17	28663	7163	7170	14333
487679	17	28687	7169	7176	14345
487951	17	28703	7173	7180	14353
488087	17	28711	7175	7182	14357
488767	17	28751	7185	7192	14377
488903	17	28759	7187	7194	14381
489719	17	28807	7199	7206	14405
490807	17	28871	7215	7222	14437
490943	17	28879	7217	7224	14441
491759	17	28927	7229	7236	14465
493391	17	29023	7253	7260	14513
494071	17	29063	7263	7270	14533
495839	17	29167	7289	7296	14585
496247	17	29191	7295	7302	14597
496519	17	29207	7299	7306	14605
496927	17	29231	7305	7312	14617
497879	17	29287	7319	7326	14645
498151	17	29303	7323	7330	14653
498287	17	29311	7325	7332	14657
498559	17	29327	7329	7336	14665
499511	17	29383	7343	7350	14693
499783	17	29399	7347	7354	14701
551	19	29	4	12	16
703	19	37	6	14	20
1007	19	53	10	18	28
1159	19	61	12	20	32
1919	19	101	22	30	52
2071	19	109	24	32	56
2831	19	149	34	42	76
2983	19	157	36	44	80
3287	19	173	40	48	88
3439	19	181	42	50	92
3743	19	197	46	54	100
4351	19	229	54	62	116
5111	19	269	64	72	136
5263	19	277	66	74	140
5567	19	293	70	78	148
6023	19	317	76	84	160
6631	19	349	84	92	176
7087	19	373	90	98	188
7391	19	389	94	102	196
7543	19	397	96	104	200
7999	19	421	102	110	212
8759	19	461	112	120	232
9671	19	509	124	132	256
10279	19	541	132	140	272
10583	19	557	136	144	280
11647	19	613	150	158	308
12407	19	653	160	168	328
12559	19	661	162	170	332
12863	19	677	166	174	340
13319	19	701	172	180	352
13471	19	709	174	182	356
13927	19	733	180	188	368
14383	19	757	186	194	380
14687	19	773	190	198	388
15143	19	797	196	204	400
15599	19	821	202	210	412
15751	19	829	204	212	416
16207	19	853	210	218	428
16663	19	877	216	224	440
17879	19	941	232	240	472
18943	19	997	246	254	500
19247	19	1013	250	258	508
19399	19	1021	252	260	512
20159	19	1061	262	270	532
20311	19	1069	264	272	536
20767	19	1093	270	278	548
21071	19	1109	274	282	556
21223	19	1117	276	284	560
22439	19	1181	292	300	592
23047	19	1213	300	308	608
23351	19	1229	304	312	616
23503	19	1237	306	314	620
24263	19	1277	316	324	640
24719	19	1301	322	330	652
26087	19	1373	340	348	688
26239	19	1381	342	350	692
27151	19	1429	354	362	716
27607	19	1453	360	368	728
28367	19	1493	370	378	748
29431	19	1549	384	392	776
30343	19	1597	396	404	800
30647	19	1613	400	408	808
30799	19	1621	402	410	812
31103	19	1637	406	414	820
31711	19	1669	414	422	836
32167	19	1693	420	428	848
32471	19	1709	424	432	856
32927	19	1733	430	438	868
33079	19	1741	432	440	872
33991	19	1789	444	452	896
35359	19	1861	462	470	932
35663	19	1877	466	474	940
36119	19	1901	472	480	952
36727	19	1933	480	488	968
37031	19	1949	484	492	976
37487	19	1973	490	498	988
37943	19	1997	496	504	1000
38551	19	2029	504	512	1016
39007	19	2053	510	518	1028
39311	19	2069	514	522	1036
40679	19	2141	532	540	1072
42047	19	2213	550	558	1108
42199	19	2221	552	560	1112
42503	19	2237	556	564	1120
43111	19	2269	564	572	1136
43567	19	2293	570	578	1148
43871	19	2309	574	582	1156
44327	19	2333	580	588	1168
44479	19	2341	582	590	1172
44783	19	2357	586	594	1180
45239	19	2381	592	600	1192
45391	19	2389	594	602	1196
46303	19	2437	606	614	1220
47063	19	2477	616	624	1240
48431	19	2549	634	642	1276
48583	19	2557	636	644	1280
49799	19	2621	652	660	1312
50863	19	2677	666	674	1340
51167	19	2693	670	678	1348
52079	19	2741	682	690	1372
52231	19	2749	684	692	1376
52991	19	2789	694	702	1396
53143	19	2797	696	704	1400
53903	19	2837	706	714	1420
54359	19	2861	712	720	1432
55271	19	2909	724	732	1456
55423	19	2917	726	734	1460
56183	19	2957	736	744	1480
57703	19	3037	756	764	1520
58159	19	3061	762	770	1532
59071	19	3109	774	782	1556
60439	19	3181	792	800	1592
61199	19	3221	802	810	1612
61351	19	3229	804	812	1616
61807	19	3253	810	818	1628
62719	19	3301	822	830	1652
64087	19	3373	840	848	1688
64391	19	3389	844	852	1696
64847	19	3413	850	858	1708
65759	19	3461	862	870	1732
65911	19	3469	864	872	1736
66823	19	3517	876	884	1760
67127	19	3533	880	888	1768
67279	19	3541	882	890	1772
67583	19	3557	886	894	1780
68039	19	3581	892	900	1792
68647	19	3613	900	908	1808
69103	19	3637	906	914	1820
69863	19	3677	916	924	1840
70319	19	3701	922	930	1852
70471	19	3709	924	932	1856
70927	19	3733	930	938	1868
72143	19	3797	946	954	1900
72599	19	3821	952	960	1912
73207	19	3853	960	968	1928
73663	19	3877	966	974	1940
74423	19	3917	976	984	1960
75791	19	3989	994	1002	1996
76247	19	4013	1000	1008	2008
76399	19	4021	1002	1010	2012
77767	19	4093	1020	1028	2048
78527	19	4133	1030	1038	2068
78983	19	4157	1036	1044	2080
80351	19	4229	1054	1062	2116
80807	19	4253	1060	1068	2128
80959	19	4261	1062	1070	2132
82631	19	4349	1084	1092	2176
82783	19	4357	1086	1094	2180
83087	19	4373	1090	1098	2188
83543	19	4397	1096	1104	2200
83999	19	4421	1102	1110	2212
85367	19	4493	1120	1128	2248
85823	19	4517	1126	1134	2260
86431	19	4549	1134	1142	2276
87343	19	4597	1146	1154	2300
87799	19	4621	1152	1160	2312
88103	19	4637	1156	1164	2320
89927	19	4733	1180	1188	2368
90991	19	4789	1194	1202	2396
91447	19	4813	1200	1208	2408
92359	19	4861	1212	1220	2432
92663	19	4877	1216	1224	2440
93271	19	4909	1224	1232	2456
93727	19	4933	1230	1238	2468
94183	19	4957	1236	1244	2480
94487	19	4973	1240	1248	2488
95399	19	5021	1252	1260	2512
96463	19	5077	1266	1274	2540
96919	19	5101	1272	1280	2552
98591	19	5189	1294	1302	2596
98743	19	5197	1296	1304	2600
99503	19	5237	1306	1314	2620
99959	19	5261	1312	1320	2632
100871	19	5309	1324	1332	2656
101327	19	5333	1330	1338	2668
102239	19	5381	1342	1350	2692
102847	19	5413	1350	1358	2708
103303	19	5437	1356	1364	2720
104063	19	5477	1366	1374	2740
104519	19	5501	1372	1380	2752
105583	19	5557	1386	1394	2780
105887	19	5573	1390	1398	2788
106039	19	5581	1392	1400	2792
107407	19	5653	1410	1418	2828
107711	19	5669	1414	1422	2836
108167	19	5693	1420	1428	2848
108319	19	5701	1422	1430	2852
108623	19	5717	1426	1434	2860
109079	19	5741	1432	1440	2872
109231	19	5749	1434	1442	2876
110447	19	5813	1450	1458	2908
110599	19	5821	1452	1460	2912
111359	19	5861	1462	1470	2932
111511	19	5869	1464	1472	2936
113639	19	5981	1492	1500	2992
114551	19	6029	1504	1512	3016
114703	19	6037	1506	1514	3020
115007	19	6053	1510	1518	3028
115919	19	6101	1522	1530	3052
116527	19	6133	1530	1538	3068
117287	19	6173	1540	1548	3088
117743	19	6197	1546	1554	3100
118199	19	6221	1552	1560	3112
118351	19	6229	1554	1562	3116
119111	19	6269	1564	1572	3136
119263	19	6277	1566	1574	3140
119719	19	6301	1572	1580	3152
120023	19	6317	1576	1584	3160
121087	19	6373	1590	1598	3188
121391	19	6389	1594	1602	3196
121543	19	6397	1596	1604	3200
121999	19	6421	1602	1610	3212
122911	19	6469	1614	1622	3236
125039	19	6581	1642	1650	3292
126103	19	6637	1656	1664	3320
126407	19	6653	1660	1668	3328
126559	19	6661	1662	1670	3332
127319	19	6701	1672	1680	3352
127471	19	6709	1674	1682	3356
127927	19	6733	1680	1688	3368
128839	19	6781	1692	1700	3392
129751	19	6829	1704	1712	3416
130511	19	6869	1714	1722	3436
131423	19	6917	1726	1734	3460
132031	19	6949	1734	1742	3476
132943	19	6997	1746	1754	3500
133247	19	7013	1750	1758	3508
134311	19	7069	1764	1772	3536
135071	19	7109	1774	1782	3556
137047	19	7213	1800	1808	3608
137351	19	7229	1804	1812	3616
137503	19	7237	1806	1814	3620
137807	19	7253	1810	1818	3628
138871	19	7309	1824	1832	3656
139327	19	7333	1830	1838	3668
139631	19	7349	1834	1842	3676
142063	19	7477	1866	1874	3740
142823	19	7517	1876	1884	3760
143279	19	7541	1882	1890	3772
143431	19	7549	1884	1892	3776
143887	19	7573	1890	1898	3788
144191	19	7589	1894	1902	3796
144799	19	7621	1902	1910	3812
145711	19	7669	1914	1922	3836
146623	19	7717	1926	1934	3860
147079	19	7741	1932	1940	3872
147383	19	7757	1936	1944	3880
147991	19	7789	1944	1952	3896
148751	19	7829	1954	1962	3916
149207	19	7853	1960	1968	3928
149663	19	7877	1966	1974	3940
150119	19	7901	1972	1980	3952
150727	19	7933	1980	1988	3968
151031	19	7949	1984	1992	3976
153007	19	8053	2010	2018	4028
153311	19	8069	2014	2022	4036
153767	19	8093	2020	2028	4048
153919	19	8101	2022	2030	4052
154223	19	8117	2026	2034	4060
156199	19	8221	2052	2060	4112
156503	19	8237	2056	2064	4120
157111	19	8269	2064	2072	4136
157567	19	8293	2070	2078	4148
158023	19	8317	2076	2084	4160
159391	19	8389	2094	2102	4196
160151	19	8429	2104	2112	4216
160759	19	8461	2112	2120	4232
161519	19	8501	2122	2130	4252
162887	19	8573	2140	2148	4288
163039	19	8581	2142	2150	4292
163343	19	8597	2146	2154	4300
163951	19	8629	2154	2162	4316
164711	19	8669	2164	2172	4336
164863	19	8677	2166	2174	4340
165167	19	8693	2170	2178	4348
166079	19	8741	2182	2190	4372
167599	19	8821	2202	2210	4412
167903	19	8837	2206	2214	4420
168359	19	8861	2212	2220	4432
168967	19	8893	2220	2228	4448
169727	19	8933	2230	2238	4468
169879	19	8941	2232	2240	4472
171247	19	9013	2250	2258	4508
171551	19	9029	2254	2262	4516
173071	19	9109	2274	2282	4556
173527	19	9133	2280	2288	4568
173983	19	9157	2286	2294	4580
174287	19	9173	2290	2298	4588
174439	19	9181	2292	2300	4592
175199	19	9221	2302	2310	4612
176263	19	9277	2316	2324	4640
176567	19	9293	2320	2328	4648
177479	19	9341	2332	2340	4672
177631	19	9349	2334	2342	4676
178543	19	9397	2346	2354	4700
178847	19	9413	2350	2358	4708
178999	19	9421	2352	2360	4712
179303	19	9437	2356	2364	4720
179759	19	9461	2362	2370	4732
181127	19	9533	2380	2388	4768
182647	19	9613	2400	2408	4808
182951	19	9629	2404	2412	4816
183559	19	9661	2412	2420	4832
183863	19	9677	2416	2424	4840
184927	19	9733	2430	2438	4868
185231	19	9749	2434	2442	4876
185839	19	9781	2442	2450	4892
186751	19	9829	2454	2462	4916
188119	19	9901	2472	2480	4952
188879	19	9941	2482	2490	4972
189031	19	9949	2484	2492	4976
189487	19	9973	2490	2498	4988
190703	19	10037	2506	2514	5020
191159	19	10061	2512	2520	5032
191311	19	10069	2514	2522	5036
191767	19	10093	2520	2528	5048
192527	19	10133	2530	2538	5068
192679	19	10141	2532	2540	5072
193439	19	10181	2542	2550	5092
194807	19	10253	2560	2568	5128
195719	19	10301	2572	2580	5152
196327	19	10333	2580	2588	5168
196783	19	10357	2586	2594	5180
198151	19	10429	2604	2612	5216
198607	19	10453	2610	2618	5228
199063	19	10477	2616	2624	5240
199519	19	10501	2622	2630	5252
201191	19	10589	2644	2652	5296
201343	19	10597	2646	2654	5300
201647	19	10613	2650	2658	5308
203471	19	10709	2674	2682	5356
203927	19	10733	2680	2688	5368
204839	19	10781	2692	2700	5392
204991	19	10789	2694	2702	5396
205903	19	10837	2706	2714	5420
206207	19	10853	2710	2718	5428
206359	19	10861	2712	2720	5432
207271	19	10909	2724	2732	5456
208031	19	10949	2734	2742	5476
208183	19	10957	2736	2744	5480
208487	19	10973	2740	2748	5488
210311	19	11069	2764	2772	5536
210767	19	11093	2770	2778	5548
211223	19	11117	2776	2784	5560
211831	19	11149	2784	2792	5576
212287	19	11173	2790	2798	5588
212743	19	11197	2796	2804	5600
213047	19	11213	2800	2808	5608
213959	19	11261	2812	2820	5632
215023	19	11317	2826	2834	5660
217303	19	11437	2856	2864	5720
219431	19	11549	2884	2892	5776
220343	19	11597	2896	2904	5800
220799	19	11621	2902	2910	5812
221863	19	11677	2916	2924	5840
222319	19	11701	2922	2930	5852
222623	19	11717	2926	2934	5860
223991	19	11789	2944	2952	5896
224447	19	11813	2950	2958	5908
224599	19	11821	2952	2960	5912
226271	19	11909	2974	2982	5956
226727	19	11933	2980	2988	5968
226879	19	11941	2982	2990	5972
227639	19	11981	2992	3000	5992
228703	19	12037	3006	3014	6020
229919	19	12101	3022	3030	6052
230071	19	12109	3024	3032	6056
230831	19	12149	3034	3042	6076
230983	19	12157	3036	3044	6080
231743	19	12197	3046	3054	6100
232807	19	12253	3060	3068	6128
233111	19	12269	3064	3072	6136
233263	19	12277	3066	3074	6140
233719	19	12301	3072	3080	6152
235087	19	12373	3090	3098	6188
235847	19	12413	3100	3108	6208
235999	19	12421	3102	3110	6212
236303	19	12437	3106	3114	6220
237823	19	12517	3126	3134	6260
238279	19	12541	3132	3140	6272
239191	19	12589	3144	3152	6296
239647	19	12613	3150	3158	6308
240103	19	12637	3156	3164	6320
240407	19	12653	3160	3168	6328
242383	19	12757	3186	3194	6380
242839	19	12781	3192	3200	6392
243599	19	12821	3202	3210	6412
243751	19	12829	3204	3212	6416
244207	19	12853	3210	3218	6428
244967	19	12893	3220	3228	6448
245423	19	12917	3226	3234	6460
245879	19	12941	3232	3240	6472
246487	19	12973	3240	3248	6488
247703	19	13037	3256	3264	6520
248767	19	13093	3270	3278	6548
249071	19	13109	3274	3282	6556
251351	19	13229	3304	3312	6616
252871	19	13309	3324	3332	6656
254239	19	13381	3342	3350	6692
254543	19	13397	3346	3354	6700
254999	19	13421	3352	3360	6712
255911	19	13469	3364	3372	6736
256063	19	13477	3366	3374	6740
258343	19	13597	3396	3404	6800
258647	19	13613	3400	3408	6808
259711	19	13669	3414	3422	6836
260167	19	13693	3420	3428	6848
260471	19	13709	3424	3432	6856
261383	19	13757	3436	3444	6880
261839	19	13781	3442	3450	6892
261991	19	13789	3444	3452	6896
262751	19	13829	3454	3462	6916
263663	19	13877	3466	3474	6940
264119	19	13901	3472	3480	6952
264727	19	13933	3480	3488	6968
265943	19	13997	3496	3504	7000
266551	19	14029	3504	3512	7016
268831	19	14149	3534	3542	7076
269287	19	14173	3540	3548	7088
269743	19	14197	3546	3554	7100
270199	19	14221	3552	3560	7112
271567	19	14293	3570	3578	7148
272479	19	14341	3582	3590	7172
273391	19	14389	3594	3602	7196
274303	19	14437	3606	3614	7220
274759	19	14461	3612	3620	7232
276127	19	14533	3630	3638	7268
276431	19	14549	3634	3642	7276
276583	19	14557	3636	3644	7280
277799	19	14621	3652	3660	7312
277951	19	14629	3654	3662	7316
278407	19	14653	3660	3668	7328
278711	19	14669	3664	3672	7336
279623	19	14717	3676	3684	7360
280079	19	14741	3682	3690	7372
281143	19	14797	3696	3704	7400
281447	19	14813	3700	3708	7408
281599	19	14821	3702	3710	7412
282511	19	14869	3714	3722	7436
284183	19	14957	3736	3744	7480
285247	19	15013	3750	3758	7508
286007	19	15053	3760	3768	7528
286159	19	15061	3762	3770	7532
286463	19	15077	3766	3774	7540
286919	19	15101	3772	3780	7552
287831	19	15149	3784	3792	7576
288287	19	15173	3790	3798	7588
290111	19	15269	3814	3822	7636
290263	19	15277	3816	3824	7640
291631	19	15349	3834	3842	7676
292087	19	15373	3840	3848	7688
292847	19	15413	3850	3858	7708
293759	19	15461	3862	3870	7732
294367	19	15493	3870	3878	7748
295279	19	15541	3882	3890	7772
296039	19	15581	3892	3900	7792
296951	19	15629	3904	3912	7816
297559	19	15661	3912	3920	7832
298927	19	15733	3930	3938	7868
299231	19	15749	3934	3942	7876
299687	19	15773	3940	3948	7888
300143	19	15797	3946	3954	7900
301663	19	15877	3966	3974	7940
302119	19	15901	3972	3980	7952
303487	19	15973	3990	3998	7988
305159	19	16061	4012	4020	8032
305311	19	16069	4014	4022	8036
306679	19	16141	4032	4040	8072
307591	19	16189	4044	4052	8096
308351	19	16229	4054	4062	8116
308807	19	16253	4060	4068	8128
309719	19	16301	4072	4080	8152
310327	19	16333	4080	4088	8168
310631	19	16349	4084	4092	8176
311239	19	16381	4092	4100	8192
311999	19	16421	4102	4110	8212
312607	19	16453	4110	4118	8228
313063	19	16477	4116	4124	8240
313367	19	16493	4120	4128	8248
314887	19	16573	4140	4148	8288
316559	19	16661	4162	4170	8332
317167	19	16693	4170	4178	8348
318079	19	16741	4182	4190	8372
319751	19	16829	4204	4212	8416
321119	19	16901	4222	4230	8452
322639	19	16981	4242	4250	8492
323399	19	17021	4252	4260	8512
323551	19	17029	4254	4262	8516
324007	19	17053	4260	4268	8528
324463	19	17077	4266	4274	8540
324767	19	17093	4270	4278	8548
325223	19	17117	4276	4284	8560
326591	19	17189	4294	4302	8596
328567	19	17293	4320	4328	8648
329023	19	17317	4326	4334	8660
329327	19	17333	4330	4338	8668
329479	19	17341	4332	4340	8672
330391	19	17389	4344	4352	8696
332063	19	17477	4366	4374	8740
332671	19	17509	4374	4382	8756
333887	19	17573	4390	4398	8788
334039	19	17581	4392	4400	8792
334343	19	17597	4396	4404	8800
335711	19	17669	4414	4422	8836
337231	19	17749	4434	4442	8876
337991	19	17789	4444	4452	8896
338903	19	17837	4456	4464	8920
340271	19	17909	4474	4482	8956
341183	19	17957	4486	4494	8980
341639	19	17981	4492	4500	8992
341791	19	17989	4494	4502	8996
342247	19	18013	4500	4508	9008
343159	19	18061	4512	4520	9032
343463	19	18077	4516	4524	9040
344527	19	18133	4530	4538	9068
344831	19	18149	4534	4542	9076
345439	19	18181	4542	4550	9092
346351	19	18229	4554	4562	9116
346807	19	18253	4560	4568	9128
347111	19	18269	4564	4572	9136
347719	19	18301	4572	4580	9152
348479	19	18341	4582	4590	9172
349543	19	18397	4596	4604	9200
349847	19	18413	4600	4608	9208
350759	19	18461	4612	4620	9232
351367	19	18493	4620	4628	9248
351823	19	18517	4626	4634	9260
352279	19	18541	4632	4640	9272
354103	19	18637	4656	4664	9320
354559	19	18661	4662	4670	9332
355319	19	18701	4672	4680	9352
356231	19	18749	4684	4692	9376
356383	19	18757	4686	4694	9380
356687	19	18773	4690	4698	9388
357143	19	18797	4696	4704	9400
358511	19	18869	4714	4722	9436
359423	19	18917	4726	4734	9460
360487	19	18973	4740	4748	9488
361247	19	19013	4750	4758	9508
361703	19	19037	4756	4764	9520
362311	19	19069	4764	4772	9536
363679	19	19141	4782	4790	9572
363983	19	19157	4786	4794	9580
364439	19	19181	4792	4800	9592
365047	19	19213	4800	4808	9608
365503	19	19237	4806	4814	9620
366719	19	19301	4822	4830	9652
366871	19	19309	4824	4832	9656
367327	19	19333	4830	4838	9668
368087	19	19373	4840	4848	9688
368239	19	19381	4842	4850	9692
368999	19	19421	4852	4860	9712
369151	19	19429	4854	4862	9716
369911	19	19469	4864	4872	9736
370063	19	19477	4866	4874	9740
370519	19	19501	4872	4880	9752
371279	19	19541	4882	4890	9772
372343	19	19597	4896	4904	9800
373559	19	19661	4912	4920	9832
374471	19	19709	4924	4932	9856
374623	19	19717	4926	4934	9860
376447	19	19813	4950	4958	9908
377207	19	19853	4960	4968	9928
377359	19	19861	4962	4970	9932
379031	19	19949	4984	4992	9976
379487	19	19973	4990	4998	9988
379943	19	19997	4996	5004	10000
380399	19	20021	5002	5010	10012
380551	19	20029	5004	5012	10016
381919	19	20101	5022	5030	10052
382223	19	20117	5026	5034	10060
382831	19	20149	5034	5042	10076
383287	19	20173	5040	5048	10088
384959	19	20261	5062	5070	10132
385111	19	20269	5064	5072	10136
386327	19	20333	5080	5088	10168
386479	19	20341	5082	5090	10172
386783	19	20357	5086	5094	10180
387391	19	20389	5094	5102	10196
389063	19	20477	5116	5124	10240
389671	19	20509	5124	5132	10256
390127	19	20533	5130	5138	10268
390431	19	20549	5134	5142	10276
393167	19	20693	5170	5178	10348
393623	19	20717	5176	5184	10360
394231	19	20749	5184	5192	10376
394687	19	20773	5190	5198	10388
394991	19	20789	5194	5202	10396
398639	19	20981	5242	5250	10492
399247	19	21013	5250	5258	10508
400159	19	21061	5262	5270	10532
400919	19	21101	5272	5280	10552
401831	19	21149	5284	5292	10576
401983	19	21157	5286	5294	10580
403199	19	21221	5302	5310	10612
404111	19	21269	5314	5322	10636
404263	19	21277	5316	5324	10640
405023	19	21317	5326	5334	10660
405479	19	21341	5332	5340	10672
406543	19	21397	5346	5354	10700
408367	19	21493	5370	5378	10748
408823	19	21517	5376	5384	10760
409583	19	21557	5386	5394	10780
410191	19	21589	5394	5402	10796
410647	19	21613	5400	5408	10808
411559	19	21661	5412	5420	10832
412319	19	21701	5422	5430	10852
413383	19	21757	5436	5444	10880
413687	19	21773	5440	5448	10888
414599	19	21821	5452	5460	10912
415967	19	21893	5470	5478	10948
417943	19	21997	5496	5504	11000
418247	19	22013	5500	5508	11008
418703	19	22037	5506	5514	11020
419767	19	22093	5520	5528	11048
420071	19	22109	5524	5532	11056
420527	19	22133	5530	5538	11068
420983	19	22157	5536	5544	11080
421591	19	22189	5544	5552	11096
422351	19	22229	5554	5562	11116
423263	19	22277	5566	5574	11140
424631	19	22349	5584	5592	11176
425239	19	22381	5592	5600	11192
425543	19	22397	5596	5604	11200
426607	19	22453	5610	5618	11228
426911	19	22469	5614	5622	11236
427519	19	22501	5622	5630	11252
428279	19	22541	5632	5640	11272
428431	19	22549	5634	5642	11276
428887	19	22573	5640	5648	11288
429647	19	22613	5650	5658	11308
429799	19	22621	5652	5660	11312
430103	19	22637	5656	5664	11320
430711	19	22669	5664	5672	11336
431471	19	22709	5674	5682	11356
431623	19	22717	5676	5684	11360
432079	19	22741	5682	5690	11372
434207	19	22853	5710	5718	11428
434359	19	22861	5712	5720	11432
434663	19	22877	5716	5724	11440
435119	19	22901	5722	5730	11452
436487	19	22973	5740	5748	11488
437399	19	23021	5752	5760	11512
437551	19	23029	5754	5762	11516
438007	19	23053	5760	5768	11528
439223	19	23117	5776	5784	11560
440287	19	23173	5790	5798	11588
440591	19	23189	5794	5802	11596
440743	19	23197	5796	5804	11600
442111	19	23269	5814	5822	11636
442567	19	23293	5820	5828	11648
443327	19	23333	5830	5838	11668
443783	19	23357	5836	5844	11680
446671	19	23509	5874	5882	11756
447431	19	23549	5884	5892	11776
447583	19	23557	5886	5894	11780
448039	19	23581	5892	5900	11792
448951	19	23629	5904	5912	11816
449711	19	23669	5914	5922	11836
449863	19	23677	5916	5924	11840
451079	19	23741	5932	5940	11872
451687	19	23773	5940	5948	11888
451991	19	23789	5944	5952	11896
452447	19	23813	5950	5958	11908
453511	19	23869	5964	5972	11936
453967	19	23893	5970	5978	11948
454271	19	23909	5974	5982	11956
454423	19	23917	5976	5984	11960
455183	19	23957	5986	5994	11980
455639	19	23981	5992	6000	11992
456551	19	24029	6004	6012	12016
457159	19	24061	6012	6020	12032
457463	19	24077	6016	6024	12040
458071	19	24109	6024	6032	12056
458527	19	24133	6030	6038	12068
459439	19	24181	6042	6050	12092
459743	19	24197	6046	6054	12100
460351	19	24229	6054	6062	12116
462023	19	24317	6076	6084	12160
463087	19	24373	6090	6098	12188
463847	19	24413	6100	6108	12208
463999	19	24421	6102	6110	12212
464911	19	24469	6114	6122	12236
465671	19	24509	6124	6132	12256
465823	19	24517	6126	6134	12260
466127	19	24533	6130	6138	12268
468863	19	24677	6166	6174	12340
469471	19	24709	6174	6182	12356
469927	19	24733	6180	6188	12368
470231	19	24749	6184	6192	12376
470839	19	24781	6192	6200	12392
471599	19	24821	6202	6210	12412
472663	19	24877	6216	6224	12440
473423	19	24917	6226	6234	12460
474791	19	24989	6244	6252	12496
475247	19	25013	6250	6258	12508
475703	19	25037	6256	6264	12520
477223	19	25117	6276	6284	12560
478591	19	25189	6294	6302	12596
479351	19	25229	6304	6312	12616
479503	19	25237	6306	6314	12620
479807	19	25253	6310	6318	12628
479959	19	25261	6312	6320	12632
480719	19	25301	6322	6330	12652
480871	19	25309	6324	6332	12656
481631	19	25349	6334	6342	12676
481783	19	25357	6336	6344	12680
482087	19	25373	6340	6348	12688
483607	19	25453	6360	6368	12728
483911	19	25469	6364	6372	12736
485279	19	25541	6382	6390	12772
486191	19	25589	6394	6402	12796
486799	19	25621	6402	6410	12812
488167	19	25693	6420	6428	12848
488623	19	25717	6426	6434	12860
488927	19	25733	6430	6438	12868
489079	19	25741	6432	6440	12872
492727	19	25933	6480	6488	12968
493639	19	25981	6492	6500	12992
493943	19	25997	6496	6504	13000
494399	19	26021	6502	6510	13012
494551	19	26029	6504	6512	13016
495007	19	26053	6510	6518	13028
496679	19	26141	6532	6540	13072
497591	19	26189	6544	6552	13096
498503	19	26237	6556	6564	13120
498959	19	26261	6562	6570	13132
499567	19	26293	6570	6578	13148
499871	19	26309	6574	6582	13156
943	23	41	6	16	22
1679	23	73	14	24	38
2047	23	89	18	28	46
2231	23	97	20	30	50
2599	23	113	24	34	58
3151	23	137	30	40	70
4439	23	193	44	54	98
5359	23	233	54	64	118
5543	23	241	56	66	122
5911	23	257	60	70	130
6463	23	281	66	76	142
7199	23	313	74	84	158
7751	23	337	80	90	170
8119	23	353	84	94	178
9223	23	401	96	106	202
9407	23	409	98	108	206
9959	23	433	104	114	218
10327	23	449	108	118	226
10511	23	457	110	120	230
11983	23	521	126	136	262
13087	23	569	138	148	286
13271	23	577	140	150	290
13639	23	593	144	154	298
13823	23	601	146	156	302
14191	23	617	150	160	310
14743	23	641	156	166	322
15479	23	673	164	174	338
17503	23	761	186	196	382
17687	23	769	188	198	386
18607	23	809	198	208	406
19711	23	857	210	220	430
20263	23	881	216	226	442
21367	23	929	228	238	466
21551	23	937	230	240	470
21919	23	953	234	244	478
22471	23	977	240	250	490
23207	23	1009	248	258	506
23759	23	1033	254	264	518
24127	23	1049	258	268	526
25231	23	1097	270	280	550
25967	23	1129	278	288	566
26519	23	1153	284	294	578
27439	23	1193	294	304	598
27623	23	1201	296	306	602
27991	23	1217	300	310	610
28727	23	1249	308	318	626
29647	23	1289	318	328	646
29831	23	1297	320	330	650
30383	23	1321	326	336	662
31303	23	1361	336	346	682
32407	23	1409	348	358	706
32959	23	1433	354	364	718
34063	23	1481	366	376	742
34247	23	1489	368	378	746
35719	23	1553	384	394	778
36823	23	1601	396	406	802
37007	23	1609	398	408	806
38111	23	1657	410	420	830
39031	23	1697	420	430	850
39583	23	1721	426	436	862
40319	23	1753	434	444	878
40871	23	1777	440	450	890
41423	23	1801	446	456	902
43079	23	1873	464	474	938
43447	23	1889	468	478	946
43999	23	1913	474	484	958
45839	23	1993	494	504	998
46391	23	2017	500	510	1010
47863	23	2081	516	526	1042
48047	23	2089	518	528	1046
48599	23	2113	524	534	1058
48967	23	2129	528	538	1066
49151	23	2137	530	540	1070
49519	23	2153	534	544	1078
49703	23	2161	536	546	1082
52279	23	2273	564	574	1138
52463	23	2281	566	576	1142
52831	23	2297	570	580	1150
54671	23	2377	590	600	1190
55039	23	2393	594	604	1198
55591	23	2417	600	610	1210
56143	23	2441	606	616	1222
56879	23	2473	614	624	1238
57983	23	2521	626	636	1262
59639	23	2593	644	654	1298
60007	23	2609	648	658	1306
60191	23	2617	650	660	1310
60559	23	2633	654	664	1318
61111	23	2657	660	670	1330
61847	23	2689	668	678	1346
62399	23	2713	674	684	1358
62767	23	2729	678	688	1366
63319	23	2753	684	694	1378
63871	23	2777	690	700	1390
64423	23	2801	696	706	1402
65159	23	2833	704	714	1418
65711	23	2857	710	720	1430
66631	23	2897	720	730	1450
67919	23	2953	734	744	1478
68287	23	2969	738	748	1486
69023	23	3001	746	756	1502
69943	23	3041	756	766	1522
70127	23	3049	758	768	1526
71047	23	3089	768	778	1546
71783	23	3121	776	786	1562
72151	23	3137	780	790	1570
72887	23	3169	788	798	1586
73807	23	3209	798	808	1606
73991	23	3217	800	810	1610
74911	23	3257	810	820	1630
76199	23	3313	824	834	1658
76567	23	3329	828	838	1666
77303	23	3361	836	846	1682
78959	23	3433	854	864	1718
79327	23	3449	858	868	1726
79511	23	3457	860	870	1730
81167	23	3529	878	888	1766
82639	23	3593	894	904	1798
83191	23	3617	900	910	1810
84479	23	3673	914	924	1838
85031	23	3697	920	930	1850
86503	23	3761	936	946	1882
86687	23	3769	938	948	1886
87239	23	3793	944	954	1898
88159	23	3833	954	964	1918
89263	23	3881	966	976	1942
89447	23	3889	968	978	1946
90367	23	3929	978	988	1966
92023	23	4001	996	1006	2002
93127	23	4049	1008	1018	2026
93311	23	4057	1010	1020	2030
93679	23	4073	1014	1024	2038
94967	23	4129	1028	1038	2066
95519	23	4153	1034	1044	2078
96071	23	4177	1040	1050	2090
96623	23	4201	1046	1056	2102
96991	23	4217	1050	1060	2110
97543	23	4241	1056	1066	2122
98279	23	4273	1064	1074	2138
98647	23	4289	1068	1078	2146
98831	23	4297	1070	1080	2150
99751	23	4337	1080	1090	2170
101407	23	4409	1098	1108	2206
102143	23	4441	1106	1116	2222
102511	23	4457	1110	1120	2230
103063	23	4481	1116	1126	2242
103799	23	4513	1124	1134	2258
104903	23	4561	1136	1146	2282
106927	23	4649	1158	1168	2326
107111	23	4657	1160	1170	2330
107479	23	4673	1164	1174	2338
108583	23	4721	1176	1186	2362
108767	23	4729	1178	1188	2366
110239	23	4793	1194	1204	2398
110423	23	4801	1196	1206	2402
110791	23	4817	1200	1210	2410
112447	23	4889	1218	1228	2446
113551	23	4937	1230	1240	2470
114287	23	4969	1238	1248	2486
114839	23	4993	1244	1254	2498
115207	23	5009	1248	1258	2506
116863	23	5081	1266	1276	2542
117599	23	5113	1274	1284	2558
118519	23	5153	1284	1294	2578
119807	23	5209	1298	1308	2606
120359	23	5233	1304	1314	2618
121279	23	5273	1314	1324	2638
121463	23	5281	1316	1326	2642
121831	23	5297	1320	1330	2650
124039	23	5393	1344	1354	2698
124591	23	5417	1350	1360	2710
125143	23	5441	1356	1366	2722
125327	23	5449	1358	1368	2726
126983	23	5521	1376	1386	2762
128087	23	5569	1388	1398	2786
129743	23	5641	1406	1416	2822
130111	23	5657	1410	1420	2830
130847	23	5689	1418	1428	2846
131951	23	5737	1430	1440	2870
133423	23	5801	1446	1456	2902
134527	23	5849	1458	1468	2926
134711	23	5857	1460	1470	2930
135263	23	5881	1466	1476	2942
135631	23	5897	1470	1480	2950
136919	23	5953	1484	1494	2978
139679	23	6073	1514	1524	3038
140047	23	6089	1518	1528	3046
140599	23	6113	1524	1534	3058
140783	23	6121	1526	1536	3062
142991	23	6217	1550	1560	3110
143911	23	6257	1560	1570	3130
145567	23	6329	1578	1588	3166
145751	23	6337	1580	1590	3170
146119	23	6353	1584	1594	3178
146303	23	6361	1586	1596	3182
148327	23	6449	1608	1618	3226
148879	23	6473	1614	1624	3238
149063	23	6481	1616	1626	3242
149983	23	6521	1626	1636	3262
150167	23	6529	1628	1638	3266
150719	23	6553	1634	1644	3278
151087	23	6569	1638	1648	3286
151271	23	6577	1640	1650	3290
153479	23	6673	1664	1674	3338
153847	23	6689	1668	1678	3346
154951	23	6737	1680	1690	3370
155503	23	6761	1686	1696	3382
156239	23	6793	1694	1704	3398
157159	23	6833	1704	1714	3418
157343	23	6841	1706	1716	3422
157711	23	6857	1710	1720	3430
160103	23	6961	1736	1746	3482
160471	23	6977	1740	1750	3490
161023	23	7001	1746	1756	3502
162311	23	7057	1760	1770	3530
163783	23	7121	1776	1786	3562
163967	23	7129	1778	1788	3566
165071	23	7177	1790	1800	3590
165439	23	7193	1794	1804	3598
167831	23	7297	1820	1830	3650
168383	23	7321	1826	1836	3662
169487	23	7369	1838	1848	3686
170039	23	7393	1844	1854	3698
170591	23	7417	1850	1860	3710
170959	23	7433	1854	1864	3718
171511	23	7457	1860	1870	3730
172063	23	7481	1866	1876	3742
172247	23	7489	1868	1878	3746
173167	23	7529	1878	1888	3766
173351	23	7537	1880	1890	3770
173903	23	7561	1886	1896	3782
174271	23	7577	1890	1900	3790
175927	23	7649	1908	1918	3826
176479	23	7673	1914	1924	3838
176663	23	7681	1916	1926	3842
178319	23	7753	1934	1944	3878
179239	23	7793	1944	1954	3898
179791	23	7817	1950	1960	3910
180343	23	7841	1956	1966	3922
181079	23	7873	1964	1974	3938
182551	23	7937	1980	1990	3970
183839	23	7993	1994	2004	3998
184207	23	8009	1998	2008	4006
184391	23	8017	2000	2010	4010
185863	23	8081	2016	2026	4042
186047	23	8089	2018	2028	4046
187703	23	8161	2036	2046	4082
188807	23	8209	2048	2058	4106
189359	23	8233	2054	2064	4118
190279	23	8273	2064	2074	4138
190831	23	8297	2070	2080	4150
191567	23	8329	2078	2088	4166
192119	23	8353	2084	2094	4178
192487	23	8369	2088	2098	4186
192671	23	8377	2090	2100	4190
195799	23	8513	2124	2134	4258
195983	23	8521	2126	2136	4262
196351	23	8537	2130	2140	4270
198007	23	8609	2148	2158	4306
198743	23	8641	2156	2166	4322
199663	23	8681	2166	2176	4342
199847	23	8689	2168	2178	4346
200399	23	8713	2174	2184	4358
200951	23	8737	2180	2190	4370
201319	23	8753	2184	2194	4378
201503	23	8761	2186	2196	4382
203527	23	8849	2208	2218	4426
205367	23	8929	2228	2238	4466
206287	23	8969	2238	2248	4486
207023	23	9001	2246	2256	4502
207943	23	9041	2256	2266	4522
208127	23	9049	2258	2268	4526
210151	23	9137	2280	2290	4570
210703	23	9161	2286	2296	4582
211807	23	9209	2298	2308	4606
212543	23	9241	2306	2316	4622
212911	23	9257	2310	2320	4630
213463	23	9281	2316	2326	4642
214751	23	9337	2330	2340	4670
215671	23	9377	2340	2350	4690
216959	23	9433	2354	2364	4718
217879	23	9473	2364	2374	4738
218431	23	9497	2370	2380	4750
218983	23	9521	2376	2386	4762
220823	23	9601	2396	2406	4802
221927	23	9649	2408	2418	4826
222847	23	9689	2418	2428	4846
223031	23	9697	2420	2430	4850
223583	23	9721	2426	2436	4862
224687	23	9769	2438	2448	4886
225791	23	9817	2450	2460	4910
226159	23	9833	2454	2464	4918
226711	23	9857	2460	2470	4930
228367	23	9929	2478	2488	4966
230207	23	10009	2498	2508	5006
233887	23	10169	2538	2548	5086
234071	23	10177	2540	2550	5090
234439	23	10193	2544	2554	5098
236279	23	10273	2564	2574	5138
236647	23	10289	2568	2578	5146
237199	23	10313	2574	2584	5158
237383	23	10321	2576	2586	5162
237751	23	10337	2580	2590	5170
238487	23	10369	2588	2598	5186
239959	23	10433	2604	2614	5218
240511	23	10457	2610	2620	5230
241799	23	10513	2624	2634	5258
242167	23	10529	2628	2638	5266
243823	23	10601	2646	2656	5302
245111	23	10657	2660	2670	5330
246767	23	10729	2678	2688	5366
247319	23	10753	2684	2694	5378
250447	23	10889	2718	2728	5446
251551	23	10937	2730	2740	5470
252839	23	10993	2744	2754	5498
254311	23	11057	2760	2770	5530
255599	23	11113	2774	2784	5558
256703	23	11161	2786	2796	5582
257071	23	11177	2790	2800	5590
258911	23	11257	2810	2820	5630
259279	23	11273	2814	2824	5638
260383	23	11321	2826	2836	5662
260567	23	11329	2828	2838	5666
261119	23	11353	2834	2844	5678
261487	23	11369	2838	2848	5686
262039	23	11393	2844	2854	5698
264247	23	11489	2868	2878	5746
264431	23	11497	2870	2880	5750
266639	23	11593	2894	2904	5798
267191	23	11617	2900	2910	5810
267559	23	11633	2904	2914	5818
268111	23	11657	2910	2920	5830
268663	23	11681	2916	2926	5842
268847	23	11689	2918	2928	5846
270871	23	11777	2940	2950	5890
271423	23	11801	2946	2956	5902
272159	23	11833	2954	2964	5918
273631	23	11897	2970	2980	5950
274919	23	11953	2984	2994	5978
275287	23	11969	2988	2998	5986
276943	23	12041	3006	3016	6022
277127	23	12049	3008	3018	6026
277679	23	12073	3014	3024	6038
278231	23	12097	3020	3030	6050
278599	23	12113	3024	3034	6058
279703	23	12161	3036	3046	6082
281543	23	12241	3056	3066	6122
282463	23	12281	3066	3076	6142
282647	23	12289	3068	3078	6146
283567	23	12329	3078	3088	6166
284671	23	12377	3090	3100	6190
285223	23	12401	3096	3106	6202
285407	23	12409	3098	3108	6206
285959	23	12433	3104	3114	6218
286511	23	12457	3110	3120	6230
286879	23	12473	3114	3124	6238
287431	23	12497	3120	3130	6250
288719	23	12553	3134	3144	6278
289087	23	12569	3138	3148	6286
289271	23	12577	3140	3150	6290
289823	23	12601	3146	3156	6302
290743	23	12641	3156	3166	6322
291847	23	12689	3168	3178	6346
292031	23	12697	3170	3180	6350
292399	23	12713	3174	3184	6358
292583	23	12721	3176	3186	6362
294607	23	12809	3198	3208	6406
295343	23	12841	3206	3216	6422
296447	23	12889	3218	3228	6446
297919	23	12953	3234	3244	6478
299023	23	13001	3246	3256	6502
299207	23	13009	3248	3258	6506
299759	23	13033	3254	3264	6518
300127	23	13049	3258	3268	6526
301783	23	13121	3276	3286	6562
303071	23	13177	3290	3300	6590
303991	23	13217	3300	3310	6610
304543	23	13241	3306	3316	6622
304727	23	13249	3308	3318	6626
305831	23	13297	3320	3330	6650
306199	23	13313	3324	3334	6658
306751	23	13337	3330	3340	6670
308591	23	13417	3350	3360	6710
309143	23	13441	3356	3366	6722
309511	23	13457	3360	3370	6730
310799	23	13513	3374	3384	6758
311351	23	13537	3380	3390	6770
311719	23	13553	3384	3394	6778
312271	23	13577	3390	3400	6790
313559	23	13633	3404	3414	6818
313927	23	13649	3408	3418	6826
314663	23	13681	3416	3426	6842
315031	23	13697	3420	3430	6850
315583	23	13721	3426	3436	6862
315767	23	13729	3428	3438	6866
318343	23	13841	3456	3466	6922
319079	23	13873	3464	3474	6938
319999	23	13913	3474	3484	6958
320183	23	13921	3476	3486	6962
322207	23	14009	3498	3508	7006
322759	23	14033	3504	3514	7018
323311	23	14057	3510	3520	7030
323863	23	14081	3516	3526	7042
325519	23	14153	3534	3544	7078
326071	23	14177	3540	3550	7090
327727	23	14249	3558	3568	7126
328463	23	14281	3566	3576	7142
329383	23	14321	3576	3586	7162
330487	23	14369	3588	3598	7186
331223	23	14401	3596	3606	7202
332327	23	14449	3608	3618	7226
333247	23	14489	3618	3628	7246
334351	23	14537	3630	3640	7270
334903	23	14561	3636	3646	7282
335639	23	14593	3644	3654	7298
336559	23	14633	3654	3664	7318
337111	23	14657	3660	3670	7330
338399	23	14713	3674	3684	7358
338951	23	14737	3680	3690	7370
339319	23	14753	3684	3694	7378
342631	23	14897	3720	3730	7450
343367	23	14929	3728	3738	7466
344287	23	14969	3738	3748	7486
345391	23	15017	3750	3760	7510
346679	23	15073	3764	3774	7538
347783	23	15121	3776	3786	7562
348151	23	15137	3780	3790	7570
348703	23	15161	3786	3796	7582
349439	23	15193	3794	3804	7598
349991	23	15217	3800	3810	7610
350359	23	15233	3804	3814	7618
350543	23	15241	3806	3816	7622
351647	23	15289	3818	3828	7646
352199	23	15313	3824	3834	7658
352567	23	15329	3828	3838	7666
353303	23	15361	3836	3846	7682
353671	23	15377	3840	3850	7690
354223	23	15401	3846	3856	7702
355879	23	15473	3864	3874	7738
356431	23	15497	3870	3880	7750
358087	23	15569	3888	3898	7786
358823	23	15601	3896	3906	7802
359743	23	15641	3906	3916	7822
359927	23	15649	3908	3918	7826
361951	23	15737	3930	3940	7870
362503	23	15761	3936	3946	7882
363607	23	15809	3948	3958	7906
363791	23	15817	3950	3960	7910
365263	23	15881	3966	3976	7942
365447	23	15889	3968	3978	7946
365999	23	15913	3974	3984	7958
366551	23	15937	3980	3990	7970
368023	23	16001	3996	4006	8002
368759	23	16033	4004	4014	8018
369311	23	16057	4010	4020	8030
369679	23	16073	4014	4024	8038
370231	23	16097	4020	4030	8050
372439	23	16193	4044	4054	8098
372991	23	16217	4050	4060	8110
373727	23	16249	4058	4068	8126
374279	23	16273	4064	4074	8138
376303	23	16361	4086	4096	8182
376487	23	16369	4088	4098	8186
377591	23	16417	4100	4110	8210
377959	23	16433	4104	4114	8218
379063	23	16481	4116	4126	8242
380167	23	16529	4128	4138	8266
380719	23	16553	4134	4144	8278
380903	23	16561	4136	4146	8282
382559	23	16633	4154	4164	8318
382927	23	16649	4158	4168	8326
383111	23	16657	4160	4170	8330
383479	23	16673	4164	4174	8338
384767	23	16729	4178	4188	8366
388447	23	16889	4218	4228	8446
389183	23	16921	4226	4236	8462
389551	23	16937	4230	4240	8470
390839	23	16993	4244	4254	8498
391759	23	17033	4254	4264	8518
391943	23	17041	4256	4266	8522
394151	23	17137	4280	4290	8570
395807	23	17209	4298	4308	8606
396911	23	17257	4310	4320	8630
398383	23	17321	4326	4336	8662
399671	23	17377	4340	4350	8690
400039	23	17393	4344	4354	8698
400223	23	17401	4346	4356	8702
400591	23	17417	4350	4360	8710
401327	23	17449	4358	4368	8726
402247	23	17489	4368	4378	8746
402431	23	17497	4370	4380	8750
404087	23	17569	4388	4398	8786
405007	23	17609	4398	4408	8806
406111	23	17657	4410	4420	8830
406663	23	17681	4416	4426	8842
407399	23	17713	4424	4434	8858
407767	23	17729	4428	4438	8866
407951	23	17737	4430	4440	8870
408503	23	17761	4436	4446	8882
411263	23	17881	4466	4476	8942
412183	23	17921	4476	4486	8962
412367	23	17929	4478	4488	8966
413471	23	17977	4490	4500	8990
414943	23	18041	4506	4516	9022
415127	23	18049	4508	4518	9026
416047	23	18089	4518	4528	9046
416231	23	18097	4520	4530	9050
416783	23	18121	4526	4536	9062
417887	23	18169	4538	4548	9086
418991	23	18217	4550	4560	9110
419359	23	18233	4554	4564	9118
419911	23	18257	4560	4570	9130
420647	23	18289	4568	4578	9146
421199	23	18313	4574	4584	9158
421567	23	18329	4578	4588	9166
422119	23	18353	4584	4594	9178
423223	23	18401	4596	4606	9202
423959	23	18433	4604	4614	9218
424511	23	18457	4610	4620	9230
425063	23	18481	4616	4626	9242
425983	23	18521	4626	4636	9262
426719	23	18553	4634	4644	9278
427639	23	18593	4644	4654	9298
428191	23	18617	4650	4660	9310
430399	23	18713	4674	4684	9358
432239	23	18793	4694	4704	9398
434999	23	18913	4724	4734	9458
437023	23	19001	4746	4756	9502
437207	23	19009	4748	4758	9506
438679	23	19073	4764	4774	9538
438863	23	19081	4766	4776	9542
439783	23	19121	4776	4786	9562
442727	23	19249	4808	4818	9626
443279	23	19273	4814	4824	9638
443647	23	19289	4818	4828	9646
446591	23	19417	4850	4860	9710
446959	23	19433	4854	4864	9718
447143	23	19441	4856	4866	9722
447511	23	19457	4860	4870	9730
448247	23	19489	4868	4878	9746
449719	23	19553	4884	4894	9778
450271	23	19577	4890	4900	9790
451007	23	19609	4898	4908	9806
452663	23	19681	4916	4926	9842
453031	23	19697	4920	4930	9850
454319	23	19753	4934	4944	9878
454871	23	19777	4940	4950	9890
455239	23	19793	4944	4954	9898
455423	23	19801	4946	4956	9902
456343	23	19841	4956	4966	9922
457447	23	19889	4968	4978	9946
457999	23	19913	4974	4984	9958
458551	23	19937	4980	4990	9970
459103	23	19961	4986	4996	9982
459839	23	19993	4994	5004	9998
462047	23	20089	5018	5028	10046
462599	23	20113	5024	5034	10058
462967	23	20129	5028	5038	10066
463703	23	20161	5036	5046	10082
464071	23	20177	5040	5050	10090
464623	23	20201	5046	5056	10102
465359	23	20233	5054	5064	10118
465727	23	20249	5058	5068	10126
466831	23	20297	5070	5080	10150
468119	23	20353	5084	5094	10178
468487	23	20369	5088	5098	10186
469039	23	20393	5094	5104	10198
470143	23	20441	5106	5116	10222
471983	23	20521	5126	5136	10262
473639	23	20593	5144	5154	10298
474743	23	20641	5156	5166	10322
475663	23	20681	5166	5176	10342
477319	23	20753	5184	5194	10378
478607	23	20809	5198	5208	10406
479527	23	20849	5208	5218	10426
479711	23	20857	5210	5220	10430
480079	23	20873	5214	5224	10438
480631	23	20897	5220	5230	10450
481183	23	20921	5226	5236	10462
481367	23	20929	5228	5238	10466
483023	23	21001	5246	5256	10502
483391	23	21017	5250	5260	10510
485047	23	21089	5268	5278	10546
485783	23	21121	5276	5286	10562
486887	23	21169	5288	5298	10586
487439	23	21193	5294	5304	10598
490199	23	21313	5324	5334	10658
491671	23	21377	5340	5350	10690
492223	23	21401	5346	5356	10702
492959	23	21433	5354	5364	10718
494063	23	21481	5366	5376	10742
494983	23	21521	5376	5386	10762
495167	23	21529	5378	5388	10766
496087	23	21569	5388	5398	10786
496271	23	21577	5390	5400	10790
496823	23	21601	5396	5406	10802
497191	23	21617	5400	5410	10810
497927	23	21649	5408	5418	10826
498479	23	21673	5414	5424	10838
499399	23	21713	5424	5434	10858
499951	23	21737	5430	5440	10870
1247	29	43	5	18	23
1711	29	59	9	22	31
1943	29	67	11	24	35
2407	29	83	15	28	43
3103	29	107	21	34	55
3799	29	131	27	40	67
4031	29	139	29	42	71
4727	29	163	35	48	83
5191	29	179	39	52	91
6119	29	211	47	60	107
6583	29	227	51	64	115
7279	29	251	57	70	127
8207	29	283	65	78	143
8903	29	307	71	84	155
9599	29	331	77	90	167
10063	29	347	81	94	175
10991	29	379	89	102	191
12151	29	419	99	112	211
12847	29	443	105	118	223
13543	29	467	111	124	235
14239	29	491	117	130	247
14471	29	499	119	132	251
15167	29	523	125	138	263
15863	29	547	131	144	275
16327	29	563	135	148	283
16559	29	571	137	150	287
17023	29	587	141	154	295
17951	29	619	149	162	311
18647	29	643	155	168	323
19111	29	659	159	172	331
19807	29	683	165	178	343
20039	29	691	167	180	347
21431	29	739	179	192	371
22823	29	787	191	204	395
23519	29	811	197	210	407
23983	29	827	201	214	415
24911	29	859	209	222	431
25607	29	883	215	228	443
26303	29	907	221	234	455
27463	29	947	231	244	475
28159	29	971	237	250	487
29551	29	1019	249	262	511
30479	29	1051	257	270	527
31639	29	1091	267	280	547
32567	29	1123	275	288	563
33727	29	1163	285	298	583
33959	29	1171	287	300	587
34423	29	1187	291	304	595
36511	29	1259	309	322	631
37207	29	1283	315	328	643
37439	29	1291	317	330	647
37903	29	1307	321	334	655
41383	29	1427	351	364	715
42079	29	1451	357	370	727
42311	29	1459	359	372	731
43007	29	1483	365	378	743
43471	29	1499	369	382	751
44167	29	1523	375	388	763
44399	29	1531	377	390	767
45559	29	1571	387	400	787
45791	29	1579	389	402	791
46951	29	1619	399	412	811
47183	29	1627	401	414	815
48343	29	1667	411	424	835
49271	29	1699	419	432	851
49967	29	1723	425	438	863
50663	29	1747	431	444	875
51823	29	1787	441	454	895
52519	29	1811	447	460	907
54143	29	1867	461	474	935
55303	29	1907	471	484	955
55999	29	1931	477	490	967
57391	29	1979	489	502	991
57623	29	1987	491	504	995
58087	29	2003	495	508	1003
58319	29	2011	497	510	1007
58783	29	2027	501	514	1015
60407	29	2083	515	528	1043
60871	29	2099	519	532	1051
61799	29	2131	527	540	1067
63191	29	2179	539	552	1091
63887	29	2203	545	558	1103
65047	29	2243	555	568	1123
65279	29	2251	557	570	1127
65743	29	2267	561	574	1135
67831	29	2339	579	592	1171
68063	29	2347	581	594	1175
68759	29	2371	587	600	1187
69919	29	2411	597	610	1207
71311	29	2459	609	622	1231
71543	29	2467	611	624	1235
73399	29	2531	627	640	1267
73631	29	2539	629	642	1271
74791	29	2579	639	652	1291
77111	29	2659	659	672	1331
77807	29	2683	665	678	1343
78271	29	2699	669	682	1351
78503	29	2707	671	684	1355
79199	29	2731	677	690	1367
81287	29	2803	695	708	1403
81751	29	2819	699	712	1411
82447	29	2843	705	718	1423
82679	29	2851	707	720	1427
85231	29	2939	729	742	1471
85927	29	2963	735	748	1483
86159	29	2971	737	750	1487
87319	29	3011	747	760	1507
87551	29	3019	749	762	1511
88943	29	3067	761	774	1535
89407	29	3083	765	778	1543
91727	29	3163	785	798	1583
92423	29	3187	791	804	1595
92887	29	3203	795	808	1603
94279	29	3251	807	820	1627
94511	29	3259	809	822	1631
95671	29	3299	819	832	1651
95903	29	3307	821	834	1655
96367	29	3323	825	838	1663
96599	29	3331	827	840	1667
97063	29	3347	831	844	1675
97759	29	3371	837	850	1687
100543	29	3467	861	874	1735
101239	29	3491	867	880	1747
101471	29	3499	869	882	1751
102631	29	3539	879	892	1771
102863	29	3547	881	894	1775
103559	29	3571	887	900	1787
105647	29	3643	905	918	1823
106111	29	3659	909	922	1831
107039	29	3691	917	930	1847
108431	29	3739	929	942	1871
109591	29	3779	939	952	1891
110287	29	3803	945	958	1903
111679	29	3851	957	970	1927
113303	29	3907	971	984	1955
113767	29	3923	975	988	1963
113999	29	3931	977	990	1967
114463	29	3947	981	994	1975
116087	29	4003	995	1008	2003
116551	29	4019	999	1012	2011
116783	29	4027	1001	1014	2015
117479	29	4051	1007	1020	2027
118639	29	4091	1017	1030	2047
118871	29	4099	1019	1032	2051
120031	29	4139	1029	1042	2071
122119	29	4211	1047	1060	2107
122351	29	4219	1049	1062	2111
123047	29	4243	1055	1068	2123
123511	29	4259	1059	1072	2131
124207	29	4283	1065	1078	2143
125831	29	4339	1079	1092	2171
126527	29	4363	1085	1098	2183
129079	29	4451	1107	1120	2227
130007	29	4483	1115	1128	2243
130703	29	4507	1121	1134	2255
131167	29	4523	1125	1138	2263
131863	29	4547	1131	1144	2275
133487	29	4603	1145	1158	2303
134647	29	4643	1155	1168	2323
134879	29	4651	1157	1170	2327
136039	29	4691	1167	1180	2347
136967	29	4723	1175	1188	2363
138823	29	4787	1191	1204	2395
142999	29	4931	1227	1240	2467
144623	29	4987	1241	1254	2495
145087	29	5003	1245	1258	2503
145319	29	5011	1247	1260	2507
146479	29	5051	1257	1270	2527
146711	29	5059	1259	1272	2531
147871	29	5099	1269	1282	2551
148103	29	5107	1271	1284	2555
149263	29	5147	1281	1294	2575
149959	29	5171	1287	1300	2587
150191	29	5179	1289	1302	2591
151583	29	5227	1301	1314	2615
154367	29	5323	1325	1338	2663
155063	29	5347	1331	1344	2675
156223	29	5387	1341	1354	2695
157151	29	5419	1349	1362	2711
157847	29	5443	1355	1368	2723
159007	29	5483	1365	1378	2743
159703	29	5507	1371	1384	2755
160399	29	5531	1377	1390	2767
161327	29	5563	1385	1398	2783
163879	29	5651	1407	1420	2827
164111	29	5659	1409	1422	2831
164807	29	5683	1415	1428	2843
167591	29	5779	1439	1452	2891
168983	29	5827	1451	1464	2915
169447	29	5843	1455	1468	2923
169679	29	5851	1457	1470	2927
170143	29	5867	1461	1474	2935
171767	29	5923	1475	1488	2963
172231	29	5939	1479	1492	2971
173623	29	5987	1491	1504	2995
174319	29	6011	1497	1510	3007
175247	29	6043	1505	1518	3023
175943	29	6067	1511	1524	3035
176639	29	6091	1517	1530	3047
177799	29	6131	1527	1540	3067
178727	29	6163	1535	1548	3083
179887	29	6203	1545	1558	3103
180119	29	6211	1547	1560	3107
182671	29	6299	1569	1582	3151
183367	29	6323	1575	1588	3163
184991	29	6379	1589	1602	3191
186383	29	6427	1601	1614	3215
187079	29	6451	1607	1620	3227
188239	29	6491	1617	1630	3247
189863	29	6547	1631	1644	3275
190327	29	6563	1635	1648	3283
190559	29	6571	1637	1650	3287
191951	29	6619	1649	1662	3311
193111	29	6659	1659	1672	3331
194039	29	6691	1667	1680	3347
196127	29	6763	1685	1698	3383
196591	29	6779	1689	1702	3391
197287	29	6803	1695	1708	3403
197983	29	6827	1701	1714	3415
199607	29	6883	1715	1728	3443
200071	29	6899	1719	1732	3451
200303	29	6907	1721	1734	3455
201463	29	6947	1731	1744	3475
202159	29	6971	1737	1750	3487
203551	29	7019	1749	1762	3511
203783	29	7027	1751	1764	3515
204247	29	7043	1755	1768	3523
208423	29	7187	1791	1804	3595
209119	29	7211	1797	1810	3607
209351	29	7219	1799	1812	3611
210047	29	7243	1805	1818	3623
211207	29	7283	1815	1828	3643
211903	29	7307	1821	1834	3655
212599	29	7331	1827	1840	3667
214919	29	7411	1847	1860	3707
216079	29	7451	1857	1870	3727
216311	29	7459	1859	1872	3731
217471	29	7499	1869	1882	3751
217703	29	7507	1871	1884	3755
218167	29	7523	1875	1888	3763
218863	29	7547	1881	1894	3775
220487	29	7603	1895	1908	3803
221647	29	7643	1905	1918	3823
223039	29	7691	1917	1930	3847
223271	29	7699	1919	1932	3851
223967	29	7723	1925	1938	3863
228143	29	7867	1961	1974	3935
228607	29	7883	1965	1978	3943
229303	29	7907	1971	1984	3955
230927	29	7963	1985	1998	3983
232319	29	8011	1997	2010	4007
233711	29	8059	2009	2022	4031
235567	29	8123	2025	2038	4063
236263	29	8147	2031	2044	4075
236959	29	8171	2037	2050	4087
237191	29	8179	2039	2052	4091
238351	29	8219	2049	2062	4111
239047	29	8243	2055	2068	4123
240439	29	8291	2067	2080	4147
242527	29	8363	2085	2098	4183
243223	29	8387	2091	2104	4195
244151	29	8419	2099	2112	4211
244847	29	8443	2105	2118	4223
245543	29	8467	2111	2124	4235
247631	29	8539	2129	2142	4271
248327	29	8563	2135	2148	4283
250183	29	8627	2151	2164	4315
252271	29	8699	2169	2182	4351
252503	29	8707	2171	2184	4355
253199	29	8731	2177	2190	4367
253663	29	8747	2181	2194	4375
254591	29	8779	2189	2202	4391
255287	29	8803	2195	2208	4403
255751	29	8819	2199	2212	4411
257143	29	8867	2211	2224	4435
258767	29	8923	2225	2238	4463
259927	29	8963	2235	2248	4483
260159	29	8971	2237	2250	4487
261319	29	9011	2247	2260	4507
262247	29	9043	2255	2268	4523
262711	29	9059	2259	2272	4531
262943	29	9067	2261	2274	4535
263639	29	9091	2267	2280	4547
266423	29	9187	2291	2304	4595
266887	29	9203	2295	2308	4603
267583	29	9227	2301	2314	4615
269207	29	9283	2315	2328	4643
270367	29	9323	2325	2338	4663
271759	29	9371	2337	2350	4687
272687	29	9403	2345	2358	4703
273151	29	9419	2349	2362	4711
274543	29	9467	2361	2374	4735
275239	29	9491	2367	2380	4747
276631	29	9539	2379	2392	4771
276863	29	9547	2381	2394	4775
278023	29	9587	2391	2404	4795
278951	29	9619	2399	2412	4811
279647	29	9643	2405	2418	4823
282431	29	9739	2429	2442	4871
283823	29	9787	2441	2454	4895
284287	29	9803	2445	2458	4903
284519	29	9811	2447	2460	4907
285679	29	9851	2457	2470	4927
285911	29	9859	2459	2472	4931
286607	29	9883	2465	2478	4943
287303	29	9907	2471	2484	4955
287767	29	9923	2475	2488	4963
287999	29	9931	2477	2490	4967
291943	29	10067	2511	2524	5035
292639	29	10091	2517	2530	5047
292871	29	10099	2519	2532	5051
294031	29	10139	2529	2542	5071
294727	29	10163	2535	2548	5083
296119	29	10211	2547	2560	5107
297047	29	10243	2555	2568	5123
297511	29	10259	2559	2572	5131
297743	29	10267	2561	2574	5135
299599	29	10331	2577	2590	5167
302383	29	10427	2601	2614	5215
303311	29	10459	2609	2622	5231
304471	29	10499	2619	2632	5251
305399	29	10531	2627	2640	5267
308183	29	10627	2651	2664	5315
308879	29	10651	2657	2670	5327
309343	29	10667	2661	2674	5335
310039	29	10691	2667	2680	5347
310967	29	10723	2675	2688	5363
311431	29	10739	2679	2692	5371
312359	29	10771	2687	2700	5387
314911	29	10859	2709	2722	5431
315143	29	10867	2711	2724	5435
315607	29	10883	2715	2728	5443
315839	29	10891	2717	2730	5447
317231	29	10939	2729	2742	5471
318391	29	10979	2739	2752	5491
318623	29	10987	2741	2754	5495
319087	29	11003	2745	2758	5503
319783	29	11027	2751	2764	5515
320711	29	11059	2759	2772	5531
321407	29	11083	2765	2778	5543
322799	29	11131	2777	2790	5567
323959	29	11171	2787	2800	5587
326047	29	11243	2805	2818	5623
326279	29	11251	2807	2820	5627
327671	29	11299	2819	2832	5651
330919	29	11411	2847	2860	5707
331847	29	11443	2855	2868	5723
332543	29	11467	2861	2874	5735
333007	29	11483	2865	2878	5743
333239	29	11491	2867	2880	5747
335791	29	11579	2889	2902	5791
336023	29	11587	2891	2904	5795
339271	29	11699	2919	2932	5851
340199	29	11731	2927	2940	5867
341591	29	11779	2939	2952	5891
342983	29	11827	2951	2964	5915
344143	29	11867	2961	2974	5935
345767	29	11923	2975	2988	5963
346231	29	11939	2979	2992	5971
347159	29	11971	2987	3000	5987
347623	29	11987	2991	3004	5995
348319	29	12011	2997	3010	6007
349247	29	12043	3005	3018	6023
351103	29	12107	3021	3034	6055
352727	29	12163	3035	3048	6083
353887	29	12203	3045	3058	6103
354119	29	12211	3047	3060	6107
354583	29	12227	3051	3064	6115
355279	29	12251	3057	3070	6127
357367	29	12323	3075	3088	6163
358063	29	12347	3081	3094	6175
358991	29	12379	3089	3102	6191
361079	29	12451	3107	3120	6227
362239	29	12491	3117	3130	6247
363631	29	12539	3129	3142	6271
363863	29	12547	3131	3144	6275
365719	29	12611	3147	3160	6307
365951	29	12619	3149	3162	6311
367111	29	12659	3159	3172	6331
369431	29	12739	3179	3192	6371
370127	29	12763	3185	3198	6383
374071	29	12899	3219	3232	6451
374303	29	12907	3221	3234	6455
374767	29	12923	3225	3238	6463
376391	29	12979	3239	3252	6491
377087	29	13003	3245	3258	6503
378247	29	13043	3255	3268	6523
379871	29	13099	3269	3282	6551
381263	29	13147	3281	3294	6575
381727	29	13163	3285	3298	6583
381959	29	13171	3287	3300	6587
382423	29	13187	3291	3304	6595
383351	29	13219	3299	3312	6611
384511	29	13259	3309	3322	6631
384743	29	13267	3311	3324	6635
385439	29	13291	3317	3330	6647
386599	29	13331	3327	3340	6667
386831	29	13339	3329	3342	6671
388919	29	13411	3347	3360	6707
390079	29	13451	3357	3370	6727
391471	29	13499	3369	3382	6751
392167	29	13523	3375	3388	6763
394951	29	13619	3399	3412	6811
395183	29	13627	3401	3414	6815
397039	29	13691	3417	3430	6847
397967	29	13723	3425	3438	6863
399127	29	13763	3435	3448	6883
401911	29	13859	3459	3472	6931
402607	29	13883	3465	3478	6943
403303	29	13907	3471	3484	6955
403999	29	13931	3477	3490	6967
404927	29	13963	3485	3498	6983
406319	29	14011	3497	3510	7007
407479	29	14051	3507	3520	7027
408407	29	14083	3515	3528	7043
409103	29	14107	3521	3534	7055
413047	29	14243	3555	3568	7123
413279	29	14251	3557	3570	7127
415367	29	14323	3575	3588	7163
416063	29	14347	3581	3594	7175
417223	29	14387	3591	3604	7195
417919	29	14411	3597	3610	7207
418151	29	14419	3599	3612	7211
422327	29	14563	3635	3648	7283
424183	29	14627	3651	3664	7315
425807	29	14683	3665	3678	7343
426271	29	14699	3669	3682	7351
426967	29	14723	3675	3688	7363
427199	29	14731	3677	3690	7367
427663	29	14747	3681	3694	7375
428359	29	14771	3687	3700	7387
428591	29	14779	3689	3702	7391
429983	29	14827	3701	3714	7415
430447	29	14843	3705	3718	7423
430679	29	14851	3707	3720	7427
431143	29	14867	3711	3724	7435
431839	29	14891	3717	3730	7447
432767	29	14923	3725	3738	7463
433231	29	14939	3729	3742	7471
433463	29	14947	3731	3744	7475
437407	29	15083	3765	3778	7543
437639	29	15091	3767	3780	7547
438103	29	15107	3771	3784	7555
438799	29	15131	3777	3790	7567
439031	29	15139	3779	3792	7571
440423	29	15187	3791	3804	7595
441583	29	15227	3801	3814	7615
442511	29	15259	3809	3822	7631
443671	29	15299	3819	3832	7651
443903	29	15307	3821	3834	7655
444599	29	15331	3827	3840	7667
447383	29	15427	3851	3864	7715
447847	29	15443	3855	3868	7723
448079	29	15451	3857	3870	7727
448543	29	15467	3861	3874	7735
452951	29	15619	3899	3912	7811
453647	29	15643	3905	3918	7823
454343	29	15667	3911	3924	7835
454807	29	15683	3915	3928	7843
456199	29	15731	3927	3940	7867
456431	29	15739	3929	3942	7871
457823	29	15787	3941	3954	7895
458287	29	15803	3945	3958	7903
459911	29	15859	3959	3972	7931
461303	29	15907	3971	3984	7955
461767	29	15923	3975	3988	7963
463159	29	15971	3987	4000	7987
465943	29	16067	4011	4024	8035
466639	29	16091	4017	4030	8047
468031	29	16139	4029	4042	8071
469423	29	16187	4041	4054	8095
471743	29	16267	4061	4074	8135
473831	29	16339	4079	4092	8171
474527	29	16363	4085	4098	8183
475919	29	16411	4097	4110	8207
476383	29	16427	4101	4114	8215
477079	29	16451	4107	4120	8227
479863	29	16547	4131	4144	8275
481487	29	16603	4145	4158	8303
481951	29	16619	4149	4162	8311
482879	29	16651	4157	4170	8327
484039	29	16691	4167	4180	8347
484271	29	16699	4169	4182	8351
485663	29	16747	4181	4194	8375
486127	29	16763	4185	4198	8383
486823	29	16787	4191	4204	8395
487519	29	16811	4197	4210	8407
488447	29	16843	4205	4218	8423
489607	29	16883	4215	4228	8443
490999	29	16931	4227	4240	8467
491927	29	16963	4235	4248	8483
492391	29	16979	4239	4252	8491
492623	29	16987	4241	4254	8495
493319	29	17011	4247	4260	8507
493783	29	17027	4251	4264	8515
495871	29	17099	4269	4282	8551
496103	29	17107	4271	4284	8555
496567	29	17123	4275	4288	8563
498887	29	17203	4295	4308	8603
1271	31	41	4	18	22
2263	31	73	12	26	38
2759	31	89	16	30	46
3007	31	97	18	32	50
3503	31	113	22	36	58
4247	31	137	28	42	70
5983	31	193	42	56	98
7223	31	233	52	66	118
7471	31	241	54	68	122
7967	31	257	58	72	130
8711	31	281	64	78	142
9703	31	313	72	86	158
10447	31	337	78	92	170
10943	31	353	82	96	178
12431	31	401	94	108	202
12679	31	409	96	110	206
13423	31	433	102	116	218
13919	31	449	106	120	226
14167	31	457	108	122	230
16151	31	521	124	138	262
17639	31	569	136	150	286
17887	31	577	138	152	290
18383	31	593	142	156	298
18631	31	601	144	158	302
19127	31	617	148	162	310
19871	31	641	154	168	322
20863	31	673	162	176	338
23591	31	761	184	198	382
23839	31	769	186	200	386
25079	31	809	196	210	406
26567	31	857	208	222	430
27311	31	881	214	228	442
28799	31	929	226	240	466
29047	31	937	228	242	470
29543	31	953	232	246	478
30287	31	977	238	252	490
31279	31	1009	246	260	506
32023	31	1033	252	266	518
32519	31	1049	256	270	526
34007	31	1097	268	282	550
34999	31	1129	276	290	566
35743	31	1153	282	296	578
36983	31	1193	292	306	598
37231	31	1201	294	308	602
37727	31	1217	298	312	610
38719	31	1249	306	320	626
39959	31	1289	316	330	646
40207	31	1297	318	332	650
40951	31	1321	324	338	662
42191	31	1361	334	348	682
43679	31	1409	346	360	706
44423	31	1433	352	366	718
45911	31	1481	364	378	742
46159	31	1489	366	380	746
48143	31	1553	382	396	778
49631	31	1601	394	408	802
49879	31	1609	396	410	806
51367	31	1657	408	422	830
52607	31	1697	418	432	850
53351	31	1721	424	438	862
54343	31	1753	432	446	878
55087	31	1777	438	452	890
55831	31	1801	444	458	902
58063	31	1873	462	476	938
58559	31	1889	466	480	946
59303	31	1913	472	486	958
61783	31	1993	492	506	998
62527	31	2017	498	512	1010
64511	31	2081	514	528	1042
64759	31	2089	516	530	1046
65503	31	2113	522	536	1058
65999	31	2129	526	540	1066
66247	31	2137	528	542	1070
66743	31	2153	532	546	1078
66991	31	2161	534	548	1082
70463	31	2273	562	576	1138
70711	31	2281	564	578	1142
71207	31	2297	568	582	1150
73687	31	2377	588	602	1190
74183	31	2393	592	606	1198
74927	31	2417	598	612	1210
75671	31	2441	604	618	1222
76663	31	2473	612	626	1238
78151	31	2521	624	638	1262
80383	31	2593	642	656	1298
80879	31	2609	646	660	1306
81127	31	2617	648	662	1310
81623	31	2633	652	666	1318
82367	31	2657	658	672	1330
83359	31	2689	666	680	1346
84103	31	2713	672	686	1358
84599	31	2729	676	690	1366
85343	31	2753	682	696	1378
86087	31	2777	688	702	1390
86831	31	2801	694	708	1402
87823	31	2833	702	716	1418
88567	31	2857	708	722	1430
89807	31	2897	718	732	1450
91543	31	2953	732	746	1478
92039	31	2969	736	750	1486
93031	31	3001	744	758	1502
94271	31	3041	754	768	1522
94519	31	3049	756	770	1526
95759	31	3089	766	780	1546
96751	31	3121	774	788	1562
97247	31	3137	778	792	1570
98239	31	3169	786	800	1586
99479	31	3209	796	810	1606
99727	31	3217	798	812	1610
100967	31	3257	808	822	1630
102703	31	3313	822	836	1658
103199	31	3329	826	840	1666
104191	31	3361	834	848	1682
106423	31	3433	852	866	1718
106919	31	3449	856	870	1726
107167	31	3457	858	872	1730
109399	31	3529	876	890	1766
111383	31	3593	892	906	1798
112127	31	3617	898	912	1810
113863	31	3673	912	926	1838
114607	31	3697	918	932	1850
116591	31	3761	934	948	1882
116839	31	3769	936	950	1886
117583	31	3793	942	956	1898
118823	31	3833	952	966	1918
120311	31	3881	964	978	1942
120559	31	3889	966	980	1946
121799	31	3929	976	990	1966
124031	31	4001	994	1008	2002
125519	31	4049	1006	1020	2026
125767	31	4057	1008	1022	2030
126263	31	4073	1012	1026	2038
127999	31	4129	1026	1040	2066
128743	31	4153	1032	1046	2078
129487	31	4177	1038	1052	2090
130231	31	4201	1044	1058	2102
130727	31	4217	1048	1062	2110
131471	31	4241	1054	1068	2122
132463	31	4273	1062	1076	2138
132959	31	4289	1066	1080	2146
133207	31	4297	1068	1082	2150
134447	31	4337	1078	1092	2170
136679	31	4409	1096	1110	2206
137671	31	4441	1104	1118	2222
138167	31	4457	1108	1122	2230
138911	31	4481	1114	1128	2242
139903	31	4513	1122	1136	2258
141391	31	4561	1134	1148	2282
144119	31	4649	1156	1170	2326
144367	31	4657	1158	1172	2330
144863	31	4673	1162	1176	2338
146351	31	4721	1174	1188	2362
146599	31	4729	1176	1190	2366
148583	31	4793	1192	1206	2398
148831	31	4801	1194	1208	2402
149327	31	4817	1198	1212	2410
151559	31	4889	1216	1230	2446
153047	31	4937	1228	1242	2470
154039	31	4969	1236	1250	2486
154783	31	4993	1242	1256	2498
155279	31	5009	1246	1260	2506
157511	31	5081	1264	1278	2542
158503	31	5113	1272	1286	2558
159743	31	5153	1282	1296	2578
161479	31	5209	1296	1310	2606
162223	31	5233	1302	1316	2618
163463	31	5273	1312	1326	2638
163711	31	5281	1314	1328	2642
164207	31	5297	1318	1332	2650
167183	31	5393	1342	1356	2698
167927	31	5417	1348	1362	2710
168671	31	5441	1354	1368	2722
168919	31	5449	1356	1370	2726
171151	31	5521	1374	1388	2762
172639	31	5569	1386	1400	2786
174871	31	5641	1404	1418	2822
175367	31	5657	1408	1422	2830
176359	31	5689	1416	1430	2846
177847	31	5737	1428	1442	2870
179831	31	5801	1444	1458	2902
181319	31	5849	1456	1470	2926
181567	31	5857	1458	1472	2930
182311	31	5881	1464	1478	2942
182807	31	5897	1468	1482	2950
184543	31	5953	1482	1496	2978
188263	31	6073	1512	1526	3038
188759	31	6089	1516	1530	3046
189503	31	6113	1522	1536	3058
189751	31	6121	1524	1538	3062
192727	31	6217	1548	1562	3110
193967	31	6257	1558	1572	3130
196199	31	6329	1576	1590	3166
196447	31	6337	1578	1592	3170
196943	31	6353	1582	1596	3178
197191	31	6361	1584	1598	3182
199919	31	6449	1606	1620	3226
200663	31	6473	1612	1626	3238
200911	31	6481	1614	1628	3242
202151	31	6521	1624	1638	3262
202399	31	6529	1626	1640	3266
203143	31	6553	1632	1646	3278
203639	31	6569	1636	1650	3286
203887	31	6577	1638	1652	3290
206863	31	6673	1662	1676	3338
207359	31	6689	1666	1680	3346
208847	31	6737	1678	1692	3370
209591	31	6761	1684	1698	3382
210583	31	6793	1692	1706	3398
211823	31	6833	1702	1716	3418
212071	31	6841	1704	1718	3422
212567	31	6857	1708	1722	3430
215791	31	6961	1734	1748	3482
216287	31	6977	1738	1752	3490
217031	31	7001	1744	1758	3502
218767	31	7057	1758	1772	3530
220751	31	7121	1774	1788	3562
220999	31	7129	1776	1790	3566
222487	31	7177	1788	1802	3590
222983	31	7193	1792	1806	3598
226207	31	7297	1818	1832	3650
226951	31	7321	1824	1838	3662
228439	31	7369	1836	1850	3686
229183	31	7393	1842	1856	3698
229927	31	7417	1848	1862	3710
230423	31	7433	1852	1866	3718
231167	31	7457	1858	1872	3730
231911	31	7481	1864	1878	3742
232159	31	7489	1866	1880	3746
233399	31	7529	1876	1890	3766
233647	31	7537	1878	1892	3770
234391	31	7561	1884	1898	3782
234887	31	7577	1888	1902	3790
237119	31	7649	1906	1920	3826
237863	31	7673	1912	1926	3838
238111	31	7681	1914	1928	3842
240343	31	7753	1932	1946	3878
241583	31	7793	1942	1956	3898
242327	31	7817	1948	1962	3910
243071	31	7841	1954	1968	3922
244063	31	7873	1962	1976	3938
246047	31	7937	1978	1992	3970
247783	31	7993	1992	2006	3998
248279	31	8009	1996	2010	4006
248527	31	8017	1998	2012	4010
250511	31	8081	2014	2028	4042
250759	31	8089	2016	2030	4046
252991	31	8161	2034	2048	4082
254479	31	8209	2046	2060	4106
255223	31	8233	2052	2066	4118
256463	31	8273	2062	2076	4138
257207	31	8297	2068	2082	4150
258199	31	8329	2076	2090	4166
258943	31	8353	2082	2096	4178
259439	31	8369	2086	2100	4186
259687	31	8377	2088	2102	4190
263903	31	8513	2122	2136	4258
264151	31	8521	2124	2138	4262
264647	31	8537	2128	2142	4270
266879	31	8609	2146	2160	4306
267871	31	8641	2154	2168	4322
269111	31	8681	2164	2178	4342
269359	31	8689	2166	2180	4346
270103	31	8713	2172	2186	4358
270847	31	8737	2178	2192	4370
271343	31	8753	2182	2196	4378
271591	31	8761	2184	2198	4382
274319	31	8849	2206	2220	4426
276799	31	8929	2226	2240	4466
278039	31	8969	2236	2250	4486
279031	31	9001	2244	2258	4502
280271	31	9041	2254	2268	4522
280519	31	9049	2256	2270	4526
283247	31	9137	2278	2292	4570
283991	31	9161	2284	2298	4582
285479	31	9209	2296	2310	4606
286471	31	9241	2304	2318	4622
286967	31	9257	2308	2322	4630
287711	31	9281	2314	2328	4642
289447	31	9337	2328	2342	4670
290687	31	9377	2338	2352	4690
292423	31	9433	2352	2366	4718
293663	31	9473	2362	2376	4738
294407	31	9497	2368	2382	4750
295151	31	9521	2374	2388	4762
297631	31	9601	2394	2408	4802
299119	31	9649	2406	2420	4826
300359	31	9689	2416	2430	4846
300607	31	9697	2418	2432	4850
301351	31	9721	2424	2438	4862
302839	31	9769	2436	2450	4886
304327	31	9817	2448	2462	4910
304823	31	9833	2452	2466	4918
305567	31	9857	2458	2472	4930
307799	31	9929	2476	2490	4966
310279	31	10009	2496	2510	5006
315239	31	10169	2536	2550	5086
315487	31	10177	2538	2552	5090
315983	31	10193	2542	2556	5098
318463	31	10273	2562	2576	5138
318959	31	10289	2566	2580	5146
319703	31	10313	2572	2586	5158
319951	31	10321	2574	2588	5162
320447	31	10337	2578	2592	5170
321439	31	10369	2586	2600	5186
323423	31	10433	2602	2616	5218
324167	31	10457	2608	2622	5230
325903	31	10513	2622	2636	5258
326399	31	10529	2626	2640	5266
328631	31	10601	2644	2658	5302
330367	31	10657	2658	2672	5330
332599	31	10729	2676	2690	5366
333343	31	10753	2682	2696	5378
337559	31	10889	2716	2730	5446
339047	31	10937	2728	2742	5470
340783	31	10993	2742	2756	5498
342767	31	11057	2758	2772	5530
344503	31	11113	2772	2786	5558
345991	31	11161	2784	2798	5582
346487	31	11177	2788	2802	5590
348967	31	11257	2808	2822	5630
349463	31	11273	2812	2826	5638
350951	31	11321	2824	2838	5662
351199	31	11329	2826	2840	5666
351943	31	11353	2832	2846	5678
352439	31	11369	2836	2850	5686
353183	31	11393	2842	2856	5698
356159	31	11489	2866	2880	5746
356407	31	11497	2868	2882	5750
359383	31	11593	2892	2906	5798
360127	31	11617	2898	2912	5810
360623	31	11633	2902	2916	5818
361367	31	11657	2908	2922	5830
362111	31	11681	2914	2928	5842
362359	31	11689	2916	2930	5846
365087	31	11777	2938	2952	5890
365831	31	11801	2944	2958	5902
366823	31	11833	2952	2966	5918
368807	31	11897	2968	2982	5950
370543	31	11953	2982	2996	5978
371039	31	11969	2986	3000	5986
373271	31	12041	3004	3018	6022
373519	31	12049	3006	3020	6026
374263	31	12073	3012	3026	6038
375007	31	12097	3018	3032	6050
375503	31	12113	3022	3036	6058
376991	31	12161	3034	3048	6082
379471	31	12241	3054	3068	6122
380711	31	12281	3064	3078	6142
380959	31	12289	3066	3080	6146
382199	31	12329	3076	3090	6166
383687	31	12377	3088	3102	6190
384431	31	12401	3094	3108	6202
384679	31	12409	3096	3110	6206
385423	31	12433	3102	3116	6218
386167	31	12457	3108	3122	6230
386663	31	12473	3112	3126	6238
387407	31	12497	3118	3132	6250
389143	31	12553	3132	3146	6278
389639	31	12569	3136	3150	6286
389887	31	12577	3138	3152	6290
390631	31	12601	3144	3158	6302
391871	31	12641	3154	3168	6322
393359	31	12689	3166	3180	6346
393607	31	12697	3168	3182	6350
394103	31	12713	3172	3186	6358
394351	31	12721	3174	3188	6362
397079	31	12809	3196	3210	6406
398071	31	12841	3204	3218	6422
399559	31	12889	3216	3230	6446
401543	31	12953	3232	3246	6478
403031	31	13001	3244	3258	6502
403279	31	13009	3246	3260	6506
404023	31	13033	3252	3266	6518
404519	31	13049	3256	3270	6526
406751	31	13121	3274	3288	6562
408487	31	13177	3288	3302	6590
409727	31	13217	3298	3312	6610
410471	31	13241	3304	3318	6622
410719	31	13249	3306	3320	6626
412207	31	13297	3318	3332	6650
412703	31	13313	3322	3336	6658
413447	31	13337	3328	3342	6670
415927	31	13417	3348	3362	6710
416671	31	13441	3354	3368	6722
417167	31	13457	3358	3372	6730
418903	31	13513	3372	3386	6758
419647	31	13537	3378	3392	6770
420143	31	13553	3382	3396	6778
420887	31	13577	3388	3402	6790
422623	31	13633	3402	3416	6818
423119	31	13649	3406	3420	6826
424111	31	13681	3414	3428	6842
424607	31	13697	3418	3432	6850
425351	31	13721	3424	3438	6862
425599	31	13729	3426	3440	6866
429071	31	13841	3454	3468	6922
430063	31	13873	3462	3476	6938
431303	31	13913	3472	3486	6958
431551	31	13921	3474	3488	6962
434279	31	14009	3496	3510	7006
435023	31	14033	3502	3516	7018
435767	31	14057	3508	3522	7030
436511	31	14081	3514	3528	7042
438743	31	14153	3532	3546	7078
439487	31	14177	3538	3552	7090
441719	31	14249	3556	3570	7126
442711	31	14281	3564	3578	7142
443951	31	14321	3574	3588	7162
445439	31	14369	3586	3600	7186
446431	31	14401	3594	3608	7202
447919	31	14449	3606	3620	7226
449159	31	14489	3616	3630	7246
450647	31	14537	3628	3642	7270
451391	31	14561	3634	3648	7282
452383	31	14593	3642	3656	7298
453623	31	14633	3652	3666	7318
454367	31	14657	3658	3672	7330
456103	31	14713	3672	3686	7358
456847	31	14737	3678	3692	7370
457343	31	14753	3682	3696	7378
461807	31	14897	3718	3732	7450
462799	31	14929	3726	3740	7466
464039	31	14969	3736	3750	7486
465527	31	15017	3748	3762	7510
467263	31	15073	3762	3776	7538
468751	31	15121	3774	3788	7562
469247	31	15137	3778	3792	7570
469991	31	15161	3784	3798	7582
470983	31	15193	3792	3806	7598
471727	31	15217	3798	3812	7610
472223	31	15233	3802	3816	7618
472471	31	15241	3804	3818	7622
473959	31	15289	3816	3830	7646
474703	31	15313	3822	3836	7658
475199	31	15329	3826	3840	7666
476191	31	15361	3834	3848	7682
476687	31	15377	3838	3852	7690
477431	31	15401	3844	3858	7702
479663	31	15473	3862	3876	7738
480407	31	15497	3868	3882	7750
482639	31	15569	3886	3900	7786
483631	31	15601	3894	3908	7802
484871	31	15641	3904	3918	7822
485119	31	15649	3906	3920	7826
487847	31	15737	3928	3942	7870
488591	31	15761	3934	3948	7882
490079	31	15809	3946	3960	7906
490327	31	15817	3948	3962	7910
492311	31	15881	3964	3978	7942
492559	31	15889	3966	3980	7946
493303	31	15913	3972	3986	7958
494047	31	15937	3978	3992	7970
496031	31	16001	3994	4008	8002
497023	31	16033	4002	4016	8018
497767	31	16057	4008	4022	8030
498263	31	16073	4012	4026	8038
499007	31	16097	4018	4032	8050
1591	37	43	3	20	23
2183	37	59	7	24	31
2479	37	67	9	26	35
3071	37	83	13	30	43
3959	37	107	19	36	55
4847	37	131	25	42	67
5143	37	139	27	44	71
6031	37	163	33	50	83
6623	37	179	37	54	91
7807	37	211	45	62	107
8399	37	227	49	66	115
9287	37	251	55	72	127
10471	37	283	63	80	143
11359	37	307	69	86	155
12247	37	331	75	92	167
12839	37	347	79	96	175
14023	37	379	87	104	191
15503	37	419	97	114	211
16391	37	443	103	120	223
17279	37	467	109	126	235
18167	37	491	115	132	247
18463	37	499	117	134	251
19351	37	523	123	140	263
20239	37	547	129	146	275
20831	37	563	133	150	283
21127	37	571	135	152	287
21719	37	587	139	156	295
22903	37	619	147	164	311
23791	37	643	153	170	323
24383	37	659	157	174	331
25271	37	683	163	180	343
25567	37	691	165	182	347
27343	37	739	177	194	371
29119	37	787	189	206	395
30007	37	811	195	212	407
30599	37	827	199	216	415
31783	37	859	207	224	431
32671	37	883	213	230	443
33559	37	907	219	236	455
35039	37	947	229	246	475
35927	37	971	235	252	487
37703	37	1019	247	264	511
38887	37	1051	255	272	527
40367	37	1091	265	282	547
41551	37	1123	273	290	563
43031	37	1163	283	300	583
43327	37	1171	285	302	587
43919	37	1187	289	306	595
46583	37	1259	307	324	631
47471	37	1283	313	330	643
47767	37	1291	315	332	647
48359	37	1307	319	336	655
52799	37	1427	349	366	715
53687	37	1451	355	372	727
53983	37	1459	357	374	731
54871	37	1483	363	380	743
55463	37	1499	367	384	751
56351	37	1523	373	390	763
56647	37	1531	375	392	767
58127	37	1571	385	402	787
58423	37	1579	387	404	791
59903	37	1619	397	414	811
60199	37	1627	399	416	815
61679	37	1667	409	426	835
62863	37	1699	417	434	851
63751	37	1723	423	440	863
64639	37	1747	429	446	875
66119	37	1787	439	456	895
67007	37	1811	445	462	907
69079	37	1867	459	476	935
70559	37	1907	469	486	955
71447	37	1931	475	492	967
73223	37	1979	487	504	991
73519	37	1987	489	506	995
74111	37	2003	493	510	1003
74407	37	2011	495	512	1007
74999	37	2027	499	516	1015
77071	37	2083	513	530	1043
77663	37	2099	517	534	1051
78847	37	2131	525	542	1067
80623	37	2179	537	554	1091
81511	37	2203	543	560	1103
82991	37	2243	553	570	1123
83287	37	2251	555	572	1127
83879	37	2267	559	576	1135
86543	37	2339	577	594	1171
86839	37	2347	579	596	1175
87727	37	2371	585	602	1187
89207	37	2411	595	612	1207
90983	37	2459	607	624	1231
91279	37	2467	609	626	1235
93647	37	2531	625	642	1267
93943	37	2539	627	644	1271
95423	37	2579	637	654	1291
98383	37	2659	657	674	1331
99271	37	2683	663	680	1343
99863	37	2699	667	684	1351
100159	37	2707	669	686	1355
101047	37	2731	675	692	1367
103711	37	2803	693	710	1403
104303	37	2819	697	714	1411
105191	37	2843	703	720	1423
105487	37	2851	705	722	1427
108743	37	2939	727	744	1471
109631	37	2963	733	750	1483
109927	37	2971	735	752	1487
111407	37	3011	745	762	1507
111703	37	3019	747	764	1511
113479	37	3067	759	776	1535
114071	37	3083	763	780	1543
117031	37	3163	783	800	1583
117919	37	3187	789	806	1595
118511	37	3203	793	810	1603
120287	37	3251	805	822	1627
120583	37	3259	807	824	1631
122063	37	3299	817	834	1651
122359	37	3307	819	836	1655
122951	37	3323	823	840	1663
123247	37	3331	825	842	1667
123839	37	3347	829	846	1675
124727	37	3371	835	852	1687
128279	37	3467	859	876	1735
129167	37	3491	865	882	1747
129463	37	3499	867	884	1751
130943	37	3539	877	894	1771
131239	37	3547	879	896	1775
132127	37	3571	885	902	1787
134791	37	3643	903	920	1823
135383	37	3659	907	924	1831
136567	37	3691	915	932	1847
138343	37	3739	927	944	1871
139823	37	3779	937	954	1891
140711	37	3803	943	960	1903
142487	37	3851	955	972	1927
144559	37	3907	969	986	1955
145151	37	3923	973	990	1963
145447	37	3931	975	992	1967
146039	37	3947	979	996	1975
148111	37	4003	993	1010	2003
148703	37	4019	997	1014	2011
148999	37	4027	999	1016	2015
149887	37	4051	1005	1022	2027
151367	37	4091	1015	1032	2047
151663	37	4099	1017	1034	2051
153143	37	4139	1027	1044	2071
155807	37	4211	1045	1062	2107
156103	37	4219	1047	1064	2111
156991	37	4243	1053	1070	2123
157583	37	4259	1057	1074	2131
158471	37	4283	1063	1080	2143
160543	37	4339	1077	1094	2171
161431	37	4363	1083	1100	2183
164687	37	4451	1105	1122	2227
165871	37	4483	1113	1130	2243
166759	37	4507	1119	1136	2255
167351	37	4523	1123	1140	2263
168239	37	4547	1129	1146	2275
170311	37	4603	1143	1160	2303
171791	37	4643	1153	1170	2323
172087	37	4651	1155	1172	2327
173567	37	4691	1165	1182	2347
174751	37	4723	1173	1190	2363
177119	37	4787	1189	1206	2395
182447	37	4931	1225	1242	2467
184519	37	4987	1239	1256	2495
185111	37	5003	1243	1260	2503
185407	37	5011	1245	1262	2507
186887	37	5051	1255	1272	2527
187183	37	5059	1257	1274	2531
188663	37	5099	1267	1284	2551
188959	37	5107	1269	1286	2555
190439	37	5147	1279	1296	2575
191327	37	5171	1285	1302	2587
191623	37	5179	1287	1304	2591
193399	37	5227	1299	1316	2615
196951	37	5323	1323	1340	2663
197839	37	5347	1329	1346	2675
199319	37	5387	1339	1356	2695
200503	37	5419	1347	1364	2711
201391	37	5443	1353	1370	2723
202871	37	5483	1363	1380	2743
203759	37	5507	1369	1386	2755
204647	37	5531	1375	1392	2767
205831	37	5563	1383	1400	2783
209087	37	5651	1405	1422	2827
209383	37	5659	1407	1424	2831
210271	37	5683	1413	1430	2843
213823	37	5779	1437	1454	2891
215599	37	5827	1449	1466	2915
216191	37	5843	1453	1470	2923
216487	37	5851	1455	1472	2927
217079	37	5867	1459	1476	2935
219151	37	5923	1473	1490	2963
219743	37	5939	1477	1494	2971
221519	37	5987	1489	1506	2995
222407	37	6011	1495	1512	3007
223591	37	6043	1503	1520	3023
224479	37	6067	1509	1526	3035
225367	37	6091	1515	1532	3047
226847	37	6131	1525	1542	3067
228031	37	6163	1533	1550	3083
229511	37	6203	1543	1560	3103
229807	37	6211	1545	1562	3107
233063	37	6299	1567	1584	3151
233951	37	6323	1573	1590	3163
236023	37	6379	1587	1604	3191
237799	37	6427	1599	1616	3215
238687	37	6451	1605	1622	3227
240167	37	6491	1615	1632	3247
242239	37	6547	1629	1646	3275
242831	37	6563	1633	1650	3283
243127	37	6571	1635	1652	3287
244903	37	6619	1647	1664	3311
246383	37	6659	1657	1674	3331
247567	37	6691	1665	1682	3347
250231	37	6763	1683	1700	3383
250823	37	6779	1687	1704	3391
251711	37	6803	1693	1710	3403
252599	37	6827	1699	1716	3415
254671	37	6883	1713	1730	3443
255263	37	6899	1717	1734	3451
255559	37	6907	1719	1736	3455
257039	37	6947	1729	1746	3475
257927	37	6971	1735	1752	3487
259703	37	7019	1747	1764	3511
259999	37	7027	1749	1766	3515
260591	37	7043	1753	1770	3523
265919	37	7187	1789	1806	3595
266807	37	7211	1795	1812	3607
267103	37	7219	1797	1814	3611
267991	37	7243	1803	1820	3623
269471	37	7283	1813	1830	3643
270359	37	7307	1819	1836	3655
271247	37	7331	1825	1842	3667
274207	37	7411	1845	1862	3707
275687	37	7451	1855	1872	3727
275983	37	7459	1857	1874	3731
277463	37	7499	1867	1884	3751
277759	37	7507	1869	1886	3755
278351	37	7523	1873	1890	3763
279239	37	7547	1879	1896	3775
281311	37	7603	1893	1910	3803
282791	37	7643	1903	1920	3823
284567	37	7691	1915	1932	3847
284863	37	7699	1917	1934	3851
285751	37	7723	1923	1940	3863
291079	37	7867	1959	1976	3935
291671	37	7883	1963	1980	3943
292559	37	7907	1969	1986	3955
294631	37	7963	1983	2000	3983
296407	37	8011	1995	2012	4007
298183	37	8059	2007	2024	4031
300551	37	8123	2023	2040	4063
301439	37	8147	2029	2046	4075
302327	37	8171	2035	2052	4087
302623	37	8179	2037	2054	4091
304103	37	8219	2047	2064	4111
304991	37	8243	2053	2070	4123
306767	37	8291	2065	2082	4147
309431	37	8363	2083	2100	4183
310319	37	8387	2089	2106	4195
311503	37	8419	2097	2114	4211
312391	37	8443	2103	2120	4223
313279	37	8467	2109	2126	4235
315943	37	8539	2127	2144	4271
316831	37	8563	2133	2150	4283
319199	37	8627	2149	2166	4315
321863	37	8699	2167	2184	4351
322159	37	8707	2169	2186	4355
323047	37	8731	2175	2192	4367
323639	37	8747	2179	2196	4375
324823	37	8779	2187	2204	4391
325711	37	8803	2193	2210	4403
326303	37	8819	2197	2214	4411
328079	37	8867	2209	2226	4435
330151	37	8923	2223	2240	4463
331631	37	8963	2233	2250	4483
331927	37	8971	2235	2252	4487
333407	37	9011	2245	2262	4507
334591	37	9043	2253	2270	4523
335183	37	9059	2257	2274	4531
335479	37	9067	2259	2276	4535
336367	37	9091	2265	2282	4547
339919	37	9187	2289	2306	4595
340511	37	9203	2293	2310	4603
341399	37	9227	2299	2316	4615
343471	37	9283	2313	2330	4643
344951	37	9323	2323	2340	4663
346727	37	9371	2335	2352	4687
347911	37	9403	2343	2360	4703
348503	37	9419	2347	2364	4711
350279	37	9467	2359	2376	4735
351167	37	9491	2365	2382	4747
352943	37	9539	2377	2394	4771
353239	37	9547	2379	2396	4775
354719	37	9587	2389	2406	4795
355903	37	9619	2397	2414	4811
356791	37	9643	2403	2420	4823
360343	37	9739	2427	2444	4871
362119	37	9787	2439	2456	4895
362711	37	9803	2443	2460	4903
363007	37	9811	2445	2462	4907
364487	37	9851	2455	2472	4927
364783	37	9859	2457	2474	4931
365671	37	9883	2463	2480	4943
366559	37	9907	2469	2486	4955
367151	37	9923	2473	2490	4963
367447	37	9931	2475	2492	4967
372479	37	10067	2509	2526	5035
373367	37	10091	2515	2532	5047
373663	37	10099	2517	2534	5051
375143	37	10139	2527	2544	5071
376031	37	10163	2533	2550	5083
377807	37	10211	2545	2562	5107
378991	37	10243	2553	2570	5123
379583	37	10259	2557	2574	5131
379879	37	10267	2559	2576	5135
382247	37	10331	2575	2592	5167
385799	37	10427	2599	2616	5215
386983	37	10459	2607	2624	5231
388463	37	10499	2617	2634	5251
389647	37	10531	2625	2642	5267
393199	37	10627	2649	2666	5315
394087	37	10651	2655	2672	5327
394679	37	10667	2659	2676	5335
395567	37	10691	2665	2682	5347
396751	37	10723	2673	2690	5363
397343	37	10739	2677	2694	5371
398527	37	10771	2685	2702	5387
401783	37	10859	2707	2724	5431
402079	37	10867	2709	2726	5435
402671	37	10883	2713	2730	5443
402967	37	10891	2715	2732	5447
404743	37	10939	2727	2744	5471
406223	37	10979	2737	2754	5491
406519	37	10987	2739	2756	5495
407111	37	11003	2743	2760	5503
407999	37	11027	2749	2766	5515
409183	37	11059	2757	2774	5531
410071	37	11083	2763	2780	5543
411847	37	11131	2775	2792	5567
413327	37	11171	2785	2802	5587
415991	37	11243	2803	2820	5623
416287	37	11251	2805	2822	5627
418063	37	11299	2817	2834	5651
422207	37	11411	2845	2862	5707
423391	37	11443	2853	2870	5723
424279	37	11467	2859	2876	5735
424871	37	11483	2863	2880	5743
425167	37	11491	2865	2882	5747
428423	37	11579	2887	2904	5791
428719	37	11587	2889	2906	5795
432863	37	11699	2917	2934	5851
434047	37	11731	2925	2942	5867
435823	37	11779	2937	2954	5891
437599	37	11827	2949	2966	5915
439079	37	11867	2959	2976	5935
441151	37	11923	2973	2990	5963
441743	37	11939	2977	2994	5971
442927	37	11971	2985	3002	5987
443519	37	11987	2989	3006	5995
444407	37	12011	2995	3012	6007
445591	37	12043	3003	3020	6023
447959	37	12107	3019	3036	6055
450031	37	12163	3033	3050	6083
451511	37	12203	3043	3060	6103
451807	37	12211	3045	3062	6107
452399	37	12227	3049	3066	6115
453287	37	12251	3055	3072	6127
455951	37	12323	3073	3090	6163
456839	37	12347	3079	3096	6175
458023	37	12379	3087	3104	6191
460687	37	12451	3105	3122	6227
462167	37	12491	3115	3132	6247
463943	37	12539	3127	3144	6271
464239	37	12547	3129	3146	6275
466607	37	12611	3145	3162	6307
466903	37	12619	3147	3164	6311
468383	37	12659	3157	3174	6331
471343	37	12739	3177	3194	6371
472231	37	12763	3183	3200	6383
477263	37	12899	3217	3234	6451
477559	37	12907	3219	3236	6455
478151	37	12923	3223	3240	6463
480223	37	12979	3237	3254	6491
481111	37	13003	3243	3260	6503
482591	37	13043	3253	3270	6523
484663	37	13099	3267	3284	6551
486439	37	13147	3279	3296	6575
487031	37	13163	3283	3300	6583
487327	37	13171	3285	3302	6587
487919	37	13187	3289	3306	6595
489103	37	13219	3297	3314	6611
490583	37	13259	3307	3324	6631
490879	37	13267	3309	3326	6635
491767	37	13291	3315	3332	6647
493247	37	13331	3325	3342	6667
493543	37	13339	3327	3344	6671
496207	37	13411	3345	3362	6707
497687	37	13451	3355	3372	6727
499463	37	13499	3367	3384	6751
1927	41	47	3	22	25
2911	41	71	9	28	37
3239	41	79	11	30	41
4223	41	103	17	36	53
5207	41	127	23	42	65
6191	41	151	29	48	77
6847	41	167	33	52	85
7831	41	191	39	58	97
8159	41	199	41	60	101
9143	41	223	47	66	113
9799	41	239	51	70	121
10783	41	263	57	76	133
11111	41	271	59	78	137
12751	41	311	69	88	157
14719	41	359	81	100	181
15047	41	367	83	102	185
15703	41	383	87	106	193
17671	41	431	99	118	217
17999	41	439	101	120	221
18983	41	463	107	126	233
19639	41	479	111	130	241
19967	41	487	113	132	245
20623	41	503	117	136	253
24559	41	599	141	160	301
24887	41	607	143	162	305
25871	41	631	149	168	317
26527	41	647	153	172	325
29479	41	719	171	190	361
29807	41	727	173	192	365
30463	41	743	177	196	373
30791	41	751	179	198	377
33743	41	823	197	216	413
34399	41	839	201	220	421
35383	41	863	207	226	433
36367	41	887	213	232	445
37351	41	911	219	238	457
37679	41	919	221	240	461
39647	41	967	233	252	485
40303	41	983	237	256	493
40631	41	991	239	258	497
42271	41	1031	249	268	517
42599	41	1039	251	270	521
43583	41	1063	257	276	533
44567	41	1087	263	282	545
45223	41	1103	267	286	553
47191	41	1151	279	298	577
50143	41	1223	297	316	613
50471	41	1231	299	318	617
52439	41	1279	311	330	641
53423	41	1303	317	336	653
54079	41	1319	321	340	661
54407	41	1327	323	342	665
56047	41	1367	333	352	685
57359	41	1399	341	360	701
58343	41	1423	347	366	713
58999	41	1439	351	370	721
59327	41	1447	353	372	725
60311	41	1471	359	378	737
60967	41	1487	363	382	745
61951	41	1511	369	388	757
63263	41	1543	377	396	773
63919	41	1559	381	400	781
64247	41	1567	383	402	785
64903	41	1583	387	406	793
65887	41	1607	393	412	805
68183	41	1663	407	426	833
72119	41	1759	431	450	881
73103	41	1783	437	456	893
74743	41	1823	447	466	913
75071	41	1831	449	468	917
75727	41	1847	453	472	925
76711	41	1871	459	478	937
77039	41	1879	461	480	941
79991	41	1951	479	498	977
81959	41	1999	491	510	1001
83599	41	2039	501	520	1021
84583	41	2063	507	526	1033
85567	41	2087	513	532	1045
86551	41	2111	519	538	1057
87863	41	2143	527	546	1073
90487	41	2207	543	562	1105
91799	41	2239	551	570	1121
93767	41	2287	563	582	1145
94751	41	2311	569	588	1157
96391	41	2351	579	598	1177
97703	41	2383	587	606	1193
98359	41	2399	591	610	1201
99343	41	2423	597	616	1213
100327	41	2447	603	622	1225
102623	41	2503	617	636	1253
104263	41	2543	627	646	1273
104591	41	2551	629	648	1277
106231	41	2591	639	658	1297
108527	41	2647	653	672	1325
109183	41	2663	657	676	1333
109511	41	2671	659	678	1337
110167	41	2687	663	682	1345
111151	41	2711	669	688	1357
111479	41	2719	671	690	1361
113447	41	2767	683	702	1385
114431	41	2791	689	708	1397
118039	41	2879	711	730	1441
118367	41	2887	713	732	1445
119023	41	2903	717	736	1453
120007	41	2927	723	742	1465
122959	41	2999	741	760	1501
123943	41	3023	747	766	1513
126239	41	3079	761	780	1541
127879	41	3119	771	790	1561
129847	41	3167	783	802	1585
130831	41	3191	789	808	1597
134111	41	3271	809	828	1637
136079	41	3319	821	840	1661
137063	41	3343	827	846	1673
137719	41	3359	831	850	1681
139031	41	3391	839	858	1697
139687	41	3407	843	862	1705
141983	41	3463	857	876	1733
143951	41	3511	869	888	1757
144607	41	3527	873	892	1765
145919	41	3559	881	900	1781
146903	41	3583	887	906	1793
147887	41	3607	893	912	1805
148543	41	3623	897	916	1813
148871	41	3631	899	918	1817
150511	41	3671	909	928	1837
152479	41	3719	921	940	1861
152807	41	3727	923	942	1865
154447	41	3767	933	952	1885
156743	41	3823	947	966	1913
157727	41	3847	953	972	1925
158383	41	3863	957	976	1933
160351	41	3911	969	988	1957
160679	41	3919	971	990	1961
161663	41	3943	977	996	1973
162647	41	3967	983	1002	1985
164287	41	4007	993	1012	2005
167239	41	4079	1011	1030	2041
168551	41	4111	1019	1038	2057
169207	41	4127	1023	1042	2065
170519	41	4159	1031	1050	2081
173471	41	4231	1049	1068	2117
175111	41	4271	1059	1078	2137
177407	41	4327	1073	1092	2165
180031	41	4391	1089	1108	2197
181343	41	4423	1097	1116	2213
182327	41	4447	1103	1122	2225
182983	41	4463	1107	1126	2233
185279	41	4519	1121	1140	2261
187247	41	4567	1133	1152	2285
187903	41	4583	1137	1156	2293
188231	41	4591	1139	1158	2297
190199	41	4639	1151	1170	2321
191183	41	4663	1157	1176	2333
191839	41	4679	1161	1180	2341
192823	41	4703	1167	1186	2353
194791	41	4751	1179	1198	2377
195119	41	4759	1181	1200	2381
196103	41	4783	1187	1206	2393
196759	41	4799	1191	1210	2401
198071	41	4831	1199	1218	2417
199711	41	4871	1209	1228	2437
201023	41	4903	1217	1236	2453
201679	41	4919	1221	1240	2461
202663	41	4943	1227	1246	2473
202991	41	4951	1229	1248	2477
203647	41	4967	1233	1252	2485
204959	41	4999	1241	1260	2501
205943	41	5023	1247	1266	2513
206599	41	5039	1251	1270	2521
208567	41	5087	1263	1282	2545
209879	41	5119	1271	1290	2561
211847	41	5167	1283	1302	2585
214471	41	5231	1299	1318	2617
216439	41	5279	1311	1330	2641
217423	41	5303	1317	1336	2653
219391	41	5351	1329	1348	2677
221359	41	5399	1341	1360	2701
221687	41	5407	1343	1362	2705
222671	41	5431	1349	1368	2717
224311	41	5471	1359	1378	2737
224639	41	5479	1361	1380	2741
225623	41	5503	1367	1386	2753
226279	41	5519	1371	1390	2761
226607	41	5527	1373	1392	2765
229231	41	5591	1389	1408	2797
230543	41	5623	1397	1416	2813
231199	41	5639	1401	1420	2821
231527	41	5647	1403	1422	2825
234151	41	5711	1419	1438	2857
235463	41	5743	1427	1446	2873
237103	41	5783	1437	1456	2893
237431	41	5791	1439	1458	2897
238087	41	5807	1443	1462	2905
239399	41	5839	1451	1470	2921
241039	41	5879	1461	1480	2941
242023	41	5903	1467	1486	2953
243007	41	5927	1473	1492	2965
246287	41	6007	1493	1512	3005
247927	41	6047	1503	1522	3025
249239	41	6079	1511	1530	3041
251863	41	6143	1527	1546	3073
252191	41	6151	1529	1548	3077
254159	41	6199	1541	1560	3101
256127	41	6247	1553	1572	3125
256783	41	6263	1557	1576	3133
257111	41	6271	1559	1578	3137
257767	41	6287	1563	1582	3145
258751	41	6311	1569	1588	3157
260063	41	6343	1577	1596	3173
260719	41	6359	1581	1600	3181
261047	41	6367	1583	1602	3185
268591	41	6551	1629	1648	3277
270559	41	6599	1641	1660	3301
270887	41	6607	1643	1662	3305
273839	41	6679	1661	1680	3341
274823	41	6703	1667	1686	3353
275479	41	6719	1671	1690	3361
278431	41	6791	1689	1708	3397
279743	41	6823	1697	1716	3413
281383	41	6863	1707	1726	3433
281711	41	6871	1709	1728	3437
283351	41	6911	1719	1738	3457
285319	41	6959	1731	1750	3481
285647	41	6967	1733	1752	3485
286303	41	6983	1737	1756	3493
286631	41	6991	1739	1758	3497
288599	41	7039	1751	1770	3521
290239	41	7079	1761	1780	3541
291223	41	7103	1767	1786	3553
292207	41	7127	1773	1792	3565
293191	41	7151	1779	1798	3577
293519	41	7159	1781	1800	3581
295487	41	7207	1793	1812	3605
297127	41	7247	1803	1822	3625
301391	41	7351	1829	1848	3677
306967	41	7487	1863	1882	3745
309919	41	7559	1881	1900	3781
310903	41	7583	1887	1906	3793
311231	41	7591	1889	1908	3797
311887	41	7607	1893	1912	3805
313199	41	7639	1901	1920	3821
315167	41	7687	1913	1932	3845
315823	41	7703	1917	1936	3853
316807	41	7727	1923	1942	3865
318119	41	7759	1931	1950	3881
320743	41	7823	1947	1966	3913
323039	41	7879	1961	1980	3941
324679	41	7919	1971	1990	3961
325007	41	7927	1973	1992	3965
325991	41	7951	1979	1998	3977
329599	41	8039	2001	2020	4021
331567	41	8087	2013	2032	4045
332551	41	8111	2019	2038	4057
334847	41	8167	2033	2052	4085
335831	41	8191	2039	2058	4097
337471	41	8231	2049	2068	4117
338783	41	8263	2057	2076	4133
339767	41	8287	2063	2082	4145
340751	41	8311	2069	2088	4157
345343	41	8423	2097	2116	4213
345671	41	8431	2099	2118	4217
346327	41	8447	2103	2122	4225
349607	41	8527	2123	2142	4265
350263	41	8543	2127	2146	4273
352559	41	8599	2141	2160	4301
353543	41	8623	2147	2166	4313
354527	41	8647	2153	2172	4325
355183	41	8663	2157	2176	4333
357479	41	8719	2171	2190	4361
360103	41	8783	2187	2206	4393
361087	41	8807	2193	2212	4405
362071	41	8831	2199	2218	4417
362399	41	8839	2201	2220	4421
363383	41	8863	2207	2226	4433
364367	41	8887	2213	2232	4445
366991	41	8951	2229	2248	4477
368959	41	8999	2241	2260	4501
369287	41	9007	2243	2262	4505
373223	41	9103	2267	2286	4553
374207	41	9127	2273	2292	4565
375191	41	9151	2279	2298	4577
377159	41	9199	2291	2310	4601
378799	41	9239	2301	2320	4621
381751	41	9311	2319	2338	4657
382079	41	9319	2321	2340	4661
383063	41	9343	2327	2346	4673
385031	41	9391	2339	2358	4697
386671	41	9431	2349	2368	4717
386999	41	9439	2351	2370	4721
387983	41	9463	2357	2376	4733
388639	41	9479	2361	2380	4741
389951	41	9511	2369	2388	4757
391591	41	9551	2379	2398	4777
394543	41	9623	2397	2416	4813
394871	41	9631	2399	2418	4817
396839	41	9679	2411	2430	4841
398479	41	9719	2421	2440	4861
399463	41	9743	2427	2446	4873
400447	41	9767	2433	2452	4885
401431	41	9791	2439	2458	4897
403399	41	9839	2451	2470	4921
404711	41	9871	2459	2478	4937
405367	41	9887	2463	2482	4945
408647	41	9967	2483	2502	4985
410287	41	10007	2493	2512	5005
411599	41	10039	2501	2520	5021
413239	41	10079	2511	2530	5041
414223	41	10103	2517	2536	5053
414551	41	10111	2519	2538	5057
416191	41	10151	2529	2548	5077
416519	41	10159	2531	2550	5081
419143	41	10223	2547	2566	5113
420127	41	10247	2553	2572	5125
421111	41	10271	2559	2578	5137
422423	41	10303	2567	2586	5153
424063	41	10343	2577	2596	5173
426031	41	10391	2589	2608	5197
426359	41	10399	2591	2610	5201
428983	41	10463	2607	2626	5233
429967	41	10487	2613	2632	5245
432919	41	10559	2631	2650	5281
433247	41	10567	2633	2652	5285
434887	41	10607	2643	2662	5305
435871	41	10631	2649	2668	5317
436199	41	10639	2651	2670	5321
437183	41	10663	2657	2676	5333
438167	41	10687	2663	2682	5345
439151	41	10711	2669	2688	5357
442759	41	10799	2691	2710	5401
444071	41	10831	2699	2718	5417
444727	41	10847	2703	2722	5425
447023	41	10903	2717	2736	5453
452927	41	11047	2753	2772	5525
453911	41	11071	2759	2778	5537
454567	41	11087	2763	2782	5545
455879	41	11119	2771	2790	5561
457519	41	11159	2781	2800	5581
460799	41	11239	2801	2820	5621
462439	41	11279	2811	2830	5641
462767	41	11287	2813	2832	5645
463751	41	11311	2819	2838	5657
465391	41	11351	2829	2848	5677
466703	41	11383	2837	2856	5693
467359	41	11399	2841	2860	5701
468343	41	11423	2847	2866	5713
469327	41	11447	2853	2872	5725
470311	41	11471	2859	2878	5737
471623	41	11503	2867	2886	5753
472279	41	11519	2871	2890	5761
472607	41	11527	2873	2892	5765
473591	41	11551	2879	2898	5777
480479	41	11719	2921	2940	5861
481463	41	11743	2927	2946	5873
483103	41	11783	2937	2956	5893
484087	41	11807	2943	2962	5905
485071	41	11831	2949	2968	5917
485399	41	11839	2951	2970	5921
486383	41	11863	2957	2976	5933
487367	41	11887	2963	2982	5945
488023	41	11903	2967	2986	5953
489007	41	11927	2973	2992	5965
490319	41	11959	2981	3000	5981
492287	41	12007	2993	3012	6005
494911	41	12071	3009	3028	6037
496879	41	12119	3021	3040	6061
497863	41	12143	3027	3046	6073
2279	43	53	4	24	28
2623	43	61	6	26	32
4343	43	101	16	36	52
4687	43	109	18	38	56
6407	43	149	28	48	76
6751	43	157	30	50	80
7439	43	173	34	54	88
7783	43	181	36	56	92
8471	43	197	40	60	100
9847	43	229	48	68	116
11567	43	269	58	78	136
11911	43	277	60	80	140
12599	43	293	64	84	148
13631	43	317	70	90	160
15007	43	349	78	98	176
16039	43	373	84	104	188
16727	43	389	88	108	196
17071	43	397	90	110	200
18103	43	421	96	116	212
19823	43	461	106	126	232
21887	43	509	118	138	256
23263	43	541	126	146	272
23951	43	557	130	150	280
26359	43	613	144	164	308
28079	43	653	154	174	328
28423	43	661	156	176	332
29111	43	677	160	180	340
30143	43	701	166	186	352
30487	43	709	168	188	356
31519	43	733	174	194	368
32551	43	757	180	200	380
33239	43	773	184	204	388
34271	43	797	190	210	400
35303	43	821	196	216	412
35647	43	829	198	218	416
36679	43	853	204	224	428
37711	43	877	210	230	440
40463	43	941	226	246	472
42871	43	997	240	260	500
43559	43	1013	244	264	508
43903	43	1021	246	266	512
45623	43	1061	256	276	532
45967	43	1069	258	278	536
46999	43	1093	264	284	548
47687	43	1109	268	288	556
48031	43	1117	270	290	560
50783	43	1181	286	306	592
52159	43	1213	294	314	608
52847	43	1229	298	318	616
53191	43	1237	300	320	620
54911	43	1277	310	330	640
55943	43	1301	316	336	652
59039	43	1373	334	354	688
59383	43	1381	336	356	692
61447	43	1429	348	368	716
62479	43	1453	354	374	728
64199	43	1493	364	384	748
66607	43	1549	378	398	776
68671	43	1597	390	410	800
69359	43	1613	394	414	808
69703	43	1621	396	416	812
70391	43	1637	400	420	820
71767	43	1669	408	428	836
72799	43	1693	414	434	848
73487	43	1709	418	438	856
74519	43	1733	424	444	868
74863	43	1741	426	446	872
76927	43	1789	438	458	896
80023	43	1861	456	476	932
80711	43	1877	460	480	940
81743	43	1901	466	486	952
83119	43	1933	474	494	968
83807	43	1949	478	498	976
84839	43	1973	484	504	988
85871	43	1997	490	510	1000
87247	43	2029	498	518	1016
88279	43	2053	504	524	1028
88967	43	2069	508	528	1036
92063	43	2141	526	546	1072
95159	43	2213	544	564	1108
95503	43	2221	546	566	1112
96191	43	2237	550	570	1120
97567	43	2269	558	578	1136
98599	43	2293	564	584	1148
99287	43	2309	568	588	1156
100319	43	2333	574	594	1168
100663	43	2341	576	596	1172
101351	43	2357	580	600	1180
102383	43	2381	586	606	1192
102727	43	2389	588	608	1196
104791	43	2437	600	620	1220
106511	43	2477	610	630	1240
109607	43	2549	628	648	1276
109951	43	2557	630	650	1280
112703	43	2621	646	666	1312
115111	43	2677	660	680	1340
115799	43	2693	664	684	1348
117863	43	2741	676	696	1372
118207	43	2749	678	698	1376
119927	43	2789	688	708	1396
120271	43	2797	690	710	1400
121991	43	2837	700	720	1420
123023	43	2861	706	726	1432
125087	43	2909	718	738	1456
125431	43	2917	720	740	1460
127151	43	2957	730	750	1480
130591	43	3037	750	770	1520
131623	43	3061	756	776	1532
133687	43	3109	768	788	1556
136783	43	3181	786	806	1592
138503	43	3221	796	816	1612
138847	43	3229	798	818	1616
139879	43	3253	804	824	1628
141943	43	3301	816	836	1652
145039	43	3373	834	854	1688
145727	43	3389	838	858	1696
146759	43	3413	844	864	1708
148823	43	3461	856	876	1732
149167	43	3469	858	878	1736
151231	43	3517	870	890	1760
151919	43	3533	874	894	1768
152263	43	3541	876	896	1772
152951	43	3557	880	900	1780
153983	43	3581	886	906	1792
155359	43	3613	894	914	1808
156391	43	3637	900	920	1820
158111	43	3677	910	930	1840
159143	43	3701	916	936	1852
159487	43	3709	918	938	1856
160519	43	3733	924	944	1868
163271	43	3797	940	960	1900
164303	43	3821	946	966	1912
165679	43	3853	954	974	1928
166711	43	3877	960	980	1940
168431	43	3917	970	990	1960
171527	43	3989	988	1008	1996
172559	43	4013	994	1014	2008
172903	43	4021	996	1016	2012
175999	43	4093	1014	1034	2048
177719	43	4133	1024	1044	2068
178751	43	4157	1030	1050	2080
181847	43	4229	1048	1068	2116
182879	43	4253	1054	1074	2128
183223	43	4261	1056	1076	2132
187007	43	4349	1078	1098	2176
187351	43	4357	1080	1100	2180
188039	43	4373	1084	1104	2188
189071	43	4397	1090	1110	2200
190103	43	4421	1096	1116	2212
193199	43	4493	1114	1134	2248
194231	43	4517	1120	1140	2260
195607	43	4549	1128	1148	2276
197671	43	4597	1140	1160	2300
198703	43	4621	1146	1166	2312
199391	43	4637	1150	1170	2320
203519	43	4733	1174	1194	2368
205927	43	4789	1188	1208	2396
206959	43	4813	1194	1214	2408
209023	43	4861	1206	1226	2432
209711	43	4877	1210	1230	2440
211087	43	4909	1218	1238	2456
212119	43	4933	1224	1244	2468
213151	43	4957	1230	1250	2480
213839	43	4973	1234	1254	2488
215903	43	5021	1246	1266	2512
218311	43	5077	1260	1280	2540
219343	43	5101	1266	1286	2552
223127	43	5189	1288	1308	2596
223471	43	5197	1290	1310	2600
225191	43	5237	1300	1320	2620
226223	43	5261	1306	1326	2632
228287	43	5309	1318	1338	2656
229319	43	5333	1324	1344	2668
231383	43	5381	1336	1356	2692
232759	43	5413	1344	1364	2708
233791	43	5437	1350	1370	2720
235511	43	5477	1360	1380	2740
236543	43	5501	1366	1386	2752
238951	43	5557	1380	1400	2780
239639	43	5573	1384	1404	2788
239983	43	5581	1386	1406	2792
243079	43	5653	1404	1424	2828
243767	43	5669	1408	1428	2836
244799	43	5693	1414	1434	2848
245143	43	5701	1416	1436	2852
245831	43	5717	1420	1440	2860
246863	43	5741	1426	1446	2872
247207	43	5749	1428	1448	2876
249959	43	5813	1444	1464	2908
250303	43	5821	1446	1466	2912
252023	43	5861	1456	1476	2932
252367	43	5869	1458	1478	2936
257183	43	5981	1486	1506	2992
259247	43	6029	1498	1518	3016
259591	43	6037	1500	1520	3020
260279	43	6053	1504	1524	3028
262343	43	6101	1516	1536	3052
263719	43	6133	1524	1544	3068
265439	43	6173	1534	1554	3088
266471	43	6197	1540	1560	3100
267503	43	6221	1546	1566	3112
267847	43	6229	1548	1568	3116
269567	43	6269	1558	1578	3136
269911	43	6277	1560	1580	3140
270943	43	6301	1566	1586	3152
271631	43	6317	1570	1590	3160
274039	43	6373	1584	1604	3188
274727	43	6389	1588	1608	3196
275071	43	6397	1590	1610	3200
276103	43	6421	1596	1616	3212
278167	43	6469	1608	1628	3236
282983	43	6581	1636	1656	3292
285391	43	6637	1650	1670	3320
286079	43	6653	1654	1674	3328
286423	43	6661	1656	1676	3332
288143	43	6701	1666	1686	3352
288487	43	6709	1668	1688	3356
289519	43	6733	1674	1694	3368
291583	43	6781	1686	1706	3392
293647	43	6829	1698	1718	3416
295367	43	6869	1708	1728	3436
297431	43	6917	1720	1740	3460
298807	43	6949	1728	1748	3476
300871	43	6997	1740	1760	3500
301559	43	7013	1744	1764	3508
303967	43	7069	1758	1778	3536
305687	43	7109	1768	1788	3556
310159	43	7213	1794	1814	3608
310847	43	7229	1798	1818	3616
311191	43	7237	1800	1820	3620
311879	43	7253	1804	1824	3628
314287	43	7309	1818	1838	3656
315319	43	7333	1824	1844	3668
316007	43	7349	1828	1848	3676
321511	43	7477	1860	1880	3740
323231	43	7517	1870	1890	3760
324263	43	7541	1876	1896	3772
324607	43	7549	1878	1898	3776
325639	43	7573	1884	1904	3788
326327	43	7589	1888	1908	3796
327703	43	7621	1896	1916	3812
329767	43	7669	1908	1928	3836
331831	43	7717	1920	1940	3860
332863	43	7741	1926	1946	3872
333551	43	7757	1930	1950	3880
334927	43	7789	1938	1958	3896
336647	43	7829	1948	1968	3916
337679	43	7853	1954	1974	3928
338711	43	7877	1960	1980	3940
339743	43	7901	1966	1986	3952
341119	43	7933	1974	1994	3968
341807	43	7949	1978	1998	3976
346279	43	8053	2004	2024	4028
346967	43	8069	2008	2028	4036
347999	43	8093	2014	2034	4048
348343	43	8101	2016	2036	4052
349031	43	8117	2020	2040	4060
353503	43	8221	2046	2066	4112
354191	43	8237	2050	2070	4120
355567	43	8269	2058	2078	4136
356599	43	8293	2064	2084	4148
357631	43	8317	2070	2090	4160
360727	43	8389	2088	2108	4196
362447	43	8429	2098	2118	4216
363823	43	8461	2106	2126	4232
365543	43	8501	2116	2136	4252
368639	43	8573	2134	2154	4288
368983	43	8581	2136	2156	4292
369671	43	8597	2140	2160	4300
371047	43	8629	2148	2168	4316
372767	43	8669	2158	2178	4336
373111	43	8677	2160	2180	4340
373799	43	8693	2164	2184	4348
375863	43	8741	2176	2196	4372
379303	43	8821	2196	2216	4412
379991	43	8837	2200	2220	4420
381023	43	8861	2206	2226	4432
382399	43	8893	2214	2234	4448
384119	43	8933	2224	2244	4468
384463	43	8941	2226	2246	4472
387559	43	9013	2244	2264	4508
388247	43	9029	2248	2268	4516
391687	43	9109	2268	2288	4556
392719	43	9133	2274	2294	4568
393751	43	9157	2280	2300	4580
394439	43	9173	2284	2304	4588
394783	43	9181	2286	2306	4592
396503	43	9221	2296	2316	4612
398911	43	9277	2310	2330	4640
399599	43	9293	2314	2334	4648
401663	43	9341	2326	2346	4672
402007	43	9349	2328	2348	4676
404071	43	9397	2340	2360	4700
404759	43	9413	2344	2364	4708
405103	43	9421	2346	2366	4712
405791	43	9437	2350	2370	4720
406823	43	9461	2356	2376	4732
409919	43	9533	2374	2394	4768
413359	43	9613	2394	2414	4808
414047	43	9629	2398	2418	4816
415423	43	9661	2406	2426	4832
416111	43	9677	2410	2430	4840
418519	43	9733	2424	2444	4868
419207	43	9749	2428	2448	4876
420583	43	9781	2436	2456	4892
422647	43	9829	2448	2468	4916
425743	43	9901	2466	2486	4952
427463	43	9941	2476	2496	4972
427807	43	9949	2478	2498	4976
428839	43	9973	2484	2504	4988
431591	43	10037	2500	2520	5020
432623	43	10061	2506	2526	5032
432967	43	10069	2508	2528	5036
433999	43	10093	2514	2534	5048
435719	43	10133	2524	2544	5068
436063	43	10141	2526	2546	5072
437783	43	10181	2536	2556	5092
440879	43	10253	2554	2574	5128
442943	43	10301	2566	2586	5152
444319	43	10333	2574	2594	5168
445351	43	10357	2580	2600	5180
448447	43	10429	2598	2618	5216
449479	43	10453	2604	2624	5228
450511	43	10477	2610	2630	5240
451543	43	10501	2616	2636	5252
455327	43	10589	2638	2658	5296
455671	43	10597	2640	2660	5300
456359	43	10613	2644	2664	5308
460487	43	10709	2668	2688	5356
461519	43	10733	2674	2694	5368
463583	43	10781	2686	2706	5392
463927	43	10789	2688	2708	5396
465991	43	10837	2700	2720	5420
466679	43	10853	2704	2724	5428
467023	43	10861	2706	2726	5432
469087	43	10909	2718	2738	5456
470807	43	10949	2728	2748	5476
471151	43	10957	2730	2750	5480
471839	43	10973	2734	2754	5488
475967	43	11069	2758	2778	5536
476999	43	11093	2764	2784	5548
478031	43	11117	2770	2790	5560
479407	43	11149	2778	2798	5576
480439	43	11173	2784	2804	5588
481471	43	11197	2790	2810	5600
482159	43	11213	2794	2814	5608
484223	43	11261	2806	2826	5632
486631	43	11317	2820	2840	5660
491791	43	11437	2850	2870	5720
496607	43	11549	2878	2898	5776
498671	43	11597	2890	2910	5800
499703	43	11621	2896	2916	5812
3431	47	73	8	30	38
4183	47	89	12	34	46
4559	47	97	14	36	50
5311	47	113	18	40	58
6439	47	137	24	46	70
9071	47	193	38	60	98
10951	47	233	48	70	118
11327	47	241	50	72	122
12079	47	257	54	76	130
13207	47	281	60	82	142
14711	47	313	68	90	158
15839	47	337	74	96	170
16591	47	353	78	100	178
18847	47	401	90	112	202
19223	47	409	92	114	206
20351	47	433	98	120	218
21103	47	449	102	124	226
21479	47	457	104	126	230
24487	47	521	120	142	262
26743	47	569	132	154	286
27119	47	577	134	156	290
27871	47	593	138	160	298
28247	47	601	140	162	302
28999	47	617	144	166	310
30127	47	641	150	172	322
31631	47	673	158	180	338
35767	47	761	180	202	382
36143	47	769	182	204	386
38023	47	809	192	214	406
40279	47	857	204	226	430
41407	47	881	210	232	442
43663	47	929	222	244	466
44039	47	937	224	246	470
44791	47	953	228	250	478
45919	47	977	234	256	490
47423	47	1009	242	264	506
48551	47	1033	248	270	518
49303	47	1049	252	274	526
51559	47	1097	264	286	550
53063	47	1129	272	294	566
54191	47	1153	278	300	578
56071	47	1193	288	310	598
56447	47	1201	290	312	602
57199	47	1217	294	316	610
58703	47	1249	302	324	626
60583	47	1289	312	334	646
60959	47	1297	314	336	650
62087	47	1321	320	342	662
63967	47	1361	330	352	682
66223	47	1409	342	364	706
67351	47	1433	348	370	718
69607	47	1481	360	382	742
69983	47	1489	362	384	746
72991	47	1553	378	400	778
75247	47	1601	390	412	802
75623	47	1609	392	414	806
77879	47	1657	404	426	830
79759	47	1697	414	436	850
80887	47	1721	420	442	862
82391	47	1753	428	450	878
83519	47	1777	434	456	890
84647	47	1801	440	462	902
88031	47	1873	458	480	938
88783	47	1889	462	484	946
89911	47	1913	468	490	958
93671	47	1993	488	510	998
94799	47	2017	494	516	1010
97807	47	2081	510	532	1042
98183	47	2089	512	534	1046
99311	47	2113	518	540	1058
100063	47	2129	522	544	1066
100439	47	2137	524	546	1070
101191	47	2153	528	550	1078
101567	47	2161	530	552	1082
106831	47	2273	558	580	1138
107207	47	2281	560	582	1142
107959	47	2297	564	586	1150
111719	47	2377	584	606	1190
112471	47	2393	588	610	1198
113599	47	2417	594	616	1210
114727	47	2441	600	622	1222
116231	47	2473	608	630	1238
118487	47	2521	620	642	1262
121871	47	2593	638	660	1298
122623	47	2609	642	664	1306
122999	47	2617	644	666	1310
123751	47	2633	648	670	1318
124879	47	2657	654	676	1330
126383	47	2689	662	684	1346
127511	47	2713	668	690	1358
128263	47	2729	672	694	1366
129391	47	2753	678	700	1378
130519	47	2777	684	706	1390
131647	47	2801	690	712	1402
133151	47	2833	698	720	1418
134279	47	2857	704	726	1430
136159	47	2897	714	736	1450
138791	47	2953	728	750	1478
139543	47	2969	732	754	1486
141047	47	3001	740	762	1502
142927	47	3041	750	772	1522
143303	47	3049	752	774	1526
145183	47	3089	762	784	1546
146687	47	3121	770	792	1562
147439	47	3137	774	796	1570
148943	47	3169	782	804	1586
150823	47	3209	792	814	1606
151199	47	3217	794	816	1610
153079	47	3257	804	826	1630
155711	47	3313	818	840	1658
156463	47	3329	822	844	1666
157967	47	3361	830	852	1682
161351	47	3433	848	870	1718
162103	47	3449	852	874	1726
162479	47	3457	854	876	1730
165863	47	3529	872	894	1766
168871	47	3593	888	910	1798
169999	47	3617	894	916	1810
172631	47	3673	908	930	1838
173759	47	3697	914	936	1850
176767	47	3761	930	952	1882
177143	47	3769	932	954	1886
178271	47	3793	938	960	1898
180151	47	3833	948	970	1918
182407	47	3881	960	982	1942
182783	47	3889	962	984	1946
184663	47	3929	972	994	1966
188047	47	4001	990	1012	2002
190303	47	4049	1002	1024	2026
190679	47	4057	1004	1026	2030
191431	47	4073	1008	1030	2038
194063	47	4129	1022	1044	2066
195191	47	4153	1028	1050	2078
196319	47	4177	1034	1056	2090
197447	47	4201	1040	1062	2102
198199	47	4217	1044	1066	2110
199327	47	4241	1050	1072	2122
200831	47	4273	1058	1080	2138
201583	47	4289	1062	1084	2146
201959	47	4297	1064	1086	2150
203839	47	4337	1074	1096	2170
207223	47	4409	1092	1114	2206
208727	47	4441	1100	1122	2222
209479	47	4457	1104	1126	2230
210607	47	4481	1110	1132	2242
212111	47	4513	1118	1140	2258
214367	47	4561	1130	1152	2282
218503	47	4649	1152	1174	2326
218879	47	4657	1154	1176	2330
219631	47	4673	1158	1180	2338
221887	47	4721	1170	1192	2362
222263	47	4729	1172	1194	2366
225271	47	4793	1188	1210	2398
225647	47	4801	1190	1212	2402
226399	47	4817	1194	1216	2410
229783	47	4889	1212	1234	2446
232039	47	4937	1224	1246	2470
233543	47	4969	1232	1254	2486
234671	47	4993	1238	1260	2498
235423	47	5009	1242	1264	2506
238807	47	5081	1260	1282	2542
240311	47	5113	1268	1290	2558
242191	47	5153	1278	1300	2578
244823	47	5209	1292	1314	2606
245951	47	5233	1298	1320	2618
247831	47	5273	1308	1330	2638
248207	47	5281	1310	1332	2642
248959	47	5297	1314	1336	2650
253471	47	5393	1338	1360	2698
254599	47	5417	1344	1366	2710
255727	47	5441	1350	1372	2722
256103	47	5449	1352	1374	2726
259487	47	5521	1370	1392	2762
261743	47	5569	1382	1404	2786
265127	47	5641	1400	1422	2822
265879	47	5657	1404	1426	2830
267383	47	5689	1412	1434	2846
269639	47	5737	1424	1446	2870
272647	47	5801	1440	1462	2902
274903	47	5849	1452	1474	2926
275279	47	5857	1454	1476	2930
276407	47	5881	1460	1482	2942
277159	47	5897	1464	1486	2950
279791	47	5953	1478	1500	2978
285431	47	6073	1508	1530	3038
286183	47	6089	1512	1534	3046
287311	47	6113	1518	1540	3058
287687	47	6121	1520	1542	3062
292199	47	6217	1544	1566	3110
294079	47	6257	1554	1576	3130
297463	47	6329	1572	1594	3166
297839	47	6337	1574	1596	3170
298591	47	6353	1578	1600	3178
298967	47	6361	1580	1602	3182
303103	47	6449	1602	1624	3226
304231	47	6473	1608	1630	3238
304607	47	6481	1610	1632	3242
306487	47	6521	1620	1642	3262
306863	47	6529	1622	1644	3266
307991	47	6553	1628	1650	3278
308743	47	6569	1632	1654	3286
309119	47	6577	1634	1656	3290
313631	47	6673	1658	1680	3338
314383	47	6689	1662	1684	3346
316639	47	6737	1674	1696	3370
317767	47	6761	1680	1702	3382
319271	47	6793	1688	1710	3398
321151	47	6833	1698	1720	3418
321527	47	6841	1700	1722	3422
322279	47	6857	1704	1726	3430
327167	47	6961	1730	1752	3482
327919	47	6977	1734	1756	3490
329047	47	7001	1740	1762	3502
331679	47	7057	1754	1776	3530
334687	47	7121	1770	1792	3562
335063	47	7129	1772	1794	3566
337319	47	7177	1784	1806	3590
338071	47	7193	1788	1810	3598
342959	47	7297	1814	1836	3650
344087	47	7321	1820	1842	3662
346343	47	7369	1832	1854	3686
347471	47	7393	1838	1860	3698
348599	47	7417	1844	1866	3710
349351	47	7433	1848	1870	3718
350479	47	7457	1854	1876	3730
351607	47	7481	1860	1882	3742
351983	47	7489	1862	1884	3746
353863	47	7529	1872	1894	3766
354239	47	7537	1874	1896	3770
355367	47	7561	1880	1902	3782
356119	47	7577	1884	1906	3790
359503	47	7649	1902	1924	3826
360631	47	7673	1908	1930	3838
361007	47	7681	1910	1932	3842
364391	47	7753	1928	1950	3878
366271	47	7793	1938	1960	3898
367399	47	7817	1944	1966	3910
368527	47	7841	1950	1972	3922
370031	47	7873	1958	1980	3938
373039	47	7937	1974	1996	3970
375671	47	7993	1988	2010	3998
376423	47	8009	1992	2014	4006
376799	47	8017	1994	2016	4010
379807	47	8081	2010	2032	4042
380183	47	8089	2012	2034	4046
383567	47	8161	2030	2052	4082
385823	47	8209	2042	2064	4106
386951	47	8233	2048	2070	4118
388831	47	8273	2058	2080	4138
389959	47	8297	2064	2086	4150
391463	47	8329	2072	2094	4166
392591	47	8353	2078	2100	4178
393343	47	8369	2082	2104	4186
393719	47	8377	2084	2106	4190
400111	47	8513	2118	2140	4258
400487	47	8521	2120	2142	4262
401239	47	8537	2124	2146	4270
404623	47	8609	2142	2164	4306
406127	47	8641	2150	2172	4322
408007	47	8681	2160	2182	4342
408383	47	8689	2162	2184	4346
409511	47	8713	2168	2190	4358
410639	47	8737	2174	2196	4370
411391	47	8753	2178	2200	4378
411767	47	8761	2180	2202	4382
415903	47	8849	2202	2224	4426
419663	47	8929	2222	2244	4466
421543	47	8969	2232	2254	4486
423047	47	9001	2240	2262	4502
424927	47	9041	2250	2272	4522
425303	47	9049	2252	2274	4526
429439	47	9137	2274	2296	4570
430567	47	9161	2280	2302	4582
432823	47	9209	2292	2314	4606
434327	47	9241	2300	2322	4622
435079	47	9257	2304	2326	4630
436207	47	9281	2310	2332	4642
438839	47	9337	2324	2346	4670
440719	47	9377	2334	2356	4690
443351	47	9433	2348	2370	4718
445231	47	9473	2358	2380	4738
446359	47	9497	2364	2386	4750
447487	47	9521	2370	2392	4762
451247	47	9601	2390	2412	4802
453503	47	9649	2402	2424	4826
455383	47	9689	2412	2434	4846
455759	47	9697	2414	2436	4850
456887	47	9721	2420	2442	4862
459143	47	9769	2432	2454	4886
461399	47	9817	2444	2466	4910
462151	47	9833	2448	2470	4918
463279	47	9857	2454	2476	4930
466663	47	9929	2472	2494	4966
470423	47	10009	2492	2514	5006
477943	47	10169	2532	2554	5086
478319	47	10177	2534	2556	5090
479071	47	10193	2538	2560	5098
482831	47	10273	2558	2580	5138
483583	47	10289	2562	2584	5146
484711	47	10313	2568	2590	5158
485087	47	10321	2570	2592	5162
485839	47	10337	2574	2596	5170
487343	47	10369	2582	2604	5186
490351	47	10433	2598	2620	5218
491479	47	10457	2604	2626	5230
494111	47	10513	2618	2640	5258
494863	47	10529	2622	2644	5266
498247	47	10601	2640	2662	5302
3127	53	59	3	28	31
3551	53	67	5	30	35
4399	53	83	9	34	43
5671	53	107	15	40	55
6943	53	131	21	46	67
7367	53	139	23	48	71
8639	53	163	29	54	83
9487	53	179	33	58	91
11183	53	211	41	66	107
12031	53	227	45	70	115
13303	53	251	51	76	127
14999	53	283	59	84	143
16271	53	307	65	90	155
17543	53	331	71	96	167
18391	53	347	75	100	175
20087	53	379	83	108	191
22207	53	419	93	118	211
23479	53	443	99	124	223
24751	53	467	105	130	235
26023	53	491	111	136	247
26447	53	499	113	138	251
27719	53	523	119	144	263
28991	53	547	125	150	275
29839	53	563	129	154	283
30263	53	571	131	156	287
31111	53	587	135	160	295
32807	53	619	143	168	311
34079	53	643	149	174	323
34927	53	659	153	178	331
36199	53	683	159	184	343
36623	53	691	161	186	347
39167	53	739	173	198	371
41711	53	787	185	210	395
42983	53	811	191	216	407
43831	53	827	195	220	415
45527	53	859	203	228	431
46799	53	883	209	234	443
48071	53	907	215	240	455
50191	53	947	225	250	475
51463	53	971	231	256	487
54007	53	1019	243	268	511
55703	53	1051	251	276	527
57823	53	1091	261	286	547
59519	53	1123	269	294	563
61639	53	1163	279	304	583
62063	53	1171	281	306	587
62911	53	1187	285	310	595
66727	53	1259	303	328	631
67999	53	1283	309	334	643
68423	53	1291	311	336	647
69271	53	1307	315	340	655
75631	53	1427	345	370	715
76903	53	1451	351	376	727
77327	53	1459	353	378	731
78599	53	1483	359	384	743
79447	53	1499	363	388	751
80719	53	1523	369	394	763
81143	53	1531	371	396	767
83263	53	1571	381	406	787
83687	53	1579	383	408	791
85807	53	1619	393	418	811
86231	53	1627	395	420	815
88351	53	1667	405	430	835
90047	53	1699	413	438	851
91319	53	1723	419	444	863
92591	53	1747	425	450	875
94711	53	1787	435	460	895
95983	53	1811	441	466	907
98951	53	1867	455	480	935
101071	53	1907	465	490	955
102343	53	1931	471	496	967
104887	53	1979	483	508	991
105311	53	1987	485	510	995
106159	53	2003	489	514	1003
106583	53	2011	491	516	1007
107431	53	2027	495	520	1015
110399	53	2083	509	534	1043
111247	53	2099	513	538	1051
112943	53	2131	521	546	1067
115487	53	2179	533	558	1091
116759	53	2203	539	564	1103
118879	53	2243	549	574	1123
119303	53	2251	551	576	1127
120151	53	2267	555	580	1135
123967	53	2339	573	598	1171
124391	53	2347	575	600	1175
125663	53	2371	581	606	1187
127783	53	2411	591	616	1207
130327	53	2459	603	628	1231
130751	53	2467	605	630	1235
134143	53	2531	621	646	1267
134567	53	2539	623	648	1271
136687	53	2579	633	658	1291
140927	53	2659	653	678	1331
142199	53	2683	659	684	1343
143047	53	2699	663	688	1351
143471	53	2707	665	690	1355
144743	53	2731	671	696	1367
148559	53	2803	689	714	1403
149407	53	2819	693	718	1411
150679	53	2843	699	724	1423
151103	53	2851	701	726	1427
155767	53	2939	723	748	1471
157039	53	2963	729	754	1483
157463	53	2971	731	756	1487
159583	53	3011	741	766	1507
160007	53	3019	743	768	1511
162551	53	3067	755	780	1535
163399	53	3083	759	784	1543
167639	53	3163	779	804	1583
168911	53	3187	785	810	1595
169759	53	3203	789	814	1603
172303	53	3251	801	826	1627
172727	53	3259	803	828	1631
174847	53	3299	813	838	1651
175271	53	3307	815	840	1655
176119	53	3323	819	844	1663
176543	53	3331	821	846	1667
177391	53	3347	825	850	1675
178663	53	3371	831	856	1687
183751	53	3467	855	880	1735
185023	53	3491	861	886	1747
185447	53	3499	863	888	1751
187567	53	3539	873	898	1771
187991	53	3547	875	900	1775
189263	53	3571	881	906	1787
193079	53	3643	899	924	1823
193927	53	3659	903	928	1831
195623	53	3691	911	936	1847
198167	53	3739	923	948	1871
200287	53	3779	933	958	1891
201559	53	3803	939	964	1903
204103	53	3851	951	976	1927
207071	53	3907	965	990	1955
207919	53	3923	969	994	1963
208343	53	3931	971	996	1967
209191	53	3947	975	1000	1975
212159	53	4003	989	1014	2003
213007	53	4019	993	1018	2011
213431	53	4027	995	1020	2015
214703	53	4051	1001	1026	2027
216823	53	4091	1011	1036	2047
217247	53	4099	1013	1038	2051
219367	53	4139	1023	1048	2071
223183	53	4211	1041	1066	2107
223607	53	4219	1043	1068	2111
224879	53	4243	1049	1074	2123
225727	53	4259	1053	1078	2131
226999	53	4283	1059	1084	2143
229967	53	4339	1073	1098	2171
231239	53	4363	1079	1104	2183
235903	53	4451	1101	1126	2227
237599	53	4483	1109	1134	2243
238871	53	4507	1115	1140	2255
239719	53	4523	1119	1144	2263
240991	53	4547	1125	1150	2275
243959	53	4603	1139	1164	2303
246079	53	4643	1149	1174	2323
246503	53	4651	1151	1176	2327
248623	53	4691	1161	1186	2347
250319	53	4723	1169	1194	2363
253711	53	4787	1185	1210	2395
261343	53	4931	1221	1246	2467
264311	53	4987	1235	1260	2495
265159	53	5003	1239	1264	2503
265583	53	5011	1241	1266	2507
267703	53	5051	1251	1276	2527
268127	53	5059	1253	1278	2531
270247	53	5099	1263	1288	2551
270671	53	5107	1265	1290	2555
272791	53	5147	1275	1300	2575
274063	53	5171	1281	1306	2587
274487	53	5179	1283	1308	2591
277031	53	5227	1295	1320	2615
282119	53	5323	1319	1344	2663
283391	53	5347	1325	1350	2675
285511	53	5387	1335	1360	2695
287207	53	5419	1343	1368	2711
288479	53	5443	1349	1374	2723
290599	53	5483	1359	1384	2743
291871	53	5507	1365	1390	2755
293143	53	5531	1371	1396	2767
294839	53	5563	1379	1404	2783
299503	53	5651	1401	1426	2827
299927	53	5659	1403	1428	2831
301199	53	5683	1409	1434	2843
306287	53	5779	1433	1458	2891
308831	53	5827	1445	1470	2915
309679	53	5843	1449	1474	2923
310103	53	5851	1451	1476	2927
310951	53	5867	1455	1480	2935
313919	53	5923	1469	1494	2963
314767	53	5939	1473	1498	2971
317311	53	5987	1485	1510	2995
318583	53	6011	1491	1516	3007
320279	53	6043	1499	1524	3023
321551	53	6067	1505	1530	3035
322823	53	6091	1511	1536	3047
324943	53	6131	1521	1546	3067
326639	53	6163	1529	1554	3083
328759	53	6203	1539	1564	3103
329183	53	6211	1541	1566	3107
333847	53	6299	1563	1588	3151
335119	53	6323	1569	1594	3163
338087	53	6379	1583	1608	3191
340631	53	6427	1595	1620	3215
341903	53	6451	1601	1626	3227
344023	53	6491	1611	1636	3247
346991	53	6547	1625	1650	3275
347839	53	6563	1629	1654	3283
348263	53	6571	1631	1656	3287
350807	53	6619	1643	1668	3311
352927	53	6659	1653	1678	3331
354623	53	6691	1661	1686	3347
358439	53	6763	1679	1704	3383
359287	53	6779	1683	1708	3391
360559	53	6803	1689	1714	3403
361831	53	6827	1695	1720	3415
364799	53	6883	1709	1734	3443
365647	53	6899	1713	1738	3451
366071	53	6907	1715	1740	3455
368191	53	6947	1725	1750	3475
369463	53	6971	1731	1756	3487
372007	53	7019	1743	1768	3511
372431	53	7027	1745	1770	3515
373279	53	7043	1749	1774	3523
380911	53	7187	1785	1810	3595
382183	53	7211	1791	1816	3607
382607	53	7219	1793	1818	3611
383879	53	7243	1799	1824	3623
385999	53	7283	1809	1834	3643
387271	53	7307	1815	1840	3655
388543	53	7331	1821	1846	3667
392783	53	7411	1841	1866	3707
394903	53	7451	1851	1876	3727
395327	53	7459	1853	1878	3731
397447	53	7499	1863	1888	3751
397871	53	7507	1865	1890	3755
398719	53	7523	1869	1894	3763
399991	53	7547	1875	1900	3775
402959	53	7603	1889	1914	3803
405079	53	7643	1899	1924	3823
407623	53	7691	1911	1936	3847
408047	53	7699	1913	1938	3851
409319	53	7723	1919	1944	3863
416951	53	7867	1955	1980	3935
417799	53	7883	1959	1984	3943
419071	53	7907	1965	1990	3955
422039	53	7963	1979	2004	3983
424583	53	8011	1991	2016	4007
427127	53	8059	2003	2028	4031
430519	53	8123	2019	2044	4063
431791	53	8147	2025	2050	4075
433063	53	8171	2031	2056	4087
433487	53	8179	2033	2058	4091
435607	53	8219	2043	2068	4111
436879	53	8243	2049	2074	4123
439423	53	8291	2061	2086	4147
443239	53	8363	2079	2104	4183
444511	53	8387	2085	2110	4195
446207	53	8419	2093	2118	4211
447479	53	8443	2099	2124	4223
448751	53	8467	2105	2130	4235
452567	53	8539	2123	2148	4271
453839	53	8563	2129	2154	4283
457231	53	8627	2145	2170	4315
461047	53	8699	2163	2188	4351
461471	53	8707	2165	2190	4355
462743	53	8731	2171	2196	4367
463591	53	8747	2175	2200	4375
465287	53	8779	2183	2208	4391
466559	53	8803	2189	2214	4403
467407	53	8819	2193	2218	4411
469951	53	8867	2205	2230	4435
472919	53	8923	2219	2244	4463
475039	53	8963	2229	2254	4483
475463	53	8971	2231	2256	4487
477583	53	9011	2241	2266	4507
479279	53	9043	2249	2274	4523
480127	53	9059	2253	2278	4531
480551	53	9067	2255	2280	4535
481823	53	9091	2261	2286	4547
486911	53	9187	2285	2310	4595
487759	53	9203	2289	2314	4603
489031	53	9227	2295	2320	4615
491999	53	9283	2309	2334	4643
494119	53	9323	2319	2344	4663
496663	53	9371	2331	2356	4687
498359	53	9403	2339	2364	4703
499207	53	9419	2343	2368	4711
3599	59	61	2	30	32
5959	59	101	12	40	52
6431	59	109	14	42	56
8791	59	149	24	52	76
9263	59	157	26	54	80
10207	59	173	30	58	88
10679	59	181	32	60	92
11623	59	197	36	64	100
13511	59	229	44	72	116
15871	59	269	54	82	136
16343	59	277	56	84	140
17287	59	293	60	88	148
18703	59	317	66	94	160
20591	59	349	74	102	176
22007	59	373	80	108	188
22951	59	389	84	112	196
23423	59	397	86	114	200
24839	59	421	92	120	212
27199	59	461	102	130	232
30031	59	509	114	142	256
31919	59	541	122	150	272
32863	59	557	126	154	280
36167	59	613	140	168	308
38527	59	653	150	178	328
38999	59	661	152	180	332
39943	59	677	156	184	340
41359	59	701	162	190	352
41831	59	709	164	192	356
43247	59	733	170	198	368
44663	59	757	176	204	380
45607	59	773	180	208	388
47023	59	797	186	214	400
48439	59	821	192	220	412
48911	59	829	194	222	416
50327	59	853	200	228	428
51743	59	877	206	234	440
55519	59	941	222	250	472
58823	59	997	236	264	500
59767	59	1013	240	268	508
60239	59	1021	242	270	512
62599	59	1061	252	280	532
63071	59	1069	254	282	536
64487	59	1093	260	288	548
65431	59	1109	264	292	556
65903	59	1117	266	294	560
69679	59	1181	282	310	592
71567	59	1213	290	318	608
72511	59	1229	294	322	616
72983	59	1237	296	324	620
75343	59	1277	306	334	640
76759	59	1301	312	340	652
81007	59	1373	330	358	688
81479	59	1381	332	360	692
84311	59	1429	344	372	716
85727	59	1453	350	378	728
88087	59	1493	360	388	748
91391	59	1549	374	402	776
94223	59	1597	386	414	800
95167	59	1613	390	418	808
95639	59	1621	392	420	812
96583	59	1637	396	424	820
98471	59	1669	404	432	836
99887	59	1693	410	438	848
100831	59	1709	414	442	856
102247	59	1733	420	448	868
102719	59	1741	422	450	872
105551	59	1789	434	462	896
109799	59	1861	452	480	932
110743	59	1877	456	484	940
112159	59	1901	462	490	952
114047	59	1933	470	498	968
114991	59	1949	474	502	976
116407	59	1973	480	508	988
117823	59	1997	486	514	1000
119711	59	2029	494	522	1016
121127	59	2053	500	528	1028
122071	59	2069	504	532	1036
126319	59	2141	522	550	1072
130567	59	2213	540	568	1108
131039	59	2221	542	570	1112
131983	59	2237	546	574	1120
133871	59	2269	554	582	1136
135287	59	2293	560	588	1148
136231	59	2309	564	592	1156
137647	59	2333	570	598	1168
138119	59	2341	572	600	1172
139063	59	2357	576	604	1180
140479	59	2381	582	610	1192
140951	59	2389	584	612	1196
143783	59	2437	596	624	1220
146143	59	2477	606	634	1240
150391	59	2549	624	652	1276
150863	59	2557	626	654	1280
154639	59	2621	642	670	1312
157943	59	2677	656	684	1340
158887	59	2693	660	688	1348
161719	59	2741	672	700	1372
162191	59	2749	674	702	1376
164551	59	2789	684	712	1396
165023	59	2797	686	714	1400
167383	59	2837	696	724	1420
168799	59	2861	702	730	1432
171631	59	2909	714	742	1456
172103	59	2917	716	744	1460
174463	59	2957	726	754	1480
179183	59	3037	746	774	1520
180599	59	3061	752	780	1532
183431	59	3109	764	792	1556
187679	59	3181	782	810	1592
190039	59	3221	792	820	1612
190511	59	3229	794	822	1616
191927	59	3253	800	828	1628
194759	59	3301	812	840	1652
199007	59	3373	830	858	1688
199951	59	3389	834	862	1696
201367	59	3413	840	868	1708
204199	59	3461	852	880	1732
204671	59	3469	854	882	1736
207503	59	3517	866	894	1760
208447	59	3533	870	898	1768
208919	59	3541	872	900	1772
209863	59	3557	876	904	1780
211279	59	3581	882	910	1792
213167	59	3613	890	918	1808
214583	59	3637	896	924	1820
216943	59	3677	906	934	1840
218359	59	3701	912	940	1852
218831	59	3709	914	942	1856
220247	59	3733	920	948	1868
224023	59	3797	936	964	1900
225439	59	3821	942	970	1912
227327	59	3853	950	978	1928
228743	59	3877	956	984	1940
231103	59	3917	966	994	1960
235351	59	3989	984	1012	1996
236767	59	4013	990	1018	2008
237239	59	4021	992	1020	2012
241487	59	4093	1010	1038	2048
243847	59	4133	1020	1048	2068
245263	59	4157	1026	1054	2080
249511	59	4229	1044	1072	2116
250927	59	4253	1050	1078	2128
251399	59	4261	1052	1080	2132
256591	59	4349	1074	1102	2176
257063	59	4357	1076	1104	2180
258007	59	4373	1080	1108	2188
259423	59	4397	1086	1114	2200
260839	59	4421	1092	1120	2212
265087	59	4493	1110	1138	2248
266503	59	4517	1116	1144	2260
268391	59	4549	1124	1152	2276
271223	59	4597	1136	1164	2300
272639	59	4621	1142	1170	2312
273583	59	4637	1146	1174	2320
279247	59	4733	1170	1198	2368
282551	59	4789	1184	1212	2396
283967	59	4813	1190	1218	2408
286799	59	4861	1202	1230	2432
287743	59	4877	1206	1234	2440
289631	59	4909	1214	1242	2456
291047	59	4933	1220	1248	2468
292463	59	4957	1226	1254	2480
293407	59	4973	1230	1258	2488
296239	59	5021	1242	1270	2512
299543	59	5077	1256	1284	2540
300959	59	5101	1262	1290	2552
306151	59	5189	1284	1312	2596
306623	59	5197	1286	1314	2600
308983	59	5237	1296	1324	2620
310399	59	5261	1302	1330	2632
313231	59	5309	1314	1342	2656
314647	59	5333	1320	1348	2668
317479	59	5381	1332	1360	2692
319367	59	5413	1340	1368	2708
320783	59	5437	1346	1374	2720
323143	59	5477	1356	1384	2740
324559	59	5501	1362	1390	2752
327863	59	5557	1376	1404	2780
328807	59	5573	1380	1408	2788
329279	59	5581	1382	1410	2792
333527	59	5653	1400	1428	2828
334471	59	5669	1404	1432	2836
335887	59	5693	1410	1438	2848
336359	59	5701	1412	1440	2852
337303	59	5717	1416	1444	2860
338719	59	5741	1422	1450	2872
339191	59	5749	1424	1452	2876
342967	59	5813	1440	1468	2908
343439	59	5821	1442	1470	2912
345799	59	5861	1452	1480	2932
346271	59	5869	1454	1482	2936
352879	59	5981	1482	1510	2992
355711	59	6029	1494	1522	3016
356183	59	6037	1496	1524	3020
357127	59	6053	1500	1528	3028
359959	59	6101	1512	1540	3052
361847	59	6133	1520	1548	3068
364207	59	6173	1530	1558	3088
365623	59	6197	1536	1564	3100
367039	59	6221	1542	1570	3112
367511	59	6229	1544	1572	3116
369871	59	6269	1554	1582	3136
370343	59	6277	1556	1584	3140
371759	59	6301	1562	1590	3152
372703	59	6317	1566	1594	3160
376007	59	6373	1580	1608	3188
376951	59	6389	1584	1612	3196
377423	59	6397	1586	1614	3200
378839	59	6421	1592	1620	3212
381671	59	6469	1604	1632	3236
388279	59	6581	1632	1660	3292
391583	59	6637	1646	1674	3320
392527	59	6653	1650	1678	3328
392999	59	6661	1652	1680	3332
395359	59	6701	1662	1690	3352
395831	59	6709	1664	1692	3356
397247	59	6733	1670	1698	3368
400079	59	6781	1682	1710	3392
402911	59	6829	1694	1722	3416
405271	59	6869	1704	1732	3436
408103	59	6917	1716	1744	3460
409991	59	6949	1724	1752	3476
412823	59	6997	1736	1764	3500
413767	59	7013	1740	1768	3508
417071	59	7069	1754	1782	3536
419431	59	7109	1764	1792	3556
425567	59	7213	1790	1818	3608
426511	59	7229	1794	1822	3616
426983	59	7237	1796	1824	3620
427927	59	7253	1800	1828	3628
431231	59	7309	1814	1842	3656
432647	59	7333	1820	1848	3668
433591	59	7349	1824	1852	3676
441143	59	7477	1856	1884	3740
443503	59	7517	1866	1894	3760
444919	59	7541	1872	1900	3772
445391	59	7549	1874	1902	3776
446807	59	7573	1880	1908	3788
447751	59	7589	1884	1912	3796
449639	59	7621	1892	1920	3812
452471	59	7669	1904	1932	3836
455303	59	7717	1916	1944	3860
456719	59	7741	1922	1950	3872
457663	59	7757	1926	1954	3880
459551	59	7789	1934	1962	3896
461911	59	7829	1944	1972	3916
463327	59	7853	1950	1978	3928
464743	59	7877	1956	1984	3940
466159	59	7901	1962	1990	3952
468047	59	7933	1970	1998	3968
468991	59	7949	1974	2002	3976
475127	59	8053	2000	2028	4028
476071	59	8069	2004	2032	4036
477487	59	8093	2010	2038	4048
477959	59	8101	2012	2040	4052
478903	59	8117	2016	2044	4060
485039	59	8221	2042	2070	4112
485983	59	8237	2046	2074	4120
487871	59	8269	2054	2082	4136
489287	59	8293	2060	2088	4148
490703	59	8317	2066	2094	4160
494951	59	8389	2084	2112	4196
497311	59	8429	2094	2122	4216
499199	59	8461	2102	2130	4232
4087	61	67	3	32	35
5063	61	83	7	36	43
6527	61	107	13	42	55
7991	61	131	19	48	67
8479	61	139	21	50	71
9943	61	163	27	56	83
10919	61	179	31	60	91
12871	61	211	39	68	107
13847	61	227	43	72	115
15311	61	251	49	78	127
17263	61	283	57	86	143
18727	61	307	63	92	155
20191	61	331	69	98	167
21167	61	347	73	102	175
23119	61	379	81	110	191
25559	61	419	91	120	211
27023	61	443	97	126	223
28487	61	467	103	132	235
29951	61	491	109	138	247
30439	61	499	111	140	251
31903	61	523	117	146	263
33367	61	547	123	152	275
34343	61	563	127	156	283
34831	61	571	129	158	287
35807	61	587	133	162	295
37759	61	619	141	170	311
39223	61	643	147	176	323
40199	61	659	151	180	331
41663	61	683	157	186	343
42151	61	691	159	188	347
45079	61	739	171	200	371
48007	61	787	183	212	395
49471	61	811	189	218	407
50447	61	827	193	222	415
52399	61	859	201	230	431
53863	61	883	207	236	443
55327	61	907	213	242	455
57767	61	947	223	252	475
59231	61	971	229	258	487
62159	61	1019	241	270	511
64111	61	1051	249	278	527
66551	61	1091	259	288	547
68503	61	1123	267	296	563
70943	61	1163	277	306	583
71431	61	1171	279	308	587
72407	61	1187	283	312	595
76799	61	1259	301	330	631
78263	61	1283	307	336	643
78751	61	1291	309	338	647
79727	61	1307	313	342	655
87047	61	1427	343	372	715
88511	61	1451	349	378	727
88999	61	1459	351	380	731
90463	61	1483	357	386	743
91439	61	1499	361	390	751
92903	61	1523	367	396	763
93391	61	1531	369	398	767
95831	61	1571	379	408	787
96319	61	1579	381	410	791
98759	61	1619	391	420	811
99247	61	1627	393	422	815
101687	61	1667	403	432	835
103639	61	1699	411	440	851
105103	61	1723	417	446	863
106567	61	1747	423	452	875
109007	61	1787	433	462	895
110471	61	1811	439	468	907
113887	61	1867	453	482	935
116327	61	1907	463	492	955
117791	61	1931	469	498	967
120719	61	1979	481	510	991
121207	61	1987	483	512	995
122183	61	2003	487	516	1003
122671	61	2011	489	518	1007
123647	61	2027	493	522	1015
127063	61	2083	507	536	1043
128039	61	2099	511	540	1051
129991	61	2131	519	548	1067
132919	61	2179	531	560	1091
134383	61	2203	537	566	1103
136823	61	2243	547	576	1123
137311	61	2251	549	578	1127
138287	61	2267	553	582	1135
142679	61	2339	571	600	1171
143167	61	2347	573	602	1175
144631	61	2371	579	608	1187
147071	61	2411	589	618	1207
149999	61	2459	601	630	1231
150487	61	2467	603	632	1235
154391	61	2531	619	648	1267
154879	61	2539	621	650	1271
157319	61	2579	631	660	1291
162199	61	2659	651	680	1331
163663	61	2683	657	686	1343
164639	61	2699	661	690	1351
165127	61	2707	663	692	1355
166591	61	2731	669	698	1367
170983	61	2803	687	716	1403
171959	61	2819	691	720	1411
173423	61	2843	697	726	1423
173911	61	2851	699	728	1427
179279	61	2939	721	750	1471
180743	61	2963	727	756	1483
181231	61	2971	729	758	1487
183671	61	3011	739	768	1507
184159	61	3019	741	770	1511
187087	61	3067	753	782	1535
188063	61	3083	757	786	1543
192943	61	3163	777	806	1583
194407	61	3187	783	812	1595
195383	61	3203	787	816	1603
198311	61	3251	799	828	1627
198799	61	3259	801	830	1631
201239	61	3299	811	840	1651
201727	61	3307	813	842	1655
202703	61	3323	817	846	1663
203191	61	3331	819	848	1667
204167	61	3347	823	852	1675
205631	61	3371	829	858	1687
211487	61	3467	853	882	1735
212951	61	3491	859	888	1747
213439	61	3499	861	890	1751
215879	61	3539	871	900	1771
216367	61	3547	873	902	1775
217831	61	3571	879	908	1787
222223	61	3643	897	926	1823
223199	61	3659	901	930	1831
225151	61	3691	909	938	1847
228079	61	3739	921	950	1871
230519	61	3779	931	960	1891
231983	61	3803	937	966	1903
234911	61	3851	949	978	1927
238327	61	3907	963	992	1955
239303	61	3923	967	996	1963
239791	61	3931	969	998	1967
240767	61	3947	973	1002	1975
244183	61	4003	987	1016	2003
245159	61	4019	991	1020	2011
245647	61	4027	993	1022	2015
247111	61	4051	999	1028	2027
249551	61	4091	1009	1038	2047
250039	61	4099	1011	1040	2051
252479	61	4139	1021	1050	2071
256871	61	4211	1039	1068	2107
257359	61	4219	1041	1070	2111
258823	61	4243	1047	1076	2123
259799	61	4259	1051	1080	2131
261263	61	4283	1057	1086	2143
264679	61	4339	1071	1100	2171
266143	61	4363	1077	1106	2183
271511	61	4451	1099	1128	2227
273463	61	4483	1107	1136	2243
274927	61	4507	1113	1142	2255
275903	61	4523	1117	1146	2263
277367	61	4547	1123	1152	2275
280783	61	4603	1137	1166	2303
283223	61	4643	1147	1176	2323
283711	61	4651	1149	1178	2327
286151	61	4691	1159	1188	2347
288103	61	4723	1167	1196	2363
292007	61	4787	1183	1212	2395
300791	61	4931	1219	1248	2467
304207	61	4987	1233	1262	2495
305183	61	5003	1237	1266	2503
305671	61	5011	1239	1268	2507
308111	61	5051	1249	1278	2527
308599	61	5059	1251	1280	2531
311039	61	5099	1261	1290	2551
311527	61	5107	1263	1292	2555
313967	61	5147	1273	1302	2575
315431	61	5171	1279	1308	2587
315919	61	5179	1281	1310	2591
318847	61	5227	1293	1322	2615
324703	61	5323	1317	1346	2663
326167	61	5347	1323	1352	2675
328607	61	5387	1333	1362	2695
330559	61	5419	1341	1370	2711
332023	61	5443	1347	1376	2723
334463	61	5483	1357	1386	2743
335927	61	5507	1363	1392	2755
337391	61	5531	1369	1398	2767
339343	61	5563	1377	1406	2783
344711	61	5651	1399	1428	2827
345199	61	5659	1401	1430	2831
346663	61	5683	1407	1436	2843
352519	61	5779	1431	1460	2891
355447	61	5827	1443	1472	2915
356423	61	5843	1447	1476	2923
356911	61	5851	1449	1478	2927
357887	61	5867	1453	1482	2935
361303	61	5923	1467	1496	2963
362279	61	5939	1471	1500	2971
365207	61	5987	1483	1512	2995
366671	61	6011	1489	1518	3007
368623	61	6043	1497	1526	3023
370087	61	6067	1503	1532	3035
371551	61	6091	1509	1538	3047
373991	61	6131	1519	1548	3067
375943	61	6163	1527	1556	3083
378383	61	6203	1537	1566	3103
378871	61	6211	1539	1568	3107
384239	61	6299	1561	1590	3151
385703	61	6323	1567	1596	3163
389119	61	6379	1581	1610	3191
392047	61	6427	1593	1622	3215
393511	61	6451	1599	1628	3227
395951	61	6491	1609	1638	3247
399367	61	6547	1623	1652	3275
400343	61	6563	1627	1656	3283
400831	61	6571	1629	1658	3287
403759	61	6619	1641	1670	3311
406199	61	6659	1651	1680	3331
408151	61	6691	1659	1688	3347
412543	61	6763	1677	1706	3383
413519	61	6779	1681	1710	3391
414983	61	6803	1687	1716	3403
416447	61	6827	1693	1722	3415
419863	61	6883	1707	1736	3443
420839	61	6899	1711	1740	3451
421327	61	6907	1713	1742	3455
423767	61	6947	1723	1752	3475
425231	61	6971	1729	1758	3487
428159	61	7019	1741	1770	3511
428647	61	7027	1743	1772	3515
429623	61	7043	1747	1776	3523
438407	61	7187	1783	1812	3595
439871	61	7211	1789	1818	3607
440359	61	7219	1791	1820	3611
441823	61	7243	1797	1826	3623
444263	61	7283	1807	1836	3643
445727	61	7307	1813	1842	3655
447191	61	7331	1819	1848	3667
452071	61	7411	1839	1868	3707
454511	61	7451	1849	1878	3727
454999	61	7459	1851	1880	3731
457439	61	7499	1861	1890	3751
457927	61	7507	1863	1892	3755
458903	61	7523	1867	1896	3763
460367	61	7547	1873	1902	3775
463783	61	7603	1887	1916	3803
466223	61	7643	1897	1926	3823
469151	61	7691	1909	1938	3847
469639	61	7699	1911	1940	3851
471103	61	7723	1917	1946	3863
479887	61	7867	1953	1982	3935
480863	61	7883	1957	1986	3943
482327	61	7907	1963	1992	3955
485743	61	7963	1977	2006	3983
488671	61	8011	1989	2018	4007
491599	61	8059	2001	2030	4031
495503	61	8123	2017	2046	4063
496967	61	8147	2023	2052	4075
498431	61	8171	2029	2058	4087
498919	61	8179	2031	2060	4091
6767	67	101	10	42	52
7303	67	109	12	44	56
9983	67	149	22	54	76
10519	67	157	24	56	80
11591	67	173	28	60	88
12127	67	181	30	62	92
13199	67	197	34	66	100
15343	67	229	42	74	116
18023	67	269	52	84	136
18559	67	277	54	86	140
19631	67	293	58	90	148
21239	67	317	64	96	160
23383	67	349	72	104	176
24991	67	373	78	110	188
26063	67	389	82	114	196
26599	67	397	84	116	200
28207	67	421	90	122	212
30887	67	461	100	132	232
34103	67	509	112	144	256
36247	67	541	120	152	272
37319	67	557	124	156	280
41071	67	613	138	170	308
43751	67	653	148	180	328
44287	67	661	150	182	332
45359	67	677	154	186	340
46967	67	701	160	192	352
47503	67	709	162	194	356
49111	67	733	168	200	368
50719	67	757	174	206	380
51791	67	773	178	210	388
53399	67	797	184	216	400
55007	67	821	190	222	412
55543	67	829	192	224	416
57151	67	853	198	230	428
58759	67	877	204	236	440
63047	67	941	220	252	472
66799	67	997	234	266	500
67871	67	1013	238	270	508
68407	67	1021	240	272	512
71087	67	1061	250	282	532
71623	67	1069	252	284	536
73231	67	1093	258	290	548
74303	67	1109	262	294	556
74839	67	1117	264	296	560
79127	67	1181	280	312	592
81271	67	1213	288	320	608
82343	67	1229	292	324	616
82879	67	1237	294	326	620
85559	67	1277	304	336	640
87167	67	1301	310	342	652
91991	67	1373	328	360	688
92527	67	1381	330	362	692
95743	67	1429	342	374	716
97351	67	1453	348	380	728
100031	67	1493	358	390	748
103783	67	1549	372	404	776
106999	67	1597	384	416	800
108071	67	1613	388	420	808
108607	67	1621	390	422	812
109679	67	1637	394	426	820
111823	67	1669	402	434	836
113431	67	1693	408	440	848
114503	67	1709	412	444	856
116111	67	1733	418	450	868
116647	67	1741	420	452	872
119863	67	1789	432	464	896
124687	67	1861	450	482	932
125759	67	1877	454	486	940
127367	67	1901	460	492	952
129511	67	1933	468	500	968
130583	67	1949	472	504	976
132191	67	1973	478	510	988
133799	67	1997	484	516	1000
135943	67	2029	492	524	1016
137551	67	2053	498	530	1028
138623	67	2069	502	534	1036
143447	67	2141	520	552	1072
148271	67	2213	538	570	1108
148807	67	2221	540	572	1112
149879	67	2237	544	576	1120
152023	67	2269	552	584	1136
153631	67	2293	558	590	1148
154703	67	2309	562	594	1156
156311	67	2333	568	600	1168
156847	67	2341	570	602	1172
157919	67	2357	574	606	1180
159527	67	2381	580	612	1192
160063	67	2389	582	614	1196
163279	67	2437	594	626	1220
165959	67	2477	604	636	1240
170783	67	2549	622	654	1276
171319	67	2557	624	656	1280
175607	67	2621	640	672	1312
179359	67	2677	654	686	1340
180431	67	2693	658	690	1348
183647	67	2741	670	702	1372
184183	67	2749	672	704	1376
186863	67	2789	682	714	1396
187399	67	2797	684	716	1400
190079	67	2837	694	726	1420
191687	67	2861	700	732	1432
194903	67	2909	712	744	1456
195439	67	2917	714	746	1460
198119	67	2957	724	756	1480
203479	67	3037	744	776	1520
205087	67	3061	750	782	1532
208303	67	3109	762	794	1556
213127	67	3181	780	812	1592
215807	67	3221	790	822	1612
216343	67	3229	792	824	1616
217951	67	3253	798	830	1628
221167	67	3301	810	842	1652
225991	67	3373	828	860	1688
227063	67	3389	832	864	1696
228671	67	3413	838	870	1708
231887	67	3461	850	882	1732
232423	67	3469	852	884	1736
235639	67	3517	864	896	1760
236711	67	3533	868	900	1768
237247	67	3541	870	902	1772
238319	67	3557	874	906	1780
239927	67	3581	880	912	1792
242071	67	3613	888	920	1808
243679	67	3637	894	926	1820
246359	67	3677	904	936	1840
247967	67	3701	910	942	1852
248503	67	3709	912	944	1856
250111	67	3733	918	950	1868
254399	67	3797	934	966	1900
256007	67	3821	940	972	1912
258151	67	3853	948	980	1928
259759	67	3877	954	986	1940
262439	67	3917	964	996	1960
267263	67	3989	982	1014	1996
268871	67	4013	988	1020	2008
269407	67	4021	990	1022	2012
274231	67	4093	1008	1040	2048
276911	67	4133	1018	1050	2068
278519	67	4157	1024	1056	2080
283343	67	4229	1042	1074	2116
284951	67	4253	1048	1080	2128
285487	67	4261	1050	1082	2132
291383	67	4349	1072	1104	2176
291919	67	4357	1074	1106	2180
292991	67	4373	1078	1110	2188
294599	67	4397	1084	1116	2200
296207	67	4421	1090	1122	2212
301031	67	4493	1108	1140	2248
302639	67	4517	1114	1146	2260
304783	67	4549	1122	1154	2276
307999	67	4597	1134	1166	2300
309607	67	4621	1140	1172	2312
310679	67	4637	1144	1176	2320
317111	67	4733	1168	1200	2368
320863	67	4789	1182	1214	2396
322471	67	4813	1188	1220	2408
325687	67	4861	1200	1232	2432
326759	67	4877	1204	1236	2440
328903	67	4909	1212	1244	2456
330511	67	4933	1218	1250	2468
332119	67	4957	1224	1256	2480
333191	67	4973	1228	1260	2488
336407	67	5021	1240	1272	2512
340159	67	5077	1254	1286	2540
341767	67	5101	1260	1292	2552
347663	67	5189	1282	1314	2596
348199	67	5197	1284	1316	2600
350879	67	5237	1294	1326	2620
352487	67	5261	1300	1332	2632
355703	67	5309	1312	1344	2656
357311	67	5333	1318	1350	2668
360527	67	5381	1330	1362	2692
362671	67	5413	1338	1370	2708
364279	67	5437	1344	1376	2720
366959	67	5477	1354	1386	2740
368567	67	5501	1360	1392	2752
372319	67	5557	1374	1406	2780
373391	67	5573	1378	1410	2788
373927	67	5581	1380	1412	2792
378751	67	5653	1398	1430	2828
379823	67	5669	1402	1434	2836
381431	67	5693	1408	1440	2848
381967	67	5701	1410	1442	2852
383039	67	5717	1414	1446	2860
384647	67	5741	1420	1452	2872
385183	67	5749	1422	1454	2876
389471	67	5813	1438	1470	2908
390007	67	5821	1440	1472	2912
392687	67	5861	1450	1482	2932
393223	67	5869	1452	1484	2936
400727	67	5981	1480	1512	2992
403943	67	6029	1492	1524	3016
404479	67	6037	1494	1526	3020
405551	67	6053	1498	1530	3028
408767	67	6101	1510	1542	3052
410911	67	6133	1518	1550	3068
413591	67	6173	1528	1560	3088
415199	67	6197	1534	1566	3100
416807	67	6221	1540	1572	3112
417343	67	6229	1542	1574	3116
420023	67	6269	1552	1584	3136
420559	67	6277	1554	1586	3140
422167	67	6301	1560	1592	3152
423239	67	6317	1564	1596	3160
426991	67	6373	1578	1610	3188
428063	67	6389	1582	1614	3196
428599	67	6397	1584	1616	3200
430207	67	6421	1590	1622	3212
433423	67	6469	1602	1634	3236
440927	67	6581	1630	1662	3292
444679	67	6637	1644	1676	3320
445751	67	6653	1648	1680	3328
446287	67	6661	1650	1682	3332
448967	67	6701	1660	1692	3352
449503	67	6709	1662	1694	3356
451111	67	6733	1668	1700	3368
454327	67	6781	1680	1712	3392
457543	67	6829	1692	1724	3416
460223	67	6869	1702	1734	3436
463439	67	6917	1714	1746	3460
465583	67	6949	1722	1754	3476
468799	67	6997	1734	1766	3500
469871	67	7013	1738	1770	3508
473623	67	7069	1752	1784	3536
476303	67	7109	1762	1794	3556
483271	67	7213	1788	1820	3608
484343	67	7229	1792	1824	3616
484879	67	7237	1794	1826	3620
485951	67	7253	1798	1830	3628
489703	67	7309	1812	1844	3656
491311	67	7333	1818	1850	3668
492383	67	7349	1822	1854	3676
5183	71	73	2	36	38
6319	71	89	6	40	46
6887	71	97	8	42	50
8023	71	113	12	46	58
9727	71	137	18	52	70
13703	71	193	32	66	98
16543	71	233	42	76	118
17111	71	241	44	78	122
18247	71	257	48	82	130
19951	71	281	54	88	142
22223	71	313	62	96	158
23927	71	337	68	102	170
25063	71	353	72	106	178
28471	71	401	84	118	202
29039	71	409	86	120	206
30743	71	433	92	126	218
31879	71	449	96	130	226
32447	71	457	98	132	230
36991	71	521	114	148	262
40399	71	569	126	160	286
40967	71	577	128	162	290
42103	71	593	132	166	298
42671	71	601	134	168	302
43807	71	617	138	172	310
45511	71	641	144	178	322
47783	71	673	152	186	338
54031	71	761	174	208	382
54599	71	769	176	210	386
57439	71	809	186	220	406
60847	71	857	198	232	430
62551	71	881	204	238	442
65959	71	929	216	250	466
66527	71	937	218	252	470
67663	71	953	222	256	478
69367	71	977	228	262	490
71639	71	1009	236	270	506
73343	71	1033	242	276	518
74479	71	1049	246	280	526
77887	71	1097	258	292	550
80159	71	1129	266	300	566
81863	71	1153	272	306	578
84703	71	1193	282	316	598
85271	71	1201	284	318	602
86407	71	1217	288	322	610
88679	71	1249	296	330	626
91519	71	1289	306	340	646
92087	71	1297	308	342	650
93791	71	1321	314	348	662
96631	71	1361	324	358	682
100039	71	1409	336	370	706
101743	71	1433	342	376	718
105151	71	1481	354	388	742
105719	71	1489	356	390	746
110263	71	1553	372	406	778
113671	71	1601	384	418	802
114239	71	1609	386	420	806
117647	71	1657	398	432	830
120487	71	1697	408	442	850
122191	71	1721	414	448	862
124463	71	1753	422	456	878
126167	71	1777	428	462	890
127871	71	1801	434	468	902
132983	71	1873	452	486	938
134119	71	1889	456	490	946
135823	71	1913	462	496	958
141503	71	1993	482	516	998
143207	71	2017	488	522	1010
147751	71	2081	504	538	1042
148319	71	2089	506	540	1046
150023	71	2113	512	546	1058
151159	71	2129	516	550	1066
151727	71	2137	518	552	1070
152863	71	2153	522	556	1078
153431	71	2161	524	558	1082
161383	71	2273	552	586	1138
161951	71	2281	554	588	1142
163087	71	2297	558	592	1150
168767	71	2377	578	612	1190
169903	71	2393	582	616	1198
171607	71	2417	588	622	1210
173311	71	2441	594	628	1222
175583	71	2473	602	636	1238
178991	71	2521	614	648	1262
184103	71	2593	632	666	1298
185239	71	2609	636	670	1306
185807	71	2617	638	672	1310
186943	71	2633	642	676	1318
188647	71	2657	648	682	1330
190919	71	2689	656	690	1346
192623	71	2713	662	696	1358
193759	71	2729	666	700	1366
195463	71	2753	672	706	1378
197167	71	2777	678	712	1390
198871	71	2801	684	718	1402
201143	71	2833	692	726	1418
202847	71	2857	698	732	1430
205687	71	2897	708	742	1450
209663	71	2953	722	756	1478
210799	71	2969	726	760	1486
213071	71	3001	734	768	1502
215911	71	3041	744	778	1522
216479	71	3049	746	780	1526
219319	71	3089	756	790	1546
221591	71	3121	764	798	1562
222727	71	3137	768	802	1570
224999	71	3169	776	810	1586
227839	71	3209	786	820	1606
228407	71	3217	788	822	1610
231247	71	3257	798	832	1630
235223	71	3313	812	846	1658
236359	71	3329	816	850	1666
238631	71	3361	824	858	1682
243743	71	3433	842	876	1718
244879	71	3449	846	880	1726
245447	71	3457	848	882	1730
250559	71	3529	866	900	1766
255103	71	3593	882	916	1798
256807	71	3617	888	922	1810
260783	71	3673	902	936	1838
262487	71	3697	908	942	1850
267031	71	3761	924	958	1882
267599	71	3769	926	960	1886
269303	71	3793	932	966	1898
272143	71	3833	942	976	1918
275551	71	3881	954	988	1942
276119	71	3889	956	990	1946
278959	71	3929	966	1000	1966
284071	71	4001	984	1018	2002
287479	71	4049	996	1030	2026
288047	71	4057	998	1032	2030
289183	71	4073	1002	1036	2038
293159	71	4129	1016	1050	2066
294863	71	4153	1022	1056	2078
296567	71	4177	1028	1062	2090
298271	71	4201	1034	1068	2102
299407	71	4217	1038	1072	2110
301111	71	4241	1044	1078	2122
303383	71	4273	1052	1086	2138
304519	71	4289	1056	1090	2146
305087	71	4297	1058	1092	2150
307927	71	4337	1068	1102	2170
313039	71	4409	1086	1120	2206
315311	71	4441	1094	1128	2222
316447	71	4457	1098	1132	2230
318151	71	4481	1104	1138	2242
320423	71	4513	1112	1146	2258
323831	71	4561	1124	1158	2282
330079	71	4649	1146	1180	2326
330647	71	4657	1148	1182	2330
331783	71	4673	1152	1186	2338
335191	71	4721	1164	1198	2362
335759	71	4729	1166	1200	2366
340303	71	4793	1182	1216	2398
340871	71	4801	1184	1218	2402
342007	71	4817	1188	1222	2410
347119	71	4889	1206	1240	2446
350527	71	4937	1218	1252	2470
352799	71	4969	1226	1260	2486
354503	71	4993	1232	1266	2498
355639	71	5009	1236	1270	2506
360751	71	5081	1254	1288	2542
363023	71	5113	1262	1296	2558
365863	71	5153	1272	1306	2578
369839	71	5209	1286	1320	2606
371543	71	5233	1292	1326	2618
374383	71	5273	1302	1336	2638
374951	71	5281	1304	1338	2642
376087	71	5297	1308	1342	2650
382903	71	5393	1332	1366	2698
384607	71	5417	1338	1372	2710
386311	71	5441	1344	1378	2722
386879	71	5449	1346	1380	2726
391991	71	5521	1364	1398	2762
395399	71	5569	1376	1410	2786
400511	71	5641	1394	1428	2822
401647	71	5657	1398	1432	2830
403919	71	5689	1406	1440	2846
407327	71	5737	1418	1452	2870
411871	71	5801	1434	1468	2902
415279	71	5849	1446	1480	2926
415847	71	5857	1448	1482	2930
417551	71	5881	1454	1488	2942
418687	71	5897	1458	1492	2950
422663	71	5953	1472	1506	2978
431183	71	6073	1502	1536	3038
432319	71	6089	1506	1540	3046
434023	71	6113	1512	1546	3058
434591	71	6121	1514	1548	3062
441407	71	6217	1538	1572	3110
444247	71	6257	1548	1582	3130
449359	71	6329	1566	1600	3166
449927	71	6337	1568	1602	3170
451063	71	6353	1572	1606	3178
451631	71	6361	1574	1608	3182
457879	71	6449	1596	1630	3226
459583	71	6473	1602	1636	3238
460151	71	6481	1604	1638	3242
462991	71	6521	1614	1648	3262
463559	71	6529	1616	1650	3266
465263	71	6553	1622	1656	3278
466399	71	6569	1626	1660	3286
466967	71	6577	1628	1662	3290
473783	71	6673	1652	1686	3338
474919	71	6689	1656	1690	3346
478327	71	6737	1668	1702	3370
480031	71	6761	1674	1708	3382
482303	71	6793	1682	1716	3398
485143	71	6833	1692	1726	3418
485711	71	6841	1694	1728	3422
486847	71	6857	1698	1732	3430
494231	71	6961	1724	1758	3482
495367	71	6977	1728	1762	3490
497071	71	7001	1734	1768	3502
5767	73	79	3	38	41
7519	73	103	9	44	53
9271	73	127	15	50	65
11023	73	151	21	56	77
12191	73	167	25	60	85
13943	73	191	31	66	97
14527	73	199	33	68	101
16279	73	223	39	74	113
17447	73	239	43	78	121
19199	73	263	49	84	133
19783	73	271	51	86	137
22703	73	311	61	96	157
26207	73	359	73	108	181
26791	73	367	75	110	185
27959	73	383	79	114	193
31463	73	431	91	126	217
32047	73	439	93	128	221
33799	73	463	99	134	233
34967	73	479	103	138	241
35551	73	487	105	140	245
36719	73	503	109	144	253
43727	73	599	133	168	301
44311	73	607	135	170	305
46063	73	631	141	176	317
47231	73	647	145	180	325
52487	73	719	163	198	361
53071	73	727	165	200	365
54239	73	743	169	204	373
54823	73	751	171	206	377
60079	73	823	189	224	413
61247	73	839	193	228	421
62999	73	863	199	234	433
64751	73	887	205	240	445
66503	73	911	211	246	457
67087	73	919	213	248	461
70591	73	967	225	260	485
71759	73	983	229	264	493
72343	73	991	231	266	497
75263	73	1031	241	276	517
75847	73	1039	243	278	521
77599	73	1063	249	284	533
79351	73	1087	255	290	545
80519	73	1103	259	294	553
84023	73	1151	271	306	577
89279	73	1223	289	324	613
89863	73	1231	291	326	617
93367	73	1279	303	338	641
95119	73	1303	309	344	653
96287	73	1319	313	348	661
96871	73	1327	315	350	665
99791	73	1367	325	360	685
102127	73	1399	333	368	701
103879	73	1423	339	374	713
105047	73	1439	343	378	721
105631	73	1447	345	380	725
107383	73	1471	351	386	737
108551	73	1487	355	390	745
110303	73	1511	361	396	757
112639	73	1543	369	404	773
113807	73	1559	373	408	781
114391	73	1567	375	410	785
115559	73	1583	379	414	793
117311	73	1607	385	420	805
121399	73	1663	399	434	833
128407	73	1759	423	458	881
130159	73	1783	429	464	893
133079	73	1823	439	474	913
133663	73	1831	441	476	917
134831	73	1847	445	480	925
136583	73	1871	451	486	937
137167	73	1879	453	488	941
142423	73	1951	471	506	977
145927	73	1999	483	518	1001
148847	73	2039	493	528	1021
150599	73	2063	499	534	1033
152351	73	2087	505	540	1045
154103	73	2111	511	546	1057
156439	73	2143	519	554	1073
161111	73	2207	535	570	1105
163447	73	2239	543	578	1121
166951	73	2287	555	590	1145
168703	73	2311	561	596	1157
171623	73	2351	571	606	1177
173959	73	2383	579	614	1193
175127	73	2399	583	618	1201
176879	73	2423	589	624	1213
178631	73	2447	595	630	1225
182719	73	2503	609	644	1253
185639	73	2543	619	654	1273
186223	73	2551	621	656	1277
189143	73	2591	631	666	1297
193231	73	2647	645	680	1325
194399	73	2663	649	684	1333
194983	73	2671	651	686	1337
196151	73	2687	655	690	1345
197903	73	2711	661	696	1357
198487	73	2719	663	698	1361
201991	73	2767	675	710	1385
203743	73	2791	681	716	1397
210167	73	2879	703	738	1441
210751	73	2887	705	740	1445
211919	73	2903	709	744	1453
213671	73	2927	715	750	1465
218927	73	2999	733	768	1501
220679	73	3023	739	774	1513
224767	73	3079	753	788	1541
227687	73	3119	763	798	1561
231191	73	3167	775	810	1585
232943	73	3191	781	816	1597
238783	73	3271	801	836	1637
242287	73	3319	813	848	1661
244039	73	3343	819	854	1673
245207	73	3359	823	858	1681
247543	73	3391	831	866	1697
248711	73	3407	835	870	1705
252799	73	3463	849	884	1733
256303	73	3511	861	896	1757
257471	73	3527	865	900	1765
259807	73	3559	873	908	1781
261559	73	3583	879	914	1793
263311	73	3607	885	920	1805
264479	73	3623	889	924	1813
265063	73	3631	891	926	1817
267983	73	3671	901	936	1837
271487	73	3719	913	948	1861
272071	73	3727	915	950	1865
274991	73	3767	925	960	1885
279079	73	3823	939	974	1913
280831	73	3847	945	980	1925
281999	73	3863	949	984	1933
285503	73	3911	961	996	1957
286087	73	3919	963	998	1961
287839	73	3943	969	1004	1973
289591	73	3967	975	1010	1985
292511	73	4007	985	1020	2005
297767	73	4079	1003	1038	2041
300103	73	4111	1011	1046	2057
301271	73	4127	1015	1050	2065
303607	73	4159	1023	1058	2081
308863	73	4231	1041	1076	2117
311783	73	4271	1051	1086	2137
315871	73	4327	1065	1100	2165
320543	73	4391	1081	1116	2197
322879	73	4423	1089	1124	2213
324631	73	4447	1095	1130	2225
325799	73	4463	1099	1134	2233
329887	73	4519	1113	1148	2261
333391	73	4567	1125	1160	2285
334559	73	4583	1129	1164	2293
335143	73	4591	1131	1166	2297
338647	73	4639	1143	1178	2321
340399	73	4663	1149	1184	2333
341567	73	4679	1153	1188	2341
343319	73	4703	1159	1194	2353
346823	73	4751	1171	1206	2377
347407	73	4759	1173	1208	2381
349159	73	4783	1179	1214	2393
350327	73	4799	1183	1218	2401
352663	73	4831	1191	1226	2417
355583	73	4871	1201	1236	2437
357919	73	4903	1209	1244	2453
359087	73	4919	1213	1248	2461
360839	73	4943	1219	1254	2473
361423	73	4951	1221	1256	2477
362591	73	4967	1225	1260	2485
364927	73	4999	1233	1268	2501
366679	73	5023	1239	1274	2513
367847	73	5039	1243	1278	2521
371351	73	5087	1255	1290	2545
373687	73	5119	1263	1298	2561
377191	73	5167	1275	1310	2585
381863	73	5231	1291	1326	2617
385367	73	5279	1303	1338	2641
387119	73	5303	1309	1344	2653
390623	73	5351	1321	1356	2677
394127	73	5399	1333	1368	2701
394711	73	5407	1335	1370	2705
396463	73	5431	1341	1376	2717
399383	73	5471	1351	1386	2737
399967	73	5479	1353	1388	2741
401719	73	5503	1359	1394	2753
402887	73	5519	1363	1398	2761
403471	73	5527	1365	1400	2765
408143	73	5591	1381	1416	2797
410479	73	5623	1389	1424	2813
411647	73	5639	1393	1428	2821
412231	73	5647	1395	1430	2825
416903	73	5711	1411	1446	2857
419239	73	5743	1419	1454	2873
422159	73	5783	1429	1464	2893
422743	73	5791	1431	1466	2897
423911	73	5807	1435	1470	2905
426247	73	5839	1443	1478	2921
429167	73	5879	1453	1488	2941
430919	73	5903	1459	1494	2953
432671	73	5927	1465	1500	2965
438511	73	6007	1485	1520	3005
441431	73	6047	1495	1530	3025
443767	73	6079	1503	1538	3041
448439	73	6143	1519	1554	3073
449023	73	6151	1521	1556	3077
452527	73	6199	1533	1568	3101
456031	73	6247	1545	1580	3125
457199	73	6263	1549	1584	3133
457783	73	6271	1551	1586	3137
458951	73	6287	1555	1590	3145
460703	73	6311	1561	1596	3157
463039	73	6343	1569	1604	3173
464207	73	6359	1573	1608	3181
464791	73	6367	1575	1610	3185
478223	73	6551	1621	1656	3277
481727	73	6599	1633	1668	3301
482311	73	6607	1635	1670	3305
487567	73	6679	1653	1688	3341
489319	73	6703	1659	1694	3353
490487	73	6719	1663	1698	3361
495743	73	6791	1681	1716	3397
498079	73	6823	1689	1724	3413
7031	79	89	4	42	46
7663	79	97	6	44	50
8927	79	113	10	48	58
10823	79	137	16	54	70
15247	79	193	30	68	98
18407	79	233	40	78	118
19039	79	241	42	80	122
20303	79	257	46	84	130
22199	79	281	52	90	142
24727	79	313	60	98	158
26623	79	337	66	104	170
27887	79	353	70	108	178
31679	79	401	82	120	202
32311	79	409	84	122	206
34207	79	433	90	128	218
35471	79	449	94	132	226
36103	79	457	96	134	230
41159	79	521	112	150	262
44951	79	569	124	162	286
45583	79	577	126	164	290
46847	79	593	130	168	298
47479	79	601	132	170	302
48743	79	617	136	174	310
50639	79	641	142	180	322
53167	79	673	150	188	338
60119	79	761	172	210	382
60751	79	769	174	212	386
63911	79	809	184	222	406
67703	79	857	196	234	430
69599	79	881	202	240	442
73391	79	929	214	252	466
74023	79	937	216	254	470
75287	79	953	220	258	478
77183	79	977	226	264	490
79711	79	1009	234	272	506
81607	79	1033	240	278	518
82871	79	1049	244	282	526
86663	79	1097	256	294	550
89191	79	1129	264	302	566
91087	79	1153	270	308	578
94247	79	1193	280	318	598
94879	79	1201	282	320	602
96143	79	1217	286	324	610
98671	79	1249	294	332	626
101831	79	1289	304	342	646
102463	79	1297	306	344	650
104359	79	1321	312	350	662
107519	79	1361	322	360	682
111311	79	1409	334	372	706
113207	79	1433	340	378	718
116999	79	1481	352	390	742
117631	79	1489	354	392	746
122687	79	1553	370	408	778
126479	79	1601	382	420	802
127111	79	1609	384	422	806
130903	79	1657	396	434	830
134063	79	1697	406	444	850
135959	79	1721	412	450	862
138487	79	1753	420	458	878
140383	79	1777	426	464	890
142279	79	1801	432	470	902
147967	79	1873	450	488	938
149231	79	1889	454	492	946
151127	79	1913	460	498	958
157447	79	1993	480	518	998
159343	79	2017	486	524	1010
164399	79	2081	502	540	1042
165031	79	2089	504	542	1046
166927	79	2113	510	548	1058
168191	79	2129	514	552	1066
168823	79	2137	516	554	1070
170087	79	2153	520	558	1078
170719	79	2161	522	560	1082
179567	79	2273	550	588	1138
180199	79	2281	552	590	1142
181463	79	2297	556	594	1150
187783	79	2377	576	614	1190
189047	79	2393	580	618	1198
190943	79	2417	586	624	1210
192839	79	2441	592	630	1222
195367	79	2473	600	638	1238
199159	79	2521	612	650	1262
204847	79	2593	630	668	1298
206111	79	2609	634	672	1306
206743	79	2617	636	674	1310
208007	79	2633	640	678	1318
209903	79	2657	646	684	1330
212431	79	2689	654	692	1346
214327	79	2713	660	698	1358
215591	79	2729	664	702	1366
217487	79	2753	670	708	1378
219383	79	2777	676	714	1390
221279	79	2801	682	720	1402
223807	79	2833	690	728	1418
225703	79	2857	696	734	1430
228863	79	2897	706	744	1450
233287	79	2953	720	758	1478
234551	79	2969	724	762	1486
237079	79	3001	732	770	1502
240239	79	3041	742	780	1522
240871	79	3049	744	782	1526
244031	79	3089	754	792	1546
246559	79	3121	762	800	1562
247823	79	3137	766	804	1570
250351	79	3169	774	812	1586
253511	79	3209	784	822	1606
254143	79	3217	786	824	1610
257303	79	3257	796	834	1630
261727	79	3313	810	848	1658
262991	79	3329	814	852	1666
265519	79	3361	822	860	1682
271207	79	3433	840	878	1718
272471	79	3449	844	882	1726
273103	79	3457	846	884	1730
278791	79	3529	864	902	1766
283847	79	3593	880	918	1798
285743	79	3617	886	924	1810
290167	79	3673	900	938	1838
292063	79	3697	906	944	1850
297119	79	3761	922	960	1882
297751	79	3769	924	962	1886
299647	79	3793	930	968	1898
302807	79	3833	940	978	1918
306599	79	3881	952	990	1942
307231	79	3889	954	992	1946
310391	79	3929	964	1002	1966
316079	79	4001	982	1020	2002
319871	79	4049	994	1032	2026
320503	79	4057	996	1034	2030
321767	79	4073	1000	1038	2038
326191	79	4129	1014	1052	2066
328087	79	4153	1020	1058	2078
329983	79	4177	1026	1064	2090
331879	79	4201	1032	1070	2102
333143	79	4217	1036	1074	2110
335039	79	4241	1042	1080	2122
337567	79	4273	1050	1088	2138
338831	79	4289	1054	1092	2146
339463	79	4297	1056	1094	2150
342623	79	4337	1066	1104	2170
348311	79	4409	1084	1122	2206
350839	79	4441	1092	1130	2222
352103	79	4457	1096	1134	2230
353999	79	4481	1102	1140	2242
356527	79	4513	1110	1148	2258
360319	79	4561	1122	1160	2282
367271	79	4649	1144	1182	2326
367903	79	4657	1146	1184	2330
369167	79	4673	1150	1188	2338
372959	79	4721	1162	1200	2362
373591	79	4729	1164	1202	2366
378647	79	4793	1180	1218	2398
379279	79	4801	1182	1220	2402
380543	79	4817	1186	1224	2410
386231	79	4889	1204	1242	2446
390023	79	4937	1216	1254	2470
392551	79	4969	1224	1262	2486
394447	79	4993	1230	1268	2498
395711	79	5009	1234	1272	2506
401399	79	5081	1252	1290	2542
403927	79	5113	1260	1298	2558
407087	79	5153	1270	1308	2578
411511	79	5209	1284	1322	2606
413407	79	5233	1290	1328	2618
416567	79	5273	1300	1338	2638
417199	79	5281	1302	1340	2642
418463	79	5297	1306	1344	2650
426047	79	5393	1330	1368	2698
427943	79	5417	1336	1374	2710
429839	79	5441	1342	1380	2722
430471	79	5449	1344	1382	2726
436159	79	5521	1362	1400	2762
439951	79	5569	1374	1412	2786
445639	79	5641	1392	1430	2822
446903	79	5657	1396	1434	2830
449431	79	5689	1404	1442	2846
453223	79	5737	1416	1454	2870
458279	79	5801	1432	1470	2902
462071	79	5849	1444	1482	2926
462703	79	5857	1446	1484	2930
464599	79	5881	1452	1490	2942
465863	79	5897	1456	1494	2950
470287	79	5953	1470	1508	2978
479767	79	6073	1500	1538	3038
481031	79	6089	1504	1542	3046
482927	79	6113	1510	1548	3058
483559	79	6121	1512	1550	3062
491143	79	6217	1536	1574	3110
494303	79	6257	1546	1584	3130
499991	79	6329	1564	1602	3166
8383	83	101	6	46	52
9047	83	109	8	48	56
12367	83	149	18	58	76
13031	83	157	20	60	80
14359	83	173	24	64	88
15023	83	181	26	66	92
16351	83	197	30	70	100
19007	83	229	38	78	116
22327	83	269	48	88	136
22991	83	277	50	90	140
24319	83	293	54	94	148
26311	83	317	60	100	160
28967	83	349	68	108	176
30959	83	373	74	114	188
32287	83	389	78	118	196
32951	83	397	80	120	200
34943	83	421	86	126	212
38263	83	461	96	136	232
42247	83	509	108	148	256
44903	83	541	116	156	272
46231	83	557	120	160	280
50879	83	613	134	174	308
54199	83	653	144	184	328
54863	83	661	146	186	332
56191	83	677	150	190	340
58183	83	701	156	196	352
58847	83	709	158	198	356
60839	83	733	164	204	368
62831	83	757	170	210	380
64159	83	773	174	214	388
66151	83	797	180	220	400
68143	83	821	186	226	412
68807	83	829	188	228	416
70799	83	853	194	234	428
72791	83	877	200	240	440
78103	83	941	216	256	472
82751	83	997	230	270	500
84079	83	1013	234	274	508
84743	83	1021	236	276	512
88063	83	1061	246	286	532
88727	83	1069	248	288	536
90719	83	1093	254	294	548
92047	83	1109	258	298	556
92711	83	1117	260	300	560
98023	83	1181	276	316	592
100679	83	1213	284	324	608
102007	83	1229	288	328	616
102671	83	1237	290	330	620
105991	83	1277	300	340	640
107983	83	1301	306	346	652
113959	83	1373	324	364	688
114623	83	1381	326	366	692
118607	83	1429	338	378	716
120599	83	1453	344	384	728
123919	83	1493	354	394	748
128567	83	1549	368	408	776
132551	83	1597	380	420	800
133879	83	1613	384	424	808
134543	83	1621	386	426	812
135871	83	1637	390	430	820
138527	83	1669	398	438	836
140519	83	1693	404	444	848
141847	83	1709	408	448	856
143839	83	1733	414	454	868
144503	83	1741	416	456	872
148487	83	1789	428	468	896
154463	83	1861	446	486	932
155791	83	1877	450	490	940
157783	83	1901	456	496	952
160439	83	1933	464	504	968
161767	83	1949	468	508	976
163759	83	1973	474	514	988
165751	83	1997	480	520	1000
168407	83	2029	488	528	1016
170399	83	2053	494	534	1028
171727	83	2069	498	538	1036
177703	83	2141	516	556	1072
183679	83	2213	534	574	1108
184343	83	2221	536	576	1112
185671	83	2237	540	580	1120
188327	83	2269	548	588	1136
190319	83	2293	554	594	1148
191647	83	2309	558	598	1156
193639	83	2333	564	604	1168
194303	83	2341	566	606	1172
195631	83	2357	570	610	1180
197623	83	2381	576	616	1192
198287	83	2389	578	618	1196
202271	83	2437	590	630	1220
205591	83	2477	600	640	1240
211567	83	2549	618	658	1276
212231	83	2557	620	660	1280
217543	83	2621	636	676	1312
222191	83	2677	650	690	1340
223519	83	2693	654	694	1348
227503	83	2741	666	706	1372
228167	83	2749	668	708	1376
231487	83	2789	678	718	1396
232151	83	2797	680	720	1400
235471	83	2837	690	730	1420
237463	83	2861	696	736	1432
241447	83	2909	708	748	1456
242111	83	2917	710	750	1460
245431	83	2957	720	760	1480
252071	83	3037	740	780	1520
254063	83	3061	746	786	1532
258047	83	3109	758	798	1556
264023	83	3181	776	816	1592
267343	83	3221	786	826	1612
268007	83	3229	788	828	1616
269999	83	3253	794	834	1628
273983	83	3301	806	846	1652
279959	83	3373	824	864	1688
281287	83	3389	828	868	1696
283279	83	3413	834	874	1708
287263	83	3461	846	886	1732
287927	83	3469	848	888	1736
291911	83	3517	860	900	1760
293239	83	3533	864	904	1768
293903	83	3541	866	906	1772
295231	83	3557	870	910	1780
297223	83	3581	876	916	1792
299879	83	3613	884	924	1808
301871	83	3637	890	930	1820
305191	83	3677	900	940	1840
307183	83	3701	906	946	1852
307847	83	3709	908	948	1856
309839	83	3733	914	954	1868
315151	83	3797	930	970	1900
317143	83	3821	936	976	1912
319799	83	3853	944	984	1928
321791	83	3877	950	990	1940
325111	83	3917	960	1000	1960
331087	83	3989	978	1018	1996
333079	83	4013	984	1024	2008
333743	83	4021	986	1026	2012
339719	83	4093	1004	1044	2048
343039	83	4133	1014	1054	2068
345031	83	4157	1020	1060	2080
351007	83	4229	1038	1078	2116
352999	83	4253	1044	1084	2128
353663	83	4261	1046	1086	2132
360967	83	4349	1068	1108	2176
361631	83	4357	1070	1110	2180
362959	83	4373	1074	1114	2188
364951	83	4397	1080	1120	2200
366943	83	4421	1086	1126	2212
372919	83	4493	1104	1144	2248
374911	83	4517	1110	1150	2260
377567	83	4549	1118	1158	2276
381551	83	4597	1130	1170	2300
383543	83	4621	1136	1176	2312
384871	83	4637	1140	1180	2320
392839	83	4733	1164	1204	2368
397487	83	4789	1178	1218	2396
399479	83	4813	1184	1224	2408
403463	83	4861	1196	1236	2432
404791	83	4877	1200	1240	2440
407447	83	4909	1208	1248	2456
409439	83	4933	1214	1254	2468
411431	83	4957	1220	1260	2480
412759	83	4973	1224	1264	2488
416743	83	5021	1236	1276	2512
421391	83	5077	1250	1290	2540
423383	83	5101	1256	1296	2552
430687	83	5189	1278	1318	2596
431351	83	5197	1280	1320	2600
434671	83	5237	1290	1330	2620
436663	83	5261	1296	1336	2632
440647	83	5309	1308	1348	2656
442639	83	5333	1314	1354	2668
446623	83	5381	1326	1366	2692
449279	83	5413	1334	1374	2708
451271	83	5437	1340	1380	2720
454591	83	5477	1350	1390	2740
456583	83	5501	1356	1396	2752
461231	83	5557	1370	1410	2780
462559	83	5573	1374	1414	2788
463223	83	5581	1376	1416	2792
469199	83	5653	1394	1434	2828
470527	83	5669	1398	1438	2836
472519	83	5693	1404	1444	2848
473183	83	5701	1406	1446	2852
474511	83	5717	1410	1450	2860
476503	83	5741	1416	1456	2872
477167	83	5749	1418	1458	2876
482479	83	5813	1434	1474	2908
483143	83	5821	1436	1476	2912
486463	83	5861	1446	1486	2932
487127	83	5869	1448	1488	2936
496423	83	5981	1476	1516	2992
9167	89	103	5	48	53
11303	89	127	11	54	65
13439	89	151	17	60	77
14863	89	167	21	64	85
16999	89	191	27	70	97
17711	89	199	29	72	101
19847	89	223	35	78	113
21271	89	239	39	82	121
23407	89	263	45	88	133
24119	89	271	47	90	137
27679	89	311	57	100	157
31951	89	359	69	112	181
32663	89	367	71	114	185
34087	89	383	75	118	193
38359	89	431	87	130	217
39071	89	439	89	132	221
41207	89	463	95	138	233
42631	89	479	99	142	241
43343	89	487	101	144	245
44767	89	503	105	148	253
53311	89	599	129	172	301
54023	89	607	131	174	305
56159	89	631	137	180	317
57583	89	647	141	184	325
63991	89	719	159	202	361
64703	89	727	161	204	365
66127	89	743	165	208	373
66839	89	751	167	210	377
73247	89	823	185	228	413
74671	89	839	189	232	421
76807	89	863	195	238	433
78943	89	887	201	244	445
81079	89	911	207	250	457
81791	89	919	209	252	461
86063	89	967	221	264	485
87487	89	983	225	268	493
88199	89	991	227	270	497
91759	89	1031	237	280	517
92471	89	1039	239	282	521
94607	89	1063	245	288	533
96743	89	1087	251	294	545
98167	89	1103	255	298	553
102439	89	1151	267	310	577
108847	89	1223	285	328	613
109559	89	1231	287	330	617
113831	89	1279	299	342	641
115967	89	1303	305	348	653
117391	89	1319	309	352	661
118103	89	1327	311	354	665
121663	89	1367	321	364	685
124511	89	1399	329	372	701
126647	89	1423	335	378	713
128071	89	1439	339	382	721
128783	89	1447	341	384	725
130919	89	1471	347	390	737
132343	89	1487	351	394	745
134479	89	1511	357	400	757
137327	89	1543	365	408	773
138751	89	1559	369	412	781
139463	89	1567	371	414	785
140887	89	1583	375	418	793
143023	89	1607	381	424	805
148007	89	1663	395	438	833
156551	89	1759	419	462	881
158687	89	1783	425	468	893
162247	89	1823	435	478	913
162959	89	1831	437	480	917
164383	89	1847	441	484	925
166519	89	1871	447	490	937
167231	89	1879	449	492	941
173639	89	1951	467	510	977
177911	89	1999	479	522	1001
181471	89	2039	489	532	1021
183607	89	2063	495	538	1033
185743	89	2087	501	544	1045
187879	89	2111	507	550	1057
190727	89	2143	515	558	1073
196423	89	2207	531	574	1105
199271	89	2239	539	582	1121
203543	89	2287	551	594	1145
205679	89	2311	557	600	1157
209239	89	2351	567	610	1177
212087	89	2383	575	618	1193
213511	89	2399	579	622	1201
215647	89	2423	585	628	1213
217783	89	2447	591	634	1225
222767	89	2503	605	648	1253
226327	89	2543	615	658	1273
227039	89	2551	617	660	1277
230599	89	2591	627	670	1297
235583	89	2647	641	684	1325
237007	89	2663	645	688	1333
237719	89	2671	647	690	1337
239143	89	2687	651	694	1345
241279	89	2711	657	700	1357
241991	89	2719	659	702	1361
246263	89	2767	671	714	1385
248399	89	2791	677	720	1397
256231	89	2879	699	742	1441
256943	89	2887	701	744	1445
258367	89	2903	705	748	1453
260503	89	2927	711	754	1465
266911	89	2999	729	772	1501
269047	89	3023	735	778	1513
274031	89	3079	749	792	1541
277591	89	3119	759	802	1561
281863	89	3167	771	814	1585
283999	89	3191	777	820	1597
291119	89	3271	797	840	1637
295391	89	3319	809	852	1661
297527	89	3343	815	858	1673
298951	89	3359	819	862	1681
301799	89	3391	827	870	1697
303223	89	3407	831	874	1705
308207	89	3463	845	888	1733
312479	89	3511	857	900	1757
313903	89	3527	861	904	1765
316751	89	3559	869	912	1781
318887	89	3583	875	918	1793
321023	89	3607	881	924	1805
322447	89	3623	885	928	1813
323159	89	3631	887	930	1817
326719	89	3671	897	940	1837
330991	89	3719	909	952	1861
331703	89	3727	911	954	1865
335263	89	3767	921	964	1885
340247	89	3823	935	978	1913
342383	89	3847	941	984	1925
343807	89	3863	945	988	1933
348079	89	3911	957	1000	1957
348791	89	3919	959	1002	1961
350927	89	3943	965	1008	1973
353063	89	3967	971	1014	1985
356623	89	4007	981	1024	2005
363031	89	4079	999	1042	2041
365879	89	4111	1007	1050	2057
367303	89	4127	1011	1054	2065
370151	89	4159	1019	1062	2081
376559	89	4231	1037	1080	2117
380119	89	4271	1047	1090	2137
385103	89	4327	1061	1104	2165
390799	89	4391	1077	1120	2197
393647	89	4423	1085	1128	2213
395783	89	4447	1091	1134	2225
397207	89	4463	1095	1138	2233
402191	89	4519	1109	1152	2261
406463	89	4567	1121	1164	2285
407887	89	4583	1125	1168	2293
408599	89	4591	1127	1170	2297
412871	89	4639	1139	1182	2321
415007	89	4663	1145	1188	2333
416431	89	4679	1149	1192	2341
418567	89	4703	1155	1198	2353
422839	89	4751	1167	1210	2377
423551	89	4759	1169	1212	2381
425687	89	4783	1175	1218	2393
427111	89	4799	1179	1222	2401
429959	89	4831	1187	1230	2417
433519	89	4871	1197	1240	2437
436367	89	4903	1205	1248	2453
437791	89	4919	1209	1252	2461
439927	89	4943	1215	1258	2473
440639	89	4951	1217	1260	2477
442063	89	4967	1221	1264	2485
444911	89	4999	1229	1272	2501
447047	89	5023	1235	1278	2513
448471	89	5039	1239	1282	2521
452743	89	5087	1251	1294	2545
455591	89	5119	1259	1302	2561
459863	89	5167	1271	1314	2585
465559	89	5231	1287	1330	2617
469831	89	5279	1299	1342	2641
471967	89	5303	1305	1348	2653
476239	89	5351	1317	1360	2677
480511	89	5399	1329	1372	2701
481223	89	5407	1331	1374	2705
483359	89	5431	1337	1380	2717
486919	89	5471	1347	1390	2737
487631	89	5479	1349	1392	2741
489767	89	5503	1355	1398	2753
491191	89	5519	1359	1402	2761
491903	89	5527	1361	1404	2765
497599	89	5591	1377	1420	2797
9991	97	103	3	50	53
12319	97	127	9	56	65
14647	97	151	15	62	77
16199	97	167	19	66	85
18527	97	191	25	72	97
19303	97	199	27	74	101
21631	97	223	33	80	113
23183	97	239	37	84	121
25511	97	263	43	90	133
26287	97	271	45	92	137
30167	97	311	55	102	157
34823	97	359	67	114	181
35599	97	367	69	116	185
37151	97	383	73	120	193
41807	97	431	85	132	217
42583	97	439	87	134	221
44911	97	463	93	140	233
46463	97	479	97	144	241
47239	97	487	99	146	245
48791	97	503	103	150	253
58103	97	599	127	174	301
58879	97	607	129	176	305
61207	97	631	135	182	317
62759	97	647	139	186	325
69743	97	719	157	204	361
70519	97	727	159	206	365
72071	97	743	163	210	373
72847	97	751	165	212	377
79831	97	823	183	230	413
81383	97	839	187	234	421
83711	97	863	193	240	433
86039	97	887	199	246	445
88367	97	911	205	252	457
89143	97	919	207	254	461
93799	97	967	219	266	485
95351	97	983	223	270	493
96127	97	991	225	272	497
100007	97	1031	235	282	517
100783	97	1039	237	284	521
103111	97	1063	243	290	533
105439	97	1087	249	296	545
106991	97	1103	253	300	553
111647	97	1151	265	312	577
118631	97	1223	283	330	613
119407	97	1231	285	332	617
124063	97	1279	297	344	641
126391	97	1303	303	350	653
127943	97	1319	307	354	661
128719	97	1327	309	356	665
132599	97	1367	319	366	685
135703	97	1399	327	374	701
138031	97	1423	333	380	713
139583	97	1439	337	384	721
140359	97	1447	339	386	725
142687	97	1471	345	392	737
144239	97	1487	349	396	745
146567	97	1511	355	402	757
149671	97	1543	363	410	773
151223	97	1559	367	414	781
151999	97	1567	369	416	785
153551	97	1583	373	420	793
155879	97	1607	379	426	805
161311	97	1663	393	440	833
170623	97	1759	417	464	881
172951	97	1783	423	470	893
176831	97	1823	433	480	913
177607	97	1831	435	482	917
179159	97	1847	439	486	925
181487	97	1871	445	492	937
182263	97	1879	447	494	941
189247	97	1951	465	512	977
193903	97	1999	477	524	1001
197783	97	2039	487	534	1021
200111	97	2063	493	540	1033
202439	97	2087	499	546	1045
204767	97	2111	505	552	1057
207871	97	2143	513	560	1073
214079	97	2207	529	576	1105
217183	97	2239	537	584	1121
221839	97	2287	549	596	1145
224167	97	2311	555	602	1157
228047	97	2351	565	612	1177
231151	97	2383	573	620	1193
232703	97	2399	577	624	1201
235031	97	2423	583	630	1213
237359	97	2447	589	636	1225
242791	97	2503	603	650	1253
246671	97	2543	613	660	1273
247447	97	2551	615	662	1277
251327	97	2591	625	672	1297
256759	97	2647	639	686	1325
258311	97	2663	643	690	1333
259087	97	2671	645	692	1337
260639	97	2687	649	696	1345
262967	97	2711	655	702	1357
263743	97	2719	657	704	1361
268399	97	2767	669	716	1385
270727	97	2791	675	722	1397
279263	97	2879	697	744	1441
280039	97	2887	699	746	1445
281591	97	2903	703	750	1453
283919	97	2927	709	756	1465
290903	97	2999	727	774	1501
293231	97	3023	733	780	1513
298663	97	3079	747	794	1541
302543	97	3119	757	804	1561
307199	97	3167	769	816	1585
309527	97	3191	775	822	1597
317287	97	3271	795	842	1637
321943	97	3319	807	854	1661
324271	97	3343	813	860	1673
325823	97	3359	817	864	1681
328927	97	3391	825	872	1697
330479	97	3407	829	876	1705
335911	97	3463	843	890	1733
340567	97	3511	855	902	1757
342119	97	3527	859	906	1765
345223	97	3559	867	914	1781
347551	97	3583	873	920	1793
349879	97	3607	879	926	1805
351431	97	3623	883	930	1813
352207	97	3631	885	932	1817
356087	97	3671	895	942	1837
360743	97	3719	907	954	1861
361519	97	3727	909	956	1865
365399	97	3767	919	966	1885
370831	97	3823	933	980	1913
373159	97	3847	939	986	1925
374711	97	3863	943	990	1933
379367	97	3911	955	1002	1957
380143	97	3919	957	1004	1961
382471	97	3943	963	1010	1973
384799	97	3967	969	1016	1985
388679	97	4007	979	1026	2005
395663	97	4079	997	1044	2041
398767	97	4111	1005	1052	2057
400319	97	4127	1009	1056	2065
403423	97	4159	1017	1064	2081
410407	97	4231	1035	1082	2117
414287	97	4271	1045	1092	2137
419719	97	4327	1059	1106	2165
425927	97	4391	1075	1122	2197
429031	97	4423	1083	1130	2213
431359	97	4447	1089	1136	2225
432911	97	4463	1093	1140	2233
438343	97	4519	1107	1154	2261
442999	97	4567	1119	1166	2285
444551	97	4583	1123	1170	2293
445327	97	4591	1125	1172	2297
449983	97	4639	1137	1184	2321
452311	97	4663	1143	1190	2333
453863	97	4679	1147	1194	2341
456191	97	4703	1153	1200	2353
460847	97	4751	1165	1212	2377
461623	97	4759	1167	1214	2381
463951	97	4783	1173	1220	2393
465503	97	4799	1177	1224	2401
468607	97	4831	1185	1232	2417
472487	97	4871	1195	1242	2437
475591	97	4903	1203	1250	2453
477143	97	4919	1207	1254	2461
479471	97	4943	1213	1260	2473
480247	97	4951	1215	1262	2477
481799	97	4967	1219	1266	2485
484903	97	4999	1227	1274	2501
487231	97	5023	1233	1280	2513
488783	97	5039	1237	1284	2521
493439	97	5087	1249	1296	2545
496543	97	5119	1257	1304	2561
10807	101	107	3	52	55
13231	101	131	9	58	67
14039	101	139	11	60	71
16463	101	163	17	66	83
18079	101	179	21	70	91
21311	101	211	29	78	107
22927	101	227	33	82	115
25351	101	251	39	88	127
28583	101	283	47	96	143
31007	101	307	53	102	155
33431	101	331	59	108	167
35047	101	347	63	112	175
38279	101	379	71	120	191
42319	101	419	81	130	211
44743	101	443	87	136	223
47167	101	467	93	142	235
49591	101	491	99	148	247
50399	101	499	101	150	251
52823	101	523	107	156	263
55247	101	547	113	162	275
56863	101	563	117	166	283
57671	101	571	119	168	287
59287	101	587	123	172	295
62519	101	619	131	180	311
64943	101	643	137	186	323
66559	101	659	141	190	331
68983	101	683	147	196	343
69791	101	691	149	198	347
74639	101	739	161	210	371
79487	101	787	173	222	395
81911	101	811	179	228	407
83527	101	827	183	232	415
86759	101	859	191	240	431
89183	101	883	197	246	443
91607	101	907	203	252	455
95647	101	947	213	262	475
98071	101	971	219	268	487
102919	101	1019	231	280	511
106151	101	1051	239	288	527
110191	101	1091	249	298	547
113423	101	1123	257	306	563
117463	101	1163	267	316	583
118271	101	1171	269	318	587
119887	101	1187	273	322	595
127159	101	1259	291	340	631
129583	101	1283	297	346	643
130391	101	1291	299	348	647
132007	101	1307	303	352	655
144127	101	1427	333	382	715
146551	101	1451	339	388	727
147359	101	1459	341	390	731
149783	101	1483	347	396	743
151399	101	1499	351	400	751
153823	101	1523	357	406	763
154631	101	1531	359	408	767
158671	101	1571	369	418	787
159479	101	1579	371	420	791
163519	101	1619	381	430	811
164327	101	1627	383	432	815
168367	101	1667	393	442	835
171599	101	1699	401	450	851
174023	101	1723	407	456	863
176447	101	1747	413	462	875
180487	101	1787	423	472	895
182911	101	1811	429	478	907
188567	101	1867	443	492	935
192607	101	1907	453	502	955
195031	101	1931	459	508	967
199879	101	1979	471	520	991
200687	101	1987	473	522	995
202303	101	2003	477	526	1003
203111	101	2011	479	528	1007
204727	101	2027	483	532	1015
210383	101	2083	497	546	1043
211999	101	2099	501	550	1051
215231	101	2131	509	558	1067
220079	101	2179	521	570	1091
222503	101	2203	527	576	1103
226543	101	2243	537	586	1123
227351	101	2251	539	588	1127
228967	101	2267	543	592	1135
236239	101	2339	561	610	1171
237047	101	2347	563	612	1175
239471	101	2371	569	618	1187
243511	101	2411	579	628	1207
248359	101	2459	591	640	1231
249167	101	2467	593	642	1235
255631	101	2531	609	658	1267
256439	101	2539	611	660	1271
260479	101	2579	621	670	1291
268559	101	2659	641	690	1331
270983	101	2683	647	696	1343
272599	101	2699	651	700	1351
273407	101	2707	653	702	1355
275831	101	2731	659	708	1367
283103	101	2803	677	726	1403
284719	101	2819	681	730	1411
287143	101	2843	687	736	1423
287951	101	2851	689	738	1427
296839	101	2939	711	760	1471
299263	101	2963	717	766	1483
300071	101	2971	719	768	1487
304111	101	3011	729	778	1507
304919	101	3019	731	780	1511
309767	101	3067	743	792	1535
311383	101	3083	747	796	1543
319463	101	3163	767	816	1583
321887	101	3187	773	822	1595
323503	101	3203	777	826	1603
328351	101	3251	789	838	1627
329159	101	3259	791	840	1631
333199	101	3299	801	850	1651
334007	101	3307	803	852	1655
335623	101	3323	807	856	1663
336431	101	3331	809	858	1667
338047	101	3347	813	862	1675
340471	101	3371	819	868	1687
350167	101	3467	843	892	1735
352591	101	3491	849	898	1747
353399	101	3499	851	900	1751
357439	101	3539	861	910	1771
358247	101	3547	863	912	1775
360671	101	3571	869	918	1787
367943	101	3643	887	936	1823
369559	101	3659	891	940	1831
372791	101	3691	899	948	1847
377639	101	3739	911	960	1871
381679	101	3779	921	970	1891
384103	101	3803	927	976	1903
388951	101	3851	939	988	1927
394607	101	3907	953	1002	1955
396223	101	3923	957	1006	1963
397031	101	3931	959	1008	1967
398647	101	3947	963	1012	1975
404303	101	4003	977	1026	2003
405919	101	4019	981	1030	2011
406727	101	4027	983	1032	2015
409151	101	4051	989	1038	2027
413191	101	4091	999	1048	2047
413999	101	4099	1001	1050	2051
418039	101	4139	1011	1060	2071
425311	101	4211	1029	1078	2107
426119	101	4219	1031	1080	2111
428543	101	4243	1037	1086	2123
430159	101	4259	1041	1090	2131
432583	101	4283	1047	1096	2143
438239	101	4339	1061	1110	2171
440663	101	4363	1067	1116	2183
449551	101	4451	1089	1138	2227
452783	101	4483	1097	1146	2243
455207	101	4507	1103	1152	2255
456823	101	4523	1107	1156	2263
459247	101	4547	1113	1162	2275
464903	101	4603	1127	1176	2303
468943	101	4643	1137	1186	2323
469751	101	4651	1139	1188	2327
473791	101	4691	1149	1198	2347
477023	101	4723	1157	1206	2363
483487	101	4787	1173	1222	2395
498031	101	4931	1209	1258	2467
11639	103	113	4	54	58
14111	103	137	10	60	70
19879	103	193	24	74	98
23999	103	233	34	84	118
24823	103	241	36	86	122
26471	103	257	40	90	130
28943	103	281	46	96	142
32239	103	313	54	104	158
34711	103	337	60	110	170
36359	103	353	64	114	178
41303	103	401	76	126	202
42127	103	409	78	128	206
44599	103	433	84	134	218
46247	103	449	88	138	226
47071	103	457	90	140	230
53663	103	521	106	156	262
58607	103	569	118	168	286
59431	103	577	120	170	290
61079	103	593	124	174	298
61903	103	601	126	176	302
63551	103	617	130	180	310
66023	103	641	136	186	322
69319	103	673	144	194	338
78383	103	761	166	216	382
79207	103	769	168	218	386
83327	103	809	178	228	406
88271	103	857	190	240	430
90743	103	881	196	246	442
95687	103	929	208	258	466
96511	103	937	210	260	470
98159	103	953	214	264	478
100631	103	977	220	270	490
103927	103	1009	228	278	506
106399	103	1033	234	284	518
108047	103	1049	238	288	526
112991	103	1097	250	300	550
116287	103	1129	258	308	566
118759	103	1153	264	314	578
122879	103	1193	274	324	598
123703	103	1201	276	326	602
125351	103	1217	280	330	610
128647	103	1249	288	338	626
132767	103	1289	298	348	646
133591	103	1297	300	350	650
136063	103	1321	306	356	662
140183	103	1361	316	366	682
145127	103	1409	328	378	706
147599	103	1433	334	384	718
152543	103	1481	346	396	742
153367	103	1489	348	398	746
159959	103	1553	364	414	778
164903	103	1601	376	426	802
165727	103	1609	378	428	806
170671	103	1657	390	440	830
174791	103	1697	400	450	850
177263	103	1721	406	456	862
180559	103	1753	414	464	878
183031	103	1777	420	470	890
185503	103	1801	426	476	902
192919	103	1873	444	494	938
194567	103	1889	448	498	946
197039	103	1913	454	504	958
205279	103	1993	474	524	998
207751	103	2017	480	530	1010
214343	103	2081	496	546	1042
215167	103	2089	498	548	1046
217639	103	2113	504	554	1058
219287	103	2129	508	558	1066
220111	103	2137	510	560	1070
221759	103	2153	514	564	1078
222583	103	2161	516	566	1082
234119	103	2273	544	594	1138
234943	103	2281	546	596	1142
236591	103	2297	550	600	1150
244831	103	2377	570	620	1190
246479	103	2393	574	624	1198
248951	103	2417	580	630	1210
251423	103	2441	586	636	1222
254719	103	2473	594	644	1238
259663	103	2521	606	656	1262
267079	103	2593	624	674	1298
268727	103	2609	628	678	1306
269551	103	2617	630	680	1310
271199	103	2633	634	684	1318
273671	103	2657	640	690	1330
276967	103	2689	648	698	1346
279439	103	2713	654	704	1358
281087	103	2729	658	708	1366
283559	103	2753	664	714	1378
286031	103	2777	670	720	1390
288503	103	2801	676	726	1402
291799	103	2833	684	734	1418
294271	103	2857	690	740	1430
298391	103	2897	700	750	1450
304159	103	2953	714	764	1478
305807	103	2969	718	768	1486
309103	103	3001	726	776	1502
313223	103	3041	736	786	1522
314047	103	3049	738	788	1526
318167	103	3089	748	798	1546
321463	103	3121	756	806	1562
323111	103	3137	760	810	1570
326407	103	3169	768	818	1586
330527	103	3209	778	828	1606
331351	103	3217	780	830	1610
335471	103	3257	790	840	1630
341239	103	3313	804	854	1658
342887	103	3329	808	858	1666
346183	103	3361	816	866	1682
353599	103	3433	834	884	1718
355247	103	3449	838	888	1726
356071	103	3457	840	890	1730
363487	103	3529	858	908	1766
370079	103	3593	874	924	1798
372551	103	3617	880	930	1810
378319	103	3673	894	944	1838
380791	103	3697	900	950	1850
387383	103	3761	916	966	1882
388207	103	3769	918	968	1886
390679	103	3793	924	974	1898
394799	103	3833	934	984	1918
399743	103	3881	946	996	1942
400567	103	3889	948	998	1946
404687	103	3929	958	1008	1966
412103	103	4001	976	1026	2002
417047	103	4049	988	1038	2026
417871	103	4057	990	1040	2030
419519	103	4073	994	1044	2038
425287	103	4129	1008	1058	2066
427759	103	4153	1014	1064	2078
430231	103	4177	1020	1070	2090
432703	103	4201	1026	1076	2102
434351	103	4217	1030	1080	2110
436823	103	4241	1036	1086	2122
440119	103	4273	1044	1094	2138
441767	103	4289	1048	1098	2146
442591	103	4297	1050	1100	2150
446711	103	4337	1060	1110	2170
454127	103	4409	1078	1128	2206
457423	103	4441	1086	1136	2222
459071	103	4457	1090	1140	2230
461543	103	4481	1096	1146	2242
464839	103	4513	1104	1154	2258
469783	103	4561	1116	1166	2282
478847	103	4649	1138	1188	2326
479671	103	4657	1140	1190	2330
481319	103	4673	1144	1194	2338
486263	103	4721	1156	1206	2362
487087	103	4729	1158	1208	2366
493679	103	4793	1174	1224	2398
494503	103	4801	1176	1226	2402
496151	103	4817	1180	1230	2410
11663	107	109	2	54	56
15943	107	149	12	64	76
16799	107	157	14	66	80
18511	107	173	18	70	88
19367	107	181	20	72	92
21079	107	197	24	76	100
24503	107	229	32	84	116
28783	107	269	42	94	136
29639	107	277	44	96	140
31351	107	293	48	100	148
33919	107	317	54	106	160
37343	107	349	62	114	176
39911	107	373	68	120	188
41623	107	389	72	124	196
42479	107	397	74	126	200
45047	107	421	80	132	212
49327	107	461	90	142	232
54463	107	509	102	154	256
57887	107	541	110	162	272
59599	107	557	114	166	280
65591	107	613	128	180	308
69871	107	653	138	190	328
70727	107	661	140	192	332
72439	107	677	144	196	340
75007	107	701	150	202	352
75863	107	709	152	204	356
78431	107	733	158	210	368
80999	107	757	164	216	380
82711	107	773	168	220	388
85279	107	797	174	226	400
87847	107	821	180	232	412
88703	107	829	182	234	416
91271	107	853	188	240	428
93839	107	877	194	246	440
100687	107	941	210	262	472
106679	107	997	224	276	500
108391	107	1013	228	280	508
109247	107	1021	230	282	512
113527	107	1061	240	292	532
114383	107	1069	242	294	536
116951	107	1093	248	300	548
118663	107	1109	252	304	556
119519	107	1117	254	306	560
126367	107	1181	270	322	592
129791	107	1213	278	330	608
131503	107	1229	282	334	616
132359	107	1237	284	336	620
136639	107	1277	294	346	640
139207	107	1301	300	352	652
146911	107	1373	318	370	688
147767	107	1381	320	372	692
152903	107	1429	332	384	716
155471	107	1453	338	390	728
159751	107	1493	348	400	748
165743	107	1549	362	414	776
170879	107	1597	374	426	800
172591	107	1613	378	430	808
173447	107	1621	380	432	812
175159	107	1637	384	436	820
178583	107	1669	392	444	836
181151	107	1693	398	450	848
182863	107	1709	402	454	856
185431	107	1733	408	460	868
186287	107	1741	410	462	872
191423	107	1789	422	474	896
199127	107	1861	440	492	932
200839	107	1877	444	496	940
203407	107	1901	450	502	952
206831	107	1933	458	510	968
208543	107	1949	462	514	976
211111	107	1973	468	520	988
213679	107	1997	474	526	1000
217103	107	2029	482	534	1016
219671	107	2053	488	540	1028
221383	107	2069	492	544	1036
229087	107	2141	510	562	1072
236791	107	2213	528	580	1108
237647	107	2221	530	582	1112
239359	107	2237	534	586	1120
242783	107	2269	542	594	1136
245351	107	2293	548	600	1148
247063	107	2309	552	604	1156
249631	107	2333	558	610	1168
250487	107	2341	560	612	1172
252199	107	2357	564	616	1180
254767	107	2381	570	622	1192
255623	107	2389	572	624	1196
260759	107	2437	584	636	1220
265039	107	2477	594	646	1240
272743	107	2549	612	664	1276
273599	107	2557	614	666	1280
280447	107	2621	630	682	1312
286439	107	2677	644	696	1340
288151	107	2693	648	700	1348
293287	107	2741	660	712	1372
294143	107	2749	662	714	1376
298423	107	2789	672	724	1396
299279	107	2797	674	726	1400
303559	107	2837	684	736	1420
306127	107	2861	690	742	1432
311263	107	2909	702	754	1456
312119	107	2917	704	756	1460
316399	107	2957	714	766	1480
324959	107	3037	734	786	1520
327527	107	3061	740	792	1532
332663	107	3109	752	804	1556
340367	107	3181	770	822	1592
344647	107	3221	780	832	1612
345503	107	3229	782	834	1616
348071	107	3253	788	840	1628
353207	107	3301	800	852	1652
360911	107	3373	818	870	1688
362623	107	3389	822	874	1696
365191	107	3413	828	880	1708
370327	107	3461	840	892	1732
371183	107	3469	842	894	1736
376319	107	3517	854	906	1760
378031	107	3533	858	910	1768
378887	107	3541	860	912	1772
380599	107	3557	864	916	1780
383167	107	3581	870	922	1792
386591	107	3613	878	930	1808
389159	107	3637	884	936	1820
393439	107	3677	894	946	1840
396007	107	3701	900	952	1852
396863	107	3709	902	954	1856
399431	107	3733	908	960	1868
406279	107	3797	924	976	1900
408847	107	3821	930	982	1912
412271	107	3853	938	990	1928
414839	107	3877	944	996	1940
419119	107	3917	954	1006	1960
426823	107	3989	972	1024	1996
429391	107	4013	978	1030	2008
430247	107	4021	980	1032	2012
437951	107	4093	998	1050	2048
442231	107	4133	1008	1060	2068
444799	107	4157	1014	1066	2080
452503	107	4229	1032	1084	2116
455071	107	4253	1038	1090	2128
455927	107	4261	1040	1092	2132
465343	107	4349	1062	1114	2176
466199	107	4357	1064	1116	2180
467911	107	4373	1068	1120	2188
470479	107	4397	1074	1126	2200
473047	107	4421	1080	1132	2212
480751	107	4493	1098	1150	2248
483319	107	4517	1104	1156	2260
486743	107	4549	1112	1164	2276
491879	107	4597	1124	1176	2300
494447	107	4621	1130	1182	2312
496159	107	4637	1134	1186	2320
14279	109	131	7	60	67
15151	109	139	9	62	71
17767	109	163	15	68	83
19511	109	179	19	72	91
22999	109	211	27	80	107
24743	109	227	31	84	115
27359	109	251	37	90	127
30847	109	283	45	98	143
33463	109	307	51	104	155
36079	109	331	57	110	167
37823	109	347	61	114	175
41311	109	379	69	122	191
45671	109	419	79	132	211
48287	109	443	85	138	223
50903	109	467	91	144	235
53519	109	491	97	150	247
54391	109	499	99	152	251
57007	109	523	105	158	263
59623	109	547	111	164	275
61367	109	563	115	168	283
62239	109	571	117	170	287
63983	109	587	121	174	295
67471	109	619	129	182	311
70087	109	643	135	188	323
71831	109	659	139	192	331
74447	109	683	145	198	343
75319	109	691	147	200	347
80551	109	739	159	212	371
85783	109	787	171	224	395
88399	109	811	177	230	407
90143	109	827	181	234	415
93631	109	859	189	242	431
96247	109	883	195	248	443
98863	109	907	201	254	455
103223	109	947	211	264	475
105839	109	971	217	270	487
111071	109	1019	229	282	511
114559	109	1051	237	290	527
118919	109	1091	247	300	547
122407	109	1123	255	308	563
126767	109	1163	265	318	583
127639	109	1171	267	320	587
129383	109	1187	271	324	595
137231	109	1259	289	342	631
139847	109	1283	295	348	643
140719	109	1291	297	350	647
142463	109	1307	301	354	655
155543	109	1427	331	384	715
158159	109	1451	337	390	727
159031	109	1459	339	392	731
161647	109	1483	345	398	743
163391	109	1499	349	402	751
166007	109	1523	355	408	763
166879	109	1531	357	410	767
171239	109	1571	367	420	787
172111	109	1579	369	422	791
176471	109	1619	379	432	811
177343	109	1627	381	434	815
181703	109	1667	391	444	835
185191	109	1699	399	452	851
187807	109	1723	405	458	863
190423	109	1747	411	464	875
194783	109	1787	421	474	895
197399	109	1811	427	480	907
203503	109	1867	441	494	935
207863	109	1907	451	504	955
210479	109	1931	457	510	967
215711	109	1979	469	522	991
216583	109	1987	471	524	995
218327	109	2003	475	528	1003
219199	109	2011	477	530	1007
220943	109	2027	481	534	1015
227047	109	2083	495	548	1043
228791	109	2099	499	552	1051
232279	109	2131	507	560	1067
237511	109	2179	519	572	1091
240127	109	2203	525	578	1103
244487	109	2243	535	588	1123
245359	109	2251	537	590	1127
247103	109	2267	541	594	1135
254951	109	2339	559	612	1171
255823	109	2347	561	614	1175
258439	109	2371	567	620	1187
262799	109	2411	577	630	1207
268031	109	2459	589	642	1231
268903	109	2467	591	644	1235
275879	109	2531	607	660	1267
276751	109	2539	609	662	1271
281111	109	2579	619	672	1291
289831	109	2659	639	692	1331
292447	109	2683	645	698	1343
294191	109	2699	649	702	1351
295063	109	2707	651	704	1355
297679	109	2731	657	710	1367
305527	109	2803	675	728	1403
307271	109	2819	679	732	1411
309887	109	2843	685	738	1423
310759	109	2851	687	740	1427
320351	109	2939	709	762	1471
322967	109	2963	715	768	1483
323839	109	2971	717	770	1487
328199	109	3011	727	780	1507
329071	109	3019	729	782	1511
334303	109	3067	741	794	1535
336047	109	3083	745	798	1543
344767	109	3163	765	818	1583
347383	109	3187	771	824	1595
349127	109	3203	775	828	1603
354359	109	3251	787	840	1627
355231	109	3259	789	842	1631
359591	109	3299	799	852	1651
360463	109	3307	801	854	1655
362207	109	3323	805	858	1663
363079	109	3331	807	860	1667
364823	109	3347	811	864	1675
367439	109	3371	817	870	1687
377903	109	3467	841	894	1735
380519	109	3491	847	900	1747
381391	109	3499	849	902	1751
385751	109	3539	859	912	1771
386623	109	3547	861	914	1775
389239	109	3571	867	920	1787
397087	109	3643	885	938	1823
398831	109	3659	889	942	1831
402319	109	3691	897	950	1847
407551	109	3739	909	962	1871
411911	109	3779	919	972	1891
414527	109	3803	925	978	1903
419759	109	3851	937	990	1927
425863	109	3907	951	1004	1955
427607	109	3923	955	1008	1963
428479	109	3931	957	1010	1967
430223	109	3947	961	1014	1975
436327	109	4003	975	1028	2003
438071	109	4019	979	1032	2011
438943	109	4027	981	1034	2015
441559	109	4051	987	1040	2027
445919	109	4091	997	1050	2047
446791	109	4099	999	1052	2051
451151	109	4139	1009	1062	2071
458999	109	4211	1027	1080	2107
459871	109	4219	1029	1082	2111
462487	109	4243	1035	1088	2123
464231	109	4259	1039	1092	2131
466847	109	4283	1045	1098	2143
472951	109	4339	1059	1112	2171
475567	109	4363	1065	1118	2183
485159	109	4451	1087	1140	2227
488647	109	4483	1095	1148	2243
491263	109	4507	1101	1154	2255
493007	109	4523	1105	1158	2263
495623	109	4547	1111	1164	2275
14351	113	127	5	60	65
17063	113	151	11	66	77
18871	113	167	15	70	85
21583	113	191	21	76	97
22487	113	199	23	78	101
25199	113	223	29	84	113
27007	113	239	33	88	121
29719	113	263	39	94	133
30623	113	271	41	96	137
35143	113	311	51	106	157
40567	113	359	63	118	181
41471	113	367	65	120	185
43279	113	383	69	124	193
48703	113	431	81	136	217
49607	113	439	83	138	221
52319	113	463	89	144	233
54127	113	479	93	148	241
55031	113	487	95	150	245
56839	113	503	99	154	253
67687	113	599	123	178	301
68591	113	607	125	180	305
71303	113	631	131	186	317
73111	113	647	135	190	325
81247	113	719	153	208	361
82151	113	727	155	210	365
83959	113	743	159	214	373
84863	113	751	161	216	377
92999	113	823	179	234	413
94807	113	839	183	238	421
97519	113	863	189	244	433
100231	113	887	195	250	445
102943	113	911	201	256	457
103847	113	919	203	258	461
109271	113	967	215	270	485
111079	113	983	219	274	493
111983	113	991	221	276	497
116503	113	1031	231	286	517
117407	113	1039	233	288	521
120119	113	1063	239	294	533
122831	113	1087	245	300	545
124639	113	1103	249	304	553
130063	113	1151	261	316	577
138199	113	1223	279	334	613
139103	113	1231	281	336	617
144527	113	1279	293	348	641
147239	113	1303	299	354	653
149047	113	1319	303	358	661
149951	113	1327	305	360	665
154471	113	1367	315	370	685
158087	113	1399	323	378	701
160799	113	1423	329	384	713
162607	113	1439	333	388	721
163511	113	1447	335	390	725
166223	113	1471	341	396	737
168031	113	1487	345	400	745
170743	113	1511	351	406	757
174359	113	1543	359	414	773
176167	113	1559	363	418	781
177071	113	1567	365	420	785
178879	113	1583	369	424	793
181591	113	1607	375	430	805
187919	113	1663	389	444	833
198767	113	1759	413	468	881
201479	113	1783	419	474	893
205999	113	1823	429	484	913
206903	113	1831	431	486	917
208711	113	1847	435	490	925
211423	113	1871	441	496	937
212327	113	1879	443	498	941
220463	113	1951	461	516	977
225887	113	1999	473	528	1001
230407	113	2039	483	538	1021
233119	113	2063	489	544	1033
235831	113	2087	495	550	1045
238543	113	2111	501	556	1057
242159	113	2143	509	564	1073
249391	113	2207	525	580	1105
253007	113	2239	533	588	1121
258431	113	2287	545	600	1145
261143	113	2311	551	606	1157
265663	113	2351	561	616	1177
269279	113	2383	569	624	1193
271087	113	2399	573	628	1201
273799	113	2423	579	634	1213
276511	113	2447	585	640	1225
282839	113	2503	599	654	1253
287359	113	2543	609	664	1273
288263	113	2551	611	666	1277
292783	113	2591	621	676	1297
299111	113	2647	635	690	1325
300919	113	2663	639	694	1333
301823	113	2671	641	696	1337
303631	113	2687	645	700	1345
306343	113	2711	651	706	1357
307247	113	2719	653	708	1361
312671	113	2767	665	720	1385
315383	113	2791	671	726	1397
325327	113	2879	693	748	1441
326231	113	2887	695	750	1445
328039	113	2903	699	754	1453
330751	113	2927	705	760	1465
338887	113	2999	723	778	1501
341599	113	3023	729	784	1513
347927	113	3079	743	798	1541
352447	113	3119	753	808	1561
357871	113	3167	765	820	1585
360583	113	3191	771	826	1597
369623	113	3271	791	846	1637
375047	113	3319	803	858	1661
377759	113	3343	809	864	1673
379567	113	3359	813	868	1681
383183	113	3391	821	876	1697
384991	113	3407	825	880	1705
391319	113	3463	839	894	1733
396743	113	3511	851	906	1757
398551	113	3527	855	910	1765
402167	113	3559	863	918	1781
404879	113	3583	869	924	1793
407591	113	3607	875	930	1805
409399	113	3623	879	934	1813
410303	113	3631	881	936	1817
414823	113	3671	891	946	1837
420247	113	3719	903	958	1861
421151	113	3727	905	960	1865
425671	113	3767	915	970	1885
431999	113	3823	929	984	1913
434711	113	3847	935	990	1925
436519	113	3863	939	994	1933
441943	113	3911	951	1006	1957
442847	113	3919	953	1008	1961
445559	113	3943	959	1014	1973
448271	113	3967	965	1020	1985
452791	113	4007	975	1030	2005
460927	113	4079	993	1048	2041
464543	113	4111	1001	1056	2057
466351	113	4127	1005	1060	2065
469967	113	4159	1013	1068	2081
478103	113	4231	1031	1086	2117
482623	113	4271	1041	1096	2137
488951	113	4327	1055	1110	2165
496183	113	4391	1071	1126	2197
499799	113	4423	1079	1134	2213
17399	127	137	4	66	70
24511	127	193	18	80	98
29591	127	233	28	90	118
30607	127	241	30	92	122
32639	127	257	34	96	130
35687	127	281	40	102	142
39751	127	313	48	110	158
42799	127	337	54	116	170
44831	127	353	58	120	178
50927	127	401	70	132	202
51943	127	409	72	134	206
54991	127	433	78	140	218
57023	127	449	82	144	226
58039	127	457	84	146	230
66167	127	521	100	162	262
72263	127	569	112	174	286
73279	127	577	114	176	290
75311	127	593	118	180	298
76327	127	601	120	182	302
78359	127	617	124	186	310
81407	127	641	130	192	322
85471	127	673	138	200	338
96647	127	761	160	222	382
97663	127	769	162	224	386
102743	127	809	172	234	406
108839	127	857	184	246	430
111887	127	881	190	252	442
117983	127	929	202	264	466
118999	127	937	204	266	470
121031	127	953	208	270	478
124079	127	977	214	276	490
128143	127	1009	222	284	506
131191	127	1033	228	290	518
133223	127	1049	232	294	526
139319	127	1097	244	306	550
143383	127	1129	252	314	566
146431	127	1153	258	320	578
151511	127	1193	268	330	598
152527	127	1201	270	332	602
154559	127	1217	274	336	610
158623	127	1249	282	344	626
163703	127	1289	292	354	646
164719	127	1297	294	356	650
167767	127	1321	300	362	662
172847	127	1361	310	372	682
178943	127	1409	322	384	706
181991	127	1433	328	390	718
188087	127	1481	340	402	742
189103	127	1489	342	404	746
197231	127	1553	358	420	778
203327	127	1601	370	432	802
204343	127	1609	372	434	806
210439	127	1657	384	446	830
215519	127	1697	394	456	850
218567	127	1721	400	462	862
222631	127	1753	408	470	878
225679	127	1777	414	476	890
228727	127	1801	420	482	902
237871	127	1873	438	500	938
239903	127	1889	442	504	946
242951	127	1913	448	510	958
253111	127	1993	468	530	998
256159	127	2017	474	536	1010
264287	127	2081	490	552	1042
265303	127	2089	492	554	1046
268351	127	2113	498	560	1058
270383	127	2129	502	564	1066
271399	127	2137	504	566	1070
273431	127	2153	508	570	1078
274447	127	2161	510	572	1082
288671	127	2273	538	600	1138
289687	127	2281	540	602	1142
291719	127	2297	544	606	1150
301879	127	2377	564	626	1190
303911	127	2393	568	630	1198
306959	127	2417	574	636	1210
310007	127	2441	580	642	1222
314071	127	2473	588	650	1238
320167	127	2521	600	662	1262
329311	127	2593	618	680	1298
331343	127	2609	622	684	1306
332359	127	2617	624	686	1310
334391	127	2633	628	690	1318
337439	127	2657	634	696	1330
341503	127	2689	642	704	1346
344551	127	2713	648	710	1358
346583	127	2729	652	714	1366
349631	127	2753	658	720	1378
352679	127	2777	664	726	1390
355727	127	2801	670	732	1402
359791	127	2833	678	740	1418
362839	127	2857	684	746	1430
367919	127	2897	694	756	1450
375031	127	2953	708	770	1478
377063	127	2969	712	774	1486
381127	127	3001	720	782	1502
386207	127	3041	730	792	1522
387223	127	3049	732	794	1526
392303	127	3089	742	804	1546
396367	127	3121	750	812	1562
398399	127	3137	754	816	1570
402463	127	3169	762	824	1586
407543	127	3209	772	834	1606
408559	127	3217	774	836	1610
413639	127	3257	784	846	1630
420751	127	3313	798	860	1658
422783	127	3329	802	864	1666
426847	127	3361	810	872	1682
435991	127	3433	828	890	1718
438023	127	3449	832	894	1726
439039	127	3457	834	896	1730
448183	127	3529	852	914	1766
456311	127	3593	868	930	1798
459359	127	3617	874	936	1810
466471	127	3673	888	950	1838
469519	127	3697	894	956	1850
477647	127	3761	910	972	1882
478663	127	3769	912	974	1886
481711	127	3793	918	980	1898
486791	127	3833	928	990	1918
492887	127	3881	940	1002	1942
493903	127	3889	942	1004	1946
498983	127	3929	952	1014	1966
19519	131	149	6	70	76
20567	131	157	8	72	80
22663	131	173	12	76	88
23711	131	181	14	78	92
25807	131	197	18	82	100
29999	131	229	26	90	116
35239	131	269	36	100	136
36287	131	277	38	102	140
38383	131	293	42	106	148
41527	131	317	48	112	160
45719	131	349	56	120	176
48863	131	373	62	126	188
50959	131	389	66	130	196
52007	131	397	68	132	200
55151	131	421	74	138	212
60391	131	461	84	148	232
66679	131	509	96	160	256
70871	131	541	104	168	272
72967	131	557	108	172	280
80303	131	613	122	186	308
85543	131	653	132	196	328
86591	131	661	134	198	332
88687	131	677	138	202	340
91831	131	701	144	208	352
92879	131	709	146	210	356
96023	131	733	152	216	368
99167	131	757	158	222	380
101263	131	773	162	226	388
104407	131	797	168	232	400
107551	131	821	174	238	412
108599	131	829	176	240	416
111743	131	853	182	246	428
114887	131	877	188	252	440
123271	131	941	204	268	472
130607	131	997	218	282	500
132703	131	1013	222	286	508
133751	131	1021	224	288	512
138991	131	1061	234	298	532
140039	131	1069	236	300	536
143183	131	1093	242	306	548
145279	131	1109	246	310	556
146327	131	1117	248	312	560
154711	131	1181	264	328	592
158903	131	1213	272	336	608
160999	131	1229	276	340	616
162047	131	1237	278	342	620
167287	131	1277	288	352	640
170431	131	1301	294	358	652
179863	131	1373	312	376	688
180911	131	1381	314	378	692
187199	131	1429	326	390	716
190343	131	1453	332	396	728
195583	131	1493	342	406	748
202919	131	1549	356	420	776
209207	131	1597	368	432	800
211303	131	1613	372	436	808
212351	131	1621	374	438	812
214447	131	1637	378	442	820
218639	131	1669	386	450	836
221783	131	1693	392	456	848
223879	131	1709	396	460	856
227023	131	1733	402	466	868
228071	131	1741	404	468	872
234359	131	1789	416	480	896
243791	131	1861	434	498	932
245887	131	1877	438	502	940
249031	131	1901	444	508	952
253223	131	1933	452	516	968
255319	131	1949	456	520	976
258463	131	1973	462	526	988
261607	131	1997	468	532	1000
265799	131	2029	476	540	1016
268943	131	2053	482	546	1028
271039	131	2069	486	550	1036
280471	131	2141	504	568	1072
289903	131	2213	522	586	1108
290951	131	2221	524	588	1112
293047	131	2237	528	592	1120
297239	131	2269	536	600	1136
300383	131	2293	542	606	1148
302479	131	2309	546	610	1156
305623	131	2333	552	616	1168
306671	131	2341	554	618	1172
308767	131	2357	558	622	1180
311911	131	2381	564	628	1192
312959	131	2389	566	630	1196
319247	131	2437	578	642	1220
324487	131	2477	588	652	1240
333919	131	2549	606	670	1276
334967	131	2557	608	672	1280
343351	131	2621	624	688	1312
350687	131	2677	638	702	1340
352783	131	2693	642	706	1348
359071	131	2741	654	718	1372
360119	131	2749	656	720	1376
365359	131	2789	666	730	1396
366407	131	2797	668	732	1400
371647	131	2837	678	742	1420
374791	131	2861	684	748	1432
381079	131	2909	696	760	1456
382127	131	2917	698	762	1460
387367	131	2957	708	772	1480
397847	131	3037	728	792	1520
400991	131	3061	734	798	1532
407279	131	3109	746	810	1556
416711	131	3181	764	828	1592
421951	131	3221	774	838	1612
422999	131	3229	776	840	1616
426143	131	3253	782	846	1628
432431	131	3301	794	858	1652
441863	131	3373	812	876	1688
443959	131	3389	816	880	1696
447103	131	3413	822	886	1708
453391	131	3461	834	898	1732
454439	131	3469	836	900	1736
460727	131	3517	848	912	1760
462823	131	3533	852	916	1768
463871	131	3541	854	918	1772
465967	131	3557	858	922	1780
469111	131	3581	864	928	1792
473303	131	3613	872	936	1808
476447	131	3637	878	942	1820
481687	131	3677	888	952	1840
484831	131	3701	894	958	1852
485879	131	3709	896	960	1856
489023	131	3733	902	966	1868
497407	131	3797	918	982	1900
20687	137	151	5	72	77
22879	137	167	9	76	85
26167	137	191	15	82	97
27263	137	199	17	84	101
30551	137	223	23	90	113
32743	137	239	27	94	121
36031	137	263	33	100	133
37127	137	271	35	102	137
42607	137	311	45	112	157
49183	137	359	57	124	181
50279	137	367	59	126	185
52471	137	383	63	130	193
59047	137	431	75	142	217
60143	137	439	77	144	221
63431	137	463	83	150	233
65623	137	479	87	154	241
66719	137	487	89	156	245
68911	137	503	93	160	253
82063	137	599	117	184	301
83159	137	607	119	186	305
86447	137	631	125	192	317
88639	137	647	129	196	325
98503	137	719	147	214	361
99599	137	727	149	216	365
101791	137	743	153	220	373
102887	137	751	155	222	377
112751	137	823	173	240	413
114943	137	839	177	244	421
118231	137	863	183	250	433
121519	137	887	189	256	445
124807	137	911	195	262	457
125903	137	919	197	264	461
132479	137	967	209	276	485
134671	137	983	213	280	493
135767	137	991	215	282	497
141247	137	1031	225	292	517
142343	137	1039	227	294	521
145631	137	1063	233	300	533
148919	137	1087	239	306	545
151111	137	1103	243	310	553
157687	137	1151	255	322	577
167551	137	1223	273	340	613
168647	137	1231	275	342	617
175223	137	1279	287	354	641
178511	137	1303	293	360	653
180703	137	1319	297	364	661
181799	137	1327	299	366	665
187279	137	1367	309	376	685
191663	137	1399	317	384	701
194951	137	1423	323	390	713
197143	137	1439	327	394	721
198239	137	1447	329	396	725
201527	137	1471	335	402	737
203719	137	1487	339	406	745
207007	137	1511	345	412	757
211391	137	1543	353	420	773
213583	137	1559	357	424	781
214679	137	1567	359	426	785
216871	137	1583	363	430	793
220159	137	1607	369	436	805
227831	137	1663	383	450	833
240983	137	1759	407	474	881
244271	137	1783	413	480	893
249751	137	1823	423	490	913
250847	137	1831	425	492	917
253039	137	1847	429	496	925
256327	137	1871	435	502	937
257423	137	1879	437	504	941
267287	137	1951	455	522	977
273863	137	1999	467	534	1001
279343	137	2039	477	544	1021
282631	137	2063	483	550	1033
285919	137	2087	489	556	1045
289207	137	2111	495	562	1057
293591	137	2143	503	570	1073
302359	137	2207	519	586	1105
306743	137	2239	527	594	1121
313319	137	2287	539	606	1145
316607	137	2311	545	612	1157
322087	137	2351	555	622	1177
326471	137	2383	563	630	1193
328663	137	2399	567	634	1201
331951	137	2423	573	640	1213
335239	137	2447	579	646	1225
342911	137	2503	593	660	1253
348391	137	2543	603	670	1273
349487	137	2551	605	672	1277
354967	137	2591	615	682	1297
362639	137	2647	629	696	1325
364831	137	2663	633	700	1333
365927	137	2671	635	702	1337
368119	137	2687	639	706	1345
371407	137	2711	645	712	1357
372503	137	2719	647	714	1361
379079	137	2767	659	726	1385
382367	137	2791	665	732	1397
394423	137	2879	687	754	1441
395519	137	2887	689	756	1445
397711	137	2903	693	760	1453
400999	137	2927	699	766	1465
410863	137	2999	717	784	1501
414151	137	3023	723	790	1513
421823	137	3079	737	804	1541
427303	137	3119	747	814	1561
433879	137	3167	759	826	1585
437167	137	3191	765	832	1597
448127	137	3271	785	852	1637
454703	137	3319	797	864	1661
457991	137	3343	803	870	1673
460183	137	3359	807	874	1681
464567	137	3391	815	882	1697
466759	137	3407	819	886	1705
474431	137	3463	833	900	1733
481007	137	3511	845	912	1757
483199	137	3527	849	916	1765
487583	137	3559	857	924	1781
490871	137	3583	863	930	1793
494159	137	3607	869	936	1805
496351	137	3623	873	940	1813
497447	137	3631	875	942	1817
20711	139	149	4	72	76
21823	139	157	6	74	80
24047	139	173	10	78	88
25159	139	181	12	80	92
27383	139	197	16	84	100
31831	139	229	24	92	116
37391	139	269	34	102	136
38503	139	277	36	104	140
40727	139	293	40	108	148
44063	139	317	46	114	160
48511	139	349	54	122	176
51847	139	373	60	128	188
54071	139	389	64	132	196
55183	139	397	66	134	200
58519	139	421	72	140	212
64079	139	461	82	150	232
70751	139	509	94	162	256
75199	139	541	102	170	272
77423	139	557	106	174	280
85207	139	613	120	188	308
90767	139	653	130	198	328
91879	139	661	132	200	332
94103	139	677	136	204	340
97439	139	701	142	210	352
98551	139	709	144	212	356
101887	139	733	150	218	368
105223	139	757	156	224	380
107447	139	773	160	228	388
110783	139	797	166	234	400
114119	139	821	172	240	412
115231	139	829	174	242	416
118567	139	853	180	248	428
121903	139	877	186	254	440
130799	139	941	202	270	472
138583	139	997	216	284	500
140807	139	1013	220	288	508
141919	139	1021	222	290	512
147479	139	1061	232	300	532
148591	139	1069	234	302	536
151927	139	1093	240	308	548
154151	139	1109	244	312	556
155263	139	1117	246	314	560
164159	139	1181	262	330	592
168607	139	1213	270	338	608
170831	139	1229	274	342	616
171943	139	1237	276	344	620
177503	139	1277	286	354	640
180839	139	1301	292	360	652
190847	139	1373	310	378	688
191959	139	1381	312	380	692
198631	139	1429	324	392	716
201967	139	1453	330	398	728
207527	139	1493	340	408	748
215311	139	1549	354	422	776
221983	139	1597	366	434	800
224207	139	1613	370	438	808
225319	139	1621	372	440	812
227543	139	1637	376	444	820
231991	139	1669	384	452	836
235327	139	1693	390	458	848
237551	139	1709	394	462	856
240887	139	1733	400	468	868
241999	139	1741	402	470	872
248671	139	1789	414	482	896
258679	139	1861	432	500	932
260903	139	1877	436	504	940
264239	139	1901	442	510	952
268687	139	1933	450	518	968
270911	139	1949	454	522	976
274247	139	1973	460	528	988
277583	139	1997	466	534	1000
282031	139	2029	474	542	1016
285367	139	2053	480	548	1028
287591	139	2069	484	552	1036
297599	139	2141	502	570	1072
307607	139	2213	520	588	1108
308719	139	2221	522	590	1112
310943	139	2237	526	594	1120
315391	139	2269	534	602	1136
318727	139	2293	540	608	1148
320951	139	2309	544	612	1156
324287	139	2333	550	618	1168
325399	139	2341	552	620	1172
327623	139	2357	556	624	1180
330959	139	2381	562	630	1192
332071	139	2389	564	632	1196
338743	139	2437	576	644	1220
344303	139	2477	586	654	1240
354311	139	2549	604	672	1276
355423	139	2557	606	674	1280
364319	139	2621	622	690	1312
372103	139	2677	636	704	1340
374327	139	2693	640	708	1348
380999	139	2741	652	720	1372
382111	139	2749	654	722	1376
387671	139	2789	664	732	1396
388783	139	2797	666	734	1400
394343	139	2837	676	744	1420
397679	139	2861	682	750	1432
404351	139	2909	694	762	1456
405463	139	2917	696	764	1460
411023	139	2957	706	774	1480
422143	139	3037	726	794	1520
425479	139	3061	732	800	1532
432151	139	3109	744	812	1556
442159	139	3181	762	830	1592
447719	139	3221	772	840	1612
448831	139	3229	774	842	1616
452167	139	3253	780	848	1628
458839	139	3301	792	860	1652
468847	139	3373	810	878	1688
471071	139	3389	814	882	1696
474407	139	3413	820	888	1708
481079	139	3461	832	900	1732
482191	139	3469	834	902	1736
488863	139	3517	846	914	1760
491087	139	3533	850	918	1768
492199	139	3541	852	920	1772
494423	139	3557	856	924	1780
497759	139	3581	862	930	1792
24287	149	163	5	78	83
26671	149	179	9	82	91
31439	149	211	17	90	107
33823	149	227	21	94	115
37399	149	251	27	100	127
42167	149	283	35	108	143
45743	149	307	41	114	155
49319	149	331	47	120	167
51703	149	347	51	124	175
56471	149	379	59	132	191
62431	149	419	69	142	211
66007	149	443	75	148	223
69583	149	467	81	154	235
73159	149	491	87	160	247
74351	149	499	89	162	251
77927	149	523	95	168	263
81503	149	547	101	174	275
83887	149	563	105	178	283
85079	149	571	107	180	287
87463	149	587	111	184	295
92231	149	619	119	192	311
95807	149	643	125	198	323
98191	149	659	129	202	331
101767	149	683	135	208	343
102959	149	691	137	210	347
110111	149	739	149	222	371
117263	149	787	161	234	395
120839	149	811	167	240	407
123223	149	827	171	244	415
127991	149	859	179	252	431
131567	149	883	185	258	443
135143	149	907	191	264	455
141103	149	947	201	274	475
144679	149	971	207	280	487
151831	149	1019	219	292	511
156599	149	1051	227	300	527
162559	149	1091	237	310	547
167327	149	1123	245	318	563
173287	149	1163	255	328	583
174479	149	1171	257	330	587
176863	149	1187	261	334	595
187591	149	1259	279	352	631
191167	149	1283	285	358	643
192359	149	1291	287	360	647
194743	149	1307	291	364	655
212623	149	1427	321	394	715
216199	149	1451	327	400	727
217391	149	1459	329	402	731
220967	149	1483	335	408	743
223351	149	1499	339	412	751
226927	149	1523	345	418	763
228119	149	1531	347	420	767
234079	149	1571	357	430	787
235271	149	1579	359	432	791
241231	149	1619	369	442	811
242423	149	1627	371	444	815
248383	149	1667	381	454	835
253151	149	1699	389	462	851
256727	149	1723	395	468	863
260303	149	1747	401	474	875
266263	149	1787	411	484	895
269839	149	1811	417	490	907
278183	149	1867	431	504	935
284143	149	1907	441	514	955
287719	149	1931	447	520	967
294871	149	1979	459	532	991
296063	149	1987	461	534	995
298447	149	2003	465	538	1003
299639	149	2011	467	540	1007
302023	149	2027	471	544	1015
310367	149	2083	485	558	1043
312751	149	2099	489	562	1051
317519	149	2131	497	570	1067
324671	149	2179	509	582	1091
328247	149	2203	515	588	1103
334207	149	2243	525	598	1123
335399	149	2251	527	600	1127
337783	149	2267	531	604	1135
348511	149	2339	549	622	1171
349703	149	2347	551	624	1175
353279	149	2371	557	630	1187
359239	149	2411	567	640	1207
366391	149	2459	579	652	1231
367583	149	2467	581	654	1235
377119	149	2531	597	670	1267
378311	149	2539	599	672	1271
384271	149	2579	609	682	1291
396191	149	2659	629	702	1331
399767	149	2683	635	708	1343
402151	149	2699	639	712	1351
403343	149	2707	641	714	1355
406919	149	2731	647	720	1367
417647	149	2803	665	738	1403
420031	149	2819	669	742	1411
423607	149	2843	675	748	1423
424799	149	2851	677	750	1427
437911	149	2939	699	772	1471
441487	149	2963	705	778	1483
442679	149	2971	707	780	1487
448639	149	3011	717	790	1507
449831	149	3019	719	792	1511
456983	149	3067	731	804	1535
459367	149	3083	735	808	1543
471287	149	3163	755	828	1583
474863	149	3187	761	834	1595
477247	149	3203	765	838	1603
484399	149	3251	777	850	1627
485591	149	3259	779	852	1631
491551	149	3299	789	862	1651
492743	149	3307	791	864	1655
495127	149	3323	795	868	1663
496319	149	3331	797	870	1667
498703	149	3347	801	874	1675
29143	151	193	12	86	98
35183	151	233	22	96	118
36391	151	241	24	98	122
38807	151	257	28	102	130
42431	151	281	34	108	142
47263	151	313	42	116	158
50887	151	337	48	122	170
53303	151	353	52	126	178
60551	151	401	64	138	202
61759	151	409	66	140	206
65383	151	433	72	146	218
67799	151	449	76	150	226
69007	151	457	78	152	230
78671	151	521	94	168	262
85919	151	569	106	180	286
87127	151	577	108	182	290
89543	151	593	112	186	298
90751	151	601	114	188	302
93167	151	617	118	192	310
96791	151	641	124	198	322
101623	151	673	132	206	338
114911	151	761	154	228	382
116119	151	769	156	230	386
122159	151	809	166	240	406
129407	151	857	178	252	430
133031	151	881	184	258	442
140279	151	929	196	270	466
141487	151	937	198	272	470
143903	151	953	202	276	478
147527	151	977	208	282	490
152359	151	1009	216	290	506
155983	151	1033	222	296	518
158399	151	1049	226	300	526
165647	151	1097	238	312	550
170479	151	1129	246	320	566
174103	151	1153	252	326	578
180143	151	1193	262	336	598
181351	151	1201	264	338	602
183767	151	1217	268	342	610
188599	151	1249	276	350	626
194639	151	1289	286	360	646
195847	151	1297	288	362	650
199471	151	1321	294	368	662
205511	151	1361	304	378	682
212759	151	1409	316	390	706
216383	151	1433	322	396	718
223631	151	1481	334	408	742
224839	151	1489	336	410	746
234503	151	1553	352	426	778
241751	151	1601	364	438	802
242959	151	1609	366	440	806
250207	151	1657	378	452	830
256247	151	1697	388	462	850
259871	151	1721	394	468	862
264703	151	1753	402	476	878
268327	151	1777	408	482	890
271951	151	1801	414	488	902
282823	151	1873	432	506	938
285239	151	1889	436	510	946
288863	151	1913	442	516	958
300943	151	1993	462	536	998
304567	151	2017	468	542	1010
314231	151	2081	484	558	1042
315439	151	2089	486	560	1046
319063	151	2113	492	566	1058
321479	151	2129	496	570	1066
322687	151	2137	498	572	1070
325103	151	2153	502	576	1078
326311	151	2161	504	578	1082
343223	151	2273	532	606	1138
344431	151	2281	534	608	1142
346847	151	2297	538	612	1150
358927	151	2377	558	632	1190
361343	151	2393	562	636	1198
364967	151	2417	568	642	1210
368591	151	2441	574	648	1222
373423	151	2473	582	656	1238
380671	151	2521	594	668	1262
391543	151	2593	612	686	1298
393959	151	2609	616	690	1306
395167	151	2617	618	692	1310
397583	151	2633	622	696	1318
401207	151	2657	628	702	1330
406039	151	2689	636	710	1346
409663	151	2713	642	716	1358
412079	151	2729	646	720	1366
415703	151	2753	652	726	1378
419327	151	2777	658	732	1390
422951	151	2801	664	738	1402
427783	151	2833	672	746	1418
431407	151	2857	678	752	1430
437447	151	2897	688	762	1450
445903	151	2953	702	776	1478
448319	151	2969	706	780	1486
453151	151	3001	714	788	1502
459191	151	3041	724	798	1522
460399	151	3049	726	800	1526
466439	151	3089	736	810	1546
471271	151	3121	744	818	1562
473687	151	3137	748	822	1570
478519	151	3169	756	830	1586
484559	151	3209	766	840	1606
485767	151	3217	768	842	1610
491807	151	3257	778	852	1630
25591	157	163	3	80	83
28103	157	179	7	84	91
33127	157	211	15	92	107
35639	157	227	19	96	115
39407	157	251	25	102	127
44431	157	283	33	110	143
48199	157	307	39	116	155
51967	157	331	45	122	167
54479	157	347	49	126	175
59503	157	379	57	134	191
65783	157	419	67	144	211
69551	157	443	73	150	223
73319	157	467	79	156	235
77087	157	491	85	162	247
78343	157	499	87	164	251
82111	157	523	93	170	263
85879	157	547	99	176	275
88391	157	563	103	180	283
89647	157	571	105	182	287
92159	157	587	109	186	295
97183	157	619	117	194	311
100951	157	643	123	200	323
103463	157	659	127	204	331
107231	157	683	133	210	343
108487	157	691	135	212	347
116023	157	739	147	224	371
123559	157	787	159	236	395
127327	157	811	165	242	407
129839	157	827	169	246	415
134863	157	859	177	254	431
138631	157	883	183	260	443
142399	157	907	189	266	455
148679	157	947	199	276	475
152447	157	971	205	282	487
159983	157	1019	217	294	511
165007	157	1051	225	302	527
171287	157	1091	235	312	547
176311	157	1123	243	320	563
182591	157	1163	253	330	583
183847	157	1171	255	332	587
186359	157	1187	259	336	595
197663	157	1259	277	354	631
201431	157	1283	283	360	643
202687	157	1291	285	362	647
205199	157	1307	289	366	655
224039	157	1427	319	396	715
227807	157	1451	325	402	727
229063	157	1459	327	404	731
232831	157	1483	333	410	743
235343	157	1499	337	414	751
239111	157	1523	343	420	763
240367	157	1531	345	422	767
246647	157	1571	355	432	787
247903	157	1579	357	434	791
254183	157	1619	367	444	811
255439	157	1627	369	446	815
261719	157	1667	379	456	835
266743	157	1699	387	464	851
270511	157	1723	393	470	863
274279	157	1747	399	476	875
280559	157	1787	409	486	895
284327	157	1811	415	492	907
293119	157	1867	429	506	935
299399	157	1907	439	516	955
303167	157	1931	445	522	967
310703	157	1979	457	534	991
311959	157	1987	459	536	995
314471	157	2003	463	540	1003
315727	157	2011	465	542	1007
318239	157	2027	469	546	1015
327031	157	2083	483	560	1043
329543	157	2099	487	564	1051
334567	157	2131	495	572	1067
342103	157	2179	507	584	1091
345871	157	2203	513	590	1103
352151	157	2243	523	600	1123
353407	157	2251	525	602	1127
355919	157	2267	529	606	1135
367223	157	2339	547	624	1171
368479	157	2347	549	626	1175
372247	157	2371	555	632	1187
378527	157	2411	565	642	1207
386063	157	2459	577	654	1231
387319	157	2467	579	656	1235
397367	157	2531	595	672	1267
398623	157	2539	597	674	1271
404903	157	2579	607	684	1291
417463	157	2659	627	704	1331
421231	157	2683	633	710	1343
423743	157	2699	637	714	1351
424999	157	2707	639	716	1355
428767	157	2731	645	722	1367
440071	157	2803	663	740	1403
442583	157	2819	667	744	1411
446351	157	2843	673	750	1423
447607	157	2851	675	752	1427
461423	157	2939	697	774	1471
465191	157	2963	703	780	1483
466447	157	2971	705	782	1487
472727	157	3011	715	792	1507
473983	157	3019	717	794	1511
481519	157	3067	729	806	1535
484031	157	3083	733	810	1543
496591	157	3163	753	830	1583
28199	163	173	4	84	88
29503	163	181	6	86	92
32111	163	197	10	90	100
37327	163	229	18	98	116
43847	163	269	28	108	136
45151	163	277	30	110	140
47759	163	293	34	114	148
51671	163	317	40	120	160
56887	163	349	48	128	176
60799	163	373	54	134	188
63407	163	389	58	138	196
64711	163	397	60	140	200
68623	163	421	66	146	212
75143	163	461	76	156	232
82967	163	509	88	168	256
88183	163	541	96	176	272
90791	163	557	100	180	280
99919	163	613	114	194	308
106439	163	653	124	204	328
107743	163	661	126	206	332
110351	163	677	130	210	340
114263	163	701	136	216	352
115567	163	709	138	218	356
119479	163	733	144	224	368
123391	163	757	150	230	380
125999	163	773	154	234	388
129911	163	797	160	240	400
133823	163	821	166	246	412
135127	163	829	168	248	416
139039	163	853	174	254	428
142951	163	877	180	260	440
153383	163	941	196	276	472
162511	163	997	210	290	500
165119	163	1013	214	294	508
166423	163	1021	216	296	512
172943	163	1061	226	306	532
174247	163	1069	228	308	536
178159	163	1093	234	314	548
180767	163	1109	238	318	556
182071	163	1117	240	320	560
192503	163	1181	256	336	592
197719	163	1213	264	344	608
200327	163	1229	268	348	616
201631	163	1237	270	350	620
208151	163	1277	280	360	640
212063	163	1301	286	366	652
223799	163	1373	304	384	688
225103	163	1381	306	386	692
232927	163	1429	318	398	716
236839	163	1453	324	404	728
243359	163	1493	334	414	748
252487	163	1549	348	428	776
260311	163	1597	360	440	800
262919	163	1613	364	444	808
264223	163	1621	366	446	812
266831	163	1637	370	450	820
272047	163	1669	378	458	836
275959	163	1693	384	464	848
278567	163	1709	388	468	856
282479	163	1733	394	474	868
283783	163	1741	396	476	872
291607	163	1789	408	488	896
303343	163	1861	426	506	932
305951	163	1877	430	510	940
309863	163	1901	436	516	952
315079	163	1933	444	524	968
317687	163	1949	448	528	976
321599	163	1973	454	534	988
325511	163	1997	460	540	1000
330727	163	2029	468	548	1016
334639	163	2053	474	554	1028
337247	163	2069	478	558	1036
348983	163	2141	496	576	1072
360719	163	2213	514	594	1108
362023	163	2221	516	596	1112
364631	163	2237	520	600	1120
369847	163	2269	528	608	1136
373759	163	2293	534	614	1148
376367	163	2309	538	618	1156
380279	163	2333	544	624	1168
381583	163	2341	546	626	1172
384191	163	2357	550	630	1180
388103	163	2381	556	636	1192
389407	163	2389	558	638	1196
397231	163	2437	570	650	1220
403751	163	2477	580	660	1240
415487	163	2549	598	678	1276
416791	163	2557	600	680	1280
427223	163	2621	616	696	1312
436351	163	2677	630	710	1340
438959	163	2693	634	714	1348
446783	163	2741	646	726	1372
448087	163	2749	648	728	1376
454607	163	2789	658	738	1396
455911	163	2797	660	740	1400
462431	163	2837	670	750	1420
466343	163	2861	676	756	1432
474167	163	2909	688	768	1456
475471	163	2917	690	770	1460
481991	163	2957	700	780	1480
495031	163	3037	720	800	1520
498943	163	3061	726	806	1532
32231	167	193	8	90	98
38911	167	233	18	100	118
40247	167	241	20	102	122
42919	167	257	24	106	130
46927	167	281	30	112	142
52271	167	313	38	120	158
56279	167	337	44	126	170
58951	167	353	48	130	178
66967	167	401	60	142	202
68303	167	409	62	144	206
72311	167	433	68	150	218
74983	167	449	72	154	226
76319	167	457	74	156	230
87007	167	521	90	172	262
95023	167	569	102	184	286
96359	167	577	104	186	290
99031	167	593	108	190	298
100367	167	601	110	192	302
103039	167	617	114	196	310
107047	167	641	120	202	322
112391	167	673	128	210	338
127087	167	761	150	232	382
128423	167	769	152	234	386
135103	167	809	162	244	406
143119	167	857	174	256	430
147127	167	881	180	262	442
155143	167	929	192	274	466
156479	167	937	194	276	470
159151	167	953	198	280	478
163159	167	977	204	286	490
168503	167	1009	212	294	506
172511	167	1033	218	300	518
175183	167	1049	222	304	526
183199	167	1097	234	316	550
188543	167	1129	242	324	566
192551	167	1153	248	330	578
199231	167	1193	258	340	598
200567	167	1201	260	342	602
203239	167	1217	264	346	610
208583	167	1249	272	354	626
215263	167	1289	282	364	646
216599	167	1297	284	366	650
220607	167	1321	290	372	662
227287	167	1361	300	382	682
235303	167	1409	312	394	706
239311	167	1433	318	400	718
247327	167	1481	330	412	742
248663	167	1489	332	414	746
259351	167	1553	348	430	778
267367	167	1601	360	442	802
268703	167	1609	362	444	806
276719	167	1657	374	456	830
283399	167	1697	384	466	850
287407	167	1721	390	472	862
292751	167	1753	398	480	878
296759	167	1777	404	486	890
300767	167	1801	410	492	902
312791	167	1873	428	510	938
315463	167	1889	432	514	946
319471	167	1913	438	520	958
332831	167	1993	458	540	998
336839	167	2017	464	546	1010
347527	167	2081	480	562	1042
348863	167	2089	482	564	1046
352871	167	2113	488	570	1058
355543	167	2129	492	574	1066
356879	167	2137	494	576	1070
359551	167	2153	498	580	1078
360887	167	2161	500	582	1082
379591	167	2273	528	610	1138
380927	167	2281	530	612	1142
383599	167	2297	534	616	1150
396959	167	2377	554	636	1190
399631	167	2393	558	640	1198
403639	167	2417	564	646	1210
407647	167	2441	570	652	1222
412991	167	2473	578	660	1238
421007	167	2521	590	672	1262
433031	167	2593	608	690	1298
435703	167	2609	612	694	1306
437039	167	2617	614	696	1310
439711	167	2633	618	700	1318
443719	167	2657	624	706	1330
449063	167	2689	632	714	1346
453071	167	2713	638	720	1358
455743	167	2729	642	724	1366
459751	167	2753	648	730	1378
463759	167	2777	654	736	1390
467767	167	2801	660	742	1402
473111	167	2833	668	750	1418
477119	167	2857	674	756	1430
483799	167	2897	684	766	1450
493151	167	2953	698	780	1478
495823	167	2969	702	784	1486
30967	173	179	3	88	91
36503	173	211	11	96	107
39271	173	227	15	100	115
43423	173	251	21	106	127
48959	173	283	29	114	143
53111	173	307	35	120	155
57263	173	331	41	126	167
60031	173	347	45	130	175
65567	173	379	53	138	191
72487	173	419	63	148	211
76639	173	443	69	154	223
80791	173	467	75	160	235
84943	173	491	81	166	247
86327	173	499	83	168	251
90479	173	523	89	174	263
94631	173	547	95	180	275
97399	173	563	99	184	283
98783	173	571	101	186	287
101551	173	587	105	190	295
107087	173	619	113	198	311
111239	173	643	119	204	323
114007	173	659	123	208	331
118159	173	683	129	214	343
119543	173	691	131	216	347
127847	173	739	143	228	371
136151	173	787	155	240	395
140303	173	811	161	246	407
143071	173	827	165	250	415
148607	173	859	173	258	431
152759	173	883	179	264	443
156911	173	907	185	270	455
163831	173	947	195	280	475
167983	173	971	201	286	487
176287	173	1019	213	298	511
181823	173	1051	221	306	527
188743	173	1091	231	316	547
194279	173	1123	239	324	563
201199	173	1163	249	334	583
202583	173	1171	251	336	587
205351	173	1187	255	340	595
217807	173	1259	273	358	631
221959	173	1283	279	364	643
223343	173	1291	281	366	647
226111	173	1307	285	370	655
246871	173	1427	315	400	715
251023	173	1451	321	406	727
252407	173	1459	323	408	731
256559	173	1483	329	414	743
259327	173	1499	333	418	751
263479	173	1523	339	424	763
264863	173	1531	341	426	767
271783	173	1571	351	436	787
273167	173	1579	353	438	791
280087	173	1619	363	448	811
281471	173	1627	365	450	815
288391	173	1667	375	460	835
293927	173	1699	383	468	851
298079	173	1723	389	474	863
302231	173	1747	395	480	875
309151	173	1787	405	490	895
313303	173	1811	411	496	907
322991	173	1867	425	510	935
329911	173	1907	435	520	955
334063	173	1931	441	526	967
342367	173	1979	453	538	991
343751	173	1987	455	540	995
346519	173	2003	459	544	1003
347903	173	2011	461	546	1007
350671	173	2027	465	550	1015
360359	173	2083	479	564	1043
363127	173	2099	483	568	1051
368663	173	2131	491	576	1067
376967	173	2179	503	588	1091
381119	173	2203	509	594	1103
388039	173	2243	519	604	1123
389423	173	2251	521	606	1127
392191	173	2267	525	610	1135
404647	173	2339	543	628	1171
406031	173	2347	545	630	1175
410183	173	2371	551	636	1187
417103	173	2411	561	646	1207
425407	173	2459	573	658	1231
426791	173	2467	575	660	1235
437863	173	2531	591	676	1267
439247	173	2539	593	678	1271
446167	173	2579	603	688	1291
460007	173	2659	623	708	1331
464159	173	2683	629	714	1343
466927	173	2699	633	718	1351
468311	173	2707	635	720	1355
472463	173	2731	641	726	1367
484919	173	2803	659	744	1403
487687	173	2819	663	748	1411
491839	173	2843	669	754	1423
493223	173	2851	671	756	1427
32399	179	181	2	90	92
35263	179	197	6	94	100
40991	179	229	14	102	116
48151	179	269	24	112	136
49583	179	277	26	114	140
52447	179	293	30	118	148
56743	179	317	36	124	160
62471	179	349	44	132	176
66767	179	373	50	138	188
69631	179	389	54	142	196
71063	179	397	56	144	200
75359	179	421	62	150	212
82519	179	461	72	160	232
91111	179	509	84	172	256
96839	179	541	92	180	272
99703	179	557	96	184	280
109727	179	613	110	198	308
116887	179	653	120	208	328
118319	179	661	122	210	332
121183	179	677	126	214	340
125479	179	701	132	220	352
126911	179	709	134	222	356
131207	179	733	140	228	368
135503	179	757	146	234	380
138367	179	773	150	238	388
142663	179	797	156	244	400
146959	179	821	162	250	412
148391	179	829	164	252	416
152687	179	853	170	258	428
156983	179	877	176	264	440
168439	179	941	192	280	472
178463	179	997	206	294	500
181327	179	1013	210	298	508
182759	179	1021	212	300	512
189919	179	1061	222	310	532
191351	179	1069	224	312	536
195647	179	1093	230	318	548
198511	179	1109	234	322	556
199943	179	1117	236	324	560
211399	179	1181	252	340	592
217127	179	1213	260	348	608
219991	179	1229	264	352	616
221423	179	1237	266	354	620
228583	179	1277	276	364	640
232879	179	1301	282	370	652
245767	179	1373	300	388	688
247199	179	1381	302	390	692
255791	179	1429	314	402	716
260087	179	1453	320	408	728
267247	179	1493	330	418	748
277271	179	1549	344	432	776
285863	179	1597	356	444	800
288727	179	1613	360	448	808
290159	179	1621	362	450	812
293023	179	1637	366	454	820
298751	179	1669	374	462	836
303047	179	1693	380	468	848
305911	179	1709	384	472	856
310207	179	1733	390	478	868
311639	179	1741	392	480	872
320231	179	1789	404	492	896
333119	179	1861	422	510	932
335983	179	1877	426	514	940
340279	179	1901	432	520	952
346007	179	1933	440	528	968
348871	179	1949	444	532	976
353167	179	1973	450	538	988
357463	179	1997	456	544	1000
363191	179	2029	464	552	1016
367487	179	2053	470	558	1028
370351	179	2069	474	562	1036
383239	179	2141	492	580	1072
396127	179	2213	510	598	1108
397559	179	2221	512	600	1112
400423	179	2237	516	604	1120
406151	179	2269	524	612	1136
410447	179	2293	530	618	1148
413311	179	2309	534	622	1156
417607	179	2333	540	628	1168
419039	179	2341	542	630	1172
421903	179	2357	546	634	1180
426199	179	2381	552	640	1192
427631	179	2389	554	642	1196
436223	179	2437	566	654	1220
443383	179	2477	576	664	1240
456271	179	2549	594	682	1276
457703	179	2557	596	684	1280
469159	179	2621	612	700	1312
479183	179	2677	626	714	1340
482047	179	2693	630	718	1348
490639	179	2741	642	730	1372
492071	179	2749	644	732	1376
499231	179	2789	654	742	1396
38191	181	211	9	98	107
41087	181	227	13	102	115
45431	181	251	19	108	127
51223	181	283	27	116	143
55567	181	307	33	122	155
59911	181	331	39	128	167
62807	181	347	43	132	175
68599	181	379	51	140	191
75839	181	419	61	150	211
80183	181	443	67	156	223
84527	181	467	73	162	235
88871	181	491	79	168	247
90319	181	499	81	170	251
94663	181	523	87	176	263
99007	181	547	93	182	275
101903	181	563	97	186	283
103351	181	571	99	188	287
106247	181	587	103	192	295
112039	181	619	111	200	311
116383	181	643	117	206	323
119279	181	659	121	210	331
123623	181	683	127	216	343
125071	181	691	129	218	347
133759	181	739	141	230	371
142447	181	787	153	242	395
146791	181	811	159	248	407
149687	181	827	163	252	415
155479	181	859	171	260	431
159823	181	883	177	266	443
164167	181	907	183	272	455
171407	181	947	193	282	475
175751	181	971	199	288	487
184439	181	1019	211	300	511
190231	181	1051	219	308	527
197471	181	1091	229	318	547
203263	181	1123	237	326	563
210503	181	1163	247	336	583
211951	181	1171	249	338	587
214847	181	1187	253	342	595
227879	181	1259	271	360	631
232223	181	1283	277	366	643
233671	181	1291	279	368	647
236567	181	1307	283	372	655
258287	181	1427	313	402	715
262631	181	1451	319	408	727
264079	181	1459	321	410	731
268423	181	1483	327	416	743
271319	181	1499	331	420	751
275663	181	1523	337	426	763
277111	181	1531	339	428	767
284351	181	1571	349	438	787
285799	181	1579	351	440	791
293039	181	1619	361	450	811
294487	181	1627	363	452	815
301727	181	1667	373	462	835
307519	181	1699	381	470	851
311863	181	1723	387	476	863
316207	181	1747	393	482	875
323447	181	1787	403	492	895
327791	181	1811	409	498	907
337927	181	1867	423	512	935
345167	181	1907	433	522	955
349511	181	1931	439	528	967
358199	181	1979	451	540	991
359647	181	1987	453	542	995
362543	181	2003	457	546	1003
363991	181	2011	459	548	1007
366887	181	2027	463	552	1015
377023	181	2083	477	566	1043
379919	181	2099	481	570	1051
385711	181	2131	489	578	1067
394399	181	2179	501	590	1091
398743	181	2203	507	596	1103
405983	181	2243	517	606	1123
407431	181	2251	519	608	1127
410327	181	2267	523	612	1135
423359	181	2339	541	630	1171
424807	181	2347	543	632	1175
429151	181	2371	549	638	1187
436391	181	2411	559	648	1207
445079	181	2459	571	660	1231
446527	181	2467	573	662	1235
458111	181	2531	589	678	1267
459559	181	2539	591	680	1271
466799	181	2579	601	690	1291
481279	181	2659	621	710	1331
485623	181	2683	627	716	1343
488519	181	2699	631	720	1351
489967	181	2707	633	722	1355
494311	181	2731	639	728	1367
36863	191	193	2	96	98
44503	191	233	12	106	118
46031	191	241	14	108	122
49087	191	257	18	112	130
53671	191	281	24	118	142
59783	191	313	32	126	158
64367	191	337	38	132	170
67423	191	353	42	136	178
76591	191	401	54	148	202
78119	191	409	56	150	206
82703	191	433	62	156	218
85759	191	449	66	160	226
87287	191	457	68	162	230
99511	191	521	84	178	262
108679	191	569	96	190	286
110207	191	577	98	192	290
113263	191	593	102	196	298
114791	191	601	104	198	302
117847	191	617	108	202	310
122431	191	641	114	208	322
128543	191	673	122	216	338
145351	191	761	144	238	382
146879	191	769	146	240	386
154519	191	809	156	250	406
163687	191	857	168	262	430
168271	191	881	174	268	442
177439	191	929	186	280	466
178967	191	937	188	282	470
182023	191	953	192	286	478
186607	191	977	198	292	490
192719	191	1009	206	300	506
197303	191	1033	212	306	518
200359	191	1049	216	310	526
209527	191	1097	228	322	550
215639	191	1129	236	330	566
220223	191	1153	242	336	578
227863	191	1193	252	346	598
229391	191	1201	254	348	602
232447	191	1217	258	352	610
238559	191	1249	266	360	626
246199	191	1289	276	370	646
247727	191	1297	278	372	650
252311	191	1321	284	378	662
259951	191	1361	294	388	682
269119	191	1409	306	400	706
273703	191	1433	312	406	718
282871	191	1481	324	418	742
284399	191	1489	326	420	746
296623	191	1553	342	436	778
305791	191	1601	354	448	802
307319	191	1609	356	450	806
316487	191	1657	368	462	830
324127	191	1697	378	472	850
328711	191	1721	384	478	862
334823	191	1753	392	486	878
339407	191	1777	398	492	890
343991	191	1801	404	498	902
357743	191	1873	422	516	938
360799	191	1889	426	520	946
365383	191	1913	432	526	958
380663	191	1993	452	546	998
385247	191	2017	458	552	1010
397471	191	2081	474	568	1042
398999	191	2089	476	570	1046
403583	191	2113	482	576	1058
406639	191	2129	486	580	1066
408167	191	2137	488	582	1070
411223	191	2153	492	586	1078
412751	191	2161	494	588	1082
434143	191	2273	522	616	1138
435671	191	2281	524	618	1142
438727	191	2297	528	622	1150
454007	191	2377	548	642	1190
457063	191	2393	552	646	1198
461647	191	2417	558	652	1210
466231	191	2441	564	658	1222
472343	191	2473	572	666	1238
481511	191	2521	584	678	1262
495263	191	2593	602	696	1298
498319	191	2609	606	700	1306
499847	191	2617	608	702	1310
38407	193	199	3	98	101
43039	193	223	9	104	113
46127	193	239	13	108	121
50759	193	263	19	114	133
52303	193	271	21	116	137
60023	193	311	31	126	157
69287	193	359	43	138	181
70831	193	367	45	140	185
73919	193	383	49	144	193
83183	193	431	61	156	217
84727	193	439	63	158	221
89359	193	463	69	164	233
92447	193	479	73	168	241
93991	193	487	75	170	245
97079	193	503	79	174	253
115607	193	599	103	198	301
117151	193	607	105	200	305
121783	193	631	111	206	317
124871	193	647	115	210	325
138767	193	719	133	228	361
140311	193	727	135	230	365
143399	193	743	139	234	373
144943	193	751	141	236	377
158839	193	823	159	254	413
161927	193	839	163	258	421
166559	193	863	169	264	433
171191	193	887	175	270	445
175823	193	911	181	276	457
177367	193	919	183	278	461
186631	193	967	195	290	485
189719	193	983	199	294	493
191263	193	991	201	296	497
198983	193	1031	211	306	517
200527	193	1039	213	308	521
205159	193	1063	219	314	533
209791	193	1087	225	320	545
212879	193	1103	229	324	553
222143	193	1151	241	336	577
236039	193	1223	259	354	613
237583	193	1231	261	356	617
246847	193	1279	273	368	641
251479	193	1303	279	374	653
254567	193	1319	283	378	661
256111	193	1327	285	380	665
263831	193	1367	295	390	685
270007	193	1399	303	398	701
274639	193	1423	309	404	713
277727	193	1439	313	408	721
279271	193	1447	315	410	725
283903	193	1471	321	416	737
286991	193	1487	325	420	745
291623	193	1511	331	426	757
297799	193	1543	339	434	773
300887	193	1559	343	438	781
302431	193	1567	345	440	785
305519	193	1583	349	444	793
310151	193	1607	355	450	805
320959	193	1663	369	464	833
339487	193	1759	393	488	881
344119	193	1783	399	494	893
351839	193	1823	409	504	913
353383	193	1831	411	506	917
356471	193	1847	415	510	925
361103	193	1871	421	516	937
362647	193	1879	423	518	941
376543	193	1951	441	536	977
385807	193	1999	453	548	1001
393527	193	2039	463	558	1021
398159	193	2063	469	564	1033
402791	193	2087	475	570	1045
407423	193	2111	481	576	1057
413599	193	2143	489	584	1073
425951	193	2207	505	600	1105
432127	193	2239	513	608	1121
441391	193	2287	525	620	1145
446023	193	2311	531	626	1157
453743	193	2351	541	636	1177
459919	193	2383	549	644	1193
463007	193	2399	553	648	1201
467639	193	2423	559	654	1213
472271	193	2447	565	660	1225
483079	193	2503	579	674	1253
490799	193	2543	589	684	1273
492343	193	2551	591	686	1277
41567	197	211	5	102	107
44719	197	227	9	106	115
49447	197	251	15	112	127
55751	197	283	23	120	143
60479	197	307	29	126	155
65207	197	331	35	132	167
68359	197	347	39	136	175
74663	197	379	47	144	191
82543	197	419	57	154	211
87271	197	443	63	160	223
91999	197	467	69	166	235
96727	197	491	75	172	247
98303	197	499	77	174	251
103031	197	523	83	180	263
107759	197	547	89	186	275
110911	197	563	93	190	283
112487	197	571	95	192	287
115639	197	587	99	196	295
121943	197	619	107	204	311
126671	197	643	113	210	323
129823	197	659	117	214	331
134551	197	683	123	220	343
136127	197	691	125	222	347
145583	197	739	137	234	371
155039	197	787	149	246	395
159767	197	811	155	252	407
162919	197	827	159	256	415
169223	197	859	167	264	431
173951	197	883	173	270	443
178679	197	907	179	276	455
186559	197	947	189	286	475
191287	197	971	195	292	487
200743	197	1019	207	304	511
207047	197	1051	215	312	527
214927	197	1091	225	322	547
221231	197	1123	233	330	563
229111	197	1163	243	340	583
230687	197	1171	245	342	587
233839	197	1187	249	346	595
248023	197	1259	267	364	631
252751	197	1283	273	370	643
254327	197	1291	275	372	647
257479	197	1307	279	376	655
281119	197	1427	309	406	715
285847	197	1451	315	412	727
287423	197	1459	317	414	731
292151	197	1483	323	420	743
295303	197	1499	327	424	751
300031	197	1523	333	430	763
301607	197	1531	335	432	767
309487	197	1571	345	442	787
311063	197	1579	347	444	791
318943	197	1619	357	454	811
320519	197	1627	359	456	815
328399	197	1667	369	466	835
334703	197	1699	377	474	851
339431	197	1723	383	480	863
344159	197	1747	389	486	875
352039	197	1787	399	496	895
356767	197	1811	405	502	907
367799	197	1867	419	516	935
375679	197	1907	429	526	955
380407	197	1931	435	532	967
389863	197	1979	447	544	991
391439	197	1987	449	546	995
394591	197	2003	453	550	1003
396167	197	2011	455	552	1007
399319	197	2027	459	556	1015
410351	197	2083	473	570	1043
413503	197	2099	477	574	1051
419807	197	2131	485	582	1067
429263	197	2179	497	594	1091
433991	197	2203	503	600	1103
441871	197	2243	513	610	1123
443447	197	2251	515	612	1127
446599	197	2267	519	616	1135
460783	197	2339	537	634	1171
462359	197	2347	539	636	1175
467087	197	2371	545	642	1187
474967	197	2411	555	652	1207
484423	197	2459	567	664	1231
485999	197	2467	569	666	1235
498607	197	2531	585	682	1267
46367	199	233	10	108	118
47959	199	241	12	110	122
51143	199	257	16	114	130
55919	199	281	22	120	142
62287	199	313	30	128	158
67063	199	337	36	134	170
70247	199	353	40	138	178
79799	199	401	52	150	202
81391	199	409	54	152	206
86167	199	433	60	158	218
89351	199	449	64	162	226
90943	199	457	66	164	230
103679	199	521	82	180	262
113231	199	569	94	192	286
114823	199	577	96	194	290
118007	199	593	100	198	298
119599	199	601	102	200	302
122783	199	617	106	204	310
127559	199	641	112	210	322
133927	199	673	120	218	338
151439	199	761	142	240	382
153031	199	769	144	242	386
160991	199	809	154	252	406
170543	199	857	166	264	430
175319	199	881	172	270	442
184871	199	929	184	282	466
186463	199	937	186	284	470
189647	199	953	190	288	478
194423	199	977	196	294	490
200791	199	1009	204	302	506
205567	199	1033	210	308	518
208751	199	1049	214	312	526
218303	199	1097	226	324	550
224671	199	1129	234	332	566
229447	199	1153	240	338	578
237407	199	1193	250	348	598
238999	199	1201	252	350	602
242183	199	1217	256	354	610
248551	199	1249	264	362	626
256511	199	1289	274	372	646
258103	199	1297	276	374	650
262879	199	1321	282	380	662
270839	199	1361	292	390	682
280391	199	1409	304	402	706
285167	199	1433	310	408	718
294719	199	1481	322	420	742
296311	199	1489	324	422	746
309047	199	1553	340	438	778
318599	199	1601	352	450	802
320191	199	1609	354	452	806
329743	199	1657	366	464	830
337703	199	1697	376	474	850
342479	199	1721	382	480	862
348847	199	1753	390	488	878
353623	199	1777	396	494	890
358399	199	1801	402	500	902
372727	199	1873	420	518	938
375911	199	1889	424	522	946
380687	199	1913	430	528	958
396607	199	1993	450	548	998
401383	199	2017	456	554	1010
414119	199	2081	472	570	1042
415711	199	2089	474	572	1046
420487	199	2113	480	578	1058
423671	199	2129	484	582	1066
425263	199	2137	486	584	1070
428447	199	2153	490	588	1078
430039	199	2161	492	590	1082
452327	199	2273	520	618	1138
453919	199	2281	522	620	1142
457103	199	2297	526	624	1150
473023	199	2377	546	644	1190
476207	199	2393	550	648	1198
480983	199	2417	556	654	1210
485759	199	2441	562	660	1222
492127	199	2473	570	668	1238
48319	211	229	6	110	116
56759	211	269	16	120	136
58447	211	277	18	122	140
61823	211	293	22	126	148
66887	211	317	28	132	160
73639	211	349	36	140	176
78703	211	373	42	146	188
82079	211	389	46	150	196
83767	211	397	48	152	200
88831	211	421	54	158	212
97271	211	461	64	168	232
107399	211	509	76	180	256
114151	211	541	84	188	272
117527	211	557	88	192	280
129343	211	613	102	206	308
137783	211	653	112	216	328
139471	211	661	114	218	332
142847	211	677	118	222	340
147911	211	701	124	228	352
149599	211	709	126	230	356
154663	211	733	132	236	368
159727	211	757	138	242	380
163103	211	773	142	246	388
168167	211	797	148	252	400
173231	211	821	154	258	412
174919	211	829	156	260	416
179983	211	853	162	266	428
185047	211	877	168	272	440
198551	211	941	184	288	472
210367	211	997	198	302	500
213743	211	1013	202	306	508
215431	211	1021	204	308	512
223871	211	1061	214	318	532
225559	211	1069	216	320	536
230623	211	1093	222	326	548
233999	211	1109	226	330	556
235687	211	1117	228	332	560
249191	211	1181	244	348	592
255943	211	1213	252	356	608
259319	211	1229	256	360	616
261007	211	1237	258	362	620
269447	211	1277	268	372	640
274511	211	1301	274	378	652
289703	211	1373	292	396	688
291391	211	1381	294	398	692
301519	211	1429	306	410	716
306583	211	1453	312	416	728
315023	211	1493	322	426	748
326839	211	1549	336	440	776
336967	211	1597	348	452	800
340343	211	1613	352	456	808
342031	211	1621	354	458	812
345407	211	1637	358	462	820
352159	211	1669	366	470	836
357223	211	1693	372	476	848
360599	211	1709	376	480	856
365663	211	1733	382	486	868
367351	211	1741	384	488	872
377479	211	1789	396	500	896
392671	211	1861	414	518	932
396047	211	1877	418	522	940
401111	211	1901	424	528	952
407863	211	1933	432	536	968
411239	211	1949	436	540	976
416303	211	1973	442	546	988
421367	211	1997	448	552	1000
428119	211	2029	456	560	1016
433183	211	2053	462	566	1028
436559	211	2069	466	570	1036
451751	211	2141	484	588	1072
466943	211	2213	502	606	1108
468631	211	2221	504	608	1112
472007	211	2237	508	612	1120
478759	211	2269	516	620	1136
483823	211	2293	522	626	1148
487199	211	2309	526	630	1156
492263	211	2333	532	636	1168
493951	211	2341	534	638	1172
497327	211	2357	538	642	1180
51959	223	233	4	114	118
53743	223	241	6	116	122
57311	223	257	10	120	130
62663	223	281	16	126	142
69799	223	313	24	134	158
75151	223	337	30	140	170
78719	223	353	34	144	178
89423	223	401	46	156	202
91207	223	409	48	158	206
96559	223	433	54	164	218
100127	223	449	58	168	226
101911	223	457	60	170	230
116183	223	521	76	186	262
126887	223	569	88	198	286
128671	223	577	90	200	290
132239	223	593	94	204	298
134023	223	601	96	206	302
137591	223	617	100	210	310
142943	223	641	106	216	322
150079	223	673	114	224	338
169703	223	761	136	246	382
171487	223	769	138	248	386
180407	223	809	148	258	406
191111	223	857	160	270	430
196463	223	881	166	276	442
207167	223	929	178	288	466
208951	223	937	180	290	470
212519	223	953	184	294	478
217871	223	977	190	300	490
225007	223	1009	198	308	506
230359	223	1033	204	314	518
233927	223	1049	208	318	526
244631	223	1097	220	330	550
251767	223	1129	228	338	566
257119	223	1153	234	344	578
266039	223	1193	244	354	598
267823	223	1201	246	356	602
271391	223	1217	250	360	610
278527	223	1249	258	368	626
287447	223	1289	268	378	646
289231	223	1297	270	380	650
294583	223	1321	276	386	662
303503	223	1361	286	396	682
314207	223	1409	298	408	706
319559	223	1433	304	414	718
330263	223	1481	316	426	742
332047	223	1489	318	428	746
346319	223	1553	334	444	778
357023	223	1601	346	456	802
358807	223	1609	348	458	806
369511	223	1657	360	470	830
378431	223	1697	370	480	850
383783	223	1721	376	486	862
390919	223	1753	384	494	878
396271	223	1777	390	500	890
401623	223	1801	396	506	902
417679	223	1873	414	524	938
421247	223	1889	418	528	946
426599	223	1913	424	534	958
444439	223	1993	444	554	998
449791	223	2017	450	560	1010
464063	223	2081	466	576	1042
465847	223	2089	468	578	1046
471199	223	2113	474	584	1058
474767	223	2129	478	588	1066
476551	223	2137	480	590	1070
480119	223	2153	484	594	1078
481903	223	2161	486	596	1082
51983	227	229	2	114	116
61063	227	269	12	124	136
62879	227	277	14	126	140
66511	227	293	18	130	148
71959	227	317	24	136	160
79223	227	349	32	144	176
84671	227	373	38	150	188
88303	227	389	42	154	196
90119	227	397	44	156	200
95567	227	421	50	162	212
104647	227	461	60	172	232
115543	227	509	72	184	256
122807	227	541	80	192	272
126439	227	557	84	196	280
139151	227	613	98	210	308
148231	227	653	108	220	328
150047	227	661	110	222	332
153679	227	677	114	226	340
159127	227	701	120	232	352
160943	227	709	122	234	356
166391	227	733	128	240	368
171839	227	757	134	246	380
175471	227	773	138	250	388
180919	227	797	144	256	400
186367	227	821	150	262	412
188183	227	829	152	264	416
193631	227	853	158	270	428
199079	227	877	164	276	440
213607	227	941	180	292	472
226319	227	997	194	306	500
229951	227	1013	198	310	508
231767	227	1021	200	312	512
240847	227	1061	210	322	532
242663	227	1069	212	324	536
248111	227	1093	218	330	548
251743	227	1109	222	334	556
253559	227	1117	224	336	560
268087	227	1181	240	352	592
275351	227	1213	248	360	608
278983	227	1229	252	364	616
280799	227	1237	254	366	620
289879	227	1277	264	376	640
295327	227	1301	270	382	652
311671	227	1373	288	400	688
313487	227	1381	290	402	692
324383	227	1429	302	414	716
329831	227	1453	308	420	728
338911	227	1493	318	430	748
351623	227	1549	332	444	776
362519	227	1597	344	456	800
366151	227	1613	348	460	808
367967	227	1621	350	462	812
371599	227	1637	354	466	820
378863	227	1669	362	474	836
384311	227	1693	368	480	848
387943	227	1709	372	484	856
393391	227	1733	378	490	868
395207	227	1741	380	492	872
406103	227	1789	392	504	896
422447	227	1861	410	522	932
426079	227	1877	414	526	940
431527	227	1901	420	532	952
438791	227	1933	428	540	968
442423	227	1949	432	544	976
447871	227	1973	438	550	988
453319	227	1997	444	556	1000
460583	227	2029	452	564	1016
466031	227	2053	458	570	1028
469663	227	2069	462	574	1036
486007	227	2141	480	592	1072
57479	229	251	7	120	127
64807	229	283	15	128	143
70303	229	307	21	134	155
75799	229	331	27	140	167
79463	229	347	31	144	175
86791	229	379	39	152	191
95951	229	419	49	162	211
101447	229	443	55	168	223
106943	229	467	61	174	235
112439	229	491	67	180	247
114271	229	499	69	182	251
119767	229	523	75	188	263
125263	229	547	81	194	275
128927	229	563	85	198	283
130759	229	571	87	200	287
134423	229	587	91	204	295
141751	229	619	99	212	311
147247	229	643	105	218	323
150911	229	659	109	222	331
156407	229	683	115	228	343
158239	229	691	117	230	347
169231	229	739	129	242	371
180223	229	787	141	254	395
185719	229	811	147	260	407
189383	229	827	151	264	415
196711	229	859	159	272	431
202207	229	883	165	278	443
207703	229	907	171	284	455
216863	229	947	181	294	475
222359	229	971	187	300	487
233351	229	1019	199	312	511
240679	229	1051	207	320	527
249839	229	1091	217	330	547
257167	229	1123	225	338	563
266327	229	1163	235	348	583
268159	229	1171	237	350	587
271823	229	1187	241	354	595
288311	229	1259	259	372	631
293807	229	1283	265	378	643
295639	229	1291	267	380	647
299303	229	1307	271	384	655
326783	229	1427	301	414	715
332279	229	1451	307	420	727
334111	229	1459	309	422	731
339607	229	1483	315	428	743
343271	229	1499	319	432	751
348767	229	1523	325	438	763
350599	229	1531	327	440	767
359759	229	1571	337	450	787
361591	229	1579	339	452	791
370751	229	1619	349	462	811
372583	229	1627	351	464	815
381743	229	1667	361	474	835
389071	229	1699	369	482	851
394567	229	1723	375	488	863
400063	229	1747	381	494	875
409223	229	1787	391	504	895
414719	229	1811	397	510	907
427543	229	1867	411	524	935
436703	229	1907	421	534	955
442199	229	1931	427	540	967
453191	229	1979	439	552	991
455023	229	1987	441	554	995
458687	229	2003	445	558	1003
460519	229	2011	447	560	1007
464183	229	2027	451	564	1015
477007	229	2083	465	578	1043
480671	229	2099	469	582	1051
487999	229	2131	477	590	1067
498991	229	2179	489	602	1091
55687	233	239	3	118	121
61279	233	263	9	124	133
63143	233	271	11	126	137
72463	233	311	21	136	157
83647	233	359	33	148	181
85511	233	367	35	150	185
89239	233	383	39	154	193
100423	233	431	51	166	217
102287	233	439	53	168	221
107879	233	463	59	174	233
111607	233	479	63	178	241
113471	233	487	65	180	245
117199	233	503	69	184	253
139567	233	599	93	208	301
141431	233	607	95	210	305
147023	233	631	101	216	317
150751	233	647	105	220	325
167527	233	719	123	238	361
169391	233	727	125	240	365
173119	233	743	129	244	373
174983	233	751	131	246	377
191759	233	823	149	264	413
195487	233	839	153	268	421
201079	233	863	159	274	433
206671	233	887	165	280	445
212263	233	911	171	286	457
214127	233	919	173	288	461
225311	233	967	185	300	485
229039	233	983	189	304	493
230903	233	991	191	306	497
240223	233	1031	201	316	517
242087	233	1039	203	318	521
247679	233	1063	209	324	533
253271	233	1087	215	330	545
256999	233	1103	219	334	553
268183	233	1151	231	346	577
284959	233	1223	249	364	613
286823	233	1231	251	366	617
298007	233	1279	263	378	641
303599	233	1303	269	384	653
307327	233	1319	273	388	661
309191	233	1327	275	390	665
318511	233	1367	285	400	685
325967	233	1399	293	408	701
331559	233	1423	299	414	713
335287	233	1439	303	418	721
337151	233	1447	305	420	725
342743	233	1471	311	426	737
346471	233	1487	315	430	745
352063	233	1511	321	436	757
359519	233	1543	329	444	773
363247	233	1559	333	448	781
365111	233	1567	335	450	785
368839	233	1583	339	454	793
374431	233	1607	345	460	805
387479	233	1663	359	474	833
409847	233	1759	383	498	881
415439	233	1783	389	504	893
424759	233	1823	399	514	913
426623	233	1831	401	516	917
430351	233	1847	405	520	925
435943	233	1871	411	526	937
437807	233	1879	413	528	941
454583	233	1951	431	546	977
465767	233	1999	443	558	1001
475087	233	2039	453	568	1021
480679	233	2063	459	574	1033
486271	233	2087	465	580	1045
491863	233	2111	471	586	1057
499319	233	2143	479	594	1073
57599	239	241	2	120	122
61423	239	257	6	124	130
67159	239	281	12	130	142
74807	239	313	20	138	158
80543	239	337	26	144	170
84367	239	353	30	148	178
95839	239	401	42	160	202
97751	239	409	44	162	206
103487	239	433	50	168	218
107311	239	449	54	172	226
109223	239	457	56	174	230
124519	239	521	72	190	262
135991	239	569	84	202	286
137903	239	577	86	204	290
141727	239	593	90	208	298
143639	239	601	92	210	302
147463	239	617	96	214	310
153199	239	641	102	220	322
160847	239	673	110	228	338
181879	239	761	132	250	382
183791	239	769	134	252	386
193351	239	809	144	262	406
204823	239	857	156	274	430
210559	239	881	162	280	442
222031	239	929	174	292	466
223943	239	937	176	294	470
227767	239	953	180	298	478
233503	239	977	186	304	490
241151	239	1009	194	312	506
246887	239	1033	200	318	518
250711	239	1049	204	322	526
262183	239	1097	216	334	550
269831	239	1129	224	342	566
275567	239	1153	230	348	578
285127	239	1193	240	358	598
287039	239	1201	242	360	602
290863	239	1217	246	364	610
298511	239	1249	254	372	626
308071	239	1289	264	382	646
309983	239	1297	266	384	650
315719	239	1321	272	390	662
325279	239	1361	282	400	682
336751	239	1409	294	412	706
342487	239	1433	300	418	718
353959	239	1481	312	430	742
355871	239	1489	314	432	746
371167	239	1553	330	448	778
382639	239	1601	342	460	802
384551	239	1609	344	462	806
396023	239	1657	356	474	830
405583	239	1697	366	484	850
411319	239	1721	372	490	862
418967	239	1753	380	498	878
424703	239	1777	386	504	890
430439	239	1801	392	510	902
447647	239	1873	410	528	938
451471	239	1889	414	532	946
457207	239	1913	420	538	958
476327	239	1993	440	558	998
482063	239	2017	446	564	1010
497359	239	2081	462	580	1042
499271	239	2089	464	582	1046
63383	241	263	7	126	133
65311	241	271	9	128	137
74951	241	311	19	138	157
86519	241	359	31	150	181
88447	241	367	33	152	185
92303	241	383	37	156	193
103871	241	431	49	168	217
105799	241	439	51	170	221
111583	241	463	57	176	233
115439	241	479	61	180	241
117367	241	487	63	182	245
121223	241	503	67	186	253
144359	241	599	91	210	301
146287	241	607	93	212	305
152071	241	631	99	218	317
155927	241	647	103	222	325
173279	241	719	121	240	361
175207	241	727	123	242	365
179063	241	743	127	246	373
180991	241	751	129	248	377
198343	241	823	147	266	413
202199	241	839	151	270	421
207983	241	863	157	276	433
213767	241	887	163	282	445
219551	241	911	169	288	457
221479	241	919	171	290	461
233047	241	967	183	302	485
236903	241	983	187	306	493
238831	241	991	189	308	497
248471	241	1031	199	318	517
250399	241	1039	201	320	521
256183	241	1063	207	326	533
261967	241	1087	213	332	545
265823	241	1103	217	336	553
277391	241	1151	229	348	577
294743	241	1223	247	366	613
296671	241	1231	249	368	617
308239	241	1279	261	380	641
314023	241	1303	267	386	653
317879	241	1319	271	390	661
319807	241	1327	273	392	665
329447	241	1367	283	402	685
337159	241	1399	291	410	701
342943	241	1423	297	416	713
346799	241	1439	301	420	721
348727	241	1447	303	422	725
354511	241	1471	309	428	737
358367	241	1487	313	432	745
364151	241	1511	319	438	757
371863	241	1543	327	446	773
375719	241	1559	331	450	781
377647	241	1567	333	452	785
381503	241	1583	337	456	793
387287	241	1607	343	462	805
400783	241	1663	357	476	833
423919	241	1759	381	500	881
429703	241	1783	387	506	893
439343	241	1823	397	516	913
441271	241	1831	399	518	917
445127	241	1847	403	522	925
450911	241	1871	409	528	937
452839	241	1879	411	530	941
470191	241	1951	429	548	977
481759	241	1999	441	560	1001
491399	241	2039	451	570	1021
497183	241	2063	457	576	1033
67519	251	269	6	130	136
69527	251	277	8	132	140
73543	251	293	12	136	148
79567	251	317	18	142	160
87599	251	349	26	150	176
93623	251	373	32	156	188
97639	251	389	36	160	196
99647	251	397	38	162	200
105671	251	421	44	168	212
115711	251	461	54	178	232
127759	251	509	66	190	256
135791	251	541	74	198	272
139807	251	557	78	202	280
153863	251	613	92	216	308
163903	251	653	102	226	328
165911	251	661	104	228	332
169927	251	677	108	232	340
175951	251	701	114	238	352
177959	251	709	116	240	356
183983	251	733	122	246	368
190007	251	757	128	252	380
194023	251	773	132	256	388
200047	251	797	138	262	400
206071	251	821	144	268	412
208079	251	829	146	270	416
214103	251	853	152	276	428
220127	251	877	158	282	440
236191	251	941	174	298	472
250247	251	997	188	312	500
254263	251	1013	192	316	508
256271	251	1021	194	318	512
266311	251	1061	204	328	532
268319	251	1069	206	330	536
274343	251	1093	212	336	548
278359	251	1109	216	340	556
280367	251	1117	218	342	560
296431	251	1181	234	358	592
304463	251	1213	242	366	608
308479	251	1229	246	370	616
310487	251	1237	248	372	620
320527	251	1277	258	382	640
326551	251	1301	264	388	652
344623	251	1373	282	406	688
346631	251	1381	284	408	692
358679	251	1429	296	420	716
364703	251	1453	302	426	728
374743	251	1493	312	436	748
388799	251	1549	326	450	776
400847	251	1597	338	462	800
404863	251	1613	342	466	808
406871	251	1621	344	468	812
410887	251	1637	348	472	820
418919	251	1669	356	480	836
424943	251	1693	362	486	848
428959	251	1709	366	490	856
434983	251	1733	372	496	868
436991	251	1741	374	498	872
449039	251	1789	386	510	896
467111	251	1861	404	528	932
471127	251	1877	408	532	940
477151	251	1901	414	538	952
485183	251	1933	422	546	968
489199	251	1949	426	550	976
495223	251	1973	432	556	988
67591	257	263	3	130	133
69647	257	271	5	132	137
79927	257	311	15	142	157
92263	257	359	27	154	181
94319	257	367	29	156	185
98431	257	383	33	160	193
110767	257	431	45	172	217
112823	257	439	47	174	221
118991	257	463	53	180	233
123103	257	479	57	184	241
125159	257	487	59	186	245
129271	257	503	63	190	253
153943	257	599	87	214	301
155999	257	607	89	216	305
162167	257	631	95	222	317
166279	257	647	99	226	325
184783	257	719	117	244	361
186839	257	727	119	246	365
190951	257	743	123	250	373
193007	257	751	125	252	377
211511	257	823	143	270	413
215623	257	839	147	274	421
221791	257	863	153	280	433
227959	257	887	159	286	445
234127	257	911	165	292	457
236183	257	919	167	294	461
248519	257	967	179	306	485
252631	257	983	183	310	493
254687	257	991	185	312	497
264967	257	1031	195	322	517
267023	257	1039	197	324	521
273191	257	1063	203	330	533
279359	257	1087	209	336	545
283471	257	1103	213	340	553
295807	257	1151	225	352	577
314311	257	1223	243	370	613
316367	257	1231	245	372	617
328703	257	1279	257	384	641
334871	257	1303	263	390	653
338983	257	1319	267	394	661
341039	257	1327	269	396	665
351319	257	1367	279	406	685
359543	257	1399	287	414	701
365711	257	1423	293	420	713
369823	257	1439	297	424	721
371879	257	1447	299	426	725
378047	257	1471	305	432	737
382159	257	1487	309	436	745
388327	257	1511	315	442	757
396551	257	1543	323	450	773
400663	257	1559	327	454	781
402719	257	1567	329	456	785
406831	257	1583	333	460	793
412999	257	1607	339	466	805
427391	257	1663	353	480	833
452063	257	1759	377	504	881
458231	257	1783	383	510	893
468511	257	1823	393	520	913
470567	257	1831	395	522	917
474679	257	1847	399	526	925
480847	257	1871	405	532	937
482903	257	1879	407	534	941
73903	263	281	6	136	142
82319	263	313	14	144	158
88631	263	337	20	150	170
92839	263	353	24	154	178
105463	263	401	36	166	202
107567	263	409	38	168	206
113879	263	433	44	174	218
118087	263	449	48	178	226
120191	263	457	50	180	230
137023	263	521	66	196	262
149647	263	569	78	208	286
151751	263	577	80	210	290
155959	263	593	84	214	298
158063	263	601	86	216	302
162271	263	617	90	220	310
168583	263	641	96	226	322
176999	263	673	104	234	338
200143	263	761	126	256	382
202247	263	769	128	258	386
212767	263	809	138	268	406
225391	263	857	150	280	430
231703	263	881	156	286	442
244327	263	929	168	298	466
246431	263	937	170	300	470
250639	263	953	174	304	478
256951	263	977	180	310	490
265367	263	1009	188	318	506
271679	263	1033	194	324	518
275887	263	1049	198	328	526
288511	263	1097	210	340	550
296927	263	1129	218	348	566
303239	263	1153	224	354	578
313759	263	1193	234	364	598
315863	263	1201	236	366	602
320071	263	1217	240	370	610
328487	263	1249	248	378	626
339007	263	1289	258	388	646
341111	263	1297	260	390	650
347423	263	1321	266	396	662
357943	263	1361	276	406	682
370567	263	1409	288	418	706
376879	263	1433	294	424	718
389503	263	1481	306	436	742
391607	263	1489	308	438	746
408439	263	1553	324	454	778
421063	263	1601	336	466	802
423167	263	1609	338	468	806
435791	263	1657	350	480	830
446311	263	1697	360	490	850
452623	263	1721	366	496	862
461039	263	1753	374	504	878
467351	263	1777	380	510	890
473663	263	1801	386	516	902
492599	263	1873	404	534	938
496807	263	1889	408	538	946
76127	269	283	5	138	143
82583	269	307	11	144	155
89039	269	331	17	150	167
93343	269	347	21	154	175
101951	269	379	29	162	191
112711	269	419	39	172	211
119167	269	443	45	178	223
125623	269	467	51	184	235
132079	269	491	57	190	247
134231	269	499	59	192	251
140687	269	523	65	198	263
147143	269	547	71	204	275
151447	269	563	75	208	283
153599	269	571	77	210	287
157903	269	587	81	214	295
166511	269	619	89	222	311
172967	269	643	95	228	323
177271	269	659	99	232	331
183727	269	683	105	238	343
185879	269	691	107	240	347
198791	269	739	119	252	371
211703	269	787	131	264	395
218159	269	811	137	270	407
222463	269	827	141	274	415
231071	269	859	149	282	431
237527	269	883	155	288	443
243983	269	907	161	294	455
254743	269	947	171	304	475
261199	269	971	177	310	487
274111	269	1019	189	322	511
282719	269	1051	197	330	527
293479	269	1091	207	340	547
302087	269	1123	215	348	563
312847	269	1163	225	358	583
314999	269	1171	227	360	587
319303	269	1187	231	364	595
338671	269	1259	249	382	631
345127	269	1283	255	388	643
347279	269	1291	257	390	647
351583	269	1307	261	394	655
383863	269	1427	291	424	715
390319	269	1451	297	430	727
392471	269	1459	299	432	731
398927	269	1483	305	438	743
403231	269	1499	309	442	751
409687	269	1523	315	448	763
411839	269	1531	317	450	767
422599	269	1571	327	460	787
424751	269	1579	329	462	791
435511	269	1619	339	472	811
437663	269	1627	341	474	815
448423	269	1667	351	484	835
457031	269	1699	359	492	851
463487	269	1723	365	498	863
469943	269	1747	371	504	875
480703	269	1787	381	514	895
487159	269	1811	387	520	907
76151	271	281	4	138	142
84823	271	313	12	146	158
91327	271	337	18	152	170
95663	271	353	22	156	178
108671	271	401	34	168	202
110839	271	409	36	170	206
117343	271	433	42	176	218
121679	271	449	46	180	226
123847	271	457	48	182	230
141191	271	521	64	198	262
154199	271	569	76	210	286
156367	271	577	78	212	290
160703	271	593	82	216	298
162871	271	601	84	218	302
167207	271	617	88	222	310
173711	271	641	94	228	322
182383	271	673	102	236	338
206231	271	761	124	258	382
208399	271	769	126	260	386
219239	271	809	136	270	406
232247	271	857	148	282	430
238751	271	881	154	288	442
251759	271	929	166	300	466
253927	271	937	168	302	470
258263	271	953	172	306	478
264767	271	977	178	312	490
273439	271	1009	186	320	506
279943	271	1033	192	326	518
284279	271	1049	196	330	526
297287	271	1097	208	342	550
305959	271	1129	216	350	566
312463	271	1153	222	356	578
323303	271	1193	232	366	598
325471	271	1201	234	368	602
329807	271	1217	238	372	610
338479	271	1249	246	380	626
349319	271	1289	256	390	646
351487	271	1297	258	392	650
357991	271	1321	264	398	662
368831	271	1361	274	408	682
381839	271	1409	286	420	706
388343	271	1433	292	426	718
401351	271	1481	304	438	742
403519	271	1489	306	440	746
420863	271	1553	322	456	778
433871	271	1601	334	468	802
436039	271	1609	336	470	806
449047	271	1657	348	482	830
459887	271	1697	358	492	850
466391	271	1721	364	498	862
475063	271	1753	372	506	878
481567	271	1777	378	512	890
488071	271	1801	384	518	902
78391	277	283	3	140	143
85039	277	307	9	146	155
91687	277	331	15	152	167
96119	277	347	19	156	175
104983	277	379	27	164	191
116063	277	419	37	174	211
122711	277	443	43	180	223
129359	277	467	49	186	235
136007	277	491	55	192	247
138223	277	499	57	194	251
144871	277	523	63	200	263
151519	277	547	69	206	275
155951	277	563	73	210	283
158167	277	571	75	212	287
162599	277	587	79	216	295
171463	277	619	87	224	311
178111	277	643	93	230	323
182543	277	659	97	234	331
189191	277	683	103	240	343
191407	277	691	105	242	347
204703	277	739	117	254	371
217999	277	787	129	266	395
224647	277	811	135	272	407
229079	277	827	139	276	415
237943	277	859	147	284	431
244591	277	883	153	290	443
251239	277	907	159	296	455
262319	277	947	169	306	475
268967	277	971	175	312	487
282263	277	1019	187	324	511
291127	277	1051	195	332	527
302207	277	1091	205	342	547
311071	277	1123	213	350	563
322151	277	1163	223	360	583
324367	277	1171	225	362	587
328799	277	1187	229	366	595
348743	277	1259	247	384	631
355391	277	1283	253	390	643
357607	277	1291	255	392	647
362039	277	1307	259	396	655
395279	277	1427	289	426	715
401927	277	1451	295	432	727
404143	277	1459	297	434	731
410791	277	1483	303	440	743
415223	277	1499	307	444	751
421871	277	1523	313	450	763
424087	277	1531	315	452	767
435167	277	1571	325	462	787
437383	277	1579	327	464	791
448463	277	1619	337	474	811
450679	277	1627	339	476	815
461759	277	1667	349	486	835
470623	277	1699	357	494	851
477271	277	1723	363	500	863
483919	277	1747	369	506	875
494999	277	1787	379	516	895
87391	281	311	9	148	157
100879	281	359	21	160	181
103127	281	367	23	162	185
107623	281	383	27	166	193
121111	281	431	39	178	217
123359	281	439	41	180	221
130103	281	463	47	186	233
134599	281	479	51	190	241
136847	281	487	53	192	245
141343	281	503	57	196	253
168319	281	599	81	220	301
170567	281	607	83	222	305
177311	281	631	89	228	317
181807	281	647	93	232	325
202039	281	719	111	250	361
204287	281	727	113	252	365
208783	281	743	117	256	373
211031	281	751	119	258	377
231263	281	823	137	276	413
235759	281	839	141	280	421
242503	281	863	147	286	433
249247	281	887	153	292	445
255991	281	911	159	298	457
258239	281	919	161	300	461
271727	281	967	173	312	485
276223	281	983	177	316	493
278471	281	991	179	318	497
289711	281	1031	189	328	517
291959	281	1039	191	330	521
298703	281	1063	197	336	533
305447	281	1087	203	342	545
309943	281	1103	207	346	553
323431	281	1151	219	358	577
343663	281	1223	237	376	613
345911	281	1231	239	378	617
359399	281	1279	251	390	641
366143	281	1303	257	396	653
370639	281	1319	261	400	661
372887	281	1327	263	402	665
384127	281	1367	273	412	685
393119	281	1399	281	420	701
399863	281	1423	287	426	713
404359	281	1439	291	430	721
406607	281	1447	293	432	725
413351	281	1471	299	438	737
417847	281	1487	303	442	745
424591	281	1511	309	448	757
433583	281	1543	317	456	773
438079	281	1559	321	460	781
440327	281	1567	323	462	785
444823	281	1583	327	466	793
451567	281	1607	333	472	805
467303	281	1663	347	486	833
494279	281	1759	371	510	881
82919	283	293	4	144	148
89711	283	317	10	150	160
98767	283	349	18	158	176
105559	283	373	24	164	188
110087	283	389	28	168	196
112351	283	397	30	170	200
119143	283	421	36	176	212
130463	283	461	46	186	232
144047	283	509	58	198	256
153103	283	541	66	206	272
157631	283	557	70	210	280
173479	283	613	84	224	308
184799	283	653	94	234	328
187063	283	661	96	236	332
191591	283	677	100	240	340
198383	283	701	106	246	352
200647	283	709	108	248	356
207439	283	733	114	254	368
214231	283	757	120	260	380
218759	283	773	124	264	388
225551	283	797	130	270	400
232343	283	821	136	276	412
234607	283	829	138	278	416
241399	283	853	144	284	428
248191	283	877	150	290	440
266303	283	941	166	306	472
282151	283	997	180	320	500
286679	283	1013	184	324	508
288943	283	1021	186	326	512
300263	283	1061	196	336	532
302527	283	1069	198	338	536
309319	283	1093	204	344	548
313847	283	1109	208	348	556
316111	283	1117	210	350	560
334223	283	1181	226	366	592
343279	283	1213	234	374	608
347807	283	1229	238	378	616
350071	283	1237	240	380	620
361391	283	1277	250	390	640
368183	283	1301	256	396	652
388559	283	1373	274	414	688
390823	283	1381	276	416	692
404407	283	1429	288	428	716
411199	283	1453	294	434	728
422519	283	1493	304	444	748
438367	283	1549	318	458	776
451951	283	1597	330	470	800
456479	283	1613	334	474	808
458743	283	1621	336	476	812
463271	283	1637	340	480	820
472327	283	1669	348	488	836
479119	283	1693	354	494	848
483647	283	1709	358	498	856
490439	283	1733	364	504	868
492703	283	1741	366	506	872
89951	293	307	5	150	155
96983	293	331	11	156	167
101671	293	347	15	160	175
111047	293	379	23	168	191
122767	293	419	33	178	211
129799	293	443	39	184	223
136831	293	467	45	190	235
143863	293	491	51	196	247
146207	293	499	53	198	251
153239	293	523	59	204	263
160271	293	547	65	210	275
164959	293	563	69	214	283
167303	293	571	71	216	287
171991	293	587	75	220	295
181367	293	619	83	228	311
188399	293	643	89	234	323
193087	293	659	93	238	331
200119	293	683	99	244	343
202463	293	691	101	246	347
216527	293	739	113	258	371
230591	293	787	125	270	395
237623	293	811	131	276	407
242311	293	827	135	280	415
251687	293	859	143	288	431
258719	293	883	149	294	443
265751	293	907	155	300	455
277471	293	947	165	310	475
284503	293	971	171	316	487
298567	293	1019	183	328	511
307943	293	1051	191	336	527
319663	293	1091	201	346	547
329039	293	1123	209	354	563
340759	293	1163	219	364	583
343103	293	1171	221	366	587
347791	293	1187	225	370	595
368887	293	1259	243	388	631
375919	293	1283	249	394	643
378263	293	1291	251	396	647
382951	293	1307	255	400	655
418111	293	1427	285	430	715
425143	293	1451	291	436	727
427487	293	1459	293	438	731
434519	293	1483	299	444	743
439207	293	1499	303	448	751
446239	293	1523	309	454	763
448583	293	1531	311	456	767
460303	293	1571	321	466	787
462647	293	1579	323	468	791
474367	293	1619	333	478	811
476711	293	1627	335	480	815
488431	293	1667	345	490	835
497807	293	1699	353	498	851
97319	307	317	4	156	160
107143	307	349	12	164	176
114511	307	373	18	170	188
119423	307	389	22	174	196
121879	307	397	24	176	200
129247	307	421	30	182	212
141527	307	461	40	192	232
156263	307	509	52	204	256
166087	307	541	60	212	272
170999	307	557	64	216	280
188191	307	613	78	230	308
200471	307	653	88	240	328
202927	307	661	90	242	332
207839	307	677	94	246	340
215207	307	701	100	252	352
217663	307	709	102	254	356
225031	307	733	108	260	368
232399	307	757	114	266	380
237311	307	773	118	270	388
244679	307	797	124	276	400
252047	307	821	130	282	412
254503	307	829	132	284	416
261871	307	853	138	290	428
269239	307	877	144	296	440
288887	307	941	160	312	472
306079	307	997	174	326	500
310991	307	1013	178	330	508
313447	307	1021	180	332	512
325727	307	1061	190	342	532
328183	307	1069	192	344	536
335551	307	1093	198	350	548
340463	307	1109	202	354	556
342919	307	1117	204	356	560
362567	307	1181	220	372	592
372391	307	1213	228	380	608
377303	307	1229	232	384	616
379759	307	1237	234	386	620
392039	307	1277	244	396	640
399407	307	1301	250	402	652
421511	307	1373	268	420	688
423967	307	1381	270	422	692
438703	307	1429	282	434	716
446071	307	1453	288	440	728
458351	307	1493	298	450	748
475543	307	1549	312	464	776
490279	307	1597	324	476	800
495191	307	1613	328	480	808
497647	307	1621	330	482	812
97343	311	313	2	156	158
104807	311	337	8	162	170
109783	311	353	12	166	178
124711	311	401	24	178	202
127199	311	409	26	180	206
134663	311	433	32	186	218
139639	311	449	36	190	226
142127	311	457	38	192	230
162031	311	521	54	208	262
176959	311	569	66	220	286
179447	311	577	68	222	290
184423	311	593	72	226	298
186911	311	601	74	228	302
191887	311	617	78	232	310
199351	311	641	84	238	322
209303	311	673	92	246	338
236671	311	761	114	268	382
239159	311	769	116	270	386
251599	311	809	126	280	406
266527	311	857	138	292	430
273991	311	881	144	298	442
288919	311	929	156	310	466
291407	311	937	158	312	470
296383	311	953	162	316	478
303847	311	977	168	322	490
313799	311	1009	176	330	506
321263	311	1033	182	336	518
326239	311	1049	186	340	526
341167	311	1097	198	352	550
351119	311	1129	206	360	566
358583	311	1153	212	366	578
371023	311	1193	222	376	598
373511	311	1201	224	378	602
378487	311	1217	228	382	610
388439	311	1249	236	390	626
400879	311	1289	246	400	646
403367	311	1297	248	402	650
410831	311	1321	254	408	662
423271	311	1361	264	418	682
438199	311	1409	276	430	706
445663	311	1433	282	436	718
460591	311	1481	294	448	742
463079	311	1489	296	450	746
482983	311	1553	312	466	778
497911	311	1601	324	478	802
112367	313	359	13	168	181
114871	313	367	15	170	185
119879	313	383	19	174	193
134903	313	431	31	186	217
137407	313	439	33	188	221
144919	313	463	39	194	233
149927	313	479	43	198	241
152431	313	487	45	200	245
157439	313	503	49	204	253
187487	313	599	73	228	301
189991	313	607	75	230	305
197503	313	631	81	236	317
202511	313	647	85	240	325
225047	313	719	103	258	361
227551	313	727	105	260	365
232559	313	743	109	264	373
235063	313	751	111	266	377
257599	313	823	129	284	413
262607	313	839	133	288	421
270119	313	863	139	294	433
277631	313	887	145	300	445
285143	313	911	151	306	457
287647	313	919	153	308	461
302671	313	967	165	320	485
307679	313	983	169	324	493
310183	313	991	171	326	497
322703	313	1031	181	336	517
325207	313	1039	183	338	521
332719	313	1063	189	344	533
340231	313	1087	195	350	545
345239	313	1103	199	354	553
360263	313	1151	211	366	577
382799	313	1223	229	384	613
385303	313	1231	231	386	617
400327	313	1279	243	398	641
407839	313	1303	249	404	653
412847	313	1319	253	408	661
415351	313	1327	255	410	665
427871	313	1367	265	420	685
437887	313	1399	273	428	701
445399	313	1423	279	434	713
450407	313	1439	283	438	721
452911	313	1447	285	440	725
460423	313	1471	291	446	737
465431	313	1487	295	450	745
472943	313	1511	301	456	757
482959	313	1543	309	464	773
487967	313	1559	313	468	781
490471	313	1567	315	470	785
495479	313	1583	319	474	793
104927	317	331	5	162	167
109999	317	347	9	166	175
120143	317	379	17	174	191
132823	317	419	27	184	211
140431	317	443	33	190	223
148039	317	467	39	196	235
155647	317	491	45	202	247
158183	317	499	47	204	251
165791	317	523	53	210	263
173399	317	547	59	216	275
178471	317	563	63	220	283
181007	317	571	65	222	287
186079	317	587	69	226	295
196223	317	619	77	234	311
203831	317	643	83	240	323
208903	317	659	87	244	331
216511	317	683	93	250	343
219047	317	691	95	252	347
234263	317	739	107	264	371
249479	317	787	119	276	395
257087	317	811	125	282	407
262159	317	827	129	286	415
272303	317	859	137	294	431
279911	317	883	143	300	443
287519	317	907	149	306	455
300199	317	947	159	316	475
307807	317	971	165	322	487
323023	317	1019	177	334	511
333167	317	1051	185	342	527
345847	317	1091	195	352	547
355991	317	1123	203	360	563
368671	317	1163	213	370	583
371207	317	1171	215	372	587
376279	317	1187	219	376	595
399103	317	1259	237	394	631
406711	317	1283	243	400	643
409247	317	1291	245	402	647
414319	317	1307	249	406	655
452359	317	1427	279	436	715
459967	317	1451	285	442	727
462503	317	1459	287	444	731
470111	317	1483	293	450	743
475183	317	1499	297	454	751
482791	317	1523	303	460	763
485327	317	1531	305	462	767
498007	317	1571	315	472	787
115519	331	349	6	170	176
123463	331	373	12	176	188
128759	331	389	16	180	196
131407	331	397	18	182	200
139351	331	421	24	188	212
152591	331	461	34	198	232
168479	331	509	46	210	256
179071	331	541	54	218	272
184367	331	557	58	222	280
202903	331	613	72	236	308
216143	331	653	82	246	328
218791	331	661	84	248	332
224087	331	677	88	252	340
232031	331	701	94	258	352
234679	331	709	96	260	356
242623	331	733	102	266	368
250567	331	757	108	272	380
255863	331	773	112	276	388
263807	331	797	118	282	400
271751	331	821	124	288	412
274399	331	829	126	290	416
282343	331	853	132	296	428
290287	331	877	138	302	440
311471	331	941	154	318	472
330007	331	997	168	332	500
335303	331	1013	172	336	508
337951	331	1021	174	338	512
351191	331	1061	184	348	532
353839	331	1069	186	350	536
361783	331	1093	192	356	548
367079	331	1109	196	360	556
369727	331	1117	198	362	560
390911	331	1181	214	378	592
401503	331	1213	222	386	608
406799	331	1229	226	390	616
409447	331	1237	228	392	620
422687	331	1277	238	402	640
430631	331	1301	244	408	652
454463	331	1373	262	426	688
457111	331	1381	264	428	692
472999	331	1429	276	440	716
480943	331	1453	282	446	728
494183	331	1493	292	456	748
120983	337	359	7	174	181
123679	337	367	9	176	185
129071	337	383	13	180	193
145247	337	431	25	192	217
147943	337	439	27	194	221
156031	337	463	33	200	233
161423	337	479	37	204	241
164119	337	487	39	206	245
169511	337	503	43	210	253
201863	337	599	67	234	301
204559	337	607	69	236	305
212647	337	631	75	242	317
218039	337	647	79	246	325
242303	337	719	97	264	361
244999	337	727	99	266	365
250391	337	743	103	270	373
253087	337	751	105	272	377
277351	337	823	123	290	413
282743	337	839	127	294	421
290831	337	863	133	300	433
298919	337	887	139	306	445
307007	337	911	145	312	457
309703	337	919	147	314	461
325879	337	967	159	326	485
331271	337	983	163	330	493
333967	337	991	165	332	497
347447	337	1031	175	342	517
350143	337	1039	177	344	521
358231	337	1063	183	350	533
366319	337	1087	189	356	545
371711	337	1103	193	360	553
387887	337	1151	205	372	577
412151	337	1223	223	390	613
414847	337	1231	225	392	617
431023	337	1279	237	404	641
439111	337	1303	243	410	653
444503	337	1319	247	414	661
447199	337	1327	249	416	665
460679	337	1367	259	426	685
471463	337	1399	267	434	701
479551	337	1423	273	440	713
484943	337	1439	277	444	721
487639	337	1447	279	446	725
495727	337	1471	285	452	737
121103	347	349	2	174	176
129431	347	373	8	180	188
134983	347	389	12	184	196
137759	347	397	14	186	200
146087	347	421	20	192	212
159967	347	461	30	202	232
176623	347	509	42	214	256
187727	347	541	50	222	272
193279	347	557	54	226	280
212711	347	613	68	240	308
226591	347	653	78	250	328
229367	347	661	80	252	332
234919	347	677	84	256	340
243247	347	701	90	262	352
246023	347	709	92	264	356
254351	347	733	98	270	368
262679	347	757	104	276	380
268231	347	773	108	280	388
276559	347	797	114	286	400
284887	347	821	120	292	412
287663	347	829	122	294	416
295991	347	853	128	300	428
304319	347	877	134	306	440
326527	347	941	150	322	472
345959	347	997	164	336	500
351511	347	1013	168	340	508
354287	347	1021	170	342	512
368167	347	1061	180	352	532
370943	347	1069	182	354	536
379271	347	1093	188	360	548
384823	347	1109	192	364	556
387599	347	1117	194	366	560
409807	347	1181	210	382	592
420911	347	1213	218	390	608
426463	347	1229	222	394	616
429239	347	1237	224	396	620
443119	347	1277	234	406	640
451447	347	1301	240	412	652
476431	347	1373	258	430	688
479207	347	1381	260	432	692
495863	347	1429	272	444	716
132271	349	379	9	182	191
146231	349	419	19	192	211
154607	349	443	25	198	223
162983	349	467	31	204	235
171359	349	491	37	210	247
174151	349	499	39	212	251
182527	349	523	45	218	263
190903	349	547	51	224	275
196487	349	563	55	228	283
199279	349	571	57	230	287
204863	349	587	61	234	295
216031	349	619	69	242	311
224407	349	643	75	248	323
229991	349	659	79	252	331
238367	349	683	85	258	343
241159	349	691	87	260	347
257911	349	739	99	272	371
274663	349	787	111	284	395
283039	349	811	117	290	407
288623	349	827	121	294	415
299791	349	859	129	302	431
308167	349	883	135	308	443
316543	349	907	141	314	455
330503	349	947	151	324	475
338879	349	971	157	330	487
355631	349	1019	169	342	511
366799	349	1051	177	350	527
380759	349	1091	187	360	547
391927	349	1123	195	368	563
405887	349	1163	205	378	583
408679	349	1171	207	380	587
414263	349	1187	211	384	595
439391	349	1259	229	402	631
447767	349	1283	235	408	643
450559	349	1291	237	410	647
456143	349	1307	241	414	655
498023	349	1427	271	444	715
126727	353	359	3	178	181
129551	353	367	5	180	185
135199	353	383	9	184	193
152143	353	431	21	196	217
154967	353	439	23	198	221
163439	353	463	29	204	233
169087	353	479	33	208	241
171911	353	487	35	210	245
177559	353	503	39	214	253
211447	353	599	63	238	301
214271	353	607	65	240	305
222743	353	631	71	246	317
228391	353	647	75	250	325
253807	353	719	93	268	361
256631	353	727	95	270	365
262279	353	743	99	274	373
265103	353	751	101	276	377
290519	353	823	119	294	413
296167	353	839	123	298	421
304639	353	863	129	304	433
313111	353	887	135	310	445
321583	353	911	141	316	457
324407	353	919	143	318	461
341351	353	967	155	330	485
346999	353	983	159	334	493
349823	353	991	161	336	497
363943	353	1031	171	346	517
366767	353	1039	173	348	521
375239	353	1063	179	354	533
383711	353	1087	185	360	545
389359	353	1103	189	364	553
406303	353	1151	201	376	577
431719	353	1223	219	394	613
434543	353	1231	221	396	617
451487	353	1279	233	408	641
459959	353	1303	239	414	653
465607	353	1319	243	418	661
468431	353	1327	245	420	665
482551	353	1367	255	430	685
493847	353	1399	263	438	701
143959	359	401	12	190	202
146831	359	409	14	192	206
155447	359	433	20	198	218
161191	359	449	24	202	226
164063	359	457	26	204	230
187039	359	521	42	220	262
204271	359	569	54	232	286
207143	359	577	56	234	290
212887	359	593	60	238	298
215759	359	601	62	240	302
221503	359	617	66	244	310
230119	359	641	72	250	322
241607	359	673	80	258	338
273199	359	761	102	280	382
276071	359	769	104	282	386
290431	359	809	114	292	406
307663	359	857	126	304	430
316279	359	881	132	310	442
333511	359	929	144	322	466
336383	359	937	146	324	470
342127	359	953	150	328	478
350743	359	977	156	334	490
362231	359	1009	164	342	506
370847	359	1033	170	348	518
376591	359	1049	174	352	526
393823	359	1097	186	364	550
405311	359	1129	194	372	566
413927	359	1153	200	378	578
428287	359	1193	210	388	598
431159	359	1201	212	390	602
436903	359	1217	216	394	610
448391	359	1249	224	402	626
462751	359	1289	234	412	646
465623	359	1297	236	414	650
474239	359	1321	242	420	662
488599	359	1361	252	430	682
147167	367	401	10	192	202
150103	367	409	12	194	206
158911	367	433	18	200	218
164783	367	449	22	204	226
167719	367	457	24	206	230
191207	367	521	40	222	262
208823	367	569	52	234	286
211759	367	577	54	236	290
217631	367	593	58	240	298
220567	367	601	60	242	302
226439	367	617	64	246	310
235247	367	641	70	252	322
246991	367	673	78	260	338
279287	367	761	100	282	382
282223	367	769	102	284	386
296903	367	809	112	294	406
314519	367	857	124	306	430
323327	367	881	130	312	442
340943	367	929	142	324	466
343879	367	937	144	326	470
349751	367	953	148	330	478
358559	367	977	154	336	490
370303	367	1009	162	344	506
379111	367	1033	168	350	518
384983	367	1049	172	354	526
402599	367	1097	184	366	550
414343	367	1129	192	374	566
423151	367	1153	198	380	578
437831	367	1193	208	390	598
440767	367	1201	210	392	602
446639	367	1217	214	396	610
458383	367	1249	222	404	626
473063	367	1289	232	414	646
475999	367	1297	234	416	650
484807	367	1321	240	422	662
499487	367	1361	250	432	682
141367	373	379	3	188	191
156287	373	419	13	198	211
165239	373	443	19	204	223
174191	373	467	25	210	235
183143	373	491	31	216	247
186127	373	499	33	218	251
195079	373	523	39	224	263
204031	373	547	45	230	275
209999	373	563	49	234	283
212983	373	571	51	236	287
218951	373	587	55	240	295
230887	373	619	63	248	311
239839	373	643	69	254	323
245807	373	659	73	258	331
254759	373	683	79	264	343
257743	373	691	81	266	347
275647	373	739	93	278	371
293551	373	787	105	290	395
302503	373	811	111	296	407
308471	373	827	115	300	415
320407	373	859	123	308	431
329359	373	883	129	314	443
338311	373	907	135	320	455
353231	373	947	145	330	475
362183	373	971	151	336	487
380087	373	1019	163	348	511
392023	373	1051	171	356	527
406943	373	1091	181	366	547
418879	373	1123	189	374	563
433799	373	1163	199	384	583
436783	373	1171	201	386	587
442751	373	1187	205	390	595
469607	373	1259	223	408	631
478559	373	1283	229	414	643
481543	373	1291	231	416	647
487511	373	1307	235	420	655
147431	379	389	4	192	196
150463	379	397	6	194	200
159559	379	421	12	200	212
174719	379	461	22	210	232
192911	379	509	34	222	256
205039	379	541	42	230	272
211103	379	557	46	234	280
232327	379	613	60	248	308
247487	379	653	70	258	328
250519	379	661	72	260	332
256583	379	677	76	264	340
265679	379	701	82	270	352
268711	379	709	84	272	356
277807	379	733	90	278	368
286903	379	757	96	284	380
292967	379	773	100	288	388
302063	379	797	106	294	400
311159	379	821	112	300	412
314191	379	829	114	302	416
323287	379	853	120	308	428
332383	379	877	126	314	440
356639	379	941	142	330	472
377863	379	997	156	344	500
383927	379	1013	160	348	508
386959	379	1021	162	350	512
402119	379	1061	172	360	532
405151	379	1069	174	362	536
414247	379	1093	180	368	548
420311	379	1109	184	372	556
423343	379	1117	186	374	560
447599	379	1181	202	390	592
459727	379	1213	210	398	608
465791	379	1229	214	402	616
468823	379	1237	216	404	620
483983	379	1277	226	414	640
493079	379	1301	232	420	652
153583	383	401	6	196	202
156647	383	409	8	198	206
165839	383	433	14	204	218
171967	383	449	18	208	226
175031	383	457	20	210	230
199543	383	521	36	226	262
217927	383	569	48	238	286
220991	383	577	50	240	290
227119	383	593	54	244	298
230183	383	601	56	246	302
236311	383	617	60	250	310
245503	383	641	66	256	322
257759	383	673	74	264	338
291463	383	761	96	286	382
294527	383	769	98	288	386
309847	383	809	108	298	406
328231	383	857	120	310	430
337423	383	881	126	316	442
355807	383	929	138	328	466
358871	383	937	140	330	470
364999	383	953	144	334	478
374191	383	977	150	340	490
386447	383	1009	158	348	506
395639	383	1033	164	354	518
401767	383	1049	168	358	526
420151	383	1097	180	370	550
432407	383	1129	188	378	566
441599	383	1153	194	384	578
456919	383	1193	204	394	598
459983	383	1201	206	396	602
466111	383	1217	210	400	610
478367	383	1249	218	408	626
493687	383	1289	228	418	646
496751	383	1297	230	420	650
162991	389	419	9	202	211
172327	389	443	15	208	223
181663	389	467	21	214	235
190999	389	491	27	220	247
194111	389	499	29	222	251
203447	389	523	35	228	263
212783	389	547	41	234	275
219007	389	563	45	238	283
222119	389	571	47	240	287
228343	389	587	51	244	295
240791	389	619	59	252	311
250127	389	643	65	258	323
256351	389	659	69	262	331
265687	389	683	75	268	343
268799	389	691	77	270	347
287471	389	739	89	282	371
306143	389	787	101	294	395
315479	389	811	107	300	407
321703	389	827	111	304	415
334151	389	859	119	312	431
343487	389	883	125	318	443
352823	389	907	131	324	455
368383	389	947	141	334	475
377719	389	971	147	340	487
396391	389	1019	159	352	511
408839	389	1051	167	360	527
424399	389	1091	177	370	547
436847	389	1123	185	378	563
452407	389	1163	195	388	583
455519	389	1171	197	390	587
461743	389	1187	201	394	595
489751	389	1259	219	412	631
499087	389	1283	225	418	643
166343	397	419	7	204	211
175871	397	443	13	210	223
185399	397	467	19	216	235
194927	397	491	25	222	247
198103	397	499	27	224	251
207631	397	523	33	230	263
217159	397	547	39	236	275
223511	397	563	43	240	283
226687	397	571	45	242	287
233039	397	587	49	246	295
245743	397	619	57	254	311
255271	397	643	63	260	323
261623	397	659	67	264	331
271151	397	683	73	270	343
274327	397	691	75	272	347
293383	397	739	87	284	371
312439	397	787	99	296	395
321967	397	811	105	302	407
328319	397	827	109	306	415
341023	397	859	117	314	431
350551	397	883	123	320	443
360079	397	907	129	326	455
375959	397	947	139	336	475
385487	397	971	145	342	487
404543	397	1019	157	354	511
417247	397	1051	165	362	527
433127	397	1091	175	372	547
445831	397	1123	183	380	563
461711	397	1163	193	390	583
464887	397	1171	195	392	587
471239	397	1187	199	396	595
499823	397	1259	217	414	631
172831	401	431	9	208	217
176039	401	439	11	210	221
185663	401	463	17	216	233
192079	401	479	21	220	241
195287	401	487	23	222	245
201703	401	503	27	226	253
240199	401	599	51	250	301
243407	401	607	53	252	305
253031	401	631	59	258	317
259447	401	647	63	262	325
288319	401	719	81	280	361
291527	401	727	83	282	365
297943	401	743	87	286	373
301151	401	751	89	288	377
330023	401	823	107	306	413
336439	401	839	111	310	421
346063	401	863	117	316	433
355687	401	887	123	322	445
365311	401	911	129	328	457
368519	401	919	131	330	461
387767	401	967	143	342	485
394183	401	983	147	346	493
397391	401	991	149	348	497
413431	401	1031	159	358	517
416639	401	1039	161	360	521
426263	401	1063	167	366	533
435887	401	1087	173	372	545
442303	401	1103	177	376	553
461551	401	1151	189	388	577
490423	401	1223	207	406	613
493631	401	1231	209	408	617
176279	409	431	7	210	217
179551	409	439	9	212	221
189367	409	463	15	218	233
195911	409	479	19	222	241
199183	409	487	21	224	245
205727	409	503	25	228	253
244991	409	599	49	252	301
248263	409	607	51	254	305
258079	409	631	57	260	317
264623	409	647	61	264	325
294071	409	719	79	282	361
297343	409	727	81	284	365
303887	409	743	85	288	373
307159	409	751	87	290	377
336607	409	823	105	308	413
343151	409	839	109	312	421
352967	409	863	115	318	433
362783	409	887	121	324	445
372599	409	911	127	330	457
375871	409	919	129	332	461
395503	409	967	141	344	485
402047	409	983	145	348	493
405319	409	991	147	350	497
421679	409	1031	157	360	517
424951	409	1039	159	362	521
434767	409	1063	165	368	533
444583	409	1087	171	374	545
451127	409	1103	175	378	553
470759	409	1151	187	390	577
176399	419	421	2	210	212
193159	419	461	12	220	232
213271	419	509	24	232	256
226679	419	541	32	240	272
233383	419	557	36	244	280
256847	419	613	50	258	308
273607	419	653	60	268	328
276959	419	661	62	270	332
283663	419	677	66	274	340
293719	419	701	72	280	352
297071	419	709	74	282	356
307127	419	733	80	288	368
317183	419	757	86	294	380
323887	419	773	90	298	388
333943	419	797	96	304	400
343999	419	821	102	310	412
347351	419	829	104	312	416
357407	419	853	110	318	428
367463	419	877	116	324	440
394279	419	941	132	340	472
417743	419	997	146	354	500
424447	419	1013	150	358	508
427799	419	1021	152	360	512
444559	419	1061	162	370	532
447911	419	1069	164	372	536
457967	419	1093	170	378	548
464671	419	1109	174	382	556
468023	419	1117	176	384	560
494839	419	1181	192	400	592
186503	421	443	7	216	223
196607	421	467	13	222	235
206711	421	491	19	228	247
210079	421	499	21	230	251
220183	421	523	27	236	263
230287	421	547	33	242	275
237023	421	563	37	246	283
240391	421	571	39	248	287
247127	421	587	43	252	295
260599	421	619	51	260	311
270703	421	643	57	266	323
277439	421	659	61	270	331
287543	421	683	67	276	343
290911	421	691	69	278	347
311119	421	739	81	290	371
331327	421	787	93	302	395
341431	421	811	99	308	407
348167	421	827	103	312	415
361639	421	859	111	320	431
371743	421	883	117	326	443
381847	421	907	123	332	455
398687	421	947	133	342	475
408791	421	971	139	348	487
428999	421	1019	151	360	511
442471	421	1051	159	368	527
459311	421	1091	169	378	547
472783	421	1123	177	386	563
489623	421	1163	187	396	583
492991	421	1171	189	398	587
499727	421	1187	193	402	595
186623	431	433	2	216	218
193519	431	449	6	220	226
196967	431	457	8	222	230
224551	431	521	24	238	262
245239	431	569	36	250	286
248687	431	577	38	252	290
255583	431	593	42	256	298
259031	431	601	44	258	302
265927	431	617	48	262	310
276271	431	641	54	268	322
290063	431	673	62	276	338
327991	431	761	84	298	382
331439	431	769	86	300	386
348679	431	809	96	310	406
369367	431	857	108	322	430
379711	431	881	114	328	442
400399	431	929	126	340	466
403847	431	937	128	342	470
410743	431	953	132	346	478
421087	431	977	138	352	490
434879	431	1009	146	360	506
445223	431	1033	152	366	518
452119	431	1049	156	370	526
472807	431	1097	168	382	550
486599	431	1129	176	390	566
496943	431	1153	182	396	578
190087	433	439	3	218	221
200479	433	463	9	224	233
207407	433	479	13	228	241
210871	433	487	15	230	245
217799	433	503	19	234	253
259367	433	599	43	258	301
262831	433	607	45	260	305
273223	433	631	51	266	317
280151	433	647	55	270	325
311327	433	719	73	288	361
314791	433	727	75	290	365
321719	433	743	79	294	373
325183	433	751	81	296	377
356359	433	823	99	314	413
363287	433	839	103	318	421
373679	433	863	109	324	433
384071	433	887	115	330	445
394463	433	911	121	336	457
397927	433	919	123	338	461
418711	433	967	135	350	485
425639	433	983	139	354	493
429103	433	991	141	356	497
446423	433	1031	151	366	517
449887	433	1039	153	368	521
460279	433	1063	159	374	533
470671	433	1087	165	380	545
477599	433	1103	169	384	553
498383	433	1151	181	396	577
197111	439	449	4	222	226
200623	439	457	6	224	230
228719	439	521	22	240	262
249791	439	569	34	252	286
253303	439	577	36	254	290
260327	439	593	40	258	298
263839	439	601	42	260	302
270863	439	617	46	264	310
281399	439	641	52	270	322
295447	439	673	60	278	338
334079	439	761	82	300	382
337591	439	769	84	302	386
355151	439	809	94	312	406
376223	439	857	106	324	430
386759	439	881	112	330	442
407831	439	929	124	342	466
411343	439	937	126	344	470
418367	439	953	130	348	478
428903	439	977	136	354	490
442951	439	1009	144	362	506
453487	439	1033	150	368	518
460511	439	1049	154	372	526
481583	439	1097	166	384	550
495631	439	1129	174	392	566
204223	443	461	6	226	232
225487	443	509	18	238	256
239663	443	541	26	246	272
246751	443	557	30	250	280
271559	443	613	44	264	308
289279	443	653	54	274	328
292823	443	661	56	276	332
299911	443	677	60	280	340
310543	443	701	66	286	352
314087	443	709	68	288	356
324719	443	733	74	294	368
335351	443	757	80	300	380
342439	443	773	84	304	388
353071	443	797	90	310	400
363703	443	821	96	316	412
367247	443	829	98	318	416
377879	443	853	104	324	428
388511	443	877	110	330	440
416863	443	941	126	346	472
441671	443	997	140	360	500
448759	443	1013	144	364	508
452303	443	1021	146	366	512
470023	443	1061	156	376	532
473567	443	1069	158	378	536
484199	443	1093	164	384	548
491287	443	1109	168	388	556
494831	443	1117	170	390	560
207887	449	463	5	228	233
215071	449	479	9	232	241
218663	449	487	11	234	245
225847	449	503	15	238	253
268951	449	599	39	262	301
272543	449	607	41	264	305
283319	449	631	47	270	317
290503	449	647	51	274	325
322831	449	719	69	292	361
326423	449	727	71	294	365
333607	449	743	75	298	373
337199	449	751	77	300	377
369527	449	823	95	318	413
376711	449	839	99	322	421
387487	449	863	105	328	433
398263	449	887	111	334	445
409039	449	911	117	340	457
412631	449	919	119	342	461
434183	449	967	131	354	485
441367	449	983	135	358	493
444959	449	991	137	360	497
462919	449	1031	147	370	517
466511	449	1039	149	372	521
477287	449	1063	155	378	533
488063	449	1087	161	384	545
495247	449	1103	165	388	553
211591	457	463	3	230	233
218903	457	479	7	234	241
222559	457	487	9	236	245
229871	457	503	13	240	253
273743	457	599	37	264	301
277399	457	607	39	266	305
288367	457	631	45	272	317
295679	457	647	49	276	325
328583	457	719	67	294	361
332239	457	727	69	296	365
339551	457	743	73	300	373
343207	457	751	75	302	377
376111	457	823	93	320	413
383423	457	839	97	324	421
394391	457	863	103	330	433
405359	457	887	109	336	445
416327	457	911	115	342	457
419983	457	919	117	344	461
441919	457	967	129	356	485
449231	457	983	133	360	493
452887	457	991	135	362	497
471167	457	1031	145	372	517
474823	457	1039	147	374	521
485791	457	1063	153	380	533
496759	457	1087	159	386	545
215287	461	467	3	232	235
226351	461	491	9	238	247
230039	461	499	11	240	251
241103	461	523	17	246	263
252167	461	547	23	252	275
259543	461	563	27	256	283
263231	461	571	29	258	287
270607	461	587	33	262	295
285359	461	619	41	270	311
296423	461	643	47	276	323
303799	461	659	51	280	331
314863	461	683	57	286	343
318551	461	691	59	288	347
340679	461	739	71	300	371
362807	461	787	83	312	395
373871	461	811	89	318	407
381247	461	827	93	322	415
395999	461	859	101	330	431
407063	461	883	107	336	443
418127	461	907	113	342	455
436567	461	947	123	352	475
447631	461	971	129	358	487
469759	461	1019	141	370	511
484511	461	1051	149	378	527
241223	463	521	16	246	262
263447	463	569	28	258	286
267151	463	577	30	260	290
274559	463	593	34	264	298
278263	463	601	36	266	302
285671	463	617	40	270	310
296783	463	641	46	276	322
311599	463	673	54	284	338
352343	463	761	76	306	382
356047	463	769	78	308	386
374567	463	809	88	318	406
396791	463	857	100	330	430
407903	463	881	106	336	442
430127	463	929	118	348	466
433831	463	937	120	350	470
441239	463	953	124	354	478
452351	463	977	130	360	490
467167	463	1009	138	368	506
478279	463	1033	144	374	518
485687	463	1049	148	378	526
237703	467	509	12	244	256
252647	467	541	20	252	272
260119	467	557	24	256	280
286271	467	613	38	270	308
304951	467	653	48	280	328
308687	467	661	50	282	332
316159	467	677	54	286	340
327367	467	701	60	292	352
331103	467	709	62	294	356
342311	467	733	68	300	368
353519	467	757	74	306	380
360991	467	773	78	310	388
372199	467	797	84	316	400
383407	467	821	90	322	412
387143	467	829	92	324	416
398351	467	853	98	330	428
409559	467	877	104	336	440
439447	467	941	120	352	472
465599	467	997	134	366	500
473071	467	1013	138	370	508
476807	467	1021	140	372	512
495487	467	1061	150	382	532
499223	467	1069	152	384	536
249559	479	521	12	250	262
272551	479	569	24	262	286
276383	479	577	26	264	290
284047	479	593	30	268	298
287879	479	601	32	270	302
295543	479	617	36	274	310
307039	479	641	42	280	322
322367	479	673	50	288	338
364519	479	761	72	310	382
368351	479	769	74	312	386
387511	479	809	84	322	406
410503	479	857	96	334	430
421999	479	881	102	340	442
444991	479	929	114	352	466
448823	479	937	116	354	470
456487	479	953	120	358	478
467983	479	977	126	364	490
483311	479	1009	134	372	506
494807	479	1033	140	378	518
253727	487	521	10	252	262
277103	487	569	22	264	286
280999	487	577	24	266	290
288791	487	593	28	270	298
292687	487	601	30	272	302
300479	487	617	34	276	310
312167	487	641	40	282	322
327751	487	673	48	290	338
370607	487	761	70	312	382
374503	487	769	72	314	386
393983	487	809	82	324	406
417359	487	857	94	336	430
429047	487	881	100	342	442
452423	487	929	112	354	466
456319	487	937	114	356	470
464111	487	953	118	360	478
475799	487	977	124	366	490
491383	487	1009	132	374	506
249919	491	509	6	250	256
265631	491	541	14	258	272
273487	491	557	18	262	280
300983	491	613	32	276	308
320623	491	653	42	286	328
324551	491	661	44	288	332
332407	491	677	48	292	340
344191	491	701	54	298	352
348119	491	709	56	300	356
359903	491	733	62	306	368
371687	491	757	68	312	380
379543	491	773	72	316	388
391327	491	797	78	322	400
403111	491	821	84	328	412
407039	491	829	86	330	416
418823	491	853	92	336	428
430607	491	877	98	342	440
462031	491	941	114	358	472
489527	491	997	128	372	500
497383	491	1013	132	376	508
253991	499	509	4	252	256
269959	499	541	12	260	272
277943	499	557	16	264	280
305887	499	613	30	278	308
325847	499	653	40	288	328
329839	499	661	42	290	332
337823	499	677	46	294	340
349799	499	701	52	300	352
353791	499	709	54	302	356
365767	499	733	60	308	368
377743	499	757	66	314	380
385727	499	773	70	318	388
397703	499	797	76	324	400
409679	499	821	82	330	412
413671	499	829	84	332	416
425647	499	853	90	338	428
437623	499	877	96	344	440
469559	499	941	112	360	472
497503	499	997	126	374	500
262063	503	521	6	256	262
286207	503	569	18	268	286
290231	503	577	20	270	290
298279	503	593	24	274	298
302303	503	601	26	276	302
310351	503	617	30	280	310
322423	503	641	36	286	322
338519	503	673	44	294	338
382783	503	761	66	316	382
386807	503	769	68	318	386
406927	503	809	78	328	406
431071	503	857	90	340	430
443143	503	881	96	346	442
467287	503	929	108	358	466
471311	503	937	110	360	470
479359	503	953	114	364	478
491431	503	977	120	370	490
266207	509	523	5	258	263
278423	509	547	11	264	275
286567	509	563	15	268	283
290639	509	571	17	270	287
298783	509	587	21	274	295
315071	509	619	29	282	311
327287	509	643	35	288	323
335431	509	659	39	292	331
347647	509	683	45	298	343
351719	509	691	47	300	347
376151	509	739	59	312	371
400583	509	787	71	324	395
412799	509	811	77	330	407
420943	509	827	81	334	415
437231	509	859	89	342	431
449447	509	883	95	348	443
461663	509	907	101	354	455
482023	509	947	111	364	475
494239	509	971	117	370	487
312079	521	599	21	280	301
316247	521	607	23	282	305
328751	521	631	29	288	317
337087	521	647	33	292	325
374599	521	719	51	310	361
378767	521	727	53	312	365
387103	521	743	57	316	373
391271	521	751	59	318	377
428783	521	823	77	336	413
437119	521	839	81	340	421
449623	521	863	87	346	433
462127	521	887	93	352	445
474631	521	911	99	358	457
478799	521	919	101	360	461
282943	523	541	6	266	272
291311	523	557	10	270	280
320599	523	613	24	284	308
341519	523	653	34	294	328
345703	523	661	36	296	332
354071	523	677	40	300	340
366623	523	701	46	306	352
370807	523	709	48	308	356
383359	523	733	54	314	368
395911	523	757	60	320	380
404279	523	773	64	324	388
416831	523	797	70	330	400
429383	523	821	76	336	412
433567	523	829	78	338	416
446119	523	853	84	344	428
458671	523	877	90	350	440
492143	523	941	106	366	472
295927	541	547	3	272	275
304583	541	563	7	276	283
308911	541	571	9	278	287
317567	541	587	13	282	295
334879	541	619	21	290	311
347863	541	643	27	296	323
356519	541	659	31	300	331
369503	541	683	37	306	343
373831	541	691	39	308	347
399799	541	739	51	320	371
425767	541	787	63	332	395
438751	541	811	69	338	407
447407	541	827	73	342	415
464719	541	859	81	350	431
477703	541	883	87	356	443
490687	541	907	93	362	455
304679	547	557	4	276	280
335311	547	613	18	290	308
357191	547	653	28	300	328
361567	547	661	30	302	332
370319	547	677	34	306	340
383447	547	701	40	312	352
387823	547	709	42	314	356
400951	547	733	48	320	368
414079	547	757	54	326	380
422831	547	773	58	330	388
435959	547	797	64	336	400
449087	547	821	70	342	412
453463	547	829	72	344	416
466591	547	853	78	350	428
479719	547	877	84	356	440
313591	557	563	3	280	283
318047	557	571	5	282	287
326959	557	587	9	286	295
344783	557	619	17	294	311
358151	557	643	23	300	323
367063	557	659	27	304	331
380431	557	683	33	310	343
384887	557	691	35	312	347
411623	557	739	47	324	371
438359	557	787	59	336	395
451727	557	811	65	342	407
460639	557	827	69	346	415
478463	557	859	77	354	431
491831	557	883	83	360	443
345119	563	613	14	294	308
367639	563	653	24	304	328
372143	563	661	26	306	332
381151	563	677	30	310	340
394663	563	701	36	316	352
399167	563	709	38	318	356
412679	563	733	44	324	368
426191	563	757	50	330	380
435199	563	773	54	334	388
448711	563	797	60	340	400
462223	563	821	66	346	412
466727	563	829	68	348	416
480239	563	853	74	354	428
493751	563	877	80	360	440
340831	569	599	9	292	301
345383	569	607	11	294	305
359039	569	631	17	300	317
368143	569	647	21	304	325
409111	569	719	39	322	361
413663	569	727	41	324	365
422767	569	743	45	328	373
427319	569	751	47	330	377
468287	569	823	65	348	413
477391	569	839	69	352	421
491047	569	863	75	358	433
350023	571	613	12	296	308
372863	571	653	22	306	328
377431	571	661	24	308	332
386567	571	677	28	312	340
400271	571	701	34	318	352
404839	571	709	36	320	356
418543	571	733	42	326	368
432247	571	757	48	332	380
441383	571	773	52	336	388
455087	571	797	58	342	400
468791	571	821	64	348	412
473359	571	829	66	350	416
487063	571	853	72	356	428
345623	577	599	7	294	301
350239	577	607	9	296	305
364087	577	631	15	302	317
373319	577	647	19	306	325
414863	577	719	37	324	361
419479	577	727	39	326	365
428711	577	743	43	330	373
433327	577	751	45	332	377
474871	577	823	63	350	413
484103	577	839	67	354	421
497951	577	863	73	360	433
359831	587	613	8	300	308
383311	587	653	18	310	328
388007	587	661	20	312	332
397399	587	677	24	316	340
411487	587	701	30	322	352
416183	587	709	32	324	356
430271	587	733	38	330	368
444359	587	757	44	336	380
453751	587	773	48	340	388
467839	587	797	54	346	400
481927	587	821	60	352	412
486623	587	829	62	354	416
355207	593	599	3	298	301
359951	593	607	5	300	305
374183	593	631	11	306	317
383671	593	647	15	310	325
426367	593	719	33	328	361
431111	593	727	35	330	365
440599	593	743	39	334	373
445343	593	751	41	336	377
488039	593	823	59	354	413
497527	593	839	63	358	421
359999	599	601	2	300	302
369583	599	617	6	304	310
383959	599	641	12	310	322
403127	599	673	20	318	338
455839	599	761	42	340	382
460631	599	769	44	342	386
484591	599	809	54	352	406
364807	601	607	3	302	305
379231	601	631	9	308	317
388847	601	647	13	312	325
432119	601	719	31	330	361
436927	601	727	33	332	365
446543	601	743	37	336	373
451351	601	751	39	338	377
494623	601	823	57	356	413
374519	607	617	4	306	310
389087	607	641	10	312	322
408511	607	673	18	320	338
461927	607	761	40	342	382
466783	607	769	42	344	386
491063	607	809	52	354	406
379447	613	619	3	308	311
394159	613	643	9	314	323
403967	613	659	13	318	331
418679	613	683	19	324	343
423583	613	691	21	326	347
453007	613	739	33	338	371
482431	613	787	45	350	395
497143	613	811	51	356	407
389327	617	631	5	312	317
399199	617	647	9	316	325
443623	617	719	27	334	361
448559	617	727	29	336	365
458431	617	743	33	340	373
463367	617	751	35	342	377
404207	619	653	10	318	328
409159	619	661	12	320	332
419063	619	677	16	324	340
433919	619	701	22	330	352
438871	619	709	24	332	356
453727	619	733	30	338	368
468583	619	757	36	344	380
478487	619	773	40	348	388
493343	619	797	46	354	400
404471	631	641	4	318	322
424663	631	673	12	326	338
480191	631	761	34	348	382
485239	631	769	36	350	386
414727	641	647	3	322	325
460879	641	719	21	340	361
466007	641	727	23	342	365
476263	641	743	27	346	373
481391	641	751	29	348	377
419879	643	653	4	324	328
425023	643	661	6	326	332
435311	643	677	10	330	340
450743	643	701	16	336	352
455887	643	709	18	338	356
471319	643	733	24	344	368
486751	643	757	30	350	380
497039	643	773	34	354	388
435431	647	673	8	330	338
492367	647	761	30	352	382
497543	647	769	32	354	386
430327	653	659	3	328	331
445999	653	683	9	334	343
451223	653	691	11	336	347
482567	653	739	23	348	371
435599	659	661	2	330	332
446143	659	677	6	334	340
461959	659	701	12	340	352
467231	659	709	14	342	356
483047	659	733	20	348	368
498863	659	757	26	354	380
451463	661	683	7	336	343
456751	661	691	9	338	347
488479	661	739	21	350	371
483887	673	719	13	348	361
489271	673	727	15	350	365
462391	677	683	3	340	343
467807	677	691	5	342	347
478783	683	701	6	346	352
484247	683	709	8	348	356
484391	691	701	4	348	352
489919	691	709	6	350	356
