==============================================================================
KAPPA EXPERIMENT 89
EXACT FINITE-FIELD RESOLVENT NULL
T = s^2 - 3n = p^2 - pq + q^2
N -> T LOCAL SIGNAL DECOMPOSITION
EXACT THEORY VS PRIME EMPIRICAL VS MATCHED NULL
STRICT TARGET HOLDOUT
NO CSV
NO SKLEARN
==============================================================================

1. PRIME POPULATION
------------------------------------------------------------------------------
prime population = 147381
generation time = 0.180598s
total targets = 4000
target   1: p=3459187 q=3656573 n=12648769786151 s=7115760
target   2: p=2922833 q=3131153 n=9151837316449 s=6053986
target   3: p=3329087 q=3739249 n=12448285235663 s=7068336
target   4: p=3835061 q=4185481 n=16051574949341 s=8020542
target   5: p=2365241 q=4163123 n=9846789207643 s=6528364
target   6: p=2792843 q=3442427 n=9614158149961 s=6235270
target   7: p=2044901 q=2122031 n=4339343313931 s=4166932
target   8: p=2625907 q=3934943 n=10332794368301 s=6560850
target   9: p=2779423 q=4042471 n=11235736874233 s=6821894
target  10: p=3043063 q=3537293 n=10764205448459 s=6580356
target  11: p=2078081 q=3255059 n=6764276261779 s=5333140
target  12: p=2116357 q=2581171 n=5462679314047 s=4697528
target  13: p=2260369 q=3145453 n=7109884452157 s=5405822
target  14: p=2002993 q=3212777 n=6435169841561 s=5215770
target  15: p=3100739 q=3567973 n=11063353032047 s=6668712
target  16: p=2775221 q=3903433 n=10832889233693 s=6678654
target  17: p=2822689 q=3281987 n=9264028603043 s=6104676
target  18: p=2846861 q=3329251 n=9477914831111 s=6176112
target  19: p=2435737 q=3956041 n=9635875437217 s=6391778
target  20: p=3203957 q=4187801 n=13417534328557 s=7391758
target  21: p=2740337 q=3455999 n=9470601931663 s=6196336
target  22: p=2688731 q=3725681 n=10017354000811 s=6414412
target  23: p=2169649 q=3204503 n=6952646729447 s=5374152
target  24: p=2295947 q=3682867 n=8455667440049 s=5978814
... remaining targets omitted

2. TARGET HOLDOUT
------------------------------------------------------------------------------
training targets = 3000
test targets = 1000


==============================================================================
MODULUS ell = 5
==============================================================================

3. EXACT FINITE-FIELD MAP
------------------------------------------------------------------------------
n=  1 pairs=   4 states= 2 top=[(1, 2), (2, 2)]
n=  2 pairs=   4 states= 1 top=[(3, 4)]
n=  3 pairs=   4 states= 1 top=[(2, 4)]
n=  4 pairs=   4 states= 2 top=[(3, 2), (4, 2)]
theoretical Bayes accuracy = 0.750000

4. PRIME RESIDUE DISTRIBUTION
------------------------------------------------------------------------------
[(1, 36835), (2, 36872), (3, 36859), (4, 36815)]

5. CONDITIONAL DISTRIBUTION DISTANCE
------------------------------------------------------------------------------
actual vs exact-field TV = 0.007376
actual vs empirical-null TV = 0.009271
actual vs uniform-null TV = 0.008610

6. OOS LOOKUP
------------------------------------------------------------------------------
actual train-state lookup accuracy = 0.741000
actual train-state lookup balanced = 0.827978
actual coverage = 1.000000
matched empirical-residue synthetic accuracy = 0.752000
exact finite-field Bayes accuracy = 0.750000

7. DETAILED CONDITIONAL STRUCTURE
------------------------------------------------------------------------------
N=  1: theory=[(1, 2), (2, 2)] actual=[(1, 483), (2, 475)]
N=  2: theory=[(3, 4)] actual=[(3, 1016)]
N=  3: theory=[(2, 4)] actual=[(2, 960)]
N=  4: theory=[(3, 2), (4, 2)] actual=[(4, 560), (3, 506)]


==============================================================================
MODULUS ell = 7
==============================================================================

3. EXACT FINITE-FIELD MAP
------------------------------------------------------------------------------
n=  1 pairs=   6 states= 2 top=[(5, 4), (1, 2)]
n=  2 pairs=   6 states= 2 top=[(3, 4), (2, 2)]
n=  3 pairs=   6 states= 2 top=[(0, 4), (5, 2)]
n=  4 pairs=   6 states= 2 top=[(6, 4), (4, 2)]
n=  5 pairs=   6 states= 2 top=[(0, 4), (6, 2)]
n=  6 pairs=   6 states= 2 top=[(0, 4), (3, 2)]
theoretical Bayes accuracy = 0.666667

4. PRIME RESIDUE DISTRIBUTION
------------------------------------------------------------------------------
[(1, 24542), (2, 24552), (3, 24482), (4, 24585), (5, 24629), (6, 24591)]

5. CONDITIONAL DISTRIBUTION DISTANCE
------------------------------------------------------------------------------
actual vs exact-field TV = 0.009779
actual vs empirical-null TV = 0.011397
actual vs uniform-null TV = 0.010230

6. OOS LOOKUP
------------------------------------------------------------------------------
actual train-state lookup accuracy = 0.685000
actual train-state lookup balanced = 0.445250
actual coverage = 1.000000
matched empirical-residue synthetic accuracy = 0.685000
exact finite-field Bayes accuracy = 0.666667

7. DETAILED CONDITIONAL STRUCTURE
------------------------------------------------------------------------------
N=  1: theory=[(5, 4), (1, 2)] actual=[(5, 419), (1, 212)]
N=  2: theory=[(3, 4), (2, 2)] actual=[(3, 467), (2, 213)]
N=  3: theory=[(0, 4), (5, 2)] actual=[(0, 463), (5, 224)]
N=  4: theory=[(6, 4), (4, 2)] actual=[(6, 464), (4, 229)]
N=  5: theory=[(0, 4), (6, 2)] actual=[(0, 455), (6, 225)]
N=  6: theory=[(0, 4), (3, 2)] actual=[(0, 434), (3, 195)]


==============================================================================
MODULUS ell = 11
==============================================================================

3. EXACT FINITE-FIELD MAP
------------------------------------------------------------------------------
n=  1 pairs=  10 states= 3 top=[(6, 4), (2, 4), (1, 2)]
n=  2 pairs=  10 states= 3 top=[(3, 4), (6, 4), (5, 2)]
n=  3 pairs=  10 states= 3 top=[(7, 4), (6, 4), (3, 2)]
n=  4 pairs=  10 states= 3 top=[(2, 4), (8, 4), (4, 2)]
n=  5 pairs=  10 states= 3 top=[(10, 4), (8, 4), (5, 2)]
n=  6 pairs=  10 states= 3 top=[(9, 4), (7, 4), (4, 2)]
n=  7 pairs=  10 states= 3 top=[(10, 4), (5, 4), (1, 2)]
n=  8 pairs=  10 states= 3 top=[(2, 4), (1, 4), (9, 2)]
n=  9 pairs=  10 states= 3 top=[(7, 4), (10, 4), (9, 2)]
n= 10 pairs=  10 states= 3 top=[(8, 4), (4, 4), (3, 2)]
theoretical Bayes accuracy = 0.400000

4. PRIME RESIDUE DISTRIBUTION
------------------------------------------------------------------------------
[(1, 14730), (2, 14753), (3, 14752), (4, 14737), (5, 14674), (6, 14762), (7, 14702), (8, 14743), (9, 14757), (10, 14771)]

5. CONDITIONAL DISTRIBUTION DISTANCE
------------------------------------------------------------------------------
actual vs exact-field TV = 0.025628
actual vs empirical-null TV = 0.024953
actual vs uniform-null TV = 0.027061

6. OOS LOOKUP
------------------------------------------------------------------------------
actual train-state lookup accuracy = 0.405000
actual train-state lookup balanced = 0.369931
actual coverage = 1.000000
matched empirical-residue synthetic accuracy = 0.420000
exact finite-field Bayes accuracy = 0.400000

7. DETAILED CONDITIONAL STRUCTURE
------------------------------------------------------------------------------
N=  1: theory=[(6, 4), (2, 4), (1, 2)] actual=[(6, 171), (2, 150), (1, 86)]
N=  2: theory=[(3, 4), (6, 4), (5, 2)] actual=[(6, 163), (3, 137), (5, 86)]
N=  3: theory=[(7, 4), (6, 4), (3, 2)] actual=[(7, 177), (6, 157), (3, 70)]
N=  4: theory=[(2, 4), (8, 4), (4, 2)] actual=[(8, 166), (2, 152), (4, 78)]
N=  5: theory=[(10, 4), (8, 4), (5, 2)] actual=[(8, 159), (10, 152), (5, 79)]
N=  6: theory=[(9, 4), (7, 4), (4, 2)] actual=[(7, 150), (9, 149), (4, 82)]
N=  7: theory=[(10, 4), (5, 4), (1, 2)] actual=[(10, 167), (5, 155), (1, 93)]
N=  8: theory=[(2, 4), (1, 4), (9, 2)] actual=[(1, 187), (2, 164), (9, 77)]
N=  9: theory=[(7, 4), (10, 4), (9, 2)] actual=[(10, 172), (7, 167), (9, 70)]
N= 10: theory=[(8, 4), (4, 4), (3, 2)] actual=[(4, 155), (8, 154), (3, 75)]


==============================================================================
MODULUS ell = 13
==============================================================================

3. EXACT FINITE-FIELD MAP
------------------------------------------------------------------------------
n=  1 pairs=  12 states= 4 top=[(0, 4), (11, 4), (1, 2), (10, 2)]
n=  2 pairs=  12 states= 3 top=[(3, 4), (6, 4), (11, 4)]
n=  3 pairs=  12 states= 4 top=[(7, 4), (0, 4), (3, 2), (4, 2)]
n=  4 pairs=  12 states= 4 top=[(0, 4), (5, 4), (4, 2), (1, 2)]
n=  5 pairs=  12 states= 3 top=[(8, 4), (2, 4), (1, 4)]
n=  6 pairs=  12 states= 3 top=[(5, 4), (7, 4), (9, 4)]
n=  7 pairs=  12 states= 3 top=[(4, 4), (6, 4), (8, 4)]
n=  8 pairs=  12 states= 3 top=[(5, 4), (12, 4), (11, 4)]
n=  9 pairs=  12 states= 4 top=[(8, 4), (0, 4), (12, 2), (9, 2)]
n= 10 pairs=  12 states= 4 top=[(0, 4), (6, 4), (9, 2), (10, 2)]
n= 11 pairs=  12 states= 3 top=[(7, 4), (10, 4), (2, 4)]
n= 12 pairs=  12 states= 4 top=[(2, 4), (0, 4), (3, 2), (12, 2)]
theoretical Bayes accuracy = 0.333333

4. PRIME RESIDUE DISTRIBUTION
------------------------------------------------------------------------------
[(1, 12272), (2, 12315), (3, 12296), (4, 12220), (5, 12344), (6, 12252), (7, 12279), (8, 12221), (9, 12262), (10, 12360), (11, 12235), (12, 12325)]

5. CONDITIONAL DISTRIBUTION DISTANCE
------------------------------------------------------------------------------
actual vs exact-field TV = 0.032436
actual vs empirical-null TV = 0.032977
actual vs uniform-null TV = 0.032386

6. OOS LOOKUP
------------------------------------------------------------------------------
actual train-state lookup accuracy = 0.367000
actual train-state lookup balanced = 0.320477
actual coverage = 1.000000
matched empirical-residue synthetic accuracy = 0.328000
exact finite-field Bayes accuracy = 0.333333

7. DETAILED CONDITIONAL STRUCTURE
------------------------------------------------------------------------------
N=  1: theory=[(0, 4), (11, 4), (1, 2), (10, 2)] actual=[(0, 103), (11, 96), (1, 58), (10, 57)]
N=  2: theory=[(3, 4), (6, 4), (11, 4)] actual=[(3, 130), (6, 123), (11, 112)]
N=  3: theory=[(7, 4), (0, 4), (3, 2), (4, 2)] actual=[(7, 108), (0, 93), (3, 60), (4, 53)]
N=  4: theory=[(0, 4), (5, 4), (4, 2), (1, 2)] actual=[(0, 120), (5, 113), (1, 60), (4, 45)]
N=  5: theory=[(8, 4), (2, 4), (1, 4)] actual=[(8, 117), (1, 101), (2, 90)]
N=  6: theory=[(5, 4), (7, 4), (9, 4)] actual=[(9, 112), (5, 109), (7, 104)]
N=  7: theory=[(4, 4), (6, 4), (8, 4)] actual=[(4, 127), (6, 122), (8, 106)]
N=  8: theory=[(5, 4), (12, 4), (11, 4)] actual=[(11, 120), (5, 109), (12, 99)]
N=  9: theory=[(8, 4), (0, 4), (12, 2), (9, 2)] actual=[(0, 122), (8, 108), (9, 53), (12, 48)]
N= 10: theory=[(0, 4), (6, 4), (9, 2), (10, 2)] actual=[(6, 114), (0, 103), (10, 68), (9, 56)]
N= 11: theory=[(7, 4), (10, 4), (2, 4)] actual=[(2, 122), (7, 109), (10, 95)]
N= 12: theory=[(2, 4), (0, 4), (3, 2), (12, 2)] actual=[(2, 123), (0, 117), (3, 62), (12, 53)]


==============================================================================
MODULUS ell = 17
==============================================================================

3. EXACT FINITE-FIELD MAP
------------------------------------------------------------------------------
n=  1 pairs=  16 states= 5 top=[(16, 4), (10, 4), (5, 4), (1, 2), (14, 2)]
n=  2 pairs=  16 states= 5 top=[(3, 4), (15, 4), (10, 4), (2, 2), (11, 2)]
n=  3 pairs=  16 states= 4 top=[(7, 4), (16, 4), (4, 4), (12, 4)]
n=  4 pairs=  16 states= 5 top=[(13, 4), (3, 4), (6, 4), (4, 2), (5, 2)]
n=  5 pairs=  16 states= 4 top=[(4, 4), (1, 4), (3, 4), (6, 4)]
n=  6 pairs=  16 states= 4 top=[(14, 4), (7, 4), (8, 4), (15, 4)]
n=  7 pairs=  16 states= 4 top=[(9, 4), (5, 4), (15, 4), (11, 4)]
n=  8 pairs=  16 states= 5 top=[(6, 4), (12, 4), (9, 4), (10, 2), (8, 2)]
n=  9 pairs=  16 states= 5 top=[(5, 4), (11, 4), (8, 4), (9, 2), (7, 2)]
n= 10 pairs=  16 states= 4 top=[(6, 4), (2, 4), (12, 4), (8, 4)]
n= 11 pairs=  16 states= 4 top=[(9, 4), (2, 4), (3, 4), (10, 4)]
n= 12 pairs=  16 states= 4 top=[(14, 4), (11, 4), (13, 4), (16, 4)]
n= 13 pairs=  16 states= 5 top=[(4, 4), (11, 4), (14, 4), (12, 2), (13, 2)]
n= 14 pairs=  16 states= 4 top=[(13, 4), (5, 4), (10, 4), (1, 4)]
n= 15 pairs=  16 states= 5 top=[(7, 4), (2, 4), (14, 4), (6, 2), (15, 2)]
n= 16 pairs=  16 states= 5 top=[(1, 4), (12, 4), (7, 4), (3, 2), (16, 2)]
theoretical Bayes accuracy = 0.250000

4. PRIME RESIDUE DISTRIBUTION
------------------------------------------------------------------------------
[(1, 9211), (2, 9226), (3, 9178), (4, 9237), (5, 9222), (6, 9215), (7, 9224), (8, 9160), (9, 9216), (10, 9196), (11, 9246), (12, 9228), (13, 9232), (14, 9211), (15, 9210), (16, 9169)]

5. CONDITIONAL DISTRIBUTION DISTANCE
------------------------------------------------------------------------------
actual vs exact-field TV = 0.045213
actual vs empirical-null TV = 0.044284
actual vs uniform-null TV = 0.047448

6. OOS LOOKUP
------------------------------------------------------------------------------
actual train-state lookup accuracy = 0.239000
actual train-state lookup balanced = 0.237550
actual coverage = 1.000000
matched empirical-residue synthetic accuracy = 0.239000
exact finite-field Bayes accuracy = 0.250000

7. DETAILED CONDITIONAL STRUCTURE
------------------------------------------------------------------------------
N=  1: theory=[(16, 4), (10, 4), (5, 4), (1, 2), (14, 2)] actual=[(10, 76), (5, 63), (16, 62), (1, 37), (14, 34)]
N=  2: theory=[(3, 4), (15, 4), (10, 4), (2, 2), (11, 2)] actual=[(3, 68), (10, 48), (15, 48), (11, 41), (2, 37)]
N=  3: theory=[(7, 4), (16, 4), (4, 4), (12, 4)] actual=[(16, 61), (12, 60), (7, 59), (4, 59)]
N=  4: theory=[(13, 4), (3, 4), (6, 4), (4, 2), (5, 2)] actual=[(13, 71), (6, 66), (3, 64), (5, 38), (4, 34)]
N=  5: theory=[(4, 4), (1, 4), (3, 4), (6, 4)] actual=[(6, 73), (1, 62), (3, 60), (4, 59)]
N=  6: theory=[(14, 4), (7, 4), (8, 4), (15, 4)] actual=[(7, 70), (8, 64), (14, 56), (15, 56)]
N=  7: theory=[(9, 4), (5, 4), (15, 4), (11, 4)] actual=[(11, 66), (15, 59), (5, 54), (9, 54)]
N=  8: theory=[(6, 4), (12, 4), (9, 4), (10, 2), (8, 2)] actual=[(6, 66), (12, 57), (9, 53), (8, 30), (10, 28)]
N=  9: theory=[(5, 4), (11, 4), (8, 4), (9, 2), (7, 2)] actual=[(5, 51), (8, 49), (11, 49), (7, 39), (9, 34)]
N= 10: theory=[(6, 4), (2, 4), (12, 4), (8, 4)] actual=[(8, 74), (6, 64), (12, 63), (2, 57)]
N= 11: theory=[(9, 4), (2, 4), (3, 4), (10, 4)] actual=[(10, 66), (3, 63), (9, 59), (2, 51)]
N= 12: theory=[(14, 4), (11, 4), (13, 4), (16, 4)] actual=[(14, 69), (13, 67), (11, 66), (16, 48)]
N= 13: theory=[(4, 4), (11, 4), (14, 4), (12, 2), (13, 2)] actual=[(14, 63), (4, 63), (11, 62), (12, 38), (13, 29)]
N= 14: theory=[(13, 4), (5, 4), (10, 4), (1, 4)] actual=[(13, 75), (1, 74), (5, 61), (10, 51)]
N= 15: theory=[(7, 4), (2, 4), (14, 4), (6, 2), (15, 2)] actual=[(14, 70), (2, 68), (7, 53), (6, 38), (15, 36)]
N= 16: theory=[(1, 4), (12, 4), (7, 4), (3, 2), (16, 2)] actual=[(12, 73), (1, 65), (7, 58), (16, 32), (3, 29)]


==============================================================================
MODULUS ell = 19
==============================================================================

3. EXACT FINITE-FIELD MAP
------------------------------------------------------------------------------
n=  1 pairs=  18 states= 5 top=[(8, 4), (6, 4), (2, 4), (17, 4), (1, 2)]
n=  2 pairs=  18 states= 5 top=[(3, 4), (18, 4), (0, 4), (11, 4), (13, 2)]
n=  3 pairs=  18 states= 5 top=[(7, 4), (8, 4), (14, 4), (0, 4), (10, 2)]
n=  4 pairs=  18 states= 5 top=[(13, 4), (11, 4), (5, 4), (8, 4), (4, 2)]
n=  5 pairs=  18 states= 5 top=[(2, 4), (10, 4), (11, 4), (9, 4), (5, 2)]
n=  6 pairs=  18 states= 5 top=[(12, 4), (7, 4), (17, 4), (10, 4), (6, 2)]
n=  7 pairs=  18 states= 5 top=[(5, 4), (14, 4), (18, 4), (4, 4), (7, 2)]
n=  8 pairs=  18 states= 5 top=[(0, 4), (12, 4), (6, 4), (15, 4), (14, 2)]
n=  9 pairs=  18 states= 5 top=[(16, 4), (1, 4), (18, 4), (15, 4), (9, 2)]
n= 10 pairs=  18 states= 5 top=[(15, 4), (0, 4), (17, 4), (14, 4), (8, 2)]
n= 11 pairs=  18 states= 5 top=[(16, 4), (9, 4), (3, 4), (12, 4), (11, 2)]
n= 12 pairs=  18 states= 5 top=[(0, 4), (9, 4), (13, 4), (18, 4), (2, 2)]
n= 13 pairs=  18 states= 5 top=[(5, 4), (0, 4), (10, 4), (3, 4), (18, 2)]
n= 14 pairs=  18 states= 5 top=[(12, 4), (1, 4), (2, 4), (0, 4), (15, 2)]
n= 15 pairs=  18 states= 5 top=[(2, 4), (0, 4), (13, 4), (16, 4), (12, 2)]
n= 16 pairs=  18 states= 5 top=[(13, 4), (14, 4), (1, 4), (6, 4), (16, 2)]
n= 17 pairs=  18 states= 5 top=[(7, 4), (3, 4), (4, 4), (15, 4), (17, 2)]
n= 18 pairs=  18 states= 5 top=[(10, 4), (8, 4), (4, 4), (0, 4), (3, 2)]
theoretical Bayes accuracy = 0.222222

4. PRIME RESIDUE DISTRIBUTION
------------------------------------------------------------------------------
[(1, 8218), (2, 8206), (3, 8205), (4, 8179), (5, 8163), (6, 8175), (7, 8242), (8, 8151), (9, 8231), (10, 8188), (11, 8115), (12, 8176), (13, 8243), (14, 8163), (15, 8160), (16, 8175), (17, 8189), (18, 8202)]

5. CONDITIONAL DISTRIBUTION DISTANCE
------------------------------------------------------------------------------
actual vs exact-field TV = 0.051448
actual vs empirical-null TV = 0.052482
actual vs uniform-null TV = 0.054550

6. OOS LOOKUP
------------------------------------------------------------------------------
actual train-state lookup accuracy = 0.208000
actual train-state lookup balanced = 0.224848
actual coverage = 1.000000
matched empirical-residue synthetic accuracy = 0.232000
exact finite-field Bayes accuracy = 0.222222

7. DETAILED CONDITIONAL STRUCTURE
------------------------------------------------------------------------------
N=  1: theory=[(8, 4), (6, 4), (2, 4), (17, 4), (1, 2)] actual=[(17, 62), (6, 48), (2, 47), (8, 43), (1, 31)]
N=  2: theory=[(3, 4), (18, 4), (0, 4), (11, 4), (13, 2)] actual=[(11, 60), (18, 53), (0, 49), (3, 45), (13, 22)]
N=  3: theory=[(7, 4), (8, 4), (14, 4), (0, 4), (10, 2)] actual=[(14, 55), (0, 52), (8, 45), (7, 43), (10, 22)]
N=  4: theory=[(13, 4), (11, 4), (5, 4), (8, 4), (4, 2)] actual=[(13, 51), (5, 51), (8, 51), (11, 44), (4, 26)]
N=  5: theory=[(2, 4), (10, 4), (11, 4), (9, 4), (5, 2)] actual=[(2, 55), (9, 52), (11, 48), (10, 46), (5, 26)]
N=  6: theory=[(12, 4), (7, 4), (17, 4), (10, 4), (6, 2)] actual=[(12, 50), (10, 50), (7, 47), (17, 46), (6, 26)]
N=  7: theory=[(5, 4), (14, 4), (18, 4), (4, 4), (7, 2)] actual=[(14, 62), (18, 40), (5, 39), (4, 36), (7, 27)]
N=  8: theory=[(0, 4), (12, 4), (6, 4), (15, 4), (14, 2)] actual=[(0, 60), (15, 58), (6, 58), (12, 49), (14, 30)]
N=  9: theory=[(16, 4), (1, 4), (18, 4), (15, 4), (9, 2)] actual=[(1, 57), (16, 44), (15, 43), (18, 40), (9, 26)]
N= 10: theory=[(15, 4), (0, 4), (17, 4), (14, 4), (8, 2)] actual=[(17, 52), (0, 52), (15, 48), (14, 40), (8, 24)]
N= 11: theory=[(16, 4), (9, 4), (3, 4), (12, 4), (11, 2)] actual=[(16, 53), (12, 50), (3, 49), (9, 34), (11, 25)]
N= 12: theory=[(0, 4), (9, 4), (13, 4), (18, 4), (2, 2)] actual=[(9, 58), (0, 54), (18, 52), (13, 52), (2, 33)]
N= 13: theory=[(5, 4), (0, 4), (10, 4), (3, 4), (18, 2)] actual=[(5, 59), (0, 57), (3, 56), (10, 40), (18, 31)]
N= 14: theory=[(12, 4), (1, 4), (2, 4), (0, 4), (15, 2)] actual=[(1, 45), (2, 43), (12, 42), (0, 37), (15, 23)]
N= 15: theory=[(2, 4), (0, 4), (13, 4), (16, 4), (12, 2)] actual=[(13, 65), (16, 54), (2, 46), (0, 44), (12, 22)]
N= 16: theory=[(13, 4), (14, 4), (1, 4), (6, 4), (16, 2)] actual=[(13, 63), (1, 52), (6, 41), (14, 39), (16, 33)]
N= 17: theory=[(7, 4), (3, 4), (4, 4), (15, 4), (17, 2)] actual=[(3, 58), (7, 50), (4, 46), (15, 37), (17, 23)]
N= 18: theory=[(10, 4), (8, 4), (4, 4), (0, 4), (3, 2)] actual=[(8, 52), (0, 48), (4, 43), (10, 41), (3, 19)]


==============================================================================
MODULUS ell = 23
==============================================================================

3. EXACT FINITE-FIELD MAP
------------------------------------------------------------------------------
n=  1 pairs=  22 states= 6 top=[(9, 4), (3, 4), (5, 4), (13, 4), (10, 4)]
n=  2 pairs=  22 states= 6 top=[(3, 4), (10, 4), (20, 4), (6, 4), (18, 4)]
n=  3 pairs=  22 states= 6 top=[(7, 4), (9, 4), (15, 4), (16, 4), (4, 4)]
n=  4 pairs=  22 states= 6 top=[(13, 4), (17, 4), (6, 4), (12, 4), (20, 4)]
n=  5 pairs=  22 states= 6 top=[(21, 4), (11, 4), (17, 4), (14, 4), (9, 4)]
n=  6 pairs=  22 states= 6 top=[(8, 4), (7, 4), (18, 4), (14, 4), (9, 4)]
n=  7 pairs=  22 states= 6 top=[(20, 4), (15, 4), (10, 4), (8, 4), (11, 4)]
n=  8 pairs=  22 states= 6 top=[(11, 4), (12, 4), (3, 4), (17, 4), (1, 4)]
n=  9 pairs=  22 states= 6 top=[(4, 4), (21, 4), (2, 4), (22, 4), (12, 4)]
n= 10 pairs=  22 states= 6 top=[(22, 4), (19, 4), (5, 4), (18, 4), (11, 4)]
n= 11 pairs=  22 states= 6 top=[(19, 4), (6, 4), (14, 4), (17, 4), (15, 4)]
n= 12 pairs=  22 states= 6 top=[(18, 4), (5, 4), (13, 4), (16, 4), (14, 4)]
n= 13 pairs=  22 states= 6 top=[(19, 4), (16, 4), (2, 4), (15, 4), (8, 4)]
n= 14 pairs=  22 states= 6 top=[(22, 4), (16, 4), (20, 4), (17, 4), (7, 4)]
n= 15 pairs=  22 states= 6 top=[(4, 4), (5, 4), (19, 4), (10, 4), (17, 4)]
n= 16 pairs=  22 states= 6 top=[(11, 4), (6, 4), (1, 4), (22, 4), (2, 4)]
n= 17 pairs=  22 states= 6 top=[(20, 4), (19, 4), (7, 4), (3, 4), (21, 4)]
n= 18 pairs=  22 states= 6 top=[(8, 4), (21, 4), (4, 4), (1, 4), (19, 4)]
n= 19 pairs=  22 states= 6 top=[(21, 4), (2, 4), (14, 4), (20, 4), (5, 4)]
n= 20 pairs=  22 states= 6 top=[(13, 4), (15, 4), (21, 4), (22, 4), (10, 4)]
n= 21 pairs=  22 states= 6 top=[(7, 4), (14, 4), (1, 4), (10, 4), (22, 4)]
n= 22 pairs=  22 states= 6 top=[(11, 4), (5, 4), (7, 4), (15, 4), (12, 4)]
theoretical Bayes accuracy = 0.181818

4. PRIME RESIDUE DISTRIBUTION
------------------------------------------------------------------------------
[(1, 6713), (2, 6636), (3, 6704), (4, 6698), (5, 6754), (6, 6635), (7, 6690), (8, 6700), (9, 6728), (10, 6718), (11, 6717), (12, 6705), (13, 6692), (14, 6712), (15, 6730), (16, 6654), (17, 6712), (18, 6684), (19, 6706), (20, 6676), (21, 6744), (22, 6673)]

5. CONDITIONAL DISTRIBUTION DISTANCE
------------------------------------------------------------------------------
actual vs exact-field TV = 0.063834
actual vs empirical-null TV = 0.066902
actual vs uniform-null TV = 0.063544

6. OOS LOOKUP
------------------------------------------------------------------------------
actual train-state lookup accuracy = 0.177000
actual train-state lookup balanced = 0.182560
actual coverage = 1.000000
matched empirical-residue synthetic accuracy = 0.166000
exact finite-field Bayes accuracy = 0.181818

7. DETAILED CONDITIONAL STRUCTURE
------------------------------------------------------------------------------
N=  1: theory=[(9, 4), (3, 4), (5, 4), (13, 4), (10, 4), (1, 2)] actual=[(3, 36), (10, 32), (13, 27), (5, 27), (9, 25), (1, 14)]
N=  2: theory=[(3, 4), (10, 4), (20, 4), (6, 4), (18, 4), (2, 2)] actual=[(18, 39), (20, 38), (10, 35), (6, 32), (3, 27), (2, 18)]
N=  3: theory=[(7, 4), (9, 4), (15, 4), (16, 4), (4, 4), (3, 2)] actual=[(15, 39), (4, 37), (16, 34), (7, 32), (9, 32), (3, 19)]
N=  4: theory=[(13, 4), (17, 4), (6, 4), (12, 4), (20, 4), (4, 2)] actual=[(12, 36), (6, 31), (17, 30), (13, 28), (20, 26), (4, 17)]
N=  5: theory=[(21, 4), (11, 4), (17, 4), (14, 4), (9, 4), (8, 2)] actual=[(9, 42), (17, 40), (11, 39), (21, 38), (14, 37), (8, 17)]
N=  6: theory=[(8, 4), (7, 4), (18, 4), (14, 4), (9, 4), (6, 2)] actual=[(14, 39), (8, 36), (9, 34), (7, 34), (18, 24), (6, 19)]
N=  7: theory=[(20, 4), (15, 4), (10, 4), (8, 4), (11, 4), (2, 2)] actual=[(15, 40), (11, 37), (10, 29), (20, 28), (8, 27), (2, 21)]
N=  8: theory=[(11, 4), (12, 4), (3, 4), (17, 4), (1, 4), (8, 2)] actual=[(17, 37), (1, 35), (11, 27), (12, 26), (3, 26), (8, 12)]
N=  9: theory=[(4, 4), (21, 4), (2, 4), (22, 4), (12, 4), (9, 2)] actual=[(12, 43), (22, 38), (21, 31), (2, 31), (4, 25), (9, 16)]
N= 10: theory=[(22, 4), (19, 4), (5, 4), (18, 4), (11, 4), (16, 2)] actual=[(18, 37), (5, 27), (11, 26), (19, 24), (22, 24), (16, 22)]
N= 11: theory=[(19, 4), (6, 4), (14, 4), (17, 4), (15, 4), (13, 2)] actual=[(17, 40), (14, 36), (15, 36), (19, 34), (6, 33), (13, 23)]
N= 12: theory=[(18, 4), (5, 4), (13, 4), (16, 4), (14, 4), (12, 2)] actual=[(14, 44), (5, 36), (16, 35), (13, 34), (18, 24), (12, 14)]
N= 13: theory=[(19, 4), (16, 4), (2, 4), (15, 4), (8, 4), (13, 2)] actual=[(15, 41), (16, 38), (2, 36), (19, 36), (8, 34), (13, 17)]
N= 14: theory=[(22, 4), (16, 4), (20, 4), (17, 4), (7, 4), (4, 2)] actual=[(7, 37), (20, 36), (17, 32), (22, 30), (16, 23), (4, 19)]
N= 15: theory=[(4, 4), (5, 4), (19, 4), (10, 4), (17, 4), (1, 2)] actual=[(17, 44), (5, 33), (19, 31), (10, 29), (4, 23), (1, 18)]
N= 16: theory=[(11, 4), (6, 4), (1, 4), (22, 4), (2, 4), (16, 2)] actual=[(2, 40), (1, 39), (22, 37), (11, 27), (6, 22), (16, 22)]
N= 17: theory=[(20, 4), (19, 4), (7, 4), (3, 4), (21, 4), (18, 2)] actual=[(7, 40), (21, 36), (20, 32), (3, 31), (19, 25), (18, 17)]
N= 18: theory=[(8, 4), (21, 4), (4, 4), (1, 4), (19, 4), (18, 2)] actual=[(8, 39), (1, 35), (19, 35), (4, 29), (21, 29), (18, 16)]
N= 19: theory=[(21, 4), (2, 4), (14, 4), (20, 4), (5, 4), (12, 2)] actual=[(2, 43), (20, 33), (5, 30), (21, 29), (14, 25), (12, 12)]
N= 20: theory=[(13, 4), (15, 4), (21, 4), (22, 4), (10, 4), (9, 2)] actual=[(13, 49), (21, 37), (15, 34), (22, 29), (10, 24), (9, 14)]
N= 21: theory=[(7, 4), (14, 4), (1, 4), (10, 4), (22, 4), (6, 2)] actual=[(7, 40), (10, 37), (1, 30), (14, 27), (22, 26), (6, 17)]
N= 22: theory=[(11, 4), (5, 4), (7, 4), (15, 4), (12, 4), (3, 2)] actual=[(7, 36), (5, 33), (11, 32), (12, 31), (15, 27), (3, 9)]


==============================================================================
MODULUS ell = 31
==============================================================================

3. EXACT FINITE-FIELD MAP
------------------------------------------------------------------------------
n=  1 pairs=  30 states= 8 top=[(11, 4), (15, 4), (17, 4), (29, 4), (5, 4)]
n=  2 pairs=  30 states= 8 top=[(3, 4), (4, 4), (22, 4), (12, 4), (10, 4)]
n=  3 pairs=  30 states= 8 top=[(7, 4), (11, 4), (0, 4), (5, 4), (10, 4)]
n=  4 pairs=  30 states= 8 top=[(13, 4), (24, 4), (8, 4), (29, 4), (6, 4)]
n=  5 pairs=  30 states= 8 top=[(21, 4), (13, 4), (24, 4), (30, 4), (23, 4)]
n=  6 pairs=  30 states= 8 top=[(0, 4), (7, 4), (20, 4), (14, 4), (10, 4)]
n=  7 pairs=  30 states= 8 top=[(12, 4), (17, 4), (4, 4), (14, 4), (15, 4)]
n=  8 pairs=  30 states= 8 top=[(26, 4), (12, 4), (15, 4), (27, 4), (16, 4)]
n=  9 pairs=  30 states= 8 top=[(11, 4), (23, 4), (14, 4), (18, 4), (6, 4)]
n= 10 pairs=  30 states= 8 top=[(29, 4), (19, 4), (17, 4), (20, 4), (15, 4)]
n= 11 pairs=  30 states= 8 top=[(18, 4), (0, 4), (8, 4), (30, 4), (12, 4)]
n= 12 pairs=  30 states= 8 top=[(9, 4), (28, 4), (13, 4), (20, 4), (14, 4)]
n= 13 pairs=  30 states= 8 top=[(2, 4), (10, 4), (1, 4), (0, 4), (20, 4)]
n= 14 pairs=  30 states= 8 top=[(28, 4), (8, 4), (3, 4), (22, 4), (30, 4)]
n= 15 pairs=  30 states= 8 top=[(25, 4), (22, 4), (19, 4), (4, 4), (0, 4)]
n= 16 pairs=  30 states= 8 top=[(24, 4), (21, 4), (18, 4), (3, 4), (30, 4)]
n= 17 pairs=  30 states= 8 top=[(25, 4), (5, 4), (0, 4), (19, 4), (27, 4)]
n= 18 pairs=  30 states= 8 top=[(28, 4), (5, 4), (27, 4), (26, 4), (15, 4)]
n= 19 pairs=  30 states= 8 top=[(2, 4), (21, 4), (6, 4), (13, 4), (7, 4)]
n= 20 pairs=  30 states= 8 top=[(9, 4), (22, 4), (30, 4), (21, 4), (3, 4)]
n= 21 pairs=  30 states= 8 top=[(18, 4), (8, 4), (6, 4), (9, 4), (4, 4)]
n= 22 pairs=  30 states= 8 top=[(29, 4), (10, 4), (1, 4), (5, 4), (24, 4)]
n= 23 pairs=  30 states= 8 top=[(11, 4), (28, 4), (0, 4), (12, 4), (1, 4)]
n= 24 pairs=  30 states= 8 top=[(26, 4), (0, 4), (18, 4), (28, 4), (29, 4)]
n= 25 pairs=  30 states= 8 top=[(12, 4), (19, 4), (1, 4), (26, 4), (22, 4)]
n= 26 pairs=  30 states= 8 top=[(0, 4), (23, 4), (3, 4), (9, 4), (2, 4)]
n= 27 pairs=  30 states= 8 top=[(21, 4), (1, 4), (16, 4), (6, 4), (14, 4)]
n= 28 pairs=  30 states= 8 top=[(13, 4), (17, 4), (6, 4), (11, 4), (16, 4)]
n= 29 pairs=  30 states= 8 top=[(7, 4), (8, 4), (26, 4), (16, 4), (14, 4)]
n= 30 pairs=  30 states= 8 top=[(13, 4), (17, 4), (19, 4), (0, 4), (7, 4)]
theoretical Bayes accuracy = 0.133333

4. PRIME RESIDUE DISTRIBUTION
------------------------------------------------------------------------------
[(1, 4933), (2, 4912), (3, 4911), (4, 4855), (5, 4903), (6, 4956), (7, 4919), (8, 4958), (9, 4905), (10, 4927), (11, 4950), (12, 4915), (13, 4881), (14, 4931), (15, 4865), (16, 4925), (17, 4970), (18, 4893), (19, 4912), (20, 4888), (21, 4897), (22, 4926), (23, 4899), (24, 4914), (25, 4908), (26, 4882), (27, 4910), (28, 4929), (29, 4907), (30, 4900)]

5. CONDITIONAL DISTRIBUTION DISTANCE
------------------------------------------------------------------------------
actual vs exact-field TV = 0.093804
actual vs empirical-null TV = 0.096432
actual vs uniform-null TV = 0.094721

6. OOS LOOKUP
------------------------------------------------------------------------------
actual train-state lookup accuracy = 0.135000
actual train-state lookup balanced = 0.140544
actual coverage = 1.000000
matched empirical-residue synthetic accuracy = 0.154000
exact finite-field Bayes accuracy = 0.133333

7. DETAILED CONDITIONAL STRUCTURE
------------------------------------------------------------------------------
N=  1: theory=[(11, 4), (15, 4), (17, 4), (29, 4), (5, 4), (6, 4), (2, 4), (1, 2)] actual=[(17, 20), (29, 19), (11, 17), (15, 16), (2, 16), (6, 13), (5, 12), (1, 5)]
N=  2: theory=[(3, 4), (4, 4), (22, 4), (12, 4), (10, 4), (30, 4), (27, 4), (2, 2)] actual=[(4, 30), (30, 16), (12, 15), (22, 15), (10, 15), (27, 14), (3, 9), (2, 6)]
N=  3: theory=[(7, 4), (11, 4), (0, 4), (5, 4), (10, 4), (19, 4), (23, 4), (22, 2)] actual=[(5, 24), (23, 22), (10, 17), (11, 16), (7, 15), (19, 14), (0, 13), (22, 9)]
N=  4: theory=[(13, 4), (24, 4), (8, 4), (29, 4), (6, 4), (23, 4), (20, 4), (4, 2)] actual=[(24, 22), (20, 19), (23, 18), (13, 17), (29, 16), (6, 11), (8, 10), (4, 6)]
N=  5: theory=[(21, 4), (13, 4), (24, 4), (30, 4), (23, 4), (25, 4), (10, 4), (5, 2)] actual=[(21, 21), (13, 20), (25, 19), (10, 19), (30, 18), (24, 18), (23, 13), (5, 8)]
N=  6: theory=[(0, 4), (7, 4), (20, 4), (14, 4), (10, 4), (15, 4), (22, 4), (13, 2)] actual=[(7, 22), (15, 20), (20, 20), (14, 19), (22, 18), (10, 16), (0, 12), (13, 6)]
N=  7: theory=[(12, 4), (17, 4), (4, 4), (14, 4), (15, 4), (26, 4), (11, 4), (7, 2)] actual=[(14, 25), (17, 25), (11, 23), (12, 23), (4, 22), (15, 16), (26, 16), (7, 10)]
N=  8: theory=[(26, 4), (12, 4), (15, 4), (27, 4), (16, 4), (17, 4), (9, 4), (8, 2)] actual=[(15, 21), (16, 20), (17, 19), (9, 17), (27, 17), (26, 13), (12, 13), (8, 7)]
N=  9: theory=[(11, 4), (23, 4), (14, 4), (18, 4), (6, 4), (29, 4), (13, 4), (9, 2)] actual=[(14, 21), (11, 15), (13, 15), (29, 14), (6, 13), (23, 12), (18, 11), (9, 9)]
N= 10: theory=[(29, 4), (19, 4), (17, 4), (20, 4), (15, 4), (11, 4), (26, 4), (10, 2)] actual=[(20, 26), (19, 25), (26, 23), (17, 19), (29, 15), (11, 14), (10, 13), (15, 12)]
N= 11: theory=[(18, 4), (0, 4), (8, 4), (30, 4), (12, 4), (5, 4), (16, 4), (29, 2)] actual=[(30, 23), (8, 20), (12, 19), (16, 17), (18, 16), (0, 12), (5, 12), (29, 7)]
N= 12: theory=[(9, 4), (28, 4), (13, 4), (20, 4), (14, 4), (0, 4), (30, 4), (26, 2)] actual=[(9, 28), (13, 24), (14, 21), (20, 18), (30, 15), (0, 15), (28, 12), (26, 10)]
N= 13: theory=[(2, 4), (10, 4), (1, 4), (0, 4), (20, 4), (27, 4), (17, 4), (23, 2)] actual=[(10, 25), (27, 22), (2, 21), (1, 17), (0, 15), (17, 14), (23, 14), (20, 14)]
N= 14: theory=[(28, 4), (8, 4), (3, 4), (22, 4), (30, 4), (24, 4), (21, 4), (14, 2)] actual=[(22, 26), (3, 24), (8, 21), (30, 17), (24, 15), (21, 15), (28, 13), (14, 9)]
N= 15: theory=[(25, 4), (22, 4), (19, 4), (4, 4), (0, 4), (24, 4), (2, 4), (17, 2)] actual=[(24, 22), (2, 21), (0, 19), (19, 18), (4, 15), (17, 14), (25, 13), (22, 12)]
N= 16: theory=[(24, 4), (21, 4), (18, 4), (3, 4), (30, 4), (23, 4), (1, 4), (16, 2)] actual=[(18, 24), (3, 24), (24, 19), (30, 17), (1, 17), (21, 10), (23, 10), (16, 10)]
N= 17: theory=[(25, 4), (5, 4), (0, 4), (19, 4), (27, 4), (21, 4), (18, 4), (11, 2)] actual=[(27, 25), (18, 21), (5, 20), (0, 19), (25, 18), (21, 13), (19, 12), (11, 8)]
N= 18: theory=[(28, 4), (5, 4), (27, 4), (26, 4), (15, 4), (22, 4), (12, 4), (18, 2)] actual=[(26, 25), (5, 20), (15, 19), (12, 19), (27, 15), (22, 14), (18, 13), (28, 13)]
N= 19: theory=[(2, 4), (21, 4), (6, 4), (13, 4), (7, 4), (24, 4), (23, 4), (19, 2)] actual=[(13, 23), (7, 20), (6, 18), (24, 17), (23, 15), (2, 15), (21, 11), (19, 4)]
N= 20: theory=[(9, 4), (22, 4), (30, 4), (21, 4), (3, 4), (27, 4), (7, 4), (20, 2)] actual=[(7, 35), (9, 22), (21, 20), (22, 20), (27, 16), (30, 12), (20, 11), (3, 8)]
N= 21: theory=[(18, 4), (8, 4), (6, 4), (9, 4), (4, 4), (0, 4), (15, 4), (30, 2)] actual=[(6, 23), (0, 21), (9, 21), (8, 18), (15, 16), (18, 15), (4, 14), (30, 6)]
N= 22: theory=[(29, 4), (10, 4), (1, 4), (5, 4), (24, 4), (16, 4), (0, 4), (27, 2)] actual=[(24, 24), (16, 21), (10, 17), (29, 16), (0, 15), (1, 11), (5, 10), (27, 4)]
N= 23: theory=[(11, 4), (28, 4), (0, 4), (12, 4), (1, 4), (2, 4), (25, 4), (24, 2)] actual=[(2, 22), (11, 22), (12, 18), (28, 17), (1, 15), (0, 12), (25, 12), (24, 11)]
N= 24: theory=[(26, 4), (0, 4), (18, 4), (28, 4), (29, 4), (9, 4), (25, 4), (21, 2)] actual=[(0, 25), (9, 25), (26, 22), (25, 18), (18, 18), (29, 17), (28, 17), (21, 7)]
N= 25: theory=[(12, 4), (19, 4), (1, 4), (26, 4), (22, 4), (27, 4), (3, 4), (25, 2)] actual=[(1, 26), (3, 18), (12, 18), (19, 17), (27, 16), (22, 12), (26, 10), (25, 8)]
N= 26: theory=[(0, 4), (23, 4), (3, 4), (9, 4), (2, 4), (4, 4), (20, 4), (15, 2)] actual=[(2, 30), (20, 22), (3, 20), (4, 18), (9, 18), (23, 17), (0, 15), (15, 6)]
N= 27: theory=[(21, 4), (1, 4), (16, 4), (6, 4), (14, 4), (0, 4), (28, 4), (12, 2)] actual=[(14, 22), (16, 21), (1, 20), (0, 20), (28, 20), (6, 18), (21, 18), (12, 14)]
N= 28: theory=[(13, 4), (17, 4), (6, 4), (11, 4), (16, 4), (25, 4), (29, 4), (28, 2)] actual=[(13, 18), (25, 16), (17, 16), (16, 16), (6, 15), (11, 15), (29, 15), (28, 9)]
N= 29: theory=[(7, 4), (8, 4), (26, 4), (16, 4), (14, 4), (3, 4), (0, 4), (6, 2)] actual=[(16, 22), (3, 21), (8, 19), (0, 18), (26, 16), (14, 10), (6, 9), (7, 6)]
N= 30: theory=[(13, 4), (17, 4), (19, 4), (0, 4), (7, 4), (8, 4), (4, 4), (3, 2)] actual=[(17, 26), (19, 22), (0, 22), (4, 20), (7, 18), (8, 17), (13, 17), (3, 6)]


==============================================================================
MODULUS ell = 37
==============================================================================

3. EXACT FINITE-FIELD MAP
------------------------------------------------------------------------------
n=  1 pairs=  36 states=10 top=[(31, 4), (4, 4), (22, 4), (27, 4), (8, 4)]
n=  2 pairs=  36 states= 9 top=[(3, 4), (28, 4), (5, 4), (35, 4), (30, 4)]
n=  3 pairs=  36 states=10 top=[(7, 4), (31, 4), (2, 4), (12, 4), (24, 4)]
n=  4 pairs=  36 states=10 top=[(13, 4), (15, 4), (32, 4), (16, 4), (34, 4)]
n=  5 pairs=  36 states= 9 top=[(21, 4), (33, 4), (15, 4), (1, 4), (6, 4)]
n=  6 pairs=  36 states= 9 top=[(31, 4), (7, 4), (3, 4), (16, 4), (9, 4)]
n=  7 pairs=  36 states=10 top=[(6, 4), (0, 4), (28, 4), (19, 4), (17, 4)]
n=  8 pairs=  36 states= 9 top=[(20, 4), (12, 4), (4, 4), (24, 4), (1, 4)]
n=  9 pairs=  36 states=10 top=[(36, 4), (6, 4), (19, 4), (0, 4), (20, 4)]
n= 10 pairs=  36 states=10 top=[(17, 4), (19, 4), (6, 4), (3, 4), (0, 4)]
n= 11 pairs=  36 states=10 top=[(0, 4), (14, 4), (32, 4), (1, 4), (7, 4)]
n= 12 pairs=  36 states=10 top=[(22, 4), (28, 4), (13, 4), (8, 4), (5, 4)]
n= 13 pairs=  36 states= 9 top=[(9, 4), (24, 4), (23, 4), (2, 4), (1, 4)]
n= 14 pairs=  36 states= 9 top=[(35, 4), (2, 4), (25, 4), (5, 4), (7, 4)]
n= 15 pairs=  36 states= 9 top=[(26, 4), (36, 4), (19, 4), (22, 4), (18, 4)]
n= 16 pairs=  36 states=10 top=[(19, 4), (15, 4), (5, 4), (0, 4), (23, 4)]
n= 17 pairs=  36 states= 9 top=[(14, 4), (13, 4), (20, 4), (24, 4), (26, 4)]
n= 18 pairs=  36 states= 9 top=[(11, 4), (30, 4), (27, 4), (9, 4), (17, 4)]
n= 19 pairs=  36 states= 9 top=[(10, 4), (29, 4), (26, 4), (8, 4), (16, 4)]
n= 20 pairs=  36 states= 9 top=[(11, 4), (10, 4), (17, 4), (21, 4), (23, 4)]
n= 21 pairs=  36 states=10 top=[(14, 4), (10, 4), (0, 4), (32, 4), (18, 4)]
n= 22 pairs=  36 states= 9 top=[(19, 4), (29, 4), (12, 4), (15, 4), (11, 4)]
n= 23 pairs=  36 states= 9 top=[(26, 4), (30, 4), (16, 4), (33, 4), (35, 4)]
n= 24 pairs=  36 states= 9 top=[(35, 4), (13, 4), (12, 4), (28, 4), (27, 4)]
n= 25 pairs=  36 states=10 top=[(9, 4), (15, 4), (0, 4), (32, 4), (29, 4)]
n= 26 pairs=  36 states=10 top=[(22, 4), (36, 4), (17, 4), (23, 4), (29, 4)]
n= 27 pairs=  36 states=10 top=[(0, 4), (2, 4), (26, 4), (23, 4), (20, 4)]
n= 28 pairs=  36 states=10 top=[(17, 4), (24, 4), (0, 4), (18, 4), (1, 4)]
n= 29 pairs=  36 states= 9 top=[(36, 4), (28, 4), (20, 4), (3, 4), (17, 4)]
n= 30 pairs=  36 states=10 top=[(20, 4), (14, 4), (5, 4), (33, 4), (31, 4)]
n= 31 pairs=  36 states= 9 top=[(6, 4), (19, 4), (15, 4), (28, 4), (21, 4)]
n= 32 pairs=  36 states= 9 top=[(31, 4), (6, 4), (25, 4), (11, 4), (16, 4)]
n= 33 pairs=  36 states=10 top=[(21, 4), (23, 4), (3, 4), (24, 4), (5, 4)]
n= 34 pairs=  36 states=10 top=[(13, 4), (0, 4), (8, 4), (18, 4), (30, 4)]
n= 35 pairs=  36 states= 9 top=[(7, 4), (32, 4), (9, 4), (2, 4), (34, 4)]
n= 36 pairs=  36 states=10 top=[(33, 4), (6, 4), (24, 4), (29, 4), (10, 4)]
theoretical Bayes accuracy = 0.111111

4. PRIME RESIDUE DISTRIBUTION
------------------------------------------------------------------------------
[(1, 4088), (2, 4084), (3, 4084), (4, 4132), (5, 4122), (6, 4109), (7, 4138), (8, 4049), (9, 4121), (10, 4111), (11, 4085), (12, 4105), (13, 4097), (14, 4061), (15, 4147), (16, 4140), (17, 4103), (18, 4045), (19, 4127), (20, 4092), (21, 4063), (22, 4100), (23, 4113), (24, 4091), (25, 4063), (26, 4093), (27, 4101), (28, 4065), (29, 4079), (30, 4063), (31, 4096), (32, 4098), (33, 4114), (34, 4059), (35, 4125), (36, 4018)]

5. CONDITIONAL DISTRIBUTION DISTANCE
------------------------------------------------------------------------------
actual vs exact-field TV = 0.104867
actual vs empirical-null TV = 0.107113
actual vs uniform-null TV = 0.109053

6. OOS LOOKUP
------------------------------------------------------------------------------
actual train-state lookup accuracy = 0.104000
actual train-state lookup balanced = 0.105184
actual coverage = 1.000000
matched empirical-residue synthetic accuracy = 0.117000
exact finite-field Bayes accuracy = 0.111111

7. DETAILED CONDITIONAL STRUCTURE
------------------------------------------------------------------------------
N=  1: theory=[(31, 4), (4, 4), (22, 4), (27, 4), (8, 4), (0, 4), (35, 4), (13, 4), (1, 2), (34, 2)] actual=[(13, 16), (27, 13), (31, 12), (22, 12), (35, 12), (8, 11), (4, 9), (0, 9), (34, 4)]
N=  2: theory=[(3, 4), (28, 4), (5, 4), (35, 4), (30, 4), (32, 4), (27, 4), (1, 4), (6, 4)] actual=[(30, 16), (28, 14), (1, 13), (3, 11), (27, 11), (5, 11), (32, 11), (35, 10), (6, 9)]
N=  3: theory=[(7, 4), (31, 4), (2, 4), (12, 4), (24, 4), (19, 4), (0, 4), (29, 4), (3, 2), (28, 2)] actual=[(0, 13), (7, 13), (31, 12), (2, 11), (24, 11), (12, 8), (19, 6), (29, 5), (3, 5), (28, 5)]
N=  4: theory=[(13, 4), (15, 4), (32, 4), (16, 4), (34, 4), (14, 4), (0, 4), (29, 4), (4, 2), (25, 2)] actual=[(13, 25), (14, 20), (0, 19), (16, 14), (29, 12), (34, 11), (15, 10), (32, 9), (4, 6), (25, 5)]
N=  5: theory=[(21, 4), (33, 4), (15, 4), (1, 4), (6, 4), (32, 4), (12, 4), (26, 4), (31, 4)] actual=[(32, 13), (6, 11), (21, 11), (33, 11), (1, 10), (15, 10), (12, 9), (31, 7), (26, 6)]
N=  6: theory=[(31, 4), (7, 4), (3, 4), (16, 4), (9, 4), (10, 4), (22, 4), (15, 4), (18, 4)] actual=[(15, 17), (18, 17), (10, 16), (16, 14), (7, 14), (9, 11), (22, 11), (31, 11), (3, 7)]
N=  7: theory=[(6, 4), (0, 4), (28, 4), (19, 4), (17, 4), (4, 4), (23, 4), (32, 4), (7, 2), (16, 2)] actual=[(19, 17), (28, 15), (32, 12), (4, 11), (0, 11), (23, 11), (6, 10), (7, 9), (17, 7), (16, 6)]
N=  8: theory=[(20, 4), (12, 4), (4, 4), (24, 4), (1, 4), (34, 4), (29, 4), (9, 4), (17, 4)] actual=[(4, 20), (17, 20), (9, 20), (29, 13), (1, 13), (20, 13), (24, 11), (34, 11), (12, 7)]
N=  9: theory=[(36, 4), (6, 4), (19, 4), (0, 4), (20, 4), (21, 4), (13, 4), (35, 4), (9, 2), (10, 2)] actual=[(20, 17), (19, 17), (21, 16), (36, 15), (0, 14), (13, 12), (6, 12), (35, 10), (9, 9), (10, 8)]
N= 10: theory=[(17, 4), (19, 4), (6, 4), (3, 4), (0, 4), (35, 4), (14, 4), (11, 4), (7, 2), (10, 2)] actual=[(0, 18), (11, 14), (14, 13), (19, 12), (17, 10), (3, 9), (10, 8), (6, 8), (35, 7), (7, 5)]
N= 11: theory=[(0, 4), (14, 4), (32, 4), (1, 4), (7, 4), (15, 4), (8, 4), (20, 4), (4, 2), (11, 2)] actual=[(1, 16), (7, 15), (20, 12), (4, 12), (32, 10), (8, 8), (14, 8), (15, 7), (0, 6), (11, 2)]
N= 12: theory=[(22, 4), (28, 4), (13, 4), (8, 4), (5, 4), (11, 4), (0, 4), (2, 4), (1, 2), (12, 2)] actual=[(11, 18), (13, 17), (28, 14), (8, 14), (22, 14), (2, 13), (0, 11), (1, 7), (5, 7), (12, 4)]
N= 13: theory=[(9, 4), (24, 4), (23, 4), (2, 4), (1, 4), (10, 4), (34, 4), (25, 4), (14, 4)] actual=[(10, 18), (2, 15), (25, 14), (1, 14), (23, 13), (24, 10), (14, 9), (9, 9), (34, 7)]
N= 14: theory=[(35, 4), (2, 4), (25, 4), (5, 4), (7, 4), (11, 4), (23, 4), (21, 4), (4, 4)] actual=[(23, 14), (5, 14), (11, 13), (35, 13), (21, 13), (2, 12), (25, 11), (4, 9), (7, 8)]
N= 15: theory=[(26, 4), (36, 4), (19, 4), (22, 4), (18, 4), (25, 4), (8, 4), (3, 4), (4, 4)] actual=[(19, 24), (8, 14), (18, 12), (22, 12), (26, 12), (36, 12), (25, 11), (4, 9), (3, 6)]
N= 16: theory=[(19, 4), (15, 4), (5, 4), (0, 4), (23, 4), (17, 4), (27, 4), (25, 4), (16, 2), (26, 2)] actual=[(25, 13), (27, 13), (23, 12), (17, 11), (0, 11), (15, 11), (19, 9), (5, 9), (26, 6), (16, 6)]
N= 17: theory=[(14, 4), (13, 4), (20, 4), (24, 4), (26, 4), (16, 4), (7, 4), (33, 4), (27, 4)] actual=[(20, 15), (26, 15), (16, 13), (14, 12), (27, 12), (24, 10), (33, 10), (7, 7), (13, 7)]
N= 18: theory=[(11, 4), (30, 4), (27, 4), (9, 4), (17, 4), (21, 4), (29, 4), (8, 4), (19, 4)] actual=[(29, 17), (9, 17), (30, 13), (21, 13), (27, 12), (17, 12), (11, 12), (8, 11), (19, 10)]
N= 19: theory=[(10, 4), (29, 4), (26, 4), (8, 4), (16, 4), (20, 4), (28, 4), (7, 4), (18, 4)] actual=[(16, 15), (29, 15), (7, 14), (26, 13), (8, 12), (18, 10), (28, 10), (20, 9), (10, 8)]
N= 20: theory=[(11, 4), (10, 4), (17, 4), (21, 4), (23, 4), (13, 4), (4, 4), (30, 4), (24, 4)] actual=[(24, 21), (4, 16), (13, 15), (11, 14), (30, 14), (23, 14), (21, 13), (10, 12), (17, 12)]
N= 21: theory=[(14, 4), (10, 4), (0, 4), (32, 4), (18, 4), (12, 4), (22, 4), (20, 4), (11, 2), (21, 2)] actual=[(12, 19), (0, 17), (20, 17), (14, 15), (22, 14), (32, 14), (18, 13), (10, 12), (21, 9), (11, 7)]
N= 22: theory=[(19, 4), (29, 4), (12, 4), (15, 4), (11, 4), (18, 4), (1, 4), (33, 4), (34, 4)] actual=[(19, 22), (15, 19), (11, 18), (18, 17), (12, 14), (29, 11), (33, 10), (1, 10), (34, 9)]
N= 23: theory=[(26, 4), (30, 4), (16, 4), (33, 4), (35, 4), (2, 4), (14, 4), (12, 4), (32, 4)] actual=[(2, 18), (30, 16), (12, 15), (32, 13), (33, 13), (14, 12), (16, 11), (35, 11), (26, 10)]
N= 24: theory=[(35, 4), (13, 4), (12, 4), (28, 4), (27, 4), (36, 4), (23, 4), (14, 4), (3, 4)] actual=[(13, 17), (35, 13), (28, 13), (36, 12), (23, 12), (14, 11), (27, 10), (12, 8), (3, 4)]
N= 25: theory=[(9, 4), (15, 4), (0, 4), (32, 4), (29, 4), (35, 4), (24, 4), (26, 4), (25, 2), (36, 2)] actual=[(35, 15), (9, 14), (0, 14), (29, 10), (26, 10), (24, 9), (32, 8), (15, 6), (25, 5), (36, 5)]
N= 26: theory=[(22, 4), (36, 4), (17, 4), (23, 4), (29, 4), (0, 4), (30, 4), (5, 4), (26, 2), (33, 2)] actual=[(23, 16), (0, 15), (17, 14), (29, 14), (36, 11), (5, 10), (22, 10), (30, 8), (33, 4), (26, 3)]
N= 27: theory=[(0, 4), (2, 4), (26, 4), (23, 4), (20, 4), (18, 4), (34, 4), (31, 4), (27, 2), (30, 2)] actual=[(31, 22), (20, 15), (18, 14), (0, 13), (34, 13), (23, 12), (26, 11), (2, 10), (30, 7), (27, 4)]
N= 28: theory=[(17, 4), (24, 4), (0, 4), (18, 4), (1, 4), (2, 4), (31, 4), (16, 4), (27, 2), (28, 2)] actual=[(24, 21), (17, 18), (16, 17), (1, 13), (0, 12), (2, 11), (31, 8), (18, 6), (27, 6), (28, 3)]
N= 29: theory=[(36, 4), (28, 4), (20, 4), (3, 4), (17, 4), (13, 4), (8, 4), (25, 4), (33, 4)] actual=[(28, 19), (20, 14), (33, 14), (8, 12), (17, 12), (13, 11), (3, 10), (36, 9), (25, 9)]
N= 30: theory=[(20, 4), (14, 4), (5, 4), (33, 4), (31, 4), (18, 4), (0, 4), (9, 4), (21, 2), (30, 2)] actual=[(14, 19), (9, 17), (31, 12), (5, 12), (0, 11), (20, 9), (33, 9), (21, 9), (18, 6), (30, 5)]
N= 31: theory=[(6, 4), (19, 4), (15, 4), (28, 4), (21, 4), (22, 4), (34, 4), (27, 4), (30, 4)] actual=[(30, 18), (15, 15), (28, 15), (22, 14), (27, 14), (34, 12), (19, 11), (21, 11), (6, 10)]
N= 32: theory=[(31, 4), (6, 4), (25, 4), (11, 4), (16, 4), (5, 4), (22, 4), (36, 4), (4, 4)] actual=[(6, 23), (16, 15), (31, 15), (25, 14), (4, 14), (11, 14), (36, 11), (5, 8), (22, 7)]
N= 33: theory=[(21, 4), (23, 4), (3, 4), (24, 4), (5, 4), (22, 4), (8, 4), (0, 4), (12, 2), (33, 2)] actual=[(24, 16), (3, 14), (5, 13), (23, 13), (12, 10), (22, 10), (0, 9), (21, 8), (33, 7), (8, 6)]
N= 34: theory=[(13, 4), (0, 4), (8, 4), (18, 4), (30, 4), (25, 4), (6, 4), (35, 4), (9, 2), (34, 2)] actual=[(0, 13), (6, 13), (25, 12), (30, 11), (13, 11), (35, 10), (18, 10), (34, 9), (8, 8), (9, 5)]
N= 35: theory=[(7, 4), (32, 4), (9, 4), (2, 4), (34, 4), (36, 4), (31, 4), (5, 4), (10, 4)] actual=[(34, 16), (32, 12), (7, 11), (10, 10), (2, 10), (5, 9), (31, 9), (36, 8), (9, 7)]
N= 36: theory=[(33, 4), (6, 4), (24, 4), (29, 4), (10, 4), (2, 4), (0, 4), (15, 4), (3, 2), (36, 2)] actual=[(24, 24), (0, 15), (15, 14), (33, 11), (6, 11), (2, 11), (10, 10), (29, 10), (3, 7), (36, 4)]


==============================================================================
MODULUS ell = 61
==============================================================================

3. EXACT FINITE-FIELD MAP
------------------------------------------------------------------------------
n=  1 pairs=  60 states=16 top=[(49, 4), (42, 4), (57, 4), (46, 4), (13, 4)]
n=  2 pairs=  60 states=15 top=[(3, 4), (21, 4), (60, 4), (50, 4), (7, 4)]
n=  3 pairs=  60 states=16 top=[(7, 4), (49, 4), (25, 4), (37, 4), (18, 4)]
n=  4 pairs=  60 states=16 top=[(13, 4), (0, 4), (7, 4), (46, 4), (3, 4)]
n=  5 pairs=  60 states=16 top=[(21, 4), (51, 4), (0, 4), (24, 4), (30, 4)]
n=  6 pairs=  60 states=15 top=[(31, 4), (7, 4), (58, 4), (18, 4), (40, 4)]
n=  7 pairs=  60 states=15 top=[(43, 4), (55, 4), (21, 4), (54, 4), (59, 4)]
n=  8 pairs=  60 states=15 top=[(57, 4), (12, 4), (42, 4), (22, 4), (23, 4)]
n=  9 pairs=  60 states=16 top=[(12, 4), (0, 4), (54, 4), (29, 4), (14, 4)]
n= 10 pairs=  60 states=15 top=[(30, 4), (19, 4), (44, 4), (58, 4), (22, 4)]
n= 11 pairs=  60 states=15 top=[(50, 4), (8, 4), (25, 4), (24, 4), (53, 4)]
n= 12 pairs=  60 states=16 top=[(11, 4), (28, 4), (13, 4), (9, 4), (39, 4)]
n= 13 pairs=  60 states=16 top=[(35, 4), (18, 4), (8, 4), (25, 4), (9, 4)]
n= 14 pairs=  60 states=16 top=[(0, 4), (39, 4), (10, 4), (60, 4), (53, 4)]
n= 15 pairs=  60 states=16 top=[(28, 4), (30, 4), (19, 4), (57, 4), (12, 4)]
n= 16 pairs=  60 states=16 top=[(58, 4), (52, 4), (35, 4), (29, 4), (0, 4)]
n= 17 pairs=  60 states=15 top=[(29, 4), (44, 4), (58, 4), (59, 4), (22, 4)]
n= 18 pairs=  60 states=15 top=[(2, 4), (6, 4), (27, 4), (3, 4), (59, 4)]
n= 19 pairs=  60 states=16 top=[(38, 4), (60, 4), (3, 4), (31, 4), (18, 4)]
n= 20 pairs=  60 states=16 top=[(15, 4), (23, 4), (47, 4), (21, 4), (0, 4)]
n= 21 pairs=  60 states=15 top=[(55, 4), (17, 4), (37, 4), (34, 4), (7, 4)]
n= 22 pairs=  60 states=16 top=[(36, 4), (42, 4), (34, 4), (9, 4), (37, 4)]
n= 23 pairs=  60 states=15 top=[(19, 4), (37, 4), (38, 4), (7, 4), (50, 4)]
n= 24 pairs=  60 states=15 top=[(4, 4), (2, 4), (49, 4), (28, 4), (46, 4)]
n= 25 pairs=  60 states=16 top=[(52, 4), (59, 4), (6, 4), (11, 4), (38, 4)]
n= 26 pairs=  60 states=15 top=[(41, 4), (25, 4), (31, 4), (17, 4), (48, 4)]
n= 27 pairs=  60 states=16 top=[(32, 4), (22, 4), (2, 4), (46, 4), (54, 4)]
n= 28 pairs=  60 states=15 top=[(25, 4), (50, 4), (41, 4), (37, 4), (43, 4)]
n= 29 pairs=  60 states=15 top=[(20, 4), (48, 4), (26, 4), (51, 4), (15, 4)]
n= 30 pairs=  60 states=15 top=[(17, 4), (16, 4), (18, 4), (27, 4), (31, 4)]
n= 31 pairs=  60 states=15 top=[(16, 4), (15, 4), (17, 4), (26, 4), (30, 4)]
n= 32 pairs=  60 states=15 top=[(17, 4), (45, 4), (23, 4), (48, 4), (12, 4)]
n= 33 pairs=  60 states=15 top=[(20, 4), (45, 4), (36, 4), (32, 4), (38, 4)]
n= 34 pairs=  60 states=16 top=[(25, 4), (15, 4), (56, 4), (39, 4), (47, 4)]
n= 35 pairs=  60 states=15 top=[(32, 4), (16, 4), (22, 4), (8, 4), (39, 4)]
n= 36 pairs=  60 states=16 top=[(41, 4), (48, 4), (56, 4), (0, 4), (27, 4)]
n= 37 pairs=  60 states=15 top=[(52, 4), (50, 4), (36, 4), (15, 4), (33, 4)]
n= 38 pairs=  60 states=15 top=[(4, 4), (22, 4), (23, 4), (53, 4), (35, 4)]
n= 39 pairs=  60 states=16 top=[(19, 4), (25, 4), (17, 4), (53, 4), (20, 4)]
n= 40 pairs=  60 states=15 top=[(36, 4), (59, 4), (18, 4), (15, 4), (49, 4)]
n= 41 pairs=  60 states=16 top=[(55, 4), (2, 4), (26, 4), (0, 4), (40, 4)]
n= 42 pairs=  60 states=16 top=[(15, 4), (37, 4), (41, 4), (8, 4), (56, 4)]
n= 43 pairs=  60 states=15 top=[(38, 4), (42, 4), (2, 4), (39, 4), (34, 4)]
n= 44 pairs=  60 states=15 top=[(2, 4), (17, 4), (31, 4), (32, 4), (56, 4)]
n= 45 pairs=  60 states=16 top=[(29, 4), (23, 4), (6, 4), (0, 4), (32, 4)]
n= 46 pairs=  60 states=16 top=[(58, 4), (60, 4), (49, 4), (26, 4), (42, 4)]
n= 47 pairs=  60 states=16 top=[(28, 4), (6, 4), (38, 4), (27, 4), (20, 4)]
n= 48 pairs=  60 states=16 top=[(0, 4), (44, 4), (34, 4), (51, 4), (35, 4)]
n= 49 pairs=  60 states=16 top=[(35, 4), (52, 4), (37, 4), (33, 4), (2, 4)]
n= 50 pairs=  60 states=15 top=[(11, 4), (30, 4), (47, 4), (46, 4), (14, 4)]
n= 51 pairs=  60 states=15 top=[(50, 4), (39, 4), (3, 4), (17, 4), (42, 4)]
n= 52 pairs=  60 states=16 top=[(30, 4), (18, 4), (11, 4), (47, 4), (32, 4)]
n= 53 pairs=  60 states=15 top=[(12, 4), (28, 4), (58, 4), (38, 4), (39, 4)]
n= 54 pairs=  60 states=15 top=[(57, 4), (8, 4), (35, 4), (7, 4), (12, 4)]
n= 55 pairs=  60 states=15 top=[(43, 4), (19, 4), (9, 4), (30, 4), (52, 4)]
n= 56 pairs=  60 states=16 top=[(31, 4), (0, 4), (10, 4), (34, 4), (40, 4)]
n= 57 pairs=  60 states=16 top=[(21, 4), (8, 4), (15, 4), (54, 4), (11, 4)]
n= 58 pairs=  60 states=16 top=[(13, 4), (55, 4), (31, 4), (43, 4), (24, 4)]
n= 59 pairs=  60 states=15 top=[(7, 4), (25, 4), (3, 4), (54, 4), (11, 4)]
n= 60 pairs=  60 states=16 top=[(51, 4), (44, 4), (59, 4), (48, 4), (15, 4)]
theoretical Bayes accuracy = 0.066667

4. PRIME RESIDUE DISTRIBUTION
------------------------------------------------------------------------------
[(1, 2442), (2, 2441), (3, 2478), (4, 2466), (5, 2528), (6, 2421), (7, 2427), (8, 2483), (9, 2477), (10, 2455), (11, 2417), (12, 2432), (13, 2425), (14, 2432), (15, 2472), (16, 2450), (17, 2449), (18, 2476), (19, 2476), (20, 2455), (21, 2431), (22, 2439), (23, 2464), (24, 2445), (25, 2418), (26, 2459), (27, 2438), (28, 2446), (29, 2449), (30, 2416), (31, 2481), (32, 2424), (33, 2488), (34, 2445), (35, 2449), (36, 2438), (37, 2439), (38, 2434), (39, 2482), (40, 2472), (41, 2462), (42, 2443), (43, 2482), (44, 2463), (45, 2484), (46, 2478), (47, 2422), (48, 2456), (49, 2484), (50, 2479), (51, 2500), (52, 2427), (53, 2443), (54, 2467), (55, 2457), (56, 2469), (57, 2499), (58, 2448), (59, 2459), (60, 2500)]

5. CONDITIONAL DISTRIBUTION DISTANCE
------------------------------------------------------------------------------
actual vs exact-field TV = 0.179732
actual vs empirical-null TV = 0.183898
actual vs uniform-null TV = 0.181546

6. OOS LOOKUP
------------------------------------------------------------------------------
actual train-state lookup accuracy = 0.065000
actual train-state lookup balanced = 0.066171
actual coverage = 1.000000
matched empirical-residue synthetic accuracy = 0.077000
exact finite-field Bayes accuracy = 0.066667

7. DETAILED CONDITIONAL STRUCTURE
------------------------------------------------------------------------------
N=  1: theory=[(49, 4), (42, 4), (57, 4), (46, 4), (13, 4), (53, 4), (43, 4), (16, 4), (59, 4), (6, 4), (2, 4), (0, 4), (10, 4), (17, 4), (1, 2), (58, 2)] actual=[(16, 10), (43, 7), (59, 6), (0, 5), (53, 5), (6, 5), (2, 5), (10, 4), (46, 4), (57, 4), (49, 4), (58, 3), (13, 3), (42, 2), (17, 2)]
N=  2: theory=[(3, 4), (21, 4), (60, 4), (50, 4), (7, 4), (6, 4), (43, 4), (59, 4), (54, 4), (36, 4), (16, 4), (51, 4), (58, 4), (14, 4), (41, 4)] actual=[(41, 9), (14, 9), (54, 8), (6, 7), (21, 7), (16, 6), (51, 5), (59, 4), (43, 4), (50, 4), (7, 4), (58, 3), (36, 3), (3, 2), (60, 2)]
N=  3: theory=[(7, 4), (49, 4), (25, 4), (37, 4), (18, 4), (30, 4), (51, 4), (55, 4), (48, 4), (0, 4), (39, 4), (6, 4), (16, 4), (4, 4), (3, 2), (52, 2)] actual=[(6, 6), (48, 6), (37, 5), (4, 5), (0, 5), (25, 5), (55, 4), (49, 4), (30, 4), (52, 4), (16, 3), (18, 3), (39, 2), (3, 2), (51, 1), (7, 1)]
N=  4: theory=[(13, 4), (0, 4), (7, 4), (46, 4), (3, 4), (45, 4), (29, 4), (1, 4), (40, 4), (52, 4), (50, 4), (24, 4), (8, 4), (53, 4), (4, 2), (49, 2)] actual=[(8, 10), (29, 8), (13, 6), (45, 6), (0, 6), (1, 5), (50, 5), (7, 5), (3, 5), (46, 4), (4, 4), (24, 4), (49, 3), (52, 3), (53, 2), (40, 2)]
N=  5: theory=[(21, 4), (51, 4), (0, 4), (24, 4), (30, 4), (47, 4), (1, 4), (19, 4), (32, 4), (10, 4), (4, 4), (27, 4), (41, 4), (50, 4), (46, 2), (5, 2)] actual=[(21, 7), (32, 6), (4, 5), (0, 5), (19, 4), (50, 4), (41, 4), (30, 3), (24, 2), (1, 2), (51, 2), (47, 2), (10, 2), (5, 1), (27, 1)]
N=  6: theory=[(31, 4), (7, 4), (58, 4), (18, 4), (40, 4), (9, 4), (28, 4), (48, 4), (1, 4), (21, 4), (52, 4), (2, 4), (47, 4), (55, 4), (42, 4)] actual=[(7, 9), (21, 8), (58, 7), (42, 7), (1, 7), (18, 7), (2, 6), (52, 5), (55, 4), (47, 4), (28, 4), (9, 4), (31, 3), (40, 3), (48, 1)]
N=  7: theory=[(43, 4), (55, 4), (21, 4), (54, 4), (59, 4), (49, 4), (53, 4), (27, 4), (4, 4), (20, 4), (6, 4), (52, 4), (26, 4), (41, 4), (56, 4)] actual=[(4, 6), (20, 6), (49, 6), (53, 5), (54, 4), (26, 4), (52, 4), (27, 4), (59, 2), (6, 2), (56, 2), (21, 2), (55, 2), (41, 1), (43, 1)]
N=  8: theory=[(57, 4), (12, 4), (42, 4), (22, 4), (23, 4), (56, 4), (3, 4), (17, 4), (49, 4), (28, 4), (24, 4), (21, 4), (50, 4), (33, 4), (53, 4)] actual=[(12, 10), (42, 8), (28, 6), (22, 6), (49, 6), (23, 5), (24, 5), (50, 5), (57, 4), (3, 3), (53, 3), (17, 2), (56, 2), (21, 1)]
N=  9: theory=[(12, 4), (0, 4), (54, 4), (29, 4), (14, 4), (18, 4), (21, 4), (31, 4), (25, 4), (48, 4), (50, 4), (56, 4), (43, 4), (22, 4), (9, 2), (34, 2)] actual=[(18, 7), (9, 6), (21, 5), (56, 5), (54, 4), (31, 4), (29, 4), (25, 3), (50, 3), (0, 3), (14, 3), (12, 3), (34, 2), (43, 2), (22, 2), (48, 1)]
N= 10: theory=[(30, 4), (19, 4), (44, 4), (58, 4), (22, 4), (51, 4), (6, 4), (15, 4), (11, 4), (56, 4), (46, 4), (26, 4), (9, 4), (32, 4), (35, 4)] actual=[(46, 6), (56, 5), (19, 5), (44, 4), (30, 4), (15, 4), (35, 4), (11, 4), (22, 3), (32, 3), (26, 3), (58, 3), (6, 3), (51, 2), (9, 2)]
N= 11: theory=[(50, 4), (8, 4), (25, 4), (24, 4), (53, 4), (47, 4), (33, 4), (12, 4), (23, 4), (16, 4), (15, 4), (6, 4), (14, 4), (31, 4), (27, 4)] actual=[(33, 7), (14, 5), (8, 5), (12, 5), (15, 5), (16, 5), (53, 5), (25, 5), (31, 5), (47, 4), (27, 3), (24, 3), (6, 3), (50, 2), (23, 1)]
N= 12: theory=[(11, 4), (28, 4), (13, 4), (9, 4), (39, 4), (3, 4), (26, 4), (16, 4), (59, 4), (24, 4), (21, 4), (37, 4), (34, 4), (0, 4), (25, 2), (12, 2)] actual=[(39, 9), (24, 7), (3, 7), (16, 7), (13, 6), (9, 6), (0, 5), (21, 5), (11, 4), (12, 4), (59, 4), (26, 3), (37, 3), (28, 3), (25, 2), (34, 1)]
N= 13: theory=[(35, 4), (18, 4), (8, 4), (25, 4), (9, 4), (26, 4), (27, 4), (49, 4), (10, 4), (0, 4), (47, 4), (58, 4), (17, 4), (38, 4), (13, 2), (22, 2)] actual=[(26, 8), (17, 8), (18, 6), (35, 6), (9, 5), (49, 5), (10, 4), (58, 4), (27, 4), (0, 4), (47, 3), (22, 3), (8, 3), (13, 2), (25, 2), (38, 2)]
N= 14: theory=[(0, 4), (39, 4), (10, 4), (60, 4), (53, 4), (41, 4), (34, 4), (28, 4), (5, 4), (33, 4), (55, 4), (15, 4), (18, 4), (23, 4), (19, 2), (14, 2)] actual=[(34, 7), (18, 6), (39, 5), (41, 5), (0, 4), (28, 4), (23, 4), (33, 4), (53, 4), (55, 3), (5, 3), (15, 3), (60, 3), (14, 2), (10, 2)]
N= 15: theory=[(28, 4), (30, 4), (19, 4), (57, 4), (12, 4), (0, 4), (2, 4), (1, 4), (11, 4), (3, 4), (20, 4), (29, 4), (31, 4), (35, 4), (15, 2), (16, 2)] actual=[(20, 6), (29, 5), (35, 5), (19, 5), (12, 5), (28, 5), (57, 4), (1, 4), (11, 4), (2, 3), (30, 3), (0, 3), (16, 2), (15, 2), (31, 1), (3, 1)]
N= 16: theory=[(58, 4), (52, 4), (35, 4), (29, 4), (0, 4), (32, 4), (28, 4), (1, 4), (4, 4), (12, 4), (55, 4), (25, 4), (38, 4), (17, 4), (16, 2), (13, 2)] actual=[(0, 7), (28, 6), (4, 6), (38, 5), (1, 5), (17, 5), (35, 5), (12, 5), (55, 5), (58, 4), (29, 4), (32, 3), (52, 3), (25, 2), (13, 1), (16, 1)]
N= 17: theory=[(29, 4), (44, 4), (58, 4), (59, 4), (22, 4), (5, 4), (13, 4), (1, 4), (51, 4), (56, 4), (32, 4), (37, 4), (14, 4), (30, 4), (26, 4)] actual=[(29, 8), (32, 6), (1, 6), (22, 5), (51, 4), (30, 4), (44, 3), (56, 3), (58, 3), (37, 3), (13, 3), (5, 2), (26, 1), (14, 1), (59, 1)]
N= 18: theory=[(2, 4), (6, 4), (27, 4), (3, 4), (59, 4), (4, 4), (32, 4), (34, 4), (23, 4), (52, 4), (21, 4), (22, 4), (54, 4), (19, 4), (43, 4)] actual=[(43, 12), (2, 7), (27, 7), (52, 7), (23, 6), (34, 5), (54, 3), (22, 3), (19, 3), (59, 3), (3, 3), (32, 2), (4, 2), (6, 2)]
N= 19: theory=[(38, 4), (60, 4), (3, 4), (31, 4), (18, 4), (5, 4), (23, 4), (16, 4), (46, 4), (0, 4), (24, 4), (53, 4), (7, 4), (20, 4), (4, 2), (19, 2)] actual=[(24, 6), (38, 5), (53, 5), (31, 5), (20, 5), (3, 5), (46, 5), (5, 4), (18, 4), (4, 4), (0, 4), (16, 4), (23, 3), (7, 2), (60, 2), (19, 2)]
N= 20: theory=[(15, 4), (23, 4), (47, 4), (21, 4), (0, 4), (16, 4), (35, 4), (6, 4), (59, 4), (42, 4), (5, 4), (17, 4), (4, 4), (40, 4), (20, 2), (1, 2)] actual=[(23, 8), (5, 8), (4, 7), (0, 7), (21, 7), (15, 7), (42, 6), (6, 6), (47, 5), (35, 5), (17, 3), (1, 3), (59, 2), (20, 2), (16, 2), (40, 2)]
N= 21: theory=[(55, 4), (17, 4), (37, 4), (34, 4), (7, 4), (12, 4), (18, 4), (25, 4), (46, 4), (40, 4), (1, 4), (43, 4), (20, 4), (2, 4), (60, 4)] actual=[(40, 7), (7, 7), (55, 6), (1, 5), (37, 5), (18, 5), (12, 5), (43, 5), (46, 5), (34, 4), (17, 4), (2, 4), (20, 3), (25, 2), (60, 2)]
N= 22: theory=[(36, 4), (42, 4), (34, 4), (9, 4), (37, 4), (41, 4), (7, 4), (0, 4), (10, 4), (47, 4), (17, 4), (8, 4), (44, 4), (31, 4), (56, 2), (22, 2)] actual=[(9, 8), (44, 8), (10, 7), (47, 6), (8, 6), (34, 5), (37, 5), (31, 4), (0, 3), (7, 2), (22, 2), (41, 2), (36, 1), (17, 1), (42, 1)]
N= 23: theory=[(19, 4), (37, 4), (38, 4), (7, 4), (50, 4), (26, 4), (48, 4), (14, 4), (57, 4), (28, 4), (8, 4), (4, 4), (11, 4), (39, 4), (1, 4)] actual=[(8, 9), (38, 8), (50, 6), (37, 6), (4, 5), (57, 5), (7, 5), (14, 4), (28, 4), (11, 4), (1, 3), (48, 2), (26, 2), (39, 2), (19, 1)]
N= 24: theory=[(4, 4), (2, 4), (49, 4), (28, 4), (46, 4), (38, 4), (37, 4), (11, 4), (9, 4), (8, 4), (23, 4), (36, 4), (51, 4), (5, 4), (25, 4)] actual=[(4, 9), (37, 8), (8, 6), (9, 6), (46, 5), (23, 5), (49, 5), (5, 4), (36, 4), (2, 4), (25, 4), (51, 4), (11, 2), (28, 2), (38, 2)]
N= 25: theory=[(52, 4), (59, 4), (6, 4), (11, 4), (38, 4), (44, 4), (5, 4), (20, 4), (34, 4), (22, 4), (13, 4), (0, 4), (28, 4), (50, 4), (25, 2), (47, 2)] actual=[(44, 10), (22, 9), (50, 6), (52, 6), (6, 6), (0, 5), (20, 5), (5, 4), (34, 4), (13, 4), (59, 3), (11, 2), (47, 2), (25, 2), (28, 2), (38, 2)]
N= 26: theory=[(41, 4), (25, 4), (31, 4), (17, 4), (48, 4), (22, 4), (60, 4), (40, 4), (10, 4), (29, 4), (39, 4), (35, 4), (53, 4), (45, 4), (30, 4)] actual=[(39, 7), (35, 6), (30, 6), (48, 5), (41, 5), (25, 4), (29, 4), (22, 4), (17, 4), (31, 4), (40, 3), (53, 3), (10, 2), (45, 2), (60, 1)]
N= 27: theory=[(32, 4), (22, 4), (2, 4), (46, 4), (54, 4), (14, 4), (7, 4), (36, 4), (26, 4), (42, 4), (28, 4), (0, 4), (40, 4), (5, 4), (41, 2), (27, 2)] actual=[(36, 8), (0, 7), (32, 7), (40, 5), (46, 5), (2, 5), (7, 4), (42, 4), (28, 3), (54, 3), (14, 3), (26, 3), (22, 2), (5, 2), (41, 1)]
N= 28: theory=[(25, 4), (50, 4), (41, 4), (37, 4), (43, 4), (23, 4), (33, 4), (19, 4), (53, 4), (13, 4), (24, 4), (29, 4), (42, 4), (47, 4), (16, 4)] actual=[(53, 9), (47, 8), (37, 8), (42, 7), (29, 6), (33, 5), (50, 5), (25, 5), (24, 4), (41, 4), (19, 4), (16, 3), (43, 3), (13, 3), (23, 3)]
N= 29: theory=[(20, 4), (48, 4), (26, 4), (51, 4), (15, 4), (49, 4), (16, 4), (30, 4), (44, 4), (34, 4), (32, 4), (13, 4), (54, 4), (10, 4), (38, 4)] actual=[(48, 8), (16, 7), (13, 6), (44, 6), (38, 6), (10, 6), (15, 5), (20, 5), (51, 4), (30, 4), (26, 3), (34, 2), (54, 2), (32, 1), (49, 1)]
N= 30: theory=[(17, 4), (16, 4), (18, 4), (27, 4), (31, 4), (5, 4), (29, 4), (35, 4), (45, 4), (44, 4), (10, 4), (57, 4), (46, 4), (52, 4), (33, 4)] actual=[(57, 6), (10, 6), (33, 6), (46, 5), (45, 5), (18, 5), (27, 4), (52, 4), (35, 4), (29, 4), (16, 4), (31, 3), (17, 1), (5, 1), (44, 1)]
N= 31: theory=[(16, 4), (15, 4), (17, 4), (26, 4), (30, 4), (4, 4), (28, 4), (34, 4), (44, 4), (43, 4), (9, 4), (56, 4), (45, 4), (51, 4), (32, 4)] actual=[(34, 7), (45, 6), (4, 6), (28, 6), (44, 6), (30, 5), (51, 5), (16, 4), (43, 4), (26, 4), (17, 4), (56, 3), (9, 3), (15, 3), (32, 2)]
N= 32: theory=[(17, 4), (45, 4), (23, 4), (48, 4), (12, 4), (46, 4), (13, 4), (27, 4), (41, 4), (31, 4), (29, 4), (10, 4), (51, 4), (7, 4), (35, 4)] actual=[(45, 7), (46, 7), (12, 6), (48, 6), (10, 5), (7, 5), (27, 5), (41, 5), (51, 5), (35, 4), (29, 4), (23, 4), (31, 4), (13, 3), (17, 2)]
N= 33: theory=[(20, 4), (45, 4), (36, 4), (32, 4), (38, 4), (18, 4), (28, 4), (14, 4), (48, 4), (8, 4), (19, 4), (24, 4), (37, 4), (42, 4), (11, 4)] actual=[(28, 9), (42, 8), (48, 7), (8, 7), (14, 5), (24, 5), (20, 5), (45, 4), (11, 4), (37, 3), (18, 2), (19, 2), (38, 1), (32, 1), (36, 1)]
N= 34: theory=[(25, 4), (15, 4), (56, 4), (39, 4), (47, 4), (7, 4), (0, 4), (29, 4), (19, 4), (35, 4), (21, 4), (54, 4), (33, 4), (59, 4), (34, 2), (20, 2)] actual=[(15, 8), (47, 8), (59, 6), (25, 6), (39, 6), (7, 5), (56, 4), (29, 4), (21, 4), (35, 4), (54, 3), (33, 3), (34, 3), (19, 2), (0, 2), (20, 2)]
N= 35: theory=[(32, 4), (16, 4), (22, 4), (8, 4), (39, 4), (13, 4), (51, 4), (31, 4), (1, 4), (20, 4), (30, 4), (26, 4), (44, 4), (36, 4), (21, 4)] actual=[(44, 8), (1, 7), (21, 6), (26, 6), (13, 6), (22, 5), (51, 5), (31, 5), (39, 4), (8, 4), (30, 4), (32, 3), (20, 2), (16, 1), (36, 1)]
N= 36: theory=[(41, 4), (48, 4), (56, 4), (0, 4), (27, 4), (33, 4), (55, 4), (9, 4), (23, 4), (11, 4), (2, 4), (50, 4), (17, 4), (39, 4), (14, 2), (36, 2)] actual=[(55, 10), (39, 9), (2, 8), (23, 7), (33, 6), (27, 6), (56, 5), (48, 4), (9, 4), (36, 4), (14, 4), (0, 3), (17, 3), (11, 3), (41, 2), (50, 1)]
N= 37: theory=[(52, 4), (50, 4), (36, 4), (15, 4), (33, 4), (25, 4), (24, 4), (59, 4), (57, 4), (56, 4), (10, 4), (23, 4), (38, 4), (53, 4), (12, 4)] actual=[(56, 8), (10, 7), (33, 6), (23, 6), (25, 5), (12, 5), (59, 4), (24, 4), (15, 4), (50, 3), (53, 3), (52, 2), (57, 2), (36, 1)]
N= 38: theory=[(4, 4), (22, 4), (23, 4), (53, 4), (35, 4), (11, 4), (33, 4), (60, 4), (42, 4), (13, 4), (54, 4), (50, 4), (57, 4), (24, 4), (47, 4)] actual=[(54, 8), (35, 7), (4, 7), (13, 7), (53, 7), (60, 7), (57, 6), (50, 6), (42, 5), (22, 4), (23, 4), (33, 4), (24, 4), (11, 4), (47, 2)]
N= 39: theory=[(19, 4), (25, 4), (17, 4), (53, 4), (20, 4), (24, 4), (51, 4), (44, 4), (54, 4), (30, 4), (0, 4), (52, 4), (27, 4), (14, 4), (39, 2), (5, 2)] actual=[(14, 11), (20, 8), (53, 6), (19, 6), (52, 6), (17, 6), (51, 5), (54, 5), (0, 5), (30, 3), (24, 3), (27, 3), (25, 2), (5, 2), (44, 2), (39, 1)]
N= 40: theory=[(36, 4), (59, 4), (18, 4), (15, 4), (49, 4), (54, 4), (60, 4), (6, 4), (27, 4), (21, 4), (43, 4), (24, 4), (1, 4), (44, 4), (41, 4)] actual=[(60, 8), (44, 6), (41, 6), (6, 6), (1, 5), (27, 5), (49, 4), (24, 4), (21, 4), (54, 4), (59, 3), (18, 3), (43, 3), (36, 2)]
N= 41: theory=[(55, 4), (2, 4), (26, 4), (0, 4), (40, 4), (56, 4), (14, 4), (46, 4), (38, 4), (21, 4), (45, 4), (57, 4), (44, 4), (19, 4), (60, 2), (41, 2)] actual=[(26, 11), (55, 8), (40, 7), (0, 6), (56, 5), (38, 5), (57, 4), (14, 4), (46, 3), (19, 3), (60, 2), (45, 2), (21, 2), (44, 2), (2, 1), (41, 1)]
N= 42: theory=[(15, 4), (37, 4), (41, 4), (8, 4), (56, 4), (43, 4), (0, 4), (54, 4), (23, 4), (38, 4), (1, 4), (30, 4), (45, 4), (58, 4), (42, 2), (57, 2)] actual=[(43, 9), (1, 8), (8, 7), (0, 7), (23, 7), (54, 6), (57, 5), (45, 5), (58, 5), (56, 4), (38, 3), (15, 3), (30, 3), (42, 2), (37, 2), (41, 2)]
N= 43: theory=[(38, 4), (42, 4), (2, 4), (39, 4), (34, 4), (40, 4), (7, 4), (9, 4), (59, 4), (27, 4), (57, 4), (58, 4), (29, 4), (55, 4), (18, 4)] actual=[(34, 7), (27, 6), (42, 6), (29, 6), (59, 5), (9, 5), (55, 4), (18, 4), (58, 3), (57, 3), (38, 3), (39, 3), (7, 2), (40, 2), (2, 2)]
N= 44: theory=[(2, 4), (17, 4), (31, 4), (32, 4), (56, 4), (39, 4), (47, 4), (35, 4), (24, 4), (29, 4), (5, 4), (10, 4), (48, 4), (3, 4), (60, 4)] actual=[(56, 10), (39, 9), (29, 9), (3, 8), (24, 6), (10, 6), (47, 6), (35, 6), (17, 4), (60, 3), (31, 3), (2, 2), (48, 2), (5, 2)]
N= 45: theory=[(29, 4), (23, 4), (6, 4), (0, 4), (32, 4), (3, 4), (60, 4), (33, 4), (36, 4), (44, 4), (26, 4), (57, 4), (9, 4), (49, 4), (48, 2), (45, 2)] actual=[(36, 8), (6, 7), (33, 7), (32, 6), (23, 6), (26, 6), (0, 5), (45, 4), (49, 4), (57, 4), (9, 3), (60, 3), (29, 3), (3, 3), (44, 2)]
N= 46: theory=[(58, 4), (60, 4), (49, 4), (26, 4), (42, 4), (30, 4), (32, 4), (31, 4), (41, 4), (33, 4), (50, 4), (59, 4), (0, 4), (4, 4), (45, 2), (46, 2)] actual=[(42, 9), (31, 9), (4, 6), (26, 6), (41, 5), (49, 5), (50, 4), (60, 4), (30, 4), (58, 4), (33, 3), (32, 3), (59, 2), (46, 2), (0, 2), (45, 1)]
N= 47: theory=[(28, 4), (6, 4), (38, 4), (27, 4), (20, 4), (8, 4), (1, 4), (56, 4), (33, 4), (0, 4), (22, 4), (43, 4), (46, 4), (51, 4), (47, 2), (42, 2)] actual=[(28, 9), (46, 8), (8, 7), (56, 6), (20, 6), (33, 5), (27, 5), (51, 4), (43, 4), (38, 3), (1, 3), (6, 3), (22, 3), (0, 2), (47, 2), (42, 1)]
N= 48: theory=[(0, 4), (44, 4), (34, 4), (51, 4), (35, 4), (52, 4), (53, 4), (14, 4), (36, 4), (26, 4), (12, 4), (23, 4), (43, 4), (3, 4), (39, 2), (48, 2)] actual=[(52, 7), (35, 6), (44, 6), (0, 6), (12, 5), (51, 5), (23, 4), (36, 4), (34, 4), (43, 4), (14, 4), (48, 4), (53, 3), (26, 2), (3, 1)]
N= 49: theory=[(35, 4), (52, 4), (37, 4), (33, 4), (2, 4), (27, 4), (50, 4), (40, 4), (22, 4), (48, 4), (45, 4), (0, 4), (58, 4), (24, 4), (49, 2), (36, 2)] actual=[(40, 8), (58, 7), (22, 7), (0, 6), (37, 5), (49, 5), (2, 5), (33, 5), (36, 4), (48, 4), (35, 3), (24, 3), (52, 3), (27, 2), (45, 2), (50, 2)]
N= 50: theory=[(11, 4), (30, 4), (47, 4), (46, 4), (14, 4), (8, 4), (55, 4), (34, 4), (45, 4), (38, 4), (37, 4), (28, 4), (36, 4), (53, 4), (49, 4)] actual=[(55, 9), (45, 7), (49, 7), (36, 7), (38, 6), (37, 5), (34, 4), (28, 4), (47, 3), (30, 3), (8, 3), (46, 2), (14, 2), (11, 2), (53, 1)]
N= 51: theory=[(50, 4), (39, 4), (3, 4), (17, 4), (42, 4), (10, 4), (26, 4), (35, 4), (31, 4), (15, 4), (5, 4), (46, 4), (29, 4), (52, 4), (55, 4)] actual=[(50, 7), (15, 6), (3, 6), (5, 5), (52, 5), (35, 5), (10, 4), (39, 4), (46, 4), (17, 4), (31, 4), (29, 4), (26, 3), (55, 3), (42, 1)]
N= 52: theory=[(30, 4), (18, 4), (11, 4), (47, 4), (32, 4), (36, 4), (39, 4), (49, 4), (43, 4), (5, 4), (7, 4), (13, 4), (0, 4), (40, 4), (27, 2), (52, 2)] actual=[(11, 7), (49, 7), (43, 7), (5, 7), (32, 5), (0, 5), (47, 5), (18, 5), (40, 4), (30, 4), (7, 4), (36, 4), (52, 3), (39, 3), (13, 2), (27, 1)]
N= 53: theory=[(12, 4), (28, 4), (58, 4), (38, 4), (39, 4), (11, 4), (19, 4), (33, 4), (4, 4), (44, 4), (40, 4), (37, 4), (5, 4), (49, 4), (8, 4)] actual=[(28, 7), (58, 6), (44, 5), (39, 4), (12, 4), (5, 4), (8, 4), (4, 4), (33, 3), (19, 3), (11, 3), (38, 3), (49, 3), (37, 3), (40, 1)]
N= 54: theory=[(57, 4), (8, 4), (35, 4), (7, 4), (12, 4), (2, 4), (6, 4), (41, 4), (18, 4), (34, 4), (20, 4), (5, 4), (40, 4), (55, 4), (9, 4)] actual=[(7, 8), (18, 7), (20, 7), (12, 6), (41, 5), (57, 5), (9, 4), (8, 4), (34, 4), (35, 4), (55, 3), (40, 2), (6, 2), (2, 2), (5, 1)]
N= 55: theory=[(43, 4), (19, 4), (9, 4), (30, 4), (52, 4), (21, 4), (40, 4), (60, 4), (13, 4), (33, 4), (3, 4), (14, 4), (59, 4), (6, 4), (54, 4)] actual=[(59, 9), (54, 7), (3, 6), (6, 6), (40, 6), (13, 5), (60, 5), (9, 4), (14, 4), (43, 3), (30, 3), (52, 2), (21, 1), (19, 1)]
N= 56: theory=[(31, 4), (0, 4), (10, 4), (34, 4), (40, 4), (57, 4), (11, 4), (29, 4), (42, 4), (20, 4), (14, 4), (37, 4), (51, 4), (60, 4), (56, 2), (15, 2)] actual=[(29, 6), (60, 6), (37, 6), (0, 5), (31, 5), (20, 5), (51, 5), (57, 4), (10, 4), (11, 4), (34, 4), (42, 3), (40, 3), (14, 2), (15, 1), (56, 1)]
N= 57: theory=[(21, 4), (8, 4), (15, 4), (54, 4), (11, 4), (53, 4), (37, 4), (9, 4), (48, 4), (60, 4), (58, 4), (32, 4), (16, 4), (0, 4), (12, 2), (57, 2)] actual=[(9, 7), (0, 6), (48, 6), (53, 5), (8, 5), (60, 5), (54, 5), (37, 5), (16, 4), (32, 4), (58, 4), (21, 3), (15, 3), (57, 3), (11, 3), (12, 2)]
N= 58: theory=[(13, 4), (55, 4), (31, 4), (43, 4), (24, 4), (36, 4), (57, 4), (0, 4), (54, 4), (6, 4), (45, 4), (12, 4), (22, 4), (10, 4), (9, 2), (58, 2)] actual=[(31, 7), (57, 5), (12, 5), (55, 5), (0, 5), (36, 4), (45, 4), (24, 4), (10, 4), (13, 4), (9, 3), (6, 3), (22, 3), (43, 2), (54, 2), (58, 2)]
N= 59: theory=[(7, 4), (25, 4), (3, 4), (54, 4), (11, 4), (10, 4), (47, 4), (2, 4), (58, 4), (40, 4), (20, 4), (55, 4), (1, 4), (18, 4), (45, 4)] actual=[(18, 11), (58, 8), (45, 7), (40, 7), (11, 6), (7, 5), (47, 5), (55, 5), (25, 4), (10, 4), (2, 2), (54, 2), (3, 2), (20, 2), (1, 1)]
N= 60: theory=[(51, 4), (44, 4), (59, 4), (48, 4), (15, 4), (55, 4), (45, 4), (18, 4), (0, 4), (8, 4), (4, 4), (2, 4), (12, 4), (19, 4), (3, 2), (60, 2)] actual=[(48, 8), (15, 6), (0, 6), (4, 6), (2, 6), (19, 5), (51, 4), (45, 4), (3, 4), (55, 2), (44, 2), (12, 2), (18, 2), (60, 2), (59, 1), (8, 1)]


==============================================================================
MODULUS ell = 67
==============================================================================

3. EXACT FINITE-FIELD MAP
------------------------------------------------------------------------------
n=  1 pairs=  66 states=17 top=[(20, 4), (23, 4), (36, 4), (16, 4), (22, 4)]
n=  2 pairs=  66 states=17 top=[(3, 4), (0, 4), (31, 4), (58, 4), (49, 4)]
n=  3 pairs=  66 states=17 top=[(7, 4), (20, 4), (1, 4), (17, 4), (50, 4)]
n=  4 pairs=  66 states=17 top=[(13, 4), (44, 4), (27, 4), (25, 4), (59, 4)]
n=  5 pairs=  66 states=17 top=[(21, 4), (22, 4), (44, 4), (0, 4), (41, 4)]
n=  6 pairs=  66 states=17 top=[(31, 4), (7, 4), (29, 4), (66, 4), (41, 4)]
n=  7 pairs=  66 states=17 top=[(43, 4), (26, 4), (0, 4), (33, 4), (28, 4)]
n=  8 pairs=  66 states=17 top=[(57, 4), (12, 4), (23, 4), (41, 4), (0, 4)]
n=  9 pairs=  66 states=17 top=[(6, 4), (32, 4), (33, 4), (38, 4), (46, 4)]
n= 10 pairs=  66 states=17 top=[(24, 4), (19, 4), (25, 4), (29, 4), (66, 4)]
n= 11 pairs=  66 states=17 top=[(44, 4), (40, 4), (4, 4), (0, 4), (51, 4)]
n= 12 pairs=  66 states=17 top=[(66, 4), (28, 4), (13, 4), (0, 4), (29, 4)]
n= 13 pairs=  66 states=17 top=[(23, 4), (50, 4), (52, 4), (1, 4), (0, 4)]
n= 14 pairs=  66 states=17 top=[(49, 4), (39, 4), (54, 4), (31, 4), (51, 4)]
n= 15 pairs=  66 states=17 top=[(10, 4), (62, 4), (19, 4), (36, 4), (44, 4)]
n= 16 pairs=  66 states=17 top=[(40, 4), (52, 4), (14, 4), (38, 4), (42, 4)]
n= 17 pairs=  66 states=17 top=[(5, 4), (9, 4), (39, 4), (38, 4), (41, 4)]
n= 18 pairs=  66 states=17 top=[(39, 4), (0, 4), (27, 4), (35, 4), (28, 4)]
n= 19 pairs=  66 states=17 top=[(8, 4), (25, 4), (45, 4), (7, 4), (66, 4)]
n= 20 pairs=  66 states=17 top=[(46, 4), (17, 4), (26, 4), (21, 4), (42, 4)]
n= 21 pairs=  66 states=17 top=[(19, 4), (43, 4), (37, 4), (10, 4), (27, 4)]
n= 22 pairs=  66 states=17 top=[(61, 4), (36, 4), (11, 4), (41, 4), (17, 4)]
n= 23 pairs=  66 states=17 top=[(38, 4), (63, 4), (15, 4), (47, 4), (58, 4)]
n= 24 pairs=  66 states=17 top=[(17, 4), (57, 4), (49, 4), (28, 4), (16, 4)]
n= 25 pairs=  66 states=17 top=[(65, 4), (18, 4), (46, 4), (51, 4), (60, 4)]
n= 26 pairs=  66 states=17 top=[(48, 4), (13, 4), (6, 4), (49, 4), (18, 4)]
n= 27 pairs=  66 states=17 top=[(33, 4), (42, 4), (63, 4), (22, 4), (62, 4)]
n= 28 pairs=  66 states=17 top=[(20, 4), (38, 4), (16, 4), (37, 4), (23, 4)]
n= 29 pairs=  66 states=17 top=[(9, 4), (1, 4), (66, 4), (27, 4), (35, 4)]
n= 30 pairs=  66 states=17 top=[(0, 4), (65, 4), (12, 4), (59, 4), (31, 4)]
n= 31 pairs=  66 states=17 top=[(60, 4), (29, 4), (55, 4), (66, 4), (11, 4)]
n= 32 pairs=  66 states=17 top=[(55, 4), (27, 4), (61, 4), (48, 4), (42, 4)]
n= 33 pairs=  66 states=17 top=[(52, 4), (59, 4), (30, 4), (5, 4), (57, 4)]
n= 34 pairs=  66 states=17 top=[(51, 4), (58, 4), (29, 4), (4, 4), (56, 4)]
n= 35 pairs=  66 states=17 top=[(52, 4), (24, 4), (58, 4), (45, 4), (39, 4)]
n= 36 pairs=  66 states=17 top=[(55, 4), (24, 4), (50, 4), (61, 4), (6, 4)]
n= 37 pairs=  66 states=17 top=[(60, 4), (58, 4), (5, 4), (52, 4), (24, 4)]
n= 38 pairs=  66 states=17 top=[(0, 4), (59, 4), (57, 4), (18, 4), (26, 4)]
n= 39 pairs=  66 states=17 top=[(9, 4), (27, 4), (5, 4), (26, 4), (12, 4)]
n= 40 pairs=  66 states=17 top=[(20, 4), (29, 4), (50, 4), (9, 4), (49, 4)]
n= 41 pairs=  66 states=17 top=[(33, 4), (65, 4), (58, 4), (34, 4), (3, 4)]
n= 42 pairs=  66 states=17 top=[(48, 4), (1, 4), (29, 4), (34, 4), (43, 4)]
n= 43 pairs=  66 states=17 top=[(65, 4), (38, 4), (30, 4), (9, 4), (64, 4)]
n= 44 pairs=  66 states=17 top=[(17, 4), (42, 4), (61, 4), (26, 4), (37, 4)]
n= 45 pairs=  66 states=17 top=[(38, 4), (13, 4), (55, 4), (18, 4), (61, 4)]
n= 46 pairs=  66 states=17 top=[(61, 4), (18, 4), (12, 4), (52, 4), (2, 4)]
n= 47 pairs=  66 states=17 top=[(19, 4), (57, 4), (66, 4), (61, 4), (15, 4)]
n= 48 pairs=  66 states=17 top=[(46, 4), (63, 4), (16, 4), (45, 4), (37, 4)]
n= 49 pairs=  66 states=17 top=[(8, 4), (36, 4), (63, 4), (4, 4), (64, 4)]
n= 50 pairs=  66 states=17 top=[(39, 4), (43, 4), (6, 4), (5, 4), (8, 4)]
n= 51 pairs=  66 states=17 top=[(5, 4), (17, 4), (46, 4), (3, 4), (7, 4)]
n= 52 pairs=  66 states=17 top=[(40, 4), (25, 4), (49, 4), (66, 4), (7, 4)]
n= 53 pairs=  66 states=17 top=[(10, 4), (0, 4), (15, 4), (59, 4), (12, 4)]
n= 54 pairs=  66 states=17 top=[(49, 4), (9, 4), (11, 4), (27, 4), (26, 4)]
n= 55 pairs=  66 states=17 top=[(23, 4), (52, 4), (37, 4), (24, 4), (53, 4)]
n= 56 pairs=  66 states=17 top=[(66, 4), (62, 4), (26, 4), (22, 4), (6, 4)]
n= 57 pairs=  66 states=17 top=[(44, 4), (39, 4), (45, 4), (49, 4), (19, 4)]
n= 58 pairs=  66 states=17 top=[(24, 4), (50, 4), (51, 4), (56, 4), (64, 4)]
n= 59 pairs=  66 states=17 top=[(6, 4), (28, 4), (39, 4), (57, 4), (16, 4)]
n= 60 pairs=  66 states=17 top=[(57, 4), (40, 4), (14, 4), (47, 4), (42, 4)]
n= 61 pairs=  66 states=17 top=[(43, 4), (19, 4), (41, 4), (11, 4), (53, 4)]
n= 62 pairs=  66 states=17 top=[(31, 4), (32, 4), (54, 4), (10, 4), (51, 4)]
n= 63 pairs=  66 states=17 top=[(21, 4), (52, 4), (35, 4), (33, 4), (0, 4)]
n= 64 pairs=  66 states=17 top=[(13, 4), (26, 4), (7, 4), (23, 4), (56, 4)]
n= 65 pairs=  66 states=17 top=[(7, 4), (4, 4), (35, 4), (62, 4), (53, 4)]
n= 66 pairs=  66 states=17 top=[(22, 4), (25, 4), (38, 4), (18, 4), (24, 4)]
theoretical Bayes accuracy = 0.060606

4. PRIME RESIDUE DISTRIBUTION
------------------------------------------------------------------------------
[(1, 2246), (2, 2234), (3, 2214), (4, 2264), (5, 2237), (6, 2257), (7, 2242), (8, 2233), (9, 2274), (10, 2256), (11, 2203), (12, 2235), (13, 2211), (14, 2253), (15, 2218), (16, 2247), (17, 2252), (18, 2207), (19, 2218), (20, 2246), (21, 2216), (22, 2235), (23, 2219), (24, 2176), (25, 2244), (26, 2212), (27, 2221), (28, 2207), (29, 2234), (30, 2192), (31, 2233), (32, 2217), (33, 2252), (34, 2194), (35, 2254), (36, 2241), (37, 2253), (38, 2251), (39, 2267), (40, 2225), (41, 2217), (42, 2236), (43, 2196), (44, 2245), (45, 2242), (46, 2288), (47, 2260), (48, 2218), (49, 2213), (50, 2217), (51, 2215), (52, 2279), (53, 2232), (54, 2258), (55, 2248), (56, 2249), (57, 2199), (58, 2241), (59, 2202), (60, 2263), (61, 2229), (62, 2236), (63, 2213), (64, 2251), (65, 2227), (66, 2217)]

5. CONDITIONAL DISTRIBUTION DISTANCE
------------------------------------------------------------------------------
actual vs exact-field TV = 0.206807
actual vs empirical-null TV = 0.213412
actual vs uniform-null TV = 0.211296

6. OOS LOOKUP
------------------------------------------------------------------------------
actual train-state lookup accuracy = 0.061000
actual train-state lookup balanced = 0.062881
actual coverage = 1.000000
matched empirical-residue synthetic accuracy = 0.063000
exact finite-field Bayes accuracy = 0.060606

7. DETAILED CONDITIONAL STRUCTURE
------------------------------------------------------------------------------
N=  1: theory=[(20, 4), (23, 4), (36, 4), (16, 4), (22, 4), (7, 4), (18, 4), (37, 4), (30, 4), (56, 4), (57, 4), (34, 4), (26, 4), (61, 4), (11, 4), (65, 4), (1, 2)] actual=[(61, 8), (22, 7), (18, 6), (34, 4), (56, 4), (11, 4), (65, 3), (36, 3), (30, 3), (20, 3), (23, 3), (16, 3), (7, 3), (37, 2), (57, 1), (26, 1), (1, 1)]
N=  2: theory=[(3, 4), (0, 4), (31, 4), (58, 4), (49, 4), (17, 4), (16, 4), (41, 4), (23, 4), (62, 4), (19, 4), (11, 4), (8, 4), (56, 4), (18, 4), (27, 4), (61, 2)] actual=[(0, 9), (58, 6), (27, 6), (16, 5), (62, 5), (41, 5), (8, 4), (23, 4), (19, 4), (56, 4), (18, 3), (49, 3), (11, 3), (31, 2), (61, 2), (3, 2), (17, 1)]
N=  3: theory=[(7, 4), (20, 4), (1, 4), (17, 4), (50, 4), (12, 4), (26, 4), (40, 4), (28, 4), (38, 4), (13, 4), (62, 4), (24, 4), (27, 4), (59, 4), (0, 4), (58, 2)] actual=[(40, 8), (28, 6), (20, 5), (17, 5), (27, 4), (1, 3), (13, 3), (50, 3), (0, 3), (59, 3), (12, 3), (38, 2), (24, 2), (7, 2), (58, 2), (26, 1), (62, 1)]
N=  4: theory=[(13, 4), (44, 4), (27, 4), (25, 4), (59, 4), (10, 4), (64, 4), (23, 4), (21, 4), (28, 4), (43, 4), (5, 4), (14, 4), (2, 4), (53, 4), (37, 4), (4, 2)] actual=[(64, 8), (28, 7), (27, 6), (53, 6), (21, 5), (43, 5), (4, 4), (23, 4), (59, 4), (37, 3), (44, 3), (25, 2), (2, 2), (14, 2), (10, 1), (13, 1), (5, 1)]
N=  5: theory=[(21, 4), (22, 4), (44, 4), (0, 4), (41, 4), (24, 4), (6, 4), (45, 4), (11, 4), (2, 4), (34, 4), (20, 4), (14, 4), (40, 4), (61, 4), (9, 4), (52, 2)] actual=[(24, 5), (2, 5), (40, 5), (0, 5), (9, 5), (14, 4), (45, 4), (6, 3), (34, 3), (20, 3), (41, 2), (22, 2), (11, 2), (44, 1), (21, 1), (61, 1)]
N=  6: theory=[(31, 4), (7, 4), (29, 4), (66, 4), (41, 4), (46, 4), (1, 4), (22, 4), (4, 4), (21, 4), (53, 4), (55, 4), (65, 4), (42, 4), (3, 4), (15, 4), (6, 2)] actual=[(46, 5), (42, 5), (29, 5), (65, 5), (22, 4), (7, 4), (1, 4), (55, 3), (53, 3), (21, 3), (3, 2), (15, 2), (31, 2), (6, 1), (66, 1), (41, 1), (4, 1)]
N=  7: theory=[(43, 4), (26, 4), (0, 4), (33, 4), (28, 4), (62, 4), (63, 4), (44, 4), (2, 4), (16, 4), (5, 4), (61, 4), (8, 4), (47, 4), (56, 4), (4, 4), (46, 2)] actual=[(46, 5), (4, 5), (26, 5), (28, 4), (5, 4), (62, 4), (47, 3), (44, 3), (43, 3), (8, 3), (56, 3), (63, 2), (61, 2), (0, 2), (33, 2), (2, 2), (16, 1)]
N=  8: theory=[(57, 4), (12, 4), (23, 4), (41, 4), (0, 4), (30, 4), (1, 4), (31, 4), (5, 4), (62, 4), (25, 4), (64, 4), (32, 4), (47, 4), (9, 4), (44, 4), (43, 2)] actual=[(57, 7), (47, 7), (64, 5), (12, 5), (44, 5), (0, 5), (62, 4), (23, 4), (1, 3), (41, 3), (5, 3), (31, 3), (32, 3), (30, 2), (9, 1), (25, 1), (43, 1)]
N=  9: theory=[(6, 4), (32, 4), (33, 4), (38, 4), (46, 4), (2, 4), (28, 4), (63, 4), (13, 4), (56, 4), (10, 4), (35, 4), (64, 4), (49, 4), (65, 4), (44, 4), (9, 2)] actual=[(64, 10), (6, 8), (46, 6), (44, 6), (49, 5), (38, 5), (33, 5), (2, 4), (28, 4), (13, 4), (35, 4), (65, 2), (56, 2), (9, 2), (63, 2), (10, 1), (32, 1)]
N= 10: theory=[(24, 4), (19, 4), (25, 4), (29, 4), (66, 4), (26, 4), (43, 4), (59, 4), (47, 4), (32, 4), (7, 4), (3, 4), (5, 4), (35, 4), (34, 4), (46, 4), (10, 2)] actual=[(46, 9), (25, 7), (7, 7), (26, 6), (34, 6), (24, 5), (59, 5), (43, 5), (3, 5), (35, 5), (5, 4), (66, 4), (19, 3), (29, 3), (47, 2), (32, 2), (10, 2)]
N= 11: theory=[(44, 4), (40, 4), (4, 4), (0, 4), (51, 4), (60, 4), (35, 4), (26, 4), (48, 4), (58, 4), (32, 4), (6, 4), (3, 4), (27, 4), (50, 4), (21, 4), (34, 2)] actual=[(58, 8), (50, 8), (21, 7), (32, 5), (51, 5), (60, 5), (0, 4), (3, 4), (26, 3), (44, 3), (6, 3), (35, 3), (4, 2), (27, 2), (48, 1), (34, 1)]
N= 12: theory=[(66, 4), (28, 4), (13, 4), (0, 4), (29, 4), (4, 4), (41, 4), (1, 4), (52, 4), (48, 4), (18, 4), (35, 4), (37, 4), (26, 4), (45, 4), (47, 4), (31, 2)] actual=[(52, 5), (66, 5), (45, 4), (48, 4), (29, 4), (41, 4), (0, 4), (1, 4), (26, 3), (31, 3), (35, 3), (37, 3), (4, 3), (18, 2), (28, 2), (47, 1), (13, 1)]
N= 13: theory=[(23, 4), (50, 4), (52, 4), (1, 4), (0, 4), (37, 4), (8, 4), (17, 4), (34, 4), (42, 4), (32, 4), (53, 4), (49, 4), (38, 4), (10, 4), (29, 4), (28, 2)] actual=[(37, 7), (17, 6), (42, 6), (23, 5), (8, 5), (29, 5), (53, 4), (38, 4), (0, 4), (32, 4), (52, 4), (34, 3), (50, 3), (10, 3), (49, 2), (1, 2), (28, 1)]
N= 14: theory=[(49, 4), (39, 4), (54, 4), (31, 4), (51, 4), (20, 4), (7, 4), (29, 4), (61, 4), (40, 4), (47, 4), (12, 4), (35, 4), (18, 4), (23, 4), (50, 4), (14, 2)] actual=[(20, 8), (35, 6), (61, 6), (39, 6), (54, 5), (31, 4), (50, 4), (23, 3), (18, 3), (12, 2), (29, 2), (49, 2), (40, 2), (51, 2), (7, 1)]
N= 15: theory=[(10, 4), (62, 4), (19, 4), (36, 4), (44, 4), (55, 4), (41, 4), (39, 4), (37, 4), (32, 4), (51, 4), (2, 4), (38, 4), (48, 4), (4, 4), (31, 4), (15, 2)] actual=[(38, 7), (48, 6), (55, 5), (32, 5), (62, 5), (37, 4), (2, 4), (19, 3), (31, 3), (39, 2), (15, 2), (10, 2), (36, 2), (41, 1), (44, 1)]
N= 16: theory=[(40, 4), (52, 4), (14, 4), (38, 4), (42, 4), (56, 4), (45, 4), (41, 4), (8, 4), (33, 4), (11, 4), (35, 4), (25, 4), (55, 4), (17, 4), (20, 4), (16, 2)] actual=[(56, 8), (38, 6), (42, 5), (45, 5), (8, 5), (40, 4), (20, 4), (41, 4), (33, 3), (52, 3), (55, 3), (14, 2), (17, 2), (25, 2), (11, 2), (35, 1)]
N= 17: theory=[(5, 4), (9, 4), (39, 4), (38, 4), (41, 4), (14, 4), (42, 4), (40, 4), (32, 4), (56, 4), (33, 4), (53, 4), (31, 4), (4, 4), (52, 4), (26, 4), (17, 2)] actual=[(38, 7), (53, 7), (39, 6), (4, 6), (14, 5), (26, 5), (9, 4), (41, 4), (33, 4), (31, 4), (5, 3), (52, 3), (42, 3), (17, 2), (40, 2), (56, 2)]
N= 18: theory=[(39, 4), (0, 4), (27, 4), (35, 4), (28, 4), (5, 4), (37, 4), (42, 4), (11, 4), (32, 4), (6, 4), (53, 4), (10, 4), (19, 4), (34, 4), (22, 4), (13, 2)] actual=[(28, 8), (11, 7), (39, 7), (42, 5), (34, 5), (19, 5), (37, 4), (6, 4), (35, 4), (27, 4), (5, 2), (22, 2), (10, 2), (0, 2), (32, 2), (53, 2)]
N= 19: theory=[(8, 4), (25, 4), (45, 4), (7, 4), (66, 4), (14, 4), (36, 4), (16, 4), (29, 4), (33, 4), (11, 4), (34, 4), (59, 4), (43, 4), (20, 4), (35, 4), (19, 2)] actual=[(66, 7), (14, 6), (16, 5), (34, 5), (29, 4), (25, 4), (11, 4), (59, 4), (33, 4), (7, 4), (43, 3), (35, 3), (8, 3), (45, 2), (20, 2), (36, 2)]
N= 20: theory=[(46, 4), (17, 4), (26, 4), (21, 4), (42, 4), (44, 4), (0, 4), (13, 4), (29, 4), (30, 4), (36, 4), (43, 4), (24, 4), (2, 4), (8, 4), (56, 4), (7, 2)] actual=[(44, 7), (13, 5), (17, 5), (26, 5), (42, 4), (29, 4), (8, 3), (7, 3), (43, 3), (2, 3), (24, 3), (21, 2), (46, 2), (30, 2), (0, 1), (56, 1), (36, 1)]
N= 21: theory=[(19, 4), (43, 4), (37, 4), (10, 4), (27, 4), (44, 4), (30, 4), (58, 4), (1, 4), (13, 4), (40, 4), (60, 4), (14, 4), (25, 4), (18, 4), (8, 4), (21, 2)] actual=[(37, 8), (14, 6), (44, 6), (27, 6), (40, 5), (43, 5), (19, 4), (58, 4), (8, 4), (18, 3), (25, 3), (30, 2), (10, 2), (60, 1), (13, 1), (1, 1)]
N= 22: theory=[(61, 4), (36, 4), (11, 4), (41, 4), (17, 4), (20, 4), (15, 4), (37, 4), (48, 4), (23, 4), (38, 4), (57, 4), (2, 4), (55, 4), (10, 4), (26, 4), (22, 2)] actual=[(11, 9), (26, 6), (17, 6), (20, 5), (57, 4), (37, 4), (48, 4), (55, 4), (15, 3), (61, 3), (38, 2), (41, 1), (22, 1), (10, 1), (36, 1), (23, 1)]
N= 23: theory=[(38, 4), (63, 4), (15, 4), (47, 4), (58, 4), (37, 4), (45, 4), (21, 4), (24, 4), (60, 4), (52, 4), (27, 4), (20, 4), (62, 4), (12, 4), (33, 4), (23, 2)] actual=[(63, 11), (45, 8), (27, 8), (33, 6), (47, 5), (58, 5), (52, 5), (62, 4), (37, 4), (24, 3), (20, 3), (21, 2), (23, 2), (15, 1), (60, 1), (12, 1), (38, 1)]
N= 24: theory=[(17, 4), (57, 4), (49, 4), (28, 4), (16, 4), (60, 4), (12, 4), (63, 4), (30, 4), (50, 4), (34, 4), (4, 4), (19, 4), (21, 4), (59, 4), (11, 4), (24, 2)] actual=[(19, 7), (34, 7), (21, 7), (30, 5), (59, 5), (49, 4), (57, 4), (63, 3), (50, 3), (17, 2), (4, 2), (16, 2), (28, 2), (60, 1), (11, 1), (24, 1), (12, 1)]
N= 25: theory=[(65, 4), (18, 4), (46, 4), (51, 4), (60, 4), (54, 4), (48, 4), (31, 4), (17, 4), (14, 4), (47, 4), (39, 4), (13, 4), (29, 4), (7, 4), (41, 4), (25, 2)] actual=[(48, 7), (65, 7), (39, 7), (51, 6), (7, 5), (13, 5), (18, 5), (17, 4), (47, 4), (41, 4), (46, 3), (54, 2), (31, 2), (25, 2), (14, 2), (60, 1), (29, 1)]
N= 26: theory=[(48, 4), (13, 4), (6, 4), (49, 4), (18, 4), (66, 4), (45, 4), (36, 4), (65, 4), (62, 4), (43, 4), (8, 4), (15, 4), (24, 4), (14, 4), (51, 4), (26, 2)] actual=[(45, 8), (48, 8), (43, 7), (13, 6), (49, 6), (36, 5), (65, 5), (24, 5), (15, 5), (8, 4), (18, 4), (62, 4), (14, 4), (6, 3), (51, 2), (26, 2), (66, 2)]
N= 27: theory=[(33, 4), (42, 4), (63, 4), (22, 4), (62, 4), (46, 4), (15, 4), (7, 4), (9, 4), (25, 4), (50, 4), (19, 4), (51, 4), (0, 4), (48, 4), (41, 4), (53, 2)] actual=[(62, 7), (22, 6), (9, 5), (15, 4), (46, 4), (41, 3), (19, 3), (63, 3), (48, 3), (51, 3), (25, 3), (53, 2), (42, 2), (50, 2), (0, 1), (7, 1), (33, 1)]
N= 28: theory=[(20, 4), (38, 4), (16, 4), (37, 4), (23, 4), (0, 4), (65, 4), (42, 4), (45, 4), (43, 4), (47, 4), (51, 4), (8, 4), (54, 4), (64, 4), (32, 4), (50, 2)] actual=[(16, 6), (45, 5), (42, 5), (20, 5), (23, 4), (65, 4), (47, 4), (43, 4), (50, 3), (0, 3), (64, 2), (51, 2), (8, 1), (38, 1), (32, 1)]
N= 29: theory=[(9, 4), (1, 4), (66, 4), (27, 4), (35, 4), (62, 4), (44, 4), (45, 4), (2, 4), (64, 4), (17, 4), (53, 4), (39, 4), (48, 4), (51, 4), (16, 4), (29, 2)] actual=[(51, 9), (2, 8), (45, 5), (16, 5), (35, 5), (62, 5), (17, 4), (44, 4), (1, 4), (27, 3), (64, 2), (39, 2), (48, 2), (9, 1), (29, 1), (66, 1)]
N= 30: theory=[(0, 4), (65, 4), (12, 4), (59, 4), (31, 4), (36, 4), (2, 4), (10, 4), (63, 4), (3, 4), (53, 4), (17, 4), (66, 4), (54, 4), (45, 4), (39, 4), (44, 2)] actual=[(10, 8), (17, 7), (54, 7), (3, 5), (59, 4), (45, 4), (12, 4), (44, 4), (31, 4), (0, 4), (36, 3), (39, 3), (66, 3), (53, 2), (63, 2), (2, 1), (65, 1)]
N= 31: theory=[(60, 4), (29, 4), (55, 4), (66, 4), (11, 4), (13, 4), (3, 4), (23, 4), (47, 4), (64, 4), (50, 4), (56, 4), (0, 4), (57, 4), (28, 4), (45, 4), (41, 2)] actual=[(11, 9), (23, 8), (55, 6), (29, 5), (28, 5), (50, 4), (66, 4), (45, 4), (13, 4), (0, 3), (41, 3), (56, 3), (60, 3), (57, 2), (3, 1), (64, 1)]
N= 32: theory=[(55, 4), (27, 4), (61, 4), (48, 4), (42, 4), (25, 4), (36, 4), (30, 4), (0, 4), (53, 4), (57, 4), (4, 4), (54, 4), (47, 4), (20, 4), (33, 4), (38, 2)] actual=[(57, 6), (53, 6), (4, 5), (27, 5), (55, 5), (48, 4), (54, 4), (30, 4), (20, 4), (25, 4), (47, 3), (36, 2), (61, 2), (0, 2), (42, 1)]
N= 33: theory=[(52, 4), (59, 4), (30, 4), (5, 4), (57, 4), (50, 4), (56, 4), (3, 4), (54, 4), (39, 4), (58, 4), (28, 4), (15, 4), (22, 4), (1, 4), (49, 4), (33, 2)] actual=[(50, 5), (49, 5), (28, 4), (58, 4), (59, 4), (39, 3), (30, 3), (5, 2), (54, 2), (15, 2), (56, 2), (22, 1), (52, 1), (1, 1), (33, 1), (3, 1)]
N= 34: theory=[(51, 4), (58, 4), (29, 4), (4, 4), (56, 4), (49, 4), (55, 4), (2, 4), (53, 4), (38, 4), (57, 4), (27, 4), (14, 4), (21, 4), (0, 4), (48, 4), (32, 2)] actual=[(2, 7), (4, 7), (48, 7), (57, 6), (56, 6), (29, 5), (14, 5), (51, 5), (55, 4), (38, 4), (0, 4), (58, 4), (21, 4), (27, 2), (49, 2), (32, 1), (53, 1)]
N= 35: theory=[(52, 4), (24, 4), (58, 4), (45, 4), (39, 4), (22, 4), (33, 4), (27, 4), (64, 4), (50, 4), (54, 4), (1, 4), (51, 4), (44, 4), (17, 4), (30, 4), (35, 2)] actual=[(58, 9), (54, 8), (24, 8), (51, 7), (1, 6), (33, 5), (39, 4), (52, 4), (22, 4), (45, 4), (50, 3), (30, 3), (64, 3), (44, 3), (17, 2), (27, 1), (35, 1)]
N= 36: theory=[(55, 4), (24, 4), (50, 4), (61, 4), (6, 4), (8, 4), (65, 4), (18, 4), (42, 4), (59, 4), (45, 4), (51, 4), (62, 4), (52, 4), (23, 4), (40, 4), (36, 2)] actual=[(40, 8), (61, 7), (23, 7), (65, 7), (59, 6), (50, 6), (51, 6), (55, 6), (18, 5), (36, 4), (42, 4), (45, 4), (52, 4), (24, 4), (6, 3), (8, 2), (62, 2)]
N= 37: theory=[(60, 4), (58, 4), (5, 4), (52, 4), (24, 4), (29, 4), (62, 4), (3, 4), (56, 4), (63, 4), (46, 4), (10, 4), (59, 4), (47, 4), (38, 4), (32, 4), (37, 2)] actual=[(10, 7), (62, 5), (60, 5), (38, 5), (29, 5), (52, 5), (3, 4), (47, 4), (46, 4), (56, 4), (63, 2), (59, 2), (24, 2), (58, 2), (32, 1), (5, 1)]
N= 38: theory=[(0, 4), (59, 4), (57, 4), (18, 4), (26, 4), (53, 4), (35, 4), (36, 4), (60, 4), (55, 4), (8, 4), (44, 4), (30, 4), (39, 4), (42, 4), (7, 4), (20, 2)] actual=[(8, 7), (0, 6), (55, 6), (57, 5), (53, 5), (44, 4), (60, 4), (35, 4), (42, 3), (7, 3), (39, 3), (20, 2), (26, 2), (59, 2), (36, 2), (30, 1)]
N= 39: theory=[(9, 4), (27, 4), (5, 4), (26, 4), (12, 4), (56, 4), (54, 4), (31, 4), (34, 4), (32, 4), (36, 4), (40, 4), (64, 4), (43, 4), (53, 4), (21, 4), (39, 2)] actual=[(27, 8), (32, 5), (53, 5), (5, 5), (34, 3), (12, 3), (21, 3), (56, 3), (9, 2), (54, 2), (36, 2), (40, 2), (31, 2), (64, 2), (43, 1), (26, 1)]
N= 40: theory=[(20, 4), (29, 4), (50, 4), (9, 4), (49, 4), (33, 4), (2, 4), (61, 4), (63, 4), (12, 4), (37, 4), (6, 4), (38, 4), (54, 4), (35, 4), (28, 4), (40, 2)] actual=[(12, 6), (38, 6), (61, 6), (6, 6), (29, 5), (20, 5), (2, 4), (63, 4), (54, 3), (37, 3), (9, 3), (35, 3), (28, 3), (49, 2), (33, 2), (50, 2), (40, 1)]
N= 41: theory=[(33, 4), (65, 4), (58, 4), (34, 4), (3, 4), (51, 4), (30, 4), (21, 4), (50, 4), (47, 4), (28, 4), (60, 4), (0, 4), (9, 4), (66, 4), (36, 4), (11, 2)] actual=[(28, 7), (30, 5), (47, 5), (3, 5), (60, 4), (58, 4), (0, 3), (33, 3), (21, 3), (66, 3), (65, 2), (51, 2), (11, 2), (50, 2), (9, 2), (34, 1), (36, 1)]
N= 42: theory=[(48, 4), (1, 4), (29, 4), (34, 4), (43, 4), (37, 4), (31, 4), (14, 4), (0, 4), (64, 4), (30, 4), (22, 4), (63, 4), (12, 4), (57, 4), (24, 4), (8, 2)] actual=[(34, 9), (64, 8), (30, 7), (37, 7), (22, 6), (48, 4), (29, 4), (14, 4), (57, 3), (12, 3), (24, 3), (31, 3), (0, 2), (1, 2), (63, 1), (8, 1), (43, 1)]
N= 43: theory=[(65, 4), (38, 4), (30, 4), (9, 4), (64, 4), (41, 4), (60, 4), (44, 4), (11, 4), (31, 4), (15, 4), (52, 4), (0, 4), (2, 4), (40, 4), (59, 4), (5, 2)] actual=[(2, 9), (41, 6), (52, 5), (30, 4), (15, 4), (40, 4), (44, 3), (38, 3), (11, 3), (31, 3), (0, 3), (64, 2), (59, 2), (60, 2), (9, 2), (5, 1), (65, 1)]
N= 44: theory=[(17, 4), (42, 4), (61, 4), (26, 4), (37, 4), (16, 4), (24, 4), (0, 4), (3, 4), (39, 4), (31, 4), (6, 4), (66, 4), (41, 4), (58, 4), (12, 4), (2, 2)] actual=[(37, 8), (42, 7), (41, 7), (17, 7), (31, 7), (61, 6), (6, 5), (2, 5), (24, 5), (58, 4), (0, 4), (3, 4), (66, 4), (16, 4), (12, 3), (39, 2)]
N= 45: theory=[(38, 4), (13, 4), (55, 4), (18, 4), (61, 4), (64, 4), (59, 4), (14, 4), (25, 4), (0, 4), (15, 4), (34, 4), (46, 4), (32, 4), (54, 4), (3, 4), (66, 2)] actual=[(54, 7), (64, 6), (34, 6), (0, 6), (3, 4), (15, 4), (38, 4), (66, 3), (61, 3), (55, 3), (32, 3), (14, 3), (13, 2), (18, 2), (59, 1), (25, 1), (46, 1)]
N= 46: theory=[(61, 4), (18, 4), (12, 4), (52, 4), (2, 4), (19, 4), (5, 4), (33, 4), (43, 4), (55, 4), (15, 4), (35, 4), (56, 4), (0, 4), (60, 4), (50, 4), (63, 2)] actual=[(5, 7), (19, 7), (56, 6), (15, 5), (12, 4), (35, 4), (0, 4), (52, 4), (50, 4), (60, 4), (55, 3), (2, 3), (61, 3), (18, 2), (43, 2), (33, 2)]
N= 47: theory=[(19, 4), (57, 4), (66, 4), (61, 4), (15, 4), (17, 4), (40, 4), (53, 4), (2, 4), (3, 4), (9, 4), (16, 4), (64, 4), (42, 4), (48, 4), (29, 4), (47, 2)] actual=[(57, 7), (15, 7), (42, 7), (61, 5), (40, 5), (16, 4), (19, 4), (2, 3), (9, 3), (48, 3), (64, 3), (66, 3), (17, 2), (29, 2)]
N= 48: theory=[(46, 4), (63, 4), (16, 4), (45, 4), (37, 4), (52, 4), (7, 4), (54, 4), (0, 4), (4, 4), (49, 4), (5, 4), (30, 4), (14, 4), (58, 4), (6, 4), (57, 2)] actual=[(54, 7), (52, 7), (0, 6), (46, 5), (7, 5), (58, 5), (45, 5), (49, 4), (30, 4), (63, 3), (14, 2), (4, 2), (37, 2), (16, 1), (6, 1), (5, 1)]
N= 49: theory=[(8, 4), (36, 4), (63, 4), (4, 4), (64, 4), (41, 4), (6, 4), (11, 4), (47, 4), (1, 4), (42, 4), (22, 4), (46, 4), (55, 4), (3, 4), (58, 4), (49, 2)] actual=[(4, 9), (3, 8), (41, 6), (22, 5), (1, 5), (36, 4), (42, 4), (64, 3), (55, 3), (11, 3), (46, 2), (47, 2), (49, 2), (63, 2), (8, 1), (6, 1), (58, 1)]
N= 50: theory=[(39, 4), (43, 4), (6, 4), (5, 4), (8, 4), (48, 4), (9, 4), (7, 4), (66, 4), (23, 4), (0, 4), (20, 4), (65, 4), (38, 4), (19, 4), (60, 4), (51, 2)] actual=[(9, 6), (5, 6), (66, 5), (65, 5), (60, 5), (43, 4), (51, 4), (6, 3), (8, 3), (20, 3), (23, 3), (7, 3), (38, 3), (0, 3), (48, 2), (39, 2), (19, 1)]
N= 51: theory=[(5, 4), (17, 4), (46, 4), (3, 4), (7, 4), (21, 4), (10, 4), (6, 4), (40, 4), (65, 4), (43, 4), (0, 4), (57, 4), (20, 4), (49, 4), (52, 4), (48, 2)] actual=[(21, 7), (57, 7), (65, 6), (20, 4), (43, 4), (0, 4), (52, 4), (40, 4), (5, 3), (6, 3), (49, 3), (3, 2), (7, 2), (46, 2), (10, 2), (17, 2), (48, 1)]
N= 52: theory=[(40, 4), (25, 4), (49, 4), (66, 4), (7, 4), (18, 4), (4, 4), (2, 4), (0, 4), (62, 4), (14, 4), (32, 4), (1, 4), (11, 4), (34, 4), (61, 4), (45, 2)] actual=[(40, 5), (11, 5), (18, 5), (66, 4), (49, 4), (61, 4), (2, 3), (45, 3), (62, 3), (1, 3), (32, 3), (34, 3), (4, 3), (14, 2), (25, 2), (0, 2), (7, 2)]
N= 53: theory=[(10, 4), (0, 4), (15, 4), (59, 4), (12, 4), (48, 4), (35, 4), (57, 4), (22, 4), (1, 4), (8, 4), (40, 4), (63, 4), (46, 4), (51, 4), (11, 4), (42, 2)] actual=[(8, 9), (10, 8), (48, 7), (63, 6), (59, 5), (46, 5), (22, 5), (11, 4), (1, 4), (35, 4), (0, 4), (40, 3), (57, 3), (42, 3), (12, 2), (15, 1)]
N= 54: theory=[(49, 4), (9, 4), (11, 4), (27, 4), (26, 4), (63, 4), (34, 4), (43, 4), (60, 4), (1, 4), (58, 4), (12, 4), (8, 4), (64, 4), (36, 4), (55, 4), (54, 2)] actual=[(1, 7), (49, 5), (26, 5), (43, 4), (27, 4), (58, 4), (8, 4), (9, 4), (34, 3), (11, 3), (12, 3), (63, 3), (60, 3), (64, 2), (36, 2), (54, 1), (55, 1)]
N= 55: theory=[(23, 4), (52, 4), (37, 4), (24, 4), (53, 4), (28, 4), (65, 4), (25, 4), (9, 4), (5, 4), (42, 4), (59, 4), (61, 4), (50, 4), (2, 4), (4, 4), (55, 2)] actual=[(28, 7), (50, 5), (23, 4), (42, 4), (9, 4), (2, 4), (53, 4), (25, 3), (24, 3), (59, 3), (37, 3), (65, 2), (5, 2), (52, 2), (4, 2), (61, 2), (55, 1)]
N= 56: theory=[(66, 4), (62, 4), (26, 4), (22, 4), (6, 4), (15, 4), (57, 4), (48, 4), (3, 4), (13, 4), (54, 4), (28, 4), (25, 4), (49, 4), (5, 4), (43, 4), (56, 2)] actual=[(48, 8), (13, 6), (15, 6), (25, 4), (43, 4), (22, 4), (26, 4), (6, 4), (62, 3), (28, 3), (49, 3), (54, 3), (57, 2), (66, 2), (5, 1), (3, 1)]
N= 57: theory=[(44, 4), (39, 4), (45, 4), (49, 4), (19, 4), (46, 4), (63, 4), (12, 4), (0, 4), (52, 4), (27, 4), (23, 4), (25, 4), (55, 4), (54, 4), (66, 4), (30, 2)] actual=[(54, 8), (23, 6), (19, 6), (25, 5), (55, 4), (66, 4), (0, 4), (52, 3), (49, 3), (12, 3), (45, 3), (44, 3), (39, 3), (46, 2), (30, 2), (63, 2), (27, 1)]
N= 58: theory=[(24, 4), (50, 4), (51, 4), (56, 4), (64, 4), (20, 4), (46, 4), (14, 4), (31, 4), (7, 4), (28, 4), (53, 4), (15, 4), (0, 4), (16, 4), (62, 4), (27, 2)] actual=[(15, 6), (28, 5), (46, 5), (14, 5), (16, 5), (64, 4), (7, 4), (31, 4), (50, 3), (51, 3), (56, 2), (0, 2), (20, 2), (24, 1), (53, 1), (62, 1)]
N= 59: theory=[(6, 4), (28, 4), (39, 4), (57, 4), (16, 4), (46, 4), (17, 4), (47, 4), (21, 4), (11, 4), (41, 4), (13, 4), (48, 4), (63, 4), (25, 4), (60, 4), (59, 2)] actual=[(17, 5), (47, 5), (28, 4), (6, 4), (11, 4), (25, 4), (63, 4), (21, 3), (46, 3), (59, 3), (39, 3), (13, 2), (16, 2), (41, 2), (60, 1), (48, 1), (57, 1)]
N= 60: theory=[(57, 4), (40, 4), (14, 4), (47, 4), (42, 4), (9, 4), (10, 4), (58, 4), (16, 4), (30, 4), (19, 4), (8, 4), (22, 4), (61, 4), (3, 4), (18, 4), (60, 2)] actual=[(57, 10), (30, 7), (18, 7), (58, 6), (9, 6), (61, 6), (10, 4), (40, 4), (16, 4), (19, 3), (22, 3), (8, 3), (3, 2), (42, 2), (47, 1), (14, 1)]
N= 61: theory=[(43, 4), (19, 4), (41, 4), (11, 4), (53, 4), (58, 4), (13, 4), (34, 4), (16, 4), (33, 4), (65, 4), (0, 4), (10, 4), (54, 4), (15, 4), (27, 4), (18, 2)] actual=[(16, 6), (54, 5), (0, 4), (15, 4), (34, 4), (65, 3), (13, 3), (58, 3), (11, 3), (41, 3), (27, 3), (19, 3), (18, 2), (33, 2), (10, 2), (53, 1), (43, 1)]
N= 62: theory=[(31, 4), (32, 4), (54, 4), (10, 4), (51, 4), (34, 4), (16, 4), (55, 4), (21, 4), (12, 4), (44, 4), (30, 4), (24, 4), (50, 4), (4, 4), (19, 4), (62, 2)] actual=[(51, 6), (31, 5), (10, 5), (54, 5), (55, 5), (44, 4), (16, 4), (4, 3), (34, 3), (50, 3), (24, 2), (62, 2), (21, 2), (32, 1), (30, 1), (19, 1), (12, 1)]
N= 63: theory=[(21, 4), (52, 4), (35, 4), (33, 4), (0, 4), (18, 4), (5, 4), (31, 4), (29, 4), (36, 4), (51, 4), (13, 4), (22, 4), (10, 4), (61, 4), (45, 4), (12, 2)] actual=[(10, 6), (31, 5), (18, 5), (51, 4), (0, 3), (21, 3), (52, 3), (45, 3), (12, 2), (35, 2), (61, 2), (5, 1), (22, 1), (13, 1), (33, 1), (29, 1)]
N= 64: theory=[(13, 4), (26, 4), (7, 4), (23, 4), (56, 4), (18, 4), (32, 4), (46, 4), (34, 4), (44, 4), (19, 4), (1, 4), (30, 4), (33, 4), (65, 4), (6, 4), (64, 2)] actual=[(23, 7), (19, 7), (6, 6), (30, 5), (26, 5), (56, 5), (33, 4), (7, 3), (34, 3), (32, 3), (13, 3), (65, 2), (46, 2), (44, 2), (1, 2), (18, 1)]
N= 65: theory=[(7, 4), (4, 4), (35, 4), (62, 4), (53, 4), (21, 4), (20, 4), (45, 4), (27, 4), (66, 4), (23, 4), (15, 4), (12, 4), (60, 4), (22, 4), (31, 4), (65, 2)] actual=[(4, 7), (22, 5), (7, 5), (12, 4), (31, 4), (45, 4), (21, 4), (27, 3), (66, 3), (60, 3), (65, 3), (15, 3), (62, 3), (35, 2), (53, 2), (23, 1)]
N= 66: theory=[(22, 4), (25, 4), (38, 4), (18, 4), (24, 4), (9, 4), (20, 4), (39, 4), (32, 4), (58, 4), (59, 4), (36, 4), (28, 4), (63, 4), (13, 4), (0, 4), (3, 2)] actual=[(39, 6), (24, 5), (36, 5), (22, 4), (28, 4), (9, 4), (18, 4), (63, 3), (25, 3), (59, 3), (13, 3), (32, 3), (38, 2), (20, 1), (58, 1), (0, 1), (3, 1)]


==============================================================================
8. CROSS-MODULUS SUMMARY
==============================================================================
ell | theory | actual_OOS | balanced | coverage | empirical_null | TV(field) | TV(emp)
  5 | 0.750000 | 0.741000 | 0.827978 | 1.000000 | 0.752000 | 0.007376 | 0.009271
  7 | 0.666667 | 0.685000 | 0.445250 | 1.000000 | 0.685000 | 0.009779 | 0.011397
 11 | 0.400000 | 0.405000 | 0.369931 | 1.000000 | 0.420000 | 0.025628 | 0.024953
 13 | 0.333333 | 0.367000 | 0.320477 | 1.000000 | 0.328000 | 0.032436 | 0.032977
 17 | 0.250000 | 0.239000 | 0.237550 | 1.000000 | 0.239000 | 0.045213 | 0.044284
 19 | 0.222222 | 0.208000 | 0.224848 | 1.000000 | 0.232000 | 0.051448 | 0.052482
 23 | 0.181818 | 0.177000 | 0.182560 | 1.000000 | 0.166000 | 0.063834 | 0.066902
 31 | 0.133333 | 0.135000 | 0.140544 | 1.000000 | 0.154000 | 0.093804 | 0.096432
 37 | 0.111111 | 0.104000 | 0.105184 | 1.000000 | 0.117000 | 0.104867 | 0.107113
 61 | 0.066667 | 0.065000 | 0.066171 | 1.000000 | 0.077000 | 0.179732 | 0.183898
 67 | 0.060606 | 0.061000 | 0.062881 | 1.000000 | 0.063000 | 0.206807 | 0.213412


==============================================================================
9. FINAL DIAGNOSTIC
==============================================================================
The key question is whether the observed N -> T signal exceeds what finite-field algebra itself predicts.

Interpretation A:
    actual OOS ~= empirical synthetic null
    and actual conditional tables resemble exact F_l theory
    => the earlier signal is explained by ordinary finite-field residue structure.

Interpretation B:
    actual OOS substantially exceeds empirical null
    across several ell
    => there is additional structure beyond the basic residue-pair mechanism.

Interpretation C:
    ell=7 is special but larger ell behave normally
    => investigate a modulus-specific cyclotomic identity rather than a universal resolvent law.

Most important:
This experiment does NOT use H6/H8 as a predictor.
It directly tests the finite-field structure of
    T = p^2 - pq + q^2
conditioned on
    N = pq.

That isolates the most plausible confounder from Experiment 88.

total runtime = 8.250246s
==============================================================================
EXPERIMENT 89 COMPLETE
==============================================================================
