A,D_u,F_r,K3,n,p,q,r,success
21,9,111,-2330,6,2,3,-10,True
21,9,91,-1910,6,2,3,-9,True
21,9,73,-1532,6,2,3,-8,True
21,9,57,-1196,6,2,3,-7,True
21,9,43,-902,6,2,3,-6,True
21,9,31,-650,6,2,3,-5,True
21,9,21,-440,6,2,3,-4,True
21,9,13,-272,6,2,3,-3,True
21,9,7,-146,6,2,3,-2,True
21,9,3,-62,6,2,3,-1,True
21,9,1,-20,6,2,3,0,True
21,9,1,-20,6,2,3,1,True
21,9,3,-62,6,2,3,2,True
21,9,7,-146,6,2,3,3,True
21,9,13,-272,6,2,3,4,True
21,9,21,-440,6,2,3,5,True
21,9,31,-650,6,2,3,6,True
21,9,43,-902,6,2,3,7,True
21,9,57,-1196,6,2,3,8,True
21,9,73,-1532,6,2,3,9,True
21,9,91,-1910,6,2,3,10,True
63,9,111,-6992,10,2,5,-10,True
63,9,91,-5732,10,2,5,-9,True
63,9,73,-4598,10,2,5,-8,True
63,9,57,-3590,10,2,5,-7,True
63,9,43,-2708,10,2,5,-6,True
63,9,31,-1952,10,2,5,-5,True
63,9,21,-1322,10,2,5,-4,True
63,9,13,-818,10,2,5,-3,True
63,9,7,-440,10,2,5,-2,True
63,9,3,-188,10,2,5,-1,True
63,9,1,-62,10,2,5,0,True
63,9,1,-62,10,2,5,1,True
63,9,3,-188,10,2,5,2,True
63,9,7,-440,10,2,5,3,True
63,9,13,-818,10,2,5,4,True
63,9,21,-1322,10,2,5,5,True
63,9,31,-1952,10,2,5,6,True
63,9,43,-2708,10,2,5,7,True
63,9,57,-3590,10,2,5,8,True
63,9,73,-4598,10,2,5,9,True
63,9,91,-5732,10,2,5,10,True
129,9,111,-14318,14,2,7,-10,True
129,9,91,-11738,14,2,7,-9,True
129,9,73,-9416,14,2,7,-8,True
129,9,57,-7352,14,2,7,-7,True
129,9,43,-5546,14,2,7,-6,True
129,9,31,-3998,14,2,7,-5,True
129,9,21,-2708,14,2,7,-4,True
129,9,13,-1676,14,2,7,-3,True
129,9,7,-902,14,2,7,-2,True
129,9,3,-386,14,2,7,-1,True
129,9,1,-128,14,2,7,0,True
129,9,1,-128,14,2,7,1,True
129,9,3,-386,14,2,7,2,True
129,9,7,-902,14,2,7,3,True
129,9,13,-1676,14,2,7,4,True
129,9,21,-2708,14,2,7,5,True
129,9,31,-3998,14,2,7,6,True
129,9,43,-5546,14,2,7,7,True
129,9,57,-7352,14,2,7,8,True
129,9,73,-9416,14,2,7,9,True
129,9,91,-11738,14,2,7,10,True
333,9,111,-36962,22,2,11,-10,True
333,9,91,-30302,22,2,11,-9,True
333,9,73,-24308,22,2,11,-8,True
333,9,57,-18980,22,2,11,-7,True
333,9,43,-14318,22,2,11,-6,True
333,9,31,-10322,22,2,11,-5,True
333,9,21,-6992,22,2,11,-4,True
333,9,13,-4328,22,2,11,-3,True
333,9,7,-2330,22,2,11,-2,True
333,9,3,-998,22,2,11,-1,True
333,9,1,-332,22,2,11,0,True
333,9,1,-332,22,2,11,1,True
333,9,3,-998,22,2,11,2,True
333,9,7,-2330,22,2,11,3,True
333,9,13,-4328,22,2,11,4,True
333,9,21,-6992,22,2,11,5,True
333,9,31,-10322,22,2,11,6,True
333,9,43,-14318,22,2,11,7,True
333,9,57,-18980,22,2,11,8,True
333,9,73,-24308,22,2,11,9,True
333,9,91,-30302,22,2,11,10,True
471,9,111,-52280,26,2,13,-10,True
471,9,91,-42860,26,2,13,-9,True
471,9,73,-34382,26,2,13,-8,True
471,9,57,-26846,26,2,13,-7,True
471,9,43,-20252,26,2,13,-6,True
471,9,31,-14600,26,2,13,-5,True
471,9,21,-9890,26,2,13,-4,True
471,9,13,-6122,26,2,13,-3,True
471,9,7,-3296,26,2,13,-2,True
471,9,3,-1412,26,2,13,-1,True
471,9,1,-470,26,2,13,0,True
471,9,1,-470,26,2,13,1,True
471,9,3,-1412,26,2,13,2,True
471,9,7,-3296,26,2,13,3,True
471,9,13,-6122,26,2,13,4,True
471,9,21,-9890,26,2,13,5,True
471,9,31,-14600,26,2,13,6,True
471,9,43,-20252,26,2,13,7,True
471,9,57,-26846,26,2,13,8,True
471,9,73,-34382,26,2,13,9,True
471,9,91,-42860,26,2,13,10,True
819,9,111,-90908,34,2,17,-10,True
819,9,91,-74528,34,2,17,-9,True
819,9,73,-59786,34,2,17,-8,True
819,9,57,-46682,34,2,17,-7,True
819,9,43,-35216,34,2,17,-6,True
819,9,31,-25388,34,2,17,-5,True
819,9,21,-17198,34,2,17,-4,True
819,9,13,-10646,34,2,17,-3,True
819,9,7,-5732,34,2,17,-2,True
819,9,3,-2456,34,2,17,-1,True
819,9,1,-818,34,2,17,0,True
819,9,1,-818,34,2,17,1,True
819,9,3,-2456,34,2,17,2,True
819,9,7,-5732,34,2,17,3,True
819,9,13,-10646,34,2,17,4,True
819,9,21,-17198,34,2,17,5,True
819,9,31,-25388,34,2,17,6,True
819,9,43,-35216,34,2,17,7,True
819,9,57,-46682,34,2,17,8,True
819,9,73,-59786,34,2,17,9,True
819,9,91,-74528,34,2,17,10,True
1029,9,111,-114218,38,2,19,-10,True
1029,9,91,-93638,38,2,19,-9,True
1029,9,73,-75116,38,2,19,-8,True
1029,9,57,-58652,38,2,19,-7,True
1029,9,43,-44246,38,2,19,-6,True
1029,9,31,-31898,38,2,19,-5,True
1029,9,21,-21608,38,2,19,-4,True
1029,9,13,-13376,38,2,19,-3,True
1029,9,7,-7202,38,2,19,-2,True
1029,9,3,-3086,38,2,19,-1,True
1029,9,1,-1028,38,2,19,0,True
1029,9,1,-1028,38,2,19,1,True
1029,9,3,-3086,38,2,19,2,True
1029,9,7,-7202,38,2,19,3,True
1029,9,13,-13376,38,2,19,4,True
1029,9,21,-21608,38,2,19,5,True
1029,9,31,-31898,38,2,19,6,True
1029,9,43,-44246,38,2,19,7,True
1029,9,57,-58652,38,2,19,8,True
1029,9,73,-75116,38,2,19,9,True
1029,9,91,-93638,38,2,19,10,True
1521,9,111,-168830,46,2,23,-10,True
1521,9,91,-138410,46,2,23,-9,True
1521,9,73,-111032,46,2,23,-8,True
1521,9,57,-86696,46,2,23,-7,True
1521,9,43,-65402,46,2,23,-6,True
1521,9,31,-47150,46,2,23,-5,True
1521,9,21,-31940,46,2,23,-4,True
1521,9,13,-19772,46,2,23,-3,True
1521,9,7,-10646,46,2,23,-2,True
1521,9,3,-4562,46,2,23,-1,True
1521,9,1,-1520,46,2,23,0,True
1521,9,1,-1520,46,2,23,1,True
1521,9,3,-4562,46,2,23,2,True
1521,9,7,-10646,46,2,23,3,True
1521,9,13,-19772,46,2,23,4,True
1521,9,21,-31940,46,2,23,5,True
1521,9,31,-47150,46,2,23,6,True
1521,9,43,-65402,46,2,23,7,True
1521,9,57,-86696,46,2,23,8,True
1521,9,73,-111032,46,2,23,9,True
1521,9,91,-138410,46,2,23,10,True
2439,9,111,-270728,58,2,29,-10,True
2439,9,91,-221948,58,2,29,-9,True
2439,9,73,-178046,58,2,29,-8,True
2439,9,57,-139022,58,2,29,-7,True
2439,9,43,-104876,58,2,29,-6,True
2439,9,31,-75608,58,2,29,-5,True
2439,9,21,-51218,58,2,29,-4,True
2439,9,13,-31706,58,2,29,-3,True
2439,9,7,-17072,58,2,29,-2,True
2439,9,3,-7316,58,2,29,-1,True
2439,9,1,-2438,58,2,29,0,True
2439,9,1,-2438,58,2,29,1,True
2439,9,3,-7316,58,2,29,2,True
2439,9,7,-17072,58,2,29,3,True
2439,9,13,-31706,58,2,29,4,True
2439,9,21,-51218,58,2,29,5,True
2439,9,31,-75608,58,2,29,6,True
2439,9,43,-104876,58,2,29,7,True
2439,9,57,-139022,58,2,29,8,True
2439,9,73,-178046,58,2,29,9,True
2439,9,91,-221948,58,2,29,10,True
2793,9,111,-310022,62,2,31,-10,True
2793,9,91,-254162,62,2,31,-9,True
2793,9,73,-203888,62,2,31,-8,True
2793,9,57,-159200,62,2,31,-7,True
2793,9,43,-120098,62,2,31,-6,True
2793,9,31,-86582,62,2,31,-5,True
2793,9,21,-58652,62,2,31,-4,True
2793,9,13,-36308,62,2,31,-3,True
2793,9,7,-19550,62,2,31,-2,True
2793,9,3,-8378,62,2,31,-1,True
2793,9,1,-2792,62,2,31,0,True
2793,9,1,-2792,62,2,31,1,True
2793,9,3,-8378,62,2,31,2,True
2793,9,7,-19550,62,2,31,3,True
2793,9,13,-36308,62,2,31,4,True
2793,9,21,-58652,62,2,31,5,True
2793,9,31,-86582,62,2,31,6,True
2793,9,43,-120098,62,2,31,7,True
2793,9,57,-159200,62,2,31,8,True
2793,9,73,-203888,62,2,31,9,True
2793,9,91,-254162,62,2,31,10,True
3999,9,111,-443888,74,2,37,-10,True
3999,9,91,-363908,74,2,37,-9,True
3999,9,73,-291926,74,2,37,-8,True
3999,9,57,-227942,74,2,37,-7,True
3999,9,43,-171956,74,2,37,-6,True
3999,9,31,-123968,74,2,37,-5,True
3999,9,21,-83978,74,2,37,-4,True
3999,9,13,-51986,74,2,37,-3,True
3999,9,7,-27992,74,2,37,-2,True
3999,9,3,-11996,74,2,37,-1,True
3999,9,1,-3998,74,2,37,0,True
3999,9,1,-3998,74,2,37,1,True
3999,9,3,-11996,74,2,37,2,True
3999,9,7,-27992,74,2,37,3,True
3999,9,13,-51986,74,2,37,4,True
3999,9,21,-83978,74,2,37,5,True
3999,9,31,-123968,74,2,37,6,True
3999,9,43,-171956,74,2,37,7,True
3999,9,57,-227942,74,2,37,8,True
3999,9,73,-291926,74,2,37,9,True
3999,9,91,-363908,74,2,37,10,True
4923,9,111,-546452,82,2,41,-10,True
4923,9,91,-447992,82,2,41,-9,True
4923,9,73,-359378,82,2,41,-8,True
4923,9,57,-280610,82,2,41,-7,True
4923,9,43,-211688,82,2,41,-6,True
4923,9,31,-152612,82,2,41,-5,True
4923,9,21,-103382,82,2,41,-4,True
4923,9,13,-63998,82,2,41,-3,True
4923,9,7,-34460,82,2,41,-2,True
4923,9,3,-14768,82,2,41,-1,True
4923,9,1,-4922,82,2,41,0,True
4923,9,1,-4922,82,2,41,1,True
4923,9,3,-14768,82,2,41,2,True
4923,9,7,-34460,82,2,41,3,True
4923,9,13,-63998,82,2,41,4,True
4923,9,21,-103382,82,2,41,5,True
4923,9,31,-152612,82,2,41,6,True
4923,9,43,-211688,82,2,41,7,True
4923,9,57,-280610,82,2,41,8,True
4923,9,73,-359378,82,2,41,9,True
4923,9,91,-447992,82,2,41,10,True
5421,9,111,-601730,86,2,43,-10,True
5421,9,91,-493310,86,2,43,-9,True
5421,9,73,-395732,86,2,43,-8,True
5421,9,57,-308996,86,2,43,-7,True
5421,9,43,-233102,86,2,43,-6,True
5421,9,31,-168050,86,2,43,-5,True
5421,9,21,-113840,86,2,43,-4,True
5421,9,13,-70472,86,2,43,-3,True
5421,9,7,-37946,86,2,43,-2,True
5421,9,3,-16262,86,2,43,-1,True
5421,9,1,-5420,86,2,43,0,True
5421,9,1,-5420,86,2,43,1,True
5421,9,3,-16262,86,2,43,2,True
5421,9,7,-37946,86,2,43,3,True
5421,9,13,-70472,86,2,43,4,True
5421,9,21,-113840,86,2,43,5,True
5421,9,31,-168050,86,2,43,6,True
5421,9,43,-233102,86,2,43,7,True
5421,9,57,-308996,86,2,43,8,True
5421,9,73,-395732,86,2,43,9,True
5421,9,91,-493310,86,2,43,10,True
6489,9,111,-720278,94,2,47,-10,True
6489,9,91,-590498,94,2,47,-9,True
6489,9,73,-473696,94,2,47,-8,True
6489,9,57,-369872,94,2,47,-7,True
6489,9,43,-279026,94,2,47,-6,True
6489,9,31,-201158,94,2,47,-5,True
6489,9,21,-136268,94,2,47,-4,True
6489,9,13,-84356,94,2,47,-3,True
6489,9,7,-45422,94,2,47,-2,True
6489,9,3,-19466,94,2,47,-1,True
6489,9,1,-6488,94,2,47,0,True
6489,9,1,-6488,94,2,47,1,True
6489,9,3,-19466,94,2,47,2,True
6489,9,7,-45422,94,2,47,3,True
6489,9,13,-84356,94,2,47,4,True
6489,9,21,-136268,94,2,47,5,True
6489,9,31,-201158,94,2,47,6,True
6489,9,43,-279026,94,2,47,7,True
6489,9,57,-369872,94,2,47,8,True
6489,9,73,-473696,94,2,47,9,True
6489,9,91,-590498,94,2,47,10,True
8271,9,111,-918080,106,2,53,-10,True
8271,9,91,-752660,106,2,53,-9,True
8271,9,73,-603782,106,2,53,-8,True
8271,9,57,-471446,106,2,53,-7,True
8271,9,43,-355652,106,2,53,-6,True
8271,9,31,-256400,106,2,53,-5,True
8271,9,21,-173690,106,2,53,-4,True
8271,9,13,-107522,106,2,53,-3,True
8271,9,7,-57896,106,2,53,-2,True
8271,9,3,-24812,106,2,53,-1,True
8271,9,1,-8270,106,2,53,0,True
8271,9,1,-8270,106,2,53,1,True
8271,9,3,-24812,106,2,53,2,True
8271,9,7,-57896,106,2,53,3,True
8271,9,13,-107522,106,2,53,4,True
8271,9,21,-173690,106,2,53,5,True
8271,9,31,-256400,106,2,53,6,True
8271,9,43,-355652,106,2,53,7,True
8271,9,57,-471446,106,2,53,8,True
8271,9,73,-603782,106,2,53,9,True
8271,9,91,-752660,106,2,53,10,True
10269,9,111,-1139858,118,2,59,-10,True
10269,9,91,-934478,118,2,59,-9,True
10269,9,73,-749636,118,2,59,-8,True
10269,9,57,-585332,118,2,59,-7,True
10269,9,43,-441566,118,2,59,-6,True
10269,9,31,-318338,118,2,59,-5,True
10269,9,21,-215648,118,2,59,-4,True
10269,9,13,-133496,118,2,59,-3,True
10269,9,7,-71882,118,2,59,-2,True
10269,9,3,-30806,118,2,59,-1,True
10269,9,1,-10268,118,2,59,0,True
10269,9,1,-10268,118,2,59,1,True
10269,9,3,-30806,118,2,59,2,True
10269,9,7,-71882,118,2,59,3,True
10269,9,13,-133496,118,2,59,4,True
10269,9,21,-215648,118,2,59,5,True
10269,9,31,-318338,118,2,59,6,True
10269,9,43,-441566,118,2,59,7,True
10269,9,57,-585332,118,2,59,8,True
10269,9,73,-749636,118,2,59,9,True
10269,9,91,-934478,118,2,59,10,True
10983,9,111,-1219112,122,2,61,-10,True
10983,9,91,-999452,122,2,61,-9,True
10983,9,73,-801758,122,2,61,-8,True
10983,9,57,-626030,122,2,61,-7,True
10983,9,43,-472268,122,2,61,-6,True
10983,9,31,-340472,122,2,61,-5,True
10983,9,21,-230642,122,2,61,-4,True
10983,9,13,-142778,122,2,61,-3,True
10983,9,7,-76880,122,2,61,-2,True
10983,9,3,-32948,122,2,61,-1,True
10983,9,1,-10982,122,2,61,0,True
10983,9,1,-10982,122,2,61,1,True
10983,9,3,-32948,122,2,61,2,True
10983,9,7,-76880,122,2,61,3,True
10983,9,13,-142778,122,2,61,4,True
10983,9,21,-230642,122,2,61,5,True
10983,9,31,-340472,122,2,61,6,True
10983,9,43,-472268,122,2,61,7,True
10983,9,57,-626030,122,2,61,8,True
10983,9,73,-801758,122,2,61,9,True
10983,9,91,-999452,122,2,61,10,True
13269,9,111,-1472858,134,2,67,-10,True
13269,9,91,-1207478,134,2,67,-9,True
13269,9,73,-968636,134,2,67,-8,True
13269,9,57,-756332,134,2,67,-7,True
13269,9,43,-570566,134,2,67,-6,True
13269,9,31,-411338,134,2,67,-5,True
13269,9,21,-278648,134,2,67,-4,True
13269,9,13,-172496,134,2,67,-3,True
13269,9,7,-92882,134,2,67,-2,True
13269,9,3,-39806,134,2,67,-1,True
13269,9,1,-13268,134,2,67,0,True
13269,9,1,-13268,134,2,67,1,True
13269,9,3,-39806,134,2,67,2,True
13269,9,7,-92882,134,2,67,3,True
13269,9,13,-172496,134,2,67,4,True
13269,9,21,-278648,134,2,67,5,True
13269,9,31,-411338,134,2,67,6,True
13269,9,43,-570566,134,2,67,7,True
13269,9,57,-756332,134,2,67,8,True
13269,9,73,-968636,134,2,67,9,True
13269,9,91,-1207478,134,2,67,10,True
14913,9,111,-1655342,142,2,71,-10,True
14913,9,91,-1357082,142,2,71,-9,True
14913,9,73,-1088648,142,2,71,-8,True
14913,9,57,-850040,142,2,71,-7,True
14913,9,43,-641258,142,2,71,-6,True
14913,9,31,-462302,142,2,71,-5,True
14913,9,21,-313172,142,2,71,-4,True
14913,9,13,-193868,142,2,71,-3,True
14913,9,7,-104390,142,2,71,-2,True
14913,9,3,-44738,142,2,71,-1,True
14913,9,1,-14912,142,2,71,0,True
14913,9,1,-14912,142,2,71,1,True
14913,9,3,-44738,142,2,71,2,True
14913,9,7,-104390,142,2,71,3,True
14913,9,13,-193868,142,2,71,4,True
14913,9,21,-313172,142,2,71,5,True
14913,9,31,-462302,142,2,71,6,True
14913,9,43,-641258,142,2,71,7,True
14913,9,57,-850040,142,2,71,8,True
14913,9,73,-1088648,142,2,71,9,True
14913,9,91,-1357082,142,2,71,10,True
15771,9,111,-1750580,146,2,73,-10,True
15771,9,91,-1435160,146,2,73,-9,True
15771,9,73,-1151282,146,2,73,-8,True
15771,9,57,-898946,146,2,73,-7,True
15771,9,43,-678152,146,2,73,-6,True
15771,9,31,-488900,146,2,73,-5,True
15771,9,21,-331190,146,2,73,-4,True
15771,9,13,-205022,146,2,73,-3,True
15771,9,7,-110396,146,2,73,-2,True
15771,9,3,-47312,146,2,73,-1,True
15771,9,1,-15770,146,2,73,0,True
15771,9,1,-15770,146,2,73,1,True
15771,9,3,-47312,146,2,73,2,True
15771,9,7,-110396,146,2,73,3,True
15771,9,13,-205022,146,2,73,4,True
15771,9,21,-331190,146,2,73,5,True
15771,9,31,-488900,146,2,73,6,True
15771,9,43,-678152,146,2,73,7,True
15771,9,57,-898946,146,2,73,8,True
15771,9,73,-1151282,146,2,73,9,True
15771,9,91,-1435160,146,2,73,10,True
18489,9,111,-2052278,158,2,79,-10,True
18489,9,91,-1682498,158,2,79,-9,True
18489,9,73,-1349696,158,2,79,-8,True
18489,9,57,-1053872,158,2,79,-7,True
18489,9,43,-795026,158,2,79,-6,True
18489,9,31,-573158,158,2,79,-5,True
18489,9,21,-388268,158,2,79,-4,True
18489,9,13,-240356,158,2,79,-3,True
18489,9,7,-129422,158,2,79,-2,True
18489,9,3,-55466,158,2,79,-1,True
18489,9,1,-18488,158,2,79,0,True
18489,9,1,-18488,158,2,79,1,True
18489,9,3,-55466,158,2,79,2,True
18489,9,7,-129422,158,2,79,3,True
18489,9,13,-240356,158,2,79,4,True
18489,9,21,-388268,158,2,79,5,True
18489,9,31,-573158,158,2,79,6,True
18489,9,43,-795026,158,2,79,7,True
18489,9,57,-1053872,158,2,79,8,True
18489,9,73,-1349696,158,2,79,9,True
18489,9,91,-1682498,158,2,79,10,True
20421,9,111,-2266730,166,2,83,-10,True
20421,9,91,-1858310,166,2,83,-9,True
20421,9,73,-1490732,166,2,83,-8,True
20421,9,57,-1163996,166,2,83,-7,True
20421,9,43,-878102,166,2,83,-6,True
20421,9,31,-633050,166,2,83,-5,True
20421,9,21,-428840,166,2,83,-4,True
20421,9,13,-265472,166,2,83,-3,True
20421,9,7,-142946,166,2,83,-2,True
20421,9,3,-61262,166,2,83,-1,True
20421,9,1,-20420,166,2,83,0,True
20421,9,1,-20420,166,2,83,1,True
20421,9,3,-61262,166,2,83,2,True
20421,9,7,-142946,166,2,83,3,True
20421,9,13,-265472,166,2,83,4,True
20421,9,21,-428840,166,2,83,5,True
20421,9,31,-633050,166,2,83,6,True
20421,9,43,-878102,166,2,83,7,True
20421,9,57,-1163996,166,2,83,8,True
20421,9,73,-1490732,166,2,83,9,True
20421,9,91,-1858310,166,2,83,10,True
23499,9,111,-2608388,178,2,89,-10,True
23499,9,91,-2138408,178,2,89,-9,True
23499,9,73,-1715426,178,2,89,-8,True
23499,9,57,-1339442,178,2,89,-7,True
23499,9,43,-1010456,178,2,89,-6,True
23499,9,31,-728468,178,2,89,-5,True
23499,9,21,-493478,178,2,89,-4,True
23499,9,13,-305486,178,2,89,-3,True
23499,9,7,-164492,178,2,89,-2,True
23499,9,3,-70496,178,2,89,-1,True
23499,9,1,-23498,178,2,89,0,True
23499,9,1,-23498,178,2,89,1,True
23499,9,3,-70496,178,2,89,2,True
23499,9,7,-164492,178,2,89,3,True
23499,9,13,-305486,178,2,89,4,True
23499,9,21,-493478,178,2,89,5,True
23499,9,31,-728468,178,2,89,6,True
23499,9,43,-1010456,178,2,89,7,True
23499,9,57,-1339442,178,2,89,8,True
23499,9,73,-1715426,178,2,89,9,True
23499,9,91,-2138408,178,2,89,10,True
27939,9,111,-3101228,194,2,97,-10,True
27939,9,91,-2542448,194,2,97,-9,True
27939,9,73,-2039546,194,2,97,-8,True
27939,9,57,-1592522,194,2,97,-7,True
27939,9,43,-1201376,194,2,97,-6,True
27939,9,31,-866108,194,2,97,-5,True
27939,9,21,-586718,194,2,97,-4,True
27939,9,13,-363206,194,2,97,-3,True
27939,9,7,-195572,194,2,97,-2,True
27939,9,3,-83816,194,2,97,-1,True
27939,9,1,-27938,194,2,97,0,True
27939,9,1,-27938,194,2,97,1,True
27939,9,3,-83816,194,2,97,2,True
27939,9,7,-195572,194,2,97,3,True
27939,9,13,-363206,194,2,97,4,True
27939,9,21,-586718,194,2,97,5,True
27939,9,31,-866108,194,2,97,6,True
27939,9,43,-1201376,194,2,97,7,True
27939,9,57,-1592522,194,2,97,8,True
27939,9,73,-2039546,194,2,97,9,True
27939,9,91,-2542448,194,2,97,10,True
147,0,111,-16316,15,3,5,-10,True
147,0,91,-13376,15,3,5,-9,True
147,0,73,-10730,15,3,5,-8,True
147,0,57,-8378,15,3,5,-7,True
147,0,43,-6320,15,3,5,-6,True
147,0,31,-4556,15,3,5,-5,True
147,0,21,-3086,15,3,5,-4,True
147,0,13,-1910,15,3,5,-3,True
147,0,7,-1028,15,3,5,-2,True
147,0,3,-440,15,3,5,-1,True
147,0,1,-146,15,3,5,0,True
147,0,1,-146,15,3,5,1,True
147,0,3,-440,15,3,5,2,True
147,0,7,-1028,15,3,5,3,True
147,0,13,-1910,15,3,5,4,True
147,0,21,-3086,15,3,5,5,True
147,0,31,-4556,15,3,5,6,True
147,0,43,-6320,15,3,5,7,True
147,0,57,-8378,15,3,5,8,True
147,0,73,-10730,15,3,5,9,True
147,0,91,-13376,15,3,5,10,True
301,4,111,-33410,21,3,7,-10,True
301,4,91,-27390,21,3,7,-9,True
301,4,73,-21972,21,3,7,-8,True
301,4,57,-17156,21,3,7,-7,True
301,4,43,-12942,21,3,7,-6,True
301,4,31,-9330,21,3,7,-5,True
301,4,21,-6320,21,3,7,-4,True
301,4,13,-3912,21,3,7,-3,True
301,4,7,-2106,21,3,7,-2,True
301,4,3,-902,21,3,7,-1,True
301,4,1,-300,21,3,7,0,True
301,4,1,-300,21,3,7,1,True
301,4,3,-902,21,3,7,2,True
301,4,7,-2106,21,3,7,3,True
301,4,13,-3912,21,3,7,4,True
301,4,21,-6320,21,3,7,5,True
301,4,31,-9330,21,3,7,6,True
301,4,43,-12942,21,3,7,7,True
301,4,57,-17156,21,3,7,8,True
301,4,73,-21972,21,3,7,9,True
301,4,91,-27390,21,3,7,10,True
777,36,111,-86246,33,3,11,-10,True
777,36,91,-70706,33,3,11,-9,True
777,36,73,-56720,33,3,11,-8,True
777,36,57,-44288,33,3,11,-7,True
777,36,43,-33410,33,3,11,-6,True
777,36,31,-24086,33,3,11,-5,True
777,36,21,-16316,33,3,11,-4,True
777,36,13,-10100,33,3,11,-3,True
777,36,7,-5438,33,3,11,-2,True
777,36,3,-2330,33,3,11,-1,True
777,36,1,-776,33,3,11,0,True
777,36,1,-776,33,3,11,1,True
777,36,3,-2330,33,3,11,2,True
777,36,7,-5438,33,3,11,3,True
777,36,13,-10100,33,3,11,4,True
777,36,21,-16316,33,3,11,5,True
777,36,31,-24086,33,3,11,6,True
777,36,43,-33410,33,3,11,7,True
777,36,57,-44288,33,3,11,8,True
777,36,73,-56720,33,3,11,9,True
777,36,91,-70706,33,3,11,10,True
1099,64,111,-121988,39,3,13,-10,True
1099,64,91,-100008,39,3,13,-9,True
1099,64,73,-80226,39,3,13,-8,True
1099,64,57,-62642,39,3,13,-7,True
1099,64,43,-47256,39,3,13,-6,True
1099,64,31,-34068,39,3,13,-5,True
1099,64,21,-23078,39,3,13,-4,True
1099,64,13,-14286,39,3,13,-3,True
1099,64,7,-7692,39,3,13,-2,True
1099,64,3,-3296,39,3,13,-1,True
1099,64,1,-1098,39,3,13,0,True
1099,64,1,-1098,39,3,13,1,True
1099,64,3,-3296,39,3,13,2,True
1099,64,7,-7692,39,3,13,3,True
1099,64,13,-14286,39,3,13,4,True
1099,64,21,-23078,39,3,13,5,True
1099,64,31,-34068,39,3,13,6,True
1099,64,43,-47256,39,3,13,7,True
1099,64,57,-62642,39,3,13,8,True
1099,64,73,-80226,39,3,13,9,True
1099,64,91,-100008,39,3,13,10,True
1911,144,111,-212120,51,3,17,-10,True
1911,144,91,-173900,51,3,17,-9,True
1911,144,73,-139502,51,3,17,-8,True
1911,144,57,-108926,51,3,17,-7,True
1911,144,43,-82172,51,3,17,-6,True
1911,144,31,-59240,51,3,17,-5,True
1911,144,21,-40130,51,3,17,-4,True
1911,144,13,-24842,51,3,17,-3,True
1911,144,7,-13376,51,3,17,-2,True
1911,144,3,-5732,51,3,17,-1,True
1911,144,1,-1910,51,3,17,0,True
1911,144,1,-1910,51,3,17,1,True
1911,144,3,-5732,51,3,17,2,True
1911,144,7,-13376,51,3,17,3,True
1911,144,13,-24842,51,3,17,4,True
1911,144,21,-40130,51,3,17,5,True
1911,144,31,-59240,51,3,17,6,True
1911,144,43,-82172,51,3,17,7,True
1911,144,57,-108926,51,3,17,8,True
1911,144,73,-139502,51,3,17,9,True
1911,144,91,-173900,51,3,17,10,True
2401,196,111,-266510,57,3,19,-10,True
2401,196,91,-218490,57,3,19,-9,True
2401,196,73,-175272,57,3,19,-8,True
2401,196,57,-136856,57,3,19,-7,True
2401,196,43,-103242,57,3,19,-6,True
2401,196,31,-74430,57,3,19,-5,True
2401,196,21,-50420,57,3,19,-4,True
2401,196,13,-31212,57,3,19,-3,True
2401,196,7,-16806,57,3,19,-2,True
2401,196,3,-7202,57,3,19,-1,True
2401,196,1,-2400,57,3,19,0,True
2401,196,1,-2400,57,3,19,1,True
2401,196,3,-7202,57,3,19,2,True
2401,196,7,-16806,57,3,19,3,True
2401,196,13,-31212,57,3,19,4,True
2401,196,21,-50420,57,3,19,5,True
2401,196,31,-74430,57,3,19,6,True
2401,196,43,-103242,57,3,19,7,True
2401,196,57,-136856,57,3,19,8,True
2401,196,73,-175272,57,3,19,9,True
2401,196,91,-218490,57,3,19,10,True
3549,324,111,-393938,69,3,23,-10,True
3549,324,91,-322958,69,3,23,-9,True
3549,324,73,-259076,69,3,23,-8,True
3549,324,57,-202292,69,3,23,-7,True
3549,324,43,-152606,69,3,23,-6,True
3549,324,31,-110018,69,3,23,-5,True
3549,324,21,-74528,69,3,23,-4,True
3549,324,13,-46136,69,3,23,-3,True
3549,324,7,-24842,69,3,23,-2,True
3549,324,3,-10646,69,3,23,-1,True
3549,324,1,-3548,69,3,23,0,True
3549,324,1,-3548,69,3,23,1,True
3549,324,3,-10646,69,3,23,2,True
3549,324,7,-24842,69,3,23,3,True
3549,324,13,-46136,69,3,23,4,True
3549,324,21,-74528,69,3,23,5,True
3549,324,31,-110018,69,3,23,6,True
3549,324,43,-152606,69,3,23,7,True
3549,324,57,-202292,69,3,23,8,True
3549,324,73,-259076,69,3,23,9,True
3549,324,91,-322958,69,3,23,10,True
5691,576,111,-631700,87,3,29,-10,True
5691,576,91,-517880,87,3,29,-9,True
5691,576,73,-415442,87,3,29,-8,True
5691,576,57,-324386,87,3,29,-7,True
5691,576,43,-244712,87,3,29,-6,True
5691,576,31,-176420,87,3,29,-5,True
5691,576,21,-119510,87,3,29,-4,True
5691,576,13,-73982,87,3,29,-3,True
5691,576,7,-39836,87,3,29,-2,True
5691,576,3,-17072,87,3,29,-1,True
5691,576,1,-5690,87,3,29,0,True
5691,576,1,-5690,87,3,29,1,True
5691,576,3,-17072,87,3,29,2,True
5691,576,7,-39836,87,3,29,3,True
5691,576,13,-73982,87,3,29,4,True
5691,576,21,-119510,87,3,29,5,True
5691,576,31,-176420,87,3,29,6,True
5691,576,43,-244712,87,3,29,7,True
5691,576,57,-324386,87,3,29,8,True
5691,576,73,-415442,87,3,29,9,True
5691,576,91,-517880,87,3,29,10,True
6517,676,111,-723386,93,3,31,-10,True
6517,676,91,-593046,93,3,31,-9,True
6517,676,73,-475740,93,3,31,-8,True
6517,676,57,-371468,93,3,31,-7,True
6517,676,43,-280230,93,3,31,-6,True
6517,676,31,-202026,93,3,31,-5,True
6517,676,21,-136856,93,3,31,-4,True
6517,676,13,-84720,93,3,31,-3,True
6517,676,7,-45618,93,3,31,-2,True
6517,676,3,-19550,93,3,31,-1,True
6517,676,1,-6516,93,3,31,0,True
6517,676,1,-6516,93,3,31,1,True
6517,676,3,-19550,93,3,31,2,True
6517,676,7,-45618,93,3,31,3,True
6517,676,13,-84720,93,3,31,4,True
6517,676,21,-136856,93,3,31,5,True
6517,676,31,-202026,93,3,31,6,True
6517,676,43,-280230,93,3,31,7,True
6517,676,57,-371468,93,3,31,8,True
6517,676,73,-475740,93,3,31,9,True
6517,676,91,-593046,93,3,31,10,True
9331,1024,111,-1035740,111,3,37,-10,True
9331,1024,91,-849120,111,3,37,-9,True
9331,1024,73,-681162,111,3,37,-8,True
9331,1024,57,-531866,111,3,37,-7,True
9331,1024,43,-401232,111,3,37,-6,True
9331,1024,31,-289260,111,3,37,-5,True
9331,1024,21,-195950,111,3,37,-4,True
9331,1024,13,-121302,111,3,37,-3,True
9331,1024,7,-65316,111,3,37,-2,True
9331,1024,3,-27992,111,3,37,-1,True
9331,1024,1,-9330,111,3,37,0,True
9331,1024,1,-9330,111,3,37,1,True
9331,1024,3,-27992,111,3,37,2,True
9331,1024,7,-65316,111,3,37,3,True
9331,1024,13,-121302,111,3,37,4,True
9331,1024,21,-195950,111,3,37,5,True
9331,1024,31,-289260,111,3,37,6,True
9331,1024,43,-401232,111,3,37,7,True
9331,1024,57,-531866,111,3,37,8,True
9331,1024,73,-681162,111,3,37,9,True
9331,1024,91,-849120,111,3,37,10,True
11487,1296,111,-1275056,123,3,41,-10,True
11487,1296,91,-1045316,123,3,41,-9,True
11487,1296,73,-838550,123,3,41,-8,True
11487,1296,57,-654758,123,3,41,-7,True
11487,1296,43,-493940,123,3,41,-6,True
11487,1296,31,-356096,123,3,41,-5,True
11487,1296,21,-241226,123,3,41,-4,True
11487,1296,13,-149330,123,3,41,-3,True
11487,1296,7,-80408,123,3,41,-2,True
11487,1296,3,-34460,123,3,41,-1,True
11487,1296,1,-11486,123,3,41,0,True
11487,1296,1,-11486,123,3,41,1,True
11487,1296,3,-34460,123,3,41,2,True
11487,1296,7,-80408,123,3,41,3,True
11487,1296,13,-149330,123,3,41,4,True
11487,1296,21,-241226,123,3,41,5,True
11487,1296,31,-356096,123,3,41,6,True
11487,1296,43,-493940,123,3,41,7,True
11487,1296,57,-654758,123,3,41,8,True
11487,1296,73,-838550,123,3,41,9,True
11487,1296,91,-1045316,123,3,41,10,True
12649,1444,111,-1404038,129,3,43,-10,True
12649,1444,91,-1151058,129,3,43,-9,True
12649,1444,73,-923376,129,3,43,-8,True
12649,1444,57,-720992,129,3,43,-7,True
12649,1444,43,-543906,129,3,43,-6,True
12649,1444,31,-392118,129,3,43,-5,True
12649,1444,21,-265628,129,3,43,-4,True
12649,1444,13,-164436,129,3,43,-3,True
12649,1444,7,-88542,129,3,43,-2,True
12649,1444,3,-37946,129,3,43,-1,True
12649,1444,1,-12648,129,3,43,0,True
12649,1444,1,-12648,129,3,43,1,True
12649,1444,3,-37946,129,3,43,2,True
12649,1444,7,-88542,129,3,43,3,True
12649,1444,13,-164436,129,3,43,4,True
12649,1444,21,-265628,129,3,43,5,True
12649,1444,31,-392118,129,3,43,6,True
12649,1444,43,-543906,129,3,43,7,True
12649,1444,57,-720992,129,3,43,8,True
12649,1444,73,-923376,129,3,43,9,True
12649,1444,91,-1151058,129,3,43,10,True
15141,1764,111,-1680650,141,3,47,-10,True
15141,1764,91,-1377830,141,3,47,-9,True
15141,1764,73,-1105292,141,3,47,-8,True
15141,1764,57,-863036,141,3,47,-7,True
15141,1764,43,-651062,141,3,47,-6,True
15141,1764,31,-469370,141,3,47,-5,True
15141,1764,21,-317960,141,3,47,-4,True
15141,1764,13,-196832,141,3,47,-3,True
15141,1764,7,-105986,141,3,47,-2,True
15141,1764,3,-45422,141,3,47,-1,True
15141,1764,1,-15140,141,3,47,0,True
15141,1764,1,-15140,141,3,47,1,True
15141,1764,3,-45422,141,3,47,2,True
15141,1764,7,-105986,141,3,47,3,True
15141,1764,13,-196832,141,3,47,4,True
15141,1764,21,-317960,141,3,47,5,True
15141,1764,31,-469370,141,3,47,6,True
15141,1764,43,-651062,141,3,47,7,True
15141,1764,57,-863036,141,3,47,8,True
15141,1764,73,-1105292,141,3,47,9,True
15141,1764,91,-1377830,141,3,47,10,True
19299,2304,111,-2142188,159,3,53,-10,True
19299,2304,91,-1756208,159,3,53,-9,True
19299,2304,73,-1408826,159,3,53,-8,True
19299,2304,57,-1100042,159,3,53,-7,True
19299,2304,43,-829856,159,3,53,-6,True
19299,2304,31,-598268,159,3,53,-5,True
19299,2304,21,-405278,159,3,53,-4,True
19299,2304,13,-250886,159,3,53,-3,True
19299,2304,7,-135092,159,3,53,-2,True
19299,2304,3,-57896,159,3,53,-1,True
19299,2304,1,-19298,159,3,53,0,True
19299,2304,1,-19298,159,3,53,1,True
19299,2304,3,-57896,159,3,53,2,True
19299,2304,7,-135092,159,3,53,3,True
19299,2304,13,-250886,159,3,53,4,True
19299,2304,21,-405278,159,3,53,5,True
19299,2304,31,-598268,159,3,53,6,True
19299,2304,43,-829856,159,3,53,7,True
19299,2304,57,-1100042,159,3,53,8,True
19299,2304,73,-1408826,159,3,53,9,True
19299,2304,91,-1756208,159,3,53,10,True
23961,2916,111,-2659670,177,3,59,-10,True
23961,2916,91,-2180450,177,3,59,-9,True
23961,2916,73,-1749152,177,3,59,-8,True
23961,2916,57,-1365776,177,3,59,-7,True
23961,2916,43,-1030322,177,3,59,-6,True
23961,2916,31,-742790,177,3,59,-5,True
23961,2916,21,-503180,177,3,59,-4,True
23961,2916,13,-311492,177,3,59,-3,True
23961,2916,7,-167726,177,3,59,-2,True
23961,2916,3,-71882,177,3,59,-1,True
23961,2916,1,-23960,177,3,59,0,True
23961,2916,1,-23960,177,3,59,1,True
23961,2916,3,-71882,177,3,59,2,True
23961,2916,7,-167726,177,3,59,3,True
23961,2916,13,-311492,177,3,59,4,True
23961,2916,21,-503180,177,3,59,5,True
23961,2916,31,-742790,177,3,59,6,True
23961,2916,43,-1030322,177,3,59,7,True
23961,2916,57,-1365776,177,3,59,8,True
23961,2916,73,-1749152,177,3,59,9,True
23961,2916,91,-2180450,177,3,59,10,True
25627,3136,111,-2844596,183,3,61,-10,True
25627,3136,91,-2332056,183,3,61,-9,True
25627,3136,73,-1870770,183,3,61,-8,True
25627,3136,57,-1460738,183,3,61,-7,True
25627,3136,43,-1101960,183,3,61,-6,True
25627,3136,31,-794436,183,3,61,-5,True
25627,3136,21,-538166,183,3,61,-4,True
25627,3136,13,-333150,183,3,61,-3,True
25627,3136,7,-179388,183,3,61,-2,True
25627,3136,3,-76880,183,3,61,-1,True
25627,3136,1,-25626,183,3,61,0,True
25627,3136,1,-25626,183,3,61,1,True
25627,3136,3,-76880,183,3,61,2,True
25627,3136,7,-179388,183,3,61,3,True
25627,3136,13,-333150,183,3,61,4,True
25627,3136,21,-538166,183,3,61,5,True
25627,3136,31,-794436,183,3,61,6,True
25627,3136,43,-1101960,183,3,61,7,True
25627,3136,57,-1460738,183,3,61,8,True
25627,3136,73,-1870770,183,3,61,9,True
25627,3136,91,-2332056,183,3,61,10,True
30961,3844,111,-3436670,201,3,67,-10,True
30961,3844,91,-2817450,201,3,67,-9,True
30961,3844,73,-2260152,201,3,67,-8,True
30961,3844,57,-1764776,201,3,67,-7,True
30961,3844,43,-1331322,201,3,67,-6,True
30961,3844,31,-959790,201,3,67,-5,True
30961,3844,21,-650180,201,3,67,-4,True
30961,3844,13,-402492,201,3,67,-3,True
30961,3844,7,-216726,201,3,67,-2,True
30961,3844,3,-92882,201,3,67,-1,True
30961,3844,1,-30960,201,3,67,0,True
30961,3844,1,-30960,201,3,67,1,True
30961,3844,3,-92882,201,3,67,2,True
30961,3844,7,-216726,201,3,67,3,True
30961,3844,13,-402492,201,3,67,4,True
30961,3844,21,-650180,201,3,67,5,True
30961,3844,31,-959790,201,3,67,6,True
30961,3844,43,-1331322,201,3,67,7,True
30961,3844,57,-1764776,201,3,67,8,True
30961,3844,73,-2260152,201,3,67,9,True
30961,3844,91,-2817450,201,3,67,10,True
34797,4356,111,-3862466,213,3,71,-10,True
34797,4356,91,-3166526,213,3,71,-9,True
34797,4356,73,-2540180,213,3,71,-8,True
34797,4356,57,-1983428,213,3,71,-7,True
34797,4356,43,-1496270,213,3,71,-6,True
34797,4356,31,-1078706,213,3,71,-5,True
34797,4356,21,-730736,213,3,71,-4,True
34797,4356,13,-452360,213,3,71,-3,True
34797,4356,7,-243578,213,3,71,-2,True
34797,4356,3,-104390,213,3,71,-1,True
34797,4356,1,-34796,213,3,71,0,True
34797,4356,1,-34796,213,3,71,1,True
34797,4356,3,-104390,213,3,71,2,True
34797,4356,7,-243578,213,3,71,3,True
34797,4356,13,-452360,213,3,71,4,True
34797,4356,21,-730736,213,3,71,5,True
34797,4356,31,-1078706,213,3,71,6,True
34797,4356,43,-1496270,213,3,71,7,True
34797,4356,57,-1983428,213,3,71,8,True
34797,4356,73,-2540180,213,3,71,9,True
34797,4356,91,-3166526,213,3,71,10,True
36799,4624,111,-4084688,219,3,73,-10,True
36799,4624,91,-3348708,219,3,73,-9,True
36799,4624,73,-2686326,219,3,73,-8,True
36799,4624,57,-2097542,219,3,73,-7,True
36799,4624,43,-1582356,219,3,73,-6,True
36799,4624,31,-1140768,219,3,73,-5,True
36799,4624,21,-772778,219,3,73,-4,True
36799,4624,13,-478386,219,3,73,-3,True
36799,4624,7,-257592,219,3,73,-2,True
36799,4624,3,-110396,219,3,73,-1,True
36799,4624,1,-36798,219,3,73,0,True
36799,4624,1,-36798,219,3,73,1,True
36799,4624,3,-110396,219,3,73,2,True
36799,4624,7,-257592,219,3,73,3,True
36799,4624,13,-478386,219,3,73,4,True
36799,4624,21,-772778,219,3,73,5,True
36799,4624,31,-1140768,219,3,73,6,True
36799,4624,43,-1582356,219,3,73,7,True
36799,4624,57,-2097542,219,3,73,8,True
36799,4624,73,-2686326,219,3,73,9,True
36799,4624,91,-3348708,219,3,73,10,True
43141,5476,111,-4788650,237,3,79,-10,True
43141,5476,91,-3925830,237,3,79,-9,True
43141,5476,73,-3149292,237,3,79,-8,True
43141,5476,57,-2459036,237,3,79,-7,True
43141,5476,43,-1855062,237,3,79,-6,True
43141,5476,31,-1337370,237,3,79,-5,True
43141,5476,21,-905960,237,3,79,-4,True
43141,5476,13,-560832,237,3,79,-3,True
43141,5476,7,-301986,237,3,79,-2,True
43141,5476,3,-129422,237,3,79,-1,True
43141,5476,1,-43140,237,3,79,0,True
43141,5476,1,-43140,237,3,79,1,True
43141,5476,3,-129422,237,3,79,2,True
43141,5476,7,-301986,237,3,79,3,True
43141,5476,13,-560832,237,3,79,4,True
43141,5476,21,-905960,237,3,79,5,True
43141,5476,31,-1337370,237,3,79,6,True
43141,5476,43,-1855062,237,3,79,7,True
43141,5476,57,-2459036,237,3,79,8,True
43141,5476,73,-3149292,237,3,79,9,True
43141,5476,91,-3925830,237,3,79,10,True
47649,6084,111,-5289038,249,3,83,-10,True
47649,6084,91,-4336058,249,3,83,-9,True
47649,6084,73,-3478376,249,3,83,-8,True
47649,6084,57,-2715992,249,3,83,-7,True
47649,6084,43,-2048906,249,3,83,-6,True
47649,6084,31,-1477118,249,3,83,-5,True
47649,6084,21,-1000628,249,3,83,-4,True
47649,6084,13,-619436,249,3,83,-3,True
47649,6084,7,-333542,249,3,83,-2,True
47649,6084,3,-142946,249,3,83,-1,True
47649,6084,1,-47648,249,3,83,0,True
47649,6084,1,-47648,249,3,83,1,True
47649,6084,3,-142946,249,3,83,2,True
47649,6084,7,-333542,249,3,83,3,True
47649,6084,13,-619436,249,3,83,4,True
47649,6084,21,-1000628,249,3,83,5,True
47649,6084,31,-1477118,249,3,83,6,True
47649,6084,43,-2048906,249,3,83,7,True
47649,6084,57,-2715992,249,3,83,8,True
47649,6084,73,-3478376,249,3,83,9,True
47649,6084,91,-4336058,249,3,83,10,True
54831,7056,111,-6086240,267,3,89,-10,True
54831,7056,91,-4989620,267,3,89,-9,True
54831,7056,73,-4002662,267,3,89,-8,True
54831,7056,57,-3125366,267,3,89,-7,True
54831,7056,43,-2357732,267,3,89,-6,True
54831,7056,31,-1699760,267,3,89,-5,True
54831,7056,21,-1151450,267,3,89,-4,True
54831,7056,13,-712802,267,3,89,-3,True
54831,7056,7,-383816,267,3,89,-2,True
54831,7056,3,-164492,267,3,89,-1,True
54831,7056,1,-54830,267,3,89,0,True
54831,7056,1,-54830,267,3,89,1,True
54831,7056,3,-164492,267,3,89,2,True
54831,7056,7,-383816,267,3,89,3,True
54831,7056,13,-712802,267,3,89,4,True
54831,7056,21,-1151450,267,3,89,5,True
54831,7056,31,-1699760,267,3,89,6,True
54831,7056,43,-2357732,267,3,89,7,True
54831,7056,57,-3125366,267,3,89,8,True
54831,7056,73,-4002662,267,3,89,9,True
54831,7056,91,-4989620,267,3,89,10,True
65191,8464,111,-7236200,291,3,97,-10,True
65191,8464,91,-5932380,291,3,97,-9,True
65191,8464,73,-4758942,291,3,97,-8,True
65191,8464,57,-3715886,291,3,97,-7,True
65191,8464,43,-2803212,291,3,97,-6,True
65191,8464,31,-2020920,291,3,97,-5,True
65191,8464,21,-1369010,291,3,97,-4,True
65191,8464,13,-847482,291,3,97,-3,True
65191,8464,7,-456336,291,3,97,-2,True
65191,8464,3,-195572,291,3,97,-1,True
65191,8464,1,-65190,291,3,97,0,True
65191,8464,1,-65190,291,3,97,1,True
65191,8464,3,-195572,291,3,97,2,True
65191,8464,7,-456336,291,3,97,3,True
65191,8464,13,-847482,291,3,97,4,True
65191,8464,21,-1369010,291,3,97,5,True
65191,8464,31,-2020920,291,3,97,6,True
65191,8464,43,-2803212,291,3,97,7,True
65191,8464,57,-3715886,291,3,97,8,True
65191,8464,73,-4758942,291,3,97,9,True
65191,8464,91,-5932380,291,3,97,10,True
903,144,111,-100232,35,5,7,-10,True
903,144,91,-82172,35,5,7,-9,True
903,144,73,-65918,35,5,7,-8,True
903,144,57,-51470,35,5,7,-7,True
903,144,43,-38828,35,5,7,-6,True
903,144,31,-27992,35,5,7,-5,True
903,144,21,-18962,35,5,7,-4,True
903,144,13,-11738,35,5,7,-3,True
903,144,7,-6320,35,5,7,-2,True
903,144,3,-2708,35,5,7,-1,True
903,144,1,-902,35,5,7,0,True
903,144,1,-902,35,5,7,1,True
903,144,3,-2708,35,5,7,2,True
903,144,7,-6320,35,5,7,3,True
903,144,13,-11738,35,5,7,4,True
903,144,21,-18962,35,5,7,5,True
903,144,31,-27992,35,5,7,6,True
903,144,43,-38828,35,5,7,7,True
903,144,57,-51470,35,5,7,8,True
903,144,73,-65918,35,5,7,9,True
903,144,91,-82172,35,5,7,10,True
2331,576,111,-258740,55,5,11,-10,True
2331,576,91,-212120,55,5,11,-9,True
2331,576,73,-170162,55,5,11,-8,True
2331,576,57,-132866,55,5,11,-7,True
2331,576,43,-100232,55,5,11,-6,True
2331,576,31,-72260,55,5,11,-5,True
2331,576,21,-48950,55,5,11,-4,True
2331,576,13,-30302,55,5,11,-3,True
2331,576,7,-16316,55,5,11,-2,True
2331,576,3,-6992,55,5,11,-1,True
2331,576,1,-2330,55,5,11,0,True
2331,576,1,-2330,55,5,11,1,True
2331,576,3,-6992,55,5,11,2,True
2331,576,7,-16316,55,5,11,3,True
2331,576,13,-30302,55,5,11,4,True
2331,576,21,-48950,55,5,11,5,True
2331,576,31,-72260,55,5,11,6,True
2331,576,43,-100232,55,5,11,7,True
2331,576,57,-132866,55,5,11,8,True
2331,576,73,-170162,55,5,11,9,True
2331,576,91,-212120,55,5,11,10,True
3297,900,111,-365966,65,5,13,-10,True
3297,900,91,-300026,65,5,13,-9,True
3297,900,73,-240680,65,5,13,-8,True
3297,900,57,-187928,65,5,13,-7,True
3297,900,43,-141770,65,5,13,-6,True
3297,900,31,-102206,65,5,13,-5,True
3297,900,21,-69236,65,5,13,-4,True
3297,900,13,-42860,65,5,13,-3,True
3297,900,7,-23078,65,5,13,-2,True
3297,900,3,-9890,65,5,13,-1,True
3297,900,1,-3296,65,5,13,0,True
3297,900,1,-3296,65,5,13,1,True
3297,900,3,-9890,65,5,13,2,True
3297,900,7,-23078,65,5,13,3,True
3297,900,13,-42860,65,5,13,4,True
3297,900,21,-69236,65,5,13,5,True
3297,900,31,-102206,65,5,13,6,True
3297,900,43,-141770,65,5,13,7,True
3297,900,57,-187928,65,5,13,8,True
3297,900,73,-240680,65,5,13,9,True
3297,900,91,-300026,65,5,13,10,True
5733,1764,111,-636362,85,5,17,-10,True
5733,1764,91,-521702,85,5,17,-9,True
5733,1764,73,-418508,85,5,17,-8,True
5733,1764,57,-326780,85,5,17,-7,True
5733,1764,43,-246518,85,5,17,-6,True
5733,1764,31,-177722,85,5,17,-5,True
5733,1764,21,-120392,85,5,17,-4,True
5733,1764,13,-74528,85,5,17,-3,True
5733,1764,7,-40130,85,5,17,-2,True
5733,1764,3,-17198,85,5,17,-1,True
5733,1764,1,-5732,85,5,17,0,True
5733,1764,1,-5732,85,5,17,1,True
5733,1764,3,-17198,85,5,17,2,True
5733,1764,7,-40130,85,5,17,3,True
5733,1764,13,-74528,85,5,17,4,True
5733,1764,21,-120392,85,5,17,5,True
5733,1764,31,-177722,85,5,17,6,True
5733,1764,43,-246518,85,5,17,7,True
5733,1764,57,-326780,85,5,17,8,True
5733,1764,73,-418508,85,5,17,9,True
5733,1764,91,-521702,85,5,17,10,True
7203,2304,111,-799532,95,5,19,-10,True
7203,2304,91,-655472,95,5,19,-9,True
7203,2304,73,-525818,95,5,19,-8,True
7203,2304,57,-410570,95,5,19,-7,True
7203,2304,43,-309728,95,5,19,-6,True
7203,2304,31,-223292,95,5,19,-5,True
7203,2304,21,-151262,95,5,19,-4,True
7203,2304,13,-93638,95,5,19,-3,True
7203,2304,7,-50420,95,5,19,-2,True
7203,2304,3,-21608,95,5,19,-1,True
7203,2304,1,-7202,95,5,19,0,True
7203,2304,1,-7202,95,5,19,1,True
7203,2304,3,-21608,95,5,19,2,True
7203,2304,7,-50420,95,5,19,3,True
7203,2304,13,-93638,95,5,19,4,True
7203,2304,21,-151262,95,5,19,5,True
7203,2304,31,-223292,95,5,19,6,True
7203,2304,43,-309728,95,5,19,7,True
7203,2304,57,-410570,95,5,19,8,True
7203,2304,73,-525818,95,5,19,9,True
7203,2304,91,-655472,95,5,19,10,True
10647,3600,111,-1181816,115,5,23,-10,True
10647,3600,91,-968876,115,5,23,-9,True
10647,3600,73,-777230,115,5,23,-8,True
10647,3600,57,-606878,115,5,23,-7,True
10647,3600,43,-457820,115,5,23,-6,True
10647,3600,31,-330056,115,5,23,-5,True
10647,3600,21,-223586,115,5,23,-4,True
10647,3600,13,-138410,115,5,23,-3,True
10647,3600,7,-74528,115,5,23,-2,True
10647,3600,3,-31940,115,5,23,-1,True
10647,3600,1,-10646,115,5,23,0,True
10647,3600,1,-10646,115,5,23,1,True
10647,3600,3,-31940,115,5,23,2,True
10647,3600,7,-74528,115,5,23,3,True
10647,3600,13,-138410,115,5,23,4,True
10647,3600,21,-223586,115,5,23,5,True
10647,3600,31,-330056,115,5,23,6,True
10647,3600,43,-457820,115,5,23,7,True
10647,3600,57,-606878,115,5,23,8,True
10647,3600,73,-777230,115,5,23,9,True
10647,3600,91,-968876,115,5,23,10,True
17073,6084,111,-1895102,145,5,29,-10,True
17073,6084,91,-1553642,145,5,29,-9,True
17073,6084,73,-1246328,145,5,29,-8,True
17073,6084,57,-973160,145,5,29,-7,True
17073,6084,43,-734138,145,5,29,-6,True
17073,6084,31,-529262,145,5,29,-5,True
17073,6084,21,-358532,145,5,29,-4,True
17073,6084,13,-221948,145,5,29,-3,True
17073,6084,7,-119510,145,5,29,-2,True
17073,6084,3,-51218,145,5,29,-1,True
17073,6084,1,-17072,145,5,29,0,True
17073,6084,1,-17072,145,5,29,1,True
17073,6084,3,-51218,145,5,29,2,True
17073,6084,7,-119510,145,5,29,3,True
17073,6084,13,-221948,145,5,29,4,True
17073,6084,21,-358532,145,5,29,5,True
17073,6084,31,-529262,145,5,29,6,True
17073,6084,43,-734138,145,5,29,7,True
17073,6084,57,-973160,145,5,29,8,True
17073,6084,73,-1246328,145,5,29,9,True
17073,6084,91,-1553642,145,5,29,10,True
19551,7056,111,-2170160,155,5,31,-10,True
19551,7056,91,-1779140,155,5,31,-9,True
19551,7056,73,-1427222,155,5,31,-8,True
19551,7056,57,-1114406,155,5,31,-7,True
19551,7056,43,-840692,155,5,31,-6,True
19551,7056,31,-606080,155,5,31,-5,True
19551,7056,21,-410570,155,5,31,-4,True
19551,7056,13,-254162,155,5,31,-3,True
19551,7056,7,-136856,155,5,31,-2,True
19551,7056,3,-58652,155,5,31,-1,True
19551,7056,1,-19550,155,5,31,0,True
19551,7056,1,-19550,155,5,31,1,True
19551,7056,3,-58652,155,5,31,2,True
19551,7056,7,-136856,155,5,31,3,True
19551,7056,13,-254162,155,5,31,4,True
19551,7056,21,-410570,155,5,31,5,True
19551,7056,31,-606080,155,5,31,6,True
19551,7056,43,-840692,155,5,31,7,True
19551,7056,57,-1114406,155,5,31,8,True
19551,7056,73,-1427222,155,5,31,9,True
19551,7056,91,-1779140,155,5,31,10,True
27993,10404,111,-3107222,185,5,37,-10,True
27993,10404,91,-2547362,185,5,37,-9,True
27993,10404,73,-2043488,185,5,37,-8,True
27993,10404,57,-1595600,185,5,37,-7,True
27993,10404,43,-1203698,185,5,37,-6,True
27993,10404,31,-867782,185,5,37,-5,True
27993,10404,21,-587852,185,5,37,-4,True
27993,10404,13,-363908,185,5,37,-3,True
27993,10404,7,-195950,185,5,37,-2,True
27993,10404,3,-83978,185,5,37,-1,True
27993,10404,1,-27992,185,5,37,0,True
27993,10404,1,-27992,185,5,37,1,True
27993,10404,3,-83978,185,5,37,2,True
27993,10404,7,-195950,185,5,37,3,True
27993,10404,13,-363908,185,5,37,4,True
27993,10404,21,-587852,185,5,37,5,True
27993,10404,31,-867782,185,5,37,6,True
27993,10404,43,-1203698,185,5,37,7,True
27993,10404,57,-1595600,185,5,37,8,True
27993,10404,73,-2043488,185,5,37,9,True
27993,10404,91,-2547362,185,5,37,10,True
34461,12996,111,-3825170,205,5,41,-10,True
34461,12996,91,-3135950,205,5,41,-9,True
34461,12996,73,-2515652,205,5,41,-8,True
34461,12996,57,-1964276,205,5,41,-7,True
34461,12996,43,-1481822,205,5,41,-6,True
34461,12996,31,-1068290,205,5,41,-5,True
34461,12996,21,-723680,205,5,41,-4,True
34461,12996,13,-447992,205,5,41,-3,True
34461,12996,7,-241226,205,5,41,-2,True
34461,12996,3,-103382,205,5,41,-1,True
34461,12996,1,-34460,205,5,41,0,True
34461,12996,1,-34460,205,5,41,1,True
34461,12996,3,-103382,205,5,41,2,True
34461,12996,7,-241226,205,5,41,3,True
34461,12996,13,-447992,205,5,41,4,True
34461,12996,21,-723680,205,5,41,5,True
34461,12996,31,-1068290,205,5,41,6,True
34461,12996,43,-1481822,205,5,41,7,True
34461,12996,57,-1964276,205,5,41,8,True
34461,12996,73,-2515652,205,5,41,9,True
34461,12996,91,-3135950,205,5,41,10,True
37947,14400,111,-4212116,215,5,43,-10,True
37947,14400,91,-3453176,215,5,43,-9,True
37947,14400,73,-2770130,215,5,43,-8,True
37947,14400,57,-2162978,215,5,43,-7,True
37947,14400,43,-1631720,215,5,43,-6,True
37947,14400,31,-1176356,215,5,43,-5,True
37947,14400,21,-796886,215,5,43,-4,True
37947,14400,13,-493310,215,5,43,-3,True
37947,14400,7,-265628,215,5,43,-2,True
37947,14400,3,-113840,215,5,43,-1,True
37947,14400,1,-37946,215,5,43,0,True
37947,14400,1,-37946,215,5,43,1,True
37947,14400,3,-113840,215,5,43,2,True
37947,14400,7,-265628,215,5,43,3,True
37947,14400,13,-493310,215,5,43,4,True
37947,14400,21,-796886,215,5,43,5,True
37947,14400,31,-1176356,215,5,43,6,True
37947,14400,43,-1631720,215,5,43,7,True
37947,14400,57,-2162978,215,5,43,8,True
37947,14400,73,-2770130,215,5,43,9,True
37947,14400,91,-3453176,215,5,43,10,True
45423,17424,111,-5041952,235,5,47,-10,True
45423,17424,91,-4133492,235,5,47,-9,True
45423,17424,73,-3315878,235,5,47,-8,True
45423,17424,57,-2589110,235,5,47,-7,True
45423,17424,43,-1953188,235,5,47,-6,True
45423,17424,31,-1408112,235,5,47,-5,True
45423,17424,21,-953882,235,5,47,-4,True
45423,17424,13,-590498,235,5,47,-3,True
45423,17424,7,-317960,235,5,47,-2,True
45423,17424,3,-136268,235,5,47,-1,True
45423,17424,1,-45422,235,5,47,0,True
45423,17424,1,-45422,235,5,47,1,True
45423,17424,3,-136268,235,5,47,2,True
45423,17424,7,-317960,235,5,47,3,True
45423,17424,13,-590498,235,5,47,4,True
45423,17424,21,-953882,235,5,47,5,True
45423,17424,31,-1408112,235,5,47,6,True
45423,17424,43,-1953188,235,5,47,7,True
45423,17424,57,-2589110,235,5,47,8,True
45423,17424,73,-3315878,235,5,47,9,True
45423,17424,91,-4133492,235,5,47,10,True
57897,22500,111,-6426566,265,5,53,-10,True
57897,22500,91,-5268626,265,5,53,-9,True
57897,22500,73,-4226480,265,5,53,-8,True
57897,22500,57,-3300128,265,5,53,-7,True
57897,22500,43,-2489570,265,5,53,-6,True
57897,22500,31,-1794806,265,5,53,-5,True
57897,22500,21,-1215836,265,5,53,-4,True
57897,22500,13,-752660,265,5,53,-3,True
57897,22500,7,-405278,265,5,53,-2,True
57897,22500,3,-173690,265,5,53,-1,True
57897,22500,1,-57896,265,5,53,0,True
57897,22500,1,-57896,265,5,53,1,True
57897,22500,3,-173690,265,5,53,2,True
57897,22500,7,-405278,265,5,53,3,True
57897,22500,13,-752660,265,5,53,4,True
57897,22500,21,-1215836,265,5,53,5,True
57897,22500,31,-1794806,265,5,53,6,True
57897,22500,43,-2489570,265,5,53,7,True
57897,22500,57,-3300128,265,5,53,8,True
57897,22500,73,-4226480,265,5,53,9,True
57897,22500,91,-5268626,265,5,53,10,True
71883,28224,111,-7979012,295,5,59,-10,True
71883,28224,91,-6541352,295,5,59,-9,True
71883,28224,73,-5247458,295,5,59,-8,True
71883,28224,57,-4097330,295,5,59,-7,True
71883,28224,43,-3090968,295,5,59,-6,True
71883,28224,31,-2228372,295,5,59,-5,True
71883,28224,21,-1509542,295,5,59,-4,True
71883,28224,13,-934478,295,5,59,-3,True
71883,28224,7,-503180,295,5,59,-2,True
71883,28224,3,-215648,295,5,59,-1,True
71883,28224,1,-71882,295,5,59,0,True
71883,28224,1,-71882,295,5,59,1,True
71883,28224,3,-215648,295,5,59,2,True
71883,28224,7,-503180,295,5,59,3,True
71883,28224,13,-934478,295,5,59,4,True
71883,28224,21,-1509542,295,5,59,5,True
71883,28224,31,-2228372,295,5,59,6,True
71883,28224,43,-3090968,295,5,59,7,True
71883,28224,57,-4097330,295,5,59,8,True
71883,28224,73,-5247458,295,5,59,9,True
71883,28224,91,-6541352,295,5,59,10,True
76881,30276,111,-8533790,305,5,61,-10,True
76881,30276,91,-6996170,305,5,61,-9,True
76881,30276,73,-5612312,305,5,61,-8,True
76881,30276,57,-4382216,305,5,61,-7,True
76881,30276,43,-3305882,305,5,61,-6,True
76881,30276,31,-2383310,305,5,61,-5,True
76881,30276,21,-1614500,305,5,61,-4,True
76881,30276,13,-999452,305,5,61,-3,True
76881,30276,7,-538166,305,5,61,-2,True
76881,30276,3,-230642,305,5,61,-1,True
76881,30276,1,-76880,305,5,61,0,True
76881,30276,1,-76880,305,5,61,1,True
76881,30276,3,-230642,305,5,61,2,True
76881,30276,7,-538166,305,5,61,3,True
76881,30276,13,-999452,305,5,61,4,True
76881,30276,21,-1614500,305,5,61,5,True
76881,30276,31,-2383310,305,5,61,6,True
76881,30276,43,-3305882,305,5,61,7,True
76881,30276,57,-4382216,305,5,61,8,True
76881,30276,73,-5612312,305,5,61,9,True
76881,30276,91,-6996170,305,5,61,10,True
92883,36864,111,-10310012,335,5,67,-10,True
92883,36864,91,-8452352,335,5,67,-9,True
92883,36864,73,-6780458,335,5,67,-8,True
92883,36864,57,-5294330,335,5,67,-7,True
92883,36864,43,-3993968,335,5,67,-6,True
92883,36864,31,-2879372,335,5,67,-5,True
92883,36864,21,-1950542,335,5,67,-4,True
92883,36864,13,-1207478,335,5,67,-3,True
92883,36864,7,-650180,335,5,67,-2,True
92883,36864,3,-278648,335,5,67,-1,True
92883,36864,1,-92882,335,5,67,0,True
92883,36864,1,-92882,335,5,67,1,True
92883,36864,3,-278648,335,5,67,2,True
92883,36864,7,-650180,335,5,67,3,True
92883,36864,13,-1207478,335,5,67,4,True
92883,36864,21,-1950542,335,5,67,5,True
92883,36864,31,-2879372,335,5,67,6,True
92883,36864,43,-3993968,335,5,67,7,True
92883,36864,57,-5294330,335,5,67,8,True
92883,36864,73,-6780458,335,5,67,9,True
92883,36864,91,-8452352,335,5,67,10,True
104391,41616,111,-11587400,355,5,71,-10,True
104391,41616,91,-9499580,355,5,71,-9,True
104391,41616,73,-7620542,355,5,71,-8,True
104391,41616,57,-5950286,355,5,71,-7,True
104391,41616,43,-4488812,355,5,71,-6,True
104391,41616,31,-3236120,355,5,71,-5,True
104391,41616,21,-2192210,355,5,71,-4,True
104391,41616,13,-1357082,355,5,71,-3,True
104391,41616,7,-730736,355,5,71,-2,True
104391,41616,3,-313172,355,5,71,-1,True
104391,41616,1,-104390,355,5,71,0,True
104391,41616,1,-104390,355,5,71,1,True
104391,41616,3,-313172,355,5,71,2,True
104391,41616,7,-730736,355,5,71,3,True
104391,41616,13,-1357082,355,5,71,4,True
104391,41616,21,-2192210,355,5,71,5,True
104391,41616,31,-3236120,355,5,71,6,True
104391,41616,43,-4488812,355,5,71,7,True
104391,41616,57,-5950286,355,5,71,8,True
104391,41616,73,-7620542,355,5,71,9,True
104391,41616,91,-9499580,355,5,71,10,True
110397,44100,111,-12254066,365,5,73,-10,True
110397,44100,91,-10046126,365,5,73,-9,True
110397,44100,73,-8058980,365,5,73,-8,True
110397,44100,57,-6292628,365,5,73,-7,True
110397,44100,43,-4747070,365,5,73,-6,True
110397,44100,31,-3422306,365,5,73,-5,True
110397,44100,21,-2318336,365,5,73,-4,True
110397,44100,13,-1435160,365,5,73,-3,True
110397,44100,7,-772778,365,5,73,-2,True
110397,44100,3,-331190,365,5,73,-1,True
110397,44100,1,-110396,365,5,73,0,True
110397,44100,1,-110396,365,5,73,1,True
110397,44100,3,-331190,365,5,73,2,True
110397,44100,7,-772778,365,5,73,3,True
110397,44100,13,-1435160,365,5,73,4,True
110397,44100,21,-2318336,365,5,73,5,True
110397,44100,31,-3422306,365,5,73,6,True
110397,44100,43,-4747070,365,5,73,7,True
110397,44100,57,-6292628,365,5,73,8,True
110397,44100,73,-8058980,365,5,73,9,True
110397,44100,91,-10046126,365,5,73,10,True
129423,51984,111,-14365952,395,5,79,-10,True
129423,51984,91,-11777492,395,5,79,-9,True
129423,51984,73,-9447878,395,5,79,-8,True
129423,51984,57,-7377110,395,5,79,-7,True
129423,51984,43,-5565188,395,5,79,-6,True
129423,51984,31,-4012112,395,5,79,-5,True
129423,51984,21,-2717882,395,5,79,-4,True
129423,51984,13,-1682498,395,5,79,-3,True
129423,51984,7,-905960,395,5,79,-2,True
129423,51984,3,-388268,395,5,79,-1,True
129423,51984,1,-129422,395,5,79,0,True
129423,51984,1,-129422,395,5,79,1,True
129423,51984,3,-388268,395,5,79,2,True
129423,51984,7,-905960,395,5,79,3,True
129423,51984,13,-1682498,395,5,79,4,True
129423,51984,21,-2717882,395,5,79,5,True
129423,51984,31,-4012112,395,5,79,6,True
129423,51984,43,-5565188,395,5,79,7,True
129423,51984,57,-7377110,395,5,79,8,True
129423,51984,73,-9447878,395,5,79,9,True
129423,51984,91,-11777492,395,5,79,10,True
142947,57600,111,-15867116,415,5,83,-10,True
142947,57600,91,-13008176,415,5,83,-9,True
142947,57600,73,-10435130,415,5,83,-8,True
142947,57600,57,-8147978,415,5,83,-7,True
142947,57600,43,-6146720,415,5,83,-6,True
142947,57600,31,-4431356,415,5,83,-5,True
142947,57600,21,-3001886,415,5,83,-4,True
142947,57600,13,-1858310,415,5,83,-3,True
142947,57600,7,-1000628,415,5,83,-2,True
142947,57600,3,-428840,415,5,83,-1,True
142947,57600,1,-142946,415,5,83,0,True
142947,57600,1,-142946,415,5,83,1,True
142947,57600,3,-428840,415,5,83,2,True
142947,57600,7,-1000628,415,5,83,3,True
142947,57600,13,-1858310,415,5,83,4,True
142947,57600,21,-3001886,415,5,83,5,True
142947,57600,31,-4431356,415,5,83,6,True
142947,57600,43,-6146720,415,5,83,7,True
142947,57600,57,-8147978,415,5,83,8,True
142947,57600,73,-10435130,415,5,83,9,True
142947,57600,91,-13008176,415,5,83,10,True
164493,66564,111,-18258722,445,5,89,-10,True
164493,66564,91,-14968862,445,5,89,-9,True
164493,66564,73,-12007988,445,5,89,-8,True
164493,66564,57,-9376100,445,5,89,-7,True
164493,66564,43,-7073198,445,5,89,-6,True
164493,66564,31,-5099282,445,5,89,-5,True
164493,66564,21,-3454352,445,5,89,-4,True
164493,66564,13,-2138408,445,5,89,-3,True
164493,66564,7,-1151450,445,5,89,-2,True
164493,66564,3,-493478,445,5,89,-1,True
164493,66564,1,-164492,445,5,89,0,True
164493,66564,1,-164492,445,5,89,1,True
164493,66564,3,-493478,445,5,89,2,True
164493,66564,7,-1151450,445,5,89,3,True
164493,66564,13,-2138408,445,5,89,4,True
164493,66564,21,-3454352,445,5,89,5,True
164493,66564,31,-5099282,445,5,89,6,True
164493,66564,43,-7073198,445,5,89,7,True
164493,66564,57,-9376100,445,5,89,8,True
164493,66564,73,-12007988,445,5,89,9,True
164493,66564,91,-14968862,445,5,89,10,True
195573,79524,111,-21708602,485,5,97,-10,True
195573,79524,91,-17797142,485,5,97,-9,True
195573,79524,73,-14276828,485,5,97,-8,True
195573,79524,57,-11147660,485,5,97,-7,True
195573,79524,43,-8409638,485,5,97,-6,True
195573,79524,31,-6062762,485,5,97,-5,True
195573,79524,21,-4107032,485,5,97,-4,True
195573,79524,13,-2542448,485,5,97,-3,True
195573,79524,7,-1369010,485,5,97,-2,True
195573,79524,3,-586718,485,5,97,-1,True
195573,79524,1,-195572,485,5,97,0,True
195573,79524,1,-195572,485,5,97,1,True
195573,79524,3,-586718,485,5,97,2,True
195573,79524,7,-1369010,485,5,97,3,True
195573,79524,13,-2542448,485,5,97,4,True
195573,79524,21,-4107032,485,5,97,5,True
195573,79524,31,-6062762,485,5,97,6,True
195573,79524,43,-8409638,485,5,97,7,True
195573,79524,57,-11147660,485,5,97,8,True
195573,79524,73,-14276828,485,5,97,9,True
195573,79524,91,-17797142,485,5,97,10,True
4773,1764,111,-529802,77,7,11,-10,True
4773,1764,91,-434342,77,7,11,-9,True
4773,1764,73,-348428,77,7,11,-8,True
4773,1764,57,-272060,77,7,11,-7,True
4773,1764,43,-205238,77,7,11,-6,True
4773,1764,31,-147962,77,7,11,-5,True
4773,1764,21,-100232,77,7,11,-4,True
4773,1764,13,-62048,77,7,11,-3,True
4773,1764,7,-33410,77,7,11,-2,True
4773,1764,3,-14318,77,7,11,-1,True
4773,1764,1,-4772,77,7,11,0,True
4773,1764,1,-4772,77,7,11,1,True
4773,1764,3,-14318,77,7,11,2,True
4773,1764,7,-33410,77,7,11,3,True
4773,1764,13,-62048,77,7,11,4,True
4773,1764,21,-100232,77,7,11,5,True
4773,1764,31,-147962,77,7,11,6,True
4773,1764,43,-205238,77,7,11,7,True
4773,1764,57,-272060,77,7,11,8,True
4773,1764,73,-348428,77,7,11,9,True
4773,1764,91,-434342,77,7,11,10,True
6751,2704,111,-749360,91,7,13,-10,True
6751,2704,91,-614340,91,7,13,-9,True
6751,2704,73,-492822,91,7,13,-8,True
6751,2704,57,-384806,91,7,13,-7,True
6751,2704,43,-290292,91,7,13,-6,True
6751,2704,31,-209280,91,7,13,-5,True
6751,2704,21,-141770,91,7,13,-4,True
6751,2704,13,-87762,91,7,13,-3,True
6751,2704,7,-47256,91,7,13,-2,True
6751,2704,3,-20252,91,7,13,-1,True
6751,2704,1,-6750,91,7,13,0,True
6751,2704,1,-6750,91,7,13,1,True
6751,2704,3,-20252,91,7,13,2,True
6751,2704,7,-47256,91,7,13,3,True
6751,2704,13,-87762,91,7,13,4,True
6751,2704,21,-141770,91,7,13,5,True
6751,2704,31,-209280,91,7,13,6,True
6751,2704,43,-290292,91,7,13,7,True
6751,2704,57,-384806,91,7,13,8,True
6751,2704,73,-492822,91,7,13,9,True
6751,2704,91,-614340,91,7,13,10,True
11739,5184,111,-1303028,119,7,17,-10,True
11739,5184,91,-1068248,119,7,17,-9,True
11739,5184,73,-856946,119,7,17,-8,True
11739,5184,57,-669122,119,7,17,-7,True
11739,5184,43,-504776,119,7,17,-6,True
11739,5184,31,-363908,119,7,17,-5,True
11739,5184,21,-246518,119,7,17,-4,True
11739,5184,13,-152606,119,7,17,-3,True
11739,5184,7,-82172,119,7,17,-2,True
11739,5184,3,-35216,119,7,17,-1,True
11739,5184,1,-11738,119,7,17,0,True
11739,5184,1,-11738,119,7,17,1,True
11739,5184,3,-35216,119,7,17,2,True
11739,5184,7,-82172,119,7,17,3,True
11739,5184,13,-152606,119,7,17,4,True
11739,5184,21,-246518,119,7,17,5,True
11739,5184,31,-363908,119,7,17,6,True
11739,5184,43,-504776,119,7,17,7,True
11739,5184,57,-669122,119,7,17,8,True
11739,5184,73,-856946,119,7,17,9,True
11739,5184,91,-1068248,119,7,17,10,True
14749,6724,111,-1637138,133,7,19,-10,True
14749,6724,91,-1342158,133,7,19,-9,True
14749,6724,73,-1076676,133,7,19,-8,True
14749,6724,57,-840692,133,7,19,-7,True
14749,6724,43,-634206,133,7,19,-6,True
14749,6724,31,-457218,133,7,19,-5,True
14749,6724,21,-309728,133,7,19,-4,True
14749,6724,13,-191736,133,7,19,-3,True
14749,6724,7,-103242,133,7,19,-2,True
14749,6724,3,-44246,133,7,19,-1,True
14749,6724,1,-14748,133,7,19,0,True
14749,6724,1,-14748,133,7,19,1,True
14749,6724,3,-44246,133,7,19,2,True
14749,6724,7,-103242,133,7,19,3,True
14749,6724,13,-191736,133,7,19,4,True
14749,6724,21,-309728,133,7,19,5,True
14749,6724,31,-457218,133,7,19,6,True
14749,6724,43,-634206,133,7,19,7,True
14749,6724,57,-840692,133,7,19,8,True
14749,6724,73,-1076676,133,7,19,9,True
14749,6724,91,-1342158,133,7,19,10,True
21801,10404,111,-2419910,161,7,23,-10,True
21801,10404,91,-1983890,161,7,23,-9,True
21801,10404,73,-1591472,161,7,23,-8,True
21801,10404,57,-1242656,161,7,23,-7,True
21801,10404,43,-937442,161,7,23,-6,True
21801,10404,31,-675830,161,7,23,-5,True
21801,10404,21,-457820,161,7,23,-4,True
21801,10404,13,-283412,161,7,23,-3,True
21801,10404,7,-152606,161,7,23,-2,True
21801,10404,3,-65402,161,7,23,-1,True
21801,10404,1,-21800,161,7,23,0,True
21801,10404,1,-21800,161,7,23,1,True
21801,10404,3,-65402,161,7,23,2,True
21801,10404,7,-152606,161,7,23,3,True
21801,10404,13,-283412,161,7,23,4,True
21801,10404,21,-457820,161,7,23,5,True
21801,10404,31,-675830,161,7,23,6,True
21801,10404,43,-937442,161,7,23,7,True
21801,10404,57,-1242656,161,7,23,8,True
21801,10404,73,-1591472,161,7,23,9,True
21801,10404,91,-1983890,161,7,23,10,True
34959,17424,111,-3880448,203,7,29,-10,True
34959,17424,91,-3181268,203,7,29,-9,True
34959,17424,73,-2552006,203,7,29,-8,True
34959,17424,57,-1992662,203,7,29,-7,True
34959,17424,43,-1503236,203,7,29,-6,True
34959,17424,31,-1083728,203,7,29,-5,True
34959,17424,21,-734138,203,7,29,-4,True
34959,17424,13,-454466,203,7,29,-3,True
34959,17424,7,-244712,203,7,29,-2,True
34959,17424,3,-104876,203,7,29,-1,True
34959,17424,1,-34958,203,7,29,0,True
34959,17424,1,-34958,203,7,29,1,True
34959,17424,3,-104876,203,7,29,2,True
34959,17424,7,-244712,203,7,29,3,True
34959,17424,13,-454466,203,7,29,4,True
34959,17424,21,-734138,203,7,29,5,True
34959,17424,31,-1083728,203,7,29,6,True
34959,17424,43,-1503236,203,7,29,7,True
34959,17424,57,-1992662,203,7,29,8,True
34959,17424,73,-2552006,203,7,29,9,True
34959,17424,91,-3181268,203,7,29,10,True
40033,20164,111,-4443662,217,7,31,-10,True
40033,20164,91,-3643002,217,7,31,-9,True
40033,20164,73,-2922408,217,7,31,-8,True
40033,20164,57,-2281880,217,7,31,-7,True
40033,20164,43,-1721418,217,7,31,-6,True
40033,20164,31,-1241022,217,7,31,-5,True
40033,20164,21,-840692,217,7,31,-4,True
40033,20164,13,-520428,217,7,31,-3,True
40033,20164,7,-280230,217,7,31,-2,True
40033,20164,3,-120098,217,7,31,-1,True
40033,20164,1,-40032,217,7,31,0,True
40033,20164,1,-40032,217,7,31,1,True
40033,20164,3,-120098,217,7,31,2,True
40033,20164,7,-280230,217,7,31,3,True
40033,20164,13,-520428,217,7,31,4,True
40033,20164,21,-840692,217,7,31,5,True
40033,20164,31,-1241022,217,7,31,6,True
40033,20164,43,-1721418,217,7,31,7,True
40033,20164,57,-2281880,217,7,31,8,True
40033,20164,73,-2922408,217,7,31,9,True
40033,20164,91,-3643002,217,7,31,10,True
57319,29584,111,-6362408,259,7,37,-10,True
57319,29584,91,-5216028,259,7,37,-9,True
57319,29584,73,-4184286,259,7,37,-8,True
57319,29584,57,-3267182,259,7,37,-7,True
57319,29584,43,-2464716,259,7,37,-6,True
57319,29584,31,-1776888,259,7,37,-5,True
57319,29584,21,-1203698,259,7,37,-4,True
57319,29584,13,-745146,259,7,37,-3,True
57319,29584,7,-401232,259,7,37,-2,True
57319,29584,3,-171956,259,7,37,-1,True
57319,29584,1,-57318,259,7,37,0,True
57319,29584,1,-57318,259,7,37,1,True
57319,29584,3,-171956,259,7,37,2,True
57319,29584,7,-401232,259,7,37,3,True
57319,29584,13,-745146,259,7,37,4,True
57319,29584,21,-1203698,259,7,37,5,True
57319,29584,31,-1776888,259,7,37,6,True
57319,29584,43,-2464716,259,7,37,7,True
57319,29584,57,-3267182,259,7,37,8,True
57319,29584,73,-4184286,259,7,37,9,True
57319,29584,91,-5216028,259,7,37,10,True
70563,36864,111,-7832492,287,7,41,-10,True
70563,36864,91,-6421232,287,7,41,-9,True
70563,36864,73,-5151098,287,7,41,-8,True
70563,36864,57,-4022090,287,7,41,-7,True
70563,36864,43,-3034208,287,7,41,-6,True
70563,36864,31,-2187452,287,7,41,-5,True
70563,36864,21,-1481822,287,7,41,-4,True
70563,36864,13,-917318,287,7,41,-3,True
70563,36864,7,-493940,287,7,41,-2,True
70563,36864,3,-211688,287,7,41,-1,True
70563,36864,1,-70562,287,7,41,0,True
70563,36864,1,-70562,287,7,41,1,True
70563,36864,3,-211688,287,7,41,2,True
70563,36864,7,-493940,287,7,41,3,True
70563,36864,13,-917318,287,7,41,4,True
70563,36864,21,-1481822,287,7,41,5,True
70563,36864,31,-2187452,287,7,41,6,True
70563,36864,43,-3034208,287,7,41,7,True
70563,36864,57,-4022090,287,7,41,8,True
70563,36864,73,-5151098,287,7,41,9,True
70563,36864,91,-6421232,287,7,41,10,True
77701,40804,111,-8624810,301,7,43,-10,True
77701,40804,91,-7070790,301,7,43,-9,True
77701,40804,73,-5672172,301,7,43,-8,True
77701,40804,57,-4428956,301,7,43,-7,True
77701,40804,43,-3341142,301,7,43,-6,True
77701,40804,31,-2408730,301,7,43,-5,True
77701,40804,21,-1631720,301,7,43,-4,True
77701,40804,13,-1010112,301,7,43,-3,True
77701,40804,7,-543906,301,7,43,-2,True
77701,40804,3,-233102,301,7,43,-1,True
77701,40804,1,-77700,301,7,43,0,True
77701,40804,1,-77700,301,7,43,1,True
77701,40804,3,-233102,301,7,43,2,True
77701,40804,7,-543906,301,7,43,3,True
77701,40804,13,-1010112,301,7,43,4,True
77701,40804,21,-1631720,301,7,43,5,True
77701,40804,31,-2408730,301,7,43,6,True
77701,40804,43,-3341142,301,7,43,7,True
77701,40804,57,-4428956,301,7,43,8,True
77701,40804,73,-5672172,301,7,43,9,True
77701,40804,91,-7070790,301,7,43,10,True
93009,49284,111,-10323998,329,7,47,-10,True
93009,49284,91,-8463818,329,7,47,-9,True
93009,49284,73,-6789656,329,7,47,-8,True
93009,49284,57,-5301512,329,7,47,-7,True
93009,49284,43,-3999386,329,7,47,-6,True
93009,49284,31,-2883278,329,7,47,-5,True
93009,49284,21,-1953188,329,7,47,-4,True
93009,49284,13,-1209116,329,7,47,-3,True
93009,49284,7,-651062,329,7,47,-2,True
93009,49284,3,-279026,329,7,47,-1,True
93009,49284,1,-93008,329,7,47,0,True
93009,49284,1,-93008,329,7,47,1,True
93009,49284,3,-279026,329,7,47,2,True
93009,49284,7,-651062,329,7,47,3,True
93009,49284,13,-1209116,329,7,47,4,True
93009,49284,21,-1953188,329,7,47,5,True
93009,49284,31,-2883278,329,7,47,6,True
93009,49284,43,-3999386,329,7,47,7,True
93009,49284,57,-5301512,329,7,47,8,True
93009,49284,73,-6789656,329,7,47,9,True
93009,49284,91,-8463818,329,7,47,10,True
118551,63504,111,-13159160,371,7,53,-10,True
118551,63504,91,-10788140,371,7,53,-9,True
118551,63504,73,-8654222,371,7,53,-8,True
118551,63504,57,-6757406,371,7,53,-7,True
118551,63504,43,-5097692,371,7,53,-6,True
118551,63504,31,-3675080,371,7,53,-5,True
118551,63504,21,-2489570,371,7,53,-4,True
118551,63504,13,-1541162,371,7,53,-3,True
118551,63504,7,-829856,371,7,53,-2,True
118551,63504,3,-355652,371,7,53,-1,True
118551,63504,1,-118550,371,7,53,0,True
118551,63504,1,-118550,371,7,53,1,True
118551,63504,3,-355652,371,7,53,2,True
118551,63504,7,-829856,371,7,53,3,True
118551,63504,13,-1541162,371,7,53,4,True
118551,63504,21,-2489570,371,7,53,5,True
118551,63504,31,-3675080,371,7,53,6,True
118551,63504,43,-5097692,371,7,53,7,True
118551,63504,57,-6757406,371,7,53,8,True
118551,63504,73,-8654222,371,7,53,9,True
118551,63504,91,-10788140,371,7,53,10,True
147189,79524,111,-16337978,413,7,59,-10,True
147189,79524,91,-13394198,413,7,59,-9,True
147189,79524,73,-10744796,413,7,59,-8,True
147189,79524,57,-8389772,413,7,59,-7,True
147189,79524,43,-6329126,413,7,59,-6,True
147189,79524,31,-4562858,413,7,59,-5,True
147189,79524,21,-3090968,413,7,59,-4,True
147189,79524,13,-1913456,413,7,59,-3,True
147189,79524,7,-1030322,413,7,59,-2,True
147189,79524,3,-441566,413,7,59,-1,True
147189,79524,1,-147188,413,7,59,0,True
147189,79524,1,-147188,413,7,59,1,True
147189,79524,3,-441566,413,7,59,2,True
147189,79524,7,-1030322,413,7,59,3,True
147189,79524,13,-1913456,413,7,59,4,True
147189,79524,21,-3090968,413,7,59,5,True
147189,79524,31,-4562858,413,7,59,6,True
147189,79524,43,-6329126,413,7,59,7,True
147189,79524,57,-8389772,413,7,59,8,True
147189,79524,73,-10744796,413,7,59,9,True
147189,79524,91,-13394198,413,7,59,10,True
157423,85264,111,-17473952,427,7,61,-10,True
157423,85264,91,-14325492,427,7,61,-9,True
157423,85264,73,-11491878,427,7,61,-8,True
157423,85264,57,-8973110,427,7,61,-7,True
157423,85264,43,-6769188,427,7,61,-6,True
157423,85264,31,-4880112,427,7,61,-5,True
157423,85264,21,-3305882,427,7,61,-4,True
157423,85264,13,-2046498,427,7,61,-3,True
157423,85264,7,-1101960,427,7,61,-2,True
157423,85264,3,-472268,427,7,61,-1,True
157423,85264,1,-157422,427,7,61,0,True
157423,85264,1,-157422,427,7,61,1,True
157423,85264,3,-472268,427,7,61,2,True
157423,85264,7,-1101960,427,7,61,3,True
157423,85264,13,-2046498,427,7,61,4,True
157423,85264,21,-3305882,427,7,61,5,True
157423,85264,31,-4880112,427,7,61,6,True
157423,85264,43,-6769188,427,7,61,7,True
157423,85264,57,-8973110,427,7,61,8,True
157423,85264,73,-11491878,427,7,61,9,True
157423,85264,91,-14325492,427,7,61,10,True
190189,103684,111,-21110978,469,7,67,-10,True
190189,103684,91,-17307198,469,7,67,-9,True
190189,103684,73,-13883796,469,7,67,-8,True
190189,103684,57,-10840772,469,7,67,-7,True
190189,103684,43,-8178126,469,7,67,-6,True
190189,103684,31,-5895858,469,7,67,-5,True
190189,103684,21,-3993968,469,7,67,-4,True
190189,103684,13,-2472456,469,7,67,-3,True
190189,103684,7,-1331322,469,7,67,-2,True
190189,103684,3,-570566,469,7,67,-1,True
190189,103684,1,-190188,469,7,67,0,True
190189,103684,1,-190188,469,7,67,1,True
190189,103684,3,-570566,469,7,67,2,True
190189,103684,7,-1331322,469,7,67,3,True
190189,103684,13,-2472456,469,7,67,4,True
190189,103684,21,-3993968,469,7,67,5,True
190189,103684,31,-5895858,469,7,67,6,True
190189,103684,43,-8178126,469,7,67,7,True
190189,103684,57,-10840772,469,7,67,8,True
190189,103684,73,-13883796,469,7,67,9,True
190189,103684,91,-17307198,469,7,67,10,True
213753,116964,111,-23726582,497,7,71,-10,True
213753,116964,91,-19451522,497,7,71,-9,True
213753,116964,73,-15603968,497,7,71,-8,True
213753,116964,57,-12183920,497,7,71,-7,True
213753,116964,43,-9191378,497,7,71,-6,True
213753,116964,31,-6626342,497,7,71,-5,True
213753,116964,21,-4488812,497,7,71,-4,True
213753,116964,13,-2778788,497,7,71,-3,True
213753,116964,7,-1496270,497,7,71,-2,True
213753,116964,3,-641258,497,7,71,-1,True
213753,116964,1,-213752,497,7,71,0,True
213753,116964,1,-213752,497,7,71,1,True
213753,116964,3,-641258,497,7,71,2,True
213753,116964,7,-1496270,497,7,71,3,True
213753,116964,13,-2778788,497,7,71,4,True
213753,116964,21,-4488812,497,7,71,5,True
213753,116964,31,-6626342,497,7,71,6,True
213753,116964,43,-9191378,497,7,71,7,True
213753,116964,57,-12183920,497,7,71,8,True
213753,116964,73,-15603968,497,7,71,9,True
213753,116964,91,-19451522,497,7,71,10,True
226051,123904,111,-25091660,511,7,73,-10,True
226051,123904,91,-20570640,511,7,73,-9,True
226051,123904,73,-16501722,511,7,73,-8,True
226051,123904,57,-12884906,511,7,73,-7,True
226051,123904,43,-9720192,511,7,73,-6,True
226051,123904,31,-7007580,511,7,73,-5,True
226051,123904,21,-4747070,511,7,73,-4,True
226051,123904,13,-2938662,511,7,73,-3,True
226051,123904,7,-1582356,511,7,73,-2,True
226051,123904,3,-678152,511,7,73,-1,True
226051,123904,1,-226050,511,7,73,0,True
226051,123904,1,-226050,511,7,73,1,True
226051,123904,3,-678152,511,7,73,2,True
226051,123904,7,-1582356,511,7,73,3,True
226051,123904,13,-2938662,511,7,73,4,True
226051,123904,21,-4747070,511,7,73,5,True
226051,123904,31,-7007580,511,7,73,6,True
226051,123904,43,-9720192,511,7,73,7,True
226051,123904,57,-12884906,511,7,73,8,True
226051,123904,73,-16501722,511,7,73,9,True
226051,123904,91,-20570640,511,7,73,10,True
265009,145924,111,-29415998,553,7,79,-10,True
265009,145924,91,-24115818,553,7,79,-9,True
265009,145924,73,-19345656,553,7,79,-8,True
265009,145924,57,-15105512,553,7,79,-7,True
265009,145924,43,-11395386,553,7,79,-6,True
265009,145924,31,-8215278,553,7,79,-5,True
265009,145924,21,-5565188,553,7,79,-4,True
265009,145924,13,-3445116,553,7,79,-3,True
265009,145924,7,-1855062,553,7,79,-2,True
265009,145924,3,-795026,553,7,79,-1,True
265009,145924,1,-265008,553,7,79,0,True
265009,145924,1,-265008,553,7,79,1,True
265009,145924,3,-795026,553,7,79,2,True
265009,145924,7,-1855062,553,7,79,3,True
265009,145924,13,-3445116,553,7,79,4,True
265009,145924,21,-5565188,553,7,79,5,True
265009,145924,31,-8215278,553,7,79,6,True
265009,145924,43,-11395386,553,7,79,7,True
265009,145924,57,-15105512,553,7,79,8,True
265009,145924,73,-19345656,553,7,79,9,True
265009,145924,91,-24115818,553,7,79,10,True
292701,161604,111,-32489810,581,7,83,-10,True
292701,161604,91,-26635790,581,7,83,-9,True
292701,161604,73,-21367172,581,7,83,-8,True
292701,161604,57,-16683956,581,7,83,-7,True
292701,161604,43,-12586142,581,7,83,-6,True
292701,161604,31,-9073730,581,7,83,-5,True
292701,161604,21,-6146720,581,7,83,-4,True
292701,161604,13,-3805112,581,7,83,-3,True
292701,161604,7,-2048906,581,7,83,-2,True
292701,161604,3,-878102,581,7,83,-1,True
292701,161604,1,-292700,581,7,83,0,True
292701,161604,1,-292700,581,7,83,1,True
292701,161604,3,-878102,581,7,83,2,True
292701,161604,7,-2048906,581,7,83,3,True
292701,161604,13,-3805112,581,7,83,4,True
292701,161604,21,-6146720,581,7,83,5,True
292701,161604,31,-9073730,581,7,83,6,True
292701,161604,43,-12586142,581,7,83,7,True
292701,161604,57,-16683956,581,7,83,8,True
292701,161604,73,-21367172,581,7,83,9,True
292701,161604,91,-26635790,581,7,83,10,True
336819,186624,111,-37386908,623,7,89,-10,True
336819,186624,91,-30650528,623,7,89,-9,True
336819,186624,73,-24587786,623,7,89,-8,True
336819,186624,57,-19198682,623,7,89,-7,True
336819,186624,43,-14483216,623,7,89,-6,True
336819,186624,31,-10441388,623,7,89,-5,True
336819,186624,21,-7073198,623,7,89,-4,True
336819,186624,13,-4378646,623,7,89,-3,True
336819,186624,7,-2357732,623,7,89,-2,True
336819,186624,3,-1010456,623,7,89,-1,True
336819,186624,1,-336818,623,7,89,0,True
336819,186624,1,-336818,623,7,89,1,True
336819,186624,3,-1010456,623,7,89,2,True
336819,186624,7,-2357732,623,7,89,3,True
336819,186624,13,-4378646,623,7,89,4,True
336819,186624,21,-7073198,623,7,89,5,True
336819,186624,31,-10441388,623,7,89,6,True
336819,186624,43,-14483216,623,7,89,7,True
336819,186624,57,-19198682,623,7,89,8,True
336819,186624,73,-24587786,623,7,89,9,True
336819,186624,91,-30650528,623,7,89,10,True
400459,222784,111,-44450948,679,7,97,-10,True
400459,222784,91,-36441768,679,7,97,-9,True
400459,222784,73,-29233506,679,7,97,-8,True
400459,222784,57,-22826162,679,7,97,-7,True
400459,222784,43,-17219736,679,7,97,-6,True
400459,222784,31,-12414228,679,7,97,-5,True
400459,222784,21,-8409638,679,7,97,-4,True
400459,222784,13,-5205966,679,7,97,-3,True
400459,222784,7,-2803212,679,7,97,-2,True
400459,222784,3,-1201376,679,7,97,-1,True
400459,222784,1,-400458,679,7,97,0,True
400459,222784,1,-400458,679,7,97,1,True
400459,222784,3,-1201376,679,7,97,2,True
400459,222784,7,-2803212,679,7,97,3,True
400459,222784,13,-5205966,679,7,97,4,True
400459,222784,21,-8409638,679,7,97,5,True
400459,222784,31,-12414228,679,7,97,6,True
400459,222784,43,-17219736,679,7,97,7,True
400459,222784,57,-22826162,679,7,97,8,True
400459,222784,73,-29233506,679,7,97,9,True
400459,222784,91,-36441768,679,7,97,10,True
17427,9216,111,-1934396,143,11,13,-10,True
17427,9216,91,-1585856,143,11,13,-9,True
17427,9216,73,-1272170,143,11,13,-8,True
17427,9216,57,-993338,143,11,13,-7,True
17427,9216,43,-749360,143,11,13,-6,True
17427,9216,31,-540236,143,11,13,-5,True
17427,9216,21,-365966,143,11,13,-4,True
17427,9216,13,-226550,143,11,13,-3,True
17427,9216,7,-121988,143,11,13,-2,True
17427,9216,3,-52280,143,11,13,-1,True
17427,9216,1,-17426,143,11,13,0,True
17427,9216,1,-17426,143,11,13,1,True
17427,9216,3,-52280,143,11,13,2,True
17427,9216,7,-121988,143,11,13,3,True
17427,9216,13,-226550,143,11,13,4,True
17427,9216,21,-365966,143,11,13,5,True
17427,9216,31,-540236,143,11,13,6,True
17427,9216,43,-749360,143,11,13,7,True
17427,9216,57,-993338,143,11,13,8,True
17427,9216,73,-1272170,143,11,13,9,True
17427,9216,91,-1585856,143,11,13,10,True
30303,17424,111,-3363632,187,11,17,-10,True
30303,17424,91,-2757572,187,11,17,-9,True
30303,17424,73,-2212118,187,11,17,-8,True
30303,17424,57,-1727270,187,11,17,-7,True
30303,17424,43,-1303028,187,11,17,-6,True
30303,17424,31,-939392,187,11,17,-5,True
30303,17424,21,-636362,187,11,17,-4,True
30303,17424,13,-393938,187,11,17,-3,True
30303,17424,7,-212120,187,11,17,-2,True
30303,17424,3,-90908,187,11,17,-1,True
30303,17424,1,-30302,187,11,17,0,True
30303,17424,1,-30302,187,11,17,1,True
30303,17424,3,-90908,187,11,17,2,True
30303,17424,7,-212120,187,11,17,3,True
30303,17424,13,-393938,187,11,17,4,True
30303,17424,21,-636362,187,11,17,5,True
30303,17424,31,-939392,187,11,17,6,True
30303,17424,43,-1303028,187,11,17,7,True
30303,17424,57,-1727270,187,11,17,8,True
30303,17424,73,-2212118,187,11,17,9,True
30303,17424,91,-2757572,187,11,17,10,True
38073,22500,111,-4226102,209,11,19,-10,True
38073,22500,91,-3464642,209,11,19,-9,True
38073,22500,73,-2779328,209,11,19,-8,True
38073,22500,57,-2170160,209,11,19,-7,True
38073,22500,43,-1637138,209,11,19,-6,True
38073,22500,31,-1180262,209,11,19,-5,True
38073,22500,21,-799532,209,11,19,-4,True
38073,22500,13,-494948,209,11,19,-3,True
38073,22500,7,-266510,209,11,19,-2,True
38073,22500,3,-114218,209,11,19,-1,True
38073,22500,1,-38072,209,11,19,0,True
38073,22500,1,-38072,209,11,19,1,True
38073,22500,3,-114218,209,11,19,2,True
38073,22500,7,-266510,209,11,19,3,True
38073,22500,13,-494948,209,11,19,4,True
38073,22500,21,-799532,209,11,19,5,True
38073,22500,31,-1180262,209,11,19,6,True
38073,22500,43,-1637138,209,11,19,7,True
38073,22500,57,-2170160,209,11,19,8,True
38073,22500,73,-2779328,209,11,19,9,True
38073,22500,91,-3464642,209,11,19,10,True
56277,34596,111,-6246746,253,11,23,-10,True
56277,34596,91,-5121206,253,11,23,-9,True
56277,34596,73,-4108220,253,11,23,-8,True
56277,34596,57,-3207788,253,11,23,-7,True
56277,34596,43,-2419910,253,11,23,-6,True
56277,34596,31,-1744586,253,11,23,-5,True
56277,34596,21,-1181816,253,11,23,-4,True
56277,34596,13,-731600,253,11,23,-3,True
56277,34596,7,-393938,253,11,23,-2,True
56277,34596,3,-168830,253,11,23,-1,True
56277,34596,1,-56276,253,11,23,0,True
56277,34596,1,-56276,253,11,23,1,True
56277,34596,3,-168830,253,11,23,2,True
56277,34596,7,-393938,253,11,23,3,True
56277,34596,13,-731600,253,11,23,4,True
56277,34596,21,-1181816,253,11,23,5,True
56277,34596,31,-1744586,253,11,23,6,True
56277,34596,43,-2419910,253,11,23,7,True
56277,34596,57,-3207788,253,11,23,8,True
56277,34596,73,-4108220,253,11,23,9,True
56277,34596,91,-5121206,253,11,23,10,True
90243,57600,111,-10016972,319,11,29,-10,True
90243,57600,91,-8212112,319,11,29,-9,True
90243,57600,73,-6587738,319,11,29,-8,True
90243,57600,57,-5143850,319,11,29,-7,True
90243,57600,43,-3880448,319,11,29,-6,True
90243,57600,31,-2797532,319,11,29,-5,True
90243,57600,21,-1895102,319,11,29,-4,True
90243,57600,13,-1173158,319,11,29,-3,True
90243,57600,7,-631700,319,11,29,-2,True
90243,57600,3,-270728,319,11,29,-1,True
90243,57600,1,-90242,319,11,29,0,True
90243,57600,1,-90242,319,11,29,1,True
90243,57600,3,-270728,319,11,29,2,True
90243,57600,7,-631700,319,11,29,3,True
90243,57600,13,-1173158,319,11,29,4,True
90243,57600,21,-1895102,319,11,29,5,True
90243,57600,31,-2797532,319,11,29,6,True
90243,57600,43,-3880448,319,11,29,7,True
90243,57600,57,-5143850,319,11,29,8,True
90243,57600,73,-6587738,319,11,29,9,True
90243,57600,91,-8212112,319,11,29,10,True
103341,66564,111,-11470850,341,11,31,-10,True
103341,66564,91,-9404030,341,11,31,-9,True
103341,66564,73,-7543892,341,11,31,-8,True
103341,66564,57,-5890436,341,11,31,-7,True
103341,66564,43,-4443662,341,11,31,-6,True
103341,66564,31,-3203570,341,11,31,-5,True
103341,66564,21,-2170160,341,11,31,-4,True
103341,66564,13,-1343432,341,11,31,-3,True
103341,66564,7,-723386,341,11,31,-2,True
103341,66564,3,-310022,341,11,31,-1,True
103341,66564,1,-103340,341,11,31,0,True
103341,66564,1,-103340,341,11,31,1,True
103341,66564,3,-310022,341,11,31,2,True
103341,66564,7,-723386,341,11,31,3,True
103341,66564,13,-1343432,341,11,31,4,True
103341,66564,21,-2170160,341,11,31,5,True
103341,66564,31,-3203570,341,11,31,6,True
103341,66564,43,-4443662,341,11,31,7,True
103341,66564,57,-5890436,341,11,31,8,True
103341,66564,73,-7543892,341,11,31,9,True
103341,66564,91,-9404030,341,11,31,10,True
147963,97344,111,-16423892,407,11,37,-10,True
147963,97344,91,-13464632,407,11,37,-9,True
147963,97344,73,-10801298,407,11,37,-8,True
147963,97344,57,-8433890,407,11,37,-7,True
147963,97344,43,-6362408,407,11,37,-6,True
147963,97344,31,-4586852,407,11,37,-5,True
147963,97344,21,-3107222,407,11,37,-4,True
147963,97344,13,-1923518,407,11,37,-3,True
147963,97344,7,-1035740,407,11,37,-2,True
147963,97344,3,-443888,407,11,37,-1,True
147963,97344,1,-147962,407,11,37,0,True
147963,97344,1,-147962,407,11,37,1,True
147963,97344,3,-443888,407,11,37,2,True
147963,97344,7,-1035740,407,11,37,3,True
147963,97344,13,-1923518,407,11,37,4,True
147963,97344,21,-3107222,407,11,37,5,True
147963,97344,31,-4586852,407,11,37,6,True
147963,97344,43,-6362408,407,11,37,7,True
147963,97344,57,-8433890,407,11,37,8,True
147963,97344,73,-10801298,407,11,37,9,True
147963,97344,91,-13464632,407,11,37,10,True
182151,121104,111,-20218760,451,11,41,-10,True
182151,121104,91,-16575740,451,11,41,-9,True
182151,121104,73,-13297022,451,11,41,-8,True
182151,121104,57,-10382606,451,11,41,-7,True
182151,121104,43,-7832492,451,11,41,-6,True
182151,121104,31,-5646680,451,11,41,-5,True
182151,121104,21,-3825170,451,11,41,-4,True
182151,121104,13,-2367962,451,11,41,-3,True
182151,121104,7,-1275056,451,11,41,-2,True
182151,121104,3,-546452,451,11,41,-1,True
182151,121104,1,-182150,451,11,41,0,True
182151,121104,1,-182150,451,11,41,1,True
182151,121104,3,-546452,451,11,41,2,True
182151,121104,7,-1275056,451,11,41,3,True
182151,121104,13,-2367962,451,11,41,4,True
182151,121104,21,-3825170,451,11,41,5,True
182151,121104,31,-5646680,451,11,41,6,True
182151,121104,43,-7832492,451,11,41,7,True
182151,121104,57,-10382606,451,11,41,8,True
182151,121104,73,-13297022,451,11,41,9,True
182151,121104,91,-16575740,451,11,41,10,True
200577,133956,111,-22264046,473,11,43,-10,True
200577,133956,91,-18252506,473,11,43,-9,True
200577,133956,73,-14642120,473,11,43,-8,True
200577,133956,57,-11432888,473,11,43,-7,True
200577,133956,43,-8624810,473,11,43,-6,True
200577,133956,31,-6217886,473,11,43,-5,True
200577,133956,21,-4212116,473,11,43,-4,True
200577,133956,13,-2607500,473,11,43,-3,True
200577,133956,7,-1404038,473,11,43,-2,True
200577,133956,3,-601730,473,11,43,-1,True
200577,133956,1,-200576,473,11,43,0,True
200577,133956,1,-200576,473,11,43,1,True
200577,133956,3,-601730,473,11,43,2,True
200577,133956,7,-1404038,473,11,43,3,True
200577,133956,13,-2607500,473,11,43,4,True
200577,133956,21,-4212116,473,11,43,5,True
200577,133956,31,-6217886,473,11,43,6,True
200577,133956,43,-8624810,473,11,43,7,True
200577,133956,57,-11432888,473,11,43,8,True
200577,133956,73,-14642120,473,11,43,9,True
200577,133956,91,-18252506,473,11,43,10,True
240093,161604,111,-26650322,517,11,47,-10,True
240093,161604,91,-21848462,517,11,47,-9,True
240093,161604,73,-17526788,517,11,47,-8,True
240093,161604,57,-13685300,517,11,47,-7,True
240093,161604,43,-10323998,517,11,47,-6,True
240093,161604,31,-7442882,517,11,47,-5,True
240093,161604,21,-5041952,517,11,47,-4,True
240093,161604,13,-3121208,517,11,47,-3,True
240093,161604,7,-1680650,517,11,47,-2,True
240093,161604,3,-720278,517,11,47,-1,True
240093,161604,1,-240092,517,11,47,0,True
240093,161604,1,-240092,517,11,47,1,True
240093,161604,3,-720278,517,11,47,2,True
240093,161604,7,-1680650,517,11,47,3,True
240093,161604,13,-3121208,517,11,47,4,True
240093,161604,21,-5041952,517,11,47,5,True
240093,161604,31,-7442882,517,11,47,6,True
240093,161604,43,-10323998,517,11,47,7,True
240093,161604,57,-13685300,517,11,47,8,True
240093,161604,73,-17526788,517,11,47,9,True
240093,161604,91,-21848462,517,11,47,10,True
306027,207936,111,-33968996,583,11,53,-10,True
306027,207936,91,-27848456,583,11,53,-9,True
306027,207936,73,-22339970,583,11,53,-8,True
306027,207936,57,-17443538,583,11,53,-7,True
306027,207936,43,-13159160,583,11,53,-6,True
306027,207936,31,-9486836,583,11,53,-5,True
306027,207936,21,-6426566,583,11,53,-4,True
306027,207936,13,-3978350,583,11,53,-3,True
306027,207936,7,-2142188,583,11,53,-2,True
306027,207936,3,-918080,583,11,53,-1,True
306027,207936,1,-306026,583,11,53,0,True
306027,207936,1,-306026,583,11,53,1,True
306027,207936,3,-918080,583,11,53,2,True
306027,207936,7,-2142188,583,11,53,3,True
306027,207936,13,-3978350,583,11,53,4,True
306027,207936,21,-6426566,583,11,53,5,True
306027,207936,31,-9486836,583,11,53,6,True
306027,207936,43,-13159160,583,11,53,7,True
306027,207936,57,-17443538,583,11,53,8,True
306027,207936,73,-22339970,583,11,53,9,True
306027,207936,91,-27848456,583,11,53,10,True
379953,260100,111,-42174782,649,11,59,-10,True
379953,260100,91,-34575722,649,11,59,-9,True
379953,260100,73,-27736568,649,11,59,-8,True
379953,260100,57,-21657320,649,11,59,-7,True
379953,260100,43,-16337978,649,11,59,-6,True
379953,260100,31,-11778542,649,11,59,-5,True
379953,260100,21,-7979012,649,11,59,-4,True
379953,260100,13,-4939388,649,11,59,-3,True
379953,260100,7,-2659670,649,11,59,-2,True
379953,260100,3,-1139858,649,11,59,-1,True
379953,260100,1,-379952,649,11,59,0,True
379953,260100,1,-379952,649,11,59,1,True
379953,260100,3,-1139858,649,11,59,2,True
379953,260100,7,-2659670,649,11,59,3,True
379953,260100,13,-4939388,649,11,59,4,True
379953,260100,21,-7979012,649,11,59,5,True
379953,260100,31,-11778542,649,11,59,6,True
379953,260100,43,-16337978,649,11,59,7,True
379953,260100,57,-21657320,649,11,59,8,True
379953,260100,73,-27736568,649,11,59,9,True
379953,260100,91,-34575722,649,11,59,10,True
406371,278784,111,-45107180,671,11,61,-10,True
406371,278784,91,-36979760,671,11,61,-9,True
406371,278784,73,-29665082,671,11,61,-8,True
406371,278784,57,-23163146,671,11,61,-7,True
406371,278784,43,-17473952,671,11,61,-6,True
406371,278784,31,-12597500,671,11,61,-5,True
406371,278784,21,-8533790,671,11,61,-4,True
406371,278784,13,-5282822,671,11,61,-3,True
406371,278784,7,-2844596,671,11,61,-2,True
406371,278784,3,-1219112,671,11,61,-1,True
406371,278784,1,-406370,671,11,61,0,True
406371,278784,1,-406370,671,11,61,1,True
406371,278784,3,-1219112,671,11,61,2,True
406371,278784,7,-2844596,671,11,61,3,True
406371,278784,13,-5282822,671,11,61,4,True
406371,278784,21,-8533790,671,11,61,5,True
406371,278784,31,-12597500,671,11,61,6,True
406371,278784,43,-17473952,671,11,61,7,True
406371,278784,57,-23163146,671,11,61,8,True
406371,278784,73,-29665082,671,11,61,9,True
406371,278784,91,-36979760,671,11,61,10,True
490953,338724,111,-54495782,737,11,67,-10,True
490953,338724,91,-44676722,737,11,67,-9,True
490953,338724,73,-35839568,737,11,67,-8,True
490953,338724,57,-27984320,737,11,67,-7,True
490953,338724,43,-21110978,737,11,67,-6,True
490953,338724,31,-15219542,737,11,67,-5,True
490953,338724,21,-10310012,737,11,67,-4,True
490953,338724,13,-6382388,737,11,67,-3,True
490953,338724,7,-3436670,737,11,67,-2,True
490953,338724,3,-1472858,737,11,67,-1,True
490953,338724,1,-490952,737,11,67,0,True
490953,338724,1,-490952,737,11,67,1,True
490953,338724,3,-1472858,737,11,67,2,True
490953,338724,7,-3436670,737,11,67,3,True
490953,338724,13,-6382388,737,11,67,4,True
490953,338724,21,-10310012,737,11,67,5,True
490953,338724,31,-15219542,737,11,67,6,True
490953,338724,43,-21110978,737,11,67,7,True
490953,338724,57,-27984320,737,11,67,8,True
490953,338724,73,-35839568,737,11,67,9,True
490953,338724,91,-44676722,737,11,67,10,True
551781,381924,111,-61247690,781,11,71,-10,True
551781,381924,91,-50212070,781,11,71,-9,True
551781,381924,73,-40280012,781,11,71,-8,True
551781,381924,57,-31451516,781,11,71,-7,True
551781,381924,43,-23726582,781,11,71,-6,True
551781,381924,31,-17105210,781,11,71,-5,True
551781,381924,21,-11587400,781,11,71,-4,True
551781,381924,13,-7173152,781,11,71,-3,True
551781,381924,7,-3862466,781,11,71,-2,True
551781,381924,3,-1655342,781,11,71,-1,True
551781,381924,1,-551780,781,11,71,0,True
551781,381924,1,-551780,781,11,71,1,True
551781,381924,3,-1655342,781,11,71,2,True
551781,381924,7,-3862466,781,11,71,3,True
551781,381924,13,-7173152,781,11,71,4,True
551781,381924,21,-11587400,781,11,71,5,True
551781,381924,31,-17105210,781,11,71,6,True
551781,381924,43,-23726582,781,11,71,7,True
551781,381924,57,-31451516,781,11,71,8,True
551781,381924,73,-40280012,781,11,71,9,True
551781,381924,91,-50212070,781,11,71,10,True
583527,404496,111,-64771496,803,11,73,-10,True
583527,404496,91,-53100956,803,11,73,-9,True
583527,404496,73,-42597470,803,11,73,-8,True
583527,404496,57,-33261038,803,11,73,-7,True
583527,404496,43,-25091660,803,11,73,-6,True
583527,404496,31,-18089336,803,11,73,-5,True
583527,404496,21,-12254066,803,11,73,-4,True
583527,404496,13,-7585850,803,11,73,-3,True
583527,404496,7,-4084688,803,11,73,-2,True
583527,404496,3,-1750580,803,11,73,-1,True
583527,404496,1,-583526,803,11,73,0,True
583527,404496,1,-583526,803,11,73,1,True
583527,404496,3,-1750580,803,11,73,2,True
583527,404496,7,-4084688,803,11,73,3,True
583527,404496,13,-7585850,803,11,73,4,True
583527,404496,21,-12254066,803,11,73,5,True
583527,404496,31,-18089336,803,11,73,6,True
583527,404496,43,-25091660,803,11,73,7,True
583527,404496,57,-33261038,803,11,73,8,True
583527,404496,73,-42597470,803,11,73,9,True
583527,404496,91,-53100956,803,11,73,10,True
684093,476100,111,-75934322,869,11,79,-10,True
684093,476100,91,-62252462,869,11,79,-9,True
684093,476100,73,-49938788,869,11,79,-8,True
684093,476100,57,-38993300,869,11,79,-7,True
684093,476100,43,-29415998,869,11,79,-6,True
684093,476100,31,-21206882,869,11,79,-5,True
684093,476100,21,-14365952,869,11,79,-4,True
684093,476100,13,-8893208,869,11,79,-3,True
684093,476100,7,-4788650,869,11,79,-2,True
684093,476100,3,-2052278,869,11,79,-1,True
684093,476100,1,-684092,869,11,79,0,True
684093,476100,1,-684092,869,11,79,1,True
684093,476100,3,-2052278,869,11,79,2,True
684093,476100,7,-4788650,869,11,79,3,True
684093,476100,13,-8893208,869,11,79,4,True
684093,476100,21,-14365952,869,11,79,5,True
684093,476100,31,-21206882,869,11,79,6,True
684093,476100,43,-29415998,869,11,79,7,True
684093,476100,57,-38993300,869,11,79,8,True
684093,476100,73,-49938788,869,11,79,9,True
684093,476100,91,-62252462,869,11,79,10,True
755577,527076,111,-83869046,913,11,83,-10,True
755577,527076,91,-68757506,913,11,83,-9,True
755577,527076,73,-55157120,913,11,83,-8,True
755577,527076,57,-43067888,913,11,83,-7,True
755577,527076,43,-32489810,913,11,83,-6,True
755577,527076,31,-23422886,913,11,83,-5,True
755577,527076,21,-15867116,913,11,83,-4,True
755577,527076,13,-9822500,913,11,83,-3,True
755577,527076,7,-5289038,913,11,83,-2,True
755577,527076,3,-2266730,913,11,83,-1,True
755577,527076,1,-755576,913,11,83,0,True
755577,527076,1,-755576,913,11,83,1,True
755577,527076,3,-2266730,913,11,83,2,True
755577,527076,7,-5289038,913,11,83,3,True
755577,527076,13,-9822500,913,11,83,4,True
755577,527076,21,-15867116,913,11,83,5,True
755577,527076,31,-23422886,913,11,83,6,True
755577,527076,43,-32489810,913,11,83,7,True
755577,527076,57,-43067888,913,11,83,8,True
755577,527076,73,-55157120,913,11,83,9,True
755577,527076,91,-68757506,913,11,83,10,True
869463,608400,111,-96510392,979,11,89,-10,True
869463,608400,91,-79121132,979,11,89,-9,True
869463,608400,73,-63470798,979,11,89,-8,True
869463,608400,57,-49559390,979,11,89,-7,True
869463,608400,43,-37386908,979,11,89,-6,True
869463,608400,31,-26953352,979,11,89,-5,True
869463,608400,21,-18258722,979,11,89,-4,True
869463,608400,13,-11303018,979,11,89,-3,True
869463,608400,7,-6086240,979,11,89,-2,True
869463,608400,3,-2608388,979,11,89,-1,True
869463,608400,1,-869462,979,11,89,0,True
869463,608400,1,-869462,979,11,89,1,True
869463,608400,3,-2608388,979,11,89,2,True
869463,608400,7,-6086240,979,11,89,3,True
869463,608400,13,-11303018,979,11,89,4,True
869463,608400,21,-18258722,979,11,89,5,True
869463,608400,31,-26953352,979,11,89,6,True
869463,608400,43,-37386908,979,11,89,7,True
869463,608400,57,-49559390,979,11,89,8,True
869463,608400,73,-63470798,979,11,89,9,True
869463,608400,91,-79121132,979,11,89,10,True
1033743,725904,111,-114745472,1067,11,97,-10,True
1033743,725904,91,-94070612,1067,11,97,-9,True
1033743,725904,73,-75463238,1067,11,97,-8,True
1033743,725904,57,-58923350,1067,11,97,-7,True
1033743,725904,43,-44450948,1067,11,97,-6,True
1033743,725904,31,-32046032,1067,11,97,-5,True
1033743,725904,21,-21708602,1067,11,97,-4,True
1033743,725904,13,-13438658,1067,11,97,-3,True
1033743,725904,7,-7236200,1067,11,97,-2,True
1033743,725904,3,-3101228,1067,11,97,-1,True
1033743,725904,1,-1033742,1067,11,97,0,True
1033743,725904,1,-1033742,1067,11,97,1,True
1033743,725904,3,-3101228,1067,11,97,2,True
1033743,725904,7,-7236200,1067,11,97,3,True
1033743,725904,13,-13438658,1067,11,97,4,True
1033743,725904,21,-21708602,1067,11,97,5,True
1033743,725904,31,-32046032,1067,11,97,6,True
1033743,725904,43,-44450948,1067,11,97,7,True
1033743,725904,57,-58923350,1067,11,97,8,True
1033743,725904,73,-75463238,1067,11,97,9,True
1033743,725904,91,-94070612,1067,11,97,10,True
42861,26244,111,-4757570,221,13,17,-10,True
42861,26244,91,-3900350,221,13,17,-9,True
42861,26244,73,-3128852,221,13,17,-8,True
42861,26244,57,-2443076,221,13,17,-7,True
42861,26244,43,-1843022,221,13,17,-6,True
42861,26244,31,-1328690,221,13,17,-5,True
42861,26244,21,-900080,221,13,17,-4,True
42861,26244,13,-557192,221,13,17,-3,True
42861,26244,7,-300026,221,13,17,-2,True
42861,26244,3,-128582,221,13,17,-1,True
42861,26244,1,-42860,221,13,17,0,True
42861,26244,1,-42860,221,13,17,1,True
42861,26244,3,-128582,221,13,17,2,True
42861,26244,7,-300026,221,13,17,3,True
42861,26244,13,-557192,221,13,17,4,True
42861,26244,21,-900080,221,13,17,5,True
42861,26244,31,-1328690,221,13,17,6,True
42861,26244,43,-1843022,221,13,17,7,True
42861,26244,57,-2443076,221,13,17,8,True
42861,26244,73,-3128852,221,13,17,9,True
42861,26244,91,-3900350,221,13,17,10,True
53851,33856,111,-5977460,247,13,19,-10,True
53851,33856,91,-4900440,247,13,19,-9,True
53851,33856,73,-3931122,247,13,19,-8,True
53851,33856,57,-3069506,247,13,19,-7,True
53851,33856,43,-2315592,247,13,19,-6,True
53851,33856,31,-1669380,247,13,19,-5,True
53851,33856,21,-1130870,247,13,19,-4,True
53851,33856,13,-700062,247,13,19,-3,True
53851,33856,7,-376956,247,13,19,-2,True
53851,33856,3,-161552,247,13,19,-1,True
53851,33856,1,-53850,247,13,19,0,True
53851,33856,1,-53850,247,13,19,1,True
53851,33856,3,-161552,247,13,19,2,True
53851,33856,7,-376956,247,13,19,3,True
53851,33856,13,-700062,247,13,19,4,True
53851,33856,21,-1130870,247,13,19,5,True
53851,33856,31,-1669380,247,13,19,6,True
53851,33856,43,-2315592,247,13,19,7,True
53851,33856,57,-3069506,247,13,19,8,True
53851,33856,73,-3931122,247,13,19,9,True
53851,33856,91,-4900440,247,13,19,10,True
79599,51984,111,-8835488,299,13,23,-10,True
79599,51984,91,-7243508,299,13,23,-9,True
79599,51984,73,-5810726,299,13,23,-8,True
79599,51984,57,-4537142,299,13,23,-7,True
79599,51984,43,-3422756,299,13,23,-6,True
79599,51984,31,-2467568,299,13,23,-5,True
79599,51984,21,-1671578,299,13,23,-4,True
79599,51984,13,-1034786,299,13,23,-3,True
79599,51984,7,-557192,299,13,23,-2,True
79599,51984,3,-238796,299,13,23,-1,True
79599,51984,1,-79598,299,13,23,0,True
79599,51984,1,-79598,299,13,23,1,True
79599,51984,3,-238796,299,13,23,2,True
79599,51984,7,-557192,299,13,23,3,True
79599,51984,13,-1034786,299,13,23,4,True
79599,51984,21,-1671578,299,13,23,5,True
79599,51984,31,-2467568,299,13,23,6,True
79599,51984,43,-3422756,299,13,23,7,True
79599,51984,57,-4537142,299,13,23,8,True
79599,51984,73,-5810726,299,13,23,9,True
79599,51984,91,-7243508,299,13,23,10,True
127641,86436,111,-14168150,377,13,29,-10,True
127641,86436,91,-11615330,377,13,29,-9,True
127641,86436,73,-9317792,377,13,29,-8,True
127641,86436,57,-7275536,377,13,29,-7,True
127641,86436,43,-5488562,377,13,29,-6,True
127641,86436,31,-3956870,377,13,29,-5,True
127641,86436,21,-2680460,377,13,29,-4,True
127641,86436,13,-1659332,377,13,29,-3,True
127641,86436,7,-893486,377,13,29,-2,True
127641,86436,3,-382922,377,13,29,-1,True
127641,86436,1,-127640,377,13,29,0,True
127641,86436,1,-127640,377,13,29,1,True
127641,86436,3,-382922,377,13,29,2,True
127641,86436,7,-893486,377,13,29,3,True
127641,86436,13,-1659332,377,13,29,4,True
127641,86436,21,-2680460,377,13,29,5,True
127641,86436,31,-3956870,377,13,29,6,True
127641,86436,43,-5488562,377,13,29,7,True
127641,86436,57,-7275536,377,13,29,8,True
127641,86436,73,-9317792,377,13,29,9,True
127641,86436,91,-11615330,377,13,29,10,True
146167,99856,111,-16224536,403,13,31,-10,True
146167,99856,91,-13301196,403,13,31,-9,True
146167,99856,73,-10670190,403,13,31,-8,True
146167,99856,57,-8331518,403,13,31,-7,True
146167,99856,43,-6285180,403,13,31,-6,True
146167,99856,31,-4531176,403,13,31,-5,True
146167,99856,21,-3069506,403,13,31,-4,True
146167,99856,13,-1900170,403,13,31,-3,True
146167,99856,7,-1023168,403,13,31,-2,True
146167,99856,3,-438500,403,13,31,-1,True
146167,99856,1,-146166,403,13,31,0,True
146167,99856,1,-146166,403,13,31,1,True
146167,99856,3,-438500,403,13,31,2,True
146167,99856,7,-1023168,403,13,31,3,True
146167,99856,13,-1900170,403,13,31,4,True
146167,99856,21,-3069506,403,13,31,5,True
146167,99856,31,-4531176,403,13,31,6,True
146167,99856,43,-6285180,403,13,31,7,True
146167,99856,57,-8331518,403,13,31,8,True
146167,99856,73,-10670190,403,13,31,9,True
146167,99856,91,-13301196,403,13,31,10,True
209281,145924,111,-23230190,481,13,37,-10,True
209281,145924,91,-19044570,481,13,37,-9,True
209281,145924,73,-15277512,481,13,37,-8,True
209281,145924,57,-11929016,481,13,37,-7,True
209281,145924,43,-8999082,481,13,37,-6,True
209281,145924,31,-6487710,481,13,37,-5,True
209281,145924,21,-4394900,481,13,37,-4,True
209281,145924,13,-2720652,481,13,37,-3,True
209281,145924,7,-1464966,481,13,37,-2,True
209281,145924,3,-627842,481,13,37,-1,True
209281,145924,1,-209280,481,13,37,0,True
209281,145924,1,-209280,481,13,37,1,True
209281,145924,3,-627842,481,13,37,2,True
209281,145924,7,-1464966,481,13,37,3,True
209281,145924,13,-2720652,481,13,37,4,True
209281,145924,21,-4394900,481,13,37,5,True
209281,145924,31,-6487710,481,13,37,6,True
209281,145924,43,-8999082,481,13,37,7,True
209281,145924,57,-11929016,481,13,37,8,True
209281,145924,73,-15277512,481,13,37,9,True
209281,145924,91,-19044570,481,13,37,10,True
257637,181476,111,-28597706,533,13,41,-10,True
257637,181476,91,-23444966,533,13,41,-9,True
257637,181476,73,-18807500,533,13,41,-8,True
257637,181476,57,-14685308,533,13,41,-7,True
257637,181476,43,-11078390,533,13,41,-6,True
257637,181476,31,-7986746,533,13,41,-5,True
257637,181476,21,-5410376,533,13,41,-4,True
257637,181476,13,-3349280,533,13,41,-3,True
257637,181476,7,-1803458,533,13,41,-2,True
257637,181476,3,-772910,533,13,41,-1,True
257637,181476,1,-257636,533,13,41,0,True
257637,181476,1,-257636,533,13,41,1,True
257637,181476,3,-772910,533,13,41,2,True
257637,181476,7,-1803458,533,13,41,3,True
257637,181476,13,-3349280,533,13,41,4,True
257637,181476,21,-5410376,533,13,41,5,True
257637,181476,31,-7986746,533,13,41,6,True
257637,181476,43,-11078390,533,13,41,7,True
257637,181476,57,-14685308,533,13,41,8,True
257637,181476,73,-18807500,533,13,41,9,True
257637,181476,91,-23444966,533,13,41,10,True
283699,200704,111,-31490588,559,13,43,-10,True
283699,200704,91,-25816608,559,13,43,-9,True
283699,200704,73,-20710026,559,13,43,-8,True
283699,200704,57,-16170842,559,13,43,-7,True
283699,200704,43,-12199056,559,13,43,-6,True
283699,200704,31,-8794668,559,13,43,-5,True
283699,200704,21,-5957678,559,13,43,-4,True
283699,200704,13,-3688086,559,13,43,-3,True
283699,200704,7,-1985892,559,13,43,-2,True
283699,200704,3,-851096,559,13,43,-1,True
283699,200704,1,-283698,559,13,43,0,True
283699,200704,1,-283698,559,13,43,1,True
283699,200704,3,-851096,559,13,43,2,True
283699,200704,7,-1985892,559,13,43,3,True
283699,200704,13,-3688086,559,13,43,4,True
283699,200704,21,-5957678,559,13,43,5,True
283699,200704,31,-8794668,559,13,43,6,True
283699,200704,43,-12199056,559,13,43,7,True
283699,200704,57,-16170842,559,13,43,8,True
283699,200704,73,-20710026,559,13,43,9,True
283699,200704,91,-25816608,559,13,43,10,True
339591,242064,111,-37694600,611,13,47,-10,True
339591,242064,91,-30902780,611,13,47,-9,True
339591,242064,73,-24790142,611,13,47,-8,True
339591,242064,57,-19356686,611,13,47,-7,True
339591,242064,43,-14602412,611,13,47,-6,True
339591,242064,31,-10527320,611,13,47,-5,True
339591,242064,21,-7131410,611,13,47,-4,True
339591,242064,13,-4414682,611,13,47,-3,True
339591,242064,7,-2377136,611,13,47,-2,True
339591,242064,3,-1018772,611,13,47,-1,True
339591,242064,1,-339590,611,13,47,0,True
339591,242064,1,-339590,611,13,47,1,True
339591,242064,3,-1018772,611,13,47,2,True
339591,242064,7,-2377136,611,13,47,3,True
339591,242064,13,-4414682,611,13,47,4,True
339591,242064,21,-7131410,611,13,47,5,True
339591,242064,31,-10527320,611,13,47,6,True
339591,242064,43,-14602412,611,13,47,7,True
339591,242064,57,-19356686,611,13,47,8,True
339591,242064,73,-24790142,611,13,47,9,True
339591,242064,91,-30902780,611,13,47,10,True
432849,311364,111,-48046238,689,13,53,-10,True
432849,311364,91,-39389258,689,13,53,-9,True
432849,311364,73,-31597976,689,13,53,-8,True
432849,311364,57,-24672392,689,13,53,-7,True
432849,311364,43,-18612506,689,13,53,-6,True
432849,311364,31,-13418318,689,13,53,-5,True
432849,311364,21,-9089828,689,13,53,-4,True
432849,311364,13,-5627036,689,13,53,-3,True
432849,311364,7,-3029942,689,13,53,-2,True
432849,311364,3,-1298546,689,13,53,-1,True
432849,311364,1,-432848,689,13,53,0,True
432849,311364,1,-432848,689,13,53,1,True
432849,311364,3,-1298546,689,13,53,2,True
432849,311364,7,-3029942,689,13,53,3,True
432849,311364,13,-5627036,689,13,53,4,True
432849,311364,21,-9089828,689,13,53,5,True
432849,311364,31,-13418318,689,13,53,6,True
432849,311364,43,-18612506,689,13,53,7,True
432849,311364,57,-24672392,689,13,53,8,True
432849,311364,73,-31597976,689,13,53,9,True
432849,311364,91,-39389258,689,13,53,10,True
537411,389376,111,-59652620,767,13,59,-10,True
537411,389376,91,-48904400,767,13,59,-9,True
537411,389376,73,-39231002,767,13,59,-8,True
537411,389376,57,-30632426,767,13,59,-7,True
537411,389376,43,-23108672,767,13,59,-6,True
537411,389376,31,-16659740,767,13,59,-5,True
537411,389376,21,-11285630,767,13,59,-4,True
537411,389376,13,-6986342,767,13,59,-3,True
537411,389376,7,-3761876,767,13,59,-2,True
537411,389376,3,-1612232,767,13,59,-1,True
537411,389376,1,-537410,767,13,59,0,True
537411,389376,1,-537410,767,13,59,1,True
537411,389376,3,-1612232,767,13,59,2,True
537411,389376,7,-3761876,767,13,59,3,True
537411,389376,13,-6986342,767,13,59,4,True
537411,389376,21,-11285630,767,13,59,5,True
537411,389376,31,-16659740,767,13,59,6,True
537411,389376,43,-23108672,767,13,59,7,True
537411,389376,57,-30632426,767,13,59,8,True
537411,389376,73,-39231002,767,13,59,9,True
537411,389376,91,-48904400,767,13,59,10,True
574777,417316,111,-63800246,793,13,61,-10,True
574777,417316,91,-52304706,793,13,61,-9,True
574777,417316,73,-41958720,793,13,61,-8,True
574777,417316,57,-32762288,793,13,61,-7,True
574777,417316,43,-24715410,793,13,61,-6,True
574777,417316,31,-17818086,793,13,61,-5,True
574777,417316,21,-12070316,793,13,61,-4,True
574777,417316,13,-7472100,793,13,61,-3,True
574777,417316,7,-4023438,793,13,61,-2,True
574777,417316,3,-1724330,793,13,61,-1,True
574777,417316,1,-574776,793,13,61,0,True
574777,417316,1,-574776,793,13,61,1,True
574777,417316,3,-1724330,793,13,61,2,True
574777,417316,7,-4023438,793,13,61,3,True
574777,417316,13,-7472100,793,13,61,4,True
574777,417316,21,-12070316,793,13,61,5,True
574777,417316,31,-17818086,793,13,61,6,True
574777,417316,43,-24715410,793,13,61,7,True
574777,417316,57,-32762288,793,13,61,8,True
574777,417316,73,-41958720,793,13,61,9,True
574777,417316,91,-52304706,793,13,61,10,True
694411,506944,111,-77079620,871,13,67,-10,True
694411,506944,91,-63191400,871,13,67,-9,True
694411,506944,73,-50692002,871,13,67,-8,True
694411,506944,57,-39581426,871,13,67,-7,True
694411,506944,43,-29859672,871,13,67,-6,True
694411,506944,31,-21526740,871,13,67,-5,True
694411,506944,21,-14582630,871,13,67,-4,True
694411,506944,13,-9027342,871,13,67,-3,True
694411,506944,7,-4860876,871,13,67,-2,True
694411,506944,3,-2083232,871,13,67,-1,True
694411,506944,1,-694410,871,13,67,0,True
694411,506944,1,-694410,871,13,67,1,True
694411,506944,3,-2083232,871,13,67,2,True
694411,506944,7,-4860876,871,13,67,3,True
694411,506944,13,-9027342,871,13,67,4,True
694411,506944,21,-14582630,871,13,67,5,True
694411,506944,31,-21526740,871,13,67,6,True
694411,506944,43,-29859672,871,13,67,7,True
694411,506944,57,-39581426,871,13,67,8,True
694411,506944,73,-50692002,871,13,67,9,True
694411,506944,91,-63191400,871,13,67,10,True
780447,571536,111,-86629616,923,13,71,-10,True
780447,571536,91,-71020676,923,13,71,-9,True
780447,571536,73,-56972630,923,13,71,-8,True
780447,571536,57,-44485478,923,13,71,-7,True
780447,571536,43,-33559220,923,13,71,-6,True
780447,571536,31,-24193856,923,13,71,-5,True
780447,571536,21,-16389386,923,13,71,-4,True
780447,571536,13,-10145810,923,13,71,-3,True
780447,571536,7,-5463128,923,13,71,-2,True
780447,571536,3,-2341340,923,13,71,-1,True
780447,571536,1,-780446,923,13,71,0,True
780447,571536,1,-780446,923,13,71,1,True
780447,571536,3,-2341340,923,13,71,2,True
780447,571536,7,-5463128,923,13,71,3,True
780447,571536,13,-10145810,923,13,71,4,True
780447,571536,21,-16389386,923,13,71,5,True
780447,571536,31,-24193856,923,13,71,6,True
780447,571536,43,-33559220,923,13,71,7,True
780447,571536,57,-44485478,923,13,71,8,True
780447,571536,73,-56972630,923,13,71,9,True
780447,571536,91,-71020676,923,13,71,10,True
825349,605284,111,-91613738,949,13,73,-10,True
825349,605284,91,-75106758,949,13,73,-9,True
825349,605284,73,-60250476,949,13,73,-8,True
825349,605284,57,-47044892,949,13,73,-7,True
825349,605284,43,-35490006,949,13,73,-6,True
825349,605284,31,-25585818,949,13,73,-5,True
825349,605284,21,-17332328,949,13,73,-4,True
825349,605284,13,-10729536,949,13,73,-3,True
825349,605284,7,-5777442,949,13,73,-2,True
825349,605284,3,-2476046,949,13,73,-1,True
825349,605284,1,-825348,949,13,73,0,True
825349,605284,1,-825348,949,13,73,1,True
825349,605284,3,-2476046,949,13,73,2,True
825349,605284,7,-5777442,949,13,73,3,True
825349,605284,13,-10729536,949,13,73,4,True
825349,605284,21,-17332328,949,13,73,5,True
825349,605284,31,-25585818,949,13,73,6,True
825349,605284,43,-35490006,949,13,73,7,True
825349,605284,57,-47044892,949,13,73,8,True
825349,605284,73,-60250476,949,13,73,9,True
825349,605284,91,-75106758,949,13,73,10,True
967591,712336,111,-107402600,1027,13,79,-10,True
967591,712336,91,-88050780,1027,13,79,-9,True
967591,712336,73,-70634142,1027,13,79,-8,True
967591,712336,57,-55152686,1027,13,79,-7,True
967591,712336,43,-41606412,1027,13,79,-6,True
967591,712336,31,-29995320,1027,13,79,-5,True
967591,712336,21,-20319410,1027,13,79,-4,True
967591,712336,13,-12578682,1027,13,79,-3,True
967591,712336,7,-6773136,1027,13,79,-2,True
967591,712336,3,-2902772,1027,13,79,-1,True
967591,712336,1,-967590,1027,13,79,0,True
967591,712336,1,-967590,1027,13,79,1,True
967591,712336,3,-2902772,1027,13,79,2,True
967591,712336,7,-6773136,1027,13,79,3,True
967591,712336,13,-12578682,1027,13,79,4,True
967591,712336,21,-20319410,1027,13,79,5,True
967591,712336,31,-29995320,1027,13,79,6,True
967591,712336,43,-41606412,1027,13,79,7,True
967591,712336,57,-55152686,1027,13,79,8,True
967591,712336,73,-70634142,1027,13,79,9,True
967591,712336,91,-88050780,1027,13,79,10,True
1068699,788544,111,-118625588,1079,13,83,-10,True
1068699,788544,91,-97251608,1079,13,83,-9,True
1068699,788544,73,-78015026,1079,13,83,-8,True
1068699,788544,57,-60915842,1079,13,83,-7,True
1068699,788544,43,-45954056,1079,13,83,-6,True
1068699,788544,31,-33129668,1079,13,83,-5,True
1068699,788544,21,-22442678,1079,13,83,-4,True
1068699,788544,13,-13893086,1079,13,83,-3,True
1068699,788544,7,-7480892,1079,13,83,-2,True
1068699,788544,3,-3206096,1079,13,83,-1,True
1068699,788544,1,-1068698,1079,13,83,0,True
1068699,788544,1,-1068698,1079,13,83,1,True
1068699,788544,3,-3206096,1079,13,83,2,True
1068699,788544,7,-7480892,1079,13,83,3,True
1068699,788544,13,-13893086,1079,13,83,4,True
1068699,788544,21,-22442678,1079,13,83,5,True
1068699,788544,31,-33129668,1079,13,83,6,True
1068699,788544,43,-45954056,1079,13,83,7,True
1068699,788544,57,-60915842,1079,13,83,8,True
1068699,788544,73,-78015026,1079,13,83,9,True
1068699,788544,91,-97251608,1079,13,83,10,True
1229781,910116,111,-136505690,1157,13,89,-10,True
1229781,910116,91,-111910070,1157,13,89,-9,True
1229781,910116,73,-89774012,1157,13,89,-8,True
1229781,910116,57,-70097516,1157,13,89,-7,True
1229781,910116,43,-52880582,1157,13,89,-6,True
1229781,910116,31,-38123210,1157,13,89,-5,True
1229781,910116,21,-25825400,1157,13,89,-4,True
1229781,910116,13,-15987152,1157,13,89,-3,True
1229781,910116,7,-8608466,1157,13,89,-2,True
1229781,910116,3,-3689342,1157,13,89,-1,True
1229781,910116,1,-1229780,1157,13,89,0,True
1229781,910116,1,-1229780,1157,13,89,1,True
1229781,910116,3,-3689342,1157,13,89,2,True
1229781,910116,7,-8608466,1157,13,89,3,True
1229781,910116,13,-15987152,1157,13,89,4,True
1229781,910116,21,-25825400,1157,13,89,5,True
1229781,910116,31,-38123210,1157,13,89,6,True
1229781,910116,43,-52880582,1157,13,89,7,True
1229781,910116,57,-70097516,1157,13,89,8,True
1229781,910116,73,-89774012,1157,13,89,9,True
1229781,910116,91,-111910070,1157,13,89,10,True
1462141,1085764,111,-162297650,1261,13,97,-10,True
1462141,1085764,91,-133054830,1261,13,97,-9,True
1462141,1085764,73,-106736292,1261,13,97,-8,True
1462141,1085764,57,-83342036,1261,13,97,-7,True
1462141,1085764,43,-62872062,1261,13,97,-6,True
1462141,1085764,31,-45326370,1261,13,97,-5,True
1462141,1085764,21,-30704960,1261,13,97,-4,True
1462141,1085764,13,-19007832,1261,13,97,-3,True
1462141,1085764,7,-10234986,1261,13,97,-2,True
1462141,1085764,3,-4386422,1261,13,97,-1,True
1462141,1085764,1,-1462140,1261,13,97,0,True
1462141,1085764,1,-1462140,1261,13,97,1,True
1462141,1085764,3,-4386422,1261,13,97,2,True
1462141,1085764,7,-10234986,1261,13,97,3,True
1462141,1085764,13,-19007832,1261,13,97,4,True
1462141,1085764,21,-30704960,1261,13,97,5,True
1462141,1085764,31,-45326370,1261,13,97,6,True
1462141,1085764,43,-62872062,1261,13,97,7,True
1462141,1085764,57,-83342036,1261,13,97,8,True
1462141,1085764,73,-106736292,1261,13,97,9,True
1462141,1085764,91,-133054830,1261,13,97,10,True
93639,63504,111,-10393928,323,17,19,-10,True
93639,63504,91,-8521148,323,17,19,-9,True
93639,63504,73,-6835646,323,17,19,-8,True
93639,63504,57,-5337422,323,17,19,-7,True
93639,63504,43,-4026476,323,17,19,-6,True
93639,63504,31,-2902808,323,17,19,-5,True
93639,63504,21,-1966418,323,17,19,-4,True
93639,63504,13,-1217306,323,17,19,-3,True
93639,63504,7,-655472,323,17,19,-2,True
93639,63504,3,-280916,323,17,19,-1,True
93639,63504,1,-93638,323,17,19,0,True
93639,63504,1,-93638,323,17,19,1,True
93639,63504,3,-280916,323,17,19,2,True
93639,63504,7,-655472,323,17,19,3,True
93639,63504,13,-1217306,323,17,19,4,True
93639,63504,21,-1966418,323,17,19,5,True
93639,63504,31,-2902808,323,17,19,6,True
93639,63504,43,-4026476,323,17,19,7,True
93639,63504,57,-5337422,323,17,19,8,True
93639,63504,73,-6835646,323,17,19,9,True
93639,63504,91,-8521148,323,17,19,10,True
138411,97344,111,-15363620,391,17,23,-10,True
138411,97344,91,-12595400,391,17,23,-9,True
138411,97344,73,-10104002,391,17,23,-8,True
138411,97344,57,-7889426,391,17,23,-7,True
138411,97344,43,-5951672,391,17,23,-6,True
138411,97344,31,-4290740,391,17,23,-5,True
138411,97344,21,-2906630,391,17,23,-4,True
138411,97344,13,-1799342,391,17,23,-3,True
138411,97344,7,-968876,391,17,23,-2,True
138411,97344,3,-415232,391,17,23,-1,True
138411,97344,1,-138410,391,17,23,0,True
138411,97344,1,-138410,391,17,23,1,True
138411,97344,3,-415232,391,17,23,2,True
138411,97344,7,-968876,391,17,23,3,True
138411,97344,13,-1799342,391,17,23,4,True
138411,97344,21,-2906630,391,17,23,5,True
138411,97344,31,-4290740,391,17,23,6,True
138411,97344,43,-5951672,391,17,23,7,True
138411,97344,57,-7889426,391,17,23,8,True
138411,97344,73,-10104002,391,17,23,9,True
138411,97344,91,-12595400,391,17,23,10,True
221949,161604,111,-24636338,493,17,29,-10,True
221949,161604,91,-20197358,493,17,29,-9,True
221949,161604,73,-16202276,493,17,29,-8,True
221949,161604,57,-12651092,493,17,29,-7,True
221949,161604,43,-9543806,493,17,29,-6,True
221949,161604,31,-6880418,493,17,29,-5,True
221949,161604,21,-4660928,493,17,29,-4,True
221949,161604,13,-2885336,493,17,29,-3,True
221949,161604,7,-1553642,493,17,29,-2,True
221949,161604,3,-665846,493,17,29,-1,True
221949,161604,1,-221948,493,17,29,0,True
221949,161604,1,-221948,493,17,29,1,True
221949,161604,3,-665846,493,17,29,2,True
221949,161604,7,-1553642,493,17,29,3,True
221949,161604,13,-2885336,493,17,29,4,True
221949,161604,21,-4660928,493,17,29,5,True
221949,161604,31,-6880418,493,17,29,6,True
221949,161604,43,-9543806,493,17,29,7,True
221949,161604,57,-12651092,493,17,29,8,True
221949,161604,73,-16202276,493,17,29,9,True
221949,161604,91,-20197358,493,17,29,10,True
254163,186624,111,-28212092,527,17,31,-10,True
254163,186624,91,-23128832,527,17,31,-9,True
254163,186624,73,-18553898,527,17,31,-8,True
254163,186624,57,-14487290,527,17,31,-7,True
254163,186624,43,-10929008,527,17,31,-6,True
254163,186624,31,-7879052,527,17,31,-5,True
254163,186624,21,-5337422,527,17,31,-4,True
254163,186624,13,-3304118,527,17,31,-3,True
254163,186624,7,-1779140,527,17,31,-2,True
254163,186624,3,-762488,527,17,31,-1,True
254163,186624,1,-254162,527,17,31,0,True
254163,186624,1,-254162,527,17,31,1,True
254163,186624,3,-762488,527,17,31,2,True
254163,186624,7,-1779140,527,17,31,3,True
254163,186624,13,-3304118,527,17,31,4,True
254163,186624,21,-5337422,527,17,31,5,True
254163,186624,31,-7879052,527,17,31,6,True
254163,186624,43,-10929008,527,17,31,7,True
254163,186624,57,-14487290,527,17,31,8,True
254163,186624,73,-18553898,527,17,31,9,True
254163,186624,91,-23128832,527,17,31,10,True
363909,272484,111,-40393898,629,17,37,-10,True
363909,272484,91,-33115718,629,17,37,-9,True
363909,272484,73,-26565356,629,17,37,-8,True
363909,272484,57,-20742812,629,17,37,-7,True
363909,272484,43,-15648086,629,17,37,-6,True
363909,272484,31,-11281178,629,17,37,-5,True
363909,272484,21,-7642088,629,17,37,-4,True
363909,272484,13,-4730816,629,17,37,-3,True
363909,272484,7,-2547362,629,17,37,-2,True
363909,272484,3,-1091726,629,17,37,-1,True
363909,272484,1,-363908,629,17,37,0,True
363909,272484,1,-363908,629,17,37,1,True
363909,272484,3,-1091726,629,17,37,2,True
363909,272484,7,-2547362,629,17,37,3,True
363909,272484,13,-4730816,629,17,37,4,True
363909,272484,21,-7642088,629,17,37,5,True
363909,272484,31,-11281178,629,17,37,6,True
363909,272484,43,-15648086,629,17,37,7,True
363909,272484,57,-20742812,629,17,37,8,True
363909,272484,73,-26565356,629,17,37,9,True
363909,272484,91,-33115718,629,17,37,10,True
447993,338724,111,-49727222,697,17,41,-10,True
447993,338724,91,-40767362,697,17,41,-9,True
447993,338724,73,-32703488,697,17,41,-8,True
447993,338724,57,-25535600,697,17,41,-7,True
447993,338724,43,-19263698,697,17,41,-6,True
447993,338724,31,-13887782,697,17,41,-5,True
447993,338724,21,-9407852,697,17,41,-4,True
447993,338724,13,-5823908,697,17,41,-3,True
447993,338724,7,-3135950,697,17,41,-2,True
447993,338724,3,-1343978,697,17,41,-1,True
447993,338724,1,-447992,697,17,41,0,True
447993,338724,1,-447992,697,17,41,1,True
447993,338724,3,-1343978,697,17,41,2,True
447993,338724,7,-3135950,697,17,41,3,True
447993,338724,13,-5823908,697,17,41,4,True
447993,338724,21,-9407852,697,17,41,5,True
447993,338724,31,-13887782,697,17,41,6,True
447993,338724,43,-19263698,697,17,41,7,True
447993,338724,57,-25535600,697,17,41,8,True
447993,338724,73,-32703488,697,17,41,9,True
447993,338724,91,-40767362,697,17,41,10,True
493311,374544,111,-54757520,731,17,43,-10,True
493311,374544,91,-44891300,731,17,43,-9,True
493311,374544,73,-36011702,731,17,43,-8,True
493311,374544,57,-28118726,731,17,43,-7,True
493311,374544,43,-21212372,731,17,43,-6,True
493311,374544,31,-15292640,731,17,43,-5,True
493311,374544,21,-10359530,731,17,43,-4,True
493311,374544,13,-6413042,731,17,43,-3,True
493311,374544,7,-3453176,731,17,43,-2,True
493311,374544,3,-1479932,731,17,43,-1,True
493311,374544,1,-493310,731,17,43,0,True
493311,374544,1,-493310,731,17,43,1,True
493311,374544,3,-1479932,731,17,43,2,True
493311,374544,7,-3453176,731,17,43,3,True
493311,374544,13,-6413042,731,17,43,4,True
493311,374544,21,-10359530,731,17,43,5,True
493311,374544,31,-15292640,731,17,43,6,True
493311,374544,43,-21212372,731,17,43,7,True
493311,374544,57,-28118726,731,17,43,8,True
493311,374544,73,-36011702,731,17,43,9,True
493311,374544,91,-44891300,731,17,43,10,True
590499,451584,111,-65545388,799,17,47,-10,True
590499,451584,91,-53735408,799,17,47,-9,True
590499,451584,73,-43106426,799,17,47,-8,True
590499,451584,57,-33658442,799,17,47,-7,True
590499,451584,43,-25391456,799,17,47,-6,True
590499,451584,31,-18305468,799,17,47,-5,True
590499,451584,21,-12400478,799,17,47,-4,True
590499,451584,13,-7676486,799,17,47,-3,True
590499,451584,7,-4133492,799,17,47,-2,True
590499,451584,3,-1771496,799,17,47,-1,True
590499,451584,1,-590498,799,17,47,0,True
590499,451584,1,-590498,799,17,47,1,True
590499,451584,3,-1771496,799,17,47,2,True
590499,451584,7,-4133492,799,17,47,3,True
590499,451584,13,-7676486,799,17,47,4,True
590499,451584,21,-12400478,799,17,47,5,True
590499,451584,31,-18305468,799,17,47,6,True
590499,451584,43,-25391456,799,17,47,7,True
590499,451584,57,-33658442,799,17,47,8,True
590499,451584,73,-43106426,799,17,47,9,True
590499,451584,91,-53735408,799,17,47,10,True
752661,580644,111,-83545370,901,17,53,-10,True
752661,580644,91,-68492150,901,17,53,-9,True
752661,580644,73,-54944252,901,17,53,-8,True
752661,580644,57,-42901676,901,17,53,-7,True
752661,580644,43,-32364422,901,17,53,-6,True
752661,580644,31,-23332490,901,17,53,-5,True
752661,580644,21,-15805880,901,17,53,-4,True
752661,580644,13,-9784592,901,17,53,-3,True
752661,580644,7,-5268626,901,17,53,-2,True
752661,580644,3,-2257982,901,17,53,-1,True
752661,580644,1,-752660,901,17,53,0,True
752661,580644,1,-752660,901,17,53,1,True
752661,580644,3,-2257982,901,17,53,2,True
752661,580644,7,-5268626,901,17,53,3,True
752661,580644,13,-9784592,901,17,53,4,True
752661,580644,21,-15805880,901,17,53,5,True
752661,580644,31,-23332490,901,17,53,6,True
752661,580644,43,-32364422,901,17,53,7,True
752661,580644,57,-42901676,901,17,53,8,True
752661,580644,73,-54944252,901,17,53,9,True
752661,580644,91,-68492150,901,17,53,10,True
934479,725904,111,-103727168,1003,17,59,-10,True
934479,725904,91,-85037588,1003,17,59,-9,True
934479,725904,73,-68216966,1003,17,59,-8,True
934479,725904,57,-53265302,1003,17,59,-7,True
934479,725904,43,-40182596,1003,17,59,-6,True
934479,725904,31,-28968848,1003,17,59,-5,True
934479,725904,21,-19624058,1003,17,59,-4,True
934479,725904,13,-12148226,1003,17,59,-3,True
934479,725904,7,-6541352,1003,17,59,-2,True
934479,725904,3,-2803436,1003,17,59,-1,True
934479,725904,1,-934478,1003,17,59,0,True
934479,725904,1,-934478,1003,17,59,1,True
934479,725904,3,-2803436,1003,17,59,2,True
934479,725904,7,-6541352,1003,17,59,3,True
934479,725904,13,-12148226,1003,17,59,4,True
934479,725904,21,-19624058,1003,17,59,5,True
934479,725904,31,-28968848,1003,17,59,6,True
934479,725904,43,-40182596,1003,17,59,7,True
934479,725904,57,-53265302,1003,17,59,8,True
934479,725904,73,-68216966,1003,17,59,9,True
934479,725904,91,-85037588,1003,17,59,10,True
999453,777924,111,-110939282,1037,17,61,-10,True
999453,777924,91,-90950222,1037,17,61,-9,True
999453,777924,73,-72960068,1037,17,61,-8,True
999453,777924,57,-56968820,1037,17,61,-7,True
999453,777924,43,-42976478,1037,17,61,-6,True
999453,777924,31,-30983042,1037,17,61,-5,True
999453,777924,21,-20988512,1037,17,61,-4,True
999453,777924,13,-12992888,1037,17,61,-3,True
999453,777924,7,-6996170,1037,17,61,-2,True
999453,777924,3,-2998358,1037,17,61,-1,True
999453,777924,1,-999452,1037,17,61,0,True
999453,777924,1,-999452,1037,17,61,1,True
999453,777924,3,-2998358,1037,17,61,2,True
999453,777924,7,-6996170,1037,17,61,3,True
999453,777924,13,-12992888,1037,17,61,4,True
999453,777924,21,-20988512,1037,17,61,5,True
999453,777924,31,-30983042,1037,17,61,6,True
999453,777924,43,-42976478,1037,17,61,7,True
999453,777924,57,-56968820,1037,17,61,8,True
999453,777924,73,-72960068,1037,17,61,9,True
999453,777924,91,-90950222,1037,17,61,10,True
1207479,944784,111,-134030168,1139,17,67,-10,True
1207479,944784,91,-109880588,1139,17,67,-9,True
1207479,944784,73,-88145966,1139,17,67,-8,True
1207479,944784,57,-68826302,1139,17,67,-7,True
1207479,944784,43,-51921596,1139,17,67,-6,True
1207479,944784,31,-37431848,1139,17,67,-5,True
1207479,944784,21,-25357058,1139,17,67,-4,True
1207479,944784,13,-15697226,1139,17,67,-3,True
1207479,944784,7,-8452352,1139,17,67,-2,True
1207479,944784,3,-3622436,1139,17,67,-1,True
1207479,944784,1,-1207478,1139,17,67,0,True
1207479,944784,1,-1207478,1139,17,67,1,True
1207479,944784,3,-3622436,1139,17,67,2,True
1207479,944784,7,-8452352,1139,17,67,3,True
1207479,944784,13,-15697226,1139,17,67,4,True
1207479,944784,21,-25357058,1139,17,67,5,True
1207479,944784,31,-37431848,1139,17,67,6,True
1207479,944784,43,-51921596,1139,17,67,7,True
1207479,944784,57,-68826302,1139,17,67,8,True
1207479,944784,73,-88145966,1139,17,67,9,True
1207479,944784,91,-109880588,1139,17,67,10,True
1357083,1065024,111,-150636212,1207,17,71,-10,True
1357083,1065024,91,-123494552,1207,17,71,-9,True
1357083,1065024,73,-99067058,1207,17,71,-8,True
1357083,1065024,57,-77353730,1207,17,71,-7,True
1357083,1065024,43,-58354568,1207,17,71,-6,True
1357083,1065024,31,-42069572,1207,17,71,-5,True
1357083,1065024,21,-28498742,1207,17,71,-4,True
1357083,1065024,13,-17642078,1207,17,71,-3,True
1357083,1065024,7,-9499580,1207,17,71,-2,True
1357083,1065024,3,-4071248,1207,17,71,-1,True
1357083,1065024,1,-1357082,1207,17,71,0,True
1357083,1065024,1,-1357082,1207,17,71,1,True
1357083,1065024,3,-4071248,1207,17,71,2,True
1357083,1065024,7,-9499580,1207,17,71,3,True
1357083,1065024,13,-17642078,1207,17,71,4,True
1357083,1065024,21,-28498742,1207,17,71,5,True
1357083,1065024,31,-42069572,1207,17,71,6,True
1357083,1065024,43,-58354568,1207,17,71,7,True
1357083,1065024,57,-77353730,1207,17,71,8,True
1357083,1065024,73,-99067058,1207,17,71,9,True
1357083,1065024,91,-123494552,1207,17,71,10,True
1435161,1127844,111,-159302870,1241,17,73,-10,True
1435161,1127844,91,-130599650,1241,17,73,-9,True
1435161,1127844,73,-104766752,1241,17,73,-8,True
1435161,1127844,57,-81804176,1241,17,73,-7,True
1435161,1127844,43,-61711922,1241,17,73,-6,True
1435161,1127844,31,-44489990,1241,17,73,-5,True
1435161,1127844,21,-30138380,1241,17,73,-4,True
1435161,1127844,13,-18657092,1241,17,73,-3,True
1435161,1127844,7,-10046126,1241,17,73,-2,True
1435161,1127844,3,-4305482,1241,17,73,-1,True
1435161,1127844,1,-1435160,1241,17,73,0,True
1435161,1127844,1,-1435160,1241,17,73,1,True
1435161,1127844,3,-4305482,1241,17,73,2,True
1435161,1127844,7,-10046126,1241,17,73,3,True
1435161,1127844,13,-18657092,1241,17,73,4,True
1435161,1127844,21,-30138380,1241,17,73,5,True
1435161,1127844,31,-44489990,1241,17,73,6,True
1435161,1127844,43,-61711922,1241,17,73,7,True
1435161,1127844,57,-81804176,1241,17,73,8,True
1435161,1127844,73,-104766752,1241,17,73,9,True
1435161,1127844,91,-130599650,1241,17,73,10,True
1682499,1327104,111,-186757388,1343,17,79,-10,True
1682499,1327104,91,-153107408,1343,17,79,-9,True
1682499,1327104,73,-122822426,1343,17,79,-8,True
1682499,1327104,57,-95902442,1343,17,79,-7,True
1682499,1327104,43,-72347456,1343,17,79,-6,True
1682499,1327104,31,-52157468,1343,17,79,-5,True
1682499,1327104,21,-35332478,1343,17,79,-4,True
1682499,1327104,13,-21872486,1343,17,79,-3,True
1682499,1327104,7,-11777492,1343,17,79,-2,True
1682499,1327104,3,-5047496,1343,17,79,-1,True
1682499,1327104,1,-1682498,1343,17,79,0,True
1682499,1327104,1,-1682498,1343,17,79,1,True
1682499,1327104,3,-5047496,1343,17,79,2,True
1682499,1327104,7,-11777492,1343,17,79,3,True
1682499,1327104,13,-21872486,1343,17,79,4,True
1682499,1327104,21,-35332478,1343,17,79,5,True
1682499,1327104,31,-52157468,1343,17,79,6,True
1682499,1327104,43,-72347456,1343,17,79,7,True
1682499,1327104,57,-95902442,1343,17,79,8,True
1682499,1327104,73,-122822426,1343,17,79,9,True
1682499,1327104,91,-153107408,1343,17,79,10,True
1858311,1468944,111,-206272520,1411,17,83,-10,True
1858311,1468944,91,-169106300,1411,17,83,-9,True
1858311,1468944,73,-135656702,1411,17,83,-8,True
1858311,1468944,57,-105923726,1411,17,83,-7,True
1858311,1468944,43,-79907372,1411,17,83,-6,True
1858311,1468944,31,-57607640,1411,17,83,-5,True
1858311,1468944,21,-39024530,1411,17,83,-4,True
1858311,1468944,13,-24158042,1411,17,83,-3,True
1858311,1468944,7,-13008176,1411,17,83,-2,True
1858311,1468944,3,-5574932,1411,17,83,-1,True
1858311,1468944,1,-1858310,1411,17,83,0,True
1858311,1468944,1,-1858310,1411,17,83,1,True
1858311,1468944,3,-5574932,1411,17,83,2,True
1858311,1468944,7,-13008176,1411,17,83,3,True
1858311,1468944,13,-24158042,1411,17,83,4,True
1858311,1468944,21,-39024530,1411,17,83,5,True
1858311,1468944,31,-57607640,1411,17,83,6,True
1858311,1468944,43,-79907372,1411,17,83,7,True
1858311,1468944,57,-105923726,1411,17,83,8,True
1858311,1468944,73,-135656702,1411,17,83,9,True
1858311,1468944,91,-169106300,1411,17,83,10,True
2138409,1695204,111,-237363398,1513,17,89,-10,True
2138409,1695204,91,-194595218,1513,17,89,-9,True
2138409,1695204,73,-156103856,1513,17,89,-8,True
2138409,1695204,57,-121889312,1513,17,89,-7,True
2138409,1695204,43,-91951586,1513,17,89,-6,True
2138409,1695204,31,-66290678,1513,17,89,-5,True
2138409,1695204,21,-44906588,1513,17,89,-4,True
2138409,1695204,13,-27799316,1513,17,89,-3,True
2138409,1695204,7,-14968862,1513,17,89,-2,True
2138409,1695204,3,-6415226,1513,17,89,-1,True
2138409,1695204,1,-2138408,1513,17,89,0,True
2138409,1695204,1,-2138408,1513,17,89,1,True
2138409,1695204,3,-6415226,1513,17,89,2,True
2138409,1695204,7,-14968862,1513,17,89,3,True
2138409,1695204,13,-27799316,1513,17,89,4,True
2138409,1695204,21,-44906588,1513,17,89,5,True
2138409,1695204,31,-66290678,1513,17,89,6,True
2138409,1695204,43,-91951586,1513,17,89,7,True
2138409,1695204,57,-121889312,1513,17,89,8,True
2138409,1695204,73,-156103856,1513,17,89,9,True
2138409,1695204,91,-194595218,1513,17,89,10,True
2542449,2022084,111,-282211838,1649,17,97,-10,True
2542449,2022084,91,-231362858,1649,17,97,-9,True
2542449,2022084,73,-185598776,1649,17,97,-8,True
2542449,2022084,57,-144919592,1649,17,97,-7,True
2542449,2022084,43,-109325306,1649,17,97,-6,True
2542449,2022084,31,-78815918,1649,17,97,-5,True
2542449,2022084,21,-53391428,1649,17,97,-4,True
2542449,2022084,13,-33051836,1649,17,97,-3,True
2542449,2022084,7,-17797142,1649,17,97,-2,True
2542449,2022084,3,-7627346,1649,17,97,-1,True
2542449,2022084,1,-2542448,1649,17,97,0,True
2542449,2022084,1,-2542448,1649,17,97,1,True
2542449,2022084,3,-7627346,1649,17,97,2,True
2542449,2022084,7,-17797142,1649,17,97,3,True
2542449,2022084,13,-33051836,1649,17,97,4,True
2542449,2022084,21,-53391428,1649,17,97,5,True
2542449,2022084,31,-78815918,1649,17,97,6,True
2542449,2022084,43,-109325306,1649,17,97,7,True
2542449,2022084,57,-144919592,1649,17,97,8,True
2542449,2022084,73,-185598776,1649,17,97,9,True
2542449,2022084,91,-231362858,1649,17,97,10,True
173901,125316,111,-19303010,437,19,23,-10,True
173901,125316,91,-15824990,437,19,23,-9,True
173901,125316,73,-12694772,437,19,23,-8,True
173901,125316,57,-9912356,437,19,23,-7,True
173901,125316,43,-7477742,437,19,23,-6,True
173901,125316,31,-5390930,437,19,23,-5,True
173901,125316,21,-3651920,437,19,23,-4,True
173901,125316,13,-2260712,437,19,23,-3,True
173901,125316,7,-1217306,437,19,23,-2,True
173901,125316,3,-521702,437,19,23,-1,True
173901,125316,1,-173900,437,19,23,0,True
173901,125316,1,-173900,437,19,23,1,True
173901,125316,3,-521702,437,19,23,2,True
173901,125316,7,-1217306,437,19,23,3,True
173901,125316,13,-2260712,437,19,23,4,True
173901,125316,21,-3651920,437,19,23,5,True
173901,125316,31,-5390930,437,19,23,6,True
173901,125316,43,-7477742,437,19,23,7,True
173901,125316,57,-9912356,437,19,23,8,True
173901,125316,73,-12694772,437,19,23,9,True
173901,125316,91,-15824990,437,19,23,10,True
278859,207936,111,-30953348,551,19,29,-10,True
278859,207936,91,-25376168,551,19,29,-9,True
278859,207936,73,-20356706,551,19,29,-8,True
278859,207936,57,-15894962,551,19,29,-7,True
278859,207936,43,-11990936,551,19,29,-6,True
278859,207936,31,-8644628,551,19,29,-5,True
278859,207936,21,-5856038,551,19,29,-4,True
278859,207936,13,-3625166,551,19,29,-3,True
278859,207936,7,-1952012,551,19,29,-2,True
278859,207936,3,-836576,551,19,29,-1,True
278859,207936,1,-278858,551,19,29,0,True
278859,207936,1,-278858,551,19,29,1,True
278859,207936,3,-836576,551,19,29,2,True
278859,207936,7,-1952012,551,19,29,3,True
278859,207936,13,-3625166,551,19,29,4,True
278859,207936,21,-5856038,551,19,29,5,True
278859,207936,31,-8644628,551,19,29,6,True
278859,207936,43,-11990936,551,19,29,7,True
278859,207936,57,-15894962,551,19,29,8,True
278859,207936,73,-20356706,551,19,29,9,True
278859,207936,91,-25376168,551,19,29,10,True
319333,240100,111,-35445962,589,19,31,-10,True
319333,240100,91,-29059302,589,19,31,-9,True
319333,240100,73,-23311308,589,19,31,-8,True
319333,240100,57,-18201980,589,19,31,-7,True
319333,240100,43,-13731318,589,19,31,-6,True
319333,240100,31,-9899322,589,19,31,-5,True
319333,240100,21,-6705992,589,19,31,-4,True
319333,240100,13,-4151328,589,19,31,-3,True
319333,240100,7,-2235330,589,19,31,-2,True
319333,240100,3,-957998,589,19,31,-1,True
319333,240100,1,-319332,589,19,31,0,True
319333,240100,1,-319332,589,19,31,1,True
319333,240100,3,-957998,589,19,31,2,True
319333,240100,7,-2235330,589,19,31,3,True
319333,240100,13,-4151328,589,19,31,4,True
319333,240100,21,-6705992,589,19,31,5,True
319333,240100,31,-9899322,589,19,31,6,True
319333,240100,43,-13731318,589,19,31,7,True
319333,240100,57,-18201980,589,19,31,8,True
319333,240100,73,-23311308,589,19,31,9,True
319333,240100,91,-29059302,589,19,31,10,True
457219,350464,111,-50751308,703,19,37,-10,True
457219,350464,91,-41606928,703,19,37,-9,True
457219,350464,73,-33376986,703,19,37,-8,True
457219,350464,57,-26061482,703,19,37,-7,True
457219,350464,43,-19660416,703,19,37,-6,True
457219,350464,31,-14173788,703,19,37,-5,True
457219,350464,21,-9601598,703,19,37,-4,True
457219,350464,13,-5943846,703,19,37,-3,True
457219,350464,7,-3200532,703,19,37,-2,True
457219,350464,3,-1371656,703,19,37,-1,True
457219,350464,1,-457218,703,19,37,0,True
457219,350464,1,-457218,703,19,37,1,True
457219,350464,3,-1371656,703,19,37,2,True
457219,350464,7,-3200532,703,19,37,3,True
457219,350464,13,-5943846,703,19,37,4,True
457219,350464,21,-9601598,703,19,37,5,True
457219,350464,31,-14173788,703,19,37,6,True
457219,350464,43,-19660416,703,19,37,7,True
457219,350464,57,-26061482,703,19,37,8,True
457219,350464,73,-33376986,703,19,37,9,True
457219,350464,91,-41606928,703,19,37,10,True
562863,435600,111,-62477792,779,19,41,-10,True
562863,435600,91,-51220532,779,19,41,-9,True
562863,435600,73,-41088998,779,19,41,-8,True
562863,435600,57,-32083190,779,19,41,-7,True
562863,435600,43,-24203108,779,19,41,-6,True
562863,435600,31,-17448752,779,19,41,-5,True
562863,435600,21,-11820122,779,19,41,-4,True
562863,435600,13,-7317218,779,19,41,-3,True
562863,435600,7,-3940040,779,19,41,-2,True
562863,435600,3,-1688588,779,19,41,-1,True
562863,435600,1,-562862,779,19,41,0,True
562863,435600,1,-562862,779,19,41,1,True
562863,435600,3,-1688588,779,19,41,2,True
562863,435600,7,-3940040,779,19,41,3,True
562863,435600,13,-7317218,779,19,41,4,True
562863,435600,21,-11820122,779,19,41,5,True
562863,435600,31,-17448752,779,19,41,6,True
562863,435600,43,-24203108,779,19,41,7,True
562863,435600,57,-32083190,779,19,41,8,True
562863,435600,73,-41088998,779,19,41,9,True
562863,435600,91,-51220532,779,19,41,10,True
619801,481636,111,-68797910,817,19,43,-10,True
619801,481636,91,-56401890,817,19,43,-9,True
619801,481636,73,-45245472,817,19,43,-8,True
619801,481636,57,-35328656,817,19,43,-7,True
619801,481636,43,-26651442,817,19,43,-6,True
619801,481636,31,-19213830,817,19,43,-5,True
619801,481636,21,-13015820,817,19,43,-4,True
619801,481636,13,-8057412,817,19,43,-3,True
619801,481636,7,-4338606,817,19,43,-2,True
619801,481636,3,-1859402,817,19,43,-1,True
619801,481636,1,-619800,817,19,43,0,True
619801,481636,1,-619800,817,19,43,1,True
619801,481636,3,-1859402,817,19,43,2,True
619801,481636,7,-4338606,817,19,43,3,True
619801,481636,13,-8057412,817,19,43,4,True
619801,481636,21,-13015820,817,19,43,5,True
619801,481636,31,-19213830,817,19,43,6,True
619801,481636,43,-26651442,817,19,43,7,True
619801,481636,57,-35328656,817,19,43,8,True
619801,481636,73,-45245472,817,19,43,9,True
619801,481636,91,-56401890,817,19,43,10,True
741909,580644,111,-82351898,893,19,47,-10,True
741909,580644,91,-67513718,893,19,47,-9,True
741909,580644,73,-54159356,893,19,47,-8,True
741909,580644,57,-42288812,893,19,47,-7,True
741909,580644,43,-31902086,893,19,47,-6,True
741909,580644,31,-22999178,893,19,47,-5,True
741909,580644,21,-15580088,893,19,47,-4,True
741909,580644,13,-9644816,893,19,47,-3,True
741909,580644,7,-5193362,893,19,47,-2,True
741909,580644,3,-2225726,893,19,47,-1,True
741909,580644,1,-741908,893,19,47,0,True
741909,580644,1,-741908,893,19,47,1,True
741909,580644,3,-2225726,893,19,47,2,True
741909,580644,7,-5193362,893,19,47,3,True
741909,580644,13,-9644816,893,19,47,4,True
741909,580644,21,-15580088,893,19,47,5,True
741909,580644,31,-22999178,893,19,47,6,True
741909,580644,43,-31902086,893,19,47,7,True
741909,580644,57,-42288812,893,19,47,8,True
741909,580644,73,-54159356,893,19,47,9,True
741909,580644,91,-67513718,893,19,47,10,True
945651,746496,111,-104967260,1007,19,53,-10,True
945651,746496,91,-86054240,1007,19,53,-9,True
945651,746496,73,-69032522,1007,19,53,-8,True
945651,746496,57,-53902106,1007,19,53,-7,True
945651,746496,43,-40662992,1007,19,53,-6,True
945651,746496,31,-29315180,1007,19,53,-5,True
945651,746496,21,-19858670,1007,19,53,-4,True
945651,746496,13,-12293462,1007,19,53,-3,True
945651,746496,7,-6619556,1007,19,53,-2,True
945651,746496,3,-2836952,1007,19,53,-1,True
945651,746496,1,-945650,1007,19,53,0,True
945651,746496,1,-945650,1007,19,53,1,True
945651,746496,3,-2836952,1007,19,53,2,True
945651,746496,7,-6619556,1007,19,53,3,True
945651,746496,13,-12293462,1007,19,53,4,True
945651,746496,21,-19858670,1007,19,53,5,True
945651,746496,31,-29315180,1007,19,53,6,True
945651,746496,43,-40662992,1007,19,53,7,True
945651,746496,57,-53902106,1007,19,53,8,True
945651,746496,73,-69032522,1007,19,53,9,True
945651,746496,91,-86054240,1007,19,53,10,True
1174089,933156,111,-130323878,1121,19,59,-10,True
1174089,933156,91,-106842098,1121,19,59,-9,True
1174089,933156,73,-85708496,1121,19,59,-8,True
1174089,933156,57,-66923072,1121,19,59,-7,True
1174089,933156,43,-50485826,1121,19,59,-6,True
1174089,933156,31,-36396758,1121,19,59,-5,True
1174089,933156,21,-24655868,1121,19,59,-4,True
1174089,933156,13,-15263156,1121,19,59,-3,True
1174089,933156,7,-8218622,1121,19,59,-2,True
1174089,933156,3,-3522266,1121,19,59,-1,True
1174089,933156,1,-1174088,1121,19,59,0,True
1174089,933156,1,-1174088,1121,19,59,1,True
1174089,933156,3,-3522266,1121,19,59,2,True
1174089,933156,7,-8218622,1121,19,59,3,True
1174089,933156,13,-15263156,1121,19,59,4,True
1174089,933156,21,-24655868,1121,19,59,5,True
1174089,933156,31,-36396758,1121,19,59,6,True
1174089,933156,43,-50485826,1121,19,59,7,True
1174089,933156,57,-66923072,1121,19,59,8,True
1174089,933156,73,-85708496,1121,19,59,9,True
1174089,933156,91,-106842098,1121,19,59,10,True
1255723,1000000,111,-139385252,1159,19,61,-10,True
1255723,1000000,91,-114270792,1159,19,61,-9,True
1255723,1000000,73,-91667778,1159,19,61,-8,True
1255723,1000000,57,-71576210,1159,19,61,-7,True
1255723,1000000,43,-53996088,1159,19,61,-6,True
1255723,1000000,31,-38927412,1159,19,61,-5,True
1255723,1000000,21,-26370182,1159,19,61,-4,True
1255723,1000000,13,-16324398,1159,19,61,-3,True
1255723,1000000,7,-8790060,1159,19,61,-2,True
1255723,1000000,3,-3767168,1159,19,61,-1,True
1255723,1000000,1,-1255722,1159,19,61,0,True
1255723,1000000,1,-1255722,1159,19,61,1,True
1255723,1000000,3,-3767168,1159,19,61,2,True
1255723,1000000,7,-8790060,1159,19,61,3,True
1255723,1000000,13,-16324398,1159,19,61,4,True
1255723,1000000,21,-26370182,1159,19,61,5,True
1255723,1000000,31,-38927412,1159,19,61,6,True
1255723,1000000,43,-53996088,1159,19,61,7,True
1255723,1000000,57,-71576210,1159,19,61,8,True
1255723,1000000,73,-91667778,1159,19,61,9,True
1255723,1000000,91,-114270792,1159,19,61,10,True
1517089,1214404,111,-168396878,1273,19,67,-10,True
1517089,1214404,91,-138055098,1273,19,67,-9,True
1517089,1214404,73,-110747496,1273,19,67,-8,True
1517089,1214404,57,-86474072,1273,19,67,-7,True
1517089,1214404,43,-65234826,1273,19,67,-6,True
1517089,1214404,31,-47029758,1273,19,67,-5,True
1517089,1214404,21,-31858868,1273,19,67,-4,True
1517089,1214404,13,-19722156,1273,19,67,-3,True
1517089,1214404,7,-10619622,1273,19,67,-2,True
1517089,1214404,3,-4551266,1273,19,67,-1,True
1517089,1214404,1,-1517088,1273,19,67,0,True
1517089,1214404,1,-1517088,1273,19,67,1,True
1517089,1214404,3,-4551266,1273,19,67,2,True
1517089,1214404,7,-10619622,1273,19,67,3,True
1517089,1214404,13,-19722156,1273,19,67,4,True
1517089,1214404,21,-31858868,1273,19,67,5,True
1517089,1214404,31,-47029758,1273,19,67,6,True
1517089,1214404,43,-65234826,1273,19,67,7,True
1517089,1214404,57,-86474072,1273,19,67,8,True
1517089,1214404,73,-110747496,1273,19,67,9,True
1517089,1214404,91,-138055098,1273,19,67,10,True
1705053,1368900,111,-189260882,1349,19,71,-10,True
1705053,1368900,91,-155159822,1349,19,71,-9,True
1705053,1368900,73,-124468868,1349,19,71,-8,True
1705053,1368900,57,-97188020,1349,19,71,-7,True
1705053,1368900,43,-73317278,1349,19,71,-6,True
1705053,1368900,31,-52856642,1349,19,71,-5,True
1705053,1368900,21,-35806112,1349,19,71,-4,True
1705053,1368900,13,-22165688,1349,19,71,-3,True
1705053,1368900,7,-11935370,1349,19,71,-2,True
1705053,1368900,3,-5115158,1349,19,71,-1,True
1705053,1368900,1,-1705052,1349,19,71,0,True
1705053,1368900,1,-1705052,1349,19,71,1,True
1705053,1368900,3,-5115158,1349,19,71,2,True
1705053,1368900,7,-11935370,1349,19,71,3,True
1705053,1368900,13,-22165688,1349,19,71,4,True
1705053,1368900,21,-35806112,1349,19,71,5,True
1705053,1368900,31,-52856642,1349,19,71,6,True
1705053,1368900,43,-73317278,1349,19,71,7,True
1705053,1368900,57,-97188020,1349,19,71,8,True
1705053,1368900,73,-124468868,1349,19,71,9,True
1705053,1368900,91,-155159822,1349,19,71,10,True
1803151,1449616,111,-200149760,1387,19,73,-10,True
1803151,1449616,91,-164086740,1387,19,73,-9,True
1803151,1449616,73,-131630022,1387,19,73,-8,True
1803151,1449616,57,-102779606,1387,19,73,-7,True
1803151,1449616,43,-77535492,1387,19,73,-6,True
1803151,1449616,31,-55897680,1387,19,73,-5,True
1803151,1449616,21,-37866170,1387,19,73,-4,True
1803151,1449616,13,-23440962,1387,19,73,-3,True
1803151,1449616,7,-12622056,1387,19,73,-2,True
1803151,1449616,3,-5409452,1387,19,73,-1,True
1803151,1449616,1,-1803150,1387,19,73,0,True
1803151,1449616,1,-1803150,1387,19,73,1,True
1803151,1449616,3,-5409452,1387,19,73,2,True
1803151,1449616,7,-12622056,1387,19,73,3,True
1803151,1449616,13,-23440962,1387,19,73,4,True
1803151,1449616,21,-37866170,1387,19,73,5,True
1803151,1449616,31,-55897680,1387,19,73,6,True
1803151,1449616,43,-77535492,1387,19,73,7,True
1803151,1449616,57,-102779606,1387,19,73,8,True
1803151,1449616,73,-131630022,1387,19,73,9,True
1803151,1449616,91,-164086740,1387,19,73,10,True
2113909,1705636,111,-234643898,1501,19,79,-10,True
2113909,1705636,91,-192365718,1501,19,79,-9,True
2113909,1705636,73,-154315356,1501,19,79,-8,True
2113909,1705636,57,-120492812,1501,19,79,-7,True
2113909,1705636,43,-90898086,1501,19,79,-6,True
2113909,1705636,31,-65531178,1501,19,79,-5,True
2113909,1705636,21,-44392088,1501,19,79,-4,True
2113909,1705636,13,-27480816,1501,19,79,-3,True
2113909,1705636,7,-14797362,1501,19,79,-2,True
2113909,1705636,3,-6341726,1501,19,79,-1,True
2113909,1705636,1,-2113908,1501,19,79,0,True
2113909,1705636,1,-2113908,1501,19,79,1,True
2113909,1705636,3,-6341726,1501,19,79,2,True
2113909,1705636,7,-14797362,1501,19,79,3,True
2113909,1705636,13,-27480816,1501,19,79,4,True
2113909,1705636,21,-44392088,1501,19,79,5,True
2113909,1705636,31,-65531178,1501,19,79,6,True
2113909,1705636,43,-90898086,1501,19,79,7,True
2113909,1705636,57,-120492812,1501,19,79,8,True
2113909,1705636,73,-154315356,1501,19,79,9,True
2113909,1705636,91,-192365718,1501,19,79,10,True
2334801,1887876,111,-259162910,1577,19,83,-10,True
2334801,1887876,91,-212466890,1577,19,83,-9,True
2334801,1887876,73,-170440472,1577,19,83,-8,True
2334801,1887876,57,-133083656,1577,19,83,-7,True
2334801,1887876,43,-100396442,1577,19,83,-6,True
2334801,1887876,31,-72378830,1577,19,83,-5,True
2334801,1887876,21,-49030820,1577,19,83,-4,True
2334801,1887876,13,-30352412,1577,19,83,-3,True
2334801,1887876,7,-16343606,1577,19,83,-2,True
2334801,1887876,3,-7004402,1577,19,83,-1,True
2334801,1887876,1,-2334800,1577,19,83,0,True
2334801,1887876,1,-2334800,1577,19,83,1,True
2334801,1887876,3,-7004402,1577,19,83,2,True
2334801,1887876,7,-16343606,1577,19,83,3,True
2334801,1887876,13,-30352412,1577,19,83,4,True
2334801,1887876,21,-49030820,1577,19,83,5,True
2334801,1887876,31,-72378830,1577,19,83,6,True
2334801,1887876,43,-100396442,1577,19,83,7,True
2334801,1887876,57,-133083656,1577,19,83,8,True
2334801,1887876,73,-170440472,1577,19,83,9,True
2334801,1887876,91,-212466890,1577,19,83,10,True
2686719,2178576,111,-298225808,1691,19,89,-10,True
2686719,2178576,91,-244491428,1691,19,89,-9,True
2686719,2178576,73,-196130486,1691,19,89,-8,True
2686719,2178576,57,-153142982,1691,19,89,-7,True
2686719,2178576,43,-115528916,1691,19,89,-6,True
2686719,2178576,31,-83288288,1691,19,89,-5,True
2686719,2178576,21,-56421098,1691,19,89,-4,True
2686719,2178576,13,-34927346,1691,19,89,-3,True
2686719,2178576,7,-18807032,1691,19,89,-2,True
2686719,2178576,3,-8060156,1691,19,89,-1,True
2686719,2178576,1,-2686718,1691,19,89,0,True
2686719,2178576,1,-2686718,1691,19,89,1,True
2686719,2178576,3,-8060156,1691,19,89,2,True
2686719,2178576,7,-18807032,1691,19,89,3,True
2686719,2178576,13,-34927346,1691,19,89,4,True
2686719,2178576,21,-56421098,1691,19,89,5,True
2686719,2178576,31,-83288288,1691,19,89,6,True
2686719,2178576,43,-115528916,1691,19,89,7,True
2686719,2178576,57,-153142982,1691,19,89,8,True
2686719,2178576,73,-196130486,1691,19,89,9,True
2686719,2178576,91,-244491428,1691,19,89,10,True
3194359,2598544,111,-354573848,1843,19,97,-10,True
3194359,2598544,91,-290686668,1843,19,97,-9,True
3194359,2598544,73,-233188206,1843,19,97,-8,True
3194359,2598544,57,-182078462,1843,19,97,-7,True
3194359,2598544,43,-137357436,1843,19,97,-6,True
3194359,2598544,31,-99025128,1843,19,97,-5,True
3194359,2598544,21,-67081538,1843,19,97,-4,True
3194359,2598544,13,-41526666,1843,19,97,-3,True
3194359,2598544,7,-22360512,1843,19,97,-2,True
3194359,2598544,3,-9583076,1843,19,97,-1,True
3194359,2598544,1,-3194358,1843,19,97,0,True
3194359,2598544,1,-3194358,1843,19,97,1,True
3194359,2598544,3,-9583076,1843,19,97,2,True
3194359,2598544,7,-22360512,1843,19,97,3,True
3194359,2598544,13,-41526666,1843,19,97,4,True
3194359,2598544,21,-67081538,1843,19,97,5,True
3194359,2598544,31,-99025128,1843,19,97,6,True
3194359,2598544,43,-137357436,1843,19,97,7,True
3194359,2598544,57,-182078462,1843,19,97,8,True
3194359,2598544,73,-233188206,1843,19,97,9,True
3194359,2598544,91,-290686668,1843,19,97,10,True
412191,318096,111,-45753200,667,23,29,-10,True
412191,318096,91,-37509380,667,23,29,-9,True
412191,318096,73,-30089942,667,23,29,-8,True
412191,318096,57,-23494886,667,23,29,-7,True
412191,318096,43,-17724212,667,23,29,-6,True
412191,318096,31,-12777920,667,23,29,-5,True
412191,318096,21,-8656010,667,23,29,-4,True
412191,318096,13,-5358482,667,23,29,-3,True
412191,318096,7,-2885336,667,23,29,-2,True
412191,318096,3,-1236572,667,23,29,-1,True
412191,318096,1,-412190,667,23,29,0,True
412191,318096,1,-412190,667,23,29,1,True
412191,318096,3,-1236572,667,23,29,2,True
412191,318096,7,-2885336,667,23,29,3,True
412191,318096,13,-5358482,667,23,29,4,True
412191,318096,21,-8656010,667,23,29,5,True
412191,318096,31,-12777920,667,23,29,6,True
412191,318096,43,-17724212,667,23,29,7,True
412191,318096,57,-23494886,667,23,29,8,True
412191,318096,73,-30089942,667,23,29,9,True
412191,318096,91,-37509380,667,23,29,10,True
472017,367236,111,-52393886,713,23,31,-10,True
472017,367236,91,-42953546,713,23,31,-9,True
472017,367236,73,-34457240,713,23,31,-8,True
472017,367236,57,-26904968,713,23,31,-7,True
472017,367236,43,-20296730,713,23,31,-6,True
472017,367236,31,-14632526,713,23,31,-5,True
472017,367236,21,-9912356,713,23,31,-4,True
472017,367236,13,-6136220,713,23,31,-3,True
472017,367236,7,-3304118,713,23,31,-2,True
472017,367236,3,-1416050,713,23,31,-1,True
472017,367236,1,-472016,713,23,31,0,True
472017,367236,1,-472016,713,23,31,1,True
472017,367236,3,-1416050,713,23,31,2,True
472017,367236,7,-3304118,713,23,31,3,True
472017,367236,13,-6136220,713,23,31,4,True
472017,367236,21,-9912356,713,23,31,5,True
472017,367236,31,-14632526,713,23,31,6,True
472017,367236,43,-20296730,713,23,31,7,True
472017,367236,57,-26904968,713,23,31,8,True
472017,367236,73,-34457240,713,23,31,9,True
472017,367236,91,-42953546,713,23,31,10,True
675831,535824,111,-75017240,851,23,37,-10,True
675831,535824,91,-61500620,851,23,37,-9,True
675831,535824,73,-49335662,851,23,37,-8,True
675831,535824,57,-38522366,851,23,37,-7,True
675831,535824,43,-29060732,851,23,37,-6,True
675831,535824,31,-20950760,851,23,37,-5,True
675831,535824,21,-14192450,851,23,37,-4,True
675831,535824,13,-8785802,851,23,37,-3,True
675831,535824,7,-4730816,851,23,37,-2,True
675831,535824,3,-2027492,851,23,37,-1,True
675831,535824,1,-675830,851,23,37,0,True
675831,535824,1,-675830,851,23,37,1,True
675831,535824,3,-2027492,851,23,37,2,True
675831,535824,7,-4730816,851,23,37,3,True
675831,535824,13,-8785802,851,23,37,4,True
675831,535824,21,-14192450,851,23,37,5,True
675831,535824,31,-20950760,851,23,37,6,True
675831,535824,43,-29060732,851,23,37,7,True
675831,535824,57,-38522366,851,23,37,8,True
675831,535824,73,-49335662,851,23,37,9,True
675831,535824,91,-61500620,851,23,37,10,True
831987,665856,111,-92350556,943,23,41,-10,True
831987,665856,91,-75710816,943,23,41,-9,True
831987,665856,73,-60735050,943,23,41,-8,True
831987,665856,57,-47423258,943,23,41,-7,True
831987,665856,43,-35775440,943,23,41,-6,True
831987,665856,31,-25791596,943,23,41,-5,True
831987,665856,21,-17471726,943,23,41,-4,True
831987,665856,13,-10815830,943,23,41,-3,True
831987,665856,7,-5823908,943,23,41,-2,True
831987,665856,3,-2495960,943,23,41,-1,True
831987,665856,1,-831986,943,23,41,0,True
831987,665856,1,-831986,943,23,41,1,True
831987,665856,3,-2495960,943,23,41,2,True
831987,665856,7,-5823908,943,23,41,3,True
831987,665856,13,-10815830,943,23,41,4,True
831987,665856,21,-17471726,943,23,41,5,True
831987,665856,31,-25791596,943,23,41,6,True
831987,665856,43,-35775440,943,23,41,7,True
831987,665856,57,-47423258,943,23,41,8,True
831987,665856,73,-60735050,943,23,41,9,True
831987,665856,91,-75710816,943,23,41,10,True
916149,736164,111,-101692538,989,23,43,-10,True
916149,736164,91,-83369558,989,23,43,-9,True
916149,736164,73,-66878876,989,23,43,-8,True
916149,736164,57,-52220492,989,23,43,-7,True
916149,736164,43,-39394406,989,23,43,-6,True
916149,736164,31,-28400618,989,23,43,-5,True
916149,736164,21,-19239128,989,23,43,-4,True
916149,736164,13,-11909936,989,23,43,-3,True
916149,736164,7,-6413042,989,23,43,-2,True
916149,736164,3,-2748446,989,23,43,-1,True
916149,736164,1,-916148,989,23,43,0,True
916149,736164,1,-916148,989,23,43,1,True
916149,736164,3,-2748446,989,23,43,2,True
916149,736164,7,-6413042,989,23,43,3,True
916149,736164,13,-11909936,989,23,43,4,True
916149,736164,21,-19239128,989,23,43,5,True
916149,736164,31,-28400618,989,23,43,6,True
916149,736164,43,-39394406,989,23,43,7,True
916149,736164,57,-52220492,989,23,43,8,True
916149,736164,73,-66878876,989,23,43,9,True
916149,736164,91,-83369558,989,23,43,10,True
1096641,887364,111,-121727150,1081,23,47,-10,True
1096641,887364,91,-99794330,1081,23,47,-9,True
1096641,887364,73,-80054792,1081,23,47,-8,True
1096641,887364,57,-62508536,1081,23,47,-7,True
1096641,887364,43,-47155562,1081,23,47,-6,True
1096641,887364,31,-33995870,1081,23,47,-5,True
1096641,887364,21,-23029460,1081,23,47,-4,True
1096641,887364,13,-14256332,1081,23,47,-3,True
1096641,887364,7,-7676486,1081,23,47,-2,True
1096641,887364,3,-3289922,1081,23,47,-1,True
1096641,887364,1,-1096640,1081,23,47,0,True
1096641,887364,1,-1096640,1081,23,47,1,True
1096641,887364,3,-3289922,1081,23,47,2,True
1096641,887364,7,-7676486,1081,23,47,3,True
1096641,887364,13,-14256332,1081,23,47,4,True
1096641,887364,21,-23029460,1081,23,47,5,True
1096641,887364,31,-33995870,1081,23,47,6,True
1096641,887364,43,-47155562,1081,23,47,7,True
1096641,887364,57,-62508536,1081,23,47,8,True
1096641,887364,73,-80054792,1081,23,47,9,True
1096641,887364,91,-99794330,1081,23,47,10,True
1397799,1140624,111,-155155688,1219,23,53,-10,True
1397799,1140624,91,-127199708,1219,23,53,-9,True
1397799,1140624,73,-102039326,1219,23,53,-8,True
1397799,1140624,57,-79674542,1219,23,53,-7,True
1397799,1140624,43,-60105356,1219,23,53,-6,True
1397799,1140624,31,-43331768,1219,23,53,-5,True
1397799,1140624,21,-29353778,1219,23,53,-4,True
1397799,1140624,13,-18171386,1219,23,53,-3,True
1397799,1140624,7,-9784592,1219,23,53,-2,True
1397799,1140624,3,-4193396,1219,23,53,-1,True
1397799,1140624,1,-1397798,1219,23,53,0,True
1397799,1140624,1,-1397798,1219,23,53,1,True
1397799,1140624,3,-4193396,1219,23,53,2,True
1397799,1140624,7,-9784592,1219,23,53,3,True
1397799,1140624,13,-18171386,1219,23,53,4,True
1397799,1140624,21,-29353778,1219,23,53,5,True
1397799,1140624,31,-43331768,1219,23,53,6,True
1397799,1140624,43,-60105356,1219,23,53,7,True
1397799,1140624,57,-79674542,1219,23,53,8,True
1397799,1140624,73,-102039326,1219,23,53,9,True
1397799,1140624,91,-127199708,1219,23,53,10,True
1735461,1425636,111,-192636170,1357,23,59,-10,True
1735461,1425636,91,-157926950,1357,23,59,-9,True
1735461,1425636,73,-126688652,1357,23,59,-8,True
1735461,1425636,57,-98921276,1357,23,59,-7,True
1735461,1425636,43,-74624822,1357,23,59,-6,True
1735461,1425636,31,-53799290,1357,23,59,-5,True
1735461,1425636,21,-36444680,1357,23,59,-4,True
1735461,1425636,13,-22560992,1357,23,59,-3,True
1735461,1425636,7,-12148226,1357,23,59,-2,True
1735461,1425636,3,-5206382,1357,23,59,-1,True
1735461,1425636,1,-1735460,1357,23,59,0,True
1735461,1425636,1,-1735460,1357,23,59,1,True
1735461,1425636,3,-5206382,1357,23,59,2,True
1735461,1425636,7,-12148226,1357,23,59,3,True
1735461,1425636,13,-22560992,1357,23,59,4,True
1735461,1425636,21,-36444680,1357,23,59,5,True
1735461,1425636,31,-53799290,1357,23,59,6,True
1735461,1425636,43,-74624822,1357,23,59,7,True
1735461,1425636,57,-98921276,1357,23,59,8,True
1735461,1425636,73,-126688652,1357,23,59,9,True
1735461,1425636,91,-157926950,1357,23,59,10,True
1856127,1527696,111,-206030096,1403,23,61,-10,True
1856127,1527696,91,-168907556,1403,23,61,-9,True
1856127,1527696,73,-135497270,1403,23,61,-8,True
1856127,1527696,57,-105799238,1403,23,61,-7,True
1856127,1527696,43,-79813460,1403,23,61,-6,True
1856127,1527696,31,-57539936,1403,23,61,-5,True
1856127,1527696,21,-38978666,1403,23,61,-4,True
1856127,1527696,13,-24129650,1403,23,61,-3,True
1856127,1527696,7,-12992888,1403,23,61,-2,True
1856127,1527696,3,-5568380,1403,23,61,-1,True
1856127,1527696,1,-1856126,1403,23,61,0,True
1856127,1527696,1,-1856126,1403,23,61,1,True
1856127,1527696,3,-5568380,1403,23,61,2,True
1856127,1527696,7,-12992888,1403,23,61,3,True
1856127,1527696,13,-24129650,1403,23,61,4,True
1856127,1527696,21,-38978666,1403,23,61,5,True
1856127,1527696,31,-57539936,1403,23,61,6,True
1856127,1527696,43,-79813460,1403,23,61,7,True
1856127,1527696,57,-105799238,1403,23,61,8,True
1856127,1527696,73,-135497270,1403,23,61,9,True
1856127,1527696,91,-168907556,1403,23,61,10,True
2242461,1855044,111,-248913170,1541,23,67,-10,True
2242461,1855044,91,-204063950,1541,23,67,-9,True
2242461,1855044,73,-163699652,1541,23,67,-8,True
2242461,1855044,57,-127820276,1541,23,67,-7,True
2242461,1855044,43,-96425822,1541,23,67,-6,True
2242461,1855044,31,-69516290,1541,23,67,-5,True
2242461,1855044,21,-47091680,1541,23,67,-4,True
2242461,1855044,13,-29151992,1541,23,67,-3,True
2242461,1855044,7,-15697226,1541,23,67,-2,True
2242461,1855044,3,-6727382,1541,23,67,-1,True
2242461,1855044,1,-2242460,1541,23,67,0,True
2242461,1855044,1,-2242460,1541,23,67,1,True
2242461,1855044,3,-6727382,1541,23,67,2,True
2242461,1855044,7,-15697226,1541,23,67,3,True
2242461,1855044,13,-29151992,1541,23,67,4,True
2242461,1855044,21,-47091680,1541,23,67,5,True
2242461,1855044,31,-69516290,1541,23,67,6,True
2242461,1855044,43,-96425822,1541,23,67,7,True
2242461,1855044,57,-127820276,1541,23,67,8,True
2242461,1855044,73,-163699652,1541,23,67,9,True
2242461,1855044,91,-204063950,1541,23,67,10,True
2520297,2090916,111,-279752966,1633,23,71,-10,True
2520297,2090916,91,-229347026,1633,23,71,-9,True
2520297,2090916,73,-183981680,1633,23,71,-8,True
2520297,2090916,57,-143656928,1633,23,71,-7,True
2520297,2090916,43,-108372770,1633,23,71,-6,True
2520297,2090916,31,-78129206,1633,23,71,-5,True
2520297,2090916,21,-52926236,1633,23,71,-4,True
2520297,2090916,13,-32763860,1633,23,71,-3,True
2520297,2090916,7,-17642078,1633,23,71,-2,True
2520297,2090916,3,-7560890,1633,23,71,-1,True
2520297,2090916,1,-2520296,1633,23,71,0,True
2520297,2090916,1,-2520296,1633,23,71,1,True
2520297,2090916,3,-7560890,1633,23,71,2,True
2520297,2090916,7,-17642078,1633,23,71,3,True
2520297,2090916,13,-32763860,1633,23,71,4,True
2520297,2090916,21,-52926236,1633,23,71,5,True
2520297,2090916,31,-78129206,1633,23,71,6,True
2520297,2090916,43,-108372770,1633,23,71,7,True
2520297,2090916,57,-143656928,1633,23,71,8,True
2520297,2090916,73,-183981680,1633,23,71,9,True
2520297,2090916,91,-229347026,1633,23,71,10,True
2665299,2214144,111,-295848188,1679,23,73,-10,True
2665299,2214144,91,-242542208,1679,23,73,-9,True
2665299,2214144,73,-194566826,1679,23,73,-8,True
2665299,2214144,57,-151922042,1679,23,73,-7,True
2665299,2214144,43,-114607856,1679,23,73,-6,True
2665299,2214144,31,-82624268,1679,23,73,-5,True
2665299,2214144,21,-55971278,1679,23,73,-4,True
2665299,2214144,13,-34648886,1679,23,73,-3,True
2665299,2214144,7,-18657092,1679,23,73,-2,True
2665299,2214144,3,-7995896,1679,23,73,-1,True
2665299,2214144,1,-2665298,1679,23,73,0,True
2665299,2214144,1,-2665298,1679,23,73,1,True
2665299,2214144,3,-7995896,1679,23,73,2,True
2665299,2214144,7,-18657092,1679,23,73,3,True
2665299,2214144,13,-34648886,1679,23,73,4,True
2665299,2214144,21,-55971278,1679,23,73,5,True
2665299,2214144,31,-82624268,1679,23,73,6,True
2665299,2214144,43,-114607856,1679,23,73,7,True
2665299,2214144,57,-151922042,1679,23,73,8,True
2665299,2214144,73,-194566826,1679,23,73,9,True
2665299,2214144,91,-242542208,1679,23,73,10,True
3124641,2604996,111,-346835150,1817,23,79,-10,True
3124641,2604996,91,-284342330,1817,23,79,-9,True
3124641,2604996,73,-228098792,1817,23,79,-8,True
3124641,2604996,57,-178104536,1817,23,79,-7,True
3124641,2604996,43,-134359562,1817,23,79,-6,True
3124641,2604996,31,-96863870,1817,23,79,-5,True
3124641,2604996,21,-65617460,1817,23,79,-4,True
3124641,2604996,13,-40620332,1817,23,79,-3,True
3124641,2604996,7,-21872486,1817,23,79,-2,True
3124641,2604996,3,-9373922,1817,23,79,-1,True
3124641,2604996,1,-3124640,1817,23,79,0,True
3124641,2604996,1,-3124640,1817,23,79,1,True
3124641,2604996,3,-9373922,1817,23,79,2,True
3124641,2604996,7,-21872486,1817,23,79,3,True
3124641,2604996,13,-40620332,1817,23,79,4,True
3124641,2604996,21,-65617460,1817,23,79,5,True
3124641,2604996,31,-96863870,1817,23,79,6,True
3124641,2604996,43,-134359562,1817,23,79,7,True
3124641,2604996,57,-178104536,1817,23,79,8,True
3124641,2604996,73,-228098792,1817,23,79,9,True
3124641,2604996,91,-284342330,1817,23,79,10,True
3451149,2883204,111,-383077538,1909,23,83,-10,True
3451149,2883204,91,-314054558,1909,23,83,-9,True
3451149,2883204,73,-251933876,1909,23,83,-8,True
3451149,2883204,57,-196715492,1909,23,83,-7,True
3451149,2883204,43,-148399406,1909,23,83,-6,True
3451149,2883204,31,-106985618,1909,23,83,-5,True
3451149,2883204,21,-72474128,1909,23,83,-4,True
3451149,2883204,13,-44864936,1909,23,83,-3,True
3451149,2883204,7,-24158042,1909,23,83,-2,True
3451149,2883204,3,-10353446,1909,23,83,-1,True
3451149,2883204,1,-3451148,1909,23,83,0,True
3451149,2883204,1,-3451148,1909,23,83,1,True
3451149,2883204,3,-10353446,1909,23,83,2,True
3451149,2883204,7,-24158042,1909,23,83,3,True
3451149,2883204,13,-44864936,1909,23,83,4,True
3451149,2883204,21,-72474128,1909,23,83,5,True
3451149,2883204,31,-106985618,1909,23,83,6,True
3451149,2883204,43,-148399406,1909,23,83,7,True
3451149,2883204,57,-196715492,1909,23,83,8,True
3451149,2883204,73,-251933876,1909,23,83,9,True
3451149,2883204,91,-314054558,1909,23,83,10,True
3971331,3326976,111,-440817740,2047,23,89,-10,True
3971331,3326976,91,-361391120,2047,23,89,-9,True
3971331,3326976,73,-289907162,2047,23,89,-8,True
3971331,3326976,57,-226365866,2047,23,89,-7,True
3971331,3326976,43,-170767232,2047,23,89,-6,True
3971331,3326976,31,-123111260,2047,23,89,-5,True
3971331,3326976,21,-83397950,2047,23,89,-4,True
3971331,3326976,13,-51627302,2047,23,89,-3,True
3971331,3326976,7,-27799316,2047,23,89,-2,True
3971331,3326976,3,-11913992,2047,23,89,-1,True
3971331,3326976,1,-3971330,2047,23,89,0,True
3971331,3326976,1,-3971330,2047,23,89,1,True
3971331,3326976,3,-11913992,2047,23,89,2,True
3971331,3326976,7,-27799316,2047,23,89,3,True
3971331,3326976,13,-51627302,2047,23,89,4,True
3971331,3326976,21,-83397950,2047,23,89,5,True
3971331,3326976,31,-123111260,2047,23,89,6,True
3971331,3326976,43,-170767232,2047,23,89,7,True
3971331,3326976,57,-226365866,2047,23,89,8,True
3971331,3326976,73,-289907162,2047,23,89,9,True
3971331,3326976,91,-361391120,2047,23,89,10,True
4721691,3968064,111,-524107700,2231,23,97,-10,True
4721691,3968064,91,-429673880,2231,23,97,-9,True
4721691,3968064,73,-344683442,2231,23,97,-8,True
4721691,3968064,57,-269136386,2231,23,97,-7,True
4721691,3968064,43,-203032712,2231,23,97,-6,True
4721691,3968064,31,-146372420,2231,23,97,-5,True
4721691,3968064,21,-99155510,2231,23,97,-4,True
4721691,3968064,13,-61381982,2231,23,97,-3,True
4721691,3968064,7,-33051836,2231,23,97,-2,True
4721691,3968064,3,-14165072,2231,23,97,-1,True
4721691,3968064,1,-4721690,2231,23,97,0,True
4721691,3968064,1,-4721690,2231,23,97,1,True
4721691,3968064,3,-14165072,2231,23,97,2,True
4721691,3968064,7,-33051836,2231,23,97,3,True
4721691,3968064,13,-61381982,2231,23,97,4,True
4721691,3968064,21,-99155510,2231,23,97,5,True
4721691,3968064,31,-146372420,2231,23,97,6,True
4721691,3968064,43,-203032712,2231,23,97,7,True
4721691,3968064,57,-269136386,2231,23,97,8,True
4721691,3968064,73,-344683442,2231,23,97,9,True
4721691,3968064,91,-429673880,2231,23,97,10,True
756903,608400,111,-84016232,899,29,31,-10,True
756903,608400,91,-68878172,899,29,31,-9,True
756903,608400,73,-55253918,899,29,31,-8,True
756903,608400,57,-43143470,899,29,31,-7,True
756903,608400,43,-32546828,899,29,31,-6,True
756903,608400,31,-23463992,899,29,31,-5,True
756903,608400,21,-15894962,899,29,31,-4,True
756903,608400,13,-9839738,899,29,31,-3,True
756903,608400,7,-5298320,899,29,31,-2,True
756903,608400,3,-2270708,899,29,31,-1,True
756903,608400,1,-756902,899,29,31,0,True
756903,608400,1,-756902,899,29,31,1,True
756903,608400,3,-2270708,899,29,31,2,True
756903,608400,7,-5298320,899,29,31,3,True
756903,608400,13,-9839738,899,29,31,4,True
756903,608400,21,-15894962,899,29,31,5,True
756903,608400,31,-23463992,899,29,31,6,True
756903,608400,43,-32546828,899,29,31,7,True
756903,608400,57,-43143470,899,29,31,8,True
756903,608400,73,-55253918,899,29,31,9,True
756903,608400,91,-68878172,899,29,31,10,True
1083729,887364,111,-120293918,1073,29,37,-10,True
1083729,887364,91,-98619338,1073,29,37,-9,True
1083729,887364,73,-79112216,1073,29,37,-8,True
1083729,887364,57,-61772552,1073,29,37,-7,True
1083729,887364,43,-46600346,1073,29,37,-6,True
1083729,887364,31,-33595598,1073,29,37,-5,True
1083729,887364,21,-22758308,1073,29,37,-4,True
1083729,887364,13,-14088476,1073,29,37,-3,True
1083729,887364,7,-7586102,1073,29,37,-2,True
1083729,887364,3,-3251186,1073,29,37,-1,True
1083729,887364,1,-1083728,1073,29,37,0,True
1083729,887364,1,-1083728,1073,29,37,1,True
1083729,887364,3,-3251186,1073,29,37,2,True
1083729,887364,7,-7586102,1073,29,37,3,True
1083729,887364,13,-14088476,1073,29,37,4,True
1083729,887364,21,-22758308,1073,29,37,5,True
1083729,887364,31,-33595598,1073,29,37,6,True
1083729,887364,43,-46600346,1073,29,37,7,True
1083729,887364,57,-61772552,1073,29,37,8,True
1083729,887364,73,-79112216,1073,29,37,9,True
1083729,887364,91,-98619338,1073,29,37,10,True
1334133,1102500,111,-148088762,1189,29,41,-10,True
1334133,1102500,91,-121406102,1189,29,41,-9,True
1334133,1102500,73,-97391708,1189,29,41,-8,True
1334133,1102500,57,-76045580,1189,29,41,-7,True
1334133,1102500,43,-57367718,1189,29,41,-6,True
1334133,1102500,31,-41358122,1189,29,41,-5,True
1334133,1102500,21,-28016792,1189,29,41,-4,True
1334133,1102500,13,-17343728,1189,29,41,-3,True
1334133,1102500,7,-9338930,1189,29,41,-2,True
1334133,1102500,3,-4002398,1189,29,41,-1,True
1334133,1102500,1,-1334132,1189,29,41,0,True
1334133,1102500,1,-1334132,1189,29,41,1,True
1334133,1102500,3,-4002398,1189,29,41,2,True
1334133,1102500,7,-9338930,1189,29,41,3,True
1334133,1102500,13,-17343728,1189,29,41,4,True
1334133,1102500,21,-28016792,1189,29,41,5,True
1334133,1102500,31,-41358122,1189,29,41,6,True
1334133,1102500,43,-57367718,1189,29,41,7,True
1334133,1102500,57,-76045580,1189,29,41,8,True
1334133,1102500,73,-97391708,1189,29,41,9,True
1334133,1102500,91,-121406102,1189,29,41,10,True
1469091,1218816,111,-163069100,1247,29,43,-10,True
1469091,1218816,91,-133687280,1247,29,43,-9,True
1469091,1218816,73,-107243642,1247,29,43,-8,True
1469091,1218816,57,-83738186,1247,29,43,-7,True
1469091,1218816,43,-63170912,1247,29,43,-6,True
1469091,1218816,31,-45541820,1247,29,43,-5,True
1469091,1218816,21,-30850910,1247,29,43,-4,True
1469091,1218816,13,-19098182,1247,29,43,-3,True
1469091,1218816,7,-10283636,1247,29,43,-2,True
1469091,1218816,3,-4407272,1247,29,43,-1,True
1469091,1218816,1,-1469090,1247,29,43,0,True
1469091,1218816,1,-1469090,1247,29,43,1,True
1469091,1218816,3,-4407272,1247,29,43,2,True
1469091,1218816,7,-10283636,1247,29,43,3,True
1469091,1218816,13,-19098182,1247,29,43,4,True
1469091,1218816,21,-30850910,1247,29,43,5,True
1469091,1218816,31,-45541820,1247,29,43,6,True
1469091,1218816,43,-63170912,1247,29,43,7,True
1469091,1218816,57,-83738186,1247,29,43,8,True
1469091,1218816,73,-107243642,1247,29,43,9,True
1469091,1218816,91,-133687280,1247,29,43,10,True
1758519,1468944,111,-195195608,1363,29,47,-10,True
1758519,1468944,91,-160025228,1363,29,47,-9,True
1758519,1468944,73,-128371886,1363,29,47,-8,True
1758519,1468944,57,-100235582,1363,29,47,-7,True
1758519,1468944,43,-75616316,1363,29,47,-6,True
1758519,1468944,31,-54514088,1363,29,47,-5,True
1758519,1468944,21,-36928898,1363,29,47,-4,True
1758519,1468944,13,-22860746,1363,29,47,-3,True
1758519,1468944,7,-12309632,1363,29,47,-2,True
1758519,1468944,3,-5275556,1363,29,47,-1,True
1758519,1468944,1,-1758518,1363,29,47,0,True
1758519,1468944,1,-1758518,1363,29,47,1,True
1758519,1468944,3,-5275556,1363,29,47,2,True
1758519,1468944,7,-12309632,1363,29,47,3,True
1758519,1468944,13,-22860746,1363,29,47,4,True
1758519,1468944,21,-36928898,1363,29,47,5,True
1758519,1468944,31,-54514088,1363,29,47,6,True
1758519,1468944,43,-75616316,1363,29,47,7,True
1758519,1468944,57,-100235582,1363,29,47,8,True
1758519,1468944,73,-128371886,1363,29,47,9,True
1758519,1468944,91,-160025228,1363,29,47,10,True
2241441,1887876,111,-248799950,1537,29,53,-10,True
2241441,1887876,91,-203971130,1537,29,53,-9,True
2241441,1887876,73,-163625192,1537,29,53,-8,True
2241441,1887876,57,-127762136,1537,29,53,-7,True
2241441,1887876,43,-96381962,1537,29,53,-6,True
2241441,1887876,31,-69484670,1537,29,53,-5,True
2241441,1887876,21,-47070260,1537,29,53,-4,True
2241441,1887876,13,-29138732,1537,29,53,-3,True
2241441,1887876,7,-15690086,1537,29,53,-2,True
2241441,1887876,3,-6724322,1537,29,53,-1,True
2241441,1887876,1,-2241440,1537,29,53,0,True
2241441,1887876,1,-2241440,1537,29,53,1,True
2241441,1887876,3,-6724322,1537,29,53,2,True
2241441,1887876,7,-15690086,1537,29,53,3,True
2241441,1887876,13,-29138732,1537,29,53,4,True
2241441,1887876,21,-47070260,1537,29,53,5,True
2241441,1887876,31,-69484670,1537,29,53,6,True
2241441,1887876,43,-96381962,1537,29,53,7,True
2241441,1887876,57,-127762136,1537,29,53,8,True
2241441,1887876,73,-163625192,1537,29,53,9,True
2241441,1887876,91,-203971130,1537,29,53,10,True
2782899,2359296,111,-308901788,1711,29,59,-10,True
2782899,2359296,91,-253243808,1711,29,59,-9,True
2782899,2359296,73,-203151626,1711,29,59,-8,True
2782899,2359296,57,-158625242,1711,29,59,-7,True
2782899,2359296,43,-119664656,1711,29,59,-6,True
2782899,2359296,31,-86269868,1711,29,59,-5,True
2782899,2359296,21,-58440878,1711,29,59,-4,True
2782899,2359296,13,-36177686,1711,29,59,-3,True
2782899,2359296,7,-19480292,1711,29,59,-2,True
2782899,2359296,3,-8348696,1711,29,59,-1,True
2782899,2359296,1,-2782898,1711,29,59,0,True
2782899,2359296,1,-2782898,1711,29,59,1,True
2782899,2359296,3,-8348696,1711,29,59,2,True
2782899,2359296,7,-19480292,1711,29,59,3,True
2782899,2359296,13,-36177686,1711,29,59,4,True
2782899,2359296,21,-58440878,1711,29,59,5,True
2782899,2359296,31,-86269868,1711,29,59,6,True
2782899,2359296,43,-119664656,1711,29,59,7,True
2782899,2359296,57,-158625242,1711,29,59,8,True
2782899,2359296,73,-203151626,1711,29,59,9,True
2782899,2359296,91,-253243808,1711,29,59,10,True
2976393,2528100,111,-330379622,1769,29,61,-10,True
2976393,2528100,91,-270851762,1769,29,61,-9,True
2976393,2528100,73,-217276688,1769,29,61,-8,True
2976393,2528100,57,-169654400,1769,29,61,-7,True
2976393,2528100,43,-127984898,1769,29,61,-6,True
2976393,2528100,31,-92268182,1769,29,61,-5,True
2976393,2528100,21,-62504252,1769,29,61,-4,True
2976393,2528100,13,-38693108,1769,29,61,-3,True
2976393,2528100,7,-20834750,1769,29,61,-2,True
2976393,2528100,3,-8929178,1769,29,61,-1,True
2976393,2528100,1,-2976392,1769,29,61,0,True
2976393,2528100,1,-2976392,1769,29,61,1,True
2976393,2528100,3,-8929178,1769,29,61,2,True
2976393,2528100,7,-20834750,1769,29,61,3,True
2976393,2528100,13,-38693108,1769,29,61,4,True
2976393,2528100,21,-62504252,1769,29,61,5,True
2976393,2528100,31,-92268182,1769,29,61,6,True
2976393,2528100,43,-127984898,1769,29,61,7,True
2976393,2528100,57,-169654400,1769,29,61,8,True
2976393,2528100,73,-217276688,1769,29,61,9,True
2976393,2528100,91,-270851762,1769,29,61,10,True
3595899,3069504,111,-399144788,1943,29,67,-10,True
3595899,3069504,91,-327226808,1943,29,67,-9,True
3595899,3069504,73,-262500626,1943,29,67,-8,True
3595899,3069504,57,-204966242,1943,29,67,-7,True
3595899,3069504,43,-154623656,1943,29,67,-6,True
3595899,3069504,31,-111472868,1943,29,67,-5,True
3595899,3069504,21,-75513878,1943,29,67,-4,True
3595899,3069504,13,-46746686,1943,29,67,-3,True
3595899,3069504,7,-25171292,1943,29,67,-2,True
3595899,3069504,3,-10787696,1943,29,67,-1,True
3595899,3069504,1,-3595898,1943,29,67,0,True
3595899,3069504,1,-3595898,1943,29,67,1,True
3595899,3069504,3,-10787696,1943,29,67,2,True
3595899,3069504,7,-25171292,1943,29,67,3,True
3595899,3069504,13,-46746686,1943,29,67,4,True
3595899,3069504,21,-75513878,1943,29,67,5,True
3595899,3069504,31,-111472868,1943,29,67,6,True
3595899,3069504,43,-154623656,1943,29,67,7,True
3595899,3069504,57,-204966242,1943,29,67,8,True
3595899,3069504,73,-262500626,1943,29,67,9,True
3595899,3069504,91,-327226808,1943,29,67,10,True
4041423,3459600,111,-448597952,2059,29,71,-10,True
4041423,3459600,91,-367769492,2059,29,71,-9,True
4041423,3459600,73,-295023878,2059,29,71,-8,True
4041423,3459600,57,-230361110,2059,29,71,-7,True
4041423,3459600,43,-173781188,2059,29,71,-6,True
4041423,3459600,31,-125284112,2059,29,71,-5,True
4041423,3459600,21,-84869882,2059,29,71,-4,True
4041423,3459600,13,-52538498,2059,29,71,-3,True
4041423,3459600,7,-28289960,2059,29,71,-2,True
4041423,3459600,3,-12124268,2059,29,71,-1,True
4041423,3459600,1,-4041422,2059,29,71,0,True
4041423,3459600,1,-4041422,2059,29,71,1,True
4041423,3459600,3,-12124268,2059,29,71,2,True
4041423,3459600,7,-28289960,2059,29,71,3,True
4041423,3459600,13,-52538498,2059,29,71,4,True
4041423,3459600,21,-84869882,2059,29,71,5,True
4041423,3459600,31,-125284112,2059,29,71,6,True
4041423,3459600,43,-173781188,2059,29,71,7,True
4041423,3459600,57,-230361110,2059,29,71,8,True
4041423,3459600,73,-295023878,2059,29,71,9,True
4041423,3459600,91,-367769492,2059,29,71,10,True
4273941,3663396,111,-474407450,2117,29,73,-10,True
4273941,3663396,91,-388928630,2117,29,73,-9,True
4273941,3663396,73,-311997692,2117,29,73,-8,True
4273941,3663396,57,-243614636,2117,29,73,-7,True
4273941,3663396,43,-183779462,2117,29,73,-6,True
4273941,3663396,31,-132492170,2117,29,73,-5,True
4273941,3663396,21,-89752760,2117,29,73,-4,True
4273941,3663396,13,-55561232,2117,29,73,-3,True
4273941,3663396,7,-29917586,2117,29,73,-2,True
4273941,3663396,3,-12821822,2117,29,73,-1,True
4273941,3663396,1,-4273940,2117,29,73,0,True
4273941,3663396,1,-4273940,2117,29,73,1,True
4273941,3663396,3,-12821822,2117,29,73,2,True
4273941,3663396,7,-29917586,2117,29,73,3,True
4273941,3663396,13,-55561232,2117,29,73,4,True
4273941,3663396,21,-89752760,2117,29,73,5,True
4273941,3663396,31,-132492170,2117,29,73,6,True
4273941,3663396,43,-183779462,2117,29,73,7,True
4273941,3663396,57,-243614636,2117,29,73,8,True
4273941,3663396,73,-311997692,2117,29,73,9,True
4273941,3663396,91,-388928630,2117,29,73,10,True
5010519,4309776,111,-556167608,2291,29,79,-10,True
5010519,4309776,91,-455957228,2291,29,79,-9,True
5010519,4309776,73,-365767886,2291,29,79,-8,True
5010519,4309776,57,-285599582,2291,29,79,-7,True
5010519,4309776,43,-215452316,2291,29,79,-6,True
5010519,4309776,31,-155326088,2291,29,79,-5,True
5010519,4309776,21,-105220898,2291,29,79,-4,True
5010519,4309776,13,-65136746,2291,29,79,-3,True
5010519,4309776,7,-35073632,2291,29,79,-2,True
5010519,4309776,3,-15031556,2291,29,79,-1,True
5010519,4309776,1,-5010518,2291,29,79,0,True
5010519,4309776,1,-5010518,2291,29,79,1,True
5010519,4309776,3,-15031556,2291,29,79,2,True
5010519,4309776,7,-35073632,2291,29,79,3,True
5010519,4309776,13,-65136746,2291,29,79,4,True
5010519,4309776,21,-105220898,2291,29,79,5,True
5010519,4309776,31,-155326088,2291,29,79,6,True
5010519,4309776,43,-215452316,2291,29,79,7,True
5010519,4309776,57,-285599582,2291,29,79,8,True
5010519,4309776,73,-365767886,2291,29,79,9,True
5010519,4309776,91,-455957228,2291,29,79,10,True
5534091,4769856,111,-614284100,2407,29,83,-10,True
5534091,4769856,91,-503602280,2407,29,83,-9,True
5534091,4769856,73,-403988642,2407,29,83,-8,True
5534091,4769856,57,-315443186,2407,29,83,-7,True
5534091,4769856,43,-237965912,2407,29,83,-6,True
5534091,4769856,31,-171556820,2407,29,83,-5,True
5534091,4769856,21,-116215910,2407,29,83,-4,True
5534091,4769856,13,-71943182,2407,29,83,-3,True
5534091,4769856,7,-38738636,2407,29,83,-2,True
5534091,4769856,3,-16602272,2407,29,83,-1,True
5534091,4769856,1,-5534090,2407,29,83,0,True
5534091,4769856,1,-5534090,2407,29,83,1,True
5534091,4769856,3,-16602272,2407,29,83,2,True
5534091,4769856,7,-38738636,2407,29,83,3,True
5534091,4769856,13,-71943182,2407,29,83,4,True
5534091,4769856,21,-116215910,2407,29,83,5,True
5534091,4769856,31,-171556820,2407,29,83,6,True
5534091,4769856,43,-237965912,2407,29,83,7,True
5534091,4769856,57,-315443186,2407,29,83,8,True
5534091,4769856,73,-403988642,2407,29,83,9,True
5534091,4769856,91,-503602280,2407,29,83,10,True
6368229,5503716,111,-706873418,2581,29,89,-10,True
6368229,5503716,91,-579508838,2581,29,89,-9,True
6368229,5503716,73,-464880716,2581,29,89,-8,True
6368229,5503716,57,-362989052,2581,29,89,-7,True
6368229,5503716,43,-273833846,2581,29,89,-6,True
6368229,5503716,31,-197415098,2581,29,89,-5,True
6368229,5503716,21,-133732808,2581,29,89,-4,True
6368229,5503716,13,-82786976,2581,29,89,-3,True
6368229,5503716,7,-44577602,2581,29,89,-2,True
6368229,5503716,3,-19104686,2581,29,89,-1,True
6368229,5503716,1,-6368228,2581,29,89,0,True
6368229,5503716,1,-6368228,2581,29,89,1,True
6368229,5503716,3,-19104686,2581,29,89,2,True
6368229,5503716,7,-44577602,2581,29,89,3,True
6368229,5503716,13,-82786976,2581,29,89,4,True
6368229,5503716,21,-133732808,2581,29,89,5,True
6368229,5503716,31,-197415098,2581,29,89,6,True
6368229,5503716,43,-273833846,2581,29,89,7,True
6368229,5503716,57,-362989052,2581,29,89,8,True
6368229,5503716,73,-464880716,2581,29,89,9,True
6368229,5503716,91,-579508838,2581,29,89,10,True
7571469,6563844,111,-840433058,2813,29,97,-10,True
7571469,6563844,91,-689003678,2813,29,97,-9,True
7571469,6563844,73,-552717236,2813,29,97,-8,True
7571469,6563844,57,-431573732,2813,29,97,-7,True
7571469,6563844,43,-325573166,2813,29,97,-6,True
7571469,6563844,31,-234715538,2813,29,97,-5,True
7571469,6563844,21,-159000848,2813,29,97,-4,True
7571469,6563844,13,-98429096,2813,29,97,-3,True
7571469,6563844,7,-53000282,2813,29,97,-2,True
7571469,6563844,3,-22714406,2813,29,97,-1,True
7571469,6563844,1,-7571468,2813,29,97,0,True
7571469,6563844,1,-7571468,2813,29,97,1,True
7571469,6563844,3,-22714406,2813,29,97,2,True
7571469,6563844,7,-53000282,2813,29,97,3,True
7571469,6563844,13,-98429096,2813,29,97,4,True
7571469,6563844,21,-159000848,2813,29,97,5,True
7571469,6563844,31,-234715538,2813,29,97,6,True
7571469,6563844,43,-325573166,2813,29,97,7,True
7571469,6563844,57,-431573732,2813,29,97,8,True
7571469,6563844,73,-552717236,2813,29,97,9,True
7571469,6563844,91,-689003678,2813,29,97,10,True
1241023,1024144,111,-137753552,1147,31,37,-10,True
1241023,1024144,91,-112933092,1147,31,37,-9,True
1241023,1024144,73,-90594678,1147,31,37,-8,True
1241023,1024144,57,-70738310,1147,31,37,-7,True
1241023,1024144,43,-53363988,1147,31,37,-6,True
1241023,1024144,31,-38471712,1147,31,37,-5,True
1241023,1024144,21,-26061482,1147,31,37,-4,True
1241023,1024144,13,-16133298,1147,31,37,-3,True
1241023,1024144,7,-8687160,1147,31,37,-2,True
1241023,1024144,3,-3723068,1147,31,37,-1,True
1241023,1024144,1,-1241022,1147,31,37,0,True
1241023,1024144,1,-1241022,1147,31,37,1,True
1241023,1024144,3,-3723068,1147,31,37,2,True
1241023,1024144,7,-8687160,1147,31,37,3,True
1241023,1024144,13,-16133298,1147,31,37,4,True
1241023,1024144,21,-26061482,1147,31,37,5,True
1241023,1024144,31,-38471712,1147,31,37,6,True
1241023,1024144,43,-53363988,1147,31,37,7,True
1241023,1024144,57,-70738310,1147,31,37,8,True
1241023,1024144,73,-90594678,1147,31,37,9,True
1241023,1024144,91,-112933092,1147,31,37,10,True
1527771,1272384,111,-169582580,1271,31,41,-10,True
1527771,1272384,91,-139027160,1271,31,41,-9,True
1527771,1272384,73,-111527282,1271,31,41,-8,True
1527771,1272384,57,-87082946,1271,31,41,-7,True
1527771,1272384,43,-65694152,1271,31,41,-6,True
1527771,1272384,31,-47360900,1271,31,41,-5,True
1527771,1272384,21,-32083190,1271,31,41,-4,True
1527771,1272384,13,-19861022,1271,31,41,-3,True
1527771,1272384,7,-10694396,1271,31,41,-2,True
1527771,1272384,3,-4583312,1271,31,41,-1,True
1527771,1272384,1,-1527770,1271,31,41,0,True
1527771,1272384,1,-1527770,1271,31,41,1,True
1527771,1272384,3,-4583312,1271,31,41,2,True
1527771,1272384,7,-10694396,1271,31,41,3,True
1527771,1272384,13,-19861022,1271,31,41,4,True
1527771,1272384,21,-32083190,1271,31,41,5,True
1527771,1272384,31,-47360900,1271,31,41,6,True
1527771,1272384,43,-65694152,1271,31,41,7,True
1527771,1272384,57,-87082946,1271,31,41,8,True
1527771,1272384,73,-111527282,1271,31,41,9,True
1527771,1272384,91,-139027160,1271,31,41,10,True
1682317,1406596,111,-186737186,1333,31,43,-10,True
1682317,1406596,91,-153090846,1333,31,43,-9,True
1682317,1406596,73,-122809140,1333,31,43,-8,True
1682317,1406596,57,-95892068,1333,31,43,-7,True
1682317,1406596,43,-72339630,1333,31,43,-6,True
1682317,1406596,31,-52151826,1333,31,43,-5,True
1682317,1406596,21,-35328656,1333,31,43,-4,True
1682317,1406596,13,-21870120,1333,31,43,-3,True
1682317,1406596,7,-11776218,1333,31,43,-2,True
1682317,1406596,3,-5046950,1333,31,43,-1,True
1682317,1406596,1,-1682316,1333,31,43,0,True
1682317,1406596,1,-1682316,1333,31,43,1,True
1682317,1406596,3,-5046950,1333,31,43,2,True
1682317,1406596,7,-11776218,1333,31,43,3,True
1682317,1406596,13,-21870120,1333,31,43,4,True
1682317,1406596,21,-35328656,1333,31,43,5,True
1682317,1406596,31,-52151826,1333,31,43,6,True
1682317,1406596,43,-72339630,1333,31,43,7,True
1682317,1406596,57,-95892068,1333,31,43,8,True
1682317,1406596,73,-122809140,1333,31,43,9,True
1682317,1406596,91,-153090846,1333,31,43,10,True
2013753,1695204,111,-223526582,1457,31,47,-10,True
2013753,1695204,91,-183251522,1457,31,47,-9,True
2013753,1695204,73,-147003968,1457,31,47,-8,True
2013753,1695204,57,-114783920,1457,31,47,-7,True
2013753,1695204,43,-86591378,1457,31,47,-6,True
2013753,1695204,31,-62426342,1457,31,47,-5,True
2013753,1695204,21,-42288812,1457,31,47,-4,True
2013753,1695204,13,-26178788,1457,31,47,-3,True
2013753,1695204,7,-14096270,1457,31,47,-2,True
2013753,1695204,3,-6041258,1457,31,47,-1,True
2013753,1695204,1,-2013752,1457,31,47,0,True
2013753,1695204,1,-2013752,1457,31,47,1,True
2013753,1695204,3,-6041258,1457,31,47,2,True
2013753,1695204,7,-14096270,1457,31,47,3,True
2013753,1695204,13,-26178788,1457,31,47,4,True
2013753,1695204,21,-42288812,1457,31,47,5,True
2013753,1695204,31,-62426342,1457,31,47,6,True
2013753,1695204,43,-86591378,1457,31,47,7,True
2013753,1695204,57,-114783920,1457,31,47,8,True
2013753,1695204,73,-147003968,1457,31,47,9,True
2013753,1695204,91,-183251522,1457,31,47,10,True
2566767,2178576,111,-284911136,1643,31,53,-10,True
2566767,2178576,91,-233575796,1643,31,53,-9,True
2566767,2178576,73,-187373990,1643,31,53,-8,True
2566767,2178576,57,-146305718,1643,31,53,-7,True
2566767,2178576,43,-110370980,1643,31,53,-6,True
2566767,2178576,31,-79569776,1643,31,53,-5,True
2566767,2178576,21,-53902106,1643,31,53,-4,True
2566767,2178576,13,-33367970,1643,31,53,-3,True
2566767,2178576,7,-17967368,1643,31,53,-2,True
2566767,2178576,3,-7700300,1643,31,53,-1,True
2566767,2178576,1,-2566766,1643,31,53,0,True
2566767,2178576,1,-2566766,1643,31,53,1,True
2566767,2178576,3,-7700300,1643,31,53,2,True
2566767,2178576,7,-17967368,1643,31,53,3,True
2566767,2178576,13,-33367970,1643,31,53,4,True
2566767,2178576,21,-53902106,1643,31,53,5,True
2566767,2178576,31,-79569776,1643,31,53,6,True
2566767,2178576,43,-110370980,1643,31,53,7,True
2566767,2178576,57,-146305718,1643,31,53,8,True
2566767,2178576,73,-187373990,1643,31,53,9,True
2566767,2178576,91,-233575796,1643,31,53,10,True
3186813,2722500,111,-353736242,1829,31,59,-10,True
3186813,2722500,91,-289999982,1829,31,59,-9,True
3186813,2722500,73,-232637348,1829,31,59,-8,True
3186813,2722500,57,-181648340,1829,31,59,-7,True
3186813,2722500,43,-137032958,1829,31,59,-6,True
3186813,2722500,31,-98791202,1829,31,59,-5,True
3186813,2722500,21,-66923072,1829,31,59,-4,True
3186813,2722500,13,-41428568,1829,31,59,-3,True
3186813,2722500,7,-22307690,1829,31,59,-2,True
3186813,2722500,3,-9560438,1829,31,59,-1,True
3186813,2722500,1,-3186812,1829,31,59,0,True
3186813,2722500,1,-3186812,1829,31,59,1,True
3186813,2722500,3,-9560438,1829,31,59,2,True
3186813,2722500,7,-22307690,1829,31,59,3,True
3186813,2722500,13,-41428568,1829,31,59,4,True
3186813,2722500,21,-66923072,1829,31,59,5,True
3186813,2722500,31,-98791202,1829,31,59,6,True
3186813,2722500,43,-137032958,1829,31,59,7,True
3186813,2722500,57,-181648340,1829,31,59,8,True
3186813,2722500,73,-232637348,1829,31,59,9,True
3186813,2722500,91,-289999982,1829,31,59,10,True
3408391,2917264,111,-378331400,1891,31,61,-10,True
3408391,2917264,91,-310163580,1891,31,61,-9,True
3408391,2917264,73,-248812542,1891,31,61,-8,True
3408391,2917264,57,-194278286,1891,31,61,-7,True
3408391,2917264,43,-146560812,1891,31,61,-6,True
3408391,2917264,31,-105660120,1891,31,61,-5,True
3408391,2917264,21,-71576210,1891,31,61,-4,True
3408391,2917264,13,-44309082,1891,31,61,-3,True
3408391,2917264,7,-23858736,1891,31,61,-2,True
3408391,2917264,3,-10225172,1891,31,61,-1,True
3408391,2917264,1,-3408390,1891,31,61,0,True
3408391,2917264,1,-3408390,1891,31,61,1,True
3408391,2917264,3,-10225172,1891,31,61,2,True
3408391,2917264,7,-23858736,1891,31,61,3,True
3408391,2917264,13,-44309082,1891,31,61,4,True
3408391,2917264,21,-71576210,1891,31,61,5,True
3408391,2917264,31,-105660120,1891,31,61,6,True
3408391,2917264,43,-146560812,1891,31,61,7,True
3408391,2917264,57,-194278286,1891,31,61,8,True
3408391,2917264,73,-248812542,1891,31,61,9,True
3408391,2917264,91,-310163580,1891,31,61,10,True
4117813,3541924,111,-457077242,2077,31,67,-10,True
4117813,3541924,91,-374720982,2077,31,67,-9,True
4117813,3541924,73,-300600348,2077,31,67,-8,True
4117813,3541924,57,-234715340,2077,31,67,-7,True
4117813,3541924,43,-177065958,2077,31,67,-6,True
4117813,3541924,31,-127652202,2077,31,67,-5,True
4117813,3541924,21,-86474072,2077,31,67,-4,True
4117813,3541924,13,-53531568,2077,31,67,-3,True
4117813,3541924,7,-28824690,2077,31,67,-2,True
4117813,3541924,3,-12353438,2077,31,67,-1,True
4117813,3541924,1,-4117812,2077,31,67,0,True
4117813,3541924,1,-4117812,2077,31,67,1,True
4117813,3541924,3,-12353438,2077,31,67,2,True
4117813,3541924,7,-28824690,2077,31,67,3,True
4117813,3541924,13,-53531568,2077,31,67,4,True
4117813,3541924,21,-86474072,2077,31,67,5,True
4117813,3541924,31,-127652202,2077,31,67,6,True
4117813,3541924,43,-177065958,2077,31,67,7,True
4117813,3541924,57,-234715340,2077,31,67,8,True
4117813,3541924,73,-300600348,2077,31,67,9,True
4117813,3541924,91,-374720982,2077,31,67,10,True
4628001,3992004,111,-513708110,2201,31,71,-10,True
4628001,3992004,91,-421148090,2201,31,71,-9,True
4628001,3992004,73,-337844072,2201,31,71,-8,True
4628001,3992004,57,-263796056,2201,31,71,-7,True
4628001,3992004,43,-199004042,2201,31,71,-6,True
4628001,3992004,31,-143468030,2201,31,71,-5,True
4628001,3992004,21,-97188020,2201,31,71,-4,True
4628001,3992004,13,-60164012,2201,31,71,-3,True
4628001,3992004,7,-32396006,2201,31,71,-2,True
4628001,3992004,3,-13884002,2201,31,71,-1,True
4628001,3992004,1,-4628000,2201,31,71,0,True
4628001,3992004,1,-4628000,2201,31,71,1,True
4628001,3992004,3,-13884002,2201,31,71,2,True
4628001,3992004,7,-32396006,2201,31,71,3,True
4628001,3992004,13,-60164012,2201,31,71,4,True
4628001,3992004,21,-97188020,2201,31,71,5,True
4628001,3992004,31,-143468030,2201,31,71,6,True
4628001,3992004,43,-199004042,2201,31,71,7,True
4628001,3992004,57,-263796056,2201,31,71,8,True
4628001,3992004,73,-337844072,2201,31,71,9,True
4628001,3992004,91,-421148090,2201,31,71,10,True
4894267,4227136,111,-543263636,2263,31,73,-10,True
4894267,4227136,91,-445378296,2263,31,73,-9,True
4894267,4227136,73,-357281490,2263,31,73,-8,True
4894267,4227136,57,-278973218,2263,31,73,-7,True
4894267,4227136,43,-210453480,2263,31,73,-6,True
4894267,4227136,31,-151722276,2263,31,73,-5,True
4894267,4227136,21,-102779606,2263,31,73,-4,True
4894267,4227136,13,-63625470,2263,31,73,-3,True
4894267,4227136,7,-34259868,2263,31,73,-2,True
4894267,4227136,3,-14682800,2263,31,73,-1,True
4894267,4227136,1,-4894266,2263,31,73,0,True
4894267,4227136,1,-4894266,2263,31,73,1,True
4894267,4227136,3,-14682800,2263,31,73,2,True
4894267,4227136,7,-34259868,2263,31,73,3,True
4894267,4227136,13,-63625470,2263,31,73,4,True
4894267,4227136,21,-102779606,2263,31,73,5,True
4894267,4227136,31,-151722276,2263,31,73,6,True
4894267,4227136,43,-210453480,2263,31,73,7,True
4894267,4227136,57,-278973218,2263,31,73,8,True
4894267,4227136,73,-357281490,2263,31,73,9,True
4894267,4227136,91,-445378296,2263,31,73,10,True
5737753,4972900,111,-636890582,2449,31,79,-10,True
5737753,4972900,91,-522135522,2449,31,79,-9,True
5737753,4972900,73,-418855968,2449,31,79,-8,True
5737753,4972900,57,-327051920,2449,31,79,-7,True
5737753,4972900,43,-246723378,2449,31,79,-6,True
5737753,4972900,31,-177870342,2449,31,79,-5,True
5737753,4972900,21,-120492812,2449,31,79,-4,True
5737753,4972900,13,-74590788,2449,31,79,-3,True
5737753,4972900,7,-40164270,2449,31,79,-2,True
5737753,4972900,3,-17213258,2449,31,79,-1,True
5737753,4972900,1,-5737752,2449,31,79,0,True
5737753,4972900,1,-5737752,2449,31,79,1,True
5737753,4972900,3,-17213258,2449,31,79,2,True
5737753,4972900,7,-40164270,2449,31,79,3,True
5737753,4972900,13,-74590788,2449,31,79,4,True
5737753,4972900,21,-120492812,2449,31,79,5,True
5737753,4972900,31,-177870342,2449,31,79,6,True
5737753,4972900,43,-246723378,2449,31,79,7,True
5737753,4972900,57,-327051920,2449,31,79,8,True
5737753,4972900,73,-418855968,2449,31,79,9,True
5737753,4972900,91,-522135522,2449,31,79,10,True
6337317,5503716,111,-703442186,2573,31,83,-10,True
6337317,5503716,91,-576695846,2573,31,83,-9,True
6337317,5503716,73,-462624140,2573,31,83,-8,True
6337317,5503716,57,-361227068,2573,31,83,-7,True
6337317,5503716,43,-272504630,2573,31,83,-6,True
6337317,5503716,31,-196456826,2573,31,83,-5,True
6337317,5503716,21,-133083656,2573,31,83,-4,True
6337317,5503716,13,-82385120,2573,31,83,-3,True
6337317,5503716,7,-44361218,2573,31,83,-2,True
6337317,5503716,3,-19011950,2573,31,83,-1,True
6337317,5503716,1,-6337316,2573,31,83,0,True
6337317,5503716,1,-6337316,2573,31,83,1,True
6337317,5503716,3,-19011950,2573,31,83,2,True
6337317,5503716,7,-44361218,2573,31,83,3,True
6337317,5503716,13,-82385120,2573,31,83,4,True
6337317,5503716,21,-133083656,2573,31,83,5,True
6337317,5503716,31,-196456826,2573,31,83,6,True
6337317,5503716,43,-272504630,2573,31,83,7,True
6337317,5503716,57,-361227068,2573,31,83,8,True
6337317,5503716,73,-462624140,2573,31,83,9,True
6337317,5503716,91,-576695846,2573,31,83,10,True
7292523,6350400,111,-809470052,2759,31,89,-10,True
7292523,6350400,91,-663619592,2759,31,89,-9,True
7292523,6350400,73,-532354178,2759,31,89,-8,True
7292523,6350400,57,-415673810,2759,31,89,-7,True
7292523,6350400,43,-313578488,2759,31,89,-6,True
7292523,6350400,31,-226068212,2759,31,89,-5,True
7292523,6350400,21,-153142982,2759,31,89,-4,True
7292523,6350400,13,-94802798,2759,31,89,-3,True
7292523,6350400,7,-51047660,2759,31,89,-2,True
7292523,6350400,3,-21877568,2759,31,89,-1,True
7292523,6350400,1,-7292522,2759,31,89,0,True
7292523,6350400,1,-7292522,2759,31,89,1,True
7292523,6350400,3,-21877568,2759,31,89,2,True
7292523,6350400,7,-51047660,2759,31,89,3,True
7292523,6350400,13,-94802798,2759,31,89,4,True
7292523,6350400,21,-153142982,2759,31,89,5,True
7292523,6350400,31,-226068212,2759,31,89,6,True
7292523,6350400,43,-313578488,2759,31,89,7,True
7292523,6350400,57,-415673810,2759,31,89,8,True
7292523,6350400,73,-532354178,2759,31,89,9,True
7292523,6350400,91,-663619592,2759,31,89,10,True
8670403,7573504,111,-962414732,3007,31,97,-10,True
8670403,7573504,91,-789006672,3007,31,97,-9,True
8670403,7573504,73,-632939418,3007,31,97,-8,True
8670403,7573504,57,-494212970,3007,31,97,-7,True
8670403,7573504,43,-372827328,3007,31,97,-6,True
8670403,7573504,31,-268782492,3007,31,97,-5,True
8670403,7573504,21,-182078462,3007,31,97,-4,True
8670403,7573504,13,-112715238,3007,31,97,-3,True
8670403,7573504,7,-60692820,3007,31,97,-2,True
8670403,7573504,3,-26011208,3007,31,97,-1,True
8670403,7573504,1,-8670402,3007,31,97,0,True
8670403,7573504,1,-8670402,3007,31,97,1,True
8670403,7573504,3,-26011208,3007,31,97,2,True
8670403,7573504,7,-60692820,3007,31,97,3,True
8670403,7573504,13,-112715238,3007,31,97,4,True
8670403,7573504,21,-182078462,3007,31,97,5,True
8670403,7573504,31,-268782492,3007,31,97,6,True
8670403,7573504,43,-372827328,3007,31,97,7,True
8670403,7573504,57,-494212970,3007,31,97,8,True
8670403,7573504,73,-632939418,3007,31,97,9,True
8670403,7573504,91,-789006672,3007,31,97,10,True
2187453,1855044,111,-242807282,1517,37,41,-10,True
2187453,1855044,91,-199058222,1517,37,41,-9,True
2187453,1855044,73,-159684068,1517,37,41,-8,True
2187453,1855044,57,-124684820,1517,37,41,-7,True
2187453,1855044,43,-94060478,1517,37,41,-6,True
2187453,1855044,31,-67811042,1517,37,41,-5,True
2187453,1855044,21,-45936512,1517,37,41,-4,True
2187453,1855044,13,-28436888,1517,37,41,-3,True
2187453,1855044,7,-15312170,1517,37,41,-2,True
2187453,1855044,3,-6562358,1517,37,41,-1,True
2187453,1855044,1,-2187452,1517,37,41,0,True
2187453,1855044,1,-2187452,1517,37,41,1,True
2187453,1855044,3,-6562358,1517,37,41,2,True
2187453,1855044,7,-15312170,1517,37,41,3,True
2187453,1855044,13,-28436888,1517,37,41,4,True
2187453,1855044,21,-45936512,1517,37,41,5,True
2187453,1855044,31,-67811042,1517,37,41,6,True
2187453,1855044,43,-94060478,1517,37,41,7,True
2187453,1855044,57,-124684820,1517,37,41,8,True
2187453,1855044,73,-159684068,1517,37,41,9,True
2187453,1855044,91,-199058222,1517,37,41,10,True
2408731,2050624,111,-267369140,1591,37,43,-10,True
2408731,2050624,91,-219194520,1591,37,43,-9,True
2408731,2050624,73,-175837362,1591,37,43,-8,True
2408731,2050624,57,-137297666,1591,37,43,-7,True
2408731,2050624,43,-103575432,1591,37,43,-6,True
2408731,2050624,31,-74670660,1591,37,43,-5,True
2408731,2050624,21,-50583350,1591,37,43,-4,True
2408731,2050624,13,-31313502,1591,37,43,-3,True
2408731,2050624,7,-16861116,1591,37,43,-2,True
2408731,2050624,3,-7226192,1591,37,43,-1,True
2408731,2050624,1,-2408730,1591,37,43,0,True
2408731,2050624,1,-2408730,1591,37,43,1,True
2408731,2050624,3,-7226192,1591,37,43,2,True
2408731,2050624,7,-16861116,1591,37,43,3,True
2408731,2050624,13,-31313502,1591,37,43,4,True
2408731,2050624,21,-50583350,1591,37,43,5,True
2408731,2050624,31,-74670660,1591,37,43,6,True
2408731,2050624,43,-103575432,1591,37,43,7,True
2408731,2050624,57,-137297666,1591,37,43,8,True
2408731,2050624,73,-175837362,1591,37,43,9,True
2408731,2050624,91,-219194520,1591,37,43,10,True
2883279,2471184,111,-320043968,1739,37,47,-10,True
2883279,2471184,91,-262378388,1739,37,47,-9,True
2883279,2471184,73,-210479366,1739,37,47,-8,True
2883279,2471184,57,-164346902,1739,37,47,-7,True
2883279,2471184,43,-123980996,1739,37,47,-6,True
2883279,2471184,31,-89381648,1739,37,47,-5,True
2883279,2471184,21,-60548858,1739,37,47,-4,True
2883279,2471184,13,-37482626,1739,37,47,-3,True
2883279,2471184,7,-20182952,1739,37,47,-2,True
2883279,2471184,3,-8649836,1739,37,47,-1,True
2883279,2471184,1,-2883278,1739,37,47,0,True
2883279,2471184,1,-2883278,1739,37,47,1,True
2883279,2471184,3,-8649836,1739,37,47,2,True
2883279,2471184,7,-20182952,1739,37,47,3,True
2883279,2471184,13,-37482626,1739,37,47,4,True
2883279,2471184,21,-60548858,1739,37,47,5,True
2883279,2471184,31,-89381648,1739,37,47,6,True
2883279,2471184,43,-123980996,1739,37,47,7,True
2883279,2471184,57,-164346902,1739,37,47,8,True
2883279,2471184,73,-210479366,1739,37,47,9,True
2883279,2471184,91,-262378388,1739,37,47,10,True
3675081,3175524,111,-407933990,1961,37,53,-10,True
3675081,3175524,91,-334432370,1961,37,53,-9,True
3675081,3175524,73,-268280912,1961,37,53,-8,True
3675081,3175524,57,-209479616,1961,37,53,-7,True
3675081,3175524,43,-158028482,1961,37,53,-6,True
3675081,3175524,31,-113927510,1961,37,53,-5,True
3675081,3175524,21,-77176700,1961,37,53,-4,True
3675081,3175524,13,-47776052,1961,37,53,-3,True
3675081,3175524,7,-25725566,1961,37,53,-2,True
3675081,3175524,3,-11025242,1961,37,53,-1,True
3675081,3175524,1,-3675080,1961,37,53,0,True
3675081,3175524,1,-3675080,1961,37,53,1,True
3675081,3175524,3,-11025242,1961,37,53,2,True
3675081,3175524,7,-25725566,1961,37,53,3,True
3675081,3175524,13,-47776052,1961,37,53,4,True
3675081,3175524,21,-77176700,1961,37,53,5,True
3675081,3175524,31,-113927510,1961,37,53,6,True
3675081,3175524,43,-158028482,1961,37,53,7,True
3675081,3175524,57,-209479616,1961,37,53,8,True
3675081,3175524,73,-268280912,1961,37,53,9,True
3675081,3175524,91,-334432370,1961,37,53,10,True
4562859,3968064,111,-506477348,2183,37,59,-10,True
4562859,3968064,91,-415220168,2183,37,59,-9,True
4562859,3968064,73,-333088706,2183,37,59,-8,True
4562859,3968064,57,-260082962,2183,37,59,-7,True
4562859,3968064,43,-196202936,2183,37,59,-6,True
4562859,3968064,31,-141448628,2183,37,59,-5,True
4562859,3968064,21,-95820038,2183,37,59,-4,True
4562859,3968064,13,-59317166,2183,37,59,-3,True
4562859,3968064,7,-31940012,2183,37,59,-2,True
4562859,3968064,3,-13688576,2183,37,59,-1,True
4562859,3968064,1,-4562858,2183,37,59,0,True
4562859,3968064,1,-4562858,2183,37,59,1,True
4562859,3968064,3,-13688576,2183,37,59,2,True
4562859,3968064,7,-31940012,2183,37,59,3,True
4562859,3968064,13,-59317166,2183,37,59,4,True
4562859,3968064,21,-95820038,2183,37,59,5,True
4562859,3968064,31,-141448628,2183,37,59,6,True
4562859,3968064,43,-196202936,2183,37,59,7,True
4562859,3968064,57,-260082962,2183,37,59,8,True
4562859,3968064,73,-333088706,2183,37,59,9,True
4562859,3968064,91,-415220168,2183,37,59,10,True
4880113,4251844,111,-541692542,2257,37,61,-10,True
4880113,4251844,91,-444090282,2257,37,61,-9,True
4880113,4251844,73,-356248248,2257,37,61,-8,True
4880113,4251844,57,-278166440,2257,37,61,-7,True
4880113,4251844,43,-209844858,2257,37,61,-6,True
4880113,4251844,31,-151283502,2257,37,61,-5,True
4880113,4251844,21,-102482372,2257,37,61,-4,True
4880113,4251844,13,-63441468,2257,37,61,-3,True
4880113,4251844,7,-34160790,2257,37,61,-2,True
4880113,4251844,3,-14640338,2257,37,61,-1,True
4880113,4251844,1,-4880112,2257,37,61,0,True
4880113,4251844,1,-4880112,2257,37,61,1,True
4880113,4251844,3,-14640338,2257,37,61,2,True
4880113,4251844,7,-34160790,2257,37,61,3,True
4880113,4251844,13,-63441468,2257,37,61,4,True
4880113,4251844,21,-102482372,2257,37,61,5,True
4880113,4251844,31,-151283502,2257,37,61,6,True
4880113,4251844,43,-209844858,2257,37,61,7,True
4880113,4251844,57,-278166440,2257,37,61,8,True
4880113,4251844,73,-356248248,2257,37,61,9,True
4880113,4251844,91,-444090282,2257,37,61,10,True
5895859,5161984,111,-654440348,2479,37,67,-10,True
5895859,5161984,91,-536523168,2479,37,67,-9,True
5895859,5161984,73,-430397706,2479,37,67,-8,True
5895859,5161984,57,-336063962,2479,37,67,-7,True
5895859,5161984,43,-253521936,2479,37,67,-6,True
5895859,5161984,31,-182771628,2479,37,67,-5,True
5895859,5161984,21,-123813038,2479,37,67,-4,True
5895859,5161984,13,-76646166,2479,37,67,-3,True
5895859,5161984,7,-41271012,2479,37,67,-2,True
5895859,5161984,3,-17687576,2479,37,67,-1,True
5895859,5161984,1,-5895858,2479,37,67,0,True
5895859,5161984,1,-5895858,2479,37,67,1,True
5895859,5161984,3,-17687576,2479,37,67,2,True
5895859,5161984,7,-41271012,2479,37,67,3,True
5895859,5161984,13,-76646166,2479,37,67,4,True
5895859,5161984,21,-123813038,2479,37,67,5,True
5895859,5161984,31,-182771628,2479,37,67,6,True
5895859,5161984,43,-253521936,2479,37,67,7,True
5895859,5161984,57,-336063962,2479,37,67,8,True
5895859,5161984,73,-430397706,2479,37,67,9,True
5895859,5161984,91,-536523168,2479,37,67,10,True
6626343,5817744,111,-735524072,2627,37,71,-10,True
6626343,5817744,91,-602997212,2627,37,71,-9,True
6626343,5817744,73,-483723038,2627,37,71,-8,True
6626343,5817744,57,-377701550,2627,37,71,-7,True
6626343,5817744,43,-284932748,2627,37,71,-6,True
6626343,5817744,31,-205416632,2627,37,71,-5,True
6626343,5817744,21,-139153202,2627,37,71,-4,True
6626343,5817744,13,-86142458,2627,37,71,-3,True
6626343,5817744,7,-46384400,2627,37,71,-2,True
6626343,5817744,3,-19879028,2627,37,71,-1,True
6626343,5817744,1,-6626342,2627,37,71,0,True
6626343,5817744,1,-6626342,2627,37,71,1,True
6626343,5817744,3,-19879028,2627,37,71,2,True
6626343,5817744,7,-46384400,2627,37,71,3,True
6626343,5817744,13,-86142458,2627,37,71,4,True
6626343,5817744,21,-139153202,2627,37,71,5,True
6626343,5817744,31,-205416632,2627,37,71,6,True
6626343,5817744,43,-284932748,2627,37,71,7,True
6626343,5817744,57,-377701550,2627,37,71,8,True
6626343,5817744,73,-483723038,2627,37,71,9,True
6626343,5817744,91,-602997212,2627,37,71,10,True
7007581,6160324,111,-777841490,2701,37,73,-10,True
7007581,6160324,91,-637689870,2701,37,73,-9,True
7007581,6160324,73,-511553412,2701,37,73,-8,True
7007581,6160324,57,-399432116,2701,37,73,-7,True
7007581,6160324,43,-301325982,2701,37,73,-6,True
7007581,6160324,31,-217235010,2701,37,73,-5,True
7007581,6160324,21,-147159200,2701,37,73,-4,True
7007581,6160324,13,-91098552,2701,37,73,-3,True
7007581,6160324,7,-49053066,2701,37,73,-2,True
7007581,6160324,3,-21022742,2701,37,73,-1,True
7007581,6160324,1,-7007580,2701,37,73,0,True
7007581,6160324,1,-7007580,2701,37,73,1,True
7007581,6160324,3,-21022742,2701,37,73,2,True
7007581,6160324,7,-49053066,2701,37,73,3,True
7007581,6160324,13,-91098552,2701,37,73,4,True
7007581,6160324,21,-147159200,2701,37,73,5,True
7007581,6160324,31,-217235010,2701,37,73,6,True
7007581,6160324,43,-301325982,2701,37,73,7,True
7007581,6160324,57,-399432116,2701,37,73,8,True
7007581,6160324,73,-511553412,2701,37,73,9,True
7007581,6160324,91,-637689870,2701,37,73,10,True
8215279,7246864,111,-911895968,2923,37,79,-10,True
8215279,7246864,91,-747590388,2923,37,79,-9,True
8215279,7246864,73,-599715366,2923,37,79,-8,True
8215279,7246864,57,-468270902,2923,37,79,-7,True
8215279,7246864,43,-353256996,2923,37,79,-6,True
8215279,7246864,31,-254673648,2923,37,79,-5,True
8215279,7246864,21,-172520858,2923,37,79,-4,True
8215279,7246864,13,-106798626,2923,37,79,-3,True
8215279,7246864,7,-57506952,2923,37,79,-2,True
8215279,7246864,3,-24645836,2923,37,79,-1,True
8215279,7246864,1,-8215278,2923,37,79,0,True
8215279,7246864,1,-8215278,2923,37,79,1,True
8215279,7246864,3,-24645836,2923,37,79,2,True
8215279,7246864,7,-57506952,2923,37,79,3,True
8215279,7246864,13,-106798626,2923,37,79,4,True
8215279,7246864,21,-172520858,2923,37,79,5,True
8215279,7246864,31,-254673648,2923,37,79,6,True
8215279,7246864,43,-353256996,2923,37,79,7,True
8215279,7246864,57,-468270902,2923,37,79,8,True
8215279,7246864,73,-599715366,2923,37,79,9,True
8215279,7246864,91,-747590388,2923,37,79,10,True
9073731,8020224,111,-1007184140,3071,37,83,-10,True
9073731,8020224,91,-825709520,3071,37,83,-9,True
9073731,8020224,73,-662382362,3071,37,83,-8,True
9073731,8020224,57,-517202666,3071,37,83,-7,True
9073731,8020224,43,-390170432,3071,37,83,-6,True
9073731,8020224,31,-281285660,3071,37,83,-5,True
9073731,8020224,21,-190548350,3071,37,83,-4,True
9073731,8020224,13,-117958502,3071,37,83,-3,True
9073731,8020224,7,-63516116,3071,37,83,-2,True
9073731,8020224,3,-27221192,3071,37,83,-1,True
9073731,8020224,1,-9073730,3071,37,83,0,True
9073731,8020224,1,-9073730,3071,37,83,1,True
9073731,8020224,3,-27221192,3071,37,83,2,True
9073731,8020224,7,-63516116,3071,37,83,3,True
9073731,8020224,13,-117958502,3071,37,83,4,True
9073731,8020224,21,-190548350,3071,37,83,5,True
9073731,8020224,31,-281285660,3071,37,83,6,True
9073731,8020224,43,-390170432,3071,37,83,7,True
9073731,8020224,57,-517202666,3071,37,83,8,True
9073731,8020224,73,-662382362,3071,37,83,9,True
9073731,8020224,91,-825709520,3071,37,83,10,True
10441389,9253764,111,-1158994178,3293,37,89,-10,True
10441389,9253764,91,-950166398,3293,37,89,-9,True
10441389,9253764,73,-762221396,3293,37,89,-8,True
10441389,9253764,57,-595159172,3293,37,89,-7,True
10441389,9253764,43,-448979726,3293,37,89,-6,True
10441389,9253764,31,-323683058,3293,37,89,-5,True
10441389,9253764,21,-219269168,3293,37,89,-4,True
10441389,9253764,13,-135738056,3293,37,89,-3,True
10441389,9253764,7,-73089722,3293,37,89,-2,True
10441389,9253764,3,-31324166,3293,37,89,-1,True
10441389,9253764,1,-10441388,3293,37,89,0,True
10441389,9253764,1,-10441388,3293,37,89,1,True
10441389,9253764,3,-31324166,3293,37,89,2,True
10441389,9253764,7,-73089722,3293,37,89,3,True
10441389,9253764,13,-135738056,3293,37,89,4,True
10441389,9253764,21,-219269168,3293,37,89,5,True
10441389,9253764,31,-323683058,3293,37,89,6,True
10441389,9253764,43,-448979726,3293,37,89,7,True
10441389,9253764,57,-595159172,3293,37,89,8,True
10441389,9253764,73,-762221396,3293,37,89,9,True
10441389,9253764,91,-950166398,3293,37,89,10,True
12414229,11035684,111,-1377979418,3589,37,97,-10,True
12414229,11035684,91,-1129694838,3589,37,97,-9,True
12414229,11035684,73,-906238716,3589,37,97,-8,True
12414229,11035684,57,-707611052,3589,37,97,-7,True
12414229,11035684,43,-533811846,3589,37,97,-6,True
12414229,11035684,31,-384841098,3589,37,97,-5,True
12414229,11035684,21,-260698808,3589,37,97,-4,True
12414229,11035684,13,-161384976,3589,37,97,-3,True
12414229,11035684,7,-86899602,3589,37,97,-2,True
12414229,11035684,3,-37242686,3589,37,97,-1,True
12414229,11035684,1,-12414228,3589,37,97,0,True
12414229,11035684,1,-12414228,3589,37,97,1,True
12414229,11035684,3,-37242686,3589,37,97,2,True
12414229,11035684,7,-86899602,3589,37,97,3,True
12414229,11035684,13,-161384976,3589,37,97,4,True
12414229,11035684,21,-260698808,3589,37,97,5,True
12414229,11035684,31,-384841098,3589,37,97,6,True
12414229,11035684,43,-533811846,3589,37,97,7,True
12414229,11035684,57,-707611052,3589,37,97,8,True
12414229,11035684,73,-906238716,3589,37,97,9,True
12414229,11035684,91,-1129694838,3589,37,97,10,True
2965287,2547216,111,-329146856,1763,41,43,-10,True
2965287,2547216,91,-269841116,1763,41,43,-9,True
2965287,2547216,73,-216465950,1763,41,43,-8,True
2965287,2547216,57,-169021358,1763,41,43,-7,True
2965287,2547216,43,-127507340,1763,41,43,-6,True
2965287,2547216,31,-91923896,1763,41,43,-5,True
2965287,2547216,21,-62271026,1763,41,43,-4,True
2965287,2547216,13,-38548730,1763,41,43,-3,True
2965287,2547216,7,-20757008,1763,41,43,-2,True
2965287,2547216,3,-8895860,1763,41,43,-1,True
2965287,2547216,1,-2965286,1763,41,43,0,True
2965287,2547216,1,-2965286,1763,41,43,1,True
2965287,2547216,3,-8895860,1763,41,43,2,True
2965287,2547216,7,-20757008,1763,41,43,3,True
2965287,2547216,13,-38548730,1763,41,43,4,True
2965287,2547216,21,-62271026,1763,41,43,5,True
2965287,2547216,31,-91923896,1763,41,43,6,True
2965287,2547216,43,-127507340,1763,41,43,7,True
2965287,2547216,57,-169021358,1763,41,43,8,True
2965287,2547216,73,-216465950,1763,41,43,9,True
2965287,2547216,91,-269841116,1763,41,43,10,True
3549483,3069504,111,-393992612,1927,41,47,-10,True
3549483,3069504,91,-323002952,1927,41,47,-9,True
3549483,3069504,73,-259112258,1927,41,47,-8,True
3549483,3069504,57,-202320530,1927,41,47,-7,True
3549483,3069504,43,-152627768,1927,41,47,-6,True
3549483,3069504,31,-110033972,1927,41,47,-5,True
3549483,3069504,21,-74539142,1927,41,47,-4,True
3549483,3069504,13,-46143278,1927,41,47,-3,True
3549483,3069504,7,-24846380,1927,41,47,-2,True
3549483,3069504,3,-10648448,1927,41,47,-1,True
3549483,3069504,1,-3549482,1927,41,47,0,True
3549483,3069504,1,-3549482,1927,41,47,1,True
3549483,3069504,3,-10648448,1927,41,47,2,True
3549483,3069504,7,-24846380,1927,41,47,3,True
3549483,3069504,13,-46143278,1927,41,47,4,True
3549483,3069504,21,-74539142,1927,41,47,5,True
3549483,3069504,31,-110033972,1927,41,47,6,True
3549483,3069504,43,-152627768,1927,41,47,7,True
3549483,3069504,57,-202320530,1927,41,47,8,True
3549483,3069504,73,-259112258,1927,41,47,9,True
3549483,3069504,91,-323002952,1927,41,47,10,True
4524237,3944196,111,-502190306,2173,41,53,-10,True
4524237,3944196,91,-411705566,2173,41,53,-9,True
4524237,3944196,73,-330269300,2173,41,53,-8,True
4524237,3944196,57,-257881508,2173,41,53,-7,True
4524237,3944196,43,-194542190,2173,41,53,-6,True
4524237,3944196,31,-140251346,2173,41,53,-5,True
4524237,3944196,21,-95008976,2173,41,53,-4,True
4524237,3944196,13,-58815080,2173,41,53,-3,True
4524237,3944196,7,-31669658,2173,41,53,-2,True
4524237,3944196,3,-13572710,2173,41,53,-1,True
4524237,3944196,1,-4524236,2173,41,53,0,True
4524237,3944196,1,-4524236,2173,41,53,1,True
4524237,3944196,3,-13572710,2173,41,53,2,True
4524237,3944196,7,-31669658,2173,41,53,3,True
4524237,3944196,13,-58815080,2173,41,53,4,True
4524237,3944196,21,-95008976,2173,41,53,5,True
4524237,3944196,31,-140251346,2173,41,53,6,True
4524237,3944196,43,-194542190,2173,41,53,7,True
4524237,3944196,57,-257881508,2173,41,53,8,True
4524237,3944196,73,-330269300,2173,41,53,9,True
4524237,3944196,91,-411705566,2173,41,53,10,True
5617143,4928400,111,-623502872,2419,41,59,-10,True
5617143,4928400,91,-511160012,2419,41,59,-9,True
5617143,4928400,73,-410051438,2419,41,59,-8,True
5617143,4928400,57,-320177150,2419,41,59,-7,True
5617143,4928400,43,-241537148,2419,41,59,-6,True
5617143,4928400,31,-174131432,2419,41,59,-5,True
5617143,4928400,21,-117960002,2419,41,59,-4,True
5617143,4928400,13,-73022858,2419,41,59,-3,True
5617143,4928400,7,-39320000,2419,41,59,-2,True
5617143,4928400,3,-16851428,2419,41,59,-1,True
5617143,4928400,1,-5617142,2419,41,59,0,True
5617143,4928400,1,-5617142,2419,41,59,1,True
5617143,4928400,3,-16851428,2419,41,59,2,True
5617143,4928400,7,-39320000,2419,41,59,3,True
5617143,4928400,13,-73022858,2419,41,59,4,True
5617143,4928400,21,-117960002,2419,41,59,5,True
5617143,4928400,31,-174131432,2419,41,59,6,True
5617143,4928400,43,-241537148,2419,41,59,7,True
5617143,4928400,57,-320177150,2419,41,59,8,True
5617143,4928400,73,-410051438,2419,41,59,9,True
5617143,4928400,91,-511160012,2419,41,59,10,True
6007701,5280804,111,-666854810,2501,41,61,-10,True
6007701,5280804,91,-546700790,2501,41,61,-9,True
6007701,5280804,73,-438562172,2501,41,61,-8,True
6007701,5280804,57,-342438956,2501,41,61,-7,True
6007701,5280804,43,-258331142,2501,41,61,-6,True
6007701,5280804,31,-186238730,2501,41,61,-5,True
6007701,5280804,21,-126161720,2501,41,61,-4,True
6007701,5280804,13,-78100112,2501,41,61,-3,True
6007701,5280804,7,-42053906,2501,41,61,-2,True
6007701,5280804,3,-18023102,2501,41,61,-1,True
6007701,5280804,1,-6007700,2501,41,61,0,True
6007701,5280804,1,-6007700,2501,41,61,1,True
6007701,5280804,3,-18023102,2501,41,61,2,True
6007701,5280804,7,-42053906,2501,41,61,3,True
6007701,5280804,13,-78100112,2501,41,61,4,True
6007701,5280804,21,-126161720,2501,41,61,5,True
6007701,5280804,31,-186238730,2501,41,61,6,True
6007701,5280804,43,-258331142,2501,41,61,7,True
6007701,5280804,57,-342438956,2501,41,61,8,True
6007701,5280804,73,-438562172,2501,41,61,9,True
6007701,5280804,91,-546700790,2501,41,61,10,True
7258143,6411024,111,-805653872,2747,41,67,-10,True
7258143,6411024,91,-660491012,2747,41,67,-9,True
7258143,6411024,73,-529844438,2747,41,67,-8,True
7258143,6411024,57,-413714150,2747,41,67,-7,True
7258143,6411024,43,-312100148,2747,41,67,-6,True
7258143,6411024,31,-225002432,2747,41,67,-5,True
7258143,6411024,21,-152421002,2747,41,67,-4,True
7258143,6411024,13,-94355858,2747,41,67,-3,True
7258143,6411024,7,-50807000,2747,41,67,-2,True
7258143,6411024,3,-21774428,2747,41,67,-1,True
7258143,6411024,1,-7258142,2747,41,67,0,True
7258143,6411024,1,-7258142,2747,41,67,1,True
7258143,6411024,3,-21774428,2747,41,67,2,True
7258143,6411024,7,-50807000,2747,41,67,3,True
7258143,6411024,13,-94355858,2747,41,67,4,True
7258143,6411024,21,-152421002,2747,41,67,5,True
7258143,6411024,31,-225002432,2747,41,67,6,True
7258143,6411024,43,-312100148,2747,41,67,7,True
7258143,6411024,57,-413714150,2747,41,67,8,True
7258143,6411024,73,-529844438,2747,41,67,9,True
7258143,6411024,91,-660491012,2747,41,67,10,True
8157411,7225344,111,-905472620,2911,41,71,-10,True
8157411,7225344,91,-742324400,2911,41,71,-9,True
8157411,7225344,73,-595491002,2911,41,71,-8,True
8157411,7225344,57,-464972426,2911,41,71,-7,True
8157411,7225344,43,-350768672,2911,41,71,-6,True
8157411,7225344,31,-252879740,2911,41,71,-5,True
8157411,7225344,21,-171305630,2911,41,71,-4,True
8157411,7225344,13,-106046342,2911,41,71,-3,True
8157411,7225344,7,-57101876,2911,41,71,-2,True
8157411,7225344,3,-24472232,2911,41,71,-1,True
8157411,7225344,1,-8157410,2911,41,71,0,True
8157411,7225344,1,-8157410,2911,41,71,1,True
8157411,7225344,3,-24472232,2911,41,71,2,True
8157411,7225344,7,-57101876,2911,41,71,3,True
8157411,7225344,13,-106046342,2911,41,71,4,True
8157411,7225344,21,-171305630,2911,41,71,5,True
8157411,7225344,31,-252879740,2911,41,71,6,True
8157411,7225344,43,-350768672,2911,41,71,7,True
8157411,7225344,57,-464972426,2911,41,71,8,True
8157411,7225344,73,-595491002,2911,41,71,9,True
8157411,7225344,91,-742324400,2911,41,71,10,True
8626737,7650756,111,-957567806,2993,41,73,-10,True
8626737,7650756,91,-785033066,2993,41,73,-9,True
8626737,7650756,73,-629751800,2993,41,73,-8,True
8626737,7650756,57,-491724008,2993,41,73,-7,True
8626737,7650756,43,-370949690,2993,41,73,-6,True
8626737,7650756,31,-267428846,2993,41,73,-5,True
8626737,7650756,21,-181161476,2993,41,73,-4,True
8626737,7650756,13,-112147580,2993,41,73,-3,True
8626737,7650756,7,-60387158,2993,41,73,-2,True
8626737,7650756,3,-25880210,2993,41,73,-1,True
8626737,7650756,1,-8626736,2993,41,73,0,True
8626737,7650756,1,-8626736,2993,41,73,1,True
8626737,7650756,3,-25880210,2993,41,73,2,True
8626737,7650756,7,-60387158,2993,41,73,3,True
8626737,7650756,13,-112147580,2993,41,73,4,True
8626737,7650756,21,-181161476,2993,41,73,5,True
8626737,7650756,31,-267428846,2993,41,73,6,True
8626737,7650756,43,-370949690,2993,41,73,7,True
8626737,7650756,57,-491724008,2993,41,73,8,True
8626737,7650756,73,-629751800,2993,41,73,9,True
8626737,7650756,91,-785033066,2993,41,73,10,True
10113483,9000000,111,-1122596612,3239,41,79,-10,True
10113483,9000000,91,-920326952,3239,41,79,-9,True
10113483,9000000,73,-738284258,3239,41,79,-8,True
10113483,9000000,57,-576468530,3239,41,79,-7,True
10113483,9000000,43,-434879768,3239,41,79,-6,True
10113483,9000000,31,-313517972,3239,41,79,-5,True
10113483,9000000,21,-212383142,3239,41,79,-4,True
10113483,9000000,13,-131475278,3239,41,79,-3,True
10113483,9000000,7,-70794380,3239,41,79,-2,True
10113483,9000000,3,-30340448,3239,41,79,-1,True
10113483,9000000,1,-10113482,3239,41,79,0,True
10113483,9000000,1,-10113482,3239,41,79,1,True
10113483,9000000,3,-30340448,3239,41,79,2,True
10113483,9000000,7,-70794380,3239,41,79,3,True
10113483,9000000,13,-131475278,3239,41,79,4,True
10113483,9000000,21,-212383142,3239,41,79,5,True
10113483,9000000,31,-313517972,3239,41,79,6,True
10113483,9000000,43,-434879768,3239,41,79,7,True
10113483,9000000,57,-576468530,3239,41,79,8,True
10113483,9000000,73,-738284258,3239,41,79,9,True
10113483,9000000,91,-920326952,3239,41,79,10,True
11170287,9960336,111,-1239901856,3403,41,83,-10,True
11170287,9960336,91,-1016496116,3403,41,83,-9,True
11170287,9960336,73,-815430950,3403,41,83,-8,True
11170287,9960336,57,-636706358,3403,41,83,-7,True
11170287,9960336,43,-480322340,3403,41,83,-6,True
11170287,9960336,31,-346278896,3403,41,83,-5,True
11170287,9960336,21,-234576026,3403,41,83,-4,True
11170287,9960336,13,-145213730,3403,41,83,-3,True
11170287,9960336,7,-78192008,3403,41,83,-2,True
11170287,9960336,3,-33510860,3403,41,83,-1,True
11170287,9960336,1,-11170286,3403,41,83,0,True
11170287,9960336,1,-11170286,3403,41,83,1,True
11170287,9960336,3,-33510860,3403,41,83,2,True
11170287,9960336,7,-78192008,3403,41,83,3,True
11170287,9960336,13,-145213730,3403,41,83,4,True
11170287,9960336,21,-234576026,3403,41,83,5,True
11170287,9960336,31,-346278896,3403,41,83,6,True
11170287,9960336,43,-480322340,3403,41,83,7,True
11170287,9960336,57,-636706358,3403,41,83,8,True
11170287,9960336,73,-815430950,3403,41,83,9,True
11170287,9960336,91,-1016496116,3403,41,83,10,True
12853953,11492100,111,-1426788782,3649,41,89,-10,True
12853953,11492100,91,-1169709722,3649,41,89,-9,True
12853953,11492100,73,-938338568,3649,41,89,-8,True
12853953,11492100,57,-732675320,3649,41,89,-7,True
12853953,11492100,43,-552719978,3649,41,89,-6,True
12853953,11492100,31,-398472542,3649,41,89,-5,True
12853953,11492100,21,-269933012,3649,41,89,-4,True
12853953,11492100,13,-167101388,3649,41,89,-3,True
12853953,11492100,7,-89977670,3649,41,89,-2,True
12853953,11492100,3,-38561858,3649,41,89,-1,True
12853953,11492100,1,-12853952,3649,41,89,0,True
12853953,11492100,1,-12853952,3649,41,89,1,True
12853953,11492100,3,-38561858,3649,41,89,2,True
12853953,11492100,7,-89977670,3649,41,89,3,True
12853953,11492100,13,-167101388,3649,41,89,4,True
12853953,11492100,21,-269933012,3649,41,89,5,True
12853953,11492100,31,-398472542,3649,41,89,6,True
12853953,11492100,43,-552719978,3649,41,89,7,True
12853953,11492100,57,-732675320,3649,41,89,8,True
12853953,11492100,73,-938338568,3649,41,89,9,True
12853953,11492100,91,-1169709722,3649,41,89,10,True
15282633,13704804,111,-1696372262,3977,41,97,-10,True
15282633,13704804,91,-1390719602,3977,41,97,-9,True
15282633,13704804,73,-1115632208,3977,41,97,-8,True
15282633,13704804,57,-871110080,3977,41,97,-7,True
15282633,13704804,43,-657153218,3977,41,97,-6,True
15282633,13704804,31,-473761622,3977,41,97,-5,True
15282633,13704804,21,-320935292,3977,41,97,-4,True
15282633,13704804,13,-198674228,3977,41,97,-3,True
15282633,13704804,7,-106978430,3977,41,97,-2,True
15282633,13704804,3,-45847898,3977,41,97,-1,True
15282633,13704804,1,-15282632,3977,41,97,0,True
15282633,13704804,1,-15282632,3977,41,97,1,True
15282633,13704804,3,-45847898,3977,41,97,2,True
15282633,13704804,7,-106978430,3977,41,97,3,True
15282633,13704804,13,-198674228,3977,41,97,4,True
15282633,13704804,21,-320935292,3977,41,97,5,True
15282633,13704804,31,-473761622,3977,41,97,6,True
15282633,13704804,43,-657153218,3977,41,97,7,True
15282633,13704804,57,-871110080,3977,41,97,8,True
15282633,13704804,73,-1115632208,3977,41,97,9,True
15282633,13704804,91,-1390719602,3977,41,97,10,True
3908541,3392964,111,-433848050,2021,43,47,-10,True
3908541,3392964,91,-355677230,2021,43,47,-9,True
3908541,3392964,73,-285323492,2021,43,47,-8,True
3908541,3392964,57,-222786836,2021,43,47,-7,True
3908541,3392964,43,-168067262,2021,43,47,-6,True
3908541,3392964,31,-121164770,2021,43,47,-5,True
3908541,3392964,21,-82079360,2021,43,47,-4,True
3908541,3392964,13,-50811032,2021,43,47,-3,True
3908541,3392964,7,-27359786,2021,43,47,-2,True
3908541,3392964,3,-11725622,2021,43,47,-1,True
3908541,3392964,1,-3908540,2021,43,47,0,True
3908541,3392964,1,-3908540,2021,43,47,1,True
3908541,3392964,3,-11725622,2021,43,47,2,True
3908541,3392964,7,-27359786,2021,43,47,3,True
3908541,3392964,13,-50811032,2021,43,47,4,True
3908541,3392964,21,-82079360,2021,43,47,5,True
3908541,3392964,31,-121164770,2021,43,47,6,True
3908541,3392964,43,-168067262,2021,43,47,7,True
3908541,3392964,57,-222786836,2021,43,47,8,True
3908541,3392964,73,-285323492,2021,43,47,9,True
3908541,3392964,91,-355677230,2021,43,47,10,True
4981899,4359744,111,-552990788,2279,43,53,-10,True
4981899,4359744,91,-453352808,2279,43,53,-9,True
4981899,4359744,73,-363678626,2279,43,53,-8,True
4981899,4359744,57,-283968242,2279,43,53,-7,True
4981899,4359744,43,-214221656,2279,43,53,-6,True
4981899,4359744,31,-154438868,2279,43,53,-5,True
4981899,4359744,21,-104619878,2279,43,53,-4,True
4981899,4359744,13,-64764686,2279,43,53,-3,True
4981899,4359744,7,-34873292,2279,43,53,-2,True
4981899,4359744,3,-14945696,2279,43,53,-1,True
4981899,4359744,1,-4981898,2279,43,53,0,True
4981899,4359744,1,-4981898,2279,43,53,1,True
4981899,4359744,3,-14945696,2279,43,53,2,True
4981899,4359744,7,-34873292,2279,43,53,3,True
4981899,4359744,13,-64764686,2279,43,53,4,True
4981899,4359744,21,-104619878,2279,43,53,5,True
4981899,4359744,31,-154438868,2279,43,53,6,True
4981899,4359744,43,-214221656,2279,43,53,7,True
4981899,4359744,57,-283968242,2279,43,53,8,True
4981899,4359744,73,-363678626,2279,43,53,9,True
4981899,4359744,91,-453352808,2279,43,53,10,True
6185361,5447556,111,-686575070,2537,43,59,-10,True
6185361,5447556,91,-562867850,2537,43,59,-9,True
6185361,5447556,73,-451531352,2537,43,59,-8,True
6185361,5447556,57,-352565576,2537,43,59,-7,True
6185361,5447556,43,-265970522,2537,43,59,-6,True
6185361,5447556,31,-191746190,2537,43,59,-5,True
6185361,5447556,21,-129892580,2537,43,59,-4,True
6185361,5447556,13,-80409692,2537,43,59,-3,True
6185361,5447556,7,-43297526,2537,43,59,-2,True
6185361,5447556,3,-18556082,2537,43,59,-1,True
6185361,5447556,1,-6185360,2537,43,59,0,True
6185361,5447556,1,-6185360,2537,43,59,1,True
6185361,5447556,3,-18556082,2537,43,59,2,True
6185361,5447556,7,-43297526,2537,43,59,3,True
6185361,5447556,13,-80409692,2537,43,59,4,True
6185361,5447556,21,-129892580,2537,43,59,5,True
6185361,5447556,31,-191746190,2537,43,59,6,True
6185361,5447556,43,-265970522,2537,43,59,7,True
6185361,5447556,57,-352565576,2537,43,59,8,True
6185361,5447556,73,-451531352,2537,43,59,9,True
6185361,5447556,91,-562867850,2537,43,59,10,True
6615427,5837056,111,-734312396,2623,43,61,-10,True
6615427,5837056,91,-602003856,2623,43,61,-9,True
6615427,5837056,73,-482926170,2623,43,61,-8,True
6615427,5837056,57,-377079338,2623,43,61,-7,True
6615427,5837056,43,-284463360,2623,43,61,-6,True
6615427,5837056,31,-205078236,2623,43,61,-5,True
6615427,5837056,21,-138923966,2623,43,61,-4,True
6615427,5837056,13,-86000550,2623,43,61,-3,True
6615427,5837056,7,-46307988,2623,43,61,-2,True
6615427,5837056,3,-19846280,2623,43,61,-1,True
6615427,5837056,1,-6615426,2623,43,61,0,True
6615427,5837056,1,-6615426,2623,43,61,1,True
6615427,5837056,3,-19846280,2623,43,61,2,True
6615427,5837056,7,-46307988,2623,43,61,3,True
6615427,5837056,13,-86000550,2623,43,61,4,True
6615427,5837056,21,-138923966,2623,43,61,5,True
6615427,5837056,31,-205078236,2623,43,61,6,True
6615427,5837056,43,-284463360,2623,43,61,7,True
6615427,5837056,57,-377079338,2623,43,61,8,True
6615427,5837056,73,-482926170,2623,43,61,9,True
6615427,5837056,91,-602003856,2623,43,61,10,True
7992361,7086244,111,-887152070,2881,43,67,-10,True
7992361,7086244,91,-727304850,2881,43,67,-9,True
7992361,7086244,73,-583442352,2881,43,67,-8,True
7992361,7086244,57,-455564576,2881,43,67,-7,True
7992361,7086244,43,-343671522,2881,43,67,-6,True
7992361,7086244,31,-247763190,2881,43,67,-5,True
7992361,7086244,21,-167839580,2881,43,67,-4,True
7992361,7086244,13,-103900692,2881,43,67,-3,True
7992361,7086244,7,-55946526,2881,43,67,-2,True
7992361,7086244,3,-23977082,2881,43,67,-1,True
7992361,7086244,1,-7992360,2881,43,67,0,True
7992361,7086244,1,-7992360,2881,43,67,1,True
7992361,7086244,3,-23977082,2881,43,67,2,True
7992361,7086244,7,-55946526,2881,43,67,3,True
7992361,7086244,13,-103900692,2881,43,67,4,True
7992361,7086244,21,-167839580,2881,43,67,5,True
7992361,7086244,31,-247763190,2881,43,67,6,True
7992361,7086244,43,-343671522,2881,43,67,7,True
7992361,7086244,57,-455564576,2881,43,67,8,True
7992361,7086244,73,-583442352,2881,43,67,9,True
7992361,7086244,91,-727304850,2881,43,67,10,True
8982597,7986276,111,-997068266,3053,43,71,-10,True
8982597,7986276,91,-817416326,3053,43,71,-9,True
8982597,7986276,73,-655729580,3053,43,71,-8,True
8982597,7986276,57,-512008028,3053,43,71,-7,True
8982597,7986276,43,-386251670,3053,43,71,-6,True
8982597,7986276,31,-278460506,3053,43,71,-5,True
8982597,7986276,21,-188634536,3053,43,71,-4,True
8982597,7986276,13,-116773760,3053,43,71,-3,True
8982597,7986276,7,-62878178,3053,43,71,-2,True
8982597,7986276,3,-26947790,3053,43,71,-1,True
8982597,7986276,1,-8982596,3053,43,71,0,True
8982597,7986276,1,-8982596,3053,43,71,1,True
8982597,7986276,3,-26947790,3053,43,71,2,True
8982597,7986276,7,-62878178,3053,43,71,3,True
8982597,7986276,13,-116773760,3053,43,71,4,True
8982597,7986276,21,-188634536,3053,43,71,5,True
8982597,7986276,31,-278460506,3053,43,71,6,True
8982597,7986276,43,-386251670,3053,43,71,7,True
8982597,7986276,57,-512008028,3053,43,71,8,True
8982597,7986276,73,-655729580,3053,43,71,9,True
8982597,7986276,91,-817416326,3053,43,71,10,True
9499399,8456464,111,-1054433288,3139,43,73,-10,True
9499399,8456464,91,-864445308,3139,43,73,-9,True
9499399,8456464,73,-693456126,3139,43,73,-8,True
9499399,8456464,57,-541465742,3139,43,73,-7,True
9499399,8456464,43,-408474156,3139,43,73,-6,True
9499399,8456464,31,-294481368,3139,43,73,-5,True
9499399,8456464,21,-199487378,3139,43,73,-4,True
9499399,8456464,13,-123492186,3139,43,73,-3,True
9499399,8456464,7,-66495792,3139,43,73,-2,True
9499399,8456464,3,-28498196,3139,43,73,-1,True
9499399,8456464,1,-9499398,3139,43,73,0,True
9499399,8456464,1,-9499398,3139,43,73,1,True
9499399,8456464,3,-28498196,3139,43,73,2,True
9499399,8456464,7,-66495792,3139,43,73,3,True
9499399,8456464,13,-123492186,3139,43,73,4,True
9499399,8456464,21,-199487378,3139,43,73,5,True
9499399,8456464,31,-294481368,3139,43,73,6,True
9499399,8456464,43,-408474156,3139,43,73,7,True
9499399,8456464,57,-541465742,3139,43,73,8,True
9499399,8456464,73,-693456126,3139,43,73,9,True
9499399,8456464,91,-864445308,3139,43,73,10,True
11136541,9947716,111,-1236156050,3397,43,79,-10,True
11136541,9947716,91,-1013425230,3397,43,79,-9,True
11136541,9947716,73,-812967492,3397,43,79,-8,True
11136541,9947716,57,-634782836,3397,43,79,-7,True
11136541,9947716,43,-478871262,3397,43,79,-6,True
11136541,9947716,31,-345232770,3397,43,79,-5,True
11136541,9947716,21,-233867360,3397,43,79,-4,True
11136541,9947716,13,-144775032,3397,43,79,-3,True
11136541,9947716,7,-77955786,3397,43,79,-2,True
11136541,9947716,3,-33409622,3397,43,79,-1,True
11136541,9947716,1,-11136540,3397,43,79,0,True
11136541,9947716,1,-11136540,3397,43,79,1,True
11136541,9947716,3,-33409622,3397,43,79,2,True
11136541,9947716,7,-77955786,3397,43,79,3,True
11136541,9947716,13,-144775032,3397,43,79,4,True
11136541,9947716,21,-233867360,3397,43,79,5,True
11136541,9947716,31,-345232770,3397,43,79,6,True
11136541,9947716,43,-478871262,3397,43,79,7,True
11136541,9947716,57,-634782836,3397,43,79,8,True
11136541,9947716,73,-812967492,3397,43,79,9,True
11136541,9947716,91,-1013425230,3397,43,79,10,True
12300249,11009124,111,-1365327638,3569,43,83,-10,True
12300249,11009124,91,-1119322658,3569,43,83,-9,True
12300249,11009124,73,-897918176,3569,43,83,-8,True
12300249,11009124,57,-701114192,3569,43,83,-7,True
12300249,11009124,43,-528910706,3569,43,83,-6,True
12300249,11009124,31,-381307718,3569,43,83,-5,True
12300249,11009124,21,-258305228,3569,43,83,-4,True
12300249,11009124,13,-159903236,3569,43,83,-3,True
12300249,11009124,7,-86101742,3569,43,83,-2,True
12300249,11009124,3,-36900746,3569,43,83,-1,True
12300249,11009124,1,-12300248,3569,43,83,0,True
12300249,11009124,1,-12300248,3569,43,83,1,True
12300249,11009124,3,-36900746,3569,43,83,2,True
12300249,11009124,7,-86101742,3569,43,83,3,True
12300249,11009124,13,-159903236,3569,43,83,4,True
12300249,11009124,21,-258305228,3569,43,83,5,True
12300249,11009124,31,-381307718,3569,43,83,6,True
12300249,11009124,43,-528910706,3569,43,83,7,True
12300249,11009124,57,-701114192,3569,43,83,8,True
12300249,11009124,73,-897918176,3569,43,83,9,True
12300249,11009124,91,-1119322658,3569,43,83,10,True
14154231,12702096,111,-1571119640,3827,43,89,-10,True
14154231,12702096,91,-1288035020,3827,43,89,-9,True
14154231,12702096,73,-1033258862,3827,43,89,-8,True
14154231,12702096,57,-806791166,3827,43,89,-7,True
14154231,12702096,43,-608631932,3827,43,89,-6,True
14154231,12702096,31,-438781160,3827,43,89,-5,True
14154231,12702096,21,-297238850,3827,43,89,-4,True
14154231,12702096,13,-184005002,3827,43,89,-3,True
14154231,12702096,7,-99079616,3827,43,89,-2,True
14154231,12702096,3,-42462692,3827,43,89,-1,True
14154231,12702096,1,-14154230,3827,43,89,0,True
14154231,12702096,1,-14154230,3827,43,89,1,True
14154231,12702096,3,-42462692,3827,43,89,2,True
14154231,12702096,7,-99079616,3827,43,89,3,True
14154231,12702096,13,-184005002,3827,43,89,4,True
14154231,12702096,21,-297238850,3827,43,89,5,True
14154231,12702096,31,-438781160,3827,43,89,6,True
14154231,12702096,43,-608631932,3827,43,89,7,True
14154231,12702096,57,-806791166,3827,43,89,8,True
14154231,12702096,73,-1033258862,3827,43,89,9,True
14154231,12702096,91,-1288035020,3827,43,89,10,True
16828591,15147664,111,-1867973600,4171,43,97,-10,True
16828591,15147664,91,-1531401780,4171,43,97,-9,True
16828591,15147664,73,-1228487142,4171,43,97,-8,True
16828591,15147664,57,-959229686,4171,43,97,-7,True
16828591,15147664,43,-723629412,4171,43,97,-6,True
16828591,15147664,31,-521686320,4171,43,97,-5,True
16828591,15147664,21,-353400410,4171,43,97,-4,True
16828591,15147664,13,-218771682,4171,43,97,-3,True
16828591,15147664,7,-117800136,4171,43,97,-2,True
16828591,15147664,3,-50485772,4171,43,97,-1,True
16828591,15147664,1,-16828590,4171,43,97,0,True
16828591,15147664,1,-16828590,4171,43,97,1,True
16828591,15147664,3,-50485772,4171,43,97,2,True
16828591,15147664,7,-117800136,4171,43,97,3,True
16828591,15147664,13,-218771682,4171,43,97,4,True
16828591,15147664,21,-353400410,4171,43,97,5,True
16828591,15147664,31,-521686320,4171,43,97,6,True
16828591,15147664,43,-723629412,4171,43,97,7,True
16828591,15147664,57,-959229686,4171,43,97,8,True
16828591,15147664,73,-1228487142,4171,43,97,9,True
16828591,15147664,91,-1531401780,4171,43,97,10,True
5963391,5253264,111,-661936400,2491,47,53,-10,True
5963391,5253264,91,-542668580,2491,47,53,-9,True
5963391,5253264,73,-435327542,2491,47,53,-8,True
5963391,5253264,57,-339913286,2491,47,53,-7,True
5963391,5253264,43,-256425812,2491,47,53,-6,True
5963391,5253264,31,-184865120,2491,47,53,-5,True
5963391,5253264,21,-125231210,2491,47,53,-4,True
5963391,5253264,13,-77524082,2491,47,53,-3,True
5963391,5253264,7,-41743736,2491,47,53,-2,True
5963391,5253264,3,-17890172,2491,47,53,-1,True
5963391,5253264,1,-5963390,2491,47,53,0,True
5963391,5253264,1,-5963390,2491,47,53,1,True
5963391,5253264,3,-17890172,2491,47,53,2,True
5963391,5253264,7,-41743736,2491,47,53,3,True
5963391,5253264,13,-77524082,2491,47,53,4,True
5963391,5253264,21,-125231210,2491,47,53,5,True
5963391,5253264,31,-184865120,2491,47,53,6,True
5963391,5253264,43,-256425812,2491,47,53,7,True
5963391,5253264,57,-339913286,2491,47,53,8,True
5963391,5253264,73,-435327542,2491,47,53,9,True
5963391,5253264,91,-542668580,2491,47,53,10,True
7403949,6563844,111,-821838338,2773,47,59,-10,True
7403949,6563844,91,-673759358,2773,47,59,-9,True
7403949,6563844,73,-540488276,2773,47,59,-8,True
7403949,6563844,57,-422025092,2773,47,59,-7,True
7403949,6563844,43,-318369806,2773,47,59,-6,True
7403949,6563844,31,-229522418,2773,47,59,-5,True
7403949,6563844,21,-155482928,2773,47,59,-4,True
7403949,6563844,13,-96251336,2773,47,59,-3,True
7403949,6563844,7,-51827642,2773,47,59,-2,True
7403949,6563844,3,-22211846,2773,47,59,-1,True
7403949,6563844,1,-7403948,2773,47,59,0,True
7403949,6563844,1,-7403948,2773,47,59,1,True
7403949,6563844,3,-22211846,2773,47,59,2,True
7403949,6563844,7,-51827642,2773,47,59,3,True
7403949,6563844,13,-96251336,2773,47,59,4,True
7403949,6563844,21,-155482928,2773,47,59,5,True
7403949,6563844,31,-229522418,2773,47,59,6,True
7403949,6563844,43,-318369806,2773,47,59,7,True
7403949,6563844,57,-422025092,2773,47,59,8,True
7403949,6563844,73,-540488276,2773,47,59,9,True
7403949,6563844,91,-673759358,2773,47,59,10,True
7918743,7033104,111,-878980472,2867,47,61,-10,True
7918743,7033104,91,-720605612,2867,47,61,-9,True
7918743,7033104,73,-578068238,2867,47,61,-8,True
7918743,7033104,57,-451368350,2867,47,61,-7,True
7918743,7033104,43,-340505948,2867,47,61,-6,True
7918743,7033104,31,-245481032,2867,47,61,-5,True
7918743,7033104,21,-166293602,2867,47,61,-4,True
7918743,7033104,13,-102943658,2867,47,61,-3,True
7918743,7033104,7,-55431200,2867,47,61,-2,True
7918743,7033104,3,-23756228,2867,47,61,-1,True
7918743,7033104,1,-7918742,2867,47,61,0,True
7918743,7033104,1,-7918742,2867,47,61,1,True
7918743,7033104,3,-23756228,2867,47,61,2,True
7918743,7033104,7,-55431200,2867,47,61,3,True
7918743,7033104,13,-102943658,2867,47,61,4,True
7918743,7033104,21,-166293602,2867,47,61,5,True
7918743,7033104,31,-245481032,2867,47,61,6,True
7918743,7033104,43,-340505948,2867,47,61,7,True
7918743,7033104,57,-451368350,2867,47,61,8,True
7918743,7033104,73,-578068238,2867,47,61,9,True
7918743,7033104,91,-720605612,2867,47,61,10,True
9566949,8538084,111,-1061931338,3149,47,67,-10,True
9566949,8538084,91,-870592358,3149,47,67,-9,True
9566949,8538084,73,-698387276,3149,47,67,-8,True
9566949,8538084,57,-545316092,3149,47,67,-7,True
9566949,8538084,43,-411378806,3149,47,67,-6,True
9566949,8538084,31,-296575418,3149,47,67,-5,True
9566949,8538084,21,-200905928,3149,47,67,-4,True
9566949,8538084,13,-124370336,3149,47,67,-3,True
9566949,8538084,7,-66968642,3149,47,67,-2,True
9566949,8538084,3,-28700846,3149,47,67,-1,True
9566949,8538084,1,-9566948,3149,47,67,0,True
9566949,8538084,1,-9566948,3149,47,67,1,True
9566949,8538084,3,-28700846,3149,47,67,2,True
9566949,8538084,7,-66968642,3149,47,67,3,True
9566949,8538084,13,-124370336,3149,47,67,4,True
9566949,8538084,21,-200905928,3149,47,67,5,True
9566949,8538084,31,-296575418,3149,47,67,6,True
9566949,8538084,43,-411378806,3149,47,67,7,True
9566949,8538084,57,-545316092,3149,47,67,8,True
9566949,8538084,73,-698387276,3149,47,67,9,True
9566949,8538084,91,-870592358,3149,47,67,10,True
10752273,9622404,111,-1193502302,3337,47,71,-10,True
10752273,9622404,91,-978456842,3337,47,71,-9,True
10752273,9622404,73,-784915928,3337,47,71,-8,True
10752273,9622404,57,-612879560,3337,47,71,-7,True
10752273,9622404,43,-462347738,3337,47,71,-6,True
10752273,9622404,31,-333320462,3337,47,71,-5,True
10752273,9622404,21,-225797732,3337,47,71,-4,True
10752273,9622404,13,-139779548,3337,47,71,-3,True
10752273,9622404,7,-75265910,3337,47,71,-2,True
10752273,9622404,3,-32256818,3337,47,71,-1,True
10752273,9622404,1,-10752272,3337,47,71,0,True
10752273,9622404,1,-10752272,3337,47,71,1,True
10752273,9622404,3,-32256818,3337,47,71,2,True
10752273,9622404,7,-75265910,3337,47,71,3,True
10752273,9622404,13,-139779548,3337,47,71,4,True
10752273,9622404,21,-225797732,3337,47,71,5,True
10752273,9622404,31,-333320462,3337,47,71,6,True
10752273,9622404,43,-462347738,3337,47,71,7,True
10752273,9622404,57,-612879560,3337,47,71,8,True
10752273,9622404,73,-784915928,3337,47,71,9,True
10752273,9622404,91,-978456842,3337,47,71,10,True
11370891,10188864,111,-1262168900,3431,47,73,-10,True
11370891,10188864,91,-1034751080,3431,47,73,-9,True
11370891,10188864,73,-830075042,3431,47,73,-8,True
11370891,10188864,57,-648140786,3431,47,73,-7,True
11370891,10188864,43,-488948312,3431,47,73,-6,True
11370891,10188864,31,-352497620,3431,47,73,-5,True
11370891,10188864,21,-238788710,3431,47,73,-4,True
11370891,10188864,13,-147821582,3431,47,73,-3,True
11370891,10188864,7,-79596236,3431,47,73,-2,True
11370891,10188864,3,-34112672,3431,47,73,-1,True
11370891,10188864,1,-11370890,3431,47,73,0,True
11370891,10188864,1,-11370890,3431,47,73,1,True
11370891,10188864,3,-34112672,3431,47,73,2,True
11370891,10188864,7,-79596236,3431,47,73,3,True
11370891,10188864,13,-147821582,3431,47,73,4,True
11370891,10188864,21,-238788710,3431,47,73,5,True
11370891,10188864,31,-352497620,3431,47,73,6,True
11370891,10188864,43,-488948312,3431,47,73,7,True
11370891,10188864,57,-648140786,3431,47,73,8,True
11370891,10188864,73,-830075042,3431,47,73,9,True
11370891,10188864,91,-1034751080,3431,47,73,10,True
13330569,11985444,111,-1479693158,3713,47,79,-10,True
13330569,11985444,91,-1213081778,3713,47,79,-9,True
13330569,11985444,73,-973131536,3713,47,79,-8,True
13330569,11985444,57,-759842432,3713,47,79,-7,True
13330569,11985444,43,-573214466,3713,47,79,-6,True
13330569,11985444,31,-413247638,3713,47,79,-5,True
13330569,11985444,21,-279941948,3713,47,79,-4,True
13330569,11985444,13,-173297396,3713,47,79,-3,True
13330569,11985444,7,-93313982,3713,47,79,-2,True
13330569,11985444,3,-39991706,3713,47,79,-1,True
13330569,11985444,1,-13330568,3713,47,79,0,True
13330569,11985444,1,-13330568,3713,47,79,1,True
13330569,11985444,3,-39991706,3713,47,79,2,True
13330569,11985444,7,-93313982,3713,47,79,3,True
13330569,11985444,13,-173297396,3713,47,79,4,True
13330569,11985444,21,-279941948,3713,47,79,5,True
13330569,11985444,31,-413247638,3713,47,79,6,True
13330569,11985444,43,-573214466,3713,47,79,7,True
13330569,11985444,57,-759842432,3713,47,79,8,True
13330569,11985444,73,-973131536,3713,47,79,9,True
13330569,11985444,91,-1213081778,3713,47,79,10,True
14723541,13264164,111,-1634313050,3901,47,83,-10,True
14723541,13264164,91,-1339842230,3901,47,83,-9,True
14723541,13264164,73,-1074818492,3901,47,83,-8,True
14723541,13264164,57,-839241836,3901,47,83,-7,True
14723541,13264164,43,-633112262,3901,47,83,-6,True
14723541,13264164,31,-456429770,3901,47,83,-5,True
14723541,13264164,21,-309194360,3901,47,83,-4,True
14723541,13264164,13,-191406032,3901,47,83,-3,True
14723541,13264164,7,-103064786,3901,47,83,-2,True
14723541,13264164,3,-44170622,3901,47,83,-1,True
14723541,13264164,1,-14723540,3901,47,83,0,True
14723541,13264164,1,-14723540,3901,47,83,1,True
14723541,13264164,3,-44170622,3901,47,83,2,True
14723541,13264164,7,-103064786,3901,47,83,3,True
14723541,13264164,13,-191406032,3901,47,83,4,True
14723541,13264164,21,-309194360,3901,47,83,5,True
14723541,13264164,31,-456429770,3901,47,83,6,True
14723541,13264164,43,-633112262,3901,47,83,7,True
14723541,13264164,57,-839241836,3901,47,83,8,True
14723541,13264164,73,-1074818492,3901,47,83,9,True
14723541,13264164,91,-1339842230,3901,47,83,10,True
16942779,15303744,111,-1880648468,4183,47,89,-10,True
16942779,15303744,91,-1541792888,4183,47,89,-9,True
16942779,15303744,73,-1236822866,4183,47,89,-8,True
16942779,15303744,57,-965738402,4183,47,89,-7,True
16942779,15303744,43,-728539496,4183,47,89,-6,True
16942779,15303744,31,-525226148,4183,47,89,-5,True
16942779,15303744,21,-355798358,4183,47,89,-4,True
16942779,15303744,13,-220256126,4183,47,89,-3,True
16942779,15303744,7,-118599452,4183,47,89,-2,True
16942779,15303744,3,-50828336,4183,47,89,-1,True
16942779,15303744,1,-16942778,4183,47,89,0,True
16942779,15303744,1,-16942778,4183,47,89,1,True
16942779,15303744,3,-50828336,4183,47,89,2,True
16942779,15303744,7,-118599452,4183,47,89,3,True
16942779,15303744,13,-220256126,4183,47,89,4,True
16942779,15303744,21,-355798358,4183,47,89,5,True
16942779,15303744,31,-525226148,4183,47,89,6,True
16942779,15303744,43,-728539496,4183,47,89,7,True
16942779,15303744,57,-965738402,4183,47,89,8,True
16942779,15303744,73,-1236822866,4183,47,89,9,True
16942779,15303744,91,-1541792888,4183,47,89,10,True
20144019,18249984,111,-2235986108,4559,47,97,-10,True
20144019,18249984,91,-1833105728,4559,47,97,-9,True
20144019,18249984,73,-1470513386,4559,47,97,-8,True
20144019,18249984,57,-1148209082,4559,47,97,-7,True
20144019,18249984,43,-866192816,4559,47,97,-6,True
20144019,18249984,31,-624464588,4559,47,97,-5,True
20144019,18249984,21,-423024398,4559,47,97,-4,True
20144019,18249984,13,-261872246,4559,47,97,-3,True
20144019,18249984,7,-141008132,4559,47,97,-2,True
20144019,18249984,3,-60432056,4559,47,97,-1,True
20144019,18249984,1,-20144018,4559,47,97,0,True
20144019,18249984,1,-20144018,4559,47,97,1,True
20144019,18249984,3,-60432056,4559,47,97,2,True
20144019,18249984,7,-141008132,4559,47,97,3,True
20144019,18249984,13,-261872246,4559,47,97,4,True
20144019,18249984,21,-423024398,4559,47,97,5,True
20144019,18249984,31,-624464588,4559,47,97,6,True
20144019,18249984,43,-866192816,4559,47,97,7,True
20144019,18249984,57,-1148209082,4559,47,97,8,True
20144019,18249984,73,-1470513386,4559,47,97,9,True
20144019,18249984,91,-1833105728,4559,47,97,10,True
9437211,8433216,111,-1047530420,3127,53,59,-10,True
9437211,8433216,91,-858786200,3127,53,59,-9,True
9437211,8433216,73,-688916402,3127,53,59,-8,True
9437211,8433216,57,-537921026,3127,53,59,-7,True
9437211,8433216,43,-405800072,3127,53,59,-6,True
9437211,8433216,31,-292553540,3127,53,59,-5,True
9437211,8433216,21,-198181430,3127,53,59,-4,True
9437211,8433216,13,-122683742,3127,53,59,-3,True
9437211,8433216,7,-66060476,3127,53,59,-2,True
9437211,8433216,3,-28311632,3127,53,59,-1,True
9437211,8433216,1,-9437210,3127,53,59,0,True
9437211,8433216,1,-9437210,3127,53,59,1,True
9437211,8433216,3,-28311632,3127,53,59,2,True
9437211,8433216,7,-66060476,3127,53,59,3,True
9437211,8433216,13,-122683742,3127,53,59,4,True
9437211,8433216,21,-198181430,3127,53,59,5,True
9437211,8433216,31,-292553540,3127,53,59,6,True
9437211,8433216,43,-405800072,3127,53,59,7,True
9437211,8433216,57,-537921026,3127,53,59,8,True
9437211,8433216,73,-688916402,3127,53,59,9,True
9437211,8433216,91,-858786200,3127,53,59,10,True
10093377,9036036,111,-1120364846,3233,53,61,-10,True
10093377,9036036,91,-918497306,3233,53,61,-9,True
10093377,9036036,73,-736816520,3233,53,61,-8,True
10093377,9036036,57,-575322488,3233,53,61,-7,True
10093377,9036036,43,-434015210,3233,53,61,-6,True
10093377,9036036,31,-312894686,3233,53,61,-5,True
10093377,9036036,21,-211960916,3233,53,61,-4,True
10093377,9036036,13,-131213900,3233,53,61,-3,True
10093377,9036036,7,-70653638,3233,53,61,-2,True
10093377,9036036,3,-30280130,3233,53,61,-1,True
10093377,9036036,1,-10093376,3233,53,61,0,True
10093377,9036036,1,-10093376,3233,53,61,1,True
10093377,9036036,3,-30280130,3233,53,61,2,True
10093377,9036036,7,-70653638,3233,53,61,3,True
10093377,9036036,13,-131213900,3233,53,61,4,True
10093377,9036036,21,-211960916,3233,53,61,5,True
10093377,9036036,31,-312894686,3233,53,61,6,True
10093377,9036036,43,-434015210,3233,53,61,7,True
10093377,9036036,57,-575322488,3233,53,61,8,True
10093377,9036036,73,-736816520,3233,53,61,9,True
10093377,9036036,91,-918497306,3233,53,61,10,True
12194211,10969344,111,-1353557420,3551,53,67,-10,True
12194211,10969344,91,-1109673200,3551,53,67,-9,True
12194211,10969344,73,-890177402,3551,53,67,-8,True
12194211,10969344,57,-695070026,3551,53,67,-7,True
12194211,10969344,43,-524351072,3551,53,67,-6,True
12194211,10969344,31,-378020540,3551,53,67,-5,True
12194211,10969344,21,-256078430,3551,53,67,-4,True
12194211,10969344,13,-158524742,3551,53,67,-3,True
12194211,10969344,7,-85359476,3551,53,67,-2,True
12194211,10969344,3,-36582632,3551,53,67,-1,True
12194211,10969344,1,-12194210,3551,53,67,0,True
12194211,10969344,1,-12194210,3551,53,67,1,True
12194211,10969344,3,-36582632,3551,53,67,2,True
12194211,10969344,7,-85359476,3551,53,67,3,True
12194211,10969344,13,-158524742,3551,53,67,4,True
12194211,10969344,21,-256078430,3551,53,67,5,True
12194211,10969344,31,-378020540,3551,53,67,6,True
12194211,10969344,43,-524351072,3551,53,67,7,True
12194211,10969344,57,-695070026,3551,53,67,8,True
12194211,10969344,73,-890177402,3551,53,67,9,True
12194211,10969344,91,-1109673200,3551,53,67,10,True
13705047,12362256,111,-1521260216,3763,53,71,-10,True
13705047,12362256,91,-1247159276,3763,53,71,-9,True
13705047,12362256,73,-1000468430,3763,53,71,-8,True
13705047,12362256,57,-781187678,3763,53,71,-7,True
13705047,12362256,43,-589317020,3763,53,71,-6,True
13705047,12362256,31,-424856456,3763,53,71,-5,True
13705047,12362256,21,-287805986,3763,53,71,-4,True
13705047,12362256,13,-178165610,3763,53,71,-3,True
13705047,12362256,7,-95935328,3763,53,71,-2,True
13705047,12362256,3,-41115140,3763,53,71,-1,True
13705047,12362256,1,-13705046,3763,53,71,0,True
13705047,12362256,1,-13705046,3763,53,71,1,True
13705047,12362256,3,-41115140,3763,53,71,2,True
13705047,12362256,7,-95935328,3763,53,71,3,True
13705047,12362256,13,-178165610,3763,53,71,4,True
13705047,12362256,21,-287805986,3763,53,71,5,True
13705047,12362256,31,-424856456,3763,53,71,6,True
13705047,12362256,43,-589317020,3763,53,71,7,True
13705047,12362256,57,-781187678,3763,53,71,8,True
13705047,12362256,73,-1000468430,3763,53,71,9,True
13705047,12362256,91,-1247159276,3763,53,71,10,True
14493549,13089924,111,-1608783938,3869,53,73,-10,True
14493549,13089924,91,-1318912958,3869,53,73,-9,True
14493549,13089924,73,-1058029076,3869,53,73,-8,True
14493549,13089924,57,-826132292,3869,53,73,-7,True
14493549,13089924,43,-623222606,3869,53,73,-6,True
14493549,13089924,31,-449300018,3869,53,73,-5,True
14493549,13089924,21,-304364528,3869,53,73,-4,True
14493549,13089924,13,-188416136,3869,53,73,-3,True
14493549,13089924,7,-101454842,3869,53,73,-2,True
14493549,13089924,3,-43480646,3869,53,73,-1,True
14493549,13089924,1,-14493548,3869,53,73,0,True
14493549,13089924,1,-14493548,3869,53,73,1,True
14493549,13089924,3,-43480646,3869,53,73,2,True
14493549,13089924,7,-101454842,3869,53,73,3,True
14493549,13089924,13,-188416136,3869,53,73,4,True
14493549,13089924,21,-304364528,3869,53,73,5,True
14493549,13089924,31,-449300018,3869,53,73,6,True
14493549,13089924,43,-623222606,3869,53,73,7,True
14493549,13089924,57,-826132292,3869,53,73,8,True
14493549,13089924,73,-1058029076,3869,53,73,9,True
14493549,13089924,91,-1318912958,3869,53,73,10,True
16991391,15397776,111,-1886044400,4187,53,79,-10,True
16991391,15397776,91,-1546216580,4187,53,79,-9,True
16991391,15397776,73,-1240371542,4187,53,79,-8,True
16991391,15397776,57,-968509286,4187,53,79,-7,True
16991391,15397776,43,-730629812,4187,53,79,-6,True
16991391,15397776,31,-526733120,4187,53,79,-5,True
16991391,15397776,21,-356819210,4187,53,79,-4,True
16991391,15397776,13,-220888082,4187,53,79,-3,True
16991391,15397776,7,-118939736,4187,53,79,-2,True
16991391,15397776,3,-50974172,4187,53,79,-1,True
16991391,15397776,1,-16991390,4187,53,79,0,True
16991391,15397776,1,-16991390,4187,53,79,1,True
16991391,15397776,3,-50974172,4187,53,79,2,True
16991391,15397776,7,-118939736,4187,53,79,3,True
16991391,15397776,13,-220888082,4187,53,79,4,True
16991391,15397776,21,-356819210,4187,53,79,5,True
16991391,15397776,31,-526733120,4187,53,79,6,True
16991391,15397776,43,-730629812,4187,53,79,7,True
16991391,15397776,57,-968509286,4187,53,79,8,True
16991391,15397776,73,-1240371542,4187,53,79,9,True
16991391,15397776,91,-1546216580,4187,53,79,10,True
18766899,17040384,111,-2083125788,4399,53,83,-10,True
18766899,17040384,91,-1707787808,4399,53,83,-9,True
18766899,17040384,73,-1369983626,4399,53,83,-8,True
18766899,17040384,57,-1069713242,4399,53,83,-7,True
18766899,17040384,43,-806976656,4399,53,83,-6,True
18766899,17040384,31,-581773868,4399,53,83,-5,True
18766899,17040384,21,-394104878,4399,53,83,-4,True
18766899,17040384,13,-243969686,4399,53,83,-3,True
18766899,17040384,7,-131368292,4399,53,83,-2,True
18766899,17040384,3,-56300696,4399,53,83,-1,True
18766899,17040384,1,-18766898,4399,53,83,0,True
18766899,17040384,1,-18766898,4399,53,83,1,True
18766899,17040384,3,-56300696,4399,53,83,2,True
18766899,17040384,7,-131368292,4399,53,83,3,True
18766899,17040384,13,-243969686,4399,53,83,4,True
18766899,17040384,21,-394104878,4399,53,83,5,True
18766899,17040384,31,-581773868,4399,53,83,6,True
18766899,17040384,43,-806976656,4399,53,83,7,True
18766899,17040384,57,-1069713242,4399,53,83,8,True
18766899,17040384,73,-1369983626,4399,53,83,9,True
18766899,17040384,91,-1707787808,4399,53,83,10,True
21595581,19660356,111,-2397109490,4717,53,89,-10,True
21595581,19660356,91,-1965197870,4717,53,89,-9,True
21595581,19660356,73,-1576477412,4717,53,89,-8,True
21595581,19660356,57,-1230948116,4717,53,89,-7,True
21595581,19660356,43,-928609982,4717,53,89,-6,True
21595581,19660356,31,-669463010,4717,53,89,-5,True
21595581,19660356,21,-453507200,4717,53,89,-4,True
21595581,19660356,13,-280742552,4717,53,89,-3,True
21595581,19660356,7,-151169066,4717,53,89,-2,True
21595581,19660356,3,-64786742,4717,53,89,-1,True
21595581,19660356,1,-21595580,4717,53,89,0,True
21595581,19660356,1,-21595580,4717,53,89,1,True
21595581,19660356,3,-64786742,4717,53,89,2,True
21595581,19660356,7,-151169066,4717,53,89,3,True
21595581,19660356,13,-280742552,4717,53,89,4,True
21595581,19660356,21,-453507200,4717,53,89,5,True
21595581,19660356,31,-669463010,4717,53,89,6,True
21595581,19660356,43,-928609982,4717,53,89,7,True
21595581,19660356,57,-1230948116,4717,53,89,8,True
21595581,19660356,73,-1576477412,4717,53,89,9,True
21595581,19660356,91,-1965197870,4717,53,89,10,True
25675941,23444964,111,-2850029450,5141,53,97,-10,True
25675941,23444964,91,-2336510630,5141,53,97,-9,True
25675941,23444964,73,-1874343692,5141,53,97,-8,True
25675941,23444964,57,-1463528636,5141,53,97,-7,True
25675941,23444964,43,-1104065462,5141,53,97,-6,True
25675941,23444964,31,-795954170,5141,53,97,-5,True
25675941,23444964,21,-539194760,5141,53,97,-4,True
25675941,23444964,13,-333787232,5141,53,97,-3,True
25675941,23444964,7,-179731586,5141,53,97,-2,True
25675941,23444964,3,-77027822,5141,53,97,-1,True
25675941,23444964,1,-25675940,5141,53,97,0,True
25675941,23444964,1,-25675940,5141,53,97,1,True
25675941,23444964,3,-77027822,5141,53,97,2,True
25675941,23444964,7,-179731586,5141,53,97,3,True
25675941,23444964,13,-333787232,5141,53,97,4,True
25675941,23444964,21,-539194760,5141,53,97,5,True
25675941,23444964,31,-795954170,5141,53,97,6,True
25675941,23444964,43,-1104065462,5141,53,97,7,True
25675941,23444964,57,-1463528636,5141,53,97,8,True
25675941,23444964,73,-1874343692,5141,53,97,9,True
25675941,23444964,91,-2336510630,5141,53,97,10,True
12531603,11289600,111,-1391007932,3599,59,61,-10,True
12531603,11289600,91,-1140375872,3599,59,61,-9,True
12531603,11289600,73,-914807018,3599,59,61,-8,True
12531603,11289600,57,-714301370,3599,59,61,-7,True
12531603,11289600,43,-538858928,3599,59,61,-6,True
12531603,11289600,31,-388479692,3599,59,61,-5,True
12531603,11289600,21,-263163662,3599,59,61,-4,True
12531603,11289600,13,-162910838,3599,59,61,-3,True
12531603,11289600,7,-87721220,3599,59,61,-2,True
12531603,11289600,3,-37594808,3599,59,61,-1,True
12531603,11289600,1,-12531602,3599,59,61,0,True
12531603,11289600,1,-12531602,3599,59,61,1,True
12531603,11289600,3,-37594808,3599,59,61,2,True
12531603,11289600,7,-87721220,3599,59,61,3,True
12531603,11289600,13,-162910838,3599,59,61,4,True
12531603,11289600,21,-263163662,3599,59,61,5,True
12531603,11289600,31,-388479692,3599,59,61,6,True
12531603,11289600,43,-538858928,3599,59,61,7,True
12531603,11289600,57,-714301370,3599,59,61,8,True
12531603,11289600,73,-914807018,3599,59,61,9,True
12531603,11289600,91,-1140375872,3599,59,61,10,True
15139929,13704804,111,-1680532118,3953,59,67,-10,True
15139929,13704804,91,-1377733538,3953,59,67,-9,True
15139929,13704804,73,-1105214816,3953,59,67,-8,True
15139929,13704804,57,-862975952,3953,59,67,-7,True
15139929,13704804,43,-651016946,3953,59,67,-6,True
15139929,13704804,31,-469337798,3953,59,67,-5,True
15139929,13704804,21,-317938508,3953,59,67,-4,True
15139929,13704804,13,-196819076,3953,59,67,-3,True
15139929,13704804,7,-105979502,3953,59,67,-2,True
15139929,13704804,3,-45419786,3953,59,67,-1,True
15139929,13704804,1,-15139928,3953,59,67,0,True
15139929,13704804,1,-15139928,3953,59,67,1,True
15139929,13704804,3,-45419786,3953,59,67,2,True
15139929,13704804,7,-105979502,3953,59,67,3,True
15139929,13704804,13,-196819076,3953,59,67,4,True
15139929,13704804,21,-317938508,3953,59,67,5,True
15139929,13704804,31,-469337798,3953,59,67,6,True
15139929,13704804,43,-651016946,3953,59,67,7,True
15139929,13704804,57,-862975952,3953,59,67,8,True
15139929,13704804,73,-1105214816,3953,59,67,9,True
15139929,13704804,91,-1377733538,3953,59,67,10,True
17015733,15444900,111,-1888746362,4189,59,71,-10,True
17015733,15444900,91,-1548431702,4189,59,71,-9,True
17015733,15444900,73,-1242148508,4189,59,71,-8,True
17015733,15444900,57,-969896780,4189,59,71,-7,True
17015733,15444900,43,-731676518,4189,59,71,-6,True
17015733,15444900,31,-527487722,4189,59,71,-5,True
17015733,15444900,21,-357330392,4189,59,71,-4,True
17015733,15444900,13,-221204528,4189,59,71,-3,True
17015733,15444900,7,-119110130,4189,59,71,-2,True
17015733,15444900,3,-51047198,4189,59,71,-1,True
17015733,15444900,1,-17015732,4189,59,71,0,True
17015733,15444900,1,-17015732,4189,59,71,1,True
17015733,15444900,3,-51047198,4189,59,71,2,True
17015733,15444900,7,-119110130,4189,59,71,3,True
17015733,15444900,13,-221204528,4189,59,71,4,True
17015733,15444900,21,-357330392,4189,59,71,5,True
17015733,15444900,31,-527487722,4189,59,71,6,True
17015733,15444900,43,-731676518,4189,59,71,7,True
17015733,15444900,57,-969896780,4189,59,71,8,True
17015733,15444900,73,-1242148508,4189,59,71,9,True
17015733,15444900,91,-1548431702,4189,59,71,10,True
17994711,16353936,111,-1997412920,4307,59,73,-10,True
17994711,16353936,91,-1637518700,4307,59,73,-9,True
17994711,16353936,73,-1313613902,4307,59,73,-8,True
17994711,16353936,57,-1025698526,4307,59,73,-7,True
17994711,16353936,43,-773772572,4307,59,73,-6,True
17994711,16353936,31,-557836040,4307,59,73,-5,True
17994711,16353936,21,-377888930,4307,59,73,-4,True
17994711,16353936,13,-233931242,4307,59,73,-3,True
17994711,16353936,7,-125962976,4307,59,73,-2,True
17994711,16353936,3,-53984132,4307,59,73,-1,True
17994711,16353936,1,-17994710,4307,59,73,0,True
17994711,16353936,1,-17994710,4307,59,73,1,True
17994711,16353936,3,-53984132,4307,59,73,2,True
17994711,16353936,7,-125962976,4307,59,73,3,True
17994711,16353936,13,-233931242,4307,59,73,4,True
17994711,16353936,21,-377888930,4307,59,73,5,True
17994711,16353936,31,-557836040,4307,59,73,6,True
17994711,16353936,43,-773772572,4307,59,73,7,True
17994711,16353936,57,-1025698526,4307,59,73,8,True
17994711,16353936,73,-1313613902,4307,59,73,9,True
17994711,16353936,91,-1637518700,4307,59,73,10,True
21095949,19236996,111,-2341650338,4661,59,79,-10,True
21095949,19236996,91,-1919731358,4661,59,79,-9,True
21095949,19236996,73,-1540004276,4661,59,79,-8,True
21095949,19236996,57,-1202469092,4661,59,79,-7,True
21095949,19236996,43,-907125806,4661,59,79,-6,True
21095949,19236996,31,-653974418,4661,59,79,-5,True
21095949,19236996,21,-443014928,4661,59,79,-4,True
21095949,19236996,13,-274247336,4661,59,79,-3,True
21095949,19236996,7,-147671642,4661,59,79,-2,True
21095949,19236996,3,-63287846,4661,59,79,-1,True
21095949,19236996,1,-21095948,4661,59,79,0,True
21095949,19236996,1,-21095948,4661,59,79,1,True
21095949,19236996,3,-63287846,4661,59,79,2,True
21095949,19236996,7,-147671642,4661,59,79,3,True
21095949,19236996,13,-274247336,4661,59,79,4,True
21095949,19236996,21,-443014928,4661,59,79,5,True
21095949,19236996,31,-653974418,4661,59,79,6,True
21095949,19236996,43,-907125806,4661,59,79,7,True
21095949,19236996,57,-1202469092,4661,59,79,8,True
21095949,19236996,73,-1540004276,4661,59,79,9,True
21095949,19236996,91,-1919731358,4661,59,79,10,True
23300361,21288996,111,-2586340070,4897,59,83,-10,True
23300361,21288996,91,-2120332850,4897,59,83,-9,True
23300361,21288996,73,-1700926352,4897,59,83,-8,True
23300361,21288996,57,-1328120576,4897,59,83,-7,True
23300361,21288996,43,-1001915522,4897,59,83,-6,True
23300361,21288996,31,-722311190,4897,59,83,-5,True
23300361,21288996,21,-489307580,4897,59,83,-4,True
23300361,21288996,13,-302904692,4897,59,83,-3,True
23300361,21288996,7,-163102526,4897,59,83,-2,True
23300361,21288996,3,-69901082,4897,59,83,-1,True
23300361,21288996,1,-23300360,4897,59,83,0,True
23300361,21288996,1,-23300360,4897,59,83,1,True
23300361,21288996,3,-69901082,4897,59,83,2,True
23300361,21288996,7,-163102526,4897,59,83,3,True
23300361,21288996,13,-302904692,4897,59,83,4,True
23300361,21288996,21,-489307580,4897,59,83,5,True
23300361,21288996,31,-722311190,4897,59,83,6,True
23300361,21288996,43,-1001915522,4897,59,83,7,True
23300361,21288996,57,-1328120576,4897,59,83,8,True
23300361,21288996,73,-1700926352,4897,59,83,9,True
23300361,21288996,91,-2120332850,4897,59,83,10,True
26812359,24561936,111,-2976171848,5251,59,89,-10,True
26812359,24561936,91,-2439924668,5251,59,89,-9,True
26812359,24561936,73,-1957302206,5251,59,89,-8,True
26812359,24561936,57,-1528304462,5251,59,89,-7,True
26812359,24561936,43,-1152931436,5251,59,89,-6,True
26812359,24561936,31,-831183128,5251,59,89,-5,True
26812359,24561936,21,-563059538,5251,59,89,-4,True
26812359,24561936,13,-348560666,5251,59,89,-3,True
26812359,24561936,7,-187686512,5251,59,89,-2,True
26812359,24561936,3,-80437076,5251,59,89,-1,True
26812359,24561936,1,-26812358,5251,59,89,0,True
26812359,24561936,1,-26812358,5251,59,89,1,True
26812359,24561936,3,-80437076,5251,59,89,2,True
26812359,24561936,7,-187686512,5251,59,89,3,True
26812359,24561936,13,-348560666,5251,59,89,4,True
26812359,24561936,21,-563059538,5251,59,89,5,True
26812359,24561936,31,-831183128,5251,59,89,6,True
26812359,24561936,43,-1152931436,5251,59,89,7,True
26812359,24561936,57,-1528304462,5251,59,89,8,True
26812359,24561936,73,-1957302206,5251,59,89,9,True
26812359,24561936,91,-2439924668,5251,59,89,10,True
31878399,29289744,111,-3538502288,5723,59,97,-10,True
31878399,29289744,91,-2900934308,5723,59,97,-9,True
31878399,29289744,73,-2327123126,5723,59,97,-8,True
31878399,29289744,57,-1817068742,5723,59,97,-7,True
31878399,29289744,43,-1370771156,5723,59,97,-6,True
31878399,29289744,31,-988230368,5723,59,97,-5,True
31878399,29289744,21,-669446378,5723,59,97,-4,True
31878399,29289744,13,-414419186,5723,59,97,-3,True
31878399,29289744,7,-223148792,5723,59,97,-2,True
31878399,29289744,3,-95635196,5723,59,97,-1,True
31878399,29289744,1,-31878398,5723,59,97,0,True
31878399,29289744,1,-31878398,5723,59,97,1,True
31878399,29289744,3,-95635196,5723,59,97,2,True
31878399,29289744,7,-223148792,5723,59,97,3,True
31878399,29289744,13,-414419186,5723,59,97,4,True
31878399,29289744,21,-669446378,5723,59,97,5,True
31878399,29289744,31,-988230368,5723,59,97,6,True
31878399,29289744,43,-1370771156,5723,59,97,7,True
31878399,29289744,57,-1817068742,5723,59,97,8,True
31878399,29289744,73,-2327123126,5723,59,97,9,True
31878399,29289744,91,-2900934308,5723,59,97,10,True
16192603,14684224,111,-1797378932,4087,61,67,-10,True
16192603,14684224,91,-1473526872,4087,61,67,-9,True
16192603,14684224,73,-1182060018,4087,61,67,-8,True
16192603,14684224,57,-922978370,4087,61,67,-7,True
16192603,14684224,43,-696281928,4087,61,67,-6,True
16192603,14684224,31,-501970692,4087,61,67,-5,True
16192603,14684224,21,-340044662,4087,61,67,-4,True
16192603,14684224,13,-210503838,4087,61,67,-3,True
16192603,14684224,7,-113348220,4087,61,67,-2,True
16192603,14684224,3,-48577808,4087,61,67,-1,True
16192603,14684224,1,-16192602,4087,61,67,0,True
16192603,14684224,1,-16192602,4087,61,67,1,True
16192603,14684224,3,-48577808,4087,61,67,2,True
16192603,14684224,7,-113348220,4087,61,67,3,True
16192603,14684224,13,-210503838,4087,61,67,4,True
16192603,14684224,21,-340044662,4087,61,67,5,True
16192603,14684224,31,-501970692,4087,61,67,6,True
16192603,14684224,43,-696281928,4087,61,67,7,True
16192603,14684224,57,-922978370,4087,61,67,8,True
16192603,14684224,73,-1182060018,4087,61,67,9,True
16192603,14684224,91,-1473526872,4087,61,67,10,True
18198831,16548624,111,-2020070240,4331,61,71,-10,True
18198831,16548624,91,-1656093620,4331,61,71,-9,True
18198831,16548624,73,-1328514662,4331,61,71,-8,True
18198831,16548624,57,-1037333366,4331,61,71,-7,True
18198831,16548624,43,-782549732,4331,61,71,-6,True
18198831,16548624,31,-564163760,4331,61,71,-5,True
18198831,16548624,21,-382175450,4331,61,71,-4,True
18198831,16548624,13,-236584802,4331,61,71,-3,True
18198831,16548624,7,-127391816,4331,61,71,-2,True
18198831,16548624,3,-54596492,4331,61,71,-1,True
18198831,16548624,1,-18198830,4331,61,71,0,True
18198831,16548624,1,-18198830,4331,61,71,1,True
18198831,16548624,3,-54596492,4331,61,71,2,True
18198831,16548624,7,-127391816,4331,61,71,3,True
18198831,16548624,13,-236584802,4331,61,71,4,True
18198831,16548624,21,-382175450,4331,61,71,5,True
18198831,16548624,31,-564163760,4331,61,71,6,True
18198831,16548624,43,-782549732,4331,61,71,7,True
18198831,16548624,57,-1037333366,4331,61,71,8,True
18198831,16548624,73,-1328514662,4331,61,71,9,True
18198831,16548624,91,-1656093620,4331,61,71,10,True
19245877,17522596,111,-2136292346,4453,61,73,-10,True
19245877,17522596,91,-1751374806,4453,61,73,-9,True
19245877,17522596,73,-1404949020,4453,61,73,-8,True
19245877,17522596,57,-1097014988,4453,61,73,-7,True
19245877,17522596,43,-827572710,4453,61,73,-6,True
19245877,17522596,31,-596622186,4453,61,73,-5,True
19245877,17522596,21,-404163416,4453,61,73,-4,True
19245877,17522596,13,-250196400,4453,61,73,-3,True
19245877,17522596,7,-134721138,4453,61,73,-2,True
19245877,17522596,3,-57737630,4453,61,73,-1,True
19245877,17522596,1,-19245876,4453,61,73,0,True
19245877,17522596,1,-19245876,4453,61,73,1,True
19245877,17522596,3,-57737630,4453,61,73,2,True
19245877,17522596,7,-134721138,4453,61,73,3,True
19245877,17522596,13,-250196400,4453,61,73,4,True
19245877,17522596,21,-404163416,4453,61,73,5,True
19245877,17522596,31,-596622186,4453,61,73,6,True
19245877,17522596,43,-827572710,4453,61,73,7,True
19245877,17522596,57,-1097014988,4453,61,73,8,True
19245877,17522596,73,-1404949020,4453,61,73,9,True
19245877,17522596,91,-1751374806,4453,61,73,10,True
22562743,20611600,111,-2504464472,4819,61,79,-10,True
22562743,20611600,91,-2053209612,4819,61,79,-9,True
22562743,20611600,73,-1647080238,4819,61,79,-8,True
22562743,20611600,57,-1286076350,4819,61,79,-7,True
22562743,20611600,43,-970197948,4819,61,79,-6,True
22562743,20611600,31,-699445032,4819,61,79,-5,True
22562743,20611600,21,-473817602,4819,61,79,-4,True
22562743,20611600,13,-293315658,4819,61,79,-3,True
22562743,20611600,7,-157939200,4819,61,79,-2,True
22562743,20611600,3,-67688228,4819,61,79,-1,True
22562743,20611600,1,-22562742,4819,61,79,0,True
22562743,20611600,1,-22562742,4819,61,79,1,True
22562743,20611600,3,-67688228,4819,61,79,2,True
22562743,20611600,7,-157939200,4819,61,79,3,True
22562743,20611600,13,-293315658,4819,61,79,4,True
22562743,20611600,21,-473817602,4819,61,79,5,True
22562743,20611600,31,-699445032,4819,61,79,6,True
22562743,20611600,43,-970197948,4819,61,79,7,True
22562743,20611600,57,-1286076350,4819,61,79,8,True
22562743,20611600,73,-1647080238,4819,61,79,9,True
22562743,20611600,91,-2053209612,4819,61,79,10,True
24920427,22810176,111,-2766167396,5063,61,83,-10,True
24920427,22810176,91,-2267758856,5063,61,83,-9,True
24920427,22810176,73,-1819191170,5063,61,83,-8,True
24920427,22810176,57,-1420464338,5063,61,83,-7,True
24920427,22810176,43,-1071578360,5063,61,83,-6,True
24920427,22810176,31,-772533236,5063,61,83,-5,True
24920427,22810176,21,-523328966,5063,61,83,-4,True
24920427,22810176,13,-323965550,5063,61,83,-3,True
24920427,22810176,7,-174442988,5063,61,83,-2,True
24920427,22810176,3,-74761280,5063,61,83,-1,True
24920427,22810176,1,-24920426,5063,61,83,0,True
24920427,22810176,1,-24920426,5063,61,83,1,True
24920427,22810176,3,-74761280,5063,61,83,2,True
24920427,22810176,7,-174442988,5063,61,83,3,True
24920427,22810176,13,-323965550,5063,61,83,4,True
24920427,22810176,21,-523328966,5063,61,83,5,True
24920427,22810176,31,-772533236,5063,61,83,6,True
24920427,22810176,43,-1071578360,5063,61,83,7,True
24920427,22810176,57,-1420464338,5063,61,83,8,True
24920427,22810176,73,-1819191170,5063,61,83,9,True
24920427,22810176,91,-2267758856,5063,61,83,10,True
28676613,26316900,111,-3183104042,5429,61,89,-10,True
28676613,26316900,91,-2609571782,5429,61,89,-9,True
28676613,26316900,73,-2093392748,5429,61,89,-8,True
28676613,26316900,57,-1634566940,5429,61,89,-7,True
28676613,26316900,43,-1233094358,5429,61,89,-6,True
28676613,26316900,31,-888975002,5429,61,89,-5,True
28676613,26316900,21,-602208872,5429,61,89,-4,True
28676613,26316900,13,-372795968,5429,61,89,-3,True
28676613,26316900,7,-200736290,5429,61,89,-2,True
28676613,26316900,3,-86029838,5429,61,89,-1,True
28676613,26316900,1,-28676612,5429,61,89,0,True
28676613,26316900,1,-28676612,5429,61,89,1,True
28676613,26316900,3,-86029838,5429,61,89,2,True
28676613,26316900,7,-200736290,5429,61,89,3,True
28676613,26316900,13,-372795968,5429,61,89,4,True
28676613,26316900,21,-602208872,5429,61,89,5,True
28676613,26316900,31,-888975002,5429,61,89,6,True
28676613,26316900,43,-1233094358,5429,61,89,7,True
28676613,26316900,57,-1634566940,5429,61,89,8,True
28676613,26316900,73,-2093392748,5429,61,89,9,True
28676613,26316900,91,-2609571782,5429,61,89,10,True
34094893,31382404,111,-3784533122,5917,61,97,-10,True
34094893,31382404,91,-3102635262,5917,61,97,-9,True
34094893,31382404,73,-2488927188,5917,61,97,-8,True
34094893,31382404,57,-1943408900,5917,61,97,-7,True
34094893,31382404,43,-1466080398,5917,61,97,-6,True
34094893,31382404,31,-1056941682,5917,61,97,-5,True
34094893,31382404,21,-715992752,5917,61,97,-4,True
34094893,31382404,13,-443233608,5917,61,97,-3,True
34094893,31382404,7,-238664250,5917,61,97,-2,True
34094893,31382404,3,-102284678,5917,61,97,-1,True
34094893,31382404,1,-34094892,5917,61,97,0,True
34094893,31382404,1,-34094892,5917,61,97,1,True
34094893,31382404,3,-102284678,5917,61,97,2,True
34094893,31382404,7,-238664250,5917,61,97,3,True
34094893,31382404,13,-443233608,5917,61,97,4,True
34094893,31382404,21,-715992752,5917,61,97,5,True
34094893,31382404,31,-1056941682,5917,61,97,6,True
34094893,31382404,43,-1466080398,5917,61,97,7,True
34094893,31382404,57,-1943408900,5917,61,97,8,True
34094893,31382404,73,-2488927188,5917,61,97,9,True
34094893,31382404,91,-3102635262,5917,61,97,10,True
21986733,20088324,111,-2440527362,4757,67,71,-10,True
21986733,20088324,91,-2000792702,4757,67,71,-9,True
21986733,20088324,73,-1605031508,4757,67,71,-8,True
21986733,20088324,57,-1253243780,4757,67,71,-7,True
21986733,20088324,43,-945429518,4757,67,71,-6,True
21986733,20088324,31,-681588722,4757,67,71,-5,True
21986733,20088324,21,-461721392,4757,67,71,-4,True
21986733,20088324,13,-285827528,4757,67,71,-3,True
21986733,20088324,7,-153907130,4757,67,71,-2,True
21986733,20088324,3,-65960198,4757,67,71,-1,True
21986733,20088324,1,-21986732,4757,67,71,0,True
21986733,20088324,1,-21986732,4757,67,71,1,True
21986733,20088324,3,-65960198,4757,67,71,2,True
21986733,20088324,7,-153907130,4757,67,71,3,True
21986733,20088324,13,-285827528,4757,67,71,4,True
21986733,20088324,21,-461721392,4757,67,71,5,True
21986733,20088324,31,-681588722,4757,67,71,6,True
21986733,20088324,43,-945429518,4757,67,71,7,True
21986733,20088324,57,-1253243780,4757,67,71,8,True
21986733,20088324,73,-1605031508,4757,67,71,9,True
21986733,20088324,91,-2000792702,4757,67,71,10,True
23251711,21270544,111,-2580939920,4891,67,73,-10,True
23251711,21270544,91,-2115905700,4891,67,73,-9,True
23251711,21270544,73,-1697374902,4891,67,73,-8,True
23251711,21270544,57,-1325347526,4891,67,73,-7,True
23251711,21270544,43,-999823572,4891,67,73,-6,True
23251711,21270544,31,-720803040,4891,67,73,-5,True
23251711,21270544,21,-488285930,4891,67,73,-4,True
23251711,21270544,13,-302272242,4891,67,73,-3,True
23251711,21270544,7,-162761976,4891,67,73,-2,True
23251711,21270544,3,-69755132,4891,67,73,-1,True
23251711,21270544,1,-23251710,4891,67,73,0,True
23251711,21270544,1,-23251710,4891,67,73,1,True
23251711,21270544,3,-69755132,4891,67,73,2,True
23251711,21270544,7,-162761976,4891,67,73,3,True
23251711,21270544,13,-302272242,4891,67,73,4,True
23251711,21270544,21,-488285930,4891,67,73,5,True
23251711,21270544,31,-720803040,4891,67,73,6,True
23251711,21270544,43,-999823572,4891,67,73,7,True
23251711,21270544,57,-1325347526,4891,67,73,8,True
23251711,21270544,73,-1697374902,4891,67,73,9,True
23251711,21270544,91,-2115905700,4891,67,73,10,True
27258949,25020004,111,-3025743338,5293,67,79,-10,True
27258949,25020004,91,-2480564358,5293,67,79,-9,True
27258949,25020004,73,-1989903276,5293,67,79,-8,True
27258949,25020004,57,-1553760092,5293,67,79,-7,True
27258949,25020004,43,-1172134806,5293,67,79,-6,True
27258949,25020004,31,-845027418,5293,67,79,-5,True
27258949,25020004,21,-572437928,5293,67,79,-4,True
27258949,25020004,13,-354366336,5293,67,79,-3,True
27258949,25020004,7,-190812642,5293,67,79,-2,True
27258949,25020004,3,-81776846,5293,67,79,-1,True
27258949,25020004,1,-27258948,5293,67,79,0,True
27258949,25020004,1,-27258948,5293,67,79,1,True
27258949,25020004,3,-81776846,5293,67,79,2,True
27258949,25020004,7,-190812642,5293,67,79,3,True
27258949,25020004,13,-354366336,5293,67,79,4,True
27258949,25020004,21,-572437928,5293,67,79,5,True
27258949,25020004,31,-845027418,5293,67,79,6,True
27258949,25020004,43,-1172134806,5293,67,79,7,True
27258949,25020004,57,-1553760092,5293,67,79,8,True
27258949,25020004,73,-1989903276,5293,67,79,9,True
27258949,25020004,91,-2480564358,5293,67,79,10,True
30107361,27688644,111,-3341917070,5561,67,83,-10,True
30107361,27688644,91,-2739769850,5561,67,83,-9,True
30107361,27688644,73,-2197837352,5561,67,83,-8,True
30107361,27688644,57,-1716119576,5561,67,83,-7,True
30107361,27688644,43,-1294616522,5561,67,83,-6,True
30107361,27688644,31,-933328190,5561,67,83,-5,True
30107361,27688644,21,-632254580,5561,67,83,-4,True
30107361,27688644,13,-391395692,5561,67,83,-3,True
30107361,27688644,7,-210751526,5561,67,83,-2,True
30107361,27688644,3,-90322082,5561,67,83,-1,True
30107361,27688644,1,-30107360,5561,67,83,0,True
30107361,27688644,1,-30107360,5561,67,83,1,True
30107361,27688644,3,-90322082,5561,67,83,2,True
30107361,27688644,7,-210751526,5561,67,83,3,True
30107361,27688644,13,-391395692,5561,67,83,4,True
30107361,27688644,21,-632254580,5561,67,83,5,True
30107361,27688644,31,-933328190,5561,67,83,6,True
30107361,27688644,43,-1294616522,5561,67,83,7,True
30107361,27688644,57,-1716119576,5561,67,83,8,True
30107361,27688644,73,-2197837352,5561,67,83,9,True
30107361,27688644,91,-2739769850,5561,67,83,10,True
34645359,31945104,111,-3845634848,5963,67,89,-10,True
34645359,31945104,91,-3152727668,5963,67,89,-9,True
34645359,31945104,73,-2529111206,5963,67,89,-8,True
34645359,31945104,57,-1974785462,5963,67,89,-7,True
34645359,31945104,43,-1489750436,5963,67,89,-6,True
34645359,31945104,31,-1074006128,5963,67,89,-5,True
34645359,31945104,21,-727552538,5963,67,89,-4,True
34645359,31945104,13,-450389666,5963,67,89,-3,True
34645359,31945104,7,-242517512,5963,67,89,-2,True
34645359,31945104,3,-103936076,5963,67,89,-1,True
34645359,31945104,1,-34645358,5963,67,89,0,True
34645359,31945104,1,-34645358,5963,67,89,1,True
34645359,31945104,3,-103936076,5963,67,89,2,True
34645359,31945104,7,-242517512,5963,67,89,3,True
34645359,31945104,13,-450389666,5963,67,89,4,True
34645359,31945104,21,-727552538,5963,67,89,5,True
34645359,31945104,31,-1074006128,5963,67,89,6,True
34645359,31945104,43,-1489750436,5963,67,89,7,True
34645359,31945104,57,-1974785462,5963,67,89,8,True
34645359,31945104,73,-2529111206,5963,67,89,9,True
34645359,31945104,91,-3152727668,5963,67,89,10,True
41191399,38093584,111,-4572245288,6499,67,97,-10,True
41191399,38093584,91,-3748417308,6499,67,97,-9,True
41191399,38093584,73,-3006972126,6499,67,97,-8,True
41191399,38093584,57,-2347909742,6499,67,97,-7,True
41191399,38093584,43,-1771230156,6499,67,97,-6,True
41191399,38093584,31,-1276933368,6499,67,97,-5,True
41191399,38093584,21,-865019378,6499,67,97,-4,True
41191399,38093584,13,-535488186,6499,67,97,-3,True
41191399,38093584,7,-288339792,6499,67,97,-2,True
41191399,38093584,3,-123574196,6499,67,97,-1,True
41191399,38093584,1,-41191398,6499,67,97,0,True
41191399,38093584,1,-41191398,6499,67,97,1,True
41191399,38093584,3,-123574196,6499,67,97,2,True
41191399,38093584,7,-288339792,6499,67,97,3,True
41191399,38093584,13,-535488186,6499,67,97,4,True
41191399,38093584,21,-865019378,6499,67,97,5,True
41191399,38093584,31,-1276933368,6499,67,97,6,True
41191399,38093584,43,-1771230156,6499,67,97,7,True
41191399,38093584,57,-2347909742,6499,67,97,8,True
41191399,38093584,73,-3006972126,6499,67,97,9,True
41191399,38093584,91,-3748417308,6499,67,97,10,True
26132547,23970816,111,-2900712716,5183,71,73,-10,True
26132547,23970816,91,-2378061776,5183,71,73,-9,True
26132547,23970816,73,-1907675930,5183,71,73,-8,True
26132547,23970816,57,-1489555178,5183,71,73,-7,True
26132547,23970816,43,-1123699520,5183,71,73,-6,True
26132547,23970816,31,-810108956,5183,71,73,-5,True
26132547,23970816,21,-548783486,5183,71,73,-4,True
26132547,23970816,13,-339723110,5183,71,73,-3,True
26132547,23970816,7,-182927828,5183,71,73,-2,True
26132547,23970816,3,-78397640,5183,71,73,-1,True
26132547,23970816,1,-26132546,5183,71,73,0,True
26132547,23970816,1,-26132546,5183,71,73,1,True
26132547,23970816,3,-78397640,5183,71,73,2,True
26132547,23970816,7,-182927828,5183,71,73,3,True
26132547,23970816,13,-339723110,5183,71,73,4,True
26132547,23970816,21,-548783486,5183,71,73,5,True
26132547,23970816,31,-810108956,5183,71,73,6,True
26132547,23970816,43,-1123699520,5183,71,73,7,True
26132547,23970816,57,-1489555178,5183,71,73,8,True
26132547,23970816,73,-1907675930,5183,71,73,9,True
26132547,23970816,91,-2378061776,5183,71,73,10,True
30636273,28196100,111,-3400626302,5609,71,79,-10,True
30636273,28196100,91,-2787900842,5609,71,79,-9,True
30636273,28196100,73,-2236447928,5609,71,79,-8,True
30636273,28196100,57,-1746267560,5609,71,79,-7,True
30636273,28196100,43,-1317359738,5609,71,79,-6,True
30636273,28196100,31,-949724462,5609,71,79,-5,True
30636273,28196100,21,-643361732,5609,71,79,-4,True
30636273,28196100,13,-398271548,5609,71,79,-3,True
30636273,28196100,7,-214453910,5609,71,79,-2,True
30636273,28196100,3,-91908818,5609,71,79,-1,True
30636273,28196100,1,-30636272,5609,71,79,0,True
30636273,28196100,1,-30636272,5609,71,79,1,True
30636273,28196100,3,-91908818,5609,71,79,2,True
30636273,28196100,7,-214453910,5609,71,79,3,True
30636273,28196100,13,-398271548,5609,71,79,4,True
30636273,28196100,21,-643361732,5609,71,79,5,True
30636273,28196100,31,-949724462,5609,71,79,6,True
30636273,28196100,43,-1317359738,5609,71,79,7,True
30636273,28196100,57,-1746267560,5609,71,79,8,True
30636273,28196100,73,-2236447928,5609,71,79,9,True
30636273,28196100,91,-2787900842,5609,71,79,10,True
33837597,31203396,111,-3755973266,5893,71,83,-10,True
33837597,31203396,91,-3079221326,5893,71,83,-9,True
33837597,31203396,73,-2470144580,5893,71,83,-8,True
33837597,31203396,57,-1928743028,5893,71,83,-7,True
33837597,31203396,43,-1455016670,5893,71,83,-6,True
33837597,31203396,31,-1048965506,5893,71,83,-5,True
33837597,31203396,21,-710589536,5893,71,83,-4,True
33837597,31203396,13,-439888760,5893,71,83,-3,True
33837597,31203396,7,-236863178,5893,71,83,-2,True
33837597,31203396,3,-101512790,5893,71,83,-1,True
33837597,31203396,1,-33837596,5893,71,83,0,True
33837597,31203396,1,-33837596,5893,71,83,1,True
33837597,31203396,3,-101512790,5893,71,83,2,True
33837597,31203396,7,-236863178,5893,71,83,3,True
33837597,31203396,13,-439888760,5893,71,83,4,True
33837597,31203396,21,-710589536,5893,71,83,5,True
33837597,31203396,31,-1048965506,5893,71,83,6,True
33837597,31203396,43,-1455016670,5893,71,83,7,True
33837597,31203396,57,-1928743028,5893,71,83,8,True
33837597,31203396,73,-2470144580,5893,71,83,9,True
33837597,31203396,91,-3079221326,5893,71,83,10,True
38937843,36000000,111,-4322100572,6319,71,89,-10,True
38937843,36000000,91,-3543343712,6319,71,89,-9,True
38937843,36000000,73,-2842462538,6319,71,89,-8,True
38937843,36000000,57,-2219457050,6319,71,89,-7,True
38937843,36000000,43,-1674327248,6319,71,89,-6,True
38937843,36000000,31,-1207073132,6319,71,89,-5,True
38937843,36000000,21,-817694702,6319,71,89,-4,True
38937843,36000000,13,-506191958,6319,71,89,-3,True
38937843,36000000,7,-272564900,6319,71,89,-2,True
38937843,36000000,3,-116813528,6319,71,89,-1,True
38937843,36000000,1,-38937842,6319,71,89,0,True
38937843,36000000,1,-38937842,6319,71,89,1,True
38937843,36000000,3,-116813528,6319,71,89,2,True
38937843,36000000,7,-272564900,6319,71,89,3,True
38937843,36000000,13,-506191958,6319,71,89,4,True
38937843,36000000,21,-817694702,6319,71,89,5,True
38937843,36000000,31,-1207073132,6319,71,89,6,True
38937843,36000000,43,-1674327248,6319,71,89,7,True
38937843,36000000,57,-2219457050,6319,71,89,8,True
38937843,36000000,73,-2842462538,6319,71,89,9,True
38937843,36000000,91,-3543343712,6319,71,89,10,True
46294923,42928704,111,-5138736452,6887,71,97,-10,True
46294923,42928704,91,-4212837992,6887,71,97,-9,True
46294923,42928704,73,-3379529378,6887,71,97,-8,True
46294923,42928704,57,-2638810610,6887,71,97,-7,True
46294923,42928704,43,-1990681688,6887,71,97,-6,True
46294923,42928704,31,-1435142612,6887,71,97,-5,True
46294923,42928704,21,-972193382,6887,71,97,-4,True
46294923,42928704,13,-601833998,6887,71,97,-3,True
46294923,42928704,7,-324064460,6887,71,97,-2,True
46294923,42928704,3,-138884768,6887,71,97,-1,True
46294923,42928704,1,-46294922,6887,71,97,0,True
46294923,42928704,1,-46294922,6887,71,97,1,True
46294923,42928704,3,-138884768,6887,71,97,2,True
46294923,42928704,7,-324064460,6887,71,97,3,True
46294923,42928704,13,-601833998,6887,71,97,4,True
46294923,42928704,21,-972193382,6887,71,97,5,True
46294923,42928704,31,-1435142612,6887,71,97,6,True
46294923,42928704,43,-1990681688,6887,71,97,7,True
46294923,42928704,57,-2638810610,6887,71,97,8,True
46294923,42928704,73,-3379529378,6887,71,97,9,True
46294923,42928704,91,-4212837992,6887,71,97,10,True
32398891,29855296,111,-3596276900,5767,73,79,-10,True
32398891,29855296,91,-2948299080,5767,73,79,-9,True
32398891,29855296,73,-2365119042,5767,73,79,-8,True
32398891,29855296,57,-1846736786,5767,73,79,-7,True
32398891,29855296,43,-1393152312,5767,73,79,-6,True
32398891,29855296,31,-1004365620,5767,73,79,-5,True
32398891,29855296,21,-680376710,5767,73,79,-4,True
32398891,29855296,13,-421185582,5767,73,79,-3,True
32398891,29855296,7,-226792236,5767,73,79,-2,True
32398891,29855296,3,-97196672,5767,73,79,-1,True
32398891,29855296,1,-32398890,5767,73,79,0,True
32398891,29855296,1,-32398890,5767,73,79,1,True
32398891,29855296,3,-97196672,5767,73,79,2,True
32398891,29855296,7,-226792236,5767,73,79,3,True
32398891,29855296,13,-421185582,5767,73,79,4,True
32398891,29855296,21,-680376710,5767,73,79,5,True
32398891,29855296,31,-1004365620,5767,73,79,6,True
32398891,29855296,43,-1393152312,5767,73,79,7,True
32398891,29855296,57,-1846736786,5767,73,79,8,True
32398891,29855296,73,-2365119042,5767,73,79,9,True
32398891,29855296,91,-2948299080,5767,73,79,10,True
35784399,33039504,111,-3972068288,6059,73,83,-10,True
35784399,33039504,91,-3256380308,6059,73,83,-9,True
35784399,33039504,73,-2612261126,6059,73,83,-8,True
35784399,33039504,57,-2039710742,6059,73,83,-7,True
35784399,33039504,43,-1538729156,6059,73,83,-6,True
35784399,33039504,31,-1109316368,6059,73,83,-5,True
35784399,33039504,21,-751472378,6059,73,83,-4,True
35784399,33039504,13,-465197186,6059,73,83,-3,True
35784399,33039504,7,-250490792,6059,73,83,-2,True
35784399,33039504,3,-107353196,6059,73,83,-1,True
35784399,33039504,1,-35784398,6059,73,83,0,True
35784399,33039504,1,-35784398,6059,73,83,1,True
35784399,33039504,3,-107353196,6059,73,83,2,True
35784399,33039504,7,-250490792,6059,73,83,3,True
35784399,33039504,13,-465197186,6059,73,83,4,True
35784399,33039504,21,-751472378,6059,73,83,5,True
35784399,33039504,31,-1109316368,6059,73,83,6,True
35784399,33039504,43,-1538729156,6059,73,83,7,True
35784399,33039504,57,-2039710742,6059,73,83,8,True
35784399,33039504,73,-2612261126,6059,73,83,9,True
35784399,33039504,91,-3256380308,6059,73,83,10,True
41178081,38118276,111,-4570766990,6497,73,89,-10,True
41178081,38118276,91,-3747205370,6497,73,89,-9,True
41178081,38118276,73,-3005999912,6497,73,89,-8,True
41178081,38118276,57,-2347150616,6497,73,89,-7,True
41178081,38118276,43,-1770657482,6497,73,89,-6,True
41178081,38118276,31,-1276520510,6497,73,89,-5,True
41178081,38118276,21,-864739700,6497,73,89,-4,True
41178081,38118276,13,-535315052,6497,73,89,-3,True
41178081,38118276,7,-288246566,6497,73,89,-2,True
41178081,38118276,3,-123534242,6497,73,89,-1,True
41178081,38118276,1,-41178080,6497,73,89,0,True
41178081,38118276,1,-41178080,6497,73,89,1,True
41178081,38118276,3,-123534242,6497,73,89,2,True
41178081,38118276,7,-288246566,6497,73,89,3,True
41178081,38118276,13,-535315052,6497,73,89,4,True
41178081,38118276,21,-864739700,6497,73,89,5,True
41178081,38118276,31,-1276520510,6497,73,89,6,True
41178081,38118276,43,-1770657482,6497,73,89,7,True
41178081,38118276,57,-2347150616,6497,73,89,8,True
41178081,38118276,73,-3005999912,6497,73,89,9,True
41178081,38118276,91,-3747205370,6497,73,89,10,True
48958441,45454564,111,-5434386950,7081,73,97,-10,True
48958441,45454564,91,-4455218130,7081,73,97,-9,True
48958441,45454564,73,-3573966192,7081,73,97,-8,True
48958441,45454564,57,-2790631136,7081,73,97,-7,True
48958441,45454564,43,-2105212962,7081,73,97,-6,True
48958441,45454564,31,-1517711670,7081,73,97,-5,True
48958441,45454564,21,-1028127260,7081,73,97,-4,True
48958441,45454564,13,-636459732,7081,73,97,-3,True
48958441,45454564,7,-342709086,7081,73,97,-2,True
48958441,45454564,3,-146875322,7081,73,97,-1,True
48958441,45454564,1,-48958440,7081,73,97,0,True
48958441,45454564,1,-48958440,7081,73,97,1,True
48958441,45454564,3,-146875322,7081,73,97,2,True
48958441,45454564,7,-342709086,7081,73,97,3,True
48958441,45454564,13,-636459732,7081,73,97,4,True
48958441,45454564,21,-1028127260,7081,73,97,5,True
48958441,45454564,31,-1517711670,7081,73,97,6,True
48958441,45454564,43,-2105212962,7081,73,97,7,True
48958441,45454564,57,-2790631136,7081,73,97,8,True
48958441,45454564,73,-3573966192,7081,73,97,9,True
48958441,45454564,91,-4455218130,7081,73,97,10,True
41951541,38862756,111,-4656621050,6557,79,83,-10,True
41951541,38862756,91,-3817590230,6557,79,83,-9,True
41951541,38862756,73,-3062462492,6557,79,83,-8,True
41951541,38862756,57,-2391237836,6557,79,83,-7,True
41951541,38862756,43,-1803916262,6557,79,83,-6,True
41951541,38862756,31,-1300497770,6557,79,83,-5,True
41951541,38862756,21,-880982360,6557,79,83,-4,True
41951541,38862756,13,-545370032,6557,79,83,-3,True
41951541,38862756,7,-293660786,6557,79,83,-2,True
41951541,38862756,3,-125854622,6557,79,83,-1,True
41951541,38862756,1,-41951540,6557,79,83,0,True
41951541,38862756,1,-41951540,6557,79,83,1,True
41951541,38862756,3,-125854622,6557,79,83,2,True
41951541,38862756,7,-293660786,6557,79,83,3,True
41951541,38862756,13,-545370032,6557,79,83,4,True
41951541,38862756,21,-880982360,6557,79,83,5,True
41951541,38862756,31,-1300497770,6557,79,83,6,True
41951541,38862756,43,-1803916262,6557,79,83,7,True
41951541,38862756,57,-2391237836,6557,79,83,8,True
41951541,38862756,73,-3062462492,6557,79,83,9,True
41951541,38862756,91,-3817590230,6557,79,83,10,True
48274779,44836416,111,-5358500468,7031,79,89,-10,True
48274779,44836416,91,-4393004888,7031,79,89,-9,True
48274779,44836416,73,-3524058866,7031,79,89,-8,True
48274779,44836416,57,-2751662402,7031,79,89,-7,True
48274779,44836416,43,-2075815496,7031,79,89,-6,True
48274779,44836416,31,-1496518148,7031,79,89,-5,True
48274779,44836416,21,-1013770358,7031,79,89,-4,True
48274779,44836416,13,-627572126,7031,79,89,-3,True
48274779,44836416,7,-337923452,7031,79,89,-2,True
48274779,44836416,3,-144824336,7031,79,89,-1,True
48274779,44836416,1,-48274778,7031,79,89,0,True
48274779,44836416,1,-48274778,7031,79,89,1,True
48274779,44836416,3,-144824336,7031,79,89,2,True
48274779,44836416,7,-337923452,7031,79,89,3,True
48274779,44836416,13,-627572126,7031,79,89,4,True
48274779,44836416,21,-1013770358,7031,79,89,5,True
48274779,44836416,31,-1496518148,7031,79,89,6,True
48274779,44836416,43,-2075815496,7031,79,89,7,True
48274779,44836416,57,-2751662402,7031,79,89,8,True
48274779,44836416,73,-3524058866,7031,79,89,9,True
48274779,44836416,91,-4393004888,7031,79,89,10,True
57396019,53465344,111,-6370958108,7663,79,97,-10,True
57396019,53465344,91,-5223037728,7663,79,97,-9,True
57396019,53465344,73,-4189909386,7663,79,97,-8,True
57396019,53465344,57,-3271573082,7663,79,97,-7,True
57396019,53465344,43,-2468028816,7663,79,97,-6,True
57396019,53465344,31,-1779276588,7663,79,97,-5,True
57396019,53465344,21,-1205316398,7663,79,97,-4,True
57396019,53465344,13,-746148246,7663,79,97,-3,True
57396019,53465344,7,-401772132,7663,79,97,-2,True
57396019,53465344,3,-172188056,7663,79,97,-1,True
57396019,53465344,1,-57396018,7663,79,97,0,True
57396019,53465344,1,-57396018,7663,79,97,1,True
57396019,53465344,3,-172188056,7663,79,97,2,True
57396019,53465344,7,-401772132,7663,79,97,3,True
57396019,53465344,13,-746148246,7663,79,97,4,True
57396019,53465344,21,-1205316398,7663,79,97,5,True
57396019,53465344,31,-1779276588,7663,79,97,6,True
57396019,53465344,43,-2468028816,7663,79,97,7,True
57396019,53465344,57,-3271573082,7663,79,97,8,True
57396019,53465344,73,-4189909386,7663,79,97,9,True
57396019,53465344,91,-5223037728,7663,79,97,10,True
53319231,49617936,111,-5918434640,7387,83,89,-10,True
53319231,49617936,91,-4852050020,7387,83,89,-9,True
53319231,49617936,73,-3892303862,7387,83,89,-8,True
53319231,49617936,57,-3039196166,7387,83,89,-7,True
53319231,49617936,43,-2292726932,7387,83,89,-6,True
53319231,49617936,31,-1652896160,7387,83,89,-5,True
53319231,49617936,21,-1119703850,7387,83,89,-4,True
53319231,49617936,13,-693150002,7387,83,89,-3,True
53319231,49617936,7,-373234616,7387,83,89,-2,True
53319231,49617936,3,-159957692,7387,83,89,-1,True
53319231,49617936,1,-53319230,7387,83,89,0,True
53319231,49617936,1,-53319230,7387,83,89,1,True
53319231,49617936,3,-159957692,7387,83,89,2,True
53319231,49617936,7,-373234616,7387,83,89,3,True
53319231,49617936,13,-693150002,7387,83,89,4,True
53319231,49617936,21,-1119703850,7387,83,89,5,True
53319231,49617936,31,-1652896160,7387,83,89,6,True
53319231,49617936,43,-2292726932,7387,83,89,7,True
53319231,49617936,57,-3039196166,7387,83,89,8,True
53319231,49617936,73,-3892303862,7387,83,89,9,True
53319231,49617936,91,-4852050020,7387,83,89,10,True
63393591,59166864,111,-7036688600,8051,83,97,-10,True
63393591,59166864,91,-5768816780,8051,83,97,-9,True
63393591,59166864,73,-4627732142,8051,83,97,-8,True
63393591,59166864,57,-3613434686,8051,83,97,-7,True
63393591,59166864,43,-2725924412,8051,83,97,-6,True
63393591,59166864,31,-1965201320,8051,83,97,-5,True
63393591,59166864,21,-1331265410,8051,83,97,-4,True
63393591,59166864,13,-824116682,8051,83,97,-3,True
63393591,59166864,7,-443755136,8051,83,97,-2,True
63393591,59166864,3,-190180772,8051,83,97,-1,True
63393591,59166864,1,-63393590,8051,83,97,0,True
63393591,59166864,1,-63393590,8051,83,97,1,True
63393591,59166864,3,-190180772,8051,83,97,2,True
63393591,59166864,7,-443755136,8051,83,97,3,True
63393591,59166864,13,-824116682,8051,83,97,4,True
63393591,59166864,21,-1331265410,8051,83,97,5,True
63393591,59166864,31,-1965201320,8051,83,97,6,True
63393591,59166864,43,-2725924412,8051,83,97,7,True
63393591,59166864,57,-3613434686,8051,83,97,8,True
63393591,59166864,73,-4627732142,8051,83,97,9,True
63393591,59166864,91,-5768816780,8051,83,97,10,True
72948729,68260644,111,-8097308918,8633,89,97,-10,True
72948729,68260644,91,-6638334338,8633,89,97,-9,True
72948729,68260644,73,-5325257216,8633,89,97,-8,True
72948729,68260644,57,-4158077552,8633,89,97,-7,True
72948729,68260644,43,-3136795346,8633,89,97,-6,True
72948729,68260644,31,-2261410598,8633,89,97,-5,True
72948729,68260644,21,-1531923308,8633,89,97,-4,True
72948729,68260644,13,-948333476,8633,89,97,-3,True
72948729,68260644,7,-510641102,8633,89,97,-2,True
72948729,68260644,3,-218846186,8633,89,97,-1,True
72948729,68260644,1,-72948728,8633,89,97,0,True
72948729,68260644,1,-72948728,8633,89,97,1,True
72948729,68260644,3,-218846186,8633,89,97,2,True
72948729,68260644,7,-510641102,8633,89,97,3,True
72948729,68260644,13,-948333476,8633,89,97,4,True
72948729,68260644,21,-1531923308,8633,89,97,5,True
72948729,68260644,31,-2261410598,8633,89,97,6,True
72948729,68260644,43,-3136795346,8633,89,97,7,True
72948729,68260644,57,-4158077552,8633,89,97,8,True
72948729,68260644,73,-5325257216,8633,89,97,9,True
72948729,68260644,91,-6638334338,8633,89,97,10,True
